timestamp,actual_kwh,active_model,blend_weight_transfer,prediction_kwh,uncertainty_std,lower_ci_90,upper_ci_90,transfer_pred_kwh,pretransfer_pred_kwh,rolling_mae_transfer,rolling_mae_pretransfer,stream_hour
2016-09-11 21:00:00,64.86,blend,0.5,74.7367,0.0,78.2484,78.2484,75.8113,73.6621,10.9513,8.8021,0
2016-09-11 22:00:00,65.27,blend,0.5,73.6871,0.0,84.6815,84.6815,74.6387,72.7356,10.16,8.1338,1
2016-09-11 23:00:00,63.8,blend,0.5,73.0247,0.0,78.5271,78.5271,73.7284,72.321,10.0828,8.2629,2
2016-09-12 00:00:00,63.06,blend,0.5,73.1139,0.0,70.2868,70.2868,74.7356,71.4922,10.481,8.3052,3
2016-09-12 01:00:00,63.74,blend,0.5,78.0541,0.0,80.4651,80.4651,82.9846,73.1237,12.2337,8.5209,4
2016-09-12 02:00:00,63.26,blend,0.5,90.4893,0.0,103.059,103.059,93.7428,87.2358,15.2752,11.0967,5
2016-09-12 03:00:00,61.91,blend,0.5,107.2293,0.0,101.4788,101.4788,102.9886,111.47,18.9614,16.5915,6
2016-09-12 04:00:00,92.5,blend,0.5,118.5569,0.0,108.2566,108.2566,111.5159,125.5979,18.9682,18.6548,7
2016-09-12 05:00:00,104.12,blend,0.5,128.0414,0.0,120.8379,120.8379,124.1334,131.9495,19.0844,19.6742,8
2016-09-12 06:00:00,114.19,blend,0.5,140.8532,0.0,139.2159,139.2159,132.5217,149.1848,19.0091,21.2062,9
2016-09-12 07:00:00,115.85,blend,0.5,149.7719,0.0,132.4841,132.4841,137.7704,161.7734,19.2738,23.4533,10
2016-09-12 08:00:00,143.91,blend,0.5,155.772,0.0,108.9851,108.9851,145.3916,166.1523,17.7911,23.3523,11
2016-09-12 09:00:00,161.56,blend,0.5,159.0837,0.0,149.5159,149.5159,152.8566,165.3107,17.092,21.8445,12
2016-09-12 10:00:00,163.5,blend,0.5,166.7193,0.0,162.9168,162.9168,161.8549,171.5836,15.9887,20.8616,13
2016-09-12 11:00:00,169.81,blend,0.5,175.0022,0.0,146.2761,146.2761,169.1228,180.8816,14.9686,20.2089,14
2016-09-12 12:00:00,166.66,blend,0.5,177.6856,0.0,198.556,198.556,172.6423,182.7288,14.407,19.9502,15
2016-09-12 13:00:00,165.07,blend,0.5,175.6076,0.0,147.3123,147.3123,173.7218,177.4933,14.0684,19.5074,16
2016-09-12 14:00:00,171.85,blend,0.5,167.9092,0.0,169.2381,169.2381,171.2195,164.5988,13.3219,18.8265,17
2016-09-12 15:00:00,166.77,blend,0.5,155.0327,0.0,178.899,178.899,164.7179,145.3474,12.7287,18.9632,18
2016-09-12 16:00:00,156.54,blend,0.5,138.3539,0.0,162.6598,162.6598,151.4865,125.2212,12.345,19.5809,19
2016-09-12 17:00:00,153.85,blend,0.5,128.7783,0.0,148.7938,148.7938,138.2986,119.2579,12.4976,20.2958,20
2016-09-12 18:00:00,92.13,blend,0.5,108.5378,0.0,125.9987,125.9987,117.2921,99.7834,13.0733,19.7211,21
2016-09-12 19:00:00,87.41,blend,0.5,86.5973,0.0,82.6879,82.6879,89.8701,83.3245,12.6119,19.0413,22
2016-09-12 20:00:00,78.43,blend,0.5,77.6898,0.0,67.4897,67.4897,77.3737,78.006,12.1304,18.2656,23
2016-09-12 21:00:00,66.86,blend,0.5,74.0012,0.0,79.3942,79.3942,74.4637,73.5388,11.9493,17.8021,24
2016-09-12 22:00:00,66.61,blend,0.5,69.4387,0.0,54.6117,54.6117,68.6222,70.2552,11.5671,17.2576,25
2016-09-12 23:00:00,65.8,blend,0.5,69.3204,0.0,68.6164,68.6164,70.8702,67.7705,11.3265,16.6914,26
2016-09-13 00:00:00,65.45,blend,0.5,72.7251,0.0,75.9965,75.9965,79.6856,65.7645,11.4304,16.1065,27
2016-09-13 01:00:00,65.11,blend,0.5,80.8567,0.0,82.0432,82.0432,91.4747,70.2387,11.9454,15.728,28
2016-09-13 02:00:00,63.81,blend,0.5,105.2223,0.0,106.0372,106.0372,104.7207,105.7239,12.9109,16.6009,29
2016-09-13 03:00:00,65.42,blend,0.5,122.5735,0.0,119.6812,119.6812,114.7496,130.3975,14.0857,18.1614,30
2016-09-13 04:00:00,102.99,blend,0.5,137.215,0.0,132.4044,132.4044,123.0228,151.4072,14.2715,19.1069,31
2016-09-13 05:00:00,113.1,blend,0.5,153.6244,0.0,154.6542,154.6542,140.801,166.4479,14.6785,20.1445,32
2016-09-13 06:00:00,125.49,blend,0.5,165.212,0.0,143.5404,143.5404,152.5154,177.9087,15.0416,21.0937,33
2016-09-13 07:00:00,128.15,blend,0.5,173.9649,0.0,134.7108,134.7108,160.038,187.8918,15.5229,22.198,34
2016-09-13 08:00:00,158.41,blend,0.5,178.8717,0.0,176.6902,176.6902,166.8212,190.9222,15.3254,22.4845,35
2016-09-13 09:00:00,169.53,blend,0.5,179.0136,0.0,167.5931,167.5931,171.724,186.3031,14.9705,22.3301,36
2016-09-13 10:00:00,180.95,blend,0.5,177.9677,0.0,189.3671,189.3671,175.0239,180.9115,14.7325,21.7435,37
2016-09-13 11:00:00,169.7,blend,0.5,183.6901,0.0,191.1997,191.1997,176.7971,190.5831,14.5367,21.7214,38
2016-09-13 12:00:00,174.3,blend,0.5,186.1451,0.0,164.6483,164.6483,177.0919,195.1982,14.2431,21.7008,39
2016-09-13 13:00:00,182.17,blend,0.5,182.1778,0.0,182.3049,182.3049,175.8062,188.5493,14.0509,21.3271,40
2016-09-13 14:00:00,184.19,blend,0.5,172.8699,0.0,152.4169,152.4169,172.4482,173.2916,13.9959,21.0788,41
2016-09-13 15:00:00,178.75,blend,0.5,166.2071,0.0,172.243,172.243,168.2607,164.1535,13.9144,20.9281,42
2016-09-13 16:00:00,178.05,blend,0.5,155.1476,0.0,145.7042,145.7042,160.6597,149.6356,13.9934,21.0982,43
2016-09-13 17:00:00,156.94,blend,0.5,136.706,0.0,131.7177,131.7177,147.4878,125.9242,13.8925,21.3186,44
2016-09-13 18:00:00,106.76,blend,0.5,123.5876,0.0,140.5673,140.5673,134.0677,113.1075,14.1841,20.9932,45
2016-09-13 19:00:00,98.17,blend,0.5,90.8147,0.0,97.1951,97.1951,93.6273,88.0021,13.979,20.7628,46
2016-09-13 20:00:00,90.8,blend,0.5,83.2933,0.0,86.3059,86.3059,84.8997,81.6869,13.8107,20.5201,47
2016-09-13 21:00:00,73.12,blend,0.5,78.1515,0.0,84.3018,84.3018,78.6355,77.6675,13.6414,20.1942,48
2016-09-13 22:00:00,72.6,blend,0.5,73.1089,0.0,77.1036,77.1036,72.0257,74.1921,13.38,19.8221,49
2016-09-13 23:00:00,72.05,blend,0.5,71.2605,0.0,71.1222,71.1222,70.7472,71.7738,13.1432,19.4389,50
2016-09-14 00:00:00,69.81,blend,0.5,72.5999,0.0,75.3154,75.3154,76.0132,69.1867,13.0098,19.077,51
2016-09-14 01:00:00,69.45,blend,0.5,77.7761,0.0,102.112,102.112,87.1001,68.452,13.0973,18.7359,52
2016-09-14 02:00:00,67.61,blend,0.5,91.1407,0.0,103.1885,103.1885,103.2936,78.9879,13.5156,18.5997,53
2016-09-14 03:00:00,67.34,blend,0.5,122.747,0.0,116.9414,116.9414,120.6667,124.8273,14.2394,19.3067,54
2016-09-14 04:00:00,110.54,blend,0.5,139.667,0.0,118.2005,118.2005,134.2353,145.0986,14.4083,19.5791,55
2016-09-14 05:00:00,121.56,blend,0.5,157.7202,0.0,144.9981,144.9981,153.4486,161.9919,14.7149,19.9449,56
2016-09-14 06:00:00,126.67,blend,0.5,172.8746,0.0,184.1998,184.1998,165.1998,180.5495,15.1255,20.53,57
2016-09-14 07:00:00,138.14,blend,0.5,183.2023,0.0,184.7215,184.7215,171.8206,194.584,15.44,21.1387,58
2016-09-14 08:00:00,150.41,blend,0.5,186.8017,0.0,182.2262,182.2262,175.5662,198.0371,15.602,21.5802,59
2016-09-14 09:00:00,173.62,blend,0.5,188.1055,0.0,161.7342,161.7342,177.5747,198.6362,15.411,21.6365,60
2016-09-14 10:00:00,183.7,blend,0.5,184.0893,0.0,167.4754,167.4754,178.2654,189.9132,15.2501,21.3877,61
2016-09-14 11:00:00,193.99,blend,0.5,187.5651,0.0,175.7051,175.7051,178.5819,196.5483,15.2526,21.0889,62
2016-09-14 12:00:00,176.42,blend,0.5,189.8408,0.0,150.3255,150.3255,178.4053,201.2763,15.0453,21.1477,63
2016-09-14 13:00:00,178.5,blend,0.5,189.7951,0.0,148.4063,148.4063,177.7734,201.8168,14.825,21.1811,64
2016-09-14 14:00:00,184.8,blend,0.5,185.2635,0.0,169.8769,169.8769,175.6517,194.8752,14.739,21.0128,65
2016-09-14 15:00:00,171.34,blend,0.5,174.1481,0.0,194.8945,194.8945,171.355,176.9412,14.5193,20.7828,66
2016-09-14 16:00:00,171.82,blend,0.5,161.3701,0.0,190.0966,190.0966,163.448,159.2922,14.4289,20.6614,67
2016-09-14 17:00:00,163.79,blend,0.5,143.8704,0.0,119.8155,119.8155,148.8714,138.8694,14.436,20.7231,68
2016-09-14 18:00:00,97.27,blend,0.5,129.2072,0.0,129.9364,129.9364,136.9478,121.4666,14.7966,20.7728,69
2016-09-14 19:00:00,99.67,blend,0.5,97.8914,0.0,98.4488,98.4488,100.4711,95.3117,14.5994,20.5416,70
2016-09-14 20:00:00,90.07,blend,0.5,84.2782,0.0,94.0928,94.0928,85.7309,82.8255,14.4569,20.3569,71
2016-09-14 21:00:00,66.95,blend,0.5,80.7258,0.0,74.1269,74.1269,82.0787,79.3729,14.4661,20.2482,72
2016-09-14 22:00:00,67.14,blend,0.5,75.7036,0.0,74.1387,74.1387,75.2269,76.1804,14.3799,20.0967,73
2016-09-14 23:00:00,67.88,blend,0.5,71.7099,0.0,68.2186,68.2186,72.0124,71.4074,14.2433,19.8758,74
2016-09-15 00:00:00,67.62,blend,0.5,72.5849,0.0,93.6442,93.6442,76.3291,68.8407,14.1705,19.6304,75
2016-09-15 01:00:00,66.94,blend,0.5,77.834,0.0,95.249,95.249,87.5925,68.0755,14.2547,19.3902,76
2016-09-15 02:00:00,66.28,blend,0.5,90.0842,0.0,115.7324,115.7324,102.6086,77.5599,14.5377,19.2862,77
2016-09-15 03:00:00,67.29,blend,0.5,121.3149,0.0,102.4695,102.4695,117.5788,125.051,14.9902,19.7732,78
2016-09-15 04:00:00,104.95,blend,0.5,131.8659,0.0,137.0737,137.0737,127.9301,135.8017,15.0901,19.9117,79
2016-09-15 05:00:00,116.43,blend,0.5,153.0439,0.0,167.1164,167.1164,148.6168,157.471,15.3011,20.1725,80
2016-09-15 06:00:00,121.86,blend,0.5,168.4322,0.0,176.8386,176.8386,160.3462,176.5182,15.5839,20.5931,81
2016-09-15 07:00:00,128.73,blend,0.5,176.6552,0.0,162.0709,162.0709,167.3326,185.9778,15.8612,21.0347,82
2016-09-15 08:00:00,146.81,blend,0.5,178.2574,0.0,166.3991,166.3991,171.7763,184.7386,15.9696,21.2358,83
2016-09-15 09:00:00,168.69,blend,0.5,177.4121,0.0,195.6895,195.6895,174.2415,180.5828,15.8471,21.1259,84
2016-09-15 10:00:00,160.54,blend,0.5,177.2666,0.0,179.0435,179.0435,175.4711,179.062,15.8364,21.0956,85
2016-09-15 11:00:00,160.74,blend,0.5,181.2994,0.0,189.2371,189.2371,176.2462,186.3526,15.8326,21.1476,86
2016-09-15 12:00:00,156.24,blend,0.5,178.9762,0.0,171.2532,171.2532,175.0891,182.8632,15.8669,21.2098,87
2016-09-15 13:00:00,146.05,blend,0.5,171.7258,0.0,185.4948,185.4948,171.7711,171.6805,15.9776,21.2595,88
2016-09-15 14:00:00,157.03,blend,0.5,164.5723,0.0,167.6989,167.6989,165.3988,163.7458,15.8931,21.0979,89
2016-09-15 15:00:00,147.54,blend,0.5,150.6151,0.0,174.2574,174.2574,152.4337,148.7964,15.7722,20.8798,90
2016-09-15 16:00:00,131.44,blend,0.5,137.2142,0.0,144.6997,144.6997,142.9831,131.4453,15.7262,20.6529,91
2016-09-15 17:00:00,127.28,blend,0.5,119.7491,0.0,124.8403,124.8403,126.9089,112.5893,15.5611,20.5888,92
2016-09-15 18:00:00,86.49,blend,0.5,100.6327,0.0,112.2617,112.2617,108.702,92.5634,15.6319,20.4344,93
2016-09-15 19:00:00,84.66,blend,0.5,79.4306,0.0,92.8464,92.8464,80.7136,78.1475,15.5089,20.2878,94
2016-09-15 20:00:00,79.81,blend,0.5,74.6904,0.0,72.0327,72.0327,73.5479,75.833,15.4125,20.1179,95
2016-09-15 21:00:00,65.11,blend,0.5,70.2819,0.0,70.4187,70.4187,68.568,71.9958,15.2893,19.9815,96
2016-09-15 22:00:00,65.75,blend,0.5,66.7865,0.0,58.4596,58.4596,64.8744,68.6986,15.1422,19.8077,97
2016-09-15 23:00:00,65.65,blend,0.5,65.8923,0.0,58.5745,58.5745,65.8945,65.89,14.9917,19.6101,98
2016-09-16 00:00:00,66.65,blend,0.5,67.9837,0.0,78.1472,78.1472,72.0667,63.9007,14.896,19.4415,99
2016-09-16 01:00:00,66.49,blend,0.5,77.4175,0.0,90.1577,90.1577,82.1809,72.6542,14.9039,19.31,100
2016-09-16 02:00:00,65.48,blend,0.5,98.9945,0.0,82.1105,82.1105,92.7382,105.2509,15.025,19.5106,101
2016-09-16 03:00:00,66.53,blend,0.5,110.3618,0.0,108.4946,108.4946,102.9271,117.7965,15.2325,19.8189,102
2016-09-16 04:00:00,88.2,blend,0.5,121.5583,0.0,128.6617,128.6617,113.3882,129.7285,15.3282,20.0277,103
2016-09-16 05:00:00,99.51,blend,0.5,134.1384,0.0,119.8899,119.8899,128.5236,139.7531,15.4585,20.2202,104
2016-09-16 06:00:00,105.9,blend,0.5,144.453,0.0,117.8069,117.8069,137.3371,151.5689,15.6093,20.4603,105
2016-09-16 07:00:00,117.9,blend,0.5,151.9383,0.0,134.5265,134.5265,145.8409,158.0358,15.7245,20.6442,106
2016-09-16 08:00:00,133.53,blend,0.5,155.1053,0.0,150.8339,150.8339,153.4313,156.7793,15.7632,20.6683,107
2016-09-16 09:00:00,131.99,blend,0.5,157.3173,0.0,150.6371,150.6371,159.9812,154.6534,15.8754,20.6866,108
2016-09-16 10:00:00,134.05,blend,0.5,160.7704,0.0,181.2112,181.2112,164.3174,157.2235,16.0062,20.7092,109
2016-09-16 11:00:00,146.27,blend,0.5,162.291,0.0,175.4403,175.4403,166.6297,157.9523,16.0454,20.6279,110
2016-09-16 12:00:00,141.1,blend,0.5,161.477,0.0,157.3884,157.3884,166.359,156.595,16.1277,20.582,111
2016-09-16 13:00:00,134.35,blend,0.5,160.2893,0.0,153.8599,153.8599,163.2686,157.31,16.2409,20.6031,112
2016-09-16 14:00:00,139.81,blend,0.5,155.5001,0.0,137.6363,137.6363,157.0499,153.9502,16.2497,20.5464,113
2016-09-16 15:00:00,135.21,blend,0.5,141.8147,0.0,152.8278,152.8278,146.4363,137.193,16.206,20.385,114
2016-09-16 16:00:00,121.86,blend,0.5,125.3928,0.0,138.9263,138.9263,131.9521,118.8335,16.1533,20.2353,115
2016-09-16 17:00:00,111.08,blend,0.5,111.842,0.0,119.513,119.513,118.1992,105.4847,16.0761,20.1102,116
2016-09-16 18:00:00,79.87,blend,0.5,93.4216,0.0,103.9885,103.9885,101.4122,85.4311,16.1224,19.9869,117
2016-09-16 19:00:00,79.05,blend,0.5,75.5687,0.0,78.6444,78.6444,77.5386,73.5988,15.9996,19.8647,118
2016-09-16 20:00:00,76.54,blend,0.5,71.4323,0.0,60.9199,60.9199,71.5627,71.3019,15.9078,19.7429,119
2016-09-16 21:00:00,62.01,blend,0.5,68.2026,0.0,69.6671,69.6671,67.8413,68.5639,15.8245,19.6339,120
2016-09-16 22:00:00,61.95,blend,0.5,65.8149,0.0,76.8889,76.8889,66.1507,65.479,15.7292,19.5019,121
2016-09-16 23:00:00,63.19,blend,0.5,64.9814,0.0,56.0268,56.0268,67.3892,62.5736,15.6355,19.3483,122
2016-09-17 00:00:00,61.1,blend,0.5,66.5455,0.0,76.5688,76.5688,71.4646,61.6263,15.593,19.1965,123
2016-09-17 01:00:00,62.55,blend,0.5,74.1946,0.0,77.4901,77.4901,73.5057,74.8835,15.5559,19.1416,124
2016-09-17 02:00:00,61.3,blend,0.5,82.4164,0.0,66.3326,66.3326,75.9426,88.8903,15.5486,19.2087,125
2016-09-17 03:00:00,63.31,blend,0.5,86.3158,0.0,86.6004,86.6004,78.5516,94.0801,15.5462,19.2997,126
2016-09-17 04:00:00,89.13,blend,0.5,91.2131,0.0,86.5544,86.5544,83.789,98.6372,15.4665,19.2232,127
2016-09-17 05:00:00,94.13,blend,0.5,92.0024,0.0,92.6304,92.6304,92.4569,91.5479,15.3595,19.0942,128
2016-09-17 06:00:00,82.85,blend,0.5,99.0011,0.0,104.0106,104.0106,102.2624,95.7397,15.3907,19.0465,129
2016-09-17 07:00:00,85.23,blend,0.5,106.1148,0.0,114.8336,114.8336,109.7033,102.5263,15.46,19.0331,130
2016-09-17 08:00:00,74.85,blend,0.5,107.3175,0.0,121.2001,121.2001,112.7231,101.9119,15.6298,19.0939,131
2016-09-17 09:00:00,77.86,blend,0.5,107.1822,0.0,116.5569,116.5569,113.2337,101.1308,15.7783,19.1253,132
2016-09-17 10:00:00,87.99,blend,0.5,104.1702,0.0,108.2326,108.2326,109.5297,98.8107,15.8213,19.0634,133
2016-09-17 11:00:00,82.82,blend,0.5,103.4182,0.0,106.9435,106.9435,107.6819,99.1546,15.8883,19.0432,134
2016-09-17 12:00:00,102.63,blend,0.5,103.9878,0.0,115.2787,115.2787,107.0592,100.9163,15.804,18.9157,135
2016-09-17 13:00:00,98.35,blend,0.5,102.7455,0.0,99.0815,99.0815,103.9925,101.4986,15.7298,18.8006,136
2016-09-17 14:00:00,99.76,blend,0.5,105.0063,0.0,103.6216,103.6216,103.762,106.2505,15.6448,18.7114,137
2016-09-17 15:00:00,104.78,blend,0.5,104.5303,0.0,106.4315,106.4315,101.3172,107.7434,15.5572,18.5981,138
2016-09-17 16:00:00,91.62,blend,0.5,99.0383,0.0,94.6692,94.6692,95.6636,102.413,15.475,18.5424,139
2016-09-17 17:00:00,105.51,blend,0.5,92.0576,0.0,83.2673,83.2673,90.5545,93.5607,15.4713,18.4956,140
2016-09-17 18:00:00,75.81,blend,0.5,82.4959,0.0,92.4651,92.4651,83.5105,81.4814,15.4166,18.4053,141
2016-09-17 19:00:00,74.81,blend,0.5,73.6491,0.0,75.1684,75.1684,75.5724,71.7257,15.3141,18.2982,142
2016-09-17 20:00:00,78.55,blend,0.5,70.5918,0.0,68.6565,68.6565,71.3483,69.8354,15.2577,18.2316,143
2016-09-17 21:00:00,65.81,blend,0.5,67.2624,0.0,70.6199,70.6199,68.1373,66.3874,15.1686,18.1099,144
2016-09-17 22:00:00,64.31,blend,0.5,65.0195,0.0,67.6426,67.6426,66.7535,63.2856,15.0814,17.9929,145
2016-09-17 23:00:00,63.95,blend,0.5,63.4405,0.0,71.4964,71.4964,65.9629,60.9181,14.9925,17.8911,146
2016-09-18 00:00:00,65.64,blend,0.5,63.0918,0.0,50.7713,50.7713,66.0904,60.0931,14.8942,17.8077,147
2016-09-18 01:00:00,65.18,blend,0.5,65.6278,0.0,74.2593,74.2593,68.6646,62.5911,14.8177,17.7055,148
2016-09-18 02:00:00,64.2,blend,0.5,71.045,0.0,79.9384,79.9384,72.4307,69.6593,14.7738,17.6239,149
2016-09-18 03:00:00,65.15,blend,0.5,80.0618,0.0,72.9768,72.9768,76.8519,83.2717,14.7534,17.6272,150
2016-09-18 04:00:00,98.43,blend,0.5,87.57,0.0,76.0307,76.0307,81.5797,93.5602,14.7672,17.5433,151
2016-09-18 05:00:00,107.57,blend,0.5,87.8819,0.0,96.179,96.179,88.1402,87.6236,14.7977,17.559,152
2016-09-18 06:00:00,104.2,blend,0.5,95.5403,0.0,100.1913,100.1913,97.996,93.0846,14.7419,17.5171,153
2016-09-18 07:00:00,86.81,blend,0.5,103.4143,0.0,110.2439,110.2439,105.9676,100.861,14.7704,17.4948,154
2016-09-18 08:00:00,89.39,blend,0.5,107.3071,0.0,89.9987,89.9987,111.8219,102.7924,14.8195,17.4685,155
2016-09-18 09:00:00,98.75,blend,0.5,104.9943,0.0,95.7201,95.7201,110.4535,99.5351,14.7996,17.3623,156
2016-09-18 10:00:00,87.57,blend,0.5,104.234,0.0,95.8498,95.8498,109.6225,98.8455,14.8455,17.3237,157
2016-09-18 11:00:00,104.61,blend,0.5,106.2089,0.0,97.6061,97.6061,110.9131,101.5046,14.7918,17.2343,158
2016-09-18 12:00:00,112.46,blend,0.5,105.651,0.0,104.5298,104.5298,108.8614,102.4405,14.7219,17.1892,159
2016-09-18 13:00:00,103.6,blend,0.5,109.8973,0.0,109.5554,109.5554,110.1784,109.6163,14.6713,17.1198,160
2016-09-18 14:00:00,121.49,blend,0.5,113.7993,0.0,96.6135,96.6135,111.0109,116.5878,14.6454,17.0444,161
2016-09-18 15:00:00,119.66,blend,0.5,113.6126,0.0,118.3072,118.3072,108.9517,118.2735,14.6212,16.9483,162
2016-09-18 16:00:00,111.9,blend,0.5,113.4739,0.0,125.6726,125.6726,108.2671,118.6808,14.5542,16.8863,163
2016-09-18 17:00:00,116.76,blend,0.5,106.4,0.0,100.4506,100.4506,104.3652,108.4348,14.5412,16.8345,164
2016-09-18 18:00:00,89.23,blend,0.5,95.4234,0.0,105.3296,105.3296,98.1696,92.6771,14.5074,16.7538,165
2016-09-18 19:00:00,89.22,blend,0.5,83.4012,0.0,80.204,80.204,87.9745,78.8279,14.428,16.7157,166
2016-09-18 20:00:00,76.57,blend,0.5,78.37,0.0,68.0355,68.0355,81.428,75.312,14.371,16.6237,167
2016-09-18 21:00:00,67.97,blend,0.5359,75.4226,0.0,84.5265,84.5265,78.5438,71.8179,14.3688,16.5942,168
2016-09-18 22:00:00,68.06,blend,0.5359,71.7194,0.0,75.9792,75.9792,74.2982,68.7412,14.3502,16.5538,169
2016-09-18 23:00:00,65.73,blend,0.5359,69.5035,0.0,74.5443,74.5443,72.4274,66.1267,14.3309,16.5055,170
2016-09-19 00:00:00,65.24,blend,0.5359,69.5955,0.0,61.0521,61.0521,73.1241,65.5204,14.3084,16.457,171
2016-09-19 01:00:00,66.25,blend,0.5359,74.0111,0.0,76.057,76.057,79.7832,67.345,14.2744,16.4076,172
2016-09-19 02:00:00,66.23,blend,0.5359,84.5514,0.0,92.3118,92.3118,89.7271,78.5741,14.2328,16.3384,173
2016-09-19 03:00:00,67.24,blend,0.5359,103.4067,0.0,82.3639,82.3639,100.2091,107.0996,14.1845,16.2806,174
2016-09-19 04:00:00,113.73,blend,0.5359,114.7448,0.0,104.6413,104.6413,110.238,119.9496,14.0921,16.1207,175
2016-09-19 05:00:00,127.37,blend,0.5359,124.338,0.0,130.0602,130.0602,122.921,125.9744,13.9995,15.9633,176
2016-09-19 06:00:00,147.58,blend,0.5359,143.4595,0.0,132.6756,132.6756,138.9505,148.6668,13.9417,15.7615,177
2016-09-19 07:00:00,162.0,blend,0.5359,158.0976,0.0,105.9752,105.9752,149.6301,167.8766,13.8849,15.5231,178
2016-09-19 08:00:00,166.06,blend,0.5359,165.3891,0.0,158.2123,158.2123,158.9601,172.8139,13.9183,15.4309,179
2016-09-19 09:00:00,177.47,blend,0.5359,171.431,0.0,159.6194,159.6194,167.0003,176.548,13.9288,15.4141,180
2016-09-19 10:00:00,178.52,blend,0.5359,174.1644,0.0,136.7865,136.7865,172.2422,176.3844,13.9564,15.3787,181
2016-09-19 11:00:00,166.56,blend,0.5359,176.2272,0.0,186.0852,186.0852,175.1615,177.4578,14.0035,15.3776,182
2016-09-19 12:00:00,156.8,blend,0.5359,176.1673,0.0,183.4218,183.4218,175.5576,176.8714,14.0795,15.4015,183
2016-09-19 13:00:00,147.06,blend,0.5359,168.2473,0.0,164.477,164.477,171.4671,164.5289,14.1733,15.4315,184
2016-09-19 14:00:00,159.1,blend,0.5359,155.5456,0.0,153.7484,153.7484,158.2511,152.4211,14.1746,15.4281,185
2016-09-19 15:00:00,149.4,blend,0.5359,139.8503,0.0,172.3231,172.3231,143.8104,135.2768,14.1957,15.3846,186
2016-09-19 16:00:00,143.14,blend,0.5359,127.1611,0.0,105.913,105.913,133.3311,120.0355,14.224,15.3357,187
2016-09-19 17:00:00,131.62,blend,0.5359,111.3572,0.0,121.7991,121.7991,117.3839,104.3971,14.2162,15.2919,188
2016-09-19 18:00:00,85.85,blend,0.5359,101.3387,0.0,102.3428,102.3428,107.0193,94.7784,14.1924,15.2995,189
2016-09-19 19:00:00,99.39,blend,0.5359,82.7973,0.0,73.3224,73.3224,83.1544,82.3849,14.2744,15.3764,190
2016-09-19 20:00:00,81.2,blend,0.5359,75.6541,0.0,77.83,77.83,73.8548,77.7321,14.3118,15.3945,191
2016-09-19 21:00:00,67.89,blend,0.5359,73.6341,0.0,81.7332,81.7332,72.962,74.4103,14.2967,15.3935,192
2016-09-19 22:00:00,68.09,blend,0.5359,70.5205,0.0,59.2088,59.2088,69.3887,71.8275,14.2925,15.3941,193
2016-09-19 23:00:00,68.32,blend,0.5359,70.297,0.0,71.7266,71.7266,70.8497,69.6588,14.2774,15.3903,194
2016-09-20 00:00:00,67.67,blend,0.5359,74.1469,0.0,80.9727,80.9727,78.5068,69.1118,14.2571,15.397,195
2016-09-20 01:00:00,68.97,blend,0.5359,83.6998,0.0,97.2339,97.2339,90.8672,75.4224,14.2306,15.4049,196
2016-09-20 02:00:00,65.62,blend,0.5359,103.4545,0.0,90.6526,90.6526,104.1024,102.7062,14.2161,15.3762,197
2016-09-20 03:00:00,66.12,blend,0.5359,120.567,0.0,108.6335,108.6335,115.7236,126.1606,14.2177,15.3468,198
2016-09-20 04:00:00,95.1,blend,0.5359,131.2786,0.0,120.3789,120.3789,123.7198,140.008,14.2688,15.3259,199
2016-09-20 05:00:00,107.61,blend,0.5359,147.4573,0.0,147.345,147.345,140.0287,156.0363,14.2969,15.2966,200
2016-09-20 06:00:00,128.28,blend,0.5359,157.4071,0.0,151.7633,151.7633,149.5357,166.4975,14.2626,15.2121,201
2016-09-20 07:00:00,127.74,blend,0.5359,164.1673,0.0,144.5057,144.5057,157.3293,172.0643,14.2489,15.1203,202
2016-09-20 08:00:00,144.94,blend,0.5359,167.4884,0.0,147.693,147.693,164.678,170.734,14.3163,15.0803,203
2016-09-20 09:00:00,156.24,blend,0.5359,168.1326,0.0,192.5466,192.5466,169.0759,167.0433,14.3797,15.0448,204
2016-09-20 10:00:00,146.14,blend,0.5359,169.3842,0.0,134.3752,134.3752,172.0645,166.2889,14.4987,15.1645,205
2016-09-20 11:00:00,160.81,blend,0.5359,171.2922,0.0,184.6004,184.6004,172.7781,169.5762,14.5277,15.0924,206
2016-09-20 12:00:00,165.14,blend,0.5359,168.0912,0.0,183.2379,183.2379,170.0141,165.8706,14.5401,14.9723,207
2016-09-20 13:00:00,154.29,blend,0.5359,168.563,0.0,151.9578,151.9578,168.8719,168.2064,14.589,15.0172,208
2016-09-20 14:00:00,155.03,blend,0.5359,166.5468,0.0,180.3674,180.3674,166.0448,167.1266,14.5847,15.0243,209
2016-09-20 15:00:00,152.01,blend,0.5359,157.2754,0.0,155.2738,155.2738,159.7315,154.4388,14.5682,14.9519,210
2016-09-20 16:00:00,147.29,blend,0.5359,138.0628,0.0,171.7377,171.7377,147.2932,127.4029,14.4647,14.9011,211
2016-09-20 17:00:00,123.13,blend,0.5359,120.272,0.0,151.3865,151.3865,131.9481,106.7875,14.4609,14.8138,212
2016-09-20 18:00:00,93.86,blend,0.5359,107.3422,0.0,119.5498,119.5498,116.608,96.6413,14.4338,14.7926,213
2016-09-20 19:00:00,95.3,blend,0.5359,82.4377,0.0,93.5446,93.5446,84.3998,80.1717,14.4716,14.8221,214
2016-09-20 20:00:00,77.97,blend,0.5359,78.1618,0.0,70.1169,70.1169,78.2878,78.0163,14.4384,14.7681,215
2016-09-20 21:00:00,69.75,blend,0.5359,73.1099,0.0,73.7151,73.7151,72.4088,73.9197,14.4214,14.7659,216
2016-09-20 22:00:00,70.2,blend,0.5359,68.355,0.0,65.275,65.275,66.4931,70.5053,14.4401,14.7582,217
2016-09-20 23:00:00,69.7,blend,0.5359,67.3041,0.0,59.5197,59.5197,66.4973,68.236,14.4514,14.7653,218
2016-09-21 00:00:00,68.97,blend,0.5359,70.3205,0.0,83.4286,83.4286,72.8161,67.4383,14.4373,14.7707,219
2016-09-21 01:00:00,69.16,blend,0.5359,75.7587,0.0,82.2538,82.2538,81.6564,68.9476,14.4067,14.766,220
2016-09-21 02:00:00,69.49,blend,0.5359,90.8618,0.0,97.559,97.559,94.5878,86.5587,14.3436,14.7999,221
2016-09-21 03:00:00,68.4,blend,0.5359,112.2715,0.0,125.6662,125.6662,107.5602,117.7126,14.2593,14.7512,222
2016-09-21 04:00:00,101.33,blend,0.5359,124.6108,0.0,114.2941,114.2941,119.5006,130.5125,14.2264,14.7192,223
2016-09-21 05:00:00,111.1,blend,0.5359,143.0827,0.0,137.6548,137.6548,137.1335,149.9532,14.1916,14.7098,224
2016-09-21 06:00:00,128.19,blend,0.5359,158.0165,0.0,158.9832,158.9832,148.7853,168.6775,14.0848,14.6301,225
2016-09-21 07:00:00,124.86,blend,0.5359,165.5028,0.0,145.217,145.217,157.0611,175.2521,14.076,14.5941,226
2016-09-21 08:00:00,142.07,blend,0.5359,166.7556,0.0,176.0029,176.0029,164.3189,169.5698,14.0587,14.4743,227
2016-09-21 09:00:00,158.93,blend,0.5359,166.2151,0.0,179.3827,179.3827,168.4076,163.6829,14.0916,14.3537,228
2016-09-21 10:00:00,156.98,blend,0.5359,168.7178,0.0,144.4471,144.4471,171.5781,165.4145,14.1461,14.3669,229
2016-09-21 11:00:00,157.09,blend,0.5359,173.3261,0.0,162.3447,162.3447,173.3063,173.349,14.1509,14.4485,230
2016-09-21 12:00:00,162.73,blend,0.5359,174.8741,0.0,152.53,152.53,173.4786,176.4858,14.2031,14.3824,231
2016-09-21 13:00:00,164.58,blend,0.5359,169.8217,0.0,169.3571,169.3571,170.9428,168.5269,14.2367,14.2671,232
2016-09-21 14:00:00,163.31,blend,0.5359,166.1166,0.0,172.006,172.006,167.229,164.832,14.2055,14.2162,233
2016-09-21 15:00:00,149.72,blend,0.5359,162.8485,0.0,168.3797,168.3797,163.4628,162.1389,14.2872,14.2567,234
2016-09-21 16:00:00,146.2,blend,0.5359,148.0696,0.0,157.2174,157.2174,154.2356,140.9487,14.2852,14.2134,235
2016-09-21 17:00:00,137.31,blend,0.5359,123.1021,0.0,144.2749,144.2749,134.7399,109.6618,14.2117,14.2297,236
2016-09-21 18:00:00,89.94,blend,0.5359,108.9749,0.0,116.5704,116.5704,119.0247,97.3686,14.1487,14.1299,237
2016-09-21 19:00:00,83.66,blend,0.5359,85.9701,0.0,84.9957,84.9957,88.4721,83.0807,14.1726,14.1074,238
2016-09-21 20:00:00,91.24,blend,0.5359,79.4427,0.0,73.6506,73.6506,79.9101,78.9029,14.2142,14.1377,239
2016-09-21 21:00:00,74.24,blend,0.5359,72.3296,0.0,71.0759,71.0759,71.4625,73.331,14.1407,14.0691,240
2016-09-21 22:00:00,69.4,blend,0.5359,69.7153,0.0,71.3872,71.3872,68.8424,70.7234,14.0958,14.0232,241
2016-09-21 23:00:00,66.77,blend,0.5359,69.5884,0.0,68.5236,68.5236,69.8685,69.2649,14.0897,14.0171,242
2016-09-22 00:00:00,69.12,blend,0.5359,70.5543,0.0,65.0806,65.0806,74.0153,66.5572,14.067,14.0251,243
2016-09-22 01:00:00,67.72,blend,0.5359,74.5114,0.0,79.9387,79.9387,81.091,66.9128,14.0236,14.0231,244
2016-09-22 02:00:00,66.42,blend,0.5359,89.674,0.0,76.4474,76.4474,92.677,86.2059,13.9637,14.0737,245
2016-09-22 03:00:00,64.83,blend,0.5359,107.8156,0.0,107.5709,107.5709,103.9768,112.2489,13.8974,14.0122,246
2016-09-22 04:00:00,90.77,blend,0.5359,117.1444,0.0,113.7732,113.7732,113.0624,121.8586,13.8933,14.0136,247
2016-09-22 05:00:00,104.59,blend,0.5359,134.619,0.0,153.3457,153.3457,131.2599,138.4985,13.8604,13.9711,248
2016-09-22 06:00:00,106.24,blend,0.5359,151.0858,0.0,151.298,151.298,142.5915,160.8958,13.8477,13.9711,249
2016-09-22 07:00:00,107.87,blend,0.5359,161.7891,0.0,152.8885,152.8885,152.0279,173.062,13.8808,14.0184,250
2016-09-22 08:00:00,136.41,blend,0.5359,162.467,0.0,146.1413,146.1413,158.1979,167.3972,13.8619,13.9771,251
2016-09-22 09:00:00,155.5,blend,0.5359,161.4837,0.0,164.4975,164.4975,162.8413,159.916,13.8725,13.9326,252
2016-09-22 10:00:00,155.75,blend,0.5359,167.6813,0.0,162.4914,162.4914,168.3223,166.9411,13.8585,13.8889,253
2016-09-22 11:00:00,165.07,blend,0.5359,174.2024,0.0,164.1681,164.1681,171.98,176.769,13.8073,13.8061,254
2016-09-22 12:00:00,169.02,blend,0.5359,175.7282,0.0,175.0555,175.0555,173.5141,178.2852,13.7219,13.7028,255
2016-09-22 13:00:00,171.52,blend,0.5359,174.9848,0.0,182.2187,182.2187,173.693,176.4767,13.5817,13.5797,256
2016-09-22 14:00:00,164.58,blend,0.5359,171.8003,0.0,174.6412,174.6412,171.7611,171.8455,13.5746,13.583,257
2016-09-22 15:00:00,153.95,blend,0.5359,165.4739,0.0,157.6329,157.6329,167.6549,162.9551,13.6271,13.6291,258
2016-09-22 16:00:00,157.86,blend,0.5359,148.1124,0.0,179.8313,179.8313,155.337,139.7688,13.5734,13.7368,259
2016-09-22 17:00:00,147.61,blend,0.5359,121.2373,0.0,138.7465,138.7465,133.5806,106.9823,13.6547,13.8912,260
2016-09-22 18:00:00,96.42,blend,0.5359,109.7602,0.0,131.5146,131.5146,119.6557,98.332,13.6608,13.8664,261
2016-09-22 19:00:00,89.32,blend,0.5359,86.8732,0.0,72.5165,72.5165,89.8836,83.3966,13.6407,13.8629,262
2016-09-22 20:00:00,84.51,blend,0.5359,78.9948,0.0,72.3178,72.3178,79.7917,78.0746,13.6315,13.8775,263
2016-09-22 21:00:00,65.75,blend,0.5359,72.7987,0.0,86.5285,86.5285,72.7969,72.8008,13.6528,13.8785,264
2016-09-22 22:00:00,65.52,blend,0.5359,68.7046,0.0,70.7888,70.7888,68.4831,68.9604,13.6653,13.8814,265
2016-09-22 23:00:00,65.77,blend,0.5359,66.8927,0.0,70.1739,70.1739,67.989,65.6267,13.677,13.8809,266
2016-09-23 00:00:00,64.24,blend,0.5359,69.1569,0.0,91.3538,91.3538,74.2604,63.263,13.7044,13.8703,267
2016-09-23 01:00:00,64.13,blend,0.5359,76.8964,0.0,93.482,93.482,85.8459,66.5609,13.7403,13.8481,268
2016-09-23 02:00:00,65.4,blend,0.5359,97.342,0.0,101.0612,101.0612,97.2894,97.4026,13.7678,13.8019,269
2016-09-23 03:00:00,64.84,blend,0.5359,108.9249,0.0,94.1299,94.1299,105.4392,112.9504,13.7929,13.7831,270
2016-09-23 04:00:00,96.85,blend,0.5359,119.2415,0.0,137.3795,137.3795,116.2031,122.7505,13.7581,13.69,271
2016-09-23 05:00:00,116.99,blend,0.5359,134.1699,0.0,136.6966,136.6966,131.5463,137.1997,13.6721,13.5708,272
2016-09-23 06:00:00,124.08,blend,0.5359,150.7134,0.0,155.8655,155.8655,144.0681,158.388,13.6039,13.5032,273
2016-09-23 07:00:00,110.62,blend,0.5359,163.7511,0.0,164.1427,164.1427,154.7749,174.1174,13.7004,13.6422,274
2016-09-23 08:00:00,138.88,blend,0.5359,169.5615,0.0,154.6518,154.6518,163.0235,177.112,13.7257,13.7314,275
2016-09-23 09:00:00,159.18,blend,0.5359,167.1982,0.0,150.6124,150.6124,167.974,166.3022,13.6114,13.6389,276
2016-09-23 10:00:00,152.99,blend,0.5359,169.1077,0.0,145.7369,145.7369,171.9371,165.8402,13.544,13.5775,277
2016-09-23 11:00:00,168.03,blend,0.5359,176.7941,0.0,153.3329,153.3329,174.595,179.3338,13.4619,13.5752,278
2016-09-23 12:00:00,167.36,blend,0.5359,178.3037,0.0,164.2193,164.2193,175.3972,181.6604,13.3594,13.5681,279
2016-09-23 13:00:00,167.04,blend,0.5359,176.2032,0.0,176.5287,176.5287,175.0123,177.5786,13.2347,13.4942,280
2016-09-23 14:00:00,173.11,blend,0.5359,170.3573,0.0,171.6098,171.6098,171.8828,168.5954,13.1394,13.4369,281
2016-09-23 15:00:00,159.5,blend,0.5359,163.7864,0.0,174.3642,174.3642,166.0111,161.2171,13.1113,13.4353,282
2016-09-23 16:00:00,158.54,blend,0.5359,151.7157,0.0,153.0285,153.0285,156.2098,146.5256,13.0651,13.4888,283
2016-09-23 17:00:00,142.94,blend,0.5359,126.1945,0.0,120.1212,120.1212,135.0423,115.9763,13.0698,13.616,284
2016-09-23 18:00:00,87.78,blend,0.5359,108.2205,0.0,110.013,110.013,117.2998,97.7351,13.1173,13.6421,285
2016-09-23 19:00:00,94.52,blend,0.5359,85.1349,0.0,86.35,86.35,87.8752,81.9702,13.1478,13.6844,286
2016-09-23 20:00:00,90.9,blend,0.5359,76.6991,0.0,72.0047,72.0047,76.9874,76.3662,13.201,13.7397,287
2016-09-23 21:00:00,67.68,blend,0.5359,73.0399,0.0,63.7325,63.7325,73.0513,73.0268,13.1983,13.7325,288
2016-09-23 22:00:00,66.69,blend,0.5359,70.1378,0.0,72.6376,72.6376,70.6539,69.5416,13.1969,13.7285,289
2016-09-23 23:00:00,65.37,blend,0.5359,68.9656,0.0,78.5089,78.5089,71.5112,66.0257,13.2084,13.7287,290
2016-09-24 00:00:00,65.9,blend,0.5359,71.7575,0.0,85.9809,85.9809,79.3381,63.0029,13.2267,13.7428,291
2016-09-24 01:00:00,63.97,blend,0.5359,78.5546,0.0,101.1205,101.1205,85.0109,71.0983,13.2867,13.7119,292
2016-09-24 02:00:00,64.12,blend,0.5359,96.2032,0.0,98.5774,98.5774,90.8755,102.356,13.3588,13.7752,293
2016-09-24 03:00:00,64.47,blend,0.5359,102.5421,0.0,100.7015,100.7015,94.1564,112.2266,13.4448,13.8763,294
2016-09-24 04:00:00,100.76,blend,0.5359,108.1155,0.0,105.8129,105.8129,101.1764,116.1293,13.4155,13.9112,295
2016-09-24 05:00:00,112.82,blend,0.5359,114.2194,0.0,112.7703,112.7703,113.4031,115.1621,13.409,13.9098,296
2016-09-24 06:00:00,105.65,blend,0.5359,121.7052,0.0,126.218,126.218,125.3488,117.4973,13.4107,13.9036,297
2016-09-24 07:00:00,91.33,blend,0.5359,130.0998,0.0,171.0089,171.0089,134.666,124.8264,13.523,14.0,298
2016-09-24 08:00:00,88.21,blend,0.5359,134.5052,0.0,137.9212,137.9212,141.0935,126.8965,13.6124,14.0692,299
2016-09-24 09:00:00,106.5,blend,0.5359,131.4684,0.0,147.9292,147.9292,142.2831,118.9788,13.6148,14.005,300
2016-09-24 10:00:00,91.68,blend,0.5359,127.4108,0.0,139.751,139.751,139.0975,113.9141,13.7688,14.0729,301
2016-09-24 11:00:00,97.37,blend,0.5359,130.1469,0.0,130.3011,130.3011,138.6679,120.3061,13.8667,14.1122,302
2016-09-24 12:00:00,93.96,blend,0.5359,127.3481,0.0,149.2699,149.2699,132.7204,121.1438,14.071,14.2638,303
2016-09-24 13:00:00,81.9,blend,0.5359,123.9621,0.0,113.341,113.341,126.6869,120.8153,14.304,14.4767,304
2016-09-24 14:00:00,94.36,blend,0.5359,117.7388,0.0,108.9858,108.9858,116.9695,118.6272,14.4148,14.5825,305
2016-09-24 15:00:00,82.4,blend,0.5359,105.6107,0.0,104.7477,104.7477,103.3063,108.2721,14.5186,14.7189,306
2016-09-24 16:00:00,85.35,blend,0.5359,100.2385,0.0,109.2287,109.2287,97.0113,103.9655,14.5639,14.7655,307
2016-09-24 17:00:00,88.04,blend,0.5359,90.5395,0.0,72.5996,72.5996,87.7482,93.7631,14.4767,14.7284,308
2016-09-24 18:00:00,64.39,blend,0.5359,81.4463,0.0,72.2906,72.2906,80.5901,82.4351,14.5273,14.802,309
2016-09-24 19:00:00,77.28,blend,0.5359,71.78,0.0,76.016,76.016,72.026,71.4958,14.554,14.8181,310
2016-09-24 20:00:00,71.22,blend,0.5359,68.8251,0.0,59.0819,59.0819,68.6584,69.0176,14.5264,14.7794,311
2016-09-24 21:00:00,60.72,blend,0.5359,67.2821,0.0,61.4856,61.4856,67.849,66.6274,14.555,14.8111,312
2016-09-24 22:00:00,64.28,blend,0.5359,64.5806,0.0,70.1872,70.1872,66.0017,62.9395,14.5507,14.813,313
2016-09-24 23:00:00,60.96,blend,0.5359,62.512,0.0,60.7773,60.7773,64.8774,59.7803,14.562,14.8019,314
2016-09-25 00:00:00,60.45,blend,0.5359,62.2985,0.0,60.656,60.656,65.3996,58.7171,14.5888,14.7792,315
2016-09-25 01:00:00,61.63,blend,0.5359,64.8239,0.0,71.9867,71.9867,67.8771,61.2978,14.6052,14.7658,316
2016-09-25 02:00:00,61.99,blend,0.5359,69.5418,0.0,55.6199,55.6199,70.9093,67.9626,14.6093,14.7689,317
2016-09-25 03:00:00,62.18,blend,0.5359,76.9267,0.0,83.7029,83.7029,74.7714,79.4157,14.6146,14.7636,318
2016-09-25 04:00:00,67.49,blend,0.5359,81.8909,0.0,78.0458,78.0458,78.0393,86.3391,14.5771,14.8468,319
2016-09-25 05:00:00,70.47,blend,0.5359,82.4529,0.0,71.0048,71.0048,83.0303,81.7861,14.5362,14.7954,320
2016-09-25 06:00:00,69.16,blend,0.5359,82.915,0.0,108.2104,108.2104,84.9163,80.6036,14.5931,14.7974,321
2016-09-25 07:00:00,61.47,blend,0.5359,84.2526,0.0,94.0757,94.0757,85.9734,82.2652,14.6249,14.8375,322
2016-09-25 08:00:00,69.04,blend,0.5359,85.7905,0.0,84.8555,84.8555,86.7048,84.7346,14.5965,14.8512,323
2016-09-25 09:00:00,67.67,blend,0.5359,83.464,0.0,90.5011,90.5011,83.5123,83.4081,14.6212,14.9402,324
2016-09-25 10:00:00,68.62,blend,0.5359,82.8955,0.0,78.2466,78.2466,81.5714,84.4246,14.567,14.9671,325
2016-09-25 11:00:00,68.48,blend,0.5359,82.3558,0.0,80.0709,80.0709,79.5896,85.5504,14.5956,15.0503,326
2016-09-25 12:00:00,75.08,blend,0.5359,81.4121,0.0,81.7608,81.7608,77.8291,85.55,14.5905,15.0529,327
2016-09-25 13:00:00,76.84,blend,0.5359,80.1602,0.0,83.4522,83.4522,75.7073,85.3029,14.5581,15.0675,328
2016-09-25 14:00:00,71.48,blend,0.5359,79.9427,0.0,69.2142,69.2142,74.1905,86.5857,14.5119,15.1282,329
2016-09-25 15:00:00,84.12,blend,0.5359,79.2154,0.0,75.311,75.311,72.7088,86.7296,14.5161,15.1355,330
2016-09-25 16:00:00,79.74,blend,0.5359,77.5376,0.0,79.7848,79.7848,70.2895,85.9084,14.5507,15.1319,331
2016-09-25 17:00:00,81.65,blend,0.5359,76.8685,0.0,66.5781,66.5781,69.2112,85.7117,14.551,15.1065,332
2016-09-25 18:00:00,67.89,blend,0.5359,74.2571,0.0,75.6727,75.6727,67.7071,81.8216,14.4988,15.1689,333
2016-09-25 19:00:00,65.71,blend,0.5359,67.9409,0.0,65.5344,65.5344,64.5836,71.8182,14.4981,15.1434,334
2016-09-25 20:00:00,68.94,blend,0.5359,65.3576,0.0,67.8328,67.8328,62.9421,68.1472,14.5049,15.1406,335
2016-09-25 21:00:00,61.35,blend,0.5117,63.0181,0.0,61.9429,61.9429,61.6545,64.447,14.4438,15.1362,336
2016-09-25 22:00:00,61.26,blend,0.5117,61.1634,0.0,64.898,64.898,60.9274,61.4107,14.4086,15.133,337
2016-09-25 23:00:00,60.51,blend,0.5117,60.3574,0.0,63.2323,63.2323,60.6594,60.0409,14.3696,15.1334,338
2016-09-26 00:00:00,61.29,blend,0.5117,60.413,0.0,53.7069,53.7069,61.0755,59.7187,14.324,15.1411,339
2016-09-26 01:00:00,61.4,blend,0.5117,62.291,0.0,79.2136,79.2136,64.2838,60.2027,14.2606,15.1417,340
2016-09-26 02:00:00,60.58,blend,0.5117,67.5111,0.0,78.3518,78.3518,70.1783,64.716,14.1779,15.0929,341
2016-09-26 03:00:00,61.2,blend,0.5117,76.8363,0.0,76.0382,76.0382,77.059,76.603,14.076,14.9473,342
2016-09-26 04:00:00,73.85,blend,0.5117,85.775,0.0,76.3544,76.3544,83.8774,87.7636,14.1149,14.9931,343
2016-09-26 05:00:00,89.61,blend,0.5117,89.5618,0.0,70.8596,70.8596,92.9176,86.0452,14.1081,15.006,344
2016-09-26 06:00:00,95.83,blend,0.5117,95.6791,0.0,102.6685,102.6685,101.2295,89.8627,14.0889,15.0351,345
2016-09-26 07:00:00,105.31,blend,0.5117,106.1901,0.0,103.7866,103.7866,111.0595,101.0872,14.0495,15.0252,346
2016-09-26 08:00:00,126.15,blend,0.5117,116.0929,0.0,113.6957,113.6957,119.8095,112.1981,14.045,15.0681,347
2016-09-26 09:00:00,128.36,blend,0.5117,126.8759,0.0,144.6649,144.6649,129.0249,124.6239,13.9866,15.0848,348
2016-09-26 10:00:00,124.05,blend,0.5117,136.9121,0.0,145.4022,145.4022,138.1128,135.6539,14.033,15.1412,349
2016-09-26 11:00:00,138.04,blend,0.5117,141.9674,0.0,145.5045,145.5045,142.949,140.9387,14.011,15.0936,350
2016-09-26 12:00:00,123.66,blend,0.5117,143.9975,0.0,137.7794,137.7794,146.1578,141.7336,14.0332,15.0817,351
2016-09-26 13:00:00,127.79,blend,0.5117,146.4655,0.0,154.9457,154.9457,148.0584,144.7963,14.0086,15.0789,352
2016-09-26 14:00:00,124.69,blend,0.5117,139.4999,0.0,155.1382,155.1382,140.9262,138.0052,14.1002,15.1184,353
2016-09-26 15:00:00,108.61,blend,0.5117,130.6246,0.0,138.9953,138.9953,135.0899,125.9453,14.2245,15.1375,354
2016-09-26 16:00:00,106.51,blend,0.5117,112.7084,0.0,135.2604,135.2604,121.8423,103.1366,14.2574,15.0201,355
2016-09-26 17:00:00,92.27,blend,0.5117,93.0699,0.0,120.4477,120.4477,102.4806,83.2082,14.2335,14.912,356
2016-09-26 18:00:00,85.34,blend,0.5117,82.9574,0.0,98.1738,98.1738,89.8605,75.7234,14.1344,14.9161,357
2016-09-26 19:00:00,75.91,blend,0.5117,71.0274,0.0,77.3464,77.3464,71.4991,70.533,14.064,14.8469,358
2016-09-26 20:00:00,76.95,blend,0.5117,69.7109,0.0,64.4107,64.4107,69.7174,69.7041,14.0633,14.8694,359
2016-09-26 21:00:00,61.73,blend,0.5117,66.6663,0.0,69.1431,69.1431,66.7729,66.5545,14.0631,14.8593,360
2016-09-26 22:00:00,59.11,blend,0.5117,63.346,0.0,58.3933,58.3933,64.3665,62.2765,14.0867,14.8559,361
2016-09-26 23:00:00,58.49,blend,0.5117,62.8911,0.0,63.9357,63.9357,64.8345,60.8545,14.1094,14.862,362
2016-09-27 00:00:00,60.35,blend,0.5117,64.1674,0.0,70.6177,70.6177,68.0807,60.0666,14.0909,14.8551,363
2016-09-27 01:00:00,59.26,blend,0.5117,68.9581,0.0,76.7028,76.7028,74.096,63.5739,14.0489,14.8423,364
2016-09-27 02:00:00,60.25,blend,0.5117,79.8676,0.0,83.3243,83.3243,83.0055,76.5793,13.9553,14.7188,365
2016-09-27 03:00:00,60.83,blend,0.5117,84.8342,0.0,78.0256,78.0256,87.3269,82.2221,13.8177,14.4887,366
2016-09-27 04:00:00,74.28,blend,0.5117,85.366,0.0,91.5576,91.5576,90.2498,80.2481,13.7424,14.2569,367
2016-09-27 05:00:00,78.95,blend,0.5117,102.6637,0.0,101.4351,101.4351,103.3131,101.9832,13.6945,14.1058,368
2016-09-27 06:00:00,92.82,blend,0.5117,114.5476,0.0,116.3032,116.3032,115.377,113.6784,13.7022,14.0025,369
2016-09-27 07:00:00,103.33,blend,0.5117,125.8393,0.0,114.0169,114.0169,124.0389,127.7259,13.6494,13.8839,370
2016-09-27 08:00:00,122.76,blend,0.5117,135.4608,0.0,134.346,134.346,130.6858,140.4648,13.5791,13.8357,371
2016-09-27 09:00:00,127.99,blend,0.5117,141.5833,0.0,125.1121,125.1121,136.7688,146.6286,13.5549,13.8823,372
2016-09-27 10:00:00,122.05,blend,0.5117,141.2051,0.0,147.9777,147.9777,141.5091,140.8864,13.5164,13.8745,373
2016-09-27 11:00:00,129.28,blend,0.5117,143.4028,0.0,150.7003,150.7003,144.6179,142.1294,13.5365,13.8988,374
2016-09-27 12:00:00,124.97,blend,0.5117,142.5284,0.0,148.2442,148.2442,144.9539,139.9866,13.6264,13.9839,375
2016-09-27 13:00:00,125.85,blend,0.5117,140.8791,0.0,133.7804,133.7804,144.396,137.1936,13.65,13.9686,376
2016-09-27 14:00:00,129.34,blend,0.5117,137.0386,0.0,148.7365,148.7365,139.4027,134.5612,13.6443,13.9276,377
2016-09-27 15:00:00,126.67,blend,0.5117,131.8328,0.0,142.0094,142.0094,132.7207,130.9024,13.6344,13.9384,378
2016-09-27 16:00:00,126.56,blend,0.5117,123.7598,0.0,128.9567,128.9567,122.7578,124.8099,13.657,13.8304,379
2016-09-27 17:00:00,119.15,blend,0.5117,112.4837,0.0,99.9183,99.9183,112.1003,112.8855,13.6465,13.7704,380
2016-09-27 18:00:00,83.97,blend,0.5117,94.3309,0.0,96.487,96.487,97.9294,90.5599,13.5942,13.7931,381
2016-09-27 19:00:00,80.64,blend,0.5117,78.4706,0.0,85.1382,85.1382,80.7664,76.0647,13.53,13.7303,382
2016-09-27 20:00:00,79.21,blend,0.5117,71.2294,0.0,81.1005,81.1005,71.5119,70.9334,13.574,13.7793,383
2016-09-27 21:00:00,61.59,blend,0.5117,66.4402,0.0,71.2604,71.2604,66.124,66.7716,13.5851,13.7853,384
2016-09-27 22:00:00,61.01,blend,0.5117,63.5534,0.0,50.9221,50.9221,63.687,63.4135,13.579,13.7978,385
2016-09-27 23:00:00,58.7,blend,0.5117,61.839,0.0,73.5169,73.5169,63.3684,60.2363,13.5877,13.7982,386
2016-09-28 00:00:00,59.18,blend,0.5117,62.6382,0.0,49.2606,49.2606,66.708,58.3733,13.6096,13.7939,387
2016-09-28 01:00:00,58.35,blend,0.5117,65.5101,0.0,80.6435,80.6435,71.5327,59.1987,13.6137,13.7977,388
2016-09-28 02:00:00,59.94,blend,0.5117,72.198,0.0,75.6335,75.6335,78.251,65.8549,13.5733,13.7313,389
2016-09-28 03:00:00,61.93,blend,0.5117,86.6442,0.0,85.4461,85.4461,86.2052,87.1042,13.4847,13.5876,390
2016-09-28 04:00:00,84.32,blend,0.5117,99.4581,0.0,86.7159,86.7159,95.2599,103.8575,13.4417,13.5302,391
2016-09-28 05:00:00,90.94,blend,0.5117,109.9567,0.0,96.9414,96.9414,109.341,110.6018,13.3963,13.416,392
2016-09-28 06:00:00,96.74,blend,0.5117,120.7786,0.0,120.3179,120.3179,120.8929,120.659,13.4174,13.3173,393
2016-09-28 07:00:00,114.79,blend,0.5117,131.6431,0.0,142.1556,142.1556,129.2503,134.1506,13.3118,13.1326,394
2016-09-28 08:00:00,130.89,blend,0.5117,138.1496,0.0,117.7679,117.7679,134.8455,141.612,13.203,13.0328,395
2016-09-28 09:00:00,123.71,blend,0.5117,143.9773,0.0,142.7431,142.7431,141.3789,146.7002,13.2517,13.1413,396
2016-09-28 10:00:00,121.31,blend,0.5117,146.3355,0.0,157.0694,157.0694,146.8463,145.8003,13.3168,13.2369,397
2016-09-28 11:00:00,128.43,blend,0.5117,146.0995,0.0,150.2325,150.2325,148.1854,143.9136,13.3379,13.2323,398
2016-09-28 12:00:00,125.36,blend,0.5117,146.0004,0.0,146.4943,146.4943,147.9927,143.9126,13.4086,13.2608,399
2016-09-28 13:00:00,120.21,blend,0.5117,144.7978,0.0,151.2097,151.2097,146.2833,143.2411,13.5259,13.3744,400
2016-09-28 14:00:00,132.73,blend,0.5117,140.4261,0.0,157.7797,157.7797,139.8002,141.0819,13.5447,13.4151,401
2016-09-28 15:00:00,106.92,blend,0.5117,131.1186,0.0,149.5461,149.5461,129.1976,133.1317,13.5955,13.4972,402
2016-09-28 16:00:00,108.09,blend,0.5117,122.0587,0.0,124.6036,124.6036,120.764,123.4154,13.6231,13.5571,403
2016-09-28 17:00:00,104.13,blend,0.5117,99.9078,0.0,106.8256,106.8256,102.4316,97.2631,13.6179,13.4334,404
2016-09-28 18:00:00,75.66,blend,0.5117,84.9428,0.0,89.006,89.006,89.5657,80.0983,13.5276,13.4156,405
2016-09-28 19:00:00,82.49,blend,0.5117,72.5237,0.0,76.2102,76.2102,72.9511,72.0758,13.5557,13.4742,406
2016-09-28 20:00:00,73.13,blend,0.5117,67.8029,0.0,71.2524,71.2524,66.4688,69.2011,13.5279,13.4241,407
2016-09-28 21:00:00,63.95,blend,0.5117,65.2572,0.0,73.6702,73.6702,64.5509,65.9974,13.515,13.4309,408
2016-09-28 22:00:00,62.51,blend,0.5117,60.8539,0.0,47.3364,47.3364,60.7401,60.9731,13.5222,13.4322,409
2016-09-28 23:00:00,62.36,blend,0.5117,59.4418,0.0,55.5942,55.5942,60.3157,58.5259,13.5159,13.4401,410
2016-09-29 00:00:00,63.34,blend,0.5117,60.1529,0.0,66.2201,66.2201,62.7034,57.4801,13.4906,13.4598,411
2016-09-29 01:00:00,61.55,blend,0.5117,63.5264,0.0,66.9777,66.9777,67.2732,59.6001,13.445,13.4666,412
2016-09-29 02:00:00,61.49,blend,0.5117,66.2742,0.0,74.4033,74.4033,71.6078,60.685,13.349,13.3536,413
2016-09-29 03:00:00,61.81,blend,0.5117,74.1436,0.0,78.0419,78.0419,76.9139,71.2405,13.2059,13.1275,414
2016-09-29 04:00:00,80.11,blend,0.5117,73.7247,0.0,70.3047,70.3047,78.9944,68.2023,13.0798,13.0133,415
2016-09-29 05:00:00,85.41,blend,0.5117,85.4376,0.0,92.7257,92.7257,87.2657,83.522,12.9321,12.8227,416
2016-09-29 06:00:00,91.48,blend,0.5117,106.2673,0.0,111.6454,111.6454,102.852,109.8463,12.7834,12.6067,417
2016-09-29 07:00:00,104.16,blend,0.5117,118.0668,0.0,108.4622,108.4622,115.2896,120.9771,12.5868,12.3187,418
2016-09-29 08:00:00,122.62,blend,0.5117,123.7659,0.0,142.733,142.733,122.4489,125.1461,12.4581,12.1493,419
2016-09-29 09:00:00,125.71,blend,0.5117,133.2732,0.0,132.3971,132.3971,131.1962,135.4498,12.4471,12.181,420
2016-09-29 10:00:00,128.77,blend,0.5117,138.6184,0.0,132.9605,132.9605,137.499,139.7915,12.4242,12.18,421
2016-09-29 11:00:00,139.29,blend,0.5117,141.3171,0.0,129.2184,129.2184,140.6794,141.9854,12.3914,12.1264,422
2016-09-29 12:00:00,123.11,blend,0.5117,145.3999,0.0,174.8404,174.8404,144.3061,146.5462,12.4908,12.2108,423
2016-09-29 13:00:00,124.62,blend,0.5117,146.1913,0.0,138.1836,138.1836,144.9533,147.4885,12.5989,12.3174,424
2016-09-29 14:00:00,126.92,blend,0.5117,139.4435,0.0,128.9044,128.9044,137.8748,141.0873,12.6213,12.3585,425
2016-09-29 15:00:00,116.47,blend,0.5117,129.8669,0.0,119.1843,119.1843,129.2908,130.4706,12.6161,12.3882,426
2016-09-29 16:00:00,105.9,blend,0.5117,113.4534,0.0,124.6532,124.6532,115.1122,111.7151,12.6559,12.3151,427
2016-09-29 17:00:00,88.87,blend,0.5117,98.1753,0.0,118.1956,118.1956,102.3185,93.8336,12.6524,12.1029,428
2016-09-29 18:00:00,75.2,blend,0.5117,84.0054,0.0,79.1098,79.1098,88.1052,79.709,12.5909,12.1183,429
2016-09-29 19:00:00,72.59,blend,0.5117,70.9605,0.0,65.5754,65.5754,71.1245,70.7887,12.5963,12.0938,430
2016-09-29 20:00:00,65.74,blend,0.5117,66.99,0.0,66.3684,66.3684,66.2602,67.7548,12.5713,12.0675,431
2016-09-29 21:00:00,59.64,blend,0.5117,63.742,0.0,64.2213,64.2213,63.341,64.1623,12.5514,12.0524,432
2016-09-29 22:00:00,60.22,blend,0.5117,60.665,0.0,68.5455,68.5455,60.9127,60.4055,12.5379,12.033,433
2016-09-29 23:00:00,60.26,blend,0.5117,59.0637,0.0,68.9157,68.9157,60.7447,57.3021,12.5276,12.0498,434
2016-09-30 00:00:00,58.85,blend,0.5117,60.6374,0.0,66.7607,66.7607,63.5173,57.6195,12.4957,12.0513,435
2016-09-30 01:00:00,59.3,blend,0.5117,64.3968,0.0,68.3244,68.3244,68.2428,60.3664,12.4197,12.0432,436
2016-09-30 02:00:00,59.29,blend,0.5117,71.2852,0.0,75.3328,75.3328,73.6059,68.8533,12.3151,11.9096,437
2016-09-30 03:00:00,59.56,blend,0.5117,76.0844,0.0,79.2593,79.2593,78.3462,73.7142,12.1852,11.7075,438
2016-09-30 04:00:00,64.1,blend,0.5117,89.5971,0.0,89.7048,89.7048,85.8631,93.51,12.1996,11.7284,439
2016-09-30 05:00:00,75.72,blend,0.5117,99.0073,0.0,104.8231,104.8231,97.7052,100.3718,12.2438,11.7548,440
2016-09-30 06:00:00,68.3,blend,0.5117,106.1669,0.0,95.3127,95.3127,104.4291,107.9879,12.3399,11.7868,441
2016-09-30 07:00:00,62.57,blend,0.5117,113.1929,0.0,123.1861,123.1861,111.4396,115.0303,12.3679,11.7211,442
2016-09-30 08:00:00,65.08,blend,0.5117,115.0196,0.0,89.8267,89.8267,113.2803,116.8423,12.5111,11.8017,443
2016-09-30 09:00:00,71.49,blend,0.5117,111.1956,0.0,118.2519,118.2519,109.4419,113.0333,12.6847,12.0066,444
2016-09-30 10:00:00,73.97,blend,0.5117,105.8704,0.0,108.4769,108.4769,104.8491,106.9407,12.7557,12.1263,445
2016-09-30 11:00:00,76.33,blend,0.5117,104.6496,0.0,99.9582,99.9582,102.1507,107.2683,12.8703,12.2432,446
2016-09-30 12:00:00,79.42,blend,0.5117,103.8084,0.0,95.8174,95.8174,100.0611,107.7352,12.9454,12.3266,447
2016-09-30 13:00:00,83.1,blend,0.5117,100.8145,0.0,96.4435,96.4435,95.7471,106.1247,12.9732,12.4009,448
2016-09-30 14:00:00,83.09,blend,0.5117,98.7881,0.0,86.4891,86.4891,91.6852,106.2314,13.017,12.5118,449
2016-09-30 15:00:00,78.2,blend,0.5117,95.5174,0.0,84.6804,84.6804,87.7348,103.673,13.035,12.6532,450
2016-09-30 16:00:00,76.56,blend,0.5117,88.6611,0.0,80.7024,80.7024,81.3693,96.3025,13.0498,12.6992,451
2016-09-30 17:00:00,64.03,blend,0.5117,79.7394,0.0,73.2271,73.2271,74.7464,84.9718,13.0666,12.6634,452
2016-09-30 18:00:00,61.61,blend,0.5117,72.3664,0.0,72.7637,72.7637,69.2997,75.5801,12.9366,12.6873,453
2016-09-30 19:00:00,66.14,blend,0.5117,63.9288,0.0,71.2106,71.2106,62.7818,65.1308,12.9171,12.6186,454
2016-09-30 20:00:00,64.14,blend,0.5117,61.3586,0.0,57.1259,57.1259,61.2915,61.4288,12.8512,12.5482,455
2016-09-30 21:00:00,57.98,blend,0.5117,59.7059,0.0,54.6898,54.6898,61.243,58.0951,12.8387,12.5171,456
2016-09-30 22:00:00,58.7,blend,0.5117,58.1666,0.0,58.957,58.957,60.7846,55.4232,12.8275,12.5196,457
2016-09-30 23:00:00,58.56,blend,0.5117,58.0349,0.0,56.7312,56.7312,61.206,54.7118,12.8067,12.5386,458
2016-10-01 00:00:00,59.37,blend,0.5117,59.3068,0.0,63.4293,63.4293,62.6444,55.8092,12.7462,12.5426,459
2016-10-01 01:00:00,56.98,blend,0.5117,62.1281,0.0,64.2418,64.2418,63.3105,60.8891,12.6586,12.5234,460
2016-10-01 02:00:00,57.6,blend,0.5117,61.8606,0.0,62.5747,62.5747,62.3536,61.3441,12.5276,12.3181,461
2016-10-01 03:00:00,57.38,blend,0.5117,65.8428,0.0,50.0456,50.0456,64.5649,67.1818,12.3937,12.0922,462
2016-10-01 04:00:00,61.87,blend,0.5117,67.7925,0.0,64.2032,64.2032,67.0569,68.5633,12.4221,12.0405,463
2016-10-01 05:00:00,75.42,blend,0.5117,68.9907,0.0,66.9213,66.9213,70.543,67.3639,12.4477,12.0745,464
2016-10-01 06:00:00,65.87,blend,0.5117,71.1011,0.0,76.8391,76.8391,73.9093,68.1583,12.3783,12.0176,465
2016-10-01 07:00:00,64.33,blend,0.5117,74.139,0.0,79.033,79.033,77.4406,70.6791,12.1983,11.856,466
2016-10-01 08:00:00,11.1,blend,0.5117,75.7054,0.0,86.501,86.501,78.6625,72.6066,12.2857,11.9919,467
2016-10-01 09:00:00,28.479999999999997,blend,0.5117,69.9015,0.0,65.6761,65.6761,70.5378,69.2347,12.3231,12.1602,468
2016-10-01 10:00:00,45.86,blend,0.5117,56.7871,0.0,57.1175,57.1175,57.3085,56.2407,12.109,12.0896,469
2016-10-01 11:00:00,73.82,blend,0.5117,56.5251,0.0,56.7408,56.7408,55.1401,57.9766,11.9743,12.0474,470
2016-10-01 12:00:00,71.02,blend,0.5117,57.4805,0.0,46.3609,46.3609,53.429,61.7262,11.8483,11.9409,471
2016-10-01 13:00:00,70.32,blend,0.5117,59.3993,0.0,56.1585,56.1585,53.4668,65.616,11.6821,11.7373,472
2016-10-01 14:00:00,69.99,blend,0.5117,59.9797,0.0,56.054,56.054,53.3335,66.9446,11.6466,11.611,473
2016-10-01 15:00:00,69.42,blend,0.5117,58.7554,0.0,56.223,56.223,52.4569,65.3558,11.6232,11.4812,474
2016-10-01 16:00:00,68.13,blend,0.5117,55.8466,0.0,52.8783,52.8783,51.279,60.6331,11.654,11.415,475
2016-10-01 17:00:00,66.07,blend,0.5117,52.8036,0.0,54.627,54.627,49.9742,55.7687,11.7481,11.4422,476
2016-10-01 18:00:00,66.05,blend,0.5117,50.4863,0.0,51.428,51.428,48.804,52.2493,11.7543,11.417,477
2016-10-01 19:00:00,71.68,blend,0.5117,48.5864,0.0,47.6263,47.6263,47.62,49.5991,11.8663,11.514,478
2016-10-01 20:00:00,63.53,blend,0.5117,47.9641,0.0,51.3478,51.3478,47.3681,48.5886,11.9472,11.5898,479
2016-10-01 21:00:00,48.09,blend,0.5117,47.7026,0.0,50.6873,50.6873,47.3784,48.0423,11.909,11.5549,480
2016-10-01 22:00:00,49.22,blend,0.5117,47.4973,0.0,56.8551,56.8551,47.3131,47.6903,11.9101,11.556,481
2016-10-01 23:00:00,49.12,blend,0.5117,47.3629,0.0,47.4936,47.4936,47.1109,47.627,11.8988,11.5579,482
2016-10-02 00:00:00,47.61,blend,0.5117,47.5803,0.0,40.4895,40.4895,47.2922,47.8822,11.8712,11.5492,483
2016-10-02 01:00:00,48.19,blend,0.5117,48.5814,0.0,44.2598,44.2598,48.3328,48.8419,11.8349,11.5511,484
2016-10-02 02:00:00,66.82,blend,0.5117,50.9773,0.0,54.4954,54.4954,50.1024,51.8942,11.8813,11.6044,485
2016-10-02 03:00:00,62.44,blend,0.5117,55.3685,0.0,51.8122,51.8122,52.7439,58.1189,11.8641,11.5275,486
2016-10-02 04:00:00,70.0,blend,0.5117,61.0248,0.0,43.1491,43.1491,57.7224,64.4855,11.8743,11.4482,487
2016-10-02 05:00:00,66.18,blend,0.5117,65.1858,0.0,41.5049,41.5049,63.5422,66.9082,11.8153,11.3851,488
2016-10-02 06:00:00,66.76,blend,0.5117,69.0592,0.0,70.8183,70.8183,69.4827,68.6153,11.7377,11.3281,489
2016-10-02 07:00:00,57.04,blend,0.5117,71.0936,0.0,82.0341,82.0341,72.7532,69.3545,11.6854,11.2776,490
2016-10-02 08:00:00,56.37,blend,0.5117,72.0676,0.0,74.2072,74.2072,74.5146,69.5034,11.6882,11.2623,491
2016-10-02 09:00:00,58.47,blend,0.5117,70.534,0.0,88.1364,88.1364,71.3169,69.7135,11.6704,11.2356,492
2016-10-02 10:00:00,59.44,blend,0.5117,72.1888,0.0,72.0853,72.0853,70.8111,73.6327,11.661,11.226,493
2016-10-02 11:00:00,58.82,blend,0.5117,73.0663,0.0,73.693,73.693,69.7483,76.5433,11.6599,11.2299,494
2016-10-02 12:00:00,59.23,blend,0.5117,73.2376,0.0,65.9162,65.9162,68.3819,78.326,11.698,11.2812,495
2016-10-02 13:00:00,58.32,blend,0.5117,72.4905,0.0,59.3927,59.3927,66.2783,79.0005,11.7387,11.3539,496
2016-10-02 14:00:00,62.63,blend,0.5117,70.4605,0.0,65.455,65.455,63.8356,77.403,11.7297,11.352,497
2016-10-02 15:00:00,64.61,blend,0.5117,68.1183,0.0,64.2772,64.2772,61.6679,74.878,11.6793,11.3976,498
2016-10-02 16:00:00,66.46,blend,0.5117,65.1142,0.0,60.0767,60.0767,59.7326,70.7538,11.6631,11.3864,499
2016-10-02 17:00:00,64.07,blend,0.5117,61.5531,0.0,57.3835,57.3835,58.0268,65.2485,11.625,11.3692,500
2016-10-02 18:00:00,43.81,blend,0.5117,57.9987,0.0,52.821,52.821,56.5484,59.5186,11.6998,11.3798,501
2016-10-02 19:00:00,48.0,blend,0.5117,54.1759,0.0,58.9289,58.9289,54.682,53.6455,11.7328,11.3771,502
2016-10-02 20:00:00,47.86,blend,0.5117,52.285,0.0,44.4611,44.4611,53.5825,50.9253,11.7312,11.3906,503
2016-10-02 21:00:00,46.44,blend,0.4919,51.1429,0.0,58.3519,58.3519,52.643,49.6906,11.7663,11.3915,504
2016-10-02 22:00:00,47.25,blend,0.4919,50.8112,0.0,47.1018,47.1018,52.2601,49.4084,11.7941,11.4034,505
2016-10-02 23:00:00,47.52,blend,0.4919,51.0941,0.0,41.3319,41.3319,52.4406,49.7905,11.8225,11.4142,506
2016-10-03 00:00:00,47.17,blend,0.4919,51.9437,0.0,58.1323,58.1323,53.0124,50.909,11.856,11.4271,507
2016-10-03 01:00:00,46.41,blend,0.4919,54.1594,0.0,47.4597,47.4597,55.6933,52.6743,11.8941,11.4572,508
2016-10-03 02:00:00,64.63,blend,0.4919,61.8283,0.0,65.8226,65.8226,60.5304,63.0849,11.8614,11.4418,509
2016-10-03 03:00:00,67.81,blend,0.4919,71.6478,0.0,78.3582,78.3582,66.7272,76.4117,11.7734,11.4013,510
2016-10-03 04:00:00,86.28,blend,0.4919,82.6986,0.0,100.3133,100.3133,76.5983,88.6046,11.7714,11.3323,511
2016-10-03 05:00:00,74.12,blend,0.4919,92.546,0.0,85.5294,85.5294,89.7514,95.2517,11.8447,11.4369,512
2016-10-03 06:00:00,79.4,blend,0.4919,100.0509,0.0,87.3502,87.3502,101.5872,98.5635,11.9447,11.5155,513
2016-10-03 07:00:00,94.05,blend,0.4919,103.1694,0.0,89.691,89.691,105.147,101.2547,11.9765,11.5332,514
2016-10-03 08:00:00,112.76,blend,0.4919,106.7924,0.0,128.1575,128.1575,109.7679,103.9117,11.9566,11.5028,515
2016-10-03 09:00:00,125.85,blend,0.4919,112.7421,0.0,131.1704,131.1704,114.7852,110.7641,12.0185,11.5704,516
2016-10-03 10:00:00,135.37,blend,0.4919,120.4042,0.0,132.8783,132.8783,122.9525,117.9371,12.0087,11.6051,517
2016-10-03 11:00:00,134.71,blend,0.4919,127.9563,0.0,92.7179,92.7179,130.781,125.2215,12.0028,11.6443,518
2016-10-03 12:00:00,130.35,blend,0.4919,134.3031,0.0,157.4853,157.4853,136.3438,132.3273,11.9046,11.5485,519
2016-10-03 13:00:00,126.1,blend,0.4919,135.5006,0.0,119.7316,119.7316,136.7083,134.3314,11.8471,11.4963,520
2016-10-03 14:00:00,126.59,blend,0.4919,131.9818,0.0,144.8161,144.8161,130.8445,133.0828,11.7758,11.4557,521
2016-10-03 15:00:00,119.14,blend,0.4919,125.8841,0.0,135.6094,135.6094,122.4175,129.2403,11.6377,11.4126,522
2016-10-03 16:00:00,112.11,blend,0.4919,115.5426,0.0,130.1152,130.1152,109.9687,120.9388,11.5592,11.4451,523
2016-10-03 17:00:00,104.5,blend,0.4919,102.6154,0.0,107.763,107.763,96.2024,108.8242,11.5478,11.4169,524
2016-10-03 18:00:00,63.98,blend,0.4919,82.8903,0.0,95.7749,95.7749,81.9231,83.8267,11.6277,11.4778,525
2016-10-03 19:00:00,61.49,blend,0.4919,70.0568,0.0,65.1971,65.1971,70.2038,69.9144,11.6533,11.4959,526
2016-10-03 20:00:00,49.8,blend,0.4919,63.1151,0.0,55.3417,55.3417,62.6767,63.5394,11.6869,11.5345,527
2016-10-03 21:00:00,49.16,blend,0.4919,58.6628,0.0,46.1466,46.1466,58.7073,58.6197,11.7137,11.5621,528
2016-10-03 22:00:00,49.03,blend,0.4919,55.2274,0.0,52.5016,52.5016,56.4309,54.0622,11.7265,11.5732,529
2016-10-03 23:00:00,48.45,blend,0.4919,54.2379,0.0,45.4217,45.4217,57.0731,51.4931,11.74,11.5773,530
2016-10-04 00:00:00,48.73,blend,0.4919,55.9061,0.0,48.8514,48.8514,60.123,51.8236,11.7618,11.594,531
2016-10-04 01:00:00,47.97,blend,0.4919,60.7022,0.0,57.5202,57.5202,64.854,56.6827,11.774,11.6202,532
2016-10-04 02:00:00,48.15,blend,0.4919,72.6704,0.0,73.4424,73.4424,71.6955,73.6142,11.7787,11.6746,533
2016-10-04 03:00:00,47.15,blend,0.4919,85.2673,0.0,83.4543,83.4543,79.5597,90.793,11.8139,11.807,534
2016-10-04 04:00:00,50.58,blend,0.4919,91.4025,0.0,79.3307,79.3307,86.0941,96.5417,11.9302,12.0451,535
2016-10-04 05:00:00,50.62,blend,0.4919,96.7379,0.0,106.5228,106.5228,95.1309,98.2937,12.0502,12.1917,536
2016-10-04 06:00:00,56.61,blend,0.4919,100.6712,0.0,78.0299,78.0299,100.667,100.6753,12.1781,12.3299,537
2016-10-04 07:00:00,66.78,blend,0.4919,105.9748,0.0,108.8424,108.8424,106.2808,105.6785,12.29,12.4162,538
2016-10-04 08:00:00,88.95,blend,0.4919,110.3266,0.0,135.018,135.018,111.6103,109.0839,12.3777,12.4307,539
2016-10-04 09:00:00,99.78,blend,0.4919,112.0089,0.0,122.064,122.064,111.9364,112.0792,12.3978,12.3929,540
2016-10-04 10:00:00,106.64,blend,0.4919,115.5053,0.0,131.0603,131.0603,116.3419,114.6953,12.3397,12.3288,541
2016-10-04 11:00:00,106.12,blend,0.4919,118.3949,0.0,110.6538,110.6538,118.8567,117.9477,12.3242,12.3227,542
2016-10-04 12:00:00,106.42,blend,0.4919,120.7039,0.0,106.2445,106.2445,122.1215,119.3315,12.2988,12.3101,543
2016-10-04 13:00:00,106.41,blend,0.4919,118.9502,0.0,142.2922,142.2922,119.2862,118.625,12.265,12.3153,544
2016-10-04 14:00:00,106.35,blend,0.4919,115.1163,0.0,117.0738,117.0738,112.5026,117.6468,12.2417,12.3515,545
2016-10-04 15:00:00,99.31,blend,0.4919,109.8473,0.0,137.5306,137.5306,103.4856,116.0064,12.2306,12.4257,546
2016-10-04 16:00:00,92.97,blend,0.4919,101.5767,0.0,98.3177,98.3177,92.5717,110.2948,12.2103,12.5184,547
2016-10-04 17:00:00,85.14,blend,0.4919,90.405,0.0,97.0313,97.0313,81.2692,99.2498,12.1914,12.5651,548
2016-10-04 18:00:00,63.54,blend,0.4919,76.084,0.0,88.2577,88.2577,70.6677,81.3278,12.1507,12.6317,549
2016-10-04 19:00:00,62.27,blend,0.4919,63.0556,0.0,61.062,61.062,61.3959,64.6624,12.1552,12.6188,550
2016-10-04 20:00:00,52.96,blend,0.4919,58.1523,0.0,52.1743,52.1743,57.5907,58.696,12.1369,12.6036,551
2016-10-04 21:00:00,52.84,blend,0.4919,54.7505,0.0,59.4461,59.4461,55.2469,54.2699,12.1243,12.5813,552
2016-10-04 22:00:00,51.17,blend,0.4919,52.7129,0.0,61.3532,61.3532,53.8506,51.6115,12.1243,12.5696,553
2016-10-04 23:00:00,50.66,blend,0.4919,52.4344,0.0,52.0651,52.0651,54.1088,50.8133,12.117,12.5614,554
2016-10-05 00:00:00,50.86,blend,0.4919,53.3173,0.0,47.3351,47.3351,55.6525,51.0565,12.1007,12.5578,555
2016-10-05 01:00:00,50.59,blend,0.4919,54.4903,0.0,45.9144,45.9144,57.5535,51.5247,12.0637,12.5583,556
2016-10-05 02:00:00,50.88,blend,0.4919,57.4229,0.0,58.1423,58.1423,61.1251,53.8387,12.0157,12.5407,557
2016-10-05 03:00:00,48.85,blend,0.4919,65.7457,0.0,58.3748,58.3748,66.7172,64.8052,11.9776,12.4858,558
2016-10-05 04:00:00,52.34,blend,0.4919,78.198,0.0,82.2591,82.2591,73.0382,83.1935,12.0356,12.5532,559
2016-10-05 05:00:00,52.61,blend,0.4919,84.3568,0.0,89.6963,89.6963,81.6017,87.0241,12.0987,12.641,560
2016-10-05 06:00:00,61.41,blend,0.4919,88.7134,0.0,97.7763,97.7763,87.5173,89.8713,12.1103,12.668,561
2016-10-05 07:00:00,67.86,blend,0.4919,94.1375,0.0,79.478,79.478,93.2001,95.0451,12.1751,12.7146,562
2016-10-05 08:00:00,84.44,blend,0.4919,99.3128,0.0,103.534,103.534,98.627,99.9766,12.236,12.7432,563
2016-10-05 09:00:00,95.87,blend,0.4919,102.6616,0.0,109.6054,109.6054,99.0254,106.1821,12.1496,12.6678,564
2016-10-05 10:00:00,101.89,blend,0.4919,103.9988,0.0,99.9855,99.9855,100.2588,107.6198,12.0073,12.5561,565
2016-10-05 11:00:00,101.66,blend,0.4919,107.466,0.0,130.8855,130.8855,102.7316,112.0496,11.8961,12.5258,566
2016-10-05 12:00:00,97.72,blend,0.4919,109.3292,0.0,129.2872,129.2872,105.0198,113.5012,11.8048,12.5093,567
2016-10-05 13:00:00,99.17,blend,0.4919,108.8737,0.0,134.6711,134.6711,104.0505,113.5432,11.6787,12.4577,568
2016-10-05 14:00:00,97.27,blend,0.4919,105.1394,0.0,132.3133,132.3133,98.8161,111.2612,11.6458,12.4913,569
2016-10-05 15:00:00,90.22,blend,0.4919,101.3205,0.0,91.9852,91.9852,93.2707,109.1139,11.5313,12.4478,570
2016-10-05 16:00:00,82.05,blend,0.4919,92.6696,0.0,106.3109,106.3109,83.7136,101.3404,11.4658,12.4714,571
2016-10-05 17:00:00,71.01,blend,0.4919,83.5637,0.0,90.965,90.965,75.0563,91.8002,11.4798,12.5542,572
2016-10-05 18:00:00,59.4,blend,0.4919,71.3257,0.0,82.5909,82.5909,66.7939,75.7131,11.441,12.6249,573
2016-10-05 19:00:00,59.1,blend,0.4919,59.5677,0.0,51.4783,51.4783,58.8849,60.2286,11.3855,12.5696,574
2016-10-05 20:00:00,51.91,blend,0.4919,54.9891,0.0,69.1817,69.1817,55.7707,54.2324,11.3689,12.5601,575
2016-10-05 21:00:00,50.79,blend,0.4919,52.5776,0.0,46.2235,46.2235,53.9818,51.2181,11.3843,12.5504,576
2016-10-05 22:00:00,51.33,blend,0.4919,51.7399,0.0,49.6124,49.6124,53.101,50.4221,11.3843,12.5467,577
2016-10-05 23:00:00,51.28,blend,0.4919,51.8414,0.0,52.3134,52.3134,53.1242,50.5996,11.3831,12.5279,578
2016-10-06 00:00:00,51.01,blend,0.4919,52.4124,0.0,46.6762,46.6762,53.9529,50.9209,11.3968,12.4936,579
2016-10-06 01:00:00,51.02,blend,0.4919,53.6136,0.0,55.7813,55.7813,55.6544,51.6378,11.3903,12.4856,580
2016-10-06 02:00:00,51.02,blend,0.4919,57.8793,0.0,53.4334,53.4334,58.8936,56.8974,11.377,12.5158,581
2016-10-06 03:00:00,50.84,blend,0.4919,66.1248,0.0,84.4344,84.4344,63.784,68.391,11.3641,12.5642,582
2016-10-06 04:00:00,52.91,blend,0.4919,73.8522,0.0,95.5463,95.5463,69.8311,77.7451,11.4582,12.6411,583
2016-10-06 05:00:00,50.76,blend,0.4919,79.8474,0.0,93.5127,93.5127,77.9776,81.6577,11.6092,12.8138,584
2016-10-06 06:00:00,60.12,blend,0.4919,84.7454,0.0,75.7675,75.7675,84.2474,85.2275,11.6851,12.8539,585
2016-10-06 07:00:00,70.4,blend,0.4919,89.0213,0.0,104.8923,104.8923,88.7421,89.2915,11.728,12.8663,586
2016-10-06 08:00:00,84.65,blend,0.4919,94.3547,0.0,93.595,93.595,94.235,94.4706,11.7841,12.9097,587
2016-10-06 09:00:00,94.48,blend,0.4919,98.1447,0.0,84.8224,84.8224,95.8378,100.3781,11.7595,12.8868,588
2016-10-06 10:00:00,94.02,blend,0.4919,100.6509,0.0,96.2316,96.2316,98.2513,102.974,11.7327,12.8745,589
2016-10-06 11:00:00,94.59,blend,0.4919,103.6387,0.0,109.8392,109.8392,100.8871,106.3027,11.7619,12.9282,590
2016-10-06 12:00:00,102.14,blend,0.4919,105.5878,0.0,125.6936,125.6936,101.2088,109.8274,11.6413,12.8345,591
2016-10-06 13:00:00,100.15,blend,0.4919,105.3566,0.0,103.4963,103.4963,99.1276,111.3872,11.5264,12.7652,592
2016-10-06 14:00:00,101.03,blend,0.4919,106.2217,0.0,105.4588,105.4588,97.9239,114.2552,11.4796,12.7596,593
2016-10-06 15:00:00,95.64,blend,0.4919,103.9975,0.0,106.4925,106.4925,93.5254,114.1359,11.4159,12.7864,594
2016-10-06 16:00:00,88.16,blend,0.4919,97.9333,0.0,100.3667,100.3667,86.7879,108.7238,11.3692,12.8742,595
2016-10-06 17:00:00,81.69,blend,0.4919,88.3187,0.0,78.2782,78.2782,79.0948,97.2489,11.3046,12.9372,596
2016-10-06 18:00:00,65.5,blend,0.4919,74.442,0.0,62.1105,62.1105,70.6829,78.0813,11.2587,12.9853,597
2016-10-06 19:00:00,63.34,blend,0.4919,63.0583,0.0,68.4233,68.4233,62.5264,63.5733,11.2548,12.9759,598
2016-10-06 20:00:00,58.44,blend,0.4919,58.2857,0.0,61.8006,61.8006,59.0726,57.5239,11.2555,12.9694,599
2016-10-06 21:00:00,56.51,blend,0.4919,54.7434,0.0,64.8603,64.8603,56.8124,52.7402,11.2352,12.9649,600
2016-10-06 22:00:00,57.51,blend,0.4919,52.9596,0.0,47.5159,47.5159,55.6713,50.3342,11.2421,13.0065,601
2016-10-06 23:00:00,55.67,blend,0.4919,52.7878,0.0,49.6764,49.6764,55.6837,49.9841,11.2392,13.0228,602
2016-10-07 00:00:00,56.22,blend,0.4919,54.1466,0.0,50.6415,50.6415,57.0284,51.3566,11.2163,13.0444,603
2016-10-07 01:00:00,55.91,blend,0.4919,57.8367,0.0,53.0388,53.0388,59.4706,56.2548,11.1842,13.0401,604
2016-10-07 02:00:00,56.21,blend,0.4919,64.5447,0.0,71.544,71.544,63.0527,65.9892,11.1398,13.0414,605
2016-10-07 03:00:00,57.2,blend,0.4919,70.9421,0.0,92.1733,92.1733,67.3235,74.4454,11.0882,13.0598,606
2016-10-07 04:00:00,60.72,blend,0.4919,77.2332,0.0,72.2705,72.2705,72.8133,81.5123,11.0306,13.0085,607
2016-10-07 05:00:00,57.92,blend,0.4919,82.7027,0.0,79.5114,79.5114,80.4974,84.8377,11.0342,13.022,608
2016-10-07 06:00:00,68.28,blend,0.4919,89.3026,0.0,97.4401,97.4401,88.6379,89.946,10.9403,12.9147,609
2016-10-07 07:00:00,74.36,blend,0.4919,92.8026,0.0,102.8734,102.8734,93.3466,92.2759,10.7624,12.7091,610
2016-10-07 08:00:00,90.07,blend,0.4919,96.3733,0.0,121.4673,121.4673,98.2253,94.5803,10.524,12.4278,611
2016-10-07 09:00:00,100.22,blend,0.4919,98.9347,0.0,93.9006,93.9006,98.9705,98.9,10.3056,12.1884,612
2016-10-07 10:00:00,102.66,blend,0.4919,103.2567,0.0,106.9139,106.9139,101.6714,104.7916,10.1277,12.0048,613
2016-10-07 11:00:00,109.31,blend,0.4919,108.0085,0.0,115.1908,115.1908,104.6934,111.218,10.0014,11.832,614
2016-10-07 12:00:00,111.49,blend,0.4919,113.2198,0.0,117.7139,117.7139,107.4339,118.8214,9.9027,11.7071,615
2016-10-07 13:00:00,102.21,blend,0.4919,117.6508,0.0,112.3326,112.3326,109.0033,126.0228,9.8679,11.7118,616
2016-10-07 14:00:00,103.87,blend,0.4919,119.0095,0.0,133.8482,133.8482,107.7153,129.944,9.8396,11.7293,617
2016-10-07 15:00:00,97.22,blend,0.4919,112.0932,0.0,144.9748,144.9748,101.4966,122.3523,9.8083,11.7272,618
2016-10-07 16:00:00,89.97,blend,0.4919,99.1743,0.0,111.7236,111.7236,93.8486,104.3304,9.8028,11.6952,619
2016-10-07 17:00:00,79.01,blend,0.4919,86.464,0.0,73.5348,73.5348,85.2392,87.6498,9.7761,11.622,620
2016-10-07 18:00:00,60.84,blend,0.4919,75.1477,0.0,88.2873,88.2873,76.0571,74.2673,9.8209,11.6188,621
2016-10-07 19:00:00,56.57,blend,0.4919,65.8438,0.0,63.6281,63.6281,66.7479,64.9685,9.8615,11.6627,622
2016-10-07 20:00:00,51.92,blend,0.4919,61.386,0.0,43.6086,43.6086,62.883,59.9368,9.9098,11.6943,623
2016-10-07 21:00:00,54.11,blend,0.4919,57.1895,0.0,51.5712,51.5712,59.9779,54.4898,9.9253,11.6959,624
2016-10-07 22:00:00,50.97,blend,0.4919,54.926,0.0,41.3033,41.3033,58.5328,51.4341,9.9579,11.6792,625
2016-10-07 23:00:00,52.59,blend,0.4919,54.8112,0.0,52.5915,52.5915,58.8449,50.906,9.9794,11.6663,626
2016-10-08 00:00:00,51.72,blend,0.4919,56.203,0.0,56.217,56.217,60.042,52.4863,10.0094,11.6496,627
2016-10-08 01:00:00,52.37,blend,0.4919,60.7153,0.0,63.0305,63.0305,60.9546,60.4837,10.0228,11.6747,628
2016-10-08 02:00:00,51.8,blend,0.4919,64.6058,0.0,55.6581,55.6581,62.0115,67.1173,10.0553,11.7435,629
2016-10-08 03:00:00,51.79,blend,0.4919,67.3703,0.0,66.7887,66.7887,64.0806,70.5552,10.0857,11.7969,630
2016-10-08 04:00:00,66.86,blend,0.4919,70.1245,0.0,81.9923,81.9923,66.9009,73.2453,10.0551,11.7951,631
2016-10-08 05:00:00,61.04,blend,0.4919,72.4998,0.0,68.9456,68.9456,71.0033,73.9488,10.0853,11.824,632
2016-10-08 06:00:00,60.61,blend,0.4919,76.7415,0.0,87.1961,87.1961,76.9709,76.5193,10.1349,11.905,633
2016-10-08 07:00:00,54.62,blend,0.4919,79.6572,0.0,85.0474,85.0474,80.4793,78.8613,10.2108,12.0115,634
2016-10-08 08:00:00,49.16,blend,0.4919,81.3428,0.0,79.1883,79.1883,82.6246,80.1019,10.0078,11.8296,635
2016-10-08 09:00:00,52.15,blend,0.4919,78.2076,0.0,92.5109,92.5109,77.9851,78.4231,9.9112,11.7434,636
2016-10-08 10:00:00,52.33,blend,0.4919,77.3153,0.0,85.4035,85.4035,74.9268,79.6278,9.9776,11.8441,637
2016-10-08 11:00:00,50.9,blend,0.4919,76.4144,0.0,74.5547,74.5547,72.0128,80.6758,9.9921,11.927,638
2016-10-08 12:00:00,52.32,blend,0.4919,75.5034,0.0,80.9283,80.9283,69.3328,81.4776,9.9886,12.0453,639
2016-10-08 13:00:00,52.2,blend,0.4919,72.8439,0.0,71.1368,71.1368,65.6837,79.776,9.9686,12.1814,640
2016-10-08 14:00:00,52.0,blend,0.4919,70.571,0.0,64.0211,64.0211,62.7726,78.1209,9.9336,12.3188,641
2016-10-08 15:00:00,50.14,blend,0.4919,68.2025,0.0,81.1614,81.1614,60.2453,75.9061,9.8927,12.4479,642
2016-10-08 16:00:00,50.13,blend,0.4919,65.1472,0.0,84.899,84.899,58.146,71.9254,9.8401,12.5331,643
2016-10-08 17:00:00,51.5,blend,0.4919,61.7286,0.0,62.2421,62.2421,56.5672,66.7256,9.7745,12.5624,644
2016-10-08 18:00:00,51.13,blend,0.4919,58.0334,0.0,70.1683,70.1683,54.9573,61.0115,9.6946,12.539,645
2016-10-08 19:00:00,50.48,blend,0.4919,54.4972,0.0,55.0012,55.0012,53.7168,55.2527,9.5707,12.436,646
2016-10-08 20:00:00,52.04,blend,0.4919,52.9366,0.0,59.3756,59.3756,53.6354,52.26,9.484,12.3484,647
2016-10-08 21:00:00,52.19,blend,0.4919,52.1413,0.0,52.748,52.748,53.5472,50.78,9.4878,12.3565,648
2016-10-08 22:00:00,51.84,blend,0.4919,51.9749,0.0,49.731,49.731,53.59,50.4111,9.4869,12.3559,649
2016-10-08 23:00:00,50.08,blend,0.4919,52.4269,0.0,49.6172,49.6172,54.0531,50.8525,9.4986,12.3516,650
2016-10-09 00:00:00,52.74,blend,0.4919,53.6244,0.0,46.4248,46.4248,54.9051,52.3846,9.5096,12.3521,651
2016-10-09 01:00:00,52.23,blend,0.4919,55.8999,0.0,49.0244,49.0244,56.2924,55.5199,9.5329,12.3678,652
2016-10-09 02:00:00,50.68,blend,0.4919,59.6745,0.0,48.2459,48.2459,58.6872,60.6303,9.4811,12.3382,653
2016-10-09 03:00:00,47.93,blend,0.4919,62.7133,0.0,62.9327,62.9327,61.0714,64.3028,9.5016,12.4099,654
2016-10-09 04:00:00,51.01,blend,0.4919,64.1346,0.0,70.8517,70.8517,63.1118,65.1248,9.5005,12.4611,655
2016-10-09 05:00:00,50.82,blend,0.4919,64.4461,0.0,62.6665,62.6665,64.5923,64.3044,9.5668,12.537,656
2016-10-09 06:00:00,51.09,blend,0.4919,65.4046,0.0,53.5183,53.5183,66.2887,64.5487,9.6411,12.6061,657
2016-10-09 07:00:00,49.4,blend,0.4919,66.4979,0.0,70.7412,70.7412,68.0439,65.0012,9.6585,12.6257,658
2016-10-09 08:00:00,43.97,blend,0.4919,67.2667,0.0,71.1656,71.1656,69.4357,65.1668,9.7021,12.6737,659
2016-10-09 09:00:00,44.26,blend,0.4919,64.8073,0.0,55.6224,55.6224,66.3198,63.3429,9.7569,12.7203,660
2016-10-09 10:00:00,44.56,blend,0.4919,63.4738,0.0,74.4964,74.4964,64.1162,62.8518,9.8056,12.7447,661
2016-10-09 11:00:00,45.3,blend,0.4919,62.9513,0.0,62.7033,62.7033,62.6669,63.2267,9.844,12.7459,662
2016-10-09 12:00:00,46.0,blend,0.4919,62.8307,0.0,57.2909,57.2909,61.5868,64.035,9.8823,12.7396,663
2016-10-09 13:00:00,45.34,blend,0.4919,62.2666,0.0,74.7914,74.7914,60.2924,64.1779,9.9239,12.7287,664
2016-10-09 14:00:00,45.46,blend,0.4919,61.0827,0.0,65.9806,65.9806,59.0138,63.0857,9.9974,12.7456,665
2016-10-09 15:00:00,46.33,blend,0.4919,59.5805,0.0,70.5941,70.5941,57.6275,61.4713,10.0471,12.7746,666
2016-10-09 16:00:00,47.01,blend,0.4919,58.1558,0.0,55.3355,55.3355,56.7194,59.5465,10.0649,12.8237,667
2016-10-09 17:00:00,45.78,blend,0.4919,56.0877,0.0,58.6674,58.6674,55.4358,56.7188,10.0864,12.8818,668
2016-10-09 18:00:00,43.33,blend,0.4919,54.3736,0.0,58.4699,58.4699,54.4782,54.2723,10.0769,12.8534,669
2016-10-09 19:00:00,48.85,blend,0.4919,52.3234,0.0,56.3405,56.3405,53.1195,51.5526,10.0626,12.8359,670
2016-10-09 20:00:00,49.48,blend,0.4919,51.5849,0.0,44.8658,44.8658,52.8707,50.34,10.0487,12.8228,671
2016-10-09 21:00:00,50.33,transfer,1.0,52.8781,0.0,61.3797,61.3797,52.8781,49.9314,10.0269,12.8058,672
2016-10-09 22:00:00,50.69,transfer,1.0,53.1098,0.0,51.064,51.064,53.1098,50.0142,10.0115,12.797,673
2016-10-09 23:00:00,51.14,transfer,1.0,53.545,0.0,56.3179,56.3179,53.545,50.2536,9.9965,12.7888,674
2016-10-10 00:00:00,51.99,transfer,1.0,54.2585,0.0,51.0964,51.0964,54.2585,51.0052,9.9753,12.7724,675
2016-10-10 01:00:00,49.6,transfer,1.0,56.8715,0.0,54.4229,54.4229,56.8715,52.1799,9.9633,12.7504,676
2016-10-10 02:00:00,47.78,transfer,1.0,60.9235,0.0,60.4616,60.4616,60.9235,57.0761,10.0171,12.7966,677
2016-10-10 03:00:00,48.42,transfer,1.0,65.6538,0.0,75.4849,75.4849,65.6538,64.3664,10.1132,12.8403,678
2016-10-10 04:00:00,50.36,transfer,1.0,69.4478,0.0,80.9505,80.9505,69.4478,69.6857,10.1692,12.9415,679
2016-10-10 05:00:00,50.79,transfer,1.0,73.7363,0.0,74.2857,74.2857,73.7363,70.5186,10.2128,12.9331,680
2016-10-10 06:00:00,51.49,transfer,1.0,76.5255,0.0,59.6561,59.6561,76.5255,73.0404,10.2297,12.9473,681
2016-10-10 07:00:00,45.71,transfer,1.0,79.7614,0.0,83.6835,83.6835,79.7614,75.5573,10.3664,13.0821,682
2016-10-10 08:00:00,43.94,transfer,1.0,82.3966,0.0,72.4861,72.4861,82.3966,77.3267,10.5775,13.2282,683
2016-10-10 09:00:00,43.7,transfer,1.0,77.5932,0.0,77.48,77.48,77.5932,73.2682,10.7133,13.3144,684
2016-10-10 10:00:00,43.82,transfer,1.0,73.1011,0.0,76.3056,76.3056,73.1011,70.234,10.8137,13.3678,685
2016-10-10 11:00:00,44.4,transfer,1.0,69.2306,0.0,61.2466,61.2466,69.2306,67.9696,10.9381,13.4517,686
2016-10-10 12:00:00,47.02,transfer,1.0,66.2424,0.0,58.9736,58.9736,66.2424,65.914,11.0169,13.5524,687
2016-10-10 13:00:00,46.35,transfer,1.0,62.9655,0.0,66.239,66.239,62.9655,62.7886,11.0526,13.6012,688
2016-10-10 14:00:00,45.01,transfer,1.0,60.5406,0.0,62.8246,62.8246,60.5406,60.2451,11.1198,13.6532,689
2016-10-10 15:00:00,46.48,transfer,1.0,58.191,0.0,48.7191,48.7191,58.191,57.8383,11.17,13.6607,690
2016-10-10 16:00:00,46.13,transfer,1.0,55.9231,0.0,52.5282,52.5282,55.9231,55.0395,11.2155,13.6612,691
2016-10-10 17:00:00,44.89,transfer,1.0,53.9888,0.0,55.6606,55.6606,53.9888,52.692,11.2203,13.6819,692
2016-10-10 18:00:00,45.03,transfer,1.0,52.4497,0.0,50.3893,50.3893,52.4497,50.9607,11.1576,13.5991,693
2016-10-10 19:00:00,50.14,transfer,1.0,50.9714,0.0,48.779,48.779,50.9714,49.4216,11.1107,13.5532,694
2016-10-10 20:00:00,48.91,transfer,1.0,50.7951,0.0,48.0673,48.0673,50.7951,49.102,11.0453,13.4726,695
2016-10-10 21:00:00,50.0,transfer,1.0,51.1379,0.0,51.4134,51.4134,51.1379,49.2513,10.9952,13.4207,696
2016-10-10 22:00:00,49.87,transfer,1.0,51.6337,0.0,42.4966,42.4966,51.6337,49.6668,10.9617,13.392,697
2016-10-10 23:00:00,48.12,transfer,1.0,52.6125,0.0,50.0358,50.0358,52.6125,50.3048,10.9371,13.3869,698
2016-10-11 00:00:00,49.0,transfer,1.0,54.0345,0.0,56.7418,56.7418,54.0345,51.6501,10.8992,13.3842,699
2016-10-11 01:00:00,48.37,transfer,1.0,55.5038,0.0,58.9396,58.9396,55.5038,53.6854,10.8412,13.364,700
2016-10-11 02:00:00,48.58,transfer,1.0,57.7379,0.0,53.3434,53.3434,57.7379,56.755,10.7556,13.2611,701
2016-10-11 03:00:00,47.97,transfer,1.0,60.722,0.0,67.698,67.698,60.722,60.866,10.6386,13.0781,702
2016-10-11 04:00:00,51.48,transfer,1.0,64.5098,0.0,56.1295,56.1295,64.5098,65.7155,10.5047,12.8892,703
2016-10-11 05:00:00,51.98,transfer,1.0,68.9108,0.0,69.5745,69.5745,68.9108,68.2411,10.3406,12.7022,704
2016-10-11 06:00:00,52.89,transfer,1.0,73.2223,0.0,71.7341,71.7341,73.2223,71.0049,10.1993,12.5478,705
2016-10-11 07:00:00,45.73,transfer,1.0,77.664,0.0,79.7511,79.7511,77.664,75.0786,10.1543,12.4909,706
2016-10-11 08:00:00,49.24,transfer,1.0,80.987,0.0,78.7251,78.7251,80.987,77.9011,10.2084,12.5417,707
2016-10-11 09:00:00,54.1,transfer,1.0,77.2542,0.0,79.602,79.602,77.2542,74.7154,10.2738,12.5912,708
2016-10-11 10:00:00,61.85,transfer,1.0,73.9207,0.0,71.5594,71.5594,73.9207,71.4326,10.2879,12.6003,709
2016-10-11 11:00:00,59.6,transfer,1.0,72.0723,0.0,62.5409,62.5409,72.0723,72.3147,10.2864,12.6056,710
2016-10-11 12:00:00,57.04,transfer,1.0,70.9367,0.0,69.5375,69.5375,70.9367,71.8553,10.2756,12.6169,711
2016-10-11 13:00:00,56.2,transfer,1.0,68.4292,0.0,71.1189,71.1189,68.4292,68.0004,10.2718,12.6144,712
2016-10-11 14:00:00,56.48,transfer,1.0,65.0215,0.0,67.7973,67.7973,65.0215,63.1829,10.286,12.5871,713
2016-10-11 15:00:00,56.83,transfer,1.0,61.4932,0.0,49.9743,49.9743,61.4932,58.7722,10.2889,12.4993,714
2016-10-11 16:00:00,54.66,transfer,1.0,58.2467,0.0,53.5599,53.5599,58.2467,55.0645,10.3079,12.3985,715
2016-10-11 17:00:00,49.87,transfer,1.0,55.4854,0.0,46.8242,46.8242,55.4854,52.4229,10.3183,12.3298,716
2016-10-11 18:00:00,49.95,transfer,1.0,53.4038,0.0,57.3609,57.3609,53.4038,50.6717,10.2964,12.2282,717
2016-10-11 19:00:00,54.62,transfer,1.0,51.3773,0.0,49.31,49.31,51.3773,49.7159,10.3105,12.2431,718
2016-10-11 20:00:00,53.99,transfer,1.0,50.8204,0.0,50.3313,50.3313,50.8204,49.9343,10.3018,12.2331,719
2016-10-11 21:00:00,53.84,transfer,1.0,50.7554,0.0,46.1303,46.1303,50.7554,50.3054,10.3058,12.2456,720
2016-10-11 22:00:00,52.93,transfer,1.0,51.0476,0.0,54.7332,54.7332,51.0476,50.9365,10.3011,12.2549,721
2016-10-11 23:00:00,53.66,transfer,1.0,51.5944,0.0,50.1591,50.1591,51.5944,51.7661,10.2928,12.2652,722
2016-10-12 00:00:00,54.58,transfer,1.0,52.8079,0.0,53.8695,53.8695,52.8079,52.504,10.2749,12.2764,723
2016-10-12 01:00:00,53.53,transfer,1.0,54.1896,0.0,52.5451,52.5451,54.1896,53.3498,10.2373,12.2719,724
2016-10-12 02:00:00,54.28,transfer,1.0,56.4921,0.0,56.936,56.936,56.4921,55.1728,10.1895,12.2596,725
2016-10-12 03:00:00,53.24,transfer,1.0,59.6956,0.0,63.4966,63.4966,59.6956,59.9952,10.1216,12.2049,726
2016-10-12 04:00:00,56.1,transfer,1.0,63.6446,0.0,62.1448,62.1448,63.6446,66.4417,10.0433,12.0828,727
2016-10-12 05:00:00,56.5,transfer,1.0,68.7031,0.0,61.6029,61.6029,68.7031,71.0411,9.9434,11.9645,728
2016-10-12 06:00:00,57.31,transfer,1.0,73.8989,0.0,72.8862,72.8862,73.8989,74.6922,9.8867,11.8986,729
2016-10-12 07:00:00,52.46,transfer,1.0,78.6004,0.0,82.4711,82.4711,78.6004,77.7935,9.8915,11.8875,730
2016-10-12 08:00:00,49.98,transfer,1.0,82.9082,0.0,79.1277,79.1277,82.9082,83.2049,10.003,11.9928,731
2016-10-12 09:00:00,50.71,transfer,1.0,80.4297,0.0,82.3567,82.3567,80.4297,81.0127,10.1612,12.1118,732
2016-10-12 10:00:00,56.65,transfer,1.0,76.4414,0.0,80.259,80.259,76.4414,75.8098,10.2693,12.1918,733
2016-10-12 11:00:00,60.59,transfer,1.0,73.0518,0.0,65.5471,65.5471,73.0518,71.5891,10.3371,12.1954,734
2016-10-12 12:00:00,60.39,transfer,1.0,70.4823,0.0,63.0057,63.0057,70.4823,68.7504,10.3537,12.1512,735
2016-10-12 13:00:00,55.22,transfer,1.0,67.9784,0.0,66.2447,66.2447,67.9784,66.9794,10.4006,12.1356,736
2016-10-12 14:00:00,52.45,transfer,1.0,64.9364,0.0,52.4958,52.4958,64.9364,64.6154,10.4657,12.1248,737
2016-10-12 15:00:00,52.65,transfer,1.0,61.5419,0.0,60.6702,60.6702,61.5419,61.3503,10.5005,12.0641,738
2016-10-12 16:00:00,50.02,transfer,1.0,57.9297,0.0,52.7197,52.7197,57.9297,57.5154,10.5376,11.9939,739
2016-10-12 17:00:00,51.96,transfer,1.0,55.2008,0.0,45.2445,45.2445,55.2008,54.302,10.5328,11.8841,740
2016-10-12 18:00:00,50.47,transfer,1.0,53.0533,0.0,60.2189,60.2189,53.0533,51.9834,10.5042,11.796,741
2016-10-12 19:00:00,56.2,transfer,1.0,51.3408,0.0,51.1577,51.1577,51.3408,50.5853,10.5318,11.8227,742
2016-10-12 20:00:00,55.66,transfer,1.0,50.831,0.0,49.5728,49.5728,50.831,50.6433,10.5376,11.8387,743
2016-10-12 21:00:00,54.42,transfer,1.0,50.6487,0.0,54.4626,54.4626,50.6487,50.9227,10.5411,11.857,744
2016-10-12 22:00:00,54.86,transfer,1.0,50.8341,0.0,43.7971,43.7971,50.8341,51.5052,10.5545,11.8716,745
2016-10-12 23:00:00,55.56,transfer,1.0,51.3577,0.0,42.9932,42.9932,51.3577,52.3137,10.5685,11.8868,746
2016-10-13 00:00:00,55.05,transfer,1.0,52.4544,0.0,58.2897,58.2897,52.4544,53.4376,10.5665,11.8959,747
2016-10-13 01:00:00,55.37,transfer,1.0,53.9505,0.0,60.8391,60.8391,53.9505,55.1304,10.5473,11.8937,748
2016-10-13 02:00:00,53.28,transfer,1.0,56.0705,0.0,62.5505,62.5505,56.0705,57.8077,10.5171,11.8856,749
2016-10-13 03:00:00,53.79,transfer,1.0,59.4539,0.0,60.2077,60.2077,59.4539,63.6225,10.4737,11.8397,750
2016-10-13 04:00:00,56.5,transfer,1.0,63.5295,0.0,68.0281,68.0281,63.5295,67.7356,10.4148,11.7587,751
2016-10-13 05:00:00,56.91,transfer,1.0,68.5378,0.0,75.6163,75.6163,68.5378,69.972,10.3221,11.6526,752
2016-10-13 06:00:00,58.08,transfer,1.0,73.763,0.0,79.3877,79.3877,73.763,72.4346,10.2718,11.5886,753
2016-10-13 07:00:00,52.13,transfer,1.0,78.4578,0.0,79.1935,79.1935,78.4578,74.6083,10.3193,11.6099,754
2016-10-13 08:00:00,55.01,transfer,1.0,82.172,0.0,92.282,92.282,82.172,77.4035,10.4239,11.6847,755
2016-10-13 09:00:00,53.73,transfer,1.0,79.1177,0.0,78.7132,78.7132,79.1177,74.5348,10.567,11.7735,756
2016-10-13 10:00:00,54.09,transfer,1.0,76.1518,0.0,78.2471,78.2471,76.1518,71.7842,10.6731,11.8255,757
2016-10-13 11:00:00,53.24,transfer,1.0,73.1051,0.0,80.3155,80.3155,73.1051,69.5987,10.7539,11.8532,758
2016-10-13 12:00:00,52.79,transfer,1.0,70.2539,0.0,70.1352,70.1352,70.2539,68.197,10.8523,11.8991,759
2016-10-13 13:00:00,54.2,transfer,1.0,66.7374,0.0,59.8729,59.8729,66.7374,65.8167,10.9208,11.9014,760
2016-10-13 14:00:00,52.9,transfer,1.0,63.3904,0.0,64.3493,64.3493,63.3904,63.6576,10.9648,11.8867,761
2016-10-13 15:00:00,53.28,transfer,1.0,60.5723,0.0,59.4508,59.4508,60.5723,61.1451,10.9956,11.8234,762
2016-10-13 16:00:00,51.05,transfer,1.0,57.8115,0.0,50.4831,50.4831,57.8115,58.3221,11.0277,11.7443,763
2016-10-13 17:00:00,47.08,transfer,1.0,55.5139,0.0,50.5424,50.5424,55.5139,55.5376,11.0624,11.702,764
2016-10-13 18:00:00,44.33,transfer,1.0,53.2897,0.0,53.2452,53.2452,53.2897,52.5096,11.0849,11.6758,765
2016-10-13 19:00:00,48.95,transfer,1.0,51.2519,0.0,51.0904,51.0904,51.2519,50.0406,11.0938,11.6809,766
2016-10-13 20:00:00,47.8,transfer,1.0,50.6028,0.0,54.3115,54.3115,50.6028,49.3739,11.1067,11.6848,767
2016-10-13 21:00:00,48.03,transfer,1.0,50.2899,0.0,53.6486,53.6486,50.2899,49.4063,11.1183,11.6706,768
2016-10-13 22:00:00,48.23,transfer,1.0,50.2754,0.0,50.1878,50.1878,50.2754,49.7361,11.1196,11.6368,769
2016-10-13 23:00:00,48.09,transfer,1.0,50.5629,0.0,47.3334,47.3334,50.5629,50.3373,11.1342,11.6164,770
2016-10-14 00:00:00,48.95,transfer,1.0,51.3855,0.0,49.8977,49.8977,51.3855,51.3793,11.1439,11.6019,771
2016-10-14 01:00:00,47.83,transfer,1.0,52.9666,0.0,53.1948,53.1948,52.9666,53.019,11.1533,11.6307,772
2016-10-14 02:00:00,47.67,transfer,1.0,55.2029,0.0,52.2374,52.2374,55.2029,55.5588,11.1574,11.6195,773
2016-10-14 03:00:00,47.71,transfer,1.0,57.9622,0.0,50.5793,50.5793,57.9622,58.7125,11.1582,11.5823,774
2016-10-14 04:00:00,49.9,transfer,1.0,61.4386,0.0,56.7767,56.7767,61.4386,61.0958,11.1549,11.5252,775
2016-10-14 05:00:00,49.94,transfer,1.0,65.2812,0.0,61.6566,61.6566,65.2812,61.9949,11.1118,11.4367,776
2016-10-14 06:00:00,50.69,transfer,1.0,68.9612,0.0,76.0215,76.0215,68.9612,62.4616,11.0994,11.3778,777
2016-10-14 07:00:00,46.94,transfer,1.0,71.6863,0.0,73.5327,73.5327,71.6863,63.5828,11.1336,11.3702,778
2016-10-14 08:00:00,49.24,transfer,1.0,73.2404,0.0,75.8816,75.8816,73.2404,64.1829,11.228,11.4323,779
2016-10-14 09:00:00,51.81,transfer,1.0,69.791,0.0,74.2297,74.2297,69.791,61.8958,11.3276,11.4845,780
2016-10-14 10:00:00,55.89,transfer,1.0,67.0733,0.0,49.0643,49.0643,67.0733,60.9635,11.3882,11.502,781
2016-10-14 11:00:00,59.33,transfer,1.0,64.8289,0.0,69.3751,69.3751,64.8289,60.5467,11.3935,11.4979,782
2016-10-14 12:00:00,59.76,transfer,1.0,63.1692,0.0,70.1042,70.1042,63.1692,60.6148,11.3896,11.4594,783
2016-10-14 13:00:00,59.53,transfer,1.0,61.6527,0.0,75.7485,75.7485,61.6527,60.3788,11.3618,11.3227,784
2016-10-14 14:00:00,55.93,transfer,1.0,59.6623,0.0,64.3933,64.3933,59.6623,59.2129,11.3612,11.187,785
2016-10-14 15:00:00,59.07,transfer,1.0,57.6437,0.0,58.0192,58.0192,57.6437,57.5979,11.3442,11.0462,786
2016-10-14 16:00:00,56.87,transfer,1.0,55.5604,0.0,56.1261,56.1261,55.5604,55.498,11.3289,10.9689,787
2016-10-14 17:00:00,53.25,transfer,1.0,54.031,0.0,59.4035,59.4035,54.031,53.6378,11.2965,10.9197,788
2016-10-14 18:00:00,50.12,transfer,1.0,52.534,0.0,59.4264,59.4264,52.534,51.8531,11.2203,10.8501,789
2016-10-14 19:00:00,51.84,transfer,1.0,51.4899,0.0,50.908,50.908,51.4899,50.4853,11.1618,10.8082,790
2016-10-14 20:00:00,51.98,transfer,1.0,51.4545,0.0,51.9199,51.9199,51.4545,50.3495,11.0996,10.7702,791
2016-10-14 21:00:00,52.21,transfer,1.0,51.6232,0.0,43.7416,43.7416,51.6232,50.4216,11.0682,10.7786,792
2016-10-14 22:00:00,51.8,transfer,1.0,52.0709,0.0,61.9468,61.9468,52.0709,50.6173,11.0248,10.7829,793
2016-10-14 23:00:00,50.96,transfer,1.0,52.8331,0.0,50.9862,50.9862,52.8331,50.9892,10.9987,10.773,794
2016-10-15 00:00:00,52.88,transfer,1.0,54.0074,0.0,47.2473,47.2473,54.0074,51.739,10.9559,10.7752,795
2016-10-15 01:00:00,49.23,transfer,1.0,54.7902,0.0,56.7499,56.7499,54.7902,53.6779,10.9379,10.7534,796
2016-10-15 02:00:00,51.13,transfer,1.0,55.7861,0.0,51.406,51.406,55.7861,55.3727,10.9048,10.6875,797
2016-10-15 03:00:00,51.08,transfer,1.0,56.959,0.0,42.6428,42.6428,56.959,56.7489,10.8667,10.6095,798
2016-10-15 04:00:00,53.75,transfer,1.0,58.5267,0.0,56.0856,56.0856,58.5267,58.5853,10.8948,10.6003,799
2016-10-15 05:00:00,54.68,transfer,1.0,60.3697,0.0,70.465,70.465,60.3697,59.8339,10.8694,10.5542,800
2016-10-15 06:00:00,53.8,transfer,1.0,62.1314,0.0,60.2729,60.2729,62.1314,60.8793,10.8216,10.5016,801
2016-10-15 07:00:00,48.46,transfer,1.0,63.4435,0.0,67.6343,67.6343,63.4435,61.7345,10.7569,10.4363,802
2016-10-15 08:00:00,46.96,transfer,1.0,64.3654,0.0,67.5242,67.5242,64.3654,62.5508,10.6613,10.3449,803
2016-10-15 09:00:00,48.59,transfer,1.0,61.3186,0.0,63.445,63.445,61.3186,60.9313,10.5833,10.262,804
2016-10-15 10:00:00,45.83,transfer,1.0,59.2907,0.0,61.4701,61.4701,59.2907,61.1224,10.5289,10.1906,805
2016-10-15 11:00:00,48.05,transfer,1.0,57.8288,0.0,59.554,59.554,57.8288,60.6119,10.4614,10.0881,806
2016-10-15 12:00:00,47.26,transfer,1.0,56.4827,0.0,55.5891,55.5891,56.4827,60.3678,10.4151,9.9926,807
2016-10-15 13:00:00,46.27,transfer,1.0,55.207,0.0,54.7994,54.7994,55.207,59.6467,10.388,9.908,808
2016-10-15 14:00:00,46.29,transfer,1.0,53.9931,0.0,47.8594,47.8594,53.9931,58.5384,10.3697,9.8255,809
2016-10-15 15:00:00,47.19,transfer,1.0,52.7123,0.0,54.3257,54.3257,52.7123,57.0198,10.3424,9.7306,810
2016-10-15 16:00:00,46.6,transfer,1.0,51.6946,0.0,42.1541,42.1541,51.6946,55.0467,10.3251,9.6511,811
2016-10-15 17:00:00,46.45,transfer,1.0,50.8677,0.0,50.4188,50.4188,50.8677,52.8232,10.3212,9.5985,812
2016-10-15 18:00:00,47.22,transfer,1.0,50.2156,0.0,57.5972,57.5972,50.2156,51.2598,10.3162,9.5637,813
2016-10-15 19:00:00,52.09,transfer,1.0,49.6283,0.0,50.8219,50.8219,49.6283,50.0496,10.3116,9.5474,814
2016-10-15 20:00:00,51.34,transfer,1.0,49.8761,0.0,53.6966,53.6966,49.8761,49.9075,10.3108,9.5546,815
2016-10-15 21:00:00,52.12,transfer,1.0,50.3136,0.0,49.0813,49.0813,50.3136,50.0405,10.3135,9.5586,816
2016-10-15 22:00:00,51.83,transfer,1.0,50.7199,0.0,57.5217,57.5217,50.7199,50.2366,10.3097,9.5596,817
2016-10-15 23:00:00,51.87,transfer,1.0,51.2349,0.0,46.0852,46.0852,51.2349,50.567,10.2898,9.5628,818
2016-10-16 00:00:00,52.65,transfer,1.0,51.8826,0.0,51.8237,51.8237,51.8826,51.2434,10.2815,9.569,819
2016-10-16 01:00:00,50.66,transfer,1.0,53.1692,0.0,56.984,56.984,53.1692,52.7608,10.2723,9.5619,820
2016-10-16 02:00:00,51.18,transfer,1.0,54.8542,0.0,45.9028,45.9028,54.8542,55.3043,10.2465,9.5273,821
2016-10-16 03:00:00,49.5,transfer,1.0,56.9117,0.0,52.3695,52.3695,56.9117,58.0258,10.2124,9.4805,822
2016-10-16 04:00:00,54.2,transfer,1.0,59.1729,0.0,57.5923,57.5923,59.1729,59.9248,10.1699,9.4306,823
2016-10-16 05:00:00,54.34,transfer,1.0,61.3367,0.0,53.9263,53.9263,61.3367,61.3554,10.1296,9.3921,824
2016-10-16 06:00:00,54.82,transfer,1.0,63.5997,0.0,60.9158,60.9158,63.5997,62.9234,10.0914,9.3602,825
2016-10-16 07:00:00,49.13,transfer,1.0,65.5767,0.0,62.7516,62.7516,65.5767,64.1697,10.0783,9.3569,826
2016-10-16 08:00:00,46.12,transfer,1.0,66.8027,0.0,67.5585,67.5585,66.8027,65.2691,10.0499,9.3447,827
2016-10-16 09:00:00,47.05,transfer,1.0,64.175,0.0,68.0679,68.0679,64.175,63.0081,10.0205,9.3261,828
2016-10-16 10:00:00,47.84,transfer,1.0,61.9635,0.0,62.8376,62.8376,61.9635,62.5531,9.9881,9.3048,829
2016-10-16 11:00:00,47.91,transfer,1.0,60.1704,0.0,59.5743,59.5743,60.1704,61.9742,9.9577,9.2818,830
2016-10-16 12:00:00,47.65,transfer,1.0,58.7361,0.0,62.0365,62.0365,58.7361,62.1991,9.931,9.261,831
2016-10-16 13:00:00,47.97,transfer,1.0,57.3761,0.0,62.2351,62.2351,57.3761,61.8206,9.8979,9.2314,832
2016-10-16 14:00:00,47.44,transfer,1.0,55.932,0.0,63.2529,63.2529,55.932,60.555,9.8678,9.2045,833
2016-10-16 15:00:00,48.28,transfer,1.0,54.5584,0.0,52.2484,52.2484,54.5584,58.3272,9.8379,9.1742,834
2016-10-16 16:00:00,47.94,transfer,1.0,53.3193,0.0,45.0067,45.0067,53.3193,56.1491,9.8122,9.1484,835
2016-10-16 17:00:00,48.01,transfer,1.0,52.2176,0.0,56.0436,56.0436,52.2176,53.7036,9.7797,9.1172,836
2016-10-16 18:00:00,47.39,transfer,1.0,51.2661,0.0,57.1673,57.1673,51.2661,51.6651,9.7364,9.0775,837
2016-10-16 19:00:00,51.44,transfer,1.0,50.3803,0.0,51.3531,51.3531,50.3803,50.3074,9.7173,9.0682,838
2016-10-16 20:00:00,51.93,transfer,1.0,50.558,0.0,52.6808,52.6808,50.558,50.3134,9.7053,9.0727,839
2016-10-16 21:00:00,52.09,blend,0.4835,50.7379,0.0,46.6889,46.6889,50.9043,50.5821,9.6972,9.0793,840
2016-10-16 22:00:00,52.73,blend,0.4835,51.1975,0.0,52.1882,52.1882,51.4373,50.9729,9.6905,9.0857,841
2016-10-16 23:00:00,52.16,blend,0.4835,51.9891,0.0,49.0356,49.0356,52.1606,51.8285,9.6762,9.0824,842
2016-10-17 00:00:00,52.95,blend,0.4835,53.0909,0.0,54.7044,54.7044,53.131,53.0534,9.6638,9.0772,843
2016-10-17 01:00:00,52.44,blend,0.4835,55.3892,0.0,54.1682,54.1682,55.7146,55.0846,9.64,9.0776,844
2016-10-17 02:00:00,51.68,blend,0.4835,60.5627,0.0,51.0026,51.0026,59.6965,61.3738,9.6095,9.0799,845
2016-10-17 03:00:00,53.28,blend,0.4835,67.7221,0.0,72.9583,72.9583,65.0442,70.2294,9.5769,9.0859,846
2016-10-17 04:00:00,54.68,blend,0.4835,72.828,0.0,77.5266,77.5266,70.5865,74.9266,9.558,9.0914,847
2016-10-17 05:00:00,55.31,blend,0.4835,77.8749,0.0,78.0903,78.0903,76.4957,79.1662,9.5475,9.1159,848
2016-10-17 06:00:00,70.6,blend,0.4835,81.7466,0.0,77.4056,77.4056,80.9619,82.4813,9.4601,9.0584,849
2016-10-17 07:00:00,81.35,blend,0.4835,87.3049,0.0,95.153,95.153,86.8021,87.7757,9.2899,8.919,850
2016-10-17 08:00:00,91.31,blend,0.4835,95.5122,0.0,88.9766,88.9766,95.3322,95.6808,9.0849,8.7463,851
2016-10-17 09:00:00,101.45,blend,0.4835,102.0989,0.0,67.1006,67.1006,100.617,103.4864,8.8882,8.5824,852
2016-10-17 10:00:00,106.17,blend,0.4835,107.0419,0.0,133.7328,133.7328,105.3764,108.6012,8.7186,8.4396,853
2016-10-17 11:00:00,108.16,blend,0.4835,111.3298,0.0,112.4592,112.4592,109.9465,112.6249,8.5814,8.3259,854
2016-10-17 12:00:00,98.35,blend,0.4835,113.2432,0.0,124.9626,124.9626,112.239,114.1833,8.5497,8.3077,855
2016-10-17 13:00:00,102.06,blend,0.4835,112.4932,0.0,112.0623,112.0623,111.3516,113.5621,8.5061,8.2783,856
2016-10-17 14:00:00,113.27,blend,0.4835,106.8858,0.0,128.4446,128.4446,104.8815,108.7625,8.4636,8.2145,857
2016-10-17 15:00:00,104.72,blend,0.4835,101.5777,0.0,87.7575,87.7575,98.746,104.229,8.4294,8.1498,858
2016-10-17 16:00:00,94.03,blend,0.4835,97.7749,0.0,100.1447,100.1447,94.2011,101.121,8.3721,8.1389,859
2016-10-17 17:00:00,86.04,blend,0.4835,85.9476,0.0,94.8802,94.8802,85.5375,86.3315,8.321,8.0942,860
2016-10-17 18:00:00,63.02,blend,0.4835,73.5088,0.0,70.3289,70.3289,75.7498,71.4107,8.3526,8.1089,861
2016-10-17 19:00:00,59.35,blend,0.4835,65.2561,0.0,55.5917,55.5917,67.3179,63.3257,8.3951,8.1283,862
2016-10-17 20:00:00,52.41,blend,0.4835,60.9374,0.0,49.1729,49.1729,62.6235,59.3588,8.4446,8.1685,863
2016-10-17 21:00:00,53.69,blend,0.4835,58.1686,0.0,58.5763,58.5763,59.7231,56.7132,8.4738,8.182,864
2016-10-17 22:00:00,55.02,blend,0.4835,57.0319,0.0,53.9456,53.9456,58.5721,55.5899,8.4844,8.1842,865
2016-10-17 23:00:00,52.38,blend,0.4835,57.1995,0.0,49.7896,49.7896,58.9712,55.5407,8.4969,8.19,866
2016-10-18 00:00:00,53.73,blend,0.4835,58.8141,0.0,63.3255,63.3255,61.0533,56.7177,8.5105,8.192,867
2016-10-18 01:00:00,52.21,blend,0.4835,61.4404,0.0,37.4756,37.4756,63.8158,59.2163,8.5372,8.2021,868
2016-10-18 02:00:00,50.76,blend,0.4835,65.7017,0.0,61.8075,61.8075,68.1031,63.4532,8.5859,8.229,869
2016-10-18 03:00:00,52.48,blend,0.4835,73.0002,0.0,89.155,89.155,73.4839,72.5472,8.635,8.2717,870
2016-10-18 04:00:00,69.92,blend,0.4835,82.2731,0.0,49.6466,49.6466,79.6519,84.7273,8.6154,8.2751,871
2016-10-18 05:00:00,60.43,blend,0.4835,90.5209,0.0,106.0709,106.0709,87.246,93.5872,8.6742,8.3756,872
2016-10-18 06:00:00,74.53,blend,0.4835,100.1158,0.0,94.9671,94.9671,98.0759,102.0257,8.6933,8.4315,873
2016-10-18 07:00:00,86.59,blend,0.4835,105.2839,0.0,88.4587,88.4587,104.314,106.192,8.6087,8.3735,874
2016-10-18 08:00:00,101.5,blend,0.4835,110.5817,0.0,118.8527,118.8527,111.6481,109.5833,8.4802,8.251,875
2016-10-18 09:00:00,108.26,blend,0.4835,116.0819,0.0,113.5113,113.5113,116.8156,115.395,8.3933,8.1707,876
2016-10-18 10:00:00,117.91,blend,0.4835,119.5247,0.0,110.272,110.272,120.5557,118.5593,8.3372,8.1176,877
2016-10-18 11:00:00,115.75,blend,0.4835,121.624,0.0,117.5569,117.5569,123.3636,119.9952,8.3083,8.0672,878
2016-10-18 12:00:00,115.75,blend,0.4835,122.9901,0.0,132.4502,132.4502,124.6498,121.4361,8.2785,8.0128,879
2016-10-18 13:00:00,116.28,blend,0.4835,120.9238,0.0,105.9414,105.9414,121.8287,120.0767,8.2388,7.9652,880
2016-10-18 14:00:00,122.07,blend,0.4835,118.0908,0.0,125.0117,125.0117,117.4855,118.6575,8.2152,7.9456,881
2016-10-18 15:00:00,118.21,blend,0.4835,113.4482,0.0,124.8381,124.8381,112.0851,114.7245,8.2239,7.9548,882
2016-10-18 16:00:00,114.77,blend,0.4835,107.1425,0.0,101.9856,101.9856,105.0616,109.0909,8.2603,7.9862,883
2016-10-18 17:00:00,102.77,blend,0.4835,96.9665,0.0,78.0049,78.0049,95.3177,98.5103,8.2713,7.9963,884
2016-10-18 18:00:00,73.36,blend,0.4835,83.951,0.0,100.5938,100.5938,85.1801,82.8002,8.3211,8.0482,885
2016-10-18 19:00:00,65.28,blend,0.4835,72.1354,0.0,69.2185,69.2185,73.8769,70.5048,8.3529,8.0501,886
2016-10-18 20:00:00,63.43,blend,0.4835,65.2198,0.0,53.5191,53.5191,66.0213,64.4694,8.3495,8.0322,887
2016-10-18 21:00:00,61.69,blend,0.4835,60.5189,0.0,53.1028,53.1028,60.9018,60.1604,8.3358,8.0202,888
2016-10-18 22:00:00,61.35,blend,0.4835,57.8133,0.0,43.9157,43.9157,58.8449,56.8475,8.3395,8.0352,889
2016-10-18 23:00:00,61.13,blend,0.4835,56.8431,0.0,56.9693,56.9693,58.6727,55.13,8.3419,8.0596,890
2016-10-19 00:00:00,61.34,blend,0.4835,57.4704,0.0,51.8747,51.8747,60.206,54.9092,8.3381,8.0855,891
2016-10-19 01:00:00,59.67,blend,0.4835,59.0128,0.0,58.5683,58.5683,62.4463,55.7981,8.3507,8.1075,892
2016-10-19 02:00:00,58.48,blend,0.4835,63.0736,0.0,61.4316,61.4316,66.5259,59.8413,8.3854,8.1103,893
2016-10-19 03:00:00,57.65,blend,0.4835,72.2851,0.0,71.7975,71.7975,72.508,72.0764,8.4354,8.156,894
2016-10-19 04:00:00,78.9,blend,0.4835,86.1003,0.0,72.2374,72.2374,80.6172,91.234,8.4007,8.1678,895
2016-10-19 05:00:00,70.98,blend,0.4835,93.9925,0.0,96.5787,96.5787,89.7556,97.9594,8.4398,8.2419,896
2016-10-19 06:00:00,84.7,blend,0.4835,103.7768,0.0,108.622,108.622,101.4118,105.9912,8.4406,8.2651,897
2016-10-19 07:00:00,95.21,blend,0.4835,110.8761,0.0,110.5794,110.5794,109.581,112.0886,8.3705,8.2148,898
2016-10-19 08:00:00,106.38,blend,0.4835,117.1508,0.0,116.3564,116.3564,117.617,116.7143,8.2414,8.0786,899
2016-10-19 09:00:00,118.32,blend,0.4835,124.2684,0.0,128.9869,128.9869,123.1425,125.3226,8.0932,7.9399,900
2016-10-19 10:00:00,123.95,blend,0.4835,129.7138,0.0,122.3166,122.3166,127.6707,131.6267,7.9976,7.8715,901
2016-10-19 11:00:00,127.24,blend,0.4835,136.3883,0.0,136.797,136.797,132.6288,139.9083,7.9554,7.8814,902
2016-10-19 12:00:00,127.82,blend,0.4835,140.2068,0.0,162.3436,162.3436,136.1488,144.0062,7.945,7.928,903
2016-10-19 13:00:00,126.52,blend,0.4835,139.4118,0.0,126.4435,126.4435,135.7233,142.8653,7.9238,7.9553,904
2016-10-19 14:00:00,129.42,blend,0.4835,138.0437,0.0,118.6444,118.6444,134.6212,141.248,7.8804,7.9533,905
2016-10-19 15:00:00,115.93,blend,0.4835,133.3003,0.0,120.7591,120.7591,129.8434,136.5368,7.9103,8.0242,906
2016-10-19 16:00:00,109.05,blend,0.4835,120.5293,0.0,93.1372,93.1372,122.0388,119.116,7.9406,8.0395,907
2016-10-19 17:00:00,100.94,blend,0.4835,102.2576,0.0,89.7348,89.7348,108.1851,96.7079,7.9644,8.0507,908
2016-10-19 18:00:00,71.33,blend,0.4835,86.9635,0.0,86.6734,86.6734,94.3017,80.0929,8.0857,8.0939,909
2016-10-19 19:00:00,69.86,blend,0.4835,75.6673,0.0,74.4729,74.4729,80.3905,71.245,8.1195,8.0687,910
2016-10-19 20:00:00,59.92,blend,0.4835,68.2915,0.0,71.6081,71.6081,70.7478,65.9916,8.1552,8.075,911
2016-10-19 21:00:00,59.29,blend,0.4835,63.2778,0.0,57.1492,57.1492,64.9848,61.6796,8.1667,8.0684,912
2016-10-19 22:00:00,58.98,blend,0.4835,59.8886,0.0,58.1648,58.1648,61.5331,58.3489,8.1579,8.0522,913
2016-10-19 23:00:00,58.81,blend,0.4835,58.3055,0.0,58.8271,58.8271,60.3082,56.4303,8.1418,8.047,914
2016-10-20 00:00:00,59.07,blend,0.4835,58.7568,0.0,56.3781,56.3781,61.0263,56.6319,8.138,8.0519,915
2016-10-20 01:00:00,59.63,blend,0.4835,60.7137,0.0,54.5021,54.5021,62.8465,58.7168,8.1487,8.056,916
2016-10-20 02:00:00,55.81,blend,0.4835,65.3745,0.0,63.3843,63.3843,66.2094,64.5928,8.194,8.0813,917
2016-10-20 03:00:00,55.9,blend,0.4835,72.1028,0.0,77.1876,77.1876,70.69,73.4256,8.2483,8.1271,918
2016-10-20 04:00:00,79.37,blend,0.4835,84.1902,0.0,94.8232,94.8232,76.7917,91.1173,8.2218,8.1301,919
2016-10-20 05:00:00,70.38,blend,0.4835,92.5198,0.0,83.1386,83.1386,85.6654,98.9374,8.2436,8.2224,920
2016-10-20 06:00:00,77.65,blend,0.4835,102.6713,0.0,115.9803,115.9803,97.8646,107.1718,8.2706,8.3126,921
2016-10-20 07:00:00,85.83,blend,0.4835,110.4716,0.0,117.0349,117.0349,106.9848,113.7361,8.2398,8.3449,922
2016-10-20 08:00:00,101.23,blend,0.4835,116.8051,0.0,99.9185,99.9185,114.871,118.6159,8.1593,8.3151,923
2016-10-20 09:00:00,112.67,blend,0.4835,122.9182,0.0,120.3444,120.3444,119.1886,126.4102,8.047,8.2731,924
2016-10-20 10:00:00,120.38,blend,0.4835,127.5378,0.0,142.7819,142.7819,123.3193,131.4874,7.9331,8.2339,925
2016-10-20 11:00:00,125.74,blend,0.4835,133.6744,0.0,144.5401,144.5401,127.7719,139.2009,7.827,8.2166,926
2016-10-20 12:00:00,131.83,blend,0.4835,137.3619,0.0,163.0307,163.0307,131.3508,142.9899,7.7259,8.1914,927
2016-10-20 13:00:00,129.74,blend,0.4835,139.24,0.0,129.5848,129.5848,133.3764,144.7299,7.6729,8.2114,928
2016-10-20 14:00:00,132.72,blend,0.4835,138.3721,0.0,128.2135,128.2135,133.0064,143.3958,7.6122,8.2109,929
2016-10-20 15:00:00,127.25,blend,0.4835,132.7975,0.0,167.2721,167.2721,129.6629,135.7323,7.5831,8.2146,930
2016-10-20 16:00:00,126.56,blend,0.4835,116.6051,0.0,75.7311,75.7311,121.1585,112.3418,7.575,8.256,931
2016-10-20 17:00:00,107.95,blend,0.4835,100.4194,0.0,91.3765,91.3765,108.7758,92.5955,7.5297,8.297,932
2016-10-20 18:00:00,73.53,blend,0.4835,88.9471,0.0,63.3531,63.3531,97.0424,81.3677,7.6164,8.295,933
2016-10-20 19:00:00,68.07,blend,0.4835,76.5972,0.0,63.6852,63.6852,80.9435,72.5278,7.6793,8.315,934
2016-10-20 20:00:00,59.33,blend,0.4835,68.7373,0.0,61.529,61.529,70.7127,66.8879,7.7304,8.3506,935
2016-10-20 21:00:00,58.64,blend,0.4835,63.0847,0.0,69.6792,69.6792,64.4811,61.7773,7.7517,8.3611,936
2016-10-20 22:00:00,55.64,blend,0.4835,59.6021,0.0,68.4154,68.4154,61.2738,58.0368,7.773,8.3664,937
2016-10-20 23:00:00,56.04,blend,0.4835,58.1848,0.0,55.1693,55.1693,60.8694,55.6712,7.7871,8.3552,938
2016-10-21 00:00:00,55.59,blend,0.4835,58.3728,0.0,60.001,60.001,61.859,55.1088,7.8099,8.3436,939
2016-10-21 01:00:00,52.59,blend,0.4835,60.4608,0.0,66.8217,66.8217,64.8284,56.3714,7.8522,8.3353,940
2016-10-21 02:00:00,52.0,blend,0.4835,64.1996,0.0,46.7285,46.7285,68.6503,60.0326,7.9064,8.3361,941
2016-10-21 03:00:00,52.06,blend,0.4835,74.67,0.0,85.5018,85.5018,74.0919,75.2112,7.9765,8.4084,942
2016-10-21 04:00:00,77.56,blend,0.4835,86.8262,0.0,76.2862,76.2862,81.3388,91.9639,7.9304,8.4275,943
2016-10-21 05:00:00,69.1,blend,0.4835,92.5486,0.0,93.0867,93.0867,89.9424,94.9887,7.9631,8.5099,944
2016-10-21 06:00:00,67.22,blend,0.4835,103.684,0.0,103.7034,103.7034,102.1558,105.1147,8.0623,8.6654,945
2016-10-21 07:00:00,64.61,blend,0.4835,109.7451,0.0,108.4241,108.4241,109.6201,109.8622,8.1829,8.8357,946
2016-10-21 08:00:00,70.98,blend,0.4835,112.5244,0.0,111.2465,111.2465,113.3643,111.7379,8.2923,8.9893,947
2016-10-21 09:00:00,75.73,blend,0.4835,113.1831,0.0,117.8506,117.8506,112.1936,114.1095,8.4024,9.1577,948
2016-10-21 10:00:00,98.78,blend,0.4835,111.8897,0.0,146.2017,146.2017,110.3206,113.3589,8.4045,9.2143,949
2016-10-21 11:00:00,106.12,blend,0.4835,112.7693,0.0,139.1484,139.1484,109.3145,116.0039,8.3908,9.2659,950
2016-10-21 12:00:00,112.13,blend,0.4835,119.1707,0.0,128.6188,128.6188,113.029,124.921,8.3758,9.337,951
2016-10-21 13:00:00,118.21,blend,0.4835,123.499,0.0,116.3815,116.3815,114.9323,131.5197,8.3827,9.4111,952
2016-10-21 14:00:00,106.11,blend,0.4835,123.1071,0.0,143.0016,143.0016,113.5877,132.0199,8.405,9.5458,953
2016-10-21 15:00:00,98.05,blend,0.4835,116.0276,0.0,136.7178,136.7178,106.4976,124.9502,8.4468,9.6972,954
2016-10-21 16:00:00,89.17,blend,0.4835,99.8605,0.0,89.839,89.839,93.1983,106.0981,8.463,9.7898,955
2016-10-21 17:00:00,79.21,blend,0.4835,82.1696,0.0,85.7698,85.7698,81.4837,82.8117,8.4719,9.8089,956
2016-10-21 18:00:00,68.37,blend,0.4835,71.9461,0.0,67.6447,67.6447,71.7642,72.1164,8.4777,9.8209,957
2016-10-21 19:00:00,62.91,blend,0.4835,64.6238,0.0,63.938,63.938,63.833,65.3642,8.4811,9.8274,958
2016-10-21 20:00:00,68.59,blend,0.4835,61.3374,0.0,57.3603,57.3603,61.0566,61.6003,8.5228,9.8593,959
2016-10-21 21:00:00,54.15,blend,0.4835,58.6733,0.0,59.5799,59.5799,59.389,58.0033,8.5505,9.8716,960
2016-10-21 22:00:00,53.03,blend,0.4835,57.6278,0.0,49.5201,49.5201,59.8224,55.5731,8.5893,9.8797,961
2016-10-21 23:00:00,50.19,blend,0.4835,57.2057,0.0,62.3855,62.3855,59.8469,54.7328,8.6357,9.9066,962
2016-10-22 00:00:00,51.04,blend,0.4835,57.45,0.0,49.9431,49.9431,60.4959,54.5982,8.6852,9.921,963
2016-10-22 01:00:00,49.97,blend,0.4835,58.4734,0.0,66.7598,66.7598,60.6755,56.4117,8.7159,9.9328,964
2016-10-22 02:00:00,48.48,blend,0.4835,61.4316,0.0,65.0239,65.0239,61.2549,61.5971,8.7642,9.9857,965
2016-10-22 03:00:00,48.56,blend,0.4835,64.9095,0.0,79.1348,79.1348,62.7437,66.9372,8.8136,10.0613,966
2016-10-22 04:00:00,51.66,blend,0.4835,67.8977,0.0,65.4916,65.4916,65.0648,70.55,8.865,10.145,967
2016-10-22 05:00:00,51.33,blend,0.4835,70.8695,0.0,82.959,82.959,68.9869,72.6322,8.9362,10.2411,968
2016-10-22 06:00:00,51.67,blend,0.4835,71.6455,0.0,73.9427,73.9427,71.656,71.6358,9.0056,10.3178,969
2016-10-22 07:00:00,49.07,blend,0.4835,73.6559,0.0,72.1288,72.1288,74.2474,73.1022,9.0663,10.3818,970
2016-10-22 08:00:00,43.57,blend,0.4835,74.1185,0.0,61.4672,61.4672,75.8082,72.5366,9.1545,10.4614,971
2016-10-22 09:00:00,43.53,blend,0.4835,70.4735,0.0,76.3259,76.3259,71.4601,69.5498,9.245,10.5429,972
2016-10-22 10:00:00,43.39,blend,0.4835,68.6296,0.0,67.5558,67.5558,68.1099,69.1162,9.312,10.605,973
2016-10-22 11:00:00,49.79,blend,0.4835,67.9971,0.0,66.0978,66.0978,65.7097,70.1387,9.3486,10.6513,974
2016-10-22 12:00:00,52.62,blend,0.4835,67.624,0.0,62.3079,62.3079,63.8319,71.1744,9.3604,10.6837,975
2016-10-22 13:00:00,53.24,blend,0.4835,67.6053,0.0,67.13,67.13,62.5033,72.3822,9.3624,10.7181,976
2016-10-22 14:00:00,52.45,blend,0.4835,66.6607,0.0,74.3927,74.3927,61.0518,71.9121,9.3677,10.761,977
2016-10-22 15:00:00,51.06,blend,0.4835,65.2833,0.0,67.7433,67.7433,59.7811,70.4349,9.3868,10.8178,978
2016-10-22 16:00:00,49.99,blend,0.4835,62.8116,0.0,60.0294,60.0294,58.3091,67.0272,9.406,10.869,979
2016-10-22 17:00:00,50.2,blend,0.4835,59.6846,0.0,59.1661,59.1661,56.689,62.4892,9.4183,10.9042,980
2016-10-22 18:00:00,52.15,blend,0.4835,56.5524,0.0,73.5309,73.5309,55.2524,57.7697,9.4189,10.9136,981
2016-10-22 19:00:00,55.11,blend,0.4835,53.8104,0.0,44.7022,44.7022,53.9704,53.6606,9.4111,10.9101,982
2016-10-22 20:00:00,53.83,blend,0.4835,52.9402,0.0,38.0858,38.0858,53.8565,52.0822,9.4025,10.9119,983
2016-10-22 21:00:00,53.71,blend,0.4835,52.7193,0.0,48.3608,48.3608,53.8385,51.6714,9.3925,10.9117,984
2016-10-22 22:00:00,53.33,blend,0.4835,52.7572,0.0,57.903,57.903,53.9284,51.6607,9.3895,10.9121,985
2016-10-22 23:00:00,52.83,blend,0.4835,53.0487,0.0,55.9229,55.9229,54.1371,52.0297,9.3935,10.9091,986
2016-10-23 00:00:00,54.03,blend,0.4835,53.6888,0.0,54.0273,54.0273,54.6088,52.8275,9.3924,10.9079,987
2016-10-23 01:00:00,52.76,blend,0.4835,55.476,0.0,61.6657,61.6657,56.0726,54.9174,9.3971,10.9083,988
2016-10-23 02:00:00,52.85,blend,0.4835,58.3888,0.0,58.2187,58.2187,57.7015,59.0322,9.4041,10.9205,989
2016-10-23 03:00:00,52.76,blend,0.4835,61.1022,0.0,64.0938,64.0938,59.75,62.3682,9.4016,10.927,990
2016-10-23 04:00:00,55.65,blend,0.4835,63.51,0.0,66.7405,66.7405,62.1029,64.8273,9.4104,10.9475,991
2016-10-23 05:00:00,56.04,blend,0.4835,64.5485,0.0,60.5086,60.5086,64.5987,64.5014,9.4197,10.9561,992
2016-10-23 06:00:00,56.16,blend,0.4835,65.6687,0.0,58.401,58.401,66.6866,64.7156,9.4301,10.9588,993
2016-10-23 07:00:00,51.28,blend,0.4835,66.9415,0.0,66.9709,66.9709,68.5429,65.4421,9.435,10.9536,994
2016-10-23 08:00:00,48.89,blend,0.4835,68.009,0.0,62.9969,62.9969,69.7732,66.3572,9.4362,10.9436,995
2016-10-23 09:00:00,49.15,blend,0.4835,65.0634,0.0,78.475,78.475,66.383,63.8279,9.4368,10.936,996
2016-10-23 10:00:00,49.63,blend,0.4835,63.3002,0.0,51.5683,51.5683,63.902,62.7369,9.4377,10.9264,997
2016-10-23 11:00:00,49.61,blend,0.4835,62.9256,0.0,68.8599,68.8599,62.5281,63.2977,9.4416,10.9242,998
2016-10-23 12:00:00,50.25,blend,0.4835,62.5922,0.0,72.7823,72.7823,61.303,63.7993,9.4414,10.9182,999
2016-10-23 13:00:00,49.5,blend,0.4835,62.1991,0.0,69.4445,69.4445,60.0275,64.2323,9.4481,10.9235,1000
2016-10-23 14:00:00,49.75,blend,0.4835,61.6051,0.0,69.7492,69.7492,58.7445,64.2835,9.4511,10.9319,1001
2016-10-23 15:00:00,49.47,blend,0.4835,60.5335,0.0,59.0772,59.0772,57.5167,63.3581,9.4616,10.9548,1002
2016-10-23 16:00:00,49.07,blend,0.4835,58.9005,0.0,57.6203,57.6203,56.4343,61.2095,9.4734,10.9782,1003
2016-10-23 17:00:00,49.59,blend,0.4835,56.8714,0.0,58.1143,58.1143,55.4054,58.2439,9.483,10.9958,1004
2016-10-23 18:00:00,51.59,blend,0.4835,54.688,0.0,53.476,53.476,54.2035,55.1415,9.4755,10.9915,1005
2016-10-23 19:00:00,54.87,blend,0.4835,52.9494,0.0,49.8296,49.8296,53.24,52.6773,9.4789,10.9978,1006
2016-10-23 20:00:00,53.37,blend,0.4835,52.6697,0.0,41.6539,41.6539,53.2041,52.1693,9.4717,10.9953,1007
2016-10-23 21:00:00,53.42,blend,0.5374,52.8469,0.0,56.0274,56.0274,53.3958,52.2093,9.4648,10.9935,1008
2016-10-23 22:00:00,53.49,blend,0.5374,53.0478,0.0,45.5175,45.5175,53.6143,52.3898,9.4578,10.9896,1009
2016-10-23 23:00:00,53.3,blend,0.5374,53.5814,0.0,48.166,48.166,54.1084,52.9693,9.4626,10.9896,1010
2016-10-24 00:00:00,53.66,blend,0.5374,54.6264,0.0,50.6393,50.6393,54.8557,54.3602,9.4687,10.9932,1011
2016-10-24 01:00:00,53.4,blend,0.5374,57.1049,0.0,55.4944,55.4944,57.631,56.4938,9.4744,10.9958,1012
2016-10-24 02:00:00,53.49,blend,0.5374,62.6812,0.0,61.6783,61.6783,62.0076,63.4635,9.4774,10.9975,1013
2016-10-24 03:00:00,53.39,blend,0.5374,69.6602,0.0,69.6973,69.6973,67.1589,72.5655,9.4893,11.0108,1014
2016-10-24 04:00:00,56.75,blend,0.5374,75.516,0.0,74.8795,74.8795,72.5942,78.9097,9.4889,11.0221,1015
2016-10-24 05:00:00,58.52,blend,0.5374,80.6195,0.0,75.7946,75.7946,78.1502,83.4875,9.4797,11.0288,1016
2016-10-24 06:00:00,76.4,blend,0.5374,84.9786,0.0,67.5651,67.5651,83.3183,86.9071,9.4592,11.0206,1017
2016-10-24 07:00:00,90.66,blend,0.5374,91.5982,0.0,88.0828,88.0828,90.2503,93.1638,9.4292,10.9972,1018
2016-10-24 08:00:00,97.19,blend,0.5374,102.0595,0.0,99.1632,99.1632,100.6905,103.6495,9.4261,11.0097,1019
2016-10-24 09:00:00,95.07,blend,0.5374,108.2886,0.0,110.9199,110.9199,106.4827,110.3862,9.489,11.0887,1020
2016-10-24 10:00:00,100.06,blend,0.5374,110.8838,0.0,117.2576,117.2576,109.0424,113.0227,9.5378,11.1514,1021
2016-10-24 11:00:00,94.26,blend,0.5374,110.421,0.0,89.1233,89.1233,108.4897,112.6644,9.6118,11.2344,1022
2016-10-24 12:00:00,89.28,blend,0.5374,109.3242,0.0,123.3053,123.3053,107.5336,111.4041,9.6378,11.2718,1023
2016-10-24 13:00:00,84.34,blend,0.5374,105.7971,0.0,104.1788,104.1788,102.1738,110.0056,9.6887,11.3561,1024
2016-10-24 14:00:00,86.12,blend,0.5374,99.8451,0.0,106.7553,106.7553,94.9134,105.5733,9.6911,11.4451,1025
2016-10-24 15:00:00,80.92,blend,0.5374,91.1476,0.0,89.0533,89.0533,86.3166,96.7589,9.6876,11.5364,1026
2016-10-24 16:00:00,75.16,blend,0.5374,81.5787,0.0,78.2149,78.2149,78.4881,85.1685,9.7064,11.5538,1027
2016-10-24 17:00:00,70.71,blend,0.5374,72.3467,0.0,68.6229,68.6229,71.1899,73.6904,9.7063,11.5698,1028
2016-10-24 18:00:00,64.23,blend,0.5374,65.3691,0.0,61.5248,61.5248,65.4447,65.2813,9.6378,11.5261,1029
2016-10-24 19:00:00,60.33,blend,0.5374,60.7569,0.0,66.0535,66.0535,61.1413,60.3105,9.5952,11.5026,1030
2016-10-24 20:00:00,48.09,blend,0.5374,59.313,0.0,42.3426,42.3426,60.0242,58.487,9.6054,11.5231,1031
2016-10-24 21:00:00,46.75,blend,0.5374,57.8141,0.0,45.9799,45.9799,58.8695,56.5883,9.6416,11.5637,1032
2016-10-24 22:00:00,46.48,blend,0.5374,56.5378,0.0,64.371,64.371,57.7608,55.1173,9.6876,11.6117,1033
2016-10-24 23:00:00,46.18,blend,0.5374,56.1363,0.0,48.9048,48.9048,57.8188,54.1821,9.7177,11.6405,1034
2016-10-25 00:00:00,46.9,blend,0.5374,56.8653,0.0,65.3519,65.3519,59.1503,54.2112,9.747,11.6662,1035
2016-10-25 01:00:00,45.85,blend,0.5374,58.8069,0.0,58.422,58.422,61.3709,55.8289,9.7703,11.6839,1036
2016-10-25 02:00:00,45.56,blend,0.5374,61.9393,0.0,56.9524,56.9524,64.5988,58.8503,9.7804,11.6875,1037
2016-10-25 03:00:00,45.52,blend,0.5374,66.3251,0.0,67.2884,67.2884,68.7607,63.4961,9.7937,11.675,1038
2016-10-25 04:00:00,47.54,blend,0.5374,72.861,0.0,71.0105,71.0105,73.9729,71.5695,9.8931,11.7299,1039
2016-10-25 05:00:00,53.23,blend,0.5374,80.5395,0.0,74.6836,74.6836,80.8183,80.2157,9.8977,11.6932,1040
2016-10-25 06:00:00,66.45,blend,0.5374,86.1305,0.0,93.8449,93.8449,86.2231,86.0229,9.8753,11.646,1041
2016-10-25 07:00:00,74.73,blend,0.5374,92.8073,0.0,86.6422,86.6422,93.6985,91.7722,9.8827,11.6308,1042
2016-10-25 08:00:00,91.09,blend,0.5374,100.0261,0.0,93.5603,93.5603,101.0353,98.8539,9.8815,11.6289,1043
2016-10-25 09:00:00,95.45,blend,0.5374,103.0423,0.0,97.095,97.095,102.132,104.0997,9.8703,11.6379,1044
2016-10-25 10:00:00,100.78,blend,0.5374,105.6759,0.0,92.2151,92.2151,103.6546,108.0237,9.8717,11.6772,1045
2016-10-25 11:00:00,100.9,blend,0.5374,107.2862,0.0,104.976,104.976,104.0222,111.0774,9.8449,11.7125,1046
2016-10-25 12:00:00,97.29,blend,0.5374,106.4912,0.0,72.374,72.374,103.1167,110.4107,9.8266,11.7567,1047
2016-10-25 13:00:00,97.44,blend,0.5374,103.5035,0.0,102.5545,102.5545,99.7373,107.878,9.8073,11.7963,1048
2016-10-25 14:00:00,95.73,blend,0.5374,98.131,0.0,77.2984,77.2984,93.5747,103.4233,9.7928,11.8218,1049
2016-10-25 15:00:00,79.83,blend,0.5374,92.191,0.0,73.9695,73.9695,87.3451,97.8196,9.8011,11.9081,1050
2016-10-25 16:00:00,72.84,blend,0.5374,83.8538,0.0,77.1168,77.1168,79.6138,88.7785,9.7836,11.9692,1051
2016-10-25 17:00:00,69.72,blend,0.5374,71.929,0.0,71.9879,71.9879,69.9072,74.2774,9.7404,11.9709,1052
2016-10-25 18:00:00,71.32,blend,0.5374,62.5794,0.0,58.6884,58.6884,62.5376,62.6279,9.7223,11.9665,1053
2016-10-25 19:00:00,67.73,blend,0.5374,57.3365,0.0,47.2192,47.2192,57.8978,56.6845,9.7297,12.0011,1054
2016-10-25 20:00:00,63.23,blend,0.5374,55.8009,0.0,53.1993,53.1993,56.3907,55.1159,9.755,12.0432,1055
2016-10-25 21:00:00,62.28,blend,0.5374,54.7996,0.0,54.3642,54.3642,55.4521,54.0417,9.7909,12.0832,1056
2016-10-25 22:00:00,63.34,blend,0.5374,54.4015,0.0,63.1608,63.1608,55.2422,53.425,9.8242,12.1154,1057
2016-10-25 23:00:00,60.24,blend,0.5374,54.7855,0.0,46.6131,46.6131,55.9421,53.4421,9.8351,12.1201,1058
2016-10-26 00:00:00,62.31,blend,0.5374,55.9732,0.0,57.8781,57.8781,57.7857,53.8679,9.8553,12.1321,1059
2016-10-26 01:00:00,61.0,blend,0.5374,57.1061,0.0,61.3673,61.3673,59.5589,54.2571,9.8474,12.1492,1060
2016-10-26 02:00:00,61.57,blend,0.5374,59.1403,0.0,57.8997,57.8997,62.6006,55.1212,9.8056,12.1795,1061
2016-10-26 03:00:00,61.28,blend,0.5374,62.5261,0.0,79.5016,79.5016,66.5071,57.9022,9.7483,12.1137,1062
2016-10-26 04:00:00,63.98,blend,0.5374,70.539,0.0,84.5115,84.5115,72.2478,68.5542,9.7873,12.0675,1063
2016-10-26 05:00:00,70.63,blend,0.5374,80.8364,0.0,75.5085,75.5085,80.3931,81.3512,9.7336,11.9708,1064
2016-10-26 06:00:00,84.13,blend,0.5374,90.7224,0.0,105.1243,105.1243,88.3831,93.4395,9.6595,11.8994,1065
2016-10-26 07:00:00,89.99,blend,0.5374,98.9258,0.0,99.9018,99.9018,96.5914,101.6374,9.6132,11.8683,1066
2016-10-26 08:00:00,106.6,blend,0.5374,107.6779,0.0,111.1698,111.1698,104.1922,111.7265,9.5607,11.8373,1067
2016-10-26 09:00:00,113.52,blend,0.5374,112.2447,0.0,116.0254,116.0254,107.1181,118.1993,9.5701,11.8235,1068
2016-10-26 10:00:00,129.2,blend,0.5374,114.4698,0.0,101.8543,101.8543,110.6395,118.9187,9.6584,11.839,1069
2016-10-26 11:00:00,126.47,blend,0.5374,117.858,0.0,142.4607,142.4607,115.7242,120.3365,9.6903,11.8001,1070
2016-10-26 12:00:00,119.52,blend,0.5374,121.0522,0.0,138.3831,138.3831,120.5663,121.6165,9.647,11.7162,1071
2016-10-26 13:00:00,113.28,blend,0.5374,122.2222,0.0,139.0387,139.0387,121.6072,122.9365,9.6417,11.6764,1072
2016-10-26 14:00:00,115.58,blend,0.5374,119.2205,0.0,107.3078,107.3078,117.9169,120.7347,9.6247,11.6367,1073
2016-10-26 15:00:00,106.79,blend,0.5374,113.7493,0.0,128.1707,128.1707,111.2015,116.7085,9.5681,11.573,1074
2016-10-26 16:00:00,102.39,blend,0.5374,106.3383,0.0,91.8077,91.8077,102.3728,110.9444,9.4909,11.564,1075
2016-10-26 17:00:00,97.6,blend,0.5374,97.034,0.0,104.4873,104.4873,92.344,102.4815,9.4791,11.5679,1076
2016-10-26 18:00:00,87.62,blend,0.5374,86.0544,0.0,86.9733,86.9733,83.242,89.321,9.3684,11.5259,1077
2016-10-26 19:00:00,77.45,blend,0.5374,76.0275,0.0,74.6017,74.6017,74.8083,77.4437,9.3214,11.5177,1078
2016-10-26 20:00:00,68.55,blend,0.5374,69.8401,0.0,50.8727,50.8727,69.6441,70.0677,9.2635,11.4906,1079
2016-10-26 21:00:00,65.02,blend,0.5374,64.3101,0.0,66.7643,66.7643,65.0782,63.4178,9.23,11.4859,1080
2016-10-26 22:00:00,67.59,blend,0.5374,60.8952,0.0,54.6431,54.6431,62.1467,59.4414,9.2472,11.5306,1081
2016-10-26 23:00:00,66.84,blend,0.5374,59.4775,0.0,57.5839,57.5839,60.7649,57.9822,9.2744,11.5692,1082
2016-10-27 00:00:00,67.66,blend,0.5374,59.87,0.0,69.7358,69.7358,61.2237,58.2977,9.3011,11.6104,1083
2016-10-27 01:00:00,66.12,blend,0.5374,61.2382,0.0,68.208,68.208,62.7416,59.4921,9.302,11.6444,1084
2016-10-27 02:00:00,67.38,blend,0.5374,64.097,0.0,75.8291,75.8291,65.8127,62.1042,9.2495,11.6235,1085
2016-10-27 03:00:00,65.62,blend,0.5374,69.1629,0.0,71.281,71.281,70.1577,68.0076,9.1884,11.5334,1086
2016-10-27 04:00:00,68.11,blend,0.5374,78.132,0.0,74.6027,74.6027,76.8565,79.6135,9.2251,11.532,1087
2016-10-27 05:00:00,68.14,blend,0.5374,87.907,0.0,87.7093,87.7093,85.1571,91.1009,9.2355,11.4987,1088
2016-10-27 06:00:00,86.03,blend,0.5374,96.5124,0.0,86.3559,86.3559,92.5278,101.1406,9.1538,11.4129,1089
2016-10-27 07:00:00,95.44,blend,0.5374,105.3118,0.0,106.0334,106.0334,100.1333,111.3268,9.0558,11.3413,1090
2016-10-27 08:00:00,104.26,blend,0.5374,115.1689,0.0,99.4877,99.4877,109.3748,121.8989,9.0051,11.3429,1091
2016-10-27 09:00:00,109.86,blend,0.5374,122.4162,0.0,108.178,108.178,115.3446,130.6299,8.9989,11.3847,1092
2016-10-27 10:00:00,109.08,blend,0.5374,122.6347,0.0,121.1314,121.1314,118.5948,127.327,9.0381,11.4272,1093
2016-10-27 11:00:00,109.94,blend,0.5374,122.8961,0.0,126.737,126.737,120.9901,125.1099,9.0917,11.4374,1094
2016-10-27 12:00:00,110.91,blend,0.5374,120.4516,0.0,121.4135,121.4135,119.4917,121.5666,9.14,11.4344,1095
2016-10-27 13:00:00,117.06,blend,0.5374,117.8606,0.0,133.1722,133.1722,116.2411,119.7418,9.1232,11.3611,1096
2016-10-27 14:00:00,116.66,blend,0.5374,114.666,0.0,105.825,105.825,112.295,117.4201,9.1475,11.3021,1097
2016-10-27 15:00:00,112.5,blend,0.5374,112.4591,0.0,100.8164,100.8164,108.5069,117.0496,9.1569,11.2787,1098
2016-10-27 16:00:00,101.17,blend,0.5374,107.2033,0.0,102.2054,102.2054,102.2104,113.0027,9.1309,11.2645,1099
2016-10-27 17:00:00,96.7,blend,0.5374,99.0932,0.0,65.4589,65.4589,95.0183,103.8262,9.136,11.2155,1100
2016-10-27 18:00:00,97.0,blend,0.5374,86.6706,0.0,91.3574,91.3574,85.2476,88.3236,9.066,11.2205,1101
2016-10-27 19:00:00,95.14,blend,0.5374,75.8479,0.0,73.9971,73.9971,76.2927,75.3313,9.1016,11.3119,1102
2016-10-27 20:00:00,79.05,blend,0.5374,71.8008,0.0,63.1632,63.1632,72.4349,71.0643,9.0732,11.3144,1103
2016-10-27 21:00:00,61.28,blend,0.5374,68.1334,0.0,68.2882,68.2882,69.5558,66.4812,9.0877,11.3267,1104
2016-10-27 22:00:00,61.46,blend,0.5374,64.3456,0.0,68.0881,68.0881,66.1245,62.2794,9.0819,11.3173,1105
2016-10-27 23:00:00,61.45,blend,0.5374,61.395,0.0,58.8883,58.8883,63.0794,59.4384,9.0629,11.3271,1106
2016-10-28 00:00:00,61.83,blend,0.5374,60.46,0.0,60.7556,60.7556,62.0813,58.5768,9.0271,11.3436,1107
2016-10-28 01:00:00,59.71,blend,0.5374,61.4604,0.0,55.1979,55.1979,63.0244,59.6438,8.9739,11.3215,1108
2016-10-28 02:00:00,60.72,blend,0.5374,63.598,0.0,65.6582,65.6582,65.1738,61.7677,8.9013,11.2799,1109
2016-10-28 03:00:00,57.69,blend,0.5374,69.0345,0.0,60.8827,60.8827,69.0086,69.0646,8.8376,11.2098,1110
2016-10-28 04:00:00,61.44,blend,0.5374,74.4566,0.0,82.8358,82.8358,74.0138,74.9711,8.8899,11.2046,1111
2016-10-28 05:00:00,62.62,blend,0.5374,81.1867,0.0,81.8887,81.8887,80.3602,82.1467,8.8715,11.1667,1112
2016-10-28 06:00:00,79.09,blend,0.5374,87.4759,0.0,90.4223,90.4223,86.2387,88.913,8.7061,10.9996,1113
2016-10-28 07:00:00,87.88,blend,0.5374,94.8129,0.0,107.1301,107.1301,92.4397,97.5694,8.4653,10.788,1114
2016-10-28 08:00:00,99.5,blend,0.5374,103.9233,0.0,123.4994,123.4994,100.1465,108.3102,8.2168,10.5978,1115
2016-10-28 09:00:00,105.78,blend,0.5374,109.5234,0.0,91.2526,91.2526,103.4184,116.6145,8.0138,10.4338,1116
2016-10-28 10:00:00,99.39,blend,0.5374,111.5069,0.0,112.9799,112.9799,106.3617,117.4832,7.9867,10.4547,1117
2016-10-28 11:00:00,97.25,blend,0.5374,112.9902,0.0,111.8518,111.8518,108.0607,118.716,8.032,10.5237,1118
2016-10-28 12:00:00,95.6,blend,0.5374,111.0433,0.0,106.1047,106.1047,106.4123,116.4222,8.091,10.5715,1119
2016-10-28 13:00:00,93.53,blend,0.5374,107.1265,0.0,124.7082,124.7082,102.6034,112.3802,8.1255,10.6045,1120
2016-10-28 14:00:00,87.57,blend,0.5374,101.9608,0.0,100.0061,100.0061,97.5456,107.0891,8.1404,10.5664,1121
2016-10-28 15:00:00,80.13,blend,0.5374,95.8047,0.0,90.1663,90.1663,90.6539,101.7875,8.1527,10.5352,1122
2016-10-28 16:00:00,76.23,blend,0.5374,87.3409,0.0,88.1211,88.1211,82.6388,92.8025,8.1669,10.5331,1123
2016-10-28 17:00:00,75.03,blend,0.5374,77.4647,0.0,91.5386,91.5386,74.7959,80.5645,8.1547,10.5446,1124
2016-10-28 18:00:00,69.56,blend,0.5374,69.8035,0.0,64.2468,64.2468,68.5539,71.255,8.1405,10.5324,1125
2016-10-28 19:00:00,68.37,blend,0.5374,64.3103,0.0,65.1673,65.1673,64.1256,64.5248,8.1603,10.5407,1126
2016-10-28 20:00:00,62.3,blend,0.5374,61.5193,0.0,57.821,57.821,62.0181,60.94,8.1171,10.5072,1127
2016-10-28 21:00:00,60.19,blend,0.5374,59.5823,0.0,66.9528,66.9528,60.8134,58.1523,8.0897,10.4964,1128
2016-10-28 22:00:00,58.77,blend,0.5374,58.3407,0.0,65.4832,65.4832,59.7684,56.6824,8.0552,10.4937,1129
2016-10-28 23:00:00,57.74,blend,0.5374,58.2226,0.0,59.5428,59.5428,59.6603,56.5526,8.0091,10.4737,1130
2016-10-29 00:00:00,58.92,blend,0.5374,59.0656,0.0,55.695,55.695,60.5905,57.2945,7.9628,10.4622,1131
2016-10-29 01:00:00,57.74,blend,0.5374,61.1844,0.0,44.2534,44.2534,61.278,61.0756,7.9201,10.4437,1132
2016-10-29 02:00:00,57.39,blend,0.5374,63.4346,0.0,63.8895,63.8895,61.9778,65.1266,7.8714,10.4117,1133
2016-10-29 03:00:00,57.27,blend,0.5374,65.31,0.0,71.0448,71.0448,63.2585,67.6928,7.8226,10.3643,1134
2016-10-29 04:00:00,57.9,blend,0.5374,67.5659,0.0,67.1581,67.1581,65.007,70.5381,7.7851,10.3271,1135
2016-10-29 05:00:00,59.23,blend,0.5374,69.4836,0.0,73.9568,73.9568,67.1704,72.1705,7.7273,10.2773,1136
2016-10-29 06:00:00,58.11,blend,0.5374,70.8909,0.0,74.9178,74.9178,69.3797,72.6461,7.6754,10.245,1137
2016-10-29 07:00:00,55.11,blend,0.5374,71.8255,0.0,67.7697,67.7697,71.4589,72.2512,7.6229,10.204,1138
2016-10-29 08:00:00,52.09,blend,0.5374,71.9596,0.0,63.0482,63.0482,72.2452,71.6279,7.5509,10.1479,1139
2016-10-29 09:00:00,52.1,blend,0.5374,69.6704,0.0,72.6521,72.6521,69.2097,70.2056,7.4865,10.1008,1140
2016-10-29 10:00:00,52.46,blend,0.5374,68.0601,0.0,66.3309,66.3309,66.281,70.1267,7.4216,10.0528,1141
2016-10-29 11:00:00,53.8,blend,0.5374,67.0858,0.0,73.3623,73.3623,63.8617,70.8306,7.3868,10.033,1142
2016-10-29 12:00:00,53.71,blend,0.5374,66.6026,0.0,67.1628,67.1628,61.9912,71.9588,7.3693,10.0312,1143
2016-10-29 13:00:00,53.13,blend,0.5374,66.2443,0.0,60.8701,60.8701,60.4865,72.9322,7.358,10.0351,1144
2016-10-29 14:00:00,53.69,blend,0.5374,65.2584,0.0,63.0831,63.0831,58.9054,72.6375,7.3378,10.0321,1145
2016-10-29 15:00:00,55.1,blend,0.5374,63.796,0.0,66.8584,66.8584,57.4821,71.1298,7.3001,10.0122,1146
2016-10-29 16:00:00,54.72,blend,0.5374,61.9019,0.0,54.0269,54.0269,56.2775,68.4348,7.2598,9.9924,1147
2016-10-29 17:00:00,54.02,blend,0.5374,59.6081,0.0,61.0891,61.0891,55.3054,64.6058,7.2289,9.9823,1148
2016-10-29 18:00:00,56.62,blend,0.5374,56.9242,0.0,57.48,57.48,54.2996,59.9727,7.2242,9.9688,1149
2016-10-29 19:00:00,58.49,blend,0.5374,54.5241,0.0,55.3174,55.3174,53.3135,55.9303,7.2482,9.9754,1150
2016-10-29 20:00:00,58.26,blend,0.5374,53.898,0.0,53.8628,53.8628,53.5805,54.2668,7.2759,9.9887,1151
2016-10-29 21:00:00,58.03,blend,0.5374,53.3562,0.0,55.1471,55.1471,53.5353,53.1482,7.3019,10.0057,1152
2016-10-29 22:00:00,57.51,blend,0.5374,53.2924,0.0,52.7512,52.7512,53.7197,52.7962,7.3209,10.0238,1153
2016-10-29 23:00:00,58.75,blend,0.5374,53.8628,0.0,47.9311,47.9311,54.2173,53.451,7.3401,10.0506,1154
2016-10-30 00:00:00,57.64,blend,0.5374,55.0266,0.0,48.6395,48.6395,55.0158,55.0392,7.3523,10.0589,1155
2016-10-30 01:00:00,57.72,blend,0.5374,57.3886,0.0,56.846,56.846,56.5983,58.3065,7.3393,10.0495,1156
2016-10-30 02:00:00,57.37,blend,0.5374,60.4317,0.0,53.5943,53.5943,58.6395,62.5134,7.3179,10.0433,1157
2016-10-30 03:00:00,57.35,blend,0.5374,63.2897,0.0,57.4263,57.4263,60.9935,65.9567,7.298,10.0374,1158
2016-10-30 04:00:00,61.26,blend,0.5374,65.8885,0.0,56.5236,56.5236,63.7125,68.4161,7.2742,10.0254,1159
2016-10-30 05:00:00,59.73,blend,0.5374,68.3707,0.0,73.4808,73.4808,66.7478,70.2556,7.265,10.0376,1160
2016-10-30 06:00:00,58.94,blend,0.5374,70.3986,0.0,73.2412,73.2412,69.9002,70.9775,7.2676,10.0584,1161
2016-10-30 07:00:00,55.61,blend,0.5374,71.6492,0.0,75.768,75.768,72.3486,70.8368,7.2645,10.0647,1162
2016-10-30 08:00:00,51.76,blend,0.5374,72.2435,0.0,71.2432,71.2432,73.5872,70.6827,7.2701,10.0734,1163
2016-10-30 09:00:00,51.62,blend,0.5374,69.5487,0.0,76.3377,76.3377,70.4878,68.4579,7.2799,10.0862,1164
2016-10-30 10:00:00,53.43,blend,0.5374,67.5875,0.0,85.2023,85.2023,67.7273,67.4251,7.28,10.0915,1165
2016-10-30 11:00:00,54.55,blend,0.5374,66.4756,0.0,64.2918,64.2918,65.5197,67.5859,7.2684,10.0876,1166
2016-10-30 12:00:00,55.7,blend,0.5374,65.9483,0.0,62.7941,62.7941,63.7722,68.4758,7.2507,10.083,1167
2016-10-30 13:00:00,56.38,blend,0.5374,65.3582,0.0,70.112,70.112,62.2711,68.9439,7.2231,10.0701,1168
2016-10-30 14:00:00,57.0,blend,0.5374,64.3911,0.0,52.7927,52.7927,60.8774,68.4723,7.1926,10.0519,1169
2016-10-30 15:00:00,60.84,blend,0.5374,62.7232,0.0,59.0438,59.0438,59.4474,66.5282,7.153,10.0031,1170
2016-10-30 16:00:00,62.06,blend,0.5374,60.6568,0.0,46.2725,46.2725,58.2498,63.4527,7.1318,9.9391,1171
2016-10-30 17:00:00,60.27,blend,0.5374,58.4269,0.0,58.5081,58.5081,56.9772,60.1107,7.1168,9.8886,1172
2016-10-30 18:00:00,60.82,blend,0.5374,56.5722,0.0,60.8318,60.8318,56.0622,57.1647,7.1296,9.8892,1173
2016-10-30 19:00:00,61.89,blend,0.5374,55.0529,0.0,57.4227,57.4227,54.9973,55.1174,7.1609,9.9164,1174
2016-10-30 20:00:00,75.96,blend,0.5374,55.1176,0.0,64.926,64.926,55.2284,54.989,7.2833,10.0341,1175
2016-10-30 21:00:00,67.74,transfer,1.0,55.5143,0.0,57.5602,57.5602,55.5143,54.8401,7.356,10.1037,1176
2016-10-30 22:00:00,72.43,transfer,1.0,56.5366,0.0,59.2532,59.2532,56.5366,55.4797,7.4498,10.198,1177
2016-10-30 23:00:00,83.14,transfer,1.0,57.3038,0.0,54.0438,54.0438,57.3038,56.6197,7.5988,10.3539,1178
2016-10-31 00:00:00,89.92,transfer,1.0,58.7855,0.0,48.3773,48.3773,58.7855,58.4739,7.777,10.5369,1179
2016-10-31 01:00:00,85.02,transfer,1.0,64.0201,0.0,67.86,67.86,64.0201,63.6075,7.8768,10.646,1180
2016-10-31 02:00:00,84.4,transfer,1.0,72.3356,0.0,79.8119,79.8119,72.3356,77.971,7.8979,10.6249,1181
2016-10-31 03:00:00,68.36,transfer,1.0,80.0821,0.0,77.0243,77.0243,80.0821,89.096,7.8857,10.6342,1182
2016-10-31 04:00:00,68.89,transfer,1.0,87.3353,0.0,92.5173,92.5173,87.3353,95.8311,7.9012,10.6626,1183
2016-10-31 05:00:00,68.77,transfer,1.0,90.7379,0.0,87.9012,87.9012,90.7379,97.375,7.9151,10.6843,1184
2016-10-31 06:00:00,84.24,transfer,1.0,94.9636,0.0,101.688,101.688,94.9636,99.9437,7.9378,10.7152,1185
2016-10-31 07:00:00,91.61,transfer,1.0,100.9953,0.0,89.497,89.497,100.9953,104.3415,7.9912,10.7761,1186
2016-10-31 08:00:00,103.1,transfer,1.0,109.534,0.0,111.5812,111.5812,109.534,110.4707,8.0087,10.7815,1187
2016-10-31 09:00:00,123.83,transfer,1.0,113.3997,0.0,125.4791,125.4791,113.3997,116.4625,8.0028,10.7342,1188
2016-10-31 10:00:00,130.61,transfer,1.0,119.2787,0.0,93.0385,93.0385,119.2787,120.5166,8.0168,10.7171,1189
2016-10-31 11:00:00,130.22,transfer,1.0,127.1411,0.0,120.9742,120.9742,127.1411,125.784,7.9504,10.634,1190
2016-10-31 12:00:00,125.49,transfer,1.0,131.3093,0.0,131.9498,131.9498,131.3093,127.9234,7.8764,10.5168,1191
2016-10-31 13:00:00,119.44,transfer,1.0,131.1063,0.0,110.3731,110.3731,131.1063,126.7348,7.8397,10.4074,1192
2016-10-31 14:00:00,103.86,transfer,1.0,127.0663,0.0,135.0657,135.0657,127.0663,123.8506,7.9255,10.4106,1193
2016-10-31 15:00:00,114.2,transfer,1.0,120.8739,0.0,104.4643,104.4643,120.8739,118.6186,7.9331,10.3427,1194
2016-10-31 16:00:00,101.83,transfer,1.0,107.6686,0.0,97.6566,97.6566,107.6686,107.472,7.9481,10.3167,1195
2016-10-31 17:00:00,96.18,transfer,1.0,99.4924,0.0,96.2313,96.2313,99.4924,100.5382,7.9649,10.3249,1196
2016-10-31 18:00:00,79.34,transfer,1.0,89.5802,0.0,93.7546,93.7546,89.5802,90.0191,8.0186,10.3822,1197
2016-10-31 19:00:00,79.63,transfer,1.0,80.777,0.0,82.8306,82.8306,80.777,79.3346,8.0206,10.3838,1198
2016-10-31 20:00:00,73.95,transfer,1.0,76.0292,0.0,81.4239,81.4239,76.0292,73.98,7.962,10.3221,1199
2016-10-31 21:00:00,69.91,transfer,1.0,73.1196,0.0,69.2279,69.2279,73.1196,69.086,7.9089,10.2684,1200
2016-10-31 22:00:00,68.3,transfer,1.0,71.4804,0.0,65.9411,65.9411,71.4804,66.0483,7.8607,10.2304,1201
2016-10-31 23:00:00,71.24,transfer,1.0,71.0925,0.0,75.7042,75.7042,71.0925,65.0703,7.7923,10.2195,1202
2016-11-01 00:00:00,68.61,transfer,1.0,72.1176,0.0,69.5773,69.5773,72.1176,65.6285,7.7403,10.1938,1203
2016-11-01 01:00:00,70.01,transfer,1.0,74.7777,0.0,84.0403,84.0403,74.7777,67.6553,7.6763,10.1484,1204
2016-11-01 02:00:00,69.47,transfer,1.0,77.5504,0.0,79.1804,79.1804,77.5504,70.7273,7.611,10.0768,1205
2016-11-01 03:00:00,69.0,transfer,1.0,81.6137,0.0,81.7657,81.7657,81.6137,77.4654,7.5478,10.0201,1206
2016-11-01 04:00:00,71.02,transfer,1.0,86.4663,0.0,95.9346,95.9346,86.4663,86.3228,7.4824,9.9682,1207
2016-11-01 05:00:00,72.23,transfer,1.0,94.0998,0.0,100.7124,100.7124,94.0998,97.7709,7.4484,9.9596,1208
2016-11-01 06:00:00,84.99,transfer,1.0,101.604,0.0,108.704,108.704,101.604,107.4852,7.4296,9.977,1209
2016-11-01 07:00:00,99.98,transfer,1.0,110.4067,0.0,109.0053,109.0053,110.4067,116.1974,7.3787,9.9721,1210
2016-11-01 08:00:00,111.56,transfer,1.0,119.5703,0.0,142.1566,142.1566,119.5703,124.2253,7.3672,10.0013,1211
2016-11-01 09:00:00,113.95,transfer,1.0,126.923,0.0,121.0429,121.0429,126.923,133.2715,7.4046,10.0648,1212
2016-11-01 10:00:00,114.38,transfer,1.0,131.8014,0.0,143.8477,143.8477,131.8014,134.2164,7.4912,10.1397,1213
2016-11-01 11:00:00,108.94,transfer,1.0,134.6244,0.0,133.335,133.335,134.6244,130.3575,7.6255,10.2066,1214
2016-11-01 12:00:00,108.76,transfer,1.0,133.9429,0.0,135.5816,135.5816,133.9429,125.1419,7.7407,10.2261,1215
2016-11-01 13:00:00,102.09,transfer,1.0,129.1005,0.0,141.9385,141.9385,129.1005,120.1075,7.8878,10.2712,1216
2016-11-01 14:00:00,106.36,transfer,1.0,122.365,0.0,123.8831,123.8831,122.365,115.9806,7.9703,10.2826,1217
2016-11-01 15:00:00,102.33,transfer,1.0,113.4094,0.0,108.0019,108.0019,113.4094,110.447,7.9915,10.2239,1218
2016-11-01 16:00:00,92.69,transfer,1.0,105.7627,0.0,93.0956,93.0956,105.7627,106.7601,8.029,10.2128,1219
2016-11-01 17:00:00,87.94,transfer,1.0,96.7615,0.0,110.5457,110.5457,96.7615,99.1079,8.0804,10.2521,1220
2016-11-01 18:00:00,82.81,transfer,1.0,86.9211,0.0,89.526,89.526,86.9211,87.4529,8.0526,10.228,1221
2016-11-01 19:00:00,77.9,transfer,1.0,78.0864,0.0,63.8634,63.8634,78.0864,75.8641,7.9952,10.1744,1222
2016-11-01 20:00:00,73.81,transfer,1.0,73.3857,0.0,75.6988,75.6988,73.3857,70.9317,7.957,10.1432,1223
2016-11-01 21:00:00,69.59,transfer,1.0,69.7375,0.0,84.7702,84.7702,69.7375,66.3986,7.9172,10.1132,1224
2016-11-01 22:00:00,67.32,transfer,1.0,67.2178,0.0,63.9513,63.9513,67.2178,63.2801,7.8696,10.0782,1225
2016-11-01 23:00:00,69.03,transfer,1.0,65.936,0.0,73.1072,73.1072,65.936,61.9179,7.8625,10.0801,1226
2016-11-02 00:00:00,69.3,transfer,1.0,65.9153,0.0,70.8411,70.8411,65.9153,62.0044,7.8557,10.0732,1227
2016-11-02 01:00:00,70.55,transfer,1.0,66.6653,0.0,71.728,71.728,66.6653,62.5707,7.8702,10.0806,1228
2016-11-02 02:00:00,71.63,transfer,1.0,68.8266,0.0,68.1322,68.1322,68.8266,65.4918,7.8808,10.0787,1229
2016-11-02 03:00:00,68.97,transfer,1.0,72.4836,0.0,68.9416,68.9416,72.4836,71.724,7.8706,10.075,1230
2016-11-02 04:00:00,74.72,transfer,1.0,77.5664,0.0,75.2909,75.2909,77.5664,81.2088,7.8383,10.0864,1231
2016-11-02 05:00:00,70.74,transfer,1.0,84.6314,0.0,77.8908,77.8908,84.6314,93.2015,7.8629,10.1563,1232
2016-11-02 06:00:00,86.71,transfer,1.0,92.5496,0.0,109.4918,109.4918,92.5496,105.3167,7.8723,10.2117,1233
2016-11-02 07:00:00,98.65,transfer,1.0,100.7092,0.0,103.7637,103.7637,100.7092,115.1042,7.8453,10.2403,1234
2016-11-02 08:00:00,104.69,transfer,1.0,110.6643,0.0,100.4221,100.4221,110.6643,123.8171,7.8665,10.3236,1235
2016-11-02 09:00:00,124.36,transfer,1.0,117.6116,0.0,125.3074,125.3074,117.6116,130.5371,7.8686,10.3325,1236
2016-11-02 10:00:00,130.97,transfer,1.0,122.7934,0.0,152.6294,152.6294,122.7934,129.5206,7.8068,10.2799,1237
2016-11-02 11:00:00,134.68,transfer,1.0,130.8232,0.0,127.6499,127.6499,130.8232,133.1967,7.7658,10.2523,1238
2016-11-02 12:00:00,130.52,transfer,1.0,136.6453,0.0,135.2727,135.2727,136.6453,137.9624,7.796,10.2841,1239
2016-11-02 13:00:00,134.8,transfer,1.0,140.2445,0.0,130.2136,130.2136,140.2445,140.3294,7.7788,10.2595,1240
2016-11-02 14:00:00,132.88,transfer,1.0,139.2752,0.0,141.1833,141.1833,139.2752,138.0275,7.803,10.2595,1241
2016-11-02 15:00:00,125.65,transfer,1.0,137.0823,0.0,156.4201,156.4201,137.0823,135.8553,7.8448,10.2612,1242
2016-11-02 16:00:00,112.81,transfer,1.0,130.4792,0.0,107.5648,107.5648,130.4792,129.5096,7.9499,10.3097,1243
2016-11-02 17:00:00,102.23,transfer,1.0,119.4092,0.0,121.0416,121.0416,119.4092,112.9363,8.0208,10.3443,1244
2016-11-02 18:00:00,84.86,transfer,1.0,105.441,0.0,101.5189,101.5189,105.441,93.7853,8.1173,10.3873,1245
2016-11-02 19:00:00,87.12,transfer,1.0,90.7674,0.0,88.7494,88.7494,90.7674,78.4457,8.1233,10.4389,1246
2016-11-02 20:00:00,66.48,transfer,1.0,81.3793,0.0,81.6453,81.6453,81.3793,71.7192,8.2054,10.4611,1247
2016-11-02 21:00:00,62.49,transfer,1.0,75.3262,0.0,85.7942,85.7942,75.3262,67.3017,8.2815,10.4802,1248
2016-11-02 22:00:00,62.44,transfer,1.0,68.671,0.0,57.719,57.719,68.671,62.9342,8.2862,10.4346,1249
2016-11-02 23:00:00,61.95,transfer,1.0,64.9177,0.0,53.7786,53.7786,64.9177,59.5667,8.2677,10.3961,1250
2016-11-03 00:00:00,62.55,transfer,1.0,63.6329,0.0,62.6694,62.6694,63.6329,58.538,8.2358,10.3642,1251
2016-11-03 01:00:00,60.47,transfer,1.0,63.7457,0.0,66.1414,66.1414,63.7457,59.1896,8.2352,10.3324,1252
2016-11-03 02:00:00,60.65,transfer,1.0,65.5651,0.0,65.6002,65.6002,65.5651,61.3561,8.2551,10.3052,1253
2016-11-03 03:00:00,60.59,transfer,1.0,68.9513,0.0,56.4907,56.4907,68.9513,66.4685,8.2779,10.326,1254
2016-11-03 04:00:00,63.24,transfer,1.0,73.7654,0.0,78.3806,78.3806,73.7654,76.0004,8.2885,10.3335,1255
2016-11-03 05:00:00,65.89,transfer,1.0,81.5167,0.0,88.8226,88.8226,81.5167,89.332,8.2802,10.3363,1256
2016-11-03 06:00:00,77.75,transfer,1.0,89.7566,0.0,88.0445,88.0445,89.7566,102.1108,8.313,10.3914,1257
2016-11-03 07:00:00,92.65,transfer,1.0,99.927,0.0,102.346,102.346,99.927,111.4509,8.3284,10.4087,1258
2016-11-03 08:00:00,104.3,transfer,1.0,110.5611,0.0,107.2376,107.2376,110.5611,120.4719,8.3352,10.4,1259
2016-11-03 09:00:00,110.5,transfer,1.0,118.6495,0.0,113.0979,113.0979,118.6495,130.3408,8.3511,10.3945,1260
2016-11-03 10:00:00,108.31,transfer,1.0,125.2858,0.0,127.5097,127.5097,125.2858,133.9268,8.3955,10.4384,1261
2016-11-03 11:00:00,127.88,transfer,1.0,130.6784,0.0,139.0099,139.0099,130.6784,134.7265,8.3464,10.3888,1262
2016-11-03 12:00:00,119.22,transfer,1.0,133.3891,0.0,129.7981,129.7981,133.3891,134.4552,8.3796,10.4161,1263
2016-11-03 13:00:00,102.89,transfer,1.0,137.188,0.0,112.7252,112.7252,137.188,139.7965,8.5789,10.6198,1264
2016-11-03 14:00:00,113.63,transfer,1.0,132.9196,0.0,121.9241,121.9241,132.9196,136.3292,8.6677,10.7504,1265
2016-11-03 15:00:00,98.76,transfer,1.0,121.1772,0.0,156.2737,156.2737,121.1772,119.4831,8.7774,10.8466,1266
2016-11-03 16:00:00,98.01,transfer,1.0,110.9696,0.0,109.2596,109.2596,110.9696,111.6359,8.8483,10.8573,1267
2016-11-03 17:00:00,90.8,transfer,1.0,95.7892,0.0,97.1081,97.1081,95.7892,94.5697,8.868,10.8373,1268
2016-11-03 18:00:00,86.5,transfer,1.0,84.4791,0.0,88.4271,88.4271,84.4791,79.7419,8.8101,10.8259,1269
2016-11-03 19:00:00,74.79,transfer,1.0,74.2224,0.0,81.2154,81.2154,74.2224,70.4773,8.7013,10.7337,1270
2016-11-03 20:00:00,66.88,transfer,1.0,69.8014,0.0,70.2982,70.2982,69.8014,66.9614,8.6793,10.6866,1271
2016-11-03 21:00:00,62.86,transfer,1.0,65.09,0.0,65.9525,65.9525,65.09,62.896,8.6433,10.6559,1272
2016-11-03 22:00:00,62.97,transfer,1.0,62.0778,0.0,61.2814,61.2814,62.0778,59.7618,8.6209,10.6701,1273
2016-11-03 23:00:00,61.62,transfer,1.0,61.0216,0.0,58.8804,58.8804,61.0216,58.1681,8.6147,10.6787,1274
2016-11-04 00:00:00,62.33,transfer,1.0,61.6782,0.0,62.3203,62.3203,61.6782,58.0399,8.6171,10.6849,1275
2016-11-04 01:00:00,61.33,transfer,1.0,63.6591,0.0,61.5566,61.5566,63.6591,59.0629,8.6112,10.698,1276
2016-11-04 02:00:00,61.37,transfer,1.0,67.0059,0.0,57.0222,57.0222,67.0059,61.4142,8.6183,10.692,1277
2016-11-04 03:00:00,61.69,transfer,1.0,71.7026,0.0,74.7147,74.7147,71.7026,65.8422,8.6105,10.649,1278
2016-11-04 04:00:00,63.78,transfer,1.0,77.6237,0.0,76.6105,76.6105,77.6237,74.1549,8.6181,10.6302,1279
2016-11-04 05:00:00,64.41,transfer,1.0,85.7897,0.0,94.12,94.12,85.7897,83.749,8.6397,10.6291,1280
2016-11-04 06:00:00,66.66,transfer,1.0,92.5344,0.0,91.6374,91.6374,92.5344,93.3682,8.7512,10.7296,1281
2016-11-04 07:00:00,70.43,transfer,1.0,99.3546,0.0,81.5662,81.5662,99.3546,102.0401,8.8962,10.8601,1282
2016-11-04 08:00:00,81.76,transfer,1.0,103.8573,0.0,125.0536,125.0536,103.8573,110.1562,9.0239,10.9767,1283
2016-11-04 09:00:00,85.95,transfer,1.0,103.2075,0.0,90.3944,90.3944,103.2075,116.0945,9.1126,11.0916,1284
2016-11-04 10:00:00,86.36,transfer,1.0,103.0512,0.0,111.823,111.823,103.0512,115.6767,9.1704,11.1584,1285
2016-11-04 11:00:00,86.87,transfer,1.0,103.1315,0.0,116.9132,116.9132,103.1315,112.5317,9.2029,11.1834,1286
2016-11-04 12:00:00,87.07,transfer,1.0,100.9704,0.0,103.3888,103.3888,100.9704,108.5585,9.2213,11.1873,1287
2016-11-04 13:00:00,86.56,transfer,1.0,96.8779,0.0,83.541,83.541,96.8779,103.651,9.2287,11.1769,1288
2016-11-04 14:00:00,84.5,transfer,1.0,92.274,0.0,67.3004,67.3004,92.274,100.1207,9.2156,11.1537,1289
2016-11-04 15:00:00,82.74,transfer,1.0,86.4256,0.0,103.5745,103.5745,86.4256,95.834,9.1749,11.1027,1290
2016-11-04 16:00:00,79.89,transfer,1.0,80.1957,0.0,95.0834,95.0834,80.1957,90.1094,9.1385,11.0649,1291
2016-11-04 17:00:00,67.84,transfer,1.0,74.4909,0.0,80.2763,80.2763,74.4909,83.5389,9.1767,11.1254,1292
2016-11-04 18:00:00,64.64,transfer,1.0,69.4562,0.0,75.3809,75.3809,69.4562,76.5797,9.1994,11.1864,1293
2016-11-04 19:00:00,60.88,transfer,1.0,64.5514,0.0,75.1577,75.1577,64.5514,69.3727,9.196,11.214,1294
2016-11-04 20:00:00,62.4,transfer,1.0,62.0309,0.0,56.9346,56.9346,62.0309,64.7034,9.1965,11.2196,1295
2016-11-04 21:00:00,58.4,transfer,1.0,60.4911,0.0,69.1928,69.1928,60.4911,60.5567,9.2052,11.2203,1296
2016-11-04 22:00:00,59.54,transfer,1.0,59.55,0.0,61.5483,61.5483,59.55,57.9425,9.1994,11.2174,1297
2016-11-04 23:00:00,58.28,transfer,1.0,59.5,0.0,55.0345,55.0345,59.5,56.967,9.1952,11.2182,1298
2016-11-05 00:00:00,57.68,transfer,1.0,60.2594,0.0,56.4345,56.4345,60.2594,57.4188,9.2006,11.2101,1299
2016-11-05 01:00:00,56.96,transfer,1.0,60.8953,0.0,63.5888,63.5888,60.8953,60.2255,9.203,11.2096,1300
2016-11-05 02:00:00,56.33,transfer,1.0,61.45,0.0,57.5914,57.5914,61.45,63.2235,9.2061,11.2046,1301
2016-11-05 03:00:00,56.65,transfer,1.0,62.55,0.0,61.8366,61.8366,62.55,65.442,9.2056,11.1949,1302
2016-11-05 04:00:00,56.3,transfer,1.0,64.1657,0.0,66.4223,66.4223,64.1657,67.4051,9.2101,11.1858,1303
2016-11-05 05:00:00,57.37,transfer,1.0,66.266,0.0,69.865,69.865,66.266,69.1627,9.2158,11.179,1304
2016-11-05 06:00:00,57.54,transfer,1.0,68.3309,0.0,65.4531,65.4531,68.3309,70.3567,9.213,11.1687,1305
2016-11-05 07:00:00,54.37,transfer,1.0,70.1303,0.0,68.8452,68.8452,70.1303,70.4004,9.2095,11.1621,1306
2016-11-05 08:00:00,51.21,transfer,1.0,70.9276,0.0,83.3961,83.3961,70.9276,69.8401,9.2069,11.1567,1307
2016-11-05 09:00:00,49.68,transfer,1.0,67.744,0.0,81.0448,81.0448,67.744,67.6502,9.2125,11.1559,1308
2016-11-05 10:00:00,51.2,transfer,1.0,64.7279,0.0,54.0886,54.0886,64.7279,66.5976,9.2108,11.1424,1309
2016-11-05 11:00:00,50.81,transfer,1.0,62.1436,0.0,62.6043,62.6043,62.1436,66.5073,9.2184,11.1345,1310
2016-11-05 12:00:00,51.83,transfer,1.0,59.9498,0.0,60.4614,60.4614,59.9498,66.6827,9.2174,11.1142,1311
2016-11-05 13:00:00,51.36,transfer,1.0,58.1144,0.0,63.0267,63.0267,58.1144,66.5714,9.2138,11.0869,1312
2016-11-05 14:00:00,51.22,transfer,1.0,56.5489,0.0,54.1772,54.1772,56.5489,66.0319,9.2145,11.0623,1313
2016-11-05 15:00:00,51.28,transfer,1.0,55.1073,0.0,53.8081,53.8081,55.1073,64.9094,9.2231,11.048,1314
2016-11-05 16:00:00,51.16,transfer,1.0,53.894,0.0,67.6319,67.6319,53.894,62.1385,9.2301,11.0317,1315
2016-11-05 17:00:00,50.55,transfer,1.0,52.7713,0.0,49.1143,49.1143,52.7713,58.6284,9.2357,11.0168,1316
2016-11-05 18:00:00,55.79,transfer,1.0,51.8116,0.0,53.269,53.269,51.8116,55.2363,9.2455,11.0001,1317
2016-11-05 19:00:00,56.86,transfer,1.0,50.9242,0.0,42.79,42.79,50.9242,52.5929,9.2501,11.0103,1318
2016-11-05 20:00:00,56.84,transfer,1.0,51.0293,0.0,53.6317,53.6317,51.0293,51.8982,9.2568,11.0159,1319
2016-11-05 21:00:00,56.38,transfer,1.0,51.3161,0.0,58.9145,58.9145,51.3161,51.8395,9.2602,11.0139,1320
2016-11-05 22:00:00,56.56,transfer,1.0,51.642,0.0,51.7514,51.7514,51.642,52.0331,9.2669,11.0128,1321
2016-11-05 23:00:00,56.21,transfer,1.0,51.9471,0.0,62.3258,62.3258,51.9471,52.4232,9.2653,11.0038,1322
2016-11-06 00:00:00,56.6,transfer,1.0,52.6592,0.0,52.0269,52.0269,52.6592,53.2267,9.2731,11.0084,1323
2016-11-06 01:00:00,56.99,transfer,1.0,48.871,0.0,44.2419,44.2419,48.871,49.3724,9.3148,11.0503,1324
2016-11-06 02:00:00,55.79,transfer,1.0,50.1174,0.0,41.4165,41.4165,50.1174,52.461,9.341,11.0395,1325
2016-11-06 03:00:00,55.87,transfer,1.0,51.8659,0.0,62.6142,62.6142,51.8659,62.4163,9.3431,11.0272,1326
2016-11-06 04:00:00,56.17,transfer,1.0,54.443,0.0,49.1806,49.1806,54.443,65.5782,9.3388,11.0406,1327
2016-11-06 05:00:00,56.82,transfer,1.0,57.589,0.0,69.6274,69.6274,57.589,66.4267,9.3016,11.0351,1328
2016-11-06 06:00:00,57.35,transfer,1.0,60.556,0.0,62.6537,62.6537,60.556,67.6391,9.2555,11.0247,1329
2016-11-06 07:00:00,54.76,transfer,1.0,63.1889,0.0,57.8738,57.8738,63.1889,67.6476,9.206,11.0108,1330
2016-11-06 08:00:00,50.03,transfer,1.0,65.1368,0.0,68.7091,68.7091,65.1368,67.1025,9.166,10.9998,1331
2016-11-06 09:00:00,50.77,transfer,1.0,63.7536,0.0,55.7736,55.7736,63.7536,65.098,9.131,10.9848,1332
2016-11-06 10:00:00,50.89,transfer,1.0,62.316,0.0,67.3873,67.3873,62.316,64.9715,9.1139,10.9854,1333
2016-11-06 11:00:00,50.43,transfer,1.0,61.1316,0.0,62.981,62.981,61.1316,65.0687,9.1123,10.9949,1334
2016-11-06 12:00:00,50.68,transfer,1.0,60.3156,0.0,59.059,59.059,60.3156,65.1285,9.1216,11.0048,1335
2016-11-06 13:00:00,50.05,transfer,1.0,59.4597,0.0,54.5218,54.5218,59.4597,65.0943,9.1425,11.0196,1336
2016-11-06 14:00:00,50.55,transfer,1.0,58.405,0.0,60.7294,60.7294,58.405,64.6989,9.1662,11.0355,1337
2016-11-06 15:00:00,50.71,transfer,1.0,57.4996,0.0,50.8512,50.8512,57.4996,63.8532,9.1983,11.0799,1338
2016-11-06 16:00:00,50.0,transfer,1.0,56.5895,0.0,53.4703,53.4703,56.5895,62.3473,9.2149,11.1451,1339
2016-11-06 17:00:00,56.61,transfer,1.0,55.5708,0.0,60.7428,60.7428,55.5708,60.2084,9.2015,11.1656,1340
2016-11-06 18:00:00,68.05,transfer,1.0,54.6512,0.0,47.5655,47.5655,54.6512,58.0992,9.2529,11.2031,1341
2016-11-06 19:00:00,65.28,transfer,1.0,54.0593,0.0,57.2434,57.2434,54.0593,56.8784,9.2787,11.2128,1342
2016-11-06 20:00:00,66.1,transfer,1.0,55.0743,0.0,58.3883,58.3883,55.0743,57.487,9.2209,11.1392,1343
2016-11-06 21:00:00,64.01,blend,0.5469,56.553,0.0,47.9811,47.9811,55.8314,57.4241,9.1968,11.1016,1344
2016-11-06 22:00:00,62.07,blend,0.5469,56.292,0.0,60.9421,60.9421,56.0569,56.5757,9.138,11.0334,1345
2016-11-06 23:00:00,62.84,blend,0.5469,56.3147,0.0,54.5498,54.5498,56.6202,55.9459,9.0212,10.9166,1346
2016-11-07 00:00:00,62.6,blend,0.5469,56.791,0.0,50.8216,50.8216,57.1462,56.3622,8.8684,10.7666,1347
2016-11-07 01:00:00,62.39,blend,0.5469,58.974,0.0,70.4073,70.4073,60.0201,57.7112,8.7575,10.667,1348
2016-11-07 02:00:00,61.59,blend,0.5469,63.0617,0.0,72.2506,72.2506,63.9832,61.9493,8.6999,10.6308,1349
2016-11-07 03:00:00,61.68,blend,0.5469,67.9571,0.0,75.5797,75.5797,68.6051,67.1748,8.6713,10.5401,1350
2016-11-07 04:00:00,63.66,blend,0.5469,72.7105,0.0,80.7527,80.7527,73.2124,72.1047,8.6184,10.43,1351
2016-11-07 05:00:00,65.56,blend,0.5469,78.3976,0.0,81.5311,81.5311,78.5874,78.1686,8.5652,10.3348,1352
2016-11-07 06:00:00,67.28,blend,0.5469,85.0168,0.0,77.9234,77.9234,84.1239,86.0945,8.6016,10.3533,1353
2016-11-07 07:00:00,80.74,blend,0.5469,92.3204,0.0,105.7713,105.7713,90.388,94.6532,8.6032,10.3603,1354
2016-11-07 08:00:00,88.8,blend,0.5469,98.8596,0.0,83.0258,83.0258,96.5917,101.5973,8.6113,10.3926,1355
2016-11-07 09:00:00,106.43,blend,0.5469,103.5191,0.0,108.4803,108.4803,99.8828,107.9085,8.5882,10.3576,1356
2016-11-07 10:00:00,127.49,blend,0.5469,108.8837,0.0,109.0714,109.0714,104.5308,114.1382,8.6574,10.377,1357
2016-11-07 11:00:00,126.58,blend,0.5469,116.248,0.0,105.2952,105.2952,112.8873,120.3048,8.7205,10.3879,1358
2016-11-07 12:00:00,126.09,blend,0.5469,122.095,0.0,130.078,130.078,120.3,124.2619,8.7204,10.3843,1359
2016-11-07 13:00:00,121.63,blend,0.5469,124.0688,0.0,134.895,134.895,122.8103,125.588,8.658,10.3645,1360
2016-11-07 14:00:00,117.52,blend,0.5469,122.1643,0.0,114.5595,114.5595,121.0246,123.5401,8.5407,10.2813,1361
2016-11-07 15:00:00,121.71,blend,0.5469,117.748,0.0,130.7114,130.7114,115.0558,120.9978,8.5406,10.2592,1362
2016-11-07 16:00:00,112.48,blend,0.5469,111.5845,0.0,90.0446,90.0446,107.7481,116.2155,8.534,10.2479,1363
2016-11-07 17:00:00,102.68,blend,0.5469,105.8476,0.0,86.5142,86.5142,101.095,111.5844,8.5237,10.275,1364
2016-11-07 18:00:00,96.43,blend,0.5469,97.774,0.0,95.8416,95.8416,93.1245,103.3865,8.4824,10.2528,1365
2016-11-07 19:00:00,80.83,blend,0.5469,87.8666,0.0,90.507,90.507,84.2294,92.257,8.4958,10.3191,1366
2016-11-07 20:00:00,76.39,blend,0.5469,80.7141,0.0,73.4125,73.4125,78.5909,83.277,8.4966,10.3599,1367
2016-11-07 21:00:00,71.57,blend,0.5469,73.0543,0.0,57.8319,57.8319,72.7232,73.4541,8.4843,10.3662,1368
2016-11-07 22:00:00,68.07,blend,0.5469,68.0028,0.0,75.6591,75.6591,68.7657,67.0819,8.4695,10.3587,1369
2016-11-07 23:00:00,69.75,blend,0.5469,65.1421,0.0,61.9539,61.9539,66.6151,63.364,8.4873,10.36,1370
2016-11-08 00:00:00,70.9,blend,0.5469,64.3916,0.0,72.019,72.019,66.0887,62.3429,8.4951,10.3931,1371
2016-11-08 01:00:00,68.55,blend,0.5469,65.1147,0.0,70.9225,70.9225,66.9763,62.8674,8.4761,10.4129,1372
2016-11-08 02:00:00,70.14,blend,0.5469,68.1064,0.0,66.1385,66.1385,69.7227,66.1552,8.4304,10.4292,1373
2016-11-08 03:00:00,69.52,blend,0.5469,73.0595,0.0,79.345,79.345,73.6032,72.4033,8.3797,10.396,1374
2016-11-08 04:00:00,68.15,blend,0.5469,81.7269,0.0,74.807,74.807,79.564,84.3377,8.3557,10.4012,1375
2016-11-08 05:00:00,69.66,blend,0.5469,91.7978,0.0,85.7116,85.7116,86.7356,97.9085,8.3271,10.4173,1376
2016-11-08 06:00:00,70.18,blend,0.5469,100.8286,0.0,75.0143,75.0143,94.5059,108.4609,8.373,10.5113,1377
2016-11-08 07:00:00,77.85,blend,0.5469,109.0946,0.0,107.5225,107.5225,103.1397,116.2828,8.4615,10.6435,1378
2016-11-08 08:00:00,89.08,blend,0.5469,116.164,0.0,116.3102,116.3102,110.5386,122.9545,8.5415,10.7698,1379
2016-11-08 09:00:00,109.08,blend,0.5469,123.3887,0.0,122.0889,122.0889,115.4795,132.9359,8.5024,10.7968,1380
2016-11-08 10:00:00,116.69,blend,0.5469,128.0009,0.0,127.2326,127.2326,119.1618,138.6708,8.4134,10.8095,1381
2016-11-08 11:00:00,121.5,blend,0.5469,133.3592,0.0,116.5556,116.5556,124.6789,143.8374,8.2795,10.815,1382
2016-11-08 12:00:00,121.45,blend,0.5469,137.7703,0.0,117.3405,117.3405,127.8385,149.7592,8.1676,10.886,1383
2016-11-08 13:00:00,123.83,blend,0.5469,144.3769,0.0,141.2515,141.2515,128.5865,163.4378,8.0351,11.0145,1384
2016-11-08 14:00:00,119.69,blend,0.5469,69.0581,0.0,120.3684,120.3684,126.1915,0.0914,7.9786,11.6692,1385
2016-11-08 15:00:00,126.56,blend,0.5469,66.8675,0.0,122.1272,122.1272,122.2079,0.065,7.9385,12.3738,1386
2016-11-08 16:00:00,113.22,blend,0.5469,105.6227,0.0,125.1985,125.1985,114.8772,94.4514,7.8706,12.4018,1387
2016-11-08 17:00:00,104.6,blend,0.5469,108.2373,0.0,97.7477,97.7477,107.4094,109.2367,7.8348,12.3629,1388
2016-11-08 18:00:00,99.6,blend,0.5469,98.7643,0.0,115.067,115.067,97.3884,100.4251,7.8235,12.3402,1389
2016-11-08 19:00:00,88.93,blend,0.5469,88.6172,0.0,87.175,87.175,88.2928,89.0087,7.8262,12.3285,1390
2016-11-08 20:00:00,87.54,blend,0.5469,81.3634,0.0,82.5667,82.5667,81.7625,80.8816,7.858,12.351,1391
2016-11-08 21:00:00,85.11,blend,0.5469,75.0855,0.0,81.1344,81.1344,76.2253,73.7096,7.91,12.3999,1392
2016-11-08 22:00:00,76.28,blend,0.5469,71.0871,0.0,71.262,71.262,72.5991,69.2619,7.9313,12.4176,1393
2016-11-08 23:00:00,68.86,blend,0.5469,68.6081,0.0,69.3546,69.3546,70.7006,66.0822,7.9239,12.3918,1394
2016-11-09 00:00:00,65.63,blend,0.5469,67.8526,0.0,73.2486,73.2486,69.5829,65.7639,7.9273,12.3492,1395
2016-11-09 01:00:00,65.15,blend,0.5469,66.8065,0.0,64.7252,64.7252,68.4913,64.7728,7.924,12.3039,1396
2016-11-09 02:00:00,65.14,blend,0.5469,67.7845,0.0,70.0406,70.0406,69.1221,66.1698,7.931,12.2735,1397
2016-11-09 03:00:00,65.61,blend,0.5469,71.1436,0.0,74.4546,74.4546,71.888,70.245,7.9475,12.2847,1398
2016-11-09 04:00:00,64.8,blend,0.5469,76.9561,0.0,75.7702,75.7702,76.5447,77.4529,8.0005,12.3214,1399
2016-11-09 05:00:00,67.56,blend,0.5469,84.8914,0.0,94.7145,94.7145,83.2142,86.916,8.011,12.3029,1400
2016-11-09 06:00:00,69.32,blend,0.5469,93.9436,0.0,91.8309,91.8309,91.2933,97.1428,8.107,12.3578,1401
2016-11-09 07:00:00,81.76,blend,0.5469,101.2517,0.0,90.9233,90.9233,99.7575,103.0553,8.2019,12.3866,1402
2016-11-09 08:00:00,89.27,blend,0.5469,108.7309,0.0,119.8492,119.8492,107.5228,110.1891,8.2749,12.3972,1403
2016-11-09 09:00:00,107.38,blend,0.5469,114.9699,0.0,120.8183,120.8183,113.7049,116.497,8.2724,12.4147,1404
2016-11-09 10:00:00,118.73,blend,0.5469,117.118,0.0,115.5856,115.5856,117.5468,116.6004,8.2308,12.4188,1405
2016-11-09 11:00:00,128.05,blend,0.5469,121.6951,0.0,124.0574,124.0574,123.2318,119.8401,8.2365,12.4588,1406
2016-11-09 12:00:00,129.47,blend,0.5469,126.0735,0.0,140.7419,140.7419,128.7721,122.8159,8.2042,12.4541,1407
2016-11-09 13:00:00,125.96,blend,0.5469,128.6885,0.0,127.0477,127.0477,131.2873,125.5515,8.2035,12.4237,1408
2016-11-09 14:00:00,124.88,blend,0.5469,128.5564,0.0,156.7759,156.7759,131.0852,125.504,8.2024,12.3967,1409
2016-11-09 15:00:00,125.96,blend,0.5469,123.7756,0.0,139.2752,139.2752,125.5571,121.625,8.1367,12.3618,1410
2016-11-09 16:00:00,116.13,blend,0.5469,117.9501,0.0,99.4228,99.4228,117.868,118.0491,8.0419,12.2738,1411
2016-11-09 17:00:00,108.08,blend,0.5469,109.8686,0.0,95.405,95.405,107.9221,112.2182,7.9406,12.2347,1412
2016-11-09 18:00:00,100.25,blend,0.5469,100.0161,0.0,101.9046,101.9046,96.8189,103.8755,7.8385,12.2032,1413
2016-11-09 19:00:00,81.27,blend,0.5469,88.7752,0.0,93.2277,93.2277,86.4208,91.6173,7.8475,12.2131,1414
2016-11-09 20:00:00,78.14,blend,0.5469,80.2992,0.0,80.5894,80.5894,79.6666,81.0627,7.7679,12.1993,1415
2016-11-09 21:00:00,64.98,blend,0.5469,72.3541,0.0,72.4209,72.4209,72.6387,72.0105,7.737,12.2125,1416
2016-11-09 22:00:00,62.26,blend,0.5469,67.9155,0.0,62.6539,62.6539,68.4879,67.2245,7.737,12.2392,1417
2016-11-09 23:00:00,63.0,blend,0.5469,64.5559,0.0,61.9361,61.9361,65.2628,63.7027,7.7328,12.2292,1418
2016-11-10 00:00:00,62.54,blend,0.5469,63.0526,0.0,68.4666,68.4666,64.1411,61.7386,7.7359,12.21,1419
2016-11-10 01:00:00,63.09,blend,0.5469,63.315,0.0,53.8572,53.8572,64.9636,61.325,7.7276,12.2129,1420
2016-11-10 02:00:00,62.07,blend,0.5469,65.662,0.0,79.1659,79.1659,67.7767,63.1093,7.7323,12.2149,1421
2016-11-10 03:00:00,61.28,blend,0.5469,69.8859,0.0,79.086,79.086,72.3806,66.8746,7.7486,12.2132,1422
2016-11-10 04:00:00,60.7,blend,0.5469,76.7917,0.0,79.4536,79.4536,78.6663,74.5288,7.7929,12.2196,1423
2016-11-10 05:00:00,70.25,blend,0.5469,85.1607,0.0,100.2749,100.2749,86.3633,83.709,7.7958,12.1602,1424
2016-11-10 06:00:00,68.15,blend,0.5469,93.5424,0.0,93.2355,93.2355,94.2856,92.6452,7.8799,12.161,1425
2016-11-10 07:00:00,80.48,blend,0.5469,104.5236,0.0,92.2959,92.2959,104.3273,104.7605,7.9785,12.1936,1426
2016-11-10 08:00:00,91.31,blend,0.5469,112.9668,0.0,106.0761,106.0761,111.6556,114.5496,8.0623,12.2356,1427
2016-11-10 09:00:00,103.27,blend,0.5469,118.4836,0.0,116.7879,116.7879,114.9689,122.7263,8.0835,12.2334,1428
2016-11-10 10:00:00,111.02,blend,0.5469,121.6028,0.0,136.7966,136.7966,117.7325,126.2747,8.0224,12.1717,1429
2016-11-10 11:00:00,112.59,blend,0.5469,123.1226,0.0,118.9438,118.9438,120.0389,126.845,8.0501,12.2158,1430
2016-11-10 12:00:00,121.2,blend,0.5469,124.6088,0.0,123.6939,123.6939,122.6917,126.9231,7.9746,12.1592,1431
2016-11-10 13:00:00,120.64,blend,0.5469,122.1982,0.0,120.8666,120.8666,121.1702,123.4392,7.7736,11.9561,1432
2016-11-10 14:00:00,116.57,blend,0.5469,120.5754,0.0,135.5581,135.5581,119.2778,122.1418,7.6749,11.8542,1433
2016-11-10 15:00:00,121.01,blend,0.5469,117.7987,0.0,129.8909,129.8909,115.9719,120.004,7.5714,11.7368,1434
2016-11-10 16:00:00,112.84,blend,0.5469,111.3817,0.0,132.9492,132.9492,108.004,115.4591,7.5231,11.6713,1435
2016-11-10 17:00:00,108.59,blend,0.5469,105.3118,0.0,87.528,87.528,100.2598,111.4101,7.543,11.6657,1436
2016-11-10 18:00:00,98.48,blend,0.5469,96.7769,0.0,102.0211,102.0211,90.8766,103.8993,7.5762,11.6577,1437
2016-11-10 19:00:00,85.69,blend,0.5469,88.3958,0.0,79.3896,79.3896,82.9978,94.9119,7.5889,11.6869,1438
2016-11-10 20:00:00,79.34,blend,0.5469,79.5618,0.0,67.1788,67.1788,76.2848,83.5176,7.5896,11.7113,1439
2016-11-10 21:00:00,68.41,blend,0.5469,71.7497,0.0,81.8816,81.8816,70.6514,73.0756,7.5897,11.7388,1440
2016-11-10 22:00:00,60.93,blend,0.5469,66.169,0.0,60.6949,60.6949,66.4391,65.843,7.6172,11.749,1441
2016-11-10 23:00:00,60.03,blend,0.5469,63.0072,0.0,55.1597,55.1597,63.8932,61.9377,7.6366,11.7398,1442
2016-11-11 00:00:00,59.7,blend,0.5469,61.4803,0.0,67.9711,67.9711,62.7726,59.9205,7.651,11.7156,1443
2016-11-11 01:00:00,57.45,blend,0.5469,62.0956,0.0,60.0738,60.0738,63.5994,60.2804,7.6738,11.7189,1444
2016-11-11 02:00:00,56.82,blend,0.5469,64.1901,0.0,60.0358,60.0358,65.7576,62.2978,7.6934,11.7513,1445
2016-11-11 03:00:00,56.49,blend,0.5469,68.02,0.0,65.1013,65.1013,69.3929,66.3628,7.7106,11.7853,1446
2016-11-11 04:00:00,56.63,blend,0.5469,73.2889,0.0,80.637,80.637,74.2906,72.0797,7.7334,11.8155,1447
2016-11-11 05:00:00,57.91,blend,0.5469,79.6379,0.0,84.8465,84.8465,80.3692,78.755,7.7398,11.8245,1448
2016-11-11 06:00:00,57.99,blend,0.5469,86.5188,0.0,79.3442,79.3442,87.1284,85.7831,7.7592,11.831,1449
2016-11-11 07:00:00,57.94,blend,0.5469,93.656,0.0,90.7743,90.7743,94.0108,93.2277,7.8017,11.8528,1450
2016-11-11 08:00:00,54.92,blend,0.5469,100.0731,0.0,107.0333,107.0333,99.5623,100.6898,7.9359,11.9563,1451
2016-11-11 09:00:00,50.99,blend,0.5469,102.6573,0.0,94.5671,94.5671,98.6522,107.4918,8.1169,12.1131,1452
2016-11-11 10:00:00,50.68,blend,0.5469,100.0227,0.0,90.446,90.446,93.689,107.6683,8.2736,12.2779,1453
2016-11-11 11:00:00,51.84,blend,0.5469,93.9933,0.0,88.4687,88.4687,87.6399,101.6626,8.3899,12.4217,1454
2016-11-11 12:00:00,51.93,blend,0.5469,87.086,0.0,89.0508,89.0508,81.9049,93.3402,8.4856,12.5403,1455
2016-11-11 13:00:00,52.74,blend,0.5469,82.6907,0.0,78.6615,78.6615,77.1109,89.4261,8.5692,12.6569,1456
2016-11-11 14:00:00,52.61,blend,0.5469,77.039,0.0,72.8598,72.8598,71.9369,83.1979,8.638,12.746,1457
2016-11-11 15:00:00,52.93,blend,0.5469,72.3688,0.0,78.2679,78.2679,67.7227,77.9772,8.7041,12.8171,1458
2016-11-11 16:00:00,54.28,blend,0.5469,68.4839,0.0,67.7687,67.7687,64.1921,73.6646,8.7613,12.8717,1459
2016-11-11 17:00:00,54.41,blend,0.5469,63.408,0.0,54.0246,54.0246,60.7469,66.6202,8.7594,12.8509,1460
2016-11-11 18:00:00,55.81,blend,0.5469,59.5587,0.0,57.8322,57.8322,58.3915,60.9676,8.7461,12.8106,1461
2016-11-11 19:00:00,61.55,blend,0.5469,56.6062,0.0,52.903,52.903,56.4116,56.8411,8.7548,12.788,1462
2016-11-11 20:00:00,61.34,blend,0.5469,55.6371,0.0,54.0249,54.0249,56.0832,55.0986,8.7839,12.8115,1463
2016-11-11 21:00:00,66.3,blend,0.5469,55.3818,0.0,57.1564,57.1564,56.1354,54.4721,8.832,12.869,1464
2016-11-11 22:00:00,62.7,blend,0.5469,55.7836,0.0,47.6457,47.6457,56.6608,54.7246,8.8679,12.907,1465
2016-11-11 23:00:00,63.69,blend,0.5469,56.5222,0.0,52.1318,52.1318,57.3146,55.5656,8.8986,12.9475,1466
2016-11-12 00:00:00,67.4,blend,0.5469,57.7079,0.0,58.7545,58.7545,58.5619,56.677,8.9358,13.0098,1467
2016-11-12 01:00:00,55.88,blend,0.5469,59.651,0.0,58.5731,58.5731,59.6117,59.6985,8.9346,13.0131,1468
2016-11-12 02:00:00,54.88,blend,0.5469,61.8233,0.0,55.6709,55.6709,61.125,62.6662,8.9413,13.0184,1469
2016-11-12 03:00:00,54.06,blend,0.5469,62.8463,0.0,55.1416,55.1416,62.0589,63.7967,8.9538,13.024,1470
2016-11-12 04:00:00,54.16,blend,0.5469,64.1579,0.0,68.6349,68.6349,63.3982,65.075,8.962,13.0229,1471
2016-11-12 05:00:00,55.29,blend,0.5469,65.6337,0.0,57.5234,57.5234,65.2785,66.0626,8.9685,13.0168,1472
2016-11-12 06:00:00,55.98,blend,0.5469,66.9913,0.0,73.9209,73.9209,67.2926,66.6277,8.9716,13.0039,1473
2016-11-12 07:00:00,55.77,blend,0.5469,68.0518,0.0,72.6772,72.6772,69.1248,66.7566,8.9572,12.9739,1474
2016-11-12 08:00:00,52.86,blend,0.5469,68.7817,0.0,77.2762,77.2762,70.4429,66.7765,8.9445,12.9459,1475
2016-11-12 09:00:00,48.96,blend,0.5469,66.9916,0.0,56.4942,56.4942,67.9958,65.7793,8.9503,12.939,1476
2016-11-12 10:00:00,48.43,blend,0.5469,65.6648,0.0,64.4169,64.4169,65.8116,65.4875,8.9733,12.9489,1477
2016-11-12 11:00:00,49.03,blend,0.5469,64.0865,0.0,56.5836,56.5836,63.4858,64.8117,8.9918,12.9494,1478
2016-11-12 12:00:00,51.46,blend,0.5469,62.5635,0.0,48.4077,48.4077,61.4268,63.9356,9.0028,12.9352,1479
2016-11-12 13:00:00,52.73,blend,0.5469,61.5118,0.0,66.6115,66.6115,59.8372,63.5332,9.0049,12.909,1480
2016-11-12 14:00:00,52.57,blend,0.5469,60.335,0.0,53.1331,53.1331,58.2834,62.8115,9.0072,12.8818,1481
2016-11-12 15:00:00,52.47,blend,0.5469,59.0617,0.0,60.3412,60.3412,56.9512,61.6093,9.0111,12.8551,1482
2016-11-12 16:00:00,52.48,blend,0.5469,57.6304,0.0,54.7809,54.7809,55.6886,59.9745,9.0139,12.8343,1483
2016-11-12 17:00:00,51.97,blend,0.5469,56.2177,0.0,54.3995,54.3995,54.6478,58.1129,9.0167,12.8228,1484
2016-11-12 18:00:00,51.6,blend,0.5469,55.0829,0.0,57.2012,57.2012,53.7843,56.6505,9.006,12.8496,1485
2016-11-12 19:00:00,54.86,blend,0.5469,53.9278,0.0,45.9525,45.9525,52.9921,55.0573,8.9818,12.8253,1486
2016-11-12 20:00:00,56.82,blend,0.5469,53.6691,0.0,51.8285,51.8285,53.0105,54.4641,8.9699,12.81,1487
2016-11-12 21:00:00,56.31,blend,0.5469,53.3335,0.0,53.7569,53.7569,52.9638,53.7798,8.9596,12.798,1488
2016-11-12 22:00:00,56.04,blend,0.5469,53.4037,0.0,56.2333,56.2333,53.302,53.5266,8.9467,12.786,1489
2016-11-12 23:00:00,55.81,blend,0.5469,53.7749,0.0,60.7976,60.7976,53.7107,53.8524,8.9338,12.7751,1490
2016-11-13 00:00:00,55.95,blend,0.5469,54.4974,0.0,58.2888,58.2888,54.2606,54.7833,8.9204,12.762,1491
2016-11-13 01:00:00,56.23,blend,0.5469,56.1256,0.0,48.5732,48.5732,55.4789,56.9064,8.8765,12.7207,1492
2016-11-13 02:00:00,55.42,blend,0.5469,58.1216,0.0,64.0743,64.0743,56.9887,59.4891,8.8521,12.7251,1493
2016-11-13 03:00:00,55.33,blend,0.5469,60.2365,0.0,69.051,69.051,58.9444,61.7962,8.8498,12.7246,1494
2016-11-13 04:00:00,55.32,blend,0.5469,62.22,0.0,71.4607,71.4607,61.0719,63.6059,8.8737,12.7179,1495
2016-11-13 05:00:00,57.7,blend,0.5469,64.3267,0.0,49.3147,49.3147,63.5236,65.2961,8.9038,12.7059,1496
2016-11-13 06:00:00,57.53,blend,0.5469,66.2465,0.0,58.3445,58.3445,65.9062,66.6574,8.9346,12.699,1497
2016-11-13 07:00:00,57.48,blend,0.5469,68.0047,0.0,69.4777,69.4777,68.1447,67.8357,8.9479,12.684,1498
2016-11-13 08:00:00,53.88,blend,0.5469,69.0363,0.0,73.7454,73.7454,69.7528,68.1713,8.9525,12.6674,1499
2016-11-13 09:00:00,50.22,blend,0.5469,67.4746,0.0,72.2439,72.2439,67.625,67.2931,8.9788,12.6837,1500
2016-11-13 10:00:00,50.51,blend,0.5469,66.2955,0.0,72.3214,72.3214,65.5516,67.1936,9.0003,12.6992,1501
2016-11-13 11:00:00,51.31,blend,0.5469,65.0123,0.0,64.6921,64.6921,63.4501,66.8982,9.0089,12.7049,1502
2016-11-13 12:00:00,51.54,blend,0.5469,63.9948,0.0,49.8855,49.8855,61.6086,66.8751,9.0114,12.7102,1503
2016-11-13 13:00:00,52.22,blend,0.5469,62.9242,0.0,59.0508,59.0508,60.0062,66.4465,9.0018,12.7053,1504
2016-11-13 14:00:00,51.99,blend,0.5469,61.7417,0.0,49.5691,49.5691,58.4839,65.6742,8.9937,12.7025,1505
2016-11-13 15:00:00,52.44,blend,0.5469,60.1188,0.0,59.5662,59.5662,56.8475,64.0676,8.9795,12.6935,1506
2016-11-13 16:00:00,53.68,blend,0.5469,58.6478,0.0,59.3608,59.3608,55.7084,62.196,8.9524,12.6707,1507
2016-11-13 17:00:00,53.71,blend,0.5469,57.1428,0.0,55.2513,55.2513,54.6349,60.1701,8.9517,12.6877,1508
2016-11-13 18:00:00,55.5,blend,0.5469,55.7521,0.0,56.3589,56.3589,53.722,58.2026,8.8825,12.6446,1509
2016-11-13 19:00:00,60.16,blend,0.5469,54.6441,0.0,55.5493,55.5493,52.9438,56.6967,8.8587,12.6152,1510
2016-11-13 20:00:00,60.68,blend,0.5469,54.7339,0.0,55.4286,55.4286,53.2959,56.4698,8.837,12.589,1511
2016-11-13 21:00:00,65.14,transfer,1.0,53.8576,0.0,62.6229,62.6229,53.8576,55.9587,8.8555,12.6044,1512
2016-11-13 22:00:00,61.73,transfer,1.0,54.4513,0.0,50.3106,50.3106,54.4513,55.6328,8.863,12.608,1513
2016-11-13 23:00:00,62.66,transfer,1.0,55.3349,0.0,62.8545,62.8545,55.3349,56.1928,8.8696,12.6055,1514
2016-11-14 00:00:00,66.43,transfer,1.0,56.4384,0.0,57.5456,57.5456,56.4384,57.555,8.8966,12.6212,1515
2016-11-14 01:00:00,68.65,transfer,1.0,59.41,0.0,54.3967,54.3967,59.41,59.5041,8.9375,12.6478,1516
2016-11-14 02:00:00,66.68,transfer,1.0,64.3694,0.0,65.7471,65.7471,64.3694,64.6918,8.937,12.6575,1517
2016-11-14 03:00:00,66.53,transfer,1.0,70.5031,0.0,66.3897,66.3897,70.5031,71.9671,8.9194,12.6571,1518
2016-11-14 04:00:00,61.8,transfer,1.0,76.1001,0.0,78.3804,78.3804,76.1001,78.5492,8.9477,12.7066,1519
2016-11-14 05:00:00,63.74,transfer,1.0,81.7301,0.0,79.8702,79.8702,81.7301,83.7781,8.9772,12.7508,1520
2016-11-14 06:00:00,64.86,transfer,1.0,86.1578,0.0,82.4875,82.4875,86.1578,88.7309,9.0037,12.7809,1521
2016-11-14 07:00:00,80.46,transfer,1.0,90.9341,0.0,91.9073,91.9073,90.9341,92.8145,9.0086,12.7716,1522
2016-11-14 08:00:00,90.36,transfer,1.0,96.6698,0.0,96.6969,96.6969,96.6698,99.4185,8.9998,12.7494,1523
2016-11-14 09:00:00,102.24,transfer,1.0,100.7548,0.0,94.9853,94.9853,100.7548,105.9117,8.9697,12.7624,1524
2016-11-14 10:00:00,115.46,transfer,1.0,106.1061,0.0,122.2067,122.2067,106.1061,111.9197,8.8887,12.704,1525
2016-11-14 11:00:00,119.08,transfer,1.0,112.5763,0.0,103.9492,103.9492,112.5763,115.5255,8.8459,12.6878,1526
2016-11-14 12:00:00,116.86,transfer,1.0,116.9552,0.0,113.653,113.653,116.9552,117.4498,8.812,12.6804,1527
2016-11-14 13:00:00,112.14,transfer,1.0,118.3443,0.0,117.8953,117.8953,118.3443,117.2114,8.8419,12.6871,1528
2016-11-14 14:00:00,107.1,transfer,1.0,115.3056,0.0,102.4858,102.4858,115.3056,114.5979,8.8699,12.6959,1529
2016-11-14 15:00:00,103.9,transfer,1.0,107.8404,0.0,99.5352,99.5352,107.8404,109.5581,8.8538,12.7253,1530
2016-11-14 16:00:00,102.53,transfer,1.0,100.3171,0.0,105.4936,105.4936,100.3171,104.5474,8.8388,12.7151,1531
2016-11-14 17:00:00,93.22,transfer,1.0,90.6249,0.0,96.4451,96.4451,90.6249,94.415,8.8448,12.6692,1532
2016-11-14 18:00:00,87.77,transfer,1.0,82.7837,0.0,64.056,64.056,82.7837,85.2432,8.8548,12.6428,1533
2016-11-14 19:00:00,74.8,transfer,1.0,75.7103,0.0,82.4724,82.4724,75.7103,76.3252,8.84,12.5839,1534
2016-11-14 20:00:00,72.12,transfer,1.0,72.0075,0.0,74.8705,74.8705,72.0075,70.837,8.8275,12.5505,1535
2016-11-14 21:00:00,64.53,transfer,1.0,68.5884,0.0,65.1253,65.1253,68.5884,65.6001,8.8448,12.5457,1536
2016-11-14 22:00:00,61.57,transfer,1.0,66.8262,0.0,69.8496,69.8496,66.8262,62.7504,8.872,12.5468,1537
2016-11-14 23:00:00,61.52,transfer,1.0,65.5811,0.0,67.2416,67.2416,65.5811,61.2836,8.8775,12.5102,1538
2016-11-15 00:00:00,62.78,transfer,1.0,66.0213,0.0,63.839,63.839,66.0213,61.1187,8.8681,12.4692,1539
2016-11-15 01:00:00,61.36,transfer,1.0,67.66,0.0,71.4214,71.4214,67.66,62.2283,8.8963,12.4405,1540
2016-11-15 02:00:00,62.0,transfer,1.0,71.0384,0.0,57.54,57.54,71.0384,64.0883,8.9476,12.4292,1541
2016-11-15 03:00:00,61.51,transfer,1.0,75.4962,0.0,83.5245,83.5245,75.4962,68.0937,9.0065,12.4512,1542
2016-11-15 04:00:00,60.89,transfer,1.0,81.4304,0.0,87.454,87.454,81.4304,74.4775,9.0609,12.4358,1543
2016-11-15 05:00:00,62.74,transfer,1.0,88.1885,0.0,93.2848,93.2848,88.1885,82.8713,9.1107,12.3875,1544
2016-11-15 06:00:00,65.22,transfer,1.0,95.5607,0.0,93.7163,93.7163,95.5607,91.9662,9.1465,12.3188,1545
2016-11-15 07:00:00,76.44,transfer,1.0,103.0225,0.0,95.4207,95.4207,103.0225,101.1822,9.1542,12.2373,1546
2016-11-15 08:00:00,87.94,transfer,1.0,110.6387,0.0,115.1811,115.1811,110.6387,109.1039,9.1616,12.1616,1547
2016-11-15 09:00:00,103.91,transfer,1.0,114.1663,0.0,108.2483,108.2483,114.1663,114.5905,9.1845,12.0832,1548
2016-11-15 10:00:00,108.71,transfer,1.0,117.0359,0.0,129.6659,129.6659,117.0359,116.7578,9.2194,12.0003,1549
2016-11-15 11:00:00,112.22,transfer,1.0,121.6922,0.0,112.5731,112.5731,121.6922,118.3487,9.2568,11.9038,1550
2016-11-15 12:00:00,110.43,transfer,1.0,122.6731,0.0,118.3683,118.3683,122.6731,118.139,9.2917,11.7812,1551
2016-11-15 13:00:00,109.96,transfer,1.0,121.7202,0.0,114.5886,114.5886,121.7202,117.7333,9.3334,11.5917,1552
2016-11-15 14:00:00,106.42,transfer,1.0,117.2823,0.0,127.0146,127.0146,117.2823,115.7625,9.3593,10.9354,1553
2016-11-15 15:00:00,109.55,transfer,1.0,110.4843,0.0,87.2726,87.2726,110.4843,112.4327,9.339,10.1996,1554
2016-11-15 16:00:00,98.47,transfer,1.0,102.7217,0.0,118.8266,118.8266,102.7217,107.8577,9.3544,10.1438,1555
2016-11-15 17:00:00,90.04,transfer,1.0,94.3549,0.0,96.7142,96.7142,94.3549,101.3569,9.3634,10.1835,1556
2016-11-15 18:00:00,85.75,transfer,1.0,84.3301,0.0,88.0908,88.0908,84.3301,90.924,9.3587,10.2094,1557
2016-11-15 19:00:00,81.02,transfer,1.0,75.6955,0.0,83.7477,83.7477,75.6955,80.1387,9.3866,10.2142,1558
2016-11-15 20:00:00,77.72,transfer,1.0,70.4726,0.0,68.2217,68.2217,70.4726,72.7766,9.3953,10.204,1559
2016-11-15 21:00:00,74.07,transfer,1.0,67.0926,0.0,66.9488,66.9488,67.0926,66.8917,9.384,10.1789,1560
2016-11-15 22:00:00,69.39,transfer,1.0,64.8334,0.0,64.2298,64.2298,64.8334,63.1032,9.3892,10.1745,1561
2016-11-15 23:00:00,66.51,transfer,1.0,63.8638,0.0,64.4499,64.4499,63.8638,61.4247,9.394,10.1883,1562
2016-11-16 00:00:00,64.98,transfer,1.0,63.8841,0.0,70.707,70.707,63.8841,61.2469,9.377,10.2097,1563
2016-11-16 01:00:00,64.33,transfer,1.0,64.3477,0.0,69.5779,69.5779,64.3477,61.5968,9.3572,10.2237,1564
2016-11-16 02:00:00,63.74,transfer,1.0,66.6577,0.0,81.6499,81.6499,66.6577,63.5475,9.3509,10.2187,1565
2016-11-16 03:00:00,63.91,transfer,1.0,70.5166,0.0,70.4571,70.4571,70.5166,67.2351,9.3528,10.2109,1566
2016-11-16 04:00:00,62.63,transfer,1.0,75.724,0.0,76.437,76.437,75.724,72.251,9.3608,10.1929,1567
2016-11-16 05:00:00,72.54,transfer,1.0,82.8117,0.0,62.5482,62.5482,82.8117,79.6698,9.3288,10.1201,1568
2016-11-16 06:00:00,70.79,transfer,1.0,89.5902,0.0,85.2861,85.2861,89.5902,86.2447,9.3099,10.0465,1569
2016-11-16 07:00:00,85.18,transfer,1.0,98.8851,0.0,103.641,103.641,98.8851,97.1511,9.2844,9.991,1570
2016-11-16 08:00:00,94.64,transfer,1.0,106.4664,0.0,111.5191,111.5191,106.4664,107.5625,9.2461,9.9434,1571
2016-11-16 09:00:00,105.9,transfer,1.0,111.3836,0.0,106.0451,106.0451,111.3836,115.7182,9.2411,9.9476,1572
2016-11-16 10:00:00,118.73,transfer,1.0,115.7189,0.0,135.2663,135.2663,115.7189,118.9275,9.252,9.9361,1573
2016-11-16 11:00:00,128.05,transfer,1.0,120.107,0.0,103.0567,103.0567,120.107,119.3826,9.2706,9.9388,1574
2016-11-16 12:00:00,129.47,transfer,1.0,125.7801,0.0,121.8073,121.8073,125.7801,121.8637,9.2884,9.9444,1575
2016-11-16 13:00:00,125.96,transfer,1.0,129.8135,0.0,148.6393,148.6393,129.8135,124.8388,9.2796,9.9487,1576
2016-11-16 14:00:00,124.88,transfer,1.0,129.7278,0.0,132.8478,132.8478,129.7278,125.7692,9.2715,9.9503,1577
2016-11-16 15:00:00,125.96,transfer,1.0,126.124,0.0,114.6236,114.6236,126.124,121.9579,9.2701,9.9483,1578
2016-11-16 16:00:00,116.13,transfer,1.0,119.5629,0.0,128.6838,128.6838,119.5629,118.9923,9.2802,9.9539,1579
2016-11-16 17:00:00,108.08,transfer,1.0,109.5032,0.0,115.4537,115.4537,109.5032,114.2831,9.2877,9.9662,1580
2016-11-16 18:00:00,100.25,transfer,1.0,97.656,0.0,93.7425,93.7425,97.656,104.2646,9.2828,9.9685,1581
2016-11-16 19:00:00,81.27,transfer,1.0,86.7062,0.0,89.3561,89.3561,86.7062,89.7333,9.2845,9.9573,1582
2016-11-16 20:00:00,78.14,transfer,1.0,79.4795,0.0,73.6822,73.6822,79.4795,79.4287,9.2833,9.9476,1583
2016-11-16 21:00:00,64.98,transfer,1.0,72.0434,0.0,85.7976,85.7976,72.0434,69.9465,9.2798,9.9353,1584
2016-11-16 22:00:00,62.26,transfer,1.0,67.3373,0.0,66.8436,66.8436,67.3373,65.0467,9.273,9.9223,1585
2016-11-16 23:00:00,63.0,transfer,1.0,64.0104,0.0,67.5318,67.5318,64.0104,62.0024,9.2655,9.9241,1586
2016-11-17 00:00:00,62.54,transfer,1.0,62.6865,0.0,58.6897,58.6897,62.6865,60.4637,9.2568,9.9317,1587
2016-11-17 01:00:00,63.09,transfer,1.0,63.0284,0.0,62.4768,62.4768,63.0284,60.9599,9.2461,9.9338,1588
2016-11-17 02:00:00,62.07,transfer,1.0,65.0906,0.0,66.4487,66.4487,65.0906,63.4888,9.2301,9.9361,1589
2016-11-17 03:00:00,61.28,transfer,1.0,68.7385,0.0,62.6193,62.6193,68.7385,68.4014,9.2084,9.9452,1590
2016-11-17 04:00:00,60.7,transfer,1.0,73.5027,0.0,71.2057,71.2057,73.5027,75.014,9.1777,9.9481,1591
2016-11-17 05:00:00,70.25,transfer,1.0,79.221,0.0,77.9959,77.9959,79.221,83.32,9.1351,9.9457,1592
2016-11-17 06:00:00,68.15,transfer,1.0,85.7522,0.0,87.7772,87.7772,85.7522,91.6653,9.0843,9.9399,1593
2016-11-17 07:00:00,80.48,transfer,1.0,93.837,0.0,82.8095,82.8095,93.837,103.298,9.0219,9.9312,1594
2016-11-17 08:00:00,91.31,transfer,1.0,101.9171,0.0,95.9709,95.9709,101.9171,113.6226,8.9639,9.9257,1595
2016-11-17 09:00:00,103.27,transfer,1.0,107.3338,0.0,119.8473,119.8473,107.3338,125.5603,8.9185,9.9426,1596
2016-11-17 10:00:00,111.02,transfer,1.0,111.6405,0.0,100.2085,100.2085,111.6405,132.2042,8.8822,9.9779,1597
2016-11-17 11:00:00,112.59,transfer,1.0,116.1822,0.0,127.3848,127.3848,116.1822,133.7107,8.8593,10.0187,1598
2016-11-17 12:00:00,121.2,transfer,1.0,120.4176,0.0,115.7344,115.7344,120.4176,132.4085,8.8551,10.0514,1599
2016-11-17 13:00:00,120.64,transfer,1.0,120.7646,0.0,109.8046,109.8046,120.7646,127.8219,8.8526,10.0775,1600
2016-11-17 14:00:00,116.57,transfer,1.0,119.5162,0.0,140.5815,140.5815,119.5162,126.19,8.8541,10.1016,1601
2016-11-17 15:00:00,121.01,transfer,1.0,116.0136,0.0,99.0122,99.0122,116.0136,125.2843,8.8538,10.121,1602
2016-11-17 16:00:00,112.84,transfer,1.0,108.2076,0.0,92.3693,92.3693,108.2076,120.778,8.8526,10.1527,1603
2016-11-17 17:00:00,108.59,transfer,1.0,100.3101,0.0,102.8962,102.8962,100.3101,115.9717,8.8523,10.1798,1604
2016-11-17 18:00:00,98.48,transfer,1.0,90.5739,0.0,89.7642,89.7642,90.5739,106.6777,8.8541,10.1964,1605
2016-11-17 19:00:00,85.69,transfer,1.0,81.8749,0.0,76.0916,76.0916,81.8749,93.2874,8.8608,10.1867,1606
2016-11-17 20:00:00,79.34,transfer,1.0,74.7128,0.0,66.3738,66.3738,74.7128,79.8446,8.8701,10.1648,1607
2016-11-17 21:00:00,68.41,transfer,1.0,69.2529,0.0,72.0495,72.0495,69.2529,69.7901,8.8618,10.1453,1608
2016-11-17 22:00:00,60.93,transfer,1.0,65.1506,0.0,65.8844,65.8844,65.1506,63.6017,8.8541,10.1319,1609
2016-11-17 23:00:00,60.03,transfer,1.0,62.4589,0.0,70.3383,70.3383,62.4589,59.9409,8.8456,10.1211,1610
2016-11-18 00:00:00,59.7,transfer,1.0,61.1143,0.0,58.5833,58.5833,61.1143,58.3676,8.8357,10.1277,1611
2016-11-18 01:00:00,59.93,transfer,1.0,61.5256,0.0,60.403,60.403,61.5256,59.4052,8.8086,10.114,1612
2016-11-18 02:00:00,57.87,transfer,1.0,63.4501,0.0,64.3183,64.3183,63.4501,62.1579,8.7886,10.1069,1613
2016-11-18 03:00:00,58.03,transfer,1.0,66.712,0.0,68.2355,68.2355,66.712,66.9667,8.7635,10.1013,1614
2016-11-18 04:00:00,57.16,transfer,1.0,71.1041,0.0,71.7595,71.7595,71.1041,73.1348,8.7414,10.1045,1615
2016-11-18 05:00:00,67.59,transfer,1.0,76.3871,0.0,63.5423,63.5423,76.3871,80.2259,8.6601,10.0556,1616
2016-11-18 06:00:00,65.38,transfer,1.0,82.2113,0.0,88.6601,88.6601,82.2113,87.2933,8.5868,10.0206,1617
2016-11-18 07:00:00,70.99,transfer,1.0,89.2226,0.0,94.3647,94.3647,89.2226,95.9621,8.4806,9.9592,1618
2016-11-18 08:00:00,74.31,transfer,1.0,94.3043,0.0,80.5781,80.5781,94.3043,103.0592,8.3339,9.8579,1619
2016-11-18 09:00:00,84.08,transfer,1.0,96.1384,0.0,104.3564,104.3564,96.1384,112.7901,8.122,9.6925,1620
2016-11-18 10:00:00,89.15,transfer,1.0,95.8689,0.0,101.8604,101.8604,95.8689,115.4803,7.906,9.51,1621
2016-11-18 11:00:00,94.84,transfer,1.0,96.0942,0.0,93.1645,93.1645,96.0942,118.0972,7.7004,9.3519,1622
2016-11-18 12:00:00,96.74,transfer,1.0,95.5315,0.0,96.7171,96.7171,95.5315,119.7829,7.5291,9.2425,1623
2016-11-18 13:00:00,98.27,transfer,1.0,94.5916,0.0,92.9136,92.9136,94.5916,121.1502,7.406,9.1603,1624
2016-11-18 14:00:00,99.44,transfer,1.0,92.1918,0.0,84.7068,84.7068,92.1918,120.517,7.3341,9.1037,1625
2016-11-18 15:00:00,92.74,transfer,1.0,88.2629,0.0,97.1329,97.1329,88.2629,118.8741,7.2727,9.1102,1626
2016-11-18 16:00:00,86.97,transfer,1.0,83.3457,0.0,87.5213,87.5213,83.3457,116.0232,7.2352,9.1678,1627
2016-11-18 17:00:00,81.77,transfer,1.0,76.7897,0.0,86.2139,86.2139,76.7897,113.6295,7.2272,9.2847,1628
2016-11-18 18:00:00,74.03,transfer,1.0,70.1148,0.0,64.3017,64.3017,70.1148,119.2841,7.2351,9.5234,1629
2016-11-18 19:00:00,67.54,transfer,1.0,64.6387,0.0,50.1053,50.1053,64.6387,126.0702,7.2218,9.8437,1630
2016-11-18 20:00:00,64.06,transfer,1.0,61.4917,0.0,62.1066,62.1066,61.4917,106.7488,7.2058,10.0607,1631
2016-11-18 21:00:00,64.43,transfer,1.0,59.1872,0.0,56.7053,56.7053,59.1872,97.6624,7.1765,10.1881,1632
2016-11-18 22:00:00,57.58,transfer,1.0,57.8488,0.0,69.9966,69.9966,57.8488,95.7792,7.1421,10.368,1633
2016-11-18 23:00:00,57.11,transfer,1.0,57.5077,0.0,59.3265,59.3265,57.5077,88.9605,7.1066,10.5092,1634
2016-11-19 00:00:00,55.41,transfer,1.0,57.7642,0.0,61.5606,61.5606,57.7642,42.5776,7.068,10.5218,1635
2016-11-19 01:00:00,55.88,transfer,1.0,58.0121,0.0,54.5911,54.5911,58.0121,0.0206,7.0584,10.8316,1636
2016-11-19 02:00:00,54.88,transfer,1.0,58.5043,0.0,55.6409,55.6409,58.5043,0.0132,7.0428,11.1118,1637
2016-11-19 03:00:00,54.06,transfer,1.0,59.6366,0.0,59.5231,59.5231,59.6366,0.0077,7.0284,11.3756,1638
2016-11-19 04:00:00,54.16,transfer,1.0,61.3223,0.0,53.5063,53.5063,61.3223,0.0027,7.0161,11.633,1639
2016-11-19 05:00:00,55.29,transfer,1.0,63.2664,0.0,54.7193,54.7193,63.2664,-0.0013,7.0041,11.898,1640
2016-11-19 06:00:00,55.98,transfer,1.0,65.6508,0.0,63.7057,63.7057,65.6508,-0.007,6.9943,12.1678,1641
2016-11-19 07:00:00,55.77,transfer,1.0,67.7657,0.0,63.2945,63.2945,67.7657,-0.0065,6.9862,12.4345,1642
2016-11-19 08:00:00,52.86,transfer,1.0,69.3487,0.0,76.0239,76.0239,69.3487,0.0678,6.9797,12.6659,1643
2016-11-19 09:00:00,48.96,transfer,1.0,67.4961,0.0,68.5796,68.5796,67.4961,76.4514,6.9767,12.7294,1644
2016-11-19 10:00:00,48.43,transfer,1.0,64.9015,0.0,69.4317,69.4317,64.9015,72.3981,6.9713,12.7705,1645
2016-11-19 11:00:00,49.03,transfer,1.0,62.1974,0.0,73.4402,73.4402,62.1974,70.9974,6.9637,12.8073,1646
2016-11-19 12:00:00,51.46,transfer,1.0,59.8282,0.0,56.8984,56.8984,59.8282,71.5714,6.9541,12.8528,1647
2016-11-19 13:00:00,52.73,transfer,1.0,57.8478,0.0,57.305,57.305,57.8478,72.1479,6.9423,12.9041,1648
2016-11-19 14:00:00,52.57,transfer,1.0,56.3724,0.0,50.5657,50.5657,56.3724,72.4322,6.9309,12.9613,1649
2016-11-19 15:00:00,52.47,transfer,1.0,55.2234,0.0,51.7486,51.7486,55.2234,71.1618,6.9206,13.0182,1650
2016-11-19 16:00:00,52.48,transfer,1.0,54.6965,0.0,49.6471,49.6471,54.6965,68.7216,6.9147,13.0703,1651
2016-11-19 17:00:00,51.97,transfer,1.0,54.3544,0.0,50.8595,50.8595,54.3544,65.6128,6.913,13.1149,1652
2016-11-19 18:00:00,51.6,transfer,1.0,53.8227,0.0,50.441,50.441,53.8227,62.3907,6.9132,13.1491,1653
2016-11-19 19:00:00,54.86,transfer,1.0,53.0674,0.0,54.0769,54.0769,53.0674,59.0228,6.9128,13.1727,1654
2016-11-19 20:00:00,56.82,transfer,1.0,53.6493,0.0,52.5864,52.5864,53.6493,58.0314,6.909,13.1659,1655
2016-11-19 21:00:00,56.31,transfer,1.0,53.9303,0.0,49.2454,49.2454,53.9303,57.1408,6.9032,13.1557,1656
2016-11-19 22:00:00,56.04,transfer,1.0,54.5665,0.0,51.5429,51.5429,54.5665,56.4628,6.8957,13.1433,1657
2016-11-19 23:00:00,55.81,transfer,1.0,55.0526,0.0,57.7223,57.7223,55.0526,56.4533,6.8877,13.1355,1658
2016-11-20 00:00:00,55.95,transfer,1.0,56.0295,0.0,52.4951,52.4951,56.0295,57.2872,6.8781,13.1365,1659
2016-11-20 01:00:00,56.23,transfer,1.0,57.5944,0.0,59.8695,59.8695,57.5944,59.4806,6.8818,13.1518,1660
2016-11-20 02:00:00,55.42,transfer,1.0,59.7626,0.0,55.8346,55.8346,59.7626,61.9999,6.8983,13.1668,1661
2016-11-20 03:00:00,55.33,transfer,1.0,62.0055,0.0,62.389,62.389,62.0055,64.4396,6.9165,13.1825,1662
2016-11-20 04:00:00,55.32,transfer,1.0,64.7508,0.0,61.9875,61.9875,64.7508,66.0863,6.9384,13.1973,1663
2016-11-20 05:00:00,57.7,transfer,1.0,67.0574,0.0,71.0751,71.0751,67.0574,68.1328,6.9594,13.2141,1664
2016-11-20 06:00:00,57.53,transfer,1.0,69.7231,0.0,71.5223,71.5223,69.7231,68.9441,6.9821,13.2278,1665
2016-11-20 07:00:00,57.48,transfer,1.0,72.3015,0.0,67.2581,67.2581,72.3015,69.9003,7.0069,13.24,1666
2016-11-20 08:00:00,53.88,transfer,1.0,74.1421,0.0,74.5057,74.5057,74.1421,70.5904,7.033,13.2544,1667
2016-11-20 09:00:00,50.22,transfer,1.0,71.5283,0.0,80.7334,80.7334,71.5283,69.4965,7.0562,13.2676,1668
2016-11-20 10:00:00,50.51,transfer,1.0,69.5152,0.0,79.9449,79.9449,69.5152,69.0274,7.0798,13.2785,1669
2016-11-20 11:00:00,51.31,transfer,1.0,67.6234,0.0,75.6651,75.6651,67.6234,68.3192,7.1047,13.2869,1670
2016-11-20 12:00:00,51.54,transfer,1.0,66.5161,0.0,79.549,79.549,66.5161,68.5107,7.1339,13.2967,1671
2016-11-20 13:00:00,52.22,transfer,1.0,65.6039,0.0,64.6879,64.6879,65.6039,68.9579,7.1672,13.3116,1672
2016-11-20 14:00:00,51.99,transfer,1.0,64.4445,0.0,65.1968,65.1968,64.4445,69.1497,7.2027,13.3323,1673
2016-11-20 15:00:00,52.44,transfer,1.0,62.8775,0.0,64.2186,64.2186,62.8775,68.5276,7.2386,13.3589,1674
2016-11-20 16:00:00,53.68,transfer,1.0,61.5139,0.0,69.4626,69.4626,61.5139,67.418,7.2731,13.3899,1675
2016-11-20 17:00:00,53.71,transfer,1.0,60.5068,0.0,69.6911,69.6911,60.5068,66.2771,7.3081,13.4263,1676
2016-11-20 18:00:00,55.5,transfer,1.0,59.2135,0.0,53.8697,53.8697,59.2135,65.1003,7.3196,13.4673,1677
2016-11-20 19:00:00,60.16,transfer,1.0,58.3497,0.0,68.8911,68.8911,58.3497,63.7385,7.2874,13.468,1678
2016-11-20 20:00:00,60.68,transfer,1.0,58.9188,0.0,63.2685,63.2685,58.9188,63.8276,7.254,13.4617,1679
2016-11-20 21:00:00,65.14,transfer,1.0,58.897,0.0,59.9588,59.9588,58.897,63.4288,7.224,13.4172,1680
2016-11-20 22:00:00,61.73,transfer,1.0,59.1977,0.0,51.5902,51.5902,59.1977,62.4458,7.1957,13.3852,1681
2016-11-20 23:00:00,62.66,transfer,1.0,60.3032,0.0,59.3313,59.3313,60.3032,62.2729,7.1661,13.349,1682
2016-11-21 00:00:00,66.43,transfer,1.0,61.0736,0.0,61.5973,61.5973,61.0736,63.2471,7.1386,13.3151,1683
2016-11-21 01:00:00,68.65,transfer,1.0,64.1254,0.0,80.3126,80.3126,64.1254,65.0007,7.1105,13.2824,1684
2016-11-21 02:00:00,66.68,transfer,1.0,69.748,0.0,59.2818,59.2818,69.748,68.5196,7.115,13.2815,1685
2016-11-21 03:00:00,66.53,transfer,1.0,76.0241,0.0,74.9459,74.9459,76.0241,73.515,7.1479,13.2907,1686
2016-11-21 04:00:00,61.8,transfer,1.0,81.5712,0.0,88.0999,88.0999,81.5712,80.2528,7.1804,13.3009,1687
2016-11-21 05:00:00,63.74,transfer,1.0,86.9085,0.0,70.3979,70.3979,86.9085,85.5846,7.2112,13.3116,1688
2016-11-21 06:00:00,64.86,transfer,1.0,91.6418,0.0,77.3285,77.3285,91.6418,89.4029,7.2439,13.3156,1689
2016-11-21 07:00:00,80.46,transfer,1.0,95.9596,0.0,95.8215,95.8215,95.9596,93.0618,7.2738,13.3171,1690
2016-11-21 08:00:00,90.36,transfer,1.0,102.2137,0.0,106.3576,106.3576,102.2137,99.3787,7.3068,13.3169,1691
2016-11-21 09:00:00,102.24,transfer,1.0,105.1315,0.0,117.6637,117.6637,105.1315,106.5386,7.3152,13.3206,1692
2016-11-21 10:00:00,115.46,transfer,1.0,109.4762,0.0,103.5702,103.5702,109.4762,113.4622,7.2951,13.3114,1693
2016-11-21 11:00:00,119.08,transfer,1.0,116.0241,0.0,104.1206,104.1206,116.0241,118.0007,7.2746,13.2967,1694
2016-11-21 12:00:00,116.86,transfer,1.0,120.796,0.0,141.0805,141.0805,120.796,119.7257,7.2975,13.3102,1695
2016-11-21 13:00:00,112.14,transfer,1.0,121.8138,0.0,109.1106,109.1106,121.8138,119.9224,7.3181,13.3264,1696
2016-11-21 14:00:00,107.1,transfer,1.0,118.7771,0.0,113.573,113.573,118.7771,118.0771,7.3388,13.3471,1697
2016-11-21 15:00:00,103.9,transfer,1.0,112.0127,0.0,122.9105,122.9105,112.0127,115.0823,7.3636,13.38,1698
2016-11-21 16:00:00,102.53,transfer,1.0,103.8546,0.0,119.5181,119.5181,103.8546,112.5745,7.3583,13.4277,1699
2016-11-21 17:00:00,93.22,transfer,1.0,94.4731,0.0,97.1487,97.1487,94.4731,106.3751,7.3503,13.4989,1700
2016-11-21 18:00:00,87.77,transfer,1.0,86.2468,0.0,97.538,97.538,86.2468,97.6389,7.3297,13.5426,1701
2016-11-21 19:00:00,74.8,transfer,1.0,79.7851,0.0,85.441,85.441,79.7851,90.2689,7.354,13.6256,1702
2016-11-21 20:00:00,72.12,transfer,1.0,75.6194,0.0,72.0242,72.0242,75.6194,83.6071,7.3741,13.6864,1703
2016-11-21 21:00:00,64.53,transfer,1.0,72.3001,0.0,71.6816,71.6816,72.3001,75.4361,7.3962,13.7449,1704
2016-11-21 22:00:00,61.57,transfer,1.0,70.3216,0.0,65.5526,65.5526,70.3216,69.8005,7.417,13.7869,1705
2016-11-21 23:00:00,61.52,transfer,1.0,69.27,0.0,74.2554,74.2554,69.27,66.0505,7.439,13.8125,1706
2016-11-22 00:00:00,62.78,transfer,1.0,70.3784,0.0,74.9364,74.9364,70.3784,65.1879,7.4649,13.8169,1707
2016-11-22 01:00:00,61.36,transfer,1.0,72.9168,0.0,77.3328,77.3328,72.9168,66.2092,7.4962,13.8406,1708
2016-11-22 02:00:00,62.0,transfer,1.0,76.7529,0.0,75.9168,75.9168,76.7529,69.4577,7.5302,13.8726,1709
2016-11-22 03:00:00,61.51,transfer,1.0,82.0083,0.0,79.8344,79.8344,82.0083,73.8368,7.569,13.9067,1710
2016-11-22 04:00:00,60.89,transfer,1.0,88.6882,0.0,95.4608,95.4608,88.6882,80.223,7.6122,13.9409,1711
2016-11-22 05:00:00,62.74,transfer,1.0,95.5515,0.0,98.5056,98.5056,95.5515,86.8353,7.656,13.9645,1712
2016-11-22 06:00:00,65.22,transfer,1.0,102.4962,0.0,105.2393,105.2393,102.4962,95.1405,7.6973,13.9834,1713
2016-11-22 07:00:00,76.44,transfer,1.0,108.6041,0.0,121.0716,121.0716,108.6041,103.2175,7.7305,13.9955,1714
2016-11-22 08:00:00,87.94,transfer,1.0,114.8182,0.0,126.7046,126.7046,114.8182,111.6886,7.7554,14.0109,1715
2016-11-22 09:00:00,103.91,transfer,1.0,117.7639,0.0,87.8976,87.8976,117.7639,118.2779,7.7768,14.0329,1716
2016-11-22 10:00:00,108.71,transfer,1.0,120.9184,0.0,114.3141,114.3141,120.9184,121.3481,7.7999,14.0602,1717
2016-11-22 11:00:00,112.22,transfer,1.0,124.8858,0.0,117.6298,117.6298,124.8858,122.5718,7.8189,14.0853,1718
2016-11-22 12:00:00,110.43,transfer,1.0,125.5124,0.0,109.4468,109.4468,125.5124,121.8186,7.8358,14.1072,1719
2016-11-22 13:00:00,109.96,transfer,1.0,123.7396,0.0,117.2802,117.2802,123.7396,119.3815,7.8479,14.117,1720
2016-11-22 14:00:00,106.42,transfer,1.0,119.2388,0.0,125.1493,125.1493,119.2388,116.6965,7.8595,14.1226,1721
2016-11-22 15:00:00,109.55,transfer,1.0,112.5684,0.0,103.1479,103.1479,112.5684,113.1559,7.8719,14.1269,1722
2016-11-22 16:00:00,98.47,transfer,1.0,105.1614,0.0,114.0081,114.0081,105.1614,109.4531,7.8864,14.1364,1723
2016-11-22 17:00:00,90.04,transfer,1.0,97.2703,0.0,88.0233,88.0233,97.2703,105.2398,7.9038,14.1595,1724
2016-11-22 18:00:00,85.75,transfer,1.0,87.5803,0.0,88.7794,88.7794,87.5803,97.2697,7.9062,14.1973,1725
2016-11-22 19:00:00,81.02,transfer,1.0,79.1505,0.0,70.6871,70.6871,79.1505,87.6109,7.8857,14.2313,1726
2016-11-22 20:00:00,77.72,transfer,1.0,74.4226,0.0,69.7254,69.7254,74.4226,80.4093,7.8621,14.2179,1727
2016-11-22 21:00:00,74.07,transfer,1.0,71.2586,0.0,65.9886,65.9886,71.2586,73.7092,7.8374,14.1773,1728
2016-11-22 22:00:00,69.39,transfer,1.0,69.3278,0.0,79.0869,79.0869,69.3278,68.2666,7.8106,14.1465,1729
2016-11-22 23:00:00,66.51,transfer,1.0,68.2694,0.0,66.8125,66.8125,68.2694,65.1524,7.8053,14.1244,1730
2016-11-23 00:00:00,64.98,transfer,1.0,68.278,0.0,66.5529,66.5529,68.278,63.6535,7.8184,14.11,1731
2016-11-23 01:00:00,64.33,transfer,1.0,68.7749,0.0,78.2216,78.2216,68.7749,63.5291,7.8448,14.0985,1732
2016-11-23 02:00:00,63.74,transfer,1.0,71.249,0.0,67.897,67.897,71.249,64.9112,7.8721,14.1044,1733
2016-11-23 03:00:00,63.91,transfer,1.0,75.5315,0.0,75.9011,75.9011,75.5315,68.7947,7.902,14.1136,1734
2016-11-23 04:00:00,62.63,transfer,1.0,81.5261,0.0,70.1572,70.1572,81.5261,74.1462,7.9365,14.1249,1735
2016-11-23 05:00:00,72.54,transfer,1.0,88.7024,0.0,87.9033,87.9033,88.7024,81.2732,7.9716,14.1345,1736
2016-11-23 06:00:00,70.79,transfer,1.0,95.9819,0.0,97.2081,97.2081,95.9819,89.2908,8.0096,14.1526,1737
2016-11-23 07:00:00,85.18,transfer,1.0,103.7702,0.0,91.7282,91.7282,103.7702,100.1964,8.0387,14.1707,1738
2016-11-23 08:00:00,94.64,transfer,1.0,110.0843,0.0,124.6728,124.6728,110.0843,111.4607,8.0602,14.1939,1739
2016-11-23 09:00:00,105.9,transfer,1.0,113.5897,0.0,119.616,119.616,113.5897,121.1001,8.0734,14.226,1740
2016-11-23 10:00:00,118.73,transfer,1.0,116.6033,0.0,104.1594,104.1594,116.6033,124.7553,8.0681,14.2607,1741
2016-11-23 11:00:00,128.05,transfer,1.0,120.4821,0.0,134.1005,134.1005,120.4821,125.5569,8.0659,14.2239,1742
2016-11-23 12:00:00,129.47,transfer,1.0,125.0852,0.0,139.2267,139.2267,125.0852,127.3245,8.07,14.1914,1743
2016-11-23 13:00:00,125.96,transfer,1.0,127.7977,0.0,127.7799,127.7799,127.7977,128.3272,8.058,14.1988,1744
2016-11-23 14:00:00,124.88,transfer,1.0,127.4575,0.0,112.5773,112.5773,127.4575,127.1434,8.0445,14.207,1745
2016-11-23 15:00:00,125.96,transfer,1.0,123.6881,0.0,135.8257,135.8257,123.6881,123.8692,8.057,14.1956,1746
2016-11-23 16:00:00,116.13,transfer,1.0,118.2359,0.0,137.7211,137.7211,118.2359,120.9047,8.0491,14.207,1747
2016-11-23 17:00:00,108.08,transfer,1.0,110.2868,0.0,101.2621,101.2621,110.2868,116.6834,8.0538,14.2213,1748
2016-11-23 18:00:00,100.25,transfer,1.0,99.8019,0.0,85.7808,85.7808,99.8019,109.349,8.041,14.2516,1749
2016-11-23 19:00:00,81.27,transfer,1.0,89.9945,0.0,95.9502,95.9502,89.9945,100.0397,8.0606,14.3129,1750
2016-11-23 20:00:00,78.14,transfer,1.0,82.1513,0.0,84.7856,84.7856,82.1513,88.0076,8.0765,14.364,1751
2016-11-23 21:00:00,64.98,transfer,1.0,75.0383,0.0,73.0554,73.0554,75.0383,76.4548,8.0943,14.4027,1752
2016-11-23 22:00:00,62.26,transfer,1.0,69.7258,0.0,67.8937,67.8937,69.7258,68.2762,8.1085,14.4219,1753
2016-11-23 23:00:00,63.0,transfer,1.0,66.0297,0.0,58.398,58.398,66.0297,61.5352,8.1206,14.4247,1754
2016-11-24 00:00:00,62.54,transfer,1.0,64.477,0.0,55.48,55.48,64.477,60.2416,8.1312,14.426,1755
2016-11-24 01:00:00,57.45,transfer,1.0,64.6234,0.0,68.646,68.646,64.6234,60.0866,8.1735,14.429,1756
2016-11-24 02:00:00,56.82,transfer,1.0,65.9963,0.0,69.1456,69.1456,65.9963,60.9017,8.2102,14.4449,1757
2016-11-24 03:00:00,56.49,transfer,1.0,68.6606,0.0,76.4072,76.4072,68.6606,63.6864,8.2382,14.4453,1758
2016-11-24 04:00:00,56.63,transfer,1.0,73.1005,0.0,83.0654,83.0654,73.1005,67.9296,8.2601,14.4274,1759
2016-11-24 05:00:00,57.91,transfer,1.0,78.6906,0.0,71.7934,71.7934,78.6906,74.2349,8.3304,14.4468,1760
2016-11-24 06:00:00,57.99,transfer,1.0,86.5728,0.0,70.415,70.415,86.5728,84.2388,8.3957,14.463,1761
2016-11-24 07:00:00,57.94,transfer,1.0,93.1751,0.0,94.142,94.142,93.1751,93.3578,8.526,14.538,1762
2016-11-24 08:00:00,54.92,transfer,1.0,100.2811,0.0,105.4997,105.4997,100.2811,104.9824,8.7328,14.7032,1763
2016-11-24 09:00:00,50.99,transfer,1.0,100.1863,0.0,104.8924,104.8924,100.1863,112.1125,9.0015,14.9344,1764
2016-11-24 10:00:00,50.68,transfer,1.0,96.1804,0.0,102.8865,102.8865,96.1804,108.2923,9.2686,15.1512,1765
2016-11-24 11:00:00,51.84,transfer,1.0,91.0016,0.0,83.7417,83.7417,91.0016,100.8475,9.4803,15.3172,1766
2016-11-24 12:00:00,51.93,transfer,1.0,85.2244,0.0,96.3362,96.3362,85.2244,93.975,9.6739,15.5007,1767
2016-11-24 13:00:00,52.74,transfer,1.0,79.8076,0.0,74.5302,74.5302,79.8076,88.8027,9.8342,15.6727,1768
2016-11-24 14:00:00,52.61,transfer,1.0,74.0918,0.0,78.3914,78.3914,74.0918,82.3419,9.9446,15.7924,1769
2016-11-24 15:00:00,52.93,transfer,1.0,68.8271,0.0,68.4058,68.4058,68.8271,77.3004,10.0094,15.912,1770
2016-11-24 16:00:00,54.28,transfer,1.0,64.2488,0.0,72.5201,72.5201,64.2488,72.5652,10.0412,15.9736,1771
2016-11-24 17:00:00,54.41,transfer,1.0,60.2755,0.0,56.1786,56.1786,60.2755,65.8318,10.0268,15.9976,1772
2016-11-24 18:00:00,55.81,transfer,1.0,57.1656,0.0,60.0762,60.0762,57.1656,59.8262,9.9878,15.9727,1773
2016-11-24 19:00:00,61.55,transfer,1.0,54.9102,0.0,55.9252,55.9252,54.9102,55.5821,10.0047,15.963,1774
2016-11-24 20:00:00,61.34,transfer,1.0,53.7777,0.0,54.1395,54.1395,53.7777,53.7283,10.0221,16.0053,1775
2016-11-24 21:00:00,66.3,transfer,1.0,53.3865,0.0,57.589,57.589,53.3865,52.9835,10.094,16.0764,1776
2016-11-24 22:00:00,62.7,transfer,1.0,53.0491,0.0,48.3571,48.3571,53.0491,52.9302,10.1263,16.1186,1777
2016-11-24 23:00:00,63.69,transfer,1.0,53.466,0.0,47.4362,47.4362,53.466,53.5712,10.1727,16.1783,1778
2016-11-25 00:00:00,67.4,transfer,1.0,54.1613,0.0,55.2071,55.2071,54.1613,54.9224,10.2431,16.2447,1779
2016-11-25 01:00:00,59.93,transfer,1.0,55.8198,0.0,54.6773,54.6773,55.8198,57.405,10.2581,16.2566,1780
2016-11-25 02:00:00,57.87,transfer,1.0,58.4181,0.0,63.6715,63.6715,58.4181,60.5163,10.2281,16.2468,1781
2016-11-25 03:00:00,58.03,transfer,1.0,61.1577,0.0,65.8276,65.8276,61.1577,63.1428,10.195,16.2241,1782
2016-11-25 04:00:00,57.16,transfer,1.0,64.2821,0.0,64.7422,64.7422,64.2821,65.7179,10.1544,16.1799,1783
2016-11-25 05:00:00,67.59,transfer,1.0,68.2944,0.0,80.8069,80.8069,68.2944,68.7378,10.1063,16.1115,1784
2016-11-25 06:00:00,65.38,transfer,1.0,72.892,0.0,73.9102,73.9102,72.892,70.9236,10.0508,16.0141,1785
2016-11-25 07:00:00,70.99,transfer,1.0,78.2877,0.0,76.5828,76.5828,78.2877,74.8049,9.9857,15.8882,1786
2016-11-25 08:00:00,74.31,transfer,1.0,82.113,0.0,92.2841,92.2841,82.113,78.1488,9.9131,15.7399,1787
2016-11-25 09:00:00,84.08,transfer,1.0,81.1414,0.0,89.2546,89.2546,81.1414,79.3805,9.8588,15.597,1788
2016-11-25 10:00:00,89.15,transfer,1.0,80.9424,0.0,71.9398,71.9398,80.9424,81.3688,9.8677,15.4865,1789
2016-11-25 11:00:00,94.84,transfer,1.0,81.8111,0.0,82.7409,82.7409,81.8111,83.6601,9.9378,15.4147,1790
2016-11-25 12:00:00,96.74,transfer,1.0,82.4132,0.0,65.7481,65.7481,82.4132,85.3853,10.0159,15.3451,1791
2016-11-25 13:00:00,98.27,transfer,1.0,82.4179,0.0,76.2809,76.2809,82.4179,86.4569,10.0883,15.2792,1792
2016-11-25 14:00:00,99.44,transfer,1.0,81.1856,0.0,85.9273,85.9273,81.1856,85.6868,10.1539,15.2356,1793
2016-11-25 15:00:00,92.74,transfer,1.0,78.6727,0.0,79.2964,79.2964,78.6727,84.5425,10.2109,15.1288,1794
2016-11-25 16:00:00,86.97,transfer,1.0,75.4939,0.0,81.808,81.808,75.4939,83.3124,10.2577,14.9777,1795
2016-11-25 17:00:00,81.77,transfer,1.0,71.0244,0.0,73.4247,73.4247,71.0244,79.8668,10.292,14.7994,1796
2016-11-25 18:00:00,74.03,transfer,1.0,66.6448,0.0,70.9852,70.9852,66.6448,74.2779,10.3127,14.5315,1797
2016-11-25 19:00:00,67.54,transfer,1.0,63.0089,0.0,53.5329,53.5329,63.0089,68.7254,10.3224,14.1901,1798
2016-11-25 20:00:00,64.06,transfer,1.0,61.1289,0.0,72.4321,72.4321,61.1289,64.7524,10.3245,13.9402,1799
2016-11-25 21:00:00,64.43,transfer,1.0,59.6337,0.0,57.5699,57.5699,59.6337,60.9701,10.3219,13.7629,1800
2016-11-25 22:00:00,57.58,transfer,1.0,59.0306,0.0,51.4023,51.4023,59.0306,59.0127,10.3289,13.5441,1801
2016-11-25 23:00:00,57.11,transfer,1.0,59.0212,0.0,54.9106,54.9106,59.0212,58.4313,10.3379,13.3624,1802
2016-11-26 00:00:00,55.41,transfer,1.0,59.5066,0.0,61.0684,61.0684,59.5066,58.7406,10.3483,13.3058,1803
2016-11-26 01:00:00,55.88,transfer,1.0,59.8561,0.0,62.4233,62.4233,59.8561,60.1551,10.3592,12.9988,1804
2016-11-26 02:00:00,54.88,transfer,1.0,60.3088,0.0,57.6382,57.6382,60.3088,62.2809,10.37,12.7162,1805
2016-11-26 03:00:00,54.06,transfer,1.0,61.5948,0.0,56.0969,56.0969,61.5948,66.7126,10.3816,12.4698,1806
2016-11-26 04:00:00,54.16,transfer,1.0,63.4552,0.0,64.6178,64.6178,63.4552,36.9802,10.3943,12.2497,1807
2016-11-26 05:00:00,55.29,transfer,1.0,65.7193,0.0,57.1561,57.1561,65.7193,0.0509,10.4089,12.2494,1808
2016-11-26 06:00:00,55.98,transfer,1.0,68.5201,0.0,62.6273,62.6273,68.5201,-0.0196,10.426,12.2495,1809
2016-11-26 07:00:00,55.77,transfer,1.0,70.7788,0.0,64.1958,64.1958,70.7788,-0.0266,10.444,12.2496,1810
2016-11-26 08:00:00,52.86,transfer,1.0,72.527,0.0,72.4342,72.4342,72.527,-0.0313,10.4629,12.2502,1811
2016-11-26 09:00:00,48.96,transfer,1.0,70.2483,0.0,65.0033,65.0033,70.2483,-0.0274,10.4793,12.3781,1812
2016-11-26 10:00:00,48.43,transfer,1.0,67.7527,0.0,71.0075,71.0075,67.7527,-0.0218,10.4962,12.5239,1813
2016-11-26 11:00:00,49.03,transfer,1.0,65.3528,0.0,68.7488,68.7488,65.3528,11.4818,10.515,12.6166,1814
2016-11-26 12:00:00,51.46,transfer,1.0,63.3979,0.0,65.0268,65.0268,63.3979,68.3789,10.5363,12.5976,1815
2016-11-26 13:00:00,52.73,transfer,1.0,61.6906,0.0,56.3635,56.3635,61.6906,67.6842,10.5591,12.571,1816
2016-11-26 14:00:00,52.57,transfer,1.0,60.368,0.0,61.428,61.428,60.368,67.2142,10.5829,12.54,1817
2016-11-26 15:00:00,52.47,transfer,1.0,58.9785,0.0,64.7038,64.7038,58.9785,66.0218,10.6053,12.5094,1818
2016-11-26 16:00:00,52.48,transfer,1.0,57.626,0.0,59.4635,59.4635,57.626,64.0051,10.6227,12.4813,1819
2016-11-26 17:00:00,51.97,transfer,1.0,56.4378,0.0,60.3684,60.3684,56.4378,61.7098,10.6351,12.4581,1820
2016-11-26 18:00:00,51.6,transfer,1.0,55.3771,0.0,42.8875,42.8875,55.3771,59.4729,10.6444,12.4407,1821
2016-11-26 19:00:00,54.86,transfer,1.0,54.345,0.0,62.9089,62.9089,54.345,57.2866,10.6368,12.4304,1822
2016-11-26 20:00:00,56.82,transfer,1.0,54.3833,0.0,53.6437,53.6437,54.3833,56.3143,10.6324,12.4262,1823
2016-11-26 21:00:00,56.31,transfer,1.0,54.4062,0.0,56.0951,56.0951,54.4062,55.325,10.6295,12.4271,1824
2016-11-26 22:00:00,56.04,transfer,1.0,54.7353,0.0,51.3378,51.3378,54.7353,54.655,10.6285,12.4328,1825
2016-11-26 23:00:00,55.81,transfer,1.0,55.0725,0.0,50.9223,50.9223,55.0725,54.6425,10.6284,12.4359,1826
2016-11-27 00:00:00,55.95,transfer,1.0,55.6426,0.0,53.359,53.359,55.6426,55.3292,10.6298,12.4317,1827
2016-11-27 01:00:00,56.23,transfer,1.0,57.0128,0.0,61.3534,61.3534,57.0128,57.3062,10.6263,12.4187,1828
2016-11-27 02:00:00,55.42,transfer,1.0,58.5875,0.0,58.2279,58.2279,58.5875,60.2136,10.6193,12.4081,1829
2016-11-27 03:00:00,55.33,transfer,1.0,60.4183,0.0,57.6361,57.6361,60.4183,62.2144,10.6099,12.3948,1830
2016-11-27 04:00:00,55.32,transfer,1.0,62.6174,0.0,63.1076,63.1076,62.6174,63.4205,10.5972,12.379,1831
2016-11-27 05:00:00,57.7,transfer,1.0,64.9278,0.0,57.7058,57.7058,64.9278,64.7884,10.5845,12.3591,1832
2016-11-27 06:00:00,57.53,transfer,1.0,67.2292,0.0,67.5858,67.5858,67.2292,65.782,10.5697,12.3403,1833
2016-11-27 07:00:00,57.48,transfer,1.0,69.1568,0.0,71.8642,71.8642,69.1568,66.6682,10.5509,12.321,1834
2016-11-27 08:00:00,53.88,transfer,1.0,70.3838,0.0,58.7615,58.7615,70.3838,67.0407,10.5286,12.2999,1835
2016-11-27 09:00:00,50.22,transfer,1.0,67.8102,0.0,79.9495,79.9495,67.8102,65.7029,10.5064,12.2773,1836
2016-11-27 10:00:00,50.51,transfer,1.0,65.6065,0.0,66.7473,66.7473,65.6065,65.4836,10.4832,12.2562,1837
2016-11-27 11:00:00,51.31,transfer,1.0,63.6331,0.0,67.2775,67.2775,63.6331,65.4773,10.4594,12.2393,1838
2016-11-27 12:00:00,51.54,transfer,1.0,62.0227,0.0,56.9623,56.9623,62.0227,65.5039,10.4327,12.2214,1839
2016-11-27 13:00:00,52.22,transfer,1.0,60.3842,0.0,54.7576,54.7576,60.3842,65.0244,10.4016,12.198,1840
2016-11-27 14:00:00,51.99,transfer,1.0,59.0443,0.0,53.3134,53.3134,59.0443,64.239,10.3695,12.1688,1841
2016-11-27 15:00:00,52.44,transfer,1.0,57.6854,0.0,61.9716,61.9716,57.6854,63.2922,10.3386,12.1376,1842
2016-11-27 16:00:00,53.68,transfer,1.0,56.3745,0.0,45.4338,45.4338,56.3745,61.8517,10.308,12.1045,1843
2016-11-27 17:00:00,53.71,transfer,1.0,55.3669,0.0,48.8188,48.8188,55.3669,60.2735,10.2774,12.0687,1844
2016-11-27 18:00:00,55.5,transfer,1.0,54.4747,0.0,60.4542,60.4542,54.4747,58.7774,10.2614,12.0311,1845
2016-11-27 19:00:00,60.16,transfer,1.0,53.7486,0.0,50.9877,50.9877,53.7486,57.4826,10.2888,12.0257,1846
2016-11-27 20:00:00,60.68,transfer,1.0,53.9398,0.0,47.3832,47.3832,53.9398,57.236,10.3184,12.0275,1847
2016-11-27 21:00:00,65.14,blend,0.5384,55.3514,0.0,57.8191,57.8191,54.3306,56.5422,10.3456,12.0685,1848
2016-11-27 22:00:00,61.73,blend,0.5384,55.4584,0.0,51.5199,51.5199,54.9177,56.0892,10.371,12.0978,1849
2016-11-27 23:00:00,62.66,blend,0.5384,56.1359,0.0,56.5793,56.5793,55.8401,56.4809,10.3976,12.1323,1850
2016-11-28 00:00:00,66.43,blend,0.5384,57.0857,0.0,71.3733,71.3733,56.5539,57.706,10.4245,12.1652,1851
2016-11-28 01:00:00,68.65,blend,0.5384,59.3826,0.0,56.3542,56.3542,59.3586,59.4105,10.4529,12.1985,1852
2016-11-28 02:00:00,66.68,blend,0.5384,64.3352,0.0,63.8265,63.8265,64.3548,64.3123,10.4485,12.2017,1853
2016-11-28 03:00:00,66.53,blend,0.5384,69.8404,0.0,60.4453,60.4453,70.1234,69.5104,10.4133,12.1778,1854
2016-11-28 04:00:00,61.8,blend,0.5384,75.2354,0.0,75.2057,75.2057,75.7965,74.5809,10.379,12.1441,1855
2016-11-28 05:00:00,63.74,blend,0.5384,80.3503,0.0,85.5462,85.5462,80.9566,79.643,10.3435,12.1087,1856
2016-11-28 06:00:00,64.86,blend,0.5384,84.977,0.0,83.8981,83.8981,85.6265,84.2193,10.3077,12.0778,1857
2016-11-28 07:00:00,80.46,blend,0.5384,89.3411,0.0,95.5224,95.5224,90.2524,88.278,10.2738,12.0494,1858
2016-11-28 08:00:00,90.36,blend,0.5384,95.8445,0.0,93.972,93.972,96.4157,95.1783,10.2393,12.0244,1859
2016-11-28 09:00:00,102.24,blend,0.5384,101.3102,0.0,107.4826,107.4826,100.2608,102.5345,10.2338,12.0005,1860
2016-11-28 10:00:00,115.46,blend,0.5384,106.9876,0.0,117.5324,117.5324,104.4132,109.9907,10.264,12.0212,1861
2016-11-28 11:00:00,119.08,blend,0.5384,112.6825,0.0,116.7103,116.7103,110.4923,115.2375,10.2969,12.0376,1862
2016-11-28 12:00:00,116.86,blend,0.5384,116.3938,0.0,96.877,96.877,115.825,117.0574,10.2796,12.0218,1863
2016-11-28 13:00:00,112.14,blend,0.5384,117.2611,0.0,97.2825,97.2825,117.965,116.4401,10.2567,12.001,1864
2016-11-28 14:00:00,107.1,blend,0.5384,114.8625,0.0,127.3313,127.3313,115.6163,113.9831,10.2379,11.9767,1865
2016-11-28 15:00:00,103.9,blend,0.5384,109.9773,0.0,114.6648,114.6648,109.4243,110.6223,10.2225,11.9501,1866
2016-11-28 16:00:00,102.53,blend,0.5384,103.0156,0.0,96.6648,96.6648,100.9956,105.3721,10.2237,11.9072,1867
2016-11-28 17:00:00,93.22,blend,0.5384,94.8466,0.0,98.4192,98.4192,92.5218,97.5585,10.2204,11.8548,1868
2016-11-28 18:00:00,87.77,blend,0.5384,86.5123,0.0,84.8627,84.8627,84.6396,88.6968,10.23,11.8015,1869
2016-11-28 19:00:00,74.8,blend,0.5384,79.3208,0.0,71.2894,71.2894,77.8594,81.0256,10.2185,11.7465,1870
2016-11-28 20:00:00,72.12,blend,0.5384,73.942,0.0,74.0915,74.0915,73.8144,74.0909,10.2078,11.6899,1871
2016-11-28 21:00:00,64.53,blend,0.5384,68.9913,0.0,64.3954,64.3954,70.3619,67.3925,10.1963,11.642,1872
2016-11-28 22:00:00,61.57,blend,0.5384,66.1431,0.0,70.7577,70.7577,68.2745,63.6568,10.1841,11.6054,1873
2016-11-28 23:00:00,61.52,blend,0.5384,64.5525,0.0,71.0207,71.0207,66.9046,61.8087,10.17,11.5802,1874
2016-11-29 00:00:00,62.78,blend,0.5384,64.6332,0.0,62.9451,62.9451,67.2475,61.5834,10.1514,11.573,1875
2016-11-29 01:00:00,61.36,blend,0.5384,66.0133,0.0,56.0958,56.0958,69.1921,62.305,10.1292,11.5497,1876
2016-11-29 02:00:00,62.0,blend,0.5384,69.1897,0.0,77.0268,77.0268,73.0917,64.6379,10.1074,11.521,1877
2016-11-29 03:00:00,61.51,blend,0.5384,73.94,0.0,78.3114,78.3114,78.2311,68.9343,10.0849,11.4919,1878
2016-11-29 04:00:00,60.89,blend,0.5384,79.6222,0.0,76.2127,76.2127,84.4025,74.0459,10.0594,11.4551,1879
2016-11-29 05:00:00,62.74,blend,0.5384,86.4794,0.0,86.6906,86.6906,90.6724,81.5882,10.0304,11.4239,1880
2016-11-29 06:00:00,65.22,blend,0.5384,93.5428,0.0,98.8711,98.8711,97.629,88.7762,10.0014,11.386,1881
2016-11-29 07:00:00,76.44,blend,0.5384,100.6914,0.0,116.5039,116.5039,104.2471,96.5435,9.9755,11.3463,1882
2016-11-29 08:00:00,87.94,blend,0.5384,109.4976,0.0,113.0204,113.0204,111.8363,106.7695,9.9577,11.317,1883
2016-11-29 09:00:00,103.91,blend,0.5384,114.3636,0.0,106.0685,106.0685,114.3807,114.3438,9.9376,11.2936,1884
2016-11-29 10:00:00,108.71,blend,0.5384,116.9708,0.0,144.6802,144.6802,117.1585,116.7518,9.9152,11.2662,1885
2016-11-29 11:00:00,112.22,blend,0.5384,119.3108,0.0,127.5491,127.5491,120.2176,118.253,9.8874,11.2405,1886
2016-11-29 12:00:00,110.43,blend,0.5384,119.8224,0.0,118.7006,118.7006,121.6246,117.72,9.8643,11.2161,1887
2016-11-29 13:00:00,109.96,blend,0.5384,118.2368,0.0,122.5179,122.5179,119.8508,116.3539,9.8411,11.1981,1888
2016-11-29 14:00:00,106.42,blend,0.5384,115.3644,0.0,96.2681,96.2681,115.8585,114.788,9.821,11.1867,1889
2016-11-29 15:00:00,109.55,blend,0.5384,109.4372,0.0,94.7279,94.7279,109.215,109.6963,9.805,11.1661,1890
2016-11-29 16:00:00,98.47,blend,0.5384,102.9496,0.0,96.8854,96.8854,101.5935,104.5315,9.7838,11.1368,1891
2016-11-29 17:00:00,90.04,blend,0.5384,95.5024,0.0,72.9241,72.9241,93.3837,97.974,9.7606,11.0936,1892
2016-11-29 18:00:00,85.75,blend,0.5384,85.2349,0.0,70.1614,70.1614,83.4337,87.336,9.7635,11.0344,1893
2016-11-29 19:00:00,81.02,blend,0.5384,75.5813,0.0,69.9236,69.9236,74.8296,76.4581,9.7893,11.0224,1894
2016-11-29 20:00:00,77.72,blend,0.5384,69.9983,0.0,76.3468,76.3468,69.8389,70.1843,9.8165,11.0512,1895
2016-11-29 21:00:00,74.07,blend,0.5384,65.8743,0.0,74.6466,74.6466,66.3612,65.3062,9.8457,11.1012,1896
2016-11-29 22:00:00,69.39,blend,0.5384,63.1589,0.0,57.7895,57.7895,64.0346,62.1373,9.8772,11.1377,1897
2016-11-29 23:00:00,66.51,blend,0.5384,61.7945,0.0,60.5761,60.5761,62.7454,60.6852,9.8891,11.1643,1898
2016-11-30 00:00:00,64.98,blend,0.5384,61.7724,0.0,68.2434,68.2434,62.4687,60.9601,9.8845,11.1803,1899
2016-11-30 01:00:00,64.33,blend,0.5384,62.0965,0.0,58.5096,58.5096,62.8018,61.2737,9.8671,11.1938,1900
2016-11-30 02:00:00,63.74,blend,0.5384,64.1556,0.0,60.0288,60.0288,64.6117,63.6236,9.8276,11.1875,1901
2016-11-30 03:00:00,63.91,blend,0.5384,67.8636,0.0,79.3467,79.3467,67.9605,67.7507,9.7825,11.1813,1902
2016-11-30 04:00:00,62.63,blend,0.5384,72.7201,0.0,81.1013,81.1013,72.5112,72.9638,9.7289,11.1742,1903
2016-11-30 05:00:00,72.54,blend,0.5384,79.7716,0.0,71.7851,71.7851,78.5725,81.1704,9.6686,11.1736,1904
2016-11-30 06:00:00,70.79,blend,0.5384,88.012,0.0,81.2952,81.2952,86.3848,89.9101,9.6114,11.1773,1905
2016-11-30 07:00:00,85.18,blend,0.5384,97.4815,0.0,89.255,89.255,95.4233,99.8826,9.5618,11.1754,1906
2016-11-30 08:00:00,94.64,blend,0.5384,105.8492,0.0,92.2744,92.2744,103.5265,108.5588,9.5227,11.1582,1907
2016-11-30 09:00:00,105.9,blend,0.5384,112.2742,0.0,115.0038,115.0038,109.54,115.4637,9.4986,11.1246,1908
2016-11-30 10:00:00,118.73,blend,0.5384,114.7675,0.0,105.8685,105.8685,113.227,116.5646,9.5187,11.1016,1909
2016-11-30 11:00:00,128.05,blend,0.5384,117.9443,0.0,104.8871,104.8871,119.5216,116.1042,9.5244,11.1579,1910
2016-11-30 12:00:00,129.47,blend,0.5384,123.4844,0.0,131.2979,131.2979,124.8587,121.8812,9.5258,11.1903,1911
2016-11-30 13:00:00,125.96,blend,0.5384,128.0363,0.0,139.7078,139.7078,129.5845,126.2302,9.5364,11.1778,1912
2016-11-30 14:00:00,124.88,blend,0.5384,128.8423,0.0,122.5601,122.5601,130.9674,126.3633,9.5573,11.1732,1913
2016-11-30 15:00:00,125.96,blend,0.5384,125.1608,0.0,119.0139,119.0139,127.1131,122.8833,9.5506,11.179,1914
2016-11-30 16:00:00,116.13,blend,0.5384,120.0222,0.0,120.8909,120.8909,121.3291,118.4976,9.5691,11.1647,1915
2016-11-30 17:00:00,108.08,blend,0.5384,111.6184,0.0,110.124,110.124,111.652,111.5791,9.5772,11.1343,1916
2016-11-30 18:00:00,100.25,blend,0.5384,99.5186,0.0,98.1522,98.1522,99.6258,99.3934,9.5782,11.0853,1917
2016-11-30 19:00:00,81.27,blend,0.5384,87.3613,0.0,97.1346,97.1346,88.8835,85.5857,9.5716,10.9992,1918
2016-11-30 20:00:00,78.14,blend,0.5384,78.7452,0.0,86.6991,86.6991,80.2919,76.9409,9.5606,10.9476,1919
2016-11-30 21:00:00,64.98,blend,0.5384,71.7937,0.0,69.9918,69.9918,73.2521,70.0924,9.5499,10.9098,1920
2016-11-30 22:00:00,62.26,blend,0.5384,67.0867,0.0,60.9902,60.9902,68.3031,65.6678,9.5414,10.8942,1921
2016-11-30 23:00:00,63.0,blend,0.5384,62.8942,0.0,69.0533,69.0533,64.1084,61.4779,9.53,10.8946,1922
2016-12-01 00:00:00,62.54,blend,0.5384,62.1702,0.0,58.7071,58.7071,62.802,61.4333,9.52,10.8875,1923
2016-12-01 01:00:00,63.09,blend,0.5384,62.6373,0.0,54.928,54.928,63.6023,61.5116,9.4804,10.8812,1924
2016-12-01 02:00:00,62.07,blend,0.5384,64.8343,0.0,76.6167,76.6167,66.1374,63.3141,9.45,10.8643,1925
2016-12-01 03:00:00,61.28,blend,0.5384,66.3269,0.0,60.6236,60.6236,68.7503,63.5,9.422,10.8347,1926
2016-12-01 04:00:00,60.7,blend,0.5384,74.1705,0.0,71.6732,71.6732,73.9024,74.4834,9.4026,10.8495,1927
2016-12-01 05:00:00,70.25,blend,0.5384,79.9281,0.0,79.608,79.608,80.7148,79.0103,9.3411,10.8044,1928
2016-12-01 06:00:00,68.15,blend,0.5384,88.4292,0.0,98.995,98.995,89.4559,87.2315,9.2978,10.7618,1929
2016-12-01 07:00:00,80.48,blend,0.5384,99.7926,0.0,95.1776,95.1776,100.4973,98.9705,9.2073,10.661,1930
2016-12-01 08:00:00,91.31,blend,0.5384,108.0924,0.0,116.03,116.03,108.4419,107.6847,9.0392,10.4605,1931
2016-12-01 09:00:00,103.27,blend,0.5384,114.5399,0.0,90.0727,90.0727,111.8448,117.6839,8.7974,10.1825,1932
2016-12-01 10:00:00,111.02,blend,0.5384,118.3452,0.0,133.0725,133.0725,114.8984,122.3661,8.5497,9.9071,1933
2016-12-01 11:00:00,112.59,blend,0.5384,122.1637,0.0,118.8002,118.8002,118.7785,126.1126,8.3534,9.6959,1934
2016-12-01 12:00:00,121.2,blend,0.5384,124.3713,0.0,137.4508,137.4508,121.3638,127.8796,8.1562,9.4853,1935
2016-12-01 13:00:00,120.64,blend,0.5384,123.1421,0.0,122.4501,122.4501,120.5431,126.1739,7.9957,9.3036,1936
2016-12-01 14:00:00,116.57,blend,0.5384,122.1674,0.0,141.0631,141.0631,119.005,125.8565,7.8823,9.1819,1937
2016-12-01 15:00:00,121.01,blend,0.5384,118.5498,0.0,117.2357,117.2357,114.2839,123.5262,7.8277,9.0518,1938
2016-12-01 16:00:00,112.84,blend,0.5384,112.9096,0.0,110.8126,110.8126,107.0378,119.7593,7.8029,8.9842,1939
2016-12-01 17:00:00,108.59,blend,0.5384,106.6627,0.0,110.1445,110.1445,99.5547,114.9543,7.8218,8.9541,1940
2016-12-01 18:00:00,98.48,blend,0.5384,98.3082,0.0,83.8374,83.8374,90.6747,107.2131,7.8602,8.9822,1941
2016-12-01 19:00:00,85.69,blend,0.5384,89.8244,0.0,83.6544,83.6544,82.9191,97.8796,7.8371,9.0192,1942
2016-12-01 20:00:00,79.34,blend,0.5384,80.9169,0.0,85.1951,85.1951,76.6527,85.8913,7.8081,9.0129,1943
2016-12-01 21:00:00,68.41,blend,0.5384,73.6283,0.0,81.666,81.666,71.898,75.6468,7.752,8.9767,1944
2016-12-01 22:00:00,60.93,blend,0.5384,68.3359,0.0,70.2253,70.2253,68.1487,68.5543,7.7375,8.9639,1945
2016-12-01 23:00:00,60.03,blend,0.5384,64.7747,0.0,62.7185,62.7185,65.4475,63.9897,7.7089,8.9273,1946
2016-12-02 00:00:00,59.7,blend,0.5384,62.9219,0.0,67.1625,67.1625,64.3609,61.2432,7.6579,8.8622,1947
2016-12-02 01:00:00,59.93,blend,0.5384,63.2929,0.0,63.7358,63.7358,65.3065,60.944,7.6654,8.8532,1948
2016-12-02 02:00:00,57.87,blend,0.5384,65.3766,0.0,64.2137,64.2137,67.6182,62.7618,7.7202,8.8665,1949
2016-12-02 03:00:00,58.03,blend,0.5384,68.4965,0.0,71.532,71.532,71.0727,65.4911,7.7792,8.8805,1950
2016-12-02 04:00:00,57.16,blend,0.5384,73.1688,0.0,71.687,71.687,75.8713,70.0161,7.8482,8.9061,1951
2016-12-02 05:00:00,67.59,blend,0.5384,79.0409,0.0,82.0011,82.0011,81.5627,76.0991,7.9271,8.9499,1952
2016-12-02 06:00:00,65.38,blend,0.5384,86.6154,0.0,74.2215,74.2215,88.9629,83.8769,8.0228,9.027,1953
2016-12-02 07:00:00,70.99,blend,0.5384,94.9387,0.0,88.0784,88.0784,96.306,93.3437,8.13,9.1374,1954
2016-12-02 08:00:00,74.31,blend,0.5384,102.3391,0.0,110.2042,110.2042,101.3579,103.4838,8.2446,9.2882,1955
2016-12-02 09:00:00,84.08,blend,0.5384,105.1347,0.0,108.3648,108.3648,101.2352,109.6836,8.3292,9.4126,1956
2016-12-02 10:00:00,89.15,blend,0.5384,104.6375,0.0,92.8102,92.8102,100.4544,109.5172,8.3477,9.4875,1957
2016-12-02 11:00:00,94.84,blend,0.5384,104.0713,0.0,90.7582,90.7582,100.1039,108.6994,8.3014,9.5035,1958
2016-12-02 12:00:00,96.74,blend,0.5384,103.6281,0.0,95.6753,95.6753,99.7954,108.0991,8.2343,9.5035,1959
2016-12-02 13:00:00,98.27,blend,0.5384,102.9618,0.0,95.3652,95.3652,99.0371,107.54,8.1446,9.4884,1960
2016-12-02 14:00:00,99.44,blend,0.5384,101.0679,0.0,102.2721,102.2721,96.7703,106.0812,8.0518,9.446,1961
2016-12-02 15:00:00,92.74,blend,0.5384,98.4346,0.0,88.1377,88.1377,93.1791,104.5653,7.9707,9.4676,1962
2016-12-02 16:00:00,86.97,blend,0.5384,94.1367,0.0,96.3167,96.3167,88.0087,101.2852,7.9085,9.5311,1963
2016-12-02 17:00:00,81.77,blend,0.5384,86.3506,0.0,83.0799,83.0799,80.7752,92.8544,7.8505,9.5857,1964
2016-12-02 18:00:00,74.03,blend,0.5384,79.7706,0.0,73.9881,73.9881,74.5056,85.9124,7.8094,9.655,1965
2016-12-02 19:00:00,67.54,blend,0.5384,73.2269,0.0,83.3996,83.3996,68.8148,78.3737,7.79,9.7124,1966
2016-12-02 20:00:00,64.06,blend,0.5384,68.9667,0.0,58.3558,58.3558,65.733,72.7388,7.7825,9.7599,1967
2016-12-02 21:00:00,64.43,blend,0.5384,65.0911,0.0,54.4213,54.4213,63.5918,66.8399,7.7589,9.7537,1968
2016-12-02 22:00:00,57.58,blend,0.5384,62.4674,0.0,60.6885,60.6885,62.3044,62.6575,7.7784,9.7754,1969
2016-12-02 23:00:00,57.11,blend,0.5384,61.487,0.0,62.7382,62.7382,62.2191,60.6329,7.7975,9.7885,1970
2016-12-03 00:00:00,55.41,blend,0.5384,61.5493,0.0,66.5836,66.5836,62.5682,60.3608,7.8157,9.7981,1971
2016-12-03 01:00:00,55.88,blend,0.5384,61.9733,0.0,58.0354,58.0354,62.3811,61.4975,7.8307,9.8061,1972
2016-12-03 02:00:00,54.88,blend,0.5384,63.0208,0.0,69.5419,69.5419,62.9804,63.0679,7.8466,9.8108,1973
2016-12-03 03:00:00,54.06,blend,0.5384,64.4919,0.0,58.8846,58.8846,64.2456,64.7793,7.8624,9.7993,1974
2016-12-03 04:00:00,54.16,blend,0.5384,66.2618,0.0,65.147,65.147,66.0373,66.5236,7.8778,9.7706,1975
2016-12-03 05:00:00,55.29,blend,0.5384,68.0996,0.0,63.803,63.803,68.1592,68.0301,7.8923,9.5177,1976
2016-12-03 06:00:00,55.98,blend,0.5384,70.2736,0.0,65.7044,65.7044,70.8036,69.6553,7.9059,9.2657,1977
2016-12-03 07:00:00,55.77,blend,0.5384,72.2168,0.0,80.6177,80.6177,72.9265,71.3888,7.9187,9.0266,1978
2016-12-03 08:00:00,52.86,blend,0.5384,73.1922,0.0,71.5602,71.5602,74.4835,71.6858,7.9303,8.8238,1979
2016-12-03 09:00:00,48.96,blend,0.5384,71.0553,0.0,76.621,76.621,71.7281,70.2704,7.9391,8.6591,1980
2016-12-03 10:00:00,48.43,blend,0.5384,69.1291,0.0,79.6796,79.6796,68.9211,69.3719,7.9461,8.4953,1981
2016-12-03 11:00:00,49.03,blend,0.5384,67.4072,0.0,68.5689,68.5689,66.3117,68.6852,7.9518,8.3888,1982
2016-12-03 12:00:00,51.46,blend,0.5384,65.7795,0.0,63.4759,63.4759,63.884,67.9906,7.9547,8.3865,1983
2016-12-03 13:00:00,52.73,blend,0.5384,64.7187,0.0,74.3665,74.3665,62.0494,67.8325,7.9568,8.3874,1984
2016-12-03 14:00:00,52.57,blend,0.5384,63.9069,0.0,60.544,60.544,60.6206,67.7405,7.9583,8.3905,1985
2016-12-03 15:00:00,52.47,blend,0.5384,62.8756,0.0,59.1942,59.1942,59.3058,67.0399,7.9603,8.3966,1986
2016-12-03 16:00:00,52.48,blend,0.5384,61.3158,0.0,56.1165,56.1165,58.0166,65.1643,7.9626,8.4035,1987
2016-12-03 17:00:00,51.97,blend,0.5384,59.6398,0.0,53.9397,53.9397,56.926,62.8056,7.9655,8.41,1988
2016-12-03 18:00:00,51.6,blend,0.5384,58.1762,0.0,52.1451,52.1451,55.9674,60.7528,7.969,8.4176,1989
2016-12-03 19:00:00,54.86,blend,0.5384,56.7625,0.0,62.0122,62.0122,55.0424,58.7691,7.967,8.4264,1990
2016-12-03 20:00:00,56.82,blend,0.5384,56.3554,0.0,56.26,56.26,54.9778,57.9625,7.9635,8.4302,1991
2016-12-03 21:00:00,56.31,blend,0.5384,56.0263,0.0,51.5749,51.5749,55.037,57.1804,7.9597,8.4295,1992
2016-12-03 22:00:00,56.04,blend,0.5384,55.9569,0.0,59.215,59.215,55.339,56.6777,7.9561,8.4251,1993
2016-12-03 23:00:00,55.81,blend,0.5384,55.9212,0.0,58.97,58.97,55.5703,56.3305,7.9532,8.4212,1994
2016-12-04 00:00:00,55.95,blend,0.5384,56.0828,0.0,53.6082,53.6082,55.9254,56.2664,7.9515,8.4194,1995
2016-12-04 01:00:00,56.23,blend,0.5384,57.2156,0.0,55.5609,55.5609,57.1042,57.3456,7.952,8.4197,1996
2016-12-04 02:00:00,55.42,blend,0.5384,58.9909,0.0,61.0057,61.0057,58.6608,59.3759,7.9525,8.4147,1997
2016-12-04 03:00:00,55.33,blend,0.5384,60.9318,0.0,46.4778,46.4778,60.5532,61.3735,7.9533,8.4097,1998
2016-12-04 04:00:00,55.32,blend,0.5384,63.0089,0.0,66.7018,66.7018,62.7837,63.2716,7.9543,8.4088,1999
2016-12-04 05:00:00,57.7,blend,0.5384,65.1534,0.0,70.0085,70.0085,65.1478,65.16,7.9556,8.411,2000
2016-12-04 06:00:00,57.53,blend,0.5384,66.9377,0.0,72.5739,72.5739,67.5839,66.1839,7.9577,8.4134,2001
2016-12-04 07:00:00,57.48,blend,0.5384,68.3972,0.0,71.2992,71.2992,69.818,66.7397,7.9616,8.4138,2002
2016-12-04 08:00:00,53.88,blend,0.5384,69.2639,0.0,67.9874,67.9874,71.3804,66.7949,7.9676,8.4124,2003
2016-12-04 09:00:00,50.22,blend,0.5384,67.3701,0.0,75.0963,75.0963,68.806,65.6951,7.9735,8.4123,2004
2016-12-04 10:00:00,50.51,blend,0.5384,66.0853,0.0,64.9799,64.9799,66.6279,65.4523,7.9796,8.4121,2005
2016-12-04 11:00:00,51.31,blend,0.5384,64.8382,0.0,65.3589,65.3589,64.5474,65.1775,7.985,8.4103,2006
2016-12-04 12:00:00,51.54,blend,0.5384,63.7108,0.0,70.749,70.749,62.8288,64.7398,7.9898,8.4058,2007
2016-12-04 13:00:00,52.22,blend,0.5384,62.4848,0.0,55.2607,55.2607,61.1843,64.0019,7.9946,8.3997,2008
2016-12-04 14:00:00,51.99,blend,0.5384,61.4438,0.0,62.9,62.9,59.7282,63.445,7.9986,8.395,2009
2016-12-04 15:00:00,52.44,blend,0.5384,60.2891,0.0,52.3916,52.3916,58.2431,62.6758,8.002,8.3913,2010
2016-12-04 16:00:00,53.68,blend,0.5384,59.3595,0.0,60.7778,60.7778,57.1283,61.9624,8.0064,8.392,2011
2016-12-04 17:00:00,53.71,blend,0.5384,58.4739,0.0,61.0315,61.0315,56.1667,61.1653,8.0112,8.3973,2012
2016-12-04 18:00:00,55.5,blend,0.5384,57.6493,0.0,44.5206,44.5206,55.4141,60.2568,8.0056,8.4061,2013
2016-12-04 19:00:00,60.16,blend,0.5384,56.7918,0.0,63.8532,63.8532,54.7425,59.1824,7.9997,8.396,2014
2016-12-04 20:00:00,60.68,blend,0.5384,57.2847,0.0,56.0023,56.0023,55.3608,59.529,7.9912,8.3823,2015
2016-12-04 21:00:00,65.14,blend,0.5117,57.7692,0.0,45.3501,45.3501,56.0097,59.6131,7.9812,8.364,2016
2016-12-04 22:00:00,61.73,blend,0.5117,58.1147,0.0,56.3946,56.3946,56.7447,59.5504,7.9704,8.3434,2017
2016-12-04 23:00:00,62.66,blend,0.5117,58.4268,0.0,58.6695,58.6695,57.4068,59.4956,7.961,8.3255,2018
2016-12-05 00:00:00,66.43,blend,0.5117,59.0983,0.0,60.9021,60.9021,58.2175,60.0214,7.9511,8.3117,2019
2016-12-05 01:00:00,68.65,blend,0.5117,61.1024,0.0,55.2556,55.2556,60.9027,61.3116,7.942,8.3004,2020
2016-12-05 02:00:00,66.68,blend,0.5117,65.401,0.0,54.9738,54.9738,65.5009,65.2964,7.9351,8.2945,2021
2016-12-05 03:00:00,66.53,blend,0.5117,71.3844,0.0,77.0399,77.0399,71.3458,71.4249,7.9424,8.3059,2022
2016-12-05 04:00:00,61.8,blend,0.5117,74.9861,0.0,73.4358,73.4358,76.0435,73.8781,7.9439,8.3017,2023
2016-12-05 05:00:00,63.74,blend,0.5117,80.9238,0.0,72.5401,72.5401,81.0825,80.7575,7.9446,8.3084,2024
2016-12-05 06:00:00,64.86,blend,0.5117,86.5108,0.0,83.7289,83.7289,86.5645,86.4546,7.9502,8.3217,2025
2016-12-05 07:00:00,80.46,blend,0.5117,90.9567,0.0,75.6597,75.6597,91.7091,90.1682,7.9589,8.3329,2026
2016-12-05 08:00:00,90.36,blend,0.5117,97.8471,0.0,112.8066,112.8066,98.9035,96.74,7.9737,8.3422,2027
2016-12-05 09:00:00,102.24,blend,0.5117,103.4696,0.0,96.8821,96.8821,102.6863,104.2905,7.9646,8.3527,2028
2016-12-05 10:00:00,115.46,blend,0.5117,109.0003,0.0,118.2379,118.2379,107.1399,110.9499,7.9483,8.347,2029
2016-12-05 11:00:00,119.08,blend,0.5117,114.6323,0.0,123.8926,123.8926,113.7971,115.5076,7.9287,8.3454,2030
2016-12-05 12:00:00,116.86,blend,0.5117,118.6263,0.0,104.1785,104.1785,119.2537,117.9689,7.9368,8.3508,2031
2016-12-05 13:00:00,112.14,blend,0.5117,119.9821,0.0,130.5009,130.5009,120.473,119.4677,7.9517,8.3688,2032
2016-12-05 14:00:00,107.1,blend,0.5117,117.4184,0.0,100.1563,100.1563,116.9949,117.8623,7.9599,8.3919,2033
2016-12-05 15:00:00,103.9,blend,0.5117,111.7599,0.0,119.6041,119.6041,109.9606,113.6456,7.9631,8.4099,2034
2016-12-05 16:00:00,102.53,blend,0.5117,103.9572,0.0,109.9502,109.9502,100.8067,107.2589,7.9642,8.4211,2035
2016-12-05 17:00:00,93.22,blend,0.5117,95.1498,0.0,88.4958,88.4958,91.815,98.6446,7.9684,8.4276,2036
2016-12-05 18:00:00,87.77,blend,0.5117,86.2348,0.0,94.6327,94.6327,83.6281,88.9666,7.9744,8.4292,2037
2016-12-05 19:00:00,74.8,blend,0.5117,78.7147,0.0,72.5658,72.5658,76.7925,80.729,7.9681,8.4274,2038
2016-12-05 20:00:00,72.12,blend,0.5117,73.1778,0.0,77.8919,77.8919,72.6535,73.7273,7.9612,8.4253,2039
2016-12-05 21:00:00,64.53,blend,0.5117,68.3037,0.0,80.4362,80.4362,69.2325,67.3303,7.9544,8.4249,2040
2016-12-05 22:00:00,61.57,blend,0.5117,65.5028,0.0,62.2402,62.2402,67.2179,63.7055,7.9482,8.4252,2041
2016-12-05 23:00:00,61.52,blend,0.5117,63.958,0.0,63.2337,63.2337,65.8706,61.9536,7.942,8.4261,2042
2016-12-06 00:00:00,62.78,blend,0.5117,63.9577,0.0,82.7081,82.7081,66.217,61.5902,7.9359,8.426,2043
2016-12-06 01:00:00,61.36,blend,0.5117,65.2151,0.0,60.6315,60.6315,68.1101,62.1811,7.9294,8.4253,2044
2016-12-06 02:00:00,62.0,blend,0.5117,68.2427,0.0,77.5194,77.5194,71.815,64.499,7.9218,8.4245,2045
2016-12-06 03:00:00,61.51,blend,0.5117,72.4797,0.0,78.3359,78.3359,76.6706,68.0879,7.9125,8.4194,2046
2016-12-06 04:00:00,60.89,blend,0.5117,78.4392,0.0,76.9207,76.9207,82.7984,73.8709,7.903,8.4184,2047
2016-12-06 05:00:00,62.74,blend,0.5117,85.0493,0.0,80.2047,80.2047,89.3581,80.5338,7.8952,8.4121,2048
2016-12-06 06:00:00,65.22,blend,0.5117,92.622,0.0,104.8178,104.8178,96.7017,88.3466,7.8896,8.4095,2049
2016-12-06 07:00:00,76.44,blend,0.5117,100.1901,0.0,101.6195,101.6195,103.8005,96.4065,7.887,8.4087,2050
2016-12-06 08:00:00,87.94,blend,0.5117,108.8351,0.0,107.2523,107.2523,111.4518,106.093,7.8847,8.4047,2051
2016-12-06 09:00:00,103.91,blend,0.5117,114.2716,0.0,99.0016,99.0016,115.0044,113.5038,7.8884,8.3997,2052
2016-12-06 10:00:00,108.71,blend,0.5117,117.2228,0.0,133.7196,133.7196,118.1426,116.2588,7.8943,8.3968,2053
2016-12-06 11:00:00,112.22,blend,0.5117,119.6138,0.0,114.0075,114.0075,121.8534,117.2669,7.904,8.3909,2054
2016-12-06 12:00:00,110.43,blend,0.5117,119.5802,0.0,128.3787,128.3787,122.3335,116.6948,7.9082,8.3848,2055
2016-12-06 13:00:00,109.96,blend,0.5117,117.6641,0.0,143.0904,143.0904,120.2543,114.9496,7.9106,8.3764,2056
2016-12-06 14:00:00,106.42,blend,0.5117,114.2663,0.0,126.8038,126.8038,115.4002,113.078,7.9079,8.3663,2057
2016-12-06 15:00:00,109.55,blend,0.5117,110.0731,0.0,106.0013,106.0013,108.3984,111.828,7.9128,8.3789,2058
2016-12-06 16:00:00,98.47,blend,0.5117,105.5769,0.0,107.9782,107.9782,100.9576,110.4177,7.909,8.414,2059
2016-12-06 17:00:00,90.04,blend,0.5117,99.9735,0.0,90.3281,90.3281,91.5135,108.8392,7.8978,8.4787,2060
2016-12-06 18:00:00,85.75,blend,0.5117,91.9759,0.0,85.621,85.621,82.5805,101.8219,7.9029,8.5649,2061
2016-12-06 19:00:00,81.02,blend,0.5117,85.0936,0.0,75.6379,75.6379,73.951,96.7707,7.9082,8.6315,2062
2016-12-06 20:00:00,77.72,blend,0.5117,78.4659,0.0,66.1347,66.1347,69.5161,87.8449,7.9101,8.6469,2063
2016-12-06 21:00:00,74.07,blend,0.5117,72.3096,0.0,72.7284,72.7284,66.8495,78.0315,7.9072,8.6183,2064
2016-12-06 22:00:00,69.39,blend,0.5117,67.8999,0.0,68.6105,68.6105,65.3408,70.5817,7.8994,8.5822,2065
2016-12-06 23:00:00,66.51,blend,0.5117,65.1151,0.0,55.2194,55.2194,64.5686,65.6879,7.8885,8.5524,2066
2016-12-07 00:00:00,64.98,blend,0.5117,64.2243,0.0,59.3882,59.3882,64.8475,63.5713,7.8744,8.5369,2067
2016-12-07 01:00:00,64.98,blend,0.5117,63.9658,0.0,65.1035,65.1035,65.4182,62.4436,7.8679,8.5338,2068
2016-12-07 02:00:00,64.98,blend,0.5117,56.1194,0.0,56.3937,56.3937,57.2704,54.9132,7.9086,8.593,2069
2016-12-07 03:00:00,64.98,blend,0.5117,52.8706,0.0,61.5015,61.5015,53.6843,52.0179,7.9517,8.6473,2070
