timestamp,actual_kwh,active_model,blend_weight_transfer,prediction_kwh,uncertainty_std,lower_ci_90,upper_ci_90,transfer_pred_kwh,pretransfer_pred_kwh,rolling_mae_transfer,rolling_mae_pretransfer,stream_hour
2016-05-22 00:00:00,53.18,blend,0.5,57.4347,0.0,67.0596,67.0596,57.5185,57.3509,4.3385,4.1709,0
2016-05-22 01:00:00,53.13,blend,0.5,58.5162,0.0,54.3985,54.3985,57.94,59.0924,4.5742,5.0667,1
2016-05-22 02:00:00,52.86,blend,0.5,59.9152,0.0,50.939,50.939,58.9467,60.8837,5.0784,6.0523,2
2016-05-22 03:00:00,53.44,blend,0.5,61.8407,0.0,53.7381,53.7381,60.4543,63.2271,5.5624,6.986,3
2016-05-22 04:00:00,63.94,blend,0.5,63.4927,0.0,65.6108,65.6108,62.0848,64.9006,4.8209,5.7809,4
2016-05-22 05:00:00,71.09,blend,0.5,65.4525,0.0,69.934,69.934,64.3545,66.5505,5.14,5.574,5
2016-05-22 06:00:00,63.66,blend,0.5,67.6327,0.0,79.2378,79.2378,67.4625,67.8028,4.949,5.3696,6
2016-05-22 07:00:00,60.78,blend,0.5,70.1651,0.0,74.36,74.36,70.7696,69.5605,5.579,5.7959,7
2016-05-22 08:00:00,61.06,blend,0.5,70.0063,0.0,81.6086,81.6086,71.3684,68.6443,6.1045,5.9946,8
2016-05-22 09:00:00,60.1,blend,0.5,66.0086,0.0,65.9292,65.9292,67.0458,64.9713,6.1887,5.8823,9
2016-05-22 10:00:00,60.49,blend,0.5,64.0528,0.0,63.6311,63.6311,64.3217,63.7839,5.9744,5.647,10
2016-05-22 11:00:00,59.22,blend,0.5,63.3163,0.0,54.1687,54.1687,63.1425,63.4901,5.8034,5.5323,11
2016-05-22 12:00:00,59.87,blend,0.5,62.2036,0.0,68.1999,68.1999,61.9275,62.4797,5.5153,5.3074,12
2016-05-22 13:00:00,57.98,blend,0.5,61.1977,0.0,64.4406,64.4406,60.9013,61.4942,5.33,5.1794,13
2016-05-22 14:00:00,60.12,blend,0.5,60.242,0.0,53.1114,53.1114,60.0518,60.4323,4.9792,4.8549,14
2016-05-22 15:00:00,61.33,blend,0.5,59.2157,0.0,54.6953,54.6953,59.1708,59.2605,4.8029,4.6808,15
2016-05-22 16:00:00,60.21,blend,0.5,57.9624,0.0,58.6421,58.6421,57.9777,57.9471,4.6517,4.5386,16
2016-05-22 17:00:00,58.1,blend,0.5,57.3031,0.0,49.3693,49.3693,57.6328,56.9734,4.4192,4.349,17
2016-05-22 18:00:00,51.3,blend,0.5,56.0916,0.0,66.375,66.375,56.4883,55.695,4.4597,4.3514,18
2016-05-22 19:00:00,53.47,blend,0.5,54.7885,0.0,51.4301,51.4301,55.6099,53.9672,4.3437,4.1587,19
2016-05-22 20:00:00,58.86,blend,0.5,54.8642,0.0,61.4853,61.4853,55.578,54.1505,4.2932,4.1849,20
2016-05-22 21:00:00,53.64,blend,0.5,55.2065,0.0,48.5564,48.5564,55.8533,54.5596,4.1986,4.0365,21
2016-05-22 22:00:00,54.63,blend,0.5,55.3875,0.0,56.5403,56.5403,56.0124,54.7626,4.0762,3.8668,22
2016-05-22 23:00:00,53.79,blend,0.5,55.873,0.0,57.1241,57.1241,56.4576,55.2885,4.0175,3.7681,23
2016-05-23 00:00:00,53.5,blend,0.5,56.8382,0.0,55.6219,55.6219,57.0943,56.5821,4.0006,3.7407,24
2016-05-23 01:00:00,53.26,blend,0.5,59.2799,0.0,51.8676,51.8676,59.4899,59.07,4.0863,3.8203,25
2016-05-23 02:00:00,53.17,blend,0.5,63.2283,0.0,61.5879,61.5879,63.5296,62.927,4.3187,4.0401,26
2016-05-23 03:00:00,53.16,blend,0.5,64.6479,0.0,75.17,75.17,66.1915,63.1042,4.6298,4.251,27
2016-05-23 04:00:00,62.39,blend,0.5,70.2349,0.0,66.6832,66.6832,72.6431,67.8267,4.8237,4.2919,28
2016-05-23 05:00:00,65.25,blend,0.5,76.6586,0.0,84.0151,84.0151,80.9441,72.3732,5.1861,4.3863,29
2016-05-23 06:00:00,57.09,blend,0.5,81.7837,0.0,69.3826,69.3826,87.9134,75.6541,6.0131,4.8436,30
2016-05-23 07:00:00,61.12,blend,0.5,86.415,0.0,101.2684,101.2684,91.6606,81.1694,6.7796,5.3188,31
2016-05-23 08:00:00,76.46,blend,0.5,90.1055,0.0,88.172,88.172,93.4227,86.7882,7.0882,5.4706,32
2016-05-23 09:00:00,90.34,blend,0.5,88.1863,0.0,107.465,107.465,92.2634,84.1092,6.9362,5.4929,33
2016-05-23 10:00:00,97.15,blend,0.5,91.4184,0.0,99.3415,99.3415,92.616,90.2207,6.8676,5.534,34
2016-05-23 11:00:00,96.33,blend,0.5,99.3861,0.0,105.4398,105.4398,95.7847,102.9875,6.692,5.5652,35
2016-05-23 12:00:00,93.47,blend,0.5,102.388,0.0,107.6245,107.6245,97.7238,107.0521,6.6261,5.7819,36
2016-05-23 13:00:00,100.9,blend,0.5,96.9771,0.0,103.5042,103.5042,94.6948,99.2595,6.615,5.6729,37
2016-05-23 14:00:00,99.85,blend,0.5,87.9749,0.0,88.9594,88.9594,88.5063,87.4435,6.7363,5.8455,38
2016-05-23 15:00:00,97.93,blend,0.5,86.3705,0.0,102.4633,102.4633,85.4042,87.3369,6.881,5.9642,39
2016-05-23 16:00:00,92.79,blend,0.5,81.0603,0.0,75.4333,75.4333,79.4646,82.656,7.0382,6.0659,40
2016-05-23 17:00:00,79.5,blend,0.5,73.248,0.0,63.1322,63.1322,73.3903,73.1057,7.0161,6.0738,41
2016-05-23 18:00:00,65.44,blend,0.5,67.4872,0.0,64.8012,64.8012,68.2372,66.7373,6.918,5.9627,42
2016-05-23 19:00:00,60.11,blend,0.5,61.8159,0.0,60.6744,60.6744,62.5701,61.0617,6.8167,5.8488,43
2016-05-23 20:00:00,58.91,blend,0.5,59.6881,0.0,64.2476,64.2476,60.409,58.9673,6.6985,5.7201,44
2016-05-23 21:00:00,55.32,blend,0.5,58.7122,0.0,64.125,64.125,59.3898,58.0346,6.6413,5.6547,45
2016-05-23 22:00:00,56.28,blend,0.5,58.4263,0.0,61.2361,61.2361,58.8657,57.987,6.555,5.5708,46
2016-05-23 23:00:00,55.13,blend,0.5,58.6337,0.0,51.6947,51.6947,58.8897,58.3777,6.4968,5.5224,47
2016-05-24 00:00:00,54.76,blend,0.5,59.6476,0.0,54.1938,54.1938,59.7145,59.5807,6.4653,5.508,48
2016-05-24 01:00:00,54.62,blend,0.5,60.793,0.0,70.4834,70.4834,61.4463,60.1398,6.4726,5.5083,49
2016-05-24 02:00:00,54.73,blend,0.5,63.6123,0.0,58.1857,58.1857,64.2749,62.9496,6.5328,5.5614,50
2016-05-24 03:00:00,54.95,blend,0.5,66.5711,0.0,68.4855,68.4855,68.1312,65.0109,6.6607,5.648,51
2016-05-24 04:00:00,62.31,blend,0.5,71.2942,0.0,75.9613,75.9613,73.4247,69.1636,6.7447,5.6707,52
2016-05-24 05:00:00,66.97,blend,0.5,78.5413,0.0,88.0654,88.0654,81.2207,75.8619,6.8837,5.7304,53
2016-05-24 06:00:00,63.0,blend,0.5,88.3548,0.0,98.0744,98.0744,89.8863,86.8233,7.2474,6.0593,54
2016-05-24 07:00:00,82.29,blend,0.5,96.5278,0.0,94.0046,94.0046,96.1241,96.9314,7.365,6.2126,55
2016-05-24 08:00:00,106.17,blend,0.5,106.3781,0.0,104.2196,104.2196,102.935,109.8212,7.2925,6.1676,56
2016-05-24 09:00:00,117.8,blend,0.5,112.0268,0.0,104.1956,104.1956,109.8289,114.2246,7.3042,6.1229,57
2016-05-24 10:00:00,122.17,blend,0.5,115.0619,0.0,109.4921,109.4921,114.2566,115.8672,7.3146,6.126,58
2016-05-24 11:00:00,116.59,blend,0.5,115.9887,0.0,111.0185,111.0185,116.0407,115.9367,7.2018,6.0348,59
2016-05-24 12:00:00,110.54,blend,0.5,116.004,0.0,89.0067,89.0067,116.2558,115.7522,7.1774,6.0213,60
2016-05-24 13:00:00,107.82,blend,0.5,114.7873,0.0,112.6457,112.6457,114.7848,114.7897,7.174,6.0366,61
2016-05-24 14:00:00,112.86,blend,0.5,112.2071,0.0,119.9184,119.9184,111.5467,112.8674,7.081,5.9409,62
2016-05-24 15:00:00,113.7,blend,0.5,108.2283,0.0,122.2984,122.2984,106.4097,110.0468,7.0843,5.9051,63
2016-05-24 16:00:00,103.96,blend,0.5,102.9894,0.0,100.1934,100.1934,100.477,105.5018,7.0289,5.838,64
2016-05-24 17:00:00,100.33,blend,0.5,94.7213,0.0,97.7123,97.7123,92.5143,96.9283,7.0408,5.8011,65
2016-05-24 18:00:00,69.16,blend,0.5,79.7515,0.0,80.7252,80.7252,81.2027,78.3003,7.1154,5.8509,66
2016-05-24 19:00:00,64.2,blend,0.5,69.5662,0.0,73.7873,73.7873,72.0498,67.0825,7.1262,5.8073,67
2016-05-24 20:00:00,59.84,blend,0.5,63.4855,0.0,66.0708,66.0708,64.7712,62.1998,7.0944,5.7573,68
2016-05-24 21:00:00,60.76,blend,0.5,60.3042,0.0,66.5234,66.5234,61.5409,59.0674,7.0042,5.6993,69
2016-05-24 22:00:00,61.73,blend,0.5,58.9897,0.0,59.6397,59.6397,59.8489,58.1306,6.9321,5.6697,70
2016-05-24 23:00:00,60.13,blend,0.5,59.7316,0.0,50.6643,50.6643,60.2172,59.2459,6.837,5.6032,71
2016-05-25 00:00:00,59.69,blend,0.5,61.5286,0.0,55.9839,55.9839,61.8174,61.2398,6.7725,5.5477,72
2016-05-25 01:00:00,60.04,blend,0.5,62.829,0.0,67.9669,67.9669,63.6559,62.0021,6.7298,5.4992,73
2016-05-25 02:00:00,60.11,blend,0.5,65.9197,0.0,69.1729,69.1729,67.299,64.5404,6.736,5.485,74
2016-05-25 03:00:00,60.4,blend,0.5,70.8159,0.0,79.573,79.573,73.2535,68.3783,6.8164,5.5178,75
2016-05-25 04:00:00,72.85,blend,0.5,78.3102,0.0,89.3087,89.3087,82.2755,74.3449,6.8503,5.4655,76
2016-05-25 05:00:00,73.33,blend,0.5,88.8946,0.0,92.1132,92.1132,93.096,84.6932,7.0159,5.5412,77
2016-05-25 06:00:00,65.8,blend,0.5,102.9736,0.0,107.6305,107.6305,103.353,102.5942,7.4025,5.9368,78
2016-05-25 07:00:00,91.08,blend,0.5,108.8222,0.0,92.7508,92.7508,107.3123,110.332,7.5128,6.1032,79
2016-05-25 08:00:00,114.52,blend,0.5,111.9412,0.0,121.7265,121.7265,110.371,113.5113,7.4713,6.0403,80
2016-05-25 09:00:00,120.85,blend,0.5,114.9087,0.0,115.3614,115.3614,114.6043,115.2131,7.4564,6.0354,81
2016-05-25 10:00:00,128.87,blend,0.5,116.1892,0.0,125.0854,125.0854,116.3914,115.9869,7.5169,6.1179,82
2016-05-25 11:00:00,129.16,blend,0.5,116.4063,0.0,114.2956,114.2956,116.7925,116.0201,7.5746,6.2015,83
2016-05-25 12:00:00,133.24,blend,0.5,116.3233,0.0,134.0776,134.0776,116.8032,115.8434,7.6789,6.3332,84
2016-05-25 13:00:00,135.45,blend,0.5,116.1127,0.0,125.2005,125.2005,116.4537,115.7717,7.8105,6.4884,85
2016-05-25 14:00:00,139.57,blend,0.5,115.6761,0.0,97.9165,97.9165,115.845,115.5071,7.9934,6.6904,86
2016-05-25 15:00:00,133.5,blend,0.5,115.2977,0.0,123.9004,123.9004,115.1611,115.4342,8.111,6.8196,87
2016-05-25 16:00:00,131.36,blend,0.5,114.308,0.0,123.4631,123.4631,113.7966,114.8195,8.2172,6.9289,88
2016-05-25 17:00:00,116.47,blend,0.5,110.8789,0.0,103.4402,103.4402,109.8718,111.8861,8.1992,6.9028,89
2016-05-25 18:00:00,73.57,blend,0.5,105.8805,0.0,106.3083,106.3083,104.0873,107.6736,8.4444,7.2017,90
2016-05-25 19:00:00,69.91,blend,0.5,89.5335,0.0,96.3104,96.3104,91.3516,87.7155,8.5857,7.317,91
2016-05-25 20:00:00,81.96,blend,0.5,71.5328,0.0,82.7127,82.7127,75.0382,68.0273,8.5678,7.3881,92
2016-05-25 21:00:00,81.2,blend,0.5,63.8914,0.0,59.184,59.184,67.1943,60.5884,8.6257,7.5288,93
2016-05-25 22:00:00,81.02,blend,0.5,63.8189,0.0,73.1482,73.1482,66.0089,61.6289,8.6929,7.6537,94
2016-05-25 23:00:00,78.8,blend,0.5,66.0298,0.0,62.7285,62.7285,67.179,64.8806,8.7234,7.7189,95
2016-05-26 00:00:00,78.93,blend,0.5,68.6489,0.0,73.3385,73.3385,69.3342,67.9636,8.7324,7.7524,96
2016-05-26 01:00:00,66.81,blend,0.5,70.6182,0.0,76.0397,76.0397,71.3513,69.8852,8.6896,7.7047,97
2016-05-26 02:00:00,60.62,blend,0.5,74.9951,0.0,58.7626,58.7626,75.7509,74.2394,8.7547,7.7644,98
2016-05-26 03:00:00,61.79,blend,0.5,77.6732,0.0,78.2115,78.2115,79.0978,76.2485,8.8402,7.8314,99
2016-05-26 04:00:00,89.51,blend,0.5,81.1307,0.0,87.6347,87.6347,83.3675,78.8939,8.8135,7.8589,100
2016-05-26 05:00:00,82.55,blend,0.5,92.6494,0.0,101.7486,101.7486,93.2324,92.0664,8.8318,7.8752,101
2016-05-26 06:00:00,75.5,blend,0.5,110.3658,0.0,132.8679,132.8679,107.5846,113.147,9.0576,8.1642,102
2016-05-26 07:00:00,100.2,blend,0.5,113.6758,0.0,108.8322,108.8322,112.2131,115.1384,9.086,8.2294,103
2016-05-26 08:00:00,129.02,blend,0.5,115.3431,0.0,102.2805,102.2805,115.1329,115.5534,9.1317,8.2792,104
2016-05-26 09:00:00,142.04,blend,0.5,116.6552,0.0,102.2063,102.2063,117.3896,115.9207,9.2781,8.4476,105
2016-05-26 10:00:00,147.96,blend,0.5,117.3714,0.0,110.8496,110.8496,118.3962,116.3466,9.4677,8.6641,106
2016-05-26 11:00:00,149.86,blend,0.5,117.662,0.0,120.5896,120.5896,118.8493,116.4746,9.6672,8.893,107
2016-05-26 12:00:00,148.75,blend,0.5,117.714,0.0,117.5649,117.5649,118.9915,116.4364,9.8515,9.1078,108
2016-05-26 13:00:00,155.62,blend,0.5,117.6655,0.0,121.7272,121.7272,118.945,116.386,10.0953,9.3817,109
2016-05-26 14:00:00,153.65,blend,0.5,117.4489,0.0,118.2092,118.2092,118.6823,116.2155,10.3194,9.6344,110
2016-05-26 15:00:00,153.17,blend,0.5,117.2289,0.0,113.8999,113.8999,118.3532,116.1047,10.5382,9.8793,111
2016-05-26 16:00:00,139.15,blend,0.5,116.6972,0.0,115.3973,115.3973,117.583,115.8115,10.6358,9.9985,112
2016-05-26 17:00:00,139.67,blend,0.5,115.7811,0.0,112.8539,112.8539,116.205,115.3571,10.7483,10.124,113
2016-05-26 18:00:00,77.45,blend,0.5,112.7157,0.0,109.4253,109.4253,112.6532,112.7781,10.9609,10.3432,114
2016-05-26 19:00:00,76.09,blend,0.5,104.3445,0.0,116.7601,116.7601,105.0208,103.6683,11.1159,10.4918,115
2016-05-26 20:00:00,78.11,blend,0.5,84.1117,0.0,96.9548,96.9548,87.857,80.3665,11.1042,10.4214,116
2016-05-26 21:00:00,78.68,blend,0.5,71.1465,0.0,76.0279,76.0279,77.355,64.938,11.0213,10.4495,117
2016-05-26 22:00:00,79.19,blend,0.5,68.3201,0.0,73.6399,73.6399,72.9825,63.6578,10.9808,10.4922,118
2016-05-26 23:00:00,67.03,blend,0.5,69.509,0.0,79.0211,79.0211,72.1468,66.8711,10.932,10.4061,119
2016-05-27 00:00:00,64.15,blend,0.5,71.3326,0.0,75.3842,75.3842,73.1946,69.4705,10.9164,10.3641,120
2016-05-27 01:00:00,64.08,blend,0.5,72.9854,0.0,75.5791,75.5791,73.4016,72.5692,10.9033,10.3487,121
2016-05-27 02:00:00,61.58,blend,0.5,73.5386,0.0,79.6833,79.6833,74.368,72.7092,10.9186,10.3551,122
2016-05-27 03:00:00,61.46,blend,0.5,78.0491,0.0,76.613,76.613,78.6364,77.4617,10.9691,10.4006,123
2016-05-27 04:00:00,107.37,blend,0.5,85.4493,0.0,81.8485,81.8485,85.1419,85.7568,11.0591,10.4903,124
2016-05-27 05:00:00,104.69,blend,0.5,101.3711,0.0,110.3732,110.3732,96.4218,106.3204,11.037,10.42,125
2016-05-27 06:00:00,106.18,blend,0.5,113.6046,0.0,113.0564,113.0564,111.2314,115.9779,10.9899,10.4151,126
2016-05-27 07:00:00,125.09,blend,0.5,116.2962,0.0,123.0781,123.0781,116.1425,116.45,10.9739,10.4012,127
2016-05-27 08:00:00,148.8,blend,0.5,117.425,0.0,112.3396,112.3396,118.3329,116.5171,11.125,10.5708,128
2016-05-27 09:00:00,175.26,blend,0.5,117.9238,0.0,103.8438,103.8438,119.3154,116.5323,11.4698,10.9413,129
2016-05-27 10:00:00,185.26,blend,0.5,118.155,0.0,95.0646,95.0646,119.7097,116.6003,11.8826,11.3819,130
2016-05-27 11:00:00,182.12,blend,0.5,118.266,0.0,125.1197,125.1197,119.8949,116.637,12.264,11.7917,131
2016-05-27 12:00:00,180.4,blend,0.5,118.2968,0.0,118.8597,118.8597,119.9509,116.6428,12.6263,12.1825,132
2016-05-27 13:00:00,179.76,blend,0.5,118.2823,0.0,113.8066,113.8066,119.9321,116.6325,12.9785,12.5626,133
2016-05-27 14:00:00,189.16,blend,0.5,118.2348,0.0,121.2809,121.2809,119.8553,116.6143,13.3958,13.007,134
2016-05-27 15:00:00,168.45,blend,0.5,118.1539,0.0,106.3501,106.3501,119.7211,116.5867,13.6556,13.2927,135
2016-05-27 16:00:00,161.08,blend,0.5,118.0325,0.0,130.6399,130.6399,119.5122,116.5527,13.8593,13.5207,136
2016-05-27 17:00:00,150.49,blend,0.5,117.7138,0.0,112.3363,112.3363,118.9695,116.4582,13.9873,13.6693,137
2016-05-27 18:00:00,89.83,blend,0.5,117.0695,0.0,131.5917,131.5917,117.9261,116.213,14.0888,13.7608,138
2016-05-27 19:00:00,78.75,blend,0.5,114.5369,0.0,113.2127,113.2127,114.3868,114.6871,14.2427,13.9192,139
2016-05-27 20:00:00,79.74,blend,0.5,103.1875,0.0,101.6568,101.6568,101.9105,104.4644,14.2989,13.9958,140
2016-05-27 21:00:00,68.07,blend,0.5,83.4353,0.0,103.0668,103.0668,88.1884,78.6822,14.3399,13.972,141
2016-05-27 22:00:00,59.58,blend,0.5,77.9179,0.0,76.7602,76.7602,81.4058,74.43,14.3923,13.9781,142
2016-05-27 23:00:00,57.11,blend,0.5,75.8668,0.0,84.2407,84.2407,75.8409,75.8927,14.4224,14.0115,143
2016-05-28 00:00:00,59.13,blend,0.5,71.1063,0.0,68.2899,68.2899,71.1212,71.0914,14.4056,13.9973,144
2016-05-28 01:00:00,58.7,blend,0.5,67.296,0.0,73.9636,73.9636,67.6315,66.9606,14.3681,13.958,145
2016-05-28 02:00:00,58.04,blend,0.5,67.2711,0.0,66.6172,66.6172,66.9276,67.6147,14.3309,13.9282,146
2016-05-28 03:00:00,63.42,blend,0.5,69.2331,0.0,67.1233,67.1233,67.694,70.7721,14.2629,13.8838,147
2016-05-28 04:00:00,103.01,blend,0.5,72.5823,0.0,70.1144,70.1144,69.6664,75.4982,14.391,13.9753,148
2016-05-28 05:00:00,101.29,blend,0.5,86.2854,0.0,84.8893,84.8893,74.85,97.7209,14.4713,13.9059,149
2016-05-28 06:00:00,113.47,blend,0.5,100.1154,0.0,91.1174,91.1174,85.1977,115.0332,14.5627,13.8241,150
2016-05-28 07:00:00,106.5,blend,0.5,105.2276,0.0,79.2902,79.2902,94.2128,116.2424,14.5477,13.7973,151
2016-05-28 08:00:00,105.59,blend,0.5,109.3176,0.0,108.4475,108.4475,102.3186,116.3167,14.474,13.7772,152
2016-05-28 09:00:00,110.29,blend,0.5,110.9187,0.0,113.421,113.421,106.0083,115.8291,14.4078,13.7237,153
2016-05-28 10:00:00,117.26,blend,0.5,110.6292,0.0,105.1649,105.1649,106.2642,114.9942,14.3858,13.6498,154
2016-05-28 11:00:00,119.3,blend,0.5,110.0927,0.0,110.3811,110.3811,105.3318,114.8535,14.3831,13.5908,155
2016-05-28 12:00:00,128.17,blend,0.5,109.3024,0.0,112.0417,112.0417,103.974,114.6307,14.4456,13.5905,156
2016-05-28 13:00:00,128.96,blend,0.5,107.7995,0.0,98.0764,98.0764,101.9981,113.6009,14.5249,13.6017,157
2016-05-28 14:00:00,130.71,blend,0.5,106.1527,0.0,92.4463,92.4463,99.9365,112.369,14.6271,13.6315,158
2016-05-28 15:00:00,130.95,blend,0.5,102.3544,0.0,107.5726,107.5726,96.4162,108.2926,14.7515,13.6879,159
2016-05-28 16:00:00,132.94,blend,0.5,96.9765,0.0,101.4356,101.4356,92.5198,101.4331,14.9109,13.7986,160
2016-05-28 17:00:00,128.95,blend,0.5,91.4879,0.0,96.3209,96.3209,88.5843,94.3914,15.068,13.9267,161
2016-05-28 18:00:00,73.8,blend,0.5,86.3591,0.0,78.1802,78.1802,84.888,87.8303,15.0436,13.9273,162
2016-05-28 19:00:00,67.66,blend,0.5,79.3342,0.0,81.0765,81.0765,80.7223,77.946,15.0315,13.9051,163
2016-05-28 20:00:00,71.25,blend,0.5,71.1804,0.0,78.2621,78.2621,73.0671,69.2938,14.9514,13.8327,164
2016-05-28 21:00:00,65.08,blend,0.5,65.3451,0.0,65.2286,65.2286,66.8905,63.7996,14.8723,13.7571,165
2016-05-28 22:00:00,58.07,blend,0.5,63.3417,0.0,63.3886,63.3886,63.8535,62.8299,14.8179,13.7032,166
2016-05-28 23:00:00,52.31,blend,0.5,62.3344,0.0,62.5424,62.5424,61.6804,62.9883,14.7854,13.6852,167
2016-05-29 00:00:00,51.33,blend,0.481,60.8085,0.0,69.4663,69.4663,59.5455,61.979,14.8085,13.7238,168
2016-05-29 01:00:00,50.6,blend,0.481,60.7809,0.0,70.1725,70.1725,58.3181,63.0632,14.8258,13.7625,169
2016-05-29 02:00:00,50.14,blend,0.481,61.6949,0.0,83.1513,83.1513,57.861,65.2479,14.8355,13.8047,170
2016-05-29 03:00:00,50.2,blend,0.481,73.8571,0.0,95.2072,95.2072,58.1012,88.4589,14.8408,13.9741,171
2016-05-29 04:00:00,87.75,blend,0.481,28.5256,0.0,0.1096,0.1096,59.2349,0.0658,14.9995,14.4903,172
2016-05-29 05:00:00,92.5,blend,0.481,29.6707,0.0,0.0527,0.0527,61.6236,0.0583,15.1432,15.0136,173
2016-05-29 06:00:00,97.01,blend,0.481,32.6713,0.0,0.0698,0.0698,67.8613,0.059,15.2941,15.566,174
2016-05-29 07:00:00,98.8,blend,0.481,36.1796,0.0,0.0723,0.0723,75.1515,0.0624,15.3754,16.1015,175
2016-05-29 08:00:00,104.41,blend,0.481,38.9594,0.0,0.0464,0.0464,80.9262,0.0667,15.4538,16.6774,176
2016-05-29 09:00:00,111.59,blend,0.481,39.8091,0.0,0.0607,0.0607,82.6864,0.0724,15.5845,17.3122,177
2016-05-29 10:00:00,116.09,blend,0.481,39.6258,0.0,0.12,0.12,82.2848,0.0915,15.7629,17.9831,178
2016-05-29 11:00:00,112.38,blend,0.481,42.5816,0.0,6.6717,6.6717,81.7319,6.299,15.922,18.5891,179
2016-05-29 12:00:00,118.42,blend,0.481,80.4181,0.0,85.563,85.563,81.3327,79.5706,16.1305,18.8048,180
2016-05-29 13:00:00,116.74,blend,0.481,84.4634,0.0,103.4538,103.4538,80.1184,88.4902,16.3311,18.952,181
2016-05-29 14:00:00,115.73,blend,0.481,82.4742,0.0,96.827,96.827,78.5676,86.0945,16.5519,19.1266,182
2016-05-29 15:00:00,119.25,blend,0.481,79.0089,0.0,74.7161,74.7161,76.567,81.2719,16.7931,19.3403,183
2016-05-29 16:00:00,111.62,blend,0.481,76.0084,0.0,47.1632,47.1632,74.4278,77.4733,17.0012,19.5301,184
2016-05-29 17:00:00,109.69,blend,0.481,73.6405,0.0,91.3706,91.3706,72.3193,74.865,17.2209,19.7307,185
2016-05-29 18:00:00,66.93,blend,0.481,70.1978,0.0,76.9848,76.9848,68.6525,71.6298,17.2003,19.7325,186
2016-05-29 19:00:00,62.39,blend,0.481,66.081,0.0,74.6011,74.6011,65.4611,66.6555,17.2058,19.7549,187
2016-05-29 20:00:00,69.23,blend,0.481,62.1026,0.0,43.8351,43.8351,62.4353,61.7942,17.2267,19.7712,188
2016-05-29 21:00:00,64.18,blend,0.481,58.6744,0.0,41.3777,41.3777,59.283,58.1105,17.2427,19.8018,189
2016-05-29 22:00:00,53.54,blend,0.481,57.3885,0.0,58.3264,58.3264,57.6999,57.1,17.2592,19.8222,190
2016-05-29 23:00:00,50.0,blend,0.481,56.5215,0.0,51.5712,51.5712,56.4644,56.5743,17.2818,19.8524,191
2016-05-30 00:00:00,49.59,blend,0.481,56.3207,0.0,69.2289,69.2289,55.6937,56.9019,17.2968,19.8776,192
2016-05-30 01:00:00,49.93,blend,0.481,57.1979,0.0,59.1409,59.1409,56.0293,58.2809,17.296,19.8927,193
2016-05-30 02:00:00,49.92,blend,0.481,60.7624,0.0,54.6138,54.6138,58.4271,62.9267,17.2849,19.9121,194
2016-05-30 03:00:00,50.24,blend,0.481,65.7715,0.0,76.3313,76.3313,63.3975,67.9715,17.2857,19.9584,195
2016-05-30 04:00:00,89.37,blend,0.481,71.8537,0.0,73.5148,73.5148,71.7856,71.9169,17.3293,20.0299,196
2016-05-30 05:00:00,91.78,blend,0.481,89.7827,0.0,99.3364,99.3364,86.5802,92.7507,17.2669,19.9933,197
2016-05-30 06:00:00,77.98,blend,0.481,110.0713,0.0,88.3475,88.3475,105.7555,114.0709,17.2487,20.0977,198
2016-05-30 07:00:00,79.74,blend,0.481,115.1737,0.0,111.6599,111.6599,114.0996,116.1692,17.2715,20.1952,199
2016-05-30 08:00:00,78.87,blend,0.481,116.0518,0.0,94.79,94.79,116.1388,115.9712,17.3923,20.3545,200
2016-05-30 09:00:00,82.33,blend,0.481,115.5735,0.0,128.7343,128.7343,116.1619,115.0282,17.5823,20.5121,201
2016-05-30 10:00:00,84.67,blend,0.481,114.3593,0.0,115.7765,115.7765,114.2613,114.4501,17.7314,20.6481,202
2016-05-30 11:00:00,90.33,blend,0.481,112.5043,0.0,122.4038,122.4038,110.8519,114.0357,17.8503,20.7496,203
2016-05-30 12:00:00,92.83,blend,0.481,109.5979,0.0,121.0481,121.0481,105.8112,113.1072,17.9023,20.7894,204
2016-05-30 13:00:00,93.69,blend,0.481,106.8437,0.0,120.1142,120.1142,100.8605,112.3886,17.908,20.8909,205
2016-05-30 14:00:00,91.8,blend,0.481,103.3957,0.0,114.2125,114.2125,95.3564,110.8462,17.8617,20.9305,206
2016-05-30 15:00:00,91.47,blend,0.481,98.5492,0.0,81.384,81.384,89.1035,107.3031,17.8012,20.9617,207
2016-05-30 16:00:00,95.16,blend,0.481,90.1506,0.0,125.0909,125.0909,81.5975,98.0772,17.8026,20.9187,208
2016-05-30 17:00:00,89.43,blend,0.481,79.627,0.0,89.9937,89.9937,75.0917,83.83,17.8516,20.914,209
2016-05-30 18:00:00,59.01,blend,0.481,72.0121,0.0,89.6338,89.6338,70.4404,73.4687,17.903,20.9923,210
2016-05-30 19:00:00,49.62,blend,0.481,64.015,0.0,60.9587,60.9587,65.4709,62.6658,17.9827,21.0643,211
2016-05-30 20:00:00,60.05,blend,0.481,59.7288,0.0,52.7998,52.7998,61.4779,58.1078,17.9823,21.0755,212
2016-05-30 21:00:00,57.64,blend,0.481,57.0183,0.0,59.4589,59.4589,58.5117,55.6342,17.9632,21.0713,213
2016-05-30 22:00:00,57.91,blend,0.481,56.6507,0.0,65.041,65.041,57.7494,55.6325,17.9488,21.0747,214
2016-05-30 23:00:00,62.74,blend,0.481,57.1526,0.0,46.3969,46.3969,57.74,56.6082,17.9562,21.0919,215
2016-05-31 00:00:00,56.22,blend,0.481,58.2596,0.0,47.5937,47.5937,58.3956,58.1336,17.9396,21.0746,216
2016-05-31 01:00:00,56.15,blend,0.481,60.209,0.0,64.3502,64.3502,60.6012,59.8456,17.9255,21.0637,217
2016-05-31 02:00:00,55.93,blend,0.481,62.9347,0.0,63.9965,63.9965,63.5234,62.3891,17.9139,21.0532,218
2016-05-31 03:00:00,56.23,blend,0.481,66.2784,0.0,56.307,56.307,68.0037,64.6796,17.9055,21.0436,219
2016-05-31 04:00:00,98.64,blend,0.481,72.6352,0.0,64.9069,64.9069,74.8105,70.6193,17.9812,21.1696,220
2016-05-31 05:00:00,91.93,blend,0.481,85.4759,0.0,76.7332,76.7332,87.2433,83.8379,17.9242,21.1649,221
2016-05-31 06:00:00,98.76,blend,0.481,108.5206,0.0,124.5976,124.5976,105.4625,111.3547,17.8041,21.098,222
2016-05-31 07:00:00,116.04,blend,0.481,113.5738,0.0,95.0799,95.0799,111.5592,115.4408,17.7484,21.0144,223
2016-05-31 08:00:00,148.01,blend,0.481,115.8221,0.0,113.2186,113.2186,115.4909,116.129,17.9227,21.1825,224
2016-05-31 09:00:00,173.28,blend,0.481,117.1096,0.0,136.5738,136.5738,117.9194,116.3591,18.2048,21.5,225
2016-05-31 10:00:00,176.04,blend,0.481,117.7876,0.0,113.3798,113.3798,119.1347,116.5392,18.4964,21.8167,226
2016-05-31 11:00:00,172.94,blend,0.481,118.0683,0.0,112.9074,112.9074,119.6398,116.6119,18.8104,22.1481,227
2016-05-31 12:00:00,184.19,blend,0.481,118.15,0.0,119.0528,119.0528,119.802,116.619,19.1597,22.5192,228
2016-05-31 13:00:00,174.97,blend,0.481,118.1491,0.0,142.8718,142.8718,119.8222,116.5985,19.4465,22.8252,229
2016-05-31 14:00:00,181.28,blend,0.481,118.1246,0.0,118.5062,118.5062,119.7742,116.5959,19.8048,23.2102,230
2016-05-31 15:00:00,179.12,blend,0.481,118.034,0.0,132.0668,132.0668,119.6097,116.5738,20.1156,23.5607,231
2016-05-31 16:00:00,163.53,blend,0.481,117.9146,0.0,113.1173,113.1173,119.3914,116.5459,20.3576,23.8312,232
2016-05-31 17:00:00,159.52,blend,0.481,117.6717,0.0,136.473,136.473,118.9177,116.517,20.5528,24.067,233
2016-05-31 18:00:00,88.7,blend,0.481,117.1302,0.0,95.9595,95.9595,117.9211,116.3973,20.655,24.1774,234
2016-05-31 19:00:00,81.23,blend,0.481,115.2515,0.0,100.0314,100.0314,114.9076,115.5703,20.8087,24.3647,235
2016-05-31 20:00:00,77.2,blend,0.481,105.8636,0.0,105.0503,105.0503,102.8547,108.6522,20.9321,24.5378,236
2016-05-31 21:00:00,66.74,blend,0.481,86.2244,0.0,73.1683,73.1683,88.6536,83.9731,21.0579,24.6303,237
2016-05-31 22:00:00,55.43,blend,0.481,77.5111,0.0,65.2171,65.2171,79.7074,75.4757,21.1912,24.7282,238
2016-05-31 23:00:00,52.76,blend,0.481,73.1562,0.0,70.8594,70.8594,73.286,73.036,21.3129,24.8437,239
2016-06-01 00:00:00,52.51,blend,0.481,69.0168,0.0,74.7893,74.7893,68.4234,69.5667,21.3949,24.936,240
2016-06-01 01:00:00,51.98,blend,0.481,67.3329,0.0,73.5287,73.5287,66.1315,68.4463,21.4576,25.0223,241
2016-06-01 02:00:00,51.68,blend,0.481,70.7936,0.0,67.9526,67.9526,67.1732,74.1488,21.5071,25.1297,242
2016-06-01 03:00:00,51.31,blend,0.481,77.8531,0.0,85.7883,85.7883,71.5113,83.7303,21.5508,25.2751,243
2016-06-01 04:00:00,98.88,blend,0.481,88.4958,0.0,83.344,83.344,79.8286,96.5283,21.6081,25.2803,244
2016-06-01 05:00:00,98.42,blend,0.481,105.139,0.0,110.1422,110.1422,95.7638,113.8275,21.5063,25.3043,245
2016-06-01 06:00:00,105.74,blend,0.481,114.2499,0.0,118.7868,118.7868,111.9762,116.3571,21.3198,25.1485,246
2016-06-01 07:00:00,127.46,blend,0.481,116.873,0.0,143.5408,143.5408,117.2029,116.5673,21.2843,25.0987,247
2016-06-01 08:00:00,165.45,blend,0.481,117.7837,0.0,137.3774,137.3774,119.0294,116.6293,21.5359,25.3833,248
2016-06-01 09:00:00,186.15,blend,0.481,118.1376,0.0,123.7923,123.7923,119.756,116.6377,21.8939,25.7636,249
2016-06-01 10:00:00,189.58,blend,0.481,118.2996,0.0,125.8585,125.8585,120.0501,116.6772,22.2335,26.1208,250
2016-06-01 11:00:00,174.78,blend,0.481,118.3622,0.0,119.5915,119.5915,120.168,116.6888,22.485,26.3884,251
2016-06-01 12:00:00,173.54,blend,0.481,118.3736,0.0,119.8278,119.8278,120.1997,116.6814,22.7046,26.6233,252
2016-06-01 13:00:00,170.12,blend,0.481,118.3526,0.0,142.9241,142.9241,120.1736,116.6651,22.8889,26.8243,253
2016-06-01 14:00:00,178.55,blend,0.481,118.2958,0.0,113.5821,113.5821,120.0812,116.6412,23.0957,27.0496,254
2016-06-01 15:00:00,179.3,blend,0.481,118.215,0.0,130.4885,130.4885,119.933,116.6228,23.3399,27.3151,255
2016-06-01 16:00:00,159.42,blend,0.481,118.0984,0.0,107.6304,107.6304,119.713,116.6021,23.4717,27.4716,256
2016-06-01 17:00:00,144.53,blend,0.481,117.894,0.0,102.3749,102.3749,119.3194,116.573,23.5825,27.6107,257
2016-06-01 18:00:00,90.87,blend,0.481,117.3824,0.0,142.6823,142.6823,118.3613,116.4751,23.5645,27.5601,258
2016-06-01 19:00:00,80.91,blend,0.481,114.6865,0.0,88.652,88.652,114.2922,115.052,23.6355,27.6573,259
2016-06-01 20:00:00,74.14,blend,0.481,102.8328,0.0,107.4908,107.4908,100.1879,105.2839,23.7494,27.7598,260
2016-06-01 21:00:00,68.37,blend,0.481,85.2226,0.0,73.0618,73.0618,86.0796,84.4285,23.7714,27.7327,261
2016-06-01 22:00:00,56.26,blend,0.481,75.578,0.0,80.3397,80.3397,76.5835,74.6461,23.8031,27.7267,262
2016-06-01 23:00:00,53.89,blend,0.481,72.0378,0.0,97.0541,97.0541,70.8579,73.1313,23.8349,27.7584,263
2016-06-02 00:00:00,53.48,blend,0.481,69.5025,0.0,76.2715,76.2715,67.2089,71.6282,23.8595,27.8011,264
2016-06-02 01:00:00,52.3,blend,0.481,68.7781,0.0,72.7866,72.7866,65.6037,71.7199,23.9116,27.8984,265
2016-06-02 02:00:00,51.9,blend,0.481,71.1707,0.0,88.4986,88.4986,66.8651,75.161,23.9107,27.9558,266
2016-06-02 03:00:00,51.92,blend,0.481,76.7824,0.0,79.3985,79.3985,71.3104,81.8536,23.923,28.0479,267
2016-06-02 04:00:00,96.94,blend,0.481,88.4135,0.0,102.6616,102.6616,80.7571,95.509,23.9828,27.9932,268
2016-06-02 05:00:00,98.91,blend,0.481,106.5081,0.0,104.8601,104.8601,98.1338,114.269,23.9238,28.028,269
2016-06-02 06:00:00,100.89,blend,0.481,114.6427,0.0,154.5285,154.5285,112.7654,116.3825,23.8036,27.8962,270
2016-06-02 07:00:00,113.81,blend,0.481,116.9559,0.0,120.3267,120.3267,117.3663,116.5757,23.7532,27.8237,271
2016-06-02 08:00:00,144.25,blend,0.481,117.7299,0.0,112.0284,112.0284,118.9472,116.6018,23.8212,27.9081,272
2016-06-02 09:00:00,148.17,blend,0.481,118.0334,0.0,101.5849,101.5849,119.5665,116.6126,23.8447,27.9405,273
2016-06-02 10:00:00,149.27,blend,0.481,118.1607,0.0,106.4775,106.4775,119.795,116.6461,23.8442,27.9465,274
2016-06-02 11:00:00,152.1,blend,0.481,118.1537,0.0,82.4897,82.4897,119.788,116.639,23.8519,27.9588,275
2016-06-02 12:00:00,151.71,blend,0.481,118.0809,0.0,136.7964,136.7964,119.6586,116.6186,23.8656,27.9754,276
2016-06-02 13:00:00,154.34,blend,0.481,117.9651,0.0,106.898,106.898,119.4386,116.5995,23.855,27.9665,277
2016-06-02 14:00:00,160.29,blend,0.481,117.7715,0.0,83.4617,83.4617,119.084,116.5551,23.8921,28.004,278
2016-06-02 15:00:00,164.38,blend,0.481,117.5121,0.0,112.565,112.565,118.5887,116.5144,23.9575,28.0683,279
2016-06-02 16:00:00,160.2,blend,0.481,117.087,0.0,95.1157,95.1157,117.8013,116.4252,24.0815,28.1899,280
2016-06-02 17:00:00,139.98,blend,0.481,116.3978,0.0,124.2632,124.2632,116.5216,116.283,24.0814,28.1863,281
2016-06-02 18:00:00,86.95,blend,0.481,115.321,0.0,129.5067,129.5067,114.4658,116.1135,24.0357,28.1496,282
2016-06-02 19:00:00,78.77,blend,0.481,108.3057,0.0,129.1267,129.1267,106.0309,110.414,24.0257,28.1738,283
2016-06-02 20:00:00,78.13,blend,0.481,89.1431,0.0,72.2997,72.2997,88.9698,89.3037,24.0322,28.2268,284
2016-06-02 21:00:00,67.06,blend,0.481,73.3544,0.0,74.7261,74.7261,76.9961,69.9794,24.0835,28.1624,285
2016-06-02 22:00:00,56.47,blend,0.481,68.4766,0.0,71.2083,71.2083,70.9515,66.183,24.1327,28.1278,286
2016-06-02 23:00:00,53.1,blend,0.481,65.8073,0.0,69.6762,69.6762,66.7313,64.951,24.1834,28.1974,287
2016-06-03 00:00:00,52.5,blend,0.481,63.2975,0.0,61.2625,61.2625,63.8454,62.7898,24.1971,28.227,288
2016-06-03 01:00:00,52.24,blend,0.481,64.0495,0.0,62.4008,62.4008,63.1227,64.9085,24.2064,28.2518,289
2016-06-03 02:00:00,51.93,blend,0.481,66.3115,0.0,52.0786,52.0786,64.5449,67.9487,24.2054,28.2809,290
2016-06-03 03:00:00,52.22,blend,0.481,71.2182,0.0,67.1169,67.1169,68.5371,73.7029,24.2003,28.3136,291
2016-06-03 04:00:00,95.92,blend,0.481,79.4046,0.0,64.1816,64.1816,75.6996,82.8382,24.1883,28.2628,292
2016-06-03 05:00:00,100.29,blend,0.481,102.2956,0.0,97.605,97.605,91.4088,112.3849,24.192,28.3251,293
2016-06-03 06:00:00,107.13,blend,0.481,112.5958,0.0,112.3057,112.3057,108.5573,116.3384,24.1704,28.3216,294
2016-06-03 07:00:00,123.42,blend,0.481,116.0145,0.0,113.6459,113.6459,115.4869,116.5036,24.1643,28.3113,295
2016-06-03 08:00:00,150.15,blend,0.481,117.2136,0.0,130.7377,130.7377,117.9736,116.5093,24.1745,28.3194,296
2016-06-03 09:00:00,166.36,blend,0.481,117.6871,0.0,106.5172,106.5172,118.9148,116.5493,24.1239,28.2663,297
2016-06-03 10:00:00,169.03,blend,0.481,117.8819,0.0,142.5433,142.5433,119.2767,116.5892,24.0299,28.1698,298
2016-06-03 11:00:00,174.3,blend,0.481,117.951,0.0,95.1677,95.1677,119.4152,116.5942,23.9862,28.1235,299
2016-06-03 12:00:00,175.19,blend,0.481,117.9597,0.0,94.3986,94.3986,119.442,116.5859,23.9582,28.0928,300
2016-06-03 13:00:00,178.79,blend,0.481,117.9306,0.0,99.9938,99.9938,119.3972,116.5715,23.9556,28.0874,301
2016-06-03 14:00:00,176.39,blend,0.481,117.8662,0.0,119.9665,119.9665,119.2772,116.5587,23.8831,28.0117,302
2016-06-03 15:00:00,167.29,blend,0.481,117.7635,0.0,106.7935,106.7935,119.0912,116.5331,23.8799,28.0051,303
2016-06-03 16:00:00,137.91,blend,0.481,117.5308,0.0,107.524,107.524,118.6566,116.4875,23.7471,27.8676,304
2016-06-03 17:00:00,123.78,blend,0.481,117.0827,0.0,120.1566,120.1566,117.829,116.391,23.5949,27.709,305
2016-06-03 18:00:00,76.14,blend,0.481,115.0247,0.0,119.3886,119.3886,114.0486,115.9292,23.6533,27.7888,306
2016-06-03 19:00:00,70.72,blend,0.481,104.7605,0.0,105.2388,105.2388,101.3926,107.8816,23.6237,27.7961,307
2016-06-03 20:00:00,69.3,blend,0.481,83.156,0.0,63.4935,63.4935,84.2001,82.1883,23.5805,27.7256,308
2016-06-03 21:00:00,64.37,blend,0.481,70.1802,0.0,60.8272,60.8272,73.9892,66.6503,23.518,27.6761,309
2016-06-03 22:00:00,56.95,blend,0.481,66.1971,0.0,58.5838,58.5838,68.5355,64.0299,23.457,27.6298,310
2016-06-03 23:00:00,50.94,blend,0.481,64.846,0.0,72.3151,72.3151,65.4686,64.269,23.432,27.5973,311
2016-06-04 00:00:00,50.59,blend,0.481,64.3827,0.0,79.4736,79.4736,63.9819,64.7541,23.4403,27.6105,312
2016-06-04 01:00:00,50.23,blend,0.481,63.1737,0.0,54.2888,54.2888,62.5836,63.7206,23.4607,27.6416,313
2016-06-04 02:00:00,50.39,blend,0.481,63.2303,0.0,68.8174,68.8174,62.2683,64.1218,23.4785,27.6663,314
2016-06-04 03:00:00,50.11,blend,0.481,64.8871,0.0,63.9809,63.9809,63.1441,66.5023,23.5307,27.7201,315
2016-06-04 04:00:00,87.72,blend,0.481,67.6599,0.0,68.0351,68.0351,65.0803,70.0506,23.4669,27.6616,316
2016-06-04 05:00:00,88.67,blend,0.481,74.1243,0.0,76.1546,76.1546,69.6518,78.2691,23.4228,27.7022,317
2016-06-04 06:00:00,92.33,blend,0.481,52.7849,0.0,23.9175,23.9175,78.4565,28.9937,23.3371,28.0699,318
2016-06-04 07:00:00,87.74,blend,0.481,52.2247,0.0,19.3639,19.3639,86.9339,20.058,23.2687,28.4148,319
2016-06-04 08:00:00,89.1,blend,0.481,74.7196,0.0,53.0809,53.0809,93.0028,57.7757,23.2725,28.5374,320
2016-06-04 09:00:00,88.89,blend,0.481,95.4035,0.0,89.0113,89.0113,93.5512,97.1202,23.2747,28.5534,321
2016-06-04 10:00:00,90.62,blend,0.481,98.1604,0.0,101.2255,101.2255,90.7497,105.0282,23.2101,28.6257,322
2016-06-04 11:00:00,95.34,blend,0.481,94.5309,0.0,108.2087,108.2087,87.1578,101.3639,23.1756,28.6351,323
2016-06-04 12:00:00,97.27,blend,0.481,89.563,0.0,81.6864,81.6864,83.6515,95.0415,23.1127,28.5678,324
2016-06-04 13:00:00,102.56,blend,0.481,86.2837,0.0,69.8417,69.8417,80.6892,91.4684,23.0824,28.5424,325
2016-06-04 14:00:00,96.55,blend,0.481,84.0422,0.0,105.2524,105.2524,77.7257,89.8961,23.0112,28.4728,326
2016-06-04 15:00:00,100.49,blend,0.481,81.6057,0.0,98.1073,98.1073,74.8093,87.9042,22.9585,28.4128,327
2016-06-04 16:00:00,102.44,blend,0.481,76.4383,0.0,79.8165,79.8165,71.0191,81.4606,22.905,28.3502,328
2016-06-04 17:00:00,106.62,blend,0.481,71.4389,0.0,86.677,86.677,68.0218,74.6058,22.8944,28.335,329
2016-06-04 18:00:00,65.4,blend,0.481,68.6714,0.0,66.0204,66.0204,65.7809,71.3502,22.8307,28.2869,330
2016-06-04 19:00:00,61.53,blend,0.481,65.122,0.0,64.3637,64.3637,63.8565,66.2947,22.7668,28.2541,331
2016-06-04 20:00:00,66.49,blend,0.481,61.9806,0.0,51.0155,51.0155,61.0987,62.7979,22.7881,28.2644,332
2016-06-04 21:00:00,62.22,blend,0.481,59.1731,0.0,52.8085,52.8085,58.3307,59.9538,22.8005,28.2703,333
2016-06-04 22:00:00,58.83,blend,0.481,58.3136,0.0,48.4932,48.4932,56.8991,59.6245,22.7775,28.2467,334
2016-06-04 23:00:00,50.51,blend,0.481,58.0548,0.0,48.4053,48.4053,55.9054,60.0466,22.7539,28.2399,335
2016-06-05 00:00:00,50.46,blend,0.554,57.6729,0.0,58.6178,58.6178,55.2192,60.7206,22.7333,28.2376,336
2016-06-05 01:00:00,50.43,blend,0.554,58.1678,0.0,59.8467,59.8467,54.9734,62.1357,22.7144,28.2331,337
2016-06-05 02:00:00,50.39,blend,0.554,58.6396,0.0,48.8314,48.8314,55.0816,63.0591,22.6964,28.2185,338
2016-06-05 03:00:00,50.65,blend,0.554,59.2651,0.0,54.9441,54.9441,55.4718,63.9767,22.678,28.0701,339
2016-06-05 04:00:00,89.1,blend,0.554,51.5898,0.0,51.7888,51.7888,57.0433,44.8158,22.6991,27.8118,340
2016-06-05 05:00:00,91.36,blend,0.554,63.323,0.0,64.8257,64.8257,60.5763,66.7348,22.6986,27.4081,341
2016-06-05 06:00:00,94.08,blend,0.554,72.3463,0.0,63.3414,63.3414,67.8254,77.9618,22.6813,26.927,342
2016-06-05 07:00:00,92.43,blend,0.554,81.3261,0.0,80.2677,80.2677,74.808,89.4222,22.6455,26.3572,343
2016-06-05 08:00:00,90.75,blend,0.554,86.1142,0.0,74.7521,74.7521,79.3734,94.487,22.5734,25.7583,344
2016-06-05 09:00:00,91.52,blend,0.554,84.9003,0.0,78.8318,78.8318,79.0122,92.2141,22.4758,25.0986,345
2016-06-05 10:00:00,95.64,blend,0.554,81.7594,0.0,66.4924,66.4924,76.4508,88.3533,22.3888,24.4516,346
2016-06-05 11:00:00,93.2,blend,0.554,79.8002,0.0,77.0891,77.0891,74.1319,86.8409,22.3199,23.858,347
2016-06-05 12:00:00,97.08,blend,0.554,78.0119,0.0,73.6671,73.6671,72.4664,84.9,22.2456,23.6992,348
2016-06-05 13:00:00,100.6,blend,0.554,75.5237,0.0,78.9567,78.9567,70.8464,81.3335,22.2047,23.6458,349
2016-06-05 14:00:00,102.93,blend,0.554,73.0539,0.0,62.7002,62.7002,69.4145,77.5745,22.183,23.6203,350
2016-06-05 15:00:00,115.46,blend,0.554,71.3962,0.0,55.9455,55.9455,68.3956,75.1233,22.2091,23.6343,351
2016-06-05 16:00:00,110.03,blend,0.554,70.9618,0.0,65.2044,65.2044,67.7263,74.9808,22.2395,23.6397,352
2016-06-05 17:00:00,102.24,blend,0.554,71.0322,0.0,81.1429,81.1429,67.7721,75.0816,22.2223,23.5941,353
2016-06-05 18:00:00,62.61,blend,0.554,70.19,0.0,80.1767,80.1767,66.9279,74.242,22.2377,23.6353,354
2016-06-05 19:00:00,61.41,blend,0.554,65.7486,0.0,68.8212,68.8212,64.3933,67.4319,22.2372,23.6458,355
2016-06-05 20:00:00,64.71,blend,0.554,61.4339,0.0,58.6599,58.6599,60.5988,62.4711,22.2212,23.6148,356
2016-06-05 21:00:00,62.3,blend,0.554,59.1935,0.0,64.1203,64.1203,58.1551,60.4833,22.2167,23.5895,357
2016-06-05 22:00:00,55.25,blend,0.554,58.5082,0.0,58.9983,58.9983,56.8826,60.5274,22.2017,23.5997,358
2016-06-05 23:00:00,50.27,blend,0.554,58.2989,0.0,55.0868,55.0868,56.1474,60.9714,22.1982,23.6243,359
2016-06-06 00:00:00,49.85,blend,0.554,58.1972,0.0,59.3442,59.3442,55.4961,61.5523,22.1955,23.6504,360
2016-06-06 01:00:00,49.49,blend,0.554,59.1179,0.0,52.551,52.551,55.9767,63.0197,22.1978,23.6813,361
2016-06-06 02:00:00,49.47,blend,0.554,61.5504,0.0,60.1204,60.1204,58.5649,65.2587,22.2013,23.6978,362
2016-06-06 03:00:00,49.65,blend,0.554,66.674,0.0,64.0637,64.0637,63.865,70.1631,22.2076,23.7144,363
2016-06-06 04:00:00,82.46,blend,0.554,74.2546,0.0,76.4392,76.4392,72.4193,76.5342,22.1627,23.6458,364
2016-06-06 05:00:00,84.52,blend,0.554,92.8529,0.0,96.493,96.493,87.8851,99.0236,22.1517,23.7263,365
2016-06-06 06:00:00,73.71,blend,0.554,108.8763,0.0,95.3752,95.3752,104.9302,113.7779,22.1723,23.75,366
2016-06-06 07:00:00,96.31,blend,0.554,113.7933,0.0,122.4475,122.4475,112.4322,115.484,22.0637,23.6473,367
2016-06-06 08:00:00,135.35,blend,0.554,114.3905,0.0,108.6823,108.6823,114.032,114.8359,21.9688,23.5486,368
2016-06-06 09:00:00,156.97,blend,0.554,115.7589,0.0,112.7275,112.7275,116.0576,115.3879,22.0109,23.6014,369
2016-06-06 10:00:00,161.95,blend,0.554,117.4371,0.0,130.5129,130.5129,118.217,116.4685,22.0951,23.6949,370
2016-06-06 11:00:00,163.18,blend,0.554,117.99,0.0,136.979,136.979,119.1283,116.5761,22.2351,23.8312,371
2016-06-06 12:00:00,157.22,blend,0.554,118.1457,0.0,106.5473,106.5473,119.4128,116.5717,22.3829,23.9525,372
2016-06-06 13:00:00,159.04,blend,0.554,118.1463,0.0,137.6353,137.6353,119.4317,116.5496,22.576,24.0941,373
2016-06-06 14:00:00,162.35,blend,0.554,118.0244,0.0,127.0053,127.0053,119.237,116.5181,22.8114,24.2535,374
2016-06-06 15:00:00,157.15,blend,0.554,117.7773,0.0,136.9627,136.9627,118.8431,116.4536,23.0254,24.4015,375
2016-06-06 16:00:00,148.47,blend,0.554,117.4211,0.0,136.5635,136.5635,118.2159,116.4339,23.1247,24.5748,376
2016-06-06 17:00:00,132.35,blend,0.554,116.6741,0.0,125.1101,125.1101,116.9188,116.37,23.1312,24.6366,377
2016-06-06 18:00:00,78.24,blend,0.554,114.9491,0.0,133.9572,133.9572,114.0616,116.0516,23.2764,24.7756,378
2016-06-06 19:00:00,63.22,blend,0.554,107.9711,0.0,99.1078,99.1078,104.8058,111.9027,23.4296,24.9877,379
2016-06-06 20:00:00,63.91,blend,0.554,87.3871,0.0,75.4491,75.4491,86.5964,88.3692,23.5561,25.1218,380
2016-06-06 21:00:00,66.56,blend,0.554,71.572,0.0,85.3372,85.3372,74.0264,68.5233,23.5954,25.1215,381
2016-06-06 22:00:00,66.12,blend,0.554,66.3499,0.0,72.7639,72.7639,67.9083,64.4141,23.6051,25.1181,382
2016-06-06 23:00:00,65.17,blend,0.554,66.0428,0.0,71.3,71.3,65.6447,66.5372,23.5782,25.0898,383
2016-06-07 00:00:00,64.31,blend,0.554,67.337,0.0,69.8374,69.8374,65.5853,69.5129,23.5728,25.1093,384
2016-06-07 01:00:00,64.99,blend,0.554,68.9772,0.0,56.3064,56.3064,67.2336,71.1429,23.5597,25.124,385
2016-06-07 02:00:00,66.78,blend,0.554,73.9954,0.0,66.9524,66.9524,71.1686,77.5067,23.5406,25.1494,386
2016-06-07 03:00:00,62.64,blend,0.554,83.1248,0.0,81.1428,81.1428,78.2844,89.1372,23.5636,25.2568,387
2016-06-07 04:00:00,109.86,blend,0.554,98.2216,0.0,75.1134,75.1134,91.0679,107.1074,23.5336,25.1064,388
2016-06-07 05:00:00,101.73,blend,0.554,110.0509,0.0,123.6731,123.6731,105.5974,115.5827,23.5288,25.1407,389
2016-06-07 06:00:00,92.04,blend,0.554,115.7099,0.0,88.6943,88.6943,115.1134,116.4508,23.6262,25.211,390
2016-06-07 07:00:00,128.17,blend,0.554,117.1967,0.0,102.8672,102.8672,117.7493,116.5103,23.6616,25.2768,391
2016-06-07 08:00:00,161.49,blend,0.554,117.731,0.0,99.3264,99.3264,118.7184,116.5044,23.7226,25.3549,392
2016-06-07 09:00:00,179.03,blend,0.554,118.2275,0.0,112.7144,112.7144,119.544,116.5923,23.7471,25.3877,393
2016-06-07 10:00:00,184.42,blend,0.554,118.476,0.0,132.7959,132.7959,119.9503,116.6448,23.7922,25.4369,394
2016-06-07 11:00:00,180.27,blend,0.554,118.5753,0.0,111.5153,111.5153,120.1226,116.6533,23.8329,25.4803,395
2016-06-07 12:00:00,185.21,blend,0.554,118.6067,0.0,122.3248,122.3248,120.1803,116.652,23.8367,25.4862,396
2016-06-07 13:00:00,161.13,blend,0.554,118.6029,0.0,126.7779,126.7779,120.1796,116.6445,23.7522,25.4035,397
2016-06-07 14:00:00,164.95,blend,0.554,118.5742,0.0,107.8832,107.8832,120.135,116.6354,23.6529,25.3061,398
2016-06-07 15:00:00,159.16,blend,0.554,118.4863,0.0,141.3387,141.3387,119.9958,116.6114,23.5318,25.1871,399
2016-06-07 16:00:00,141.56,blend,0.554,118.3437,0.0,111.9143,111.9143,119.763,116.5806,23.3988,25.0561,400
2016-06-07 17:00:00,142.33,blend,0.554,118.0643,0.0,110.4239,110.4239,119.3004,116.5289,23.2942,24.9537,401
2016-06-07 18:00:00,88.82,blend,0.554,117.4111,0.0,142.5784,142.5784,118.2392,116.3825,23.2954,24.9529,402
2016-06-07 19:00:00,81.78,blend,0.554,114.2071,0.0,131.9356,131.9356,113.7969,114.7165,23.2855,24.9445,403
2016-06-07 20:00:00,79.38,blend,0.554,102.8428,0.0,77.091,77.091,99.7052,106.7401,23.2538,24.9202,404
2016-06-07 21:00:00,79.91,blend,0.554,86.5058,0.0,103.2536,103.2536,86.4992,86.514,23.1625,24.8569,405
2016-06-07 22:00:00,77.89,blend,0.554,81.4805,0.0,88.9933,88.9933,79.5156,83.9212,23.0277,24.7735,406
2016-06-07 23:00:00,65.13,blend,0.554,82.0576,0.0,71.1284,71.1284,75.9562,89.6364,22.97,24.7987,407
2016-06-08 00:00:00,59.68,blend,0.554,83.1221,0.0,81.6095,81.6095,75.4485,92.6537,22.9691,24.8934,408
2016-06-08 01:00:00,58.88,blend,0.554,79.6368,0.0,63.4206,63.4206,73.9535,86.696,22.9746,24.961,409
2016-06-08 02:00:00,58.71,blend,0.554,80.3107,0.0,76.7168,76.7168,74.9512,86.9677,22.9791,24.9954,410
2016-06-08 03:00:00,58.54,blend,0.554,87.0748,0.0,72.8214,72.8214,80.072,95.7733,22.987,25.0241,411
2016-06-08 04:00:00,87.21,blend,0.554,96.4591,0.0,90.495,90.495,89.0661,105.6422,22.8846,25.1198,412
2016-06-08 05:00:00,82.62,blend,0.554,110.1653,0.0,109.1392,109.1392,105.5506,115.8974,23.0053,25.2262,413
2016-06-08 06:00:00,76.9,blend,0.554,115.5217,0.0,117.1492,117.1492,114.8194,116.3941,23.1939,25.3981,414
2016-06-08 07:00:00,112.36,blend,0.554,117.0383,0.0,100.4702,100.4702,117.5657,116.3832,23.1638,25.3572,415
2016-06-08 08:00:00,134.12,blend,0.554,117.7445,0.0,118.3729,118.3729,118.7753,116.4642,22.9788,25.1717,416
2016-06-08 09:00:00,146.04,blend,0.554,118.2234,0.0,121.5838,121.5838,119.5565,116.5676,22.7413,24.9333,417
2016-06-08 10:00:00,143.17,blend,0.554,118.3831,0.0,128.4184,128.4184,119.8105,116.6102,22.4665,24.6575,418
2016-06-08 11:00:00,143.37,blend,0.554,118.4298,0.0,120.6127,120.6127,119.8931,116.6123,22.2811,24.471,419
2016-06-08 12:00:00,139.45,blend,0.554,118.3784,0.0,120.2559,120.2559,119.8162,116.5925,22.0805,24.2686,420
2016-06-08 13:00:00,132.43,blend,0.554,118.2471,0.0,116.3101,116.3101,119.6037,116.5621,21.8595,24.0449,421
2016-06-08 14:00:00,130.43,blend,0.554,117.9757,0.0,112.0376,112.0376,119.1591,116.5058,21.5786,23.7592,422
2016-06-08 15:00:00,128.12,blend,0.554,117.4354,0.0,97.727,97.727,118.2626,116.4078,21.2839,23.4559,423
2016-06-08 16:00:00,120.23,blend,0.554,116.1795,0.0,111.5229,111.5229,116.2663,116.0716,21.0711,23.2258,424
2016-06-08 17:00:00,116.06,blend,0.554,113.4692,0.0,113.4217,113.4217,111.8265,115.5097,20.9463,23.0626,425
2016-06-08 18:00:00,78.94,blend,0.554,108.7883,0.0,93.7847,93.7847,104.6925,113.8758,20.9359,23.1182,426
2016-06-08 19:00:00,69.6,blend,0.554,91.1259,0.0,107.9561,107.9561,89.293,93.4027,20.8544,23.0566,427
2016-06-08 20:00:00,64.84,blend,0.554,76.943,0.0,65.7553,65.7553,76.3169,77.7207,20.7677,22.9479,428
2016-06-08 21:00:00,64.21,blend,0.554,68.3363,0.0,65.2252,65.2252,69.3485,67.0791,20.6929,22.8694,429
2016-06-08 22:00:00,64.82,blend,0.554,65.0536,0.0,73.7017,73.7017,65.7828,64.1479,20.5776,22.764,430
2016-06-08 23:00:00,54.41,blend,0.554,64.3836,0.0,69.175,69.175,64.6495,64.0532,20.5376,22.7068,431
2016-06-09 00:00:00,52.7,blend,0.554,64.888,0.0,61.2825,61.2825,64.6894,65.1346,20.5272,22.6728,432
2016-06-09 01:00:00,52.91,blend,0.554,65.0539,0.0,65.2456,65.2456,64.6583,65.5454,20.518,22.6324,433
2016-06-09 02:00:00,53.05,blend,0.554,66.8052,0.0,68.4164,68.4164,66.8768,66.7163,20.5112,22.5753,434
2016-06-09 03:00:00,53.11,blend,0.554,71.8038,0.0,62.9068,62.9068,72.7846,70.5855,20.5129,22.5012,435
2016-06-09 04:00:00,66.28,blend,0.554,80.6809,0.0,81.6404,81.6404,82.8352,78.005,20.5151,22.5624,436
2016-06-09 05:00:00,71.84,blend,0.554,104.7284,0.0,88.8936,88.8936,101.1509,109.1721,20.685,22.6932,437
2016-06-09 06:00:00,66.23,blend,0.554,112.1287,0.0,118.7002,118.7002,109.8154,115.0021,20.8737,22.8913,438
2016-06-09 07:00:00,91.17,blend,0.554,114.1187,0.0,131.0895,131.0895,113.2682,115.1752,20.9841,23.0178,439
2016-06-09 08:00:00,110.82,blend,0.554,115.7119,0.0,131.7732,131.7732,115.5236,115.9458,20.8615,22.8837,440
2016-06-09 09:00:00,129.25,blend,0.554,116.6178,0.0,115.2613,115.2613,116.9082,116.257,20.7647,22.7732,441
2016-06-09 10:00:00,132.46,blend,0.554,116.6842,0.0,120.4059,120.4059,116.9557,116.3469,20.6815,22.6749,442
2016-06-09 11:00:00,143.63,blend,0.554,116.7649,0.0,128.5957,128.5957,117.0284,116.4376,20.6475,22.6257,443
2016-06-09 12:00:00,144.8,blend,0.554,116.7079,0.0,115.3281,115.3281,116.9164,116.449,20.6227,22.5856,444
2016-06-09 13:00:00,142.69,blend,0.554,116.676,0.0,105.0433,105.0433,116.914,116.3804,20.5684,22.5175,445
2016-06-09 14:00:00,144.76,blend,0.554,116.5388,0.0,140.9259,140.9259,116.6922,116.3484,20.4902,22.4263,446
2016-06-09 15:00:00,141.34,blend,0.554,116.0969,0.0,112.6755,112.6755,115.9936,116.2252,20.3685,22.2909,447
2016-06-09 16:00:00,134.5,blend,0.554,115.3817,0.0,111.223,111.223,114.7878,116.1194,20.2335,22.1397,448
2016-06-09 17:00:00,129.89,blend,0.554,113.893,0.0,100.6584,100.6584,112.4221,115.7201,20.1978,22.083,449
2016-06-09 18:00:00,80.87,blend,0.554,111.0795,0.0,108.7006,108.7006,107.9644,114.949,20.1953,22.1123,450
2016-06-09 19:00:00,71.41,blend,0.554,97.2636,0.0,105.9245,105.9245,95.6474,99.2711,20.1773,22.0898,451
2016-06-09 20:00:00,66.88,blend,0.554,78.6154,0.0,81.3927,81.3927,79.6126,77.3769,20.1886,22.0857,452
2016-06-09 21:00:00,65.22,blend,0.554,67.489,0.0,71.5924,71.5924,70.3056,63.9903,20.1597,22.0757,453
2016-06-09 22:00:00,65.78,blend,0.554,63.9789,0.0,71.0174,71.0174,66.0645,61.3883,20.0752,22.044,454
2016-06-09 23:00:00,59.53,blend,0.554,63.8092,0.0,65.0174,65.0174,64.8504,62.516,20.0257,21.9912,455
2016-06-10 00:00:00,54.49,blend,0.554,64.7692,0.0,70.7261,70.7261,65.3304,64.0721,20.0227,21.987,456
2016-06-10 01:00:00,54.29,blend,0.554,67.434,0.0,70.2548,70.2548,66.9876,67.9885,20.0335,21.9932,457
2016-06-10 02:00:00,54.56,blend,0.554,69.9959,0.0,73.0695,73.0695,69.9373,70.0687,20.05,21.9901,458
2016-06-10 03:00:00,55.14,blend,0.554,74.1285,0.0,71.6227,71.6227,75.6256,72.2688,20.0748,21.9642,459
2016-06-10 04:00:00,81.62,blend,0.554,82.6608,0.0,72.0309,72.0309,84.5386,80.3284,19.9718,21.894,460
2016-06-10 05:00:00,83.51,blend,0.554,105.6153,0.0,104.7301,104.7301,100.478,111.9965,20.0199,21.9916,461
2016-06-10 06:00:00,76.65,blend,0.554,113.532,0.0,100.9734,100.9734,111.5212,116.0296,20.219,22.1712,462
2016-06-10 07:00:00,110.36,blend,0.554,115.7206,0.0,119.7601,119.7601,115.4524,116.0538,20.2021,22.1639,463
2016-06-10 08:00:00,132.55,blend,0.554,116.4681,0.0,111.4438,111.4438,116.734,116.1379,20.1047,22.0614,464
2016-06-10 09:00:00,142.36,blend,0.554,117.161,0.0,107.9484,107.9484,117.7648,116.411,19.9687,21.9193,465
2016-06-10 10:00:00,140.03,blend,0.554,117.4776,0.0,120.7296,120.7296,118.2239,116.5505,19.8023,21.7469,466
2016-06-10 11:00:00,140.07,blend,0.554,117.5361,0.0,111.1385,111.1385,118.3226,116.5593,19.6051,21.5434,467
2016-06-10 12:00:00,144.88,blend,0.554,117.4319,0.0,115.0344,115.0344,118.1618,116.5253,19.4323,21.3633,468
2016-06-10 13:00:00,135.0,blend,0.554,117.1689,0.0,124.3353,124.3353,117.7371,116.4631,19.1815,21.1033,469
2016-06-10 14:00:00,138.94,blend,0.554,116.82,0.0,96.513,96.513,117.1387,116.4241,18.9713,20.8812,470
2016-06-10 15:00:00,138.87,blend,0.554,116.0318,0.0,98.0161,98.0161,115.8554,116.2511,18.8214,20.7137,471
2016-06-10 16:00:00,132.81,blend,0.554,114.6656,0.0,107.2847,107.2847,113.6921,115.8748,18.8206,20.687,472
2016-06-10 17:00:00,118.95,blend,0.554,112.482,0.0,125.2852,125.2852,110.1372,115.3946,18.8376,20.6642,473
2016-06-10 18:00:00,71.33,blend,0.554,109.1007,0.0,87.7762,87.7762,104.9845,114.2136,18.8123,20.6826,474
2016-06-10 19:00:00,65.45,blend,0.554,91.2439,0.0,100.3511,100.3511,90.6843,91.9391,18.78,20.6191,475
2016-06-10 20:00:00,68.87,blend,0.554,73.5369,0.0,73.2427,73.2427,75.7397,70.8007,18.7322,20.5539,476
2016-06-10 21:00:00,62.75,blend,0.554,65.5372,0.0,60.6419,60.6419,68.2165,62.2091,18.7074,20.5435,477
2016-06-10 22:00:00,62.74,blend,0.554,63.5866,0.0,51.447,51.447,65.6426,61.0328,18.6558,20.5115,478
2016-06-10 23:00:00,56.88,blend,0.554,63.6215,0.0,63.6279,63.6279,64.3129,62.7627,18.6135,20.4672,479
2016-06-11 00:00:00,50.72,blend,0.554,63.913,0.0,60.7348,60.7348,64.2372,63.5104,18.6143,20.459,480
2016-06-11 01:00:00,50.69,blend,0.554,63.1545,0.0,50.6322,50.6322,63.0945,63.229,18.6146,20.4534,481
2016-06-11 02:00:00,50.53,blend,0.554,63.3195,0.0,67.5953,67.5953,62.4741,64.3696,18.615,20.454,482
2016-06-11 03:00:00,50.23,blend,0.554,64.3281,0.0,67.9071,67.9071,63.0668,65.8948,18.6138,20.4497,483
2016-06-11 04:00:00,86.67,blend,0.554,66.3539,0.0,58.8548,58.8548,64.7363,68.3631,18.6096,20.4535,484
2016-06-11 05:00:00,85.74,blend,0.554,72.4837,0.0,68.8703,68.8703,69.0773,76.7148,18.5956,20.4453,485
2016-06-11 06:00:00,83.47,blend,0.554,83.7543,0.0,66.3342,66.3342,77.6396,91.3494,18.5477,20.1152,486
2016-06-11 07:00:00,94.2,blend,0.554,96.3234,0.0,83.9432,83.9432,85.7023,109.516,18.5935,19.8035,487
2016-06-11 08:00:00,99.84,blend,0.554,99.8518,0.0,89.1298,89.1298,90.2088,111.8297,18.6276,19.6884,488
2016-06-11 09:00:00,103.09,blend,0.554,98.7717,0.0,101.9583,101.9583,90.8056,108.6666,18.6729,19.6726,489
2016-06-11 10:00:00,108.01,blend,0.554,98.0752,0.0,96.6192,96.6192,89.3117,108.9604,18.7835,19.5925,490
2016-06-11 11:00:00,111.91,blend,0.554,97.9111,0.0,81.3686,81.3686,87.5249,110.8122,18.8799,19.5632,491
2016-06-11 12:00:00,111.23,blend,0.554,97.2748,0.0,84.8901,84.8901,86.1412,111.104,18.9482,19.5507,492
2016-06-11 13:00:00,124.85,blend,0.554,96.0951,0.0,92.9609,92.9609,84.7877,110.1403,19.0565,19.5722,493
2016-06-11 14:00:00,130.56,blend,0.554,94.0049,0.0,74.9006,74.9006,83.2297,107.3891,19.2262,19.6705,494
2016-06-11 15:00:00,135.69,blend,0.554,93.131,0.0,85.6886,85.6886,82.7011,106.0862,19.3887,19.7718,495
2016-06-11 16:00:00,140.46,blend,0.554,92.9314,0.0,84.1782,84.1782,82.3786,106.0393,19.5474,19.8518,496
2016-06-11 17:00:00,133.87,blend,0.554,92.6301,0.0,84.8746,84.8746,82.2188,105.5621,19.6251,19.8298,497
2016-06-11 18:00:00,78.26,blend,0.554,92.021,0.0,84.1928,84.1928,81.8602,104.6418,19.6443,19.9514,498
2016-06-11 19:00:00,74.97,blend,0.554,80.1911,0.0,71.6177,71.6177,78.3316,82.5007,19.6504,19.9678,499
2016-06-11 20:00:00,76.94,blend,0.554,70.114,0.0,71.513,71.513,71.2021,68.7625,19.6525,19.9945,500
2016-06-11 21:00:00,69.42,blend,0.554,64.7898,0.0,62.441,62.441,65.9346,63.3678,19.6501,20.0171,501
2016-06-11 22:00:00,69.76,blend,0.554,63.1766,0.0,65.8391,65.8391,63.1467,63.2138,19.6779,20.0513,502
2016-06-11 23:00:00,58.49,blend,0.554,62.4243,0.0,63.5266,63.5266,61.1335,64.0276,19.6616,20.0275,503
2016-06-12 00:00:00,54.76,blend,0.5046,62.3253,0.0,58.3566,58.3566,59.8875,64.808,19.6638,20.0262,504
2016-06-12 01:00:00,53.9,blend,0.5046,62.561,0.0,59.8123,59.8123,59.1083,66.0773,19.6677,20.029,505
2016-06-12 02:00:00,53.97,blend,0.5046,62.885,0.0,63.5167,63.5167,58.8153,67.0297,19.6686,20.0314,506
2016-06-12 03:00:00,53.17,blend,0.5046,63.8586,0.0,71.5175,71.5175,59.5067,68.2907,19.6776,20.042,507
2016-06-12 04:00:00,107.65,blend,0.5046,48.6574,0.0,67.0674,67.0674,61.6518,35.4235,19.7606,20.2084,508
2016-06-12 05:00:00,107.8,blend,0.5046,33.3576,0.0,75.2341,75.2341,66.0507,0.0619,19.8259,20.7031,509
2016-06-12 06:00:00,96.06,blend,0.5046,39.1175,0.0,86.6182,86.6182,77.4632,0.0649,19.7803,21.1785,510
2016-06-12 07:00:00,106.93,blend,0.5046,44.8248,0.0,90.9316,90.9316,88.7679,0.0717,19.7835,21.7967,511
2016-06-12 08:00:00,119.24,blend,0.5046,47.8416,0.0,107.8382,107.8382,94.743,0.0755,19.8616,22.4838,512
2016-06-12 09:00:00,130.21,blend,0.5046,49.092,0.0,89.1284,89.1284,97.2187,0.0782,19.9836,23.2542,513
2016-06-12 10:00:00,141.07,blend,0.5046,49.7038,0.0,97.4643,97.4643,98.4294,0.08,20.1232,24.0501,514
2016-06-12 11:00:00,133.19,blend,0.5046,50.6169,0.0,108.7614,108.7614,100.2253,0.0941,20.2059,24.8045,515
2016-06-12 12:00:00,142.92,blend,0.5046,105.614,0.0,96.5693,96.5693,101.7901,109.5083,20.3042,24.9309,516
2016-06-12 13:00:00,130.68,blend,0.5046,108.413,0.0,89.0405,89.0405,101.944,115.0013,20.2981,24.9095,517
2016-06-12 14:00:00,137.21,blend,0.5046,108.2416,0.0,95.8144,95.8144,102.018,114.5799,20.3081,24.8933,518
2016-06-12 15:00:00,127.76,blend,0.5046,106.2722,0.0,117.0642,117.0642,99.9415,112.7197,20.1935,24.7427,519
2016-06-12 16:00:00,124.99,blend,0.5046,104.4964,0.0,113.0746,113.0746,97.4918,111.63,20.1054,24.6136,520
2016-06-12 17:00:00,122.97,blend,0.5046,100.5291,0.0,95.3196,95.3196,93.2195,107.9734,20.0773,24.5412,521
2016-06-12 18:00:00,74.41,blend,0.5046,94.5765,0.0,102.8074,102.8074,88.3079,100.9605,20.1344,24.63,522
2016-06-12 19:00:00,64.8,blend,0.5046,81.199,0.0,85.2904,85.2904,81.6405,80.7493,20.2168,24.6891,523
2016-06-12 20:00:00,63.87,blend,0.5046,71.8025,0.0,84.6669,84.6669,73.565,70.0075,20.2501,24.7123,524
2016-06-12 21:00:00,62.81,blend,0.5046,65.7645,0.0,66.0041,66.0041,67.3733,64.1261,20.2526,24.7093,525
2016-06-12 22:00:00,65.63,blend,0.5046,63.4153,0.0,60.21,60.21,64.2847,62.5298,20.2509,24.6964,526
2016-06-12 23:00:00,54.47,blend,0.5046,62.895,0.0,62.4059,62.4059,62.6766,63.1174,20.2647,24.6841,527
2016-06-13 00:00:00,51.12,blend,0.5046,63.2353,0.0,56.4102,56.4102,62.0616,64.4307,20.2962,24.6937,528
2016-06-13 01:00:00,50.26,blend,0.5046,64.9562,0.0,72.1125,72.1125,62.8182,67.1336,20.3324,24.7136,529
2016-06-13 02:00:00,50.07,blend,0.5046,67.7712,0.0,60.4941,60.4941,65.6605,69.9209,20.371,24.7378,530
2016-06-13 03:00:00,49.79,blend,0.5046,74.2792,0.0,73.8979,73.8979,71.7554,76.8496,20.4172,24.7768,531
2016-06-13 04:00:00,79.82,blend,0.5046,83.9971,0.0,73.956,73.956,81.7177,86.3186,20.3687,24.7802,532
2016-06-13 05:00:00,80.79,blend,0.5046,104.8711,0.0,104.0047,104.0047,99.8403,109.9946,20.4621,24.8677,533
2016-06-13 06:00:00,74.24,blend,0.5046,60.4392,0.0,78.3097,78.3097,112.6513,7.2646,20.5049,25.0278,534
2016-06-13 07:00:00,102.85,blend,0.5046,75.8236,0.0,128.9085,128.9085,116.3243,34.5762,20.4891,25.3201,535
2016-06-13 08:00:00,121.12,blend,0.5046,103.0818,0.0,118.1614,118.1614,117.4373,88.4615,20.3841,25.3924,536
2016-06-13 09:00:00,132.88,blend,0.5046,115.6571,0.0,105.8445,105.8445,118.3444,112.9203,20.2271,25.2637,537
2016-06-13 10:00:00,141.84,blend,0.5046,117.3819,0.0,114.7643,114.7643,118.6746,116.0654,20.1047,25.1464,538
2016-06-13 11:00:00,136.89,blend,0.5046,117.6111,0.0,126.2819,126.2819,118.722,116.4798,19.9506,24.9905,539
2016-06-13 12:00:00,134.87,blend,0.5046,117.5817,0.0,144.0481,144.0481,118.653,116.4906,19.8221,24.8579,540
2016-06-13 13:00:00,132.07,blend,0.5046,117.3439,0.0,133.6824,133.6824,118.2199,116.4518,19.6688,24.698,541
2016-06-13 14:00:00,135.11,blend,0.5046,116.77,0.0,115.2059,115.2059,117.1957,116.3365,19.5188,24.5369,542
2016-06-13 15:00:00,135.78,blend,0.5046,115.794,0.0,126.9116,126.9116,115.4578,116.1363,19.4118,24.4116,543
2016-06-13 16:00:00,130.28,blend,0.5046,114.2023,0.0,117.4409,117.4409,112.7324,115.6993,19.3361,24.3077,544
2016-06-13 17:00:00,120.68,blend,0.5046,112.1867,0.0,124.603,124.603,108.93,115.5034,19.3142,24.2434,545
2016-06-13 18:00:00,72.24,blend,0.5046,108.738,0.0,134.0008,134.0008,102.8934,114.6903,19.2835,24.271,546
2016-06-13 19:00:00,65.81,blend,0.5046,92.5639,0.0,97.8001,97.8001,88.9345,96.2601,19.1736,24.1625,547
2016-06-13 20:00:00,63.7,blend,0.5046,73.3843,0.0,81.8715,81.8715,74.4528,72.2962,19.1025,24.068,548
2016-06-13 21:00:00,65.27,blend,0.5046,65.2452,0.0,68.7308,68.7308,67.2778,63.175,19.07,24.0688,549
2016-06-13 22:00:00,66.31,blend,0.5046,62.6145,0.0,76.81,76.81,64.0755,61.1266,19.0727,24.0895,550
2016-06-13 23:00:00,65.77,blend,0.5046,62.8648,0.0,72.23,72.23,63.4222,62.2971,19.0838,24.1021,551
2016-06-14 00:00:00,65.3,blend,0.5046,64.6086,0.0,61.4571,61.4571,64.1041,65.1224,19.0834,24.0721,552
2016-06-14 01:00:00,59.16,blend,0.5046,66.2182,0.0,55.222,55.222,66.0918,66.3469,19.1113,24.0783,553
2016-06-14 02:00:00,62.86,blend,0.5046,70.9883,0.0,68.599,68.599,70.3071,71.682,19.1295,24.067,554
2016-06-14 03:00:00,63.13,blend,0.5046,77.4851,0.0,74.0644,74.0644,76.0317,78.9653,19.1132,24.0035,555
2016-06-14 04:00:00,105.05,blend,0.5046,90.2043,0.0,82.9114,82.9114,87.3129,93.149,19.1069,24.058,556
2016-06-14 05:00:00,107.29,blend,0.5046,110.174,0.0,104.7831,104.7831,104.9734,115.4705,19.0977,24.0242,557
2016-06-14 06:00:00,98.45,blend,0.5046,115.6963,0.0,118.4162,118.4162,114.9496,116.4568,19.0585,23.9861,558
2016-06-14 07:00:00,123.37,blend,0.5046,117.1142,0.0,120.3284,120.3284,117.7115,116.506,19.0302,23.9575,559
2016-06-14 08:00:00,153.9,blend,0.5046,117.6101,0.0,122.0616,122.0616,118.7804,116.4183,18.9846,23.9129,560
2016-06-14 09:00:00,147.4,blend,0.5046,118.0284,0.0,102.5242,102.5242,119.4809,116.549,18.7967,23.7248,561
2016-06-14 10:00:00,148.16,blend,0.5046,118.2369,0.0,135.9249,135.9249,119.826,116.6185,18.5816,23.5092,562
2016-06-14 11:00:00,142.23,blend,0.5046,118.2762,0.0,141.2876,141.2876,119.9019,116.6204,18.3565,23.2829,563
2016-06-14 12:00:00,143.96,blend,0.5046,118.2497,0.0,119.263,119.263,119.8718,116.5976,18.1128,23.0377,564
2016-06-14 13:00:00,135.69,blend,0.5046,118.1711,0.0,124.4057,124.4057,119.7386,116.5746,17.964,22.8867,565
2016-06-14 14:00:00,143.85,blend,0.5046,118.0046,0.0,121.2691,121.2691,119.4595,116.5229,17.8424,22.7618,566
2016-06-14 15:00:00,144.72,blend,0.5046,117.7171,0.0,117.3098,117.3098,118.9521,116.4594,17.7627,22.6767,567
2016-06-14 16:00:00,139.96,blend,0.5046,117.321,0.0,111.6613,111.6613,118.2497,116.3751,17.7622,22.6684,568
2016-06-14 17:00:00,133.83,blend,0.5046,116.6238,0.0,101.6361,101.6361,117.01,116.2306,17.7252,22.6196,569
2016-06-14 18:00:00,79.8,blend,0.5046,115.5104,0.0,119.6553,119.6553,114.8952,116.137,17.759,22.6718,570
2016-06-14 19:00:00,76.88,blend,0.5046,108.4653,0.0,113.107,113.107,105.3372,111.6511,17.7378,22.6828,571
2016-06-14 20:00:00,71.28,blend,0.5046,90.3829,0.0,91.8923,91.8923,86.6873,94.1466,17.7086,22.656,572
2016-06-14 21:00:00,65.3,blend,0.5046,74.8331,0.0,66.5188,66.5188,75.7404,73.9091,17.7315,22.668,573
2016-06-14 22:00:00,68.14,blend,0.5046,69.4717,0.0,78.499,78.499,69.6745,69.2651,17.7309,22.6388,574
2016-06-14 23:00:00,58.1,blend,0.5046,66.8492,0.0,69.7175,69.7175,66.0502,67.663,17.7138,22.5498,575
2016-06-15 00:00:00,52.81,blend,0.5046,66.4137,0.0,61.258,61.258,65.0549,67.7976,17.6928,22.4427,576
2016-06-15 01:00:00,52.98,blend,0.5046,65.2145,0.0,65.5802,65.5802,63.736,66.7201,17.6671,22.359,577
2016-06-15 02:00:00,52.79,blend,0.5046,66.0111,0.0,57.958,57.958,64.497,67.553,17.6402,22.2786,578
2016-06-15 03:00:00,53.02,blend,0.5046,70.5792,0.0,58.8498,58.8498,68.9005,72.2888,17.6065,22.1717,579
2016-06-15 04:00:00,92.56,blend,0.5046,79.1442,0.0,66.0441,66.0441,77.3819,80.9391,17.6858,22.1312,580
2016-06-15 05:00:00,93.34,blend,0.5046,105.2101,0.0,86.9669,86.9669,97.1348,113.4344,17.5719,22.0527,581
2016-06-15 06:00:00,86.14,blend,0.5046,114.4679,0.0,106.3327,106.3327,112.5673,116.4036,17.5035,21.9977,582
2016-06-15 07:00:00,115.26,blend,0.5046,116.7706,0.0,118.0273,118.0273,117.083,116.4524,17.4834,21.9809,583
2016-06-15 08:00:00,145.05,blend,0.5046,117.5378,0.0,120.8704,120.8704,118.5902,116.466,17.5495,22.0459,584
2016-06-15 09:00:00,149.0,blend,0.5046,117.9227,0.0,116.3715,116.3715,119.2937,116.5265,17.5687,22.0638,585
2016-06-15 10:00:00,149.7,blend,0.5046,118.1176,0.0,122.6739,122.6739,119.6009,116.607,17.6088,22.1027,586
2016-06-15 11:00:00,147.92,blend,0.5046,118.163,0.0,141.7988,141.7988,119.6848,116.6132,17.6371,22.1298,587
2016-06-15 12:00:00,154.42,blend,0.5046,118.1229,0.0,119.5614,119.5614,119.6311,116.5869,17.7274,22.2189,588
2016-06-15 13:00:00,155.74,blend,0.5046,118.0393,0.0,107.1015,107.1015,119.486,116.566,17.8668,22.3576,589
2016-06-15 14:00:00,164.66,blend,0.5046,117.9134,0.0,131.1972,131.1972,119.2616,116.5403,18.0699,22.5612,590
2016-06-15 15:00:00,151.19,blend,0.5046,117.7899,0.0,104.4689,104.4689,119.025,116.5321,18.2027,22.6978,591
2016-06-15 16:00:00,148.03,blend,0.5046,117.6378,0.0,137.8352,137.8352,118.7496,116.5055,18.3534,22.8607,592
2016-06-15 17:00:00,137.39,blend,0.5046,117.1383,0.0,122.8006,122.8006,117.8767,116.3863,18.4444,22.9824,593
2016-06-15 18:00:00,80.17,blend,0.5046,116.141,0.0,112.3691,112.3691,116.1397,116.1423,18.5052,22.9886,594
2016-06-15 19:00:00,79.85,blend,0.5046,110.0063,0.0,105.5403,105.5403,108.6005,111.438,18.5591,23.0349,595
2016-06-15 20:00:00,75.07,blend,0.5046,89.4607,0.0,83.3424,83.3424,89.9077,89.0055,18.5791,23.0412,596
2016-06-15 21:00:00,66.23,blend,0.5046,73.3216,0.0,84.7926,84.7926,77.5312,69.0343,18.6158,23.0408,597
2016-06-15 22:00:00,65.67,blend,0.5046,68.8708,0.0,58.2855,58.2855,71.6378,66.0527,18.6456,23.0391,598
2016-06-15 23:00:00,55.79,blend,0.5046,66.9273,0.0,77.6309,77.6309,67.8135,66.0247,18.6562,23.0426,599
2016-06-16 00:00:00,52.12,blend,0.5046,65.6384,0.0,58.6101,58.6101,66.0388,65.2307,18.6677,23.0466,600
2016-06-16 01:00:00,51.86,blend,0.5046,65.0737,0.0,75.5451,75.5451,65.0537,65.094,18.6763,23.0502,601
2016-06-16 02:00:00,51.64,blend,0.5046,66.5708,0.0,66.5226,66.5226,66.3242,66.822,18.6814,23.0592,602
2016-06-16 03:00:00,52.18,blend,0.5046,70.2606,0.0,60.3916,60.3916,70.2708,70.2503,18.672,23.0628,603
2016-06-16 04:00:00,102.35,blend,0.5046,77.6749,0.0,71.681,71.681,78.1541,77.187,18.7175,23.1427,604
2016-06-16 05:00:00,105.15,blend,0.5046,102.3847,0.0,88.9502,88.9502,95.1413,109.7617,18.6026,22.948,605
2016-06-16 06:00:00,98.98,blend,0.5046,114.2809,0.0,111.5189,111.5189,112.2226,116.3771,18.4219,22.7612,606
2016-06-16 07:00:00,122.04,blend,0.5046,116.9111,0.0,120.7954,120.7954,117.3073,116.5076,18.3186,22.6513,607
2016-06-16 08:00:00,145.53,blend,0.5046,117.696,0.0,121.9595,121.9595,118.879,116.4912,18.4492,22.7936,608
2016-06-16 09:00:00,150.97,blend,0.5046,118.0572,0.0,109.6202,109.6202,119.5383,116.5489,18.5629,22.9212,609
2016-06-16 10:00:00,161.35,blend,0.5046,118.1969,0.0,130.5141,130.5141,119.7619,116.6031,18.7181,23.0916,610
2016-06-16 11:00:00,150.32,blend,0.5046,118.2188,0.0,125.1767,125.1767,119.7981,116.6104,18.7414,23.1304,611
2016-06-16 12:00:00,158.65,blend,0.5046,118.2195,0.0,140.239,140.239,119.803,116.6068,18.8067,23.2119,612
2016-06-16 13:00:00,160.12,blend,0.5046,118.149,0.0,128.98,128.98,119.6921,116.5775,18.8939,23.3145,613
2016-06-16 14:00:00,168.85,blend,0.5046,118.055,0.0,119.5913,119.5913,119.5376,116.5451,19.0204,23.4567,614
2016-06-16 15:00:00,160.66,blend,0.5046,117.9395,0.0,117.8266,117.8266,119.3177,116.5359,19.1156,23.5698,615
2016-06-16 16:00:00,154.86,blend,0.5046,117.7727,0.0,130.6033,130.6033,119.0161,116.5064,19.2116,23.6887,616
2016-06-16 17:00:00,150.36,blend,0.5046,117.4222,0.0,103.8239,103.8239,118.4084,116.4179,19.2978,23.8064,617
2016-06-16 18:00:00,80.37,blend,0.5046,116.6676,0.0,98.0989,98.0989,117.094,116.2333,19.3551,23.817,618
2016-06-16 19:00:00,78.74,blend,0.5046,112.506,0.0,110.5704,110.5704,111.8589,113.1651,19.408,23.8561,619
2016-06-16 20:00:00,72.89,blend,0.5046,93.703,0.0,87.197,87.197,94.7738,92.6126,19.4625,23.911,620
2016-06-16 21:00:00,66.56,blend,0.5046,75.251,0.0,69.9548,69.9548,80.3326,70.0757,19.5142,23.9246,621
2016-06-16 22:00:00,65.17,blend,0.5046,66.4297,0.0,63.0944,63.0944,70.9602,61.8157,19.547,23.9185,622
2016-06-16 23:00:00,52.96,blend,0.5046,63.7712,0.0,67.27,67.27,66.1654,61.3328,19.5939,23.9505,623
2016-06-17 00:00:00,48.72,blend,0.5046,64.8803,0.0,59.9361,59.9361,64.5152,65.2521,19.6234,23.9919,624
2016-06-17 01:00:00,49.15,blend,0.5046,65.2311,0.0,62.264,62.264,64.069,66.4145,19.6366,24.0131,625
2016-06-17 02:00:00,48.71,blend,0.5046,65.5115,0.0,63.1539,63.1539,65.3698,65.6559,19.6442,24.0217,626
2016-06-17 03:00:00,48.96,blend,0.5046,69.9961,0.0,66.3609,66.3609,69.8944,70.0997,19.6469,24.0455,627
2016-06-17 04:00:00,91.38,blend,0.5046,78.106,0.0,87.1785,87.1785,77.8258,78.3914,19.7102,24.1152,628
2016-06-17 05:00:00,91.99,blend,0.5046,104.113,0.0,73.157,73.157,95.7379,112.6424,19.6315,24.0685,629
2016-06-17 06:00:00,81.51,blend,0.5046,114.2157,0.0,118.0581,118.0581,112.0376,116.4339,19.6057,24.042,630
2016-06-17 07:00:00,103.26,blend,0.5046,116.7244,0.0,107.5785,107.5785,116.9814,116.4627,19.657,24.0867,631
2016-06-17 08:00:00,132.45,blend,0.5046,117.4374,0.0,123.6002,123.6002,118.4086,116.4483,19.6465,24.0843,632
2016-06-17 09:00:00,136.23,blend,0.5046,117.7473,0.0,123.7291,123.7291,118.981,116.4908,19.6027,24.0473,633
2016-06-17 10:00:00,141.49,blend,0.5046,117.8962,0.0,135.5414,135.5414,119.19,116.5786,19.6057,24.0558,634
2016-06-17 11:00:00,142.5,blend,0.5046,117.8795,0.0,114.5269,114.5269,119.1464,116.5892,19.6153,24.0701,635
2016-06-17 12:00:00,135.79,blend,0.5046,117.7985,0.0,133.0917,133.0917,118.9975,116.5775,19.5562,24.0157,636
2016-06-17 13:00:00,123.74,blend,0.5046,117.6597,0.0,104.8228,104.8228,118.7416,116.5578,19.4832,23.9481,637
2016-06-17 14:00:00,126.44,blend,0.5046,117.2903,0.0,122.5696,122.5696,118.1021,116.4636,19.403,23.8735,638
2016-06-17 15:00:00,122.04,blend,0.5046,116.2901,0.0,113.7705,113.7705,116.3724,116.2064,19.2998,23.7736,639
2016-06-17 16:00:00,113.01,blend,0.5046,114.224,0.0,129.4459,129.4459,112.8619,115.6112,19.1869,23.6882,640
2016-06-17 17:00:00,100.58,blend,0.5046,110.1619,0.0,108.5748,108.5748,106.2269,114.1694,19.168,23.748,641
2016-06-17 18:00:00,55.72,blend,0.5046,102.6265,0.0,102.9341,102.9341,95.7149,109.6655,19.2058,23.8138,642
2016-06-17 19:00:00,51.77,blend,0.5046,77.8624,0.0,90.1883,90.1883,78.7429,76.9658,19.2161,23.8061,643
2016-06-17 20:00:00,52.73,blend,0.5046,66.018,0.0,62.9427,62.9427,68.1658,63.8307,19.2671,23.8607,644
2016-06-17 21:00:00,57.43,blend,0.5046,60.7672,0.0,63.508,63.508,62.6514,58.8483,19.2656,23.8659,645
2016-06-17 22:00:00,57.27,blend,0.5046,59.2917,0.0,56.4325,56.4325,60.5872,57.9724,19.2681,23.8599,646
2016-06-17 23:00:00,51.39,blend,0.5046,60.1175,0.0,68.5831,68.5831,60.6325,59.593,19.2789,23.8737,647
2016-06-18 00:00:00,46.9,blend,0.5046,61.4523,0.0,62.865,62.865,61.5256,61.3777,19.2855,23.8838,648
2016-06-18 01:00:00,46.51,blend,0.5046,61.3574,0.0,61.8879,61.8879,61.0338,61.6869,19.2981,23.8995,649
2016-06-18 02:00:00,46.38,blend,0.5046,61.7799,0.0,66.3954,66.3954,60.8719,62.7047,19.3132,23.9143,650
2016-06-18 03:00:00,46.62,blend,0.5046,62.653,0.0,61.7358,61.7358,61.5354,63.7912,19.3256,23.9233,651
2016-06-18 04:00:00,77.08,blend,0.5046,64.6523,0.0,63.3989,63.3989,63.2359,66.0948,19.2775,23.8797,652
2016-06-18 05:00:00,75.63,blend,0.5046,69.8615,0.0,69.2879,69.2879,67.4618,72.3054,19.2269,23.8457,653
2016-06-18 06:00:00,69.59,blend,0.5046,77.436,0.0,80.1493,80.1493,74.0382,80.8965,19.2187,23.8661,654
2016-06-18 07:00:00,84.22,blend,0.5046,86.2693,0.0,71.4503,71.4503,78.9744,93.6986,19.1993,23.8314,655
2016-06-18 08:00:00,84.66,blend,0.5046,88.8,0.0,71.1319,71.1319,80.3116,97.4449,19.1679,23.8361,656
2016-06-18 09:00:00,87.4,blend,0.5046,86.7559,0.0,76.938,76.938,78.9587,94.6968,19.145,23.8464,657
2016-06-18 10:00:00,88.98,blend,0.5046,84.2408,0.0,62.917,62.917,75.7421,92.8963,19.1125,23.864,658
2016-06-18 11:00:00,85.13,blend,0.5046,82.4546,0.0,73.6397,73.6397,72.6556,92.4343,19.0416,23.901,659
2016-06-18 12:00:00,88.05,blend,0.5046,79.18,0.0,68.2058,68.2058,69.44,89.0996,19.003,23.9065,660
2016-06-18 13:00:00,89.34,blend,0.5046,72.9012,0.0,73.7493,73.7493,65.7856,80.148,18.9048,23.8736,661
2016-06-18 14:00:00,88.15,blend,0.5046,68.9903,0.0,50.8778,50.8778,62.8599,75.2337,18.7736,23.8126,662
2016-06-18 15:00:00,88.31,blend,0.5046,66.0433,0.0,60.0154,60.0154,60.3179,71.8742,18.6248,23.7342,663
2016-06-18 16:00:00,90.83,blend,0.5046,63.3832,0.0,55.2705,55.2705,58.2882,68.5722,18.4728,23.6618,664
2016-06-18 17:00:00,91.18,blend,0.5046,61.2303,0.0,47.9224,47.9224,56.6049,65.941,18.3711,23.6435,665
2016-06-18 18:00:00,58.81,blend,0.5046,59.5229,0.0,48.1786,48.1786,55.5576,63.5613,18.3691,23.5148,666
2016-06-18 19:00:00,52.99,blend,0.5046,55.9048,0.0,49.3761,49.3761,54.6147,57.2187,18.3587,23.4951,667
2016-06-18 20:00:00,53.29,blend,0.5046,54.1348,0.0,50.0716,50.0716,53.4024,54.8807,18.3252,23.4559,668
2016-06-18 21:00:00,58.13,blend,0.5046,52.6689,0.0,47.4348,47.4348,52.0369,53.3124,18.3408,23.4486,669
2016-06-18 22:00:00,58.78,blend,0.5046,52.0145,0.0,46.6182,46.6182,51.2682,52.7745,18.3461,23.4453,670
2016-06-18 23:00:00,52.25,blend,0.5046,51.9945,0.0,58.8206,58.8206,51.1,52.9054,18.3372,23.4163,671
2016-06-19 00:00:00,47.14,transfer,1.0,51.278,0.0,51.5771,51.5771,51.278,53.2235,18.3313,23.3927,672
2016-06-19 01:00:00,46.71,transfer,1.0,51.5818,0.0,49.7437,49.7437,51.5818,54.1236,18.3293,23.3643,673
2016-06-19 02:00:00,46.5,transfer,1.0,52.0615,0.0,45.9976,45.9976,52.0615,55.0811,18.3336,23.3377,674
2016-06-19 03:00:00,46.62,transfer,1.0,53.0112,0.0,53.617,53.617,53.0112,56.0791,18.3339,23.304,675
2016-06-19 04:00:00,76.76,transfer,1.0,54.467,0.0,56.9632,56.9632,54.467,57.8449,18.1928,22.9866,676
2016-06-19 05:00:00,75.15,transfer,1.0,57.1683,0.0,62.6858,62.6858,57.1683,63.9465,18.0513,22.412,677
2016-06-19 06:00:00,72.45,transfer,1.0,61.4425,0.0,59.4721,59.4721,61.4425,70.4724,18.0062,21.8524,678
2016-06-19 07:00:00,86.42,transfer,1.0,64.8993,0.0,63.5108,63.5108,64.8993,73.8372,18.0261,21.2912,679
2016-06-19 08:00:00,83.41,transfer,1.0,66.1734,0.0,69.8232,69.8232,66.1734,75.0044,17.9829,20.632,680
2016-06-19 09:00:00,86.51,transfer,1.0,65.0774,0.0,76.1059,76.1059,65.0774,73.1439,17.9141,19.9369,681
2016-06-19 10:00:00,88.01,transfer,1.0,63.0855,0.0,66.0561,66.0561,63.0855,72.9888,17.8087,19.1871,682
2016-06-19 11:00:00,94.23,transfer,1.0,61.372,0.0,58.8564,58.8564,61.372,72.3046,17.808,18.5254,683
2016-06-19 12:00:00,95.19,transfer,1.0,60.1632,0.0,51.8904,51.8904,60.1632,70.3058,17.7717,18.4746,684
2016-06-19 13:00:00,93.57,transfer,1.0,59.4245,0.0,47.8871,47.8871,59.4245,71.8054,17.8039,18.5109,685
2016-06-19 14:00:00,95.0,transfer,1.0,58.6507,0.0,53.8245,53.8245,58.6507,70.8328,17.8108,18.52,686
2016-06-19 15:00:00,99.97,transfer,1.0,57.6714,0.0,42.1901,42.1901,57.6714,68.3035,17.897,18.619,687
2016-06-19 16:00:00,96.58,transfer,1.0,56.9302,0.0,58.567,58.567,56.9302,66.5293,17.9693,18.7183,688
2016-06-19 17:00:00,93.14,transfer,1.0,56.4783,0.0,52.3534,52.3534,56.4783,65.396,18.0105,18.7942,689
2016-06-19 18:00:00,57.89,transfer,1.0,56.0334,0.0,56.5538,56.5538,56.0334,63.5896,17.9388,18.6701,690
2016-06-19 19:00:00,53.71,transfer,1.0,54.982,0.0,58.8186,58.8186,54.982,57.0288,17.8461,18.5949,691
2016-06-19 20:00:00,55.73,transfer,1.0,53.5835,0.0,48.918,48.918,53.5835,54.5338,17.8012,18.5655,692
2016-06-19 21:00:00,61.53,transfer,1.0,52.1248,0.0,49.7841,49.7841,52.1248,53.0794,17.83,18.608,693
2016-06-19 22:00:00,59.78,transfer,1.0,51.4544,0.0,48.09,48.09,51.4544,52.786,17.8716,18.6311,694
2016-06-19 23:00:00,49.61,transfer,1.0,51.4532,0.0,63.3818,63.3818,51.4532,53.232,17.8337,18.6012,695
2016-06-20 00:00:00,47.31,transfer,1.0,51.7789,0.0,50.6118,50.6118,51.7789,53.483,17.7952,18.5587,696
2016-06-20 01:00:00,47.1,transfer,1.0,52.7871,0.0,56.524,56.524,52.7871,55.1288,17.7543,18.5061,697
2016-06-20 02:00:00,46.75,transfer,1.0,55.2583,0.0,55.9544,55.9544,55.2583,59.5343,17.7121,18.464,698
2016-06-20 03:00:00,46.69,transfer,1.0,60.0389,0.0,62.524,62.524,60.0389,64.0341,17.6608,18.4062,699
2016-06-20 04:00:00,81.82,transfer,1.0,67.8188,0.0,69.3018,69.3018,67.8188,71.5103,17.7329,18.4289,700
2016-06-20 05:00:00,79.09,transfer,1.0,82.7263,0.0,93.33,93.33,82.7263,95.4757,17.6411,18.3526,701
2016-06-20 06:00:00,78.92,transfer,1.0,101.9275,0.0,93.0466,93.0466,101.9275,111.4983,17.5494,18.1478,702
2016-06-20 07:00:00,81.9,transfer,1.0,110.3474,0.0,103.6325,103.6325,110.3474,113.4853,17.6385,17.9294,703
2016-06-20 08:00:00,87.8,transfer,1.0,114.3494,0.0,126.0559,126.0559,114.3494,114.9757,17.7747,17.8968,704
2016-06-20 09:00:00,88.26,transfer,1.0,114.6183,0.0,113.2784,113.2784,114.6183,114.4293,17.845,17.9338,705
2016-06-20 10:00:00,100.17,transfer,1.0,112.4906,0.0,98.9056,98.9056,112.4906,114.3208,17.7805,17.8646,706
2016-06-20 11:00:00,95.87,transfer,1.0,108.5096,0.0,107.7811,107.7811,108.5096,114.4918,17.7476,17.8539,707
2016-06-20 12:00:00,105.41,transfer,1.0,105.5003,0.0,98.7131,98.7131,105.5003,114.7343,17.6516,17.8,708
2016-06-20 13:00:00,101.78,transfer,1.0,101.0018,0.0,89.6902,89.6902,101.0018,114.1038,17.5738,17.7804,709
2016-06-20 14:00:00,111.02,transfer,1.0,97.0165,0.0,76.9793,76.9793,97.0165,113.0382,17.5505,17.6807,710
2016-06-20 15:00:00,112.88,transfer,1.0,92.5042,0.0,97.2061,97.2061,92.5042,112.4158,17.5508,17.5665,711
2016-06-20 16:00:00,112.23,transfer,1.0,89.1856,0.0,78.1874,78.1874,89.1856,111.6283,17.5835,17.4833,712
2016-06-20 17:00:00,108.32,transfer,1.0,85.0732,0.0,88.5966,88.5966,85.0732,109.1662,17.652,17.4575,713
2016-06-20 18:00:00,60.47,transfer,1.0,79.5321,0.0,83.578,83.578,79.5321,100.5601,17.583,17.4435,714
2016-06-20 19:00:00,55.16,transfer,1.0,70.5968,0.0,59.3095,59.3095,70.5968,70.0875,17.5372,17.3511,715
2016-06-20 20:00:00,57.86,transfer,1.0,63.2331,0.0,65.8252,65.8252,63.2331,60.4185,17.5052,17.3152,716
2016-06-20 21:00:00,63.01,transfer,1.0,59.2227,0.0,60.8694,60.8694,59.2227,56.5923,17.5158,17.3409,717
2016-06-20 22:00:00,62.93,transfer,1.0,58.2602,0.0,58.2382,58.2382,58.2602,56.8025,17.5303,17.3465,718
2016-06-20 23:00:00,54.99,transfer,1.0,58.8086,0.0,62.34,62.34,58.8086,58.7752,17.539,17.3484,719
2016-06-21 00:00:00,61.03,transfer,1.0,60.0856,0.0,64.4482,64.4482,60.0856,61.3378,17.5375,17.3491,720
2016-06-21 01:00:00,60.45,transfer,1.0,61.3806,0.0,53.8096,53.8096,61.3806,62.1297,17.5018,17.3164,721
2016-06-21 02:00:00,59.1,transfer,1.0,65.5275,0.0,68.3569,68.3569,65.5275,66.1753,17.4957,17.306,722
2016-06-21 03:00:00,59.66,transfer,1.0,72.6142,0.0,76.6164,76.6164,72.6142,72.6369,17.496,17.289,723
2016-06-21 04:00:00,99.21,transfer,1.0,83.0227,0.0,86.3574,86.3574,83.0227,82.089,17.4868,17.32,724
2016-06-21 05:00:00,102.37,transfer,1.0,100.4039,0.0,96.7515,96.7515,100.4039,111.9402,17.4847,17.3283,725
2016-06-21 06:00:00,95.5,transfer,1.0,112.1701,0.0,92.7973,92.7973,112.1701,116.1053,17.4857,17.3438,726
2016-06-21 07:00:00,106.75,transfer,1.0,115.6567,0.0,113.8655,113.8655,115.6567,116.2415,17.5051,17.3594,727
2016-06-21 08:00:00,122.06,transfer,1.0,117.0237,0.0,134.9184,134.9184,117.0237,116.3151,17.326,17.1705,728
2016-06-21 09:00:00,130.5,transfer,1.0,117.8265,0.0,110.1991,110.1991,117.8265,116.3268,17.2353,17.0712,729
2016-06-21 10:00:00,130.93,transfer,1.0,118.2003,0.0,117.6386,117.6386,118.2003,116.4119,17.1424,16.9699,730
2016-06-21 11:00:00,133.3,transfer,1.0,118.4971,0.0,112.6419,112.6419,118.4971,116.4903,17.0976,16.9175,731
2016-06-21 12:00:00,129.36,transfer,1.0,118.4614,0.0,113.3553,113.3553,118.4614,116.4544,17.0191,16.8315,732
2016-06-21 13:00:00,129.31,transfer,1.0,118.3162,0.0,120.2367,120.2367,118.3162,116.4216,16.9896,16.7944,733
2016-06-21 14:00:00,115.42,transfer,1.0,117.485,0.0,120.558,120.558,117.485,116.2538,16.8567,16.6367,734
2016-06-21 15:00:00,108.5,transfer,1.0,116.2256,0.0,113.9557,113.9557,116.2256,116.1319,16.7493,16.5139,735
2016-06-21 16:00:00,102.27,transfer,1.0,110.8772,0.0,91.5117,91.5117,110.8772,114.5704,16.6713,16.4467,736
2016-06-21 17:00:00,100.69,transfer,1.0,96.3666,0.0,100.5974,100.5974,96.3666,104.6923,16.5969,16.3658,737
2016-06-21 18:00:00,61.48,transfer,1.0,87.1581,0.0,86.5517,86.5517,87.1581,110.3062,16.5409,16.4401,738
2016-06-21 19:00:00,58.62,transfer,1.0,71.7341,0.0,73.078,73.078,71.7341,75.2381,16.4495,16.3321,739
2016-06-21 20:00:00,60.05,transfer,1.0,66.0616,0.0,58.1127,58.1127,66.0616,66.1214,16.3936,16.2321,740
2016-06-21 21:00:00,58.35,transfer,1.0,61.6429,0.0,62.7671,62.7671,61.6429,59.675,16.3511,16.1888,741
2016-06-21 22:00:00,58.23,transfer,1.0,60.2391,0.0,52.3962,52.3962,60.2391,59.7388,16.3539,16.191,742
2016-06-21 23:00:00,47.75,transfer,1.0,59.8733,0.0,55.5735,55.5735,59.8733,61.0879,16.3787,16.2135,743
2016-06-22 00:00:00,45.85,transfer,1.0,59.0164,0.0,65.3478,65.3478,59.0164,60.5513,16.3842,16.2118,744
2016-06-22 01:00:00,45.03,transfer,1.0,58.6906,0.0,63.646,63.646,58.6906,60.5115,16.4015,16.2222,745
2016-06-22 02:00:00,44.73,transfer,1.0,60.4419,0.0,56.7986,56.7986,60.4419,61.5843,16.4253,16.2346,746
2016-06-22 03:00:00,44.54,transfer,1.0,65.3582,0.0,60.8281,60.8281,65.3582,65.6752,16.4547,16.2457,747
2016-06-22 04:00:00,83.89,transfer,1.0,73.9935,0.0,65.6492,65.6492,73.9935,69.9382,16.4233,16.2596,748
2016-06-22 05:00:00,85.52,transfer,1.0,93.4521,0.0,81.5242,81.5242,93.4521,99.6396,16.4479,16.224,749
2016-06-22 06:00:00,75.82,transfer,1.0,110.7116,0.0,93.9676,93.9676,110.7116,115.3597,16.4983,16.2793,750
2016-06-22 07:00:00,92.96,transfer,1.0,115.8266,0.0,94.2739,94.2739,115.8266,116.1848,16.6236,16.4104,751
2016-06-22 08:00:00,100.77,transfer,1.0,117.3124,0.0,113.5821,113.5821,117.3124,116.1911,16.5645,16.3321,752
2016-06-22 09:00:00,100.8,transfer,1.0,117.8059,0.0,112.7397,112.7397,117.8059,115.9451,16.4889,16.2289,753
2016-06-22 10:00:00,104.56,transfer,1.0,117.3794,0.0,120.8229,120.8229,117.3794,116.0685,16.3861,16.1004,754
2016-06-22 11:00:00,102.41,transfer,1.0,116.1068,0.0,110.8783,110.8783,116.1068,116.064,16.2995,15.9954,755
2016-06-22 12:00:00,98.9,transfer,1.0,114.3203,0.0,121.3204,121.3204,114.3203,115.7256,16.1842,15.8703,756
2016-06-22 13:00:00,102.8,transfer,1.0,111.4208,0.0,124.9612,124.9612,111.4208,115.0086,16.0198,15.7098,757
2016-06-22 14:00:00,99.52,transfer,1.0,104.9872,0.0,106.229,106.229,104.9872,112.0465,15.7821,15.4979,758
2016-06-22 15:00:00,98.04,transfer,1.0,97.4458,0.0,88.6836,88.6836,97.4458,108.3735,15.5942,15.3531,759
2016-06-22 16:00:00,93.87,transfer,1.0,87.7962,0.0,88.1551,88.1551,87.7962,103.1596,15.456,15.2208,760
2016-06-22 17:00:00,93.08,transfer,1.0,79.0576,0.0,80.9529,80.9529,79.0576,93.1342,15.4233,15.0961,761
2016-06-22 18:00:00,60.82,transfer,1.0,71.5238,0.0,72.8285,72.8285,71.5238,79.6201,15.2729,14.9939,762
2016-06-22 19:00:00,57.34,transfer,1.0,63.4452,0.0,67.4325,67.4325,63.4452,61.8911,15.1382,14.8329,763
2016-06-22 20:00:00,58.98,transfer,1.0,59.8508,0.0,50.1872,50.1872,59.8508,57.0098,15.055,14.7617,764
2016-06-22 21:00:00,56.59,transfer,1.0,57.6057,0.0,58.5225,58.5225,57.6057,55.3508,14.9938,14.7524,765
2016-06-22 22:00:00,56.59,transfer,1.0,57.0941,0.0,63.2681,63.2681,57.0941,55.1708,14.9613,14.7586,766
2016-06-22 23:00:00,48.68,transfer,1.0,57.4595,0.0,58.2802,58.2802,57.4595,55.8438,14.942,14.7403,767
2016-06-23 00:00:00,44.22,transfer,1.0,58.0865,0.0,53.9767,53.9767,58.0865,56.7635,14.9416,14.7369,768
2016-06-23 01:00:00,43.71,transfer,1.0,58.8563,0.0,49.9406,49.9406,58.8563,58.5379,14.9533,14.7464,769
2016-06-23 02:00:00,43.77,transfer,1.0,60.3733,0.0,67.8216,67.8216,60.3733,59.791,14.9647,14.7514,770
2016-06-23 03:00:00,44.29,transfer,1.0,63.663,0.0,54.5488,54.5488,63.663,61.7901,14.9723,14.748,771
2016-06-23 04:00:00,82.78,transfer,1.0,69.2699,0.0,66.7345,66.7345,69.2699,64.936,14.9087,14.7044,772
2016-06-23 05:00:00,88.39,transfer,1.0,83.6676,0.0,100.0408,100.0408,83.6676,78.3007,14.8773,14.737,773
2016-06-23 06:00:00,85.39,transfer,1.0,99.2528,0.0,101.935,101.935,99.2528,97.0247,14.8809,14.7027,774
2016-06-23 07:00:00,90.09,transfer,1.0,102.2234,0.0,116.2236,116.2236,102.2234,110.0448,14.925,14.7886,775
2016-06-23 08:00:00,90.67,transfer,1.0,101.0761,0.0,105.2904,105.2904,101.0761,114.3543,14.8283,14.7567,776
2016-06-23 09:00:00,94.22,transfer,1.0,99.1993,0.0,93.1364,93.1364,99.1993,115.1244,14.6708,14.6763,777
2016-06-23 10:00:00,94.98,transfer,1.0,99.3102,0.0,103.7876,103.7876,99.3102,114.9946,14.4491,14.5291,778
2016-06-23 11:00:00,86.23,transfer,1.0,99.7855,0.0,106.3285,106.3285,99.7855,112.8619,14.3481,14.4869,779
2016-06-23 12:00:00,90.0,transfer,1.0,98.7552,0.0,103.5793,103.5793,98.7552,111.6705,14.169,14.3657,780
2016-06-23 13:00:00,92.17,transfer,1.0,94.3608,0.0,107.232,107.232,94.3608,110.1334,13.9414,14.2134,781
2016-06-23 14:00:00,95.53,transfer,1.0,88.7056,0.0,105.6702,105.6702,88.7056,105.1006,13.6885,13.959,782
2016-06-23 15:00:00,94.87,transfer,1.0,83.1653,0.0,79.6556,79.6556,83.1653,101.9782,13.512,13.7387,783
2016-06-23 16:00:00,90.82,transfer,1.0,77.8334,0.0,73.433,73.433,77.8334,95.1486,13.376,13.5362,784
2016-06-23 17:00:00,89.4,transfer,1.0,72.6482,0.0,79.4607,79.4607,72.6482,86.1345,13.2855,13.3536,785
2016-06-23 18:00:00,62.84,transfer,1.0,68.0486,0.0,74.4658,74.4658,68.0486,77.7979,13.0979,13.2291,786
2016-06-23 19:00:00,58.83,transfer,1.0,61.9312,0.0,58.0931,58.0931,61.9312,62.3551,12.9192,13.0452,787
2016-06-23 20:00:00,64.14,transfer,1.0,59.1547,0.0,67.619,67.619,59.1547,58.0535,12.8187,12.964,788
2016-06-23 21:00:00,57.62,transfer,1.0,57.4005,0.0,56.6106,56.6106,57.4005,56.5506,12.738,12.9495,789
2016-06-23 22:00:00,57.72,transfer,1.0,57.3432,0.0,60.5653,60.5653,57.3432,56.6619,12.7058,12.9358,790
2016-06-23 23:00:00,48.29,transfer,1.0,57.6099,0.0,63.1246,63.1246,57.6099,57.3962,12.6826,12.9402,791
2016-06-24 00:00:00,45.11,transfer,1.0,58.1517,0.0,60.2748,60.2748,58.1517,57.6901,12.6662,12.9166,792
2016-06-24 01:00:00,44.23,transfer,1.0,58.9097,0.0,64.0522,64.0522,58.9097,59.3594,12.6648,12.9039,793
2016-06-24 02:00:00,44.63,transfer,1.0,60.459,0.0,62.5607,62.5607,60.459,60.8022,12.6599,12.8993,794
2016-06-24 03:00:00,44.49,transfer,1.0,63.5444,0.0,70.7871,70.7871,63.5444,62.66,12.6487,12.8817,795
2016-06-24 04:00:00,74.26,transfer,1.0,68.6058,0.0,65.8671,65.8671,68.6058,64.9127,12.6017,12.86,796
2016-06-24 05:00:00,72.61,transfer,1.0,81.053,0.0,89.0856,89.0856,81.053,76.0969,12.6296,12.7578,797
2016-06-24 06:00:00,66.8,transfer,1.0,96.1337,0.0,89.2275,89.2275,96.1337,95.2572,12.6225,12.7193,798
2016-06-24 07:00:00,83.25,transfer,1.0,102.3397,0.0,101.791,101.791,102.3397,108.284,12.6545,12.7897,799
2016-06-24 08:00:00,87.97,transfer,1.0,105.0766,0.0,89.7713,89.7713,105.0766,112.6082,12.6727,12.8411,800
2016-06-24 09:00:00,90.15,transfer,1.0,105.9477,0.0,108.0594,108.0594,105.9477,111.9043,12.6641,12.8531,801
2016-06-24 10:00:00,93.17,transfer,1.0,102.4758,0.0,97.9502,97.9502,102.4758,111.7522,12.5867,12.8155,802
2016-06-24 11:00:00,102.27,transfer,1.0,97.5404,0.0,90.4836,90.4836,97.5404,111.7712,12.4759,12.7178,803
2016-06-24 12:00:00,103.98,transfer,1.0,93.5478,0.0,80.2311,80.2311,93.5478,110.8513,12.438,12.6443,804
2016-06-24 13:00:00,106.61,transfer,1.0,91.7464,0.0,93.3011,93.3011,91.7464,110.7773,12.4967,12.6264,805
2016-06-24 14:00:00,105.44,transfer,1.0,88.8049,0.0,73.5186,73.5186,88.8049,107.8308,12.5461,12.5812,806
2016-06-24 15:00:00,109.06,transfer,1.0,85.7819,0.0,91.1048,91.1048,85.7819,105.451,12.6509,12.568,807
2016-06-24 16:00:00,116.98,transfer,1.0,81.8981,0.0,76.8064,76.8064,81.8981,102.2245,12.8589,12.6403,808
2016-06-24 17:00:00,109.78,transfer,1.0,78.716,0.0,73.9742,73.9742,78.716,96.958,13.0102,12.6358,809
2016-06-24 18:00:00,66.97,transfer,1.0,76.5159,0.0,68.0178,68.0178,76.5159,93.057,12.8289,12.4699,810
2016-06-24 19:00:00,61.19,transfer,1.0,70.7088,0.0,63.3291,63.3291,70.7088,71.8485,12.725,12.3834,811
2016-06-24 20:00:00,64.4,transfer,1.0,64.8314,0.0,62.5664,62.5664,64.8314,62.7198,12.6357,12.3273,812
2016-06-24 21:00:00,57.93,transfer,1.0,61.4191,0.0,63.4187,63.4187,61.4191,58.9471,12.6254,12.3249,813
2016-06-24 22:00:00,58.51,transfer,1.0,60.4977,0.0,65.7424,65.7424,60.4977,58.6004,12.6175,12.3213,814
2016-06-24 23:00:00,46.87,transfer,1.0,60.3661,0.0,66.8824,66.8824,60.3661,59.0182,12.6428,12.3448,815
2016-06-25 00:00:00,44.7,transfer,1.0,60.9287,0.0,51.0998,51.0998,60.9287,59.238,12.6524,12.3451,816
2016-06-25 01:00:00,44.34,transfer,1.0,59.7698,0.0,64.3028,64.3028,59.7698,59.4382,12.6577,12.3447,817
2016-06-25 02:00:00,44.39,transfer,1.0,59.4774,0.0,54.0684,54.0684,59.4774,60.5232,12.6613,12.3435,818
2016-06-25 03:00:00,44.23,transfer,1.0,60.3143,0.0,64.4314,64.4314,60.3143,62.3244,12.6682,12.349,819
2016-06-25 04:00:00,81.25,transfer,1.0,61.9637,0.0,55.8983,55.8983,61.9637,63.7525,12.7006,12.3878,820
2016-06-25 05:00:00,83.01,transfer,1.0,65.8098,0.0,58.7105,58.7105,65.8098,67.5387,12.7544,12.4601,821
2016-06-25 06:00:00,77.13,transfer,1.0,73.6817,0.0,67.256,67.256,73.6817,72.9053,12.7485,12.4179,822
2016-06-25 07:00:00,85.8,transfer,1.0,80.2432,0.0,88.7729,88.7729,80.2432,80.6665,12.7503,12.3921,823
2016-06-25 08:00:00,87.74,transfer,1.0,83.449,0.0,91.0192,91.0192,83.449,86.3346,12.75,12.3243,824
2016-06-25 09:00:00,91.93,transfer,1.0,81.9954,0.0,81.7124,81.7124,81.9954,83.1554,12.7589,12.3331,825
2016-06-25 10:00:00,94.6,transfer,1.0,79.3194,0.0,85.6714,85.6714,79.3194,82.6387,12.771,12.381,826
2016-06-25 11:00:00,93.58,transfer,1.0,77.1746,0.0,54.8996,54.8996,77.1746,83.9539,12.7944,12.3949,827
2016-06-25 12:00:00,95.9,transfer,1.0,75.4663,0.0,76.1333,76.1333,75.4663,83.5769,12.8053,12.462,828
2016-06-25 13:00:00,94.31,transfer,1.0,73.1119,0.0,77.5476,77.5476,73.1119,81.1416,12.7912,12.4856,829
2016-06-25 14:00:00,97.41,transfer,1.0,70.8878,0.0,67.2617,67.2617,70.8878,78.5097,12.7986,12.5212,830
2016-06-25 15:00:00,97.92,transfer,1.0,68.2659,0.0,71.5684,71.5684,68.2659,75.5099,12.8085,12.5568,831
2016-06-25 16:00:00,100.35,transfer,1.0,65.8688,0.0,65.7534,65.7534,65.8688,72.929,12.82,12.5875,832
2016-06-25 17:00:00,100.74,transfer,1.0,63.7474,0.0,57.5618,57.5618,63.7474,70.687,12.8344,12.6162,833
2016-06-25 18:00:00,62.07,transfer,1.0,61.8471,0.0,58.8502,58.8502,61.8471,67.0999,12.8164,12.6179,834
2016-06-25 19:00:00,57.18,transfer,1.0,59.8369,0.0,58.8966,58.8966,59.8369,60.5455,12.8225,12.6127,835
2016-06-25 20:00:00,59.53,transfer,1.0,57.6082,0.0,59.2806,59.2806,57.6082,57.4376,12.8333,12.6157,836
2016-06-25 21:00:00,57.21,transfer,1.0,55.5355,0.0,51.4756,51.4756,55.5355,55.5481,12.807,12.5969,837
2016-06-25 22:00:00,56.05,transfer,1.0,54.5478,0.0,51.2288,51.2288,54.5478,55.1402,12.7712,12.5666,838
2016-06-25 23:00:00,46.27,transfer,1.0,54.0781,0.0,49.0471,49.0471,54.0781,55.5321,12.8108,12.6178,839
2016-06-26 00:00:00,43.86,blend,0.4962,54.9176,0.0,62.6789,62.6789,53.8432,55.976,12.8456,12.6537,840
2016-06-26 01:00:00,43.43,blend,0.4962,55.4496,0.0,63.897,63.897,53.8553,57.0201,12.8787,12.6905,841
2016-06-26 02:00:00,43.1,blend,0.4962,56.2134,0.0,51.0294,51.0294,54.1886,58.2081,12.9116,12.7293,842
2016-06-26 03:00:00,43.3,blend,0.4962,57.5987,0.0,70.0528,70.0528,55.2829,59.88,12.9449,12.7717,843
2016-06-26 04:00:00,73.43,blend,0.4962,59.5248,0.0,72.7771,72.7771,57.0648,61.948,12.9096,12.7275,844
2016-06-26 05:00:00,74.3,blend,0.4962,63.0835,0.0,77.055,77.055,60.516,65.6127,12.8846,12.7125,845
2016-06-26 06:00:00,69.56,blend,0.4962,68.1144,0.0,82.1549,82.1549,66.3105,69.8914,12.8384,12.7027,846
2016-06-26 07:00:00,81.57,blend,0.4962,73.7038,0.0,78.2719,78.2719,71.2159,76.1545,12.772,12.66,847
2016-06-26 08:00:00,92.34,blend,0.4962,76.029,0.0,88.1762,88.1762,73.3676,78.6507,12.7823,12.6915,848
2016-06-26 09:00:00,90.67,blend,0.4962,74.4905,0.0,69.6942,69.6942,72.3721,76.5772,12.7636,12.6958,849
2016-06-26 10:00:00,94.49,blend,0.4962,76.5037,0.0,78.9143,78.9143,71.7237,81.2123,12.7508,12.6854,850
2016-06-26 11:00:00,91.07,blend,0.4962,77.8708,0.0,91.4988,91.4988,70.3399,85.2891,12.6786,12.5893,851
2016-06-26 12:00:00,93.31,blend,0.4962,75.7389,0.0,72.1201,72.1201,68.7493,82.624,12.6163,12.5048,852
2016-06-26 13:00:00,99.72,blend,0.4962,72.9012,0.0,73.1473,73.1473,66.551,79.1565,12.6105,12.4977,853
2016-06-26 14:00:00,96.76,blend,0.4962,68.9195,0.0,81.8654,81.8654,64.4336,73.3383,12.5865,12.4932,854
2016-06-26 15:00:00,96.22,blend,0.4962,67.6272,0.0,73.7692,73.7692,62.9863,72.1987,12.5326,12.4477,855
2016-06-26 16:00:00,100.05,blend,0.4962,65.5524,0.0,74.6397,74.6397,61.5279,69.5168,12.5259,12.4506,856
2016-06-26 17:00:00,94.37,blend,0.4962,63.1891,0.0,68.072,68.072,60.0445,66.2868,12.512,12.4526,857
2016-06-26 18:00:00,58.98,blend,0.4962,61.4682,0.0,62.5501,62.5501,58.8651,64.0325,12.5016,12.4488,858
2016-06-26 19:00:00,55.08,blend,0.4962,57.5135,0.0,62.2526,62.2526,57.3926,57.6326,12.5078,12.4442,859
2016-06-26 20:00:00,55.64,blend,0.4962,55.3876,0.0,64.6959,64.6959,55.7464,55.034,12.4956,12.4407,860
2016-06-26 21:00:00,54.19,blend,0.4962,53.8987,0.0,41.1167,41.1167,54.2451,53.5574,12.44,12.3942,861
2016-06-26 22:00:00,53.92,blend,0.4962,53.3567,0.0,59.5762,59.5762,53.5838,53.133,12.3924,12.3572,862
2016-06-26 23:00:00,45.29,blend,0.4962,53.2204,0.0,46.1152,46.1152,53.4035,53.04,12.4298,12.3818,863
2016-06-27 00:00:00,43.94,blend,0.4962,53.3111,0.0,54.2009,54.2009,53.5322,53.0934,12.4602,12.3995,864
2016-06-27 01:00:00,43.27,blend,0.4962,54.9835,0.0,59.0593,59.0593,54.7534,55.2101,12.4947,12.4228,865
2016-06-27 02:00:00,43.35,blend,0.4962,58.6437,0.0,57.4157,57.4157,57.978,59.2994,12.5312,12.4416,866
2016-06-27 03:00:00,43.56,blend,0.4962,63.4163,0.0,51.6223,51.6223,63.7207,63.1165,12.5717,12.4548,867
2016-06-27 04:00:00,80.17,blend,0.4962,69.6261,0.0,50.7273,50.7273,72.536,66.7597,12.5338,12.4733,868
2016-06-27 05:00:00,79.59,blend,0.4962,87.0595,0.0,78.3061,78.3061,87.8879,86.2435,12.5616,12.4153,869
2016-06-27 06:00:00,72.56,blend,0.4962,108.6452,0.0,112.6667,112.6667,105.5264,111.7174,12.6208,12.4545,870
2016-06-27 07:00:00,81.09,blend,0.4962,113.1372,0.0,122.5736,122.5736,112.2546,114.0067,12.637,12.4624,871
2016-06-27 08:00:00,90.4,blend,0.4962,114.4904,0.0,87.3128,87.3128,113.9876,114.9856,12.6194,12.447,872
2016-06-27 09:00:00,95.47,blend,0.4962,113.7326,0.0,117.1413,117.1413,113.577,113.886,12.5703,12.4009,873
2016-06-27 10:00:00,101.16,blend,0.4962,112.9606,0.0,116.1632,116.1632,111.5982,114.3027,12.5591,12.3949,874
2016-06-27 11:00:00,98.36,blend,0.4962,112.7361,0.0,140.5973,140.5973,109.9453,115.4852,12.5528,12.386,875
2016-06-27 12:00:00,107.31,blend,0.4962,111.1112,0.0,129.1059,129.1059,107.555,114.6143,12.5537,12.3739,876
2016-06-27 13:00:00,104.29,blend,0.4962,109.1882,0.0,122.6287,122.6287,104.5685,113.739,12.5507,12.3568,877
2016-06-27 14:00:00,109.47,blend,0.4962,107.6114,0.0,116.1138,116.1138,101.8385,113.2981,12.5128,12.3676,878
2016-06-27 15:00:00,107.41,blend,0.4962,105.0048,0.0,122.0391,122.0391,97.3925,112.5033,12.4512,12.3951,879
2016-06-27 16:00:00,103.57,blend,0.4962,100.8417,0.0,89.2286,89.2286,92.4947,109.064,12.3799,12.4243,880
2016-06-27 17:00:00,98.37,blend,0.4962,95.9591,0.0,101.8509,101.8509,86.5781,105.1999,12.3117,12.4599,881
2016-06-27 18:00:00,54.27,blend,0.4962,87.0974,0.0,87.7546,87.7546,79.2017,94.8752,12.3467,12.463,882
2016-06-27 19:00:00,51.85,blend,0.4962,68.8484,0.0,59.1205,59.1205,69.3995,68.3054,12.3592,12.472,883
2016-06-27 20:00:00,55.88,blend,0.4962,60.9953,0.0,54.379,54.379,62.4664,59.5461,12.3665,12.4786,884
2016-06-27 21:00:00,59.15,blend,0.4962,57.8957,0.0,54.9651,54.9651,59.1883,56.6223,12.3442,12.4555,885
2016-06-27 22:00:00,52.31,blend,0.4962,57.7734,0.0,60.7369,60.7369,58.5383,57.0199,12.3534,12.447,886
2016-06-27 23:00:00,57.78,blend,0.4962,59.034,0.0,51.1096,51.1096,59.4911,58.5838,12.3409,12.4293,887
2016-06-28 00:00:00,51.5,blend,0.4962,59.1824,0.0,59.6822,59.6822,59.7833,58.5906,12.3846,12.4697,888
2016-06-28 01:00:00,56.93,blend,0.4962,60.6135,0.0,63.6052,63.6052,61.9946,59.253,12.4092,12.4735,889
2016-06-28 02:00:00,51.18,blend,0.4962,62.4394,0.0,61.6741,61.6741,64.2412,60.6646,12.4487,12.4878,890
2016-06-28 03:00:00,56.63,blend,0.4962,68.3826,0.0,57.9231,57.9231,70.6362,66.1626,12.4549,12.4673,891
2016-06-28 04:00:00,93.38,blend,0.4962,79.0067,0.0,47.3223,47.3223,80.8634,77.1778,12.4331,12.4619,892
2016-06-28 05:00:00,94.4,blend,0.4962,103.0258,0.0,119.9016,119.9016,99.034,106.958,12.449,12.4797,893
2016-06-28 06:00:00,84.22,blend,0.4962,113.7924,0.0,124.729,124.729,111.8105,115.7446,12.514,12.5447,894
2016-06-28 07:00:00,97.48,blend,0.4962,115.4884,0.0,125.0436,125.0436,114.932,116.0366,12.5648,12.5986,895
2016-06-28 08:00:00,106.48,blend,0.4962,115.7057,0.0,95.064,95.064,115.4863,115.9218,12.5885,12.6206,896
2016-06-28 09:00:00,113.74,blend,0.4962,115.9002,0.0,118.8475,118.8475,115.8875,115.9128,12.5258,12.5492,897
2016-06-28 10:00:00,114.95,blend,0.4962,115.8424,0.0,140.8065,140.8065,115.7054,115.9773,12.4545,12.4689,898
2016-06-28 11:00:00,121.83,blend,0.4962,115.8687,0.0,112.8182,112.8182,115.6763,116.0581,12.403,12.4032,899
2016-06-28 12:00:00,118.8,blend,0.4962,115.7175,0.0,111.1136,111.1136,115.4173,116.0131,12.3583,12.343,900
2016-06-28 13:00:00,114.56,blend,0.4962,115.5529,0.0,123.6907,123.6907,115.1547,115.9452,12.2964,12.2745,901
2016-06-28 14:00:00,124.22,blend,0.4962,114.5979,0.0,118.2113,118.2113,113.7709,115.4125,12.3463,12.3219,902
2016-06-28 15:00:00,125.07,blend,0.4962,112.562,0.0,115.7319,115.7319,110.8975,114.2017,12.3847,12.3412,903
2016-06-28 16:00:00,129.37,blend,0.4962,110.9589,0.0,110.2745,110.2745,108.0774,113.7974,12.4602,12.3607,904
2016-06-28 17:00:00,119.92,blend,0.4962,109.4462,0.0,133.9028,133.9028,104.9753,113.8502,12.5234,12.373,905
2016-06-28 18:00:00,68.21,blend,0.4962,107.0684,0.0,91.8396,91.8396,101.3502,112.7011,12.5678,12.3472,906
2016-06-28 19:00:00,56.95,blend,0.4962,86.7627,0.0,87.3603,87.3603,88.0095,85.5344,12.6746,12.4184,907
2016-06-28 20:00:00,59.39,blend,0.4962,70.0752,0.0,72.9784,72.9784,72.5646,67.623,12.7173,12.4313,908
2016-06-28 21:00:00,54.51,blend,0.4962,62.2454,0.0,61.5829,61.5829,64.5966,59.9293,12.7577,12.4557,909
2016-06-28 22:00:00,54.57,blend,0.4962,60.9479,0.0,57.8232,57.8232,62.2393,59.6758,12.7914,12.4771,910
2016-06-28 23:00:00,47.6,blend,0.4962,60.3477,0.0,54.2807,54.2807,61.2326,59.476,12.8004,12.4684,911
2016-06-29 00:00:00,41.57,blend,0.4962,59.8677,0.0,54.3955,54.3955,60.8812,58.8693,12.837,12.4838,912
2016-06-29 01:00:00,41.55,blend,0.4962,59.5676,0.0,64.6847,64.6847,60.9955,58.1611,12.8714,12.4905,913
2016-06-29 02:00:00,41.27,blend,0.4962,62.0512,0.0,62.2332,62.2332,63.6937,60.4331,12.9114,12.5043,914
2016-06-29 03:00:00,41.73,blend,0.4962,65.97,0.0,54.6015,54.6015,69.3706,62.6203,12.952,12.5028,915
2016-06-29 04:00:00,79.55,blend,0.4962,73.2651,0.0,67.6618,67.6618,79.4565,67.1662,12.8936,12.4935,916
2016-06-29 05:00:00,82.17,blend,0.4962,95.6586,0.0,118.0103,118.0103,98.9928,92.3743,12.9465,12.4702,917
2016-06-29 06:00:00,79.61,blend,0.4962,113.6465,0.0,123.1013,123.1013,112.8696,114.4119,12.9368,12.442,918
2016-06-29 07:00:00,94.9,blend,0.4962,116.0502,0.0,123.7284,123.7284,116.2645,115.8392,12.9279,12.4284,919
2016-06-29 08:00:00,106.58,blend,0.4962,116.8364,0.0,118.2488,118.2488,117.5581,116.1254,12.8948,12.3934,920
2016-06-29 09:00:00,107.05,blend,0.4962,117.0463,0.0,119.1548,119.1548,118.0767,116.0314,12.8592,12.3567,921
2016-06-29 10:00:00,112.91,blend,0.4962,116.9606,0.0,89.1174,89.1174,117.8957,116.0394,12.8125,12.3069,922
2016-06-29 11:00:00,114.07,blend,0.4962,116.6724,0.0,130.0283,130.0283,117.3177,116.0368,12.7503,12.2373,923
2016-06-29 12:00:00,107.88,blend,0.4962,116.2798,0.0,113.7336,113.7336,116.5985,115.9658,12.7105,12.1853,924
2016-06-29 13:00:00,106.4,blend,0.4962,115.5624,0.0,129.4301,129.4301,115.4409,115.6821,12.713,12.1678,925
2016-06-29 14:00:00,105.99,blend,0.4962,113.8332,0.0,106.271,106.271,112.7507,114.8996,12.7207,12.1463,926
2016-06-29 15:00:00,109.58,blend,0.4962,111.151,0.0,93.9606,93.9606,108.5158,113.7468,12.7234,12.1096,927
2016-06-29 16:00:00,106.84,blend,0.4962,106.0037,0.0,130.0592,130.0592,101.6037,110.338,12.7185,12.0751,928
2016-06-29 17:00:00,100.26,blend,0.4962,100.1048,0.0,96.9305,96.9305,93.8151,106.3006,12.6734,12.1108,929
2016-06-29 18:00:00,58.98,blend,0.4962,90.8323,0.0,89.6015,89.6015,84.6653,96.9072,12.7625,12.2246,930
2016-06-29 19:00:00,55.35,blend,0.4962,69.6152,0.0,39.1672,39.1672,70.3844,68.8576,12.8157,12.2779,931
2016-06-29 20:00:00,57.69,blend,0.4962,61.5105,0.0,55.5042,55.5042,62.9611,60.0816,12.8419,12.2804,932
2016-06-29 21:00:00,54.58,blend,0.4962,58.4093,0.0,69.7579,69.7579,59.8451,56.995,12.8672,12.2874,933
2016-06-29 22:00:00,52.96,blend,0.4962,58.0775,0.0,63.8384,63.8384,59.3152,56.8584,12.902,12.3022,934
2016-06-29 23:00:00,43.9,blend,0.4962,58.8659,0.0,53.1129,53.1129,60.126,57.6246,12.9463,12.3412,935
2016-06-30 00:00:00,41.01,blend,0.4962,59.6444,0.0,61.9558,61.9558,61.3397,57.9745,12.9848,12.3676,936
2016-06-30 01:00:00,41.26,blend,0.4962,60.0778,0.0,70.994,70.994,62.0233,58.1614,13.0182,12.3799,937
2016-06-30 02:00:00,41.28,blend,0.4962,61.8405,0.0,45.5924,45.5924,64.2936,59.424,13.0564,12.3925,938
2016-06-30 03:00:00,41.74,blend,0.4962,64.732,0.0,65.7928,65.7928,68.5782,60.9432,13.1008,12.4027,939
2016-06-30 04:00:00,74.29,blend,0.4962,69.7835,0.0,52.2173,52.2173,75.1453,64.5018,13.0255,12.3547,940
2016-06-30 05:00:00,78.09,blend,0.4962,85.7863,0.0,69.3694,69.3694,91.5668,80.0923,13.0776,12.3066,941
2016-06-30 06:00:00,69.7,blend,0.4962,107.4918,0.0,122.1634,122.1634,106.4726,108.4957,13.214,12.4683,942
2016-06-30 07:00:00,85.85,blend,0.4962,112.8839,0.0,122.6254,122.6254,111.5742,114.1741,13.2949,12.5181,943
2016-06-30 08:00:00,92.22,blend,0.4962,113.4537,0.0,116.1041,116.1041,112.7378,114.159,13.3551,12.5077,944
2016-06-30 09:00:00,100.96,blend,0.4962,113.0749,0.0,115.5897,115.5897,112.7831,113.3624,13.3958,12.4571,945
2016-06-30 10:00:00,108.16,blend,0.4962,112.3753,0.0,104.8887,104.8887,110.7738,113.9528,13.3856,12.3724,946
2016-06-30 11:00:00,100.86,blend,0.4962,112.3648,0.0,121.748,121.748,109.588,115.1001,13.3568,12.2987,947
2016-06-30 12:00:00,104.09,blend,0.4962,111.1127,0.0,128.9451,128.9451,108.0497,114.13,13.3283,12.2294,948
2016-06-30 13:00:00,106.31,blend,0.4962,108.8098,0.0,109.1464,109.1464,104.541,113.0148,13.3258,12.1624,949
2016-06-30 14:00:00,107.98,blend,0.4962,105.8687,0.0,101.4189,101.4189,100.3651,111.29,13.3305,12.1252,950
2016-06-30 15:00:00,104.75,blend,0.4962,103.334,0.0,112.5969,112.5969,96.1134,110.4466,13.3122,12.1168,951
2016-06-30 16:00:00,108.69,blend,0.4962,98.6525,0.0,81.4639,81.4639,90.3788,106.8025,13.3439,12.1022,952
2016-06-30 17:00:00,102.36,blend,0.4962,92.0357,0.0,127.1284,127.1284,83.6589,100.2874,13.3555,12.0951,953
2016-06-30 18:00:00,62.66,blend,0.4962,84.9919,0.0,93.5884,93.5884,78.2301,91.6527,13.4172,12.1787,954
2016-06-30 19:00:00,58.4,blend,0.4962,68.1586,0.0,72.261,72.261,69.0624,67.2683,13.4622,12.2105,955
2016-06-30 20:00:00,59.16,blend,0.4962,61.5015,0.0,66.9438,66.9438,63.1058,59.9211,13.456,12.1788,956
2016-06-30 21:00:00,55.49,blend,0.4962,58.5702,0.0,50.0855,50.0855,60.089,57.0741,13.4821,12.1818,957
2016-06-30 22:00:00,55.3,blend,0.4962,58.0359,0.0,66.4472,66.4472,59.2405,56.8493,13.5033,12.1848,958
2016-06-30 23:00:00,46.28,blend,0.4962,58.3838,0.0,52.5944,52.5944,59.4362,57.3471,13.5261,12.1964,959
2016-07-01 00:00:00,44.19,blend,0.4962,59.0171,0.0,58.7761,58.7761,60.2714,57.7815,13.5442,12.2025,960
2016-07-01 01:00:00,44.23,blend,0.4962,60.1626,0.0,57.6682,57.6682,61.3305,59.0122,13.5586,12.2004,961
2016-07-01 02:00:00,44.06,blend,0.4962,62.2526,0.0,56.115,56.115,63.5618,60.963,13.5805,12.2047,962
2016-07-01 03:00:00,43.99,blend,0.4962,65.667,0.0,61.3336,61.3336,67.8499,63.5167,13.6091,12.2128,963
2016-07-01 04:00:00,86.27,blend,0.4962,70.5773,0.0,61.6249,61.6249,74.5846,66.6299,13.645,12.2741,964
2016-07-01 05:00:00,86.41,blend,0.4962,81.7802,0.0,97.0949,97.0949,87.6003,76.047,13.6018,12.315,965
2016-07-01 06:00:00,80.15,blend,0.4962,104.4688,0.0,112.0683,112.0683,104.5194,104.4189,13.5723,12.2901,966
2016-07-01 07:00:00,98.49,blend,0.4962,112.2648,0.0,104.9624,104.9624,110.7409,113.7659,13.5316,12.232,967
2016-07-01 08:00:00,107.8,blend,0.4962,113.8351,0.0,118.5213,118.5213,113.0566,114.6019,13.461,12.1258,968
2016-07-01 09:00:00,110.6,blend,0.4962,114.1325,0.0,104.6443,104.6443,113.9416,114.3205,13.3869,12.0185,969
2016-07-01 10:00:00,117.25,blend,0.4962,114.3048,0.0,117.5687,117.5687,113.4091,115.1871,13.3544,11.9202,970
2016-07-01 11:00:00,122.04,blend,0.4962,114.1316,0.0,113.2063,113.2063,112.6408,115.6,13.3822,11.9019,971
2016-07-01 12:00:00,120.89,blend,0.4962,113.8758,0.0,93.9874,93.9874,112.111,115.6143,13.3723,11.8924,972
2016-07-01 13:00:00,123.03,blend,0.4962,113.2387,0.0,118.4552,118.4552,111.2258,115.2216,13.3541,11.9141,973
2016-07-01 14:00:00,125.95,blend,0.4962,111.6819,0.0,104.3964,104.3964,109.2025,114.1242,13.3548,11.9703,974
2016-07-01 15:00:00,123.16,blend,0.4962,109.7795,0.0,115.4712,115.4712,106.6399,112.8723,13.3146,12.01,975
2016-07-01 16:00:00,125.66,blend,0.4962,107.9579,0.0,109.2826,109.2826,103.488,112.3609,13.2377,12.0014,976
2016-07-01 17:00:00,112.98,blend,0.4962,105.2976,0.0,113.2359,113.2359,99.1292,111.3738,13.1353,11.9346,977
2016-07-01 18:00:00,63.99,blend,0.4962,94.5628,0.0,120.7048,120.7048,90.6422,98.4248,13.2371,11.9843,978
2016-07-01 19:00:00,59.64,blend,0.4962,77.4187,0.0,92.3821,92.3821,79.8396,75.0341,13.3007,12.0125,979
2016-07-01 20:00:00,59.03,blend,0.4962,66.2484,0.0,67.1493,67.1493,69.6791,62.8689,13.3615,12.0253,980
2016-07-01 21:00:00,56.68,blend,0.4962,61.614,0.0,62.9462,62.9462,64.3717,58.8975,13.3865,12.0325,981
2016-07-01 22:00:00,56.24,blend,0.4962,60.7125,0.0,45.4166,45.4166,62.5178,58.9342,13.412,12.048,982
2016-07-01 23:00:00,50.66,blend,0.4962,61.3046,0.0,58.4422,58.4422,62.3301,60.2945,13.4012,12.033,983
2016-07-02 00:00:00,44.42,blend,0.4962,61.9587,0.0,83.6335,83.6335,62.9484,60.9837,13.4148,12.0451,984
2016-07-02 01:00:00,43.33,blend,0.4962,62.3112,0.0,60.0883,60.0883,62.6688,61.959,13.4381,12.0661,985
2016-07-02 02:00:00,42.82,blend,0.4962,62.6132,0.0,55.0554,55.0554,62.3766,62.8462,13.4647,12.0892,986
2016-07-02 03:00:00,42.69,blend,0.4962,63.5449,0.0,65.4669,65.4669,62.9345,64.1462,13.4895,12.1093,987
2016-07-02 04:00:00,84.13,blend,0.4962,65.2223,0.0,52.9357,52.9357,64.6618,65.7745,13.4906,12.1144,988
2016-07-02 05:00:00,86.44,blend,0.4962,69.4376,0.0,78.5999,78.5999,69.1361,69.7346,13.4912,12.1217,989
2016-07-02 06:00:00,76.69,blend,0.4962,77.6088,0.0,66.8764,66.8764,78.6106,76.6218,13.4821,12.097,990
2016-07-02 07:00:00,83.03,blend,0.4962,86.6862,0.0,89.1806,89.1806,85.9532,87.4082,13.4664,12.0925,991
2016-07-02 08:00:00,93.07,blend,0.4962,91.4584,0.0,91.5119,91.5119,88.6737,94.2014,13.467,12.0908,992
2016-07-02 09:00:00,97.19,blend,0.4962,87.104,0.0,85.7664,85.7664,85.6774,88.5094,13.4764,12.0903,993
2016-07-02 10:00:00,95.67,blend,0.4962,86.789,0.0,83.1952,83.1952,83.0008,90.5206,13.4609,12.0497,994
2016-07-02 11:00:00,97.77,blend,0.4962,89.042,0.0,109.0486,109.0486,81.0902,96.8749,13.4625,11.9978,995
2016-07-02 12:00:00,92.75,blend,0.4962,86.2348,0.0,115.1921,115.1921,78.6086,93.7472,13.4251,11.9304,996
2016-07-02 13:00:00,87.88,blend,0.4962,82.0591,0.0,85.3944,85.3944,76.1446,87.8852,13.3687,11.852,997
2016-07-02 14:00:00,87.94,blend,0.4962,77.2843,0.0,87.8277,87.8277,72.7716,81.7296,13.3012,11.7765,998
2016-07-02 15:00:00,91.84,blend,0.4962,72.0116,0.0,72.8082,72.8082,69.0972,74.8824,13.26,11.744,999
2016-07-02 16:00:00,91.54,blend,0.4962,68.121,0.0,82.7388,82.7388,65.9341,70.2753,13.2072,11.7074,1000
2016-07-02 17:00:00,94.5,blend,0.4962,65.808,0.0,69.2482,69.2482,63.7114,67.8733,13.1703,11.687,1001
2016-07-02 18:00:00,54.94,blend,0.4962,63.2997,0.0,56.7129,56.7129,61.8053,64.7718,13.2098,11.7156,1002
2016-07-02 19:00:00,49.71,blend,0.4962,59.1492,0.0,56.5585,56.5585,59.6629,58.6431,13.2532,11.7487,1003
2016-07-02 20:00:00,52.66,blend,0.4962,56.5844,0.0,56.6784,56.6784,57.4886,55.6937,13.2705,11.7543,1004
2016-07-02 21:00:00,49.08,blend,0.4962,54.6682,0.0,58.1318,58.1318,55.4292,53.9185,13.2984,11.7732,1005
2016-07-02 22:00:00,49.71,blend,0.4962,54.0779,0.0,62.8507,62.8507,54.5178,53.6446,13.318,11.7912,1006
2016-07-02 23:00:00,43.84,blend,0.4962,53.8918,0.0,57.4765,57.4765,54.0735,53.7128,13.3325,11.7948,1007
2016-07-03 00:00:00,42.19,blend,0.4692,54.0513,0.0,49.8996,49.8996,53.9894,54.1059,13.3433,11.7937,1008
2016-07-03 01:00:00,42.15,blend,0.4692,54.6837,0.0,56.3454,56.3454,54.2062,55.1058,13.353,11.7899,1009
2016-07-03 02:00:00,41.98,blend,0.4692,55.6686,0.0,59.8634,59.8634,54.942,56.3109,13.3641,11.7853,1010
2016-07-03 03:00:00,42.08,blend,0.4692,57.3653,0.0,50.1859,50.1859,56.4128,58.2071,13.3781,11.7826,1011
2016-07-03 04:00:00,77.78,blend,0.4692,59.6873,0.0,58.9414,58.9414,58.6611,60.5944,13.3945,11.8165,1012
2016-07-03 05:00:00,80.77,blend,0.4692,63.1422,0.0,58.4,58.4,62.1347,64.0326,13.4234,11.8644,1013
2016-07-03 06:00:00,74.99,blend,0.4692,68.3375,0.0,62.5309,62.5309,68.5149,68.1807,13.4426,11.903,1014
2016-07-03 07:00:00,74.69,blend,0.4692,73.3294,0.0,69.7816,69.7816,74.0784,72.6674,13.3846,11.8828,1015
2016-07-03 08:00:00,78.59,blend,0.4692,77.1531,0.0,86.6255,86.6255,76.9709,77.314,13.2813,11.8089,1016
2016-07-03 09:00:00,74.6,blend,0.4692,74.6346,0.0,75.9646,75.9646,74.6385,74.6312,13.1726,11.7252,1017
2016-07-03 10:00:00,78.21,blend,0.4692,71.7143,0.0,80.4909,80.4909,71.231,72.1415,13.0787,11.6823,1018
2016-07-03 11:00:00,77.72,blend,0.4692,69.1345,0.0,71.7935,71.7935,67.9141,70.2131,13.0136,11.6926,1019
2016-07-03 12:00:00,79.38,blend,0.4692,66.6681,0.0,72.4956,72.4956,65.2182,67.9496,12.9517,11.697,1020
2016-07-03 13:00:00,81.21,blend,0.4692,64.4712,0.0,73.3603,73.3603,62.9608,65.8063,12.8629,11.6663,1021
2016-07-03 14:00:00,81.94,blend,0.4692,62.6479,0.0,75.3725,75.3725,60.9497,64.1489,12.7954,11.6328,1022
2016-07-03 15:00:00,82.89,blend,0.4692,60.9649,0.0,57.01,57.01,59.1817,62.5411,12.7387,11.6109,1023
2016-07-03 16:00:00,81.26,blend,0.4692,59.7122,0.0,59.5873,59.5873,57.7425,61.4531,12.6494,11.5471,1024
2016-07-03 17:00:00,80.05,blend,0.4692,58.5862,0.0,61.7454,61.7454,56.5169,60.4152,12.5852,11.4968,1025
2016-07-03 18:00:00,53.08,blend,0.4692,56.9755,0.0,53.8735,53.8735,55.3579,58.4052,12.5981,11.4984,1026
2016-07-03 19:00:00,49.15,blend,0.4692,54.2544,0.0,55.5047,55.5047,54.0457,54.4389,12.6134,11.5147,1027
2016-07-03 20:00:00,53.46,blend,0.4692,53.0949,0.0,48.5649,48.5649,53.0664,53.12,12.6152,11.5131,1028
2016-07-03 21:00:00,48.14,blend,0.4692,52.1409,0.0,44.6219,44.6219,52.001,52.2645,12.6378,11.5339,1029
2016-07-03 22:00:00,51.51,blend,0.4692,52.0384,0.0,48.1218,48.1218,51.6535,52.3787,12.6367,11.5344,1030
2016-07-03 23:00:00,42.95,blend,0.4692,52.1229,0.0,50.9337,50.9337,51.588,52.5956,12.6398,11.5456,1031
2016-07-04 00:00:00,41.51,blend,0.4692,52.3696,0.0,59.716,59.716,51.798,52.8749,12.6439,11.5588,1032
2016-07-04 01:00:00,41.22,blend,0.4692,53.3991,0.0,41.4244,41.4244,52.9497,53.7963,12.6454,11.5626,1033
2016-07-04 02:00:00,41.25,blend,0.4692,55.5534,0.0,45.1599,45.1599,55.6729,55.4478,12.6442,11.5522,1034
2016-07-04 03:00:00,41.28,blend,0.4692,59.5255,0.0,59.6344,59.6344,60.6445,58.5365,12.6394,11.5385,1035
2016-07-04 04:00:00,77.45,blend,0.4692,65.4417,0.0,61.368,61.368,68.2052,62.9992,12.649,11.5447,1036
2016-07-04 05:00:00,76.8,blend,0.4692,80.0652,0.0,74.4834,74.4834,82.5999,77.8248,12.6341,11.5112,1037
2016-07-04 06:00:00,68.76,blend,0.4692,101.7177,0.0,104.5175,104.5175,101.0352,102.321,12.63,11.4779,1038
2016-07-04 07:00:00,64.94,blend,0.4692,110.8405,0.0,120.0694,120.0694,109.3099,112.1934,12.7086,11.5632,1039
2016-07-04 08:00:00,67.23,blend,0.4692,111.2112,0.0,102.2347,102.2347,110.703,111.6605,12.827,11.6813,1040
2016-07-04 09:00:00,65.88,blend,0.4692,105.1124,0.0,122.1388,122.1388,106.2979,104.0646,12.9598,11.799,1041
2016-07-04 10:00:00,65.07,blend,0.4692,97.8911,0.0,126.3977,126.3977,97.0903,98.599,13.0883,11.9203,1042
2016-07-04 11:00:00,66.37,blend,0.4692,95.56,0.0,87.3889,87.3889,88.5261,101.777,13.1512,12.0292,1043
2016-07-04 12:00:00,65.91,blend,0.4692,86.0279,0.0,107.51,107.51,79.6052,91.7046,13.2313,12.1392,1044
2016-07-04 13:00:00,66.91,blend,0.4692,78.0855,0.0,87.1378,87.1378,73.9386,81.7508,13.2714,12.1713,1045
2016-07-04 14:00:00,67.82,blend,0.4692,69.3987,0.0,76.3634,76.3634,67.8966,70.7264,13.2265,12.1658,1046
2016-07-04 15:00:00,69.59,blend,0.4692,65.4536,0.0,61.3423,61.3423,64.2068,66.5557,13.1989,12.1536,1047
2016-07-04 16:00:00,70.66,blend,0.4692,60.908,0.0,47.2472,47.2472,60.2751,61.4673,13.1948,12.1756,1048
2016-07-04 17:00:00,69.23,blend,0.4692,59.0916,0.0,57.4513,57.4513,58.4487,59.6598,13.1888,12.1919,1049
2016-07-04 18:00:00,42.2,blend,0.4692,58.2784,0.0,54.0723,54.0723,57.5633,58.9104,13.1318,12.0497,1050
2016-07-04 19:00:00,39.82,blend,0.4692,54.9481,0.0,39.1044,39.1044,55.5337,54.4304,13.1209,12.0387,1051
2016-07-04 20:00:00,44.38,blend,0.4692,53.1963,0.0,43.0614,43.0614,53.8746,52.5968,13.1382,12.0658,1052
2016-07-04 21:00:00,42.14,blend,0.4692,52.5819,0.0,47.5441,47.5441,53.385,51.8721,13.2049,12.1087,1053
2016-07-04 22:00:00,42.54,blend,0.4692,52.9864,0.0,42.1979,42.1979,53.6058,52.4389,13.2337,12.1395,1054
2016-07-04 23:00:00,42.05,blend,0.4692,53.5717,0.0,46.324,46.324,54.2378,52.9829,13.296,12.1998,1055
2016-07-05 00:00:00,42.31,blend,0.4692,54.4793,0.0,54.9324,54.9324,55.222,53.8228,13.3236,12.2262,1056
2016-07-05 01:00:00,42.57,blend,0.4692,55.6241,0.0,55.2648,55.2648,56.7333,54.6438,13.3778,12.2842,1057
2016-07-05 02:00:00,42.32,blend,0.4692,58.2374,0.0,54.6875,54.6875,59.7966,56.8592,13.404,12.3143,1058
2016-07-05 03:00:00,42.6,blend,0.4692,57.8961,0.0,68.5325,68.5325,59.9001,56.1249,13.4236,12.338,1059
2016-07-05 04:00:00,86.75,blend,0.4692,63.6722,0.0,51.0404,51.0404,65.5006,62.056,13.4756,12.3886,1060
2016-07-05 05:00:00,88.68,blend,0.4692,80.0511,0.0,68.7685,68.7685,80.2338,79.8897,13.4983,12.3662,1061
2016-07-05 06:00:00,82.34,blend,0.4692,95.4476,0.0,91.8927,91.8927,95.5119,95.3908,13.4125,12.2562,1062
2016-07-05 07:00:00,93.67,blend,0.4692,110.5148,0.0,106.4055,106.4055,105.5084,114.9399,13.3791,12.2724,1063
2016-07-05 08:00:00,104.58,blend,0.4692,112.7771,0.0,124.4583,124.4583,109.9575,115.2693,13.3575,12.2798,1064
2016-07-05 09:00:00,114.93,blend,0.4692,113.6775,0.0,140.3511,140.3511,112.8254,114.4306,13.3572,12.2698,1065
2016-07-05 10:00:00,120.16,blend,0.4692,114.9719,0.0,111.3109,111.3109,114.2361,115.6222,13.388,12.2907,1066
2016-07-05 11:00:00,124.81,blend,0.4692,115.5884,0.0,100.0953,100.0953,115.1194,116.003,13.409,12.3088,1067
2016-07-05 12:00:00,124.22,blend,0.4692,115.8327,0.0,141.7415,141.7415,115.6393,116.0035,13.44,12.3411,1068
2016-07-05 13:00:00,124.48,blend,0.4692,115.5353,0.0,135.7195,135.7195,115.3607,115.6897,13.4907,12.3852,1069
2016-07-05 14:00:00,133.87,blend,0.4692,114.78,0.0,129.7203,129.7203,114.1726,115.3169,13.5458,12.4432,1070
2016-07-05 15:00:00,124.7,blend,0.4692,113.6712,0.0,99.9219,99.9219,112.4874,114.7175,13.5341,12.4379,1071
2016-07-05 16:00:00,131.21,blend,0.4692,112.4909,0.0,145.8113,145.8113,110.6357,114.1305,13.5298,12.4469,1072
2016-07-05 17:00:00,121.06,blend,0.4692,109.9143,0.0,122.4042,122.4042,106.3786,113.0395,13.5283,12.4585,1073
2016-07-05 18:00:00,69.71,blend,0.4692,106.5728,0.0,119.2405,119.2405,101.8207,110.7731,13.5221,12.4381,1074
2016-07-05 19:00:00,64.27,blend,0.4692,87.5175,0.0,93.2929,93.2929,88.312,86.8153,13.4804,12.4021,1075
2016-07-05 20:00:00,64.49,blend,0.4692,70.2976,0.0,69.3564,69.3564,73.3045,67.6399,13.4544,12.3719,1076
2016-07-05 21:00:00,63.18,blend,0.4692,62.9782,0.0,48.9403,48.9403,66.12,60.2013,13.4119,12.3574,1077
2016-07-05 22:00:00,62.08,blend,0.4692,61.2469,0.0,48.8185,48.8185,63.4738,59.2787,13.3745,12.3436,1078
2016-07-05 23:00:00,53.04,blend,0.4692,62.38,0.0,49.4541,49.4541,63.4955,61.3941,13.3556,12.3227,1079
2016-07-06 00:00:00,48.81,blend,0.4692,63.9757,0.0,55.0545,55.0545,64.8383,63.2133,13.3361,12.3054,1080
2016-07-06 01:00:00,47.91,blend,0.4692,64.7879,0.0,54.0916,54.0916,66.5906,63.1945,13.3315,12.2975,1081
2016-07-06 02:00:00,47.64,blend,0.4692,66.6157,0.0,74.9177,74.9177,70.0303,63.5976,13.3313,12.2785,1082
2016-07-06 03:00:00,47.8,blend,0.4692,71.3166,0.0,78.6004,78.6004,76.6586,66.5949,13.3386,12.266,1083
2016-07-06 04:00:00,102.54,blend,0.4692,78.2283,0.0,61.1849,61.1849,87.1411,70.3506,13.4297,12.3839,1084
2016-07-06 05:00:00,110.1,blend,0.4692,99.6251,0.0,97.1493,97.1493,104.5983,95.2295,13.3623,12.4117,1085
2016-07-06 06:00:00,99.22,blend,0.4692,115.9273,0.0,71.8515,71.8515,116.0418,115.8261,13.2644,12.3034,1086
2016-07-06 07:00:00,115.52,blend,0.4692,117.4685,0.0,88.7214,88.7214,118.5302,116.53,13.1552,12.1847,1087
2016-07-06 08:00:00,125.18,blend,0.4692,117.6411,0.0,82.1636,82.1636,119.031,116.4126,13.1264,12.1801,1088
2016-07-06 09:00:00,127.61,blend,0.4692,117.6065,0.0,87.7648,87.7648,119.1883,116.2084,13.1109,12.1945,1089
2016-07-06 10:00:00,136.79,blend,0.4692,117.5838,0.0,106.9513,106.9513,119.0506,116.2874,13.1868,12.2979,1090
2016-07-06 11:00:00,146.77,blend,0.4692,117.5093,0.0,137.0709,137.0709,118.8406,116.3327,13.3338,12.4674,1091
2016-07-06 12:00:00,133.18,blend,0.4692,117.4505,0.0,94.5382,94.5382,118.7173,116.3309,13.368,12.5195,1092
2016-07-06 13:00:00,138.06,blend,0.4692,117.3578,0.0,124.9747,124.9747,118.5388,116.314,13.4303,12.5937,1093
2016-07-06 14:00:00,126.95,blend,0.4692,116.8937,0.0,112.0377,112.0377,117.8594,116.0402,13.4442,12.6056,1094
2016-07-06 15:00:00,133.5,blend,0.4692,116.1288,0.0,106.5135,106.5135,116.8748,115.4693,13.5368,12.6882,1095
2016-07-06 16:00:00,124.08,blend,0.4692,114.4088,0.0,110.773,110.773,114.553,114.2814,13.5624,12.7257,1096
2016-07-06 17:00:00,128.71,blend,0.4692,112.4817,0.0,109.3195,109.3195,111.715,113.1595,13.6252,12.7823,1097
2016-07-06 18:00:00,72.87,blend,0.4692,108.6983,0.0,89.5464,89.5464,106.55,110.5971,13.6728,12.7811,1098
2016-07-06 19:00:00,66.83,blend,0.4692,92.9321,0.0,100.8406,100.8406,95.9471,90.2673,13.7566,12.8402,1099
2016-07-06 20:00:00,69.72,blend,0.4692,75.4303,0.0,61.4846,61.4846,80.4631,70.9819,13.7892,12.8335,1100
2016-07-06 21:00:00,63.32,blend,0.4692,66.003,0.0,66.0526,66.0526,71.1514,61.4525,13.8044,12.8302,1101
2016-07-06 22:00:00,64.13,blend,0.4692,63.6403,0.0,64.219,64.219,67.5797,60.1583,13.7871,12.8306,1102
2016-07-06 23:00:00,56.36,blend,0.4692,64.0343,0.0,50.1465,50.1465,66.4179,61.9276,13.7504,12.7821,1103
2016-07-07 00:00:00,50.13,blend,0.4692,64.7073,0.0,67.3921,67.3921,66.7978,62.8596,13.7286,12.7569,1104
2016-07-07 01:00:00,49.59,blend,0.4692,65.753,0.0,61.6617,61.6617,67.9051,63.8508,13.714,12.7412,1105
2016-07-07 02:00:00,48.04,blend,0.4692,67.7997,0.0,63.3788,63.3788,70.7729,65.1719,13.7124,12.7351,1106
2016-07-07 03:00:00,51.57,blend,0.4692,72.0383,0.0,66.3892,66.3892,76.9523,67.695,13.7037,12.7168,1107
2016-07-07 04:00:00,103.2,blend,0.4692,78.0643,0.0,68.2413,68.2413,86.1457,70.9214,13.8001,12.8507,1108
2016-07-07 05:00:00,103.64,blend,0.4692,102.8441,0.0,102.9604,102.9604,104.1368,101.7015,13.7229,12.8503,1109
2016-07-07 06:00:00,96.39,blend,0.4692,116.0414,0.0,118.7195,118.7195,115.8597,116.2019,13.6199,12.7373,1110
2016-07-07 07:00:00,103.17,blend,0.4692,117.3435,0.0,100.9161,100.9161,118.2988,116.4991,13.5568,12.648,1111
2016-07-07 08:00:00,107.64,blend,0.4692,117.4616,0.0,106.5461,106.5461,118.8208,116.2603,13.5012,12.5688,1112
2016-07-07 09:00:00,116.37,blend,0.4692,117.1943,0.0,95.3933,95.3933,118.7623,115.8085,13.4451,12.4983,1113
2016-07-07 10:00:00,115.28,blend,0.4692,117.0089,0.0,130.666,130.666,118.2525,115.9098,13.4472,12.4676,1114
2016-07-07 11:00:00,119.73,blend,0.4692,116.8439,0.0,113.354,113.354,117.7224,116.0674,13.4072,12.4046,1115
2016-07-07 12:00:00,118.54,blend,0.4692,115.9791,0.0,118.1557,118.1557,116.6455,115.3901,13.3949,12.3636,1116
2016-07-07 13:00:00,125.62,blend,0.4692,114.9956,0.0,111.5481,111.5481,115.2433,114.7766,13.4462,12.3882,1117
2016-07-07 14:00:00,136.82,blend,0.4692,114.0481,0.0,117.0982,117.0982,113.336,114.6776,13.5406,12.5003,1118
2016-07-07 15:00:00,138.97,blend,0.4692,112.6818,0.0,99.0538,99.0538,111.2519,113.9455,13.6542,12.6154,1119
2016-07-07 16:00:00,136.28,blend,0.4692,112.0765,0.0,103.1782,103.1782,109.8821,114.0161,13.7023,12.7367,1120
2016-07-07 17:00:00,129.52,blend,0.4692,110.915,0.0,122.1979,122.1979,107.7021,113.7548,13.7209,12.8182,1121
2016-07-07 18:00:00,74.47,blend,0.4692,108.1401,0.0,96.8589,96.8589,104.4353,111.4147,13.8066,12.8655,1122
2016-07-07 19:00:00,68.56,blend,0.4692,91.4469,0.0,90.5639,90.5639,94.3432,88.887,13.8966,12.9337,1123
2016-07-07 20:00:00,70.58,blend,0.4692,73.9467,0.0,77.2218,77.2218,79.781,68.7899,13.9279,12.9398,1124
2016-07-07 21:00:00,73.61,blend,0.4692,65.9194,0.0,58.7251,58.7251,71.397,61.0779,13.9137,13.005,1125
2016-07-07 22:00:00,73.9,blend,0.4692,63.5089,0.0,57.7966,57.7966,67.7595,59.7519,13.9268,13.08,1126
2016-07-07 23:00:00,60.32,blend,0.4692,64.5909,0.0,66.1292,66.1292,67.6249,61.9092,13.8919,13.0236,1127
2016-07-08 00:00:00,55.29,blend,0.4692,65.9772,0.0,52.093,52.093,68.5664,63.6887,13.8752,12.9927,1128
2016-07-08 01:00:00,54.61,blend,0.4692,66.8994,0.0,56.7485,56.7485,68.9466,65.09,13.8588,12.967,1129
2016-07-08 02:00:00,54.42,blend,0.4692,68.6345,0.0,61.0019,61.0019,70.8393,66.6858,13.8404,12.9394,1130
2016-07-08 03:00:00,59.81,blend,0.4692,72.3979,0.0,49.424,49.424,76.0961,69.1292,13.7954,12.8787,1131
2016-07-08 04:00:00,106.33,blend,0.4692,79.8058,0.0,87.3454,87.3454,85.5192,74.7559,13.8497,12.9497,1132
2016-07-08 05:00:00,109.37,blend,0.4692,104.9977,0.0,108.0457,108.0457,102.7384,106.9946,13.8821,12.9022,1133
2016-07-08 06:00:00,97.74,blend,0.4692,115.3578,0.0,118.3851,118.3851,114.3061,116.2874,13.8356,12.8681,1134
2016-07-08 07:00:00,114.38,blend,0.4692,116.8835,0.0,124.5379,124.5379,117.3369,116.4829,13.7803,12.7897,1135
2016-07-08 08:00:00,123.19,blend,0.4692,117.1293,0.0,95.1597,95.1597,118.0649,116.3024,13.7795,12.7902,1136
2016-07-08 09:00:00,128.56,blend,0.4692,117.1352,0.0,129.6474,129.6474,118.2811,116.1223,13.8208,12.8421,1137
2016-07-08 10:00:00,132.64,blend,0.4692,117.1283,0.0,107.0336,107.0336,118.1089,116.2615,13.8844,12.9273,1138
2016-07-08 11:00:00,139.95,blend,0.4692,117.0311,0.0,124.1034,124.1034,117.8297,116.3253,13.9602,13.0296,1139
2016-07-08 12:00:00,139.55,blend,0.4692,116.885,0.0,118.7682,118.7682,117.5458,116.3009,14.0389,13.1366,1140
2016-07-08 13:00:00,136.45,blend,0.4692,116.6587,0.0,106.6442,106.6442,117.1208,116.2502,14.0837,13.2104,1141
2016-07-08 14:00:00,137.33,blend,0.4692,116.3093,0.0,83.5061,83.5061,116.4176,116.2136,14.1085,13.2657,1142
2016-07-08 15:00:00,129.53,blend,0.4692,115.5723,0.0,112.6487,112.6487,115.242,115.8642,14.0952,13.2858,1143
2016-07-08 16:00:00,120.83,blend,0.4692,113.9858,0.0,101.2655,101.2655,112.6491,115.1672,14.0119,13.2403,1144
2016-07-08 17:00:00,121.72,blend,0.4692,112.1552,0.0,87.1622,87.1622,109.4864,114.5142,14.0023,13.2736,1145
2016-07-08 18:00:00,70.71,blend,0.4692,106.6794,0.0,139.6187,139.6187,103.2998,109.6665,14.0376,13.3006,1146
2016-07-08 19:00:00,69.12,blend,0.4692,88.5666,0.0,82.1439,82.1439,91.9737,85.5551,14.0534,13.3067,1147
2016-07-08 20:00:00,66.38,blend,0.4692,74.5747,0.0,71.842,71.842,79.4957,70.2253,14.0681,13.3068,1148
2016-07-08 21:00:00,65.54,blend,0.4692,67.5964,0.0,68.128,68.128,72.4018,63.3491,14.0632,13.3066,1149
2016-07-08 22:00:00,63.23,blend,0.4692,65.5226,0.0,53.856,53.856,68.9791,62.4674,14.06,13.2951,1150
2016-07-08 23:00:00,55.61,blend,0.4692,65.7813,0.0,61.9563,61.9563,67.7803,64.0145,14.063,13.2878,1151
2016-07-09 00:00:00,49.01,blend,0.4692,65.7842,0.0,65.3825,65.3825,67.2009,64.5321,14.061,13.2816,1152
2016-07-09 01:00:00,48.13,blend,0.4692,64.627,0.0,68.3867,68.3867,65.2857,64.0448,14.048,13.2655,1153
2016-07-09 02:00:00,48.47,blend,0.4692,64.2872,0.0,52.382,52.382,64.1194,64.4355,14.0247,13.2413,1154
2016-07-09 03:00:00,53.1,blend,0.4692,64.9705,0.0,70.5716,70.5716,64.3072,65.5567,13.9709,13.1877,1155
2016-07-09 04:00:00,105.31,blend,0.4692,66.0994,0.0,71.7072,71.7072,65.4825,66.6446,14.0921,13.3086,1156
2016-07-09 05:00:00,100.57,blend,0.4692,72.0037,0.0,83.823,83.823,69.6266,74.1047,14.1733,13.3667,1157
2016-07-09 06:00:00,93.6,blend,0.4692,86.917,0.0,90.312,90.312,78.9605,93.9494,14.249,13.3684,1158
2016-07-09 07:00:00,107.15,blend,0.4692,97.9669,0.0,110.6468,110.6468,85.3567,109.1126,14.3613,13.354,1159
2016-07-09 08:00:00,116.96,blend,0.4692,95.8483,0.0,88.7498,88.7498,88.0935,102.7025,14.507,13.4321,1160
2016-07-09 09:00:00,113.21,blend,0.4692,99.6393,0.0,62.6329,62.6329,88.8565,109.1698,14.5834,13.4045,1161
2016-07-09 10:00:00,116.55,blend,0.4692,100.5358,0.0,106.1814,106.1814,88.9059,110.8151,14.6726,13.408,1162
2016-07-09 11:00:00,119.22,blend,0.4692,99.2141,0.0,106.104,106.104,87.6211,109.4607,14.7614,13.4608,1163
2016-07-09 12:00:00,119.58,blend,0.4692,96.7007,0.0,98.4371,98.4371,85.7515,106.3782,14.8785,13.5334,1164
2016-07-09 13:00:00,122.65,blend,0.4692,92.8184,0.0,108.2953,108.2953,83.666,100.9078,15.0407,13.6628,1165
2016-07-09 14:00:00,121.47,blend,0.4692,87.7539,0.0,96.4414,96.4414,81.2093,93.5385,15.1901,13.7921,1166
2016-07-09 15:00:00,118.61,blend,0.4692,83.309,0.0,89.7303,89.7303,78.7276,87.3583,15.2921,13.8772,1167
2016-07-09 16:00:00,125.23,blend,0.4692,79.0497,0.0,88.1297,88.1297,75.8123,81.9111,15.4339,14.0084,1168
2016-07-09 17:00:00,122.92,blend,0.4692,78.1435,0.0,75.0775,75.0775,74.6899,81.196,15.5377,14.0983,1169
2016-07-09 18:00:00,68.96,blend,0.4692,77.4836,0.0,78.2179,78.2179,73.6166,80.9014,15.5245,14.1109,1170
2016-07-09 19:00:00,63.61,blend,0.4692,71.9376,0.0,80.955,80.955,71.3233,72.4805,15.5112,14.1105,1171
2016-07-09 20:00:00,65.5,blend,0.4692,65.9699,0.0,70.529,70.529,66.3754,65.6115,15.4877,14.0931,1172
2016-07-09 21:00:00,61.21,blend,0.4692,61.3881,0.0,55.8661,55.8661,62.0591,60.7951,15.4549,14.0668,1173
2016-07-09 22:00:00,61.72,blend,0.4692,59.8614,0.0,48.8799,48.8799,59.9872,59.7502,15.4366,14.0551,1174
2016-07-09 23:00:00,51.0,blend,0.4692,59.6246,0.0,58.1108,58.1108,58.7987,60.3547,15.4221,14.052,1175
2016-07-10 00:00:00,46.99,blend,0.4771,59.938,0.0,75.3907,75.3907,58.1836,61.5387,15.4185,14.0677,1176
2016-07-10 01:00:00,46.82,blend,0.4771,60.8102,0.0,77.2586,77.2586,57.8066,63.5506,15.4122,14.0901,1177
2016-07-10 02:00:00,45.93,blend,0.4771,61.9174,0.0,60.2085,60.2085,57.9978,65.4935,15.4068,14.1213,1178
2016-07-10 03:00:00,45.2,blend,0.4771,63.6537,0.0,69.188,69.188,59.124,67.7865,15.4044,14.1597,1179
2016-07-10 04:00:00,94.18,blend,0.4771,29.2748,0.0,0.0571,0.0571,61.2849,0.0692,15.4864,14.6176,1180
2016-07-10 05:00:00,97.27,blend,0.4771,31.2941,0.0,0.1032,0.1032,65.4672,0.1151,15.5648,15.0963,1181
2016-07-10 06:00:00,86.8,blend,0.4771,40.3956,0.0,8.3061,8.3061,74.7516,9.0497,15.598,15.5186,1182
2016-07-10 07:00:00,97.6,blend,0.4771,62.5895,0.0,41.7858,41.7858,83.6562,43.3686,15.6773,15.8293,1183
2016-07-10 08:00:00,102.75,blend,0.4771,89.5644,0.0,88.6357,88.6357,88.0995,90.9009,15.7549,15.8923,1184
2016-07-10 09:00:00,99.55,blend,0.4771,97.3181,0.0,122.6136,122.6136,89.1454,104.7748,15.8166,15.9232,1185
2016-07-10 10:00:00,101.9,blend,0.4771,96.8131,0.0,117.3133,117.3133,88.0635,104.796,15.8574,15.9043,1186
2016-07-10 11:00:00,100.45,blend,0.4771,96.3534,0.0,113.6434,113.6434,85.9516,105.844,15.8853,15.8917,1187
2016-07-10 12:00:00,104.84,blend,0.4771,94.1574,0.0,100.358,100.358,83.516,103.8665,15.928,15.8295,1188
2016-07-10 13:00:00,105.62,blend,0.4771,90.236,0.0,90.542,90.542,80.8414,98.8075,15.9668,15.7783,1189
2016-07-10 14:00:00,102.54,blend,0.4771,86.8321,0.0,87.3889,87.3889,78.1804,94.7258,15.9869,15.7189,1190
2016-07-10 15:00:00,104.09,blend,0.4771,82.3843,0.0,95.775,95.775,75.6723,88.5083,16.0149,15.6906,1191
2016-07-10 16:00:00,107.2,blend,0.4771,77.6255,0.0,88.0161,88.0161,72.7115,82.1089,16.0802,15.722,1192
2016-07-10 17:00:00,106.46,blend,0.4771,74.2257,0.0,63.5543,63.5543,70.0354,78.0489,16.157,15.7743,1193
2016-07-10 18:00:00,66.41,blend,0.4771,70.9581,0.0,75.1731,75.1731,67.6065,74.0161,16.1505,15.7878,1194
2016-07-10 19:00:00,60.1,blend,0.4771,65.2907,0.0,67.3524,67.3524,64.9435,65.6076,16.1502,15.7891,1195
2016-07-10 20:00:00,60.65,blend,0.4771,61.4132,0.0,62.3584,62.3584,61.5653,61.2743,16.1533,15.7908,1196
2016-07-10 21:00:00,57.37,blend,0.4771,58.3349,0.0,50.75,50.75,58.5206,58.1654,16.1372,15.771,1197
2016-07-10 22:00:00,57.11,blend,0.4771,57.1908,0.0,67.417,67.417,56.8528,57.4991,16.1379,15.7682,1198
2016-07-10 23:00:00,51.48,blend,0.4771,56.9135,0.0,49.886,49.886,55.9272,57.8134,16.1129,15.7484,1199
2016-07-11 00:00:00,45.14,blend,0.4771,56.921,0.0,62.8601,62.8601,55.3915,58.3165,16.1127,15.7592,1200
2016-07-11 01:00:00,44.67,blend,0.4771,58.7296,0.0,59.312,59.312,56.1417,61.0909,16.1112,15.7821,1201
2016-07-11 02:00:00,44.45,blend,0.4771,62.4019,0.0,54.165,54.165,58.4552,66.0028,16.1087,15.8259,1202
2016-07-11 03:00:00,44.47,blend,0.4771,66.4697,0.0,71.0401,71.0401,63.1526,69.4962,16.1046,15.8721,1203
2016-07-11 04:00:00,85.76,blend,0.4771,65.989,0.0,53.567,53.567,71.2307,61.2065,16.1361,15.9323,1204
2016-07-11 05:00:00,86.48,blend,0.4771,93.4307,0.0,100.533,100.533,87.4219,98.913,16.1072,16.0002,1205
2016-07-11 06:00:00,77.55,blend,0.4771,110.0241,0.0,109.9129,109.9129,106.3771,113.3516,16.0866,16.0135,1206
2016-07-11 07:00:00,87.48,blend,0.4771,114.6316,0.0,147.5273,147.5273,113.7863,115.4029,15.9791,15.8985,1207
2016-07-11 08:00:00,93.85,blend,0.4771,115.2844,0.0,117.2664,117.2664,115.566,115.0276,15.8496,15.76,1208
2016-07-11 09:00:00,100.81,blend,0.4771,114.7263,0.0,126.9749,126.9749,115.5535,113.9716,15.6968,15.6111,1209
2016-07-11 10:00:00,100.24,blend,0.4771,114.2346,0.0,104.8073,104.8073,114.2023,114.264,15.5893,15.495,1210
2016-07-11 11:00:00,103.07,blend,0.4771,113.9244,0.0,110.7623,110.7623,112.8105,114.9408,15.5154,15.3549,1211
2016-07-11 12:00:00,104.05,blend,0.4771,112.4484,0.0,94.0303,94.0303,110.4307,114.2894,15.4719,15.2623,1212
2016-07-11 13:00:00,104.18,blend,0.4771,110.7134,0.0,116.1339,116.1339,107.5785,113.5737,15.4502,15.2299,1213
2016-07-11 14:00:00,108.42,blend,0.4771,107.6853,0.0,90.9766,90.9766,103.1192,111.8514,15.4813,15.233,1214
2016-07-11 15:00:00,110.06,blend,0.4771,103.6038,0.0,99.3623,99.3623,97.4464,109.2216,15.5244,15.2199,1215
2016-07-11 16:00:00,110.98,blend,0.4771,99.6125,0.0,119.4646,119.4646,91.9217,106.6296,15.576,15.1911,1216
2016-07-11 17:00:00,101.77,blend,0.4771,95.2354,0.0,89.464,89.464,86.5475,103.1621,15.6024,15.1424,1217
2016-07-11 18:00:00,59.24,blend,0.4771,89.4109,0.0,88.829,88.829,81.6825,96.4621,15.6446,15.2645,1218
2016-07-11 19:00:00,54.74,blend,0.4771,70.8148,0.0,87.3613,87.3613,73.0316,68.7923,15.6599,15.2612,1219
2016-07-11 20:00:00,54.7,blend,0.4771,62.3524,0.0,39.095,39.095,65.8554,59.1563,15.6698,15.2388,1220
2016-07-11 21:00:00,56.28,blend,0.4771,58.7138,0.0,46.2901,46.2901,61.779,55.9171,15.6356,15.1831,1221
2016-07-11 22:00:00,55.33,blend,0.4771,57.8371,0.0,51.4144,51.4144,60.2611,55.6255,15.5991,15.1259,1222
2016-07-11 23:00:00,57.2,blend,0.4771,58.428,0.0,64.0631,64.0631,60.2278,56.7858,15.5446,15.0633,1223
2016-07-12 00:00:00,50.62,blend,0.4771,59.8466,0.0,71.0861,71.0861,61.3403,58.4837,15.5315,15.0416,1224
2016-07-12 01:00:00,50.78,blend,0.4771,61.4382,0.0,60.6411,60.6411,63.7227,59.3539,15.5243,15.0207,1225
2016-07-12 02:00:00,56.04,blend,0.4771,65.3106,0.0,70.8339,70.8339,67.7051,63.1259,15.4897,14.9764,1226
2016-07-12 03:00:00,49.85,blend,0.4771,69.1092,0.0,72.7275,72.7275,73.673,64.9453,15.5285,14.9857,1227
2016-07-12 04:00:00,96.11,blend,0.4771,79.9448,0.0,83.5154,83.5154,85.7336,74.6631,15.4638,14.9664,1228
2016-07-12 05:00:00,90.89,blend,0.4771,102.5122,0.0,111.2282,111.2282,101.9277,103.0454,15.4792,14.9864,1229
2016-07-12 06:00:00,82.44,blend,0.4771,114.3496,0.0,100.2664,100.2664,113.6677,114.9718,15.5867,15.1024,1230
2016-07-12 07:00:00,99.64,blend,0.4771,116.1443,0.0,112.706,112.706,116.3006,116.0018,15.6154,15.0732,1231
2016-07-12 08:00:00,111.52,blend,0.4771,116.2509,0.0,129.4818,129.4818,116.6341,115.9013,15.6138,15.0356,1232
2016-07-12 09:00:00,117.24,blend,0.4771,116.1651,0.0,129.3881,129.3881,116.7405,115.64,15.6043,15.0422,1233
2016-07-12 10:00:00,123.54,blend,0.4771,116.4137,0.0,94.6829,94.6829,116.7124,116.1412,15.6096,15.0592,1234
2016-07-12 11:00:00,124.16,blend,0.4771,116.3901,0.0,117.2402,117.2402,116.5475,116.2466,15.5973,15.0539,1235
2016-07-12 12:00:00,130.62,blend,0.4771,116.33,0.0,142.3106,142.3106,116.4115,116.2558,15.6308,15.0905,1236
2016-07-12 13:00:00,122.52,blend,0.4771,116.034,0.0,124.085,124.085,115.9025,116.154,15.6159,15.076,1237
2016-07-12 14:00:00,133.01,blend,0.4771,115.6085,0.0,99.4055,99.4055,115.1505,116.0263,15.6049,15.0667,1238
2016-07-12 15:00:00,123.27,blend,0.4771,114.768,0.0,123.9598,123.9598,113.5218,115.905,15.5903,15.0511,1239
2016-07-12 16:00:00,118.49,blend,0.4771,113.5812,0.0,124.0047,124.0047,111.5195,115.4622,15.5093,14.9675,1240
2016-07-12 17:00:00,113.33,blend,0.4771,111.5575,0.0,112.2531,112.2531,107.6764,115.0987,15.4555,14.9303,1241
2016-07-12 18:00:00,68.79,blend,0.4771,106.6719,0.0,114.511,114.511,100.7877,112.0405,15.4549,14.9433,1242
2016-07-12 19:00:00,62.32,blend,0.4771,85.4849,0.0,86.0664,86.0664,86.1503,84.8779,15.4536,14.9434,1243
2016-07-12 20:00:00,63.44,blend,0.4771,70.9804,0.0,74.1834,74.1834,73.1384,69.0115,15.4589,14.9578,1244
2016-07-12 21:00:00,59.39,blend,0.4771,63.285,0.0,53.1777,53.1777,66.213,60.6136,15.482,14.9473,1245
2016-07-12 22:00:00,60.25,blend,0.4771,61.1163,0.0,53.9833,53.9833,63.4641,58.9742,15.4928,14.9382,1246
2016-07-12 23:00:00,50.98,blend,0.4771,61.2321,0.0,70.6919,70.6919,62.4422,60.128,15.4988,14.943,1247
2016-07-13 00:00:00,46.82,blend,0.4771,61.7535,0.0,62.0157,62.0157,62.7527,60.8418,15.4982,14.9407,1248
2016-07-13 01:00:00,46.77,blend,0.4771,61.1991,0.0,70.2679,70.2679,62.5149,59.9986,15.4808,14.9285,1249
2016-07-13 02:00:00,46.6,blend,0.4771,62.8304,0.0,62.5388,62.5388,64.2993,61.4902,15.4529,14.9221,1250
2016-07-13 03:00:00,47.4,blend,0.4771,66.673,0.0,71.8984,71.8984,69.2711,64.3026,15.4113,14.9108,1251
2016-07-13 04:00:00,106.0,blend,0.4771,72.4022,0.0,65.7122,65.7122,77.3514,67.8867,15.4901,14.9461,1252
2016-07-13 05:00:00,102.69,blend,0.4771,98.624,0.0,81.9465,81.9465,97.2082,99.9157,15.49,14.8741,1253
2016-07-13 06:00:00,96.34,blend,0.4771,114.953,0.0,130.001,130.001,113.9343,115.8824,15.4946,14.8916,1254
2016-07-13 07:00:00,108.01,blend,0.4771,114.1699,0.0,113.5374,113.5374,117.6368,111.0068,15.534,14.9034,1255
2016-07-13 08:00:00,117.84,blend,0.4771,116.8885,0.0,105.5671,105.5671,118.5129,115.4063,15.5014,14.8657,1256
2016-07-13 09:00:00,116.67,blend,0.4771,117.2989,0.0,89.2962,89.2962,118.6921,116.0277,15.4633,14.8017,1257
2016-07-13 10:00:00,129.21,blend,0.4771,117.2916,0.0,106.6729,106.6729,118.4724,116.2143,15.4216,14.757,1258
2016-07-13 11:00:00,124.09,blend,0.4771,117.1244,0.0,112.7083,112.7083,118.0624,116.2685,15.2913,14.6224,1259
2016-07-13 12:00:00,130.79,blend,0.4771,117.0388,0.0,113.3849,113.3849,117.8424,116.3057,15.2822,14.6083,1260
2016-07-13 13:00:00,133.64,blend,0.4771,116.6089,0.0,112.8855,112.8855,117.1547,116.111,15.2642,14.5832,1261
2016-07-13 14:00:00,131.4,blend,0.4771,116.1135,0.0,106.0979,106.0979,116.2765,115.9648,15.3001,14.6101,1262
2016-07-13 15:00:00,124.22,blend,0.4771,115.3884,0.0,106.1012,106.1012,115.0074,115.7361,15.256,14.5533,1263
2016-07-13 16:00:00,133.67,blend,0.4771,114.033,0.0,123.8387,123.8387,112.774,115.1817,15.3236,14.605,1264
2016-07-13 17:00:00,131.43,blend,0.4771,110.86,0.0,105.2501,105.2501,108.3465,113.1533,15.3599,14.6212,1265
2016-07-13 18:00:00,74.3,blend,0.4771,108.737,0.0,97.4342,97.4342,104.1451,112.9266,15.337,14.6266,1266
2016-07-13 19:00:00,71.78,blend,0.4771,95.7804,0.0,104.8405,104.8405,93.4766,97.8823,15.2929,14.6425,1267
2016-07-13 20:00:00,68.7,blend,0.4771,75.8673,0.0,81.9857,81.9857,78.5962,73.3775,15.2878,14.6628,1268
2016-07-13 21:00:00,67.81,blend,0.4771,66.1498,0.0,66.5454,66.5454,70.3321,62.3339,15.2562,14.6843,1269
2016-07-13 22:00:00,63.98,blend,0.4771,62.9428,0.0,54.6226,54.6226,66.2415,59.933,15.2492,14.6847,1270
2016-07-13 23:00:00,55.42,blend,0.4771,62.9994,0.0,59.1723,59.1723,64.9387,61.23,15.2459,14.6862,1271
2016-07-14 00:00:00,49.84,blend,0.4771,63.0875,0.0,59.7557,59.7557,64.4471,61.8471,15.2337,14.6819,1272
2016-07-14 01:00:00,50.78,blend,0.4771,63.218,0.0,63.7101,63.7101,64.2101,62.3128,15.2046,14.6656,1273
2016-07-14 02:00:00,54.52,blend,0.4771,64.6248,0.0,61.8786,61.8786,65.6254,63.7119,15.1354,14.6184,1274
2016-07-14 03:00:00,54.75,blend,0.4771,67.648,0.0,67.3222,67.3222,69.9179,65.5769,15.0746,14.5868,1275
2016-07-14 04:00:00,101.17,blend,0.4771,75.5633,0.0,66.5211,66.5211,79.3736,72.0869,15.1028,14.5678,1276
2016-07-14 05:00:00,104.39,blend,0.4771,102.7554,0.0,97.0231,97.0231,98.8841,106.2875,15.1326,14.5676,1277
2016-07-14 06:00:00,93.05,blend,0.4771,114.7673,0.0,118.1507,118.1507,113.2097,116.1884,15.1367,14.5874,1278
2016-07-14 07:00:00,113.17,blend,0.4771,116.7411,0.0,124.2732,124.2732,117.158,116.3607,15.0704,14.527,1279
2016-07-14 08:00:00,128.17,blend,0.4771,116.0945,0.0,117.4215,117.4215,118.0924,114.2716,15.0639,14.5584,1280
2016-07-14 09:00:00,130.82,blend,0.4771,116.9897,0.0,123.8531,123.8531,118.4583,115.6498,15.1232,14.6454,1281
2016-07-14 10:00:00,139.5,blend,0.4771,117.3729,0.0,123.7847,123.7847,118.5773,116.274,15.23,14.7799,1282
2016-07-14 11:00:00,146.49,blend,0.4771,117.436,0.0,119.5082,119.5082,118.55,116.4197,15.3844,14.9371,1283
2016-07-14 12:00:00,142.46,blend,0.4771,117.3928,0.0,100.9888,100.9888,118.4703,116.4097,15.5159,15.0734,1284
2016-07-14 13:00:00,146.46,blend,0.4771,117.3178,0.0,131.0837,131.0837,118.2953,116.4258,15.6218,15.1876,1285
2016-07-14 14:00:00,148.44,blend,0.4771,117.0572,0.0,101.2045,101.2045,117.8448,116.3386,15.6641,15.2469,1286
2016-07-14 15:00:00,153.4,blend,0.4771,116.694,0.0,118.5507,118.5507,117.2355,116.1998,15.7144,15.3194,1287
2016-07-14 16:00:00,144.39,blend,0.4771,116.1431,0.0,135.5851,135.5851,116.2938,116.0055,15.7245,15.3558,1288
2016-07-14 17:00:00,136.65,blend,0.4771,115.5992,0.0,105.9689,105.9689,115.1932,115.9697,15.7224,15.3851,1289
2016-07-14 18:00:00,78.42,blend,0.4771,114.2042,0.0,110.6412,110.6412,112.9792,115.3219,15.7497,15.3848,1290
2016-07-14 19:00:00,67.14,blend,0.4771,104.0945,0.0,111.5383,111.5383,104.7322,103.5127,15.82,15.4803,1291
2016-07-14 20:00:00,60.36,blend,0.4771,84.5998,0.0,69.9634,69.9634,89.0416,80.5472,15.936,15.5898,1292
2016-07-14 21:00:00,63.88,blend,0.4771,70.8318,0.0,40.42,40.42,77.0196,65.1862,16.001,15.523,1293
2016-07-14 22:00:00,63.79,blend,0.4771,65.66,0.0,62.5701,62.5701,70.29,61.4356,16.0031,15.4528,1294
2016-07-14 23:00:00,63.31,blend,0.4771,64.9849,0.0,69.9553,69.9553,67.8433,62.377,15.9866,15.4489,1295
2016-07-15 00:00:00,62.71,blend,0.4771,65.6464,0.0,68.3061,68.3061,67.3542,64.0882,15.9353,15.4071,1296
2016-07-15 01:00:00,61.21,blend,0.4771,67.4687,0.0,64.4156,64.4156,68.4274,66.594,15.8929,15.3768,1297
2016-07-15 02:00:00,69.12,blend,0.4771,72.3369,0.0,73.5963,73.5963,72.3963,72.2828,15.8147,15.3226,1298
2016-07-15 03:00:00,58.54,blend,0.4771,77.7088,0.0,74.1908,74.1908,78.6806,76.8221,15.8376,15.3759,1299
2016-07-15 04:00:00,112.05,blend,0.4771,91.6464,0.0,100.6153,100.6153,89.8222,93.3109,15.846,15.2995,1300
2016-07-15 05:00:00,114.95,blend,0.4771,110.0629,0.0,147.2904,147.2904,104.2519,115.3649,15.8702,15.2879,1301
2016-07-15 06:00:00,109.98,blend,0.4771,115.5105,0.0,130.9208,130.9208,114.3662,116.5545,15.7977,15.2166,1302
2016-07-15 07:00:00,117.17,blend,0.4771,116.9018,0.0,131.479,131.479,117.2862,116.551,15.7808,15.2078,1303
2016-07-15 08:00:00,130.21,blend,0.4771,117.419,0.0,107.4251,107.4251,118.3901,116.5329,15.8207,15.2482,1304
2016-07-15 09:00:00,133.53,blend,0.4771,117.592,0.0,107.067,107.067,118.7987,116.4909,15.8472,15.2756,1305
2016-07-15 10:00:00,134.76,blend,0.4771,117.6329,0.0,124.0471,124.0471,118.8543,116.5185,15.8554,15.2867,1306
2016-07-15 11:00:00,130.52,blend,0.4771,117.5998,0.0,119.1919,119.1919,118.7682,116.5338,15.7936,15.2293,1307
2016-07-15 12:00:00,130.83,blend,0.4771,117.4895,0.0,119.0279,119.0279,118.5621,116.5109,15.7357,15.1761,1308
2016-07-15 13:00:00,137.53,blend,0.4771,117.1686,0.0,100.9867,100.9867,118.0327,116.3801,15.7367,15.1818,1309
2016-07-15 14:00:00,142.15,blend,0.4771,116.6206,0.0,131.0919,131.0919,117.0481,116.2305,15.7616,15.2104,1310
2016-07-15 15:00:00,132.7,blend,0.4771,115.9504,0.0,123.8984,123.8984,115.8455,116.0462,15.7769,15.2282,1311
2016-07-15 16:00:00,128.58,blend,0.4771,114.9428,0.0,112.4104,112.4104,113.9466,115.8517,15.8153,15.2702,1312
2016-07-15 17:00:00,122.51,blend,0.4771,112.8972,0.0,116.6311,116.6311,110.4743,115.1078,15.8141,15.2714,1313
2016-07-15 18:00:00,72.6,blend,0.4771,109.4825,0.0,80.3078,80.3078,105.4234,113.186,15.8155,15.2811,1314
2016-07-15 19:00:00,68.02,blend,0.4771,93.4064,0.0,123.3037,123.3037,94.3894,92.5096,15.8365,15.329,1315
2016-07-15 20:00:00,67.12,blend,0.4771,76.7748,0.0,74.8021,74.8021,81.16,72.7737,15.842,15.3398,1316
2016-07-15 21:00:00,65.21,blend,0.4771,67.9274,0.0,58.3323,58.3323,72.9015,63.3891,15.8469,15.3376,1317
2016-07-15 22:00:00,62.25,blend,0.4771,65.8881,0.0,57.5064,57.5064,69.2564,62.8149,15.8544,15.3364,1318
2016-07-15 23:00:00,53.42,blend,0.4771,65.8461,0.0,52.6409,52.6409,67.6623,64.189,15.8667,15.3505,1319
2016-07-16 00:00:00,51.83,blend,0.4771,65.3506,0.0,62.3601,62.3601,66.4039,64.3895,15.8452,15.3329,1320
2016-07-16 01:00:00,54.63,blend,0.4771,64.2763,0.0,78.4867,78.4867,64.5418,64.0341,15.8021,15.2941,1321
2016-07-16 02:00:00,53.31,blend,0.4771,64.5399,0.0,62.9636,62.9636,63.7742,65.2386,15.7712,15.2701,1322
2016-07-16 03:00:00,53.63,blend,0.4771,66.415,0.0,69.7765,69.7765,64.666,68.0108,15.7702,15.2815,1323
2016-07-16 04:00:00,106.65,blend,0.4771,68.398,0.0,71.6113,71.6113,66.1656,70.4349,15.7741,15.2669,1324
2016-07-16 05:00:00,97.0,blend,0.4771,75.2803,0.0,85.5587,85.5587,70.0271,80.0733,15.7505,15.2102,1325
2016-07-16 06:00:00,94.22,blend,0.4771,37.3428,0.0,0.0602,0.0602,78.178,0.0853,15.7588,15.7684,1326
2016-07-16 07:00:00,109.21,blend,0.4771,40.0006,0.0,0.0557,0.0557,83.7722,0.0639,15.7805,16.4064,1327
2016-07-16 08:00:00,120.58,blend,0.4771,41.5229,0.0,0.0842,0.0842,86.9655,0.0617,15.8088,17.0389,1328
2016-07-16 09:00:00,122.12,blend,0.4771,42.5234,0.0,0.1075,0.1075,89.0637,0.0606,15.8606,17.7414,1329
2016-07-16 10:00:00,124.24,blend,0.4771,43.3195,0.0,0.091,0.091,90.7344,0.0588,15.8955,18.4464,1330
2016-07-16 11:00:00,122.42,blend,0.4771,43.7497,0.0,0.0258,0.0258,91.6373,0.0578,15.8906,19.1167,1331
2016-07-16 12:00:00,119.45,blend,0.4771,43.8113,0.0,0.074,0.074,91.7678,0.0565,15.854,19.7488,1332
2016-07-16 13:00:00,132.17,blend,0.4771,43.2207,0.0,0.0988,0.0988,90.5277,0.0584,15.8698,20.4058,1333
2016-07-16 14:00:00,127.53,blend,0.4771,82.6107,0.0,83.8501,83.8501,88.153,77.5541,15.8646,20.537,1334
2016-07-16 15:00:00,130.8,blend,0.4771,92.5864,0.0,110.8281,110.8281,86.1447,98.4637,15.893,20.5434,1335
2016-07-16 16:00:00,129.88,blend,0.4771,90.9139,0.0,119.2597,119.2597,83.7043,97.492,15.8737,20.4784,1336
2016-07-16 17:00:00,119.52,blend,0.4771,88.2014,0.0,85.5941,85.5941,81.3762,94.4286,15.8137,20.3794,1337
2016-07-16 18:00:00,66.81,blend,0.4771,84.2106,0.0,68.3467,68.3467,78.2871,89.6151,15.8542,20.444,1338
2016-07-16 19:00:00,60.24,blend,0.4771,74.7423,0.0,71.4637,71.4637,71.0301,78.1293,15.8726,20.4977,1339
2016-07-16 20:00:00,63.5,blend,0.4771,68.3901,0.0,56.672,56.672,66.851,69.7944,15.8873,20.5345,1340
2016-07-16 21:00:00,59.98,blend,0.4771,62.8197,0.0,51.5391,51.5391,62.2146,63.3718,15.8955,20.5522,1341
2016-07-16 22:00:00,58.64,blend,0.4771,60.3789,0.0,53.2092,53.2092,60.0671,60.6634,15.8937,20.5525,1342
2016-07-16 23:00:00,47.64,blend,0.4771,59.6603,0.0,64.6719,64.6719,58.7018,60.5349,15.9131,20.5736,1343
2016-07-17 00:00:00,46.11,transfer,1.0,57.5451,0.0,58.8369,58.8369,57.5451,60.4288,15.9146,20.5723,1344
2016-07-17 01:00:00,45.66,transfer,1.0,56.6546,0.0,57.2574,57.2574,56.6546,62.0999,15.9146,20.5705,1345
2016-07-17 02:00:00,45.65,transfer,1.0,56.4946,0.0,64.4439,64.4439,56.4946,63.0672,15.9074,20.5577,1346
2016-07-17 03:00:00,45.62,transfer,1.0,57.1736,0.0,61.112,61.112,57.1736,52.7964,15.8932,20.466,1347
2016-07-17 04:00:00,92.01,transfer,1.0,58.8341,0.0,58.2457,58.2457,58.8341,64.026,15.8949,20.0724,1348
2016-07-17 05:00:00,94.61,transfer,1.0,62.3204,0.0,56.7232,56.7232,62.3204,74.3008,15.8978,19.615,1349
2016-07-17 06:00:00,85.0,transfer,1.0,69.7054,0.0,74.9503,74.9503,69.7054,91.5851,15.9171,19.1914,1350
2016-07-17 07:00:00,101.52,transfer,1.0,77.0731,0.0,88.818,88.818,77.0731,110.056,15.9797,18.9194,1351
2016-07-17 08:00:00,105.39,transfer,1.0,81.2454,0.0,86.1861,86.1861,81.2454,112.6153,16.0362,18.8919,1352
2016-07-17 09:00:00,106.33,transfer,1.0,82.9031,0.0,86.8322,86.8322,82.9031,109.9357,16.1137,18.8822,1353
2016-07-17 10:00:00,110.77,transfer,1.0,82.778,0.0,88.2457,88.2457,82.778,108.6532,16.1979,18.8776,1354
2016-07-17 11:00:00,115.78,transfer,1.0,81.8734,0.0,102.2385,102.2385,81.8734,109.8715,16.3135,18.8807,1355
2016-07-17 12:00:00,109.08,transfer,1.0,80.6033,0.0,84.3566,84.3566,80.6033,109.1152,16.356,18.8751,1356
2016-07-17 13:00:00,111.37,transfer,1.0,79.6372,0.0,90.8838,90.8838,79.6372,106.8628,16.3974,18.8614,1357
2016-07-17 14:00:00,117.92,transfer,1.0,77.2666,0.0,70.6517,70.6517,77.2666,101.6164,16.4944,18.9119,1358
2016-07-17 15:00:00,118.92,transfer,1.0,74.6088,0.0,86.6679,86.6679,74.6088,92.4737,16.589,18.9766,1359
2016-07-17 16:00:00,119.82,transfer,1.0,72.5234,0.0,67.3686,67.3686,72.5234,86.8577,16.6653,19.0234,1360
2016-07-17 17:00:00,118.81,transfer,1.0,70.5472,0.0,72.6833,72.6833,70.5472,82.1647,16.7357,19.0724,1361
2016-07-17 18:00:00,69.63,transfer,1.0,68.7183,0.0,66.5585,66.5585,68.7183,77.9198,16.734,19.0765,1362
2016-07-17 19:00:00,64.21,transfer,1.0,66.1558,0.0,66.8982,66.8982,66.1558,69.1125,16.7168,19.0729,1363
2016-07-17 20:00:00,65.87,transfer,1.0,62.1212,0.0,56.5758,56.5758,62.1212,62.5479,16.7337,19.0889,1364
2016-07-17 21:00:00,65.0,transfer,1.0,58.5897,0.0,63.9297,63.9297,58.5897,57.8293,16.765,19.1269,1365
2016-07-17 22:00:00,64.15,transfer,1.0,56.6994,0.0,54.5076,54.5076,56.6994,56.5145,16.8078,19.17,1366
2016-07-17 23:00:00,52.68,transfer,1.0,55.6343,0.0,55.2194,55.2194,55.6343,57.3774,16.7989,19.1603,1367
2016-07-18 00:00:00,49.81,transfer,1.0,55.0043,0.0,61.1748,61.1748,55.0043,59.0118,16.7688,19.1366,1368
2016-07-18 01:00:00,49.81,transfer,1.0,55.2126,0.0,54.8269,54.8269,55.2126,66.307,16.7327,19.1371,1369
2016-07-18 02:00:00,51.53,transfer,1.0,56.9907,0.0,54.8541,54.8541,56.9907,69.1457,16.6818,19.1137,1370
2016-07-18 03:00:00,53.4,transfer,1.0,61.0995,0.0,50.4552,50.4552,61.0995,70.808,16.6164,19.0683,1371
2016-07-18 04:00:00,108.06,transfer,1.0,69.2512,0.0,81.5721,81.5721,69.2512,23.2161,16.7609,19.4272,1372
2016-07-18 05:00:00,109.53,transfer,1.0,86.1405,0.0,89.6058,89.6058,86.1405,78.544,16.8946,19.5376,1373
2016-07-18 06:00:00,99.47,transfer,1.0,106.8903,0.0,122.6893,122.6893,106.8903,109.6273,16.7671,19.385,1374
2016-07-18 07:00:00,109.64,transfer,1.0,114.9492,0.0,101.0483,101.0483,114.9492,115.4905,16.6422,19.2536,1375
2016-07-18 08:00:00,123.61,transfer,1.0,117.2036,0.0,121.6482,121.6482,117.2036,116.2024,16.551,19.1716,1376
2016-07-18 09:00:00,120.74,transfer,1.0,117.8978,0.0,131.2077,131.2077,117.8978,116.0791,16.4802,19.121,1377
2016-07-18 10:00:00,131.77,transfer,1.0,117.9812,0.0,114.3141,114.3141,117.9812,116.2094,16.4792,19.1302,1378
2016-07-18 11:00:00,140.43,transfer,1.0,117.6258,0.0,110.6304,110.6304,117.6258,116.3071,16.5569,19.2031,1379
2016-07-18 12:00:00,140.6,transfer,1.0,117.39,0.0,114.2776,114.2776,117.39,116.3701,16.6571,19.2864,1380
2016-07-18 13:00:00,132.86,transfer,1.0,117.017,0.0,92.8633,92.8633,117.017,116.3739,16.7312,19.3286,1381
2016-07-18 14:00:00,140.17,transfer,1.0,116.2499,0.0,114.6219,114.6219,116.2499,116.314,16.842,19.4502,1382
2016-07-18 15:00:00,137.36,transfer,1.0,114.6454,0.0,116.9173,116.9173,114.6454,116.0964,16.9021,19.5717,1383
2016-07-18 16:00:00,123.04,transfer,1.0,112.5232,0.0,110.8334,110.8334,112.5232,115.876,16.8513,19.5885,1384
2016-07-18 17:00:00,102.56,transfer,1.0,108.4845,0.0,95.5722,95.5722,108.4845,115.5899,16.7959,19.6578,1385
2016-07-18 18:00:00,54.09,transfer,1.0,99.0607,0.0,99.5233,99.5233,99.0607,112.351,16.93,19.783,1386
2016-07-18 19:00:00,51.32,transfer,1.0,84.8053,0.0,73.0031,73.0031,84.8053,90.2795,17.0205,19.9313,1387
2016-07-18 20:00:00,56.9,transfer,1.0,71.8102,0.0,68.8458,68.8458,71.8102,66.1673,17.0428,19.9599,1388
2016-07-18 21:00:00,62.1,transfer,1.0,64.9236,0.0,64.6698,64.6698,64.9236,58.3784,17.0269,19.9799,1389
2016-07-18 22:00:00,59.67,transfer,1.0,62.53,0.0,61.292,61.292,62.53,57.9152,17.0146,19.9886,1390
2016-07-18 23:00:00,55.56,transfer,1.0,62.3965,0.0,67.1686,67.1686,62.3965,60.7644,17.0372,20.0171,1391
2016-07-19 00:00:00,59.55,transfer,1.0,63.0048,0.0,62.1322,62.1322,63.0048,62.6492,16.994,19.9887,1392
2016-07-19 01:00:00,52.45,transfer,1.0,64.331,0.0,56.4427,56.4427,64.331,63.5603,16.9877,20.0038,1393
2016-07-19 02:00:00,59.0,transfer,1.0,68.8155,0.0,80.3093,80.3093,68.8155,68.7864,16.9767,20.0199,1394
2016-07-19 03:00:00,51.99,transfer,1.0,75.0912,0.0,75.3254,75.3254,75.0912,72.9917,16.9724,20.055,1395
2016-07-19 04:00:00,102.44,transfer,1.0,85.4226,0.0,87.422,87.422,85.4226,0.1025,17.0119,20.5365,1396
2016-07-19 05:00:00,96.16,transfer,1.0,102.693,0.0,97.018,97.018,102.693,10.579,16.9851,20.9736,1397
2016-07-19 06:00:00,88.85,transfer,1.0,114.4677,0.0,118.7827,118.7827,114.4677,59.8534,16.9517,20.9526,1398
2016-07-19 07:00:00,108.89,transfer,1.0,117.4431,0.0,134.7246,134.7246,117.4431,102.8954,16.9034,20.8908,1399
2016-07-19 08:00:00,120.39,transfer,1.0,118.3123,0.0,113.7527,113.7527,118.3123,114.1297,16.8854,20.902,1400
2016-07-19 09:00:00,123.75,transfer,1.0,118.8226,0.0,96.3614,96.3614,118.8226,116.0148,16.9117,20.9385,1401
2016-07-19 10:00:00,125.47,transfer,1.0,118.9291,0.0,92.4416,92.4416,118.9291,116.3987,16.91,20.9485,1402
2016-07-19 11:00:00,125.73,transfer,1.0,118.8771,0.0,119.0796,119.0796,118.8771,116.4609,16.9055,20.9566,1403
2016-07-19 12:00:00,129.15,transfer,1.0,118.6365,0.0,113.6018,113.6018,118.6365,116.4099,16.8835,20.9469,1404
2016-07-19 13:00:00,127.09,transfer,1.0,118.1214,0.0,98.4481,98.4481,118.1214,116.3269,16.8975,20.9731,1405
2016-07-19 14:00:00,134.7,transfer,1.0,117.2603,0.0,97.3587,97.3587,117.2603,116.2265,16.895,20.9819,1406
2016-07-19 15:00:00,129.56,transfer,1.0,115.9326,0.0,108.7422,108.7422,115.9326,116.1988,16.9181,21.0176,1407
2016-07-19 16:00:00,126.04,transfer,1.0,113.7323,0.0,104.4125,104.4125,113.7323,115.9274,16.9498,21.0598,1408
2016-07-19 17:00:00,127.23,transfer,1.0,110.0221,0.0,125.0441,125.0441,110.0221,115.5351,17.0186,21.1189,1409
2016-07-19 18:00:00,79.78,transfer,1.0,103.9131,0.0,115.4637,115.4637,103.9131,113.7455,16.9718,21.0636,1410
2016-07-19 19:00:00,72.22,transfer,1.0,91.4992,0.0,88.1276,88.1276,91.4992,94.8017,16.9447,21.0638,1411
2016-07-19 20:00:00,75.97,transfer,1.0,78.7335,0.0,86.1325,86.1325,78.7335,77.3965,16.9034,21.0391,1412
2016-07-19 21:00:00,68.57,transfer,1.0,70.6888,0.0,75.4767,75.4767,70.6888,64.9802,16.8754,21.0532,1413
2016-07-19 22:00:00,68.89,transfer,1.0,67.3236,0.0,83.3691,83.3691,67.3236,62.7089,16.8656,21.0824,1414
2016-07-19 23:00:00,58.71,transfer,1.0,65.1301,0.0,53.597,53.597,65.1301,64.219,16.8356,21.0607,1415
2016-07-20 00:00:00,51.34,transfer,1.0,63.9781,0.0,56.7194,56.7194,63.9781,66.0783,16.816,21.065,1416
2016-07-20 01:00:00,55.43,transfer,1.0,62.3535,0.0,67.8988,67.8988,62.3535,61.6936,16.7635,21.0235,1417
2016-07-20 02:00:00,56.78,transfer,1.0,63.5243,0.0,56.3952,56.3952,63.5243,64.5044,16.6983,20.9809,1418
2016-07-20 03:00:00,56.22,transfer,1.0,68.5096,0.0,63.7374,63.7374,68.5096,68.3452,16.6413,20.9524,1419
2016-07-20 04:00:00,101.05,transfer,1.0,77.604,0.0,68.8279,68.8279,77.604,77.8444,16.6103,20.8637,1420
2016-07-20 05:00:00,94.88,transfer,1.0,97.8374,0.0,75.135,75.135,97.8374,12.0115,16.5953,21.3404,1421
2016-07-20 06:00:00,87.97,transfer,1.0,112.6607,0.0,94.688,94.688,112.6607,0.0962,16.6375,21.7472,1422
2016-07-20 07:00:00,102.62,transfer,1.0,116.5874,0.0,135.2621,135.2621,116.5874,0.5966,16.6633,22.3366,1423
2016-07-20 08:00:00,114.68,transfer,1.0,117.8359,0.0,92.9199,92.9199,117.8359,28.9826,16.6781,22.8322,1424
2016-07-20 09:00:00,117.77,transfer,1.0,118.3218,0.0,118.6843,118.6843,118.3218,84.9719,16.6694,23.0236,1425
2016-07-20 10:00:00,125.68,transfer,1.0,118.341,0.0,111.0656,111.0656,118.341,110.5079,16.6491,23.0366,1426
2016-07-20 11:00:00,127.53,transfer,1.0,118.2078,0.0,97.2207,97.2207,118.2078,115.4535,16.6688,23.0619,1427
2016-07-20 12:00:00,123.64,transfer,1.0,117.9594,0.0,92.7567,92.7567,117.9594,116.1932,16.6255,23.02,1428
2016-07-20 13:00:00,124.34,transfer,1.0,117.3673,0.0,144.0552,144.0552,117.3673,116.2494,16.5689,22.9639,1429
2016-07-20 14:00:00,123.58,transfer,1.0,116.1513,0.0,98.8688,98.8688,116.1513,116.1446,16.5231,22.9162,1430
2016-07-20 15:00:00,124.53,transfer,1.0,113.8868,0.0,123.31,123.31,113.8868,115.6773,16.5316,22.9184,1431
2016-07-20 16:00:00,123.87,transfer,1.0,110.1834,0.0,118.5194,118.5194,110.1834,114.9975,16.4887,22.8612,1432
2016-07-20 17:00:00,105.08,transfer,1.0,105.3118,0.0,109.4909,109.4909,105.3118,114.4281,16.3527,22.8081,1433
2016-07-20 18:00:00,65.97,transfer,1.0,99.8932,0.0,85.0904,85.0904,99.8932,113.4123,16.3769,22.8605,1434
2016-07-20 19:00:00,62.76,transfer,1.0,83.4851,0.0,76.6542,76.6542,83.4851,81.5909,16.3711,22.8172,1435
2016-07-20 20:00:00,63.93,transfer,1.0,70.953,0.0,58.6697,58.6697,70.953,64.3861,16.354,22.7921,1436
2016-07-20 21:00:00,61.08,transfer,1.0,64.9862,0.0,69.9006,69.9006,64.9862,58.9513,16.3623,22.7722,1437
2016-07-20 22:00:00,58.5,transfer,1.0,62.4244,0.0,63.9101,63.9101,62.4244,57.6758,16.3722,22.753,1438
2016-07-20 23:00:00,48.55,transfer,1.0,61.5235,0.0,59.5982,59.5982,61.5235,58.9066,16.3927,22.7801,1439
2016-07-21 00:00:00,44.46,transfer,1.0,61.0421,0.0,55.5559,55.5559,61.0421,59.2511,16.4045,22.7966,1440
2016-07-21 01:00:00,43.04,transfer,1.0,60.2903,0.0,57.9799,57.9799,60.2903,59.251,16.4272,22.8245,1441
2016-07-21 02:00:00,42.84,transfer,1.0,61.1118,0.0,61.6591,61.6591,61.1118,60.2119,16.4699,22.8732,1442
2016-07-21 03:00:00,42.71,transfer,1.0,64.4252,0.0,52.8571,52.8571,64.4252,64.0821,16.5089,22.936,1443
2016-07-21 04:00:00,88.09,transfer,1.0,71.1677,0.0,78.0307,78.0307,71.1677,69.2464,16.4799,22.875,1444
2016-07-21 05:00:00,89.19,transfer,1.0,88.4648,0.0,82.0428,82.0428,88.4648,99.442,16.4514,22.9247,1445
2016-07-21 06:00:00,79.64,transfer,1.0,107.3176,0.0,92.7911,92.7911,107.3176,114.6082,16.4961,22.9951,1446
2016-07-21 07:00:00,106.83,transfer,1.0,114.2179,0.0,109.8446,109.8446,114.2179,111.8224,16.5164,23.0059,1447
2016-07-21 08:00:00,117.09,transfer,1.0,116.2016,0.0,114.5739,114.5739,116.2016,114.6902,16.4617,22.9374,1448
2016-07-21 09:00:00,118.32,transfer,1.0,117.25,0.0,124.1019,124.1019,117.25,115.2363,16.3945,22.8655,1449
2016-07-21 10:00:00,122.53,transfer,1.0,117.3677,0.0,96.0394,96.0394,117.3677,115.8977,16.3007,22.7667,1450
2016-07-21 11:00:00,128.21,transfer,1.0,117.0323,0.0,133.4192,133.4192,117.0323,116.0375,16.2009,22.6602,1451
2016-07-21 12:00:00,125.26,transfer,1.0,116.4643,0.0,106.6642,106.6642,116.4643,116.0151,16.1104,22.5601,1452
2016-07-21 13:00:00,128.67,transfer,1.0,115.5336,0.0,120.2519,120.2519,115.5336,115.9236,16.021,22.4572,1453
2016-07-21 14:00:00,130.35,transfer,1.0,113.9278,0.0,91.0438,91.0438,113.9278,115.7858,15.9366,22.3529,1454
2016-07-21 15:00:00,132.54,transfer,1.0,112.0152,0.0,130.2335,130.2335,112.0152,115.7351,15.8435,22.2315,1455
2016-07-21 16:00:00,127.41,transfer,1.0,109.5179,0.0,139.0927,139.0927,109.5179,115.5997,15.7828,22.1328,1456
2016-07-21 17:00:00,119.83,transfer,1.0,105.7867,0.0,95.1263,95.1263,105.7867,115.023,15.7387,22.0383,1457
2016-07-21 18:00:00,69.45,transfer,1.0,99.621,0.0,80.0171,80.0171,99.621,112.2577,15.7125,22.0735,1458
2016-07-21 19:00:00,63.61,transfer,1.0,85.8585,0.0,97.6482,97.6482,85.8585,86.4791,15.6212,21.9931,1459
2016-07-21 20:00:00,64.61,transfer,1.0,72.4534,0.0,60.3857,60.3857,72.4534,67.4879,15.4972,21.8901,1460
2016-07-21 21:00:00,60.06,transfer,1.0,65.3109,0.0,67.5106,67.5106,65.3109,59.5884,15.4502,21.8851,1461
2016-07-21 22:00:00,58.28,transfer,1.0,62.7609,0.0,71.5434,71.5434,62.7609,58.4775,15.4382,21.8723,1462
2016-07-21 23:00:00,48.07,transfer,1.0,61.7631,0.0,61.2994,61.2994,61.7631,59.4203,15.4927,21.9343,1463
2016-07-22 00:00:00,44.07,transfer,1.0,61.5717,0.0,65.4686,65.4686,61.5717,60.295,15.5693,22.0226,1464
2016-07-22 01:00:00,43.7,transfer,1.0,61.8628,0.0,67.9789,67.9789,61.8628,62.0008,15.6344,22.0995,1465
2016-07-22 02:00:00,44.3,transfer,1.0,63.3259,0.0,58.918,58.918,63.3259,64.2958,15.7282,22.1997,1466
2016-07-22 03:00:00,43.82,transfer,1.0,67.4268,0.0,51.7639,51.7639,67.4268,67.971,15.7488,22.2346,1467
2016-07-22 04:00:00,107.44,transfer,1.0,74.3488,0.0,72.4292,72.4292,74.3488,73.0995,15.8135,22.3275,1468
2016-07-22 05:00:00,103.24,transfer,1.0,91.0736,0.0,111.6506,111.6506,91.0736,97.6096,15.8222,22.3586,1469
2016-07-22 06:00:00,97.04,transfer,1.0,110.7447,0.0,100.2978,100.2978,110.7447,105.8532,15.8777,22.3719,1470
2016-07-22 07:00:00,110.37,transfer,1.0,116.2304,0.0,107.5676,107.5676,116.2304,114.5338,15.9119,22.393,1471
2016-07-22 08:00:00,125.32,transfer,1.0,117.6679,0.0,115.6187,115.6187,117.6679,115.9881,15.887,22.3671,1472
2016-07-22 09:00:00,128.26,transfer,1.0,117.9935,0.0,116.3321,116.3321,117.9935,116.2197,15.8605,22.3374,1473
2016-07-22 10:00:00,134.05,transfer,1.0,117.9339,0.0,116.8219,116.8219,117.9339,116.3753,15.8617,22.334,1474
2016-07-22 11:00:00,140.16,transfer,1.0,117.6865,0.0,109.4909,109.4909,117.6865,116.4311,15.9255,22.392,1475
2016-07-22 12:00:00,137.57,transfer,1.0,117.4729,0.0,122.3103,122.3103,117.4729,116.4158,15.9721,22.4327,1476
2016-07-22 13:00:00,140.09,transfer,1.0,117.1449,0.0,95.1116,95.1116,117.1449,116.3598,15.9927,22.448,1477
2016-07-22 14:00:00,149.72,transfer,1.0,116.4162,0.0,122.9081,122.9081,116.4162,116.252,16.0415,22.493,1478
2016-07-22 15:00:00,147.16,transfer,1.0,115.5169,0.0,86.3557,86.3557,115.5169,116.1897,16.1295,22.5782,1479
2016-07-22 16:00:00,139.45,transfer,1.0,114.3328,0.0,113.6911,113.6911,114.3328,116.0082,16.1919,22.6419,1480
2016-07-22 17:00:00,138.58,transfer,1.0,112.0979,0.0,108.043,108.043,112.0979,115.7995,16.2779,22.7335,1481
2016-07-22 18:00:00,71.24,transfer,1.0,108.2267,0.0,107.4185,107.4185,108.2267,115.0824,16.3027,22.7529,1482
2016-07-22 19:00:00,64.79,transfer,1.0,98.347,0.0,113.7288,113.7288,98.347,100.9075,16.3455,22.8221,1483
2016-07-22 20:00:00,68.61,transfer,1.0,82.092,0.0,77.6494,77.6494,82.092,75.6607,16.3422,22.8304,1484
2016-07-22 21:00:00,61.38,transfer,1.0,71.6182,0.0,79.8667,79.8667,71.6182,62.5615,16.3573,22.8266,1485
2016-07-22 22:00:00,60.73,transfer,1.0,67.5966,0.0,59.8711,59.8711,67.5966,60.9237,16.3565,22.8244,1486
2016-07-22 23:00:00,54.31,transfer,1.0,65.6464,0.0,64.6546,64.6546,65.6464,62.4778,16.3392,22.8089,1487
2016-07-23 00:00:00,47.03,transfer,1.0,65.0208,0.0,74.7493,74.7493,65.0208,63.0895,16.3595,22.8297,1488
2016-07-23 01:00:00,46.43,transfer,1.0,64.0986,0.0,71.502,71.502,64.0986,62.9342,16.4057,22.872,1489
2016-07-23 02:00:00,49.6,transfer,1.0,63.7139,0.0,64.9654,64.9654,63.7139,64.1722,16.4274,22.8877,1490
2016-07-23 03:00:00,51.12,transfer,1.0,64.3959,0.0,65.2597,65.2597,64.3959,66.0628,16.4407,22.8911,1491
2016-07-23 04:00:00,112.21,transfer,1.0,67.0386,0.0,68.1997,68.1997,67.0386,69.0863,16.4686,22.9322,1492
2016-07-23 05:00:00,111.28,transfer,1.0,73.4108,0.0,74.6466,74.6466,73.4108,85.3828,16.5335,22.9856,1493
2016-07-23 06:00:00,104.41,transfer,1.0,85.6621,0.0,90.3899,90.3899,85.6621,111.3305,16.5496,22.4665,1494
2016-07-23 07:00:00,126.14,transfer,1.0,95.2413,0.0,92.5854,92.5854,95.2413,115.8587,16.5821,21.878,1495
2016-07-23 08:00:00,126.2,transfer,1.0,100.6308,0.0,108.1281,108.1281,100.6308,114.7237,16.5342,21.2289,1496
2016-07-23 09:00:00,133.32,transfer,1.0,104.6346,0.0,100.0516,100.0516,104.6346,115.6969,16.5082,20.6073,1497
2016-07-23 10:00:00,142.71,transfer,1.0,106.0603,0.0,103.325,103.325,106.0603,115.8066,16.5269,20.0282,1498
2016-07-23 11:00:00,136.99,transfer,1.0,106.8235,0.0,110.0418,110.0418,106.8235,115.8866,16.5233,19.4255,1499
2016-07-23 12:00:00,142.72,transfer,1.0,107.3223,0.0,116.6964,116.6964,107.3223,115.9702,16.5692,18.8741,1500
2016-07-23 13:00:00,150.08,transfer,1.0,106.7084,0.0,122.1319,122.1319,106.7084,115.6203,16.5795,18.2928,1501
2016-07-23 14:00:00,147.75,transfer,1.0,105.8288,0.0,111.4302,111.4302,105.8288,115.2429,16.5946,18.1888,1502
2016-07-23 15:00:00,154.55,transfer,1.0,104.7955,0.0,82.0828,82.0828,104.7955,114.8799,16.625,18.2325,1503
2016-07-23 16:00:00,149.24,transfer,1.0,103.186,0.0,115.1908,115.1908,103.186,114.2919,16.6242,18.2477,1504
2016-07-23 17:00:00,154.07,transfer,1.0,101.2772,0.0,105.9265,105.9265,101.2772,113.8584,16.7114,18.3377,1505
2016-07-23 18:00:00,80.71,transfer,1.0,98.423,0.0,100.1833,100.1833,98.423,112.6473,16.7486,18.3921,1506
2016-07-23 19:00:00,72.37,transfer,1.0,92.684,0.0,82.6352,82.6352,92.684,95.6221,16.8053,18.424,1507
2016-07-23 20:00:00,58.72,transfer,1.0,81.3462,0.0,83.9551,83.9551,81.3462,73.2816,16.92,18.4732,1508
2016-07-23 21:00:00,60.51,transfer,1.0,72.2656,0.0,69.2651,69.2651,72.2656,62.9939,16.9767,18.4678,1509
2016-07-23 22:00:00,61.11,transfer,1.0,66.441,0.0,62.6409,62.6409,66.441,60.3186,16.9999,18.4605,1510
2016-07-23 23:00:00,60.32,transfer,1.0,63.2437,0.0,59.1343,59.1343,63.2437,60.9661,16.9515,18.3876,1511
2016-07-24 00:00:00,60.03,blend,0.5202,61.9531,0.0,62.1306,62.1306,61.5567,62.3829,16.8925,18.3163,1512
2016-07-24 01:00:00,61.35,blend,0.5202,62.9184,0.0,66.1702,66.1702,61.035,64.9605,16.8289,18.24,1513
2016-07-24 02:00:00,71.36,blend,0.5202,64.5305,0.0,63.864,63.864,61.6016,67.7063,16.8224,18.158,1514
2016-07-24 03:00:00,62.16,blend,0.5202,79.7097,0.0,61.7525,61.7525,63.3562,97.4417,16.7608,18.3253,1515
2016-07-24 04:00:00,123.59,blend,0.5202,35.1563,0.0,62.0428,62.0428,67.5104,0.0751,16.8971,18.894,1516
2016-07-24 05:00:00,121.47,blend,0.5202,38.394,0.0,66.5481,66.5481,73.7465,0.0617,16.989,19.4957,1517
2016-07-24 06:00:00,110.12,blend,0.5202,43.9687,0.0,88.6228,88.6228,84.4691,0.0544,17.0506,20.1117,1518
2016-07-24 07:00:00,119.23,blend,0.5202,48.3493,0.0,94.1106,94.1106,92.8911,0.0531,17.0619,20.7703,1519
2016-07-24 08:00:00,127.96,blend,0.5202,51.3806,0.0,112.1767,112.1767,98.7184,0.0528,17.0922,21.4886,1520
2016-07-24 09:00:00,133.13,blend,0.5202,53.2592,0.0,101.0125,101.0125,102.328,0.0544,17.1361,22.2593,1521
2016-07-24 10:00:00,136.76,blend,0.5202,54.2821,0.0,106.7955,106.7955,104.295,0.0536,17.1628,23.0604,1522
2016-07-24 11:00:00,138.58,blend,0.5202,54.9653,0.0,100.557,100.557,105.6082,0.0537,17.1572,23.8498,1523
2016-07-24 12:00:00,136.77,blend,0.5202,55.2877,0.0,103.2969,103.2969,106.227,0.0547,17.1695,24.6634,1524
2016-07-24 13:00:00,143.16,blend,0.5202,55.2399,0.0,118.9512,118.9512,106.1356,0.0543,17.201,25.4884,1525
2016-07-24 14:00:00,148.1,blend,0.5202,54.7113,0.0,97.9786,97.9786,105.1203,0.0534,17.2148,26.2725,1526
2016-07-24 15:00:00,145.85,blend,0.5202,53.9061,0.0,106.0261,106.0261,103.5737,0.0522,17.2027,26.983,1527
2016-07-24 16:00:00,153.68,blend,0.5202,52.967,0.0,104.6531,104.6531,101.7693,0.0513,17.2302,27.7012,1528
2016-07-24 17:00:00,147.99,blend,0.5202,95.4218,0.0,114.8866,114.8866,99.3652,91.1461,17.2323,27.8215,1529
2016-07-24 18:00:00,80.18,blend,0.5202,102.2861,0.0,83.4766,83.4766,97.3925,107.5922,17.3294,27.9353,1530
2016-07-24 19:00:00,67.54,blend,0.5202,98.054,0.0,86.5277,86.5277,92.8678,103.6775,17.4686,28.1212,1531
2016-07-24 20:00:00,74.45,blend,0.5202,85.8433,0.0,95.3197,95.3197,82.5319,89.4337,17.4943,28.1906,1532
2016-07-24 21:00:00,64.32,blend,0.5202,75.7961,0.0,74.2479,74.2479,73.1507,78.6645,17.5088,28.2333,1533
2016-07-24 22:00:00,63.36,blend,0.5202,73.0595,0.0,71.5633,71.5633,68.6369,77.8549,17.4958,28.2741,1534
2016-07-24 23:00:00,52.42,blend,0.5202,75.1978,0.0,55.723,55.723,65.5376,85.6723,17.5563,28.4441,1535
2016-07-25 00:00:00,54.23,blend,0.5202,81.2252,0.0,66.4734,66.4734,62.8627,101.1354,17.5768,28.6685,1536
2016-07-25 01:00:00,56.69,blend,0.5202,78.7158,0.0,63.7526,63.7526,61.8641,96.9879,17.5754,28.8102,1537
2016-07-25 02:00:00,56.83,blend,0.5202,64.397,0.0,59.5803,59.5803,63.0663,65.8399,17.58,28.759,1538
2016-07-25 03:00:00,65.75,blend,0.5202,34.9667,0.0,77.749,77.749,67.1503,0.0703,17.5425,29.0463,1539
2016-07-25 04:00:00,127.46,blend,0.5202,38.3699,0.0,77.2404,77.2404,73.6929,0.0696,17.6316,29.2996,1540
2016-07-25 05:00:00,133.83,blend,0.5202,46.8764,0.0,98.9662,98.9662,90.0572,0.056,17.7529,29.9114,1541
2016-07-25 06:00:00,130.59,blend,0.5202,55.989,0.0,112.5367,112.5367,107.5788,0.0506,17.8457,30.628,1542
2016-07-25 07:00:00,131.39,blend,0.5202,59.8107,0.0,106.0487,106.0487,114.9237,0.0522,17.9121,31.3749,1543
2016-07-25 08:00:00,134.92,blend,0.5202,61.2743,0.0,110.1407,110.1407,117.7332,0.0565,17.9763,32.1336,1544
2016-07-25 09:00:00,147.07,blend,0.5202,61.8603,0.0,113.2575,113.2575,118.8531,0.0636,18.1273,32.9809,1545
2016-07-25 10:00:00,152.75,blend,0.5202,62.0474,0.0,131.4459,131.4459,119.2083,0.0684,18.2449,33.7971,1546
2016-07-25 11:00:00,162.77,blend,0.5202,62.1195,0.0,111.2131,111.2131,119.3427,0.0729,18.3677,34.6219,1547
2016-07-25 12:00:00,172.62,blend,0.5202,62.1471,0.0,95.8488,95.8488,119.3911,0.0782,18.5463,35.5047,1548
2016-07-25 13:00:00,154.9,blend,0.5202,62.1487,0.0,125.2609,125.2609,119.3894,0.0833,18.6634,36.3281,1549
2016-07-25 14:00:00,163.96,blend,0.5202,62.1064,0.0,133.1844,133.1844,119.3043,0.0874,18.7868,37.1616,1550
2016-07-25 15:00:00,169.3,blend,0.5202,61.9562,0.0,117.1929,117.1929,119.0134,0.0897,18.951,38.0422,1551
2016-07-25 16:00:00,153.64,blend,0.5202,61.7348,0.0,125.9714,125.9714,118.5868,0.0908,19.097,38.9135,1552
2016-07-25 17:00:00,150.68,blend,0.5202,61.4099,0.0,113.3175,113.3175,117.962,0.091,19.2565,39.7323,1553
2016-07-25 18:00:00,87.36,blend,0.5202,116.408,0.0,113.0897,113.0897,116.4118,116.4038,19.1617,39.5584,1554
2016-07-25 19:00:00,71.4,blend,0.5202,113.2483,0.0,123.8568,123.8568,111.3512,115.3052,19.2002,39.5879,1555
2016-07-25 20:00:00,72.33,blend,0.5202,101.891,0.0,83.2687,83.2687,98.1069,105.994,19.2649,39.7331,1556
2016-07-25 21:00:00,75.2,blend,0.5202,82.7475,0.0,80.1221,80.1221,85.0677,80.2318,19.3068,39.7409,1557
2016-07-25 22:00:00,68.89,blend,0.5202,75.266,0.0,84.6574,84.6574,77.758,72.564,19.3426,39.7523,1558
2016-07-25 23:00:00,62.53,blend,0.5202,75.8157,0.0,84.7482,84.7482,74.3685,77.385,19.3724,39.8097,1559
2016-07-26 00:00:00,64.99,blend,0.5202,75.7557,0.0,74.9442,74.9442,72.2251,79.5839,19.3949,39.8782,1560
2016-07-26 01:00:00,65.43,blend,0.5202,76.107,0.0,78.8674,78.8674,71.7274,80.8558,19.3616,39.9039,1561
2016-07-26 02:00:00,66.75,blend,0.5202,81.0353,0.0,75.7845,75.7845,73.6985,88.9905,19.3446,39.978,1562
2016-07-26 03:00:00,64.05,blend,0.5202,87.7477,0.0,74.557,74.557,79.605,96.5766,19.2997,40.0466,1563
2016-07-26 04:00:00,119.65,blend,0.5202,45.2574,0.0,86.6606,86.6606,86.9358,0.0659,19.3931,40.1492,1564
2016-07-26 05:00:00,123.53,blend,0.5202,52.311,0.0,112.8828,112.8828,100.5044,0.0555,19.4913,40.3748,1565
2016-07-26 06:00:00,124.39,blend,0.5202,58.1543,0.0,113.2089,113.2089,111.7404,0.0515,19.4141,40.9423,1566
2016-07-26 07:00:00,133.6,blend,0.5202,60.49,0.0,108.2823,108.2823,116.2294,0.0523,19.4666,41.7016,1567
2016-07-26 08:00:00,144.73,blend,0.5202,61.5369,0.0,140.7138,140.7138,118.2381,0.0563,19.6119,42.5254,1568
2016-07-26 09:00:00,160.7,blend,0.5202,62.0246,0.0,109.3034,109.3034,119.1695,0.0631,19.8298,43.4356,1569
2016-07-26 10:00:00,158.76,blend,0.5202,62.2244,0.0,102.6226,102.6226,119.548,0.0691,20.0242,44.3262,1570
2016-07-26 11:00:00,161.07,blend,0.5202,62.3261,0.0,131.2253,131.2253,119.7386,0.0743,20.2295,45.2293,1571
2016-07-26 12:00:00,161.9,blend,0.5202,62.3533,0.0,110.4007,110.4007,119.7862,0.0795,20.4175,46.1167,1572
2016-07-26 13:00:00,167.69,blend,0.5202,62.3446,0.0,131.2743,131.2743,119.7684,0.0806,20.6494,47.0503,1573
2016-07-26 14:00:00,166.92,blend,0.5202,62.2744,0.0,123.941,123.941,119.6324,0.0818,20.8271,47.9334,1574
2016-07-26 15:00:00,162.96,blend,0.5202,62.1898,0.0,109.057,109.057,119.467,0.0847,21.0048,48.8234,1575
2016-07-26 16:00:00,164.0,blend,0.5202,62.0375,0.0,94.9088,94.9088,119.1583,0.102,21.1985,49.7388,1576
2016-07-26 17:00:00,150.23,blend,0.5202,117.598,0.0,131.3399,131.3399,118.605,116.5062,21.2843,49.8699,1577
2016-07-26 18:00:00,85.78,blend,0.5202,117.1737,0.0,132.2231,132.2231,117.8022,116.4924,21.3313,49.8505,1578
2016-07-26 19:00:00,76.81,blend,0.5202,115.1255,0.0,102.521,102.521,114.3752,115.9391,21.4401,49.949,1579
2016-07-26 20:00:00,76.53,blend,0.5202,105.2653,0.0,95.637,95.637,101.9795,108.828,21.5752,50.1328,1580
2016-07-26 21:00:00,77.38,blend,0.5202,86.9109,0.0,97.5081,97.5081,88.4293,85.2646,21.6283,50.1584,1581
2016-07-26 22:00:00,67.1,blend,0.5202,79.6776,0.0,74.3853,74.3853,80.8932,78.3595,21.7011,50.1886,1582
2016-07-26 23:00:00,55.57,blend,0.5202,79.2305,0.0,60.8514,60.8514,76.5207,82.1687,21.7876,50.3141,1583
2016-07-27 00:00:00,57.52,blend,0.5202,74.4077,0.0,72.6463,72.6463,71.678,77.3675,21.7966,50.3445,1584
2016-07-27 01:00:00,58.64,blend,0.5202,69.9003,0.0,77.866,77.866,68.3664,71.5634,21.8133,50.3842,1585
2016-07-27 02:00:00,58.96,blend,0.5202,80.9271,0.0,66.8667,66.8667,68.4888,94.4137,21.8299,50.5492,1586
2016-07-27 03:00:00,57.72,blend,0.5202,82.5383,0.0,61.3417,61.3417,71.663,94.3303,21.8397,50.695,1587
2016-07-27 04:00:00,130.62,blend,0.5202,40.4517,0.0,78.9019,78.9019,77.6959,0.0682,22.0152,51.3339,1588
2016-07-27 05:00:00,128.01,blend,0.5202,48.4249,0.0,95.1428,95.1428,93.031,0.0591,22.2058,51.6023,1589
2016-07-27 06:00:00,119.9,blend,0.5202,57.0724,0.0,107.3456,107.3456,109.6578,0.0547,22.1198,51.7926,1590
2016-07-27 07:00:00,132.08,blend,0.5202,60.3455,0.0,107.1994,107.1994,115.9478,0.0565,22.1327,51.9712,1591
2016-07-27 08:00:00,146.57,blend,0.5202,61.5545,0.0,114.4898,114.4898,118.2668,0.0621,22.2824,52.3331,1592
2016-07-27 09:00:00,146.35,blend,0.5202,62.074,0.0,136.1385,136.1385,119.2603,0.0675,22.4403,53.0086,1593
2016-07-27 10:00:00,155.8,blend,0.5202,62.2688,0.0,137.683,137.683,119.6329,0.0695,22.6119,53.8453,1594
2016-07-27 11:00:00,160.86,blend,0.5202,62.3329,0.0,127.2937,127.2937,119.7528,0.0732,22.8011,54.7305,1595
2016-07-27 12:00:00,156.79,blend,0.5202,62.3423,0.0,114.2416,114.2416,119.7689,0.0754,22.9877,55.619,1596
2016-07-27 13:00:00,158.79,blend,0.5202,62.3101,0.0,131.7113,131.7113,119.7047,0.0777,23.1788,56.5155,1597
2016-07-27 14:00:00,168.21,blend,0.5202,62.2279,0.0,131.5076,131.5076,119.5442,0.0804,23.4243,57.472,1598
2016-07-27 15:00:00,165.18,blend,0.5202,62.084,0.0,103.5122,103.5122,119.2668,0.0813,23.6342,58.4021,1599
2016-07-27 16:00:00,166.51,blend,0.5202,61.8849,0.0,122.7995,122.7995,118.8842,0.0811,23.8362,59.3399,1600
2016-07-27 17:00:00,155.99,blend,0.5202,61.6041,0.0,117.9717,117.9717,118.3149,0.1133,24.0591,60.2121,1601
2016-07-27 18:00:00,90.49,blend,0.5202,116.9621,0.0,126.1499,126.1499,117.4362,116.448,24.0176,60.0842,1602
2016-07-27 19:00:00,76.85,blend,0.5202,114.6783,0.0,106.2356,106.2356,113.6872,115.753,24.1135,60.2037,1603
2016-07-27 20:00:00,76.32,blend,0.5202,104.8521,0.0,91.7585,91.7585,101.7692,108.1948,24.2232,60.3907,1604
2016-07-27 21:00:00,77.71,blend,0.5202,84.611,0.0,75.6299,75.6299,88.0097,80.926,24.2612,60.3972,1605
2016-07-27 22:00:00,74.01,blend,0.5202,76.9238,0.0,74.7319,74.7319,80.0237,73.5626,24.2737,60.3949,1606
2016-07-27 23:00:00,53.07,blend,0.5202,75.8337,0.0,69.3619,69.3619,75.4921,76.2041,24.3299,60.471,1607
2016-07-28 00:00:00,58.06,blend,0.5202,73.1042,0.0,77.2345,77.2345,72.4089,73.8581,24.3166,60.477,1608
2016-07-28 01:00:00,57.76,blend,0.5202,70.1584,0.0,70.893,70.893,69.1008,71.3052,24.2814,60.4611,1609
2016-07-28 02:00:00,57.49,blend,0.5202,70.6906,0.0,68.4226,68.4226,69.251,72.2515,24.2427,60.4456,1610
2016-07-28 03:00:00,63.23,blend,0.5202,84.5812,0.0,58.4636,58.4636,72.8014,97.354,24.1704,60.5215,1611
2016-07-28 04:00:00,127.62,blend,0.5202,41.0408,0.0,76.066,76.066,78.8265,0.0702,24.3601,61.1686,1612
2016-07-28 05:00:00,128.92,blend,0.5202,49.2675,0.0,110.1482,110.1482,94.6481,0.0619,24.5598,61.8745,1613
2016-07-28 06:00:00,120.77,blend,0.5202,57.3845,0.0,103.4544,103.4544,110.2561,0.0565,24.4576,62.3849,1614
2016-07-28 07:00:00,142.24,blend,0.5202,60.3786,0.0,124.4377,124.4377,116.011,0.057,24.5698,63.2015,1615
2016-07-28 08:00:00,151.88,blend,0.5202,61.5256,0.0,103.0443,103.0443,118.2121,0.061,24.7649,64.0909,1616
2016-07-28 09:00:00,157.63,blend,0.5202,62.0468,0.0,135.4273,135.4273,119.2097,0.0658,24.9872,65.0105,1617
2016-07-28 10:00:00,156.64,blend,0.5202,62.2282,0.0,115.6379,115.6379,119.5558,0.0686,25.1772,65.903,1618
2016-07-28 11:00:00,162.22,blend,0.5202,62.2976,0.0,148.1741,148.1741,119.6858,0.0722,25.3639,66.7957,1619
2016-07-28 12:00:00,159.58,blend,0.5202,62.3057,0.0,119.9099,119.9099,119.6994,0.0744,25.5489,67.6901,1620
2016-07-28 13:00:00,158.23,blend,0.5202,62.2627,0.0,135.6869,135.6869,119.6149,0.0763,25.7006,68.5556,1621
2016-07-28 14:00:00,169.6,blend,0.5202,62.1659,0.0,123.6448,123.6448,119.4272,0.0781,25.9015,69.478,1622
2016-07-28 15:00:00,160.45,blend,0.5202,62.0053,0.0,121.756,121.756,119.1172,0.0794,26.0253,70.3325,1623
2016-07-28 16:00:00,158.46,blend,0.5202,61.8096,0.0,108.8829,108.8829,118.7403,0.0802,26.1552,71.205,1624
2016-07-28 17:00:00,141.79,blend,0.5202,61.408,0.0,127.2322,127.2322,117.9667,0.0821,26.2135,72.0198,1625
2016-07-28 18:00:00,82.0,blend,0.5202,116.5093,0.0,122.6337,122.6337,116.6203,116.389,26.2399,71.9697,1626
2016-07-28 19:00:00,74.51,blend,0.5202,112.8035,0.0,103.3028,103.3028,110.6155,115.176,26.3224,72.0757,1627
2016-07-28 20:00:00,73.51,blend,0.5202,94.8628,0.0,104.635,104.635,94.608,95.139,26.4013,72.1873,1628
2016-07-28 21:00:00,63.56,blend,0.5202,77.1326,0.0,79.2556,79.2556,81.9452,71.9143,26.4795,72.2342,1629
2016-07-28 22:00:00,61.55,blend,0.5202,70.526,0.0,70.653,70.653,74.4994,66.2177,26.5299,72.2608,1630
2016-07-28 23:00:00,50.87,blend,0.5202,70.2255,0.0,60.2458,60.2458,70.4233,70.0111,26.5648,72.3072,1631
2016-07-29 00:00:00,50.7928,blend,0.5202,63.8802,0.0,63.1882,63.1882,65.4285,62.2013,26.5477,72.2785,1632
2016-07-29 01:00:00,50.715599999999995,blend,0.5202,70.5347,0.0,62.4296,62.4296,62.2217,79.5484,26.5081,72.3412,1633
2016-07-29 02:00:00,50.6384,blend,0.5202,68.6527,0.0,54.7433,54.7433,59.2645,78.8322,26.4462,72.39,1634
2016-07-30 00:00:00,48.94,blend,0.5202,68.5165,0.0,57.486,57.486,56.343,81.7162,26.3498,72.4413,1635
2016-07-30 01:00:00,52.92,blend,0.5202,28.529,0.0,59.2177,59.2177,54.7808,0.0643,26.1639,72.5516,1636
2016-07-30 02:00:00,53.64,blend,0.5202,28.0989,0.0,61.9767,61.9767,53.9555,0.0628,26.0933,72.837,1637
2016-07-30 03:00:00,53.81,blend,0.5202,27.8257,0.0,56.8287,56.8287,53.43,0.0632,26.014,73.1044,1638
2016-07-30 04:00:00,105.52,blend,0.5202,27.6586,0.0,67.5085,67.5085,53.1088,0.0631,26.2911,73.7074,1639
2016-07-30 05:00:00,108.88,blend,0.5202,27.6331,0.0,54.5173,54.5173,53.0621,0.0606,26.5778,74.2995,1640
2016-07-30 06:00:00,101.36,blend,0.5202,28.9973,0.0,60.0937,60.0937,55.6903,0.0544,26.7885,74.8309,1641
2016-07-30 07:00:00,120.84,blend,0.5202,31.3016,0.0,66.203,66.203,60.1213,0.0526,27.054,75.4446,1642
2016-07-30 08:00:00,123.85,blend,0.5202,33.8188,0.0,66.0242,66.0242,64.9575,0.0555,27.2708,76.0403,1643
2016-07-30 09:00:00,122.84,blend,0.5202,36.6408,0.0,69.1361,69.1361,70.3789,0.059,27.4634,76.6452,1644
2016-07-30 10:00:00,126.17,blend,0.5202,39.4127,0.0,86.2109,86.2109,75.7061,0.0601,27.6272,77.2546,1645
2016-07-30 11:00:00,132.56,blend,0.5202,41.7112,0.0,89.8674,89.8674,80.1226,0.0622,27.7411,77.8441,1646
2016-07-30 12:00:00,132.07,blend,0.5202,43.1449,0.0,65.8406,65.8406,82.8775,0.0632,27.8456,78.4455,1647
2016-07-30 13:00:00,136.13,blend,0.5202,43.8105,0.0,84.409,84.409,84.1565,0.0639,28.0055,79.1159,1648
2016-07-30 14:00:00,130.36,blend,0.5202,86.7035,0.0,81.4274,81.4274,83.6206,90.0463,28.126,79.2202,1649
2016-07-30 15:00:00,132.65,blend,0.5202,86.7705,0.0,81.2763,81.2763,82.7914,91.085,28.2027,79.2067,1650
2016-07-30 16:00:00,124.09,blend,0.5202,86.5136,0.0,80.0559,80.0559,79.3987,94.2282,28.2689,79.1694,1651
2016-07-30 17:00:00,118.51,blend,0.5202,84.0684,0.0,86.9561,86.9561,76.6188,92.1459,28.438,79.2844,1652
2016-07-30 18:00:00,69.53,blend,0.5202,80.6171,0.0,66.2323,66.2323,73.4961,88.3383,28.4007,79.3893,1653
2016-07-30 19:00:00,63.11,blend,0.5202,77.7431,0.0,65.8515,65.8515,70.0844,86.0473,28.4013,79.5247,1654
2016-07-30 20:00:00,64.94,blend,0.5202,33.6468,0.0,63.7102,63.7102,64.6086,0.0751,28.3358,79.8622,1655
2016-07-30 21:00:00,57.24,blend,0.5202,31.0925,0.0,60.7364,60.7364,59.6981,0.0758,28.2434,80.1068,1656
2016-07-30 22:00:00,56.53,blend,0.5202,30.0247,0.0,57.5618,57.5618,57.6499,0.0709,28.1449,80.3447,1657
2016-07-30 23:00:00,46.09,blend,0.5202,29.6736,0.0,53.0342,53.0342,56.9767,0.0691,28.1257,80.5319,1658
2016-07-31 00:00:00,44.83,blend,0.5202,29.417,0.0,51.7787,51.7787,56.4847,0.0678,28.116,80.7094,1659
2016-07-31 01:00:00,44.53,blend,0.5202,29.0789,0.0,45.8788,45.8788,55.8356,0.0669,27.9144,80.7173,1660
2016-07-31 02:00:00,45.29,blend,0.5202,29.1252,0.0,67.3089,67.3089,55.9279,0.0633,27.7523,80.8324,1661
2016-07-31 03:00:00,45.63,blend,0.5202,29.1088,0.0,61.1435,61.1435,55.8913,0.0688,27.7018,81.0624,1662
2016-07-31 04:00:00,96.58,blend,0.5202,29.1719,0.0,53.6512,53.6512,56.011,0.0705,27.7594,81.5757,1663
2016-07-31 05:00:00,101.1,blend,0.5202,29.4322,0.0,59.9099,59.9099,56.518,0.0635,27.8726,82.1087,1664
2016-07-31 06:00:00,90.72,blend,0.5202,31.1854,0.0,67.1287,67.1287,59.8956,0.0553,27.8853,82.5435,1665
2016-07-31 07:00:00,105.13,blend,0.5202,33.4247,0.0,68.4424,68.4424,64.2044,0.0506,27.9107,83.0089,1666
2016-07-31 08:00:00,100.83,blend,0.5202,35.1056,0.0,67.5547,67.5547,67.4357,0.0504,27.93,83.4831,1667
2016-07-31 09:00:00,108.23,blend,0.5202,36.2496,0.0,58.0368,58.0368,69.6338,0.0516,27.949,83.9678,1668
2016-07-31 10:00:00,112.36,blend,0.5202,36.7843,0.0,64.8179,64.8179,70.6612,0.0519,27.939,84.4312,1669
2016-07-31 11:00:00,109.37,blend,0.5202,37.2829,0.0,68.9389,68.9389,71.6192,0.0524,27.9142,84.8884,1670
2016-07-31 12:00:00,104.19,blend,0.5202,37.5635,0.0,66.6858,66.6858,72.1582,0.0529,27.8087,85.2721,1671
2016-07-31 13:00:00,109.16,blend,0.5202,37.4436,0.0,73.1866,73.1866,71.9269,0.0537,27.7562,85.7135,1672
2016-07-31 14:00:00,110.97,blend,0.5202,36.5197,0.0,61.0601,61.0601,70.1505,0.0542,27.6849,86.1344,1673
2016-07-31 15:00:00,111.98,blend,0.5202,75.0163,0.0,68.6466,68.6466,68.562,82.0147,27.838,86.1227,1674
2016-07-31 16:00:00,114.44,blend,0.5202,75.9921,0.0,64.1389,64.1389,66.6471,86.1248,28.0015,86.1528,1675
2016-07-31 17:00:00,104.92,blend,0.5202,71.4956,0.0,61.3187,61.3187,64.9052,78.6416,28.105,86.2226,1676
2016-07-31 18:00:00,57.11,blend,0.5202,68.4464,0.0,62.4183,62.4183,63.0818,74.2632,28.0706,86.3099,1677
2016-07-31 19:00:00,52.72,blend,0.5202,64.3854,0.0,65.127,65.127,60.6546,68.4307,28.0861,86.3987,1678
2016-07-31 20:00:00,55.67,blend,0.5202,60.0792,0.0,53.5197,53.5197,57.3346,63.0551,28.0786,86.4388,1679
2016-07-31 21:00:00,58.31,transfer,1.0,54.4329,0.0,60.9566,60.9566,54.4329,63.2105,28.0926,86.454,1680
2016-07-31 22:00:00,58.56,transfer,1.0,52.8387,0.0,59.2044,59.2044,52.8387,98.8954,28.1248,86.6726,1681
2016-07-31 23:00:00,57.83,transfer,1.0,52.1139,0.0,50.5397,50.5397,52.1139,98.1817,28.1007,86.891,1682
2016-08-01 00:00:00,57.74,transfer,1.0,51.8368,0.0,52.9662,52.9662,51.8368,40.6319,28.1287,86.7828,1683
2016-08-01 01:00:00,57.24,transfer,1.0,52.6834,0.0,56.6534,56.6534,52.6834,0.074,27.822,86.3879,1684
2016-08-01 02:00:00,57.07,transfer,1.0,56.2906,0.0,52.0088,52.0088,56.2906,0.0679,27.5426,86.0045,1685
2016-08-01 03:00:00,57.21,transfer,1.0,61.0053,0.0,63.7135,63.7135,61.0053,0.0684,27.4125,85.6895,1686
2016-08-01 04:00:00,120.2,transfer,1.0,67.0758,0.0,74.4443,74.4443,67.0758,0.0663,27.572,85.6952,1687
2016-08-01 05:00:00,110.78,transfer,1.0,76.3344,0.0,72.4604,72.4604,76.3344,0.0582,27.6029,85.5929,1688
2016-08-01 06:00:00,98.45,transfer,1.0,94.8671,0.0,82.9133,82.9133,94.8671,0.0489,27.4409,85.3865,1689
2016-08-01 07:00:00,113.38,transfer,1.0,106.4407,0.0,102.2736,102.2736,106.4407,0.0469,27.289,85.2474,1690
2016-08-01 08:00:00,116.64,transfer,1.0,111.618,0.0,118.8425,118.8425,111.618,0.0489,27.1226,85.1168,1691
2016-08-01 09:00:00,127.82,transfer,1.0,114.1185,0.0,131.0079,131.0079,114.1185,0.0516,27.0224,85.0635,1692
2016-08-01 10:00:00,123.64,transfer,1.0,115.1398,0.0,118.2445,118.2445,115.1398,0.0519,26.8526,84.9474,1693
2016-08-01 11:00:00,130.89,transfer,1.0,115.8428,0.0,112.8857,112.8857,115.8428,0.0533,26.6863,84.8449,1694
2016-08-01 12:00:00,132.1,transfer,1.0,115.8873,0.0,118.1208,118.1208,115.8873,0.0554,26.5312,84.7631,1695
2016-08-01 13:00:00,139.96,transfer,1.0,115.5411,0.0,110.4072,110.4072,115.5411,0.0565,26.3675,84.6814,1696
2016-08-01 14:00:00,146.19,transfer,1.0,114.9545,0.0,129.1683,129.1683,114.9545,0.0574,26.264,85.2128,1697
2016-08-01 15:00:00,147.61,transfer,1.0,114.3069,0.0,123.5879,123.5879,114.3069,114.8388,26.3598,85.2447,1698
2016-08-01 16:00:00,153.07,transfer,1.0,111.8236,0.0,120.6501,120.6501,111.8236,115.9408,26.4545,85.2506,1699
2016-08-01 17:00:00,150.96,transfer,1.0,109.0942,0.0,112.2215,112.2215,109.0942,115.921,26.6556,85.37,1700
2016-08-01 18:00:00,83.57,transfer,1.0,106.7435,0.0,88.9571,88.9571,106.7435,115.9221,26.741,85.4772,1701
2016-08-01 19:00:00,73.2,transfer,1.0,102.3532,0.0,76.267,76.267,102.3532,114.9237,26.8831,85.6393,1702
2016-08-01 20:00:00,68.99,transfer,1.0,90.3807,0.0,107.4096,107.4096,90.3807,105.8536,26.9324,85.6608,1703
2016-08-01 21:00:00,69.27,transfer,1.0,78.9353,0.0,88.8606,88.8606,78.9353,75.2672,26.9385,85.4173,1704
2016-08-01 22:00:00,68.51,transfer,1.0,72.3583,0.0,72.7363,72.7363,72.3583,67.6351,26.9306,85.1826,1705
2016-08-01 23:00:00,67.0,transfer,1.0,69.1678,0.0,78.266,78.266,69.1678,68.5592,26.9064,85.1383,1706
2016-08-02 00:00:00,66.66,transfer,1.0,68.0214,0.0,62.2011,62.2011,68.0214,71.6936,26.9062,84.7773,1707
2016-08-02 01:00:00,66.14,transfer,1.0,68.3199,0.0,70.5162,70.5162,68.3199,0.067,26.5991,84.4123,1708
2016-08-02 02:00:00,66.79,transfer,1.0,72.8278,0.0,71.3655,71.3655,72.8278,0.06,26.3745,84.0132,1709
2016-08-02 03:00:00,66.34,transfer,1.0,77.9004,0.0,86.4982,86.4982,77.9004,0.059,26.3063,83.6307,1710
2016-08-02 04:00:00,119.46,transfer,1.0,85.2015,0.0,94.8299,94.8299,85.2015,0.0552,26.4123,83.5597,1711
2016-08-02 05:00:00,123.53,transfer,1.0,96.1418,0.0,89.5651,89.5651,96.1418,0.0468,26.473,83.492,1712
2016-08-02 06:00:00,112.85,transfer,1.0,108.6671,0.0,114.2855,114.2855,108.6671,0.0391,26.3299,83.2884,1713
2016-08-02 07:00:00,122.96,transfer,1.0,114.6377,0.0,131.243,131.243,114.6377,0.0372,26.1798,83.1113,1714
2016-08-02 08:00:00,136.93,transfer,1.0,117.2159,0.0,120.7365,120.7365,117.2159,0.039,26.0387,82.9577,1715
2016-08-02 09:00:00,142.51,transfer,1.0,118.4765,0.0,98.7984,98.7984,118.4765,0.0425,25.8649,82.7787,1716
2016-08-02 10:00:00,150.65,transfer,1.0,119.0668,0.0,109.1812,109.1812,119.0668,0.0444,25.8415,82.7536,1717
2016-08-02 11:00:00,145.21,transfer,1.0,119.291,0.0,133.2999,133.2999,119.291,0.0485,25.73,82.6422,1718
2016-08-02 12:00:00,146.99,transfer,1.0,119.427,0.0,106.7108,106.7108,119.427,0.052,25.5947,82.5097,1719
2016-08-02 13:00:00,165.2,transfer,1.0,119.3877,0.0,126.0031,126.0031,119.3877,0.0549,25.6587,82.5787,1720
2016-08-02 14:00:00,166.18,transfer,1.0,119.2143,0.0,115.5709,115.5709,119.2143,0.0538,25.7436,82.6712,1721
2016-08-02 15:00:00,160.97,transfer,1.0,119.0153,0.0,140.9183,140.9183,119.0153,0.0563,25.8204,83.4561,1722
2016-08-02 16:00:00,160.91,transfer,1.0,118.3331,0.0,129.948,129.948,118.3331,0.0582,25.836,84.1522,1723
2016-08-02 17:00:00,148.56,transfer,1.0,117.2666,0.0,88.7186,88.7186,117.2666,0.0603,25.8688,84.8358,1724
2016-08-02 18:00:00,89.88,transfer,1.0,115.898,0.0,119.3471,119.3471,115.898,116.2834,25.965,84.963,1725
2016-08-02 19:00:00,76.4,transfer,1.0,112.217,0.0,106.7608,106.7608,112.217,115.8534,26.1254,85.1759,1726
2016-08-02 20:00:00,80.04,transfer,1.0,100.8625,0.0,107.0525,107.0525,100.8625,111.4705,26.1788,85.2746,1727
2016-08-02 21:00:00,67.47,transfer,1.0,87.693,0.0,88.2407,88.2407,87.693,86.7212,26.2562,85.3023,1728
2016-08-02 22:00:00,66.38,transfer,1.0,80.6736,0.0,83.735,83.735,80.6736,83.593,26.3037,85.313,1729
2016-08-02 23:00:00,60.14,transfer,1.0,74.6203,0.0,71.7715,71.7715,74.6203,81.3216,26.3486,85.3067,1730
2016-08-03 00:00:00,51.81,transfer,1.0,70.5096,0.0,76.0858,76.0858,70.5096,76.8202,26.3673,85.2619,1731
2016-08-03 01:00:00,51.4,transfer,1.0,67.0152,0.0,56.0954,56.0954,67.0152,91.7552,26.2655,84.7903,1732
2016-08-03 02:00:00,49.07,transfer,1.0,68.2608,0.0,62.4103,62.4103,68.2608,0.0647,26.2427,84.347,1733
2016-08-03 03:00:00,53.76,transfer,1.0,70.4807,0.0,71.9902,71.9902,70.4807,0.0641,26.2669,83.9266,1734
2016-08-03 04:00:00,110.38,transfer,1.0,74.9643,0.0,73.0228,73.0228,74.9643,0.0629,26.3743,83.7883,1735
2016-08-03 05:00:00,103.11,transfer,1.0,88.0023,0.0,88.2529,88.2529,88.0023,0.0564,26.3066,83.5405,1736
2016-08-03 06:00:00,95.18,transfer,1.0,107.0463,0.0,93.4505,93.4505,107.0463,0.0505,26.13,83.1506,1737
2016-08-03 07:00:00,111.07,transfer,1.0,115.1067,0.0,113.8417,113.8417,115.1067,0.0514,25.9206,82.8669,1738
2016-08-03 08:00:00,131.61,transfer,1.0,117.6917,0.0,121.2407,121.2407,117.6917,0.0546,25.7575,82.6916,1739
2016-08-03 09:00:00,120.7,transfer,1.0,118.7421,0.0,109.0368,109.0368,118.7421,0.058,25.5184,82.4465,1740
2016-08-03 10:00:00,129.66,transfer,1.0,119.2311,0.0,112.4861,112.4861,119.2311,0.0599,25.2953,82.2203,1741
2016-08-03 11:00:00,135.62,transfer,1.0,119.2986,0.0,126.6127,126.6127,119.2986,0.0639,25.1109,82.0341,1742
2016-08-03 12:00:00,134.94,transfer,1.0,119.2267,0.0,112.9684,112.9684,119.2267,0.067,24.9456,81.8674,1743
2016-08-03 13:00:00,138.23,transfer,1.0,119.0147,0.0,109.5085,109.5085,119.0147,0.0693,24.793,81.7142,1744
2016-08-03 14:00:00,134.86,transfer,1.0,118.6493,0.0,110.5143,110.5143,118.6493,0.0702,24.7013,82.3158,1745
2016-08-03 15:00:00,129.11,transfer,1.0,117.8694,0.0,137.7927,137.7927,117.8694,0.0707,24.5776,82.901,1746
2016-08-03 16:00:00,128.2,transfer,1.0,115.2264,0.0,115.8105,115.8105,115.2264,0.0692,24.4312,83.4308,1747
2016-08-03 17:00:00,130.63,transfer,1.0,110.0421,0.0,118.0869,118.0869,110.0421,0.0691,24.4023,84.0157,1748
2016-08-03 18:00:00,69.73,transfer,1.0,102.8306,0.0,95.4591,95.4591,102.8306,113.3923,24.5335,84.2287,1749
2016-08-03 19:00:00,54.61,transfer,1.0,93.2235,0.0,79.1127,79.1127,93.2235,108.2855,24.6813,84.4811,1750
2016-08-03 20:00:00,54.61,transfer,1.0,78.2039,0.0,90.7117,90.7117,78.2039,80.9564,24.697,84.4796,1751
2016-08-03 21:00:00,56.32,transfer,1.0,67.2914,0.0,66.7344,66.7344,67.2914,61.3798,24.678,84.3916,1752
2016-08-03 22:00:00,56.44,transfer,1.0,62.5102,0.0,62.9387,62.9387,62.5102,56.8143,24.6563,84.3169,1753
2016-08-03 23:00:00,55.17,transfer,1.0,60.9274,0.0,57.7673,57.7673,60.9274,57.653,24.6338,84.1207,1754
2016-08-04 00:00:00,65.47,transfer,1.0,60.9817,0.0,51.7283,51.7283,60.9817,60.308,24.5775,83.9335,1755
2016-08-04 01:00:00,58.82,transfer,1.0,61.8062,0.0,64.755,64.755,61.8062,62.0516,24.2803,83.1756,1756
2016-08-04 02:00:00,57.21,transfer,1.0,68.3184,0.0,62.7759,62.7759,68.3184,85.0901,24.1382,82.58,1757
2016-08-04 03:00:00,52.67,transfer,1.0,74.7404,0.0,60.9135,60.9135,74.7404,102.0985,24.2086,82.1608,1758
2016-08-04 04:00:00,103.43,transfer,1.0,80.3207,0.0,88.6757,88.6757,80.3207,0.0684,24.2501,81.9902,1759
2016-08-04 05:00:00,93.17,transfer,1.0,90.2824,0.0,71.0828,71.0828,90.2824,0.0706,24.0989,81.6723,1760
2016-08-04 06:00:00,84.53,transfer,1.0,105.3371,0.0,90.5308,90.5308,105.3371,0.0658,24.0615,81.3043,1761
2016-08-04 07:00:00,97.69,transfer,1.0,111.9282,0.0,130.5929,130.5929,111.9282,0.063,23.9309,80.9585,1762
2016-08-04 08:00:00,113.57,transfer,1.0,114.5515,0.0,133.4591,133.4591,114.5515,0.0637,23.6921,80.677,1763
2016-08-04 09:00:00,143.09,transfer,1.0,115.7947,0.0,124.6979,124.6979,115.7947,0.0628,23.6342,80.5956,1764
2016-08-04 10:00:00,143.34,transfer,1.0,116.4119,0.0,106.9446,106.9446,116.4119,0.0607,23.5618,80.5037,1765
2016-08-04 11:00:00,152.31,transfer,1.0,117.5032,0.0,130.5024,130.5024,117.5032,0.059,23.4793,80.4092,1766
2016-08-04 12:00:00,149.09,transfer,1.0,118.1271,0.0,123.2691,123.2691,118.1271,0.06,23.3904,80.3135,1767
2016-08-04 13:00:00,144.85,transfer,1.0,118.391,0.0,136.879,136.879,118.391,0.0635,23.2644,80.1847,1768
2016-08-04 14:00:00,147.41,transfer,1.0,118.2601,0.0,127.1468,127.1468,118.2601,0.0711,23.2136,80.1339,1769
2016-08-04 15:00:00,146.12,transfer,1.0,117.5229,0.0,114.125,114.125,117.5229,116.3791,23.2234,80.1564,1770
2016-08-04 16:00:00,150.96,transfer,1.0,115.3112,0.0,119.4985,119.4985,115.3112,115.8635,23.2164,80.1338,1771
2016-08-04 17:00:00,143.16,transfer,1.0,112.0229,0.0,128.1107,128.1107,112.0229,115.6216,23.2502,80.108,1772
2016-08-04 18:00:00,91.66,transfer,1.0,108.7368,0.0,108.643,108.643,108.7368,115.7005,23.2906,80.2319,1773
2016-08-04 19:00:00,85.54,transfer,1.0,102.1671,0.0,81.3786,81.3786,102.1671,113.7208,23.3537,80.397,1774
2016-08-04 20:00:00,81.28,transfer,1.0,89.6007,0.0,82.9553,82.9553,89.6007,97.8323,23.2698,80.3578,1775
2016-08-04 21:00:00,75.04,transfer,1.0,79.4626,0.0,79.7725,79.7725,79.4626,71.2243,23.2107,80.2865,1776
2016-08-04 22:00:00,69.89,transfer,1.0,73.8668,0.0,72.9639,72.9639,73.8668,66.1501,23.1669,80.2281,1777
2016-08-04 23:00:00,65.55,transfer,1.0,70.4783,0.0,56.9241,56.9241,70.4783,66.74,23.1262,80.1473,1778
2016-08-05 00:00:00,56.91,transfer,1.0,68.6491,0.0,67.2119,67.2119,68.6491,66.71,23.1391,80.0026,1779
2016-08-05 01:00:00,48.88,transfer,1.0,68.3985,0.0,74.3959,74.3959,68.3985,71.4686,22.9649,79.3778,1780
2016-08-05 02:00:00,49.69,transfer,1.0,70.4725,0.0,76.5744,76.5744,70.4725,88.6202,22.8846,78.8425,1781
2016-08-05 03:00:00,49.07,transfer,1.0,71.7522,0.0,76.7603,76.7603,71.7522,88.0713,22.957,78.3561,1782
2016-08-05 04:00:00,99.4,transfer,1.0,74.123,0.0,81.8092,81.8092,74.123,0.0661,22.9513,78.1011,1783
2016-08-05 05:00:00,102.62,transfer,1.0,83.2963,0.0,84.5725,84.5725,83.2963,0.0606,22.8659,77.8079,1784
2016-08-05 06:00:00,100.83,transfer,1.0,100.2061,0.0,84.1861,84.1861,100.2061,0.0557,22.641,77.4698,1785
2016-08-05 07:00:00,101.5,transfer,1.0,110.6697,0.0,95.1955,95.1955,110.6697,0.0533,22.4748,77.1417,1786
2016-08-05 08:00:00,118.02,transfer,1.0,115.1181,0.0,124.8033,124.8033,115.1181,0.0563,22.2389,76.8787,1787
2016-08-05 09:00:00,148.38,transfer,1.0,116.6393,0.0,125.3023,125.3023,116.6393,0.0609,22.1905,76.8121,1788
2016-08-05 10:00:00,156.49,transfer,1.0,117.3046,0.0,116.2326,116.2326,117.3046,0.0613,22.1938,76.8018,1789
2016-08-05 11:00:00,151.63,transfer,1.0,118.0736,0.0,114.1232,114.1232,118.0736,0.0621,22.0949,76.695,1790
2016-08-05 12:00:00,159.26,transfer,1.0,118.4991,0.0,101.7294,101.7294,118.4991,0.0641,22.0915,76.688,1791
2016-08-05 13:00:00,143.96,transfer,1.0,118.5174,0.0,133.1124,133.1124,118.5174,0.0682,22.0066,76.6017,1792
2016-08-05 14:00:00,168.07,transfer,1.0,118.3353,0.0,118.087,118.087,118.3353,0.0699,22.1608,76.7582,1793
2016-08-05 15:00:00,172.73,transfer,1.0,117.5723,0.0,117.9374,117.9374,117.5723,0.0721,22.283,77.5813,1794
2016-08-05 16:00:00,158.9,transfer,1.0,116.2896,0.0,120.4437,120.4437,116.2896,0.0711,22.3218,78.2846,1795
2016-08-05 17:00:00,152.25,transfer,1.0,114.8088,0.0,121.3515,121.3515,114.8088,116.3335,22.419,78.3697,1796
2016-08-05 18:00:00,98.62,transfer,1.0,112.3276,0.0,102.5234,102.5234,112.3276,116.2094,22.3912,78.4246,1797
2016-08-05 19:00:00,89.12,transfer,1.0,107.0462,0.0,115.6422,115.6422,107.0462,114.8794,22.4208,78.5502,1798
2016-08-05 20:00:00,84.82,transfer,1.0,96.0102,0.0,97.5317,97.5317,96.0102,105.2144,22.371,78.5576,1799
2016-08-05 21:00:00,79.13,transfer,1.0,85.4811,0.0,99.383,99.383,85.4811,78.5232,22.3217,78.4933,1800
2016-08-05 22:00:00,77.32,transfer,1.0,79.1314,0.0,81.0952,81.0952,79.1314,71.1032,22.264,78.3587,1801
2016-08-05 23:00:00,71.0,transfer,1.0,75.2262,0.0,89.8152,89.8152,75.2262,70.6667,22.2378,78.1929,1802
2016-08-06 00:00:00,65.75,transfer,1.0,73.4832,0.0,71.5334,71.5334,73.4832,72.5999,22.2398,78.0386,1803
2016-08-06 01:00:00,64.96,transfer,1.0,70.8795,0.0,67.5224,67.5224,70.8795,68.3019,22.264,77.7438,1804
2016-08-06 02:00:00,64.14,transfer,1.0,70.3073,0.0,68.3112,68.3112,70.3073,69.0224,22.2988,77.454,1805
2016-08-06 03:00:00,63.01,transfer,1.0,70.5286,0.0,73.3529,73.3529,70.5286,96.4029,22.3413,77.3328,1806
2016-08-06 04:00:00,116.59,transfer,1.0,73.0245,0.0,72.9424,72.9424,73.0245,0.0668,22.2886,77.3987,1807
2016-08-06 05:00:00,112.34,transfer,1.0,77.0766,0.0,63.661,63.661,77.0766,0.0602,22.1663,77.4193,1808
2016-08-06 06:00:00,110.56,transfer,1.0,86.2048,0.0,72.6828,72.6828,86.2048,0.0531,22.0394,77.4741,1809
2016-08-06 07:00:00,105.79,transfer,1.0,93.3898,0.0,91.0966,91.0966,93.3898,0.0502,21.7518,77.3845,1810
2016-08-06 08:00:00,109.69,transfer,1.0,98.9529,0.0,99.8982,99.8982,98.9529,0.0505,21.4652,77.3003,1811
2016-08-06 09:00:00,124.42,transfer,1.0,101.9514,0.0,89.3982,89.3982,101.9514,0.0537,21.2866,77.3097,1812
2016-08-06 10:00:00,141.87,transfer,1.0,102.8743,0.0,84.6944,84.6944,102.8743,0.0531,21.2184,77.4032,1813
2016-08-06 11:00:00,154.46,transfer,1.0,103.6754,0.0,117.2633,117.2633,103.6754,0.0535,21.2085,77.5336,1814
2016-08-06 12:00:00,167.0,transfer,1.0,105.1281,0.0,83.0008,83.0008,105.1281,0.0558,21.284,77.7416,1815
2016-08-06 13:00:00,178.47,transfer,1.0,106.849,0.0,111.6439,111.6439,106.849,0.0571,21.4009,77.9936,1816
2016-08-06 14:00:00,164.0,transfer,1.0,108.5172,0.0,89.432,89.432,108.5172,0.0584,21.453,78.7295,1817
2016-08-06 15:00:00,157.98,transfer,1.0,109.2454,0.0,101.0348,101.0348,109.2454,0.0614,21.4463,79.4221,1818
2016-08-06 16:00:00,150.0,transfer,1.0,108.6087,0.0,89.9969,89.9969,108.6087,0.0593,21.4267,80.1368,1819
2016-08-06 17:00:00,144.21,transfer,1.0,106.7482,0.0,102.7037,102.7037,106.7482,113.9679,21.4003,80.1599,1820
2016-08-06 18:00:00,91.05,transfer,1.0,103.502,0.0,117.427,117.427,103.502,113.1735,21.4508,80.1796,1821
2016-08-06 19:00:00,84.03,transfer,1.0,98.1769,0.0,108.6121,108.6121,98.1769,109.4989,21.4935,80.1947,1822
2016-08-06 20:00:00,84.63,transfer,1.0,88.5968,0.0,98.0691,98.0691,88.5968,95.7637,21.5151,79.8749,1823
2016-08-06 21:00:00,70.11,transfer,1.0,80.3232,0.0,85.3591,85.3591,80.3232,82.4403,21.5613,79.608,1824
2016-08-06 22:00:00,64.8,transfer,1.0,75.3294,0.0,74.4094,74.4094,75.3294,78.6574,21.6173,79.3544,1825
2016-08-06 23:00:00,57.16,transfer,1.0,71.2405,0.0,70.7742,70.7742,71.2405,88.4242,21.6363,79.2666,1826
2016-08-07 00:00:00,56.97,transfer,1.0,67.4753,0.0,77.9019,77.9019,67.4753,100.3417,21.6295,79.2583,1827
2016-08-07 01:00:00,60.57,transfer,1.0,65.1217,0.0,56.1375,56.1375,65.1217,1.6433,21.5893,79.3444,1828
2016-08-07 02:00:00,60.6,transfer,1.0,64.5527,0.0,72.0915,72.0915,64.5527,0.0702,21.5495,79.4355,1829
2016-08-07 03:00:00,60.9,transfer,1.0,65.2094,0.0,68.9199,68.9199,65.2094,0.0691,21.5141,79.5264,1830
2016-08-07 04:00:00,108.1,transfer,1.0,66.8026,0.0,59.3998,59.3998,66.8026,0.0676,21.5184,79.595,1831
2016-08-07 05:00:00,105.26,transfer,1.0,70.6012,0.0,61.2629,61.2629,70.6012,0.058,21.4593,79.6198,1832
2016-08-07 06:00:00,97.13,transfer,1.0,78.5951,0.0,72.1503,72.1503,78.5951,0.0511,21.3862,79.658,1833
2016-08-07 07:00:00,99.34,transfer,1.0,86.0688,0.0,65.0504,65.0504,86.0688,0.0487,21.2216,79.6235,1834
2016-08-07 08:00:00,107.51,transfer,1.0,92.114,0.0,71.5894,71.5894,92.114,0.0506,21.1144,79.6633,1835
2016-08-07 09:00:00,115.79,transfer,1.0,95.4835,0.0,99.1953,99.1953,95.4835,0.053,21.0056,79.7083,1836
2016-08-07 10:00:00,117.61,transfer,1.0,97.2057,0.0,102.6183,102.6183,97.2057,0.0517,20.8788,79.7395,1837
2016-08-07 11:00:00,121.03,transfer,1.0,98.5684,0.0,112.2358,112.2358,98.5684,0.0511,20.7878,79.8089,1838
2016-08-07 12:00:00,121.45,transfer,1.0,98.721,0.0,79.3187,79.3187,98.721,0.0513,20.7324,79.9117,1839
2016-08-07 13:00:00,129.43,transfer,1.0,98.1362,0.0,93.4395,93.4395,98.1362,0.0515,20.6971,80.0323,1840
2016-08-07 14:00:00,134.71,transfer,1.0,96.1488,0.0,92.2905,92.2905,96.1488,0.0509,20.6836,80.1737,1841
2016-08-07 15:00:00,135.81,transfer,1.0,93.7299,0.0,80.0925,80.0925,93.7299,0.0512,20.6757,80.8034,1842
2016-08-07 16:00:00,143.04,transfer,1.0,90.6696,0.0,98.1995,98.1995,90.6696,0.0503,20.7029,81.486,1843
2016-08-07 17:00:00,137.9,transfer,1.0,87.6841,0.0,78.1411,78.1411,87.6841,0.0507,20.7636,82.1501,1844
2016-08-07 18:00:00,78.15,transfer,1.0,85.2653,0.0,99.2955,99.2955,85.2653,0.0512,20.7704,82.5129,1845
2016-08-07 19:00:00,71.23,transfer,1.0,82.1721,0.0,81.5513,81.5513,82.1721,0.0592,20.7883,82.843,1846
2016-08-07 20:00:00,74.01,transfer,1.0,75.2006,0.0,76.9779,76.9779,75.2006,0.0688,20.7855,83.2391,1847
2016-08-07 21:00:00,70.21,transfer,1.0,68.9677,0.0,50.5275,50.5275,68.9677,0.074,20.7698,83.6275,1848
2016-08-07 22:00:00,69.42,transfer,1.0,65.5738,0.0,61.494,61.494,65.5738,0.0745,20.7587,83.8001,1849
2016-08-07 23:00:00,64.95,transfer,1.0,63.1867,0.0,67.9405,67.9405,63.1867,0.0748,20.7351,83.9461,1850
2016-08-08 00:00:00,61.27,transfer,1.0,61.6467,0.0,55.267,55.267,61.6467,0.074,20.7023,84.2085,1851
2016-08-08 01:00:00,59.42,transfer,1.0,61.6306,0.0,71.1786,71.1786,61.6306,0.0684,20.6883,84.2215,1852
2016-08-08 02:00:00,59.42,transfer,1.0,63.4447,0.0,69.494,69.494,63.4447,0.064,20.7076,84.2356,1853
2016-08-08 03:00:00,58.98,transfer,1.0,66.5346,0.0,63.49,63.49,66.5346,0.0631,20.73,84.2461,1854
2016-08-08 04:00:00,107.92,transfer,1.0,71.4125,0.0,75.6165,75.6165,71.4125,0.0625,20.6311,84.1731,1855
2016-08-08 05:00:00,103.94,transfer,1.0,81.4624,0.0,75.7313,75.7313,81.4624,0.0519,20.5598,84.1324,1856
2016-08-08 06:00:00,123.58,transfer,1.0,96.7565,0.0,88.7525,88.7525,96.7565,0.0448,20.6982,84.282,1857
2016-08-08 07:00:00,142.53,transfer,1.0,106.9484,0.0,113.8145,113.8145,106.9484,0.0429,20.8687,84.4555,1858
2016-08-08 08:00:00,161.41,transfer,1.0,113.6853,0.0,122.2906,122.2906,113.6853,0.0432,21.1228,84.722,1859
2016-08-08 09:00:00,174.69,transfer,1.0,117.3082,0.0,102.7592,102.7592,117.3082,0.0448,21.3828,85.0011,1860
2016-08-08 10:00:00,169.57,transfer,1.0,118.8404,0.0,113.9628,113.9628,118.8404,0.0485,21.6342,85.2745,1861
2016-08-08 11:00:00,166.84,transfer,1.0,119.447,0.0,111.3581,111.3581,119.447,0.055,21.8267,85.4885,1862
2016-08-08 12:00:00,161.01,transfer,1.0,119.656,0.0,110.8074,110.8074,119.656,0.063,21.9764,85.6605,1863
2016-08-08 13:00:00,164.41,transfer,1.0,119.6782,0.0,142.5856,142.5856,119.6782,0.0682,22.0973,85.806,1864
2016-08-08 14:00:00,153.08,transfer,1.0,119.5581,0.0,122.3711,122.3711,119.5581,0.071,22.1109,85.8469,1865
2016-08-08 15:00:00,151.99,transfer,1.0,119.2986,0.0,120.2209,120.2209,119.2986,0.0738,22.1073,86.5561,1866
2016-08-08 16:00:00,152.87,transfer,1.0,118.6376,0.0,106.7271,106.7271,118.6376,0.0712,22.0655,87.2446,1867
2016-08-08 17:00:00,151.3,transfer,1.0,117.5284,0.0,123.4127,123.4127,117.5284,0.067,22.0173,87.9362,1868
2016-08-08 18:00:00,111.64,transfer,1.0,115.8965,0.0,113.8318,113.8318,115.8965,0.0644,21.9047,88.4078,1869
2016-08-08 19:00:00,92.61,transfer,1.0,111.126,0.0,121.265,121.265,111.126,0.0662,21.8414,88.7103,1870
2016-08-08 20:00:00,82.69,transfer,1.0,101.9798,0.0,106.8314,106.8314,101.9798,89.309,21.8289,88.5303,1871
2016-08-08 21:00:00,67.52,transfer,1.0,91.8343,0.0,96.3325,96.3325,91.8343,92.5644,21.9161,88.6437,1872
2016-08-08 22:00:00,63.83,transfer,1.0,83.722,0.0,73.9348,73.9348,83.722,94.2551,22.0116,88.8195,1873
2016-08-08 23:00:00,63.29,transfer,1.0,76.9632,0.0,65.6472,65.6472,76.9632,91.909,22.0801,88.9806,1874
2016-08-09 00:00:00,62.59,transfer,1.0,72.7878,0.0,74.5192,74.5192,72.7878,90.9418,22.1327,89.1194,1875
2016-08-09 01:00:00,61.89,transfer,1.0,71.7465,0.0,90.0205,90.0205,71.7465,0.0676,22.1784,89.0941,1876
2016-08-09 02:00:00,61.27,transfer,1.0,74.7274,0.0,79.2135,79.2135,74.7274,0.0619,22.2226,89.0612,1877
2016-08-09 03:00:00,60.87,transfer,1.0,79.4408,0.0,76.6424,76.6424,79.4408,0.0599,22.2643,89.0287,1878
2016-08-09 04:00:00,95.58,transfer,1.0,86.4127,0.0,86.6941,86.6941,86.4127,0.0575,22.1149,88.8865,1879
2016-08-09 05:00:00,102.08,transfer,1.0,98.6201,0.0,90.8505,90.8505,98.6201,0.0487,21.9725,88.7588,1880
2016-08-09 06:00:00,106.77,transfer,1.0,109.6641,0.0,100.5553,100.5553,109.6641,0.0431,21.9648,88.7226,1881
2016-08-09 07:00:00,126.38,transfer,1.0,115.3891,0.0,114.2244,114.2244,115.3891,0.0392,21.9807,88.743,1882
2016-08-09 08:00:00,141.08,transfer,1.0,117.9149,0.0,118.0049,118.0049,117.9149,0.0384,22.0013,88.7677,1883
2016-08-09 09:00:00,147.0,transfer,1.0,119.1059,0.0,128.7771,128.7771,119.1059,0.0404,22.0242,88.7944,1884
2016-08-09 10:00:00,160.34,transfer,1.0,119.5677,0.0,86.2917,86.2917,119.5677,0.0436,22.0789,88.8521,1885
2016-08-09 11:00:00,165.66,transfer,1.0,119.725,0.0,107.84,107.84,119.725,0.0472,22.1981,88.9738,1886
2016-08-09 12:00:00,158.49,transfer,1.0,119.7809,0.0,130.0854,130.0854,119.7809,0.0512,22.2644,89.0423,1887
2016-08-09 13:00:00,168.76,transfer,1.0,119.7664,0.0,128.8593,128.8593,119.7664,0.0548,22.2834,89.0635,1888
2016-08-09 14:00:00,158.56,transfer,1.0,119.6582,0.0,120.4128,120.4128,119.6582,0.0571,22.2354,89.0181,1889
2016-08-09 15:00:00,151.81,transfer,1.0,119.481,0.0,137.3871,137.3871,119.481,0.0586,22.1781,88.9636,1890
2016-08-09 16:00:00,146.88,transfer,1.0,118.995,0.0,115.7521,115.7521,118.995,0.0557,22.0906,88.8801,1891
2016-08-09 17:00:00,131.2,transfer,1.0,118.0663,0.0,118.0833,118.0833,118.0663,0.0541,21.9825,88.7768,1892
2016-08-09 18:00:00,96.12,transfer,1.0,116.3804,0.0,113.5337,113.5337,116.3804,0.0524,21.9482,89.1914,1893
2016-08-09 19:00:00,80.73,transfer,1.0,110.6928,0.0,111.4164,111.4164,110.6928,0.0546,21.9134,89.4368,1894
2016-08-09 20:00:00,78.47,transfer,1.0,98.1188,0.0,104.5281,104.5281,98.1188,0.0586,21.9064,89.7165,1895
2016-08-09 21:00:00,67.43,transfer,1.0,86.1807,0.0,91.6975,91.6975,86.1807,0.062,21.8977,90.0029,1896
2016-08-09 22:00:00,68.9,transfer,1.0,78.299,0.0,65.6029,65.6029,78.299,19.5028,21.8685,90.1944,1897
2016-08-09 23:00:00,67.89,transfer,1.0,72.7182,0.0,67.4568,67.4568,72.7182,0.0655,21.8111,90.4721,1898
2016-08-10 00:00:00,68.33,transfer,1.0,69.9267,0.0,73.9862,73.9862,69.9267,0.0642,21.7093,90.7295,1899
2016-08-10 01:00:00,68.21,transfer,1.0,68.8314,0.0,79.9462,79.9462,68.8314,0.0645,21.62,90.895,1900
2016-08-10 02:00:00,57.27,transfer,1.0,71.4292,0.0,64.5482,64.5482,71.4292,0.0602,21.5901,90.9438,1901
2016-08-10 03:00:00,55.14,transfer,1.0,75.246,0.0,84.763,84.763,75.246,0.0597,21.6102,90.952,1902
2016-08-10 04:00:00,110.07,transfer,1.0,79.5396,0.0,84.119,84.119,79.5396,0.0605,21.5811,90.9502,1903
2016-08-10 05:00:00,123.69,transfer,1.0,90.2676,0.0,91.8147,91.8147,90.2676,0.0559,21.6901,91.0727,1904
2016-08-10 06:00:00,133.74,transfer,1.0,105.8715,0.0,97.7791,97.7791,105.8715,0.0515,21.7854,91.3022,1905
2016-08-10 07:00:00,155.22,transfer,1.0,114.5061,0.0,114.3529,114.3529,114.5061,0.0506,22.0037,91.565,1906
2016-08-10 08:00:00,173.56,transfer,1.0,117.8983,0.0,129.4319,129.4319,117.8983,0.056,22.2522,91.8147,1907
2016-08-10 09:00:00,181.1,transfer,1.0,119.278,0.0,126.6934,126.6934,119.278,0.0646,22.6085,92.1742,1908
2016-08-10 10:00:00,191.34,transfer,1.0,119.7694,0.0,111.3551,111.3551,119.7694,0.0739,22.9725,92.5413,1909
2016-08-10 11:00:00,190.4,transfer,1.0,119.9874,0.0,129.0795,129.0795,119.9874,0.0827,23.2944,92.8672,1910
2016-08-10 12:00:00,189.4,transfer,1.0,120.0786,0.0,111.4561,111.4561,120.0786,0.0893,23.6135,93.1913,1911
2016-08-10 13:00:00,191.48,transfer,1.0,120.0913,0.0,103.7721,103.7721,120.0913,0.0932,23.9241,93.5081,1912
2016-08-10 14:00:00,188.66,transfer,1.0,120.049,0.0,137.7339,137.7339,120.049,0.0951,24.236,93.8282,1913
2016-08-10 15:00:00,190.26,transfer,1.0,119.958,0.0,124.656,124.656,119.958,0.096,24.5875,94.192,1914
2016-08-10 16:00:00,175.52,transfer,1.0,119.712,0.0,101.6,101.6,119.712,0.0969,24.8425,94.4735,1915
2016-08-10 17:00:00,176.46,transfer,1.0,119.3506,0.0,109.1741,109.1741,119.3506,0.0976,25.0599,94.7461,1916
2016-08-10 18:00:00,103.18,transfer,1.0,118.7745,0.0,104.6571,104.6571,118.7745,0.0981,24.9557,95.0998,1917
2016-08-10 19:00:00,92.4,transfer,1.0,117.3304,0.0,136.1424,136.1424,117.3304,116.4368,24.8743,94.9234,1918
2016-08-10 20:00:00,91.02,transfer,1.0,111.0594,0.0,96.4431,96.4431,111.0594,115.4885,24.8531,94.9122,1919
2016-08-10 21:00:00,73.26,transfer,1.0,100.2683,0.0,116.7266,116.7266,100.2683,105.9952,24.9486,95.077,1920
2016-08-10 22:00:00,74.07,transfer,1.0,91.8569,0.0,84.7058,84.7058,91.8569,101.498,25.0183,95.238,1921
2016-08-10 23:00:00,71.33,transfer,1.0,84.1616,0.0,98.0555,98.0555,84.1616,99.2514,25.0604,95.3894,1922
2016-08-11 00:00:00,70.46,transfer,1.0,79.8337,0.0,66.5559,66.5559,79.8337,97.1153,25.0895,95.5174,1923
2016-08-11 01:00:00,69.96,transfer,1.0,77.4902,0.0,83.4619,83.4619,77.4902,101.8949,25.1165,95.6882,1924
2016-08-11 02:00:00,71.36,transfer,1.0,79.949,0.0,98.4686,98.4686,79.949,112.9261,25.1015,95.7697,1925
2016-08-11 03:00:00,70.96,transfer,1.0,83.6433,0.0,85.3401,85.3401,83.6433,113.6027,25.0457,95.7293,1926
2016-08-11 04:00:00,132.15,transfer,1.0,90.7943,0.0,115.3114,115.3114,90.7943,0.0788,25.1543,95.9002,1927
2016-08-11 05:00:00,138.72,transfer,1.0,102.6307,0.0,93.3594,93.3594,102.6307,112.1269,25.3519,95.5043,1928
2016-08-11 06:00:00,152.81,transfer,1.0,112.9964,0.0,118.1204,118.1204,112.9964,112.2979,25.465,95.2427,1929
2016-08-11 07:00:00,167.55,transfer,1.0,117.0677,0.0,142.6121,142.6121,117.0677,105.5594,25.6808,95.0306,1930
2016-08-11 08:00:00,202.12,transfer,1.0,118.81,0.0,131.0392,131.0392,118.81,0.0819,26.1708,95.5575,1931
2016-08-11 09:00:00,206.07,transfer,1.0,119.5962,0.0,126.4188,126.4188,119.5962,105.4848,26.5231,95.3049,1932
2016-08-11 10:00:00,208.35,transfer,1.0,119.9325,0.0,117.7874,117.7874,119.9325,111.1836,26.8891,95.0304,1933
2016-08-11 11:00:00,203.36,transfer,1.0,120.0574,0.0,110.7621,110.7621,120.0574,113.8127,27.1777,94.6572,1934
2016-08-11 12:00:00,218.49,transfer,1.0,120.1218,0.0,120.1843,120.1843,120.1218,113.1089,27.579,94.3974,1935
2016-08-11 13:00:00,215.05,transfer,1.0,120.1347,0.0,102.5504,102.5504,120.1347,113.8464,27.9864,94.1379,1936
2016-08-11 14:00:00,205.42,transfer,1.0,120.1183,0.0,83.4494,83.4494,120.1183,0.0936,28.3207,94.4831,1937
2016-08-11 15:00:00,196.95,transfer,1.0,120.0726,0.0,102.0609,102.0609,120.0726,0.097,28.6081,95.4778,1938
2016-08-11 16:00:00,193.0,transfer,1.0,119.9591,0.0,121.8643,121.8643,119.9591,0.0968,28.8306,96.4172,1939
2016-08-11 17:00:00,193.29,transfer,1.0,119.7828,0.0,120.7972,120.7972,119.7828,0.0959,29.0828,97.4032,1940
2016-08-11 18:00:00,97.35,transfer,1.0,119.5211,0.0,117.546,117.546,119.5211,116.4509,29.1132,97.3738,1941
2016-08-11 19:00:00,84.46,transfer,1.0,118.9272,0.0,120.2678,120.2678,118.9272,116.4893,29.2194,97.3967,1942
2016-08-11 20:00:00,84.23,transfer,1.0,116.1688,0.0,125.3987,125.3987,116.1688,116.33,29.3599,97.4893,1943
2016-08-11 21:00:00,75.79,transfer,1.0,108.9966,0.0,95.1778,95.1778,108.9966,115.0554,29.5313,97.7003,1944
2016-08-11 22:00:00,74.59,transfer,1.0,99.2896,0.0,115.5017,115.5017,99.2896,112.1142,29.6546,97.9014,1945
2016-08-11 23:00:00,73.72,transfer,1.0,92.326,0.0,96.6202,96.6202,92.326,110.7015,29.736,98.1144,1946
2016-08-12 00:00:00,73.44,transfer,1.0,88.2524,0.0,88.1203,88.1203,88.2524,112.5442,29.7543,98.2888,1947
2016-08-12 01:00:00,72.13,transfer,1.0,86.1578,0.0,88.848,88.848,86.1578,99.9479,29.7216,98.32,1948
2016-08-12 02:00:00,71.83,transfer,1.0,88.1435,0.0,100.7655,100.7655,88.1435,97.499,29.695,98.241,1949
2016-08-12 03:00:00,70.36,transfer,1.0,91.4552,0.0,103.9409,103.9409,91.4552,0.0703,29.6856,98.4273,1950
2016-08-12 04:00:00,140.74,transfer,1.0,96.0266,0.0,100.5789,100.5789,96.0266,0.0695,29.8013,98.6733,1951
2016-08-12 05:00:00,149.28,transfer,1.0,104.5533,0.0,111.2694,111.2694,104.5533,0.065,29.9525,98.951,1952
2016-08-12 06:00:00,174.12,transfer,1.0,113.1533,0.0,109.4372,109.4372,113.1533,0.0629,30.3117,99.3872,1953
2016-08-12 07:00:00,174.51,transfer,1.0,116.893,0.0,125.2119,125.2119,116.893,0.0675,30.6001,99.8217,1954
2016-08-12 08:00:00,195.06,transfer,1.0,118.6163,0.0,109.8703,109.8703,118.6163,0.0738,31.0378,100.2802,1955
2016-08-12 09:00:00,205.41,transfer,1.0,119.4181,0.0,127.7603,127.7603,119.4181,0.08,31.3607,100.6196,1956
2016-08-12 10:00:00,209.36,transfer,1.0,119.7837,0.0,112.3352,112.3352,119.7837,0.0828,31.6607,100.9341,1957
2016-08-12 11:00:00,212.26,transfer,1.0,119.9317,0.0,126.993,126.993,119.9317,0.0843,32.0105,101.2949,1958
2016-08-12 12:00:00,216.95,transfer,1.0,119.9883,0.0,136.9068,136.9068,119.9883,0.0865,32.345,101.6381,1959
2016-08-12 13:00:00,212.14,transfer,1.0,119.9946,0.0,135.8778,135.8778,119.9946,0.0878,32.7421,102.0439,1960
2016-08-12 14:00:00,215.82,transfer,1.0,119.9608,0.0,104.9526,104.9526,119.9608,0.0876,33.0166,102.328,1961
2016-08-12 15:00:00,202.48,transfer,1.0,119.9015,0.0,128.8499,128.8499,119.9015,0.0879,33.1798,102.505,1962
2016-08-12 16:00:00,194.69,transfer,1.0,119.7765,0.0,133.3101,133.3101,119.7765,0.0874,33.3721,102.7179,1963
2016-08-12 17:00:00,189.89,transfer,1.0,119.5515,0.0,129.323,129.323,119.5515,0.0879,33.5679,103.6339,1964
2016-08-12 18:00:00,105.18,transfer,1.0,119.236,0.0,134.5592,134.5592,119.236,0.0881,33.57,104.1547,1965
2016-08-12 19:00:00,87.8,transfer,1.0,118.3943,0.0,116.975,116.975,118.3943,0.0894,33.6454,104.5235,1966
2016-08-12 20:00:00,90.13,transfer,1.0,115.0797,0.0,119.9855,119.9855,115.0797,0.0879,33.7273,104.9381,1967
2016-08-12 21:00:00,77.23,transfer,1.0,107.8682,0.0,107.2414,107.2414,107.8682,0.0833,33.8719,105.3937,1968
2016-08-12 22:00:00,76.02,transfer,1.0,99.5747,0.0,92.4211,92.4211,99.5747,0.0772,34.0013,105.8087,1969
2016-08-12 23:00:00,75.52,transfer,1.0,92.9141,0.0,101.3534,101.3534,92.9141,0.0735,34.0797,106.2558,1970
2016-08-13 00:00:00,74.68,transfer,1.0,88.834,0.0,94.3893,94.3893,88.834,0.0729,34.1179,106.6591,1971
2016-08-13 01:00:00,74.15,transfer,1.0,84.3267,0.0,82.3794,82.3794,84.3267,0.0704,34.1433,107.0802,1972
2016-08-13 02:00:00,72.53,transfer,1.0,81.9273,0.0,69.9313,69.9313,81.9273,0.0674,34.1625,107.4824,1973
2016-08-13 03:00:00,72.99,transfer,1.0,80.9141,0.0,85.3552,85.3552,80.9141,0.0654,34.1649,107.7178,1974
2016-08-13 04:00:00,145.28,transfer,1.0,80.9668,0.0,85.5001,85.5001,80.9668,0.0633,34.2884,107.8885,1975
2016-08-13 05:00:00,153.8,transfer,1.0,84.125,0.0,96.5767,96.5767,84.125,0.0555,34.4932,108.1354,1976
2016-08-13 06:00:00,156.24,transfer,1.0,91.8008,0.0,96.3782,96.3782,91.8008,0.0498,34.7318,108.4073,1977
2016-08-13 07:00:00,154.96,transfer,1.0,98.5325,0.0,90.9196,90.9196,98.5325,0.0492,34.9939,108.7,1978
2016-08-13 08:00:00,160.99,transfer,1.0,104.3099,0.0,122.8476,122.8476,104.3099,0.0525,35.2674,109.0053,1979
2016-08-13 09:00:00,147.59,transfer,1.0,108.2768,0.0,118.8958,118.8958,108.2768,0.058,35.3676,109.1432,1980
2016-08-13 10:00:00,166.41,transfer,1.0,110.5705,0.0,105.7849,105.7849,110.5705,0.0611,35.4679,109.2892,1981
2016-08-13 11:00:00,166.8,transfer,1.0,111.5348,0.0,116.7177,116.7177,111.5348,0.0638,35.4946,109.3626,1982
2016-08-13 12:00:00,157.14,transfer,1.0,112.1906,0.0,106.4096,106.4096,112.1906,0.0654,35.3938,109.3039,1983
2016-08-13 13:00:00,157.54,transfer,1.0,112.2091,0.0,125.7898,125.7898,112.2091,0.0663,35.2373,109.1792,1984
2016-08-13 14:00:00,172.02,transfer,1.0,111.6114,0.0,115.5575,115.5575,111.6114,0.0657,35.2667,109.2269,1985
2016-08-13 15:00:00,182.33,transfer,1.0,110.2095,0.0,104.095,104.095,110.2095,0.0623,35.4059,109.3719,1986
2016-08-13 16:00:00,182.93,transfer,1.0,108.9098,0.0,105.4339,105.4339,108.9098,0.0583,35.6001,109.5679,1987
2016-08-13 17:00:00,172.81,transfer,1.0,107.7663,0.0,96.3702,96.3702,107.7663,0.0569,35.7643,110.4162,1988
2016-08-13 18:00:00,95.49,transfer,1.0,106.4654,0.0,108.3472,108.3472,106.4654,0.0558,35.7555,110.8525,1989
2016-08-13 19:00:00,86.29,transfer,1.0,103.5111,0.0,96.0023,96.0023,103.5111,0.0547,35.7738,111.2142,1990
2016-08-13 20:00:00,90.66,transfer,1.0,94.708,0.0,92.5632,92.5632,94.708,0.0589,35.7742,111.6873,1991
2016-08-13 21:00:00,80.98,transfer,1.0,85.5571,0.0,88.5995,88.5995,85.5571,0.0645,35.7407,112.0955,1992
2016-08-13 22:00:00,80.81,transfer,1.0,79.5487,0.0,77.5275,77.5275,79.5487,0.0663,35.6855,112.4936,1993
2016-08-13 23:00:00,78.55,transfer,1.0,75.012,0.0,73.1685,73.1685,75.012,0.0661,35.6228,112.7747,1994
2016-08-14 00:00:00,79.18,transfer,1.0,71.9526,0.0,70.4028,70.4028,71.9526,0.0669,35.6033,112.9875,1995
2016-08-14 01:00:00,76.72,transfer,1.0,70.4716,0.0,73.5348,73.5348,70.4716,0.0652,35.6134,113.093,1996
2016-08-14 02:00:00,76.84,transfer,1.0,69.9095,0.0,69.1755,69.1755,69.9095,0.0635,35.6311,113.1897,1997
2016-08-14 03:00:00,77.3,transfer,1.0,69.8816,0.0,67.0289,67.0289,69.8816,0.0619,35.6496,113.2873,1998
2016-08-14 04:00:00,145.04,transfer,1.0,70.6365,0.0,72.7284,72.7284,70.6365,0.0597,35.8467,113.5073,1999
2016-08-14 05:00:00,160.14,transfer,1.0,72.9034,0.0,62.7357,62.7357,72.9034,0.0495,36.1596,113.834,2000
2016-08-14 06:00:00,160.21,transfer,1.0,78.6786,0.0,82.485,82.485,78.6786,0.0424,36.5346,114.2095,2001
2016-08-14 07:00:00,149.36,transfer,1.0,85.0096,0.0,88.7923,88.7923,85.0096,0.0415,36.8386,114.5073,2002
2016-08-14 08:00:00,158.07,transfer,1.0,91.3001,0.0,109.2897,109.2897,91.3001,0.0437,37.1444,114.8083,2003
2016-08-14 09:00:00,160.63,transfer,1.0,95.8134,0.0,104.2866,104.2866,95.8134,0.0487,37.4094,115.0752,2004
2016-08-14 10:00:00,157.97,transfer,1.0,98.918,0.0,109.3065,109.3065,98.918,0.0516,37.6394,115.3155,2005
2016-08-14 11:00:00,165.71,transfer,1.0,101.037,0.0,101.4813,101.4813,101.037,0.0542,37.8907,115.5814,2006
2016-08-14 12:00:00,162.64,transfer,1.0,102.0778,0.0,123.9696,123.9696,102.0778,0.0568,38.1159,115.8265,2007
2016-08-14 13:00:00,159.7,transfer,1.0,102.621,0.0,98.3534,98.3534,102.621,0.0581,38.2694,116.0067,2008
2016-08-14 14:00:00,160.11,transfer,1.0,102.5106,0.0,93.9565,93.9565,102.5106,0.0583,38.3827,116.1578,2009
2016-08-14 15:00:00,159.78,transfer,1.0,101.8498,0.0,95.9741,95.9741,101.8498,0.0566,38.477,116.3005,2010
2016-08-14 16:00:00,163.57,transfer,1.0,100.8428,0.0,84.1463,84.1463,100.8428,0.0521,38.5387,116.4227,2011
2016-08-14 17:00:00,171.31,transfer,1.0,99.2336,0.0,111.571,111.571,99.2336,0.05,38.6688,116.6215,2012
2016-08-14 18:00:00,88.79,transfer,1.0,97.6348,0.0,80.8203,80.8203,97.6348,0.0474,38.6791,116.6849,2013
2016-08-14 19:00:00,85.04,transfer,1.0,95.3929,0.0,95.1132,95.1132,95.3929,0.0468,38.6756,116.7672,2014
2016-08-14 20:00:00,89.9,transfer,1.0,86.9741,0.0,79.632,79.632,86.9741,0.0549,38.6859,116.8618,2015
2016-08-14 21:00:00,75.72,transfer,1.0,78.9587,0.0,71.3346,71.3346,78.9587,0.0615,38.6978,116.8947,2016
2016-08-14 22:00:00,74.84,transfer,1.0,74.4342,0.0,72.6528,72.6528,74.4342,0.0626,38.6773,116.927,2017
2016-08-14 23:00:00,72.57,transfer,1.0,70.5111,0.0,69.5173,69.5173,70.5111,0.0639,38.6791,116.9725,2018
2016-08-15 00:00:00,72.5,transfer,1.0,67.6877,0.0,64.9801,64.9801,67.6877,0.0658,38.7055,117.0394,2019
2016-08-15 01:00:00,72.35,transfer,1.0,67.104,0.0,65.0121,65.0121,67.104,0.0613,38.7236,117.1164,2020
2016-08-15 02:00:00,73.3,transfer,1.0,67.4627,0.0,71.1773,71.1773,67.4627,0.0611,38.7343,117.199,2021
2016-08-15 03:00:00,72.46,transfer,1.0,68.9109,0.0,61.1873,61.1873,68.9109,0.0594,38.7105,117.2793,2022
2016-08-15 04:00:00,135.28,transfer,1.0,71.6512,0.0,48.8625,48.8625,71.6512,0.0574,38.8719,117.4422,2023
2016-08-15 05:00:00,147.99,transfer,1.0,78.7507,0.0,65.1361,65.1361,78.7507,0.0472,39.1503,117.7044,2024
2016-08-15 06:00:00,158.47,transfer,1.0,90.3619,0.0,83.5301,83.5301,90.3619,0.0422,39.396,117.9121,2025
2016-08-15 07:00:00,178.37,transfer,1.0,101.0742,0.0,99.1103,99.1103,101.0742,0.0422,39.6443,118.1254,2026
2016-08-15 08:00:00,198.25,transfer,1.0,109.5084,0.0,114.4752,114.4752,109.5084,0.0445,39.8885,118.3447,2027
2016-08-15 09:00:00,207.87,transfer,1.0,114.9705,0.0,118.5978,118.5978,114.9705,0.0504,40.0999,118.5422,2028
2016-08-15 10:00:00,200.77,transfer,1.0,117.5701,0.0,111.6795,111.6795,117.5701,0.0574,40.2932,118.7278,2029
2016-08-15 11:00:00,203.6,transfer,1.0,118.7066,0.0,102.6183,102.6183,118.7066,0.0631,40.5164,118.9466,2030
2016-08-15 12:00:00,206.3,transfer,1.0,119.2226,0.0,113.7395,113.7395,119.2226,0.0671,40.7885,119.2161,2031
2016-08-15 13:00:00,209.21,transfer,1.0,119.4812,0.0,126.3683,126.3683,119.4812,0.0687,41.0564,119.4828,2032
2016-08-15 14:00:00,215.07,transfer,1.0,119.6003,0.0,109.5216,109.5216,119.6003,0.0701,41.4251,119.8518,2033
2016-08-15 15:00:00,208.47,transfer,1.0,119.6352,0.0,117.7202,117.7202,119.6352,0.0713,41.7593,120.188,2034
2016-08-15 16:00:00,202.85,transfer,1.0,119.6079,0.0,122.218,122.218,119.6079,0.0725,42.051,120.4855,2035
2016-08-15 17:00:00,193.66,transfer,1.0,119.5253,0.0,109.539,109.539,119.5253,0.0743,42.2913,120.7376,2036
2016-08-15 18:00:00,108.55,transfer,1.0,119.3922,0.0,115.1437,115.1437,119.3922,0.0753,42.3305,120.7191,2037
2016-08-15 19:00:00,89.55,transfer,1.0,118.819,0.0,122.7432,122.7432,118.819,0.073,42.3945,120.7009,2038
2016-08-15 20:00:00,87.45,transfer,1.0,116.2173,0.0,110.7851,110.7851,116.2173,0.0695,42.4509,121.1816,2039
2016-08-15 21:00:00,72.53,transfer,1.0,108.816,0.0,129.2687,129.2687,108.816,0.067,42.5222,121.4639,2040
2016-08-15 22:00:00,71.04,transfer,1.0,95.1542,0.0,96.43,96.43,95.1542,0.0712,42.5473,121.7052,2041
2016-08-15 23:00:00,68.53,transfer,1.0,85.9601,0.0,98.028,98.028,85.9601,0.0677,42.5697,121.9424,2042
2016-08-16 00:00:00,68.36,transfer,1.0,81.9236,0.0,72.499,72.499,81.9236,0.0663,42.5897,122.1801,2043
2016-08-16 01:00:00,68.56,transfer,1.0,80.0668,0.0,78.6456,78.6456,80.0668,0.0651,42.5995,122.2198,2044
2016-08-16 02:00:00,68.56,transfer,1.0,79.8866,0.0,74.0014,74.0014,79.8866,0.0633,42.5868,122.2632,2045
2016-08-16 03:00:00,68.88,transfer,1.0,81.913,0.0,77.4863,77.4863,81.913,0.0614,42.5539,122.3109,2046
2016-08-16 04:00:00,131.89,transfer,1.0,85.7733,0.0,76.8624,76.8624,85.7733,0.0603,42.7738,122.527,2047
2016-08-16 05:00:00,145.11,transfer,1.0,95.4754,0.0,91.0259,91.0259,95.4754,0.0546,43.0487,122.7831,2048
2016-08-16 06:00:00,161.2,transfer,1.0,106.9232,0.0,118.2135,118.2135,106.9232,0.051,43.3545,123.107,2049
2016-08-16 07:00:00,169.84,transfer,1.0,113.4828,0.0,123.4307,123.4307,113.4828,0.0523,43.6245,123.3656,2050
2016-08-16 08:00:00,195.54,transfer,1.0,117.0247,0.0,122.2763,122.2763,117.0247,0.0563,43.954,123.6897,2051
2016-08-16 09:00:00,193.01,transfer,1.0,118.7089,0.0,103.8609,103.8609,118.7089,0.0644,44.2302,123.9634,2052
2016-08-16 10:00:00,195.12,transfer,1.0,119.4262,0.0,136.2537,136.2537,119.4262,0.0693,44.4381,124.1703,2053
2016-08-16 11:00:00,202.53,transfer,1.0,119.7377,0.0,96.81,96.81,119.7377,0.0748,44.6575,124.3896,2054
2016-08-16 12:00:00,197.76,transfer,1.0,119.8813,0.0,128.4161,128.4161,119.8813,0.0773,44.8907,124.6232,2055
2016-08-16 13:00:00,195.39,transfer,1.0,119.9268,0.0,116.5209,116.5209,119.9268,0.0797,45.0482,124.7816,2056
2016-08-16 14:00:00,192.73,transfer,1.0,119.9295,0.0,112.0947,112.0947,119.9295,0.0822,45.25,124.9848,2057
2016-08-16 15:00:00,185.26,transfer,1.0,119.891,0.0,100.9789,100.9789,119.891,0.0828,45.4467,125.1838,2058
2016-08-16 16:00:00,183.73,transfer,1.0,119.7844,0.0,126.5624,126.5624,119.7844,0.0825,45.6613,125.4029,2059
2016-08-16 17:00:00,178.26,transfer,1.0,119.5895,0.0,111.7372,111.7372,119.5895,0.0832,45.9324,125.6829,2060
2016-08-16 18:00:00,102.06,transfer,1.0,119.285,0.0,109.1611,109.1611,119.285,0.0831,45.9143,125.7181,2061
2016-08-16 19:00:00,92.09,transfer,1.0,118.3974,0.0,111.5004,111.5004,118.3974,0.0828,45.8925,125.7855,2062
2016-08-16 20:00:00,94.03,transfer,1.0,114.6256,0.0,105.0061,105.0061,114.6256,0.0808,45.8982,125.878,2063
2016-08-16 21:00:00,77.3,transfer,1.0,107.2356,0.0,111.3946,111.3946,107.2356,0.0766,45.9647,125.9367,2064
2016-08-16 22:00:00,77.06,transfer,1.0,98.3909,0.0,102.6058,102.6058,98.3909,0.073,46.0358,126.1009,2065
2016-08-16 23:00:00,76.21,transfer,1.0,90.6613,0.0,88.5594,88.5594,90.6613,0.0714,46.093,126.1504,2066
2016-08-17 00:00:00,74.51,transfer,1.0,85.6004,0.0,83.1266,83.1266,85.6004,0.0707,46.1496,126.1871,2067
2016-08-17 01:00:00,72.75,transfer,1.0,82.7432,0.0,76.6616,76.6616,82.7432,0.0696,46.2053,126.2141,2068
2016-08-17 02:00:00,72.7,transfer,1.0,81.8147,0.0,73.5078,73.5078,81.8147,0.0673,46.1753,126.3059,2069
2016-08-17 03:00:00,72.9,transfer,1.0,82.3203,0.0,88.2726,88.2726,82.3203,0.0662,46.1117,126.4116,2070
2016-08-17 04:00:00,140.6,transfer,1.0,85.3423,0.0,79.4337,79.4337,85.3423,0.064,46.2589,126.5933,2071
2016-08-17 05:00:00,150.58,transfer,1.0,94.9838,0.0,106.936,106.936,94.9838,0.0571,46.3909,126.7534,2072
2016-08-17 06:00:00,168.92,transfer,1.0,106.4513,0.0,89.4807,89.4807,106.4513,0.052,46.5968,126.9628,2073
2016-08-17 07:00:00,173.45,transfer,1.0,113.0543,0.0,123.3484,123.3484,113.0543,0.0532,46.714,127.0713,2074
2016-08-17 08:00:00,209.51,transfer,1.0,116.7006,0.0,115.8497,115.8497,116.7006,0.0581,46.9351,127.2852,2075
2016-08-17 09:00:00,205.6,transfer,1.0,118.5058,0.0,106.0297,106.0297,118.5058,0.0664,47.0855,127.4311,2076
2016-08-17 10:00:00,203.22,transfer,1.0,119.2794,0.0,99.2103,99.2103,119.2794,0.0711,47.1592,127.5018,2077
2016-08-17 11:00:00,195.32,transfer,1.0,119.6138,0.0,100.5099,100.5099,119.6138,0.0756,47.1907,127.5311,2078
2016-08-17 12:00:00,198.56,transfer,1.0,119.7783,0.0,130.4943,130.4943,119.7783,0.0788,47.247,127.5857,2079
2016-08-17 13:00:00,187.01,transfer,1.0,119.8356,0.0,128.6864,128.6864,119.8356,0.0797,47.2219,127.5592,2080
2016-08-17 14:00:00,195.68,transfer,1.0,119.8317,0.0,105.9963,105.9963,119.8317,0.08,47.265,127.601,2081
2016-08-17 15:00:00,188.83,transfer,1.0,119.7682,0.0,129.8027,129.8027,119.7682,0.0792,47.2576,127.5926,2082
2016-08-17 16:00:00,175.81,transfer,1.0,119.6723,0.0,139.9173,139.9173,119.6723,0.0781,47.2596,127.5945,2083
2016-08-17 17:00:00,160.11,transfer,1.0,119.4913,0.0,136.4102,136.4102,119.4913,0.0765,47.1614,127.4973,2084
2016-08-17 18:00:00,108.06,transfer,1.0,119.1947,0.0,123.59,123.59,119.1947,0.0738,47.1349,127.5265,2085
2016-08-17 19:00:00,95.1,transfer,1.0,117.9122,0.0,117.0946,117.0946,117.9122,0.0724,47.1222,127.949,2086
2016-08-17 20:00:00,90.36,transfer,1.0,113.6685,0.0,122.5348,122.5348,113.6685,0.0717,47.1417,128.3408,2087
2016-08-17 21:00:00,72.47,transfer,1.0,106.6816,0.0,113.5405,113.5405,106.6816,0.0691,47.1846,128.5769,2088
2016-08-17 22:00:00,71.47,transfer,1.0,95.9609,0.0,84.9426,84.9426,95.9609,0.0665,47.2245,128.8387,2089
2016-08-17 23:00:00,68.81,transfer,1.0,85.5164,0.0,79.8786,79.8786,85.5164,0.0665,47.2476,129.0817,2090
2016-08-18 00:00:00,69.43,transfer,1.0,80.9199,0.0,84.4492,84.4492,80.9199,0.066,47.2601,129.3359,2091
2016-08-18 01:00:00,70.5,transfer,1.0,78.5091,0.0,83.7072,83.7072,78.5091,0.0654,47.263,129.5651,2092
2016-08-18 02:00:00,70.21,transfer,1.0,78.1259,0.0,80.5419,80.5419,78.1259,0.0644,47.259,129.7352,2093
2016-08-18 03:00:00,69.15,transfer,1.0,80.1474,0.0,90.3125,90.3125,80.1474,0.0618,47.249,129.8926,2094
2016-08-18 04:00:00,124.94,transfer,1.0,83.9153,0.0,92.6993,92.6993,83.9153,0.0596,47.247,129.8498,2095
2016-08-18 05:00:00,136.95,transfer,1.0,94.0627,0.0,94.8632,94.8632,94.0627,0.0518,47.2875,130.5064,2096
2016-08-18 06:00:00,159.54,transfer,1.0,105.8493,0.0,103.7658,103.7658,105.8493,0.0486,47.3701,131.2146,2097
2016-08-18 07:00:00,178.38,transfer,1.0,112.9969,0.0,113.9963,113.9963,112.9969,0.0494,47.4588,131.9071,2098
2016-08-18 08:00:00,186.95,transfer,1.0,116.7705,0.0,96.431,96.431,116.7705,0.0549,47.3806,131.8169,2099
2016-08-18 09:00:00,195.06,transfer,1.0,118.578,0.0,122.7315,122.7315,118.578,0.0624,47.3211,132.3789,2100
2016-08-18 10:00:00,199.01,transfer,1.0,119.3167,0.0,120.6207,120.6207,119.3167,0.0661,47.2692,132.9847,2101
2016-08-18 11:00:00,208.02,transfer,1.0,119.6342,0.0,106.2118,106.2118,119.6342,0.0677,47.2994,133.6895,2102
2016-08-18 12:00:00,202.76,transfer,1.0,119.7818,0.0,110.3425,110.3425,119.7818,0.0685,47.2078,134.2687,2103
2016-08-18 13:00:00,198.56,transfer,1.0,119.8437,0.0,134.6264,134.6264,119.8437,0.0693,47.1114,134.8478,2104
2016-08-18 14:00:00,191.14,transfer,1.0,119.8326,0.0,111.6043,111.6043,119.8326,0.0704,47.0281,134.763,2105
2016-08-18 15:00:00,179.57,transfer,1.0,119.7722,0.0,118.8449,118.8449,119.7722,0.0706,46.9265,134.6597,2106
2016-08-18 16:00:00,165.16,transfer,1.0,119.6475,0.0,125.9515,125.9515,119.6475,0.0701,46.7626,134.4941,2107
2016-08-18 17:00:00,152.51,transfer,1.0,119.4386,0.0,103.1309,103.1309,119.4386,0.0695,46.5219,134.2515,2108
2016-08-18 18:00:00,88.35,transfer,1.0,119.0351,0.0,133.2903,133.2903,119.0351,0.0685,46.5726,134.6633,2109
2016-08-18 19:00:00,81.49,transfer,1.0,117.4805,0.0,113.3297,113.3297,117.4805,0.0637,46.5816,134.9574,2110
2016-08-18 20:00:00,75.63,transfer,1.0,111.0,0.0,125.9149,125.9149,111.0,0.0625,46.6021,135.2161,2111
2016-08-18 21:00:00,71.46,transfer,1.0,99.9843,0.0,96.71,96.71,99.9843,0.0631,46.5742,135.4074,2112
2016-08-18 22:00:00,72.35,transfer,1.0,89.3295,0.0,95.1277,95.1277,89.3295,0.0642,46.5282,135.6143,2113
2016-08-18 23:00:00,70.12,transfer,1.0,82.9414,0.0,75.9336,75.9336,82.9414,0.0644,46.4938,135.8111,2114
2016-08-19 00:00:00,69.29,transfer,1.0,79.4261,0.0,82.8013,82.8013,79.4261,0.0644,46.466,135.9904,2115
2016-08-19 01:00:00,70.08,transfer,1.0,77.43,0.0,73.3933,73.3933,77.43,0.0636,46.4262,136.2416,2116
2016-08-19 02:00:00,68.12,transfer,1.0,77.2389,0.0,80.0814,80.0814,77.2389,0.0628,46.3834,136.4939,2117
2016-08-19 03:00:00,67.15,transfer,1.0,79.0464,0.0,83.4254,83.4254,79.0464,0.0617,46.3287,136.4749,2118
2016-08-19 04:00:00,121.13,transfer,1.0,81.7513,0.0,78.5924,78.5924,81.7513,0.0617,46.2969,136.3582,2119
2016-08-19 05:00:00,126.38,transfer,1.0,90.9971,0.0,86.7701,86.7701,90.9971,0.0551,46.2413,136.2219,2120
2016-08-19 06:00:00,129.44,transfer,1.0,102.8546,0.0,119.6625,119.6625,102.8546,0.0509,46.0366,135.9561,2121
2016-08-19 07:00:00,147.51,transfer,1.0,110.9056,0.0,115.723,115.723,110.9056,0.0507,45.9116,135.7954,2122
2016-08-19 08:00:00,179.53,transfer,1.0,115.1661,0.0,107.3454,107.3454,115.1661,0.0531,45.8397,135.7031,2123
2016-08-19 09:00:00,192.63,transfer,1.0,117.367,0.0,118.6225,118.6225,117.367,0.0596,45.7758,135.6272,2124
2016-08-19 10:00:00,198.94,transfer,1.0,118.4905,0.0,133.8568,133.8568,118.4905,0.0634,45.7215,135.5653,2125
2016-08-19 11:00:00,195.38,transfer,1.0,119.0672,0.0,118.7892,118.7892,119.0672,0.0661,45.6261,135.4649,2126
2016-08-19 12:00:00,165.91,transfer,1.0,119.3619,0.0,114.8017,114.8017,119.3619,0.0667,45.3261,135.1612,2127
2016-08-19 13:00:00,189.27,transfer,1.0,119.4745,0.0,111.8632,111.8632,119.4745,0.0674,45.193,135.0252,2128
2016-08-19 14:00:00,186.11,transfer,1.0,119.419,0.0,99.9113,99.9113,119.419,0.0662,45.0194,134.8485,2129
2016-08-19 15:00:00,177.7,transfer,1.0,119.3539,0.0,104.8686,104.8686,119.3539,0.0667,44.8752,134.7011,2130
2016-08-19 16:00:00,163.36,transfer,1.0,119.1811,0.0,104.4501,104.4501,119.1811,0.0678,44.6922,134.5147,2131
2016-08-19 17:00:00,158.02,transfer,1.0,118.8954,0.0,114.1856,114.1856,118.8954,0.0675,44.5064,134.3252,2132
2016-08-19 18:00:00,93.37,transfer,1.0,118.3316,0.0,121.4005,121.4005,118.3316,0.0655,44.5713,134.255,2133
2016-08-19 19:00:00,76.18,transfer,1.0,116.0798,0.0,111.1936,111.1936,116.0798,0.0608,44.6267,134.186,2134
2016-08-19 20:00:00,73.7,transfer,1.0,107.6748,0.0,107.4056,107.4056,107.6748,0.0592,44.6804,134.0884,2135
2016-08-19 21:00:00,76.7,transfer,1.0,94.5193,0.0,68.6532,68.6532,94.5193,0.0634,44.6041,134.0853,2136
2016-08-19 22:00:00,79.1,transfer,1.0,84.853,0.0,83.1304,83.1304,84.853,0.0652,44.4982,134.1037,2137
2016-08-19 23:00:00,76.11,transfer,1.0,80.4921,0.0,74.8505,74.8505,80.4921,0.065,44.4207,134.1073,2138
2016-08-20 00:00:00,73.7,transfer,1.0,78.4453,0.0,79.0539,79.0539,78.4453,0.0636,44.3647,134.1015,2139
2016-08-20 01:00:00,73.72,transfer,1.0,75.4854,0.0,71.7561,71.7561,75.4854,0.0651,44.3147,134.099,2140
2016-08-20 02:00:00,73.28,transfer,1.0,74.0106,0.0,79.7742,79.7742,74.0106,0.0642,44.2631,134.1035,2141
2016-08-20 03:00:00,73.88,transfer,1.0,73.6313,0.0,72.5159,72.5159,73.6313,0.0633,44.2174,134.1088,2142
2016-08-20 04:00:00,129.62,transfer,1.0,74.3767,0.0,71.0848,71.0848,74.3767,0.06,44.1634,134.0156,2143
2016-08-20 05:00:00,135.38,transfer,1.0,76.8576,0.0,85.5458,85.5458,76.8576,0.0483,44.097,133.906,2144
2016-08-20 06:00:00,123.96,transfer,1.0,82.924,0.0,78.501,78.501,82.924,0.0416,43.9577,133.7139,2145
2016-08-20 07:00:00,126.67,transfer,1.0,89.174,0.0,79.3493,79.3493,89.174,0.0403,43.845,133.5456,2146
2016-08-20 08:00:00,135.83,transfer,1.0,94.0993,0.0,99.0139,99.0139,94.0993,0.0413,43.756,133.3959,2147
2016-08-20 09:00:00,142.88,transfer,1.0,97.4948,0.0,74.9357,74.9357,97.4948,0.0452,43.7922,133.3679,2148
2016-08-20 10:00:00,151.82,transfer,1.0,99.4549,0.0,98.648,98.648,99.4549,0.0463,43.7715,133.2812,2149
2016-08-20 11:00:00,153.97,transfer,1.0,101.1182,0.0,95.0125,95.0125,101.1182,0.0488,43.7571,133.2049,2150
2016-08-20 12:00:00,148.86,transfer,1.0,102.3387,0.0,106.8968,106.8968,102.3387,0.0512,43.7665,133.1557,2151
2016-08-20 13:00:00,144.27,transfer,1.0,102.9386,0.0,112.6581,112.6581,102.9386,0.053,43.7427,133.0768,2152
2016-08-20 14:00:00,144.7,transfer,1.0,102.6603,0.0,111.6823,111.6823,102.6603,0.0546,43.6333,132.9142,2153
2016-08-20 15:00:00,145.76,transfer,1.0,101.2556,0.0,121.1053,121.1053,101.2556,0.0549,43.469,132.6966,2154
2016-08-20 16:00:00,146.99,transfer,1.0,99.0966,0.0,102.8484,102.8484,99.0966,0.0529,43.3134,132.4827,2155
2016-08-20 17:00:00,129.53,transfer,1.0,96.7862,0.0,102.0335,102.0335,96.7862,0.0513,43.1212,132.2251,2156
2016-08-20 18:00:00,82.15,transfer,1.0,94.2408,0.0,94.964,94.964,94.2408,0.0495,43.1278,132.1457,2157
2016-08-20 19:00:00,67.39,transfer,1.0,88.5269,0.0,96.6185,96.6185,88.5269,0.0522,43.1511,132.0332,2158
2016-08-20 20:00:00,76.12,transfer,1.0,79.3979,0.0,83.3285,83.3285,79.3979,0.0627,43.1465,131.9467,2159
2016-08-20 21:00:00,72.92,transfer,1.0,71.9972,0.0,79.4213,79.4213,71.9972,0.07,43.1248,131.8987,2160
2016-08-20 22:00:00,74.85,transfer,1.0,68.2695,0.0,60.7071,60.7071,68.2695,0.0718,43.1564,131.8631,2161
2016-08-20 23:00:00,75.93,transfer,1.0,65.9927,0.0,65.4428,65.4428,65.9927,0.0712,43.1945,131.8475,2162
2016-08-21 00:00:00,75.28,transfer,1.0,64.5094,0.0,61.3623,61.3623,64.5094,0.0712,43.2156,131.8243,2163
2016-08-21 01:00:00,73.6,transfer,1.0,63.7467,0.0,61.5784,61.5784,63.7467,0.0681,43.2371,131.8057,2164
2016-08-21 02:00:00,71.33,transfer,1.0,63.3555,0.0,58.1707,58.1707,63.3555,0.0652,43.2433,131.7729,2165
2016-08-21 03:00:00,72.46,transfer,1.0,63.402,0.0,57.0722,57.0722,63.402,0.0638,43.2531,131.7441,2166
2016-08-21 04:00:00,135.97,transfer,1.0,63.8973,0.0,65.103,65.103,63.8973,0.0626,43.2392,131.6901,2167
2016-08-21 05:00:00,139.76,transfer,1.0,65.6251,0.0,63.7918,63.7918,65.6251,0.0507,43.1612,131.5687,2168
2016-08-21 06:00:00,128.65,transfer,1.0,71.1634,0.0,68.8429,68.8429,71.1634,0.0415,43.0181,131.3809,2169
2016-08-21 07:00:00,128.98,transfer,1.0,77.6392,0.0,87.4886,87.4886,77.6392,0.0389,42.9406,131.2596,2170
2016-08-21 08:00:00,126.79,transfer,1.0,83.1561,0.0,88.6829,88.6829,83.1561,0.0404,42.8029,131.0734,2171
2016-08-21 09:00:00,130.92,transfer,1.0,87.1593,0.0,79.538,79.538,87.1593,0.0437,42.6776,130.8966,2172
2016-08-21 10:00:00,135.59,transfer,1.0,89.215,0.0,103.9104,103.9104,89.215,0.0457,42.6021,130.7634,2173
2016-08-21 11:00:00,138.77,transfer,1.0,90.3957,0.0,84.2946,84.2946,90.3957,0.0477,42.5051,130.6031,2174
2016-08-21 12:00:00,143.36,transfer,1.0,91.2138,0.0,92.7149,92.7149,91.2138,0.0495,42.455,130.4884,2175
2016-08-21 13:00:00,141.55,transfer,1.0,92.0774,0.0,97.2184,97.2184,92.0774,0.0509,42.4097,130.3804,2176
2016-08-21 14:00:00,148.4,transfer,1.0,92.4566,0.0,97.0667,97.0667,92.4566,0.0519,42.3999,130.3107,2177
2016-08-21 15:00:00,138.55,transfer,1.0,91.5577,0.0,90.6571,90.6571,91.5577,0.054,42.3348,130.1844,2178
2016-08-21 16:00:00,128.81,transfer,1.0,83.9359,0.0,85.5441,85.5441,83.9359,0.0648,42.2285,129.9774,2179
2016-08-21 17:00:00,113.24,transfer,1.0,83.4874,0.0,83.896,83.896,83.4874,0.0621,41.9766,129.6317,2180
2016-08-21 18:00:00,75.12,transfer,1.0,82.5323,0.0,85.1086,85.1086,82.5323,0.0564,41.9681,129.5503,2181
2016-08-21 19:00:00,75.71,transfer,1.0,78.6746,0.0,60.8142,60.8142,78.6746,0.0572,41.9241,129.4947,2182
2016-08-21 20:00:00,80.74,transfer,1.0,73.1017,0.0,74.2367,74.2367,73.1017,0.0629,41.9521,129.4401,2183
2016-08-21 21:00:00,61.73,transfer,1.0,69.0937,0.0,66.5568,66.5568,69.0937,0.066,41.9767,129.3568,2184
2016-08-21 22:00:00,61.18,transfer,1.0,66.0733,0.0,67.2015,67.2015,66.0733,0.0689,42.0034,129.2754,2185
2016-08-21 23:00:00,59.06,transfer,1.0,63.14,0.0,59.9948,59.9948,63.14,0.0714,42.0154,129.195,2186
2016-08-22 00:00:00,70.51,transfer,1.0,60.7146,0.0,58.8045,58.8045,60.7146,0.0729,42.0451,129.1831,2187
2016-08-22 01:00:00,66.97,transfer,1.0,59.7176,0.0,70.3448,70.3448,59.7176,0.0678,42.057,129.151,2188
2016-08-22 02:00:00,66.5,transfer,1.0,60.6664,0.0,53.908,53.908,60.6664,0.0655,42.057,129.1105,2189
2016-08-22 03:00:00,65.43,transfer,1.0,62.5663,0.0,58.9338,58.9338,62.5663,0.0626,42.0529,129.0687,2190
2016-08-22 04:00:00,107.12,transfer,1.0,65.8527,0.0,73.6726,73.6726,65.8527,0.0618,41.9198,128.901,2191
2016-08-22 05:00:00,102.89,transfer,1.0,73.5895,0.0,91.0921,91.0921,73.5895,0.0493,41.6821,128.6326,2192
2016-08-22 06:00:00,120.81,transfer,1.0,85.1902,0.0,99.7488,99.7488,85.1902,0.0425,41.4887,128.4084,2193
2016-08-22 07:00:00,139.25,transfer,1.0,95.8638,0.0,79.7194,79.7194,95.8638,0.0406,41.2869,128.1755,2194
2016-08-22 08:00:00,155.27,transfer,1.0,105.5657,0.0,105.0339,105.0339,105.5657,0.0411,41.0545,127.9197,2195
2016-08-22 09:00:00,167.21,transfer,1.0,112.3227,0.0,100.3571,100.3571,112.3227,0.0456,40.8282,127.6777,2196
2016-08-22 10:00:00,175.37,transfer,1.0,116.0395,0.0,117.0732,117.0732,116.0395,0.0512,40.6862,127.5266,2197
2016-08-22 11:00:00,182.44,transfer,1.0,117.8874,0.0,114.4142,114.4142,117.8874,0.0555,40.5651,127.4007,2198
2016-08-22 12:00:00,177.07,transfer,1.0,118.7784,0.0,111.5062,111.5062,118.7784,0.0592,40.3937,127.2267,2199
2016-08-22 13:00:00,181.89,transfer,1.0,119.2146,0.0,112.9536,112.9536,119.2146,0.0616,40.2327,127.0641,2200
2016-08-22 14:00:00,170.54,transfer,1.0,119.3609,0.0,108.9511,108.9511,119.3609,0.065,39.9691,126.7991,2201
2016-08-22 15:00:00,169.3,transfer,1.0,119.3635,0.0,135.96,135.96,119.3635,0.0662,39.7375,126.566,2202
2016-08-22 16:00:00,160.25,transfer,1.0,119.1719,0.0,139.4057,139.4057,119.1719,0.066,39.4866,126.3125,2203
2016-08-22 17:00:00,154.46,transfer,1.0,118.7985,0.0,143.9256,143.9256,118.7985,0.066,39.2576,126.0792,2204
2016-08-22 18:00:00,82.45,transfer,1.0,118.0364,0.0,110.8801,110.8801,118.0364,0.0656,39.4048,125.9239,2205
2016-08-22 19:00:00,75.76,transfer,1.0,115.2361,0.0,122.545,122.545,115.2361,0.0636,39.4656,125.8418,2206
2016-08-22 20:00:00,73.92,transfer,1.0,103.3911,0.0,99.8809,99.8809,103.3911,0.0642,39.4698,125.7613,2207
2016-08-22 21:00:00,61.63,transfer,1.0,88.6796,0.0,73.273,73.273,88.6796,0.0647,39.4148,125.6965,2208
2016-08-22 22:00:00,62.35,transfer,1.0,79.2328,0.0,72.9808,72.9808,79.2328,0.0653,39.3718,125.6448,2209
2016-08-22 23:00:00,60.6,transfer,1.0,73.2429,0.0,76.7293,76.7293,73.2429,0.0653,39.3433,125.5976,2210
2016-08-23 00:00:00,72.22,transfer,1.0,70.0358,0.0,75.3875,75.3875,70.0358,0.065,39.2755,125.6206,2211
2016-08-23 01:00:00,69.68,transfer,1.0,69.1123,0.0,67.455,67.455,69.1123,0.0643,39.2104,125.6273,2212
2016-08-23 02:00:00,68.39,transfer,1.0,70.944,0.0,68.3018,68.3018,70.944,0.0619,39.1582,125.6263,2213
2016-08-23 03:00:00,66.32,transfer,1.0,73.9697,0.0,83.088,83.088,73.9697,0.0592,39.1262,125.611,2214
2016-08-23 04:00:00,106.37,transfer,1.0,78.3769,0.0,81.4612,81.4612,78.3769,0.0585,39.0183,125.4591,2215
2016-08-23 05:00:00,109.88,transfer,1.0,88.9025,0.0,95.9535,95.9535,88.9025,0.0495,38.8477,125.2495,2216
2016-08-23 06:00:00,119.7,transfer,1.0,101.9204,0.0,93.9339,93.9339,101.9204,0.0441,38.6305,125.0025,2217
2016-08-23 07:00:00,138.73,transfer,1.0,110.8499,0.0,113.3794,113.3794,110.8499,0.0413,38.461,124.8174,2218
2016-08-23 08:00:00,165.06,transfer,1.0,115.7618,0.0,117.0988,117.0988,115.7618,0.0417,38.287,124.636,2219
2016-08-23 09:00:00,167.61,transfer,1.0,118.1517,0.0,121.2335,121.2335,118.1517,0.0445,38.1392,124.485,2220
2016-08-23 10:00:00,169.78,transfer,1.0,119.1793,0.0,126.9329,126.9329,119.1793,0.0491,37.9898,124.3342,2221
2016-08-23 11:00:00,183.05,transfer,1.0,119.6114,0.0,124.7593,124.7593,119.6114,0.0545,37.8746,124.2184,2222
2016-08-23 12:00:00,176.47,transfer,1.0,119.8033,0.0,118.934,118.934,119.8033,0.0574,37.7483,124.0918,2223
2016-08-23 13:00:00,169.24,transfer,1.0,119.8661,0.0,113.3509,113.3509,119.8661,0.0596,37.593,123.9363,2224
2016-08-23 14:00:00,178.2,transfer,1.0,119.845,0.0,129.9746,129.9746,119.845,0.0615,37.5071,123.8499,2225
2016-08-23 15:00:00,173.95,transfer,1.0,119.7286,0.0,135.6799,135.6799,119.7286,0.0616,37.4407,123.7827,2226
2016-08-23 16:00:00,143.44,transfer,1.0,119.5635,0.0,136.7282,136.7282,119.5635,0.0604,37.2022,123.543,2227
2016-08-23 17:00:00,145.63,transfer,1.0,119.2845,0.0,152.4177,152.4177,119.2845,0.0595,37.0098,123.3489,2228
2016-08-23 18:00:00,74.0,transfer,1.0,118.4482,0.0,122.3175,122.3175,118.4482,0.0578,37.1718,123.1821,2229
2016-08-23 19:00:00,70.83,transfer,1.0,115.0816,0.0,91.724,91.724,115.0816,0.0569,37.2786,123.0557,2230
2016-08-23 20:00:00,62.87,transfer,1.0,100.465,0.0,106.9778,106.9778,100.465,0.0591,37.3798,122.8703,2231
2016-08-23 21:00:00,57.37,transfer,1.0,84.8185,0.0,96.6439,96.6439,84.8185,0.0609,37.365,122.7518,2232
2016-08-23 22:00:00,58.14,transfer,1.0,74.1231,0.0,69.2842,69.2842,74.1231,0.0627,37.3332,122.6392,2233
2016-08-23 23:00:00,56.87,transfer,1.0,68.7973,0.0,72.9141,72.9141,68.7973,0.063,37.3182,122.5242,2234
2016-08-24 00:00:00,67.56,transfer,1.0,66.2787,0.0,74.7235,74.7235,66.2787,0.0635,37.2598,122.4828,2235
2016-08-24 01:00:00,64.43,transfer,1.0,65.7902,0.0,65.5632,65.5632,65.7902,0.0631,37.2084,122.4333,2236
2016-08-24 02:00:00,64.09,transfer,1.0,68.0761,0.0,63.3114,63.3114,68.0761,0.0616,37.1779,122.3821,2237
2016-08-24 03:00:00,66.2,transfer,1.0,71.4808,0.0,62.2187,62.2187,71.4808,0.0601,37.1532,122.3423,2238
2016-08-24 04:00:00,108.85,transfer,1.0,76.9849,0.0,79.622,79.622,76.9849,0.0591,37.014,122.1533,2239
2016-08-24 05:00:00,115.3,transfer,1.0,90.7912,0.0,94.9754,94.9754,90.7912,0.0498,36.8289,121.9434,2240
2016-08-24 06:00:00,110.29,transfer,1.0,105.9858,0.0,96.3879,96.3879,105.9858,0.0432,36.4827,121.5944,2241
2016-08-24 07:00:00,123.28,transfer,1.0,114.2658,0.0,127.426,127.426,114.2658,0.0401,36.1769,121.2959,2242
2016-08-24 08:00:00,145.81,transfer,1.0,117.5356,0.0,128.7052,128.7052,117.5356,0.0419,35.7927,120.9168,2243
2016-08-24 09:00:00,167.32,transfer,1.0,118.9015,0.0,128.3349,128.3349,118.9015,0.0478,35.5625,120.6891,2244
2016-08-24 10:00:00,181.06,transfer,1.0,119.4469,0.0,100.4202,100.4202,119.4469,0.0534,35.4296,120.5573,2245
2016-08-24 11:00:00,173.0,transfer,1.0,119.7191,0.0,121.1275,121.1275,119.7191,0.061,35.2961,120.4245,2246
2016-08-24 12:00:00,170.2,transfer,1.0,119.8636,0.0,107.6605,107.6605,119.8636,0.0667,35.1268,120.2558,2247
2016-08-24 13:00:00,176.06,transfer,1.0,119.8969,0.0,94.6117,94.6117,119.8969,0.0708,35.0613,120.1906,2248
2016-08-24 14:00:00,178.95,transfer,1.0,119.8416,0.0,124.249,124.249,119.8416,0.0729,34.9616,120.0911,2249
2016-08-24 15:00:00,182.62,transfer,1.0,119.7389,0.0,126.5428,126.5428,119.7389,0.0739,34.9249,120.0542,2250
2016-08-24 16:00:00,164.04,transfer,1.0,119.5902,0.0,114.1582,114.1582,119.5902,0.0749,34.8553,119.9841,2251
2016-08-24 17:00:00,144.61,transfer,1.0,119.326,0.0,113.8854,113.8854,119.326,0.0776,34.764,119.8918,2252
2016-08-24 18:00:00,94.41,transfer,1.0,118.7673,0.0,125.4093,125.4093,118.7673,0.0792,34.8427,119.8106,2253
2016-08-24 19:00:00,70.16,transfer,1.0,115.6932,0.0,112.2594,112.2594,115.6932,0.0805,34.978,119.6621,2254
2016-08-24 20:00:00,75.53,transfer,1.0,104.9778,0.0,108.4509,108.4509,104.9778,0.076,35.0145,119.5738,2255
2016-08-24 21:00:00,59.07,transfer,1.0,88.2676,0.0,83.0989,83.0989,88.2676,0.072,34.9847,119.494,2256
2016-08-24 22:00:00,59.75,transfer,1.0,78.1532,0.0,71.4835,71.4835,78.1532,0.0695,34.9484,119.4242,2257
2016-08-24 23:00:00,58.35,transfer,1.0,71.9022,0.0,73.7378,73.7378,71.9022,0.069,34.9296,119.3619,2258
2016-08-25 00:00:00,69.33,transfer,1.0,68.8985,0.0,71.763,71.763,68.8985,0.0685,34.8638,119.3613,2259
2016-08-25 01:00:00,69.84,transfer,1.0,68.3642,0.0,79.5807,79.5807,68.3642,0.0665,34.8249,119.3574,2260
2016-08-25 02:00:00,69.05,transfer,1.0,70.7092,0.0,77.0204,77.0204,70.7092,0.0642,34.7877,119.3505,2261
2016-08-25 03:00:00,67.97,transfer,1.0,75.2577,0.0,85.5575,85.5575,75.2577,0.0628,34.7656,119.3434,2262
2016-08-25 04:00:00,112.95,transfer,1.0,81.5718,0.0,86.6112,86.6112,81.5718,0.0619,34.7082,119.2721,2263
2016-08-25 05:00:00,117.59,transfer,1.0,94.9317,0.0,87.1189,87.1189,94.9317,0.0544,34.5878,119.1568,2264
2016-08-25 06:00:00,124.04,transfer,1.0,108.3481,0.0,111.5711,111.5711,108.3481,0.0491,34.3616,118.9455,2265
2016-08-25 07:00:00,142.58,transfer,1.0,115.1211,0.0,121.6523,121.6523,115.1211,0.049,34.1359,118.7324,2266
2016-08-25 08:00:00,172.88,transfer,1.0,117.9512,0.0,119.4716,119.4716,117.9512,0.0534,34.0451,118.6487,2267
2016-08-25 09:00:00,178.07,transfer,1.0,119.1567,0.0,101.716,101.716,119.1567,0.0626,33.9405,118.5475,2268
2016-08-25 10:00:00,185.32,transfer,1.0,119.664,0.0,134.5269,134.5269,119.664,0.0681,33.8569,118.466,2269
2016-08-25 11:00:00,187.53,transfer,1.0,119.8781,0.0,137.5916,137.5916,119.8781,0.072,33.7335,118.344,2270
2016-08-25 12:00:00,191.13,transfer,1.0,119.971,0.0,96.4462,96.4462,119.971,0.0744,33.6632,118.2748,2271
2016-08-25 13:00:00,189.06,transfer,1.0,119.9935,0.0,94.233,94.233,119.9935,0.0771,33.6057,118.2182,2272
2016-08-25 14:00:00,195.85,transfer,1.0,119.9739,0.0,101.6469,101.6469,119.9739,0.0789,33.6329,118.2462,2273
2016-08-25 15:00:00,188.88,transfer,1.0,119.9115,0.0,123.2086,123.2086,119.9115,0.0799,33.6875,118.3015,2274
2016-08-25 16:00:00,175.46,transfer,1.0,119.8157,0.0,109.2213,109.2213,119.8157,0.0808,33.7478,118.3628,2275
2016-08-25 17:00:00,171.87,transfer,1.0,119.6428,0.0,135.242,135.242,119.6428,0.083,33.8619,118.4779,2276
2016-08-25 18:00:00,100.04,transfer,1.0,119.3081,0.0,114.8881,114.8881,119.3081,0.0846,33.7939,118.5474,2277
2016-08-25 19:00:00,86.13,transfer,1.0,117.8968,0.0,109.5719,109.5719,117.8968,0.0861,33.7688,118.5749,2278
2016-08-25 20:00:00,88.02,transfer,1.0,111.4641,0.0,86.1298,86.1298,111.4641,111.2165,33.6978,118.2632,2279
2016-08-25 21:00:00,73.45,transfer,1.0,99.6266,0.0,94.2256,94.2256,99.6266,110.8571,33.6838,118.0609,2280
2016-08-25 22:00:00,66.95,transfer,1.0,90.1151,0.0,89.5856,89.5856,90.1151,102.8866,33.7206,117.8445,2281
2016-08-25 23:00:00,65.02,transfer,1.0,83.5805,0.0,82.0957,82.0957,83.5805,0.0712,33.7548,117.8141,2282
2016-08-26 00:00:00,83.12,transfer,1.0,80.0242,0.0,88.0124,88.0124,80.0242,0.0705,33.7129,117.8964,2283
2016-08-26 01:00:00,80.68,transfer,1.0,78.6413,0.0,78.271,78.271,78.6413,0.0679,33.6812,117.9594,2284
2016-08-26 02:00:00,81.25,transfer,1.0,81.5526,0.0,82.5299,82.5299,81.5526,0.0644,33.6288,118.0376,2285
2016-08-26 03:00:00,79.1,transfer,1.0,85.5749,0.0,79.0417,79.0417,85.5749,0.0624,33.5965,118.1087,2286
2016-08-26 04:00:00,150.44,transfer,1.0,90.5066,0.0,94.1454,94.1454,90.5066,0.0603,33.7188,118.2832,2287
2016-08-26 05:00:00,139.67,transfer,1.0,100.9289,0.0,102.4663,102.4663,100.9289,0.0543,33.7388,118.3623,2288
2016-08-26 06:00:00,156.79,transfer,1.0,111.4789,0.0,111.9719,111.9719,111.4789,0.0506,33.8503,118.5251,2289
2016-08-26 07:00:00,160.1,transfer,1.0,116.1447,0.0,101.0254,101.0254,116.1447,0.0548,33.8941,118.6,2290
2016-08-26 08:00:00,184.23,transfer,1.0,118.3777,0.0,140.1107,140.1107,118.3777,0.0602,33.9029,118.628,2291
2016-08-26 09:00:00,193.63,transfer,1.0,119.3513,0.0,130.7406,130.7406,119.3513,0.067,33.8971,118.6339,2292
2016-08-26 10:00:00,194.12,transfer,1.0,119.7471,0.0,125.0384,125.0384,119.7471,0.07,33.8609,118.6051,2293
2016-08-26 11:00:00,197.22,transfer,1.0,119.8963,0.0,101.5497,101.5497,119.8963,0.0725,33.8669,118.616,2294
2016-08-26 12:00:00,198.51,transfer,1.0,119.9552,0.0,117.8192,117.8192,119.9552,0.0733,34.0574,118.8101,2295
2016-08-26 13:00:00,204.77,transfer,1.0,119.9449,0.0,125.8849,125.8849,119.9449,0.0748,34.1469,118.9023,2296
2016-08-26 14:00:00,204.49,transfer,1.0,119.9162,0.0,111.096,111.096,119.9162,0.0761,34.2533,119.0116,2297
2016-08-26 15:00:00,199.06,transfer,1.0,119.8635,0.0,115.4667,115.4667,119.8635,0.0766,34.3774,119.1387,2298
2016-08-26 16:00:00,181.53,transfer,1.0,119.7632,0.0,106.6243,106.6243,119.7632,0.0772,34.4821,119.2468,2299
2016-08-26 17:00:00,186.44,transfer,1.0,119.6144,0.0,129.2027,129.2027,119.6144,0.0785,34.647,119.4159,2300
2016-08-26 18:00:00,97.04,transfer,1.0,119.3699,0.0,104.6847,104.6847,119.3699,0.079,34.6313,119.4377,2301
2016-08-26 19:00:00,88.05,transfer,1.0,118.478,0.0,117.972,117.972,118.478,0.0773,34.575,119.5082,2302
2016-08-26 20:00:00,89.63,transfer,1.0,113.9727,0.0,108.0483,108.0483,113.9727,0.074,34.5176,119.603,2303
2016-08-26 21:00:00,71.83,transfer,1.0,104.7738,0.0,96.723,96.723,104.7738,0.0706,34.6077,119.5739,2304
2016-08-26 22:00:00,67.39,transfer,1.0,96.1597,0.0,86.6494,86.6494,96.1597,0.0676,34.7447,119.5042,2305
2016-08-26 23:00:00,65.05,transfer,1.0,88.773,0.0,79.3149,79.3149,88.773,0.0672,34.8598,119.4384,2306
2016-08-27 00:00:00,80.68,transfer,1.0,83.6688,0.0,87.6625,87.6625,83.6688,0.0662,34.8493,119.4799,2307
2016-08-27 01:00:00,80.48,transfer,1.0,78.8475,0.0,90.8446,90.8446,78.8475,0.0657,34.8485,119.5201,2308
2016-08-27 02:00:00,75.4,transfer,1.0,77.6232,0.0,82.4481,82.4481,77.6232,0.0617,34.8574,119.5328,2309
2016-08-27 03:00:00,75.77,transfer,1.0,77.7893,0.0,77.6157,77.6157,77.7893,0.0591,34.868,119.544,2310
2016-08-27 04:00:00,140.68,transfer,1.0,78.4421,0.0,84.4525,84.4525,78.4421,0.0587,34.9096,119.6099,2311
2016-08-27 05:00:00,145.62,transfer,1.0,82.1819,0.0,73.7869,73.7869,82.1819,0.0499,34.9389,119.6708,2312
2016-08-27 06:00:00,127.49,transfer,1.0,90.9612,0.0,108.1355,108.1355,90.9612,0.0444,34.912,119.6918,2313
2016-08-27 07:00:00,136.75,transfer,1.0,99.0322,0.0,94.5216,94.5216,99.0322,0.0441,34.9134,119.7518,2314
2016-08-27 08:00:00,136.49,transfer,1.0,104.7907,0.0,111.9095,111.9095,104.7907,0.0483,34.8536,119.7557,2315
2016-08-27 09:00:00,140.18,transfer,1.0,108.7655,0.0,99.8252,99.8252,108.7655,0.0543,34.7705,119.7396,2316
2016-08-27 10:00:00,141.68,transfer,1.0,110.5652,0.0,117.7701,117.7701,110.5652,0.0566,34.644,119.6791,2317
2016-08-27 11:00:00,145.38,transfer,1.0,111.4768,0.0,87.1612,87.1612,111.4768,0.0598,34.5312,119.6279,2318
2016-08-27 12:00:00,150.39,transfer,1.0,111.8304,0.0,122.3195,122.3195,111.8304,0.0607,34.4838,119.637,2319
2016-08-27 13:00:00,144.9,transfer,1.0,111.5647,0.0,106.3144,106.3144,111.5647,0.0597,34.4362,119.6407,2320
2016-08-27 14:00:00,149.88,transfer,1.0,110.7936,0.0,109.0027,109.0027,110.7936,0.058,34.4186,119.6715,2321
2016-08-27 15:00:00,151.53,transfer,1.0,108.9614,0.0,106.5308,106.5308,108.9614,0.0578,34.4071,119.7058,2322
2016-08-27 16:00:00,131.33,transfer,1.0,106.6972,0.0,96.979,96.979,106.6972,0.0548,34.2687,119.6126,2323
2016-08-27 17:00:00,135.66,transfer,1.0,104.3656,0.0,107.7071,107.7071,104.3656,0.0526,34.26,119.6491,2324
2016-08-27 18:00:00,79.43,transfer,1.0,98.7108,0.0,87.616,87.616,98.7108,0.0507,34.3028,119.6329,2325
2016-08-27 19:00:00,65.0,transfer,1.0,91.5637,0.0,89.4586,89.4586,91.5637,0.0539,34.3351,119.6187,2326
2016-08-27 20:00:00,79.85,transfer,1.0,81.7005,0.0,76.2866,76.2866,81.7005,0.0629,34.3266,119.6409,2327
2016-08-27 21:00:00,60.16,transfer,1.0,73.5724,0.0,76.8248,76.8248,73.5724,0.0697,34.401,119.5649,2328
2016-08-27 22:00:00,59.6,transfer,1.0,69.2845,0.0,64.5863,64.5863,69.2845,0.0725,34.4195,119.4741,2329
2016-08-27 23:00:00,58.96,transfer,1.0,65.6833,0.0,60.6289,60.6289,65.6833,0.0739,34.4003,119.3731,2330
2016-08-28 00:00:00,74.44,transfer,1.0,62.919,0.0,59.7401,59.7401,62.919,0.0749,34.4048,119.3681,2331
2016-08-28 01:00:00,70.3,transfer,1.0,61.5124,0.0,64.5309,64.5309,61.5124,0.0717,34.3984,119.3484,2332
2016-08-28 02:00:00,68.02,transfer,1.0,61.3808,0.0,51.1387,51.1387,61.3808,0.0689,34.3905,119.3287,2333
2016-08-28 03:00:00,62.67,transfer,1.0,61.4617,0.0,69.25,69.25,61.4617,0.0666,34.3438,119.2704,2334
2016-08-28 04:00:00,120.58,transfer,1.0,61.7563,0.0,49.6123,49.6123,61.7563,0.0662,34.2649,119.1788,2335
2016-08-28 05:00:00,131.18,transfer,1.0,62.3446,0.0,58.6152,58.6152,62.3446,0.0535,34.2334,119.1277,2336
2016-08-28 06:00:00,125.28,transfer,1.0,66.2022,0.0,72.5616,72.5616,66.2022,0.0445,34.2428,119.1076,2337
2016-08-28 07:00:00,116.62,transfer,1.0,71.6086,0.0,63.6476,63.6476,71.6086,0.0415,34.2052,119.034,2338
2016-08-28 08:00:00,124.22,transfer,1.0,77.1361,0.0,88.3771,88.3771,77.1361,0.0424,34.2257,119.0187,2339
2016-08-28 09:00:00,122.29,transfer,1.0,80.5948,0.0,89.3504,89.3504,80.5948,0.0459,34.2134,118.9673,2340
2016-08-28 10:00:00,129.1,transfer,1.0,82.8945,0.0,67.6301,67.6301,82.8945,0.0464,34.2124,118.9287,2341
2016-08-28 11:00:00,138.86,transfer,1.0,84.1666,0.0,95.9911,95.9911,84.1666,0.0468,34.25,118.9292,2342
2016-08-28 12:00:00,125.7,transfer,1.0,85.2474,0.0,90.5247,90.5247,85.2474,0.0472,34.1804,118.8241,2343
2016-08-28 13:00:00,134.51,transfer,1.0,86.5757,0.0,90.4515,90.4515,86.5757,0.0462,34.1712,118.7823,2344
2016-08-28 14:00:00,126.06,transfer,1.0,85.8117,0.0,74.5355,74.5355,85.8117,0.0456,34.0778,118.6493,2345
2016-08-28 15:00:00,132.64,transfer,1.0,84.6428,0.0,90.8083,90.8083,84.6428,0.0443,34.0838,118.6142,2346
2016-08-28 16:00:00,129.76,transfer,1.0,82.1689,0.0,94.7963,94.7963,82.1689,0.0433,34.1,118.62,2347
2016-08-28 17:00:00,128.96,transfer,1.0,80.0515,0.0,79.2057,79.2057,80.0515,0.0433,34.214,118.7137,2348
2016-08-28 18:00:00,69.77,transfer,1.0,77.8446,0.0,72.2859,72.2859,77.8446,0.0438,34.2179,118.6819,2349
2016-08-28 19:00:00,69.97,transfer,1.0,75.3633,0.0,68.3627,68.3627,75.3633,0.0532,34.2324,118.6478,2350
2016-08-28 20:00:00,66.36,transfer,1.0,69.4739,0.0,61.7828,61.7828,69.4739,0.065,34.2055,118.5621,2351
2016-08-28 21:00:00,58.46,transfer,1.0,64.7055,0.0,72.2336,72.2336,64.7055,0.0693,34.1988,118.5427,2352
2016-08-28 22:00:00,58.07,transfer,1.0,61.4545,0.0,59.9477,59.9477,61.4545,0.0731,34.1898,118.5241,2353
2016-08-28 23:00:00,57.0,transfer,1.0,58.8481,0.0,60.2685,60.2685,58.8481,0.0736,34.1765,118.5118,2354
2016-08-29 00:00:00,61.41,transfer,1.0,56.9917,0.0,55.0369,55.0369,56.9917,0.0743,34.1445,118.4577,2355
2016-08-29 01:00:00,61.26,transfer,1.0,56.345,0.0,50.7847,50.7847,56.345,0.0658,34.1306,118.4237,2356
2016-08-29 02:00:00,61.03,transfer,1.0,56.9645,0.0,60.9035,60.9035,56.9645,0.0645,34.1201,118.3911,2357
2016-08-29 03:00:00,60.46,transfer,1.0,58.7494,0.0,55.9183,55.9183,58.7494,0.0633,34.1132,118.3616,2358
2016-08-29 04:00:00,112.07,transfer,1.0,61.9664,0.0,68.0082,68.0082,61.9664,0.0629,34.1658,118.391,2359
2016-08-29 05:00:00,126.4,transfer,1.0,69.4001,0.0,64.9631,64.9631,69.4001,0.0509,34.3307,118.5309,2360
2016-08-29 06:00:00,137.51,transfer,1.0,82.9204,0.0,79.5317,79.5317,82.9204,0.0432,34.4436,118.6303,2361
2016-08-29 07:00:00,151.28,transfer,1.0,97.5154,0.0,107.9997,107.9997,97.5154,0.0396,34.5054,118.702,2362
2016-08-29 08:00:00,180.66,transfer,1.0,108.9968,0.0,123.6197,123.6197,108.9968,0.0414,34.6361,118.8531,2363
2016-08-29 09:00:00,188.99,transfer,1.0,115.6167,0.0,124.0083,124.0083,115.6167,0.0466,34.7462,118.9827,2364
2016-08-29 10:00:00,204.2,transfer,1.0,118.3403,0.0,121.252,121.252,118.3403,0.0544,34.9041,119.1543,2365
2016-08-29 11:00:00,196.31,transfer,1.0,119.3876,0.0,138.5612,138.5612,119.3876,0.0636,34.9777,119.2368,2366
2016-08-29 12:00:00,197.23,transfer,1.0,119.8217,0.0,121.6288,121.6288,119.8217,0.0695,35.0915,119.3568,2367
2016-08-29 13:00:00,192.94,transfer,1.0,119.9761,0.0,116.423,116.423,119.9761,0.0733,35.1527,119.4225,2368
2016-08-29 14:00:00,193.83,transfer,1.0,120.022,0.0,121.1593,121.1593,120.022,0.075,35.2874,119.561,2369
2016-08-29 15:00:00,184.51,transfer,1.0,119.9856,0.0,113.8549,113.8549,119.9856,0.0758,35.3743,119.6515,2370
2016-08-29 16:00:00,179.82,transfer,1.0,119.8953,0.0,138.0605,138.0605,119.8953,0.0749,35.4864,119.768,2371
2016-08-29 17:00:00,173.71,transfer,1.0,119.7177,0.0,130.4038,130.4038,119.7177,0.0757,35.5955,119.8825,2372
2016-08-29 18:00:00,100.36,transfer,1.0,119.4647,0.0,131.2034,131.2034,119.4647,0.0752,35.4974,119.989,2373
2016-08-29 19:00:00,91.85,transfer,1.0,118.3594,0.0,113.8762,113.8762,118.3594,0.0742,35.4203,120.0847,2374
2016-08-29 20:00:00,94.84,transfer,1.0,113.8139,0.0,118.3345,118.3345,113.8139,0.0726,35.3578,120.2092,2375
2016-08-29 21:00:00,68.15,transfer,1.0,104.9994,0.0,105.8756,105.8756,104.9994,0.0721,35.4161,120.248,2376
2016-08-29 22:00:00,66.84,transfer,1.0,95.919,0.0,106.7118,106.7118,95.919,0.0708,35.4887,120.2747,2377
2016-08-29 23:00:00,66.33,transfer,1.0,87.131,0.0,87.9032,87.9032,87.131,0.0703,35.5373,120.3088,2378
2016-08-30 00:00:00,65.62,transfer,1.0,81.8408,0.0,85.0762,85.0762,81.8408,0.0697,35.6208,120.2694,2379
2016-08-30 01:00:00,65.78,transfer,1.0,79.6829,0.0,75.6376,75.6376,79.6829,0.0681,35.7002,120.2462,2380
2016-08-30 02:00:00,69.25,transfer,1.0,79.3301,0.0,78.2124,78.2124,79.3301,0.0671,35.745,120.2513,2381
2016-08-30 03:00:00,68.55,transfer,1.0,81.5506,0.0,86.1804,86.1804,81.5506,0.0668,35.7768,120.2645,2382
2016-08-30 04:00:00,120.3,transfer,1.0,86.8927,0.0,90.4447,90.4447,86.8927,0.0645,35.8091,120.3474,2383
2016-08-30 05:00:00,131.85,transfer,1.0,98.8603,0.0,87.2525,87.2525,98.8603,0.0566,35.8806,120.4781,2384
2016-08-30 06:00:00,141.95,transfer,1.0,110.4715,0.0,103.3699,103.3699,110.4715,0.0529,35.9621,120.6105,2385
2016-08-30 07:00:00,155.54,transfer,1.0,116.1117,0.0,113.3699,113.3699,116.1117,0.0559,36.0308,120.7105,2386
2016-08-30 08:00:00,171.73,transfer,1.0,118.5175,0.0,120.4577,120.4577,118.5175,0.0619,36.0541,120.7501,2387
2016-08-30 09:00:00,180.79,transfer,1.0,119.5426,0.0,116.147,116.147,119.5426,0.0714,36.1243,120.8284,2388
2016-08-30 10:00:00,181.86,transfer,1.0,119.9331,0.0,131.5553,131.5553,119.9331,0.0769,36.1917,120.9001,2389
2016-08-30 11:00:00,184.84,transfer,1.0,120.0915,0.0,112.1059,112.1059,120.0915,0.0801,36.1995,120.9106,2390
2016-08-30 12:00:00,184.42,transfer,1.0,120.1537,0.0,108.8816,108.8816,120.1537,0.0821,36.2448,120.9578,2391
2016-08-30 13:00:00,177.58,transfer,1.0,120.1594,0.0,109.6139,109.6139,120.1594,0.083,36.2927,121.0073,2392
2016-08-30 14:00:00,182.55,transfer,1.0,120.1181,0.0,112.22,112.22,120.1181,0.0827,36.3169,121.0331,2393
2016-08-30 15:00:00,173.38,transfer,1.0,120.0323,0.0,101.5033,101.5033,120.0323,0.0814,36.3117,121.0295,2394
2016-08-30 16:00:00,166.48,transfer,1.0,119.905,0.0,111.1664,111.1664,119.905,0.0786,36.4468,121.1666,2395
2016-08-30 17:00:00,163.1,transfer,1.0,119.6526,0.0,112.0565,112.0565,119.6526,0.076,36.5486,121.2705,2396
2016-08-30 18:00:00,105.19,transfer,1.0,119.2522,0.0,107.5892,107.5892,119.2522,0.0752,36.3678,121.456,2397
2016-08-30 19:00:00,96.26,transfer,1.0,117.6559,0.0,112.7128,112.7128,117.6559,0.0752,36.2317,121.6073,2398
2016-08-30 20:00:00,88.26,transfer,1.0,112.0306,0.0,116.8025,116.8025,112.0306,0.0711,36.1494,121.7583,2399
2016-08-30 21:00:00,64.81,transfer,1.0,103.0691,0.0,95.5322,95.5322,103.0691,0.0687,36.2138,121.8026,2400
2016-08-30 22:00:00,64.16,transfer,1.0,92.874,0.0,105.2709,105.2709,92.874,0.0684,36.2896,121.8384,2401
2016-08-30 23:00:00,62.83,transfer,1.0,83.6974,0.0,79.4693,79.4693,83.6974,0.068,36.3428,121.8738,2402
2016-08-31 00:00:00,62.77,transfer,1.0,78.1916,0.0,71.0009,71.0009,78.1916,0.0673,36.427,121.8453,2403
2016-08-31 01:00:00,61.57,transfer,1.0,75.822,0.0,67.966,67.966,75.822,0.0657,36.5037,121.8282,2404
2016-08-31 02:00:00,61.15,transfer,1.0,75.3065,0.0,77.7919,77.7919,75.3065,0.065,36.5642,121.8107,2405
2016-08-31 03:00:00,62.64,transfer,1.0,77.657,0.0,80.9205,80.9205,77.657,0.0639,36.6222,121.7895,2406
2016-08-31 04:00:00,111.3,transfer,1.0,82.385,0.0,85.0601,85.0601,82.385,0.0639,36.6046,121.8041,2407
2016-08-31 05:00:00,118.99,transfer,1.0,94.7917,0.0,98.3403,98.3403,94.7917,0.0516,36.6028,121.826,2408
2016-08-31 06:00:00,124.49,transfer,1.0,108.2747,0.0,93.1324,93.1324,108.2747,0.0451,36.6737,121.9105,2409
2016-08-31 07:00:00,145.33,transfer,1.0,115.1166,0.0,95.3121,95.3121,115.1166,0.0447,36.7999,122.0418,2410
2016-08-31 08:00:00,170.05,transfer,1.0,117.9558,0.0,124.9057,124.9057,117.9558,0.0484,36.9416,122.186,2411
2016-08-31 09:00:00,180.1,transfer,1.0,119.2204,0.0,129.4986,129.4986,119.2204,0.0563,37.0158,122.262,2412
2016-08-31 10:00:00,186.89,transfer,1.0,119.7254,0.0,109.0009,109.0009,119.7254,0.0634,37.0489,122.2967,2413
2016-08-31 11:00:00,185.04,transfer,1.0,119.9447,0.0,115.1289,115.1289,119.9447,0.0702,37.1192,122.3683,2414
2016-08-31 12:00:00,193.64,transfer,1.0,120.0304,0.0,129.8999,129.8999,120.0304,0.0752,37.2577,122.5078,2415
2016-08-31 13:00:00,182.11,transfer,1.0,120.0532,0.0,114.5803,114.5803,120.0532,0.078,37.2928,122.5437,2416
2016-08-31 14:00:00,197.29,transfer,1.0,120.0353,0.0,115.8458,115.8458,120.0353,0.0792,37.4008,122.6529,2417
2016-08-31 15:00:00,185.64,transfer,1.0,119.9638,0.0,124.0244,124.0244,119.9638,0.0804,37.4174,122.6708,2418
2016-08-31 16:00:00,185.74,transfer,1.0,119.8702,0.0,135.2488,135.2488,119.8702,0.082,37.5449,122.7999,2419
2016-08-31 17:00:00,186.7,transfer,1.0,119.6582,0.0,115.3723,115.3723,119.6582,0.0835,37.7935,123.0504,2420
2016-08-31 18:00:00,135.4,transfer,1.0,119.3386,0.0,133.6572,133.6572,119.3386,0.0845,37.7441,123.2944,2421
2016-08-31 19:00:00,118.72,transfer,1.0,118.4349,0.0,123.7753,123.7753,118.4349,0.0862,37.4748,123.5834,2422
2016-08-31 20:00:00,115.9,transfer,1.0,115.7036,0.0,119.5166,119.5166,115.7036,0.0859,37.3007,123.8236,2423
2016-08-31 21:00:00,98.8,transfer,1.0,111.0864,0.0,98.0145,98.0145,111.0864,0.0846,37.2,124.06,2424
2016-08-31 22:00:00,94.58,transfer,1.0,104.0943,0.0,89.047,89.047,104.0943,0.0818,37.1471,124.2673,2425
2016-08-31 23:00:00,88.47,transfer,1.0,97.5184,0.0,122.1371,122.1371,97.5184,0.0793,37.1203,124.4465,2426
2016-09-01 00:00:00,86.62,transfer,1.0,92.9346,0.0,90.0777,90.0777,92.9346,0.0772,37.1553,124.5494,2427
2016-09-01 01:00:00,84.86,transfer,1.0,89.9691,0.0,90.1432,90.1432,89.9691,0.0736,37.1769,124.6387,2428
2016-09-01 02:00:00,83.97,transfer,1.0,88.9776,0.0,79.5153,79.5153,88.9776,0.0722,37.1969,124.7275,2429
2016-09-01 03:00:00,82.94,transfer,1.0,90.0092,0.0,90.9118,90.9118,90.0092,0.0718,37.1956,124.8166,2430
2016-09-01 04:00:00,138.17,transfer,1.0,93.9151,0.0,92.7262,92.7262,93.9151,0.0681,37.2722,124.9666,2431
2016-09-01 05:00:00,149.06,transfer,1.0,102.7531,0.0,105.977,105.977,102.7531,0.0666,37.413,125.1539,2432
2016-09-01 06:00:00,160.3,transfer,1.0,111.4031,0.0,82.5045,82.5045,111.4031,0.0659,37.6106,125.3696,2433
2016-09-01 07:00:00,161.23,transfer,1.0,115.8814,0.0,113.7322,113.7322,115.8814,0.0709,37.7171,125.4805,2434
2016-09-01 08:00:00,171.88,transfer,1.0,118.1334,0.0,126.7227,126.7227,118.1334,0.0773,37.7101,125.4744,2435
2016-09-01 09:00:00,179.3,transfer,1.0,119.1961,0.0,118.5948,118.5948,119.1961,0.0834,37.7172,125.4816,2436
2016-09-01 10:00:00,182.04,transfer,1.0,119.6226,0.0,140.1166,140.1166,119.6226,0.0834,37.6979,125.462,2437
2016-09-01 11:00:00,184.66,transfer,1.0,119.7973,0.0,114.1536,114.1536,119.7973,0.0811,37.6813,125.4448,2438
2016-09-01 12:00:00,183.54,transfer,1.0,119.862,0.0,137.248,137.248,119.862,0.078,37.6368,125.3996,2439
2016-09-01 13:00:00,169.18,transfer,1.0,119.8641,0.0,124.3192,124.3192,119.8641,0.0753,37.5192,125.2813,2440
2016-09-01 14:00:00,176.49,transfer,1.0,119.8147,0.0,121.8393,121.8393,119.8147,0.0741,37.4049,125.1661,2441
2016-09-01 15:00:00,170.63,transfer,1.0,119.6838,0.0,115.4523,115.4523,119.6838,0.0721,37.2976,125.0575,2442
2016-09-01 16:00:00,159.07,transfer,1.0,119.5038,0.0,129.3602,129.3602,119.5038,0.0701,37.2019,124.96,2443
2016-09-01 17:00:00,162.22,transfer,1.0,119.1975,0.0,127.9236,127.9236,119.1975,0.0725,37.1471,124.9027,2444
2016-09-01 18:00:00,106.54,transfer,1.0,118.7059,0.0,129.4795,129.4795,118.7059,104.9407,37.1049,124.3172,2445
2016-09-01 19:00:00,77.29,transfer,1.0,117.261,0.0,118.8808,118.8808,117.261,79.2809,37.1537,123.8169,2446
2016-09-01 20:00:00,84.11,transfer,1.0,112.6256,0.0,102.1188,102.1188,112.6256,82.8096,37.1839,123.6866,2447
2016-09-01 21:00:00,65.64,transfer,1.0,102.7787,0.0,113.7096,113.7096,102.7787,88.0493,37.2491,123.5973,2448
2016-09-01 22:00:00,66.09,transfer,1.0,91.3334,0.0,84.6858,84.6858,91.3334,91.5046,37.2615,123.5347,2449
2016-09-01 23:00:00,64.65,transfer,1.0,82.4884,0.0,77.6345,77.6345,82.4884,90.8782,37.2572,123.3042,2450
2016-09-02 00:00:00,72.54,transfer,1.0,77.3756,0.0,62.1719,62.1719,77.3756,86.0443,37.2676,122.8902,2451
2016-09-02 01:00:00,68.14,transfer,1.0,75.2689,0.0,77.6978,77.6978,75.2689,76.5201,37.2979,122.4603,2452
2016-09-02 02:00:00,67.19,transfer,1.0,75.7561,0.0,63.7291,63.7291,75.7561,0.0791,37.347,122.3765,2453
2016-09-02 03:00:00,67.55,transfer,1.0,77.8909,0.0,89.1298,89.1298,77.8909,0.0636,37.3701,122.3077,2454
2016-09-02 04:00:00,100.01,transfer,1.0,81.5229,0.0,87.7128,87.7128,81.5229,0.0637,37.1234,122.0075,2455
2016-09-02 05:00:00,113.69,transfer,1.0,92.0461,0.0,90.606,90.606,92.0461,0.0564,37.0216,121.8529,2456
2016-09-02 06:00:00,118.2,transfer,1.0,102.8795,0.0,103.9724,103.9724,102.8795,0.0534,36.8431,121.6232,2457
2016-09-02 07:00:00,125.0,transfer,1.0,111.0827,0.0,104.7895,104.7895,111.0827,0.0516,36.6643,121.4142,2458
2016-09-02 08:00:00,148.16,transfer,1.0,115.3827,0.0,121.2822,121.2822,115.3827,0.0545,36.4674,121.1996,2459
2016-09-02 09:00:00,156.71,transfer,1.0,117.4866,0.0,122.4187,122.4187,117.4866,0.0613,36.2587,120.9798,2460
2016-09-02 10:00:00,158.15,transfer,1.0,118.4948,0.0,115.1694,115.1694,118.4948,0.0636,36.0521,120.7658,2461
2016-09-02 11:00:00,173.18,transfer,1.0,118.9452,0.0,114.2845,114.2845,118.9452,0.0661,35.9147,120.6227,2462
2016-09-02 12:00:00,161.08,transfer,1.0,119.1489,0.0,144.6532,144.6532,119.1489,0.0663,35.6967,120.4,2463
2016-09-02 13:00:00,156.16,transfer,1.0,119.187,0.0,98.2764,98.2764,119.187,0.0655,35.4118,120.1107,2464
2016-09-02 14:00:00,163.13,transfer,1.0,119.0832,0.0,104.0327,104.0327,119.0832,0.0659,35.1706,119.8645,2465
2016-09-02 15:00:00,154.14,transfer,1.0,118.7843,0.0,129.0599,129.0599,118.7843,0.0651,34.9096,119.5972,2466
2016-09-02 16:00:00,140.77,transfer,1.0,118.34,0.0,133.9859,133.9859,118.34,0.0638,34.6755,119.3547,2467
2016-09-02 17:00:00,132.47,transfer,1.0,117.399,0.0,137.3021,137.3021,117.399,0.063,34.3674,119.0335,2468
2016-09-02 18:00:00,88.67,transfer,1.0,115.6254,0.0,120.4778,120.4778,115.6254,0.0622,34.395,118.9838,2469
2016-09-02 19:00:00,89.26,transfer,1.0,109.0139,0.0,94.5551,94.5551,109.0139,0.0565,34.3314,118.9911,2470
2016-09-02 20:00:00,79.94,transfer,1.0,94.9362,0.0,107.0695,107.0695,94.9362,0.0575,34.2758,118.9336,2471
2016-09-02 21:00:00,68.52,transfer,1.0,85.865,0.0,88.1773,88.1773,85.865,0.0586,34.1829,118.9139,2472
2016-09-02 22:00:00,65.23,transfer,1.0,78.8239,0.0,60.9002,60.9002,78.8239,24.8005,34.0926,118.7538,2473
2016-09-02 23:00:00,63.47,transfer,1.0,73.735,0.0,67.9694,67.9694,73.735,0.0623,34.0125,118.7445,2474
2016-09-03 00:00:00,65.89,transfer,1.0,70.5856,0.0,72.2675,72.2675,70.5856,0.0628,34.0227,118.6565,2475
2016-09-03 01:00:00,64.78,transfer,1.0,68.3081,0.0,79.2663,79.2663,68.3081,0.0653,34.0339,118.563,2476
2016-09-03 02:00:00,63.99,transfer,1.0,67.0804,0.0,54.3172,54.3172,67.0804,0.0643,34.0391,118.4951,2477
2016-09-03 03:00:00,63.75,transfer,1.0,66.5743,0.0,67.0125,67.0125,66.5743,0.0639,34.0439,118.4235,2478
2016-09-03 04:00:00,95.77,transfer,1.0,66.6433,0.0,61.5203,61.5203,66.6433,0.063,33.8468,118.1562,2479
2016-09-03 05:00:00,106.34,transfer,1.0,68.3286,0.0,64.0796,64.0796,68.3286,0.0562,33.6954,117.9223,2480
2016-09-03 06:00:00,91.59,transfer,1.0,72.1811,0.0,72.9232,72.9232,72.1811,0.0515,33.5935,117.7086,2481
2016-09-03 07:00:00,84.91,transfer,1.0,76.6651,0.0,79.2363,79.2363,76.6651,0.0497,33.4181,117.4,2482
2016-09-03 08:00:00,89.48,transfer,1.0,79.8204,0.0,88.1748,88.1748,79.8204,0.0514,33.2869,117.1201,2483
2016-09-03 09:00:00,87.45,transfer,1.0,80.3206,0.0,86.2758,86.2758,80.3206,0.0551,33.1424,116.8063,2484
2016-09-03 10:00:00,101.36,transfer,1.0,79.9259,0.0,69.8288,69.8288,79.9259,0.0565,33.0847,116.5663,2485
2016-09-03 11:00:00,89.48,transfer,1.0,79.0983,0.0,77.6396,77.6396,79.0983,0.0568,32.9447,116.2335,2486
2016-09-03 12:00:00,94.6,transfer,1.0,78.8404,0.0,70.3948,70.3948,78.8404,0.0567,32.809,115.9015,2487
2016-09-03 13:00:00,91.96,transfer,1.0,77.431,0.0,71.2779,71.2779,77.431,0.0575,32.6971,115.5864,2488
2016-09-03 14:00:00,95.73,transfer,1.0,75.8693,0.0,71.2337,71.2337,75.8693,0.057,32.5826,115.2641,2489
2016-09-03 15:00:00,98.67,transfer,1.0,73.4543,0.0,72.666,72.666,73.4543,0.0559,32.4794,114.9494,2490
2016-09-03 16:00:00,98.63,transfer,1.0,71.484,0.0,75.2527,75.2527,71.484,0.0561,32.4943,114.7548,2491
2016-09-03 17:00:00,96.51,transfer,1.0,69.7163,0.0,69.0098,69.0098,69.7163,0.0563,32.4675,114.5217,2492
2016-09-03 18:00:00,70.88,transfer,1.0,67.737,0.0,64.0525,64.0525,67.737,0.0565,32.3715,114.4708,2493
2016-09-03 19:00:00,74.21,transfer,1.0,66.0257,0.0,63.032,63.032,66.0257,0.0626,32.2621,114.5256,2494
2016-09-03 20:00:00,70.98,transfer,1.0,63.9738,0.0,76.173,76.173,63.9738,0.0668,32.2927,114.4727,2495
2016-09-03 21:00:00,64.77,transfer,1.0,62.0502,0.0,63.4292,63.4292,62.0502,0.0675,32.2291,114.5002,2496
2016-09-03 22:00:00,67.99,transfer,1.0,60.6583,0.0,53.998,53.998,60.6583,0.0683,32.2151,114.5502,2497
2016-09-03 23:00:00,65.59,transfer,1.0,59.3368,0.0,56.9126,56.9126,59.3368,0.0683,32.2123,114.5897,2498
2016-09-04 00:00:00,67.19,transfer,1.0,58.6084,0.0,44.993,44.993,58.6084,0.0682,32.1948,114.5465,2499
2016-09-04 01:00:00,65.07,transfer,1.0,58.2388,0.0,65.3198,65.3198,58.2388,0.0673,32.1832,114.5154,2500
2016-09-04 02:00:00,63.37,transfer,1.0,58.2051,0.0,58.7334,58.7334,58.2051,0.0679,32.1744,114.4878,2501
2016-09-04 03:00:00,61.91,transfer,1.0,58.2984,0.0,55.4842,55.4842,58.2984,0.0682,32.1887,114.4832,2502
2016-09-04 04:00:00,85.53,transfer,1.0,58.5106,0.0,54.7145,54.7145,58.5106,0.0686,31.9994,114.2746,2503
2016-09-04 05:00:00,97.17,transfer,1.0,59.1983,0.0,60.2233,60.2233,59.1983,0.0557,31.8157,114.0721,2504
2016-09-04 06:00:00,85.32,transfer,1.0,60.7941,0.0,58.3185,58.3185,60.7941,0.0503,31.61,113.8342,2505
2016-09-04 07:00:00,80.56,transfer,1.0,63.0968,0.0,52.963,52.963,63.0968,0.0481,31.446,113.6196,2506
2016-09-04 08:00:00,75.14,transfer,1.0,64.5492,0.0,64.4674,64.4674,64.5492,0.0492,31.2288,113.3274,2507
2016-09-04 09:00:00,86.21,transfer,1.0,64.0399,0.0,58.7156,58.7156,64.0399,0.0486,31.1126,113.1126,2508
2016-09-04 10:00:00,85.52,transfer,1.0,63.0534,0.0,71.9152,71.9152,63.0534,0.0491,30.9713,112.8532,2509
2016-09-04 11:00:00,92.85,transfer,1.0,62.7784,0.0,58.7652,58.7652,62.7784,0.0465,30.8247,112.5793,2510
2016-09-04 12:00:00,88.84,transfer,1.0,62.7176,0.0,75.2555,75.2555,62.7176,0.0461,30.7394,112.3599,2511
2016-09-04 13:00:00,91.79,transfer,1.0,62.8116,0.0,60.8956,60.8956,62.8116,0.0456,30.6266,112.1056,2512
2016-09-04 14:00:00,93.84,transfer,1.0,62.7706,0.0,69.03,69.03,62.7706,0.0461,30.5719,111.9138,2513
2016-09-04 15:00:00,99.52,transfer,1.0,62.4276,0.0,64.2946,64.2946,62.4276,0.0466,30.507,111.7167,2514
2016-09-04 16:00:00,97.38,transfer,1.0,62.1403,0.0,58.8388,58.8388,62.1403,0.047,30.4335,111.5239,2515
2016-09-04 17:00:00,98.45,transfer,1.0,61.8475,0.0,67.6929,67.6929,61.8475,0.0468,30.3603,111.3423,2516
2016-09-04 18:00:00,68.84,transfer,1.0,61.4765,0.0,66.7449,66.7449,61.4765,0.0487,30.356,111.3367,2517
2016-09-04 19:00:00,72.94,transfer,1.0,60.9124,0.0,56.077,56.077,60.9124,0.084,30.3955,111.3542,2518
2016-09-04 20:00:00,71.94,transfer,1.0,59.5315,0.0,69.7794,69.7794,59.5315,54.5685,30.4509,111.063,2519
2016-09-04 21:00:00,66.27,transfer,1.0,58.041,0.0,57.9378,57.9378,58.041,77.2106,30.4627,110.7806,2520
2016-09-04 22:00:00,64.32,transfer,1.0,57.0001,0.0,60.9163,60.9163,57.0001,67.9143,30.4861,110.4567,2521
2016-09-04 23:00:00,65.05,transfer,1.0,55.9063,0.0,53.6057,53.6057,55.9063,34.7983,30.5295,110.298,2522
2016-09-05 00:00:00,61.92,transfer,1.0,54.9949,0.0,35.9772,35.9772,54.9949,0.0802,30.5444,110.301,2523
2016-09-05 01:00:00,62.91,transfer,1.0,54.8511,0.0,62.4628,62.4628,54.8511,0.0616,30.5631,110.3108,2524
2016-09-05 02:00:00,60.57,transfer,1.0,55.4488,0.0,58.2837,58.2837,55.4488,0.062,30.5694,110.3081,2525
2016-09-05 03:00:00,60.45,transfer,1.0,56.8417,0.0,54.526,54.526,56.8417,0.0631,30.5807,110.308,2526
2016-09-05 04:00:00,86.24,transfer,1.0,59.2607,0.0,58.8923,58.8923,59.2607,0.0643,30.4431,110.1543,2527
2016-09-05 05:00:00,91.84,transfer,1.0,64.3543,0.0,64.25,64.25,64.3543,0.0552,30.2674,109.9485,2528
2016-09-05 06:00:00,82.66,transfer,1.0,73.2098,0.0,64.8089,64.8089,73.2098,0.0506,29.9987,109.622,2529
2016-09-05 07:00:00,74.9,transfer,1.0,83.4099,0.0,72.2853,72.2853,83.4099,0.0475,29.7293,109.1673,2530
2016-09-05 08:00:00,83.96,transfer,1.0,90.9956,0.0,87.5151,87.5151,90.9956,0.0468,29.3447,108.5917,2531
2016-09-05 09:00:00,81.97,transfer,1.0,93.4909,0.0,78.1567,78.1567,93.4909,0.044,28.9765,107.9547,2532
2016-09-05 10:00:00,98.76,transfer,1.0,94.1027,0.0,76.0575,76.0575,94.1027,0.0405,28.4931,107.3271,2533
2016-09-05 11:00:00,92.57,transfer,1.0,92.6731,0.0,88.0759,88.0759,92.6731,0.0393,28.0359,106.7098,2534
2016-09-05 12:00:00,104.52,transfer,1.0,93.0529,0.0,83.224,83.224,93.0529,0.0374,27.6434,106.1581,2535
2016-09-05 13:00:00,92.94,transfer,1.0,91.7148,0.0,77.6127,77.6127,91.7148,0.0375,27.2164,105.5631,2536
2016-09-05 14:00:00,106.22,transfer,1.0,90.7081,0.0,80.6227,80.6227,90.7081,0.0373,26.8694,105.0418,2537
2016-09-05 15:00:00,99.42,transfer,1.0,87.0751,0.0,82.5577,82.5577,87.0751,0.037,26.5588,104.5356,2538
2016-09-05 16:00:00,113.84,transfer,1.0,84.2137,0.0,87.3603,87.3603,84.2137,0.0368,26.3784,104.1431,2539
2016-09-05 17:00:00,102.58,transfer,1.0,80.7364,0.0,84.4649,84.4649,80.7364,0.038,26.1871,103.7199,2540
2016-09-05 18:00:00,83.73,transfer,1.0,78.9804,0.0,81.2392,81.2392,78.9804,0.0381,26.1016,103.6211,2541
2016-09-05 19:00:00,68.58,transfer,1.0,72.8861,0.0,71.0155,71.0155,72.8861,0.0472,25.9694,103.4828,2542
2016-09-05 20:00:00,86.18,transfer,1.0,68.6733,0.0,74.897,74.897,68.6733,20.4313,25.9607,103.3101,2543
2016-09-05 21:00:00,62.51,transfer,1.0,64.4734,0.0,64.0839,64.0839,64.4734,30.5399,25.7531,103.0951,2544
2016-09-05 22:00:00,65.5,transfer,1.0,62.8288,0.0,53.9599,53.9599,62.8288,14.9445,25.5959,102.9986,2545
2016-09-05 23:00:00,64.81,transfer,1.0,60.8478,0.0,63.6003,63.6003,60.8478,3.3529,25.4956,102.97,2546
2016-09-06 00:00:00,61.4,transfer,1.0,59.693,0.0,74.3371,74.3371,59.693,0.0878,25.4092,102.9448,2547
2016-09-06 01:00:00,61.21,transfer,1.0,59.7141,0.0,66.2638,66.2638,59.7141,0.0584,25.3354,102.9177,2548
2016-09-06 02:00:00,65.08,transfer,1.0,60.3331,0.0,65.2522,65.2522,60.3331,0.0581,25.3036,102.8929,2549
2016-09-06 03:00:00,62.94,transfer,1.0,62.2025,0.0,63.7368,63.7368,62.2025,0.0591,25.2306,102.8595,2550
2016-09-06 04:00:00,94.35,transfer,1.0,66.2322,0.0,65.9484,65.9484,66.2322,0.0607,25.1992,102.7051,2551
2016-09-06 05:00:00,108.75,transfer,1.0,75.2716,0.0,73.9229,73.9229,75.2716,0.0535,25.2021,102.5676,2552
2016-09-06 06:00:00,118.13,transfer,1.0,89.2916,0.0,96.3352,96.3352,89.2916,0.0496,25.1864,102.4259,2553
2016-09-06 07:00:00,125.7,transfer,1.0,102.4445,0.0,124.2343,124.2343,102.4445,0.0482,25.0901,102.2483,2554
2016-09-06 08:00:00,167.7,transfer,1.0,111.2601,0.0,109.0607,109.0607,111.2601,0.0498,25.1093,102.2244,2555
2016-09-06 09:00:00,179.3,transfer,1.0,116.4645,0.0,115.9808,115.9808,116.4645,0.0522,25.1188,102.2156,2556
2016-09-06 10:00:00,185.48,transfer,1.0,118.7299,0.0,130.0792,130.0792,118.7299,0.0591,25.1475,102.2373,2557
2016-09-06 11:00:00,186.16,transfer,1.0,119.5759,0.0,112.7235,112.7235,119.5759,0.0698,25.1584,102.2452,2558
2016-09-06 12:00:00,186.12,transfer,1.0,119.9237,0.0,92.0369,92.0369,119.9237,0.0809,25.1699,102.2553,2559
2016-09-06 13:00:00,188.79,transfer,1.0,120.0582,0.0,107.6948,107.6948,120.0582,0.0895,25.2372,102.322,2560
2016-09-06 14:00:00,194.49,transfer,1.0,120.0823,0.0,109.1186,109.1186,120.0823,0.0956,25.3085,102.393,2561
2016-09-06 15:00:00,191.01,transfer,1.0,120.0687,0.0,126.3163,126.3163,120.0687,0.0989,25.4132,102.4978,2562
2016-09-06 16:00:00,185.87,transfer,1.0,119.9905,0.0,143.8106,143.8106,119.9905,0.1002,25.5281,102.6131,2563
2016-09-06 17:00:00,172.96,transfer,1.0,119.8291,0.0,134.2648,134.2648,119.8291,0.0991,25.5858,102.6717,2564
2016-09-06 18:00:00,117.87,transfer,1.0,119.5812,0.0,98.8549,98.8549,119.5812,0.0952,25.5122,102.747,2565
2016-09-06 19:00:00,110.81,transfer,1.0,118.5999,0.0,125.791,125.791,118.5999,116.4903,25.4313,102.2083,2566
2016-09-06 20:00:00,97.21,transfer,1.0,115.3475,0.0,118.0173,118.0173,115.3475,116.0638,25.3977,101.7956,2567
2016-09-06 21:00:00,72.1,transfer,1.0,110.1965,0.0,120.6478,120.6478,110.1965,115.0242,25.3968,101.6657,2568
2016-09-06 22:00:00,71.82,transfer,1.0,101.5558,0.0,85.1727,85.1727,101.5558,112.2439,25.4028,101.5249,2569
2016-09-06 23:00:00,74.26,transfer,1.0,92.1606,0.0,110.5643,110.5643,92.1606,105.9545,25.3852,101.3399,2570
2016-09-07 00:00:00,72.33,transfer,1.0,86.036,0.0,97.5401,97.5401,86.036,99.7702,25.375,101.13,2571
2016-09-07 01:00:00,73.0,transfer,1.0,83.9547,0.0,88.5367,88.5367,83.9547,103.4091,25.3553,100.9449,2572
2016-09-07 02:00:00,73.8,transfer,1.0,84.3299,0.0,95.834,95.834,84.3299,109.5067,25.3338,100.7939,2573
2016-09-07 03:00:00,77.41,transfer,1.0,87.4414,0.0,81.2592,81.2592,87.4414,112.7122,25.3041,100.6315,2574
2016-09-07 04:00:00,118.61,transfer,1.0,93.4232,0.0,88.6316,88.6316,93.4232,115.0975,25.2819,99.9903,2575
2016-09-07 05:00:00,129.49,transfer,1.0,104.0984,0.0,106.2661,106.2661,104.0984,116.5437,25.289,99.3594,2576
2016-09-07 06:00:00,140.36,transfer,1.0,113.1569,0.0,126.9391,126.9391,113.1569,116.691,25.3544,98.7596,2577
2016-09-07 07:00:00,153.39,transfer,1.0,117.0765,0.0,121.1719,121.1719,117.0765,116.7138,25.3907,98.1131,2578
2016-09-07 08:00:00,168.25,transfer,1.0,118.8041,0.0,120.9142,120.9142,118.8041,116.7085,25.3749,97.408,2579
2016-09-07 09:00:00,180.93,transfer,1.0,119.6553,0.0,139.598,139.598,119.6553,116.6975,25.3773,96.7186,2580
2016-09-07 10:00:00,182.96,transfer,1.0,120.0,0.0,108.05,108.05,120.0,116.6897,25.3523,96.001,2581
2016-09-07 11:00:00,198.82,transfer,1.0,120.1522,0.0,110.399,110.399,120.1522,116.6856,25.4331,95.3889,2582
2016-09-07 12:00:00,194.05,transfer,1.0,120.2095,0.0,124.014,124.014,120.2095,116.6776,25.4344,94.6973,2583
2016-09-07 13:00:00,197.64,transfer,1.0,120.2308,0.0,135.319,135.319,120.2308,116.6725,25.5258,94.0957,2584
2016-09-07 14:00:00,201.59,transfer,1.0,120.2119,0.0,98.247,98.247,120.2119,116.6618,25.5504,93.4274,2585
2016-09-07 15:00:00,208.47,transfer,1.0,120.1834,0.0,148.1717,148.1717,120.1834,116.6529,25.6849,92.8694,2586
2016-09-07 16:00:00,191.17,transfer,1.0,120.1304,0.0,106.8671,106.8671,120.1304,116.6366,25.7157,92.2079,2587
2016-09-07 17:00:00,192.07,transfer,1.0,120.0491,0.0,111.5676,111.5676,120.0491,116.518,25.7454,91.5468,2588
2016-09-07 18:00:00,117.57,transfer,1.0,119.8994,0.0,134.3684,134.3684,119.8994,0.0961,25.6636,91.4406,2589
2016-09-07 19:00:00,108.2,transfer,1.0,119.442,0.0,115.7156,115.7156,119.442,0.0967,25.7288,91.3779,2590
2016-09-07 20:00:00,98.67,transfer,1.0,117.6135,0.0,113.7823,113.7823,117.6135,0.0966,25.8404,91.2753,2591
2016-09-07 21:00:00,78.08,transfer,1.0,113.8772,0.0,100.7273,100.7273,113.8772,0.0938,25.9804,91.1519,2592
2016-09-07 22:00:00,79.35,transfer,1.0,106.2771,0.0,113.3375,113.3375,106.2771,108.4849,26.084,90.7628,2593
2016-09-07 23:00:00,77.23,transfer,1.0,97.8268,0.0,100.7225,100.7225,97.8268,114.8369,26.1528,90.4606,2594
2016-09-08 00:00:00,81.59,transfer,1.0,92.974,0.0,98.3304,98.3304,92.974,113.2961,26.1829,90.1342,2595
2016-09-08 01:00:00,77.59,transfer,1.0,90.3904,0.0,86.2083,86.2083,90.3904,114.093,26.2287,89.8468,2596
2016-09-08 02:00:00,78.59,transfer,1.0,91.0444,0.0,90.7757,90.7757,91.0444,115.192,26.273,89.5652,2597
2016-09-08 03:00:00,77.54,transfer,1.0,93.3963,0.0,97.2279,97.2279,93.3963,115.3376,26.3253,89.297,2598
2016-09-08 04:00:00,132.19,transfer,1.0,97.4795,0.0,77.341,77.341,97.4795,115.0602,26.2685,88.5769,2599
2016-09-08 05:00:00,144.25,transfer,1.0,106.2751,0.0,115.9866,115.9866,106.2751,116.5664,26.2189,87.8548,2600
2016-09-08 06:00:00,155.27,transfer,1.0,114.1288,0.0,106.7834,106.7834,114.1288,116.6706,26.1728,87.1308,2601
2016-09-08 07:00:00,163.74,transfer,1.0,117.5406,0.0,111.0365,111.0365,117.5406,116.6889,26.1778,86.4516,2602
2016-09-08 08:00:00,187.43,transfer,1.0,118.9962,0.0,122.0371,122.0371,118.9962,116.677,26.2653,85.8501,2603
2016-09-08 09:00:00,197.66,transfer,1.0,119.6717,0.0,118.633,118.633,119.6717,116.6535,26.3717,85.2655,2604
2016-09-08 10:00:00,210.69,transfer,1.0,119.9599,0.0,127.5351,127.5351,119.9599,116.6439,26.5402,84.7422,2605
2016-09-08 11:00:00,211.06,transfer,1.0,120.0837,0.0,107.6199,107.6199,120.0837,116.6302,26.6957,84.2056,2606
2016-09-08 12:00:00,211.76,transfer,1.0,120.138,0.0,122.1105,122.1105,120.138,116.6053,26.862,83.68,2607
2016-09-08 13:00:00,214.04,transfer,1.0,120.1514,0.0,115.513,115.513,120.1514,116.5658,27.1273,83.2536,2608
2016-09-08 14:00:00,205.42,transfer,1.0,120.1382,0.0,104.273,104.273,120.1382,116.5249,27.2976,82.7327,2609
2016-09-08 15:00:00,210.79,transfer,1.0,120.1052,0.0,121.0945,121.0945,120.1052,116.4925,27.5341,82.2787,2610
2016-09-08 16:00:00,196.03,transfer,1.0,120.0375,0.0,126.1159,126.1159,120.0375,116.4317,27.751,81.8061,2611
2016-09-08 17:00:00,188.94,transfer,1.0,119.9349,0.0,110.9006,110.9006,119.9349,116.362,27.9056,81.2729,2612
2016-09-08 18:00:00,117.3,transfer,1.0,119.784,0.0,140.6648,140.6648,119.784,116.3369,27.848,81.2692,2613
2016-09-08 19:00:00,107.28,transfer,1.0,119.3161,0.0,117.0031,117.0031,119.3161,116.1535,27.6817,81.3101,2614
2016-09-08 20:00:00,104.17,transfer,1.0,117.5193,0.0,121.1356,121.1356,117.5193,116.1218,27.5914,81.3735,2615
2016-09-08 21:00:00,82.64,transfer,1.0,114.4836,0.0,120.8979,120.8979,114.4836,116.0835,27.5599,81.4392,2616
2016-09-08 22:00:00,80.94,transfer,1.0,108.7478,0.0,103.8617,103.8617,108.7478,115.8393,27.5752,81.4957,2617
2016-09-08 23:00:00,87.58,transfer,1.0,101.8923,0.0,106.5864,106.5864,101.8923,115.5401,27.5542,81.506,2618
2016-09-09 00:00:00,85.43,transfer,1.0,96.8902,0.0,87.9859,87.9859,96.8902,115.2756,27.5936,81.6032,2619
2016-09-09 01:00:00,85.63,transfer,1.0,95.4674,0.0,94.3869,94.3869,95.4674,115.6245,27.6098,81.7319,2620
2016-09-09 02:00:00,83.5,transfer,1.0,95.2763,0.0,115.1816,115.1816,95.2763,115.8447,27.6289,81.525,2621
2016-09-09 03:00:00,91.24,transfer,1.0,96.897,0.0,79.8348,79.8348,96.897,116.0122,27.601,81.2707,2622
2016-09-09 04:00:00,142.52,transfer,1.0,99.726,0.0,88.5924,88.5924,99.726,115.8318,27.7457,80.8346,2623
2016-09-09 05:00:00,153.42,transfer,1.0,107.2261,0.0,114.7227,114.7227,107.2261,116.1973,27.8918,80.3798,2624
2016-09-09 06:00:00,162.61,transfer,1.0,113.7163,0.0,132.0743,132.0743,113.7163,116.0397,28.0916,79.9538,2625
2016-09-09 07:00:00,176.32,transfer,1.0,116.9437,0.0,104.5234,104.5234,116.9437,115.0144,28.3622,79.5749,2626
2016-09-09 08:00:00,193.72,transfer,1.0,118.5187,0.0,112.6064,112.6064,118.5187,115.3884,28.6147,79.1596,2627
2016-09-09 09:00:00,203.59,transfer,1.0,119.3615,0.0,141.4371,141.4371,119.3615,115.6554,28.8826,78.7506,2628
2016-09-09 10:00:00,223.97,transfer,1.0,119.7044,0.0,109.6789,109.6789,119.7044,115.6623,29.2672,78.4543,2629
2016-09-09 11:00:00,226.55,transfer,1.0,119.8643,0.0,116.604,116.604,119.8643,115.5919,29.5794,78.0843,2630
2016-09-09 12:00:00,218.24,transfer,1.0,119.939,0.0,115.4014,115.4014,119.939,114.8043,29.915,77.7416,2631
2016-09-09 13:00:00,205.98,transfer,1.0,119.9576,0.0,134.8546,134.8546,119.9576,114.2363,30.2069,77.3586,2632
2016-09-09 14:00:00,213.84,transfer,1.0,119.9391,0.0,126.8056,126.8056,119.9391,114.0922,30.5037,76.9817,2633
2016-09-09 15:00:00,198.62,transfer,1.0,119.8971,0.0,110.6074,110.6074,119.8971,113.7914,30.7618,76.5695,2634
2016-09-09 16:00:00,192.68,transfer,1.0,119.8177,0.0,134.7818,134.7818,119.8177,111.9858,31.062,76.2123,2635
2016-09-09 17:00:00,185.56,transfer,1.0,119.6653,0.0,121.7287,121.7287,119.6653,107.9422,31.3645,75.8862,2636
2016-09-09 18:00:00,119.23,transfer,1.0,119.4853,0.0,133.3956,133.3956,119.4853,0.0752,31.2056,76.068,2637
2016-09-09 19:00:00,105.55,transfer,1.0,118.9125,0.0,117.309,117.309,118.9125,0.0673,31.1676,76.1649,2638
2016-09-09 20:00:00,99.69,transfer,1.0,117.2174,0.0,117.6985,117.6985,117.2174,0.0624,31.1826,76.2824,2639
2016-09-09 21:00:00,84.33,transfer,1.0,114.1379,0.0,104.8899,104.8899,114.1379,0.0612,31.2568,76.3765,2640
2016-09-09 22:00:00,86.43,transfer,1.0,108.2546,0.0,95.6247,95.6247,108.2546,0.0621,31.3058,76.65,2641
2016-09-09 23:00:00,88.94,transfer,1.0,102.0758,0.0,107.0543,107.0543,102.0758,0.0613,31.3229,76.8016,2642
2016-09-10 00:00:00,85.29,transfer,1.0,98.1303,0.0,102.904,102.904,98.1303,0.0639,31.3714,76.917,2643
2016-09-10 01:00:00,100.78,transfer,1.0,94.4364,0.0,81.4795,81.4795,94.4364,0.0586,31.3881,77.1314,2644
2016-09-10 02:00:00,84.98,transfer,1.0,91.9215,0.0,94.0632,94.0632,91.9215,0.0583,31.411,77.2563,2645
2016-09-10 03:00:00,93.19,transfer,1.0,91.8268,0.0,79.7667,79.7667,91.8268,0.0557,31.4023,77.4316,2646
2016-09-10 04:00:00,135.85,transfer,1.0,91.5849,0.0,105.2506,105.2506,91.5849,0.0547,31.4925,77.6702,2647
2016-09-10 05:00:00,147.71,transfer,1.0,94.5137,0.0,98.4158,98.4158,94.5137,0.0518,31.5828,77.9165,2648
2016-09-10 06:00:00,140.32,transfer,1.0,99.533,0.0,100.8783,100.8783,99.533,0.0494,31.7101,78.2066,2649
2016-09-10 07:00:00,131.39,transfer,1.0,103.7839,0.0,102.5226,102.5226,103.7839,0.0495,31.8253,78.4833,2650
2016-09-10 08:00:00,138.11,transfer,1.0,107.1297,0.0,102.6121,102.6121,107.1297,0.0516,31.9523,78.7727,2651
2016-09-10 09:00:00,142.11,transfer,1.0,109.4903,0.0,121.0,121.0,109.4903,0.0578,32.104,79.0981,2652
2016-09-10 10:00:00,151.93,transfer,1.0,110.5343,0.0,93.9235,93.9235,110.5343,0.0601,32.2228,79.3991,2653
2016-09-10 11:00:00,158.66,transfer,1.0,111.0439,0.0,76.4491,76.4491,111.0439,0.0619,32.4444,79.8108,2654
2016-09-10 12:00:00,161.5,transfer,1.0,111.0426,0.0,131.8556,131.8556,111.0426,0.0619,32.651,80.209,2655
2016-09-10 13:00:00,155.73,transfer,1.0,110.6247,0.0,125.5665,125.5665,110.6247,0.0628,32.833,80.5885,2656
2016-09-10 14:00:00,156.5,transfer,1.0,109.6564,0.0,89.8442,89.8442,109.6564,0.0622,32.9936,80.9502,2657
2016-09-10 15:00:00,158.17,transfer,1.0,107.7304,0.0,107.5427,107.5427,107.7304,0.0603,33.1437,81.3044,2658
2016-09-10 16:00:00,159.66,transfer,1.0,105.386,0.0,102.9464,102.9464,105.386,0.0571,33.3052,81.6676,2659
2016-09-10 17:00:00,158.89,transfer,1.0,102.8575,0.0,100.0572,100.0572,102.8575,0.0531,33.4792,82.039,2660
2016-09-10 18:00:00,96.35,transfer,1.0,99.9477,0.0,105.1773,105.1773,99.9477,0.051,33.4819,82.1906,2661
2016-09-10 19:00:00,97.9,transfer,1.0,97.1468,0.0,109.1384,109.1384,97.1468,0.0475,33.4377,82.3317,2662
2016-09-10 20:00:00,98.04,transfer,1.0,90.4637,0.0,92.9275,92.9275,90.4637,0.0528,33.4411,82.4929,2663
2016-09-10 21:00:00,79.63,transfer,1.0,84.8908,0.0,83.7441,83.7441,84.8908,0.0571,33.4562,82.5814,2664
2016-09-10 22:00:00,79.1,transfer,1.0,80.4895,0.0,72.9678,72.9678,80.4895,0.0603,33.4209,82.6476,2665
2016-09-10 23:00:00,74.65,transfer,1.0,76.3144,0.0,74.8763,74.8763,76.3144,0.0621,33.3935,82.7015,2666
2016-09-11 00:00:00,81.07,transfer,1.0,73.0669,0.0,55.8147,55.8147,73.0669,0.0636,33.3901,82.7842,2667
2016-09-11 01:00:00,82.38,transfer,1.0,71.3126,0.0,68.3309,68.3309,71.3126,0.062,33.4153,82.8872,2668
2016-09-11 02:00:00,82.91,transfer,1.0,70.806,0.0,73.7157,73.7157,70.806,0.06,33.4566,83.0036,2669
2016-09-11 03:00:00,80.12,transfer,1.0,70.8688,0.0,64.037,64.037,70.8688,0.0594,33.4902,83.112,2670
2016-09-11 04:00:00,137.04,transfer,1.0,71.4632,0.0,73.7625,73.7625,71.4632,0.0578,33.7197,83.4187,2671
2016-09-11 05:00:00,146.11,transfer,1.0,72.7347,0.0,70.383,70.383,72.7347,0.0519,33.9304,83.7101,2672
2016-09-11 06:00:00,138.23,transfer,1.0,77.5211,0.0,93.4167,93.4167,77.5211,0.0452,34.1458,84.025,2673
2016-09-11 07:00:00,124.31,transfer,1.0,82.6996,0.0,96.9698,96.9698,82.6996,0.0446,34.2895,84.2855,2674
2016-09-11 08:00:00,126.73,transfer,1.0,87.0712,0.0,80.7275,80.7275,87.0712,0.0467,34.4626,84.5926,2675
2016-09-11 09:00:00,126.27,transfer,1.0,89.397,0.0,98.118,98.118,89.397,0.0504,34.5501,84.831,2676
2016-09-11 10:00:00,123.41,transfer,1.0,90.2743,0.0,97.96,97.96,90.2743,0.0513,34.6136,85.0565,2677
2016-09-11 11:00:00,118.77,transfer,1.0,90.2266,0.0,78.4783,78.4783,90.2266,0.0516,34.6045,85.2108,2678
2016-09-11 12:00:00,108.44,transfer,1.0,89.8976,0.0,74.9892,74.9892,89.8976,0.0515,34.5594,85.3274,2679
2016-09-11 13:00:00,119.16,transfer,1.0,88.6784,0.0,94.0953,94.0953,88.6784,0.05,34.5683,85.4903,2680
2016-09-11 14:00:00,118.36,transfer,1.0,86.4836,0.0,87.3828,87.3828,86.4836,0.0484,34.5731,85.6362,2681
2016-09-11 15:00:00,113.83,transfer,1.0,84.6033,0.0,91.1174,91.1174,84.6033,0.0468,34.5263,85.7214,2682
2016-09-11 16:00:00,119.17,transfer,1.0,82.8891,0.0,85.5262,85.5262,82.8891,0.045,34.5325,85.8511,2683
2016-09-11 17:00:00,109.89,transfer,1.0,80.995,0.0,86.9816,86.9816,80.995,0.045,34.4866,85.9192,2684
2016-09-11 18:00:00,83.67,transfer,1.0,79.1484,0.0,83.5386,83.5386,79.1484,0.0452,34.4697,86.0075,2685
2016-09-11 19:00:00,70.73,transfer,1.0,77.0633,0.0,79.4814,79.4814,77.0633,0.0532,34.4358,85.9946,2686
2016-09-11 20:00:00,85.1,transfer,1.0,73.5718,0.0,75.2412,75.2412,73.5718,0.0595,34.4306,86.3974,2687
2016-09-11 21:00:00,64.86,transfer,1.0,69.6596,0.0,77.8249,77.8249,69.6596,0.0651,34.4102,86.7179,2688
2016-09-11 22:00:00,65.27,transfer,1.0,67.0172,0.0,63.0143,63.0143,67.0172,0.0674,34.377,87.0846,2689
2016-09-11 23:00:00,63.8,transfer,1.0,64.31,0.0,65.0552,65.0552,64.31,0.069,34.3256,87.2839,2690
2016-09-12 00:00:00,63.06,transfer,1.0,62.0475,0.0,51.8227,51.8227,62.0475,0.0705,34.2904,87.2908,2691
2016-09-12 01:00:00,63.74,transfer,1.0,61.065,0.0,51.2467,51.2467,61.065,0.0645,34.2584,87.2957,2692
2016-09-12 02:00:00,63.26,transfer,1.0,61.0782,0.0,56.6998,56.6998,61.0782,0.0638,34.2409,87.3117,2693
2016-09-12 03:00:00,61.91,transfer,1.0,62.0344,0.0,53.4552,53.4552,62.0344,0.0628,34.2201,87.3204,2694
2016-09-12 04:00:00,92.5,transfer,1.0,64.0811,0.0,68.2504,68.2504,64.0811,0.0616,34.2287,87.3576,2695
2016-09-12 05:00:00,104.12,transfer,1.0,68.8668,0.0,58.94,58.94,68.8668,0.0524,34.2749,87.4308,2696
2016-09-12 06:00:00,114.19,transfer,1.0,76.604,0.0,76.48,76.48,76.604,0.0469,34.4424,87.6185,2697
2016-09-12 07:00:00,115.85,transfer,1.0,85.0934,0.0,82.7298,82.7298,85.0934,0.0443,34.5748,87.8622,2698
2016-09-12 08:00:00,143.91,transfer,1.0,94.1505,0.0,97.4089,97.4089,94.1505,0.0439,34.8291,88.2191,2699
2016-09-12 09:00:00,161.56,transfer,1.0,102.5798,0.0,116.7059,116.7059,102.5798,0.0427,35.1116,88.6929,2700
2016-09-12 10:00:00,163.5,transfer,1.0,109.934,0.0,127.4505,127.4505,109.934,0.0424,35.4028,89.0782,2701
2016-09-12 11:00:00,169.81,transfer,1.0,114.5699,0.0,112.2922,112.2922,114.5699,0.0441,35.731,89.5379,2702
2016-09-12 12:00:00,166.66,transfer,1.0,116.8379,0.0,121.4441,121.4441,116.8379,0.0464,35.9593,89.9078,2703
2016-09-12 13:00:00,165.07,transfer,1.0,117.9311,0.0,105.0581,105.0581,117.9311,0.0487,36.2325,90.337,2704
2016-09-12 14:00:00,171.85,transfer,1.0,118.3036,0.0,121.1836,121.1836,118.3036,0.0502,36.4589,90.7276,2705
2016-09-12 15:00:00,166.77,transfer,1.0,118.3619,0.0,114.4839,114.4839,118.3619,0.0514,36.6736,91.1284,2706
2016-09-12 16:00:00,156.54,transfer,1.0,118.142,0.0,125.8578,125.8578,118.142,0.0509,36.7258,91.3825,2707
2016-09-12 17:00:00,153.85,transfer,1.0,117.6711,0.0,109.2953,109.2953,117.6711,0.0503,36.8111,91.6876,2708
2016-09-12 18:00:00,92.13,transfer,1.0,116.5765,0.0,112.3158,112.3158,116.5765,0.0492,36.9284,91.7375,2709
2016-09-12 19:00:00,87.41,transfer,1.0,113.6333,0.0,119.8062,119.8062,113.6333,0.0496,37.0589,91.8496,2710
2016-09-12 20:00:00,78.43,transfer,1.0,104.1193,0.0,122.8861,122.8861,104.1193,0.0562,37.1076,91.9248,2711
2016-09-12 21:00:00,66.86,transfer,1.0,94.3798,0.0,88.17,88.17,94.3798,0.0582,37.2597,92.1321,2712
2016-09-12 22:00:00,66.61,transfer,1.0,84.113,0.0,74.9127,74.9127,84.113,0.0624,37.348,92.2273,2713
2016-09-12 23:00:00,65.8,transfer,1.0,77.3455,0.0,89.567,89.567,77.3455,0.063,37.3931,92.2528,2714
2016-09-13 00:00:00,65.45,transfer,1.0,73.3601,0.0,70.0349,70.0349,73.3601,0.0631,37.43,92.277,2715
2016-09-13 01:00:00,65.11,transfer,1.0,71.4888,0.0,62.7956,62.7956,71.4888,0.0621,37.4591,92.3002,2716
2016-09-13 02:00:00,63.81,transfer,1.0,71.4673,0.0,73.5693,73.5693,71.4673,0.0605,37.4764,92.2926,2717
2016-09-13 03:00:00,65.42,transfer,1.0,73.0068,0.0,74.5951,74.5951,73.0068,0.0595,37.5172,92.3074,2718
2016-09-13 04:00:00,102.99,transfer,1.0,76.1477,0.0,70.4071,70.4071,76.1477,0.059,37.5096,92.3588,2719
2016-09-13 05:00:00,113.1,transfer,1.0,84.6514,0.0,79.0959,79.0959,84.6514,0.0522,37.4797,92.3847,2720
2016-09-13 06:00:00,125.49,transfer,1.0,97.3742,0.0,98.2396,98.2396,97.3742,0.0462,37.4754,92.4286,2721
2016-09-13 07:00:00,128.15,transfer,1.0,107.7073,0.0,106.9738,106.9738,107.7073,0.0439,37.4586,92.4432,2722
2016-09-13 08:00:00,158.41,transfer,1.0,114.0899,0.0,124.2489,124.2489,114.0899,0.0449,37.3865,92.3879,2723
2016-09-13 09:00:00,169.53,transfer,1.0,117.3627,0.0,113.1575,113.1575,117.3627,0.0477,37.323,92.3298,2724
2016-09-13 10:00:00,180.95,transfer,1.0,118.8243,0.0,126.9743,126.9743,118.8243,0.0512,37.2954,92.3029,2725
2016-09-13 11:00:00,169.7,transfer,1.0,119.4765,0.0,97.4199,97.4199,119.4765,0.0568,37.1981,92.205,2726
2016-09-13 12:00:00,174.3,transfer,1.0,119.7714,0.0,119.182,119.182,119.7714,0.0635,37.1286,92.1347,2727
2016-09-13 13:00:00,182.17,transfer,1.0,119.8749,0.0,122.0389,122.0389,119.8749,0.0669,37.0903,92.0954,2728
2016-09-13 14:00:00,184.19,transfer,1.0,119.8848,0.0,128.9244,128.9244,119.8848,0.0689,37.0302,92.0343,2729
2016-09-13 15:00:00,178.75,transfer,1.0,119.8479,0.0,102.3424,102.3424,119.8479,0.0709,36.9585,91.9615,2730
2016-09-13 16:00:00,178.05,transfer,1.0,119.7509,0.0,124.6346,124.6346,119.7509,0.0709,36.9134,91.9151,2731
2016-09-13 17:00:00,156.94,transfer,1.0,119.55,0.0,110.706,110.706,119.55,0.0701,36.8197,91.8199,2732
2016-09-13 18:00:00,106.76,transfer,1.0,119.2294,0.0,113.6138,113.6138,119.2294,0.0695,36.8837,91.7539,2733
2016-09-13 19:00:00,98.17,transfer,1.0,117.9276,0.0,122.2071,122.2071,117.9276,0.0692,36.955,92.3041,2734
2016-09-13 20:00:00,90.8,transfer,1.0,113.6081,0.0,117.5514,117.5514,113.6081,0.0688,36.9828,92.7319,2735
2016-09-13 21:00:00,73.12,transfer,1.0,105.6477,0.0,101.0224,101.0224,105.6477,0.0657,36.9496,92.9112,2736
2016-09-13 22:00:00,72.6,transfer,1.0,94.8877,0.0,83.0765,83.0765,94.8877,0.0665,36.9053,93.1024,2737
2016-09-13 23:00:00,72.05,transfer,1.0,86.0096,0.0,99.3304,99.3304,86.0096,0.0643,36.8818,93.3422,2738
2016-09-14 00:00:00,69.81,transfer,1.0,80.6567,0.0,84.488,84.488,80.6567,0.0641,36.8648,93.594,2739
2016-09-14 01:00:00,69.45,transfer,1.0,77.9811,0.0,72.4457,72.4457,77.9811,0.0642,36.8504,93.826,2740
2016-09-14 02:00:00,67.61,transfer,1.0,77.6353,0.0,77.5449,77.5449,77.6353,0.0641,36.8474,94.0155,2741
2016-09-14 03:00:00,67.34,transfer,1.0,79.6819,0.0,90.7193,90.7193,79.6819,0.063,36.8611,94.2059,2742
2016-09-14 04:00:00,110.54,transfer,1.0,83.8193,0.0,87.9429,87.9429,83.8193,0.0617,36.8702,94.8426,2743
2016-09-14 05:00:00,121.56,transfer,1.0,94.1379,0.0,100.8799,100.8799,94.1379,0.0541,36.8823,95.4888,2744
2016-09-14 06:00:00,126.67,transfer,1.0,106.4076,0.0,114.4684,114.4684,106.4076,0.0487,36.841,96.1016,2745
2016-09-14 07:00:00,138.14,transfer,1.0,113.6924,0.0,98.6008,98.6008,113.6924,0.0469,36.7704,96.7052,2746
2016-09-14 08:00:00,150.41,transfer,1.0,117.1405,0.0,144.1734,144.1734,117.1405,0.0492,36.6741,97.2935,2747
2016-09-14 09:00:00,173.62,transfer,1.0,118.7542,0.0,98.7765,98.7765,118.7542,0.0539,36.636,97.9443,2748
2016-09-14 10:00:00,183.7,transfer,1.0,119.4054,0.0,113.0387,113.0387,119.4054,0.0567,36.6439,98.6429,2749
2016-09-14 11:00:00,193.99,transfer,1.0,119.7235,0.0,127.4976,127.4976,119.7235,0.0591,36.6177,99.3084,2750
2016-09-14 12:00:00,176.42,transfer,1.0,119.8861,0.0,148.8949,148.8949,119.8861,0.0649,36.5147,99.8975,2751
2016-09-14 13:00:00,178.5,transfer,1.0,119.9682,0.0,118.4336,118.4336,119.9682,0.0691,36.4023,100.4777,2752
2016-09-14 14:00:00,184.8,transfer,1.0,119.9614,0.0,121.1503,121.1503,119.9614,0.0689,36.3039,101.0717,2753
2016-09-14 15:00:00,171.34,transfer,1.0,119.9146,0.0,136.8843,136.8843,119.9146,0.0686,36.0845,101.5447,2754
2016-09-14 16:00:00,171.82,transfer,1.0,119.8145,0.0,142.9007,142.9007,119.8145,0.069,35.9712,102.1234,2755
2016-09-14 17:00:00,163.79,transfer,1.0,119.6068,0.0,113.4563,113.4563,119.6068,0.0685,35.8055,102.6482,2756
2016-09-14 18:00:00,97.27,transfer,1.0,119.2871,0.0,120.7736,120.7736,119.2871,0.0682,35.9226,102.5275,2757
2016-09-14 19:00:00,99.67,transfer,1.0,118.2397,0.0,111.4216,111.4216,118.2397,0.0646,35.9663,102.4769,2758
2016-09-14 20:00:00,90.07,transfer,1.0,113.9958,0.0,125.7966,125.7966,113.9958,0.0642,35.9959,102.4259,2759
2016-09-14 21:00:00,66.95,transfer,1.0,107.1518,0.0,104.7635,104.7635,107.1518,0.0621,36.0221,102.3599,2760
2016-09-14 22:00:00,67.14,transfer,1.0,97.6072,0.0,90.2381,90.2381,97.6072,0.0618,36.0432,102.5857,2761
2016-09-14 23:00:00,67.88,transfer,1.0,88.0508,0.0,79.3387,79.3387,88.0508,0.0637,36.0407,102.7655,2762
2016-09-15 00:00:00,67.62,transfer,1.0,82.4872,0.0,76.469,76.469,82.4872,0.0651,36.0614,102.9789,2763
2016-09-15 01:00:00,66.94,transfer,1.0,79.674,0.0,83.0585,83.0585,79.674,0.0646,36.061,103.1597,2764
2016-09-15 02:00:00,66.28,transfer,1.0,79.111,0.0,68.1013,68.1013,79.111,0.0644,36.0633,103.336,2765
2016-09-15 03:00:00,67.29,transfer,1.0,80.6455,0.0,70.2546,70.2546,80.6455,0.0628,36.0484,103.5112,2766
2016-09-15 04:00:00,104.95,transfer,1.0,84.139,0.0,78.0066,78.0066,84.139,0.0632,35.9656,104.0335,2767
2016-09-15 05:00:00,116.43,transfer,1.0,95.0073,0.0,99.5211,99.5211,95.0073,0.0572,35.8671,104.5614,2768
2016-09-15 06:00:00,121.86,transfer,1.0,107.2547,0.0,100.7457,100.7457,107.2547,0.0538,35.7092,105.0567,2769
2016-09-15 07:00:00,128.73,transfer,1.0,114.2921,0.0,92.4967,92.4967,114.2921,0.0555,35.5201,105.5426,2770
2016-09-15 08:00:00,146.81,transfer,1.0,117.4387,0.0,118.3161,118.3161,117.4387,0.059,35.2876,105.9949,2771
2016-09-15 09:00:00,168.69,transfer,1.0,118.8064,0.0,117.4989,117.4989,118.8064,0.0641,35.1203,106.5165,2772
2016-09-15 10:00:00,160.54,transfer,1.0,119.3687,0.0,115.1568,115.1568,119.3687,0.0653,34.8253,106.9119,2773
2016-09-15 11:00:00,160.74,transfer,1.0,119.6467,0.0,105.807,105.807,119.6467,0.0664,34.5284,107.3062,2774
2016-09-15 12:00:00,156.24,transfer,1.0,119.7221,0.0,115.3438,115.3438,119.7221,0.0662,34.2004,107.6694,2775
2016-09-15 13:00:00,146.05,transfer,1.0,119.7015,0.0,123.3334,123.3334,119.7015,0.0654,33.7984,107.9582,2776
2016-09-15 14:00:00,157.03,transfer,1.0,119.5643,0.0,133.3365,133.3365,119.5643,0.0638,33.5137,108.3633,2777
2016-09-15 15:00:00,147.54,transfer,1.0,119.2134,0.0,127.8355,127.8355,119.2134,0.0619,33.1426,108.6799,2778
2016-09-15 16:00:00,131.44,transfer,1.0,118.754,0.0,118.5338,118.5338,118.754,0.0601,32.7657,108.9881,2779
2016-09-15 17:00:00,127.28,transfer,1.0,117.8696,0.0,131.7544,131.7544,117.8696,0.0582,32.411,109.3134,2780
2016-09-15 18:00:00,86.49,transfer,1.0,116.0474,0.0,92.7292,92.7292,116.0474,0.0563,32.5722,109.8221,2781
2016-09-15 19:00:00,84.66,transfer,1.0,109.4677,0.0,124.7716,124.7716,109.4677,0.0516,32.6482,110.2729,2782
2016-09-15 20:00:00,79.81,transfer,1.0,96.0237,0.0,88.5748,88.5748,96.0237,0.0517,32.6652,110.6765,2783
2016-09-15 21:00:00,65.11,transfer,1.0,85.8765,0.0,82.7185,82.7185,85.8765,0.0544,32.5993,110.8647,2784
2016-09-15 22:00:00,65.75,transfer,1.0,77.8395,0.0,84.4301,84.4301,77.8395,0.0585,32.5057,111.048,2785
2016-09-15 23:00:00,65.65,transfer,1.0,72.4013,0.0,78.2552,78.2552,72.4013,0.0597,32.4607,111.272,2786
2016-09-16 00:00:00,66.65,transfer,1.0,69.7886,0.0,56.0954,56.0954,69.7886,0.0605,32.4112,111.4907,2787
2016-09-16 01:00:00,66.49,transfer,1.0,69.1021,0.0,70.4456,70.4456,69.1021,0.0599,32.3682,111.7076,2788
2016-09-16 02:00:00,65.48,transfer,1.0,69.7736,0.0,69.9948,69.9948,69.7736,0.0589,32.3236,111.9045,2789
2016-09-16 03:00:00,66.53,transfer,1.0,71.8553,0.0,85.2193,85.2193,71.8553,0.0583,32.3217,112.1527,2790
2016-09-16 04:00:00,88.2,transfer,1.0,75.6914,0.0,76.742,76.742,75.6914,0.057,32.1414,112.5185,2791
2016-09-16 05:00:00,99.51,transfer,1.0,84.2571,0.0,74.9363,74.9363,84.2571,0.0498,31.9572,112.8889,2792
2016-09-16 06:00:00,105.9,transfer,1.0,95.1143,0.0,89.8868,89.8868,95.1143,0.0459,31.7304,113.2418,2793
2016-09-16 07:00:00,117.9,transfer,1.0,104.7145,0.0,108.6501,108.6501,104.7145,0.0439,31.4554,113.5784,2794
2016-09-16 08:00:00,133.53,transfer,1.0,111.1539,0.0,102.8224,102.8224,111.1539,0.0439,31.141,113.9067,2795
2016-09-16 09:00:00,131.99,transfer,1.0,114.8856,0.0,106.7096,106.7096,114.8856,0.0479,30.7415,114.1687,2796
2016-09-16 10:00:00,134.05,transfer,1.0,116.5619,0.0,109.9386,109.9386,116.5619,0.05,30.2249,114.3216,2797
2016-09-16 11:00:00,146.27,transfer,1.0,117.2094,0.0,112.7079,112.7079,117.2094,0.0517,29.7629,114.5315,2798
2016-09-16 12:00:00,141.1,transfer,1.0,117.326,0.0,111.5353,111.5353,117.326,0.0526,29.3193,114.7554,2799
2016-09-16 13:00:00,134.35,transfer,1.0,117.2201,0.0,104.0238,104.0238,117.2201,0.0539,28.9092,115.0087,2800
2016-09-16 14:00:00,139.81,transfer,1.0,116.7093,0.0,108.0058,108.0058,116.7093,0.0542,28.4878,115.2468,2801
2016-09-16 15:00:00,135.21,transfer,1.0,115.6591,0.0,93.8395,93.8395,115.6591,0.0546,28.1355,115.5464,2802
2016-09-16 16:00:00,121.86,transfer,1.0,114.0684,0.0,122.2586,122.2586,114.0684,0.0533,27.7482,115.7911,2803
2016-09-16 17:00:00,111.08,transfer,1.0,111.3147,0.0,119.0924,119.0924,111.3147,0.0522,27.3574,115.99,2804
2016-09-16 18:00:00,79.87,transfer,1.0,106.3437,0.0,89.014,89.014,106.3437,0.0505,27.5134,115.7558,2805
2016-09-16 19:00:00,79.05,transfer,1.0,94.9344,0.0,89.8639,89.8639,94.9344,0.0489,27.5285,115.5982,2806
2016-09-16 20:00:00,76.54,transfer,1.0,83.8703,0.0,69.0227,69.0227,83.8703,0.0526,27.4678,115.4604,2807
2016-09-16 21:00:00,62.01,transfer,1.0,76.7457,0.0,85.9973,85.9973,76.7457,0.0563,27.378,115.3276,2808
2016-09-16 22:00:00,61.95,transfer,1.0,71.7066,0.0,67.3519,67.3519,71.7066,0.059,27.3062,115.1819,2809
2016-09-16 23:00:00,63.19,transfer,1.0,68.058,0.0,81.8524,81.8524,68.058,0.0604,27.257,115.0287,2810
2016-09-17 00:00:00,61.1,transfer,1.0,66.1067,0.0,67.0092,67.0092,66.1067,0.0607,27.2104,114.8847,2811
2016-09-17 01:00:00,62.55,transfer,1.0,64.5647,0.0,58.8449,58.8449,64.5647,0.0656,27.1846,114.6571,2812
2016-09-17 02:00:00,61.3,transfer,1.0,63.6208,0.0,64.3289,64.3289,63.6208,0.0651,27.1571,114.5161,2813
2016-09-17 03:00:00,63.31,transfer,1.0,63.1659,0.0,69.6674,69.6674,63.1659,0.0662,27.1498,114.3382,2814
2016-09-17 04:00:00,89.13,transfer,1.0,63.3275,0.0,56.2132,56.2132,63.3275,0.0657,27.0399,114.06,2815
2016-09-17 05:00:00,94.13,transfer,1.0,64.4462,0.0,64.8466,64.8466,64.4462,0.0582,26.9,113.741,2816
2016-09-17 06:00:00,82.85,transfer,1.0,67.3659,0.0,69.7047,69.7047,67.3659,0.0524,26.7494,113.3989,2817
2016-09-17 07:00:00,85.23,transfer,1.0,70.3664,0.0,66.8997,66.8997,70.3664,0.0498,26.6735,113.1242,2818
2016-09-17 08:00:00,74.85,transfer,1.0,71.8189,0.0,78.2542,78.2542,71.8189,0.0504,26.5072,112.7476,2819
2016-09-17 09:00:00,77.86,transfer,1.0,71.7882,0.0,79.1197,79.1197,71.7882,0.0505,26.3491,112.3652,2820
2016-09-17 10:00:00,87.99,transfer,1.0,70.1445,0.0,66.3341,66.3341,70.1445,0.0509,26.209,111.9847,2821
2016-09-17 11:00:00,82.82,transfer,1.0,68.8494,0.0,70.2462,70.2462,68.8494,0.0501,26.0087,111.5333,2822
2016-09-17 12:00:00,102.63,transfer,1.0,68.2364,0.0,78.9636,78.9636,68.2364,0.0486,25.9131,111.183,2823
2016-09-17 13:00:00,98.35,transfer,1.0,67.5185,0.0,64.9797,64.9797,67.5185,0.0484,25.8281,110.8415,2824
2016-09-17 14:00:00,99.76,transfer,1.0,67.7255,0.0,71.9637,71.9637,67.7255,0.0475,25.74,110.5039,2825
2016-09-17 15:00:00,104.78,transfer,1.0,67.5016,0.0,72.5793,72.5793,67.5016,0.0466,25.6616,110.1862,2826
2016-09-17 16:00:00,91.62,transfer,1.0,66.826,0.0,68.5112,68.5112,66.826,0.0473,25.4861,109.7812,2827
2016-09-17 17:00:00,105.51,transfer,1.0,66.0977,0.0,64.2904,64.2904,66.0977,0.0478,25.3872,109.4635,2828
2016-09-17 18:00:00,75.81,transfer,1.0,64.8032,0.0,68.3193,68.3193,64.8032,0.0508,25.4313,109.3413,2829
2016-09-17 19:00:00,74.81,transfer,1.0,63.8972,0.0,55.3569,55.3569,63.8972,0.0577,25.4918,109.2038,2830
2016-09-17 20:00:00,78.55,transfer,1.0,62.506,0.0,56.5234,56.5234,62.506,76.5722,25.5422,108.6323,2831
2016-09-17 21:00:00,65.81,transfer,1.0,60.7052,0.0,59.2424,59.2424,60.7052,88.5317,25.5413,108.2939,2832
2016-09-17 22:00:00,64.31,transfer,1.0,59.6414,0.0,59.5208,59.5208,59.6414,85.8669,25.5608,107.9517,2833
2016-09-17 23:00:00,63.95,transfer,1.0,58.4646,0.0,59.3021,59.3021,58.4646,35.1431,25.5835,107.6792,2834
2016-09-18 00:00:00,65.64,transfer,1.0,57.5104,0.0,57.4138,57.4138,57.5104,0.0679,25.5843,107.5874,2835
2016-09-18 01:00:00,65.18,transfer,1.0,57.1213,0.0,58.3052,58.3052,57.1213,0.0691,25.5664,107.4849,2836
2016-09-18 02:00:00,64.2,transfer,1.0,57.2115,0.0,50.5473,50.5473,57.2115,0.0718,25.5359,107.3735,2837
2016-09-18 03:00:00,65.15,transfer,1.0,57.6707,0.0,57.9992,57.9992,57.6707,0.0729,25.5254,107.2843,2838
2016-09-18 04:00:00,98.43,transfer,1.0,58.3591,0.0,48.3975,48.3975,58.3591,0.0742,25.3736,107.0544,2839
2016-09-18 05:00:00,107.57,transfer,1.0,59.5174,0.0,61.0191,61.0191,59.5174,0.0625,25.2228,106.8249,2840
2016-09-18 06:00:00,104.2,transfer,1.0,62.6787,0.0,69.5994,69.5994,62.6787,0.0542,25.1086,106.6223,2841
2016-09-18 07:00:00,86.81,transfer,1.0,66.497,0.0,61.3411,61.3411,66.497,0.0509,24.9818,106.399,2842
2016-09-18 08:00:00,89.39,transfer,1.0,69.53,0.0,70.0968,70.0968,69.53,0.0502,24.864,106.1768,2843
2016-09-18 09:00:00,98.75,transfer,1.0,69.4896,0.0,65.9257,65.9257,69.4896,0.052,24.8187,106.0129,2844
2016-09-18 10:00:00,87.57,transfer,1.0,68.9935,0.0,72.8509,72.8509,68.9935,0.0512,24.732,105.7996,2845
2016-09-18 11:00:00,104.61,transfer,1.0,69.4462,0.0,73.173,73.173,69.4462,0.0492,24.7714,105.7153,2846
2016-09-18 12:00:00,112.46,transfer,1.0,69.0259,0.0,70.9342,70.9342,69.0259,0.0497,24.9196,105.7393,2847
2016-09-18 13:00:00,103.6,transfer,1.0,69.5692,0.0,72.0866,72.0866,69.5692,0.0482,24.9407,105.6467,2848
2016-09-18 14:00:00,121.49,transfer,1.0,70.6442,0.0,73.0682,73.0682,70.6442,0.0472,25.0536,105.6653,2849
2016-09-18 15:00:00,119.66,transfer,1.0,70.7596,0.0,74.8334,74.8334,70.7596,0.0478,25.1707,105.7,2850
2016-09-18 16:00:00,111.9,transfer,1.0,71.2711,0.0,75.3186,75.3186,71.2711,0.047,25.1966,105.6567,2851
2016-09-18 17:00:00,116.76,transfer,1.0,71.4444,0.0,68.1955,68.1955,71.4444,0.0477,25.2944,105.6976,2852
2016-09-18 18:00:00,89.23,transfer,1.0,70.5557,0.0,82.5353,82.5353,70.5557,0.0499,25.3786,105.7307,2853
2016-09-18 19:00:00,89.22,transfer,1.0,69.2203,0.0,60.8929,60.8929,69.2203,55.6111,25.4599,105.51,2854
2016-09-18 20:00:00,76.57,transfer,1.0,67.1165,0.0,72.4679,72.4679,67.1165,81.3515,25.4476,105.0323,2855
2016-09-18 21:00:00,67.97,transfer,1.0,65.0465,0.0,60.3266,60.3266,65.0465,82.9444,25.4364,104.7357,2856
2016-09-18 22:00:00,68.06,transfer,1.0,62.823,0.0,63.2921,63.2921,62.823,72.2628,25.4572,104.3726,2857
2016-09-18 23:00:00,65.73,transfer,1.0,60.7143,0.0,44.3908,44.3908,60.7143,30.8202,25.484,104.2011,2858
2016-09-19 00:00:00,65.24,transfer,1.0,59.4023,0.0,50.5876,50.5876,59.4023,0.0725,25.5127,104.2141,2859
2016-09-19 01:00:00,66.25,transfer,1.0,59.1445,0.0,45.8498,45.8498,59.1445,0.0658,25.5391,104.229,2860
2016-09-19 02:00:00,66.23,transfer,1.0,60.0375,0.0,55.9147,55.9147,60.0375,0.0655,25.563,104.2467,2861
2016-09-19 03:00:00,67.24,transfer,1.0,62.1648,0.0,65.8119,65.8119,62.1648,0.0645,25.5925,104.2784,2862
2016-09-19 04:00:00,113.73,transfer,1.0,65.7445,0.0,58.2309,58.2309,65.7445,0.0631,25.7089,104.4047,2863
2016-09-19 05:00:00,127.37,transfer,1.0,72.6182,0.0,68.2829,68.2829,72.6182,0.0551,25.825,104.5431,2864
2016-09-19 06:00:00,147.58,transfer,1.0,86.6296,0.0,80.8811,80.8811,86.6296,0.0469,25.9641,104.7419,2865
2016-09-19 07:00:00,162.0,transfer,1.0,101.0216,0.0,100.6166,100.6166,101.0216,0.0441,26.144,105.0166,2866
2016-09-19 08:00:00,166.06,transfer,1.0,110.9442,0.0,110.7189,110.7189,110.9442,0.0455,26.1758,105.1484,2867
2016-09-19 09:00:00,177.47,transfer,1.0,116.2585,0.0,104.4673,104.4673,116.2585,0.0482,26.1891,105.2431,2868
2016-09-19 10:00:00,178.52,transfer,1.0,118.385,0.0,90.9461,90.9461,118.385,0.0528,26.2282,105.3324,2869
2016-09-19 11:00:00,166.56,transfer,1.0,119.1973,0.0,143.8226,143.8226,119.1973,0.0601,26.1813,105.313,2870
2016-09-19 12:00:00,156.8,transfer,1.0,119.439,0.0,107.531,107.531,119.439,0.0684,26.1072,105.2542,2871
2016-09-19 13:00:00,147.06,transfer,1.0,119.3226,0.0,114.7463,114.7463,119.3226,0.0753,25.9917,105.1468,2872
2016-09-19 14:00:00,159.1,transfer,1.0,119.1312,0.0,99.8,99.8,119.1312,0.0756,25.9109,105.0707,2873
2016-09-19 15:00:00,149.4,transfer,1.0,118.7962,0.0,98.6256,98.6256,118.7962,0.0741,25.8049,104.9672,2874
2016-09-19 16:00:00,143.14,transfer,1.0,118.3798,0.0,132.3841,132.3841,118.3798,0.0704,25.7237,104.8873,2875
2016-09-19 17:00:00,131.62,transfer,1.0,117.5538,0.0,146.2813,146.2813,117.5538,0.0676,25.5921,104.7549,2876
2016-09-19 18:00:00,85.85,transfer,1.0,116.1834,0.0,117.4963,117.4963,116.1834,0.0626,25.6271,104.7175,2877
2016-09-19 19:00:00,99.39,transfer,1.0,111.4855,0.0,125.4843,125.4843,111.4855,0.0618,25.543,104.7887,2878
2016-09-19 20:00:00,81.2,transfer,1.0,100.3102,0.0,99.1146,99.1146,100.3102,83.2955,25.5039,104.3347,2879
2016-09-19 21:00:00,67.89,transfer,1.0,93.0159,0.0,78.1118,78.1118,93.0159,87.998,25.4896,104.0567,2880
2016-09-19 22:00:00,68.09,transfer,1.0,84.7594,0.0,85.0636,85.0636,84.7594,89.4275,25.4846,103.7876,2881
2016-09-19 23:00:00,68.32,transfer,1.0,78.2129,0.0,72.1143,72.1143,78.2129,89.6733,25.4748,103.5234,2882
2016-09-20 00:00:00,67.67,transfer,1.0,74.7094,0.0,75.4768,75.4768,74.7094,88.8076,25.4696,103.26,2883
2016-09-20 01:00:00,68.97,transfer,1.0,73.9358,0.0,61.2537,61.2537,73.9358,69.8532,25.4612,102.8781,2884
2016-09-20 02:00:00,65.62,transfer,1.0,75.0454,0.0,78.3526,78.3526,75.0454,0.0629,25.4717,102.8889,2885
2016-09-20 03:00:00,66.12,transfer,1.0,78.1901,0.0,81.5372,81.5372,78.1901,0.0619,25.4984,102.893,2886
2016-09-20 04:00:00,95.1,transfer,1.0,82.8584,0.0,87.6805,87.6805,82.8584,0.0612,25.4115,102.846,2887
2016-09-20 05:00:00,107.61,transfer,1.0,93.5002,0.0,82.7135,82.7135,93.5002,0.0553,25.3262,102.8133,2888
2016-09-20 06:00:00,128.28,transfer,1.0,105.6603,0.0,119.5198,119.5198,105.6603,0.0528,25.2935,102.8299,2889
2016-09-20 07:00:00,127.74,transfer,1.0,113.572,0.0,107.8425,107.8425,113.572,0.0519,25.2561,102.8274,2890
2016-09-20 08:00:00,144.94,transfer,1.0,117.3674,0.0,132.3282,132.3282,117.3674,0.0536,25.1564,102.7472,2891
2016-09-20 09:00:00,156.24,transfer,1.0,118.9661,0.0,116.9308,116.9308,118.9661,0.0618,25.0678,102.668,2892
2016-09-20 10:00:00,146.14,transfer,1.0,119.6085,0.0,120.9782,120.9782,119.6085,0.0677,24.8559,102.4607,2893
2016-09-20 11:00:00,160.81,transfer,1.0,119.8533,0.0,120.1863,120.1863,119.8533,0.0753,24.8007,102.4077,2894
2016-09-20 12:00:00,165.14,transfer,1.0,119.8861,0.0,110.1745,110.1745,119.8861,0.0807,24.7455,102.353,2895
2016-09-20 13:00:00,154.29,transfer,1.0,119.883,0.0,100.2788,100.2788,119.883,0.0842,24.5795,102.187,2896
2016-09-20 14:00:00,155.03,transfer,1.0,119.8202,0.0,132.2232,132.2232,119.8202,0.0869,24.4063,102.0133,2897
2016-09-20 15:00:00,152.01,transfer,1.0,119.6583,0.0,114.6569,114.6569,119.6583,0.0866,24.2483,101.854,2898
2016-09-20 16:00:00,147.29,transfer,1.0,119.3632,0.0,137.5611,137.5611,119.3632,0.0855,24.0675,101.6709,2899
2016-09-20 17:00:00,123.13,transfer,1.0,118.8412,0.0,118.137,118.137,118.8412,0.0851,23.8705,101.4695,2900
2016-09-20 18:00:00,93.86,transfer,1.0,117.82,0.0,125.4017,125.4017,117.82,0.0844,23.9389,101.3927,2901
2016-09-20 19:00:00,95.3,transfer,1.0,112.9209,0.0,121.2699,121.2699,112.9209,0.0836,23.9262,101.3755,2902
2016-09-20 20:00:00,77.97,transfer,1.0,102.8833,0.0,111.737,111.737,102.8833,0.079,23.9387,101.2991,2903
2016-09-20 21:00:00,69.75,transfer,1.0,92.7335,0.0,83.7842,83.7842,92.7335,0.0849,23.8819,101.2789,2904
2016-09-20 22:00:00,70.2,transfer,1.0,82.2753,0.0,80.2265,80.2265,82.2753,108.1949,23.8211,101.0733,2905
2016-09-20 23:00:00,69.7,transfer,1.0,76.0773,0.0,82.0658,82.0658,76.0773,102.6061,23.776,100.8407,2906
2016-09-21 00:00:00,68.97,transfer,1.0,73.2096,0.0,77.426,77.426,73.2096,95.7174,23.7366,100.5847,2907
2016-09-21 01:00:00,69.16,transfer,1.0,72.1199,0.0,90.0788,90.0788,72.1199,93.6566,23.7035,100.3175,2908
2016-09-21 02:00:00,69.49,transfer,1.0,73.3142,0.0,69.0243,69.0243,73.3142,86.3117,23.6666,100.0156,2909
2016-09-21 03:00:00,68.4,transfer,1.0,76.4027,0.0,74.8895,74.8895,76.4027,0.0681,23.6407,100.0219,2910
2016-09-21 04:00:00,101.33,transfer,1.0,81.899,0.0,82.1241,82.1241,81.899,0.0624,23.5973,99.9671,2911
2016-09-21 05:00:00,111.1,transfer,1.0,93.3697,0.0,91.4476,91.4476,93.3697,0.0605,23.5397,99.9048,2912
2016-09-21 06:00:00,128.19,transfer,1.0,106.2187,0.0,106.763,106.763,106.2187,97.72,23.5498,99.3324,2913
2016-09-21 07:00:00,124.86,transfer,1.0,113.8059,0.0,98.1168,98.1168,113.8059,113.3776,23.4701,98.5788,2914
2016-09-21 08:00:00,142.07,transfer,1.0,117.3114,0.0,117.9946,117.9946,117.3114,93.6068,23.4194,97.9723,2915
2016-09-21 09:00:00,158.93,transfer,1.0,118.7452,0.0,108.4972,108.4972,118.7452,89.0303,23.3321,97.3552,2916
2016-09-21 10:00:00,156.98,transfer,1.0,119.3733,0.0,109.9673,109.9673,119.3733,93.0241,23.1732,96.6428,2917
2016-09-21 11:00:00,157.09,transfer,1.0,119.6606,0.0,131.7666,131.7666,119.6606,0.1546,22.9539,96.4226,2918
2016-09-21 12:00:00,162.73,transfer,1.0,119.779,0.0,112.9968,112.9968,119.779,0.0744,22.8731,96.341,2919
2016-09-21 13:00:00,164.58,transfer,1.0,119.7769,0.0,125.146,125.146,119.7769,0.0736,22.7914,96.2581,2920
2016-09-21 14:00:00,163.31,transfer,1.0,119.7184,0.0,128.7568,128.7568,119.7184,0.0727,22.6649,96.1302,2921
2016-09-21 15:00:00,149.72,transfer,1.0,119.6119,0.0,100.563,100.563,119.6119,0.0719,22.538,96.0015,2922
2016-09-21 16:00:00,146.2,transfer,1.0,119.4044,0.0,111.6582,111.6582,119.4044,0.0715,22.3879,95.849,2923
2016-09-21 17:00:00,137.31,transfer,1.0,118.9228,0.0,98.2104,98.2104,118.9228,0.0709,22.2344,95.6913,2924
2016-09-21 18:00:00,89.94,transfer,1.0,118.0301,0.0,91.848,91.848,118.0301,0.071,22.2705,95.6477,2925
2016-09-21 19:00:00,83.66,transfer,1.0,114.6143,0.0,112.789,112.789,114.6143,0.0694,22.3443,95.5524,2926
2016-09-21 20:00:00,91.24,transfer,1.0,105.7646,0.0,116.5963,116.5963,105.7646,108.062,22.2883,95.1167,2927
2016-09-21 21:00:00,74.24,transfer,1.0,93.29,0.0,87.7519,87.7519,93.29,107.9764,22.1624,94.9194,2928
2016-09-21 22:00:00,69.4,transfer,1.0,85.6852,0.0,104.0743,104.0743,85.6852,97.2505,22.078,94.6859,2929
2016-09-21 23:00:00,66.77,transfer,1.0,80.2482,0.0,73.2739,73.2739,80.2482,94.5311,22.0381,94.4475,2930
2016-09-22 00:00:00,69.12,transfer,1.0,76.2683,0.0,72.1585,72.1585,76.2683,94.7723,21.9922,94.1981,2931
2016-09-22 01:00:00,67.72,transfer,1.0,74.3429,0.0,80.1615,80.1615,74.3429,93.6208,21.9558,93.9542,2932
2016-09-22 02:00:00,66.42,transfer,1.0,75.0561,0.0,77.7031,77.7031,75.0561,87.2374,21.9309,93.684,2933
2016-09-22 03:00:00,64.83,transfer,1.0,77.8089,0.0,81.473,81.473,77.8089,0.062,21.9286,93.6693,2934
2016-09-22 04:00:00,90.77,transfer,1.0,82.2952,0.0,74.8568,74.8568,82.2952,0.0621,21.8552,93.5849,2935
2016-09-22 05:00:00,104.59,transfer,1.0,93.6975,0.0,92.0613,92.0613,93.6975,0.0563,21.7925,93.5144,2936
2016-09-22 06:00:00,106.24,transfer,1.0,106.1428,0.0,115.254,115.254,106.1428,0.0536,21.7061,93.4215,2937
2016-09-22 07:00:00,107.87,transfer,1.0,113.8186,0.0,106.524,106.524,113.8186,0.0518,21.6556,93.2973,2938
2016-09-22 08:00:00,136.41,transfer,1.0,116.9998,0.0,115.4501,115.4501,116.9998,0.0528,21.5963,93.2355,2939
2016-09-22 09:00:00,155.5,transfer,1.0,118.3387,0.0,123.7875,123.7875,118.3387,0.0554,21.5206,93.157,2940
2016-09-22 10:00:00,155.75,transfer,1.0,119.0023,0.0,127.9248,127.9248,119.0023,0.0553,21.4943,93.1285,2941
2016-09-22 11:00:00,165.07,transfer,1.0,119.3405,0.0,111.4824,111.4824,119.3405,0.0571,21.5219,93.1544,2942
2016-09-22 12:00:00,169.02,transfer,1.0,119.4799,0.0,134.2777,134.2777,119.4799,0.0594,21.5994,93.2305,2943
2016-09-22 13:00:00,171.52,transfer,1.0,119.5513,0.0,113.5486,113.5486,119.5513,0.0607,21.7519,93.3821,2944
2016-09-22 14:00:00,164.58,transfer,1.0,119.5493,0.0,116.8233,116.8233,119.5493,0.0622,21.7969,93.4271,2945
2016-09-22 15:00:00,153.95,transfer,1.0,119.479,0.0,109.8295,109.8295,119.479,0.0634,21.8335,93.4652,2946
2016-09-22 16:00:00,157.86,transfer,1.0,119.2452,0.0,134.0923,134.0923,119.2452,0.065,21.9878,93.6224,2947
2016-09-22 17:00:00,147.61,transfer,1.0,118.7642,0.0,141.8177,141.8177,118.7642,0.0638,22.1035,93.7434,2948
2016-09-22 18:00:00,96.42,transfer,1.0,118.047,0.0,122.2014,122.2014,118.047,0.062,22.0563,93.8025,2949
2016-09-22 19:00:00,89.32,transfer,1.0,115.2555,0.0,118.8122,118.8122,115.2555,0.0605,22.063,93.8302,2950
2016-09-22 20:00:00,84.51,transfer,1.0,107.0343,0.0,120.8375,120.8375,107.0343,115.5223,22.1006,93.54,2951
2016-09-22 21:00:00,65.75,transfer,1.0,96.6615,0.0,101.5874,101.5874,96.6615,110.8453,22.161,93.4212,2952
2016-09-22 22:00:00,65.52,transfer,1.0,87.4083,0.0,95.0342,95.0342,87.4083,97.9492,22.2193,93.2232,2953
2016-09-22 23:00:00,65.77,transfer,1.0,80.014,0.0,57.908,57.908,80.014,94.3551,22.2639,93.003,2954
2016-09-23 00:00:00,64.24,transfer,1.0,76.2742,0.0,74.9663,74.9663,76.2742,89.8636,22.3168,92.7591,2955
2016-09-23 01:00:00,64.13,transfer,1.0,75.1243,0.0,79.2978,79.2978,75.1243,86.9026,22.3667,92.4992,2956
2016-09-23 02:00:00,65.4,transfer,1.0,75.8134,0.0,76.4303,76.4303,75.8134,29.1711,22.4032,92.3255,2957
2016-09-23 03:00:00,64.84,transfer,1.0,78.1257,0.0,63.0642,63.0642,78.1257,0.0634,22.4505,92.3154,2958
2016-09-23 04:00:00,96.85,transfer,1.0,83.3141,0.0,85.9125,85.9125,83.3141,0.0623,22.4567,92.3669,2959
2016-09-23 05:00:00,116.99,transfer,1.0,93.635,0.0,88.1655,88.1655,93.635,0.0544,22.5049,92.4709,2960
2016-09-23 06:00:00,124.08,transfer,1.0,106.0036,0.0,111.1507,111.1507,106.0036,0.0498,22.5483,92.5791,2961
2016-09-23 07:00:00,110.62,transfer,1.0,113.8664,0.0,101.4736,101.4736,113.8664,0.0481,22.4891,92.5357,2962
2016-09-23 08:00:00,138.88,transfer,1.0,117.282,0.0,101.6292,101.6292,117.282,0.0509,22.4845,92.5675,2963
2016-09-23 09:00:00,159.18,transfer,1.0,118.583,0.0,120.3707,120.3707,118.583,0.0554,22.6243,92.7293,2964
2016-09-23 10:00:00,152.99,transfer,1.0,119.1477,0.0,122.1858,122.1858,119.1477,0.0572,22.7217,92.842,2965
2016-09-23 11:00:00,168.03,transfer,1.0,119.4276,0.0,97.5111,97.5111,119.4276,0.0599,22.838,92.9715,2966
2016-09-23 12:00:00,167.36,transfer,1.0,119.5278,0.0,141.1542,141.1542,119.5278,0.062,22.9812,93.1277,2967
2016-09-23 13:00:00,167.04,transfer,1.0,119.5498,0.0,126.3191,126.3191,119.5498,0.0625,23.1619,93.3223,2968
2016-09-23 14:00:00,173.11,transfer,1.0,119.4563,0.0,114.9392,114.9392,119.4563,0.0622,23.3438,93.5204,2969
2016-09-23 15:00:00,159.5,transfer,1.0,119.3021,0.0,134.2211,134.2211,119.3021,0.0629,23.4667,93.665,2970
2016-09-23 16:00:00,158.54,transfer,1.0,119.0646,0.0,119.1968,119.1968,119.0646,0.0615,23.6553,93.8833,2971
2016-09-23 17:00:00,142.94,transfer,1.0,118.5352,0.0,128.3614,128.3614,118.5352,0.0609,23.7991,94.0728,2972
2016-09-23 18:00:00,87.78,transfer,1.0,117.6791,0.0,142.9669,142.9669,117.6791,0.0598,23.8195,94.1199,2973
2016-09-23 19:00:00,94.52,transfer,1.0,114.5713,0.0,105.9334,105.9334,114.5713,0.0586,23.8443,94.2119,2974
2016-09-23 20:00:00,90.9,transfer,1.0,104.9274,0.0,123.9641,123.9641,104.9274,0.0617,23.8842,94.2973,2975
2016-09-23 21:00:00,67.68,transfer,1.0,95.6323,0.0,102.0218,102.0218,95.6323,87.1394,23.9629,94.0444,2976
2016-09-23 22:00:00,66.69,transfer,1.0,88.331,0.0,97.5233,97.5233,88.331,89.5042,24.0336,93.8118,2977
2016-09-23 23:00:00,65.37,transfer,1.0,81.4668,0.0,74.3523,74.3523,81.4668,85.7421,24.1004,93.5573,2978
2016-09-24 00:00:00,65.9,transfer,1.0,77.4581,0.0,82.3183,82.3183,77.4581,0.0686,24.1394,93.5858,2979
2016-09-24 01:00:00,63.97,transfer,1.0,74.123,0.0,88.0434,88.0434,74.123,0.0709,24.1879,93.5942,2980
2016-09-24 02:00:00,64.12,transfer,1.0,72.6318,0.0,80.4079,80.4079,72.6318,0.0684,24.2247,93.611,2981
2016-09-24 03:00:00,64.47,transfer,1.0,71.6978,0.0,72.724,72.724,71.6978,0.0677,24.2669,93.6179,2982
2016-09-24 04:00:00,100.76,transfer,1.0,71.9897,0.0,67.9699,67.9699,71.9897,0.0663,24.2846,93.6871,2983
2016-09-24 05:00:00,112.82,transfer,1.0,74.2278,0.0,77.4891,77.4891,74.2278,0.0577,24.3376,93.7983,2984
2016-09-24 06:00:00,105.65,transfer,1.0,79.677,0.0,72.8964,72.8964,79.677,0.0498,24.4,93.9341,2985
2016-09-24 07:00:00,91.33,transfer,1.0,85.7484,0.0,90.532,90.532,85.7484,0.0469,24.3448,93.9704,2986
2016-09-24 08:00:00,88.21,transfer,1.0,90.4655,0.0,98.6164,98.6164,90.4655,0.0481,24.3401,94.0499,2987
2016-09-24 09:00:00,106.5,transfer,1.0,92.0786,0.0,93.8311,93.8311,92.0786,0.0507,24.3898,94.2204,2988
2016-09-24 10:00:00,91.68,transfer,1.0,90.6334,0.0,81.4942,81.4942,90.6334,0.0511,24.2899,94.2424,2989
2016-09-24 11:00:00,97.37,transfer,1.0,90.1548,0.0,89.9002,89.9002,90.1548,0.0504,24.2496,94.329,2990
2016-09-24 12:00:00,93.96,transfer,1.0,88.1411,0.0,87.5993,87.5993,88.1411,0.0499,24.0796,94.2774,2991
2016-09-24 13:00:00,81.9,transfer,1.0,85.9369,0.0,78.7382,78.7382,85.9369,0.0497,23.9201,94.1794,2992
2016-09-24 14:00:00,94.36,transfer,1.0,82.8546,0.0,70.3057,70.3057,82.8546,0.0495,23.7979,94.1473,2993
2016-09-24 15:00:00,82.4,transfer,1.0,78.302,0.0,68.356,68.356,78.302,0.0504,23.6004,94.0141,2994
2016-09-24 16:00:00,85.35,transfer,1.0,75.3762,0.0,78.2843,78.2843,75.3762,0.0501,23.5122,93.9767,2995
2016-09-24 17:00:00,88.04,transfer,1.0,72.0601,0.0,64.8485,64.8485,72.0601,0.052,23.3727,93.8727,2996
2016-09-24 18:00:00,64.39,transfer,1.0,69.0264,0.0,77.1044,77.1044,69.0264,0.0539,23.3348,93.8047,2997
2016-09-24 19:00:00,77.28,transfer,1.0,66.7908,0.0,62.3279,62.3279,66.7908,0.062,23.3322,93.8194,2998
2016-09-24 20:00:00,71.22,transfer,1.0,64.6404,0.0,67.8345,67.8345,64.6404,0.0656,23.2759,94.2312,2999
2016-09-24 21:00:00,60.72,transfer,1.0,63.0417,0.0,70.1669,70.1669,63.0417,0.0671,23.2593,94.4569,3000
2016-09-24 22:00:00,64.28,transfer,1.0,61.4352,0.0,62.8869,62.8869,61.4352,0.0691,23.2485,94.7108,3001
2016-09-24 23:00:00,60.96,transfer,1.0,59.724,0.0,67.7124,67.7124,59.724,0.0698,23.2232,94.9018,3002
2016-09-25 00:00:00,60.45,transfer,1.0,58.6327,0.0,49.1321,49.1321,58.6327,0.0707,23.1856,94.8709,3003
2016-09-25 01:00:00,61.63,transfer,1.0,58.0928,0.0,54.535,54.535,58.0928,0.0705,23.1587,94.8497,3004
2016-09-25 02:00:00,61.99,transfer,1.0,57.7901,0.0,53.5939,53.5939,57.7901,0.0716,23.1421,94.8366,3005
2016-09-25 03:00:00,62.18,transfer,1.0,57.9166,0.0,56.0857,56.0857,57.9166,0.0724,23.123,94.8189,3006
2016-09-25 04:00:00,67.49,transfer,1.0,58.5205,0.0,61.9797,61.9797,58.5205,0.0725,22.9378,94.6348,3007
2016-09-25 05:00:00,70.47,transfer,1.0,59.8131,0.0,50.8055,50.8055,59.8131,0.0612,22.7152,94.4139,3008
2016-09-25 06:00:00,69.16,transfer,1.0,60.9434,0.0,61.5511,61.5511,60.9434,0.0574,22.517,94.2053,3009
2016-09-25 07:00:00,61.47,transfer,1.0,61.6494,0.0,63.5583,63.5583,61.6494,0.0558,22.3971,94.0545,3010
2016-09-25 08:00:00,69.04,transfer,1.0,62.2366,0.0,63.706,63.706,62.2366,0.0583,22.3194,93.9333,3011
2016-09-25 09:00:00,67.67,transfer,1.0,61.0643,0.0,63.9175,63.9175,61.0643,0.0558,22.1846,93.7483,3012
2016-09-25 10:00:00,68.62,transfer,1.0,60.2429,0.0,69.6682,69.6682,60.2429,0.0522,22.1239,93.6355,3013
2016-09-25 11:00:00,68.48,transfer,1.0,59.6276,0.0,63.6604,63.6604,59.6276,0.0527,21.9673,93.4204,3014
2016-09-25 12:00:00,75.08,transfer,1.0,58.8961,0.0,69.2123,69.2123,58.8961,0.051,21.805,93.1979,3015
2016-09-25 13:00:00,76.84,transfer,1.0,58.1269,0.0,59.6409,59.6409,58.1269,0.0513,21.7139,93.0386,3016
2016-09-25 14:00:00,71.48,transfer,1.0,57.7044,0.0,53.0446,53.0446,57.7044,0.0514,21.4932,92.7409,3017
2016-09-25 15:00:00,84.12,transfer,1.0,57.2943,0.0,60.2128,60.2128,57.2943,0.0496,21.3618,92.5293,3018
2016-09-25 16:00:00,79.74,transfer,1.0,56.829,0.0,62.5255,62.5255,56.829,0.0518,21.2564,92.3379,3019
2016-09-25 17:00:00,81.65,transfer,1.0,56.8376,0.0,51.5359,51.5359,56.8376,0.0509,21.1343,92.1289,3020
2016-09-25 18:00:00,67.89,transfer,1.0,56.8268,0.0,65.9412,65.9412,56.8268,0.0515,21.089,92.0018,3021
2016-09-25 19:00:00,65.71,transfer,1.0,56.5963,0.0,51.869,51.869,56.5963,0.0523,21.0242,92.1926,3022
2016-09-25 20:00:00,68.94,transfer,1.0,56.3532,0.0,51.0653,51.0653,56.3532,79.7615,21.0429,92.2285,3023
2016-09-25 21:00:00,61.35,transfer,1.0,55.8456,0.0,54.4248,54.4248,55.8456,79.9298,21.0582,92.25,3024
2016-09-25 22:00:00,61.26,transfer,1.0,55.5365,0.0,58.2934,58.2934,55.5365,76.0997,21.0611,92.3133,3025
2016-09-25 23:00:00,60.51,transfer,1.0,55.1675,0.0,52.0111,52.0111,55.1675,71.8631,21.0631,92.1731,3026
2016-09-26 00:00:00,61.29,transfer,1.0,54.9625,0.0,57.8534,57.8534,54.9625,4.4178,21.066,92.1237,3027
2016-09-26 01:00:00,61.4,transfer,1.0,55.4079,0.0,51.5064,51.5064,55.4079,10.5207,21.0594,92.0326,3028
2016-09-26 02:00:00,60.58,transfer,1.0,56.9962,0.0,58.0915,58.0915,56.9962,39.0556,21.0438,91.7669,3029
2016-09-26 03:00:00,61.2,transfer,1.0,59.707,0.0,65.7519,65.7519,59.707,67.3664,21.0225,91.4038,3030
2016-09-26 04:00:00,73.85,transfer,1.0,63.4784,0.0,62.7156,62.7156,63.4784,76.6887,20.7986,90.7441,3031
2016-09-26 05:00:00,89.61,transfer,1.0,69.3763,0.0,78.1159,78.1159,69.3763,89.5215,20.5931,89.9868,3032
2016-09-26 06:00:00,95.83,transfer,1.0,77.3768,0.0,68.7521,68.7521,77.3768,106.893,20.3402,89.1744,3033
2016-09-26 07:00:00,105.31,transfer,1.0,88.1818,0.0,82.9367,82.9367,88.1818,114.3101,20.0792,88.264,3034
2016-09-26 08:00:00,126.15,transfer,1.0,98.2148,0.0,92.1312,92.1312,98.2148,115.1893,19.9174,87.3411,3035
2016-09-26 09:00:00,128.36,transfer,1.0,106.9335,0.0,111.7479,111.7479,106.9335,115.1906,19.6806,86.3634,3036
2016-09-26 10:00:00,124.05,transfer,1.0,112.5651,0.0,111.2419,111.2419,112.5651,115.2049,19.391,85.3537,3037
2016-09-26 11:00:00,138.04,transfer,1.0,115.0352,0.0,130.1878,130.1878,115.0352,115.3848,19.246,84.4975,3038
2016-09-26 12:00:00,123.66,transfer,1.0,115.9981,0.0,100.2989,100.2989,115.9981,115.2564,19.0692,83.6146,3039
2016-09-26 13:00:00,127.79,transfer,1.0,116.4591,0.0,97.7305,97.7305,116.4591,115.1858,18.9716,82.8147,3040
2016-09-26 14:00:00,124.69,transfer,1.0,115.8208,0.0,106.71,106.71,115.8208,115.014,18.7864,81.9257,3041
2016-09-26 15:00:00,108.61,transfer,1.0,114.8213,0.0,73.7623,73.7623,114.8213,114.751,18.6412,81.0734,3042
2016-09-26 16:00:00,106.51,transfer,1.0,112.6928,0.0,111.0357,111.0357,112.6928,114.6098,18.5307,80.27,3043
2016-09-26 17:00:00,92.27,transfer,1.0,107.4227,0.0,111.3686,111.3686,107.4227,114.0897,18.5371,79.6169,3044
2016-09-26 18:00:00,85.34,transfer,1.0,99.5318,0.0,94.8377,94.8377,99.5318,113.5681,18.4411,79.2743,3045
2016-09-26 19:00:00,75.91,transfer,1.0,85.3196,0.0,68.7761,68.7761,85.3196,103.3841,18.4251,78.8466,3046
2016-09-26 20:00:00,76.95,transfer,1.0,79.0708,0.0,69.5433,69.5433,79.0708,94.1762,18.3239,78.9366,3047
2016-09-26 21:00:00,61.73,transfer,1.0,73.7133,0.0,73.3977,73.3977,73.7133,81.1422,18.2457,78.9325,3048
2016-09-26 22:00:00,59.11,transfer,1.0,68.4631,0.0,61.5011,61.5011,68.4631,73.96,18.2022,78.8939,3049
2016-09-26 23:00:00,58.49,transfer,1.0,66.2823,0.0,65.4505,65.4505,66.2823,80.5278,18.1897,78.8979,3050
2016-09-27 00:00:00,60.35,transfer,1.0,64.7491,0.0,51.5833,51.5833,64.7491,85.6175,18.1739,78.9225,3051
2016-09-27 01:00:00,59.26,transfer,1.0,64.7741,0.0,51.4456,51.4456,64.7741,83.4326,18.1772,79.0611,3052
2016-09-27 02:00:00,60.25,transfer,1.0,66.6842,0.0,53.7231,53.7231,66.6842,79.0781,18.1594,78.783,3053
2016-09-27 03:00:00,60.83,transfer,1.0,68.1933,0.0,71.6312,71.6312,68.1933,0.0633,18.1314,78.7515,3054
2016-09-27 04:00:00,74.28,transfer,1.0,69.4372,0.0,65.2119,65.2119,69.4372,0.0572,18.0873,78.6276,3055
2016-09-27 05:00:00,78.95,transfer,1.0,77.2502,0.0,68.001,68.001,77.2502,0.0581,18.0135,78.457,3056
2016-09-27 06:00:00,92.82,transfer,1.0,89.5583,0.0,90.9282,90.9282,89.5583,0.061,17.8982,78.2459,3057
2016-09-27 07:00:00,103.33,transfer,1.0,103.0798,0.0,113.5873,113.5873,103.0798,0.0633,17.8154,78.1005,3058
2016-09-27 08:00:00,122.76,transfer,1.0,111.987,0.0,106.0642,106.0642,111.987,0.0643,17.7154,77.9684,3059
2016-09-27 09:00:00,127.99,transfer,1.0,116.5299,0.0,135.4459,135.4459,116.5299,0.0618,17.5618,77.8003,3060
2016-09-27 10:00:00,122.05,transfer,1.0,118.2979,0.0,85.0296,85.0296,118.2979,0.0608,17.4262,77.6569,3061
2016-09-27 11:00:00,129.28,transfer,1.0,118.8676,0.0,128.14,128.14,118.8676,0.0621,17.2443,77.4693,3062
2016-09-27 12:00:00,124.97,transfer,1.0,118.8845,0.0,110.2231,110.2231,118.8845,0.0623,17.0112,77.2303,3063
2016-09-27 13:00:00,125.85,transfer,1.0,118.6774,0.0,96.941,96.941,118.6774,0.0628,16.8491,77.0611,3064
2016-09-27 14:00:00,129.34,transfer,1.0,118.0527,0.0,121.2594,121.2594,118.0527,0.0658,16.7067,76.9084,3065
2016-09-27 15:00:00,126.67,transfer,1.0,117.0938,0.0,114.2338,114.2338,117.0938,71.2717,16.5711,76.3338,3066
2016-09-27 16:00:00,126.56,transfer,1.0,115.4049,0.0,104.5809,104.5809,115.4049,116.1132,16.4713,75.5198,3067
2016-09-27 17:00:00,119.15,transfer,1.0,112.695,0.0,105.3106,105.3106,112.695,116.0361,16.4842,74.8059,3068
2016-09-27 18:00:00,83.97,transfer,1.0,107.5465,0.0,111.1305,111.1305,107.5465,115.2455,16.4819,74.4339,3069
2016-09-27 19:00:00,80.64,transfer,1.0,97.4623,0.0,96.1324,96.1324,97.4623,111.4019,16.4772,74.0502,3070
2016-09-27 20:00:00,79.21,transfer,1.0,84.834,0.0,88.7153,88.7153,84.834,104.6663,16.3623,73.7381,3071
2016-09-27 21:00:00,61.59,transfer,1.0,76.2029,0.0,85.8673,85.8673,76.2029,84.4233,16.3125,73.4593,3072
2016-09-27 22:00:00,61.01,transfer,1.0,70.8161,0.0,82.3328,82.3328,70.8161,71.7606,16.299,73.2972,3073
2016-09-27 23:00:00,58.7,transfer,1.0,66.7984,0.0,67.7606,67.7606,66.7984,66.8118,16.3092,73.1496,3074
2016-09-28 00:00:00,59.18,transfer,1.0,65.0989,0.0,55.5456,55.5456,65.0989,65.3391,16.3192,73.027,3075
2016-09-28 01:00:00,58.35,transfer,1.0,64.8424,0.0,63.4743,63.4743,64.8424,65.1029,16.3403,72.9214,3076
2016-09-28 02:00:00,59.94,transfer,1.0,66.3622,0.0,56.1022,56.1022,66.3622,66.95,16.3557,72.863,3077
2016-09-28 03:00:00,61.93,transfer,1.0,69.9111,0.0,72.3773,72.3773,69.9111,85.1639,16.3556,72.5946,3078
2016-09-28 04:00:00,84.32,transfer,1.0,76.2937,0.0,72.8901,72.8901,76.2937,0.0615,16.2877,72.4933,3079
2016-09-28 05:00:00,90.94,transfer,1.0,89.383,0.0,90.864,90.864,89.383,0.059,16.1915,72.3733,3080
2016-09-28 06:00:00,96.74,transfer,1.0,104.1922,0.0,102.2042,102.2042,104.1922,0.0599,16.105,72.7674,3081
2016-09-28 07:00:00,114.79,transfer,1.0,112.912,0.0,103.394,103.394,112.912,0.0604,16.0504,73.382,3082
2016-09-28 08:00:00,130.89,transfer,1.0,116.3517,0.0,110.2048,110.2048,116.3517,0.0602,15.9896,73.8723,3083
2016-09-28 09:00:00,123.71,transfer,1.0,118.0529,0.0,99.9949,99.9949,118.0529,0.0647,15.7841,74.1922,3084
2016-09-28 10:00:00,121.31,transfer,1.0,118.7556,0.0,131.1427,131.1427,118.7556,0.0689,15.5754,74.5332,3085
2016-09-28 11:00:00,128.43,transfer,1.0,118.8141,0.0,109.5667,109.5667,118.8141,0.0718,15.4099,74.3631,3086
2016-09-28 12:00:00,125.36,transfer,1.0,118.6278,0.0,132.9404,132.9404,118.6278,0.0772,15.1943,74.1406,3087
2016-09-28 13:00:00,120.21,transfer,1.0,118.2225,0.0,107.8381,107.8381,118.2225,0.0837,14.9394,73.8765,3088
2016-09-28 14:00:00,132.73,transfer,1.0,117.3447,0.0,136.6139,136.6139,117.3447,116.3239,14.7715,73.0025,3089
2016-09-28 15:00:00,106.92,transfer,1.0,115.8266,0.0,98.2559,98.2559,115.8266,116.2362,14.6453,72.1672,3090
2016-09-28 16:00:00,108.09,transfer,1.0,114.0532,0.0,107.7384,107.7384,114.0532,115.9975,14.5213,71.3444,3091
2016-09-28 17:00:00,104.13,transfer,1.0,109.0496,0.0,94.9422,94.9422,109.0496,115.2369,14.4411,70.5936,3092
2016-09-28 18:00:00,75.66,transfer,1.0,101.0098,0.0,108.7264,108.7264,101.0098,112.5744,14.4248,70.2784,3093
2016-09-28 19:00:00,82.49,transfer,1.0,87.1631,0.0,82.0581,82.0581,87.1631,96.8482,14.2684,69.8663,3094
2016-09-28 20:00:00,73.13,transfer,1.0,77.3022,0.0,80.6001,80.6001,77.3022,86.828,14.2068,69.8477,3095
2016-09-28 21:00:00,63.95,transfer,1.0,73.0175,0.0,80.1142,80.1142,73.0175,76.4163,14.1474,69.7211,3096
2016-09-28 22:00:00,62.51,transfer,1.0,66.522,0.0,70.9403,70.9403,66.522,64.4254,14.0743,69.5667,3097
2016-09-28 23:00:00,62.36,transfer,1.0,64.3258,0.0,59.9525,59.9525,64.3258,63.5646,14.0058,69.4087,3098
2016-09-29 00:00:00,63.34,transfer,1.0,63.3554,0.0,76.0412,76.0412,63.3554,62.3262,13.9633,69.262,3099
2016-09-29 01:00:00,61.55,transfer,1.0,63.9586,0.0,65.6307,65.6307,63.9586,64.7805,13.9382,69.1271,3100
2016-09-29 02:00:00,61.49,transfer,1.0,64.3478,0.0,64.2566,64.2566,64.3478,65.153,13.9038,69.025,3101
2016-09-29 03:00:00,61.81,transfer,1.0,66.4201,0.0,70.2836,70.2836,66.4201,71.5554,13.854,68.6974,3102
2016-09-29 04:00:00,80.11,transfer,1.0,66.3685,0.0,76.536,76.536,66.3685,74.0402,13.8854,68.1936,3103
2016-09-29 05:00:00,85.41,transfer,1.0,71.6623,0.0,80.1861,80.1861,71.6623,105.6075,13.9024,67.6916,3104
2016-09-29 06:00:00,91.48,transfer,1.0,85.3856,0.0,92.4639,92.4639,85.3856,116.2374,13.9381,67.2069,3105
2016-09-29 07:00:00,104.16,transfer,1.0,98.3018,0.0,108.4781,108.4781,98.3018,116.1581,13.9375,66.6366,3106
2016-09-29 08:00:00,122.62,transfer,1.0,106.5467,0.0,110.6159,110.6159,106.5467,116.074,13.9177,65.8639,3107
2016-09-29 09:00:00,125.71,transfer,1.0,112.7399,0.0,113.6905,113.6905,112.7399,116.4368,13.7737,64.9938,3108
2016-09-29 10:00:00,128.77,transfer,1.0,115.6881,0.0,116.3641,116.3641,115.6881,116.4611,13.6328,64.1403,3109
2016-09-29 11:00:00,139.29,transfer,1.0,116.7574,0.0,115.5983,115.5983,116.7574,116.4347,13.4947,63.2942,3110
2016-09-29 12:00:00,123.11,transfer,1.0,117.2518,0.0,131.1369,131.1369,117.2518,116.436,13.2347,62.3282,3111
2016-09-29 13:00:00,124.62,transfer,1.0,117.3722,0.0,136.3086,136.3086,117.3722,116.4368,12.9685,61.3563,3112
2016-09-29 14:00:00,126.92,transfer,1.0,116.6594,0.0,110.2931,110.2931,116.6594,116.2831,12.7616,60.4403,3113
2016-09-29 15:00:00,116.47,transfer,1.0,115.3773,0.0,112.2142,112.2142,115.3773,116.0741,12.5629,59.5267,3114
2016-09-29 16:00:00,105.9,transfer,1.0,112.8654,0.0,110.98,110.98,112.8654,115.6106,12.3745,58.6452,3115
2016-09-29 17:00:00,88.87,transfer,1.0,108.4522,0.0,99.4414,99.4414,108.4522,114.822,12.3193,57.9215,3116
2016-09-29 18:00:00,75.2,transfer,1.0,100.5598,0.0,110.5315,110.5315,100.5598,111.9896,12.3416,57.5669,3117
2016-09-29 19:00:00,72.59,transfer,1.0,85.2853,0.0,102.0913,102.0913,85.2853,89.3116,12.2628,57.1351,3118
2016-09-29 20:00:00,65.74,transfer,1.0,76.4399,0.0,78.9067,78.9067,76.4399,75.8839,12.1924,57.0109,3119
2016-09-29 21:00:00,59.64,transfer,1.0,71.1597,0.0,65.4206,65.4206,71.1597,68.5889,12.0769,56.7958,3120
2016-09-29 22:00:00,60.22,transfer,1.0,66.7145,0.0,67.5114,67.5114,66.7145,62.1359,11.9853,56.6141,3121
2016-09-29 23:00:00,60.26,transfer,1.0,64.0066,0.0,66.2185,66.2185,64.0066,60.1904,11.9228,56.4444,3122
2016-09-30 00:00:00,58.85,transfer,1.0,63.9266,0.0,66.9377,66.9377,63.9266,62.0148,11.8814,56.3107,3123
2016-09-30 01:00:00,59.3,transfer,1.0,64.9486,0.0,65.5906,65.5906,64.9486,64.8688,11.8496,56.2083,3124
2016-09-30 02:00:00,59.29,transfer,1.0,66.8633,0.0,58.669,58.669,66.8633,68.314,11.8327,56.0464,3125
2016-09-30 03:00:00,59.56,transfer,1.0,69.1096,0.0,72.7099,72.7099,69.1096,70.335,11.8105,55.7249,3126
2016-09-30 04:00:00,64.1,transfer,1.0,75.0241,0.0,77.3419,77.3419,75.0241,84.3668,11.7949,55.2695,3127
2016-09-30 05:00:00,75.72,transfer,1.0,85.4277,0.0,83.9042,83.9042,85.4277,107.6331,11.7137,54.7634,3128
2016-09-30 06:00:00,68.3,transfer,1.0,95.8261,0.0,98.0086,98.0086,95.8261,110.9048,11.7699,54.2787,3129
2016-09-30 07:00:00,62.57,transfer,1.0,105.1746,0.0,102.3205,102.3205,105.1746,115.3057,12.0042,53.9344,3130
2016-09-30 08:00:00,65.08,transfer,1.0,109.1212,0.0,104.1709,104.1709,109.1212,115.7595,12.1378,53.4097,3131
2016-09-30 09:00:00,71.49,transfer,1.0,109.0716,0.0,109.1147,109.1147,109.0716,115.4389,12.1198,52.7242,3132
2016-09-30 10:00:00,73.97,transfer,1.0,105.841,0.0,101.4863,101.4863,105.841,114.7034,12.1081,52.0563,3133
2016-09-30 11:00:00,76.33,transfer,1.0,102.1473,0.0,111.1658,111.1658,102.1473,114.5265,11.9725,51.2838,3134
2016-09-30 12:00:00,79.42,transfer,1.0,98.6141,0.0,102.5404,102.5404,98.6141,114.7367,11.802,50.4982,3135
2016-09-30 13:00:00,83.1,transfer,1.0,93.5882,0.0,93.8903,93.8903,93.5882,112.9217,11.5818,49.6818,3136
2016-09-30 14:00:00,83.09,transfer,1.0,88.8986,0.0,81.1807,81.1807,88.8986,110.9291,11.297,48.8175,3137
2016-09-30 15:00:00,78.2,transfer,1.0,84.3959,0.0,99.6019,99.6019,84.3959,108.8979,11.0946,48.0512,3138
2016-09-30 16:00:00,76.56,transfer,1.0,78.945,0.0,81.4901,81.4901,78.945,100.4101,10.8738,47.2498,3139
2016-09-30 17:00:00,64.03,transfer,1.0,73.0526,0.0,77.97,77.97,73.0526,84.7727,10.7822,46.5228,3140
2016-09-30 18:00:00,61.61,transfer,1.0,68.4725,0.0,74.9575,74.9575,68.4725,71.0202,10.6451,46.0567,3141
2016-09-30 19:00:00,66.14,transfer,1.0,63.7089,0.0,65.7353,65.7353,63.7089,60.508,10.5402,45.528,3142
2016-09-30 20:00:00,64.14,transfer,1.0,62.1663,0.0,63.7745,63.7745,62.1663,58.091,10.4685,45.0233,3143
2016-09-30 21:00:00,57.98,transfer,1.0,61.6312,0.0,57.6221,57.6221,61.6312,57.9615,10.3238,44.9075,3144
2016-09-30 22:00:00,58.7,transfer,1.0,60.8175,0.0,58.7611,58.7611,60.8175,57.3206,10.2076,44.7799,3145
2016-09-30 23:00:00,58.56,transfer,1.0,60.3934,0.0,50.2602,50.2602,60.3934,57.4839,10.1227,44.6651,3146
2016-10-01 00:00:00,59.37,transfer,1.0,60.622,0.0,59.7625,59.7625,60.622,58.5406,10.0614,44.2782,3147
2016-10-01 01:00:00,56.98,transfer,1.0,60.4971,0.0,57.4861,57.4861,60.4971,60.2211,10.0219,43.9171,3148
2016-10-01 02:00:00,57.6,transfer,1.0,59.3408,0.0,57.6372,57.6372,59.3408,60.1945,9.9816,43.5513,3149
2016-10-01 03:00:00,57.38,transfer,1.0,60.51,0.0,63.903,63.903,60.51,62.261,9.9572,43.197,3150
2016-10-01 04:00:00,61.87,transfer,1.0,61.3669,0.0,58.0417,58.0417,61.3669,64.0762,9.7889,42.6108,3151
2016-10-01 05:00:00,75.42,transfer,1.0,62.5295,0.0,55.4542,55.4542,62.5295,65.7817,9.6359,41.9969,3152
2016-10-01 06:00:00,65.87,transfer,1.0,64.2272,0.0,67.2704,67.2704,64.2272,68.2884,9.4911,41.3828,3153
2016-10-01 07:00:00,64.33,transfer,1.0,66.3004,0.0,57.5838,57.5838,66.3004,70.8434,9.4696,40.8782,3154
2016-10-01 08:00:00,11.1,transfer,1.0,67.0472,0.0,69.5499,69.5499,67.0472,71.8438,9.7892,40.715,3155
2016-10-01 09:00:00,28.479999999999997,transfer,1.0,60.7077,0.0,77.3909,77.3909,60.7077,62.2009,9.8952,40.2821,3156
2016-10-01 10:00:00,45.86,transfer,1.0,54.765,0.0,56.8047,56.8047,54.765,60.9751,9.942,39.8266,3157
2016-10-01 11:00:00,73.82,transfer,1.0,51.1091,0.0,53.8067,53.8067,51.1091,55.9953,10.0342,39.3534,3158
2016-10-01 12:00:00,71.02,transfer,1.0,49.213,0.0,56.6437,56.6437,49.213,55.1753,10.1294,38.8888,3159
2016-10-01 13:00:00,70.32,transfer,1.0,48.3302,0.0,55.1996,55.1996,48.3302,56.9208,10.2363,38.4813,3160
2016-10-01 14:00:00,69.99,transfer,1.0,47.8759,0.0,45.6696,45.6696,47.8759,57.2284,10.2994,37.9959,3161
2016-10-01 15:00:00,69.42,transfer,1.0,47.2952,0.0,46.6038,46.6038,47.2952,56.6152,10.4067,37.582,3162
2016-10-01 16:00:00,68.13,transfer,1.0,46.7682,0.0,47.6785,47.6785,46.7682,54.9067,10.4745,37.1529,3163
2016-10-01 17:00:00,66.07,transfer,1.0,46.25,0.0,46.4828,46.4828,46.25,53.6123,10.4973,36.7033,3164
2016-10-01 18:00:00,66.05,transfer,1.0,45.7691,0.0,46.6865,46.6865,45.7691,52.7263,10.5905,36.3997,3165
2016-10-01 19:00:00,71.68,transfer,1.0,45.3187,0.0,43.0065,43.0065,45.3187,51.5902,10.6849,36.0596,3166
2016-10-01 20:00:00,63.53,transfer,1.0,45.4564,0.0,44.4036,44.4036,45.4564,51.587,10.7534,35.7072,3167
2016-10-01 21:00:00,48.09,transfer,1.0,45.7213,0.0,46.0095,46.0095,45.7213,51.5043,10.7536,35.3665,3168
2016-10-01 22:00:00,49.22,transfer,1.0,45.9215,0.0,43.3605,43.3605,45.9215,51.2412,10.7563,34.9963,3169
2016-10-01 23:00:00,49.12,transfer,1.0,45.8333,0.0,46.4837,46.4837,45.8333,50.9605,10.7685,34.6448,3170
2016-10-02 00:00:00,47.61,transfer,1.0,45.8582,0.0,44.9808,44.9808,45.8582,50.9764,10.7682,34.3055,3171
2016-10-02 01:00:00,48.19,transfer,1.0,46.216,0.0,47.4163,47.4163,46.216,51.3608,10.7589,33.9579,3172
2016-10-02 02:00:00,66.82,transfer,1.0,46.833,0.0,36.9735,36.9735,46.833,51.779,10.8528,33.6789,3173
2016-10-02 03:00:00,62.44,transfer,1.0,47.8578,0.0,45.7419,45.7419,47.8578,52.4214,10.9142,33.3688,3174
2016-10-02 04:00:00,70.0,transfer,1.0,50.2095,0.0,48.5023,48.5023,50.2095,54.0911,10.9787,33.0622,3175
2016-10-02 05:00:00,66.18,transfer,1.0,53.5279,0.0,49.3814,49.3814,53.5279,57.7622,10.9905,32.6932,3176
2016-10-02 06:00:00,66.76,transfer,1.0,57.8435,0.0,59.6901,59.6901,57.8435,63.547,10.9947,32.301,3177
2016-10-02 07:00:00,57.04,transfer,1.0,60.9458,0.0,72.0443,72.0443,60.9458,64.898,11.0169,31.9822,3178
2016-10-02 08:00:00,56.37,transfer,1.0,62.7408,0.0,63.242,63.242,62.7408,63.6248,11.0143,31.6148,3179
2016-10-02 09:00:00,58.47,transfer,1.0,61.4619,0.0,63.1016,63.1016,61.4619,61.4876,10.9928,31.2303,3180
2016-10-02 10:00:00,59.44,transfer,1.0,61.8876,0.0,54.8159,54.8159,61.8876,64.2836,10.9575,30.851,3181
2016-10-02 11:00:00,58.82,transfer,1.0,61.4494,0.0,54.4576,54.4576,61.4494,63.8912,10.9205,30.4739,3182
2016-10-02 12:00:00,59.23,transfer,1.0,60.6668,0.0,63.5866,63.5866,60.6668,63.4826,10.8327,30.0526,3183
2016-10-02 13:00:00,58.32,transfer,1.0,59.4065,0.0,59.8676,59.8676,59.4065,62.1004,10.7278,29.618,3184
2016-10-02 14:00:00,62.63,transfer,1.0,57.9763,0.0,61.6017,61.6017,57.9763,60.3059,10.6735,29.2067,3185
2016-10-02 15:00:00,64.61,transfer,1.0,56.6884,0.0,67.6246,67.6246,56.6884,59.0937,10.5609,28.7391,3186
2016-10-02 16:00:00,66.46,transfer,1.0,55.4795,0.0,57.677,57.677,55.4795,57.8828,10.4899,28.3158,3187
2016-10-02 17:00:00,64.07,transfer,1.0,54.5044,0.0,53.791,53.791,54.5044,56.2134,10.3992,27.8769,3188
2016-10-02 18:00:00,43.81,transfer,1.0,53.6834,0.0,55.5055,55.5055,53.6834,54.9328,10.3921,27.5393,3189
2016-10-02 19:00:00,48.0,transfer,1.0,52.6328,0.0,57.2526,57.2526,52.6328,53.2405,10.3654,27.1797,3190
2016-10-02 20:00:00,47.86,transfer,1.0,51.8645,0.0,54.3065,54.3065,51.8645,52.7416,10.3143,27.1443,3191
2016-10-02 21:00:00,46.44,transfer,1.0,50.9969,0.0,48.9499,48.9499,50.9969,52.1532,10.3087,27.0677,3192
2016-10-02 22:00:00,47.25,transfer,1.0,50.511,0.0,51.8144,51.8144,50.511,52.0366,10.294,27.0079,3193
2016-10-02 23:00:00,47.52,transfer,1.0,50.3314,0.0,46.6197,46.6197,50.3314,52.3616,10.279,26.9691,3194
2016-10-03 00:00:00,47.17,transfer,1.0,50.3787,0.0,55.7221,55.7221,50.3787,52.9644,10.2604,26.6651,3195
2016-10-03 01:00:00,46.41,transfer,1.0,51.2713,0.0,52.4556,52.4556,51.2713,54.6882,10.2537,26.4115,3196
2016-10-03 02:00:00,64.63,transfer,1.0,53.4219,0.0,60.1697,60.1697,53.4219,58.6729,10.2991,26.3189,3197
2016-10-03 03:00:00,67.81,transfer,1.0,57.1455,0.0,62.2519,62.2519,57.1455,62.7773,10.3536,26.3121,3198
2016-10-03 04:00:00,86.28,transfer,1.0,65.2887,0.0,58.0377,58.0377,65.2887,71.3598,10.4169,26.384,3199
2016-10-03 05:00:00,74.12,transfer,1.0,80.7601,0.0,80.4121,80.4121,80.7601,98.243,10.3359,26.5271,3200
2016-10-03 06:00:00,79.4,transfer,1.0,98.9601,0.0,88.9905,88.9905,98.9601,114.0912,10.3425,26.6677,3201
2016-10-03 07:00:00,94.05,transfer,1.0,107.5824,0.0,140.8502,140.8502,107.5824,115.5706,10.3211,26.7423,3202
2016-10-03 08:00:00,112.76,transfer,1.0,111.8642,0.0,104.7543,104.7543,111.8642,115.4371,10.1602,26.6929,3203
2016-10-03 09:00:00,125.85,transfer,1.0,114.836,0.0,112.5993,112.5993,114.836,115.6844,10.0982,26.6751,3204
2016-10-03 10:00:00,135.37,transfer,1.0,117.0773,0.0,127.6504,127.6504,117.0773,116.2745,10.1387,26.7361,3205
2016-10-03 11:00:00,134.71,transfer,1.0,118.1829,0.0,133.9406,133.9406,118.1829,116.4063,10.1002,26.7102,3206
2016-10-03 12:00:00,130.35,transfer,1.0,118.669,0.0,128.1119,128.1119,118.669,116.4585,10.1241,26.7428,3207
2016-10-03 13:00:00,126.1,transfer,1.0,118.4842,0.0,109.8372,109.8372,118.4842,116.3348,10.102,26.7259,3208
2016-10-03 14:00:00,126.59,transfer,1.0,117.7984,0.0,136.4312,136.4312,117.7984,116.2733,10.1015,26.7298,3209
2016-10-03 15:00:00,119.14,transfer,1.0,116.4939,0.0,115.4856,115.4856,116.4939,116.1273,10.0803,26.7111,3210
2016-10-03 16:00:00,112.11,transfer,1.0,113.7753,0.0,115.6682,115.6682,113.7753,115.5448,10.0534,26.6834,3211
2016-10-03 17:00:00,104.5,transfer,1.0,108.4661,0.0,127.4227,127.4227,108.4661,114.8613,9.9868,26.6152,3212
2016-10-03 18:00:00,63.98,transfer,1.0,98.2777,0.0,99.0485,99.0485,98.2777,111.5793,10.1065,26.7305,3213
2016-10-03 19:00:00,61.49,transfer,1.0,84.1981,0.0,84.7845,84.7845,84.1981,95.4607,10.1856,26.7691,3214
2016-10-03 20:00:00,49.8,transfer,1.0,71.6892,0.0,77.9966,77.9966,71.6892,75.1121,10.3033,26.8173,3215
2016-10-03 21:00:00,49.16,transfer,1.0,64.6668,0.0,64.8354,64.8354,64.6668,61.9574,10.3243,26.7779,3216
2016-10-03 22:00:00,49.03,transfer,1.0,60.5826,0.0,57.453,57.453,60.5826,56.8488,10.3374,26.736,3217
2016-10-03 23:00:00,48.45,transfer,1.0,59.4528,0.0,60.0069,60.0069,59.4528,56.1252,10.3565,26.6506,3218
2016-10-04 00:00:00,48.73,transfer,1.0,59.9683,0.0,55.799,55.799,59.9683,57.0802,10.3972,26.5499,3219
2016-10-04 01:00:00,47.97,transfer,1.0,62.2249,0.0,46.8779,46.8779,62.2249,57.9312,10.4492,26.4653,3220
2016-10-04 02:00:00,48.15,transfer,1.0,67.431,0.0,70.2561,70.2561,67.431,60.3407,10.5257,26.4258,3221
2016-10-04 03:00:00,47.15,transfer,1.0,76.4017,0.0,78.1499,78.1499,76.4017,64.6015,10.656,26.1679,3222
2016-10-04 04:00:00,50.58,transfer,1.0,87.6996,0.0,83.9045,83.9045,87.6996,69.0654,10.8481,25.8362,3223
2016-10-04 05:00:00,50.62,transfer,1.0,101.993,0.0,114.563,114.563,101.993,86.8814,11.1438,25.5824,3224
2016-10-04 06:00:00,56.61,transfer,1.0,110.3337,0.0,108.7086,108.7086,110.3337,105.8223,11.4442,25.3232,3225
2016-10-04 07:00:00,66.78,transfer,1.0,114.6183,0.0,109.5404,109.5404,114.6183,114.6258,11.7274,24.9933,3226
2016-10-04 08:00:00,88.95,transfer,1.0,116.5435,0.0,96.1686,96.1686,116.5435,115.3747,11.8275,24.4203,3227
2016-10-04 09:00:00,99.78,transfer,1.0,117.4019,0.0,121.3751,121.3751,117.4019,115.5384,11.8642,23.7526,3228
2016-10-04 10:00:00,106.64,transfer,1.0,117.9787,0.0,114.1171,114.1171,117.9787,115.9416,11.9094,23.0818,3229
2016-10-04 11:00:00,106.12,transfer,1.0,118.0293,0.0,116.4188,116.4188,118.0293,116.2174,11.9183,22.3728,3230
2016-10-04 12:00:00,106.42,transfer,1.0,117.9322,0.0,105.4033,105.4033,117.9322,116.179,11.9506,21.6874,3231
2016-10-04 13:00:00,106.41,transfer,1.0,117.0194,0.0,119.4259,119.4259,117.0194,116.0453,11.971,20.996,3232
2016-10-04 14:00:00,106.35,transfer,1.0,114.9851,0.0,121.6712,121.6712,114.9851,115.7808,11.9553,20.2826,3233
2016-10-04 15:00:00,99.31,transfer,1.0,111.2374,0.0,108.4285,108.4285,111.2374,115.4279,11.9693,20.0488,3234
2016-10-04 16:00:00,92.97,transfer,1.0,103.9477,0.0,93.1799,93.1799,103.9477,114.08,11.9682,20.1123,3235
2016-10-04 17:00:00,85.14,transfer,1.0,92.0775,0.0,86.2647,86.2647,92.0775,110.3768,11.9711,20.244,3236
2016-10-04 18:00:00,63.54,transfer,1.0,77.9697,0.0,72.1835,72.1835,77.9697,95.9586,11.9166,20.2508,3237
2016-10-04 19:00:00,62.27,transfer,1.0,65.5952,0.0,68.8147,68.8147,65.5952,68.2353,11.8363,20.1032,3238
2016-10-04 20:00:00,52.96,transfer,1.0,61.1699,0.0,54.0266,54.0266,61.1699,60.6508,11.8517,19.9974,3239
2016-10-04 21:00:00,52.84,transfer,1.0,58.376,0.0,60.6621,60.6621,58.376,56.5786,11.7976,19.8838,3240
2016-10-04 22:00:00,51.17,transfer,1.0,56.6581,0.0,62.2327,62.2327,56.6581,54.4747,11.7719,19.8395,3241
2016-10-04 23:00:00,50.66,transfer,1.0,56.5007,0.0,53.2992,53.2992,56.5007,54.3463,11.7585,19.8131,3242
2016-10-05 00:00:00,50.86,transfer,1.0,57.2891,0.0,59.1047,59.1047,57.2891,54.8655,11.7615,19.8003,3243
2016-10-05 01:00:00,50.59,transfer,1.0,58.7035,0.0,61.8893,61.8893,58.7035,55.2988,11.7712,19.7881,3244
2016-10-05 02:00:00,50.88,transfer,1.0,61.7794,0.0,64.5311,64.5311,61.7794,57.2507,11.7978,19.7843,3245
2016-10-05 03:00:00,48.85,transfer,1.0,67.4733,0.0,77.212,77.212,67.4733,60.2292,11.8612,19.7138,3246
2016-10-05 04:00:00,52.34,transfer,1.0,75.5554,0.0,74.0763,74.0763,75.5554,64.2706,11.9516,19.2832,3247
2016-10-05 05:00:00,52.61,transfer,1.0,87.8949,0.0,105.3151,105.3151,87.8949,74.6878,12.1524,18.8737,3248
2016-10-05 06:00:00,61.41,transfer,1.0,97.184,0.0,106.6652,106.6652,97.184,89.8818,12.3209,18.4677,3249
2016-10-05 07:00:00,67.86,transfer,1.0,104.4877,0.0,121.109,121.109,104.4877,107.0758,12.5278,18.0182,3250
2016-10-05 08:00:00,84.44,transfer,1.0,110.0025,0.0,110.3835,110.3835,110.0025,113.3262,12.5934,17.4114,3251
2016-10-05 09:00:00,95.87,transfer,1.0,112.3951,0.0,119.0726,119.0726,112.3951,114.9622,12.6581,16.7891,3252
2016-10-05 10:00:00,101.89,transfer,1.0,112.839,0.0,107.4353,107.4353,112.839,115.2658,12.7081,16.147,3253
2016-10-05 11:00:00,101.66,transfer,1.0,112.7646,0.0,116.7245,116.7245,112.7646,115.8275,12.7169,15.4673,3254
2016-10-05 12:00:00,97.72,transfer,1.0,112.5236,0.0,114.9087,114.9087,112.5236,115.7475,12.765,14.8289,3255
2016-10-05 13:00:00,99.17,transfer,1.0,110.705,0.0,97.5645,97.5645,110.705,115.4491,12.8218,14.2107,3256
2016-10-05 14:00:00,97.27,transfer,1.0,106.4336,0.0,108.4758,108.4758,106.4336,114.7369,12.7848,14.2171,3257
2016-10-05 15:00:00,90.22,transfer,1.0,100.847,0.0,112.5732,112.5732,100.847,113.6646,12.795,14.3011,3258
2016-10-05 16:00:00,82.05,transfer,1.0,90.3249,0.0,92.196,92.196,90.3249,106.5985,12.8088,14.4002,3259
2016-10-05 17:00:00,71.01,transfer,1.0,79.4613,0.0,85.1695,85.1695,79.4613,96.066,12.8298,14.4832,3260
2016-10-05 18:00:00,59.4,transfer,1.0,69.6256,0.0,76.7722,76.7722,69.6256,77.4615,12.7398,14.371,3261
2016-10-05 19:00:00,59.1,transfer,1.0,60.919,0.0,59.6647,59.6647,60.919,59.9409,12.7228,14.2906,3262
2016-10-05 20:00:00,51.91,transfer,1.0,58.5639,0.0,50.6497,50.6497,58.5639,55.8296,12.7375,14.2323,3263
2016-10-05 21:00:00,50.79,transfer,1.0,57.046,0.0,65.911,65.911,57.046,54.3894,12.7208,14.1796,3264
2016-10-05 22:00:00,51.33,transfer,1.0,56.133,0.0,51.1774,51.1774,56.133,53.5496,12.7255,14.1814,3265
2016-10-05 23:00:00,51.28,transfer,1.0,55.9925,0.0,55.1777,55.1777,55.9925,53.3459,12.7419,14.1865,3266
2016-10-06 00:00:00,51.01,transfer,1.0,56.6521,0.0,66.3184,66.3184,56.6521,53.9266,12.7754,14.1978,3267
2016-10-06 01:00:00,51.02,transfer,1.0,58.0877,0.0,57.0065,57.0065,58.0877,55.1689,12.8031,14.2033,3268
2016-10-06 02:00:00,51.02,transfer,1.0,60.7677,0.0,62.3242,62.3242,60.7677,57.5654,12.8441,14.2205,3269
2016-10-06 03:00:00,50.84,transfer,1.0,65.27,0.0,60.4053,60.4053,65.27,59.7984,12.9026,14.2158,3270
2016-10-06 04:00:00,52.91,transfer,1.0,71.7039,0.0,72.7454,72.7454,71.7039,63.1279,12.9326,14.2405,3271
2016-10-06 05:00:00,50.76,transfer,1.0,81.8493,0.0,72.6058,72.6058,81.8493,70.5026,13.0359,14.2378,3272
2016-10-06 06:00:00,60.12,transfer,1.0,90.1886,0.0,97.3477,97.3477,90.1886,82.0683,13.1786,14.221,3273
2016-10-06 07:00:00,70.4,transfer,1.0,95.8903,0.0,94.9262,94.9262,95.8903,96.6824,13.2954,14.3061,3274
2016-10-06 08:00:00,84.65,transfer,1.0,102.3589,0.0,118.9369,118.9369,102.3589,109.3071,13.3052,14.4139,3275
2016-10-06 09:00:00,94.48,transfer,1.0,106.4534,0.0,120.3361,120.3361,106.4534,114.0644,13.2992,14.4752,3276
2016-10-06 10:00:00,94.02,transfer,1.0,107.7616,0.0,89.6899,89.6899,107.7616,114.7075,13.3031,14.5251,3277
2016-10-06 11:00:00,94.59,transfer,1.0,107.8722,0.0,85.3809,85.3809,107.8722,115.226,13.2481,14.5119,3278
2016-10-06 12:00:00,102.14,transfer,1.0,106.0936,0.0,115.8083,115.8083,106.0936,115.3279,13.2368,14.5507,3279
2016-10-06 13:00:00,100.15,transfer,1.0,102.1851,0.0,103.0132,103.0132,102.1851,114.1342,13.2057,14.5852,3280
2016-10-06 14:00:00,101.03,transfer,1.0,99.2041,0.0,93.052,93.052,99.2041,113.5207,13.1555,14.5962,3281
2016-10-06 15:00:00,95.64,transfer,1.0,94.1393,0.0,78.525,78.525,94.1393,111.7681,13.1579,14.6899,3282
2016-10-06 16:00:00,88.16,transfer,1.0,87.0829,0.0,91.3038,91.3038,87.0829,105.2981,13.1229,14.7341,3283
2016-10-06 17:00:00,81.69,transfer,1.0,79.5059,0.0,79.8074,79.8074,79.5059,96.1425,13.0193,14.6656,3284
2016-10-06 18:00:00,65.5,transfer,1.0,71.7651,0.0,65.5034,65.5034,71.7651,76.9944,12.9057,14.5151,3285
2016-10-06 19:00:00,63.34,transfer,1.0,64.8807,0.0,60.2374,60.2374,64.8807,61.2349,12.8393,14.4281,3286
2016-10-06 20:00:00,58.44,transfer,1.0,61.8838,0.0,60.576,60.576,61.8838,56.7352,12.7961,14.3778,3287
2016-10-06 21:00:00,56.51,transfer,1.0,59.6485,0.0,49.5598,49.5598,59.6485,54.7682,12.7462,14.3349,3288
2016-10-06 22:00:00,57.51,transfer,1.0,58.3751,0.0,60.2713,60.2713,58.3751,53.9559,12.7127,14.3447,3289
2016-10-06 23:00:00,55.67,transfer,1.0,58.1008,0.0,63.931,63.931,58.1008,54.0121,12.7049,14.3541,3290
2016-10-07 00:00:00,56.22,transfer,1.0,58.9589,0.0,63.3929,63.3929,58.9589,54.8542,12.6909,14.3434,3291
2016-10-07 01:00:00,55.91,transfer,1.0,60.4878,0.0,57.1368,57.1368,60.4878,56.9499,12.6846,14.3165,3292
2016-10-07 02:00:00,56.21,transfer,1.0,63.0995,0.0,71.053,71.053,63.0995,58.9299,12.6805,14.279,3293
2016-10-07 03:00:00,57.2,transfer,1.0,66.7356,0.0,74.1735,74.1735,66.7356,61.6161,12.6804,14.2411,3294
2016-10-07 04:00:00,60.72,transfer,1.0,71.9934,0.0,72.3969,72.3969,71.9934,65.6387,12.6825,14.1498,3295
2016-10-07 05:00:00,57.92,transfer,1.0,80.5175,0.0,75.1789,75.1789,80.5175,72.5708,12.7592,14.047,3296
2016-10-07 06:00:00,68.28,transfer,1.0,91.4277,0.0,77.7569,77.7569,91.4277,91.943,12.7332,13.9342,3297
2016-10-07 07:00:00,74.36,transfer,1.0,97.9276,0.0,86.6426,86.6426,97.9276,102.9192,12.6198,13.7903,3298
2016-10-07 08:00:00,90.07,transfer,1.0,103.2309,0.0,84.6542,84.6542,103.2309,107.5546,12.436,13.5928,3299
2016-10-07 09:00:00,100.22,transfer,1.0,106.5396,0.0,118.3474,118.3474,106.5396,112.526,12.2499,13.4044,3300
2016-10-07 10:00:00,102.66,transfer,1.0,108.3975,0.0,113.875,113.875,108.3975,115.0226,12.0944,13.2355,3301
2016-10-07 11:00:00,109.31,transfer,1.0,108.8247,0.0,108.3131,108.3131,108.8247,115.2971,11.9436,13.0438,3302
2016-10-07 12:00:00,111.49,transfer,1.0,108.4867,0.0,113.2758,113.2758,108.4867,115.3112,11.8472,12.8563,3303
2016-10-07 13:00:00,102.21,transfer,1.0,107.7664,0.0,116.8873,116.8873,107.7664,115.0999,11.8179,12.7555,3304
2016-10-07 14:00:00,103.87,transfer,1.0,105.6608,0.0,104.5963,104.5963,105.6608,114.5468,11.794,12.6534,3305
2016-10-07 15:00:00,97.22,transfer,1.0,100.3,0.0,104.8591,104.8591,100.3,112.5514,11.7754,12.5619,3306
2016-10-07 16:00:00,89.97,transfer,1.0,92.9493,0.0,86.5203,86.5203,92.9493,105.902,11.779,12.5148,3307
2016-10-07 17:00:00,79.01,transfer,1.0,85.2344,0.0,92.1395,92.1395,85.2344,98.1452,11.7623,12.5052,3308
2016-10-07 18:00:00,60.84,transfer,1.0,77.1599,0.0,62.0853,62.0853,77.1599,81.1155,11.8186,12.5699,3309
2016-10-07 19:00:00,56.57,transfer,1.0,69.4476,0.0,71.7363,71.7363,69.4476,64.4399,11.8808,12.5832,3310
2016-10-07 20:00:00,51.92,transfer,1.0,65.5048,0.0,75.3127,75.3127,65.5048,59.2159,11.9499,12.5906,3311
2016-10-07 21:00:00,54.11,transfer,1.0,62.0247,0.0,75.3036,75.3036,62.0247,56.1649,11.9753,12.6028,3312
2016-10-07 22:00:00,50.97,transfer,1.0,60.0313,0.0,57.9592,57.9592,60.0313,54.8603,12.0166,12.6177,3313
2016-10-07 23:00:00,52.59,transfer,1.0,59.563,0.0,64.2801,64.2801,59.563,55.0036,12.0472,12.6257,3314
2016-10-08 00:00:00,51.72,transfer,1.0,59.8837,0.0,58.9686,58.9686,59.8837,55.5934,12.0883,12.6438,3315
2016-10-08 01:00:00,52.37,transfer,1.0,59.9111,0.0,59.2091,59.2091,59.9111,56.9411,12.1123,12.6517,3316
2016-10-08 02:00:00,51.8,transfer,1.0,60.248,0.0,68.7522,68.7522,60.248,58.3765,12.1522,12.6754,3317
2016-10-08 03:00:00,51.79,transfer,1.0,61.2296,0.0,68.0139,68.0139,61.2296,60.3246,12.1898,12.6972,3318
2016-10-08 04:00:00,66.86,transfer,1.0,62.6886,0.0,49.8154,49.8154,62.6886,62.1723,12.2116,12.7119,3319
2016-10-08 05:00:00,61.04,transfer,1.0,64.9704,0.0,60.3236,60.3236,64.9704,64.3964,12.1583,12.6745,3320
2016-10-08 06:00:00,60.61,transfer,1.0,69.2273,0.0,60.5654,60.5654,69.2273,69.4058,12.1998,12.7125,3321
2016-10-08 07:00:00,54.62,transfer,1.0,71.9355,0.0,78.8456,78.8456,71.9355,72.2799,12.2911,12.7788,3322
2016-10-08 08:00:00,49.16,transfer,1.0,73.2986,0.0,77.6153,77.6153,73.2986,71.8528,12.1018,12.5523,3323
2016-10-08 09:00:00,52.15,transfer,1.0,70.1051,0.0,79.4255,79.4255,70.1051,66.8925,12.0168,12.4394,3324
2016-10-08 10:00:00,52.33,transfer,1.0,67.7009,0.0,67.6735,67.6735,67.7009,66.5709,12.0553,12.4342,3325
2016-10-08 11:00:00,50.9,transfer,1.0,65.6104,0.0,65.3843,65.3843,65.6104,65.567,12.0077,12.4154,3326
2016-10-08 12:00:00,52.32,transfer,1.0,63.6377,0.0,67.469,67.469,63.6377,65.2198,11.9453,12.3979,3327
2016-10-08 13:00:00,52.2,transfer,1.0,61.058,0.0,65.9547,65.9547,61.058,62.6767,11.8671,12.3805,3328
2016-10-08 14:00:00,52.0,transfer,1.0,59.241,0.0,58.2843,58.2843,59.241,60.7001,11.7786,12.3563,3329
2016-10-08 15:00:00,50.14,transfer,1.0,57.6142,0.0,48.4837,48.4837,57.6142,59.3633,11.6914,12.335,3330
2016-10-08 16:00:00,50.13,transfer,1.0,56.3728,0.0,53.0363,53.0363,56.3728,57.6346,11.6014,12.3009,3331
2016-10-08 17:00:00,51.5,transfer,1.0,55.4044,0.0,52.9794,52.9794,55.4044,56.1973,11.5066,12.2547,3332
2016-10-08 18:00:00,51.13,transfer,1.0,54.2586,0.0,45.5216,45.5216,54.2586,54.5719,11.4045,12.1959,3333
2016-10-08 19:00:00,50.48,transfer,1.0,53.4413,0.0,58.3143,58.3143,53.4413,52.9409,11.2652,12.091,3334
2016-10-08 20:00:00,52.04,transfer,1.0,53.4317,0.0,59.9068,59.9068,53.4317,53.0387,11.1659,12.0258,3335
2016-10-08 21:00:00,52.19,transfer,1.0,53.2997,0.0,58.3775,58.3775,53.2997,52.7962,11.1584,12.0091,3336
2016-10-08 22:00:00,51.84,transfer,1.0,53.3528,0.0,53.1914,53.1914,53.3528,53.0281,11.1478,12.0042,3337
2016-10-08 23:00:00,50.08,transfer,1.0,53.6817,0.0,57.4644,57.4644,53.6817,53.4432,11.1497,12.0132,3338
2016-10-09 00:00:00,52.74,transfer,1.0,54.2723,0.0,56.2367,56.2367,54.2723,54.3165,11.1484,12.0026,3339
2016-10-09 01:00:00,52.23,transfer,1.0,55.0187,0.0,59.2886,59.2886,55.0187,55.8347,11.1532,12.0052,3340
2016-10-09 02:00:00,50.68,transfer,1.0,56.466,0.0,53.5749,53.5749,56.466,57.6653,11.0687,11.9572,3341
2016-10-09 03:00:00,47.93,transfer,1.0,57.8285,0.0,55.702,55.702,57.8285,60.1525,11.0408,11.9703,3342
2016-10-09 04:00:00,51.01,transfer,1.0,58.9944,0.0,58.0006,58.0006,58.9944,61.107,10.9706,11.9357,3343
2016-10-09 05:00:00,50.82,transfer,1.0,59.7103,0.0,59.1881,59.1881,59.7103,61.7188,10.9482,11.9505,3344
2016-10-09 06:00:00,51.09,transfer,1.0,60.6082,0.0,64.7434,64.7434,60.6082,62.1693,10.9517,11.9973,3345
2016-10-09 07:00:00,49.4,transfer,1.0,61.7177,0.0,58.0585,58.0585,61.7177,63.3737,11.0018,12.0337,3346
2016-10-09 08:00:00,43.97,transfer,1.0,62.9295,0.0,65.4224,65.4224,62.9295,63.2114,11.0767,12.1051,3347
2016-10-09 09:00:00,44.26,transfer,1.0,61.0852,0.0,62.3145,62.3145,61.0852,61.8559,11.1591,12.1918,3348
2016-10-09 10:00:00,44.56,transfer,1.0,59.6996,0.0,59.928,59.928,59.6996,61.008,11.2346,12.2609,3349
2016-10-09 11:00:00,45.3,transfer,1.0,58.933,0.0,59.8684,59.8684,58.933,60.3394,11.3001,12.3203,3350
2016-10-09 12:00:00,46.0,transfer,1.0,58.4603,0.0,61.1271,61.1271,58.4603,60.0284,11.3658,12.3784,3351
2016-10-09 13:00:00,45.34,transfer,1.0,57.7093,0.0,60.663,60.663,57.7093,59.4281,11.4329,12.4398,3352
2016-10-09 14:00:00,45.46,transfer,1.0,56.9845,0.0,49.3111,49.3111,56.9845,58.0138,11.4738,12.5007,3353
2016-10-09 15:00:00,46.33,transfer,1.0,56.1179,0.0,58.2235,58.2235,56.1179,56.7186,11.4849,12.5297,3354
2016-10-09 16:00:00,47.01,transfer,1.0,55.5606,0.0,52.4186,52.4186,55.5606,55.7741,11.4705,12.5308,3355
2016-10-09 17:00:00,45.78,transfer,1.0,54.7076,0.0,57.3422,57.3422,54.7076,54.563,11.4667,12.5363,3356
2016-10-09 18:00:00,43.33,transfer,1.0,54.0743,0.0,50.8383,50.8383,54.0743,53.5601,11.4718,12.531,3357
2016-10-09 19:00:00,48.85,transfer,1.0,53.1807,0.0,52.6524,52.6524,53.1807,52.307,11.47,12.5204,3358
2016-10-09 20:00:00,49.48,transfer,1.0,53.1777,0.0,53.2699,53.2699,53.1777,52.0799,11.4682,12.5068,3359
2016-10-09 21:00:00,50.33,blend,0.5214,52.6729,0.0,59.8944,59.8944,53.2352,52.0602,11.4584,12.4831,3360
2016-10-09 22:00:00,50.69,blend,0.5214,52.9069,0.0,42.5278,42.5278,53.4609,52.3034,11.4555,12.4642,3361
2016-10-09 23:00:00,51.14,blend,0.5214,53.1727,0.0,51.6662,51.6662,53.8318,52.4547,11.4548,12.4432,3362
2016-10-10 00:00:00,51.99,blend,0.5214,53.672,0.0,45.8787,45.8787,54.3398,52.9444,11.4496,12.4144,3363
2016-10-10 01:00:00,49.6,blend,0.5214,55.5994,0.0,47.2469,47.2469,56.062,55.0954,11.4592,12.3978,3364
2016-10-10 02:00:00,47.78,blend,0.5214,58.7778,0.0,65.8404,65.8404,58.9589,58.5805,11.459,12.4267,3365
2016-10-10 03:00:00,48.42,blend,0.5214,62.6832,0.0,59.1729,59.1729,62.9714,62.3692,11.4821,12.4797,3366
2016-10-10 04:00:00,50.36,blend,0.5214,65.9819,0.0,68.4298,68.4298,66.5192,65.3965,11.4534,12.4804,3367
2016-10-10 05:00:00,50.79,blend,0.5214,69.1898,0.0,73.7246,73.7246,70.9175,67.3075,11.5337,12.4352,3368
2016-10-10 06:00:00,51.49,blend,0.5214,72.5585,0.0,71.2843,71.2843,73.6617,71.3567,11.5492,12.3469,3369
2016-10-10 07:00:00,45.71,blend,0.5214,77.1663,0.0,90.1245,90.1245,76.8744,77.4845,11.6542,12.408,3370
2016-10-10 08:00:00,43.94,blend,0.5214,80.8351,0.0,82.745,82.745,79.8393,81.92,11.8625,12.6181,3371
2016-10-10 09:00:00,43.7,blend,0.5214,75.7899,0.0,83.8813,83.8813,75.2273,76.4027,11.9846,12.7522,3372
2016-10-10 10:00:00,43.82,blend,0.5214,70.2239,0.0,53.4196,53.4196,68.2814,72.3402,12.0213,12.8083,3373
2016-10-10 11:00:00,44.4,blend,0.5214,66.1126,0.0,63.0711,63.0711,63.1317,69.3601,12.0344,12.848,3374
2016-10-10 12:00:00,47.02,blend,0.5214,63.7334,0.0,59.4823,59.4823,60.0711,67.7231,12.0426,12.8885,3375
2016-10-10 13:00:00,46.35,blend,0.5214,59.9883,0.0,46.1511,46.1511,57.2093,63.0158,12.0619,12.9296,3376
2016-10-10 14:00:00,45.01,blend,0.5214,57.5814,0.0,58.3312,58.3312,55.5621,59.7812,12.0724,12.9561,3377
2016-10-10 15:00:00,46.48,blend,0.5214,56.0059,0.0,62.3351,62.3351,54.1421,58.0363,12.1022,13.007,3378
2016-10-10 16:00:00,46.13,blend,0.5214,54.1279,0.0,55.5222,55.5222,52.8437,55.527,12.1323,13.0424,3379
2016-10-10 17:00:00,44.89,blend,0.5214,52.9192,0.0,50.329,50.329,51.8488,54.0854,12.1501,13.0355,3380
2016-10-10 18:00:00,45.03,blend,0.5214,51.9474,0.0,57.3471,57.3471,51.0916,52.8796,11.982,12.7989,3381
2016-10-10 19:00:00,50.14,blend,0.5214,51.275,0.0,48.2472,48.2472,50.3941,52.2348,11.8484,12.6092,3382
2016-10-10 20:00:00,48.91,blend,0.5214,51.6769,0.0,49.0285,49.0285,50.8463,52.5818,11.7296,12.4804,3383
2016-10-10 21:00:00,50.0,blend,0.5214,52.1606,0.0,55.2508,55.2508,51.5503,52.8255,11.6465,12.421,3384
2016-10-10 22:00:00,49.87,blend,0.5214,52.7041,0.0,52.6353,52.6353,52.1637,53.2928,11.5914,12.3948,3385
2016-10-10 23:00:00,48.12,blend,0.5214,53.3034,0.0,48.139,48.139,52.9771,53.6588,11.5548,12.3821,3386
2016-10-11 00:00:00,49.0,blend,0.5214,54.416,0.0,52.5226,52.5226,53.9862,54.8843,11.5176,12.3674,3387
2016-10-11 01:00:00,48.37,blend,0.5214,55.2015,0.0,55.3319,55.3319,54.9282,55.4993,11.4718,12.3506,3388
2016-10-11 02:00:00,48.58,blend,0.5214,56.7072,0.0,57.6371,57.6371,56.3966,57.0456,11.4036,12.3284,3389
2016-10-11 03:00:00,47.97,blend,0.5214,58.7132,0.0,58.112,58.112,58.4415,59.0092,11.2918,12.2902,3390
2016-10-11 04:00:00,51.48,blend,0.5214,61.3335,0.0,61.2981,61.2981,61.2891,61.3818,11.1292,12.2391,3391
2016-10-11 05:00:00,51.98,blend,0.5214,63.8318,0.0,72.9671,72.9671,65.08,62.472,10.9014,12.0858,3392
2016-10-11 06:00:00,52.89,blend,0.5214,67.4497,0.0,75.8629,75.8629,69.5069,65.2086,10.6805,11.8661,3393
2016-10-11 07:00:00,45.73,blend,0.5214,72.7088,0.0,64.2231,64.2231,75.5518,69.6115,10.5733,11.7235,3394
2016-10-11 08:00:00,49.24,blend,0.5214,77.1123,0.0,84.7738,84.7738,81.1288,72.7366,10.5989,11.7061,3395
2016-10-11 09:00:00,54.1,blend,0.5214,73.9903,0.0,75.7267,75.7267,78.7699,68.7831,10.6408,11.6997,3396
2016-10-11 10:00:00,61.85,blend,0.5214,70.6915,0.0,76.9265,76.9265,73.6746,67.4415,10.6437,11.6776,3397
2016-10-11 11:00:00,59.6,blend,0.5214,70.1453,0.0,76.202,76.202,70.7341,69.5039,10.6391,11.6764,3398
2016-10-11 12:00:00,57.04,blend,0.5214,69.5561,0.0,74.2016,74.2016,69.0886,70.0655,10.6423,11.6959,3399
2016-10-11 13:00:00,56.2,blend,0.5214,65.5225,0.0,72.3537,72.3537,65.1889,65.8858,10.6326,11.6962,3400
2016-10-11 14:00:00,56.48,blend,0.5214,60.2747,0.0,68.2775,68.2775,60.6771,59.8363,10.6062,11.66,3401
2016-10-11 15:00:00,56.83,blend,0.5214,56.7763,0.0,61.3298,61.3298,57.0877,56.437,10.5368,11.5664,3402
2016-10-11 16:00:00,54.66,blend,0.5214,54.6276,0.0,52.761,52.761,54.5813,54.678,10.4719,11.4409,3403
2016-10-11 17:00:00,49.87,blend,0.5214,53.1791,0.0,54.6311,54.6311,52.88,53.505,10.4485,11.3123,3404
2016-10-11 18:00:00,49.95,blend,0.5214,52.0535,0.0,57.7454,57.7454,51.7325,52.4033,10.3732,11.1339,3405
2016-10-11 19:00:00,54.62,blend,0.5214,51.1254,0.0,46.5258,46.5258,50.5678,51.7328,10.3776,11.1156,3406
2016-10-11 20:00:00,53.99,blend,0.5214,51.3729,0.0,48.0024,48.0024,50.7019,52.1038,10.3483,11.0811,3407
2016-10-11 21:00:00,53.84,blend,0.5214,51.5671,0.0,50.1356,50.1356,51.0979,52.0783,10.3316,11.0693,3408
2016-10-11 22:00:00,52.93,blend,0.5214,52.0746,0.0,49.0322,49.0322,51.7065,52.4757,10.3062,11.0523,3409
2016-10-11 23:00:00,53.66,blend,0.5214,52.7774,0.0,56.3305,56.3305,52.3649,53.2267,10.2792,11.033,3410
2016-10-12 00:00:00,54.58,blend,0.5214,53.5974,0.0,51.3068,51.3068,53.3379,53.88,10.2483,11.0133,3411
2016-10-12 01:00:00,53.53,blend,0.5214,54.6459,0.0,54.2328,54.2328,54.5187,54.7845,10.2059,10.9927,3412
2016-10-12 02:00:00,54.28,blend,0.5214,56.4204,0.0,51.8633,51.8633,56.5468,56.2828,10.1545,10.9667,3413
2016-10-12 03:00:00,53.24,blend,0.5214,58.921,0.0,52.1335,52.1335,59.3015,58.5066,10.0797,10.9303,3414
2016-10-12 04:00:00,56.1,blend,0.5214,61.8654,0.0,69.4697,69.4697,63.1613,60.4536,9.9836,10.8852,3415
2016-10-12 05:00:00,56.5,blend,0.5214,66.0624,0.0,62.6643,62.6643,68.9461,62.9207,9.8476,10.792,3416
2016-10-12 06:00:00,57.31,blend,0.5214,70.9082,0.0,72.0535,72.0535,75.6672,65.7237,9.744,10.6726,3417
2016-10-12 07:00:00,52.46,blend,0.5214,76.3402,0.0,87.1836,87.1836,82.8572,69.2405,9.7069,10.5391,3418
2016-10-12 08:00:00,49.98,blend,0.5214,83.3078,0.0,92.1392,92.1392,89.7196,76.3226,9.7913,10.524,3419
2016-10-12 09:00:00,50.71,blend,0.5214,80.2259,0.0,95.3999,95.3999,88.573,71.1324,9.9183,10.5319,3420
2016-10-12 10:00:00,56.65,blend,0.5214,73.8673,0.0,70.1257,70.1257,80.6635,66.4633,9.9961,10.5107,3421
2016-10-12 11:00:00,60.59,blend,0.5214,69.44,0.0,83.6821,83.6821,73.7869,64.7044,10.0085,10.4508,3422
2016-10-12 12:00:00,60.39,blend,0.5214,66.7517,0.0,67.224,67.224,69.3702,63.899,9.9738,10.3644,3423
2016-10-12 13:00:00,55.22,blend,0.5214,64.1575,0.0,70.9966,70.9966,65.8852,62.2753,9.9687,10.3095,3424
2016-10-12 14:00:00,52.45,blend,0.5214,61.1296,0.0,59.9287,59.9287,62.3258,59.8265,9.9729,10.2494,3425
2016-10-12 15:00:00,52.65,blend,0.5214,58.0134,0.0,45.7737,45.7737,58.9072,57.0396,9.9469,10.136,3426
2016-10-12 16:00:00,50.02,blend,0.5214,55.0463,0.0,51.6243,51.6243,55.78,54.247,9.9319,10.0151,3427
2016-10-12 17:00:00,51.96,blend,0.5214,53.4424,0.0,48.0701,48.0701,54.0201,52.8131,9.8939,9.871,3428
2016-10-12 18:00:00,50.47,blend,0.5214,52.2731,0.0,57.1491,57.1491,52.6693,51.8415,9.8461,9.7717,3429
2016-10-12 19:00:00,56.2,blend,0.5214,51.6992,0.0,55.3358,55.3358,51.7667,51.6257,9.8617,9.7939,3430
2016-10-12 20:00:00,55.66,blend,0.5214,52.0697,0.0,56.5847,56.5847,52.0256,52.1177,9.8437,9.7916,3431
2016-10-12 21:00:00,54.42,blend,0.5214,52.3317,0.0,46.6041,46.6041,52.3725,52.2872,9.8186,9.7829,3432
2016-10-12 22:00:00,54.86,blend,0.5214,52.8385,0.0,48.6887,48.6887,52.8197,52.859,9.8022,9.7816,3433
2016-10-12 23:00:00,55.56,blend,0.5214,53.4615,0.0,51.7286,51.7286,53.3342,53.6002,9.7874,9.781,3434
2016-10-13 00:00:00,55.05,blend,0.5214,54.4479,0.0,55.6058,55.6058,54.2555,54.6575,9.7585,9.7659,3435
2016-10-13 01:00:00,55.37,blend,0.5214,55.933,0.0,55.2923,55.2923,55.3895,56.5251,9.7166,9.7481,3436
2016-10-13 02:00:00,53.28,blend,0.5214,57.5449,0.0,41.5977,41.5977,56.9533,58.1894,9.6804,9.7384,3437
2016-10-13 03:00:00,53.79,blend,0.5214,60.0604,0.0,65.4212,65.4212,59.62,60.5402,9.6292,9.7252,3438
2016-10-13 04:00:00,56.5,blend,0.5214,62.3965,0.0,56.1908,56.1908,62.9648,61.7773,9.5559,9.6958,3439
2016-10-13 05:00:00,56.91,blend,0.5214,66.1313,0.0,61.0507,61.0507,67.9559,64.1436,9.4366,9.6214,3440
2016-10-13 06:00:00,58.08,blend,0.5214,70.362,0.0,70.8138,70.8138,73.5907,66.8446,9.3499,9.5429,3441
2016-10-13 07:00:00,52.13,blend,0.5214,74.8458,0.0,86.5849,86.5849,79.3413,69.9482,9.3601,9.4925,3442
2016-10-13 08:00:00,55.01,blend,0.5214,79.2836,0.0,92.6223,92.6223,83.9963,74.1494,9.4273,9.4597,3443
2016-10-13 09:00:00,53.73,blend,0.5214,76.2361,0.0,81.0657,81.0657,81.2249,70.801,9.5197,9.4447,3444
2016-10-13 10:00:00,54.09,blend,0.5214,73.0194,0.0,79.9008,79.9008,76.3413,69.4004,9.5703,9.4127,3445
2016-10-13 11:00:00,53.24,blend,0.5214,70.33,0.0,69.671,69.671,71.8291,68.6968,9.6019,9.3819,3446
2016-10-13 12:00:00,52.79,blend,0.5214,67.9284,0.0,78.2526,78.2526,68.2142,67.617,9.6702,9.3916,3447
2016-10-13 13:00:00,54.2,blend,0.5214,63.5476,0.0,61.3235,61.3235,63.9041,63.1593,9.7158,9.3617,3448
2016-10-13 14:00:00,52.9,blend,0.5214,59.9241,0.0,66.7457,66.7457,60.4473,59.3542,9.7499,9.3258,3449
2016-10-13 15:00:00,53.28,blend,0.5214,57.6484,0.0,58.3637,58.3637,58.2043,57.0428,9.7703,9.2522,3450
2016-10-13 16:00:00,51.05,blend,0.5214,55.9613,0.0,62.8148,62.8148,56.367,55.5193,9.7955,9.1768,3451
2016-10-13 17:00:00,47.08,blend,0.5214,54.5222,0.0,53.3773,53.3773,55.0056,53.9957,9.8297,9.1319,3452
2016-10-13 18:00:00,44.33,blend,0.5214,53.0007,0.0,59.0509,59.0509,53.5225,52.4323,9.8471,9.1117,3453
2016-10-13 19:00:00,48.95,blend,0.5214,51.7405,0.0,47.8642,47.8642,52.1063,51.3419,9.8567,9.1134,3454
2016-10-13 20:00:00,47.8,blend,0.5214,51.7945,0.0,55.7032,55.7032,52.0939,51.4683,9.8618,9.1251,3455
2016-10-13 21:00:00,48.03,blend,0.5214,51.9118,0.0,52.9089,52.9089,52.1737,51.6265,9.8678,9.1362,3456
2016-10-13 22:00:00,48.23,blend,0.5214,52.1901,0.0,58.3899,58.3899,52.4755,51.8793,9.8879,9.1367,3457
2016-10-13 23:00:00,48.09,blend,0.5214,52.6411,0.0,50.1942,50.1942,52.8724,52.389,9.9019,9.1524,3458
2016-10-14 00:00:00,48.95,blend,0.5214,53.3253,0.0,66.6975,66.6975,53.5989,53.0274,9.9132,9.1686,3459
2016-10-14 01:00:00,47.83,blend,0.5214,54.6173,0.0,52.4228,52.4228,54.7389,54.4848,9.9271,9.202,3460
2016-10-14 02:00:00,47.67,blend,0.5214,56.106,0.0,56.5159,56.5159,56.2087,55.9941,9.9369,9.2354,3461
2016-10-14 03:00:00,47.71,blend,0.5214,57.9597,0.0,57.3751,57.3751,57.7494,58.1889,9.9399,9.2715,3462
2016-10-14 04:00:00,49.9,blend,0.5214,59.7981,0.0,57.9377,57.9377,59.7127,59.8912,9.9312,9.3017,3463
2016-10-14 05:00:00,49.94,blend,0.5214,61.3713,0.0,66.3095,66.3095,62.026,60.658,9.8687,9.2782,3464
2016-10-14 06:00:00,50.69,blend,0.5214,63.2588,0.0,79.926,79.926,64.5866,61.8123,9.8136,9.2036,3465
2016-10-14 07:00:00,46.94,blend,0.5214,65.1595,0.0,75.3142,75.3142,66.6121,63.577,9.7904,9.1326,3466
2016-10-14 08:00:00,49.24,blend,0.5214,65.3889,0.0,49.7603,49.7603,67.4209,63.1752,9.8203,9.1115,3467
2016-10-14 09:00:00,51.81,blend,0.5214,62.4594,0.0,71.2542,71.2542,64.2562,60.502,9.8568,9.09,3468
2016-10-14 10:00:00,55.89,blend,0.5214,60.4113,0.0,60.0638,60.0638,61.2603,59.4864,9.8546,9.0378,3469
2016-10-14 11:00:00,59.33,blend,0.5214,59.1055,0.0,70.6983,70.6983,59.2616,58.9355,9.8521,9.0045,3470
2016-10-14 12:00:00,59.76,blend,0.5214,58.3244,0.0,63.3014,63.3014,58.1301,58.5361,9.8439,8.9891,3471
2016-10-14 13:00:00,59.53,blend,0.5214,57.5289,0.0,58.6834,58.6834,57.3322,57.7431,9.8239,8.923,3472
2016-10-14 14:00:00,55.93,blend,0.5214,55.9839,0.0,52.8952,52.8952,56.0592,55.9018,9.814,8.8596,3473
2016-10-14 15:00:00,59.07,blend,0.5214,54.5752,0.0,42.9422,42.9422,54.7693,54.3638,9.8213,8.7963,3474
2016-10-14 16:00:00,56.87,blend,0.5214,53.3085,0.0,42.8966,42.8966,53.4452,53.1595,9.824,8.7236,3475
2016-10-14 17:00:00,53.25,blend,0.5214,52.5885,0.0,50.3566,50.3566,52.6897,52.4783,9.7902,8.6143,3476
2016-10-14 18:00:00,50.12,blend,0.5214,51.9237,0.0,54.8527,54.8527,51.901,51.9484,9.7037,8.5045,3477
2016-10-14 19:00:00,51.84,blend,0.5214,51.6329,0.0,50.4796,50.4796,51.5808,51.6897,9.6286,8.4585,3478
2016-10-14 20:00:00,51.98,blend,0.5214,52.0969,0.0,48.3129,48.3129,52.1748,52.012,9.5489,8.4153,3479
2016-10-14 21:00:00,52.21,blend,0.5214,52.4102,0.0,42.8914,42.8914,52.7836,52.0034,9.5052,8.4043,3480
2016-10-14 22:00:00,51.8,blend,0.5214,52.9783,0.0,50.7449,50.7449,53.5965,52.3048,9.462,8.3841,3481
2016-10-14 23:00:00,50.96,blend,0.5214,53.5912,0.0,54.451,54.451,54.4999,52.6013,9.4415,8.3795,3482
2016-10-15 00:00:00,52.88,blend,0.5214,54.5105,0.0,57.9925,57.9925,55.6068,53.3161,9.4092,8.3591,3483
2016-10-15 01:00:00,49.23,blend,0.5214,54.9343,0.0,50.9052,50.9052,55.7655,54.0287,9.4032,8.3604,3484
2016-10-15 02:00:00,51.13,blend,0.5214,55.7281,0.0,51.0696,51.0696,56.2192,55.193,9.3832,8.3455,3485
2016-10-15 03:00:00,51.08,blend,0.5214,56.5289,0.0,58.3618,58.3618,56.7831,56.252,9.3609,8.3255,3486
2016-10-15 04:00:00,53.75,blend,0.5214,57.7909,0.0,60.1769,60.1769,57.7152,57.8734,9.3597,8.3221,3487
2016-10-15 05:00:00,54.68,blend,0.5214,58.8143,0.0,64.2864,64.2864,58.7845,58.8467,9.3607,8.3269,3488
2016-10-15 06:00:00,53.8,blend,0.5214,59.7922,0.0,53.0922,53.0922,59.7821,59.8033,9.3451,8.3103,3489
2016-10-15 07:00:00,48.46,blend,0.5214,60.5602,0.0,65.8235,65.8235,60.515,60.6095,9.3137,8.2775,3490
2016-10-15 08:00:00,46.96,blend,0.5214,60.9761,0.0,56.1333,56.1333,61.07,60.8737,9.2541,8.2253,3491
2016-10-15 09:00:00,48.59,blend,0.5214,58.2935,0.0,47.3003,47.3003,58.4312,58.1434,9.2058,8.1944,3492
2016-10-15 10:00:00,45.83,blend,0.5214,56.9263,0.0,47.2725,47.2725,56.9216,56.9314,9.1803,8.1757,3493
2016-10-15 11:00:00,48.05,blend,0.5214,55.8851,0.0,49.7855,49.7855,55.9502,55.8142,9.1397,8.1346,3494
2016-10-15 12:00:00,47.26,blend,0.5214,55.2002,0.0,53.2207,53.2207,55.0471,55.3669,9.1187,8.1061,3495
2016-10-15 13:00:00,46.27,blend,0.5214,54.3182,0.0,62.1036,62.1036,54.1564,54.4945,9.1129,8.0927,3496
2016-10-15 14:00:00,46.29,blend,0.5214,53.5058,0.0,46.5324,46.5324,53.3165,53.712,9.1117,8.085,3497
2016-10-15 15:00:00,47.19,blend,0.5214,52.5871,0.0,51.1889,51.1889,52.3779,52.8151,9.0981,8.0636,3498
2016-10-15 16:00:00,46.6,blend,0.5214,51.9245,0.0,48.5998,48.5998,51.6345,52.2404,9.0909,8.0525,3499
2016-10-15 17:00:00,46.45,blend,0.5214,51.4209,0.0,50.946,50.946,51.0347,51.8417,9.0949,8.0567,3500
2016-10-15 18:00:00,47.22,blend,0.5214,51.045,0.0,46.7352,46.7352,50.5357,51.5999,9.096,8.0622,3501
2016-10-15 19:00:00,52.09,blend,0.5214,50.7463,0.0,58.957,58.957,50.1238,51.4246,9.0901,8.0516,3502
2016-10-15 20:00:00,51.34,blend,0.5214,51.0995,0.0,55.28,55.28,50.5138,51.7376,9.0867,8.048,3503
2016-10-15 21:00:00,52.12,blend,0.5214,51.4128,0.0,50.7705,50.7705,51.0209,51.8397,9.0867,8.046,3504
2016-10-15 22:00:00,51.83,blend,0.5214,51.7731,0.0,41.7791,41.7791,51.5691,51.9953,9.0792,8.04,3505
2016-10-15 23:00:00,51.87,blend,0.5214,52.2017,0.0,47.1985,47.1985,52.1933,52.2108,9.0597,8.022,3506
2016-10-16 00:00:00,52.65,blend,0.5214,52.7545,0.0,51.7268,51.7268,52.7988,52.7063,9.0515,8.0129,3507
2016-10-16 01:00:00,50.66,blend,0.5214,53.7393,0.0,60.9921,60.9921,53.7295,53.75,9.0532,8.0099,3508
2016-10-16 02:00:00,51.18,blend,0.5214,54.9838,0.0,51.3516,51.3516,54.8766,55.1005,9.0407,7.9916,3509
2016-10-16 03:00:00,49.5,blend,0.5214,56.6927,0.0,56.8176,56.8176,56.187,57.2435,9.0216,7.9649,3510
2016-10-16 04:00:00,54.2,blend,0.5214,58.283,0.0,54.836,54.836,57.6474,58.9754,8.9946,7.9333,3511
2016-10-16 05:00:00,54.34,blend,0.5214,59.8862,0.0,71.1498,71.1498,59.0145,60.8359,8.9695,7.9071,3512
2016-10-16 06:00:00,54.82,blend,0.5214,61.4505,0.0,63.456,63.456,60.5612,62.4193,8.947,7.8863,3513
2016-10-16 07:00:00,49.13,blend,0.5214,62.6946,0.0,58.8329,58.8329,61.9571,63.4981,8.95,7.8887,3514
2016-10-16 08:00:00,46.12,blend,0.5214,63.0291,0.0,65.5539,65.5539,62.6045,63.4916,8.9353,7.8776,3515
2016-10-16 09:00:00,47.05,blend,0.5214,60.3462,0.0,61.5732,61.5732,60.278,60.4204,8.9139,7.8524,3516
2016-10-16 10:00:00,47.84,blend,0.5214,58.6701,0.0,62.6422,62.6422,58.3602,59.0078,8.8864,7.821,3517
2016-10-16 11:00:00,47.91,blend,0.5214,57.389,0.0,59.9276,59.9276,57.0582,57.7495,8.8597,7.79,3518
2016-10-16 12:00:00,47.65,blend,0.5214,56.5948,0.0,56.7515,56.7515,56.1668,57.0611,8.8362,7.7625,3519
2016-10-16 13:00:00,47.97,blend,0.5214,55.6896,0.0,56.4304,56.4304,55.3566,56.0524,8.8066,7.7268,3520
2016-10-16 14:00:00,47.44,blend,0.5214,54.6874,0.0,55.685,55.685,54.4535,54.9422,8.7797,7.6967,3521
2016-10-16 15:00:00,48.28,blend,0.5214,53.6539,0.0,52.6368,52.6368,53.5733,53.7416,8.753,7.6674,3522
2016-10-16 16:00:00,47.94,blend,0.5214,52.8647,0.0,57.5475,57.5475,52.7218,53.0205,8.7305,7.6455,3523
2016-10-16 17:00:00,48.01,blend,0.5214,52.1685,0.0,42.6469,42.6469,51.9476,52.4091,8.7008,7.6194,3524
2016-10-16 18:00:00,47.39,blend,0.5214,51.6083,0.0,42.3232,42.3232,51.2657,51.9816,8.66,7.5858,3525
2016-10-16 19:00:00,51.44,blend,0.5214,51.1545,0.0,46.6544,46.6544,50.6384,51.7168,8.6389,7.5669,3526
2016-10-16 20:00:00,51.93,blend,0.5214,51.5358,0.0,52.9183,52.9183,50.9535,52.1703,8.6228,7.5528,3527
2016-10-16 21:00:00,52.09,blend,0.467,51.8786,0.0,42.8959,42.8959,51.3365,52.3537,8.6099,7.5441,3528
2016-10-16 22:00:00,52.73,blend,0.467,52.3273,0.0,54.3539,54.3539,51.9134,52.6899,8.5983,7.5348,3529
2016-10-16 23:00:00,52.16,blend,0.467,52.917,0.0,49.3497,49.3497,52.5621,53.2281,8.5847,7.5333,3530
2016-10-17 00:00:00,52.95,blend,0.467,53.6476,0.0,49.5829,49.5829,53.3701,53.8907,8.5732,7.5332,3531
2016-10-17 01:00:00,52.44,blend,0.467,55.9202,0.0,63.151,63.151,55.4832,56.3031,8.5528,7.5235,3532
2016-10-17 02:00:00,51.68,blend,0.467,59.6561,0.0,52.3909,52.3909,59.0266,60.2076,8.53,7.51,3533
2016-10-17 03:00:00,53.28,blend,0.467,64.8835,0.0,59.9272,59.9272,64.4275,65.2832,8.5098,7.4984,3534
2016-10-17 04:00:00,54.68,blend,0.467,68.8866,0.0,75.1958,75.1958,70.985,67.048,8.5106,7.4825,3535
2016-10-17 05:00:00,55.31,blend,0.467,74.8424,0.0,75.7588,75.7588,79.2519,70.9787,8.5333,7.4774,3536
2016-10-17 06:00:00,70.6,blend,0.467,80.1775,0.0,72.5416,72.5416,86.0858,75.0006,8.4935,7.3854,3537
2016-10-17 07:00:00,81.35,blend,0.467,88.5132,0.0,93.1126,93.1126,94.4405,83.3196,8.386,7.208,3538
2016-10-17 08:00:00,91.31,blend,0.467,102.2564,0.0,86.0685,86.0685,104.7564,100.0658,8.2523,7.034,3539
2016-10-17 09:00:00,101.45,blend,0.467,110.6966,0.0,117.3956,117.3956,111.4159,110.0664,8.124,6.8906,3540
2016-10-17 10:00:00,106.17,blend,0.467,114.0434,0.0,133.8292,133.8292,114.3727,113.7548,8.0272,6.766,3541
2016-10-17 11:00:00,108.16,blend,0.467,115.2471,0.0,100.4772,100.4772,115.7421,114.8134,7.9608,6.6571,3542
2016-10-17 12:00:00,98.35,blend,0.467,115.2271,0.0,128.0444,128.0444,115.9653,114.5803,7.988,6.6304,3543
2016-10-17 13:00:00,102.06,blend,0.467,114.1938,0.0,104.5323,104.5323,115.0233,113.4669,8.0005,6.5991,3544
2016-10-17 14:00:00,113.27,blend,0.467,110.5124,0.0,122.3171,122.3171,111.4653,109.6775,7.9485,6.5326,3545
2016-10-17 15:00:00,104.72,blend,0.467,106.1966,0.0,108.4854,108.4854,106.5894,105.8525,7.914,6.4705,3546
2016-10-17 16:00:00,94.03,blend,0.467,105.2872,0.0,115.8276,115.8276,102.6773,107.5741,7.9255,6.4952,3547
2016-10-17 17:00:00,86.04,blend,0.467,96.0956,0.0,104.1635,104.1635,94.4515,97.5362,7.9341,6.5089,3548
2016-10-17 18:00:00,63.02,blend,0.467,79.5862,0.0,86.0364,86.0364,82.7077,76.8511,8.0152,6.5445,3549
2016-10-17 19:00:00,59.35,blend,0.467,68.8247,0.0,62.9771,62.9771,72.6244,65.4954,8.0927,6.5686,3550
2016-10-17 20:00:00,52.41,blend,0.467,63.8184,0.0,65.332,65.332,66.5157,61.455,8.1652,6.6006,3551
2016-10-17 21:00:00,53.69,blend,0.467,60.3559,0.0,50.8566,50.8566,62.8094,58.2061,8.2102,6.6107,3552
2016-10-17 22:00:00,55.02,blend,0.467,59.1719,0.0,64.418,64.418,61.2242,57.3736,8.2335,6.6043,3553
2016-10-17 23:00:00,52.38,blend,0.467,59.3868,0.0,53.6356,53.6356,61.2536,57.7511,8.2574,6.6033,3554
2016-10-18 00:00:00,53.73,blend,0.467,60.8447,0.0,54.733,54.733,62.8214,59.1126,8.2819,6.6003,3555
2016-10-18 01:00:00,52.21,blend,0.467,62.4344,0.0,63.757,63.757,65.5204,59.7304,8.322,6.6027,3556
2016-10-18 02:00:00,50.76,blend,0.467,65.3949,0.0,68.953,68.953,70.2434,61.1465,8.3915,6.6141,3557
2016-10-18 03:00:00,52.48,blend,0.467,69.6857,0.0,67.7376,67.7376,76.8692,63.3915,8.4743,6.6133,3558
2016-10-18 04:00:00,69.92,blend,0.467,74.8145,0.0,57.1511,57.1511,85.0972,65.8046,8.5063,6.5789,3559
2016-10-18 05:00:00,60.43,blend,0.467,81.1182,0.0,66.9636,66.9636,95.21,68.7708,8.6353,6.5661,3560
2016-10-18 06:00:00,74.53,blend,0.467,92.4531,0.0,77.0103,77.0103,107.1608,79.5661,8.7307,6.5227,3561
2016-10-18 07:00:00,86.59,blend,0.467,103.4071,0.0,91.584,91.584,112.488,95.4504,8.7073,6.4333,3562
2016-10-18 08:00:00,101.5,blend,0.467,111.7421,0.0,83.626,83.626,115.7901,108.1953,8.6025,6.3333,3563
2016-10-18 09:00:00,108.26,blend,0.467,115.6827,0.0,132.5102,132.5102,117.721,113.8967,8.512,6.2795,3564
2016-10-18 10:00:00,117.91,blend,0.467,117.025,0.0,118.5001,118.5001,118.4547,115.7722,8.4449,6.2589,3565
2016-10-18 11:00:00,115.75,blend,0.467,117.2712,0.0,111.9539,111.9539,118.6926,116.0258,8.3961,6.2016,3566
2016-10-18 12:00:00,115.75,blend,0.467,117.1486,0.0,125.1244,125.1244,118.5873,115.888,8.3413,6.1249,3567
2016-10-18 13:00:00,116.28,blend,0.467,116.5371,0.0,134.2568,134.2568,117.8513,115.3857,8.2971,6.0726,3568
2016-10-18 14:00:00,122.07,blend,0.467,115.6877,0.0,123.9035,123.9035,116.5618,114.9217,8.3049,6.0951,3569
2016-10-18 15:00:00,118.21,blend,0.467,114.2154,0.0,105.0368,105.0368,114.6225,113.8586,8.3248,6.1187,3570
2016-10-18 16:00:00,114.77,blend,0.467,111.718,0.0,96.5282,96.5282,111.5609,111.8557,8.3434,6.1359,3571
2016-10-18 17:00:00,102.77,blend,0.467,107.6544,0.0,122.5552,122.5552,106.0264,109.0808,8.3449,6.1519,3572
2016-10-18 18:00:00,73.36,blend,0.467,98.7469,0.0,112.9105,112.9105,97.5895,99.7611,8.4785,6.2944,3573
2016-10-18 19:00:00,65.28,blend,0.467,81.5831,0.0,76.2042,76.2042,84.9579,78.626,8.5715,6.3567,3574
2016-10-18 20:00:00,63.43,blend,0.467,69.2049,0.0,53.2907,53.2907,73.5843,65.3676,8.6123,6.357,3575
2016-10-18 21:00:00,61.69,blend,0.467,62.4476,0.0,66.1188,66.1188,66.4717,58.9217,8.6245,6.363,3576
2016-10-18 22:00:00,61.35,blend,0.467,60.5125,0.0,50.0688,50.0688,63.9132,57.5328,8.6325,6.383,3577
2016-10-18 23:00:00,61.13,blend,0.467,60.3001,0.0,55.9021,55.9021,63.452,57.5384,8.6386,6.4018,3578
2016-10-19 00:00:00,61.34,blend,0.467,61.2672,0.0,57.0312,57.0312,64.7204,58.2415,8.6513,6.4161,3579
2016-10-19 01:00:00,59.67,blend,0.467,62.7946,0.0,69.1484,69.1484,67.1952,58.9389,8.6902,6.4129,3580
2016-10-19 02:00:00,58.48,blend,0.467,66.1465,0.0,56.3598,56.3598,71.9548,61.0572,8.7569,6.4164,3581
2016-10-19 03:00:00,57.65,blend,0.467,71.0777,0.0,64.9048,64.9048,79.3245,63.8517,8.8499,6.4219,3582
2016-10-19 04:00:00,78.9,blend,0.467,77.9642,0.0,83.0022,83.0022,89.6124,67.758,8.8716,6.4623,3583
2016-10-19 05:00:00,70.98,blend,0.467,84.9035,0.0,69.1981,69.1981,100.2999,71.413,8.972,6.4267,3584
2016-10-19 06:00:00,84.7,blend,0.467,96.955,0.0,82.7663,82.7663,110.3354,85.231,9.0154,6.3798,3585
2016-10-19 07:00:00,95.21,blend,0.467,110.375,0.0,103.1185,103.1185,114.7761,106.5187,8.9509,6.3472,3586
2016-10-19 08:00:00,106.38,blend,0.467,115.3747,0.0,133.3234,133.3234,117.0258,113.928,8.7777,6.2353,3587
2016-10-19 09:00:00,118.32,blend,0.467,116.707,0.0,106.0903,106.0903,118.1764,115.4195,8.5532,6.131,3588
2016-10-19 10:00:00,123.95,blend,0.467,116.9996,0.0,100.5311,100.5311,118.5291,115.6595,8.4425,6.122,3589
2016-10-19 11:00:00,127.24,blend,0.467,117.3034,0.0,99.6645,99.6645,118.7393,116.0453,8.4146,6.1641,3590
2016-10-19 12:00:00,127.82,blend,0.467,117.2922,0.0,112.4688,112.4688,118.6908,116.0667,8.4154,6.2132,3591
2016-10-19 13:00:00,126.52,blend,0.467,117.103,0.0,106.4461,106.4461,118.3919,115.9737,8.4003,6.234,3592
2016-10-19 14:00:00,129.42,blend,0.467,116.657,0.0,124.6057,124.6057,117.8076,115.6489,8.4107,6.272,3593
2016-10-19 15:00:00,115.93,blend,0.467,115.9947,0.0,82.4512,82.4512,116.6805,115.3939,8.3779,6.2491,3594
2016-10-19 16:00:00,109.05,blend,0.467,114.5943,0.0,122.3782,122.3782,114.6544,114.5417,8.377,6.2566,3595
2016-10-19 17:00:00,100.94,blend,0.467,110.7492,0.0,137.3513,137.3513,109.7488,111.6257,8.4172,6.3152,3596
2016-10-19 18:00:00,71.33,blend,0.467,100.155,0.0,101.4548,101.4548,101.0264,99.3914,8.5808,6.474,3597
2016-10-19 19:00:00,69.86,blend,0.467,83.5495,0.0,72.6226,72.6226,88.7062,79.0312,8.6666,6.5014,3598
2016-10-19 20:00:00,59.92,blend,0.467,70.924,0.0,70.166,70.166,77.0049,65.5958,8.7467,6.5141,3599
2016-10-19 21:00:00,59.29,blend,0.467,64.6034,0.0,75.9055,75.9055,70.2673,59.6407,8.7998,6.5035,3600
2016-10-19 22:00:00,58.98,blend,0.467,61.7494,0.0,59.6702,59.6702,66.087,57.9487,8.83,6.4977,3601
2016-10-19 23:00:00,58.81,blend,0.467,60.7211,0.0,64.903,64.903,64.3255,57.5628,8.8496,6.4935,3602
2016-10-20 00:00:00,59.07,blend,0.467,61.2797,0.0,62.2997,62.2997,64.5794,58.3884,8.8776,6.4952,3603
2016-10-20 01:00:00,59.63,blend,0.467,62.3239,0.0,69.5084,69.5084,65.824,59.2572,8.9144,6.4905,3604
2016-10-20 02:00:00,55.81,blend,0.467,64.6654,0.0,68.2254,68.2254,68.7717,61.0674,8.9697,6.4926,3605
2016-10-20 03:00:00,55.9,blend,0.467,67.3955,0.0,64.1947,64.1947,72.9975,62.4869,9.0367,6.4916,3606
2016-10-20 04:00:00,79.37,blend,0.467,72.1791,0.0,67.1818,67.1818,79.6788,65.6078,9.0001,6.5421,3607
2016-10-20 05:00:00,70.38,blend,0.467,79.7726,0.0,86.3923,86.3923,90.2939,70.5537,9.0529,6.5001,3608
2016-10-20 06:00:00,77.65,blend,0.467,94.8098,0.0,79.4875,79.4875,104.1888,86.5918,9.1185,6.5012,3609
2016-10-20 07:00:00,85.83,blend,0.467,110.6438,0.0,100.7746,100.7746,112.2305,109.2536,9.1137,6.5345,3610
2016-10-20 08:00:00,101.23,blend,0.467,115.2395,0.0,88.2639,88.2639,115.9739,114.5961,9.0289,6.5002,3611
2016-10-20 09:00:00,112.67,blend,0.467,116.3911,0.0,86.8362,86.8362,117.6138,115.3199,8.8947,6.4143,3612
2016-10-20 10:00:00,120.38,blend,0.467,116.8023,0.0,118.7146,118.7146,118.207,115.5714,8.7752,6.3518,3613
2016-10-20 11:00:00,125.74,blend,0.467,117.0686,0.0,105.7255,105.7255,118.3885,115.9121,8.7083,6.3183,3614
2016-10-20 12:00:00,131.83,blend,0.467,116.9894,0.0,71.263,71.263,118.2515,115.8836,8.6973,6.325,3615
2016-10-20 13:00:00,129.74,blend,0.467,116.8162,0.0,119.7707,119.7707,117.8928,115.8729,8.7101,6.3542,3616
2016-10-20 14:00:00,132.72,blend,0.467,116.4931,0.0,112.9544,112.9544,117.2832,115.8008,8.757,6.4165,3617
2016-10-20 15:00:00,127.25,blend,0.467,115.7977,0.0,140.904,140.904,116.1359,115.5014,8.7939,6.464,3618
2016-10-20 16:00:00,126.56,blend,0.467,114.3341,0.0,117.9458,117.9458,113.9327,114.6859,8.8374,6.5081,3619
2016-10-20 17:00:00,107.95,blend,0.467,111.6821,0.0,109.0127,109.0127,109.8783,113.2627,8.8017,6.4985,3620
2016-10-20 18:00:00,73.53,blend,0.467,107.544,0.0,106.6204,106.6204,104.2133,110.4623,8.9296,6.6701,3621
2016-10-20 19:00:00,68.07,blend,0.467,92.8456,0.0,99.6019,99.6019,93.149,92.5798,9.0601,6.8018,3622
2016-10-20 20:00:00,59.33,blend,0.467,74.9502,0.0,71.2747,71.2747,80.7718,69.8493,9.1622,6.8426,3623
2016-10-20 21:00:00,58.64,blend,0.467,65.9054,0.0,58.7181,58.7181,72.2803,60.3197,9.2187,6.8312,3624
2016-10-20 22:00:00,55.64,blend,0.467,62.3722,0.0,62.1144,62.1144,67.4632,57.9114,9.2638,6.823,3625
2016-10-20 23:00:00,56.04,blend,0.467,61.484,0.0,55.9541,55.9541,65.5333,57.9359,9.2918,6.8087,3626
2016-10-21 00:00:00,55.59,blend,0.467,61.3719,0.0,52.9692,52.9692,65.0908,58.1133,9.3207,6.7994,3627
2016-10-21 01:00:00,52.59,blend,0.467,63.101,0.0,58.795,58.795,66.3085,60.2905,9.3613,6.8056,3628
2016-10-21 02:00:00,52.0,blend,0.467,64.8006,0.0,62.8691,62.8691,68.5381,61.5257,9.4089,6.8128,3629
2016-10-21 03:00:00,52.06,blend,0.467,67.9674,0.0,68.6047,68.6047,72.6052,63.9036,9.4714,6.8209,3630
2016-10-21 04:00:00,77.56,blend,0.467,72.8185,0.0,50.9591,50.9591,79.53,66.9379,9.4247,6.8247,3631
2016-10-21 05:00:00,69.1,blend,0.467,81.763,0.0,71.9288,71.9288,90.3471,74.2416,9.4793,6.7915,3632
2016-10-21 06:00:00,67.22,blend,0.467,98.4,0.0,114.2258,114.2258,104.1158,93.3917,9.6162,6.8811,3633
2016-10-21 07:00:00,64.61,blend,0.467,112.0595,0.0,109.3129,109.3129,111.7555,112.326,9.7797,7.0661,3634
2016-10-21 08:00:00,70.98,blend,0.467,114.2992,0.0,87.9827,87.9827,114.6691,113.9751,9.9315,7.239,3635
2016-10-21 09:00:00,75.73,blend,0.467,114.4152,0.0,116.1993,116.1993,115.4254,113.5302,10.0937,7.4123,3636
2016-10-21 10:00:00,98.78,blend,0.467,113.8688,0.0,91.9724,91.9724,114.9007,112.9646,10.1577,7.4753,3637
2016-10-21 11:00:00,106.12,blend,0.467,113.5318,0.0,75.0384,75.0384,113.8469,113.2556,10.2033,7.5154,3638
2016-10-21 12:00:00,112.13,blend,0.467,114.6359,0.0,117.2278,117.2278,114.1125,115.0945,10.2054,7.5258,3639
2016-10-21 13:00:00,118.21,blend,0.467,114.5691,0.0,112.2888,112.2888,113.7863,115.255,10.2186,7.5328,3640
2016-10-21 14:00:00,106.11,blend,0.467,113.3196,0.0,117.1705,117.1705,112.207,114.2944,10.2542,7.5813,3641
2016-10-21 15:00:00,98.05,blend,0.467,107.3801,0.0,106.5228,106.5228,104.9078,109.5463,10.2694,7.6217,3642
2016-10-21 16:00:00,89.17,blend,0.467,106.1811,0.0,104.2509,104.2509,98.3053,113.082,10.3034,7.742,3643
2016-10-21 17:00:00,79.21,blend,0.467,94.6201,0.0,111.5163,111.5163,89.3308,99.2546,10.3603,7.8567,3644
2016-10-21 18:00:00,68.37,blend,0.467,78.0883,0.0,97.5852,97.5852,79.9282,76.4762,10.4185,7.8941,3645
2016-10-21 19:00:00,62.91,blend,0.467,67.2722,0.0,48.9126,48.9126,71.3313,63.7155,10.4671,7.898,3646
2016-10-21 20:00:00,68.59,blend,0.467,63.4784,0.0,73.0104,73.0104,67.5095,59.9463,10.4723,7.9492,3647
2016-10-21 21:00:00,54.15,blend,0.467,61.1412,0.0,47.3458,47.3458,64.6155,58.097,10.5312,7.9715,3648
2016-10-21 22:00:00,53.03,blend,0.467,61.0615,0.0,47.7504,47.7504,64.0855,58.4119,10.5863,8.0005,3649
2016-10-21 23:00:00,50.19,blend,0.467,60.3938,0.0,55.6963,55.6963,63.1789,57.9534,10.6426,8.037,3650
2016-10-22 00:00:00,51.04,blend,0.467,60.2226,0.0,53.5524,53.5524,62.9582,57.8257,10.6973,8.0747,3651
2016-10-22 01:00:00,49.97,blend,0.467,60.4739,0.0,54.1706,54.1706,62.3269,58.8502,10.7319,8.099,3652
2016-10-22 02:00:00,48.48,blend,0.467,61.2103,0.0,64.1902,64.1902,62.3582,60.2046,10.7843,8.1446,3653
2016-10-22 03:00:00,48.56,blend,0.467,61.9074,0.0,65.1731,65.1731,63.0649,60.8931,10.8366,8.1873,3654
2016-10-22 04:00:00,51.66,blend,0.467,63.2362,0.0,72.7012,72.7012,64.4315,62.1889,10.8891,8.2254,3655
2016-10-22 05:00:00,51.33,blend,0.467,66.0672,0.0,60.0413,60.0413,67.1723,65.0989,10.9589,8.2826,3656
2016-10-22 06:00:00,51.67,blend,0.467,67.4082,0.0,66.1537,66.1537,69.4172,65.648,11.029,8.33,3657
2016-10-22 07:00:00,49.07,blend,0.467,70.5809,0.0,57.2821,57.2821,71.7448,69.5611,11.0922,8.3797,3658
2016-10-22 08:00:00,43.57,blend,0.467,71.8931,0.0,50.6707,50.6707,73.2709,70.6858,11.185,8.4583,3659
2016-10-22 09:00:00,43.53,blend,0.467,69.045,0.0,65.773,65.773,70.4147,67.8448,11.2864,8.5461,3660
2016-10-22 10:00:00,43.39,blend,0.467,67.1572,0.0,75.0567,75.0567,67.7711,66.6192,11.3655,8.6183,3661
2016-10-22 11:00:00,49.79,blend,0.467,66.0452,0.0,64.3297,64.3297,66.1444,65.9583,11.4159,8.6683,3662
2016-10-22 12:00:00,52.62,blend,0.467,64.8481,0.0,63.4314,63.4314,64.9415,64.7662,11.4428,8.6924,3663
2016-10-22 13:00:00,53.24,blend,0.467,64.1765,0.0,68.4956,68.4956,64.1167,64.229,11.4606,8.7088,3664
2016-10-22 14:00:00,52.45,blend,0.467,62.9964,0.0,57.7192,57.7192,63.0266,62.9699,11.4818,8.7273,3665
2016-10-22 15:00:00,51.06,blend,0.467,61.6539,0.0,68.765,68.765,61.8981,61.44,11.5154,8.7556,3666
2016-10-22 16:00:00,49.99,blend,0.467,60.1527,0.0,58.0959,58.0959,60.5223,59.8289,11.5481,8.7806,3667
2016-10-22 17:00:00,50.2,blend,0.467,58.3037,0.0,53.0289,53.0289,58.9248,57.7594,11.5728,8.7935,3668
2016-10-22 18:00:00,52.15,blend,0.467,56.4366,0.0,67.7215,67.7215,57.443,55.5548,11.5846,8.7877,3669
2016-10-22 19:00:00,55.11,blend,0.467,54.7596,0.0,53.9213,53.9213,56.1577,53.5346,11.5791,8.7931,3670
2016-10-22 20:00:00,53.83,blend,0.467,54.5466,0.0,59.6901,59.6901,56.0372,53.2405,11.5873,8.7942,3671
2016-10-22 21:00:00,53.71,blend,0.467,54.4725,0.0,49.0825,49.0825,55.8597,53.2569,11.5936,8.7953,3672
2016-10-22 22:00:00,53.33,blend,0.467,54.5094,0.0,59.5002,59.5002,55.8229,53.3585,11.6068,8.7944,3673
2016-10-22 23:00:00,52.83,blend,0.467,54.7254,0.0,55.0117,55.0117,55.8741,53.7189,11.623,8.7977,3674
2016-10-23 00:00:00,54.03,blend,0.467,55.0843,0.0,44.7592,44.7592,56.1142,54.1819,11.6346,8.7983,3675
2016-10-23 01:00:00,52.76,blend,0.467,56.3525,0.0,51.1853,51.1853,57.0027,55.7827,11.6415,8.7979,3676
2016-10-23 02:00:00,52.85,blend,0.467,57.8654,0.0,59.1454,59.1454,57.9295,57.8093,11.6498,8.8041,3677
2016-10-23 03:00:00,52.76,blend,0.467,59.3458,0.0,57.262,57.262,59.0152,59.6354,11.6472,8.7989,3678
2016-10-23 04:00:00,55.65,blend,0.467,61.0935,0.0,63.2672,63.2672,60.3046,61.7848,11.6544,8.807,3679
2016-10-23 05:00:00,56.04,blend,0.467,62.3832,0.0,61.1551,61.1551,61.736,62.9503,11.6605,8.8094,3680
2016-10-23 06:00:00,56.16,blend,0.467,63.4773,0.0,61.7205,61.7205,62.966,63.9253,11.6668,8.8104,3681
2016-10-23 07:00:00,51.28,blend,0.467,64.4091,0.0,75.9504,75.9504,64.1641,64.6237,11.6671,8.8043,3682
2016-10-23 08:00:00,48.89,blend,0.467,65.2018,0.0,60.8047,60.8047,64.8646,65.4973,11.6641,8.7998,3683
2016-10-23 09:00:00,49.15,blend,0.467,62.0375,0.0,56.5447,56.5447,62.3016,61.8061,11.6637,8.7955,3684
2016-10-23 10:00:00,49.63,blend,0.467,60.2362,0.0,70.5104,70.5104,60.3886,60.1026,11.6651,8.7914,3685
2016-10-23 11:00:00,49.61,blend,0.467,60.2457,0.0,52.8591,52.8591,59.6849,60.737,11.6706,8.7991,3686
2016-10-23 12:00:00,50.25,blend,0.467,59.6622,0.0,55.4901,55.4901,59.016,60.2285,11.6721,8.8024,3687
2016-10-23 13:00:00,49.5,blend,0.467,59.0154,0.0,58.4024,58.4024,58.2244,59.7084,11.68,8.8151,3688
2016-10-23 14:00:00,49.75,blend,0.467,58.0855,0.0,66.2845,66.2845,57.3852,58.6991,11.6837,8.8237,3689
2016-10-23 15:00:00,49.47,blend,0.467,57.0129,0.0,52.9133,52.9133,56.5541,57.4148,11.6944,8.8385,3690
2016-10-23 16:00:00,49.07,blend,0.467,55.9918,0.0,51.8042,51.8042,55.8172,56.1447,11.7061,8.8504,3691
2016-10-23 17:00:00,49.59,blend,0.467,55.0032,0.0,61.2087,61.2087,55.1189,54.9019,11.7156,8.8558,3692
2016-10-23 18:00:00,51.59,blend,0.467,53.9366,0.0,57.6848,57.6848,54.2509,53.6612,11.7083,8.8408,3693
2016-10-23 19:00:00,54.87,blend,0.467,53.1417,0.0,48.5096,48.5096,53.5326,52.7993,11.7115,8.8515,3694
2016-10-23 20:00:00,53.37,blend,0.467,53.3345,0.0,62.6315,62.6315,53.5546,53.1415,11.7068,8.8514,3695
2016-10-23 21:00:00,53.42,pretransfer,0.0,53.2628,0.0,54.0955,54.0955,53.5925,53.2628,11.7034,8.8508,3696
2016-10-23 22:00:00,53.49,pretransfer,0.0,53.7137,0.0,57.2581,57.2581,53.6626,53.7137,11.6995,8.8519,3697
2016-10-23 23:00:00,53.3,pretransfer,0.0,54.2285,0.0,60.986,60.986,53.8697,54.2285,11.7005,8.851,3698
2016-10-24 00:00:00,53.66,pretransfer,0.0,55.3863,0.0,58.873,58.873,54.2604,55.3863,11.7016,8.8557,3699
2016-10-24 01:00:00,53.4,pretransfer,0.0,58.4026,0.0,62.409,62.409,55.9467,58.4026,11.6986,8.8625,3700
2016-10-24 02:00:00,53.49,pretransfer,0.0,63.6653,0.0,58.6596,58.6596,59.0974,63.6653,11.6883,8.8723,3701
2016-10-24 03:00:00,53.39,pretransfer,0.0,66.5738,0.0,60.5823,60.5823,63.6525,66.5738,11.683,8.8793,3702
2016-10-24 04:00:00,56.75,pretransfer,0.0,69.2223,0.0,78.0865,78.0865,69.6249,69.2223,11.6626,8.8799,3703
2016-10-24 05:00:00,58.52,pretransfer,0.0,72.0069,0.0,87.9155,87.9155,76.5982,72.0069,11.6277,8.867,3704
2016-10-24 06:00:00,76.4,pretransfer,0.0,74.7703,0.0,80.332,80.332,84.0421,74.7703,11.581,8.8505,3705
2016-10-24 07:00:00,90.66,pretransfer,0.0,83.9698,0.0,85.5604,85.5604,94.3199,83.9698,11.5249,8.8786,3706
2016-10-24 08:00:00,97.19,pretransfer,0.0,104.7117,0.0,95.8521,95.8521,106.6867,104.7117,11.5014,8.8712,3707
2016-10-24 09:00:00,95.07,pretransfer,0.0,111.7569,0.0,124.2354,124.2354,113.578,111.7569,11.5522,8.9193,3708
2016-10-24 10:00:00,100.06,pretransfer,0.0,113.1605,0.0,139.3269,139.3269,115.4199,113.1605,11.5948,8.9521,3709
2016-10-24 11:00:00,94.26,pretransfer,0.0,113.8466,0.0,121.8767,121.8767,115.0322,113.8466,11.6733,9.0291,3710
2016-10-24 12:00:00,89.28,pretransfer,0.0,111.5553,0.0,109.1804,109.1804,113.859,111.5553,11.7148,9.0651,3711
2016-10-24 13:00:00,84.34,pretransfer,0.0,109.2932,0.0,104.5115,104.5115,110.0419,109.2932,11.7906,9.1457,3712
2016-10-24 14:00:00,86.12,pretransfer,0.0,104.8308,0.0,96.2253,96.2253,102.8714,104.8308,11.8796,9.2357,3713
2016-10-24 15:00:00,80.92,pretransfer,0.0,93.9755,0.0,95.7286,95.7286,91.7672,93.9755,11.933,9.3066,3714
2016-10-24 16:00:00,75.16,pretransfer,0.0,80.1107,0.0,77.3811,77.3811,81.2944,80.1107,11.9181,9.2555,3715
2016-10-24 17:00:00,70.71,pretransfer,0.0,70.0154,0.0,71.3935,71.3935,72.8448,70.0154,11.8807,9.1912,3716
2016-10-24 18:00:00,64.23,pretransfer,0.0,63.7855,0.0,54.7087,54.7087,67.2392,63.7855,11.7814,9.1115,3717
2016-10-24 19:00:00,60.33,pretransfer,0.0,60.3662,0.0,58.6446,58.6446,63.5385,60.3662,11.7215,9.0752,3718
2016-10-24 20:00:00,48.09,pretransfer,0.0,59.6211,0.0,82.0191,82.0191,62.8212,59.6211,11.7252,9.0899,3719
2016-10-24 21:00:00,46.75,pretransfer,0.0,57.8269,0.0,50.6039,50.6039,61.398,57.8269,11.7581,9.129,3720
2016-10-24 22:00:00,46.48,pretransfer,0.0,56.5638,0.0,51.9501,51.9501,59.8967,56.5638,11.8011,9.175,3721
2016-10-24 23:00:00,46.18,pretransfer,0.0,56.0483,0.0,65.9672,65.9672,59.556,56.0483,11.8279,9.2018,3722
2016-10-25 00:00:00,46.9,pretransfer,0.0,56.5288,0.0,49.0322,49.0322,60.4099,56.5288,11.8542,9.2271,3723
2016-10-25 01:00:00,45.85,pretransfer,0.0,57.1083,0.0,61.3036,61.3036,62.5655,57.1083,11.8744,9.2493,3724
2016-10-25 02:00:00,45.56,pretransfer,0.0,58.7897,0.0,59.6906,59.6906,66.1074,58.7897,11.8808,9.2662,3725
2016-10-25 03:00:00,45.52,pretransfer,0.0,60.6933,0.0,68.4828,68.4828,70.9788,60.6933,11.8871,9.2916,3726
2016-10-25 04:00:00,47.54,pretransfer,0.0,63.3893,0.0,42.1687,42.1687,77.6978,63.3893,11.9763,9.3614,3727
2016-10-25 05:00:00,53.23,pretransfer,0.0,67.7182,0.0,72.2162,72.2162,87.3846,67.7182,11.9726,9.398,3728
2016-10-25 06:00:00,66.45,pretransfer,0.0,70.4062,0.0,86.3876,86.3876,95.5942,70.4062,11.9518,9.3916,3729
2016-10-25 07:00:00,74.73,pretransfer,0.0,81.7932,0.0,95.6037,95.6037,105.8001,81.7932,11.9826,9.3809,3730
2016-10-25 08:00:00,91.09,pretransfer,0.0,102.1282,0.0,124.7382,124.7382,112.9006,102.1282,12.0274,9.4068,3731
2016-10-25 09:00:00,95.45,pretransfer,0.0,105.4288,0.0,118.4011,118.4011,115.3671,105.4288,12.0896,9.4326,3732
2016-10-25 10:00:00,100.78,pretransfer,0.0,110.2259,0.0,73.8172,73.8172,116.1444,110.2259,12.1778,9.4761,3733
2016-10-25 11:00:00,100.9,pretransfer,0.0,114.4641,0.0,129.1837,129.1837,116.2534,114.4641,12.2517,9.5552,3734
2016-10-25 12:00:00,97.29,pretransfer,0.0,113.1663,0.0,114.727,114.727,115.1448,113.1663,12.3411,9.6489,3735
2016-10-25 13:00:00,97.44,pretransfer,0.0,110.7838,0.0,111.5204,111.5204,112.6202,110.7838,12.4221,9.723,3736
2016-10-25 14:00:00,95.73,pretransfer,0.0,106.6974,0.0,114.1499,114.1499,107.2673,106.6974,12.458,9.7457,3737
2016-10-25 15:00:00,79.83,pretransfer,0.0,101.3106,0.0,107.9347,107.9347,100.3002,101.3106,12.5585,9.8477,3738
2016-10-25 16:00:00,72.84,pretransfer,0.0,88.7826,0.0,77.2197,77.2197,90.004,88.7826,12.6415,9.9252,3739
2016-10-25 17:00:00,69.72,pretransfer,0.0,70.8716,0.0,76.0848,76.0848,74.918,70.8716,12.6531,9.8945,3740
2016-10-25 18:00:00,71.32,pretransfer,0.0,60.9161,0.0,65.0322,65.0322,64.8158,60.9161,12.5476,9.7993,3741
2016-10-25 19:00:00,67.73,pretransfer,0.0,56.5491,0.0,60.9925,60.9925,60.0845,56.5491,12.476,9.7864,3742
2016-10-25 20:00:00,63.23,pretransfer,0.0,57.1107,0.0,60.7696,60.7696,59.8824,57.1107,12.4355,9.8113,3743
2016-10-25 21:00:00,62.28,pretransfer,0.0,56.4477,0.0,55.2925,55.2925,59.6333,56.4477,12.4227,9.8295,3744
2016-10-25 22:00:00,63.34,pretransfer,0.0,56.2049,0.0,48.5582,48.5582,59.7861,56.2049,12.4286,9.8493,3745
2016-10-25 23:00:00,60.24,pretransfer,0.0,56.5465,0.0,72.2382,72.2382,60.6075,56.5465,12.417,9.8499,3746
2016-10-26 00:00:00,62.31,pretransfer,0.0,57.8329,0.0,68.0415,68.0415,62.6233,57.8329,12.3988,9.8581,3747
2016-10-26 01:00:00,61.0,pretransfer,0.0,58.6891,0.0,53.6801,53.6801,64.4261,58.6891,12.3744,9.8675,3748
2016-10-26 02:00:00,61.57,pretransfer,0.0,60.2225,0.0,55.3581,55.3581,68.1043,60.2225,12.333,9.8602,3749
2016-10-26 03:00:00,61.28,pretransfer,0.0,61.9374,0.0,56.6763,56.6763,73.2504,61.9374,12.2753,9.8272,3750
2016-10-26 04:00:00,63.98,pretransfer,0.0,67.0577,0.0,65.1699,65.1699,81.5159,67.0577,12.3159,9.7792,3751
2016-10-26 05:00:00,70.63,pretransfer,0.0,72.3777,0.0,58.6939,58.6939,93.939,72.3777,12.2801,9.787,3752
2016-10-26 06:00:00,84.13,pretransfer,0.0,76.9147,0.0,70.7891,70.7891,104.2962,76.9147,12.2476,9.8268,3753
2016-10-26 07:00:00,89.99,pretransfer,0.0,88.1609,0.0,85.8179,85.8179,111.8793,88.1609,12.2614,9.7704,3754
2016-10-26 08:00:00,106.6,pretransfer,0.0,106.6444,0.0,136.0184,136.0184,115.8227,106.6444,12.2529,9.7257,3755
2016-10-26 09:00:00,113.52,pretransfer,0.0,112.1205,0.0,97.6731,97.6731,117.217,112.1205,12.2741,9.7168,3756
2016-10-26 10:00:00,129.2,pretransfer,0.0,114.9646,0.0,111.629,111.629,117.7637,114.9646,12.3099,9.7522,3757
2016-10-26 11:00:00,126.47,pretransfer,0.0,115.9755,0.0,147.2961,147.2961,118.1695,115.9755,12.3087,9.748,3758
2016-10-26 12:00:00,119.52,pretransfer,0.0,115.9269,0.0,124.1288,124.1288,118.3639,115.9269,12.2612,9.6994,3759
2016-10-26 13:00:00,113.28,pretransfer,0.0,115.7151,0.0,148.4843,148.4843,118.0289,115.7151,12.2411,9.6511,3760
2016-10-26 14:00:00,115.58,pretransfer,0.0,115.1,0.0,123.6576,123.6576,116.9703,115.1,12.1803,9.572,3761
2016-10-26 15:00:00,106.79,pretransfer,0.0,113.8063,0.0,133.7072,133.7072,114.6882,113.8063,12.2228,9.6106,3762
2016-10-26 16:00:00,102.39,pretransfer,0.0,110.8934,0.0,97.2174,97.2174,110.2535,110.8934,12.2363,9.6285,3763
2016-10-26 17:00:00,97.6,pretransfer,0.0,104.8709,0.0,111.5674,111.5674,102.2991,104.8709,12.2118,9.6082,3764
2016-10-26 18:00:00,87.62,pretransfer,0.0,92.5764,0.0,88.9942,88.9942,92.4932,92.5764,12.064,9.4707,3765
2016-10-26 19:00:00,77.45,pretransfer,0.0,76.639,0.0,74.07,74.07,82.3727,76.639,11.9812,9.4209,3766
2016-10-26 20:00:00,68.55,pretransfer,0.0,71.4275,0.0,80.5205,80.5205,76.3987,71.4275,11.9262,9.4042,3767
2016-10-26 21:00:00,65.02,pretransfer,0.0,64.4368,0.0,65.2605,65.2605,71.0104,64.4368,11.8965,9.4056,3768
2016-10-26 22:00:00,67.59,pretransfer,0.0,60.8351,0.0,58.9871,58.9871,67.8425,60.8351,11.8557,9.4397,3769
2016-10-26 23:00:00,66.84,pretransfer,0.0,60.1499,0.0,61.2428,61.2428,66.7582,60.1499,11.8234,9.4721,3770
2016-10-27 00:00:00,67.66,pretransfer,0.0,61.3871,0.0,60.2286,60.2286,68.2172,61.3871,11.7939,9.5054,3771
2016-10-27 01:00:00,66.12,pretransfer,0.0,63.0238,0.0,58.0389,58.0389,70.5541,63.0238,11.7834,9.5216,3772
2016-10-27 02:00:00,67.38,pretransfer,0.0,65.2213,0.0,69.8043,69.8043,75.0477,65.2213,11.7519,9.5031,3773
2016-10-27 03:00:00,65.62,pretransfer,0.0,68.2838,0.0,69.7581,69.7581,81.1,68.2838,11.7423,9.4798,3774
2016-10-27 04:00:00,68.11,pretransfer,0.0,73.5845,0.0,78.5897,78.5897,90.5862,73.5845,11.8742,9.4305,3775
2016-10-27 05:00:00,68.14,pretransfer,0.0,83.0061,0.0,88.7346,88.7346,101.617,83.0061,11.9549,9.5179,3776
2016-10-27 06:00:00,86.03,pretransfer,0.0,94.0983,0.0,91.798,91.798,109.0517,94.0983,11.934,9.5127,3777
2016-10-27 07:00:00,95.44,pretransfer,0.0,108.6976,0.0,99.7799,99.7799,113.9724,108.6976,11.8872,9.4522,3778
2016-10-27 08:00:00,104.26,pretransfer,0.0,114.8114,0.0,117.1406,117.1406,117.0815,114.8114,11.8757,9.4355,3779
2016-10-27 09:00:00,109.86,pretransfer,0.0,115.9917,0.0,106.8679,106.8679,118.4144,115.9917,11.8972,9.4562,3780
2016-10-27 10:00:00,109.08,pretransfer,0.0,115.876,0.0,112.1234,112.1234,118.6264,115.876,11.9411,9.468,3781
2016-10-27 11:00:00,109.94,pretransfer,0.0,115.9399,0.0,117.8091,117.8091,118.5384,115.9399,11.9485,9.4452,3782
2016-10-27 12:00:00,110.91,pretransfer,0.0,115.6126,0.0,123.7275,123.7275,117.8803,115.6126,11.9092,9.3783,3783
2016-10-27 13:00:00,117.06,pretransfer,0.0,115.1975,0.0,118.7365,118.7365,116.5911,115.1975,11.8415,9.3068,3784
2016-10-27 14:00:00,116.66,pretransfer,0.0,114.397,0.0,111.5458,111.5458,114.3976,114.397,11.7631,9.2196,3785
2016-10-27 15:00:00,112.5,pretransfer,0.0,114.0269,0.0,123.0072,123.0072,111.7419,114.0269,11.7014,9.1588,3786
2016-10-27 16:00:00,101.17,pretransfer,0.0,112.6755,0.0,109.5221,109.5221,107.4829,112.6755,11.6638,9.1566,3787
2016-10-27 17:00:00,96.7,pretransfer,0.0,107.441,0.0,114.9813,114.9813,101.4071,107.441,11.6804,9.1889,3788
2016-10-27 18:00:00,97.0,pretransfer,0.0,92.9756,0.0,75.4129,75.4129,91.5799,92.9756,11.53,8.993,3789
2016-10-27 19:00:00,95.14,pretransfer,0.0,75.9798,0.0,69.7092,69.7092,81.8515,75.9798,11.4598,8.9611,3790
2016-10-27 20:00:00,79.05,pretransfer,0.0,71.4781,0.0,69.591,69.591,78.0844,71.4781,11.3379,8.9436,3791
2016-10-27 21:00:00,61.28,pretransfer,0.0,67.341,0.0,71.6758,71.6758,75.4501,67.341,11.3411,8.9697,3792
2016-10-27 22:00:00,61.46,pretransfer,0.0,63.2475,0.0,71.2021,71.2021,71.3662,63.2475,11.3297,8.9668,3793
2016-10-27 23:00:00,61.45,pretransfer,0.0,60.3684,0.0,55.3756,55.3756,67.3669,60.3684,11.3084,8.962,3794
2016-10-28 00:00:00,61.83,pretransfer,0.0,59.9445,0.0,48.887,48.887,65.9131,59.9445,11.2761,8.9582,3795
2016-10-28 01:00:00,59.71,pretransfer,0.0,62.2724,0.0,47.6703,47.6703,66.4347,62.2724,11.2345,8.9276,3796
2016-10-28 02:00:00,60.72,pretransfer,0.0,63.8213,0.0,71.4888,71.4888,68.2429,63.8213,11.1808,8.8893,3797
2016-10-28 03:00:00,57.69,pretransfer,0.0,67.0823,0.0,51.1734,51.1734,72.0609,67.0823,11.1441,8.8747,3798
2016-10-28 04:00:00,61.44,pretransfer,0.0,68.7788,0.0,70.1517,70.1517,77.8762,68.7788,11.2302,8.8552,3799
2016-10-28 05:00:00,62.62,pretransfer,0.0,74.9493,0.0,49.7407,49.7407,86.5043,74.9493,11.2459,8.898,3800
2016-10-28 06:00:00,79.09,pretransfer,0.0,82.0727,0.0,87.615,87.615,95.0574,82.0727,11.1213,8.76,3801
2016-10-28 07:00:00,87.88,pretransfer,0.0,95.8187,0.0,88.3348,88.3348,103.5086,95.8187,10.9337,8.5232,3802
2016-10-28 08:00:00,99.5,pretransfer,0.0,109.3604,0.0,94.902,94.902,110.8559,109.3604,10.7413,8.326,3803
2016-10-28 09:00:00,105.78,pretransfer,0.0,113.7705,0.0,86.4255,86.4255,114.5373,113.7705,10.5571,8.1485,3804
2016-10-28 10:00:00,99.39,pretransfer,0.0,114.6816,0.0,122.7576,122.7576,115.7605,114.6816,10.5586,8.1551,3805
2016-10-28 11:00:00,97.25,pretransfer,0.0,115.4969,0.0,112.6122,112.6122,116.0338,115.4969,10.6244,8.2212,3806
2016-10-28 12:00:00,95.6,pretransfer,0.0,114.6585,0.0,134.2584,134.2584,114.5509,114.6585,10.7254,8.317,3807
2016-10-28 13:00:00,93.53,pretransfer,0.0,113.6842,0.0,139.6406,139.6406,111.4832,113.6842,10.8059,8.4194,3808
2016-10-28 14:00:00,87.57,pretransfer,0.0,112.5368,0.0,97.5853,97.5853,107.0416,112.5368,10.8855,8.5193,3809
2016-10-28 15:00:00,80.13,pretransfer,0.0,105.7522,0.0,97.9614,97.9614,99.9479,105.7522,10.9627,8.6034,3810
2016-10-28 16:00:00,76.23,pretransfer,0.0,93.7921,0.0,90.6486,90.6486,90.5464,93.7921,10.9935,8.5656,3811
2016-10-28 17:00:00,75.03,pretransfer,0.0,76.9847,0.0,90.5798,90.5798,80.8133,76.9847,10.9677,8.4579,3812
2016-10-28 18:00:00,69.56,pretransfer,0.0,66.2256,0.0,53.4773,53.4773,73.7054,66.2256,10.9236,8.4295,3813
2016-10-28 19:00:00,68.37,pretransfer,0.0,61.6504,0.0,47.6283,47.6283,69.448,61.6504,10.8799,8.4647,3814
2016-10-28 20:00:00,62.3,pretransfer,0.0,60.5676,0.0,68.1523,68.1523,67.6621,60.5676,10.9054,8.4236,3815
2016-10-28 21:00:00,60.19,pretransfer,0.0,59.2931,0.0,51.3085,51.3085,66.3857,59.2931,10.8799,8.4054,3816
2016-10-28 22:00:00,58.77,pretransfer,0.0,58.5709,0.0,53.6071,53.6071,64.9411,58.5709,10.8509,8.3746,3817
2016-10-28 23:00:00,57.74,pretransfer,0.0,59.2565,0.0,57.7766,57.7766,64.543,59.2565,10.8141,8.3374,3818
2016-10-29 00:00:00,58.92,pretransfer,0.0,59.7401,0.0,58.6474,58.6474,65.1412,59.7401,10.7801,8.3019,3819
2016-10-29 01:00:00,57.74,pretransfer,0.0,61.3991,0.0,68.9271,68.9271,64.7776,61.3991,10.7485,8.2708,3820
2016-10-29 02:00:00,57.39,pretransfer,0.0,62.813,0.0,76.941,76.941,64.6791,62.813,10.7093,8.2333,3821
2016-10-29 03:00:00,57.27,pretransfer,0.0,64.195,0.0,75.0663,75.0663,65.127,64.195,10.6697,8.2011,3822
2016-10-29 04:00:00,57.9,pretransfer,0.0,65.8298,0.0,66.3495,66.3495,66.0665,65.8298,10.6423,8.1856,3823
2016-10-29 05:00:00,59.23,pretransfer,0.0,67.4146,0.0,58.5381,58.5381,67.3739,67.4146,10.5965,8.1524,3824
2016-10-29 06:00:00,58.11,pretransfer,0.0,69.1326,0.0,74.0448,74.0448,68.8982,69.1326,10.555,8.1348,3825
2016-10-29 07:00:00,55.11,pretransfer,0.0,71.2826,0.0,72.6358,72.6358,70.713,71.2826,10.5129,8.1091,3826
2016-10-29 08:00:00,52.09,pretransfer,0.0,70.6958,0.0,79.2731,79.2731,71.2446,70.6958,10.4502,8.0584,3827
2016-10-29 09:00:00,52.1,pretransfer,0.0,67.699,0.0,69.1087,69.1087,68.7075,67.699,10.389,8.0066,3828
2016-10-29 10:00:00,52.46,pretransfer,0.0,66.7995,0.0,71.7468,71.7468,66.36,66.7995,10.3266,7.9536,3829
2016-10-29 11:00:00,53.8,pretransfer,0.0,66.0872,0.0,57.321,57.321,64.5185,66.0872,10.2931,7.9305,3830
2016-10-29 12:00:00,53.71,pretransfer,0.0,65.6407,0.0,66.9321,66.9321,63.1018,65.6407,10.2756,7.9293,3831
2016-10-29 13:00:00,53.13,pretransfer,0.0,64.9332,0.0,52.8608,52.8608,61.9459,64.9332,10.2633,7.9341,3832
2016-10-29 14:00:00,53.69,pretransfer,0.0,63.3949,0.0,74.0988,74.0988,60.596,63.3949,10.2415,7.9293,3833
2016-10-29 15:00:00,55.1,pretransfer,0.0,61.3207,0.0,58.8683,58.8683,59.2803,61.3207,10.2019,7.9045,3834
2016-10-29 16:00:00,54.72,pretransfer,0.0,59.3258,0.0,66.7366,66.7366,58.1206,59.3258,10.1594,7.8734,3835
2016-10-29 17:00:00,54.02,pretransfer,0.0,57.529,0.0,40.6729,40.6729,57.1591,57.529,10.1262,7.8492,3836
2016-10-29 18:00:00,56.62,pretransfer,0.0,55.8889,0.0,50.8894,50.8894,56.1692,55.8889,10.0974,7.8333,3837
2016-10-29 19:00:00,58.49,pretransfer,0.0,54.4886,0.0,55.7345,55.7345,55.166,54.4886,10.1109,7.8478,3838
2016-10-29 20:00:00,58.26,pretransfer,0.0,54.6102,0.0,61.6433,61.6433,55.2435,54.6102,10.1157,7.866,3839
2016-10-29 21:00:00,58.03,pretransfer,0.0,54.476,0.0,50.1921,50.1921,55.0017,54.476,10.1209,7.8844,3840
2016-10-29 22:00:00,57.51,pretransfer,0.0,54.6783,0.0,52.9964,52.9964,54.9122,54.6783,10.1216,7.9011,3841
2016-10-29 23:00:00,58.75,pretransfer,0.0,55.5935,0.0,45.6502,45.6502,54.9914,55.5935,10.1258,7.9146,3842
2016-10-30 00:00:00,57.64,pretransfer,0.0,57.0534,0.0,69.8235,69.8235,55.2734,57.0534,10.1275,7.9172,3843
2016-10-30 01:00:00,57.72,pretransfer,0.0,59.8036,0.0,76.4388,76.4388,55.9806,59.8036,10.1126,7.9116,3844
2016-10-30 02:00:00,57.37,pretransfer,0.0,61.7061,0.0,56.5278,56.5278,57.0267,61.7061,10.0844,7.9079,3845
2016-10-30 03:00:00,57.35,pretransfer,0.0,63.6091,0.0,64.8935,64.8935,58.27,63.6091,10.0527,7.9042,3846
2016-10-30 04:00:00,61.26,pretransfer,0.0,65.0135,0.0,69.7386,69.7386,59.826,65.0135,10.0335,7.8901,3847
2016-10-30 05:00:00,59.73,pretransfer,0.0,66.8757,0.0,64.5896,64.5896,61.6264,66.8757,10.0109,7.8915,3848
2016-10-30 06:00:00,58.94,pretransfer,0.0,68.1889,0.0,69.8366,69.8366,63.6725,68.1889,9.9985,7.9003,3849
2016-10-30 07:00:00,55.61,pretransfer,0.0,69.1838,0.0,85.0101,85.0101,65.4899,69.1838,9.9806,7.9017,3850
2016-10-30 08:00:00,51.76,pretransfer,0.0,68.9894,0.0,63.1357,63.1357,66.5462,68.9894,9.9736,7.9054,3851
2016-10-30 09:00:00,51.62,pretransfer,0.0,66.4588,0.0,64.173,64.173,64.7407,66.4588,9.9734,7.9184,3852
2016-10-30 10:00:00,53.43,pretransfer,0.0,65.2469,0.0,63.4393,63.4393,62.9761,65.2469,9.9662,7.9264,3853
2016-10-30 11:00:00,54.55,pretransfer,0.0,64.5167,0.0,62.738,62.738,61.6809,64.5167,9.9486,7.9195,3854
2016-10-30 12:00:00,55.7,pretransfer,0.0,63.8736,0.0,74.7464,74.7464,60.7253,63.8736,9.9264,7.9087,3855
2016-10-30 13:00:00,56.38,pretransfer,0.0,62.7745,0.0,83.0538,83.0538,59.9179,62.7745,9.8955,7.886,3856
2016-10-30 14:00:00,57.0,pretransfer,0.0,61.4974,0.0,65.3425,65.3425,59.1365,61.4974,9.8628,7.8595,3857
2016-10-30 15:00:00,60.84,pretransfer,0.0,60.0175,0.0,54.9949,54.9949,58.2929,60.0175,9.8358,7.8171,3858
2016-10-30 16:00:00,62.06,pretransfer,0.0,58.5862,0.0,60.1098,60.1098,57.57,58.5862,9.8223,7.7957,3859
2016-10-30 17:00:00,60.27,pretransfer,0.0,57.5375,0.0,46.4114,46.4114,56.7587,57.5375,9.8103,7.7803,3860
2016-10-30 18:00:00,60.82,pretransfer,0.0,56.3952,0.0,52.2802,52.2802,56.1398,56.3952,9.8223,7.7943,3861
2016-10-30 19:00:00,61.89,pretransfer,0.0,55.5661,0.0,59.2763,59.2763,55.3017,55.5661,9.8536,7.8197,3862
2016-10-30 20:00:00,75.96,pretransfer,0.0,56.1919,0.0,59.7672,59.7672,55.4269,56.1919,9.9747,7.936,3863
2016-10-30 21:00:00,67.74,pretransfer,0.0,56.2124,0.0,43.14,43.14,55.5413,56.2124,10.0463,8.0037,3864
2016-10-30 22:00:00,72.43,pretransfer,0.0,57.4753,0.0,62.0227,62.0227,56.277,57.4753,10.1414,8.0913,3865
2016-10-30 23:00:00,83.14,pretransfer,0.0,58.7198,0.0,57.1795,57.1795,56.7514,58.7198,10.2951,8.2312,3866
2016-10-31 00:00:00,89.92,pretransfer,0.0,60.0246,0.0,54.8439,54.8439,57.6589,60.0246,10.4836,8.3988,3867
2016-10-31 01:00:00,85.02,pretransfer,0.0,66.9929,0.0,71.9516,71.9516,61.1967,66.9929,10.6102,8.4764,3868
2016-10-31 02:00:00,84.4,pretransfer,0.0,79.7641,0.0,85.2991,85.2991,67.8459,79.7641,10.6754,8.4434,3869
2016-10-31 03:00:00,68.36,pretransfer,0.0,87.4053,0.0,75.6933,75.6933,75.8199,87.4053,10.6587,8.4783,3870
2016-10-31 04:00:00,68.89,pretransfer,0.0,94.4454,0.0,77.4511,77.4511,85.0388,94.4454,10.6782,8.5562,3871
2016-10-31 05:00:00,68.77,pretransfer,0.0,96.104,0.0,97.573,97.573,91.7675,96.104,10.7075,8.6386,3872
2016-10-31 06:00:00,84.24,pretransfer,0.0,95.7271,0.0,68.7692,68.7692,98.3175,95.7271,10.7458,8.6973,3873
2016-10-31 07:00:00,91.61,pretransfer,0.0,108.7411,0.0,122.136,122.136,106.1344,108.7411,10.8104,8.7594,3874
2016-10-31 08:00:00,103.1,pretransfer,0.0,114.6103,0.0,146.3613,146.3613,113.2249,114.6103,10.8142,8.7832,3875
2016-10-31 09:00:00,123.83,pretransfer,0.0,115.7847,0.0,105.7573,105.7573,116.5432,115.7847,10.7474,8.7317,3876
2016-10-31 10:00:00,130.61,pretransfer,0.0,116.0777,0.0,119.1122,119.1122,117.9976,116.0777,10.731,8.7402,3877
2016-10-31 11:00:00,130.22,pretransfer,0.0,116.3279,0.0,135.5171,135.5171,118.8293,116.3279,10.6752,8.7063,3878
2016-10-31 12:00:00,125.49,pretransfer,0.0,116.3268,0.0,119.8835,119.8835,119.0252,116.3268,10.5674,8.6283,3879
2016-10-31 13:00:00,119.44,pretransfer,0.0,116.1637,0.0,111.9118,111.9118,118.7884,116.1637,10.4183,8.4993,3880
2016-10-31 14:00:00,103.86,pretransfer,0.0,115.9881,0.0,88.6835,88.6835,118.1275,115.9881,10.4035,8.4601,3881
2016-10-31 15:00:00,114.2,pretransfer,0.0,115.6428,0.0,112.0397,112.0397,116.8426,115.6428,10.3546,8.391,3882
2016-10-31 16:00:00,101.83,pretransfer,0.0,113.4489,0.0,120.577,120.577,112.6993,113.4489,10.3828,8.4306,3883
2016-10-31 17:00:00,96.18,pretransfer,0.0,110.9945,0.0,124.4356,124.4356,107.0055,110.9945,10.4345,8.5147,3884
2016-10-31 18:00:00,79.34,pretransfer,0.0,106.4414,0.0,91.8555,91.8555,97.5658,106.4414,10.5251,8.6734,3885
2016-10-31 19:00:00,79.63,pretransfer,0.0,90.5306,0.0,102.4837,102.4837,86.4474,90.5306,10.5466,8.738,3886
2016-10-31 20:00:00,73.95,pretransfer,0.0,81.6826,0.0,91.7436,91.7436,79.3769,81.6826,10.4912,8.7154,3887
2016-10-31 21:00:00,69.91,pretransfer,0.0,73.768,0.0,94.328,94.328,75.3869,73.768,10.4366,8.6725,3888
2016-10-31 22:00:00,68.3,pretransfer,0.0,70.4129,0.0,86.2609,86.2609,72.7781,70.4129,10.3834,8.625,3889
2016-10-31 23:00:00,71.24,pretransfer,0.0,69.4155,0.0,67.6183,67.6183,71.5638,69.4155,10.3057,8.5771,3890
2016-11-01 00:00:00,68.61,pretransfer,0.0,69.9595,0.0,74.67,74.67,71.9753,69.9595,10.2454,8.5278,3891
2016-11-01 01:00:00,70.01,pretransfer,0.0,70.3736,0.0,79.1928,79.1928,75.0452,70.3736,10.1758,8.463,3892
2016-11-01 02:00:00,69.47,pretransfer,0.0,71.5807,0.0,83.7977,83.7977,78.6962,71.5807,10.1084,8.3968,3893
2016-11-01 03:00:00,69.0,pretransfer,0.0,74.0149,0.0,83.0957,83.0957,84.3311,74.0149,10.0482,8.3363,3894
2016-11-01 04:00:00,71.02,pretransfer,0.0,77.3305,0.0,86.7141,86.7141,91.1781,77.3305,9.9886,8.2796,3895
2016-11-01 05:00:00,72.23,pretransfer,0.0,86.6275,0.0,88.0819,88.0819,100.6855,86.6275,9.9547,8.279,3896
2016-11-01 06:00:00,84.99,pretransfer,0.0,95.8807,0.0,88.2077,88.2077,108.6767,95.8807,9.9222,8.3203,3897
2016-11-01 07:00:00,99.98,pretransfer,0.0,110.0745,0.0,101.2171,101.2171,114.6738,110.0745,9.8247,8.3384,3898
2016-11-01 08:00:00,111.56,pretransfer,0.0,115.3055,0.0,93.9598,93.9598,117.7467,115.3055,9.7317,8.2949,3899
2016-11-01 09:00:00,113.95,pretransfer,0.0,116.2906,0.0,119.028,119.028,119.1061,116.2906,9.6439,8.2495,3900
2016-11-01 10:00:00,114.38,pretransfer,0.0,116.4261,0.0,101.3992,101.3992,119.5279,116.4261,9.5831,8.2054,3901
2016-11-01 11:00:00,108.94,pretransfer,0.0,116.4045,0.0,124.6289,124.6289,119.5985,116.4045,9.5551,8.1691,3902
2016-11-01 12:00:00,108.76,pretransfer,0.0,116.2507,0.0,112.9539,112.9539,119.4001,116.2507,9.5122,8.1192,3903
2016-11-01 13:00:00,102.09,pretransfer,0.0,115.971,0.0,105.9064,105.9064,118.7834,115.971,9.5212,8.1224,3904
2016-11-01 14:00:00,106.36,pretransfer,0.0,115.5838,0.0,100.9801,100.9801,117.5584,115.5838,9.5192,8.112,3905
2016-11-01 15:00:00,102.33,pretransfer,0.0,114.5856,0.0,122.8972,122.8972,114.7741,114.5856,9.4714,8.0571,3906
2016-11-01 16:00:00,92.69,pretransfer,0.0,113.0679,0.0,116.0076,116.0076,110.6788,113.0679,9.4763,8.0835,3907
2016-11-01 17:00:00,87.94,pretransfer,0.0,109.6159,0.0,101.0296,101.0296,103.4381,109.6159,9.5376,8.2057,3908
2016-11-01 18:00:00,82.81,pretransfer,0.0,98.9427,0.0,106.4712,106.4712,92.0119,98.9427,9.5537,8.2398,3909
2016-11-01 19:00:00,77.9,pretransfer,0.0,81.5897,0.0,83.8319,83.8319,80.4244,81.5897,9.5232,8.1952,3910
2016-11-01 20:00:00,73.81,pretransfer,0.0,74.7894,0.0,83.8418,83.8418,74.7147,74.7894,9.5087,8.1646,3911
2016-11-01 21:00:00,69.59,pretransfer,0.0,69.0105,0.0,70.6483,70.6483,70.6759,69.0105,9.4994,8.1333,3912
2016-11-01 22:00:00,67.32,pretransfer,0.0,66.2705,0.0,67.3784,67.3784,67.8953,66.2705,9.4816,8.0971,3913
2016-11-01 23:00:00,69.03,pretransfer,0.0,65.3373,0.0,76.5985,76.5985,66.3643,65.3373,9.4953,8.0971,3914
2016-11-02 00:00:00,69.3,pretransfer,0.0,65.54,0.0,66.3402,66.3402,66.0981,65.54,9.5125,8.0928,3915
2016-11-02 01:00:00,70.55,pretransfer,0.0,65.5066,0.0,59.9848,59.9848,66.9116,65.5066,9.5138,8.1091,3916
2016-11-02 02:00:00,71.63,pretransfer,0.0,67.6585,0.0,58.5448,58.5448,69.3921,67.6585,9.4882,8.1247,3917
2016-11-02 03:00:00,68.97,pretransfer,0.0,70.3391,0.0,68.2036,68.2036,73.5596,70.3391,9.4443,8.129,3918
2016-11-02 04:00:00,74.72,pretransfer,0.0,73.902,0.0,68.7688,68.7688,79.8419,73.902,9.3704,8.1155,3919
2016-11-02 05:00:00,70.74,pretransfer,0.0,83.2442,0.0,93.3849,93.3849,88.822,83.2442,9.3393,8.1795,3920
2016-11-02 06:00:00,86.71,pretransfer,0.0,96.8268,0.0,79.0987,79.0987,99.2157,96.8268,9.2937,8.1968,3921
2016-11-02 07:00:00,98.65,pretransfer,0.0,111.4638,0.0,136.7133,136.7133,108.3053,111.4638,9.2208,8.2622,3922
2016-11-02 08:00:00,104.69,pretransfer,0.0,115.6378,0.0,111.0406,111.0406,114.5734,115.6378,9.2248,8.3271,3923
2016-11-02 09:00:00,124.36,pretransfer,0.0,116.1806,0.0,82.8631,82.8631,117.414,116.1806,9.2441,8.3674,3924
2016-11-02 10:00:00,130.97,pretransfer,0.0,116.1583,0.0,101.8233,101.8233,118.3208,116.1583,9.2513,8.3709,3925
2016-11-02 11:00:00,134.68,pretransfer,0.0,116.3561,0.0,124.5354,124.5354,118.871,116.3561,9.296,8.4175,3926
2016-11-02 12:00:00,130.52,pretransfer,0.0,116.3971,0.0,130.1087,130.1087,119.0361,116.3971,9.3575,8.4802,3927
2016-11-02 13:00:00,134.8,pretransfer,0.0,116.3431,0.0,142.9056,142.9056,118.978,116.3431,9.4234,8.5755,3928
2016-11-02 14:00:00,132.88,pretransfer,0.0,116.2206,0.0,113.6405,113.6405,118.6052,116.2206,9.5001,8.6718,3929
2016-11-02 15:00:00,125.65,pretransfer,0.0,116.1895,0.0,101.4209,101.4209,118.1048,116.1895,9.498,8.6864,3930
2016-11-02 16:00:00,112.81,pretransfer,0.0,115.8709,0.0,125.5556,125.5556,117.029,115.8709,9.4763,8.654,3931
2016-11-02 17:00:00,102.23,pretransfer,0.0,115.0649,0.0,104.9922,104.9922,114.5528,115.0649,9.5217,8.6871,3932
2016-11-02 18:00:00,84.86,pretransfer,0.0,112.7118,0.0,102.6042,102.6042,108.9806,112.7118,9.6363,8.8234,3933
2016-11-02 19:00:00,87.12,pretransfer,0.0,102.6903,0.0,115.3408,115.3408,98.1012,102.6903,9.6723,8.9112,3934
2016-11-02 20:00:00,66.48,pretransfer,0.0,88.5546,0.0,76.0902,76.0902,86.5048,88.5546,9.7448,9.0255,3935
2016-11-02 21:00:00,62.49,pretransfer,0.0,74.7372,0.0,64.7654,64.7654,79.7012,74.7372,9.8116,9.0949,3936
2016-11-02 22:00:00,62.44,pretransfer,0.0,65.2179,0.0,56.5505,56.5505,71.7765,65.2179,9.8657,9.0713,3937
2016-11-02 23:00:00,61.95,pretransfer,0.0,61.8155,0.0,63.3396,63.3396,67.5843,61.8155,9.8987,9.0322,3938
2016-11-03 00:00:00,62.55,pretransfer,0.0,61.8576,0.0,62.8865,62.8865,66.4384,61.8576,9.9185,8.999,3939
2016-11-03 01:00:00,60.47,pretransfer,0.0,63.3151,0.0,51.76,51.76,66.6008,63.3151,9.9286,8.9975,3940
2016-11-03 02:00:00,60.65,pretransfer,0.0,65.1021,0.0,76.5399,76.5399,68.552,65.1021,9.93,9.0112,3941
2016-11-03 03:00:00,60.59,pretransfer,0.0,67.889,0.0,76.4491,76.4491,72.3224,67.889,9.9077,9.0388,3942
2016-11-03 04:00:00,63.24,pretransfer,0.0,71.3012,0.0,73.0781,73.0781,78.203,71.3012,9.863,9.0542,3943
2016-11-03 05:00:00,65.89,pretransfer,0.0,82.9516,0.0,88.6367,88.6367,88.6988,82.9516,9.7995,9.0672,3944
2016-11-03 06:00:00,77.75,pretransfer,0.0,95.3641,0.0,101.9781,101.9781,99.437,95.3641,9.7916,9.1241,3945
2016-11-03 07:00:00,92.65,pretransfer,0.0,112.1637,0.0,114.7528,114.7528,109.8841,112.1637,9.7838,9.1613,3946
2016-11-03 08:00:00,104.3,pretransfer,0.0,115.8669,0.0,117.7524,117.7524,115.7922,115.8669,9.7759,9.1673,3947
2016-11-03 09:00:00,110.5,pretransfer,0.0,116.2706,0.0,105.7149,105.7149,118.1206,116.2706,9.7704,9.1652,3948
2016-11-03 10:00:00,108.31,pretransfer,0.0,116.3224,0.0,124.2927,124.2927,118.8719,116.3224,9.7764,9.1724,3949
2016-11-03 11:00:00,127.88,pretransfer,0.0,116.2441,0.0,106.6429,106.6429,119.0346,116.2441,9.7779,9.206,3950
2016-11-03 12:00:00,119.22,pretransfer,0.0,116.1737,0.0,136.6852,136.6852,118.847,116.1737,9.7386,9.1961,3951
2016-11-03 13:00:00,102.89,pretransfer,0.0,116.2564,0.0,111.6466,111.6466,118.7315,116.2564,9.8301,9.2646,3952
2016-11-03 14:00:00,113.63,pretransfer,0.0,116.19,0.0,113.2865,113.2865,118.1147,116.19,9.8433,9.2664,3953
2016-11-03 15:00:00,98.76,pretransfer,0.0,115.0051,0.0,105.7603,105.7603,116.0842,115.0051,9.9419,9.354,3954
2016-11-03 16:00:00,98.01,pretransfer,0.0,113.3542,0.0,121.2606,121.2606,112.6942,113.3542,9.9918,9.3768,3955
2016-11-03 17:00:00,90.8,pretransfer,0.0,110.3292,0.0,112.8266,112.8266,104.7095,110.3292,10.0465,9.4291,3956
2016-11-03 18:00:00,86.5,pretransfer,0.0,99.7899,0.0,101.3568,101.3568,93.8693,99.7899,10.0581,9.4843,3957
2016-11-03 19:00:00,74.79,pretransfer,0.0,80.6684,0.0,94.8326,94.8326,82.0669,80.6684,10.0224,9.4052,3958
2016-11-03 20:00:00,66.88,pretransfer,0.0,72.5428,0.0,70.4637,70.4637,76.46,72.5428,10.0736,9.3939,3959
2016-11-03 21:00:00,62.86,pretransfer,0.0,64.1345,0.0,75.1806,75.1806,70.4148,64.1345,10.0343,9.3654,3960
2016-11-03 22:00:00,62.97,pretransfer,0.0,60.5677,0.0,61.5202,61.5202,66.3185,60.5677,9.9952,9.369,3961
2016-11-03 23:00:00,61.62,pretransfer,0.0,59.7806,0.0,45.3833,45.3833,64.442,59.7806,9.9768,9.3735,3962
2016-11-04 00:00:00,62.33,pretransfer,0.0,60.5947,0.0,58.8936,58.8936,64.3257,60.5947,9.9644,9.3726,3963
2016-11-04 01:00:00,61.33,pretransfer,0.0,62.9064,0.0,67.2229,67.2229,65.1733,62.9064,9.9472,9.3668,3964
2016-11-04 02:00:00,61.37,pretransfer,0.0,64.4681,0.0,62.2904,62.2904,67.2614,64.4681,9.9375,9.3668,3965
2016-11-04 03:00:00,61.69,pretransfer,0.0,66.8324,0.0,71.802,71.802,70.8516,66.8324,9.9065,9.3415,3966
2016-11-04 04:00:00,63.78,pretransfer,0.0,70.1566,0.0,78.464,78.464,76.2715,70.1566,9.883,9.3357,3967
2016-11-04 05:00:00,64.41,pretransfer,0.0,78.1451,0.0,59.9795,59.9795,85.3224,78.1451,9.8653,9.3441,3968
2016-11-04 06:00:00,66.66,pretransfer,0.0,85.8754,0.0,78.6932,78.6932,94.4395,85.8754,9.9356,9.4407,3969
2016-11-04 07:00:00,70.43,pretransfer,0.0,103.6174,0.0,121.116,121.116,103.9052,103.6174,10.0419,9.591,3970
2016-11-04 08:00:00,81.76,pretransfer,0.0,111.9791,0.0,126.5138,126.5138,110.0124,111.9791,10.1425,9.7122,3971
2016-11-04 09:00:00,85.95,pretransfer,0.0,113.6849,0.0,92.8462,92.8462,112.3224,113.6849,10.2473,9.8297,3972
2016-11-04 10:00:00,86.36,pretransfer,0.0,114.3749,0.0,81.6093,81.6093,112.8199,114.3749,10.3074,9.9055,3973
2016-11-04 11:00:00,86.87,pretransfer,0.0,114.9215,0.0,123.0635,123.0635,112.3435,114.9215,10.3472,9.9638,3974
2016-11-04 12:00:00,87.07,pretransfer,0.0,114.5778,0.0,94.0705,94.0705,110.62,114.5778,10.3746,10.0141,3975
2016-11-04 13:00:00,86.56,pretransfer,0.0,112.9543,0.0,103.134,103.134,106.7549,112.9543,10.3879,10.0513,3976
2016-11-04 14:00:00,84.5,pretransfer,0.0,110.0978,0.0,117.2533,117.2533,101.2244,110.0978,10.3715,10.055,3977
2016-11-04 15:00:00,82.74,pretransfer,0.0,103.3602,0.0,111.7914,111.7914,93.9099,103.3602,10.3201,10.0252,3978
2016-11-04 16:00:00,79.89,pretransfer,0.0,89.7597,0.0,105.4844,105.4844,85.9549,89.7597,10.271,9.9794,3979
2016-11-04 17:00:00,67.84,pretransfer,0.0,77.8462,0.0,67.6792,67.6792,79.3282,77.8462,10.3049,10.0274,3980
2016-11-04 18:00:00,64.64,pretransfer,0.0,70.0013,0.0,71.4177,71.4177,73.95,70.0013,10.3357,10.0394,3981
2016-11-04 19:00:00,60.88,pretransfer,0.0,64.3589,0.0,56.2783,56.2783,68.7245,64.3589,10.3759,10.0202,3982
2016-11-04 20:00:00,62.4,pretransfer,0.0,61.9917,0.0,65.9632,65.9632,66.1772,61.9917,10.3665,10.0123,3983
2016-11-04 21:00:00,58.4,pretransfer,0.0,60.0272,0.0,67.1509,67.1509,64.4645,60.0272,10.3657,10.0166,3984
2016-11-04 22:00:00,59.54,pretransfer,0.0,59.0033,0.0,56.6436,56.6436,63.2212,59.0033,10.3509,10.0186,3985
2016-11-04 23:00:00,58.28,pretransfer,0.0,58.9984,0.0,59.7484,59.7484,62.8732,58.9984,10.3377,10.0139,3986
2016-11-05 00:00:00,57.68,pretransfer,0.0,59.7528,0.0,45.9271,45.9271,63.2377,59.7528,10.3338,10.0213,3987
2016-11-05 01:00:00,56.96,pretransfer,0.0,61.1969,0.0,61.9399,61.9399,62.9406,61.1969,10.3275,10.0248,3988
2016-11-05 02:00:00,56.33,pretransfer,0.0,62.7071,0.0,76.7145,76.7145,62.6886,62.7071,10.322,10.0305,3989
2016-11-05 03:00:00,56.65,pretransfer,0.0,63.9249,0.0,71.6743,71.6743,63.0047,63.9249,10.313,10.0325,3990
2016-11-05 04:00:00,56.3,pretransfer,0.0,65.7466,0.0,56.9939,56.9939,63.7231,65.7466,10.3086,10.0416,3991
2016-11-05 05:00:00,57.37,pretransfer,0.0,67.9218,0.0,69.4061,69.4061,64.8885,67.9218,10.3049,10.0557,3992
2016-11-05 06:00:00,57.54,pretransfer,0.0,69.1766,0.0,81.5017,81.5017,66.0962,69.1766,10.2916,10.0593,3993
2016-11-05 07:00:00,54.37,pretransfer,0.0,69.8138,0.0,71.2616,71.2616,67.2417,69.8138,10.2753,10.055,3994
2016-11-05 08:00:00,51.21,pretransfer,0.0,69.5985,0.0,77.5965,77.5965,67.5472,69.5985,10.2586,10.0537,3995
2016-11-05 09:00:00,49.68,pretransfer,0.0,66.5268,0.0,57.6396,57.6396,65.0359,66.5268,10.2511,10.0611,3996
2016-11-05 10:00:00,51.2,pretransfer,0.0,65.2086,0.0,70.0647,70.0647,62.7825,65.2086,10.2373,10.0591,3997
2016-11-05 11:00:00,50.81,pretransfer,0.0,64.7122,0.0,59.5762,59.5762,61.0586,64.7122,10.2345,10.0687,3998
2016-11-05 12:00:00,51.83,pretransfer,0.0,64.4482,0.0,52.4852,52.4852,59.6208,64.4482,10.225,10.0728,3999
2016-11-05 13:00:00,51.36,pretransfer,0.0,63.3763,0.0,61.7309,61.7309,58.3792,63.3763,10.2143,10.0741,4000
2016-11-05 14:00:00,51.22,pretransfer,0.0,62.0755,0.0,63.1104,63.1104,57.2849,62.0755,10.2093,10.081,4001
2016-11-05 15:00:00,51.28,pretransfer,0.0,60.5592,0.0,51.7887,51.7887,56.1998,60.5592,10.2137,10.0992,4002
2016-11-05 16:00:00,51.16,pretransfer,0.0,58.533,0.0,56.4762,56.4762,55.2331,58.533,10.2177,10.1156,4003
2016-11-05 17:00:00,50.55,pretransfer,0.0,56.4327,0.0,63.8699,63.8699,54.2442,56.4327,10.221,10.1298,4004
2016-11-05 18:00:00,55.79,pretransfer,0.0,54.4656,0.0,60.8543,60.8543,53.3489,54.4656,10.2328,10.1333,4005
2016-11-05 19:00:00,56.86,pretransfer,0.0,53.1568,0.0,54.5067,54.5067,52.4971,53.1568,10.239,10.1315,4006
2016-11-05 20:00:00,56.84,pretransfer,0.0,53.3414,0.0,51.7133,51.7133,52.5598,53.3414,10.2465,10.1306,4007
2016-11-05 21:00:00,56.38,pretransfer,0.0,53.4398,0.0,52.3609,52.3609,52.6776,53.4398,10.2506,10.127,4008
2016-11-05 22:00:00,56.56,pretransfer,0.0,53.7183,0.0,47.0534,47.0534,52.8369,53.7183,10.2573,10.127,4009
2016-11-05 23:00:00,56.21,pretransfer,0.0,54.3646,0.0,55.524,55.524,52.9313,54.3646,10.2544,10.1192,4010
2016-11-06 00:00:00,56.6,pretransfer,0.0,55.1685,0.0,58.6246,58.6246,53.2969,55.1685,10.26,10.1242,4011
2016-11-06 01:00:00,56.99,pretransfer,0.0,59.2849,0.0,63.1781,63.1781,51.4,59.2849,10.2829,10.1255,4012
2016-11-06 02:00:00,55.79,pretransfer,0.0,60.1542,0.0,64.5756,64.5756,50.9285,60.1542,10.3098,10.1257,4013
2016-11-06 03:00:00,55.87,pretransfer,0.0,61.1423,0.0,65.3736,65.3736,51.0733,61.1423,10.3329,10.1198,4014
2016-11-06 04:00:00,56.17,pretransfer,0.0,63.8242,0.0,61.6701,61.6701,52.0603,63.8242,10.3488,10.143,4015
2016-11-06 05:00:00,56.82,pretransfer,0.0,64.6921,0.0,68.9782,68.9782,53.8705,64.6921,10.3551,10.1473,4016
2016-11-06 06:00:00,57.35,pretransfer,0.0,66.6899,0.0,67.9059,67.9059,55.8117,66.6899,10.336,10.1479,4017
2016-11-06 07:00:00,54.76,pretransfer,0.0,66.5783,0.0,71.3419,71.3419,57.7009,66.5783,10.2947,10.1374,4018
2016-11-06 08:00:00,50.03,pretransfer,0.0,66.8106,0.0,71.7853,71.7853,59.3599,66.8106,10.2623,10.1348,4019
2016-11-06 09:00:00,50.77,pretransfer,0.0,63.7927,0.0,68.3229,68.3229,58.9458,63.7927,10.2328,10.124,4020
2016-11-06 10:00:00,50.89,pretransfer,0.0,63.4225,0.0,58.2975,58.2975,58.3083,63.4225,10.2202,10.1282,4021
2016-11-06 11:00:00,50.43,pretransfer,0.0,62.7431,0.0,57.0679,57.0679,57.8032,62.7431,10.2216,10.1422,4022
2016-11-06 12:00:00,50.68,pretransfer,0.0,62.0141,0.0,65.9004,65.9004,57.592,62.0141,10.2328,10.161,4023
2016-11-06 13:00:00,50.05,pretransfer,0.0,61.194,0.0,65.8932,65.8932,57.3504,61.194,10.2552,10.1893,4024
2016-11-06 14:00:00,50.55,pretransfer,0.0,60.0053,0.0,61.3966,61.3966,56.937,60.0053,10.2805,10.2188,4025
2016-11-06 15:00:00,50.71,pretransfer,0.0,58.6641,0.0,56.9923,56.9923,56.5874,58.6641,10.3004,10.2612,4026
2016-11-06 16:00:00,50.0,pretransfer,0.0,57.3062,0.0,58.3124,58.3124,56.2059,57.3062,10.3106,10.284,4027
2016-11-06 17:00:00,56.61,pretransfer,0.0,55.7841,0.0,57.1356,57.1356,55.6693,55.7841,10.2953,10.2727,4028
2016-11-06 18:00:00,68.05,pretransfer,0.0,54.428,0.0,33.1577,33.1577,55.1166,54.428,10.3444,10.3274,4029
2016-11-06 19:00:00,65.28,pretransfer,0.0,54.1284,0.0,55.4264,55.4264,54.8615,54.1284,10.3672,10.3562,4030
2016-11-06 20:00:00,66.1,pretransfer,0.0,55.4684,0.0,59.4122,59.4122,56.0271,55.4684,10.3049,10.3018,4031
2016-11-06 21:00:00,64.01,blend,0.5002,56.3076,0.0,52.5244,52.5244,56.7894,55.8256,10.2753,10.2819,4032
2016-11-06 22:00:00,62.07,blend,0.5002,56.3763,0.0,61.8549,61.8549,57.0536,55.6986,10.209,10.2308,4033
2016-11-06 23:00:00,62.84,blend,0.5002,56.6623,0.0,61.2073,61.2073,57.3908,55.9334,10.0844,10.1265,4034
2016-11-07 00:00:00,62.6,blend,0.5002,57.266,0.0,47.7879,47.7879,57.5588,56.9731,9.9223,9.9821,4035
2016-11-07 01:00:00,62.39,blend,0.5002,59.8573,0.0,53.9859,53.9859,59.2444,60.4706,9.7993,9.8862,4036
2016-11-07 02:00:00,61.59,blend,0.5002,63.5879,0.0,58.3874,58.3874,62.0627,65.114,9.7035,9.8796,4037
2016-11-07 03:00:00,61.68,blend,0.5002,67.0575,0.0,69.0108,69.0108,65.9678,68.1478,9.6847,9.8047,4038
2016-11-07 04:00:00,63.66,blend,0.5002,70.0562,0.0,71.3296,71.3296,70.6538,69.4581,9.6302,9.6871,4039
2016-11-07 05:00:00,65.56,blend,0.5002,74.192,0.0,74.1481,74.1481,77.1754,71.2066,9.5624,9.558,4040
2016-11-07 06:00:00,67.28,blend,0.5002,80.2366,0.0,93.7085,93.7085,85.3781,75.0918,9.5863,9.5362,4041
2016-11-07 07:00:00,80.74,blend,0.5002,90.7203,0.0,85.706,85.706,95.2227,86.2151,9.5861,9.4668,4042
2016-11-07 08:00:00,88.8,blend,0.5002,101.1891,0.0,103.2158,103.2158,104.1397,98.2366,9.6171,9.4544,4043
2016-11-07 09:00:00,106.43,blend,0.5002,107.7329,0.0,97.1004,97.1004,110.3123,105.1518,9.5969,9.4142,4044
2016-11-07 10:00:00,127.49,blend,0.5002,113.1498,0.0,109.6686,109.6686,113.9865,112.3125,9.6022,9.418,4045
2016-11-07 11:00:00,126.58,blend,0.5002,115.8203,0.0,127.1937,127.1937,116.6442,114.9959,9.5935,9.4043,4046
2016-11-07 12:00:00,126.09,blend,0.5002,116.6688,0.0,124.7276,124.7276,117.9336,115.4033,9.6036,9.4133,4047
2016-11-07 13:00:00,121.63,blend,0.5002,116.5682,0.0,118.48,118.48,118.0212,115.1142,9.6212,9.4326,4048
2016-11-07 14:00:00,117.52,blend,0.5002,116.0037,0.0,120.2005,120.2005,117.5116,114.4947,9.5363,9.3784,4049
2016-11-07 15:00:00,121.71,blend,0.5002,114.7309,0.0,104.3454,104.3454,116.0927,113.3683,9.554,9.4195,4050
2016-11-07 16:00:00,112.48,blend,0.5002,112.3254,0.0,114.1314,114.1314,113.4702,111.1799,9.4952,9.3581,4051
2016-11-07 17:00:00,102.68,blend,0.5002,109.3572,0.0,104.3685,104.3685,110.0796,108.6345,9.4748,9.3053,4052
2016-11-07 18:00:00,96.43,blend,0.5002,104.4468,0.0,93.8337,93.8337,104.4456,104.4481,9.4141,9.1917,4053
2016-11-07 19:00:00,80.83,blend,0.5002,93.6993,0.0,98.789,98.789,95.3173,92.0803,9.4597,9.1938,4054
2016-11-07 20:00:00,76.39,blend,0.5002,85.763,0.0,93.0699,93.0699,87.3357,84.1893,9.4926,9.1942,4055
2016-11-07 21:00:00,71.57,blend,0.5002,75.8236,0.0,93.1262,93.1262,78.894,72.7512,9.5035,9.1783,4056
2016-11-07 22:00:00,68.07,blend,0.5002,70.4067,0.0,78.3133,78.3133,73.2368,67.5749,9.5076,9.1687,4057
2016-11-07 23:00:00,69.75,blend,0.5002,68.2475,0.0,70.029,70.029,70.3865,66.1071,9.5095,9.1795,4058
2016-11-08 00:00:00,70.9,blend,0.5002,68.0317,0.0,58.8257,58.8257,69.7,66.3623,9.4966,9.1985,4059
2016-11-08 01:00:00,68.55,blend,0.5002,68.8675,0.0,74.8461,74.8461,71.5259,66.2073,9.4844,9.2102,4060
2016-11-08 02:00:00,70.14,blend,0.5002,72.4302,0.0,86.0801,86.0801,76.2908,68.567,9.4661,9.207,4061
2016-11-08 03:00:00,69.52,blend,0.5002,76.9784,0.0,79.4344,79.4344,82.9428,71.0102,9.4547,9.1861,4062
2016-11-08 04:00:00,68.15,blend,0.5002,84.3564,0.0,99.4035,99.4035,92.91,75.7974,9.4821,9.194,4063
2016-11-08 05:00:00,69.66,blend,0.5002,93.0312,0.0,117.1245,117.1245,103.5552,82.5006,9.5145,9.1847,4064
2016-11-08 06:00:00,70.18,blend,0.5002,101.6767,0.0,104.6847,104.6847,111.2148,92.1325,9.6177,9.2506,4065
2016-11-08 07:00:00,77.85,blend,0.5002,110.4023,0.0,118.1754,118.1754,115.7842,105.017,9.7561,9.3522,4066
2016-11-08 08:00:00,89.08,blend,0.5002,115.5814,0.0,116.1749,116.1749,117.8785,113.2829,9.8907,9.474,4067
2016-11-08 09:00:00,109.08,blend,0.5002,116.9383,0.0,119.8301,119.8301,118.7644,115.1111,9.9176,9.4959,4068
2016-11-08 10:00:00,116.69,blend,0.5002,117.4078,0.0,105.2947,105.2947,119.0458,115.7687,9.901,9.4892,4069
2016-11-08 11:00:00,121.5,blend,0.5002,117.8019,0.0,142.29,142.29,119.3354,116.2674,9.8504,9.476,4070
2016-11-08 12:00:00,121.45,blend,0.5002,117.8214,0.0,132.1678,132.1678,119.3499,116.2919,9.7996,9.4621,4071
2016-11-08 13:00:00,123.83,blend,0.5002,117.7079,0.0,131.6342,131.6342,119.1512,116.2636,9.7281,9.4245,4072
2016-11-08 14:00:00,119.69,blend,0.5002,117.39,0.0,135.5724,135.5724,118.6347,116.1445,9.6677,9.3907,4073
2016-11-08 15:00:00,126.56,blend,0.5002,116.8551,0.0,99.5542,99.5542,117.7862,115.9234,9.6459,9.3811,4074
2016-11-08 16:00:00,113.22,blend,0.5002,115.5112,0.0,109.1391,109.1391,115.8866,115.1356,9.5547,9.2712,4075
2016-11-08 17:00:00,104.6,blend,0.5002,113.3976,0.0,121.0271,121.0271,112.8453,113.9502,9.5115,9.1978,4076
2016-11-08 18:00:00,99.6,blend,0.5002,108.8319,0.0,87.5502,87.5502,106.2709,111.3946,9.4964,9.172,4077
2016-11-08 19:00:00,88.93,blend,0.5002,100.5182,0.0,84.7475,84.7475,97.0811,103.9575,9.5299,9.2395,4078
2016-11-08 20:00:00,87.54,blend,0.5002,92.7497,0.0,92.4383,92.4383,88.3372,97.1651,9.5293,9.2909,4079
2016-11-08 21:00:00,85.11,blend,0.5002,82.9009,0.0,92.89,92.89,81.2022,84.6008,9.5461,9.2905,4080
2016-11-08 22:00:00,76.28,blend,0.5002,76.0809,0.0,73.7552,73.7552,76.5013,75.6603,9.544,9.2879,4081
2016-11-08 23:00:00,68.86,blend,0.5002,73.5857,0.0,79.2094,79.2094,74.1707,73.0004,9.5597,9.2906,4082
2016-11-09 00:00:00,65.63,blend,0.5002,72.0529,0.0,78.9207,78.9207,72.4694,71.6361,9.5814,9.304,4083
2016-11-09 01:00:00,65.15,blend,0.5002,69.3772,0.0,68.102,68.102,70.7579,67.9956,9.5931,9.2909,4084
2016-11-09 02:00:00,65.14,blend,0.5002,69.8912,0.0,72.5536,72.5536,71.3621,68.4193,9.6168,9.2868,4085
2016-11-09 03:00:00,65.61,blend,0.5002,73.1343,0.0,59.0653,59.0653,74.987,71.2803,9.6453,9.3124,4086
2016-11-09 04:00:00,64.8,blend,0.5002,78.516,0.0,90.3772,90.3772,81.3813,75.6488,9.7135,9.3721,4087
2016-11-09 05:00:00,67.56,blend,0.5002,87.4167,0.0,98.7627,98.7627,91.0445,83.7864,9.7457,9.3942,4088
2016-11-09 06:00:00,69.32,blend,0.5002,98.8327,0.0,104.0334,104.0334,101.0827,96.5813,9.8603,9.4963,4089
2016-11-09 07:00:00,81.76,blend,0.5002,109.1805,0.0,112.9587,112.9587,109.6244,108.7364,9.9687,9.5806,4090
2016-11-09 08:00:00,89.27,blend,0.5002,114.5275,0.0,98.4592,98.4592,114.3334,114.7219,10.059,9.6669,4091
2016-11-09 09:00:00,107.38,blend,0.5002,116.3375,0.0,123.7828,123.7828,116.7722,115.9025,10.0736,9.669,4092
2016-11-09 10:00:00,118.73,blend,0.5002,116.9568,0.0,123.461,123.461,117.7028,116.2103,10.0044,9.5958,4093
2016-11-09 11:00:00,128.05,blend,0.5002,117.4633,0.0,113.2512,113.2512,118.478,116.448,9.9673,9.5558,4094
2016-11-09 12:00:00,129.47,blend,0.5002,117.5965,0.0,117.1172,117.1172,118.8485,116.3437,9.9622,9.5499,4095
2016-11-09 13:00:00,125.96,blend,0.5002,117.6376,0.0,116.9732,116.9732,118.9022,116.3723,9.91,9.4971,4096
2016-11-09 14:00:00,124.88,blend,0.5002,117.513,0.0,127.4399,127.4399,118.6871,116.3381,9.8619,9.4488,4097
2016-11-09 15:00:00,125.96,blend,0.5002,117.0652,0.0,107.7158,107.7158,117.9899,116.1399,9.8644,9.4509,4098
2016-11-09 16:00:00,116.13,blend,0.5002,116.1567,0.0,114.3038,114.3038,116.6146,115.6985,9.8422,9.4352,4099
2016-11-09 17:00:00,108.08,blend,0.5002,114.293,0.0,97.1615,97.1615,113.8169,114.7693,9.803,9.3987,4100
2016-11-09 18:00:00,100.25,blend,0.5002,110.2545,0.0,100.2964,100.2964,107.9968,112.5138,9.7055,9.3059,4101
2016-11-09 19:00:00,81.27,blend,0.5002,102.8511,0.0,76.5619,76.5619,98.7513,106.9535,9.7442,9.3661,4102
2016-11-09 20:00:00,78.14,blend,0.5002,94.89,0.0,72.4063,72.4063,89.8199,99.9634,9.6945,9.3646,4103
2016-11-09 21:00:00,64.98,blend,0.5002,80.0843,0.0,89.2898,89.2898,80.0294,80.1393,9.6817,9.3819,4104
2016-11-09 22:00:00,62.26,blend,0.5002,71.9569,0.0,68.9247,68.9247,74.226,69.6864,9.6973,9.4096,4105
2016-11-09 23:00:00,63.0,blend,0.5002,67.0145,0.0,47.2147,47.2147,69.4712,64.5561,9.7023,9.418,4106
2016-11-10 00:00:00,62.54,blend,0.5002,65.5803,0.0,64.3285,64.3285,67.6487,63.5105,9.7096,9.4197,4107
2016-11-10 01:00:00,63.09,blend,0.5002,66.1286,0.0,66.3396,66.3396,68.1384,64.1175,9.7031,9.4089,4108
2016-11-10 02:00:00,62.07,blend,0.5002,68.5431,0.0,79.0492,79.0492,70.8313,66.2535,9.7082,9.4073,4109
2016-11-10 03:00:00,61.28,blend,0.5002,71.9894,0.0,72.1037,72.1037,75.6442,68.3322,9.7239,9.4058,4110
2016-11-10 04:00:00,60.7,blend,0.5002,77.4911,0.0,66.7338,66.7338,82.8588,72.1199,9.7667,9.4258,4111
2016-11-10 05:00:00,70.25,blend,0.5002,85.1236,0.0,94.8745,94.8745,92.6326,77.6098,9.7642,9.3681,4112
2016-11-10 06:00:00,68.15,blend,0.5002,94.4796,0.0,105.6153,105.6153,102.9912,85.9624,9.8425,9.3692,4113
2016-11-10 07:00:00,80.48,blend,0.5002,109.5974,0.0,117.719,117.719,112.6265,106.5664,9.9313,9.4084,4114
2016-11-10 08:00:00,91.31,blend,0.5002,115.8344,0.0,113.3553,113.3553,116.7069,114.9613,10.014,9.4803,4115
2016-11-10 09:00:00,103.27,blend,0.5002,116.9974,0.0,120.8327,120.8327,118.2343,115.7597,10.0577,9.5203,4116
2016-11-10 10:00:00,111.02,blend,0.5002,117.4106,0.0,145.8406,145.8406,118.7169,116.1035,10.0407,9.5028,4117
2016-11-10 11:00:00,112.59,blend,0.5002,117.484,0.0,111.0444,111.0444,118.7996,116.1676,10.025,9.4549,4118
2016-11-10 12:00:00,121.2,blend,0.5002,117.5283,0.0,119.1034,119.1034,118.7549,116.3009,10.0373,9.4659,4119
2016-11-10 13:00:00,120.64,blend,0.5002,117.1866,0.0,122.0045,122.0045,118.2582,116.1143,9.9572,9.4133,4120
2016-11-10 14:00:00,116.57,blend,0.5002,116.7856,0.0,107.8625,107.8625,117.5848,115.9859,9.9366,9.4015,4121
2016-11-10 15:00:00,121.01,blend,0.5002,116.2133,0.0,115.0229,115.0229,116.5753,115.8511,9.8598,9.3355,4122
2016-11-10 16:00:00,112.84,blend,0.5002,114.4358,0.0,121.2442,121.2442,114.0904,114.7815,9.7799,9.2558,4123
2016-11-10 17:00:00,108.59,blend,0.5002,111.7465,0.0,108.1417,108.1417,110.1509,113.3432,9.7064,9.1678,4124
2016-11-10 18:00:00,98.48,blend,0.5002,106.546,0.0,106.5025,106.5025,103.0513,110.0428,9.6897,9.1575,4125
2016-11-10 19:00:00,85.69,blend,0.5002,99.1783,0.0,78.7919,78.7919,94.6147,103.7448,9.6995,9.23,4126
2016-11-10 20:00:00,79.34,blend,0.5002,89.9955,0.0,86.0256,86.0256,85.7186,94.2752,9.6805,9.2852,4127
2016-11-10 21:00:00,68.41,blend,0.5002,77.8794,0.0,65.4173,65.4173,78.448,77.3104,9.6953,9.3306,4128
2016-11-10 22:00:00,60.93,blend,0.5002,69.819,0.0,80.3516,80.3516,72.9925,66.6435,9.7471,9.3503,4129
2016-11-10 23:00:00,60.03,blend,0.5002,66.5988,0.0,64.6255,64.6255,69.7954,63.4001,9.7885,9.3594,4130
2016-11-11 00:00:00,59.7,blend,0.5002,65.1487,0.0,74.1459,74.1459,68.2302,62.0652,9.8273,9.3632,4131
2016-11-11 01:00:00,57.45,blend,0.5002,66.3291,0.0,67.2809,67.2809,68.7134,63.9434,9.8715,9.3924,4132
2016-11-11 02:00:00,56.82,blend,0.5002,68.0278,0.0,65.8272,65.8272,70.7233,65.3306,9.9192,9.4246,4133
2016-11-11 03:00:00,56.49,blend,0.5002,71.0558,0.0,84.3851,84.3851,74.7799,67.3292,9.9735,9.4586,4134
2016-11-11 04:00:00,56.63,blend,0.5002,75.3523,0.0,63.546,63.546,81.0087,69.6923,10.0443,9.4983,4135
2016-11-11 05:00:00,57.91,blend,0.5002,81.7731,0.0,88.486,88.486,89.5007,74.0404,10.1079,9.5126,4136
2016-11-11 06:00:00,57.99,blend,0.5002,90.4067,0.0,91.2082,91.2082,99.3818,81.4259,10.1889,9.5377,4137
2016-11-11 07:00:00,57.94,blend,0.5002,101.1052,0.0,109.4666,109.4666,107.9944,94.2115,10.2876,9.5561,4138
2016-11-11 08:00:00,54.92,blend,0.5002,110.3225,0.0,120.5018,120.5018,113.5069,107.1361,10.4681,9.687,4139
2016-11-11 09:00:00,50.99,blend,0.5002,113.2713,0.0,128.2643,128.2643,115.0218,111.5195,10.6923,9.8822,4140
2016-11-11 10:00:00,50.68,blend,0.5002,112.7521,0.0,102.1983,102.1983,113.07,112.434,10.9062,10.0831,4141
2016-11-11 11:00:00,51.84,blend,0.5002,107.4341,0.0,95.0505,95.0505,106.8938,107.9747,11.0822,10.2502,4142
2016-11-11 12:00:00,51.93,blend,0.5002,99.4503,0.0,102.4938,102.4938,97.4653,101.4367,11.2131,10.3812,4143
2016-11-11 13:00:00,52.74,blend,0.5002,93.2313,0.0,79.7202,79.7202,88.7643,97.7011,11.3073,10.4917,4144
2016-11-11 14:00:00,52.61,blend,0.5002,83.2002,0.0,82.391,82.391,79.6288,86.774,11.3686,10.5427,4145
2016-11-11 15:00:00,52.93,blend,0.5002,73.3944,0.0,80.1082,80.1082,73.0397,73.7494,11.4218,10.5439,4146
2016-11-11 16:00:00,54.28,blend,0.5002,67.8598,0.0,76.524,76.524,68.5158,67.2033,11.4705,10.562,4147
2016-11-11 17:00:00,54.41,blend,0.5002,63.2125,0.0,69.3493,69.3493,64.4432,61.981,11.4618,10.5475,4148
2016-11-11 18:00:00,55.81,blend,0.5002,60.0626,0.0,60.024,60.024,61.9183,58.2057,11.4427,10.5299,4149
2016-11-11 19:00:00,61.55,blend,0.5002,57.9814,0.0,58.6878,58.6878,59.8668,56.0947,11.4061,10.5416,4150
2016-11-11 20:00:00,61.34,blend,0.5002,57.6225,0.0,52.2933,52.2933,59.762,55.4816,11.393,10.5741,4151
2016-11-11 21:00:00,66.3,blend,0.5002,57.6602,0.0,66.1033,66.1033,59.7566,55.5624,11.3958,10.6283,4152
2016-11-11 22:00:00,62.7,blend,0.5002,57.817,0.0,66.133,66.133,60.0464,55.5862,11.3897,10.6675,4153
2016-11-11 23:00:00,63.69,blend,0.5002,58.5657,0.0,62.3052,62.3052,60.4901,56.6401,11.3814,10.7052,4154
2016-11-12 00:00:00,67.4,blend,0.5002,59.3015,0.0,55.904,55.904,61.2417,57.36,11.385,10.7526,4155
2016-11-12 01:00:00,55.88,blend,0.5002,60.2248,0.0,55.3708,55.3708,61.2719,59.1771,11.3815,10.747,4156
2016-11-12 02:00:00,54.88,blend,0.5002,61.6533,0.0,69.8186,69.8186,62.0604,61.246,11.3864,10.7469,4157
2016-11-12 03:00:00,54.06,blend,0.5002,62.0856,0.0,66.8919,66.8919,62.1377,62.0334,11.3966,10.7511,4158
2016-11-12 04:00:00,54.16,blend,0.5002,62.6668,0.0,70.1013,70.1013,62.5814,62.7521,11.4026,10.746,4159
2016-11-12 05:00:00,55.29,blend,0.5002,63.8174,0.0,65.0059,65.0059,63.6075,64.0274,11.4073,10.7352,4160
2016-11-12 06:00:00,55.98,blend,0.5002,65.0538,0.0,53.3918,53.3918,64.7682,65.3395,11.4087,10.7216,4161
2016-11-12 07:00:00,55.77,blend,0.5002,66.2645,0.0,62.2925,62.2925,65.9122,66.6171,11.3925,10.6943,4162
2016-11-12 08:00:00,52.86,blend,0.5002,67.2345,0.0,69.2419,69.2419,66.9343,67.5348,11.379,10.6722,4163
2016-11-12 09:00:00,48.96,blend,0.5002,65.352,0.0,75.9842,75.9842,65.3529,65.3511,11.3852,10.6695,4164
2016-11-12 10:00:00,48.43,blend,0.5002,64.0613,0.0,62.9315,62.9315,63.7233,64.3996,11.4073,10.6811,4165
2016-11-12 11:00:00,49.03,blend,0.5002,62.7381,0.0,68.7355,68.7355,62.0033,63.4733,11.4235,10.6844,4166
2016-11-12 12:00:00,51.46,blend,0.5002,61.5055,0.0,54.7173,54.7173,60.5425,62.4692,11.4312,10.6748,4167
2016-11-12 13:00:00,52.73,blend,0.5002,60.4464,0.0,55.5788,55.5788,59.5103,61.383,11.4297,10.6548,4168
2016-11-12 14:00:00,52.57,blend,0.5002,59.4774,0.0,56.6177,56.6177,58.4871,60.4684,11.4289,10.6372,4169
2016-11-12 15:00:00,52.47,blend,0.5002,58.359,0.0,62.9452,62.9452,57.5716,59.1469,11.4299,10.6217,4170
2016-11-12 16:00:00,52.48,blend,0.5002,57.1742,0.0,58.4622,58.4622,56.6243,57.7244,11.4304,10.609,4171
2016-11-12 17:00:00,51.97,blend,0.5002,56.0154,0.0,65.8073,65.8073,55.7749,56.2561,11.431,10.5995,4172
2016-11-12 18:00:00,51.6,blend,0.5002,55.0605,0.0,54.1175,54.1175,55.0136,55.1074,11.4368,10.6125,4173
2016-11-12 19:00:00,54.86,blend,0.5002,54.2102,0.0,46.6981,46.6981,54.3142,54.106,11.4141,10.5949,4174
2016-11-12 20:00:00,56.82,blend,0.5002,54.2651,0.0,50.0546,50.0546,54.3692,54.161,11.4032,10.5899,4175
2016-11-12 21:00:00,56.31,blend,0.5002,54.1848,0.0,49.8432,49.8432,54.2443,54.1253,11.3935,10.5854,4176
2016-11-12 22:00:00,56.04,blend,0.5002,54.4709,0.0,60.4171,60.4171,54.4855,54.4563,11.3805,10.5779,4177
2016-11-12 23:00:00,55.81,blend,0.5002,54.9083,0.0,61.4548,61.4548,54.7982,55.0184,11.3671,10.5717,4178
2016-11-13 00:00:00,55.95,blend,0.5002,55.6395,0.0,49.6014,49.6014,55.1699,56.1094,11.352,10.5641,4179
2016-11-13 01:00:00,56.23,blend,0.5002,57.0109,0.0,58.2432,58.2432,55.8995,58.1229,11.3207,10.5617,4180
2016-11-13 02:00:00,55.42,blend,0.5002,58.5022,0.0,45.1453,45.1453,56.8218,60.1836,11.3001,10.5641,4181
2016-11-13 03:00:00,55.33,blend,0.5002,60.2468,0.0,57.6445,57.6445,58.0322,62.4629,11.2877,10.5752,4182
2016-11-13 04:00:00,55.32,blend,0.5002,61.743,0.0,69.3846,69.3846,59.2682,64.2194,11.2867,10.5826,4183
2016-11-13 05:00:00,57.7,blend,0.5002,63.1471,0.0,55.8141,55.8141,60.7504,65.5453,11.2873,10.5824,4184
2016-11-13 06:00:00,57.53,blend,0.5002,64.5902,0.0,62.0688,62.0688,62.2725,66.9094,11.3064,10.5826,4185
2016-11-13 07:00:00,57.48,blend,0.5002,65.9214,0.0,58.5023,58.5023,63.8011,68.043,11.3265,10.5752,4186
2016-11-13 08:00:00,53.88,blend,0.5002,66.8198,0.0,53.0502,53.0502,65.0332,68.6076,11.3374,10.563,4187
2016-11-13 09:00:00,50.22,blend,0.5002,64.8079,0.0,64.0893,64.0893,63.5211,66.0955,11.3679,10.5799,4188
2016-11-13 10:00:00,50.51,blend,0.5002,63.4541,0.0,55.0112,55.0112,61.8537,65.0556,11.3912,10.5919,4189
2016-11-13 11:00:00,51.31,blend,0.5002,62.1011,0.0,44.0952,44.0952,60.3767,63.8266,11.4013,10.5931,4190
2016-11-13 12:00:00,51.54,blend,0.5002,61.238,0.0,62.1199,62.1199,59.2344,63.2429,11.406,10.5953,4191
2016-11-13 13:00:00,52.22,blend,0.5002,60.3363,0.0,49.6676,49.6676,58.3377,62.3362,11.3989,10.5892,4192
2016-11-13 14:00:00,51.99,blend,0.5002,59.2283,0.0,60.788,60.788,57.4991,60.9585,11.3937,10.5863,4193
2016-11-13 15:00:00,52.44,blend,0.5002,58.0416,0.0,54.3361,54.3361,56.4745,59.6097,11.3827,10.5816,4194
2016-11-13 16:00:00,53.68,blend,0.5002,56.7554,0.0,56.2873,56.2873,55.7962,57.7152,11.3584,10.5622,4195
2016-11-13 17:00:00,53.71,blend,0.5002,55.6856,0.0,49.9875,49.9875,55.102,56.2697,11.3611,10.5725,4196
2016-11-13 18:00:00,55.5,blend,0.5002,54.7755,0.0,60.7308,60.7308,54.4633,55.0879,11.2903,10.4939,4197
2016-11-13 19:00:00,60.16,blend,0.5002,54.1605,0.0,57.6237,57.6237,53.8216,54.4996,11.266,10.4612,4198
2016-11-13 20:00:00,60.68,blend,0.5002,54.587,0.0,56.2406,56.2406,54.2258,54.9484,11.2444,10.432,4199
2016-11-13 21:00:00,65.14,blend,0.481,55.1068,0.0,44.9327,44.9327,54.6704,55.5114,11.2638,10.4406,4200
2016-11-13 22:00:00,61.73,blend,0.481,55.6511,0.0,51.8113,51.8113,55.1632,56.1034,11.273,10.4362,4201
2016-11-13 23:00:00,62.66,blend,0.481,56.7257,0.0,70.0973,70.0973,55.8946,57.4962,11.2808,10.4258,4202
2016-11-14 00:00:00,66.43,blend,0.481,57.959,0.0,50.5763,50.5763,56.7265,59.1013,11.3086,10.4359,4203
2016-11-14 01:00:00,68.65,blend,0.481,61.0827,0.0,58.0053,58.0053,58.9737,63.0375,11.3475,10.4579,4204
2016-11-14 02:00:00,66.68,blend,0.481,66.1846,0.0,70.3562,70.3562,63.3845,68.78,11.3643,10.4494,4205
2016-11-14 03:00:00,66.53,blend,0.481,71.7035,0.0,74.8627,74.8627,69.8895,73.385,11.3587,10.4517,4206
2016-11-14 04:00:00,61.8,blend,0.481,76.3175,0.0,77.2527,77.2527,77.0977,75.5943,11.4082,10.4993,4207
2016-11-14 05:00:00,63.74,blend,0.481,82.0419,0.0,79.7117,79.7117,85.7031,78.6482,11.4698,10.5545,4208
2016-11-14 06:00:00,64.86,blend,0.481,88.025,0.0,68.137,68.137,93.5656,82.8893,11.5329,10.6153,4209
2016-11-14 07:00:00,80.46,blend,0.481,95.7378,0.0,83.2553,83.2553,101.9266,90.0013,11.5745,10.6395,4210
2016-11-14 08:00:00,90.36,blend,0.481,105.8554,0.0,104.6793,104.6793,109.4635,102.511,11.5969,10.6556,4211
2016-11-14 09:00:00,102.24,blend,0.481,111.4156,0.0,121.9784,121.9784,114.3443,108.7009,11.6458,10.6865,4212
2016-11-14 10:00:00,115.46,blend,0.481,115.6089,0.0,105.6386,105.6386,116.7758,114.5273,11.5733,10.6017,4213
2016-11-14 11:00:00,119.08,blend,0.481,116.8161,0.0,122.986,122.986,117.9703,115.7463,11.5207,10.5526,4214
2016-11-14 12:00:00,116.86,blend,0.481,117.1318,0.0,112.1876,112.1876,118.3903,115.9652,11.4813,10.4943,4215
2016-11-14 13:00:00,112.14,blend,0.481,117.0134,0.0,130.5887,130.5887,118.1682,115.943,11.4957,10.4782,4216
2016-11-14 14:00:00,107.1,blend,0.481,116.3458,0.0,112.0358,112.0358,117.1367,115.6128,11.5554,10.5108,4217
2016-11-14 15:00:00,103.9,blend,0.481,114.2689,0.0,122.5045,122.5045,114.2674,114.2702,11.5837,10.5229,4218
2016-11-14 16:00:00,102.53,blend,0.481,111.3326,0.0,86.6731,86.6731,109.4747,113.0548,11.6191,10.5778,4219
2016-11-14 17:00:00,93.22,blend,0.481,103.6848,0.0,103.6356,103.6356,100.0558,107.0486,11.6157,10.6247,4220
2016-11-14 18:00:00,87.77,blend,0.481,95.0268,0.0,107.3907,107.3907,89.6781,99.9847,11.5794,10.6497,4221
2016-11-14 19:00:00,74.8,blend,0.481,83.8324,0.0,75.8154,75.8154,79.9206,87.4583,11.5236,10.658,4222
2016-11-14 20:00:00,72.12,blend,0.481,77.1169,0.0,64.5928,64.5928,74.316,79.7131,11.4716,10.6568,4223
2016-11-14 21:00:00,64.53,blend,0.481,70.3399,0.0,72.5522,72.5522,69.3558,71.252,11.4567,10.6898,4224
2016-11-14 22:00:00,61.57,blend,0.481,66.9404,0.0,68.6402,68.6402,66.6743,67.187,11.4563,10.7203,4225
2016-11-14 23:00:00,61.52,blend,0.481,64.9083,0.0,53.1118,53.1118,64.4727,65.3122,11.4701,10.7212,4226
2016-11-15 00:00:00,62.78,blend,0.481,64.6236,0.0,60.6977,60.6977,64.0209,65.1824,11.4703,10.7085,4227
2016-11-15 01:00:00,61.36,blend,0.481,65.3729,0.0,70.5066,70.5066,65.0964,65.6291,11.4749,10.7199,4228
2016-11-15 02:00:00,62.0,blend,0.481,67.6118,0.0,61.3642,61.3642,68.2089,67.0583,11.4752,10.7407,4229
2016-11-15 03:00:00,61.51,blend,0.481,71.4691,0.0,68.1846,68.1846,72.9798,70.0688,11.4636,10.7827,4230
2016-11-15 04:00:00,60.89,blend,0.481,77.096,0.0,76.3156,76.3156,80.4267,74.0087,11.4325,10.8153,4231
2016-11-15 05:00:00,62.74,blend,0.481,84.2842,0.0,80.9694,80.9694,89.6839,79.2791,11.3911,10.8373,4232
2016-11-15 06:00:00,65.22,blend,0.481,93.6763,0.0,93.9726,93.9726,99.9658,87.8465,11.3537,10.8413,4233
2016-11-15 07:00:00,76.44,blend,0.481,104.802,0.0,82.3113,82.3113,108.8632,101.0376,11.3209,10.826,4234
2016-11-15 08:00:00,87.94,blend,0.481,113.7294,0.0,121.6424,121.6424,114.5747,112.9459,11.308,10.8308,4235
2016-11-15 09:00:00,103.91,blend,0.481,116.2094,0.0,112.2516,112.2516,117.1259,115.3599,11.329,10.8631,4236
2016-11-15 10:00:00,108.71,blend,0.481,117.0115,0.0,123.3111,123.3111,118.0551,116.0442,11.3706,10.9012,4237
2016-11-15 11:00:00,112.22,blend,0.481,117.3407,0.0,106.5806,106.5806,118.5424,116.2267,11.3954,10.894,4238
2016-11-15 12:00:00,110.43,blend,0.481,117.258,0.0,118.8379,118.8379,118.5349,116.0745,11.4311,10.8968,4239
2016-11-15 13:00:00,109.96,blend,0.481,116.9293,0.0,147.94,147.94,118.1243,115.8216,11.4519,10.8867,4240
2016-11-15 14:00:00,106.42,blend,0.481,116.2304,0.0,118.1601,118.1601,116.9819,115.5337,11.5085,10.9198,4241
2016-11-15 15:00:00,109.55,blend,0.481,114.7705,0.0,105.94,105.94,114.8142,114.73,11.4876,10.8874,4242
2016-11-15 16:00:00,98.47,blend,0.481,112.0875,0.0,97.5163,97.5163,111.041,113.0575,11.5465,10.9628,4243
2016-11-15 17:00:00,90.04,blend,0.481,106.6674,0.0,125.8491,125.8491,104.6953,108.4953,11.5847,11.017,4244
2016-11-15 18:00:00,85.75,blend,0.481,96.3615,0.0,85.8041,85.8041,93.3304,99.1711,11.5901,11.0267,4245
2016-11-15 19:00:00,81.02,blend,0.481,82.8974,0.0,94.3389,94.3389,81.2778,84.3986,11.5431,10.9573,4246
2016-11-15 20:00:00,77.72,blend,0.481,74.6275,0.0,80.4334,80.4334,73.8409,75.3566,11.5615,10.9141,4247
2016-11-15 21:00:00,74.07,blend,0.481,69.6489,0.0,74.347,74.347,69.808,69.5014,11.5636,10.9383,4248
2016-11-15 22:00:00,69.39,blend,0.481,66.6443,0.0,71.0987,71.0987,66.979,66.334,11.5766,10.9528,4249
2016-11-15 23:00:00,66.51,blend,0.481,65.4494,0.0,73.5665,73.5665,65.6885,65.2279,11.5499,10.9358,4250
2016-11-16 00:00:00,64.98,blend,0.481,65.3042,0.0,73.2835,73.2835,65.4332,65.1847,11.5119,10.9012,4251
2016-11-16 01:00:00,64.33,blend,0.481,65.2049,0.0,82.4021,82.4021,65.8906,64.5693,11.4878,10.8857,4252
2016-11-16 02:00:00,63.74,blend,0.481,67.3696,0.0,81.1605,81.1605,68.6296,66.2017,11.4798,10.8808,4253
2016-11-16 03:00:00,63.91,blend,0.481,71.1567,0.0,69.8397,69.8397,73.5452,68.9428,11.4814,10.8771,4254
2016-11-16 04:00:00,62.63,blend,0.481,76.1574,0.0,72.6511,72.6511,80.7749,71.8773,11.4907,10.8675,4255
2016-11-16 05:00:00,72.54,blend,0.481,84.201,0.0,87.4894,87.4894,91.2355,77.6805,11.4622,10.8015,4256
2016-11-16 06:00:00,70.79,blend,0.481,92.0311,0.0,89.2058,89.2058,100.9212,83.7907,11.4525,10.7166,4257
2016-11-16 07:00:00,85.18,blend,0.481,105.0854,0.0,102.0614,102.0614,110.6096,99.965,11.438,10.6441,4258
2016-11-16 08:00:00,94.64,blend,0.481,114.0881,0.0,121.1026,121.1026,115.3942,112.8774,11.4123,10.6011,4259
2016-11-16 09:00:00,105.9,blend,0.481,116.1712,0.0,118.3323,118.3323,117.5063,114.9337,11.4255,10.6042,4260
2016-11-16 10:00:00,118.73,blend,0.481,117.2237,0.0,119.1167,119.1167,118.3788,116.1531,11.4215,10.6045,4261
2016-11-16 11:00:00,128.05,blend,0.481,117.4481,0.0,118.4649,118.4649,118.725,116.2644,11.42,10.6056,4262
2016-11-16 12:00:00,129.47,blend,0.481,117.589,0.0,112.7364,112.7364,118.9715,116.3076,11.4193,10.6058,4263
2016-11-16 13:00:00,125.96,blend,0.481,117.5953,0.0,125.7905,125.7905,118.9835,116.3085,11.4188,10.6062,4264
2016-11-16 14:00:00,124.88,blend,0.481,117.4679,0.0,130.8308,130.8308,118.7255,116.3022,11.4186,10.6064,4265
2016-11-16 15:00:00,125.96,blend,0.481,116.9445,0.0,112.123,112.123,117.986,115.9792,11.4186,10.6074,4266
2016-11-16 16:00:00,116.13,blend,0.481,116.0598,0.0,100.2553,100.2553,116.6335,115.5279,11.4187,10.6084,4267
2016-11-16 17:00:00,108.08,blend,0.481,114.1284,0.0,91.8386,91.8386,113.7951,114.4374,11.4186,10.6064,4268
2016-11-16 18:00:00,100.25,blend,0.481,110.1781,0.0,92.0837,92.0837,107.8286,112.3559,11.4176,10.6055,4269
2016-11-16 19:00:00,81.27,blend,0.481,100.9229,0.0,105.2897,105.2897,98.054,103.5822,11.4134,10.5854,4270
2016-11-16 20:00:00,78.14,blend,0.481,92.3208,0.0,83.6809,83.6809,88.5304,95.8342,11.4057,10.5608,4271
2016-11-16 21:00:00,64.98,blend,0.481,77.431,0.0,77.368,77.368,78.6479,76.3031,11.3975,10.538,4272
2016-11-16 22:00:00,62.26,blend,0.481,69.6342,0.0,51.1285,51.1285,72.6767,66.814,11.3883,10.5209,4273
2016-11-16 23:00:00,63.0,blend,0.481,65.8527,0.0,58.0631,58.0631,68.6503,63.2595,11.3834,10.5132,4274
2016-11-17 00:00:00,62.54,blend,0.481,64.8328,0.0,79.5517,79.5517,67.4166,62.4379,11.382,10.508,4275
2016-11-17 01:00:00,63.09,blend,0.481,65.9597,0.0,68.5177,68.5177,68.3392,63.7542,11.3832,10.5058,4276
2016-11-17 02:00:00,62.07,blend,0.481,68.6438,0.0,63.9953,63.9953,71.7647,65.751,11.3888,10.5029,4277
2016-11-17 03:00:00,61.28,blend,0.481,72.9829,0.0,63.2221,63.2221,78.0118,68.3215,11.4029,10.5028,4278
2016-11-17 04:00:00,60.7,blend,0.481,78.6454,0.0,79.8138,79.8138,86.7227,71.1583,11.4259,10.4971,4279
2016-11-17 05:00:00,70.25,blend,0.481,85.0864,0.0,64.1643,64.1643,96.8952,74.1406,11.4512,10.4764,4280
2016-11-17 06:00:00,68.15,blend,0.481,94.8583,0.0,81.0862,81.0862,106.9621,83.6391,11.4749,10.4626,4281
2016-11-17 07:00:00,80.48,blend,0.481,106.6197,0.0,112.8221,112.8221,114.0177,99.7623,11.4832,10.4221,4282
2016-11-17 08:00:00,91.31,blend,0.481,115.3966,0.0,108.5424,108.5424,117.184,113.7398,11.486,10.4148,4283
2016-11-17 09:00:00,103.27,blend,0.481,116.9216,0.0,124.0529,124.0529,118.5169,115.4429,11.4877,10.4129,4284
2016-11-17 10:00:00,111.02,blend,0.481,117.3365,0.0,117.3271,117.3271,118.898,115.8891,11.4888,10.4117,4285
2016-11-17 11:00:00,112.59,blend,0.481,117.4606,0.0,112.2264,112.2264,118.9782,116.0538,11.4898,10.411,4286
2016-11-17 12:00:00,121.2,blend,0.481,117.5274,0.0,100.8214,100.8214,118.9254,116.2316,11.4888,10.4114,4287
2016-11-17 13:00:00,120.64,blend,0.481,117.249,0.0,112.6813,112.6813,118.5011,116.0883,11.4874,10.4115,4288
2016-11-17 14:00:00,116.57,blend,0.481,116.737,0.0,129.2319,129.2319,117.7785,115.7716,11.4885,10.4128,4289
2016-11-17 15:00:00,121.01,blend,0.481,116.1413,0.0,106.3538,106.3538,116.6018,115.7143,11.4884,10.4136,4290
2016-11-17 16:00:00,112.84,blend,0.481,114.4233,0.0,100.5504,100.5504,114.0191,114.798,11.4879,10.4137,4291
2016-11-17 17:00:00,108.59,blend,0.481,111.7922,0.0,110.6246,110.6246,110.0007,113.4529,11.487,10.4144,4292
2016-11-17 18:00:00,98.48,blend,0.481,106.8526,0.0,91.0193,91.0193,102.8461,110.5664,11.4858,10.4175,4293
2016-11-17 19:00:00,85.69,blend,0.481,98.5609,0.0,89.019,89.019,93.902,102.8793,11.4816,10.4124,4294
2016-11-17 20:00:00,79.34,blend,0.481,87.4656,0.0,97.2487,97.2487,84.4829,90.2304,11.4742,10.3883,4295
2016-11-17 21:00:00,68.41,blend,0.481,75.8011,0.0,79.5266,79.5266,77.3955,74.3232,11.468,10.3705,4296
2016-11-17 22:00:00,60.93,blend,0.481,68.6184,0.0,69.493,69.493,72.0202,65.4652,11.4622,10.3635,4297
2016-11-17 23:00:00,60.03,blend,0.481,65.4587,0.0,51.5219,51.5219,68.6005,62.5465,11.4551,10.3584,4298
2016-11-18 00:00:00,59.7,blend,0.481,64.1213,0.0,65.8588,65.8588,66.9925,61.46,11.4477,10.3548,4299
2016-11-18 01:00:00,59.93,blend,0.481,65.1908,0.0,60.3703,60.3703,67.2883,63.2466,11.4244,10.3359,4300
2016-11-18 02:00:00,57.87,blend,0.481,67.1163,0.0,72.7435,72.7435,69.6828,64.7373,11.412,10.3261,4301
2016-11-18 03:00:00,58.03,blend,0.481,70.2831,0.0,74.4546,74.4546,74.098,66.7471,11.3988,10.3135,4302
2016-11-18 04:00:00,57.16,blend,0.481,74.5795,0.0,67.2921,67.2921,80.6445,68.9577,11.3934,10.3059,4303
2016-11-18 05:00:00,67.59,blend,0.481,79.85,0.0,72.7564,72.7564,89.1108,71.266,11.3335,10.2318,4304
2016-11-18 06:00:00,65.38,blend,0.481,87.6364,0.0,70.4583,70.4583,98.8748,77.2192,11.2865,10.1628,4305
2016-11-18 07:00:00,70.99,blend,0.481,96.9062,0.0,88.2358,88.2358,108.2384,86.4021,11.2103,10.0386,4306
2016-11-18 08:00:00,74.31,blend,0.481,106.308,0.0,81.0471,81.0471,113.5576,99.5882,11.0952,9.8783,4307
2016-11-18 09:00:00,84.08,blend,0.481,109.34,0.0,110.3071,110.3071,115.7033,103.4417,10.9023,9.6332,4308
2016-11-18 10:00:00,89.15,blend,0.481,110.9306,0.0,93.6963,93.6963,115.9047,106.32,10.6901,9.3679,4309
2016-11-18 11:00:00,94.84,blend,0.481,112.2488,0.0,117.0504,117.0504,115.6971,109.0525,10.4866,9.1183,4310
2016-11-18 12:00:00,96.74,blend,0.481,112.1533,0.0,88.8946,88.8946,114.7523,109.7443,10.3228,8.901,4311
2016-11-18 13:00:00,98.27,blend,0.481,111.1085,0.0,111.3964,111.3964,113.119,109.245,10.1967,8.6987,4312
2016-11-18 14:00:00,99.44,blend,0.481,108.3371,0.0,109.6283,109.6283,109.9346,106.8562,10.0984,8.5395,4313
2016-11-18 15:00:00,92.74,blend,0.481,102.2542,0.0,103.3288,103.3288,104.5411,100.1345,10.0489,8.4596,4314
2016-11-18 16:00:00,86.97,blend,0.481,94.6196,0.0,94.0871,94.0871,97.4869,91.9619,10.0268,8.4124,4315
2016-11-18 17:00:00,81.77,blend,0.481,84.0549,0.0,78.3634,78.3634,87.91,80.4815,10.0036,8.375,4316
2016-11-18 18:00:00,74.03,blend,0.481,74.5446,0.0,65.2231,65.2231,78.5066,70.872,9.9939,8.3795,4317
2016-11-18 19:00:00,67.54,blend,0.481,68.777,0.0,67.6078,67.6078,71.9188,65.8648,10.0099,8.357,4318
2016-11-18 20:00:00,64.06,blend,0.481,65.7775,0.0,64.4521,64.4521,68.4857,63.2672,10.0269,8.3269,4319
2016-11-18 21:00:00,64.43,blend,0.481,63.3167,0.0,65.6183,65.6183,65.7745,61.0385,9.9959,8.2832,4320
2016-11-18 22:00:00,57.58,blend,0.481,61.7614,0.0,67.0545,67.0545,63.9634,59.7202,10.0181,8.2536,4321
2016-11-18 23:00:00,57.11,blend,0.481,61.5407,0.0,70.0022,70.0022,63.3386,59.8742,10.0362,8.2281,4322
2016-11-19 00:00:00,55.41,blend,0.481,61.7054,0.0,64.7319,64.7319,63.164,60.3535,10.0457,8.1977,4323
2016-11-19 01:00:00,55.88,blend,0.481,61.8559,0.0,60.0644,60.0644,62.254,61.4869,10.0515,8.2115,4324
2016-11-19 02:00:00,54.88,blend,0.481,62.3508,0.0,67.7294,67.7294,61.9287,62.7421,10.0507,8.2204,4325
2016-11-19 03:00:00,54.06,blend,0.481,63.5739,0.0,63.1648,63.1648,62.3678,64.6918,10.0521,8.2362,4326
2016-11-19 04:00:00,54.16,blend,0.481,64.9084,0.0,61.1149,61.1149,63.3373,66.3646,10.0566,8.2577,4327
2016-11-19 05:00:00,55.29,blend,0.481,66.1199,0.0,58.0627,58.0627,64.4647,67.6541,10.0617,8.2793,4328
2016-11-19 06:00:00,55.98,blend,0.481,68.1612,0.0,70.7414,70.7414,66.344,69.8456,10.0711,8.3061,4329
2016-11-19 07:00:00,55.77,blend,0.481,69.5766,0.0,61.5267,61.5267,68.0605,70.9818,10.0839,8.3321,4330
2016-11-19 08:00:00,52.86,blend,0.481,70.5837,0.0,69.2495,69.2495,69.702,71.401,10.1003,8.3551,4331
2016-11-19 09:00:00,48.96,blend,0.481,68.7199,0.0,70.5199,70.5199,68.4423,68.9772,10.1187,8.3767,4332
2016-11-19 10:00:00,48.43,blend,0.481,66.7762,0.0,61.7107,61.7107,66.1822,67.3268,10.1334,8.3941,4333
2016-11-19 11:00:00,49.03,blend,0.481,65.2842,0.0,61.589,61.589,64.0362,66.441,10.1455,8.4118,4334
2016-11-19 12:00:00,51.46,blend,0.481,64.0988,0.0,73.9953,73.9953,62.2145,65.8454,10.1554,8.4319,4335
2016-11-19 13:00:00,52.73,blend,0.481,62.936,0.0,73.6053,73.6053,60.6679,65.0383,10.1623,8.4536,4336
2016-11-19 14:00:00,52.57,blend,0.481,61.9198,0.0,71.8226,71.8226,59.5061,64.1571,10.1684,8.4756,4337
2016-11-19 15:00:00,52.47,blend,0.481,60.8264,0.0,55.1825,55.1825,58.4765,63.0045,10.1738,8.4985,4338
2016-11-19 16:00:00,52.48,blend,0.481,59.8931,0.0,69.2997,69.2997,57.7894,61.8431,10.1807,8.5231,4339
2016-11-19 17:00:00,51.97,blend,0.481,59.2637,0.0,69.3576,69.3576,57.1009,61.2684,10.1886,8.5529,4340
2016-11-19 18:00:00,51.6,blend,0.481,58.132,0.0,67.3341,67.3341,56.3678,59.7672,10.1966,8.5806,4341
2016-11-19 19:00:00,54.86,blend,0.481,56.6665,0.0,53.2885,53.2885,55.547,57.7043,10.1975,8.5931,4342
2016-11-19 20:00:00,56.82,blend,0.481,56.5833,0.0,60.7176,60.7176,56.1697,56.9667,10.1868,8.5781,4343
2016-11-19 21:00:00,56.31,blend,0.481,56.5745,0.0,55.3882,55.3882,56.3724,56.7619,10.1748,8.5678,4344
2016-11-19 22:00:00,56.04,blend,0.481,56.6641,0.0,54.3571,54.3571,56.9659,56.3844,10.1711,8.5604,4345
2016-11-19 23:00:00,55.81,blend,0.481,57.1303,0.0,63.9126,63.9126,57.3716,56.9067,10.1744,8.5622,4346
2016-11-20 00:00:00,55.95,blend,0.481,57.9768,0.0,55.9962,55.9962,58.1578,57.809,10.1829,8.5724,4347
2016-11-20 01:00:00,56.23,blend,0.481,59.8773,0.0,62.104,62.104,59.2652,60.4447,10.199,8.5862,4348
2016-11-20 02:00:00,55.42,blend,0.481,61.6323,0.0,69.4869,69.4869,60.8684,62.3403,10.2231,8.599,4349
2016-11-20 03:00:00,55.33,blend,0.481,63.5315,0.0,62.7744,62.7744,62.5072,64.4809,10.2497,8.611,4350
2016-11-20 04:00:00,55.32,blend,0.481,65.0019,0.0,64.0985,64.0985,64.5482,65.4225,10.2811,8.6182,4351
2016-11-20 05:00:00,57.7,blend,0.481,66.5947,0.0,68.5762,68.5762,66.0291,67.119,10.3125,8.6276,4352
2016-11-20 06:00:00,57.53,blend,0.481,68.1886,0.0,69.512,69.512,67.8085,68.5409,10.3455,8.6373,4353
2016-11-20 07:00:00,57.48,blend,0.481,69.6666,0.0,71.0407,71.0407,69.7897,69.5524,10.3811,8.6463,4354
2016-11-20 08:00:00,53.88,blend,0.481,70.612,0.0,65.0819,65.0819,71.4095,69.8727,10.4191,8.6538,4355
2016-11-20 09:00:00,50.22,blend,0.481,68.6748,0.0,79.2629,79.2629,69.6974,67.7269,10.4559,8.6635,4356
2016-11-20 10:00:00,50.51,blend,0.481,67.5403,0.0,68.1366,68.1366,68.1469,66.978,10.4933,8.6749,4357
2016-11-20 11:00:00,51.31,blend,0.481,66.4323,0.0,70.1324,70.1324,66.9447,65.9575,10.5324,8.6876,4358
2016-11-20 12:00:00,51.54,blend,0.481,66.2074,0.0,53.7435,53.7435,66.6121,65.8322,10.5763,8.703,4359
2016-11-20 13:00:00,52.22,blend,0.481,66.0248,0.0,60.461,60.461,66.5058,65.5789,10.6249,8.7223,4360
2016-11-20 14:00:00,51.99,blend,0.481,65.5618,0.0,62.9282,62.9282,66.0709,65.0899,10.676,8.7469,4361
2016-11-20 15:00:00,52.44,blend,0.481,64.7837,0.0,69.2762,69.2762,65.1445,64.4494,10.7276,8.7757,4362
2016-11-20 16:00:00,53.68,blend,0.481,63.7833,0.0,54.614,54.614,64.2739,63.3286,10.778,8.8092,4363
2016-11-20 17:00:00,53.71,blend,0.481,63.0129,0.0,73.293,73.293,63.6086,62.4607,10.8287,8.846,4364
2016-11-20 18:00:00,55.5,blend,0.481,62.1248,0.0,62.4136,62.4136,62.6163,61.6692,10.8649,8.8803,4365
2016-11-20 19:00:00,60.16,blend,0.481,61.312,0.0,53.2648,53.2648,61.9209,60.7476,10.8376,8.8501,4366
2016-11-20 20:00:00,60.68,blend,0.481,62.2773,0.0,51.0928,51.0928,62.5977,61.9803,10.8106,8.8237,4367
2016-11-20 21:00:00,65.14,pretransfer,0.0,61.9118,0.0,59.8939,59.8939,62.4506,61.9118,10.7643,8.7856,4368
2016-11-20 22:00:00,61.73,pretransfer,0.0,61.9868,0.0,63.0902,63.0902,62.6258,61.9868,10.7305,8.7536,4369
2016-11-20 23:00:00,62.66,pretransfer,0.0,62.5603,0.0,57.5334,57.5334,63.5642,62.5603,10.6957,8.7235,4370
2016-11-21 00:00:00,66.43,pretransfer,0.0,64.1115,0.0,75.4477,75.4477,64.0417,64.1115,10.6521,8.6937,4371
2016-11-21 01:00:00,68.65,pretransfer,0.0,67.0522,0.0,58.5516,58.5516,66.1636,67.0522,10.6093,8.6698,4372
2016-11-21 02:00:00,66.68,pretransfer,0.0,70.8145,0.0,72.5483,72.5483,71.1538,70.8145,10.6163,8.6819,4373
2016-11-21 03:00:00,66.53,pretransfer,0.0,74.7559,0.0,84.2513,84.2513,78.042,74.7559,10.6649,8.69,4374
2016-11-21 04:00:00,61.8,pretransfer,0.0,79.8428,0.0,64.849,64.849,85.0967,79.8428,10.7125,8.7153,4375
2016-11-21 05:00:00,63.74,pretransfer,0.0,84.6285,0.0,82.3095,82.3095,92.0516,84.6285,10.7503,8.7509,4376
2016-11-21 06:00:00,64.86,pretransfer,0.0,89.7316,0.0,78.4542,78.4542,98.4073,89.7316,10.7791,8.7917,4377
2016-11-21 07:00:00,80.46,pretransfer,0.0,94.8888,0.0,106.707,106.707,104.123,94.8888,10.7922,8.8208,4378
2016-11-21 08:00:00,90.36,pretransfer,0.0,106.1992,0.0,80.6943,80.6943,110.4291,106.1992,10.7979,8.8427,4379
2016-11-21 09:00:00,102.24,pretransfer,0.0,111.3935,0.0,113.8471,113.8471,114.5164,111.3935,10.7989,8.8587,4380
2016-11-21 10:00:00,115.46,pretransfer,0.0,115.1544,0.0,111.5541,111.5541,116.547,115.1544,10.7976,8.855,4381
2016-11-21 11:00:00,119.08,pretransfer,0.0,116.1098,0.0,94.0872,94.0872,117.8079,116.1098,10.7985,8.8528,4382
2016-11-21 12:00:00,116.86,pretransfer,0.0,116.066,0.0,112.8781,112.8781,118.2828,116.066,10.7979,8.8522,4383
2016-11-21 13:00:00,112.14,pretransfer,0.0,115.9861,0.0,129.8035,129.8035,118.2144,115.9861,10.7982,8.8525,4384
2016-11-21 14:00:00,107.1,pretransfer,0.0,115.6438,0.0,141.1208,141.1208,117.4906,115.6438,10.8003,8.8527,4385
2016-11-21 15:00:00,103.9,pretransfer,0.0,114.6034,0.0,116.4775,116.4775,115.6927,114.6034,10.8088,8.8547,4386
2016-11-21 16:00:00,102.53,pretransfer,0.0,113.4853,0.0,103.9851,103.9851,112.5603,113.4853,10.8271,8.8572,4387
2016-11-21 17:00:00,93.22,pretransfer,0.0,110.682,0.0,112.4185,112.4185,107.0886,110.682,10.869,8.8789,4388
2016-11-21 18:00:00,87.77,pretransfer,0.0,102.9019,0.0,99.2567,99.2567,99.1979,102.9019,10.9256,8.8962,4389
2016-11-21 19:00:00,74.8,pretransfer,0.0,94.3841,0.0,90.899,90.899,91.2043,94.3841,10.9928,8.9374,4390
2016-11-21 20:00:00,72.12,pretransfer,0.0,86.5519,0.0,96.953,96.953,84.6148,86.5519,11.0541,8.9781,4391
2016-11-21 21:00:00,64.53,pretransfer,0.0,76.5448,0.0,93.9363,93.9363,79.5321,76.5448,11.1147,9.0097,4392
2016-11-21 22:00:00,61.57,pretransfer,0.0,71.3671,0.0,66.0321,66.0321,76.0651,71.3671,11.1706,9.0345,4393
2016-11-21 23:00:00,61.52,pretransfer,0.0,68.5592,0.0,66.6443,66.6443,73.6925,68.5592,11.2255,9.0539,4394
2016-11-22 00:00:00,62.78,pretransfer,0.0,68.1958,0.0,62.2766,62.2766,73.9288,68.1958,11.2844,9.0718,4395
2016-11-22 01:00:00,61.36,pretransfer,0.0,67.6262,0.0,72.4814,72.4814,76.6393,67.6262,11.3532,9.0837,4396
2016-11-22 02:00:00,62.0,pretransfer,0.0,69.5684,0.0,63.8396,63.8396,80.893,69.5684,11.4287,9.0986,4397
2016-11-22 03:00:00,61.51,pretransfer,0.0,71.827,0.0,73.3506,73.3506,86.9201,71.827,11.5116,9.1091,4398
2016-11-22 04:00:00,60.89,pretransfer,0.0,75.7799,0.0,85.1161,85.1161,94.7942,75.7799,11.5972,9.1196,4399
2016-11-22 05:00:00,62.74,pretransfer,0.0,79.0675,0.0,92.6974,92.6974,102.8385,79.0675,11.6755,9.1184,4400
2016-11-22 06:00:00,65.22,pretransfer,0.0,85.7117,0.0,87.3706,87.3706,109.7945,85.7117,11.734,9.1057,4401
2016-11-22 07:00:00,76.44,pretransfer,0.0,94.5172,0.0,96.7588,96.7588,114.1545,94.5172,11.7655,9.0669,4402
2016-11-22 08:00:00,87.94,pretransfer,0.0,108.6219,0.0,88.217,88.217,116.9137,108.6219,11.7794,9.0411,4403
2016-11-22 09:00:00,103.91,pretransfer,0.0,113.7079,0.0,128.3579,128.3579,118.1405,113.7079,11.7854,9.0313,4404
2016-11-22 10:00:00,108.71,pretransfer,0.0,115.7485,0.0,118.058,118.058,118.7364,115.7485,11.7895,9.0295,4405
2016-11-22 11:00:00,112.22,pretransfer,0.0,116.1366,0.0,113.6431,113.6431,119.045,116.1366,11.7925,9.029,4406
2016-11-22 12:00:00,110.43,pretransfer,0.0,116.1876,0.0,129.6923,129.6923,118.9958,116.1876,11.7952,9.0297,4407
2016-11-22 13:00:00,109.96,pretransfer,0.0,115.9979,0.0,129.2083,129.2083,118.6005,115.9979,11.798,9.0307,4408
2016-11-22 14:00:00,106.42,pretransfer,0.0,115.7591,0.0,141.8443,141.8443,117.7244,115.7591,11.8025,9.0321,4409
2016-11-22 15:00:00,109.55,pretransfer,0.0,114.9957,0.0,123.0929,123.0929,115.9752,114.9957,11.8094,9.0336,4410
2016-11-22 16:00:00,98.47,pretransfer,0.0,113.9946,0.0,133.9482,133.9482,112.9205,113.9946,11.8206,9.0392,4411
2016-11-22 17:00:00,90.04,pretransfer,0.0,111.0644,0.0,97.7692,97.7692,107.9357,111.0644,11.8398,9.0545,4412
2016-11-22 18:00:00,85.75,pretransfer,0.0,103.7345,0.0,94.8101,94.8101,98.2311,103.7345,11.869,9.0817,4413
2016-11-22 19:00:00,81.02,pretransfer,0.0,90.5408,0.0,82.405,82.405,86.402,90.5408,11.8995,9.1182,4414
2016-11-22 20:00:00,77.72,pretransfer,0.0,81.554,0.0,74.8682,74.8682,78.6328,81.554,11.8819,9.127,4415
2016-11-22 21:00:00,74.07,pretransfer,0.0,74.425,0.0,75.8265,75.8265,74.4808,74.425,11.8589,9.1019,4416
2016-11-22 22:00:00,69.39,pretransfer,0.0,69.5747,0.0,60.1142,60.1142,71.4908,69.5747,11.8571,9.0848,4417
2016-11-22 23:00:00,66.51,pretransfer,0.0,67.3779,0.0,68.4502,68.4502,69.5089,67.3779,11.8701,9.0823,4418
2016-11-23 00:00:00,64.98,pretransfer,0.0,66.012,0.0,60.891,60.891,68.7979,66.012,11.8901,9.0873,4419
2016-11-23 01:00:00,64.33,pretransfer,0.0,65.2724,0.0,79.9051,79.9051,69.2782,65.2724,11.9102,9.0915,4420
2016-11-23 02:00:00,63.74,pretransfer,0.0,66.0219,0.0,70.9062,70.9062,72.1535,66.0219,11.9312,9.0904,4421
2016-11-23 03:00:00,63.91,pretransfer,0.0,68.5033,0.0,63.0849,63.0849,77.5804,68.5033,11.9552,9.0878,4422
2016-11-23 04:00:00,62.63,pretransfer,0.0,71.2809,0.0,69.4028,69.4028,85.9708,71.2809,11.9862,9.0842,4423
2016-11-23 05:00:00,72.54,pretransfer,0.0,74.7258,0.0,87.5818,87.5818,96.7962,74.7258,12.0193,9.0666,4424
2016-11-23 06:00:00,70.79,pretransfer,0.0,80.5792,0.0,86.356,86.356,106.7609,80.5792,12.054,9.0475,4425
2016-11-23 07:00:00,85.18,pretransfer,0.0,90.8628,0.0,102.4822,102.4822,113.6393,90.8628,12.0721,8.9933,4426
2016-11-23 08:00:00,94.64,pretransfer,0.0,107.0768,0.0,125.7084,125.7084,116.8939,107.0768,12.081,8.9588,4427
2016-11-23 09:00:00,105.9,pretransfer,0.0,112.6557,0.0,131.6813,131.6813,118.2826,112.6557,12.0856,8.9452,4428
2016-11-23 10:00:00,118.73,pretransfer,0.0,115.3266,0.0,110.7566,110.7566,118.7932,115.3266,12.0839,8.9502,4429
2016-11-23 11:00:00,128.05,pretransfer,0.0,115.8817,0.0,99.7763,99.7763,119.0416,115.8817,12.082,8.9524,4430
2016-11-23 12:00:00,129.47,pretransfer,0.0,116.1146,0.0,113.3471,113.3471,119.2122,116.1146,12.0806,8.9536,4431
2016-11-23 13:00:00,125.96,pretransfer,0.0,116.1924,0.0,112.1661,112.1661,119.2065,116.1924,12.0792,8.9543,4432
2016-11-23 14:00:00,124.88,pretransfer,0.0,116.1753,0.0,112.612,112.612,118.9599,116.1753,12.0779,8.955,4433
2016-11-23 15:00:00,125.96,pretransfer,0.0,116.0463,0.0,131.0542,131.0542,118.3605,116.0463,12.0756,8.9546,4434
2016-11-23 16:00:00,116.13,pretransfer,0.0,115.8681,0.0,124.5809,124.5809,117.3523,115.8681,12.0799,8.9526,4435
2016-11-23 17:00:00,108.08,pretransfer,0.0,115.2556,0.0,124.0576,124.0576,115.2767,115.2556,12.0887,8.9575,4436
2016-11-23 18:00:00,100.25,pretransfer,0.0,113.2889,0.0,110.0766,110.0766,110.4062,113.2889,12.1041,8.963,4437
2016-11-23 19:00:00,81.27,pretransfer,0.0,108.2385,0.0,116.5391,116.5391,102.2728,108.2385,12.1292,8.9908,4438
2016-11-23 20:00:00,78.14,pretransfer,0.0,98.9707,0.0,95.2699,95.2699,92.1681,98.9707,12.1508,9.0094,4439
2016-11-23 21:00:00,64.98,pretransfer,0.0,82.6316,0.0,79.6807,79.6807,82.5427,82.6316,12.174,9.0471,4440
2016-11-23 22:00:00,62.26,pretransfer,0.0,69.4294,0.0,85.2256,85.2256,75.4618,69.4294,12.1906,9.0627,4441
2016-11-23 23:00:00,63.0,pretransfer,0.0,64.4212,0.0,69.174,69.174,70.6568,64.4212,12.2025,9.0696,4442
2016-11-24 00:00:00,62.54,pretransfer,0.0,63.2603,0.0,49.1088,49.1088,69.2739,63.2603,12.2136,9.0733,4443
2016-11-24 01:00:00,57.45,pretransfer,0.0,63.6311,0.0,74.7524,74.7524,69.977,63.6311,12.2569,9.1061,4444
2016-11-24 02:00:00,56.82,pretransfer,0.0,64.6393,0.0,65.7318,65.7318,72.26,64.6393,12.2911,9.1307,4445
2016-11-24 03:00:00,56.49,pretransfer,0.0,66.607,0.0,61.5815,61.5815,76.2835,66.607,12.3093,9.149,4446
2016-11-24 04:00:00,56.63,pretransfer,0.0,68.6173,0.0,76.9057,76.9057,83.6107,68.6173,12.315,9.1581,4447
2016-11-24 05:00:00,57.91,pretransfer,0.0,71.503,0.0,65.5853,65.5853,93.5003,71.503,12.3683,9.2159,4448
2016-11-24 06:00:00,57.99,pretransfer,0.0,82.085,0.0,91.888,91.888,105.192,82.085,12.4182,9.2671,4449
2016-11-24 07:00:00,57.94,pretransfer,0.0,90.7481,0.0,101.8178,101.8178,111.8622,90.7481,12.5396,9.3476,4450
2016-11-24 08:00:00,54.92,pretransfer,0.0,108.018,0.0,104.2886,104.2886,116.0364,108.018,12.7493,9.5302,4451
2016-11-24 09:00:00,50.99,pretransfer,0.0,111.7898,0.0,85.4284,85.4284,117.1586,111.7898,13.0524,9.8196,4452
2016-11-24 10:00:00,50.68,pretransfer,0.0,111.6476,0.0,96.7308,96.7308,116.3964,111.6476,13.3967,10.1535,4453
2016-11-24 11:00:00,51.84,pretransfer,0.0,110.7677,0.0,90.6228,90.6228,113.9733,110.7677,13.7285,10.4837,4454
2016-11-24 12:00:00,51.93,pretransfer,0.0,107.5937,0.0,87.7048,87.7048,109.1299,107.5937,14.0555,10.7854,4455
2016-11-24 13:00:00,52.74,pretransfer,0.0,104.2633,0.0,122.6587,122.6587,101.3099,104.2633,14.3318,11.065,4456
2016-11-24 14:00:00,52.61,pretransfer,0.0,92.2028,0.0,94.5782,94.5782,89.1692,92.2028,14.5423,11.2959,4457
2016-11-24 15:00:00,52.93,pretransfer,0.0,77.189,0.0,70.8495,70.8495,77.2212,77.189,14.6606,11.4088,4458
2016-11-24 16:00:00,54.28,pretransfer,0.0,68.9115,0.0,66.9749,66.9749,68.7306,68.9115,14.7396,11.4843,4459
2016-11-24 17:00:00,54.41,pretransfer,0.0,61.8428,0.0,50.5254,50.5254,62.5719,61.8428,14.7798,11.4996,4460
2016-11-24 18:00:00,55.81,pretransfer,0.0,57.9016,0.0,59.057,59.057,59.2265,57.9016,14.7741,11.4401,4461
2016-11-24 19:00:00,61.55,pretransfer,0.0,55.3316,0.0,45.023,45.023,57.003,55.3316,14.7523,11.3748,4462
2016-11-24 20:00:00,61.34,pretransfer,0.0,54.7809,0.0,47.3263,47.3263,56.3599,54.7809,14.7514,11.349,4463
2016-11-24 21:00:00,66.3,pretransfer,0.0,54.4648,0.0,75.0337,75.0337,56.3147,54.4648,14.7573,11.3842,4464
2016-11-24 22:00:00,62.7,pretransfer,0.0,54.5326,0.0,58.2339,58.2339,56.147,54.5326,14.7303,11.4059,4465
2016-11-24 23:00:00,63.69,pretransfer,0.0,55.1783,0.0,36.7971,36.7971,56.7466,55.1783,14.7206,11.4415,4466
2016-11-25 00:00:00,67.4,pretransfer,0.0,56.3864,0.0,60.4021,60.4021,57.4583,56.3864,14.7364,11.4966,4467
2016-11-25 01:00:00,59.93,pretransfer,0.0,58.5522,0.0,47.8383,47.8383,58.8701,58.5522,14.6989,11.4851,4468
2016-11-25 02:00:00,57.87,pretransfer,0.0,60.5235,0.0,61.401,61.401,61.0663,60.5235,14.6476,11.46,4469
2016-11-25 03:00:00,58.03,pretransfer,0.0,61.5646,0.0,44.5519,44.5519,63.0928,61.5646,14.5821,11.4292,4470
2016-11-25 04:00:00,57.16,pretransfer,0.0,63.0308,0.0,48.5179,48.5179,65.529,63.0308,14.4921,11.3939,4471
2016-11-25 05:00:00,67.59,pretransfer,0.0,64.9406,0.0,70.3844,70.3844,69.2643,64.9406,14.374,11.3878,4472
2016-11-25 06:00:00,65.38,pretransfer,0.0,66.9441,0.0,72.1791,72.1791,74.4277,66.9441,14.2285,11.3266,4473
2016-11-25 07:00:00,70.99,pretransfer,0.0,70.2345,0.0,57.52,57.52,81.8299,70.2345,14.0713,11.2394,4474
2016-11-25 08:00:00,74.31,pretransfer,0.0,73.4594,0.0,82.1041,82.1041,88.3448,73.4594,13.9212,11.094,4475
2016-11-25 09:00:00,84.08,pretransfer,0.0,71.8152,0.0,69.3739,69.3739,89.2804,71.8152,13.7639,11.0517,4476
2016-11-25 10:00:00,89.15,pretransfer,0.0,73.7239,0.0,67.4191,67.4191,89.4395,73.7239,13.6064,11.0413,4477
2016-11-25 11:00:00,94.84,pretransfer,0.0,78.3175,0.0,87.8963,87.8963,90.8387,78.3175,13.5061,11.0551,4478
2016-11-25 12:00:00,96.74,pretransfer,0.0,83.2638,0.0,88.7142,88.7142,92.3043,83.2638,13.4253,11.0579,4479
2016-11-25 13:00:00,98.27,pretransfer,0.0,86.9696,0.0,84.149,84.149,92.4349,86.9696,13.3716,11.0598,4480
2016-11-25 14:00:00,99.44,pretransfer,0.0,86.0612,0.0,79.3626,79.3626,90.5218,86.0612,13.3622,11.0953,4481
2016-11-25 15:00:00,92.74,pretransfer,0.0,80.589,0.0,78.6955,78.6955,87.1625,80.589,13.3252,11.1236,4482
2016-11-25 16:00:00,86.97,pretransfer,0.0,75.1368,0.0,61.4512,61.4512,83.3687,75.1368,13.284,11.1644,4483
2016-11-25 17:00:00,81.77,pretransfer,0.0,69.8504,0.0,74.8149,74.8149,78.1893,69.8504,13.2688,11.2276,4484
2016-11-25 18:00:00,74.03,pretransfer,0.0,65.8524,0.0,44.0239,44.0239,73.3247,65.8524,13.2463,11.2575,4485
2016-11-25 19:00:00,67.54,pretransfer,0.0,63.0474,0.0,67.8927,67.8927,69.5314,63.0474,13.2321,11.2743,4486
2016-11-25 20:00:00,64.06,pretransfer,0.0,62.0598,0.0,60.2803,60.2803,67.7238,62.0598,13.2276,11.2815,4487
2016-11-25 21:00:00,64.43,pretransfer,0.0,60.1269,0.0,58.9688,58.9688,65.8742,60.1269,13.2282,11.2869,4488
2016-11-25 22:00:00,57.58,pretransfer,0.0,59.4813,0.0,60.3055,60.3055,64.9318,59.4813,13.2339,11.2855,4489
2016-11-25 23:00:00,57.11,pretransfer,0.0,59.3791,0.0,48.6382,48.6382,64.6352,59.3791,13.2416,11.2825,4490
2016-11-26 00:00:00,55.41,pretransfer,0.0,59.7796,0.0,57.1643,57.1643,64.7249,59.7796,13.2509,11.2791,4491
2016-11-26 01:00:00,55.88,pretransfer,0.0,60.7424,0.0,58.9239,58.9239,63.9762,60.7424,13.2612,11.2747,4492
2016-11-26 02:00:00,54.88,pretransfer,0.0,61.9548,0.0,63.73,63.73,63.5822,61.9548,13.271,11.27,4493
2016-11-26 03:00:00,54.06,pretransfer,0.0,62.8706,0.0,74.0861,74.0861,64.105,62.8706,13.2814,11.2592,4494
2016-11-26 04:00:00,54.16,pretransfer,0.0,64.1805,0.0,65.2984,65.2984,65.1309,64.1805,13.2921,11.2461,4495
2016-11-26 05:00:00,55.29,pretransfer,0.0,65.7189,0.0,80.7636,80.7636,66.3816,65.7189,13.3035,11.2346,4496
2016-11-26 06:00:00,55.98,pretransfer,0.0,67.1483,0.0,61.6704,61.6704,68.4161,67.1483,13.3158,11.2186,4497
2016-11-26 07:00:00,55.77,pretransfer,0.0,67.6948,0.0,82.976,82.976,70.1965,67.6948,13.3285,11.199,4498
2016-11-26 08:00:00,52.86,pretransfer,0.0,68.3953,0.0,62.8784,62.8784,71.7372,68.3953,13.3406,11.1811,4499
2016-11-26 09:00:00,48.96,pretransfer,0.0,66.2505,0.0,71.0252,71.0252,70.445,66.2505,13.3525,11.1649,4500
2016-11-26 10:00:00,48.43,pretransfer,0.0,65.4414,0.0,66.7513,66.7513,68.6399,65.4414,13.3672,11.1537,4501
2016-11-26 11:00:00,49.03,pretransfer,0.0,64.906,0.0,65.7757,65.7757,67.0157,64.906,13.3849,11.1445,4502
2016-11-26 12:00:00,51.46,pretransfer,0.0,64.2861,0.0,52.2209,52.2209,65.8689,64.2861,13.4067,11.1352,4503
2016-11-26 13:00:00,52.73,pretransfer,0.0,63.697,0.0,58.315,58.315,64.8462,63.697,13.4315,11.1273,4504
2016-11-26 14:00:00,52.57,pretransfer,0.0,62.8557,0.0,60.9587,60.9587,64.066,62.8557,13.4587,11.1195,4505
2016-11-26 15:00:00,52.47,pretransfer,0.0,61.6898,0.0,65.9478,65.9478,62.9851,61.6898,13.4855,11.1117,4506
2016-11-26 16:00:00,52.48,pretransfer,0.0,59.9092,0.0,57.8956,57.8956,61.7304,59.9092,13.509,11.1002,4507
2016-11-26 17:00:00,51.97,pretransfer,0.0,58.0612,0.0,71.4405,71.4405,60.5297,58.0612,13.5294,11.0811,4508
2016-11-26 18:00:00,51.6,pretransfer,0.0,56.2517,0.0,57.7508,57.7508,59.3794,56.2517,13.5473,11.0602,4509
2016-11-26 19:00:00,54.86,pretransfer,0.0,54.6569,0.0,64.4769,64.4769,58.2014,54.6569,13.5631,11.0444,4510
2016-11-26 20:00:00,56.82,pretransfer,0.0,54.265,0.0,43.529,43.529,58.211,54.265,13.5675,11.0588,4511
2016-11-26 21:00:00,56.31,pretransfer,0.0,54.2055,0.0,55.6201,55.6201,58.0305,54.2055,13.5774,11.0686,4512
2016-11-26 22:00:00,56.04,pretransfer,0.0,54.4662,0.0,58.4806,58.4806,58.201,54.4662,13.5847,11.0759,4513
2016-11-26 23:00:00,55.81,pretransfer,0.0,54.9904,0.0,70.3801,70.3801,58.3137,54.9904,13.5903,11.0743,4514
2016-11-27 00:00:00,55.95,pretransfer,0.0,55.9211,0.0,51.3552,51.3552,58.5515,55.9211,13.5927,11.0634,4515
2016-11-27 01:00:00,56.23,pretransfer,0.0,57.9317,0.0,56.3063,56.3063,59.3363,57.9317,13.5931,11.0484,4516
2016-11-27 02:00:00,55.42,pretransfer,0.0,60.7001,0.0,67.8514,67.8514,60.1876,60.7001,13.5891,11.0387,4517
2016-11-27 03:00:00,55.33,pretransfer,0.0,63.1178,0.0,58.4801,58.4801,61.0914,63.1178,13.5806,11.0306,4518
2016-11-27 04:00:00,55.32,pretransfer,0.0,64.1635,0.0,75.1994,75.1994,62.248,64.1635,13.5669,11.0231,4519
2016-11-27 05:00:00,57.7,pretransfer,0.0,65.7871,0.0,70.7501,70.7501,63.6074,65.7871,13.5525,11.0151,4520
2016-11-27 06:00:00,57.53,pretransfer,0.0,66.6171,0.0,57.7464,57.7464,65.0293,66.6171,13.536,11.0037,4521
2016-11-27 07:00:00,57.48,pretransfer,0.0,67.0946,0.0,68.2691,68.2691,66.2083,67.0946,13.5147,10.9891,4522
2016-11-27 08:00:00,53.88,pretransfer,0.0,67.385,0.0,49.1636,49.1636,66.9646,67.385,13.4882,10.9742,4523
2016-11-27 09:00:00,50.22,pretransfer,0.0,64.9878,0.0,60.3915,60.3915,64.9642,64.9878,13.46,10.9579,4524
2016-11-27 10:00:00,50.51,pretransfer,0.0,64.0284,0.0,62.4707,62.4707,63.1828,64.0284,13.4305,10.9404,4525
2016-11-27 11:00:00,51.31,pretransfer,0.0,63.2801,0.0,64.2035,64.2035,61.8278,63.2801,13.4,10.9244,4526
2016-11-27 12:00:00,51.54,pretransfer,0.0,62.7888,0.0,50.8134,50.8134,60.8824,62.7888,13.3659,10.9063,4527
2016-11-27 13:00:00,52.22,pretransfer,0.0,62.024,0.0,53.4845,53.4845,59.8533,62.024,13.3263,10.8852,4528
2016-11-27 14:00:00,51.99,pretransfer,0.0,60.7663,0.0,61.7251,61.7251,59.0199,60.7663,13.2844,10.8594,4529
2016-11-27 15:00:00,52.44,pretransfer,0.0,59.3459,0.0,45.2375,45.2375,58.1262,59.3459,13.2426,10.8291,4530
2016-11-27 16:00:00,53.68,pretransfer,0.0,57.764,0.0,56.5513,56.5513,57.19,57.764,13.2004,10.7959,4531
2016-11-27 17:00:00,53.71,pretransfer,0.0,56.2998,0.0,51.7674,51.7674,56.434,56.2998,13.1577,10.7593,4532
2016-11-27 18:00:00,55.5,pretransfer,0.0,55.2444,0.0,47.5682,47.5682,55.7422,55.2444,13.1168,10.7241,4533
2016-11-27 19:00:00,60.16,pretransfer,0.0,54.5258,0.0,53.0669,53.0669,55.1657,54.5258,13.136,10.7541,4534
2016-11-27 20:00:00,60.68,pretransfer,0.0,55.2665,0.0,48.2761,48.2761,55.473,55.2665,13.1556,10.7786,4535
2016-11-27 21:00:00,65.14,pretransfer,0.0,55.6116,0.0,59.6765,59.6765,55.8,55.6116,13.1952,10.8161,4536
2016-11-27 22:00:00,61.73,pretransfer,0.0,56.474,0.0,75.0231,75.0231,56.3044,56.474,13.2222,10.8458,4537
2016-11-27 23:00:00,62.66,pretransfer,0.0,57.585,0.0,58.9405,58.9405,57.0822,57.585,13.25,10.8755,4538
2016-11-28 00:00:00,66.43,pretransfer,0.0,59.4612,0.0,60.4254,60.4254,57.63,59.4612,13.2881,10.9031,4539
2016-11-28 01:00:00,68.65,pretransfer,0.0,62.49,0.0,66.7348,66.7348,59.8843,62.49,13.3255,10.9303,4540
2016-11-28 02:00:00,66.68,pretransfer,0.0,67.6697,0.0,65.7399,65.7399,64.645,67.6697,13.311,10.9116,4541
2016-11-28 03:00:00,66.53,pretransfer,0.0,70.8357,0.0,61.8204,61.8204,71.412,70.8357,13.2715,10.8882,4542
2016-11-28 04:00:00,61.8,pretransfer,0.0,73.9179,0.0,72.0386,72.0386,79.3002,73.9179,13.237,10.853,4543
2016-11-28 05:00:00,63.74,pretransfer,0.0,76.2572,0.0,65.6169,65.6169,87.4417,76.2572,13.2096,10.8031,4544
2016-11-28 06:00:00,64.86,pretransfer,0.0,80.6918,0.0,81.8478,81.8478,94.9444,80.6918,13.189,10.7493,4545
2016-11-28 07:00:00,80.46,pretransfer,0.0,83.4858,0.0,64.53,64.53,102.003,83.4858,13.1764,10.6815,4546
2016-11-28 08:00:00,90.36,pretransfer,0.0,96.3806,0.0,103.0372,103.0372,109.3723,96.3806,13.1701,10.623,4547
2016-11-28 09:00:00,102.24,pretransfer,0.0,105.4047,0.0,97.0186,97.0186,114.1502,105.4047,13.1679,10.5874,4548
2016-11-28 10:00:00,115.46,pretransfer,0.0,113.6983,0.0,116.6234,116.6234,116.6656,113.6983,13.1686,10.596,4549
2016-11-28 11:00:00,119.08,pretransfer,0.0,115.871,0.0,112.2,112.2,117.9755,115.871,13.1676,10.5975,4550
2016-11-28 12:00:00,116.86,pretransfer,0.0,116.0427,0.0,147.7638,147.7638,118.4739,116.0427,13.1687,10.5976,4551
2016-11-28 13:00:00,112.14,pretransfer,0.0,115.8762,0.0,136.0815,136.0815,118.3136,115.8762,13.1693,10.5969,4552
2016-11-28 14:00:00,107.1,pretransfer,0.0,115.5193,0.0,87.3095,87.3095,117.4457,115.5193,13.1691,10.5962,4553
2016-11-28 15:00:00,103.9,pretransfer,0.0,114.658,0.0,81.501,81.501,115.4167,114.658,13.1674,10.5965,4554
2016-11-28 16:00:00,102.53,pretransfer,0.0,112.6802,0.0,104.5716,104.5716,111.1315,112.6802,13.1589,10.5917,4555
2016-11-28 17:00:00,93.22,pretransfer,0.0,108.53,0.0,116.9889,116.9889,103.6964,108.53,13.1387,10.5789,4556
2016-11-28 18:00:00,87.77,pretransfer,0.0,100.3685,0.0,92.3161,92.3161,93.9506,100.3685,13.1075,10.5638,4557
2016-11-28 19:00:00,74.8,pretransfer,0.0,90.8002,0.0,87.6921,87.6921,84.3588,90.8002,13.0667,10.5425,4558
2016-11-28 20:00:00,72.12,pretransfer,0.0,81.1585,0.0,86.473,86.473,77.9435,81.1585,13.027,10.5104,4559
2016-11-28 21:00:00,64.53,pretransfer,0.0,71.9974,0.0,77.5732,77.5732,72.9189,71.9974,12.9877,10.4833,4560
2016-11-28 22:00:00,61.57,pretransfer,0.0,67.4625,0.0,68.77,68.77,69.6781,67.4625,12.9497,10.4601,4561
2016-11-28 23:00:00,61.52,pretransfer,0.0,65.4334,0.0,63.2278,63.2278,67.3874,65.4334,12.9121,10.4415,4562
2016-11-29 00:00:00,62.78,pretransfer,0.0,65.0426,0.0,56.2386,56.2386,67.0001,65.0426,12.8709,10.4227,4563
2016-11-29 01:00:00,61.36,pretransfer,0.0,64.7063,0.0,72.2751,72.2751,68.7337,64.7063,12.8238,10.4053,4564
2016-11-29 02:00:00,62.0,pretransfer,0.0,66.4826,0.0,81.0592,81.0592,72.7261,66.4826,12.7752,10.387,4565
2016-11-29 03:00:00,61.51,pretransfer,0.0,69.0302,0.0,66.6286,66.6286,78.2837,69.0302,12.7238,10.3703,4566
2016-11-29 04:00:00,60.89,pretransfer,0.0,71.408,0.0,66.3105,66.3105,86.0426,71.408,12.6717,10.3443,4567
2016-11-29 05:00:00,62.74,pretransfer,0.0,75.1162,0.0,72.9513,72.9513,94.7117,75.1162,12.6233,10.3208,4568
2016-11-29 06:00:00,65.22,pretransfer,0.0,81.5098,0.0,79.5065,79.5065,103.0645,81.5098,12.5833,10.2958,4569
2016-11-29 07:00:00,76.44,pretransfer,0.0,91.3294,0.0,83.8021,83.8021,109.7613,91.3294,12.5571,10.2768,4570
2016-11-29 08:00:00,87.94,pretransfer,0.0,108.4038,0.0,116.4166,116.4166,114.8825,108.4038,12.545,10.2755,4571
2016-11-29 09:00:00,103.91,pretransfer,0.0,113.9195,0.0,121.1285,121.1285,117.3488,113.9195,12.5403,10.2768,4572
2016-11-29 10:00:00,108.71,pretransfer,0.0,115.9057,0.0,106.7011,106.7011,118.1402,115.9057,12.5368,10.2777,4573
2016-11-29 11:00:00,112.22,pretransfer,0.0,116.2845,0.0,142.1003,142.1003,118.5029,116.2845,12.5336,10.2786,4574
2016-11-29 12:00:00,110.43,pretransfer,0.0,116.1051,0.0,124.453,124.453,118.3503,116.1051,12.5297,10.2781,4575
2016-11-29 13:00:00,109.96,pretransfer,0.0,115.8744,0.0,111.9373,111.9373,117.6821,115.8744,12.5242,10.2774,4576
2016-11-29 14:00:00,106.42,pretransfer,0.0,115.3996,0.0,116.971,116.971,116.3943,115.3996,12.5163,10.2752,4577
2016-11-29 15:00:00,109.55,pretransfer,0.0,113.7141,0.0,121.1553,121.1553,113.4776,113.7141,12.5015,10.2676,4578
2016-11-29 16:00:00,98.47,pretransfer,0.0,112.4455,0.0,109.0452,109.0452,108.6474,112.4455,12.476,10.2584,4579
2016-11-29 17:00:00,90.04,pretransfer,0.0,106.0846,0.0,113.4341,113.4341,101.6206,106.0846,12.4384,10.2287,4580
2016-11-29 18:00:00,85.75,pretransfer,0.0,96.2481,0.0,108.0611,108.0611,90.4146,96.2481,12.3919,10.1842,4581
2016-11-29 19:00:00,81.02,pretransfer,0.0,80.0232,0.0,81.8439,81.8439,78.831,80.0232,12.3729,10.1334,4582
2016-11-29 20:00:00,77.72,pretransfer,0.0,72.028,0.0,77.0093,77.0093,72.3813,72.028,12.3992,10.1445,4583
2016-11-29 21:00:00,74.07,pretransfer,0.0,67.5222,0.0,58.1048,58.1048,68.492,67.5222,12.43,10.1813,4584
2016-11-29 22:00:00,69.39,pretransfer,0.0,65.0062,0.0,46.1363,46.1363,65.6519,65.0062,12.4397,10.2063,4585
2016-11-29 23:00:00,66.51,pretransfer,0.0,63.6611,0.0,54.9761,54.9761,64.0116,63.6611,12.4368,10.2181,4586
2016-11-30 00:00:00,64.98,pretransfer,0.0,63.8375,0.0,71.6724,71.6724,63.3796,63.8375,12.4236,10.2188,4587
2016-11-30 01:00:00,64.33,pretransfer,0.0,62.7623,0.0,53.5951,53.5951,63.5427,62.7623,12.3988,10.2225,4588
2016-11-30 02:00:00,63.74,pretransfer,0.0,64.3348,0.0,62.8473,62.8473,65.4398,64.3348,12.3588,10.2125,4589
2016-11-30 03:00:00,63.91,pretransfer,0.0,66.2397,0.0,57.8318,57.8318,69.1121,66.2397,12.3084,10.199,4590
2016-11-30 04:00:00,62.63,pretransfer,0.0,69.2221,0.0,70.4969,70.4969,75.0725,69.2221,12.2436,10.1867,4591
2016-11-30 05:00:00,72.54,pretransfer,0.0,73.1739,0.0,55.6399,55.6399,83.9365,73.1739,12.167,10.1775,4592
2016-11-30 06:00:00,70.79,pretransfer,0.0,81.6364,0.0,83.1255,83.1255,95.2794,81.6364,12.0987,10.1838,4593
2016-11-30 07:00:00,85.18,pretransfer,0.0,94.5808,0.0,106.5125,106.5125,105.8631,94.5808,12.0524,10.2059,4594
2016-11-30 08:00:00,94.64,pretransfer,0.0,110.958,0.0,107.3044,107.3044,112.8954,110.958,12.0286,10.229,4595
2016-11-30 09:00:00,105.9,pretransfer,0.0,114.9011,0.0,83.2838,83.2838,116.3306,114.9011,12.017,10.2424,4596
2016-11-30 10:00:00,118.73,pretransfer,0.0,115.8372,0.0,129.6637,129.6637,117.4999,115.8372,12.0239,10.2394,4597
2016-11-30 11:00:00,128.05,pretransfer,0.0,115.6808,0.0,112.774,112.774,117.534,115.6808,12.0329,10.2405,4598
2016-11-30 12:00:00,129.47,pretransfer,0.0,116.4685,0.0,125.6356,125.6356,118.0174,116.4685,12.04,10.2384,4599
2016-11-30 13:00:00,125.96,pretransfer,0.0,116.2601,0.0,130.0705,130.0705,118.2258,116.2601,12.0458,10.238,4600
2016-11-30 14:00:00,124.88,pretransfer,0.0,116.0814,0.0,111.9988,111.9988,118.0257,116.0814,12.0514,10.2386,4601
2016-11-30 15:00:00,125.96,pretransfer,0.0,115.8566,0.0,99.1852,99.1852,117.2683,115.8566,12.0579,10.2397,4602
2016-11-30 16:00:00,116.13,pretransfer,0.0,115.4002,0.0,124.2601,124.2601,115.9417,115.4002,12.0517,10.2425,4603
2016-11-30 17:00:00,108.08,pretransfer,0.0,114.1334,0.0,92.7012,92.7012,113.2643,114.1334,12.0398,10.2358,4604
2016-11-30 18:00:00,100.25,pretransfer,0.0,111.9518,0.0,125.9548,125.9548,107.6382,111.9518,12.0233,10.2279,4605
2016-11-30 19:00:00,81.27,pretransfer,0.0,105.2811,0.0,107.3569,107.3569,99.0796,105.2811,12.0043,10.2103,4606
2016-11-30 20:00:00,78.14,pretransfer,0.0,92.5855,0.0,81.137,81.137,89.0235,92.5855,11.9856,10.1723,4607
2016-11-30 21:00:00,64.98,pretransfer,0.0,76.9464,0.0,78.4488,78.4488,79.8573,76.9464,11.9696,10.1384,4608
2016-11-30 22:00:00,62.26,pretransfer,0.0,66.7415,0.0,61.2268,61.2268,73.3046,66.7415,11.9567,10.1224,4609
2016-11-30 23:00:00,63.0,pretransfer,0.0,62.5882,0.0,53.2457,53.2457,66.9571,62.5882,11.9347,10.1164,4610
2016-12-01 00:00:00,62.54,pretransfer,0.0,62.6847,0.0,70.1506,70.1506,65.9264,62.6847,11.9148,10.113,4611
2016-12-01 01:00:00,63.09,pretransfer,0.0,63.2357,0.0,70.4438,70.4438,66.6074,63.2357,11.8612,10.0771,4612
2016-12-01 02:00:00,62.07,pretransfer,0.0,64.5825,0.0,63.0306,63.0306,69.0184,64.5825,11.8106,10.0455,4613
2016-12-01 03:00:00,61.28,pretransfer,0.0,65.1612,0.0,69.5256,69.5256,70.1262,65.1612,11.7455,10.0084,4614
2016-12-01 04:00:00,60.7,pretransfer,0.0,71.452,0.0,62.1467,62.1467,76.4672,71.452,11.6787,10.001,4615
2016-12-01 05:00:00,70.25,pretransfer,0.0,72.7425,0.0,77.6196,77.6196,85.2183,72.7425,11.556,9.9349,4616
2016-12-01 06:00:00,68.15,pretransfer,0.0,78.7658,0.0,72.3997,72.3997,97.5455,78.7658,11.45,9.8547,4617
2016-12-01 07:00:00,80.48,pretransfer,0.0,93.0225,0.0,85.4335,85.4335,109.0888,93.0225,11.2993,9.7341,4618
2016-12-01 08:00:00,91.31,pretransfer,0.0,108.1564,0.0,111.0976,111.0976,115.3294,108.1564,11.0785,9.5183,4619
2016-12-01 09:00:00,103.27,pretransfer,0.0,113.2633,0.0,103.2446,103.2446,117.7882,113.2633,10.771,9.2159,4620
2016-12-01 10:00:00,111.02,pretransfer,0.0,115.127,0.0,129.2508,129.2508,118.6212,115.127,10.4251,8.8774,4621
2016-12-01 11:00:00,112.59,pretransfer,0.0,115.8119,0.0,117.6805,117.6805,119.0051,115.8119,10.0935,8.5458,4622
2016-12-01 12:00:00,121.2,pretransfer,0.0,115.9218,0.0,88.9411,88.9411,119.0924,115.9218,9.7655,8.2459,4623
2016-12-01 13:00:00,120.64,pretransfer,0.0,115.6977,0.0,100.6841,100.6841,118.8446,115.6977,9.4871,7.9686,4624
2016-12-01 14:00:00,116.57,pretransfer,0.0,115.6348,0.0,83.1554,83.1554,118.4262,115.6348,9.2805,7.7385,4625
2016-12-01 15:00:00,121.01,pretransfer,0.0,115.1241,0.0,117.1124,117.1124,117.468,115.1241,9.157,7.6292,4626
2016-12-01 16:00:00,112.84,pretransfer,0.0,113.9848,0.0,116.9989,116.9989,115.4441,113.9848,9.0865,7.5489,4627
2016-12-01 17:00:00,108.59,pretransfer,0.0,112.138,0.0,103.4736,103.4736,112.0107,112.138,9.0583,7.5258,4628
2016-12-01 18:00:00,98.48,pretransfer,0.0,108.1483,0.0,109.8279,109.8279,105.574,108.1483,9.0802,7.5709,4629
2016-12-01 19:00:00,85.69,pretransfer,0.0,100.07,0.0,66.2686,66.2686,97.355,100.07,9.1226,7.6195,4630
2016-12-01 20:00:00,79.34,pretransfer,0.0,89.3289,0.0,87.4384,87.4384,88.6523,89.3289,9.1483,7.6399,4631
2016-12-01 21:00:00,68.41,pretransfer,0.0,74.5986,0.0,83.1234,83.1234,81.9336,74.5986,9.1694,7.6063,4632
2016-12-01 22:00:00,60.93,pretransfer,0.0,66.6254,0.0,57.4574,57.4574,76.2971,66.6254,9.2219,7.5915,4633
2016-12-01 23:00:00,60.03,pretransfer,0.0,63.5387,0.0,65.3885,65.3885,72.1039,63.5387,9.2524,7.5618,4634
2016-12-02 00:00:00,59.7,pretransfer,0.0,61.7281,0.0,63.2069,63.2069,70.1977,61.7281,9.2557,7.5083,4635
2016-12-02 01:00:00,59.93,pretransfer,0.0,63.0844,0.0,70.2796,70.2796,70.588,63.0844,9.3128,7.5189,4636
2016-12-02 02:00:00,57.87,pretransfer,0.0,64.7943,0.0,66.093,66.093,72.6975,64.7943,9.3821,7.5443,4637
2016-12-02 03:00:00,58.03,pretransfer,0.0,66.0809,0.0,67.2889,67.2889,76.1473,66.0809,9.4598,7.5712,4638
2016-12-02 04:00:00,57.16,pretransfer,0.0,68.1685,0.0,73.0253,73.0253,81.5859,68.1685,9.5554,7.6017,4639
2016-12-02 05:00:00,67.59,pretransfer,0.0,70.8056,0.0,75.8227,75.8227,88.5873,70.8056,9.6704,7.6051,4640
2016-12-02 06:00:00,65.38,pretransfer,0.0,78.7319,0.0,64.3142,64.3142,98.7762,78.7319,9.8153,7.6753,4641
2016-12-02 07:00:00,70.99,pretransfer,0.0,89.7017,0.0,82.6772,82.6772,107.9561,89.7017,9.9708,7.7822,4642
2016-12-02 08:00:00,74.31,pretransfer,0.0,105.2453,0.0,123.2076,123.2076,113.4833,105.2453,10.1205,7.9612,4643
2016-12-02 09:00:00,84.08,pretransfer,0.0,109.5946,0.0,89.3024,89.3024,115.3891,109.5946,10.2759,8.0401,4644
2016-12-02 10:00:00,89.15,pretransfer,0.0,112.2014,0.0,96.2257,96.2257,115.6417,112.2014,10.4318,8.0855,4645
2016-12-02 11:00:00,94.84,pretransfer,0.0,113.5564,0.0,98.8476,98.8476,115.2888,113.5564,10.5297,8.0986,4646
2016-12-02 12:00:00,96.74,pretransfer,0.0,113.8032,0.0,117.2449,117.2449,114.3068,113.8032,10.6079,8.1199,4647
2016-12-02 13:00:00,98.27,pretransfer,0.0,113.6656,0.0,109.9759,109.9759,112.6982,113.6656,10.659,8.1443,4648
2016-12-02 14:00:00,99.44,pretransfer,0.0,112.9618,0.0,96.6247,96.6247,109.9379,112.9618,10.6684,8.1451,4649
2016-12-02 15:00:00,92.74,pretransfer,0.0,110.4065,0.0,102.8419,102.8419,105.6533,110.4065,10.7121,8.178,4650
2016-12-02 16:00:00,86.97,pretransfer,0.0,104.3393,0.0,122.0502,122.0502,99.0925,104.3393,10.7628,8.2109,4651
2016-12-02 17:00:00,81.77,pretransfer,0.0,92.1366,0.0,108.8326,108.8326,89.4644,92.1366,10.7873,8.2017,4652
2016-12-02 18:00:00,74.03,pretransfer,0.0,78.7181,0.0,96.3131,96.3131,80.7209,78.7181,10.823,8.1809,4653
2016-12-02 19:00:00,67.54,pretransfer,0.0,70.4099,0.0,67.6759,67.6759,73.9108,70.4099,10.849,8.1712,4654
2016-12-02 20:00:00,64.06,pretransfer,0.0,66.1703,0.0,64.2358,64.2358,70.5098,66.1703,10.8656,8.1719,4655
2016-12-02 21:00:00,64.43,pretransfer,0.0,62.5717,0.0,67.344,67.344,68.2464,62.5717,10.8797,8.1573,4656
2016-12-02 22:00:00,57.58,pretransfer,0.0,60.6429,0.0,64.9047,64.9047,66.6462,60.6429,10.8899,8.1643,4657
2016-12-02 23:00:00,57.11,pretransfer,0.0,59.9503,0.0,57.9508,57.9508,66.3435,59.9503,10.9001,8.1677,4658
2016-12-03 00:00:00,55.41,pretransfer,0.0,60.5193,0.0,46.2194,46.2194,66.3106,60.5193,10.9095,8.1721,4659
2016-12-03 01:00:00,55.88,pretransfer,0.0,61.5141,0.0,62.7679,62.7679,64.9849,61.5141,10.9155,8.1767,4660
2016-12-03 02:00:00,54.88,pretransfer,0.0,62.9139,0.0,67.6816,67.6816,64.9901,62.9139,10.9239,8.1824,4661
2016-12-03 03:00:00,54.06,pretransfer,0.0,63.8881,0.0,71.4706,71.4706,65.7549,63.8881,10.9337,8.1884,4662
2016-12-03 04:00:00,54.16,pretransfer,0.0,64.8846,0.0,62.728,62.728,67.0212,64.8846,10.945,8.1926,4663
2016-12-03 05:00:00,55.29,pretransfer,0.0,66.1955,0.0,67.3645,67.3645,68.5186,66.1955,10.9577,8.1954,4664
2016-12-03 06:00:00,55.98,pretransfer,0.0,67.7511,0.0,72.6108,72.6108,70.5642,67.7511,10.9705,8.199,4665
2016-12-03 07:00:00,55.77,pretransfer,0.0,69.2745,0.0,55.8889,55.8889,72.14,69.2745,10.9821,8.2084,4666
2016-12-03 08:00:00,52.86,pretransfer,0.0,70.0003,0.0,71.3696,71.3696,73.6649,70.0003,10.9935,8.218,4667
2016-12-03 09:00:00,48.96,pretransfer,0.0,68.4282,0.0,81.0466,81.0466,72.0252,68.4282,11.0029,8.231,4668
2016-12-03 10:00:00,48.43,pretransfer,0.0,67.5871,0.0,76.0537,76.0537,69.8996,67.5871,11.0104,8.2437,4669
2016-12-03 11:00:00,49.03,pretransfer,0.0,67.1291,0.0,68.6945,68.6945,68.1879,67.1291,11.0174,8.257,4670
2016-12-03 12:00:00,51.46,pretransfer,0.0,66.4428,0.0,74.1989,74.1989,66.5742,66.4428,11.0216,8.2698,4671
2016-12-03 13:00:00,52.73,pretransfer,0.0,65.9056,0.0,53.9094,53.9094,65.4351,65.9056,11.0251,8.2829,4672
2016-12-03 14:00:00,52.57,pretransfer,0.0,65.5724,0.0,69.8085,69.8085,64.593,65.5724,11.0283,8.2991,4673
2016-12-03 15:00:00,52.47,pretransfer,0.0,64.5113,0.0,65.8495,65.8495,63.5838,64.5113,11.0318,8.3159,4674
2016-12-03 16:00:00,52.48,pretransfer,0.0,63.0322,0.0,73.7494,73.7494,62.3921,63.0322,11.0358,8.3345,4675
2016-12-03 17:00:00,51.97,pretransfer,0.0,61.1268,0.0,55.7803,55.7803,61.256,61.1268,11.0401,8.3527,4676
2016-12-03 18:00:00,51.6,pretransfer,0.0,59.4173,0.0,60.0538,60.0538,60.1873,59.4173,11.0449,8.3716,4677
2016-12-03 19:00:00,54.86,pretransfer,0.0,57.6701,0.0,62.0222,62.0222,59.0924,57.6701,11.0502,8.3871,4678
2016-12-03 20:00:00,56.82,pretransfer,0.0,56.992,0.0,49.2613,49.2613,58.9781,56.992,11.0548,8.3729,4679
2016-12-03 21:00:00,56.31,pretransfer,0.0,56.0206,0.0,45.9605,45.9605,58.8322,56.0206,11.0595,8.3621,4680
2016-12-03 22:00:00,56.04,pretransfer,0.0,55.7924,0.0,56.7889,56.7889,58.9663,55.7924,11.0641,8.3542,4681
2016-12-03 23:00:00,55.81,pretransfer,0.0,55.8652,0.0,48.6642,48.6642,58.9841,55.8652,11.0681,8.3497,4682
2016-12-04 00:00:00,55.95,pretransfer,0.0,56.5292,0.0,51.5352,51.5352,59.0161,56.5292,11.0709,8.3529,4683
2016-12-04 01:00:00,56.23,pretransfer,0.0,58.0485,0.0,47.0514,47.0514,59.602,58.0485,11.0724,8.3536,4684
2016-12-04 02:00:00,55.42,pretransfer,0.0,60.3613,0.0,67.6583,67.6583,60.4713,60.3613,11.0741,8.3516,4685
2016-12-04 03:00:00,55.33,pretransfer,0.0,62.3076,0.0,63.4605,63.4605,61.5583,62.3076,11.0769,8.3468,4686
2016-12-04 04:00:00,55.32,pretransfer,0.0,63.7649,0.0,77.9806,77.9806,62.941,63.7649,11.081,8.3444,4687
2016-12-04 05:00:00,57.7,pretransfer,0.0,65.3848,0.0,64.1291,64.1291,64.4142,65.3848,11.0858,8.342,4688
2016-12-04 06:00:00,57.53,pretransfer,0.0,66.7171,0.0,78.7215,78.7215,65.8757,66.7171,11.0909,8.3426,4689
2016-12-04 07:00:00,57.48,pretransfer,0.0,67.673,0.0,86.1087,86.1087,67.219,67.673,11.0969,8.3461,4690
2016-12-04 08:00:00,53.88,pretransfer,0.0,67.8664,0.0,73.0166,73.0166,68.1588,67.8664,11.104,8.3489,4691
2016-12-04 09:00:00,50.22,pretransfer,0.0,65.5015,0.0,63.7202,63.7202,66.1269,65.5015,11.1109,8.352,4692
2016-12-04 10:00:00,50.51,pretransfer,0.0,64.7367,0.0,59.3621,59.3621,64.4215,64.7367,11.1183,8.3562,4693
2016-12-04 11:00:00,51.31,pretransfer,0.0,64.3879,0.0,52.7274,52.7274,63.03,64.3879,11.1254,8.3628,4694
2016-12-04 12:00:00,51.54,pretransfer,0.0,64.4092,0.0,75.6131,75.6131,62.0453,64.4092,11.1324,8.3725,4695
2016-12-04 13:00:00,52.22,pretransfer,0.0,64.0879,0.0,46.0046,46.0046,61.0722,64.0879,11.1396,8.3847,4696
2016-12-04 14:00:00,51.99,pretransfer,0.0,63.3191,0.0,64.3465,64.3465,60.1816,63.3191,11.1465,8.3999,4697
2016-12-04 15:00:00,52.44,pretransfer,0.0,62.4466,0.0,63.8926,63.8926,59.2069,62.4466,11.153,8.4184,4698
2016-12-04 16:00:00,53.68,pretransfer,0.0,61.0285,0.0,71.2539,71.2539,58.4393,61.0285,11.1604,8.4378,4699
2016-12-04 17:00:00,53.71,pretransfer,0.0,59.6927,0.0,63.5857,63.5857,57.7466,59.6927,11.1682,8.458,4700
2016-12-04 18:00:00,55.5,pretransfer,0.0,58.4352,0.0,47.8207,47.8207,57.2123,58.4352,11.177,8.474,4701
2016-12-04 19:00:00,60.16,pretransfer,0.0,57.1561,0.0,64.229,64.229,56.712,57.1561,11.1678,8.4583,4702
2016-12-04 20:00:00,60.68,pretransfer,0.0,57.5579,0.0,56.1047,56.1047,57.4353,57.5579,11.1561,8.4447,4703
2016-12-04 21:00:00,65.14,pretransfer,0.0,57.573,0.0,52.875,52.875,58.105,57.573,11.1424,8.433,4704
2016-12-04 22:00:00,61.73,pretransfer,0.0,58.1961,0.0,56.2984,56.2984,58.8829,58.1961,11.127,8.4227,4705
2016-12-04 23:00:00,62.66,pretransfer,0.0,58.7424,0.0,51.0117,51.0117,59.5328,58.7424,11.1124,8.4159,4706
2016-12-05 00:00:00,66.43,pretransfer,0.0,59.7368,0.0,64.4577,64.4577,60.2,59.7368,11.0971,8.4142,4707
2016-12-05 01:00:00,68.65,pretransfer,0.0,61.7579,0.0,53.0974,53.0974,62.0975,61.7579,11.084,8.4186,4708
2016-12-05 02:00:00,66.68,pretransfer,0.0,65.6028,0.0,74.2445,74.2445,65.8647,65.6028,11.0767,8.4191,4709
2016-12-05 03:00:00,66.53,pretransfer,0.0,71.533,0.0,58.3337,58.3337,71.7043,71.533,11.0784,8.4232,4710
2016-12-05 04:00:00,61.8,pretransfer,0.0,72.5818,0.0,77.6407,77.6407,76.4853,72.5818,11.0617,8.4153,4711
2016-12-05 05:00:00,63.74,pretransfer,0.0,78.6011,0.0,72.4227,72.4227,82.3062,78.6011,11.0311,8.4292,4712
2016-12-05 06:00:00,64.86,pretransfer,0.0,84.7464,0.0,99.5296,99.5296,89.2253,84.7464,10.9971,8.4534,4713
2016-12-05 07:00:00,80.46,pretransfer,0.0,89.0867,0.0,82.6031,82.6031,96.1745,89.0867,10.9624,8.4867,4714
2016-12-05 08:00:00,90.36,pretransfer,0.0,102.6169,0.0,93.4297,93.4297,104.874,102.6169,10.9356,8.5238,4715
2016-12-05 09:00:00,102.24,pretransfer,0.0,109.5457,0.0,106.9045,106.9045,111.3836,109.5457,10.9191,8.5485,4716
2016-12-05 10:00:00,115.46,pretransfer,0.0,114.1664,0.0,122.4533,122.4533,114.9627,114.1664,10.9149,8.5457,4717
2016-12-05 11:00:00,119.08,pretransfer,0.0,115.638,0.0,118.2,118.2,117.0547,115.638,10.9204,8.5471,4718
2016-12-05 12:00:00,116.86,pretransfer,0.0,115.7221,0.0,129.5057,129.5057,117.9555,115.7221,10.9173,8.549,4719
2016-12-05 13:00:00,112.14,pretransfer,0.0,115.8079,0.0,135.1063,135.1063,118.035,115.8079,10.9157,8.5486,4720
2016-12-05 14:00:00,107.1,pretransfer,0.0,115.5459,0.0,105.3762,105.3762,117.2889,115.5459,10.9147,8.5487,4721
2016-12-05 15:00:00,103.9,pretransfer,0.0,114.3787,0.0,117.1748,117.1748,115.2121,114.3787,10.9135,8.5471,4722
2016-12-05 16:00:00,102.53,pretransfer,0.0,111.8707,0.0,113.0517,113.0517,110.6588,111.8707,10.9107,8.5423,4723
2016-12-05 17:00:00,93.22,pretransfer,0.0,107.5263,0.0,126.632,126.632,102.8976,107.5263,10.9059,8.5363,4724
2016-12-05 18:00:00,87.77,pretransfer,0.0,99.0076,0.0,91.6371,91.6371,92.7032,99.0076,10.8985,8.5282,4725
2016-12-05 19:00:00,74.8,pretransfer,0.0,88.5553,0.0,99.4136,99.4136,82.9015,88.5553,10.8898,8.5148,4726
2016-12-05 20:00:00,72.12,pretransfer,0.0,79.2319,0.0,85.19,85.19,76.2825,79.2319,10.8799,8.5034,4727
2016-12-05 21:00:00,64.53,pretransfer,0.0,71.1582,0.0,72.7228,72.7228,71.1949,71.1582,10.8697,8.4984,4728
2016-12-05 22:00:00,61.57,pretransfer,0.0,67.1549,0.0,68.6701,68.6701,67.9422,67.1549,10.8594,8.4965,4729
2016-12-05 23:00:00,61.52,pretransfer,0.0,65.3456,0.0,76.689,76.689,65.6085,65.3456,10.8488,8.496,4730
2016-12-06 00:00:00,62.78,pretransfer,0.0,64.9041,0.0,85.5548,85.5548,65.0904,64.9041,10.8374,8.4952,4731
2016-12-06 01:00:00,61.36,pretransfer,0.0,64.4413,0.0,72.2757,72.2757,66.591,64.4413,10.8246,8.4936,4732
2016-12-06 02:00:00,62.0,pretransfer,0.0,66.2433,0.0,64.1521,64.1521,70.1253,66.2433,10.8092,8.4922,4733
2016-12-06 03:00:00,61.51,pretransfer,0.0,68.139,0.0,69.4696,69.4696,75.3981,68.139,10.792,8.4869,4734
2016-12-06 04:00:00,60.89,pretransfer,0.0,71.1448,0.0,83.0067,83.0067,82.9058,71.1448,10.7733,8.4853,4735
2016-12-06 05:00:00,62.74,pretransfer,0.0,73.7782,0.0,75.4923,75.4923,91.9375,73.7782,10.7568,8.4774,4736
2016-12-06 06:00:00,65.22,pretransfer,0.0,79.7193,0.0,89.2279,89.2279,101.6256,79.7193,10.7482,8.4667,4737
2016-12-06 07:00:00,76.44,pretransfer,0.0,87.1341,0.0,97.6642,97.6642,109.6361,87.1341,10.7475,8.4417,4738
2016-12-06 08:00:00,87.94,pretransfer,0.0,103.9733,0.0,106.7724,106.7724,115.0916,103.9733,10.7487,8.4154,4739
2016-12-06 09:00:00,103.91,pretransfer,0.0,113.1127,0.0,109.9173,109.9173,117.4564,113.1127,10.7494,8.4105,4740
2016-12-06 10:00:00,108.71,pretransfer,0.0,115.7698,0.0,118.2868,118.2868,118.4048,115.7698,10.7509,8.4097,4741
2016-12-06 11:00:00,112.22,pretransfer,0.0,116.1436,0.0,82.5366,82.5366,118.8443,116.1436,10.753,8.4089,4742
2016-12-06 12:00:00,110.43,pretransfer,0.0,116.123,0.0,136.928,136.928,118.7952,116.123,10.7556,8.409,4743
2016-12-06 13:00:00,109.96,pretransfer,0.0,115.79,0.0,142.0384,142.0384,118.2471,115.79,10.759,8.4085,4744
2016-12-06 14:00:00,106.42,pretransfer,0.0,115.3918,0.0,94.739,94.739,116.9558,115.3918,10.7623,8.4085,4745
2016-12-06 15:00:00,109.55,pretransfer,0.0,114.028,0.0,110.9347,110.9347,114.0727,114.028,10.7659,8.4103,4746
2016-12-06 16:00:00,98.47,pretransfer,0.0,113.0411,0.0,126.928,126.928,108.0885,113.0411,10.7626,8.4139,4747
2016-12-06 17:00:00,90.04,pretransfer,0.0,113.4917,0.0,99.1059,99.1059,101.5593,113.4917,10.7622,8.458,4748
2016-12-06 18:00:00,85.75,pretransfer,0.0,96.5075,0.0,93.4922,93.4922,89.2436,96.5075,10.7552,8.4595,4749
2016-12-06 19:00:00,81.02,pretransfer,0.0,88.4604,0.0,103.8305,103.8305,77.869,88.4604,10.7609,8.4979,4750
2016-12-06 20:00:00,77.72,pretransfer,0.0,80.0834,0.0,89.8964,89.8964,72.4387,80.0834,10.7606,8.478,4751
2016-12-06 21:00:00,74.07,pretransfer,0.0,72.0647,0.0,77.0854,77.0854,69.426,72.0647,10.755,8.451,4752
2016-12-06 22:00:00,69.39,pretransfer,0.0,67.8337,0.0,68.9567,68.9567,67.4312,67.8337,10.7444,8.4342,4753
2016-12-06 23:00:00,66.51,pretransfer,0.0,65.6877,0.0,73.4443,73.4443,65.9481,65.6877,10.7329,8.4221,4754
2016-12-07 00:00:00,64.98,pretransfer,0.0,65.1037,0.0,69.7323,69.7323,65.5,65.1037,10.7265,8.4161,4755
2016-12-07 01:00:00,64.98,pretransfer,0.0,63.8537,0.0,52.4426,52.4426,65.6074,63.8537,10.7255,8.4134,4756
2016-12-07 02:00:00,64.98,pretransfer,0.0,70.8803,0.0,54.0531,54.0531,62.413,70.8803,10.7307,8.445,4757
2016-12-07 03:00:00,64.98,pretransfer,0.0,85.7556,0.0,87.3084,87.3084,60.9533,85.7556,10.7237,8.5548,4758
