timestamp,actual_kwh,active_model,blend_weight_transfer,prediction_kwh,uncertainty_std,lower_ci_90,upper_ci_90,transfer_pred_kwh,pretransfer_pred_kwh,rolling_mae_transfer,rolling_mae_pretransfer,stream_hour
2016-02-28 00:00:00,56.9,blend,0.5,75.0223,0.0,50.9325,50.9325,60.3099,89.7346,3.4099,32.8346,0
2016-02-28 01:00:00,56.98,blend,0.5,75.1571,0.0,55.2708,55.2708,60.5795,89.7346,3.5047,32.7946,1
2016-02-28 02:00:00,56.79,blend,0.5,75.481,0.0,64.5081,64.5081,61.2274,89.7347,3.8156,32.8446,2
2016-02-28 03:00:00,58.01,blend,0.5,76.06,0.0,59.2175,59.2175,62.3852,89.7348,3.9555,32.5647,3
2016-02-28 04:00:00,58.36,blend,0.5,76.8689,0.0,67.1645,67.1645,64.0028,89.7349,4.293,32.3267,4
2016-02-28 05:00:00,70.49,blend,0.5,77.9517,0.0,73.2036,73.2036,66.1684,89.735,4.2977,30.1464,5
2016-02-28 06:00:00,72.75,blend,0.5,79.2464,0.0,73.6618,73.6618,68.7579,89.7349,4.2541,28.2662,6
2016-02-28 07:00:00,70.29,blend,0.5,81.0292,0.0,79.5677,79.5677,72.3234,89.735,3.9765,27.1636,7
2016-02-28 08:00:00,67.81,blend,0.5,82.8046,0.0,81.25,81.25,75.8741,89.7352,4.4307,26.5815,8
2016-02-28 09:00:00,66.54,blend,0.5,83.1764,0.0,71.1899,71.1899,76.6173,89.7354,4.9953,26.2429,9
2016-02-28 10:00:00,67.95,blend,0.5,82.7604,0.0,73.4389,73.4389,75.7854,89.7353,5.2535,25.8377,10
2016-02-28 11:00:00,67.86,blend,0.5,82.07,0.0,77.6662,77.6662,74.4048,89.7353,5.3611,25.5075,11
2016-02-28 12:00:00,67.35,blend,0.5,81.3885,0.0,82.682,82.682,73.0418,89.7352,5.3866,25.2673,12
2016-02-28 13:00:00,66.61,blend,0.5,80.6054,0.0,74.112,74.112,71.4759,89.735,5.3494,25.1143,13
2016-02-28 14:00:00,67.29,blend,0.5,79.8799,0.0,71.3791,71.3791,70.0246,89.7352,5.1751,24.9363,14
2016-02-28 15:00:00,67.07,blend,0.5,79.0966,0.0,68.0087,68.0087,68.4581,89.7352,4.9384,24.7944,15
2016-02-28 16:00:00,68.78,blend,0.5,78.2925,0.0,69.3268,69.3268,66.8498,89.7351,4.7614,24.5686,16
2016-02-28 17:00:00,66.23,blend,0.5,77.5425,0.0,68.3636,68.3636,65.35,89.735,4.5458,24.5095,17
2016-02-28 18:00:00,63.78,blend,0.5,76.9705,0.0,49.4356,49.4356,64.2058,89.7352,4.3289,24.5856,18
2016-02-28 19:00:00,56.38,blend,0.5,76.2618,0.0,62.1558,62.1558,62.7886,89.7351,4.4329,25.024,19
2016-02-28 20:00:00,56.76,blend,0.5,75.8635,0.0,61.2345,61.2345,61.9923,89.7347,4.471,25.4026,20
2016-02-28 21:00:00,57.06,blend,0.5,75.3746,0.0,57.8567,57.8567,61.0144,89.7347,4.4475,25.7332,21
2016-02-28 22:00:00,58.2,blend,0.5,75.0495,0.0,59.7568,59.7568,60.3643,89.7348,4.3482,25.9854,22
2016-02-28 23:00:00,56.92,blend,0.5,74.9673,0.0,61.9312,61.9312,60.1996,89.735,4.3037,26.27,23
2016-02-29 00:00:00,56.58,blend,0.5,75.0056,0.0,52.8943,52.8943,60.2762,89.735,4.2794,26.5454,24
2016-02-29 01:00:00,56.72,blend,0.5,76.0537,0.0,54.6367,54.6367,62.3721,89.7353,4.3322,26.7942,25
2016-02-29 02:00:00,56.48,blend,0.5,77.5524,0.0,53.7428,53.7428,65.3695,89.7353,4.501,27.0335,26
2016-02-29 03:00:00,56.8,blend,0.5,79.678,0.0,60.6022,60.6022,69.6206,89.7354,4.7981,27.2443,27
2016-02-29 04:00:00,56.47,blend,0.5,82.4004,0.0,95.9734,95.9734,75.0653,89.7355,5.2739,27.4519,28
2016-02-29 05:00:00,71.01,blend,0.5,85.4971,0.0,66.1908,66.1908,81.2587,89.7355,5.4397,27.1611,29
2016-02-29 06:00:00,72.77,blend,0.5,88.9998,0.0,79.9141,79.9141,88.2639,89.7357,5.764,26.8322,30
2016-02-29 07:00:00,70.95,blend,0.5,92.6777,0.0,93.838,93.838,95.6195,89.7358,6.3548,26.5807,31
2016-02-29 08:00:00,98.21,blend,0.5,95.0263,0.0,102.8814,102.8814,100.3166,89.736,6.2261,26.032,32
2016-02-29 09:00:00,115.24,blend,0.5,96.2665,0.0,116.8179,116.8179,102.7968,89.7361,6.409,26.0165,33
2016-02-29 10:00:00,119.98,blend,0.5,97.0391,0.0,104.6111,104.6111,104.3424,89.7359,6.6726,26.1373,34
2016-02-29 11:00:00,114.64,blend,0.5,97.3575,0.0,99.956,99.956,104.9795,89.7356,6.7556,26.103,35
2016-02-29 12:00:00,111.59,blend,0.5,97.4033,0.0,86.7387,86.7387,105.0713,89.7353,6.7492,25.9882,36
2016-02-29 13:00:00,110.63,blend,0.5,97.2092,0.0,107.8214,107.8214,104.6831,89.7353,6.7281,25.8542,37
2016-02-29 14:00:00,103.38,blend,0.5,96.5486,0.0,94.9522,94.9522,103.3618,89.7353,6.5561,25.5411,38
2016-02-29 15:00:00,105.77,blend,0.5,94.7193,0.0,98.3532,98.3532,99.7031,89.7354,6.5438,25.3035,39
2016-02-29 16:00:00,101.04,blend,0.5,90.335,0.0,84.8364,84.8364,90.9349,89.7352,6.6307,24.962,40
2016-02-29 17:00:00,92.26,blend,0.5,84.7536,0.0,63.4985,63.4985,79.7722,89.7351,6.7701,24.4278,41
2016-02-29 18:00:00,85.38,blend,0.5,80.1954,0.0,72.7931,72.7931,70.6557,89.735,6.9551,23.961,42
2016-02-29 19:00:00,73.73,blend,0.5,77.2988,0.0,69.1795,69.1795,64.8625,89.735,6.9986,23.7802,43
2016-02-29 20:00:00,69.47,blend,0.5,75.8569,0.0,65.0422,65.0422,61.9796,89.7343,7.0095,23.7021,44
2016-02-29 21:00:00,62.97,blend,0.5,75.1465,0.0,61.4254,61.4254,60.5587,89.7342,6.9096,23.7686,45
2016-02-29 22:00:00,59.43,blend,0.5,74.8272,0.0,59.9954,59.9954,59.9203,89.7341,6.773,23.9077,46
2016-02-29 23:00:00,58.27,blend,0.5,74.8738,0.0,59.1613,59.1613,60.0133,89.7342,6.6682,24.0651,47
2016-03-01 00:00:00,57.34,blend,0.5,75.186,0.0,66.7884,66.7884,60.6382,89.7339,6.5994,24.2351,48
2016-03-01 01:00:00,57.66,blend,0.5,76.2708,0.0,64.9113,64.9113,62.8077,89.7338,6.5704,24.3919,49
2016-03-01 02:00:00,56.99,blend,0.5,78.325,0.0,76.5392,76.5392,66.9164,89.7336,6.6362,24.5556,50
2016-03-01 03:00:00,57.65,blend,0.5,81.5971,0.0,77.948,77.948,73.4606,89.7336,6.8126,24.7004,51
2016-03-01 04:00:00,57.64,blend,0.5,85.9817,0.0,82.4063,82.4063,82.2296,89.7338,7.148,24.8399,52
2016-03-01 05:00:00,70.68,blend,0.5,90.5911,0.0,99.486,99.486,91.4484,89.7338,7.4003,24.7327,53
2016-03-01 06:00:00,75.33,blend,0.5,94.3607,0.0,96.5491,96.5491,98.9875,89.7339,7.6958,24.5449,54
2016-03-01 07:00:00,70.04,blend,0.5,96.4379,0.0,113.3161,113.3161,103.1416,89.7341,8.1495,24.4583,55
2016-03-01 08:00:00,92.48,blend,0.5,97.2384,0.0,100.9361,100.9361,104.7424,89.7344,8.2217,24.0774,56
2016-03-01 09:00:00,107.99,blend,0.5,97.523,0.0,115.2997,115.2997,105.3114,89.7347,8.1261,23.977,57
2016-03-01 10:00:00,106.16,blend,0.5,97.6428,0.0,106.9093,106.9093,105.5507,89.7349,7.9987,23.849,58
2016-03-01 11:00:00,111.04,blend,0.5,97.6778,0.0,105.9966,105.9966,105.6207,89.735,7.9557,23.8066,59
2016-03-01 12:00:00,112.12,blend,0.5,97.6436,0.0,98.9003,98.9003,105.5521,89.7352,7.933,23.7833,60
2016-03-01 13:00:00,111.19,blend,0.5,97.5397,0.0,105.8398,105.8398,105.3442,89.7353,7.8993,23.7457,61
2016-03-01 14:00:00,107.06,blend,0.5,97.2755,0.0,104.3993,104.3993,104.8157,89.7353,7.8095,23.6438,62
2016-03-01 15:00:00,109.11,blend,0.5,96.5784,0.0,105.0374,105.0374,103.4215,89.7353,7.7764,23.5771,63
2016-03-01 16:00:00,107.36,blend,0.5,94.7151,0.0,84.6255,84.6255,99.6948,89.7354,7.7747,23.4855,64
2016-03-01 17:00:00,95.6,blend,0.5,90.7333,0.0,84.9159,84.9159,91.7312,89.7355,7.7155,23.2186,65
2016-03-01 18:00:00,87.72,blend,0.5,85.1379,0.0,85.8693,85.8693,80.5403,89.7355,7.7075,22.9021,66
2016-03-01 19:00:00,74.71,blend,0.5,80.0621,0.0,76.2349,76.2349,70.3888,89.7353,7.6577,22.7863,67
2016-03-01 20:00:00,68.45,blend,0.5,77.1028,0.0,59.0354,59.0354,64.4708,89.7348,7.6044,22.7645,68
2016-03-01 21:00:00,64.07,blend,0.5,75.6566,0.0,61.2345,61.2345,61.5784,89.7347,7.5314,22.8059,69
2016-03-01 22:00:00,59.58,blend,0.5,74.9768,0.0,61.3528,61.3528,60.2188,89.7347,7.4343,22.9094,70
2016-03-01 23:00:00,57.86,blend,0.5,74.8233,0.0,63.1448,63.1448,59.9118,89.7348,7.3595,23.0339,71
2016-03-02 00:00:00,57.61,blend,0.5,75.1137,0.0,69.4991,69.4991,60.4927,89.7348,7.2982,23.1585,72
2016-03-02 01:00:00,57.32,blend,0.5,75.9682,0.0,53.5938,53.5938,62.2017,89.7347,7.2655,23.2836,73
2016-03-02 02:00:00,57.59,blend,0.5,77.944,0.0,67.9703,67.9703,66.1531,89.7348,7.2828,23.4017,74
2016-03-02 03:00:00,57.74,blend,0.5,81.2407,0.0,73.8748,73.8748,72.7466,89.7349,7.3845,23.5148,75
2016-03-02 04:00:00,57.61,blend,0.5,85.5539,0.0,82.7103,82.7103,81.3729,89.7349,7.5972,23.6266,76
2016-03-02 05:00:00,67.21,blend,0.5,90.1963,0.0,78.4394,78.4394,90.6578,89.7349,7.8004,23.6125,77
2016-03-02 06:00:00,70.1,blend,0.5,94.3367,0.0,99.9585,99.9585,98.9383,89.7352,8.0667,23.5621,78
2016-03-02 07:00:00,70.82,blend,0.5,96.4642,0.0,122.8452,122.8452,103.1932,89.7352,8.3705,23.504,79
2016-03-02 08:00:00,89.15,blend,0.5,97.2485,0.0,99.5257,99.5257,104.7617,89.7353,8.4599,23.2211,80
2016-03-02 09:00:00,111.56,blend,0.5,97.553,0.0,123.9179,123.9179,105.3704,89.7356,8.4322,23.2041,81
2016-03-02 10:00:00,118.43,blend,0.5,97.672,0.0,89.6273,89.6273,105.6083,89.7356,8.4851,23.2702,82
2016-03-02 11:00:00,112.13,blend,0.5,97.7167,0.0,101.1813,101.1813,105.6978,89.7355,8.4607,23.2598,83
2016-03-02 12:00:00,111.3,blend,0.5,97.7135,0.0,99.934,99.934,105.6914,89.7356,8.4271,23.2398,84
2016-03-02 13:00:00,109.26,blend,0.5,97.6615,0.0,83.4551,83.4551,105.5874,89.7355,8.3718,23.1966,85
2016-03-02 14:00:00,105.64,blend,0.5,97.5329,0.0,107.9923,107.9923,105.3303,89.7356,8.2792,23.1128,86
2016-03-02 15:00:00,107.25,blend,0.5,97.2124,0.0,113.1434,113.1434,104.6894,89.7354,8.2142,23.0492,87
2016-03-02 16:00:00,104.89,blend,0.5,96.3871,0.0,114.3529,114.3529,103.0388,89.7353,8.1427,22.9605,88
2016-03-02 17:00:00,94.15,blend,0.5,94.2836,0.0,97.8214,97.8214,98.8318,89.7353,8.1042,22.7544,89
2016-03-02 18:00:00,92.67,blend,0.5,89.9874,0.0,94.4438,94.4438,90.2393,89.7354,8.0419,22.5366,90
2016-03-02 19:00:00,81.19,blend,0.5,84.5543,0.0,90.0164,90.0164,79.3734,89.7353,7.9742,22.3846,91
2016-03-02 20:00:00,75.21,blend,0.5,80.8756,0.0,65.6585,65.6585,72.0165,89.7347,7.9228,22.3,92
2016-03-02 21:00:00,67.41,blend,0.5,79.2441,0.0,63.289,63.289,68.7536,89.7346,7.8528,22.3003,93
2016-03-02 22:00:00,60.8,blend,0.5,79.0456,0.0,61.5148,61.5148,68.3566,89.7347,7.8497,22.3701,94
2016-03-02 23:00:00,57.64,blend,0.5,79.4927,0.0,68.7526,68.7526,69.2508,89.7347,7.8889,22.4714,95
2016-03-03 00:00:00,57.16,blend,0.5,80.4813,0.0,70.3713,70.3713,71.228,89.7346,7.9526,22.5756,96
2016-03-03 01:00:00,57.03,blend,0.5,81.9049,0.0,67.4288,67.4288,74.0752,89.7345,8.0454,22.6789,97
2016-03-03 02:00:00,56.75,blend,0.5,84.208,0.0,82.8546,82.8546,78.6814,89.7345,8.1856,22.783,98
2016-03-03 03:00:00,57.3,blend,0.5,87.3391,0.0,100.1198,100.1198,84.9435,89.7347,8.3802,22.8796,99
2016-03-03 04:00:00,57.25,blend,0.5,90.7252,0.0,98.5367,98.5367,91.7157,89.7347,8.6385,22.9747,100
2016-03-03 05:00:00,72.96,blend,0.5,93.7784,0.0,98.2936,98.2936,97.8219,89.7349,8.7975,22.9139,101
2016-03-03 06:00:00,76.56,blend,0.5,95.8833,0.0,116.9027,116.9027,102.0316,89.7349,8.9594,22.8193,102
2016-03-03 07:00:00,76.73,blend,0.5,97.0341,0.0,109.5517,109.5517,104.3332,89.735,9.1387,22.725,103
2016-03-03 08:00:00,90.05,blend,0.5,97.4762,0.0,102.6871,102.6871,105.2172,89.7351,9.1961,22.5115,104
2016-03-03 09:00:00,109.54,blend,0.5,97.6524,0.0,111.7809,111.7809,105.5696,89.7352,9.1468,22.486,105
2016-03-03 10:00:00,114.38,blend,0.5,97.7211,0.0,113.1709,113.1709,105.7074,89.7348,9.1424,22.5062,106
2016-03-03 11:00:00,102.91,blend,0.5,97.7454,0.0,99.3878,99.3878,105.7558,89.735,9.0841,22.4198,107
2016-03-03 12:00:00,104.07,blend,0.5,97.7298,0.0,108.9163,108.9163,105.7246,89.7351,9.0159,22.3456,108
2016-03-03 13:00:00,105.52,blend,0.5,97.6473,0.0,85.9741,85.9741,105.5597,89.735,8.9343,22.286,109
2016-03-03 14:00:00,103.01,blend,0.5,97.4285,0.0,117.3236,117.3236,105.1219,89.7351,8.8728,22.2048,110
2016-03-03 15:00:00,108.57,blend,0.5,96.7935,0.0,101.5715,101.5715,103.852,89.735,8.8357,22.1747,111
2016-03-03 16:00:00,102.76,blend,0.5,95.0134,0.0,97.7032,97.7032,100.2918,89.7351,8.7794,22.0937,112
2016-03-03 17:00:00,94.4,blend,0.5,91.3955,0.0,103.3945,103.3945,93.0559,89.7352,8.7142,21.9408,113
2016-03-03 18:00:00,86.9,blend,0.5,86.2396,0.0,75.2184,75.2184,82.744,89.7352,8.6745,21.7747,114
2016-03-03 19:00:00,74.29,blend,0.5,81.8856,0.0,75.1253,75.1253,74.0359,89.7353,8.602,21.7201,115
2016-03-03 20:00:00,70.05,blend,0.5,79.4392,0.0,78.7965,78.7965,69.1434,89.735,8.5362,21.7027,116
2016-03-03 21:00:00,64.87,blend,0.5,78.4481,0.0,58.8023,58.8023,67.1612,89.7349,8.4833,21.7295,117
2016-03-03 22:00:00,59.92,blend,0.5,78.1062,0.0,67.7273,67.7273,66.4777,89.7347,8.4671,21.7975,118
2016-03-03 23:00:00,57.99,blend,0.5,78.4127,0.0,75.3929,75.3929,67.0905,89.7348,8.4724,21.8804,119
2016-03-04 00:00:00,57.92,blend,0.5,79.1646,0.0,67.8492,67.8492,68.5945,89.7347,8.4906,21.9625,120
2016-03-04 01:00:00,57.91,blend,0.5,80.2401,0.0,66.6327,66.6327,70.7453,89.7349,8.5262,22.0433,121
2016-03-04 02:00:00,57.6,blend,0.5,81.7552,0.0,66.7814,66.7814,73.7758,89.7347,8.5884,22.1254,122
2016-03-04 03:00:00,57.97,blend,0.5,84.0218,0.0,75.3817,75.3817,78.3088,89.7348,8.6831,22.2031,123
2016-03-04 04:00:00,58.35,blend,0.5,86.9446,0.0,59.1941,59.1941,84.1542,89.735,8.8201,22.2766,124
2016-03-04 05:00:00,72.77,blend,0.5,90.2213,0.0,87.9347,87.9347,90.7073,89.7352,8.8924,22.2344,125
2016-03-04 06:00:00,77.25,blend,0.5,93.387,0.0,81.1984,81.1984,97.0387,89.7352,8.9782,22.1576,126
2016-03-04 07:00:00,75.15,blend,0.5,95.7172,0.0,87.7687,87.7687,101.6992,89.7352,9.1155,22.0985,127
2016-03-04 08:00:00,90.39,blend,0.5,96.8483,0.0,91.2048,91.2048,103.9614,89.7353,9.1501,21.9322,128
2016-03-04 09:00:00,108.52,blend,0.5,97.3365,0.0,114.7727,114.7727,104.9376,89.7355,9.1072,21.908,129
2016-03-04 10:00:00,114.88,blend,0.5,97.5416,0.0,102.3294,102.3294,105.3478,89.7354,9.1105,21.9327,130
2016-03-04 11:00:00,115.23,blend,0.5,97.6122,0.0,117.7542,117.7542,105.489,89.7353,9.1153,21.9597,131
2016-03-04 12:00:00,113.15,blend,0.5,97.5816,0.0,123.6426,123.6426,105.4278,89.7353,9.1048,21.9707,132
2016-03-04 13:00:00,106.61,blend,0.5,97.4324,0.0,99.6876,99.6876,105.1295,89.7353,9.0479,21.9326,133
2016-03-04 14:00:00,101.85,blend,0.5,97.0019,0.0,100.1678,100.1678,104.2685,89.7353,8.9988,21.8599,134
2016-03-04 15:00:00,104.4,blend,0.5,95.6326,0.0,107.5416,107.5416,101.5299,89.7354,8.9537,21.807,135
2016-03-04 16:00:00,96.42,blend,0.5,92.0387,0.0,103.9343,103.9343,94.342,89.7353,8.9035,21.6966,136
2016-03-04 17:00:00,88.73,blend,0.5,86.8253,0.0,78.3159,78.3159,83.9152,89.7353,8.8739,21.5467,137
2016-03-04 18:00:00,84.83,blend,0.5,82.0355,0.0,80.4714,80.4714,74.3357,89.7353,8.8856,21.427,138
2016-03-04 19:00:00,72.66,blend,0.5,79.0507,0.0,78.6914,78.6914,68.3661,89.7353,8.8528,21.3959,139
2016-03-04 20:00:00,66.85,blend,0.5,77.8832,0.0,63.6908,63.6908,66.0313,89.735,8.7958,21.4064,140
2016-03-04 21:00:00,63.79,blend,0.5,77.4622,0.0,75.9868,75.9868,65.1894,89.735,8.7437,21.4384,141
2016-03-04 22:00:00,59.66,blend,0.5,77.5145,0.0,59.968,59.968,65.2939,89.7352,8.7219,21.4988,142
2016-03-04 23:00:00,58.0,blend,0.5,77.8823,0.0,68.5077,68.5077,66.0295,89.7352,8.7171,21.5699,143
2016-03-05 00:00:00,57.5,blend,0.5,78.5572,0.0,73.3213,73.3213,67.3794,89.735,8.7251,21.6434,144
2016-03-05 01:00:00,57.67,blend,0.5,78.2095,0.0,70.3729,70.3729,66.6845,89.7346,8.7271,21.7148,145
2016-03-05 02:00:00,57.4,blend,0.5,78.0616,0.0,56.3136,56.3136,66.3888,89.7344,8.7289,21.7871,146
2016-03-05 03:00:00,57.67,blend,0.5,78.4013,0.0,70.3662,70.3662,67.0679,89.7346,8.7334,21.8565,147
2016-03-05 04:00:00,57.57,blend,0.5,79.1876,0.0,58.3482,58.3482,68.6404,89.7348,8.7491,21.9257,148
2016-03-05 05:00:00,71.16,blend,0.5,80.2704,0.0,76.3561,76.3561,70.806,89.7349,8.6931,21.9033,149
2016-03-05 06:00:00,76.16,blend,0.5,81.7878,0.0,75.2188,75.2188,73.8408,89.7348,8.6509,21.8482,150
2016-03-05 07:00:00,75.04,blend,0.5,83.9903,0.0,88.9487,88.9487,78.2457,89.7349,8.6151,21.8011,151
2016-03-05 08:00:00,71.13,blend,0.5,86.1662,0.0,77.0258,77.0258,82.5976,89.7349,8.6338,21.7802,152
2016-03-05 09:00:00,69.36,blend,0.5,86.9088,0.0,91.0602,91.0602,84.0826,89.735,8.6733,21.7711,153
2016-03-05 10:00:00,68.56,blend,0.5,86.2674,0.0,81.2075,81.2075,82.8,89.7348,8.7092,21.7673,154
2016-03-05 11:00:00,68.51,blend,0.5,84.8962,0.0,78.665,78.665,80.0577,89.7347,8.7274,21.7638,155
2016-03-05 12:00:00,70.24,blend,0.5,83.2738,0.0,86.0134,86.0134,76.8129,89.7346,8.7137,21.7493,156
2016-03-05 13:00:00,68.03,blend,0.5,81.8274,0.0,74.5356,74.5356,73.9201,89.7347,8.6958,21.749,157
2016-03-05 14:00:00,64.8,blend,0.5,80.7316,0.0,79.6227,79.6227,71.7283,89.7349,8.6847,21.7691,158
2016-03-05 15:00:00,64.74,blend,0.5,79.8267,0.0,64.3257,64.3257,69.9182,89.7352,8.6628,21.7892,159
2016-03-05 16:00:00,64.44,blend,0.5,78.8744,0.0,48.8038,48.8038,68.0135,89.7354,8.6312,21.811,160
2016-03-05 17:00:00,62.11,blend,0.5,77.8937,0.0,77.8045,77.8045,66.052,89.7353,8.6022,21.8469,161
2016-03-05 18:00:00,62.79,blend,0.5,77.0501,0.0,61.1883,61.1883,64.365,89.7352,8.5591,21.8782,162
2016-03-05 19:00:00,57.8,blend,0.5,76.3415,0.0,66.9307,66.9307,62.9477,89.7352,8.5383,21.9395,163
2016-03-05 20:00:00,57.36,blend,0.5,76.0455,0.0,63.8201,63.8201,62.3564,89.7347,8.5168,22.0028,164
2016-03-05 21:00:00,57.71,blend,0.5,75.6786,0.0,60.6593,60.6593,61.6226,89.7347,8.4891,22.0631,165
2016-03-05 22:00:00,56.87,blend,0.5,75.3444,0.0,65.5829,65.5829,60.9542,89.7345,8.4627,22.1278,166
2016-03-05 23:00:00,55.78,blend,0.5,75.214,0.0,54.5403,54.5403,60.6931,89.7348,8.4416,22.1982,167
2016-03-06 00:00:00,55.4,transfer,1.0,60.6585,0.0,60.0775,60.0775,60.6585,89.7349,8.4526,22.2071,168
2016-03-06 01:00:00,55.24,transfer,1.0,60.9511,0.0,63.4963,63.4963,60.9511,89.7348,8.4652,22.2175,169
2016-03-06 02:00:00,55.06,transfer,1.0,61.6317,0.0,63.7253,63.7253,61.6317,89.7348,8.4779,22.2278,170
2016-03-06 03:00:00,55.3,transfer,1.0,62.6586,0.0,57.9378,57.9378,62.6586,89.7348,8.4956,22.2439,171
2016-03-06 04:00:00,55.35,transfer,1.0,64.0121,0.0,58.3392,58.3392,64.0121,89.7347,8.5136,22.2618,172
2016-03-06 05:00:00,69.49,transfer,1.0,65.8234,0.0,77.0425,77.0425,65.8234,89.7347,8.5097,22.2678,173
2016-03-06 06:00:00,71.28,transfer,1.0,68.3172,0.0,67.7877,67.7877,68.3172,89.7347,8.5036,22.2765,174
2016-03-06 07:00:00,69.98,transfer,1.0,72.0497,0.0,76.9704,76.9704,72.0497,89.7349,8.5038,22.2784,175
2016-03-06 08:00:00,63.55,transfer,1.0,75.2384,0.0,89.7988,89.7988,75.2384,89.7349,8.5254,22.3037,176
2016-03-06 09:00:00,62.93,transfer,1.0,75.4614,0.0,78.4027,78.4027,75.4614,89.735,8.54,22.3252,177
2016-03-06 10:00:00,62.53,transfer,1.0,73.6644,0.0,82.6206,82.6206,73.6644,89.7347,8.5596,22.3575,178
2016-03-06 11:00:00,61.46,transfer,1.0,71.7826,0.0,81.5259,81.5259,71.7826,89.7348,8.5821,22.3956,179
2016-03-06 12:00:00,61.6,transfer,1.0,70.1408,0.0,70.933,70.933,70.1408,89.7349,8.5991,22.4298,180
2016-03-06 13:00:00,62.92,transfer,1.0,68.5971,0.0,74.9037,74.9037,68.5971,89.7349,8.6039,22.4518,181
2016-03-06 14:00:00,60.72,transfer,1.0,67.0489,0.0,74.4918,74.4918,67.0489,89.7347,8.6253,22.4909,182
2016-03-06 15:00:00,61.68,transfer,1.0,65.8003,0.0,64.2141,64.2141,65.8003,89.7349,8.6415,22.523,183
2016-03-06 16:00:00,60.79,transfer,1.0,64.5812,0.0,63.9109,63.9109,64.5812,89.735,8.6526,22.5705,184
2016-03-06 17:00:00,59.45,transfer,1.0,63.4413,0.0,55.5046,55.5046,63.4413,89.7351,8.6711,22.6109,185
2016-03-06 18:00:00,59.48,transfer,1.0,62.2973,0.0,79.5262,79.5262,62.2973,89.735,8.6854,22.6365,186
2016-03-06 19:00:00,54.9,transfer,1.0,61.2751,0.0,59.7206,59.7206,61.2751,89.7352,8.6852,22.6453,187
2016-03-06 20:00:00,55.41,transfer,1.0,60.9662,0.0,61.5939,61.5939,60.9662,89.7347,8.6871,22.6533,188
2016-03-06 21:00:00,55.89,transfer,1.0,60.3918,0.0,58.5785,58.5785,60.3918,89.7345,8.6904,22.6603,189
2016-03-06 22:00:00,56.53,transfer,1.0,59.8521,0.0,63.0508,63.0508,59.8521,89.7343,8.6973,22.6702,190
2016-03-06 23:00:00,55.58,transfer,1.0,59.6707,0.0,51.3042,51.3042,59.6707,89.7344,8.7021,22.6782,191
2016-03-07 00:00:00,55.4,transfer,1.0,59.7358,0.0,57.0612,57.0612,59.7358,89.7344,8.7059,22.6852,192
2016-03-07 01:00:00,55.28,transfer,1.0,61.6797,0.0,63.7999,63.7999,61.6797,89.7348,8.7103,22.6938,193
2016-03-07 02:00:00,55.15,transfer,1.0,64.6536,0.0,67.9572,67.9572,64.6536,89.7349,8.714,22.7017,194
2016-03-07 03:00:00,55.67,transfer,1.0,68.5538,0.0,65.6902,65.6902,68.5538,89.735,8.7144,22.7084,195
2016-03-07 04:00:00,55.72,transfer,1.0,73.4075,0.0,69.0233,69.0233,73.4075,89.7352,8.709,22.7129,196
2016-03-07 05:00:00,69.88,transfer,1.0,79.0473,0.0,83.007,83.007,79.0473,89.7353,8.7025,22.7196,197
2016-03-07 06:00:00,73.87,transfer,1.0,85.4663,0.0,76.4977,76.4977,85.4663,89.7352,8.6793,22.713,198
2016-03-07 07:00:00,69.33,transfer,1.0,92.5435,0.0,101.0216,101.0216,92.5435,89.735,8.6707,22.7227,199
2016-03-07 08:00:00,91.57,transfer,1.0,97.7589,0.0,96.2495,96.2495,97.7589,89.7353,8.695,22.6832,200
2016-03-07 09:00:00,111.58,transfer,1.0,100.7665,0.0,119.3244,119.3244,100.7665,89.7354,8.6853,22.6614,201
2016-03-07 10:00:00,111.24,transfer,1.0,103.1055,0.0,110.2597,110.2597,103.1055,89.7352,8.6406,22.6094,202
2016-03-07 11:00:00,111.26,transfer,1.0,104.2047,0.0,109.2767,109.2767,104.2047,89.735,8.6251,22.5892,203
2016-03-07 12:00:00,108.88,transfer,1.0,104.307,0.0,102.3579,102.3579,104.307,89.7348,8.6135,22.5731,204
2016-03-07 13:00:00,103.21,transfer,1.0,103.6074,0.0,125.6683,125.6683,103.6074,89.7349,8.5805,22.529,205
2016-03-07 14:00:00,94.49,transfer,1.0,101.4347,0.0,107.9058,107.9058,101.4347,89.7351,8.6217,22.476,206
2016-03-07 15:00:00,100.57,transfer,1.0,95.443,0.0,91.7604,91.7604,95.443,89.735,8.6161,22.4451,207
2016-03-07 16:00:00,102.03,transfer,1.0,84.5925,0.0,90.9762,90.9762,84.5925,89.735,8.6598,22.451,208
2016-03-07 17:00:00,90.11,transfer,1.0,74.7665,0.0,60.5109,60.5109,74.7665,89.7351,8.6768,22.4382,209
2016-03-07 18:00:00,83.72,transfer,1.0,68.6076,0.0,65.4375,65.4375,68.6076,89.735,8.6791,22.4481,210
2016-03-07 19:00:00,71.89,transfer,1.0,64.4434,0.0,62.8852,62.8852,64.4434,89.735,8.6706,22.459,211
2016-03-07 20:00:00,67.28,transfer,1.0,62.1549,0.0,70.1197,70.1197,62.1549,89.7346,8.6565,22.4721,212
2016-03-07 21:00:00,60.73,transfer,1.0,60.7039,0.0,64.8248,64.8248,60.7039,89.7344,8.6423,22.4854,213
2016-03-07 22:00:00,57.53,transfer,1.0,60.0695,0.0,53.2447,53.2447,60.0695,89.7344,8.6545,22.4967,214
2016-03-07 23:00:00,56.53,transfer,1.0,60.0647,0.0,64.6894,64.6894,60.0647,89.7343,8.6652,22.5071,215
2016-03-08 00:00:00,55.78,transfer,1.0,60.8755,0.0,70.5169,70.5169,60.8755,89.7344,8.6759,22.5164,216
2016-03-08 01:00:00,55.59,transfer,1.0,63.1907,0.0,49.3682,49.3682,63.1907,89.7342,8.6905,22.5287,217
2016-03-08 02:00:00,55.14,transfer,1.0,67.3568,0.0,73.7371,73.7371,67.3568,89.7342,8.7041,22.5397,218
2016-03-08 03:00:00,55.52,transfer,1.0,73.3426,0.0,79.7319,79.7319,73.3426,89.7341,8.7161,22.5524,219
2016-03-08 04:00:00,55.58,transfer,1.0,81.2187,0.0,89.2304,89.2304,81.2187,89.7343,8.7223,22.5646,220
2016-03-08 05:00:00,66.03,transfer,1.0,89.4362,0.0,108.7536,108.7536,89.4362,89.7342,8.7381,22.5923,221
2016-03-08 06:00:00,68.3,transfer,1.0,97.2642,0.0,88.1953,88.1953,97.2642,89.734,8.7696,22.6342,222
2016-03-08 07:00:00,64.26,transfer,1.0,102.187,0.0,97.1721,97.1721,102.187,89.7343,8.7984,22.6686,223
2016-03-08 08:00:00,84.26,transfer,1.0,104.0882,0.0,77.3722,77.3722,104.0882,89.7344,8.8434,22.6848,224
2016-03-08 09:00:00,105.03,transfer,1.0,104.9079,0.0,102.0563,102.0563,104.9079,89.735,8.8282,22.6672,225
2016-03-08 10:00:00,115.23,transfer,1.0,105.2475,0.0,106.8276,106.8276,105.2475,89.7351,8.884,22.7212,226
2016-03-08 11:00:00,117.25,transfer,1.0,105.3328,0.0,123.0994,123.0994,105.3328,89.7351,8.9226,22.7581,227
2016-03-08 12:00:00,117.55,transfer,1.0,105.2198,0.0,112.2109,112.2109,105.2198,89.7351,8.9569,22.7905,228
2016-03-08 13:00:00,116.62,transfer,1.0,104.8034,0.0,114.3071,114.3071,104.8034,89.7348,8.9925,22.8228,229
2016-03-08 14:00:00,110.53,transfer,1.0,103.7893,0.0,99.9399,99.9399,103.7893,89.7347,9.0193,22.8434,230
2016-03-08 15:00:00,114.37,transfer,1.0,101.2374,0.0,113.1424,113.1424,101.2374,89.7344,9.0636,22.8748,231
2016-03-08 16:00:00,111.83,transfer,1.0,95.7224,0.0,86.2611,86.2611,95.7224,89.7343,9.1138,22.9014,232
2016-03-08 17:00:00,98.19,transfer,1.0,87.5784,0.0,100.6371,100.6371,87.5784,89.7344,9.154,22.9168,233
2016-03-08 18:00:00,92.42,transfer,1.0,78.0376,0.0,74.6753,74.6753,78.0376,89.7344,9.1968,22.9208,234
2016-03-08 19:00:00,73.05,transfer,1.0,69.3876,0.0,70.8918,70.8918,69.3876,89.7347,9.1929,22.9307,235
2016-03-08 20:00:00,67.45,transfer,1.0,63.9792,0.0,66.2228,66.2228,63.9792,89.7343,9.1899,22.9366,236
2016-03-08 21:00:00,64.69,transfer,1.0,60.8338,0.0,50.6264,50.6264,60.8338,89.7341,9.198,22.9329,237
2016-03-08 22:00:00,59.96,transfer,1.0,59.203,0.0,55.1542,55.1542,59.203,89.734,9.1987,22.9307,238
2016-03-08 23:00:00,58.89,transfer,1.0,58.7957,0.0,57.5688,57.5688,58.7957,89.7338,9.1871,22.9245,239
2016-03-09 00:00:00,58.19,transfer,1.0,59.4428,0.0,52.3244,52.3244,59.4428,89.7339,9.1773,22.9211,240
2016-03-09 01:00:00,58.21,transfer,1.0,61.4945,0.0,53.9103,53.9103,61.4945,89.734,9.1678,22.9158,241
2016-03-09 02:00:00,57.96,transfer,1.0,65.6554,0.0,68.4125,68.4125,65.6554,89.7339,9.1627,22.9136,242
2016-03-09 03:00:00,58.54,transfer,1.0,72.5735,0.0,63.0231,63.0231,72.5735,89.7338,9.1569,22.9088,243
2016-03-09 04:00:00,58.27,transfer,1.0,81.9794,0.0,83.2614,83.2614,81.9794,89.7338,9.1566,22.9048,244
2016-03-09 05:00:00,69.3,transfer,1.0,91.9083,0.0,92.5175,92.5175,91.9083,89.7338,9.1516,22.8924,245
2016-03-09 06:00:00,68.91,transfer,1.0,99.5845,0.0,83.2174,83.2174,99.5845,89.7335,9.1625,22.8995,246
2016-03-09 07:00:00,66.77,transfer,1.0,103.3795,0.0,104.9434,104.9434,103.3795,89.7337,9.1877,22.9236,247
2016-03-09 08:00:00,90.77,transfer,1.0,104.7267,0.0,120.4287,120.4287,104.7267,89.7341,9.1779,22.9263,248
2016-03-09 09:00:00,111.21,transfer,1.0,105.2755,0.0,105.0151,105.0151,105.2755,89.7343,9.1763,22.9242,249
2016-03-09 10:00:00,112.2,transfer,1.0,105.5281,0.0,101.4626,101.4626,105.5281,89.7341,9.1397,22.8871,250
2016-03-09 11:00:00,114.58,transfer,1.0,105.6037,0.0,85.631,85.631,105.6037,89.7341,9.1549,22.9017,251
2016-03-09 12:00:00,115.73,transfer,1.0,105.5368,0.0,83.4955,83.4955,105.5368,89.7342,9.1822,22.9281,252
2016-03-09 13:00:00,114.54,transfer,1.0,105.3259,0.0,126.4784,126.4784,105.3259,89.7342,9.2152,22.9595,253
2016-03-09 14:00:00,108.03,transfer,1.0,104.8315,0.0,82.9694,82.9694,104.8315,89.7344,9.2324,22.9737,254
2016-03-09 15:00:00,111.73,transfer,1.0,103.6434,0.0,110.6691,110.6691,103.6434,89.7343,9.2652,23.0004,255
2016-03-09 16:00:00,105.19,transfer,1.0,100.8095,0.0,121.2699,121.2699,100.8095,89.7341,9.2803,23.0022,256
2016-03-09 17:00:00,99.66,transfer,1.0,95.0634,0.0,110.1217,110.1217,95.0634,89.7339,9.2798,23.035,257
2016-03-09 18:00:00,88.17,transfer,1.0,85.635,0.0,73.0214,73.0214,85.635,89.7341,9.2804,23.0269,258
2016-03-09 19:00:00,73.84,transfer,1.0,76.1095,0.0,91.0611,91.0611,76.1095,89.7344,9.2831,23.0706,259
2016-03-09 20:00:00,69.38,transfer,1.0,68.7136,0.0,66.163,66.163,68.7136,89.7342,9.2681,23.1053,260
2016-03-09 21:00:00,62.11,transfer,1.0,64.2885,0.0,73.2973,73.2973,64.2885,89.7339,9.273,23.1368,261
2016-03-09 22:00:00,59.94,transfer,1.0,62.3036,0.0,63.5365,63.5365,62.3036,89.7338,9.2421,23.142,262
2016-03-09 23:00:00,58.02,transfer,1.0,61.7313,0.0,61.4303,61.4303,61.7313,89.734,9.1951,23.1397,263
2016-03-10 00:00:00,57.45,transfer,1.0,62.3884,0.0,61.013,61.013,62.3884,89.734,9.1408,23.138,264
2016-03-10 01:00:00,57.4,transfer,1.0,64.0891,0.0,71.4465,71.4465,64.0891,89.7342,9.0791,23.1358,265
2016-03-10 02:00:00,57.41,transfer,1.0,67.5072,0.0,58.7691,58.7691,67.5072,89.7343,9.0087,23.1318,266
2016-03-10 03:00:00,57.21,transfer,1.0,72.8275,0.0,69.7815,69.7815,72.8275,89.7341,8.9371,23.1324,267
2016-03-10 04:00:00,57.39,transfer,1.0,80.5353,0.0,73.7684,73.7684,80.5353,89.7342,8.8697,23.1315,268
2016-03-10 05:00:00,70.99,transfer,1.0,89.2062,0.0,96.1083,96.1083,89.2062,89.7343,8.8302,23.1432,269
2016-03-10 06:00:00,72.75,transfer,1.0,97.2121,0.0,92.0103,92.0103,97.2121,89.7342,8.8241,23.1659,270
2016-03-10 07:00:00,69.54,transfer,1.0,102.2549,0.0,103.1952,103.1952,102.2549,89.7342,8.8546,23.2087,271
2016-03-10 08:00:00,90.16,transfer,1.0,104.2651,0.0,110.3629,110.3629,104.2651,89.7343,8.8483,23.2094,272
2016-03-10 09:00:00,109.21,transfer,1.0,105.0404,0.0,120.9171,120.9171,105.0404,89.7345,8.8494,23.2074,273
2016-03-10 10:00:00,112.82,transfer,1.0,105.3564,0.0,112.7841,112.7841,105.3564,89.7343,8.8422,23.1981,274
2016-03-10 11:00:00,116.72,transfer,1.0,105.4225,0.0,111.8133,111.8133,105.4225,89.7342,8.8925,23.2803,275
2016-03-10 12:00:00,116.14,transfer,1.0,105.279,0.0,108.0451,108.0451,105.279,89.7343,8.9473,23.3522,276
2016-03-10 13:00:00,109.96,transfer,1.0,104.8904,0.0,98.1964,98.1964,104.8904,89.7343,8.9773,23.3786,277
2016-03-10 14:00:00,103.59,transfer,1.0,103.9576,0.0,117.5951,117.5951,103.9576,89.7343,8.9669,23.3821,278
2016-03-10 15:00:00,107.23,transfer,1.0,101.5913,0.0,113.166,113.166,101.5913,89.7343,8.9724,23.3741,279
2016-03-10 16:00:00,109.21,transfer,1.0,96.2268,0.0,90.096,90.096,96.2268,89.7342,9.035,23.4125,280
2016-03-10 17:00:00,100.82,transfer,1.0,87.8189,0.0,94.6707,94.6707,87.8189,89.7341,9.1044,23.4507,281
2016-03-10 18:00:00,92.13,transfer,1.0,79.3968,0.0,75.7604,75.7604,79.3968,89.7343,9.1554,23.4481,282
2016-03-10 19:00:00,69.13,transfer,1.0,72.1295,0.0,67.7494,67.7494,72.1295,89.7342,9.1718,23.4788,283
2016-03-10 20:00:00,62.21,transfer,1.0,67.268,0.0,71.5095,71.5095,67.268,89.7339,9.1965,23.5255,284
2016-03-10 21:00:00,58.89,transfer,1.0,63.6537,0.0,63.4863,63.4863,63.6537,89.7338,9.2112,23.5611,285
2016-03-10 22:00:00,55.05,transfer,1.0,61.5337,0.0,57.217,57.217,61.5337,89.7338,9.2107,23.59,286
2016-03-10 23:00:00,53.42,transfer,1.0,60.5824,0.0,65.1234,65.1234,60.5824,89.7338,9.1992,23.6172,287
2016-03-11 00:00:00,53.0,transfer,1.0,60.446,0.0,57.5009,57.5009,60.446,89.7338,9.18,23.6465,288
2016-03-11 01:00:00,52.94,transfer,1.0,61.2768,0.0,70.2017,70.2017,61.2768,89.7339,9.1532,23.6761,289
2016-03-11 02:00:00,52.67,transfer,1.0,63.3758,0.0,66.7172,66.7172,63.3758,89.7339,9.1207,23.7054,290
2016-03-11 03:00:00,52.75,transfer,1.0,66.939,0.0,62.4068,62.4068,66.939,89.7339,9.084,23.7365,291
2016-03-11 04:00:00,53.12,transfer,1.0,72.2942,0.0,56.6034,56.6034,72.2942,89.7338,9.0446,23.7676,292
2016-03-11 05:00:00,69.2,transfer,1.0,79.3997,0.0,83.9155,83.9155,79.3997,89.734,8.9985,23.7889,293
2016-03-11 06:00:00,70.99,transfer,1.0,88.0159,0.0,84.8384,84.8384,88.0159,89.7338,8.9821,23.8261,294
2016-03-11 07:00:00,66.33,transfer,1.0,96.6142,0.0,108.3621,108.3621,96.6142,89.7342,9.0043,23.8786,295
2016-03-11 08:00:00,88.7,transfer,1.0,101.2716,0.0,94.0574,94.0574,101.2716,89.7345,8.9984,23.8809,296
2016-03-11 09:00:00,98.26,transfer,1.0,103.2786,0.0,110.2839,110.2839,103.2786,89.7343,9.0069,23.8198,297
2016-03-11 10:00:00,102.89,transfer,1.0,104.3089,0.0,123.2678,123.2678,104.3089,89.7341,8.9586,23.7485,298
2016-03-11 11:00:00,104.34,transfer,1.0,104.5203,0.0,102.5718,102.5718,104.5203,89.734,8.9017,23.6836,299
2016-03-11 12:00:00,99.16,transfer,1.0,104.0531,0.0,103.7989,103.7989,104.0531,89.7339,8.8849,23.6004,300
2016-03-11 13:00:00,99.67,transfer,1.0,102.3501,0.0,116.0087,116.0087,102.3501,89.7339,8.892,23.5591,301
2016-03-11 14:00:00,97.59,transfer,1.0,97.5552,0.0,102.9898,102.9898,97.5552,89.7339,8.8778,23.5337,302
2016-03-11 15:00:00,96.75,transfer,1.0,88.6843,0.0,96.1191,96.1191,88.6843,89.734,8.9087,23.4882,303
2016-03-11 16:00:00,88.61,transfer,1.0,78.9724,0.0,86.1819,86.1819,78.9724,89.7339,8.9537,23.4551,304
2016-03-11 17:00:00,78.72,transfer,1.0,71.6421,0.0,62.9332,62.9332,71.6421,89.7342,8.9672,23.5147,305
2016-03-11 18:00:00,75.28,transfer,1.0,66.4763,0.0,61.1571,61.1571,66.4763,89.7343,8.9572,23.5715,306
2016-03-11 19:00:00,59.53,transfer,1.0,62.8668,0.0,63.9765,63.9765,62.8668,89.7344,8.9515,23.6497,307
2016-03-11 20:00:00,59.25,transfer,1.0,61.0332,0.0,59.535,59.535,61.0332,89.7341,8.9572,23.6949,308
2016-03-11 21:00:00,56.34,transfer,1.0,59.6226,0.0,55.5257,55.5257,59.6226,89.7337,8.9684,23.7392,309
2016-03-11 22:00:00,51.52,transfer,1.0,59.2136,0.0,53.7921,53.7921,59.2136,89.7341,8.9807,23.7877,310
2016-03-11 23:00:00,50.19,transfer,1.0,59.3116,0.0,60.536,60.536,59.3116,89.734,8.9872,23.8342,311
2016-03-12 00:00:00,49.44,transfer,1.0,59.5929,0.0,64.7828,64.7828,59.5929,89.7336,8.9888,23.8821,312
2016-03-12 01:00:00,49.34,transfer,1.0,59.0313,0.0,54.5737,54.5737,59.0313,89.7331,8.9928,23.9317,313
2016-03-12 02:00:00,49.26,transfer,1.0,58.7798,0.0,50.2132,50.2132,58.7798,89.7328,8.996,23.9801,314
2016-03-12 03:00:00,47.77,transfer,1.0,59.2746,0.0,62.2493,62.2493,59.2746,89.7332,9.0085,24.0391,315
2016-03-12 04:00:00,48.15,transfer,1.0,60.2334,0.0,58.012,58.012,60.2334,89.7333,9.0146,24.0951,316
2016-03-12 05:00:00,57.94,transfer,1.0,61.6003,0.0,63.024,63.024,61.6003,89.7332,9.0342,24.1738,317
2016-03-12 06:00:00,65.37,transfer,1.0,63.862,0.0,68.9867,68.9867,63.862,89.7333,9.0294,24.238,318
2016-03-12 07:00:00,68.21,transfer,1.0,67.2184,0.0,79.4055,79.4055,67.2184,89.7335,9.0162,24.2787,319
2016-03-12 08:00:00,65.26,transfer,1.0,71.2983,0.0,61.2609,61.2609,71.2983,89.7337,8.9839,24.3136,320
2016-03-12 09:00:00,67.45,transfer,1.0,73.5167,0.0,55.501,55.501,73.5167,89.7341,8.9324,24.325,321
2016-03-12 10:00:00,66.66,transfer,1.0,73.1461,0.0,69.3077,69.3077,73.1461,89.7338,8.8862,24.3363,322
2016-03-12 11:00:00,65.86,transfer,1.0,71.6965,0.0,62.4339,62.4339,71.6965,89.7338,8.8522,24.352,323
2016-03-12 12:00:00,67.11,transfer,1.0,69.8536,0.0,73.7533,73.7533,69.8536,89.7339,8.8294,24.3707,324
2016-03-12 13:00:00,64.5,transfer,1.0,67.697,0.0,74.556,74.556,67.697,89.7337,8.8134,24.3917,325
2016-03-12 14:00:00,62.1,transfer,1.0,65.7887,0.0,64.9405,64.9405,65.7887,89.7338,8.7941,24.4077,326
2016-03-12 15:00:00,58.63,transfer,1.0,63.8759,0.0,58.7508,58.7508,63.8759,89.7338,8.7945,24.4441,327
2016-03-12 16:00:00,55.37,transfer,1.0,61.9682,0.0,47.2263,47.2263,61.9682,89.7338,8.8125,24.4981,328
2016-03-12 17:00:00,54.5,transfer,1.0,60.2438,0.0,65.2054,65.2054,60.2438,89.7341,8.8233,24.5434,329
2016-03-12 18:00:00,53.92,transfer,1.0,58.636,0.0,55.14,55.14,58.636,89.7341,8.842,24.5962,330
2016-03-12 19:00:00,52.1,transfer,1.0,57.2396,0.0,56.2738,56.2738,57.2396,89.7341,8.8419,24.6301,331
2016-03-12 20:00:00,51.72,transfer,1.0,56.6774,0.0,58.3785,58.3785,56.6774,89.7338,8.8417,24.6637,332
2016-03-12 21:00:00,50.95,transfer,1.0,56.0761,0.0,54.7369,54.7369,56.0761,89.7337,8.8489,24.7039,333
2016-03-12 22:00:00,50.77,transfer,1.0,55.6237,0.0,51.3733,51.3733,55.6237,89.7337,8.8535,24.7402,334
2016-03-12 23:00:00,48.39,transfer,1.0,55.3281,0.0,45.4943,45.4943,55.3281,89.7337,8.8655,24.7842,335
2016-03-13 00:00:00,47.4,transfer,1.0,55.1422,0.0,52.5518,52.5518,55.1422,89.7335,8.8803,24.8318,336
2016-03-13 01:00:00,47.43,transfer,1.0,55.316,0.0,57.8319,57.8319,55.316,89.7337,8.8933,24.8783,337
2016-03-13 02:00:00,47.475,transfer,1.0,55.7087,0.0,60.83,60.83,55.7087,89.7335,8.9032,24.9234,338
2016-03-13 03:00:00,47.52,transfer,1.0,54.3933,0.0,49.2135,49.2135,54.3933,89.6737,8.9003,24.9693,339
2016-03-13 04:00:00,60.59,transfer,1.0,54.6794,0.0,61.9367,61.9367,54.6794,89.7224,8.8839,24.9381,340
2016-03-13 05:00:00,61.01,transfer,1.0,55.6479,0.0,59.3245,59.3245,55.6479,89.7308,8.894,24.9885,341
2016-03-13 06:00:00,62.27,transfer,1.0,58.6544,0.0,60.3685,60.3685,58.6544,89.733,8.8979,25.0422,342
2016-03-13 07:00:00,62.23,transfer,1.0,62.6176,0.0,59.2645,59.2645,62.6176,89.7335,8.8879,25.0883,343
2016-03-13 08:00:00,53.95,transfer,1.0,66.7022,0.0,75.1502,75.1502,66.7022,89.734,8.8942,25.1454,344
2016-03-13 09:00:00,53.76,transfer,1.0,68.3489,0.0,66.2957,66.2957,68.3489,89.7346,8.9064,25.2,345
2016-03-13 10:00:00,52.9,transfer,1.0,67.6148,0.0,66.5491,66.5491,67.6148,89.7345,8.9277,25.2573,346
2016-03-13 11:00:00,53.21,transfer,1.0,66.2029,0.0,66.1051,66.1051,66.2029,89.7344,8.9436,25.3064,347
2016-03-13 12:00:00,50.77,transfer,1.0,64.7771,0.0,62.562,62.562,64.7771,89.7345,8.9762,25.3709,348
2016-03-13 13:00:00,50.13,transfer,1.0,63.4542,0.0,61.0938,61.0938,63.4542,89.7346,9.0217,25.447,349
2016-03-13 14:00:00,53.76,transfer,1.0,62.0924,0.0,55.3711,55.3711,62.0924,89.7348,9.0336,25.4884,350
2016-03-13 15:00:00,57.68,transfer,1.0,60.6402,0.0,67.1884,67.1884,60.6402,89.7347,9.0267,25.5123,351
2016-03-13 16:00:00,59.37,transfer,1.0,59.5587,0.0,49.8157,49.8157,59.5587,89.735,9.0053,25.5207,352
2016-03-13 17:00:00,58.67,transfer,1.0,58.6902,0.0,59.8584,59.8584,58.6902,89.735,8.9816,25.5253,353
2016-03-13 18:00:00,46.64,transfer,1.0,57.9331,0.0,60.4491,60.4491,57.9331,89.7349,9.0321,25.6018,354
2016-03-13 19:00:00,52.9,transfer,1.0,57.0692,0.0,50.5194,50.5194,57.0692,89.7349,9.019,25.6137,355
2016-03-13 20:00:00,53.7,transfer,1.0,56.4704,0.0,56.7256,56.7256,56.4704,89.7344,9.0024,25.6239,356
2016-03-13 21:00:00,52.94,transfer,1.0,55.9548,0.0,56.6927,56.6927,55.9548,89.7344,8.9935,25.6414,357
2016-03-13 22:00:00,54.44,transfer,1.0,55.7078,0.0,56.7628,56.7628,55.7078,89.7344,8.9813,25.6539,358
2016-03-13 23:00:00,53.02,transfer,1.0,55.5653,0.0,43.3792,43.3792,55.5653,89.7345,8.9721,25.6691,359
2016-03-14 00:00:00,52.92,transfer,1.0,55.5789,0.0,40.8167,40.8167,55.5789,89.7345,8.9621,25.6839,360
2016-03-14 01:00:00,52.49,transfer,1.0,57.0159,0.0,51.9218,51.9218,57.0159,89.7345,8.951,25.7005,361
2016-03-14 02:00:00,52.45,transfer,1.0,59.4452,0.0,61.2073,61.2073,59.4452,89.7346,8.936,25.7165,362
2016-03-14 03:00:00,52.6,transfer,1.0,63.3576,0.0,73.1463,73.1463,63.3576,89.7349,8.9234,25.7348,363
2016-03-14 04:00:00,66.75,transfer,1.0,66.3982,0.0,69.1582,69.1582,66.3982,89.7347,8.8202,25.6691,364
2016-03-14 05:00:00,69.39,transfer,1.0,71.6375,0.0,72.7436,72.7436,71.6375,89.7349,8.779,25.6721,365
2016-03-14 06:00:00,71.67,transfer,1.0,80.481,0.0,64.4284,64.4284,80.481,89.7349,8.7624,25.6852,366
2016-03-14 07:00:00,97.93,transfer,1.0,89.2707,0.0,86.826,86.826,89.2707,89.7349,8.6758,25.6125,367
2016-03-14 08:00:00,105.06,transfer,1.0,96.3896,0.0,101.899,101.899,96.3896,89.7347,8.6906,25.6928,368
2016-03-14 09:00:00,110.87,transfer,1.0,101.9178,0.0,97.9838,97.9838,101.9178,89.735,8.6795,25.6886,369
2016-03-14 10:00:00,112.84,transfer,1.0,104.0553,0.0,116.3962,116.3962,104.0553,89.7348,8.6833,25.6981,370
2016-03-14 11:00:00,109.14,transfer,1.0,104.5667,0.0,108.7568,108.7568,104.5667,89.7347,8.6686,25.6855,371
2016-03-14 12:00:00,106.9,transfer,1.0,104.1828,0.0,106.3353,106.3353,104.1828,89.7346,8.6575,25.6737,372
2016-03-14 13:00:00,102.42,transfer,1.0,102.2676,0.0,103.981,103.981,102.2676,89.7346,8.6561,25.669,373
2016-03-14 14:00:00,106.99,transfer,1.0,96.4949,0.0,87.7398,87.7398,96.4949,89.7347,8.6772,25.7434,374
2016-03-14 15:00:00,99.16,transfer,1.0,84.7436,0.0,79.259,79.259,84.7436,89.7346,8.7325,25.735,375
2016-03-14 16:00:00,86.36,transfer,1.0,73.913,0.0,76.9659,76.9659,73.913,89.7346,8.7028,25.6819,376
2016-03-14 17:00:00,76.09,transfer,1.0,66.2406,0.0,55.632,55.632,66.2406,89.7346,8.6701,25.7609,377
2016-03-14 18:00:00,66.02,transfer,1.0,60.8538,0.0,59.8141,59.8141,60.8538,89.7346,8.6109,25.8662,378
2016-03-14 19:00:00,67.94,transfer,1.0,57.8439,0.0,58.7348,58.7348,57.8439,89.7347,8.6267,25.8897,379
2016-03-14 20:00:00,65.54,transfer,1.0,56.3306,0.0,55.4402,55.4402,56.3306,89.7344,8.651,25.9001,380
2016-03-14 21:00:00,58.38,transfer,1.0,55.7882,0.0,64.2384,64.2384,55.7882,89.7344,8.6662,25.9141,381
2016-03-14 22:00:00,58.98,transfer,1.0,55.8597,0.0,62.7561,62.7561,55.8597,89.7345,8.6697,25.9055,382
2016-03-14 23:00:00,57.27,transfer,1.0,56.3423,0.0,66.8191,66.8191,56.3423,89.7345,8.6542,25.9011,383
2016-03-15 00:00:00,56.92,transfer,1.0,57.4822,0.0,67.587,67.587,57.4822,89.7343,8.6272,25.8943,384
2016-03-15 01:00:00,56.59,transfer,1.0,60.0835,0.0,65.2895,65.2895,60.0835,89.7341,8.6027,25.8883,385
2016-03-15 02:00:00,56.97,transfer,1.0,64.4842,0.0,54.9615,54.9615,64.4842,89.734,8.5748,25.8774,386
2016-03-15 03:00:00,57.2,transfer,1.0,71.2783,0.0,75.3316,75.3316,71.2783,89.7344,8.5525,25.8674,387
2016-03-15 04:00:00,61.91,transfer,1.0,80.8583,0.0,60.5408,60.5408,80.8583,89.7346,8.5126,25.8298,388
2016-03-15 05:00:00,62.52,transfer,1.0,90.9983,0.0,85.5593,85.5593,90.9983,89.7347,8.5428,25.8506,389
2016-03-15 06:00:00,65.99,transfer,1.0,98.9927,0.0,70.8803,70.8803,98.9927,89.7347,8.5669,25.8644,390
2016-03-15 07:00:00,92.46,transfer,1.0,102.907,0.0,105.3324,105.3324,102.907,89.7348,8.4033,25.729,391
2016-03-15 08:00:00,102.89,transfer,1.0,104.5438,0.0,102.4766,102.4766,104.5438,89.735,8.2951,25.7747,392
2016-03-15 09:00:00,107.15,transfer,1.0,105.3323,0.0,109.8647,109.8647,105.3323,89.7354,8.3052,25.7873,393
2016-03-15 10:00:00,106.35,transfer,1.0,105.5981,0.0,94.0626,94.0626,105.5981,89.7354,8.2503,25.7345,394
2016-03-15 11:00:00,104.32,transfer,1.0,105.6263,0.0,120.5102,120.5102,105.6263,89.7354,8.1871,25.6575,395
2016-03-15 12:00:00,101.08,transfer,1.0,105.4709,0.0,108.3012,108.3012,105.4709,89.7354,8.1399,25.5595,396
2016-03-15 13:00:00,96.05,transfer,1.0,104.9506,0.0,121.7711,121.7711,104.9506,89.7353,8.1225,25.437,397
2016-03-15 14:00:00,99.33,transfer,1.0,103.228,0.0,75.607,75.607,103.228,89.7353,8.1056,25.3703,398
2016-03-15 15:00:00,97.62,transfer,1.0,97.5357,0.0,103.6699,103.6699,97.5357,89.7353,8.0279,25.2706,399
2016-03-15 16:00:00,89.9,transfer,1.0,86.1552,0.0,84.5247,84.5247,86.1552,89.7351,7.9543,25.1401,400
2016-03-15 17:00:00,79.91,transfer,1.0,74.3661,0.0,73.8661,73.8661,74.3661,89.735,7.9242,25.1482,401
2016-03-15 18:00:00,65.79,transfer,1.0,65.8169,0.0,59.095,59.095,65.8169,89.7348,7.8387,25.2748,402
2016-03-15 19:00:00,66.01,transfer,1.0,60.6884,0.0,58.3992,58.3992,60.6884,89.7345,7.8486,25.3167,403
2016-03-15 20:00:00,67.84,transfer,1.0,58.1385,0.0,51.1838,51.1838,58.1385,89.734,7.8857,25.3144,404
2016-03-15 21:00:00,60.24,transfer,1.0,57.0516,0.0,58.8363,58.8363,57.0516,89.7337,7.8817,25.3409,405
2016-03-15 22:00:00,60.47,transfer,1.0,56.8491,0.0,63.0265,63.0265,56.8491,89.7335,7.8987,25.3378,406
2016-03-15 23:00:00,58.69,transfer,1.0,57.1362,0.0,58.6978,58.6978,57.1362,89.7337,7.9074,25.339,407
2016-03-16 00:00:00,58.69,transfer,1.0,58.0387,0.0,57.036,57.036,58.0387,89.7334,7.9038,25.336,408
2016-03-16 01:00:00,58.52,transfer,1.0,60.0684,0.0,56.6142,56.6142,60.0684,89.7334,7.8935,25.3342,409
2016-03-16 02:00:00,58.13,transfer,1.0,64.0008,0.0,56.2092,56.2092,64.0008,89.7334,7.8827,25.3332,410
2016-03-16 03:00:00,57.72,transfer,1.0,70.4476,0.0,70.143,70.143,70.4476,89.7337,7.8749,25.338,411
2016-03-16 04:00:00,62.03,transfer,1.0,79.5414,0.0,68.5318,68.5318,79.5414,89.7338,7.838,25.3157,412
2016-03-16 05:00:00,63.32,transfer,1.0,89.6231,0.0,98.4633,98.4633,89.6231,89.7337,7.86,25.3513,413
2016-03-16 06:00:00,69.06,transfer,1.0,98.1201,0.0,90.2381,90.2381,98.1201,89.7339,7.8504,25.3504,414
2016-03-16 07:00:00,86.48,transfer,1.0,102.538,0.0,101.4481,101.4481,102.538,89.7344,7.728,25.2331,415
2016-03-16 08:00:00,98.07,transfer,1.0,104.4278,0.0,122.5865,122.5865,104.4278,89.7344,7.6828,25.2765,416
2016-03-16 09:00:00,103.03,transfer,1.0,105.2655,0.0,105.6396,105.6396,105.2655,89.7348,7.6608,25.2278,417
2016-03-16 10:00:00,102.12,transfer,1.0,105.5382,0.0,96.8325,96.8325,105.5382,89.7349,7.6414,25.1678,418
2016-03-16 11:00:00,102.19,transfer,1.0,105.563,0.0,120.1941,120.1941,105.563,89.735,7.6081,25.0941,419
2016-03-16 12:00:00,99.56,transfer,1.0,105.3993,0.0,87.4681,87.4681,105.3993,89.735,7.5822,24.9978,420
2016-03-16 13:00:00,94.05,transfer,1.0,104.926,0.0,84.4108,84.4108,104.926,89.735,7.592,24.8758,421
2016-03-16 14:00:00,97.98,transfer,1.0,103.5925,0.0,99.3336,99.3336,103.5925,89.7348,7.6064,24.816,422
2016-03-16 15:00:00,98.06,transfer,1.0,99.6984,0.0,79.3016,79.3016,99.6984,89.7349,7.568,24.7346,423
2016-03-16 16:00:00,87.1,transfer,1.0,91.3864,0.0,98.0993,98.0993,91.3864,89.7349,7.5675,24.6583,424
2016-03-16 17:00:00,75.79,transfer,1.0,80.1758,0.0,70.6899,70.6899,80.1758,89.7349,7.5662,24.6822,425
2016-03-16 18:00:00,61.19,transfer,1.0,69.8147,0.0,68.0225,68.0225,69.8147,89.7349,7.6025,24.8428,426
2016-03-16 19:00:00,62.15,transfer,1.0,62.6088,0.0,71.4199,71.4199,62.6088,89.7347,7.5917,24.9124,427
2016-03-16 20:00:00,62.49,transfer,1.0,59.0584,0.0,53.7458,53.7458,59.0584,89.7343,7.6082,24.9534,428
2016-03-16 21:00:00,56.55,transfer,1.0,57.6235,0.0,59.742,59.742,57.6235,89.7339,7.6016,24.9865,429
2016-03-16 22:00:00,57.54,transfer,1.0,57.0552,0.0,58.7191,58.7191,57.0552,89.7335,7.5904,25.0008,430
2016-03-16 23:00:00,54.73,transfer,1.0,57.056,0.0,62.4625,62.4625,57.056,89.7334,7.5821,25.0204,431
2016-03-17 00:00:00,54.09,transfer,1.0,57.7986,0.0,54.7075,54.7075,57.7986,89.7333,7.5748,25.0404,432
2016-03-17 01:00:00,53.93,transfer,1.0,59.2428,0.0,64.9541,64.9541,59.2428,89.7333,7.5666,25.061,433
2016-03-17 02:00:00,53.56,transfer,1.0,62.019,0.0,75.7907,75.7907,62.019,89.7335,7.5569,25.0839,434
2016-03-17 03:00:00,53.76,transfer,1.0,66.5311,0.0,68.6934,68.6934,66.5311,89.7334,7.5399,25.1045,435
2016-03-17 04:00:00,58.52,transfer,1.0,73.2704,0.0,65.285,65.285,73.2704,89.7335,7.49,25.0978,436
2016-03-17 05:00:00,60.01,transfer,1.0,82.2804,0.0,76.1349,76.1349,82.2804,89.7337,7.5141,25.1631,437
2016-03-17 06:00:00,60.87,transfer,1.0,92.658,0.0,93.548,93.548,92.658,89.7341,7.5577,25.2338,438
2016-03-17 07:00:00,81.25,transfer,1.0,99.8181,0.0,90.1293,90.1293,99.8181,89.7342,7.4735,25.1641,439
2016-03-17 08:00:00,98.73,transfer,1.0,103.2502,0.0,96.5969,96.5969,103.2502,89.7343,7.4164,25.2151,440
2016-03-17 09:00:00,104.57,transfer,1.0,104.7961,0.0,120.2078,120.2078,104.7961,89.7345,7.393,25.1875,441
2016-03-17 10:00:00,105.85,transfer,1.0,105.3551,0.0,93.0872,93.0872,105.3551,89.7345,7.3515,25.146,442
2016-03-17 11:00:00,105.18,transfer,1.0,105.4773,0.0,114.64,114.64,105.4773,89.7346,7.286,25.0773,443
2016-03-17 12:00:00,105.84,transfer,1.0,105.3669,0.0,89.4025,89.4025,105.3669,89.7348,7.2242,25.016,444
2016-03-17 13:00:00,99.01,transfer,1.0,104.9406,0.0,105.835,105.835,104.9406,89.7349,7.2293,24.9508,445
2016-03-17 14:00:00,100.41,transfer,1.0,103.7367,0.0,108.1789,108.1789,103.7367,89.735,7.2469,24.9319,446
2016-03-17 15:00:00,99.76,transfer,1.0,100.118,0.0,86.336,86.336,100.118,89.7349,7.2155,24.8874,447
2016-03-17 16:00:00,90.16,transfer,1.0,92.1018,0.0,87.1049,87.1049,92.1018,89.7349,7.1498,24.774,448
2016-03-17 17:00:00,79.24,transfer,1.0,80.8224,0.0,87.8461,87.8461,80.8224,89.7349,7.0818,24.7705,449
2016-03-17 18:00:00,62.78,transfer,1.0,70.5953,0.0,73.743,73.743,70.5953,89.735,7.0525,24.9167,450
2016-03-17 19:00:00,64.83,transfer,1.0,63.7075,0.0,69.0914,69.0914,63.7075,89.7349,7.0414,24.9423,451
2016-03-17 20:00:00,65.24,transfer,1.0,60.362,0.0,54.0398,54.0398,60.362,89.7345,7.0403,24.9243,452
2016-03-17 21:00:00,57.0,transfer,1.0,59.3306,0.0,67.423,67.423,59.3306,89.7344,7.0258,24.9355,453
2016-03-17 22:00:00,57.52,transfer,1.0,59.6109,0.0,58.8452,58.8452,59.6109,89.7345,6.9997,24.9208,454
2016-03-17 23:00:00,55.95,transfer,1.0,60.4033,0.0,62.7043,62.7043,60.4033,89.7346,6.9835,24.9058,455
2016-03-18 00:00:00,55.69,transfer,1.0,62.0841,0.0,67.6815,67.6815,62.0841,89.7344,6.9773,24.8898,456
2016-03-18 01:00:00,55.23,transfer,1.0,64.5861,0.0,56.7833,56.7833,64.5861,89.7346,6.9833,24.8761,457
2016-03-18 02:00:00,55.46,transfer,1.0,67.8997,0.0,63.1651,63.1651,67.8997,89.7346,6.9937,24.8595,458
2016-03-18 03:00:00,55.62,transfer,1.0,72.4184,0.0,68.7656,68.7656,72.4184,89.7344,7.0092,24.8425,459
2016-03-18 04:00:00,65.43,transfer,1.0,78.3609,0.0,82.4671,82.4671,78.3609,89.7344,6.972,24.7692,460
2016-03-18 05:00:00,69.18,transfer,1.0,85.516,0.0,95.6993,95.6993,85.516,89.7345,7.0085,24.7693,461
2016-03-18 06:00:00,69.14,transfer,1.0,94.1744,0.0,82.2988,82.2988,94.1744,89.7344,7.0562,24.7803,462
2016-03-18 07:00:00,87.74,transfer,1.0,100.2908,0.0,79.7088,79.7088,100.2908,89.7346,6.9507,24.6529,463
2016-03-18 08:00:00,107.04,transfer,1.0,103.3268,0.0,104.8993,104.8993,103.3268,89.7346,6.8979,24.7497,464
2016-03-18 09:00:00,108.28,transfer,1.0,104.7995,0.0,114.7296,114.7296,104.7995,89.7347,6.8888,24.8094,465
2016-03-18 10:00:00,110.89,transfer,1.0,105.3523,0.0,97.5437,97.5437,105.3523,89.7347,6.9133,24.857,466
2016-03-18 11:00:00,108.47,transfer,1.0,105.478,0.0,105.0327,105.0327,105.478,89.7347,6.93,24.8816,467
2016-03-18 12:00:00,106.21,transfer,1.0,105.3727,0.0,115.3426,115.3426,105.3727,89.7348,6.9059,24.9235,468
2016-03-18 13:00:00,101.16,transfer,1.0,104.9402,0.0,110.1785,110.1785,104.9402,89.735,6.9124,24.9324,469
2016-03-18 14:00:00,105.91,transfer,1.0,103.623,0.0,107.6703,107.6703,103.623,89.7351,6.9258,24.9819,470
2016-03-18 15:00:00,94.81,transfer,1.0,99.6998,0.0,102.9704,102.9704,99.6998,89.7351,6.9069,24.9704,471
2016-03-18 16:00:00,92.08,transfer,1.0,91.6665,0.0,84.4018,84.4018,91.6665,89.735,6.852,24.9776,472
2016-03-18 17:00:00,87.63,transfer,1.0,80.567,0.0,86.7783,86.7783,80.567,89.7351,6.8519,24.9246,473
2016-03-18 18:00:00,66.38,transfer,1.0,71.173,0.0,64.0795,64.0795,71.173,89.735,6.8281,24.9776,474
2016-03-18 19:00:00,62.56,transfer,1.0,65.8565,0.0,63.1177,63.1177,65.8565,89.735,6.8278,24.9595,475
2016-03-18 20:00:00,61.24,transfer,1.0,62.8765,0.0,66.4784,66.4784,62.8765,89.7345,6.827,24.9477,476
2016-03-18 21:00:00,56.3,transfer,1.0,61.6072,0.0,50.4506,50.4506,61.6072,89.7342,6.839,24.9479,477
2016-03-18 22:00:00,57.28,transfer,1.0,61.4643,0.0,44.9411,44.9411,61.4643,89.7343,6.8181,24.9137,478
2016-03-18 23:00:00,55.99,transfer,1.0,62.1809,0.0,47.6759,47.6759,62.1809,89.7345,6.8007,24.8791,479
2016-03-19 00:00:00,55.46,transfer,1.0,63.5503,0.0,71.8296,71.8296,63.5503,89.7344,6.7884,24.8433,480
2016-03-19 01:00:00,55.36,transfer,1.0,63.5576,0.0,54.2317,54.2317,63.5576,89.7341,6.7795,24.8075,481
2016-03-19 02:00:00,54.98,transfer,1.0,63.8321,0.0,65.2491,65.2491,63.8321,89.7344,6.7755,24.7734,482
2016-03-19 03:00:00,55.05,transfer,1.0,64.7247,0.0,61.6531,61.6531,64.7247,89.7345,6.7646,24.7301,483
2016-03-19 04:00:00,65.45,transfer,1.0,66.1475,0.0,46.6828,46.6828,66.1475,89.7344,6.6969,24.6271,484
2016-03-19 05:00:00,67.31,transfer,1.0,68.0335,0.0,80.1931,80.1931,68.0335,89.7344,6.6794,24.5714,485
2016-03-19 06:00:00,68.06,transfer,1.0,71.9083,0.0,90.5464,90.5464,71.9083,89.7346,6.6933,24.5554,486
2016-03-19 07:00:00,65.41,transfer,1.0,76.315,0.0,76.8866,76.8866,76.315,89.7346,6.7523,24.572,487
2016-03-19 08:00:00,59.74,transfer,1.0,80.4093,0.0,93.6493,93.6493,80.4093,89.7347,6.8394,24.6049,488
2016-03-19 09:00:00,58.99,transfer,1.0,81.0591,0.0,87.3897,87.3897,81.0591,89.735,6.9347,24.6553,489
2016-03-19 10:00:00,60.8,transfer,1.0,78.9497,0.0,79.0378,79.0378,78.9497,89.7351,7.0041,24.6902,490
2016-03-19 11:00:00,60.62,transfer,1.0,75.7585,0.0,68.0066,68.0066,75.7585,89.7351,7.0595,24.7214,491
2016-03-19 12:00:00,59.49,transfer,1.0,72.9787,0.0,69.1433,69.1433,72.9787,89.735,7.1234,24.7667,492
2016-03-19 13:00:00,61.76,transfer,1.0,70.8097,0.0,80.386,80.386,70.8097,89.7352,7.1583,24.783,493
2016-03-19 14:00:00,59.44,transfer,1.0,68.4364,0.0,63.779,63.779,68.4364,89.7349,7.1899,24.7989,494
2016-03-19 15:00:00,60.32,transfer,1.0,66.5779,0.0,70.6389,70.6389,66.5779,89.7352,7.1959,24.7888,495
2016-03-19 16:00:00,60.37,transfer,1.0,64.8362,0.0,52.1324,52.1324,64.8362,89.7352,7.1832,24.7591,496
2016-03-19 17:00:00,61.71,transfer,1.0,63.3937,0.0,66.9019,66.9019,63.3937,89.7354,7.159,24.7162,497
2016-03-19 18:00:00,49.93,transfer,1.0,62.0203,0.0,73.8457,73.8457,62.0203,89.7355,7.2029,24.7399,498
2016-03-19 19:00:00,55.25,transfer,1.0,60.4549,0.0,57.3899,57.3899,60.4549,89.7355,7.2033,24.7212,499
2016-03-19 20:00:00,57.16,transfer,1.0,59.5488,0.0,62.2255,62.2255,59.5488,89.7349,7.188,24.6888,500
2016-03-19 21:00:00,55.03,transfer,1.0,58.9123,0.0,63.7627,63.7627,58.9123,89.7349,7.1806,24.6645,501
2016-03-19 22:00:00,56.45,transfer,1.0,58.6121,0.0,71.3639,71.3639,58.6121,89.7348,7.1646,24.6307,502
2016-03-19 23:00:00,54.99,transfer,1.0,58.4321,0.0,68.1497,68.1497,58.4321,89.7349,7.1438,24.5914,503
2016-03-20 00:00:00,54.88,transfer,1.0,58.5422,0.0,46.069,46.069,58.5422,89.735,7.1195,24.5469,504
2016-03-20 01:00:00,54.45,transfer,1.0,58.8249,0.0,55.9967,55.9967,58.8249,89.7348,7.0986,24.5052,505
2016-03-20 02:00:00,54.48,transfer,1.0,59.413,0.0,64.4809,64.4809,59.413,89.7347,7.0789,24.4635,506
2016-03-20 03:00:00,54.31,transfer,1.0,60.3431,0.0,53.5087,53.5087,60.3431,89.7347,7.0739,24.4234,507
2016-03-20 04:00:00,68.39,transfer,1.0,61.6839,0.0,70.9085,70.9085,61.6839,89.7347,7.0787,24.3771,508
2016-03-20 05:00:00,67.11,transfer,1.0,63.6966,0.0,63.342,63.342,63.6966,89.7349,7.0671,24.3408,509
2016-03-20 06:00:00,68.38,transfer,1.0,66.9822,0.0,65.8572,65.8572,66.9822,89.7349,7.0539,24.3044,510
2016-03-20 07:00:00,61.96,transfer,1.0,70.3576,0.0,69.7347,69.7347,70.3576,89.735,7.1016,24.306,511
2016-03-20 08:00:00,57.87,transfer,1.0,73.2694,0.0,80.4037,80.4037,73.2694,89.7352,7.1173,24.2827,512
2016-03-20 09:00:00,60.6,transfer,1.0,72.7585,0.0,86.8913,86.8913,72.7585,89.7354,7.1028,24.242,513
2016-03-20 10:00:00,58.78,transfer,1.0,71.1353,0.0,69.2891,69.2891,71.1353,89.7353,7.0888,24.207,514
2016-03-20 11:00:00,57.78,transfer,1.0,69.8374,0.0,72.592,72.592,69.8374,89.7353,7.0832,24.1798,515
2016-03-20 12:00:00,60.24,transfer,1.0,68.5321,0.0,65.1038,65.1038,68.5321,89.7353,7.0492,24.1234,516
2016-03-20 13:00:00,58.49,transfer,1.0,67.1097,0.0,76.9398,76.9398,67.1097,89.7353,7.0212,24.0737,517
2016-03-20 14:00:00,58.32,transfer,1.0,65.9542,0.0,64.0706,64.0706,65.9542,89.7354,7.0171,24.0465,518
2016-03-20 15:00:00,59.87,transfer,1.0,64.5892,0.0,62.6448,62.6448,64.5892,89.7353,7.0275,24.0335,519
2016-03-20 16:00:00,57.33,transfer,1.0,63.1943,0.0,64.7451,64.7451,63.1943,89.7353,7.0613,24.0457,520
2016-03-20 17:00:00,57.99,transfer,1.0,62.1249,0.0,69.2174,69.2174,62.1249,89.7354,7.0858,24.0497,521
2016-03-20 18:00:00,47.22,transfer,1.0,60.9608,0.0,48.032,48.032,60.9608,89.7355,7.1004,24.0463,522
2016-03-20 19:00:00,53.84,transfer,1.0,59.5441,0.0,55.8026,55.8026,59.5441,89.7354,7.1095,24.0407,523
2016-03-20 20:00:00,55.06,transfer,1.0,58.8026,0.0,61.0826,61.0826,58.8026,89.735,7.1153,24.0326,524
2016-03-20 21:00:00,54.98,transfer,1.0,58.2886,0.0,54.9199,54.9199,58.2886,89.735,7.117,24.0204,525
2016-03-20 22:00:00,55.43,transfer,1.0,58.0816,0.0,62.2623,62.2623,58.0816,89.7349,7.1253,24.0145,526
2016-03-20 23:00:00,53.0,transfer,1.0,58.0348,0.0,50.4352,50.4352,58.0348,89.735,7.1401,24.0147,527
2016-03-21 00:00:00,52.81,transfer,1.0,57.9771,0.0,57.6472,57.6472,57.9771,89.7347,7.155,24.0153,528
2016-03-21 01:00:00,57.58,transfer,1.0,59.565,0.0,61.5213,61.5213,59.565,89.735,7.1399,23.985,529
2016-03-21 02:00:00,61.35,transfer,1.0,62.1148,0.0,65.7455,65.7455,62.1148,89.7351,7.1028,23.9321,530
2016-03-21 03:00:00,61.14,transfer,1.0,66.009,0.0,65.3956,65.3956,66.009,89.7351,7.0678,23.8812,531
2016-03-21 04:00:00,74.54,transfer,1.0,71.6693,0.0,64.7933,64.7933,71.6693,89.7352,7.0828,23.8349,532
2016-03-21 05:00:00,73.89,transfer,1.0,79.0955,0.0,69.3717,69.3717,79.0955,89.7353,7.1004,23.8081,533
2016-03-21 06:00:00,73.18,transfer,1.0,88.2297,0.0,96.9521,96.9521,88.2297,89.7351,7.1375,23.7991,534
2016-03-21 07:00:00,95.94,transfer,1.0,95.7519,0.0,106.1302,106.1302,95.7519,89.7353,7.0871,23.7872,535
2016-03-21 08:00:00,109.76,transfer,1.0,100.5472,0.0,75.9413,75.9413,100.5472,89.7351,7.0903,23.8152,536
2016-03-21 09:00:00,112.04,transfer,1.0,103.6747,0.0,109.2915,109.2915,103.6747,89.7352,7.0868,23.8222,537
2016-03-21 10:00:00,114.84,transfer,1.0,104.9059,0.0,99.0207,99.0207,104.9059,89.7352,7.0937,23.8341,538
2016-03-21 11:00:00,110.61,transfer,1.0,105.2107,0.0,104.1432,104.1432,105.2107,89.7351,7.0986,23.8428,539
2016-03-21 12:00:00,109.8,transfer,1.0,105.1118,0.0,95.207,95.207,105.1118,89.7352,7.1103,23.8601,540
2016-03-21 13:00:00,104.56,transfer,1.0,104.4625,0.0,102.8771,102.8771,104.4625,89.7351,7.11,23.8728,541
2016-03-21 14:00:00,105.27,transfer,1.0,102.3252,0.0,99.0086,99.0086,102.3252,89.7351,7.065,23.8626,542
2016-03-21 15:00:00,104.19,transfer,1.0,96.1437,0.0,89.3596,89.3596,96.1437,89.7351,7.0271,23.8925,543
2016-03-21 16:00:00,90.66,transfer,1.0,84.451,0.0,94.4386,94.4386,84.451,89.7349,6.99,23.8779,544
2016-03-21 17:00:00,85.47,transfer,1.0,73.3101,0.0,64.5912,64.5912,73.3101,89.735,7.0037,23.8221,545
2016-03-21 18:00:00,65.07,transfer,1.0,65.1732,0.0,67.8149,67.8149,65.1732,89.735,6.9736,23.8278,546
2016-03-21 19:00:00,62.65,transfer,1.0,61.4147,0.0,65.8539,65.8539,61.4147,89.7352,6.9209,23.8592,547
2016-03-21 20:00:00,61.72,transfer,1.0,59.6911,0.0,55.1723,55.1723,59.6911,89.7349,6.8781,23.882,548
2016-03-21 21:00:00,55.91,transfer,1.0,58.9429,0.0,62.0885,62.0885,58.9429,89.7346,6.8808,23.8967,549
2016-03-21 22:00:00,56.67,transfer,1.0,59.0125,0.0,52.8044,52.8044,59.0125,89.7343,6.8761,23.9104,550
2016-03-21 23:00:00,55.38,transfer,1.0,59.6692,0.0,62.4012,62.4012,59.6692,89.7343,6.8961,23.9217,551
2016-03-22 00:00:00,55.3,transfer,1.0,61.277,0.0,60.5019,60.5019,61.277,89.7342,6.9284,23.9313,552
2016-03-22 01:00:00,55.41,transfer,1.0,64.7941,0.0,77.3062,77.3062,64.7941,89.7343,6.9634,23.9384,553
2016-03-22 02:00:00,56.46,transfer,1.0,70.1298,0.0,61.9576,61.9576,70.1298,89.7342,7.0001,23.9414,554
2016-03-22 03:00:00,56.58,transfer,1.0,77.3579,0.0,71.6162,71.6162,77.3579,89.7344,7.0399,23.9451,555
2016-03-22 04:00:00,71.51,transfer,1.0,85.781,0.0,86.3841,86.3841,85.781,89.7343,7.0121,23.8879,556
2016-03-22 05:00:00,72.14,transfer,1.0,94.1488,0.0,87.5739,87.5739,94.1488,89.7342,6.9736,23.8307,557
2016-03-22 06:00:00,71.62,transfer,1.0,100.8213,0.0,95.8279,95.8279,100.8213,89.7344,6.951,23.7972,558
2016-03-22 07:00:00,90.63,transfer,1.0,103.7952,0.0,119.2318,119.2318,103.7952,89.7345,6.9671,23.7863,559
2016-03-22 08:00:00,111.58,transfer,1.0,104.9395,0.0,110.6713,110.6713,104.9395,89.7345,6.9968,23.838,560
2016-03-22 09:00:00,116.17,transfer,1.0,105.4794,0.0,103.9785,103.9785,105.4794,89.7352,7.0496,23.8917,561
2016-03-22 10:00:00,116.87,transfer,1.0,105.682,0.0,111.2695,111.2695,105.682,89.7354,7.1118,23.9543,562
2016-03-22 11:00:00,116.69,transfer,1.0,105.7171,0.0,106.625,106.625,105.7171,89.7354,7.1693,24.0279,563
2016-03-22 12:00:00,110.68,transfer,1.0,105.6502,0.0,107.192,107.192,105.6502,89.7354,7.1731,24.0851,564
2016-03-22 13:00:00,100.96,transfer,1.0,105.4458,0.0,102.8707,102.8707,105.4458,89.7353,7.1468,24.1143,565
2016-03-22 14:00:00,102.87,transfer,1.0,104.8776,0.0,98.0027,98.0027,104.8776,89.7352,7.1356,24.1354,566
2016-03-22 15:00:00,100.1,transfer,1.0,103.0726,0.0,104.0118,104.0118,103.0726,89.7353,7.1528,24.1501,567
2016-03-22 16:00:00,91.96,transfer,1.0,97.8929,0.0,96.9265,96.9265,97.8929,89.7351,7.1658,24.1624,568
2016-03-22 17:00:00,87.3,transfer,1.0,86.8755,0.0,87.8744,87.8744,86.8755,89.7353,7.1353,24.1184,569
2016-03-22 18:00:00,67.43,transfer,1.0,73.8561,0.0,66.9409,66.9409,73.8561,89.7351,7.1734,24.1087,570
2016-03-22 19:00:00,65.16,transfer,1.0,65.0105,0.0,66.3814,66.3814,65.0105,89.735,7.1426,24.1137,571
2016-03-22 20:00:00,62.15,transfer,1.0,60.9166,0.0,56.4981,56.4981,60.9166,89.7346,7.0922,24.1476,572
2016-03-22 21:00:00,57.32,transfer,1.0,59.5657,0.0,64.6999,64.6999,59.5657,89.7346,7.0866,24.165,573
2016-03-22 22:00:00,58.23,transfer,1.0,59.4277,0.0,55.1691,55.1691,59.4277,89.7345,7.0722,24.1783,574
2016-03-22 23:00:00,56.87,transfer,1.0,60.178,0.0,57.0478,57.0478,60.178,89.7347,7.0826,24.1892,575
2016-03-23 00:00:00,56.66,transfer,1.0,62.14,0.0,60.7374,60.7374,62.14,89.7347,7.1114,24.2013,576
2016-03-23 01:00:00,56.49,transfer,1.0,65.6764,0.0,63.7251,63.7251,65.6764,89.7348,7.1568,24.2133,577
2016-03-23 02:00:00,56.56,transfer,1.0,71.3186,0.0,78.6809,78.6809,71.3186,89.7348,7.2097,24.2227,578
2016-03-23 03:00:00,56.62,transfer,1.0,78.8717,0.0,90.3121,90.3121,78.8717,89.7348,7.2664,24.2292,579
2016-03-23 04:00:00,68.29,transfer,1.0,87.765,0.0,79.8761,79.8761,87.765,89.7348,7.2781,24.192,580
2016-03-23 05:00:00,70.05,transfer,1.0,96.2686,0.0,104.7117,104.7117,96.2686,89.7348,7.2776,24.1519,581
2016-03-23 06:00:00,70.22,transfer,1.0,101.9518,0.0,113.369,113.369,101.9518,89.7348,7.2935,24.145,582
2016-03-23 07:00:00,90.5,transfer,1.0,104.2877,0.0,100.695,100.695,104.2877,89.7348,7.28,24.1302,583
2016-03-23 08:00:00,112.13,transfer,1.0,105.1676,0.0,106.5025,106.5025,105.1676,89.7349,7.2836,24.2139,584
2016-03-23 09:00:00,116.09,transfer,1.0,105.5779,0.0,99.8279,99.8279,105.5779,89.7353,7.3329,24.2916,585
2016-03-23 10:00:00,114.43,transfer,1.0,105.7184,0.0,120.1147,120.1147,105.7184,89.7351,7.3644,24.3649,586
2016-03-23 11:00:00,113.19,transfer,1.0,105.7227,0.0,96.6335,96.6335,105.7227,89.7351,7.3887,24.4304,587
2016-03-23 12:00:00,110.66,transfer,1.0,105.6246,0.0,110.4281,110.4281,105.6246,89.7351,7.384,24.4965,588
2016-03-23 13:00:00,110.14,transfer,1.0,105.3606,0.0,76.2668,76.2668,105.3606,89.735,7.3477,24.5922,589
2016-03-23 14:00:00,107.59,transfer,1.0,104.6702,0.0,86.1603,86.1603,104.6702,89.7351,7.3316,24.6494,590
2016-03-23 15:00:00,108.14,transfer,1.0,102.9062,0.0,128.36,128.36,102.9062,89.7349,7.353,24.7094,591
2016-03-23 16:00:00,95.71,transfer,1.0,98.5132,0.0,103.0115,103.0115,98.5132,89.7346,7.3442,24.7293,592
2016-03-23 17:00:00,87.21,transfer,1.0,89.8921,0.0,87.4134,87.4134,89.8921,89.7348,7.3341,24.6613,593
2016-03-23 18:00:00,63.67,transfer,1.0,78.2355,0.0,77.3304,77.3304,78.2355,89.7346,7.3694,24.6466,594
2016-03-23 19:00:00,57.98,transfer,1.0,68.1151,0.0,63.1343,63.1343,68.1151,89.7346,7.427,24.6714,595
2016-03-23 20:00:00,56.4,transfer,1.0,62.3451,0.0,53.7458,53.7458,62.3451,89.7341,7.442,24.7077,596
2016-03-23 21:00:00,50.98,transfer,1.0,59.8707,0.0,72.7651,72.7651,59.8707,89.734,7.4885,24.7408,597
2016-03-23 22:00:00,51.11,transfer,1.0,58.733,0.0,67.7352,67.7352,58.733,89.7336,7.531,24.7791,598
2016-03-23 23:00:00,48.83,transfer,1.0,58.6418,0.0,57.7259,57.7259,58.6418,89.7335,7.5756,24.8142,599
2016-03-24 00:00:00,48.5,transfer,1.0,59.3582,0.0,69.7222,69.7222,59.3582,89.7334,7.6181,24.8475,600
2016-03-24 01:00:00,48.42,transfer,1.0,60.989,0.0,70.516,70.516,60.989,89.7337,7.6613,24.8803,601
2016-03-24 02:00:00,49.31,transfer,1.0,63.918,0.0,58.1544,58.1544,63.918,89.7335,7.6979,24.9056,602
2016-03-24 03:00:00,49.53,transfer,1.0,68.7998,0.0,58.0559,58.0559,68.7998,89.7335,7.7366,24.9308,603
2016-03-24 04:00:00,61.45,transfer,1.0,76.0555,0.0,71.5569,71.5569,76.0555,89.7335,7.7357,24.9133,604
2016-03-24 05:00:00,62.57,transfer,1.0,85.547,0.0,94.7687,94.7687,85.547,89.7335,7.7399,24.8981,605
2016-03-24 06:00:00,63.66,transfer,1.0,95.6303,0.0,98.6603,98.6603,95.6303,89.7337,7.741,24.8815,606
2016-03-24 07:00:00,82.0,transfer,1.0,101.4997,0.0,102.9881,102.9881,101.4997,89.7338,7.7466,24.877,607
2016-03-24 08:00:00,98.67,transfer,1.0,104.0608,0.0,89.1366,89.1366,104.0608,89.7339,7.7518,24.8766,608
2016-03-24 09:00:00,100.74,transfer,1.0,105.1344,0.0,121.5753,121.5753,105.1344,89.7339,7.7766,24.8539,609
2016-03-24 10:00:00,96.21,transfer,1.0,105.4684,0.0,96.7402,96.7402,105.4684,89.734,7.8287,24.7965,610
2016-03-24 11:00:00,102.4,transfer,1.0,105.4816,0.0,118.9142,118.9142,105.4816,89.734,7.8453,24.7799,611
2016-03-24 12:00:00,105.27,transfer,1.0,105.211,0.0,110.2653,110.2653,105.211,89.7341,7.8428,24.7765,612
2016-03-24 13:00:00,100.65,transfer,1.0,104.4208,0.0,101.6121,101.6121,104.4208,89.7342,7.83,24.7863,613
2016-03-24 14:00:00,100.27,transfer,1.0,102.1747,0.0,107.0907,107.0907,102.1747,89.7342,7.8215,24.7855,614
2016-03-24 15:00:00,99.43,transfer,1.0,96.2988,0.0,102.9078,102.9078,96.2988,89.7342,7.838,24.7835,615
2016-03-24 16:00:00,93.06,transfer,1.0,86.1575,0.0,98.4493,98.4493,86.1575,89.7343,7.8676,24.8008,616
2016-03-24 17:00:00,79.59,transfer,1.0,75.5225,0.0,63.1,63.1,75.5225,89.7342,7.8823,24.7987,617
2016-03-24 18:00:00,53.14,transfer,1.0,67.5455,0.0,58.6811,58.6811,67.5455,89.7342,7.9216,24.8561,618
2016-03-24 19:00:00,52.96,transfer,1.0,61.8292,0.0,67.7247,67.7247,61.8292,89.7341,7.9677,24.9267,619
2016-03-24 20:00:00,56.81,transfer,1.0,58.3162,0.0,57.273,57.273,58.3162,89.7336,7.9476,24.9769,620
2016-03-24 21:00:00,47.1,transfer,1.0,56.5066,0.0,58.6858,58.6858,56.5066,89.7334,7.9897,25.0358,621
2016-03-24 22:00:00,52.7,transfer,1.0,55.8271,0.0,58.1,58.1,55.8271,89.7334,7.9959,25.0645,622
2016-03-24 23:00:00,49.12,transfer,1.0,55.7645,0.0,49.4431,49.4431,55.7645,89.7338,8.0089,25.1051,623
2016-03-25 00:00:00,48.48,transfer,1.0,56.6021,0.0,55.6795,55.6795,56.6021,89.7339,8.0192,25.1481,624
2016-03-25 01:00:00,47.83,transfer,1.0,58.0349,0.0,49.4334,49.4334,58.0349,89.734,8.0243,25.1921,625
2016-03-25 02:00:00,47.69,transfer,1.0,60.3718,0.0,63.789,63.789,60.3718,89.7341,8.0257,25.2384,626
2016-03-25 03:00:00,47.67,transfer,1.0,64.0444,0.0,63.4853,63.4853,64.0444,89.7341,8.0232,25.2857,627
2016-03-25 04:00:00,64.64,transfer,1.0,69.1126,0.0,62.7353,62.7353,69.1126,89.7342,7.9729,25.2904,628
2016-03-25 05:00:00,65.0,transfer,1.0,76.0274,0.0,79.7597,79.7597,76.0274,89.7343,7.9413,25.3153,629
2016-03-25 06:00:00,67.13,transfer,1.0,85.832,0.0,98.6465,98.6465,85.832,89.7342,7.9036,25.3272,630
2016-03-25 07:00:00,87.12,transfer,1.0,94.0535,0.0,94.4685,94.4685,94.0535,89.7341,7.8701,25.3309,631
2016-03-25 08:00:00,98.42,transfer,1.0,99.7798,0.0,99.4038,99.4038,99.7798,89.7339,7.8561,25.2796,632
2016-03-25 09:00:00,102.94,transfer,1.0,103.1431,0.0,101.1872,101.1872,103.1431,89.7341,7.8366,25.2478,633
2016-03-25 10:00:00,103.83,transfer,1.0,104.263,0.0,110.0651,110.0651,104.263,89.734,7.8062,25.2058,634
2016-03-25 11:00:00,105.78,transfer,1.0,104.3011,0.0,96.6116,96.6116,104.3011,89.7339,7.7972,25.1898,635
2016-03-25 12:00:00,95.24,transfer,1.0,103.451,0.0,96.5427,96.5427,103.451,89.7341,7.8411,25.1245,636
2016-03-25 13:00:00,93.77,transfer,1.0,100.637,0.0,94.5679,94.5679,100.637,89.7342,7.8595,25.0805,637
2016-03-25 14:00:00,87.38,transfer,1.0,92.9255,0.0,103.2617,103.2617,92.9255,89.7342,7.8789,24.9983,638
2016-03-25 15:00:00,81.93,transfer,1.0,81.1818,0.0,70.59,70.59,81.1818,89.7343,7.8542,25.0145,639
2016-03-25 16:00:00,71.04,transfer,1.0,70.4852,0.0,63.7183,63.7183,70.4852,89.7344,7.8551,25.1118,640
2016-03-25 17:00:00,74.8,transfer,1.0,63.7301,0.0,55.6421,55.6421,63.7301,89.7345,7.8789,25.1882,641
2016-03-25 18:00:00,50.51,transfer,1.0,59.7892,0.0,63.5419,63.5419,59.7892,89.7347,7.9056,25.2826,642
2016-03-25 19:00:00,50.21,transfer,1.0,57.5664,0.0,60.6753,60.6753,57.5664,89.7347,7.9298,25.3562,643
2016-03-25 20:00:00,52.7,transfer,1.0,56.3574,0.0,43.2238,43.2238,56.3574,89.7345,7.9418,25.407,644
2016-03-25 21:00:00,49.5,transfer,1.0,55.6089,0.0,46.1821,46.1821,55.6089,89.7344,7.9466,25.4475,645
2016-03-25 22:00:00,49.55,transfer,1.0,55.7168,0.0,57.3793,57.3793,55.7168,89.7344,7.9584,25.4935,646
2016-03-25 23:00:00,46.89,transfer,1.0,56.6005,0.0,56.3521,56.3521,56.6005,89.7345,7.9793,25.5476,647
2016-03-26 00:00:00,46.65,transfer,1.0,57.802,0.0,62.0952,62.0952,57.802,89.7344,7.9976,25.6001,648
2016-03-26 01:00:00,46.51,transfer,1.0,57.816,0.0,60.7769,60.7769,57.816,89.7341,8.0161,25.6528,649
2016-03-26 02:00:00,46.37,transfer,1.0,57.9515,0.0,56.5904,56.5904,57.9515,89.7339,8.0323,25.704,650
2016-03-26 03:00:00,46.68,transfer,1.0,58.6136,0.0,55.495,55.495,58.6136,89.7339,8.0458,25.7538,651
2016-03-26 04:00:00,60.03,transfer,1.0,59.6915,0.0,53.4869,53.4869,59.6915,89.7338,8.0436,25.7861,652
2016-03-26 05:00:00,62.83,transfer,1.0,61.6851,0.0,59.74,59.74,61.6851,89.734,8.0461,25.8127,653
2016-03-26 06:00:00,63.18,transfer,1.0,65.0392,0.0,73.2694,73.2694,65.0392,89.734,8.0343,25.8418,654
2016-03-26 07:00:00,55.83,transfer,1.0,69.1712,0.0,58.0653,58.0653,69.1712,89.7341,8.0488,25.8988,655
2016-03-26 08:00:00,54.06,transfer,1.0,72.9206,0.0,64.0237,64.0237,72.9206,89.734,8.038,25.9326,656
2016-03-26 09:00:00,56.33,transfer,1.0,72.9944,0.0,57.9478,57.9478,72.9944,89.7343,8.0059,25.9484,657
2016-03-26 10:00:00,55.93,transfer,1.0,70.9085,0.0,63.2137,63.2137,70.9085,89.7337,7.987,25.9774,658
2016-03-26 11:00:00,55.66,transfer,1.0,68.746,0.0,65.5782,65.5782,68.746,89.7333,7.9748,26.0069,659
2016-03-26 12:00:00,55.65,transfer,1.0,66.8622,0.0,71.1173,71.1173,66.8622,89.7335,7.9612,26.0298,660
2016-03-26 13:00:00,53.18,transfer,1.0,64.9277,0.0,57.1746,57.1746,64.9277,89.7332,7.9773,26.0809,661
2016-03-26 14:00:00,53.31,transfer,1.0,63.2998,0.0,65.1362,65.1362,63.2998,89.7334,7.9832,26.1173,662
2016-03-26 15:00:00,52.87,transfer,1.0,61.6276,0.0,54.9561,54.9561,61.6276,89.7336,7.9981,26.1617,663
2016-03-26 16:00:00,54.84,transfer,1.0,60.0157,0.0,61.4685,61.4685,60.0157,89.7336,8.0023,26.1946,664
2016-03-26 17:00:00,52.61,transfer,1.0,58.6632,0.0,59.8528,59.8528,58.6632,89.7338,8.0283,26.2487,665
2016-03-26 18:00:00,41.24,transfer,1.0,57.5346,0.0,54.8095,54.8095,57.5346,89.7341,8.0533,26.3004,666
2016-03-26 19:00:00,44.85,transfer,1.0,56.1701,0.0,59.9599,59.9599,56.1701,89.7344,8.0897,26.3623,667
2016-03-26 20:00:00,49.59,transfer,1.0,55.3034,0.0,61.5853,61.5853,55.3034,89.734,8.1095,26.4074,668
2016-03-26 21:00:00,47.17,transfer,1.0,54.5499,0.0,51.6612,51.6612,54.5499,89.7337,8.1303,26.4542,669
2016-03-26 22:00:00,47.88,transfer,1.0,54.2154,0.0,60.8044,60.8044,54.2154,89.7338,8.1552,26.5052,670
2016-03-26 23:00:00,46.95,transfer,1.0,53.9928,0.0,69.0374,69.0374,53.9928,89.7337,8.1766,26.553,671
2016-03-27 00:00:00,46.57,transfer,1.0,53.9434,0.0,55.5736,55.5736,53.9434,89.7338,8.1987,26.6025,672
2016-03-27 01:00:00,46.63,transfer,1.0,54.1292,0.0,63.9163,63.9163,54.1292,89.7337,8.2173,26.649,673
2016-03-27 02:00:00,46.43,transfer,1.0,54.5554,0.0,56.4904,56.4904,54.5554,89.7338,8.2363,26.6969,674
2016-03-27 03:00:00,46.8,transfer,1.0,55.1934,0.0,57.0632,57.0632,55.1934,89.7336,8.2503,26.7416,675
2016-03-27 04:00:00,60.42,transfer,1.0,56.0297,0.0,50.4532,50.4532,56.0297,89.7334,8.2366,26.7891,676
2016-03-27 05:00:00,60.26,transfer,1.0,57.6643,0.0,56.4149,56.4149,57.6643,89.7338,8.2317,26.8298,677
2016-03-27 06:00:00,60.09,transfer,1.0,60.11,0.0,71.277,71.277,60.11,89.7337,8.2235,26.8792,678
2016-03-27 07:00:00,54.54,transfer,1.0,62.7657,0.0,59.3465,59.3465,62.7657,89.7337,8.2225,26.9233,679
2016-03-27 08:00:00,50.85,transfer,1.0,65.0324,0.0,65.3305,65.3305,65.0324,89.7337,8.2152,26.9651,680
2016-03-27 09:00:00,51.76,transfer,1.0,64.7539,0.0,76.5661,76.5661,64.7539,89.7339,8.2202,27.0177,681
2016-03-27 10:00:00,52.93,transfer,1.0,63.7445,0.0,69.7756,69.7756,63.7445,89.7339,8.211,27.0525,682
2016-03-27 11:00:00,51.64,transfer,1.0,62.6848,0.0,59.3651,59.3651,62.6848,89.7338,8.205,27.0891,683
2016-03-27 12:00:00,52.46,transfer,1.0,61.7556,0.0,56.2456,56.2456,61.7556,89.7338,8.211,27.1354,684
2016-03-27 13:00:00,51.69,transfer,1.0,60.8618,0.0,59.5068,59.5068,60.8618,89.7339,8.2143,27.1758,685
2016-03-27 14:00:00,51.88,transfer,1.0,59.8053,0.0,57.2218,57.2218,59.8053,89.7339,8.216,27.2142,686
2016-03-27 15:00:00,50.95,transfer,1.0,58.7633,0.0,52.7017,52.7017,58.7633,89.7341,8.2344,27.2673,687
2016-03-27 16:00:00,51.77,transfer,1.0,57.7035,0.0,62.7272,62.7272,57.7035,89.7341,8.2348,27.3003,688
2016-03-27 17:00:00,52.42,transfer,1.0,56.6383,0.0,61.8768,61.8768,56.6383,89.7342,8.2353,27.3335,689
2016-03-27 18:00:00,44.45,transfer,1.0,55.6249,0.0,46.9198,46.9198,55.6249,89.7342,8.22,27.35,690
2016-03-27 19:00:00,49.86,transfer,1.0,54.8674,0.0,62.6362,62.6362,54.8674,89.7344,8.2159,27.3737,691
2016-03-27 20:00:00,51.22,transfer,1.0,54.5788,0.0,50.4544,50.4544,54.5788,89.7339,8.2136,27.3965,692
2016-03-27 21:00:00,51.24,transfer,1.0,54.3537,0.0,57.9143,57.9143,54.3537,89.7339,8.2124,27.4188,693
2016-03-27 22:00:00,52.15,transfer,1.0,54.3116,0.0,53.5148,53.5148,54.3116,89.734,8.2095,27.4383,694
2016-03-27 23:00:00,51.24,transfer,1.0,54.3788,0.0,59.9237,59.9237,54.3788,89.734,8.1982,27.4488,695
2016-03-28 00:00:00,51.07,transfer,1.0,54.5714,0.0,61.3645,61.3645,54.5714,89.7343,8.1883,27.4591,696
2016-03-28 01:00:00,50.75,transfer,1.0,56.0514,0.0,53.7803,53.7803,56.0514,89.7345,8.2081,27.4998,697
2016-03-28 02:00:00,50.36,transfer,1.0,58.4968,0.0,65.5143,65.5143,58.4968,89.7347,8.252,27.5652,698
2016-03-28 03:00:00,50.99,transfer,1.0,61.9236,0.0,53.7427,53.7427,61.9236,89.7348,8.288,27.6256,699
2016-03-28 04:00:00,64.05,transfer,1.0,65.3085,0.0,48.364,48.364,65.3085,89.7347,8.2785,27.688,700
2016-03-28 05:00:00,66.36,transfer,1.0,70.8602,0.0,69.2746,69.2746,70.8602,89.7346,8.2743,27.7328,701
2016-03-28 06:00:00,66.53,transfer,1.0,78.6739,0.0,80.7725,80.7725,78.6739,89.7347,8.257,27.7724,702
2016-03-28 07:00:00,65.28,transfer,1.0,86.7994,0.0,92.3517,92.3517,86.7994,89.7349,8.3839,27.8811,703
2016-03-28 08:00:00,64.21,transfer,1.0,93.225,0.0,87.2232,87.2232,93.225,89.7347,8.5018,27.9138,704
2016-03-28 09:00:00,65.69,transfer,1.0,95.8386,0.0,119.2007,119.2007,95.8386,89.735,8.6315,27.9242,705
2016-03-28 10:00:00,66.85,transfer,1.0,95.2394,0.0,94.1993,94.1993,95.2394,89.7349,8.7413,27.9109,706
2016-03-28 11:00:00,67.0,transfer,1.0,92.2315,0.0,90.5393,90.5393,92.2315,89.735,8.8594,27.922,707
2016-03-28 12:00:00,67.62,transfer,1.0,86.4109,0.0,79.7285,79.7285,86.4109,89.7347,8.9433,27.9342,708
2016-03-28 13:00:00,66.79,transfer,1.0,77.6777,0.0,70.8324,70.8324,77.6777,89.7348,9.0075,27.9825,709
2016-03-28 14:00:00,67.04,transfer,1.0,70.2048,0.0,63.4292,63.4292,70.2048,89.7351,9.0088,28.0252,710
2016-03-28 15:00:00,68.52,transfer,1.0,64.4501,0.0,69.356,69.356,64.4501,89.7352,8.9852,28.0654,711
2016-03-28 16:00:00,61.74,transfer,1.0,61.1749,0.0,64.7448,64.7448,61.1749,89.7352,8.9516,28.2265,712
2016-03-28 17:00:00,58.59,transfer,1.0,58.8512,0.0,63.5546,63.5546,58.8512,89.7353,8.8808,28.3865,713
2016-03-28 18:00:00,46.66,transfer,1.0,56.9462,0.0,62.3501,62.3501,56.9462,89.7354,8.9414,28.4961,714
2016-03-28 19:00:00,51.11,transfer,1.0,55.3076,0.0,53.9593,53.9593,55.3076,89.7356,8.959,28.5648,715
2016-03-28 20:00:00,55.72,transfer,1.0,54.7881,0.0,58.2941,58.2941,54.7881,89.7354,8.9525,28.6005,716
2016-03-28 21:00:00,53.84,transfer,1.0,55.0449,0.0,50.4044,50.4044,55.0449,89.7353,8.9416,28.6129,717
2016-03-28 22:00:00,54.34,transfer,1.0,55.7069,0.0,39.3591,39.3591,55.7069,89.7352,8.9358,28.6267,718
2016-03-28 23:00:00,52.05,transfer,1.0,56.8104,0.0,56.6935,56.6935,56.8104,89.7351,8.9386,28.6466,719
2016-03-29 00:00:00,51.94,transfer,1.0,58.255,0.0,66.222,66.222,58.255,89.7351,8.9406,28.6666,720
2016-03-29 01:00:00,54.82,transfer,1.0,60.4125,0.0,61.9484,61.9484,60.4125,89.735,8.918,28.6701,721
2016-03-29 02:00:00,54.88,transfer,1.0,63.661,0.0,60.5386,60.5386,63.661,89.7351,8.8889,28.6795,722
2016-03-29 03:00:00,55.06,transfer,1.0,67.8972,0.0,60.4754,60.4754,67.8972,89.7348,8.8417,28.6885,723
2016-03-29 04:00:00,66.95,transfer,1.0,73.7238,0.0,78.6776,78.6776,73.7238,89.7351,8.797,28.7157,724
2016-03-29 05:00:00,69.35,transfer,1.0,81.4308,0.0,92.2312,92.2312,81.4308,89.7352,8.7379,28.7323,725
2016-03-29 06:00:00,68.49,transfer,1.0,90.5337,0.0,86.5249,86.5249,90.5337,89.7351,8.6953,28.7509,726
2016-03-29 07:00:00,62.41,transfer,1.0,97.5732,0.0,84.4161,84.4161,97.5732,89.735,8.8263,28.9083,727
2016-03-29 08:00:00,63.63,transfer,1.0,101.5912,0.0,110.9115,110.9115,101.5912,89.735,9.0127,28.9336,728
2016-03-29 09:00:00,66.8,transfer,1.0,102.9779,0.0,94.6184,94.6184,102.9779,89.7354,9.1644,28.9128,729
2016-03-29 10:00:00,70.85,transfer,1.0,103.0102,0.0,101.7953,101.7953,103.0102,89.7356,9.2893,28.8637,730
2016-03-29 11:00:00,71.29,transfer,1.0,101.81,0.0,90.353,90.353,101.81,89.7355,9.4056,28.813,731
2016-03-29 12:00:00,70.69,transfer,1.0,98.8575,0.0,80.4888,80.4888,98.8575,89.7356,9.5433,28.8017,732
2016-03-29 13:00:00,69.6,transfer,1.0,92.3223,0.0,81.58,81.58,92.3223,89.7357,9.6519,28.8548,733
2016-03-29 14:00:00,72.08,transfer,1.0,81.6514,0.0,87.4979,87.4979,81.6514,89.7356,9.6969,28.8817,734
2016-03-29 15:00:00,69.03,transfer,1.0,72.2426,0.0,83.1665,83.1665,72.2426,89.7354,9.6983,28.9432,735
2016-03-29 16:00:00,64.32,transfer,1.0,66.1571,0.0,64.9929,64.9929,66.1571,89.7353,9.674,29.0813,736
2016-03-29 17:00:00,58.95,transfer,1.0,62.3503,0.0,61.095,61.095,62.3503,89.7352,9.6917,29.25,737
2016-03-29 18:00:00,47.18,transfer,1.0,60.0513,0.0,55.9694,55.9694,60.0513,89.7353,9.73,29.3706,738
2016-03-29 19:00:00,49.39,transfer,1.0,58.1616,0.0,58.4067,58.4067,58.1616,89.7352,9.7814,29.4644,739
2016-03-29 20:00:00,55.14,transfer,1.0,57.3274,0.0,68.0033,68.0033,57.3274,89.7347,9.787,29.5062,740
2016-03-29 21:00:00,52.95,transfer,1.0,57.2865,0.0,57.8221,57.8221,57.2865,89.7346,9.7995,29.5322,741
2016-03-29 22:00:00,53.19,transfer,1.0,58.0347,0.0,50.083,50.083,58.0347,89.7345,9.8212,29.5622,742
2016-03-29 23:00:00,52.51,transfer,1.0,59.3216,0.0,59.0473,59.0473,59.3216,89.7346,9.842,29.5881,743
2016-03-30 00:00:00,52.37,transfer,1.0,60.8259,0.0,50.1614,50.1614,60.8259,89.7344,9.8598,29.6136,744
2016-03-30 01:00:00,52.85,transfer,1.0,62.8929,0.0,53.6571,53.6571,62.8929,89.7344,9.8649,29.6353,745
2016-03-30 02:00:00,53.66,transfer,1.0,65.9422,0.0,65.5966,65.5966,65.9422,89.7344,9.8501,29.6526,746
2016-03-30 03:00:00,55.06,transfer,1.0,70.3025,0.0,73.224,73.224,70.3025,89.7344,9.8084,29.6619,747
2016-03-30 04:00:00,65.86,transfer,1.0,76.1598,0.0,80.3414,80.3414,76.1598,89.7343,9.7538,29.6763,748
2016-03-30 05:00:00,68.56,transfer,1.0,83.9549,0.0,86.6346,86.6346,83.9549,89.7344,9.6893,29.6852,749
2016-03-30 06:00:00,67.0,transfer,1.0,92.6103,0.0,107.7911,107.7911,92.6103,89.7346,9.6529,29.7043,750
2016-03-30 07:00:00,60.85,transfer,1.0,99.0001,0.0,96.6141,96.6141,99.0001,89.7347,9.7979,29.8717,751
2016-03-30 08:00:00,66.24,transfer,1.0,102.2605,0.0,85.4664,85.4664,102.2605,89.7345,9.9709,29.8783,752
2016-03-30 09:00:00,66.73,transfer,1.0,103.4391,0.0,133.6695,133.6695,103.4391,89.7348,10.1268,29.8583,753
2016-03-30 10:00:00,65.16,transfer,1.0,103.6128,0.0,92.7889,92.7889,103.6128,89.7348,10.3039,29.8576,754
2016-03-30 11:00:00,67.92,transfer,1.0,102.9612,0.0,103.212,103.212,102.9612,89.7348,10.468,29.8479,755
2016-03-30 12:00:00,65.09,transfer,1.0,100.928,0.0,95.7141,95.7141,100.928,89.7351,10.6513,29.87,756
2016-03-30 13:00:00,65.92,transfer,1.0,96.0228,0.0,92.5237,92.5237,96.0228,89.7352,10.8021,29.8903,757
2016-03-30 14:00:00,68.19,transfer,1.0,86.6022,0.0,93.1522,93.1522,86.6022,89.7354,10.8943,29.9123,758
2016-03-30 15:00:00,69.22,transfer,1.0,75.4392,0.0,68.1507,68.1507,75.4392,89.7355,10.9002,29.9248,759
2016-03-30 16:00:00,68.26,transfer,1.0,67.6152,0.0,75.8629,75.8629,67.6152,89.7354,10.8873,30.0171,760
2016-03-30 17:00:00,63.36,transfer,1.0,63.3419,0.0,60.3814,60.3814,63.3419,89.7355,10.8714,30.1591,761
2016-03-30 18:00:00,49.1,transfer,1.0,60.9123,0.0,71.2029,71.2029,60.9123,89.7354,10.8551,30.2458,762
2016-03-30 19:00:00,51.78,transfer,1.0,59.2301,0.0,52.4696,52.4696,59.2301,89.7355,10.8391,30.2827,763
2016-03-30 20:00:00,56.42,transfer,1.0,58.4614,0.0,66.577,66.577,58.4614,89.7351,10.8158,30.2826,764
2016-03-30 21:00:00,54.49,transfer,1.0,58.6232,0.0,51.7936,51.7936,58.6232,89.7351,10.7875,30.2617,765
2016-03-30 22:00:00,55.48,transfer,1.0,59.645,0.0,70.3156,70.3156,59.645,89.7352,10.7669,30.2357,766
2016-03-30 23:00:00,54.65,transfer,1.0,61.2115,0.0,61.0809,61.0809,61.2115,89.7352,10.7476,30.2011,767
2016-03-31 00:00:00,54.31,transfer,1.0,62.9124,0.0,52.857,52.857,62.9124,89.735,10.7342,30.1665,768
2016-03-31 01:00:00,54.07,transfer,1.0,64.7415,0.0,62.5075,62.5075,64.7415,89.735,10.7229,30.1329,769
2016-03-31 02:00:00,54.61,transfer,1.0,67.2945,0.0,67.3293,67.3293,67.2945,89.7352,10.7114,30.1013,770
2016-03-31 03:00:00,54.98,transfer,1.0,70.6909,0.0,73.1442,73.1442,70.6909,89.7351,10.6902,30.0689,771
2016-03-31 04:00:00,64.98,transfer,1.0,74.9991,0.0,81.2138,81.2138,74.9991,89.735,10.6629,30.0479,772
2016-03-31 05:00:00,67.26,transfer,1.0,81.305,0.0,85.113,85.113,81.305,89.7351,10.6098,30.02,773
2016-03-31 06:00:00,66.74,transfer,1.0,88.999,0.0,85.3959,85.3959,88.999,89.7351,10.552,30.0017,774
2016-03-31 07:00:00,60.53,transfer,1.0,95.6291,0.0,101.359,101.359,95.6291,89.7351,10.6448,30.1295,775
2016-03-31 08:00:00,63.35,transfer,1.0,100.1638,0.0,82.5607,82.5607,100.1638,89.7352,10.8319,30.2333,776
2016-03-31 09:00:00,67.68,transfer,1.0,101.9688,0.0,95.5999,95.5999,101.9688,89.7355,11.0098,30.2991,777
2016-03-31 10:00:00,72.1,transfer,1.0,102.1471,0.0,104.6645,104.6645,102.1471,89.7356,11.1335,30.3655,778
2016-03-31 11:00:00,70.11,transfer,1.0,101.1071,0.0,114.6603,114.6603,101.1071,89.7356,11.2997,30.407,779
2016-03-31 12:00:00,74.82,transfer,1.0,98.4037,0.0,116.7715,116.7715,98.4037,89.7356,11.4397,30.4033,780
2016-03-31 13:00:00,72.28,transfer,1.0,92.2311,0.0,113.3399,113.3399,92.2311,89.7355,11.536,30.4422,781
2016-03-31 14:00:00,77.05,transfer,1.0,82.7947,0.0,83.9567,83.9567,82.7947,89.7355,11.5589,30.455,782
2016-03-31 15:00:00,74.85,transfer,1.0,73.9673,0.0,77.8579,77.8579,73.9673,89.7355,11.5455,30.4859,783
2016-03-31 16:00:00,74.0,transfer,1.0,68.0261,0.0,76.1123,76.1123,68.0261,89.7355,11.54,30.5597,784
2016-03-31 17:00:00,68.85,transfer,1.0,64.0151,0.0,49.59,49.59,64.0151,89.7354,11.5446,30.6237,785
2016-03-31 18:00:00,53.65,transfer,1.0,61.3693,0.0,63.529,63.529,61.3693,89.7355,11.5048,30.6207,786
2016-03-31 19:00:00,57.88,transfer,1.0,59.23,0.0,56.0703,56.0703,59.23,89.7355,11.46,30.5914,787
2016-03-31 20:00:00,60.57,transfer,1.0,58.4694,0.0,66.6228,66.6228,58.4694,89.7353,11.4635,30.569,788
2016-03-31 21:00:00,57.94,transfer,1.0,58.5372,0.0,53.9693,53.9693,58.5372,89.7352,11.4111,30.5045,789
2016-03-31 22:00:00,57.67,transfer,1.0,59.3208,0.0,54.6594,54.6594,59.3208,89.7352,11.4023,30.4749,790
2016-03-31 23:00:00,55.98,transfer,1.0,60.57,0.0,58.0892,58.0892,60.57,89.7352,11.3901,30.4341,791
2016-04-01 00:00:00,55.54,transfer,1.0,62.3471,0.0,64.424,64.424,62.3471,89.7353,11.3823,30.3921,792
2016-04-01 01:00:00,54.98,transfer,1.0,63.8137,0.0,76.6544,76.6544,63.8137,89.735,11.3741,30.3495,793
2016-04-01 02:00:00,55.43,transfer,1.0,65.7966,0.0,65.9095,65.9095,65.7966,89.7349,11.3603,30.3035,794
2016-04-01 03:00:00,55.53,transfer,1.0,68.769,0.0,76.1303,76.1303,68.769,89.7349,11.3417,30.2567,795
2016-04-01 04:00:00,70.53,transfer,1.0,73.1168,0.0,58.8911,58.8911,73.1168,89.735,11.3304,30.2216,796
2016-04-01 05:00:00,76.62,transfer,1.0,79.0082,0.0,61.7012,61.7012,79.0082,89.7349,11.279,30.1525,797
2016-04-01 06:00:00,73.68,transfer,1.0,87.0651,0.0,97.2358,97.2358,87.0651,89.7349,11.2474,30.1135,798
2016-04-01 07:00:00,66.61,transfer,1.0,94.5829,0.0,86.7901,86.7901,94.5829,89.735,11.3726,30.2356,799
2016-04-01 08:00:00,69.48,transfer,1.0,99.3949,0.0,95.6027,95.6027,99.3949,89.7351,11.5426,30.3044,800
2016-04-01 09:00:00,69.7,transfer,1.0,101.3521,0.0,91.5526,91.5526,101.3521,89.7355,11.7298,30.3451,801
2016-04-01 10:00:00,71.13,transfer,1.0,100.9292,0.0,107.9142,107.9142,100.9292,89.7353,11.9046,30.3719,802
2016-04-01 11:00:00,72.44,transfer,1.0,98.8455,0.0,100.1545,100.1545,98.8455,89.7353,12.0529,30.3794,803
2016-04-01 12:00:00,73.71,transfer,1.0,94.0641,0.0,87.2962,87.2962,94.0641,89.7353,12.1252,30.442,804
2016-04-01 13:00:00,70.37,transfer,1.0,86.3552,0.0,86.1621,86.1621,86.3552,89.7351,12.1795,30.5332,805
2016-04-01 14:00:00,71.74,transfer,1.0,77.8768,0.0,88.8049,88.8049,77.8768,89.7351,12.183,30.6263,806
2016-04-01 15:00:00,71.57,transfer,1.0,70.7861,0.0,72.9544,72.9544,70.7861,89.7351,12.1832,30.688,807
2016-04-01 16:00:00,71.58,transfer,1.0,66.3653,0.0,61.1897,61.1897,66.3653,89.7351,12.211,30.6848,808
2016-04-01 17:00:00,65.55,transfer,1.0,63.4286,0.0,62.9412,62.9412,63.4286,89.7352,12.1577,30.7398,809
2016-04-01 18:00:00,50.92,transfer,1.0,61.4855,0.0,66.9648,66.9648,61.4855,89.7353,12.1653,30.7374,810
2016-04-01 19:00:00,53.85,transfer,1.0,59.3077,0.0,56.7865,56.7865,59.3077,89.7353,12.154,30.7157,811
2016-04-01 20:00:00,58.11,transfer,1.0,58.1173,0.0,66.9693,66.9693,58.1173,89.735,12.1323,30.6835,812
2016-04-01 21:00:00,56.0,transfer,1.0,57.7532,0.0,54.2158,54.2158,57.7532,89.7349,12.1064,30.6449,813
2016-04-01 22:00:00,55.95,transfer,1.0,58.0997,0.0,54.8184,54.8184,58.0997,89.7348,12.0825,30.6068,814
2016-04-01 23:00:00,55.15,transfer,1.0,58.8866,0.0,50.3391,50.3391,58.8866,89.7349,12.0469,30.5576,815
2016-04-02 00:00:00,54.47,transfer,1.0,60.157,0.0,59.7063,59.7063,60.157,89.7351,12.0144,30.5111,816
2016-04-02 01:00:00,53.93,transfer,1.0,60.0054,0.0,56.2556,56.2556,60.0054,89.7347,11.9833,30.4669,817
2016-04-02 02:00:00,54.03,transfer,1.0,60.2027,0.0,59.3506,59.3506,60.2027,89.7348,11.9511,30.4213,818
2016-04-02 03:00:00,53.89,transfer,1.0,60.8322,0.0,68.2007,68.2007,60.8322,89.7347,11.9214,30.3784,819
2016-04-02 04:00:00,67.61,transfer,1.0,62.1685,0.0,59.0922,59.0922,62.1685,89.7349,11.9517,30.3333,820
2016-04-02 05:00:00,67.89,transfer,1.0,64.5476,0.0,63.9009,63.9009,64.5476,89.7352,11.9648,30.3032,821
2016-04-02 06:00:00,66.79,transfer,1.0,68.275,0.0,75.0115,75.0115,68.275,89.7354,11.9626,30.2817,822
2016-04-02 07:00:00,62.38,transfer,1.0,72.1323,0.0,77.6382,77.6382,72.1323,89.7355,11.9412,30.2427,823
2016-04-02 08:00:00,60.57,transfer,1.0,74.9749,0.0,73.8874,73.8874,74.9749,89.7356,11.9147,30.204,824
2016-04-02 09:00:00,63.61,transfer,1.0,74.6867,0.0,74.176,74.176,74.6867,89.7357,11.8814,30.1606,825
2016-04-02 10:00:00,64.3,transfer,1.0,73.2086,0.0,72.242,72.242,73.2086,89.7355,11.8453,30.1108,826
2016-04-02 11:00:00,63.63,transfer,1.0,71.6887,0.0,85.4162,85.4162,71.6887,89.7353,11.8154,30.0634,827
2016-04-02 12:00:00,65.36,transfer,1.0,70.5152,0.0,77.3826,77.3826,70.5152,89.7354,11.7793,30.0056,828
2016-04-02 13:00:00,62.28,transfer,1.0,68.921,0.0,73.8042,73.8042,68.921,89.7354,11.7489,29.9515,829
2016-04-02 14:00:00,58.25,transfer,1.0,67.3378,0.0,72.8594,72.8594,67.3378,89.7353,11.7436,29.9221,830
2016-04-02 15:00:00,61.95,transfer,1.0,65.577,0.0,64.153,64.153,65.577,89.7354,11.713,29.868,831
2016-04-02 16:00:00,61.32,transfer,1.0,63.5638,0.0,69.7139,69.7139,63.5638,89.7353,11.6956,29.8295,832
2016-04-02 17:00:00,61.1,transfer,1.0,61.8974,0.0,60.7816,60.7816,61.8974,89.7351,11.6643,29.7789,833
2016-04-02 18:00:00,48.83,transfer,1.0,60.7154,0.0,70.1419,70.1419,60.7154,89.7354,11.638,29.7338,834
2016-04-02 19:00:00,51.58,transfer,1.0,59.3248,0.0,62.749,62.749,59.3248,89.7354,11.6168,29.6937,835
2016-04-02 20:00:00,56.39,transfer,1.0,58.4975,0.0,50.5488,50.5488,58.4975,89.7351,11.5953,29.6532,836
2016-04-02 21:00:00,54.29,transfer,1.0,57.752,0.0,54.3695,54.3695,57.752,89.7349,11.572,29.6109,837
2016-04-02 22:00:00,54.79,transfer,1.0,57.6207,0.0,56.8267,56.8267,57.6207,89.7353,11.5511,29.5697,838
2016-04-02 23:00:00,52.9,transfer,1.0,58.0757,0.0,59.1888,59.1888,58.0757,89.7355,11.54,29.5343,839
2016-04-03 00:00:00,52.68,transfer,1.0,58.1299,0.0,49.053,49.053,58.1299,89.7355,11.5285,29.498,840
2016-04-03 01:00:00,52.54,transfer,1.0,58.5426,0.0,57.9278,57.9278,58.5426,89.7355,11.5196,29.4628,841
2016-04-03 02:00:00,52.31,transfer,1.0,59.3782,0.0,62.4802,62.4802,59.3782,89.7355,11.5133,29.4278,842
2016-04-03 03:00:00,52.5,transfer,1.0,60.6563,0.0,48.1305,48.1305,60.6563,89.7356,11.5119,29.3939,843
2016-04-03 04:00:00,65.7,transfer,1.0,63.1431,0.0,59.6834,59.6834,63.1431,89.7357,11.501,29.3625,844
2016-04-03 05:00:00,67.67,transfer,1.0,64.9153,0.0,73.8539,73.8539,64.9153,89.7356,11.502,29.3184,845
2016-04-03 06:00:00,67.26,transfer,1.0,68.2739,0.0,73.4749,73.4749,68.2739,89.7357,11.5079,29.2757,846
2016-04-03 07:00:00,59.64,transfer,1.0,71.8421,0.0,80.571,80.571,71.8421,89.7357,11.5316,29.2454,847
2016-04-03 08:00:00,60.17,transfer,1.0,74.1511,0.0,75.9841,75.9841,74.1511,89.7357,11.5304,29.1899,848
2016-04-03 09:00:00,61.76,transfer,1.0,73.9233,0.0,57.86,57.86,73.9233,89.736,11.5254,29.1304,849
2016-04-03 10:00:00,61.31,transfer,1.0,73.4759,0.0,76.2772,76.2772,73.4759,89.7361,11.5335,29.0805,850
2016-04-03 11:00:00,62.6,transfer,1.0,72.4607,0.0,76.0665,76.0665,72.4607,89.736,11.5264,29.0153,851
2016-04-03 12:00:00,62.2,transfer,1.0,71.4251,0.0,59.9983,59.9983,71.4251,89.7359,11.526,28.9574,852
2016-04-03 13:00:00,61.25,transfer,1.0,69.7327,0.0,61.4958,61.4958,69.7327,89.7356,11.5219,28.9005,853
2016-04-03 14:00:00,60.47,transfer,1.0,67.9408,0.0,65.1319,65.1319,67.9408,89.7353,11.5192,28.8493,854
2016-04-03 15:00:00,61.21,transfer,1.0,66.4512,0.0,57.272,57.272,66.4512,89.7354,11.5039,28.7883,855
2016-04-03 16:00:00,60.41,transfer,1.0,64.816,0.0,63.0433,63.0433,64.816,89.7352,11.4948,28.7368,856
2016-04-03 17:00:00,58.97,transfer,1.0,63.3608,0.0,61.5897,61.5897,63.3608,89.7353,11.4958,28.6979,857
2016-04-03 18:00:00,47.74,transfer,1.0,61.9949,0.0,58.7193,58.7193,61.9949,89.7352,11.5141,28.6783,858
2016-04-03 19:00:00,48.12,transfer,1.0,60.3339,0.0,53.0945,53.0945,60.3339,89.7349,11.557,28.6887,859
2016-04-03 20:00:00,54.59,transfer,1.0,59.5055,0.0,57.354,57.354,59.5055,89.7346,11.5663,28.6686,860
2016-04-03 21:00:00,54.28,transfer,1.0,58.6954,0.0,54.0396,54.0396,58.6954,89.7345,11.5741,28.6505,861
2016-04-03 22:00:00,55.08,transfer,1.0,58.4116,0.0,61.9803,61.9803,58.4116,89.7345,11.581,28.6331,862
2016-04-03 23:00:00,54.28,transfer,1.0,58.3663,0.0,68.6837,68.6837,58.3663,89.7345,11.5867,28.615,863
2016-04-04 00:00:00,54.04,transfer,1.0,58.3803,0.0,55.1693,55.1693,58.3803,89.7344,11.5916,28.5973,864
2016-04-04 01:00:00,54.77,transfer,1.0,60.0656,0.0,69.2405,69.2405,60.0656,89.7348,11.5916,28.5734,865
2016-04-04 02:00:00,53.78,transfer,1.0,62.6365,0.0,46.0896,46.0896,62.6365,89.7348,11.5959,28.553,866
2016-04-04 03:00:00,54.09,transfer,1.0,66.4242,0.0,54.9373,54.9373,66.4242,89.735,11.6042,28.5346,867
2016-04-04 04:00:00,67.33,transfer,1.0,70.8711,0.0,73.9019,73.9019,70.8711,89.7351,11.6178,28.515,868
2016-04-04 05:00:00,70.02,transfer,1.0,77.1246,0.0,74.594,74.594,77.1246,89.7351,11.6333,28.4933,869
2016-04-04 06:00:00,67.56,transfer,1.0,85.3282,0.0,96.5968,96.5968,85.3282,89.7352,11.6668,28.4871,870
2016-04-04 07:00:00,85.85,transfer,1.0,92.8185,0.0,70.3047,70.3047,92.8185,89.7352,11.5802,28.3647,871
2016-04-04 08:00:00,102.99,transfer,1.0,98.2555,0.0,103.4489,103.4489,98.2555,89.7353,11.4357,28.2917,872
2016-04-04 09:00:00,106.82,transfer,1.0,102.302,0.0,86.6812,86.6812,102.302,89.7356,11.2831,28.2502,873
2016-04-04 10:00:00,110.61,transfer,1.0,104.1607,0.0,102.1599,102.1599,104.1607,89.7355,11.1525,28.2383,874
2016-04-04 11:00:00,109.79,transfer,1.0,104.7331,0.0,93.8478,93.8478,104.7331,89.7354,11.0324,28.2223,875
2016-04-04 12:00:00,109.83,transfer,1.0,104.6363,0.0,105.3329,105.3329,104.6363,89.7353,10.9515,28.2103,876
2016-04-04 13:00:00,107.92,transfer,1.0,103.7413,0.0,106.508,106.508,103.7413,89.7352,10.9115,28.1819,877
2016-04-04 14:00:00,110.61,transfer,1.0,100.8381,0.0,91.13,91.13,100.8381,89.7352,10.9509,28.1711,878
2016-04-04 15:00:00,115.18,transfer,1.0,93.5776,0.0,121.028,121.028,93.5776,89.735,11.0552,28.1963,879
2016-04-04 16:00:00,105.51,transfer,1.0,83.4991,0.0,81.7217,81.7217,83.4991,89.735,11.1829,28.1235,880
2016-04-04 17:00:00,95.82,transfer,1.0,74.13,0.0,67.189,67.189,74.13,89.7348,11.3104,27.9744,881
2016-04-04 18:00:00,67.44,transfer,1.0,67.2538,0.0,59.605,59.605,67.2538,89.7348,11.2503,27.8507,882
2016-04-04 19:00:00,62.82,transfer,1.0,62.1044,0.0,60.96,60.96,62.1044,89.7346,11.2296,27.781,883
2016-04-04 20:00:00,62.05,transfer,1.0,58.9028,0.0,56.0367,56.0367,58.9028,89.734,11.2428,27.7433,884
2016-04-04 21:00:00,57.83,transfer,1.0,57.4325,0.0,60.7343,60.7343,57.4325,89.7343,11.238,27.7195,885
2016-04-04 22:00:00,58.25,transfer,1.0,57.1648,0.0,61.6374,61.6374,57.1648,89.7346,11.2363,27.6963,886
2016-04-04 23:00:00,56.66,transfer,1.0,57.6585,0.0,50.4132,50.4132,57.6585,89.7349,11.2139,27.6688,887
2016-04-05 00:00:00,56.27,transfer,1.0,59.0558,0.0,53.0459,53.0459,59.0558,89.7349,11.1929,27.643,888
2016-04-05 01:00:00,55.95,transfer,1.0,62.5775,0.0,75.8753,75.8753,62.5775,89.735,11.1991,27.6363,889
2016-04-05 02:00:00,55.87,transfer,1.0,68.015,0.0,64.5437,64.5437,68.015,89.735,11.2191,27.6304,890
2016-04-05 03:00:00,56.51,transfer,1.0,75.9001,0.0,79.0624,79.0624,75.9001,89.7352,11.2581,27.6218,891
2016-04-05 04:00:00,69.11,transfer,1.0,85.2692,0.0,105.9102,105.9102,85.2692,89.7352,11.314,27.6089,892
2016-04-05 05:00:00,73.42,transfer,1.0,94.6404,0.0,80.4962,80.4962,94.6404,89.7352,11.3684,27.5847,893
2016-04-05 06:00:00,71.23,transfer,1.0,101.2655,0.0,86.0356,86.0356,101.2655,89.7351,11.4159,27.5684,894
2016-04-05 07:00:00,87.75,transfer,1.0,103.9863,0.0,108.9175,108.9175,103.9863,89.7351,11.3033,27.4176,895
2016-04-05 08:00:00,106.89,transfer,1.0,105.0149,0.0,90.9724,90.9724,105.0149,89.7352,11.0885,27.3643,896
2016-04-05 09:00:00,112.52,transfer,1.0,105.4964,0.0,104.6975,104.6975,105.4964,89.7357,10.9149,27.3634,897
2016-04-05 10:00:00,111.88,transfer,1.0,105.6832,0.0,86.4558,86.4558,105.6832,89.7356,10.7604,27.3828,898
2016-04-05 11:00:00,111.7,transfer,1.0,105.7347,0.0,109.8728,109.8728,105.7347,89.7355,10.6142,27.4037,899
2016-04-05 12:00:00,110.92,transfer,1.0,105.7001,0.0,80.3115,80.3115,105.7001,89.7355,10.4776,27.4165,900
2016-04-05 13:00:00,107.4,transfer,1.0,105.5682,0.0,110.7651,110.7651,105.5682,89.7354,10.3533,27.4018,901
2016-04-05 14:00:00,108.12,transfer,1.0,105.2196,0.0,88.728,88.728,105.2196,89.7353,10.3136,27.4061,902
2016-04-05 15:00:00,106.28,transfer,1.0,104.3187,0.0,92.8524,92.8524,104.3187,89.7351,10.3061,27.3813,903
2016-04-05 16:00:00,97.31,transfer,1.0,101.8077,0.0,103.093,103.093,101.8077,89.7352,10.322,27.2751,904
2016-04-05 17:00:00,89.56,transfer,1.0,95.1089,0.0,105.3962,105.3962,95.1089,89.7349,10.3348,27.0929,905
2016-04-05 18:00:00,68.78,transfer,1.0,83.5616,0.0,84.4022,84.4022,83.5616,89.7349,10.3461,26.9644,906
2016-04-05 19:00:00,60.78,transfer,1.0,71.8251,0.0,75.9904,75.9904,71.8251,89.7348,10.3597,26.8966,907
2016-04-05 20:00:00,63.86,transfer,1.0,65.6555,0.0,66.9327,66.9327,65.6555,89.7343,10.3573,26.8447,908
2016-04-05 21:00:00,58.99,transfer,1.0,63.6032,0.0,71.255,71.255,63.6032,89.7342,10.359,26.8087,909
2016-04-05 22:00:00,59.71,transfer,1.0,64.0332,0.0,68.0434,68.0434,64.0332,89.734,10.3559,26.7699,910
2016-04-05 23:00:00,57.78,transfer,1.0,65.6169,0.0,60.3718,60.3718,65.6169,89.7339,10.362,26.7385,911
2016-04-06 00:00:00,57.4,transfer,1.0,68.0888,0.0,72.4581,72.4581,68.0888,89.7338,10.3753,26.7086,912
2016-04-06 01:00:00,57.81,transfer,1.0,71.5648,0.0,66.6165,66.6165,71.5648,89.7337,10.3974,26.679,913
2016-04-06 02:00:00,58.16,transfer,1.0,76.5671,0.0,72.2667,72.2667,76.5671,89.7338,10.4338,26.6523,914
2016-04-06 03:00:00,57.83,transfer,1.0,83.3085,0.0,68.7089,68.7089,83.3085,89.7339,10.4947,26.6358,915
2016-04-06 04:00:00,71.02,transfer,1.0,90.8914,0.0,88.2047,88.2047,90.8914,89.734,10.5517,26.605,916
2016-04-06 05:00:00,74.5,transfer,1.0,98.0466,0.0,97.3492,97.3492,98.0466,89.7341,10.6002,26.5697,917
2016-04-06 06:00:00,71.85,transfer,1.0,102.611,0.0,96.8893,96.8893,102.611,89.7342,10.6309,26.5408,918
2016-04-06 07:00:00,88.96,transfer,1.0,104.5115,0.0,99.3454,99.3454,104.5115,89.7345,10.4964,26.3735,919
2016-04-06 08:00:00,107.39,transfer,1.0,105.2363,0.0,88.898,88.898,105.2363,89.7347,10.2948,26.3387,920
2016-04-06 09:00:00,109.45,transfer,1.0,105.5919,0.0,116.5783,116.5783,105.5919,89.735,10.0993,26.3192,921
2016-04-06 10:00:00,112.15,transfer,1.0,105.7217,0.0,118.0706,118.0706,105.7217,89.735,9.9086,26.3063,922
2016-04-06 11:00:00,109.24,transfer,1.0,105.7334,0.0,112.8971,112.8971,105.7334,89.735,9.7209,26.2926,923
2016-04-06 12:00:00,103.98,transfer,1.0,105.6738,0.0,113.7174,113.7174,105.6738,89.7351,9.5177,26.2306,924
2016-04-06 13:00:00,102.64,transfer,1.0,105.4979,0.0,100.1644,100.1644,105.4979,89.7351,9.3555,26.1657,925
2016-04-06 14:00:00,105.48,transfer,1.0,105.0413,0.0,111.6246,111.6246,105.0413,89.7352,9.2485,26.1312,926
2016-04-06 15:00:00,102.74,transfer,1.0,103.805,0.0,95.6324,95.6324,103.805,89.7351,9.2179,26.0865,927
2016-04-06 16:00:00,91.21,transfer,1.0,100.6084,0.0,114.0559,114.0559,100.6084,89.7351,9.27,25.9674,928
2016-04-06 17:00:00,83.18,transfer,1.0,93.0683,0.0,101.4414,101.4414,93.0683,89.7351,9.3287,25.8494,929
2016-04-06 18:00:00,65.96,transfer,1.0,81.6736,0.0,78.6968,78.6968,81.6736,89.7352,9.3519,25.7491,930
2016-04-06 19:00:00,64.73,transfer,1.0,70.9055,0.0,68.1267,68.1267,70.9055,89.7353,9.3443,25.672,931
2016-04-06 20:00:00,64.85,transfer,1.0,65.5142,0.0,64.8061,64.8061,65.5142,89.735,9.3361,25.6218,932
2016-04-06 21:00:00,58.71,transfer,1.0,63.9866,0.0,70.767,70.767,63.9866,89.7347,9.343,25.5967,933
2016-04-06 22:00:00,59.49,transfer,1.0,64.529,0.0,66.4936,66.4936,64.529,89.7347,9.3482,25.5728,934
2016-04-06 23:00:00,58.49,transfer,1.0,65.8368,0.0,76.7467,76.7467,65.8368,89.7346,9.3528,25.55,935
2016-04-07 00:00:00,58.21,transfer,1.0,68.3626,0.0,57.8272,57.8272,68.3626,89.7346,9.3621,25.5267,936
2016-04-07 01:00:00,57.83,transfer,1.0,71.765,0.0,75.5336,75.5336,71.765,89.7347,9.3815,25.5044,937
2016-04-07 02:00:00,57.79,transfer,1.0,76.1072,0.0,68.8661,68.8661,76.1072,89.7347,9.415,25.4854,938
2016-04-07 03:00:00,57.81,transfer,1.0,81.6859,0.0,70.5799,70.5799,81.6859,89.7346,9.4636,25.4686,939
2016-04-07 04:00:00,67.71,transfer,1.0,88.3834,0.0,94.6867,94.6867,88.3834,89.7346,9.527,25.4523,940
2016-04-07 05:00:00,70.55,transfer,1.0,95.7421,0.0,99.4017,99.4017,95.7421,89.7346,9.5934,25.4327,941
2016-04-07 06:00:00,73.36,transfer,1.0,101.1962,0.0,92.7881,92.7881,101.1962,89.7347,9.6266,25.3933,942
2016-04-07 07:00:00,89.67,transfer,1.0,103.7534,0.0,120.9239,120.9239,103.7534,89.7347,9.5015,25.2199,943
2016-04-07 08:00:00,112.15,transfer,1.0,104.9235,0.0,101.4029,101.4029,104.9235,89.7348,9.3254,25.1963,944
2016-04-07 09:00:00,117.26,transfer,1.0,105.43,0.0,83.1894,83.1894,105.43,89.7349,9.1917,25.2288,945
2016-04-07 10:00:00,112.78,transfer,1.0,105.609,0.0,88.2555,88.2555,105.609,89.7346,9.0555,25.261,946
2016-04-07 11:00:00,110.58,transfer,1.0,105.6151,0.0,113.86,113.86,105.6151,89.7341,8.9006,25.2683,947
2016-04-07 12:00:00,104.11,transfer,1.0,105.4068,0.0,111.6846,111.6846,105.4068,89.7343,8.7679,25.2651,948
2016-04-07 13:00:00,105.57,transfer,1.0,104.8833,0.0,108.0767,108.0767,104.8833,89.7342,8.6532,25.2554,949
2016-04-07 14:00:00,104.55,transfer,1.0,103.3888,0.0,96.7982,96.7982,103.3888,89.7344,8.626,25.2681,950
2016-04-07 15:00:00,100.95,transfer,1.0,99.7543,0.0,123.5604,123.5604,99.7543,89.7344,8.6278,25.2463,951
2016-04-07 16:00:00,92.53,transfer,1.0,92.5598,0.0,111.4897,111.4897,92.5598,89.7343,8.5924,25.1692,952
2016-04-07 17:00:00,88.72,transfer,1.0,82.4259,0.0,87.9988,87.9988,82.4259,89.7344,8.6011,25.051,953
2016-04-07 18:00:00,66.15,transfer,1.0,73.9442,0.0,70.3871,70.3871,73.9442,89.7344,8.6016,24.9765,954
2016-04-07 19:00:00,64.9,transfer,1.0,65.9555,0.0,77.8974,77.8974,65.9555,89.7344,8.5998,24.9347,955
2016-04-07 20:00:00,65.45,transfer,1.0,61.9833,0.0,76.7606,76.7606,61.9833,89.7341,8.6079,24.9057,956
2016-04-07 21:00:00,61.51,transfer,1.0,60.6333,0.0,50.7314,50.7314,60.6333,89.7342,8.6096,24.8844,957
2016-04-07 22:00:00,62.49,transfer,1.0,60.5665,0.0,66.5977,66.5977,60.5665,89.7341,8.6112,24.8557,958
2016-04-07 23:00:00,61.15,transfer,1.0,61.5996,0.0,57.462,57.462,61.5996,89.7343,8.5866,24.825,959
2016-04-08 00:00:00,61.17,transfer,1.0,63.8226,0.0,54.9925,54.9925,63.8226,89.7343,8.5619,24.7914,960
2016-04-08 01:00:00,60.64,transfer,1.0,66.7903,0.0,64.2402,64.2402,66.7903,89.7344,8.5459,24.7577,961
2016-04-08 02:00:00,60.41,transfer,1.0,71.0287,0.0,64.846,64.846,71.0287,89.7345,8.5474,24.7281,962
2016-04-08 03:00:00,60.87,transfer,1.0,76.8647,0.0,73.1514,73.1514,76.8647,89.7345,8.5638,24.6963,963
2016-04-08 04:00:00,70.69,transfer,1.0,84.633,0.0,80.3609,80.3609,84.633,89.7348,8.6314,24.6954,964
2016-04-08 05:00:00,74.63,transfer,1.0,93.3305,0.0,83.9403,83.9403,93.3305,89.7347,8.7285,24.7072,965
2016-04-08 06:00:00,72.59,transfer,1.0,100.0072,0.0,105.6355,105.6355,100.0072,89.7348,8.812,24.7137,966
2016-04-08 07:00:00,91.89,transfer,1.0,103.3458,0.0,99.2867,99.2867,103.3458,89.7349,8.7137,24.5889,967
2016-04-08 08:00:00,105.81,transfer,1.0,104.757,0.0,116.1819,116.1819,104.757,89.7352,8.5419,24.564,968
2016-04-08 09:00:00,109.44,transfer,1.0,105.3833,0.0,96.5219,96.5219,105.3833,89.7353,8.3776,24.562,969
2016-04-08 10:00:00,104.61,transfer,1.0,105.5964,0.0,91.1541,91.1541,105.5964,89.7352,8.2061,24.5398,970
2016-04-08 11:00:00,103.53,transfer,1.0,105.6155,0.0,115.3462,115.3462,105.6155,89.7353,8.0614,24.519,971
2016-04-08 12:00:00,96.23,transfer,1.0,105.4549,0.0,99.5859,99.5859,105.4549,89.7352,7.9951,24.4622,972
2016-04-08 13:00:00,83.04,transfer,1.0,104.9354,0.0,113.3855,113.3855,104.9354,89.7353,8.0303,24.3868,973
2016-04-08 14:00:00,79.32,transfer,1.0,103.1652,0.0,91.7588,91.7588,103.1652,89.7353,8.1357,24.3417,974
2016-04-08 15:00:00,77.81,transfer,1.0,96.7135,0.0,98.8511,98.8511,96.7135,89.7353,8.2436,24.3046,975
2016-04-08 16:00:00,80.57,transfer,1.0,83.9252,0.0,77.5711,77.5711,83.9252,89.7353,8.2325,24.2511,976
2016-04-08 17:00:00,72.22,transfer,1.0,72.9136,0.0,59.918,59.918,72.9136,89.7351,8.224,24.2114,977
2016-04-08 18:00:00,54.08,transfer,1.0,67.9888,0.0,63.3525,63.3525,67.9888,89.7351,8.2439,24.1926,978
2016-04-08 19:00:00,51.5,transfer,1.0,64.4593,0.0,58.8317,58.8317,64.4593,89.7351,8.2886,24.2065,979
2016-04-08 20:00:00,58.3,transfer,1.0,62.5247,0.0,67.9377,67.9377,62.5247,89.7345,8.3137,24.2054,980
2016-04-08 21:00:00,56.14,transfer,1.0,61.7247,0.0,57.2188,57.2188,61.7247,89.7342,8.3365,24.2046,981
2016-04-08 22:00:00,56.44,transfer,1.0,62.1665,0.0,64.0921,64.0921,62.1665,89.7343,8.3578,24.2016,982
2016-04-08 23:00:00,55.42,transfer,1.0,63.2541,0.0,51.1812,51.1812,63.2541,89.7343,8.3821,24.2,983
2016-04-09 00:00:00,55.15,transfer,1.0,64.914,0.0,59.4506,59.4506,64.914,89.7343,8.4064,24.196,984
2016-04-09 01:00:00,55.14,transfer,1.0,64.4972,0.0,68.7568,68.7568,64.4972,89.7341,8.4259,24.1888,985
2016-04-09 02:00:00,55.28,transfer,1.0,64.2613,0.0,70.0558,70.0558,64.2613,89.7341,8.4427,24.1813,986
2016-04-09 03:00:00,55.8,transfer,1.0,64.7706,0.0,46.9837,46.9837,64.7706,89.7342,8.4547,24.17,987
2016-04-09 04:00:00,68.78,transfer,1.0,65.8684,0.0,63.8992,63.8992,65.8684,89.7342,8.4397,24.163,988
2016-04-09 05:00:00,71.55,transfer,1.0,68.2611,0.0,66.5279,66.5279,68.2611,89.7343,8.4394,24.1412,989
2016-04-09 06:00:00,68.64,transfer,1.0,71.8951,0.0,56.1941,56.1941,71.8951,89.7343,8.4499,24.1302,990
2016-04-09 07:00:00,63.87,transfer,1.0,75.7691,0.0,70.5391,70.5391,75.7691,89.7341,8.4627,24.1213,991
2016-04-09 08:00:00,61.16,transfer,1.0,78.9692,0.0,76.7856,76.7856,78.9692,89.7342,8.4829,24.1178,992
2016-04-09 09:00:00,64.67,transfer,1.0,78.829,0.0,90.9019,90.9019,78.829,89.7345,8.5013,24.1115,993
2016-04-09 10:00:00,65.98,transfer,1.0,76.3325,0.0,79.4134,79.4134,76.3325,89.7347,8.5099,24.1015,994
2016-04-09 11:00:00,66.43,transfer,1.0,74.3095,0.0,86.668,86.668,74.3095,89.735,8.5088,24.0848,995
2016-04-09 12:00:00,65.56,transfer,1.0,71.3564,0.0,70.5881,70.5881,71.3564,89.7348,8.5126,24.0836,996
2016-04-09 13:00:00,64.05,transfer,1.0,69.3653,0.0,76.5386,76.5386,69.3653,89.7351,8.5047,24.0731,997
2016-04-09 14:00:00,63.77,transfer,1.0,67.8943,0.0,74.4349,74.4349,67.8943,89.7353,8.4752,24.0402,998
2016-04-09 15:00:00,64.55,transfer,1.0,66.3375,0.0,69.4621,69.4621,66.3375,89.7352,8.4642,24.0247,999
2016-04-09 16:00:00,63.78,transfer,1.0,64.9036,0.0,67.1783,67.1783,64.9036,89.7351,8.4576,24.0101,1000
2016-04-09 17:00:00,64.34,transfer,1.0,63.6685,0.0,72.0775,72.0775,63.6685,89.7352,8.4568,23.9908,1001
2016-04-09 18:00:00,47.75,transfer,1.0,62.5273,0.0,67.0415,67.0415,62.5273,89.7353,8.474,23.9972,1002
2016-04-09 19:00:00,49.22,transfer,1.0,61.002,0.0,55.7951,55.7951,61.002,89.7352,8.4981,24.0113,1003
2016-04-09 20:00:00,55.62,transfer,1.0,59.9733,0.0,59.9116,59.9116,59.9733,89.7349,8.5114,24.0159,1004
2016-04-09 21:00:00,54.01,transfer,1.0,59.0875,0.0,57.5701,57.5701,59.0875,89.7347,8.5211,24.0175,1005
2016-04-09 22:00:00,55.23,transfer,1.0,58.8177,0.0,63.7928,63.7928,58.8177,89.7347,8.5256,24.0149,1006
2016-04-09 23:00:00,54.39,transfer,1.0,58.6066,0.0,63.1507,63.1507,58.6066,89.7344,8.5199,24.006,1007
2016-04-10 00:00:00,54.24,transfer,1.0,58.5452,0.0,61.236,61.236,58.5452,89.7343,8.513,23.9967,1008
2016-04-10 01:00:00,54.17,transfer,1.0,58.9396,0.0,49.5807,49.5807,58.9396,89.7343,8.5057,23.987,1009
2016-04-10 02:00:00,53.98,transfer,1.0,59.5059,0.0,59.4788,59.4788,59.5059,89.7342,8.4965,23.9771,1010
2016-04-10 03:00:00,54.41,transfer,1.0,60.3755,0.0,60.1929,60.1929,60.3755,89.7341,8.4835,23.9657,1011
2016-04-10 04:00:00,66.54,transfer,1.0,61.7162,0.0,49.2171,49.2171,61.7162,89.7342,8.497,23.9607,1012
2016-04-10 05:00:00,69.01,transfer,1.0,63.6384,0.0,65.905,65.905,63.6384,89.7341,8.5125,23.9527,1013
2016-04-10 06:00:00,66.61,transfer,1.0,66.3669,0.0,72.5123,72.5123,66.3669,89.734,8.508,23.9566,1014
2016-04-10 07:00:00,59.83,transfer,1.0,69.5284,0.0,58.5974,58.5974,69.5284,89.7343,8.4931,23.9554,1015
2016-04-10 08:00:00,60.29,transfer,1.0,71.8605,0.0,73.1092,73.1092,71.8605,89.7342,8.4787,23.9547,1016
2016-04-10 09:00:00,61.96,transfer,1.0,71.2454,0.0,64.9383,64.9383,71.2454,89.7343,8.4616,23.9535,1017
2016-04-10 10:00:00,61.49,transfer,1.0,70.0475,0.0,80.3175,80.3175,70.0475,89.7341,8.4401,23.9524,1018
2016-04-10 11:00:00,63.13,transfer,1.0,69.1093,0.0,60.453,60.453,69.1093,89.7341,8.417,23.9492,1019
2016-04-10 12:00:00,63.37,transfer,1.0,68.187,0.0,67.2492,67.2492,68.187,89.7343,8.3908,23.9423,1020
2016-04-10 13:00:00,62.91,transfer,1.0,67.2704,0.0,57.3614,57.3614,67.2704,89.7344,8.3662,23.9324,1021
2016-04-10 14:00:00,62.63,transfer,1.0,66.3436,0.0,59.36,59.36,66.3436,89.7346,8.3439,23.9195,1022
2016-04-10 15:00:00,61.13,transfer,1.0,65.1746,0.0,59.4006,59.4006,65.1746,89.7347,8.3367,23.92,1023
2016-04-10 16:00:00,60.61,transfer,1.0,63.8259,0.0,52.5632,52.5632,63.8259,89.7346,8.3297,23.9188,1024
2016-04-10 17:00:00,60.58,transfer,1.0,62.4758,0.0,54.0804,54.0804,62.4758,89.7346,8.3148,23.9092,1025
2016-04-10 18:00:00,47.63,transfer,1.0,61.3794,0.0,62.509,62.509,61.3794,89.7348,8.3118,23.9099,1026
2016-04-10 19:00:00,48.82,transfer,1.0,60.1457,0.0,45.8134,45.8134,60.1457,89.7347,8.3065,23.9057,1027
2016-04-10 20:00:00,55.47,transfer,1.0,59.495,0.0,60.404,60.404,59.495,89.7344,8.3012,23.9005,1028
2016-04-10 21:00:00,55.41,transfer,1.0,58.7507,0.0,53.9698,53.9698,58.7507,89.7342,8.2948,23.8937,1029
2016-04-10 22:00:00,56.05,transfer,1.0,58.4622,0.0,62.7147,62.7147,58.4622,89.7341,8.2893,23.888,1030
2016-04-10 23:00:00,55.49,transfer,1.0,58.5402,0.0,63.4109,63.4109,58.5402,89.7342,8.2832,23.8808,1031
2016-04-11 00:00:00,54.89,transfer,1.0,58.6917,0.0,60.6447,60.6447,58.6917,89.7342,8.28,23.8757,1032
2016-04-11 01:00:00,54.79,transfer,1.0,60.6805,0.0,62.4655,62.4655,60.6805,89.7346,8.2835,23.8756,1033
2016-04-11 02:00:00,54.82,transfer,1.0,63.6829,0.0,62.2764,62.2764,63.6829,89.7348,8.2835,23.8694,1034
2016-04-11 03:00:00,55.33,transfer,1.0,67.1928,0.0,61.7592,61.7592,67.1928,89.7348,8.2807,23.862,1035
2016-04-11 04:00:00,70.04,transfer,1.0,71.3464,0.0,71.9188,71.9188,71.3464,89.7347,8.2674,23.8459,1036
2016-04-11 05:00:00,71.28,transfer,1.0,77.2044,0.0,81.9652,81.9652,77.2044,89.7348,8.2604,23.8384,1037
2016-04-11 06:00:00,70.33,transfer,1.0,85.0655,0.0,85.1535,85.1535,85.0655,89.7349,8.2424,23.8219,1038
2016-04-11 07:00:00,86.16,transfer,1.0,91.6765,0.0,105.2112,105.2112,91.6765,89.7349,8.2337,23.82,1039
2016-04-11 08:00:00,104.31,transfer,1.0,96.8036,0.0,97.5209,97.5209,96.8036,89.7346,8.2502,23.8279,1040
2016-04-11 09:00:00,112.85,transfer,1.0,100.9966,0.0,109.0293,109.0293,100.9966,89.7348,8.2939,23.8638,1041
2016-04-11 10:00:00,115.72,transfer,1.0,103.3125,0.0,113.3213,113.3213,103.3125,89.7348,8.3293,23.8942,1042
2016-04-11 11:00:00,110.19,transfer,1.0,104.1817,0.0,101.227,101.227,104.1817,89.7347,8.335,23.8966,1043
2016-04-11 12:00:00,104.79,transfer,1.0,104.1774,0.0,115.5592,115.5592,104.1774,89.7346,8.3077,23.8666,1044
2016-04-11 13:00:00,102.62,transfer,1.0,102.9929,0.0,105.1742,105.1742,102.9929,89.7344,8.2851,23.8351,1045
2016-04-11 14:00:00,104.41,transfer,1.0,98.9638,0.0,102.5018,102.5018,98.9638,89.7342,8.2593,23.7982,1046
2016-04-11 15:00:00,106.01,transfer,1.0,90.2268,0.0,80.1277,80.1277,90.2268,89.7342,8.2247,23.7436,1047
2016-04-11 16:00:00,99.16,transfer,1.0,79.6225,0.0,75.2352,75.2352,79.6225,89.7341,8.21,23.7058,1048
2016-04-11 17:00:00,91.19,transfer,1.0,71.4625,0.0,73.9285,73.9285,71.4625,89.734,8.1983,23.6782,1049
2016-04-11 18:00:00,69.67,transfer,1.0,65.7374,0.0,73.1103,73.1103,65.7374,89.734,8.2206,23.6649,1050
2016-04-11 19:00:00,67.16,transfer,1.0,61.4758,0.0,61.7566,61.7566,61.4758,89.7342,8.2502,23.6391,1051
2016-04-11 20:00:00,68.57,transfer,1.0,59.5689,0.0,55.7748,55.7748,59.5689,89.7341,8.285,23.6003,1052
2016-04-11 21:00:00,62.84,transfer,1.0,58.5798,0.0,48.3741,48.3741,58.5798,89.7339,8.308,23.5705,1053
2016-04-11 22:00:00,63.45,transfer,1.0,58.7166,0.0,58.509,58.509,58.7166,89.734,8.3297,23.5395,1054
2016-04-11 23:00:00,62.66,transfer,1.0,59.1204,0.0,66.7223,66.7223,59.1204,89.7339,8.3448,23.5038,1055
2016-04-12 00:00:00,62.47,transfer,1.0,60.3316,0.0,67.1094,67.1094,60.3316,89.7339,8.341,23.4669,1056
2016-04-12 01:00:00,62.46,transfer,1.0,63.2372,0.0,62.1686,62.1686,63.2372,89.734,8.3062,23.4281,1057
2016-04-12 02:00:00,62.48,transfer,1.0,67.8362,0.0,70.7886,70.7886,67.8362,89.7341,8.2658,23.3888,1058
2016-04-12 03:00:00,62.72,transfer,1.0,74.2112,0.0,66.9207,66.9207,74.2112,89.7341,8.2187,23.3518,1059
2016-04-12 04:00:00,77.38,transfer,1.0,83.135,0.0,84.749,84.749,83.135,89.7344,8.1568,23.3026,1060
2016-04-12 05:00:00,79.68,transfer,1.0,92.62,0.0,83.4341,83.4341,92.62,89.7343,8.1075,23.2653,1061
2016-04-12 06:00:00,80.55,transfer,1.0,99.9459,0.0,84.7368,84.7368,99.9459,89.7344,8.0442,23.2098,1062
2016-04-12 07:00:00,90.94,transfer,1.0,103.232,0.0,89.8545,89.8545,103.232,89.7344,8.0207,23.2052,1063
2016-04-12 08:00:00,112.93,transfer,1.0,104.5787,0.0,111.1495,111.1495,104.5787,89.7346,8.0593,23.2412,1064
2016-04-12 09:00:00,117.95,transfer,1.0,105.1474,0.0,113.1424,113.1424,105.1474,89.735,8.0937,23.2735,1065
2016-04-12 10:00:00,116.68,transfer,1.0,105.3662,0.0,112.0899,112.0899,105.3662,89.7353,8.1241,23.3021,1066
2016-04-12 11:00:00,113.83,transfer,1.0,105.344,0.0,98.7807,98.7807,105.344,89.7354,8.1391,23.3147,1067
2016-04-12 12:00:00,110.36,transfer,1.0,105.1299,0.0,127.3385,127.3385,105.1299,89.7354,8.1392,23.3114,1068
2016-04-12 13:00:00,104.91,transfer,1.0,104.5976,0.0,118.545,118.545,104.5976,89.7353,8.1301,23.2966,1069
2016-04-12 14:00:00,106.74,transfer,1.0,103.356,0.0,103.4631,103.4631,103.356,89.7352,8.133,23.2884,1070
2016-04-12 15:00:00,104.09,transfer,1.0,100.4098,0.0,92.2846,92.2846,100.4098,89.7352,8.1432,23.2753,1071
2016-04-12 16:00:00,96.26,transfer,1.0,94.642,0.0,79.3066,79.3066,94.642,89.7353,8.1261,23.2691,1072
2016-04-12 17:00:00,88.74,transfer,1.0,85.7733,0.0,81.0761,81.0761,85.7733,89.7352,8.1107,23.274,1073
2016-04-12 18:00:00,62.4,transfer,1.0,76.5523,0.0,78.9159,78.9159,76.5523,89.7351,8.107,23.3119,1074
2016-04-12 19:00:00,61.76,transfer,1.0,68.9934,0.0,75.7211,75.7211,68.9934,89.7351,8.0843,23.3061,1075
2016-04-12 20:00:00,63.54,transfer,1.0,64.2574,0.0,63.9946,63.9946,64.2574,89.7346,8.0779,23.308,1076
2016-04-12 21:00:00,57.07,transfer,1.0,63.0253,0.0,67.102,67.102,63.0253,89.7345,8.0859,23.3194,1077
2016-04-12 22:00:00,58.18,transfer,1.0,62.8901,0.0,64.4611,64.4611,62.8901,89.734,8.0882,23.3286,1078
2016-04-12 23:00:00,56.93,transfer,1.0,63.88,0.0,69.3581,69.3581,63.88,89.7339,8.0829,23.3336,1079
2016-04-13 00:00:00,56.83,transfer,1.0,65.8931,0.0,64.819,64.819,65.8931,89.7337,8.0732,23.337,1080
2016-04-13 01:00:00,56.95,transfer,1.0,69.1501,0.0,77.4361,77.4361,69.1501,89.7336,8.064,23.3421,1081
2016-04-13 02:00:00,56.13,transfer,1.0,74.2922,0.0,78.989,78.989,74.2922,89.7337,8.0625,23.3542,1082
2016-04-13 03:00:00,56.3,transfer,1.0,80.96,0.0,69.8704,69.8704,80.96,89.7338,8.0576,23.3633,1083
2016-04-13 04:00:00,68.87,transfer,1.0,88.3563,0.0,90.7555,90.7555,88.3563,89.7337,8.0553,23.3761,1084
2016-04-13 05:00:00,71.29,transfer,1.0,96.1805,0.0,95.632,95.632,96.1805,89.7336,8.0633,23.3952,1085
2016-04-13 06:00:00,68.35,transfer,1.0,101.6718,0.0,84.9723,84.9723,101.6718,89.7338,8.0786,23.416,1086
2016-04-13 07:00:00,88.67,transfer,1.0,104.0761,0.0,106.2788,106.2788,104.0761,89.7336,8.0777,23.4178,1087
2016-04-13 08:00:00,108.18,transfer,1.0,104.9957,0.0,108.026,108.026,104.9957,89.7335,8.0839,23.4225,1088
2016-04-13 09:00:00,111.82,transfer,1.0,105.4555,0.0,118.2727,118.2727,105.4555,89.7339,8.0988,23.4366,1089
2016-04-13 10:00:00,109.01,transfer,1.0,105.6166,0.0,73.5014,73.5014,105.6166,89.7338,8.0807,23.4179,1090
2016-04-13 11:00:00,113.45,transfer,1.0,105.6288,0.0,91.3451,91.3451,105.6288,89.734,8.1064,23.443,1091
2016-04-13 12:00:00,108.45,transfer,1.0,105.5105,0.0,106.2835,106.2835,105.5105,89.7337,8.1138,23.4696,1092
2016-04-13 13:00:00,99.66,transfer,1.0,105.2336,0.0,105.1392,105.1392,105.2336,89.7339,8.13,23.4519,1093
2016-04-13 14:00:00,101.23,transfer,1.0,104.5476,0.0,111.7431,111.7431,104.5476,89.734,8.1471,23.4266,1094
2016-04-13 15:00:00,98.46,transfer,1.0,102.6476,0.0,108.882,108.882,102.6476,89.7338,8.1657,23.4011,1095
2016-04-13 16:00:00,90.09,transfer,1.0,97.8778,0.0,111.1702,111.1702,97.8778,89.7339,8.1561,23.3944,1096
2016-04-13 17:00:00,82.05,transfer,1.0,88.816,0.0,94.5939,94.5939,88.816,89.7338,8.1375,23.4012,1097
2016-04-13 18:00:00,61.51,transfer,1.0,78.2081,0.0,73.0145,73.0145,78.2081,89.7339,8.1434,23.4276,1098
2016-04-13 19:00:00,58.42,transfer,1.0,69.6261,0.0,66.0135,66.0135,69.6261,89.7342,8.1733,23.4652,1099
2016-04-13 20:00:00,62.44,transfer,1.0,65.0846,0.0,62.6038,62.6038,65.0846,89.734,8.1851,23.4795,1100
2016-04-13 21:00:00,55.39,transfer,1.0,63.3321,0.0,61.6231,61.6231,63.3321,89.7337,8.201,23.4993,1101
2016-04-13 22:00:00,55.56,transfer,1.0,63.4247,0.0,64.1052,64.1052,63.4247,89.7333,8.2178,23.5227,1102
2016-04-13 23:00:00,54.64,transfer,1.0,64.3888,0.0,69.5458,69.5458,64.3888,89.733,8.2321,23.5456,1103
2016-04-14 00:00:00,54.26,transfer,1.0,66.1069,0.0,78.5797,78.5797,66.1069,89.7329,8.2422,23.5691,1104
2016-04-14 01:00:00,54.18,transfer,1.0,68.6069,0.0,76.6848,76.6848,68.6069,89.7333,8.2451,23.5908,1105
2016-04-14 02:00:00,54.04,transfer,1.0,72.1013,0.0,74.0298,74.0298,72.1013,89.7333,8.2436,23.6131,1106
2016-04-14 03:00:00,54.3,transfer,1.0,76.7418,0.0,95.3971,95.3971,76.7418,89.7329,8.2351,23.634,1107
2016-04-14 04:00:00,65.11,transfer,1.0,82.9405,0.0,91.5274,91.5274,82.9405,89.733,8.2181,23.6495,1108
2016-04-14 05:00:00,68.63,transfer,1.0,90.4288,0.0,77.0244,77.0244,90.4288,89.7328,8.1979,23.6609,1109
2016-04-14 06:00:00,62.19,transfer,1.0,97.57,0.0,104.774,104.774,97.57,89.7329,8.2428,23.7274,1110
2016-04-14 07:00:00,84.03,transfer,1.0,101.9658,0.0,118.1261,118.1261,101.9658,89.7331,8.2658,23.7609,1111
2016-04-14 08:00:00,103.43,transfer,1.0,103.8961,0.0,112.2981,112.2981,103.8961,89.7329,8.2255,23.709,1112
2016-04-14 09:00:00,107.32,transfer,1.0,104.8908,0.0,75.5167,75.5167,104.8908,89.7331,8.1696,23.6499,1113
2016-04-14 10:00:00,104.18,transfer,1.0,105.2519,0.0,97.5697,97.5697,105.2519,89.7329,8.1333,23.5987,1114
2016-04-14 11:00:00,100.82,transfer,1.0,105.3093,0.0,90.8537,90.8537,105.3093,89.7332,8.1304,23.5406,1115
2016-04-14 12:00:00,99.64,transfer,1.0,105.0767,0.0,107.6471,107.6471,105.0767,89.7333,8.1551,23.514,1116
2016-04-14 13:00:00,96.76,transfer,1.0,104.3536,0.0,114.6721,114.6721,104.3536,89.7334,8.1962,23.4616,1117
2016-04-14 14:00:00,95.45,transfer,1.0,102.3947,0.0,104.5955,104.5955,102.3947,89.7335,8.2306,23.4074,1118
2016-04-14 15:00:00,91.84,transfer,1.0,97.8326,0.0,105.0928,105.0928,97.8326,89.7336,8.2592,23.3532,1119
2016-04-14 16:00:00,78.28,transfer,1.0,89.8011,0.0,80.7619,80.7619,89.8011,89.7335,8.3276,23.4047,1120
2016-04-14 17:00:00,73.06,transfer,1.0,80.1034,0.0,78.6796,78.6796,80.1034,89.7335,8.332,23.4979,1121
2016-04-14 18:00:00,56.88,transfer,1.0,71.4967,0.0,71.9218,71.9218,71.4967,89.7337,8.3726,23.5531,1122
2016-04-14 19:00:00,50.51,transfer,1.0,65.619,0.0,64.631,64.631,65.619,89.7339,8.4563,23.6387,1123
2016-04-14 20:00:00,56.0,transfer,1.0,62.627,0.0,64.467,64.467,62.627,89.7335,8.4751,23.695,1124
2016-04-14 21:00:00,49.81,transfer,1.0,61.0986,0.0,61.5997,61.5997,61.0986,89.733,8.5371,23.7646,1125
2016-04-14 22:00:00,50.21,transfer,1.0,60.8457,0.0,52.8466,52.8466,60.8457,89.7329,8.5889,23.8377,1126
2016-04-14 23:00:00,48.78,transfer,1.0,61.4068,0.0,59.1659,59.1659,61.4068,89.7331,8.6614,23.9113,1127
2016-04-15 00:00:00,47.83,transfer,1.0,62.2166,0.0,71.2674,71.2674,62.2166,89.7328,8.7313,23.9907,1128
2016-04-15 01:00:00,47.36,transfer,1.0,63.1581,0.0,74.7197,74.7197,63.1581,89.7327,8.7887,24.0698,1129
2016-04-15 02:00:00,47.2,transfer,1.0,64.6673,0.0,62.2706,62.2706,64.6673,89.7326,8.8295,24.1484,1130
2016-04-15 03:00:00,46.97,transfer,1.0,67.1008,0.0,69.5184,69.5184,67.1008,89.7326,8.8541,24.2311,1131
2016-04-15 04:00:00,59.02,transfer,1.0,70.6353,0.0,61.2806,61.2806,70.6353,89.7324,8.8402,24.3006,1132
2016-04-15 05:00:00,62.12,transfer,1.0,76.083,0.0,80.6038,80.6038,76.083,89.7323,8.812,24.375,1133
2016-04-15 06:00:00,58.22,transfer,1.0,83.868,0.0,88.6529,88.6529,83.868,89.7323,8.8015,24.4605,1134
2016-04-15 07:00:00,53.57,transfer,1.0,91.4964,0.0,95.084,95.084,91.4964,89.7326,8.9591,24.663,1135
2016-04-15 08:00:00,53.91,transfer,1.0,96.9092,0.0,76.3976,76.3976,96.9092,89.7324,9.2087,24.7805,1136
2016-04-15 09:00:00,53.62,transfer,1.0,99.1169,0.0,98.72,98.72,99.1169,89.7326,9.4554,24.8782,1137
2016-04-15 10:00:00,52.27,transfer,1.0,98.6956,0.0,103.4748,103.4748,98.6956,89.733,9.7259,25.0126,1138
2016-04-15 11:00:00,51.69,transfer,1.0,95.5496,0.0,87.3924,87.3924,95.5496,89.7331,9.9745,25.157,1139
2016-04-15 12:00:00,51.15,transfer,1.0,89.3011,0.0,92.6824,92.6824,89.3011,89.7332,10.1467,25.348,1140
2016-04-15 13:00:00,51.78,transfer,1.0,80.6983,0.0,76.9501,76.9501,80.6983,89.7332,10.1885,25.534,1141
2016-04-15 14:00:00,51.21,transfer,1.0,73.1845,0.0,77.1997,77.1997,73.1845,89.7335,10.1774,25.7013,1142
2016-04-15 15:00:00,52.66,transfer,1.0,67.9796,0.0,77.9117,77.9117,67.9796,89.7334,10.156,25.851,1143
2016-04-15 16:00:00,52.09,transfer,1.0,64.3838,0.0,68.5175,68.5175,64.3838,89.7334,10.2093,26.0205,1144
2016-04-15 17:00:00,52.63,transfer,1.0,62.1959,0.0,68.132,68.132,62.1959,89.7338,10.2621,26.1371,1145
2016-04-15 18:00:00,40.98,transfer,1.0,60.6063,0.0,58.8415,58.8415,60.6063,89.7341,10.2961,26.2151,1146
2016-04-15 19:00:00,41.5,transfer,1.0,58.8045,0.0,59.551,59.551,58.8045,89.7341,10.322,26.2746,1147
2016-04-15 20:00:00,49.4,transfer,1.0,57.788,0.0,63.245,63.245,57.788,89.7336,10.3467,26.3276,1148
2016-04-15 21:00:00,47.89,transfer,1.0,56.9489,0.0,61.7631,61.7631,56.9489,89.7332,10.3674,26.3767,1149
2016-04-15 22:00:00,48.49,transfer,1.0,56.723,0.0,54.4209,54.4209,56.723,89.7332,10.3823,26.424,1150
2016-04-15 23:00:00,47.46,transfer,1.0,56.8042,0.0,52.8913,52.8913,56.8042,89.7332,10.3913,26.4714,1151
2016-04-16 00:00:00,47.06,transfer,1.0,57.1308,0.0,53.0133,53.0133,57.1308,89.7332,10.3932,26.5195,1152
2016-04-16 01:00:00,46.91,transfer,1.0,56.6604,0.0,60.3847,60.3847,56.6604,89.7327,10.3955,26.5685,1153
2016-04-16 02:00:00,46.9,transfer,1.0,56.377,0.0,48.9171,48.9171,56.377,89.7326,10.3984,26.6184,1154
2016-04-16 03:00:00,47.08,transfer,1.0,56.4777,0.0,54.356,54.356,56.4777,89.7327,10.401,26.6703,1155
2016-04-16 04:00:00,60.48,transfer,1.0,56.9338,0.0,58.8011,58.8011,56.9338,89.7328,10.4048,26.7197,1156
2016-04-16 05:00:00,62.13,transfer,1.0,57.8826,0.0,48.8774,48.8774,57.8826,89.7327,10.4105,26.7757,1157
2016-04-16 06:00:00,57.08,transfer,1.0,59.7821,0.0,58.0691,58.0691,59.7821,89.7327,10.4072,26.8445,1158
2016-04-16 07:00:00,52.54,transfer,1.0,62.1971,0.0,55.7144,55.7144,62.1971,89.733,10.3938,26.912,1159
2016-04-16 08:00:00,53.19,transfer,1.0,63.8582,0.0,58.1526,58.1526,63.8582,89.7327,10.3513,26.9594,1160
2016-04-16 09:00:00,53.76,transfer,1.0,63.365,0.0,64.498,64.498,63.365,89.7328,10.3242,27.0243,1161
2016-04-16 10:00:00,53.42,transfer,1.0,62.6985,0.0,65.1519,65.1519,62.6985,89.7327,10.3178,27.0991,1162
2016-04-16 11:00:00,52.9,transfer,1.0,61.9915,0.0,57.6689,57.6689,61.9915,89.7323,10.325,27.1796,1163
2016-04-16 12:00:00,51.17,transfer,1.0,61.2612,0.0,65.2074,65.2074,61.2612,89.7326,10.3506,27.2652,1164
2016-04-16 13:00:00,50.87,transfer,1.0,60.3881,0.0,61.0251,61.0251,60.3881,89.7327,10.3756,27.3437,1165
2016-04-16 14:00:00,51.1,transfer,1.0,59.2787,0.0,51.0074,51.0074,59.2787,89.7327,10.3998,27.4191,1166
2016-04-16 15:00:00,49.56,transfer,1.0,58.1666,0.0,52.857,52.857,58.1666,89.7329,10.4404,27.5083,1167
2016-04-16 16:00:00,49.79,transfer,1.0,57.084,0.0,53.4886,53.4886,57.084,89.7328,10.4771,27.5916,1168
2016-04-16 17:00:00,52.5,transfer,1.0,56.0276,0.0,54.3717,54.3717,56.0276,89.7329,10.4941,27.662,1169
2016-04-16 18:00:00,40.96,transfer,1.0,55.111,0.0,35.545,35.545,55.111,89.7331,10.4904,27.7024,1170
2016-04-16 19:00:00,40.64,transfer,1.0,54.3011,0.0,50.2714,50.2714,54.3011,89.7335,10.5015,27.7535,1171
2016-04-16 20:00:00,49.4,transfer,1.0,53.717,0.0,45.2325,45.2325,53.717,89.7328,10.5013,27.7905,1172
2016-04-16 21:00:00,47.54,transfer,1.0,53.0401,0.0,49.1095,49.1095,53.0401,89.7322,10.5038,27.829,1173
2016-04-16 22:00:00,48.38,transfer,1.0,52.7918,0.0,41.6595,41.6595,52.7918,89.7323,10.5087,27.8698,1174
2016-04-16 23:00:00,47.31,transfer,1.0,52.6912,0.0,50.5631,50.5631,52.6912,89.7323,10.5157,27.9119,1175
2016-04-17 00:00:00,47.1,transfer,1.0,52.8436,0.0,48.7754,48.7754,52.8436,89.7326,10.5242,27.9544,1176
2016-04-17 01:00:00,46.81,transfer,1.0,53.0736,0.0,55.4321,55.4321,53.0736,89.7323,10.5331,27.9982,1177
2016-04-17 02:00:00,46.95,transfer,1.0,53.5203,0.0,52.3039,52.3039,53.5203,89.7323,10.5393,28.04,1178
2016-04-17 03:00:00,46.97,transfer,1.0,54.1984,0.0,62.0986,62.0986,54.1984,89.7323,10.5469,28.0843,1179
2016-04-17 04:00:00,59.11,transfer,1.0,55.264,0.0,51.8298,51.8298,55.264,89.7326,10.541,28.1285,1180
2016-04-17 05:00:00,58.24,transfer,1.0,56.5565,0.0,49.1891,49.1891,56.5565,89.732,10.5191,28.1926,1181
2016-04-17 06:00:00,55.52,transfer,1.0,58.6485,0.0,43.4698,43.4698,58.6485,89.732,10.5363,28.2586,1182
2016-04-17 07:00:00,49.67,transfer,1.0,60.9326,0.0,70.3241,70.3241,60.9326,89.7322,10.5456,28.3191,1183
2016-04-17 08:00:00,50.14,transfer,1.0,62.8324,0.0,74.8256,74.8256,62.8324,89.7322,10.5523,28.3795,1184
2016-04-17 09:00:00,49.33,transfer,1.0,62.7319,0.0,65.1523,65.1523,62.7319,89.7327,10.5768,28.4546,1185
2016-04-17 10:00:00,50.04,transfer,1.0,62.1932,0.0,50.0019,50.0019,62.1932,89.7323,10.5982,28.5228,1186
2016-04-17 11:00:00,50.43,transfer,1.0,61.6723,0.0,45.0935,45.0935,61.6723,89.7328,10.6295,28.5984,1187
2016-04-17 12:00:00,51.13,transfer,1.0,61.0699,0.0,62.6865,62.6865,61.0699,89.7328,10.66,28.6712,1188
2016-04-17 13:00:00,50.22,transfer,1.0,60.2959,0.0,52.5391,52.5391,60.2959,89.7331,10.694,28.7467,1189
2016-04-17 14:00:00,49.41,transfer,1.0,59.3505,0.0,52.9887,52.9887,59.3505,89.7329,10.7311,28.8254,1190
2016-04-17 15:00:00,48.68,transfer,1.0,58.2488,0.0,67.8109,67.8109,58.2488,89.733,10.7639,28.8995,1191
2016-04-17 16:00:00,52.95,transfer,1.0,57.1455,0.0,63.5782,63.5782,57.1455,89.7329,10.7698,28.9451,1192
2016-04-17 17:00:00,52.33,transfer,1.0,56.0061,0.0,51.5133,51.5133,56.0061,89.7328,10.7804,28.9942,1193
2016-04-17 18:00:00,39.16,transfer,1.0,55.0243,0.0,45.9524,45.9524,55.0243,89.7327,10.793,29.0446,1194
2016-04-17 19:00:00,38.48,transfer,1.0,54.1245,0.0,63.2803,63.2803,54.1245,89.733,10.8187,29.1061,1195
2016-04-17 20:00:00,46.45,transfer,1.0,53.4882,0.0,48.9672,48.9672,53.4882,89.7324,10.8366,29.1598,1196
2016-04-17 21:00:00,46.95,transfer,1.0,52.7899,0.0,56.445,56.445,52.7899,89.7324,10.8515,29.2102,1197
2016-04-17 22:00:00,48.3,transfer,1.0,52.4739,0.0,44.0069,44.0069,52.4739,89.7321,10.862,29.2563,1198
2016-04-17 23:00:00,47.69,transfer,1.0,52.3764,0.0,47.0377,47.0377,52.3764,89.7323,10.8717,29.3027,1199
2016-04-18 00:00:00,47.05,transfer,1.0,52.3741,0.0,36.2836,36.2836,52.3741,89.7323,10.8808,29.3494,1200
2016-04-18 01:00:00,46.98,transfer,1.0,53.4244,0.0,55.1375,55.1375,53.4244,89.7326,10.8841,29.3958,1201
2016-04-18 02:00:00,46.76,transfer,1.0,55.2094,0.0,51.4705,51.4705,55.2094,89.7329,10.8816,29.4438,1202
2016-04-18 03:00:00,46.85,transfer,1.0,57.5572,0.0,61.8423,61.8423,57.5572,89.7328,10.8747,29.4943,1203
2016-04-18 04:00:00,56.2,transfer,1.0,60.7045,0.0,64.1176,64.1176,60.7045,89.733,10.8938,29.5766,1204
2016-04-18 05:00:00,58.47,transfer,1.0,64.9522,0.0,66.9707,66.9707,64.9522,89.7328,10.8971,29.6529,1205
2016-04-18 06:00:00,57.61,transfer,1.0,70.7995,0.0,70.3576,70.3576,70.7995,89.7328,10.8879,29.7286,1206
2016-04-18 07:00:00,70.28,transfer,1.0,77.1638,0.0,69.3699,69.3699,77.1638,89.7329,10.896,29.8231,1207
2016-04-18 08:00:00,89.05,transfer,1.0,84.2078,0.0,86.5051,86.5051,84.2078,89.7326,10.8802,29.7404,1208
2016-04-18 09:00:00,98.15,transfer,1.0,91.4385,0.0,91.7192,91.7192,91.4385,89.733,10.8496,29.6529,1209
2016-04-18 10:00:00,96.9,transfer,1.0,97.3575,0.0,101.9624,101.9624,97.3575,89.7329,10.7784,29.5409,1210
2016-04-18 11:00:00,95.38,transfer,1.0,100.2174,0.0,65.4745,65.4745,100.2174,89.7332,10.7715,29.4527,1211
2016-04-18 12:00:00,91.75,transfer,1.0,100.1244,0.0,101.5242,101.5242,100.1244,89.7333,10.8177,29.3751,1212
2016-04-18 13:00:00,89.78,transfer,1.0,96.8451,0.0,88.1304,88.1304,96.8451,89.7333,10.8575,29.2987,1213
2016-04-18 14:00:00,95.18,transfer,1.0,88.4272,0.0,74.5189,74.5189,88.4272,89.7336,10.8653,29.2438,1214
2016-04-18 15:00:00,95.55,transfer,1.0,76.4794,0.0,75.9354,75.9354,76.4794,89.7336,10.8848,29.1815,1215
2016-04-18 16:00:00,80.56,transfer,1.0,67.485,0.0,68.2133,68.2133,67.485,89.7333,10.8464,29.18,1216
2016-04-18 17:00:00,76.88,transfer,1.0,62.1614,0.0,67.7394,67.7394,62.1614,89.7333,10.8166,29.2479,1217
2016-04-18 18:00:00,57.35,transfer,1.0,58.1898,0.0,61.265,61.265,58.1898,89.7332,10.7981,29.3212,1218
2016-04-18 19:00:00,53.74,transfer,1.0,55.2791,0.0,63.8988,63.8988,55.2791,89.7333,10.7735,29.4011,1219
2016-04-18 20:00:00,58.29,transfer,1.0,53.9715,0.0,60.2227,60.2227,53.9715,89.7333,10.7456,29.4622,1220
2016-04-18 21:00:00,51.45,transfer,1.0,53.1615,0.0,51.2927,51.2927,53.1615,89.7333,10.7304,29.53,1221
2016-04-18 22:00:00,49.56,transfer,1.0,53.1257,0.0,49.8077,49.8077,53.1257,89.7332,10.7235,29.6127,1222
2016-04-18 23:00:00,48.25,transfer,1.0,53.5146,0.0,55.4155,55.4155,53.5146,89.7328,10.7337,29.6985,1223
2016-04-19 00:00:00,48.52,transfer,1.0,54.3795,0.0,55.9204,55.9204,54.3795,89.7329,10.7559,29.7815,1224
2016-04-19 01:00:00,47.94,transfer,1.0,56.2247,0.0,55.5016,55.5016,56.2247,89.733,10.8006,29.8679,1225
2016-04-19 02:00:00,47.58,transfer,1.0,59.4086,0.0,62.4415,62.4415,59.4086,89.7332,10.8391,29.9566,1226
2016-04-19 03:00:00,47.94,transfer,1.0,64.1771,0.0,67.6849,67.6849,64.1771,89.7333,10.8674,30.0446,1227
2016-04-19 04:00:00,61.7,transfer,1.0,70.6616,0.0,61.7129,61.7129,70.6616,89.7331,10.8864,30.1379,1228
2016-04-19 05:00:00,63.66,transfer,1.0,79.6249,0.0,79.4416,79.4416,79.6249,89.7329,10.9044,30.2333,1229
2016-04-19 06:00:00,59.53,transfer,1.0,90.3804,0.0,105.9177,105.9177,90.3804,89.7333,10.9726,30.3584,1230
2016-04-19 07:00:00,81.81,transfer,1.0,97.9844,0.0,94.2551,94.2551,97.9844,89.7335,10.9957,30.3984,1231
2016-04-19 08:00:00,99.48,transfer,1.0,101.8009,0.0,86.6193,86.6193,101.8009,89.7336,10.9598,30.3183,1232
2016-04-19 09:00:00,113.91,transfer,1.0,103.9733,0.0,109.8807,109.8807,103.9733,89.7342,10.9428,30.2943,1233
2016-04-19 10:00:00,116.95,transfer,1.0,104.8232,0.0,98.2169,98.2169,104.8232,89.7341,10.9476,30.2959,1234
2016-04-19 11:00:00,112.92,transfer,1.0,105.0338,0.0,104.3762,104.3762,105.0338,89.7344,10.9441,30.2905,1235
2016-04-19 12:00:00,113.7,transfer,1.0,104.7997,0.0,115.8849,115.8849,104.7997,89.7344,10.9659,30.3104,1236
2016-04-19 13:00:00,102.82,transfer,1.0,103.8955,0.0,90.6284,90.6284,103.8955,89.7345,10.9704,30.2979,1237
2016-04-19 14:00:00,109.02,transfer,1.0,101.4356,0.0,120.9455,120.9455,101.4356,89.7343,10.9954,30.3115,1238
2016-04-19 15:00:00,108.0,transfer,1.0,94.9865,0.0,93.8826,93.8826,94.9865,89.7343,11.051,30.3348,1239
2016-04-19 16:00:00,105.58,transfer,1.0,84.5396,0.0,90.4511,90.4511,84.5396,89.7342,11.1666,30.3903,1240
2016-04-19 17:00:00,86.92,transfer,1.0,73.7786,0.0,85.2601,85.2601,73.7786,89.7342,11.2272,30.4011,1241
2016-04-19 18:00:00,58.16,transfer,1.0,66.2368,0.0,62.6765,62.6765,66.2368,89.734,11.191,30.4263,1242
2016-04-19 19:00:00,52.94,transfer,1.0,60.3213,0.0,55.5317,55.5317,60.3213,89.7343,11.1919,30.4788,1243
2016-04-19 20:00:00,56.31,transfer,1.0,56.7473,0.0,58.9896,58.9896,56.7473,89.7338,11.1902,30.5218,1244
2016-04-19 21:00:00,49.83,transfer,1.0,54.9536,0.0,44.4287,44.4287,54.9536,89.7334,11.1853,30.5649,1245
2016-04-19 22:00:00,50.56,transfer,1.0,54.3283,0.0,55.4551,55.4551,54.3283,89.7331,11.1797,30.6103,1246
2016-04-19 23:00:00,49.71,transfer,1.0,54.4691,0.0,61.0593,61.0593,54.4691,89.7333,11.1666,30.6533,1247
2016-04-20 00:00:00,48.62,transfer,1.0,55.5633,0.0,55.3543,55.3543,55.5633,89.7331,11.154,30.7021,1248
2016-04-20 01:00:00,48.41,transfer,1.0,58.1249,0.0,50.4657,50.4657,58.1249,89.7333,11.1392,30.753,1249
2016-04-20 02:00:00,48.11,transfer,1.0,62.6212,0.0,68.3977,68.3977,62.6212,89.7337,11.1175,30.8007,1250
2016-04-20 03:00:00,48.64,transfer,1.0,69.6151,0.0,57.0267,57.0267,69.6151,89.7337,11.0956,30.8463,1251
2016-04-20 04:00:00,59.86,transfer,1.0,78.8746,0.0,83.9023,83.9023,78.8746,89.7336,11.0927,30.8999,1252
2016-04-20 05:00:00,63.19,transfer,1.0,89.6934,0.0,93.4043,93.4043,89.6934,89.7333,11.1023,30.9481,1253
2016-04-20 06:00:00,56.4,transfer,1.0,98.6024,0.0,97.0512,97.0512,98.6024,89.7331,11.1552,31.0193,1254
2016-04-20 07:00:00,76.4,transfer,1.0,102.9306,0.0,115.4705,115.4705,102.9306,89.7333,11.2214,31.0923,1255
2016-04-20 08:00:00,98.78,transfer,1.0,104.5679,0.0,119.3555,119.3555,104.5679,89.7331,11.2369,31.0363,1256
2016-04-20 09:00:00,107.22,transfer,1.0,105.2644,0.0,87.5659,87.5659,105.2644,89.733,11.2107,31.009,1257
2016-04-20 10:00:00,107.14,transfer,1.0,105.5284,0.0,116.6893,116.6893,105.5284,89.7333,11.2001,30.9978,1258
2016-04-20 11:00:00,105.74,transfer,1.0,105.5747,0.0,103.0565,103.0565,105.5747,89.7333,11.1545,30.9519,1259
2016-04-20 12:00:00,111.12,transfer,1.0,105.4669,0.0,115.7812,115.7812,105.4669,89.7331,11.1707,30.9678,1260
2016-04-20 13:00:00,111.79,transfer,1.0,105.126,0.0,106.1801,106.1801,105.126,89.7332,11.1771,31.04,1261
2016-04-20 14:00:00,107.17,transfer,1.0,104.2687,0.0,97.6387,97.6387,104.2687,89.7333,11.1747,31.0754,1262
2016-04-20 15:00:00,99.54,transfer,1.0,102.2216,0.0,118.5011,118.5011,102.2216,89.7335,11.1657,31.0818,1263
2016-04-20 16:00:00,98.91,transfer,1.0,97.0299,0.0,90.8685,90.8685,97.0299,89.7336,11.1305,31.1343,1264
2016-04-20 17:00:00,79.58,transfer,1.0,86.4319,0.0,91.8481,91.8481,86.4319,89.7338,11.131,31.149,1265
2016-04-20 18:00:00,58.06,transfer,1.0,74.4378,0.0,58.5354,58.5354,74.4378,89.7336,11.1291,31.1696,1266
2016-04-20 19:00:00,55.2,transfer,1.0,64.7963,0.0,69.2333,69.2333,64.7963,89.7337,11.1196,31.1887,1267
2016-04-20 20:00:00,59.21,transfer,1.0,59.9995,0.0,69.361,69.361,59.9995,89.7337,11.1085,31.208,1268
2016-04-20 21:00:00,49.5,transfer,1.0,58.1756,0.0,61.0384,61.0384,58.1756,89.7334,11.1129,31.243,1269
2016-04-20 22:00:00,50.06,transfer,1.0,58.0215,0.0,39.1268,39.1268,58.0215,89.7332,11.1135,31.2758,1270
2016-04-20 23:00:00,48.99,transfer,1.0,58.6564,0.0,58.9983,58.9983,58.6564,89.7336,11.113,31.3094,1271
2016-04-21 00:00:00,48.71,transfer,1.0,60.1585,0.0,60.5918,60.5918,60.1585,89.7333,11.1106,31.3424,1272
2016-04-21 01:00:00,48.56,transfer,1.0,62.3345,0.0,42.8314,42.8314,62.3345,89.7333,11.1067,31.3759,1273
2016-04-21 02:00:00,48.54,transfer,1.0,65.8355,0.0,66.0194,66.0194,65.8355,89.7335,11.1022,31.4086,1274
2016-04-21 03:00:00,48.79,transfer,1.0,70.8681,0.0,81.4646,81.4646,70.8681,89.7335,11.1,31.4414,1275
2016-04-21 04:00:00,56.27,transfer,1.0,77.7779,0.0,86.8061,86.8061,77.7779,89.7335,11.1219,31.494,1276
2016-04-21 05:00:00,66.57,transfer,1.0,86.6685,0.0,98.4859,98.4859,86.6685,89.7334,11.1118,31.5063,1277
2016-04-21 06:00:00,59.61,transfer,1.0,95.3721,0.0,100.9991,100.9991,95.3721,89.7336,11.114,31.5217,1278
2016-04-21 07:00:00,81.57,transfer,1.0,101.151,0.0,109.4888,109.4888,101.151,89.7337,11.1238,31.5363,1279
2016-04-21 08:00:00,99.74,transfer,1.0,103.7884,0.0,85.6444,85.6444,103.7884,89.7336,11.1451,31.5144,1280
2016-04-21 09:00:00,107.31,transfer,1.0,104.9954,0.0,100.9799,100.9799,104.9954,89.734,11.1445,31.5143,1281
2016-04-21 10:00:00,103.44,transfer,1.0,105.3987,0.0,104.004,104.004,105.3987,89.734,11.1497,31.5099,1282
2016-04-21 11:00:00,103.01,transfer,1.0,105.4627,0.0,97.6205,97.6205,105.4627,89.7339,11.1376,31.5229,1283
2016-04-21 12:00:00,101.64,transfer,1.0,105.2618,0.0,114.8331,114.8331,105.2618,89.7339,11.1268,31.5348,1284
2016-04-21 13:00:00,99.92,transfer,1.0,104.6075,0.0,103.2847,103.2847,104.6075,89.7338,11.1095,31.5536,1285
2016-04-21 14:00:00,102.72,transfer,1.0,102.6328,0.0,110.0061,110.0061,102.6328,89.7338,11.0687,31.5969,1286
2016-04-21 15:00:00,95.68,transfer,1.0,97.1019,0.0,79.7335,79.7335,97.1019,89.7336,11.0415,31.6197,1287
2016-04-21 16:00:00,98.13,transfer,1.0,86.8683,0.0,76.21,76.21,86.8683,89.7335,11.04,31.6016,1288
2016-04-21 17:00:00,83.54,transfer,1.0,75.4789,0.0,71.0513,71.0513,75.4789,89.7337,11.046,31.5392,1289
2016-04-21 18:00:00,57.04,transfer,1.0,67.651,0.0,55.6457,55.6457,67.651,89.7337,11.0222,31.5382,1290
2016-04-21 19:00:00,53.0,transfer,1.0,62.3441,0.0,69.7798,69.7798,62.3441,89.7337,10.9879,31.5234,1291
2016-04-21 20:00:00,57.12,transfer,1.0,59.1218,0.0,60.0191,60.0191,59.1218,89.7331,10.9603,31.5167,1292
2016-04-21 21:00:00,47.61,transfer,1.0,57.4398,0.0,58.1759,58.1759,57.4398,89.733,10.9516,31.5298,1293
2016-04-21 22:00:00,48.04,transfer,1.0,56.8463,0.0,59.1021,59.1021,56.8463,89.7329,10.9407,31.5427,1294
2016-04-21 23:00:00,47.28,transfer,1.0,56.7721,0.0,56.479,56.479,56.7721,89.7329,10.9221,31.5517,1295
2016-04-22 00:00:00,47.31,transfer,1.0,57.3734,0.0,61.2006,61.2006,57.3734,89.733,10.8964,31.5548,1296
2016-04-22 01:00:00,47.13,transfer,1.0,58.6342,0.0,53.2356,53.2356,58.6342,89.7331,10.8708,31.5561,1297
2016-04-22 02:00:00,47.01,transfer,1.0,60.6581,0.0,59.2824,59.2824,60.6581,89.733,10.8481,31.5573,1298
2016-04-22 03:00:00,47.01,transfer,1.0,63.8517,0.0,77.0117,77.0117,63.8517,89.7331,10.8285,31.557,1299
2016-04-22 04:00:00,62.93,transfer,1.0,68.5143,0.0,64.0563,64.0563,68.5143,89.7332,10.7926,31.5338,1300
2016-04-22 05:00:00,66.99,transfer,1.0,75.2572,0.0,65.6343,65.6343,75.2572,89.7333,10.7587,31.5048,1301
2016-04-22 06:00:00,63.59,transfer,1.0,84.8807,0.0,94.6582,94.6582,84.8807,89.7331,10.7327,31.4728,1302
2016-04-22 07:00:00,83.77,transfer,1.0,93.4597,0.0,106.8037,106.8037,93.4597,89.7333,10.5647,31.2931,1303
2016-04-22 08:00:00,103.25,transfer,1.0,99.073,0.0,104.5689,104.5689,99.073,89.7331,10.3336,31.1603,1304
2016-04-22 09:00:00,109.64,transfer,1.0,102.3769,0.0,107.8305,107.8305,102.3769,89.7333,10.106,31.0638,1305
2016-04-22 10:00:00,113.56,transfer,1.0,103.8745,0.0,108.3073,108.3073,103.8745,89.7332,9.8873,30.9827,1306
2016-04-22 11:00:00,115.83,transfer,1.0,104.251,0.0,95.0974,95.0974,104.251,89.7329,9.6952,30.9116,1307
2016-04-22 12:00:00,108.43,transfer,1.0,103.948,0.0,87.2933,87.2933,103.948,89.7329,9.4948,30.7932,1308
2016-04-22 13:00:00,105.75,transfer,1.0,102.7234,0.0,97.8081,97.8081,102.7234,89.733,9.3406,30.6626,1309
2016-04-22 14:00:00,103.5,transfer,1.0,99.1267,0.0,99.2886,99.2886,99.1267,89.7331,9.2359,30.5153,1310
2016-04-22 15:00:00,92.07,transfer,1.0,91.5094,0.0,105.8605,105.8605,91.5094,89.7331,9.148,30.3085,1311
2016-04-22 16:00:00,89.07,transfer,1.0,81.1774,0.0,81.1199,81.1199,81.1774,89.7329,9.1218,30.0884,1312
2016-04-22 17:00:00,76.64,transfer,1.0,71.7162,0.0,77.7588,77.7588,71.7162,89.7331,9.0942,29.9454,1313
2016-04-22 18:00:00,56.42,transfer,1.0,65.2082,0.0,70.3454,70.3454,65.2082,89.7332,9.0297,29.8535,1314
2016-04-22 19:00:00,58.54,transfer,1.0,60.7422,0.0,54.5467,54.5467,60.7422,89.7335,8.9398,29.7521,1315
2016-04-22 20:00:00,65.95,transfer,1.0,58.2546,0.0,55.3136,55.3136,58.2546,89.7331,8.9357,29.6536,1316
2016-04-22 21:00:00,49.37,transfer,1.0,57.1361,0.0,45.7084,45.7084,57.1361,89.7329,8.928,29.6448,1317
2016-04-22 22:00:00,50.64,transfer,1.0,57.1203,0.0,47.7633,47.7633,57.1203,89.7329,8.9175,29.632,1318
2016-04-22 23:00:00,50.2,transfer,1.0,57.1092,0.0,53.7445,53.7445,57.1092,89.7329,8.903,29.6157,1319
2016-04-23 00:00:00,49.13,transfer,1.0,57.5744,0.0,52.3671,52.3671,57.5744,89.7328,8.8934,29.6033,1320
2016-04-23 01:00:00,49.18,transfer,1.0,57.3358,0.0,58.3665,58.3665,57.3358,89.7324,8.8839,29.5898,1321
2016-04-23 02:00:00,49.22,transfer,1.0,57.426,0.0,56.0636,56.0636,57.426,89.7324,8.8763,29.576,1322
2016-04-23 03:00:00,49.41,transfer,1.0,58.0609,0.0,61.7897,61.7897,58.0609,89.7324,8.8719,29.5621,1323
2016-04-23 04:00:00,65.57,transfer,1.0,59.5232,0.0,59.821,59.821,59.5232,89.7325,8.8867,29.5318,1324
2016-04-23 05:00:00,72.61,transfer,1.0,61.9614,0.0,57.1534,57.1534,61.9614,89.7327,8.9248,29.4695,1325
2016-04-23 06:00:00,66.69,transfer,1.0,66.2826,0.0,60.3904,60.3904,66.2826,89.7329,8.9112,29.4123,1326
2016-04-23 07:00:00,61.53,transfer,1.0,71.7474,0.0,75.0017,75.0017,71.7474,89.7331,8.9145,29.3588,1327
2016-04-23 08:00:00,61.71,transfer,1.0,76.1234,0.0,78.077,78.077,76.1234,89.733,8.9368,29.308,1328
2016-04-23 09:00:00,61.98,transfer,1.0,76.6343,0.0,84.0995,84.0995,76.6343,89.7332,8.9669,29.2591,1329
2016-04-23 10:00:00,62.55,transfer,1.0,75.4936,0.0,61.9092,61.9092,75.4936,89.7336,8.9887,29.2048,1330
2016-04-23 11:00:00,63.11,transfer,1.0,72.0927,0.0,95.6272,95.6272,72.0927,89.7334,8.988,29.144,1331
2016-04-23 12:00:00,63.29,transfer,1.0,69.2153,0.0,68.7671,68.7671,69.2153,89.7336,8.9632,29.0719,1332
2016-04-23 13:00:00,63.0,transfer,1.0,66.7936,0.0,52.9382,52.9382,66.7936,89.7336,8.9292,28.9997,1333
2016-04-23 14:00:00,62.56,transfer,1.0,64.871,0.0,74.735,74.735,64.871,89.7335,8.8942,28.9315,1334
2016-04-23 15:00:00,64.44,transfer,1.0,63.1101,0.0,61.0836,61.0836,63.1101,89.7336,8.8509,28.8429,1335
2016-04-23 16:00:00,64.28,transfer,1.0,61.5756,0.0,66.2694,66.2694,61.5756,89.7338,8.8236,28.7567,1336
2016-04-23 17:00:00,65.04,transfer,1.0,60.2672,0.0,58.1087,58.1087,60.2672,89.7338,8.831,28.682,1337
2016-04-23 18:00:00,48.37,transfer,1.0,59.1712,0.0,52.0148,52.0148,59.1712,89.734,8.8111,28.6379,1338
2016-04-23 19:00:00,47.38,transfer,1.0,58.0814,0.0,63.0407,63.0407,58.0814,89.7343,8.7935,28.5978,1339
2016-04-23 20:00:00,55.77,transfer,1.0,57.1019,0.0,54.1176,54.1176,57.1019,89.7337,8.7757,28.5599,1340
2016-04-23 21:00:00,50.14,transfer,1.0,56.1126,0.0,47.5108,47.5108,56.1126,89.7334,8.7785,28.5444,1341
2016-04-23 22:00:00,51.12,transfer,1.0,55.811,0.0,49.2478,49.2478,55.811,89.7337,8.7802,28.5281,1342
2016-04-23 23:00:00,49.65,transfer,1.0,55.5403,0.0,44.961,44.961,55.5403,89.7336,8.7832,28.5142,1343
2016-04-24 00:00:00,49.68,transfer,1.0,55.4279,0.0,57.0939,57.0939,55.4279,89.7336,8.7832,28.4988,1344
2016-04-24 01:00:00,49.21,transfer,1.0,55.6813,0.0,46.9182,46.9182,55.6813,89.7335,8.7845,28.4846,1345
2016-04-24 02:00:00,49.5,transfer,1.0,56.3034,0.0,52.8548,52.8548,56.3034,89.7335,8.7858,28.4694,1346
2016-04-24 03:00:00,49.84,transfer,1.0,57.3427,0.0,57.627,57.627,57.3427,89.7337,8.7875,28.4523,1347
2016-04-24 04:00:00,61.15,transfer,1.0,58.7785,0.0,45.138,45.138,58.7785,89.7337,8.7787,28.4402,1348
2016-04-24 05:00:00,64.87,transfer,1.0,60.9882,0.0,60.7512,60.7512,60.9882,89.7339,8.7918,28.4007,1349
2016-04-24 06:00:00,60.81,transfer,1.0,63.9164,0.0,64.6105,64.6105,63.9164,89.7339,8.7916,28.3693,1350
2016-04-24 07:00:00,55.8,transfer,1.0,67.2014,0.0,57.3186,57.3186,67.2014,89.7339,8.7925,28.3328,1351
2016-04-24 08:00:00,56.96,transfer,1.0,69.588,0.0,66.0342,66.0342,69.588,89.734,8.7921,28.2922,1352
2016-04-24 09:00:00,56.6,transfer,1.0,69.4373,0.0,59.6664,59.6664,69.4373,89.7343,8.7887,28.2489,1353
2016-04-24 10:00:00,57.78,transfer,1.0,68.748,0.0,68.4406,68.4406,68.748,89.7341,8.7817,28.2029,1354
2016-04-24 11:00:00,54.8,transfer,1.0,67.6196,0.0,67.514,67.514,67.6196,89.7339,8.7911,28.1769,1355
2016-04-24 12:00:00,54.81,transfer,1.0,66.3802,0.0,66.7876,66.7876,66.3802,89.7336,8.8008,28.155,1356
2016-04-24 13:00:00,54.91,transfer,1.0,65.2431,0.0,67.4922,67.4922,65.2431,89.7338,8.8023,28.127,1357
2016-04-24 14:00:00,58.12,transfer,1.0,63.9293,0.0,68.3158,68.3158,63.9293,89.7339,8.7777,28.0752,1358
2016-04-24 15:00:00,58.87,transfer,1.0,62.6907,0.0,57.9209,57.9209,62.6907,89.734,8.7435,28.0146,1359
2016-04-24 16:00:00,60.46,transfer,1.0,61.6531,0.0,57.0452,57.0452,61.6531,89.734,8.7256,27.9699,1360
2016-04-24 17:00:00,60.09,transfer,1.0,60.6816,0.0,68.3695,68.3695,60.6816,89.7343,8.7073,27.9237,1361
2016-04-24 18:00:00,45.55,transfer,1.0,59.7075,0.0,60.1823,60.1823,59.7075,89.7344,8.6971,27.8857,1362
2016-04-24 19:00:00,45.13,transfer,1.0,58.4954,0.0,58.4026,58.4026,58.4954,89.7345,8.6835,27.8461,1363
2016-04-24 20:00:00,53.38,transfer,1.0,57.5618,0.0,68.7701,68.7701,57.5618,89.7339,8.6665,27.8048,1364
2016-04-24 21:00:00,49.64,transfer,1.0,56.676,0.0,55.8792,55.8792,56.676,89.7337,8.6737,27.7888,1365
2016-04-24 22:00:00,50.44,transfer,1.0,56.2787,0.0,64.1944,64.1944,56.2787,89.7337,8.6836,27.7761,1366
2016-04-24 23:00:00,51.1,transfer,1.0,56.1492,0.0,62.6407,62.6407,56.1492,89.7338,8.6857,27.7558,1367
2016-04-25 00:00:00,52.58,transfer,1.0,56.1361,0.0,49.9214,49.9214,56.1361,89.7338,8.6752,27.7229,1368
2016-04-25 01:00:00,49.36,transfer,1.0,57.4942,0.0,59.6182,59.6182,57.4942,89.734,8.6853,27.7088,1369
2016-04-25 02:00:00,49.26,transfer,1.0,60.1048,0.0,58.7793,58.7793,60.1048,89.7342,8.6995,27.6939,1370
2016-04-25 03:00:00,49.37,transfer,1.0,63.1071,0.0,51.4603,51.4603,63.1071,89.7338,8.7176,27.6789,1371
2016-04-25 04:00:00,60.83,transfer,1.0,66.566,0.0,68.1215,68.1215,66.566,89.7336,8.7249,27.6513,1372
2016-04-25 05:00:00,66.45,transfer,1.0,71.2895,0.0,66.7983,66.7983,71.2895,89.7334,8.7151,27.6038,1373
2016-04-25 06:00:00,61.32,transfer,1.0,78.2876,0.0,75.7634,75.7634,78.2876,89.7337,8.7376,27.5818,1374
2016-04-25 07:00:00,82.17,transfer,1.0,86.0929,0.0,98.2839,98.2839,86.0929,89.734,8.72,27.511,1375
2016-04-25 08:00:00,99.7,transfer,1.0,93.1847,0.0,87.613,87.613,93.1847,89.7341,8.7299,27.5662,1376
2016-04-25 09:00:00,102.9,transfer,1.0,99.3884,0.0,107.7618,107.7618,99.3884,89.7341,8.7109,27.5945,1377
2016-04-25 10:00:00,110.93,transfer,1.0,102.6483,0.0,112.3453,112.3453,102.6483,89.734,8.7575,27.678,1378
2016-04-25 11:00:00,110.75,transfer,1.0,103.6021,0.0,104.573,104.573,103.6021,89.7338,8.7712,27.7695,1379
2016-04-25 12:00:00,107.4,transfer,1.0,103.2718,0.0,115.6585,115.6585,103.2718,89.7337,8.7459,27.8627,1380
2016-04-25 13:00:00,105.6,transfer,1.0,101.1727,0.0,97.3006,97.3006,101.1727,89.7336,8.7302,27.9568,1381
2016-04-25 14:00:00,117.19,transfer,1.0,95.4568,0.0,114.2633,114.2633,95.4568,89.7336,8.8194,28.0878,1382
2016-04-25 15:00:00,106.48,transfer,1.0,85.9204,0.0,88.9832,88.9832,85.9204,89.7334,8.8283,28.1529,1383
2016-04-25 16:00:00,101.28,transfer,1.0,77.2802,0.0,80.2435,80.2435,77.2802,89.7334,8.8933,28.167,1384
2016-04-25 17:00:00,84.49,transfer,1.0,69.5072,0.0,67.748,67.748,69.5072,89.7332,8.8949,28.1217,1385
2016-04-25 18:00:00,57.71,transfer,1.0,63.8018,0.0,55.3481,55.3481,63.8018,89.7331,8.9261,28.1196,1386
2016-04-25 19:00:00,54.81,transfer,1.0,59.1709,0.0,53.2397,53.2397,59.1709,89.7332,8.9429,28.1132,1387
2016-04-25 20:00:00,60.43,transfer,1.0,56.3745,0.0,59.5132,59.5132,56.3745,89.733,8.9414,28.1005,1388
2016-04-25 21:00:00,50.13,transfer,1.0,54.6268,0.0,50.5571,50.5571,54.6268,89.7324,8.9579,28.1083,1389
2016-04-25 22:00:00,50.98,transfer,1.0,53.8646,0.0,56.2114,56.2114,53.8646,89.7326,8.9539,28.0999,1390
2016-04-25 23:00:00,49.68,transfer,1.0,53.5497,0.0,55.9733,55.9733,53.5497,89.7328,8.9456,28.0914,1391
2016-04-26 00:00:00,49.37,transfer,1.0,53.9004,0.0,60.4062,60.4062,53.9004,89.7327,8.9377,28.0863,1392
2016-04-26 01:00:00,49.1,transfer,1.0,55.3609,0.0,48.9976,48.9976,55.3609,89.7327,8.9256,28.0794,1393
2016-04-26 02:00:00,49.07,transfer,1.0,58.3044,0.0,61.7537,61.7537,58.3044,89.7329,8.9102,28.0705,1394
2016-04-26 03:00:00,49.35,transfer,1.0,63.1497,0.0,55.3662,55.3662,63.1497,89.7328,8.8957,28.0621,1395
2016-04-26 04:00:00,68.99,transfer,1.0,70.2039,0.0,83.0211,83.0211,70.2039,89.7327,8.8496,28.0187,1396
2016-04-26 05:00:00,74.88,transfer,1.0,80.7519,0.0,92.5472,92.5472,80.7519,89.7325,8.7895,27.9519,1397
2016-04-26 06:00:00,67.41,transfer,1.0,92.9948,0.0,91.1765,91.1765,92.9948,89.7325,8.7581,27.905,1398
2016-04-26 07:00:00,95.92,transfer,1.0,100.4973,0.0,92.2875,92.2875,100.4973,89.7326,8.6891,27.8947,1399
2016-04-26 08:00:00,121.57,transfer,1.0,103.5662,0.0,113.1488,113.1488,103.5662,89.7331,8.7825,28.0262,1400
2016-04-26 09:00:00,123.57,transfer,1.0,104.8904,0.0,113.2991,113.2991,104.8904,89.7336,8.8345,28.0837,1401
2016-04-26 10:00:00,123.83,transfer,1.0,105.3318,0.0,109.9889,109.9889,105.3318,89.7337,8.8724,28.1246,1402
2016-04-26 11:00:00,125.13,transfer,1.0,105.3915,0.0,84.8785,84.8785,105.3915,89.7336,8.943,28.1973,1403
2016-04-26 12:00:00,117.03,transfer,1.0,105.2366,0.0,113.3906,113.3906,105.2366,89.7337,8.9602,28.2172,1404
2016-04-26 13:00:00,122.49,transfer,1.0,104.8129,0.0,95.7401,95.7401,104.8129,89.7337,9.059,28.3342,1405
2016-04-26 14:00:00,142.23,transfer,1.0,103.6893,0.0,121.6767,121.6767,103.6893,89.7336,9.2433,28.5319,1406
2016-04-26 15:00:00,146.4,transfer,1.0,101.6304,0.0,100.1054,100.1054,101.6304,89.7333,9.4323,28.7605,1407
2016-04-26 16:00:00,132.37,transfer,1.0,98.7292,0.0,91.0552,91.0552,98.7292,89.733,9.5073,28.92,1408
2016-04-26 17:00:00,118.63,transfer,1.0,94.7564,0.0,95.4376,95.4376,94.7564,89.7326,9.5712,29.0752,1409
2016-04-26 18:00:00,77.94,transfer,1.0,87.7979,0.0,83.0912,83.0912,87.7979,89.7323,9.5818,28.9575,1410
2016-04-26 19:00:00,71.84,transfer,1.0,76.6556,0.0,83.6438,83.6438,76.6556,89.7324,9.5665,28.845,1411
2016-04-26 20:00:00,76.46,transfer,1.0,65.7541,0.0,78.8989,78.8989,65.7541,89.7319,9.6276,28.725,1412
2016-04-26 21:00:00,53.34,transfer,1.0,59.7297,0.0,55.3782,55.3782,59.7297,89.7319,9.6352,28.7041,1413
2016-04-26 22:00:00,53.37,transfer,1.0,57.1723,0.0,67.4052,67.4052,57.1723,89.7319,9.6354,28.6874,1414
2016-04-26 23:00:00,52.03,transfer,1.0,55.4898,0.0,47.2649,47.2649,55.4898,89.7318,9.6276,28.6736,1415
2016-04-27 00:00:00,51.69,transfer,1.0,54.6025,0.0,58.6966,58.6966,54.6025,89.7317,9.6036,28.6553,1416
2016-04-27 01:00:00,52.35,transfer,1.0,54.7569,0.0,44.5287,44.5287,54.7569,89.7318,9.5601,28.6318,1417
2016-04-27 02:00:00,51.3,transfer,1.0,56.3544,0.0,40.6446,40.6446,56.3544,89.7317,9.5039,28.6128,1418
2016-04-27 03:00:00,51.25,transfer,1.0,60.2788,0.0,56.335,56.335,60.2788,89.7315,9.4327,28.5973,1419
2016-04-27 04:00:00,75.38,transfer,1.0,68.0123,0.0,73.0089,73.0089,68.0123,89.7325,9.3634,28.5049,1420
2016-04-27 05:00:00,78.23,transfer,1.0,80.3962,0.0,87.2417,87.2417,80.3962,89.7326,9.2186,28.4154,1421
2016-04-27 06:00:00,68.32,transfer,1.0,94.6677,0.0,98.3976,98.3976,94.6677,89.7329,9.1242,28.3444,1422
2016-04-27 07:00:00,91.0,transfer,1.0,101.8236,0.0,109.5166,109.5166,101.8236,89.7328,9.0307,28.2726,1423
2016-04-27 08:00:00,103.63,transfer,1.0,104.3612,0.0,86.0431,86.0431,104.3612,89.7329,9.0006,28.3015,1424
2016-04-27 09:00:00,108.3,transfer,1.0,105.2783,0.0,125.055,125.055,105.2783,89.7336,9.0069,28.3079,1425
2016-04-27 10:00:00,110.15,transfer,1.0,105.5332,0.0,129.3772,129.3772,105.5332,89.7337,9.0248,28.3258,1426
2016-04-27 11:00:00,112.43,transfer,1.0,105.5572,0.0,106.1527,106.1527,105.5572,89.7337,9.0647,28.3656,1427
2016-04-27 12:00:00,102.85,transfer,1.0,105.4382,0.0,98.8827,98.8827,105.4382,89.7337,9.0465,28.3164,1428
2016-04-27 13:00:00,101.74,transfer,1.0,105.1205,0.0,102.8395,102.8395,105.1205,89.7336,9.027,28.2566,1429
2016-04-27 14:00:00,107.42,transfer,1.0,104.23,0.0,92.9252,92.9252,104.23,89.7335,9.0287,28.258,1430
2016-04-27 15:00:00,105.3,transfer,1.0,101.7843,0.0,97.7034,97.7034,101.7843,89.7333,9.0336,28.2923,1431
2016-04-27 16:00:00,94.24,transfer,1.0,95.4406,0.0,87.8476,87.8476,95.4406,89.7336,9.0296,28.2645,1432
2016-04-27 17:00:00,85.84,transfer,1.0,83.6705,0.0,90.1788,90.1788,83.6705,89.7338,9.0017,28.2273,1433
2016-04-27 18:00:00,62.83,transfer,1.0,70.8969,0.0,60.5357,60.5357,70.8969,89.7341,8.9523,28.1989,1434
2016-04-27 19:00:00,59.56,transfer,1.0,62.2951,0.0,63.1992,63.1992,62.2951,89.7341,8.9114,28.1729,1435
2016-04-27 20:00:00,62.05,transfer,1.0,58.4785,0.0,56.4765,56.4765,58.4785,89.7336,8.928,28.156,1436
2016-04-27 21:00:00,52.03,transfer,1.0,57.0014,0.0,67.4694,67.4694,57.0014,89.7334,8.9059,28.141,1437
2016-04-27 22:00:00,52.54,transfer,1.0,56.6021,0.0,46.0078,46.0078,56.6021,89.7332,8.8827,28.1262,1438
2016-04-27 23:00:00,51.48,transfer,1.0,56.8212,0.0,47.8295,47.8295,56.8212,89.733,8.857,28.1114,1439
2016-04-28 00:00:00,50.93,transfer,1.0,58.02,0.0,60.9979,60.9979,58.02,89.7332,8.831,28.0982,1440
2016-04-28 01:00:00,50.56,transfer,1.0,60.1791,0.0,68.6286,68.6286,60.1791,89.7332,8.8063,28.0863,1441
2016-04-28 02:00:00,50.61,transfer,1.0,63.5433,0.0,59.2621,59.2621,63.5433,89.7329,8.7803,28.0739,1442
2016-04-28 03:00:00,50.68,transfer,1.0,68.8871,0.0,74.4102,74.4102,68.8871,89.7331,8.7573,28.0627,1443
2016-04-28 04:00:00,62.42,transfer,1.0,76.0843,0.0,79.9972,79.9972,76.0843,89.7331,8.7106,28.0261,1444
2016-04-28 05:00:00,70.97,transfer,1.0,85.638,0.0,62.0132,62.0132,85.638,89.7332,8.6783,27.9999,1445
2016-04-28 06:00:00,70.15,transfer,1.0,95.182,0.0,92.177,92.177,95.182,89.7332,8.6144,27.9371,1446
2016-04-28 07:00:00,85.8,transfer,1.0,100.9701,0.0,98.1786,98.1786,100.9701,89.7334,8.5881,27.912,1447
2016-04-28 08:00:00,103.6,transfer,1.0,103.8802,0.0,101.5627,101.5627,103.8802,89.7336,8.5657,27.9349,1448
2016-04-28 09:00:00,107.13,transfer,1.0,104.9938,0.0,79.2358,79.2358,104.9938,89.7339,8.5647,27.9339,1449
2016-04-28 10:00:00,106.75,transfer,1.0,105.3721,0.0,92.7057,92.7057,105.3721,89.7341,8.5612,27.9536,1450
2016-04-28 11:00:00,99.06,transfer,1.0,105.3113,0.0,104.6065,104.6065,105.3113,89.7341,8.5838,27.9301,1451
2016-04-28 12:00:00,95.71,transfer,1.0,104.8728,0.0,109.9337,109.9337,104.8728,89.734,8.6168,27.8948,1452
2016-04-28 13:00:00,97.78,transfer,1.0,103.093,0.0,102.8722,102.8722,103.093,89.7338,8.6205,27.882,1453
2016-04-28 14:00:00,104.4,transfer,1.0,97.4471,0.0,109.412,109.412,97.4471,89.7337,8.6614,27.892,1454
2016-04-28 15:00:00,98.11,transfer,1.0,87.0701,0.0,82.6416,82.6416,87.0701,89.7336,8.7186,27.9065,1455
2016-04-28 16:00:00,89.89,transfer,1.0,76.999,0.0,81.4951,81.4951,76.999,89.7336,8.7283,27.8574,1456
2016-04-28 17:00:00,78.04,transfer,1.0,69.5538,0.0,73.9671,73.9671,69.5538,89.7339,8.7309,27.8902,1457
2016-04-28 18:00:00,59.51,transfer,1.0,64.4203,0.0,68.7849,68.7849,64.4203,89.7341,8.6969,27.8755,1458
2016-04-28 19:00:00,59.01,transfer,1.0,60.5214,0.0,67.9693,67.9693,60.5214,89.7342,8.6503,27.8397,1459
2016-04-28 20:00:00,59.9,transfer,1.0,58.5486,0.0,71.7516,71.7516,58.5486,89.7338,8.6464,27.8232,1460
2016-04-28 21:00:00,50.07,transfer,1.0,57.8227,0.0,56.1021,56.1021,57.8227,89.7336,8.6341,27.8085,1461
2016-04-28 22:00:00,50.51,transfer,1.0,58.2355,0.0,58.9844,58.9844,58.2355,89.7337,8.6276,27.7938,1462
2016-04-28 23:00:00,49.56,transfer,1.0,58.1999,0.0,67.585,67.585,58.1999,89.7335,8.6226,27.7803,1463
2016-04-29 00:00:00,49.13,transfer,1.0,59.2348,0.0,66.1711,66.1711,59.2348,89.7334,8.6228,27.7694,1464
2016-04-29 01:00:00,48.97,transfer,1.0,60.9716,0.0,67.493,67.493,60.9716,89.7335,8.6258,27.7585,1465
2016-04-29 02:00:00,49.03,transfer,1.0,63.5824,0.0,54.5142,54.5142,63.5824,89.7334,8.6312,27.7464,1466
2016-04-29 03:00:00,49.21,transfer,1.0,67.5027,0.0,79.5203,79.5203,67.5027,89.7336,8.6398,27.7334,1467
2016-04-29 04:00:00,63.84,transfer,1.0,72.5994,0.0,73.0668,73.0668,72.5994,89.7336,8.6587,27.7279,1468
2016-04-29 05:00:00,70.89,transfer,1.0,79.6223,0.0,88.5164,88.5164,79.6223,89.7334,8.6615,27.7047,1469
2016-04-29 06:00:00,68.54,transfer,1.0,88.7519,0.0,79.6577,79.6577,88.7519,89.7335,8.655,27.6753,1470
2016-04-29 07:00:00,85.72,transfer,1.0,96.4022,0.0,95.2623,95.2623,96.4022,89.7337,8.6609,27.6637,1471
2016-04-29 08:00:00,104.98,transfer,1.0,101.1021,0.0,90.9987,90.9987,101.1021,89.7337,8.6592,27.674,1472
2016-04-29 09:00:00,109.34,transfer,1.0,103.5732,0.0,107.5356,107.5356,103.5732,89.7339,8.6503,27.6722,1473
2016-04-29 10:00:00,113.62,transfer,1.0,104.6082,0.0,98.7287,98.7287,104.6082,89.734,8.6462,27.6725,1474
2016-04-29 11:00:00,109.89,transfer,1.0,104.8812,0.0,116.0032,116.0032,104.8812,89.734,8.6071,27.6372,1475
2016-04-29 12:00:00,100.48,transfer,1.0,104.6108,0.0,114.0119,114.0119,104.6108,89.7338,8.6051,27.5898,1476
2016-04-29 13:00:00,101.67,transfer,1.0,103.3734,0.0,91.6624,91.6624,103.3734,89.7339,8.5972,27.5655,1477
2016-04-29 14:00:00,101.76,transfer,1.0,99.056,0.0,106.8821,106.8821,99.056,89.7335,8.5872,27.5552,1478
2016-04-29 15:00:00,92.48,transfer,1.0,89.9441,0.0,86.3552,86.3552,89.9441,89.7336,8.599,27.5576,1479
2016-04-29 16:00:00,77.63,transfer,1.0,78.8427,0.0,80.2978,80.2978,78.8427,89.7333,8.5592,27.6257,1480
2016-04-29 17:00:00,73.7,transfer,1.0,70.0255,0.0,63.8604,63.8604,70.0255,89.7334,8.5518,27.6432,1481
2016-04-29 18:00:00,61.29,transfer,1.0,64.0629,0.0,72.1474,72.1474,64.0629,89.7336,8.516,27.6142,1482
2016-04-29 19:00:00,60.48,transfer,1.0,60.5362,0.0,56.4028,56.4028,60.5362,89.7338,8.5032,27.6027,1483
2016-04-29 20:00:00,61.87,transfer,1.0,59.1817,0.0,57.4633,57.4633,59.1817,89.7334,8.4734,27.627,1484
2016-04-29 21:00:00,51.73,transfer,1.0,58.7323,0.0,55.5734,55.5734,58.7323,89.7331,8.4689,27.6129,1485
2016-04-29 22:00:00,52.01,transfer,1.0,58.815,0.0,67.8525,67.8525,58.815,89.733,8.4708,27.6048,1486
2016-04-29 23:00:00,50.83,transfer,1.0,59.0799,0.0,57.8555,57.8555,59.0799,89.733,8.4788,27.601,1487
2016-04-30 00:00:00,50.57,transfer,1.0,59.8901,0.0,55.9327,55.9327,59.8901,89.733,8.484,27.5925,1488
2016-04-30 01:00:00,50.52,transfer,1.0,59.6202,0.0,61.2195,61.2195,59.6202,89.7326,8.4896,27.5845,1489
2016-04-30 02:00:00,50.39,transfer,1.0,59.6052,0.0,54.9242,54.9242,59.6052,89.7324,8.4956,27.5775,1490
2016-04-30 03:00:00,50.84,transfer,1.0,60.2375,0.0,66.3787,66.3787,60.2375,89.7326,8.5001,27.569,1491
2016-04-30 04:00:00,64.73,transfer,1.0,61.535,0.0,56.4115,56.4115,61.535,89.7326,8.4831,27.574,1492
2016-04-30 05:00:00,73.32,transfer,1.0,63.8166,0.0,74.5855,74.5855,63.8166,89.7327,8.4763,27.5698,1493
2016-04-30 06:00:00,69.41,transfer,1.0,67.5746,0.0,53.658,53.658,67.5746,89.7328,8.4848,27.5536,1494
2016-04-30 07:00:00,64.67,transfer,1.0,72.1874,0.0,74.0198,74.0198,72.1874,89.7329,8.4687,27.5349,1495
2016-04-30 08:00:00,63.02,transfer,1.0,76.0407,0.0,71.6848,71.6848,76.0407,89.733,8.4604,27.5271,1496
2016-04-30 09:00:00,62.79,transfer,1.0,76.5845,0.0,76.6662,76.6662,76.5845,89.7335,8.4553,27.5223,1497
2016-04-30 10:00:00,64.17,transfer,1.0,74.9816,0.0,69.4551,69.4551,74.9816,89.7335,8.4426,27.5126,1498
2016-04-30 11:00:00,68.09,transfer,1.0,72.7409,0.0,76.683,76.683,72.7409,89.7336,8.4168,27.483,1499
2016-04-30 12:00:00,66.77,transfer,1.0,70.4352,0.0,72.7459,72.7459,70.4352,89.7336,8.4034,27.4623,1500
2016-04-30 13:00:00,62.61,transfer,1.0,68.4994,0.0,77.7194,77.7194,68.4994,89.7334,8.4158,27.4646,1501
2016-04-30 14:00:00,60.97,transfer,1.0,66.7635,0.0,69.2114,69.2114,66.7635,89.7334,8.4366,27.4741,1502
2016-04-30 15:00:00,59.9,transfer,1.0,64.7367,0.0,61.71,61.71,64.7367,89.7333,8.4574,27.5011,1503
2016-04-30 16:00:00,60.18,transfer,1.0,62.8456,0.0,57.5251,57.5251,62.8456,89.7338,8.4572,27.5255,1504
2016-04-30 17:00:00,58.46,transfer,1.0,61.176,0.0,61.2477,61.2477,61.176,89.7338,8.445,27.5647,1505
2016-04-30 18:00:00,48.28,transfer,1.0,59.7823,0.0,51.0602,51.0602,59.7823,89.7338,8.4491,27.5652,1506
2016-04-30 19:00:00,50.43,transfer,1.0,58.4516,0.0,48.1561,48.1561,58.4516,89.7339,8.4332,27.547,1507
2016-04-30 20:00:00,56.17,transfer,1.0,57.6263,0.0,62.3426,62.3426,57.6263,89.7334,8.4339,27.5446,1508
2016-04-30 21:00:00,50.22,transfer,1.0,56.8838,0.0,63.9428,63.9428,56.8838,89.7331,8.4381,27.5442,1509
2016-04-30 22:00:00,50.94,transfer,1.0,56.535,0.0,50.3628,50.3628,56.535,89.7331,8.4434,27.5452,1510
2016-04-30 23:00:00,50.1,transfer,1.0,56.2466,0.0,61.2849,61.2849,56.2466,89.7332,8.445,27.5426,1511
2016-05-01 00:00:00,49.84,transfer,1.0,56.0907,0.0,64.7122,64.7122,56.0907,89.7329,8.448,27.5416,1512
2016-05-01 01:00:00,50.19,transfer,1.0,56.37,0.0,55.7052,55.7052,56.37,89.7328,8.4462,27.5358,1513
2016-05-01 02:00:00,49.71,transfer,1.0,57.0021,0.0,61.4061,61.4061,57.0021,89.7329,8.4491,27.5345,1514
2016-05-01 03:00:00,50.06,transfer,1.0,57.861,0.0,61.9848,61.9848,57.861,89.733,8.4509,27.5332,1515
2016-05-01 04:00:00,62.84,transfer,1.0,59.1685,0.0,56.9315,56.9315,59.1685,89.733,8.4586,27.5231,1516
2016-05-01 05:00:00,65.1,transfer,1.0,60.9838,0.0,59.8327,59.8327,60.9838,89.7332,8.46,27.5218,1517
2016-05-01 06:00:00,61.63,transfer,1.0,63.7747,0.0,64.8549,64.8549,63.7747,89.7334,8.4543,27.5169,1518
2016-05-01 07:00:00,56.95,transfer,1.0,66.6442,0.0,77.706,77.706,66.6442,89.7333,8.4441,27.51,1519
2016-05-01 08:00:00,56.95,transfer,1.0,68.8824,0.0,51.5174,51.5174,68.8824,89.7334,8.44,27.5101,1520
2016-05-01 09:00:00,56.22,transfer,1.0,68.5605,0.0,61.3195,61.3195,68.5605,89.7339,8.4371,27.5123,1521
2016-05-01 10:00:00,56.42,transfer,1.0,67.3804,0.0,73.7252,73.7252,67.3804,89.7338,8.437,27.5204,1522
2016-05-01 11:00:00,55.09,transfer,1.0,66.4286,0.0,56.8836,56.8836,66.4286,89.7339,8.4282,27.5187,1523
2016-05-01 12:00:00,54.66,transfer,1.0,65.2342,0.0,67.5248,67.5248,65.2342,89.734,8.4223,27.5196,1524
2016-05-01 13:00:00,54.95,transfer,1.0,63.7519,0.0,61.1741,61.1741,63.7519,89.7337,8.4131,27.5194,1525
2016-05-01 14:00:00,54.06,transfer,1.0,62.4895,0.0,65.8609,65.8609,62.4895,89.7336,8.4287,27.5435,1526
2016-05-01 15:00:00,53.63,transfer,1.0,61.3077,0.0,65.2329,65.2329,61.3077,89.7334,8.4517,27.5747,1527
2016-05-01 16:00:00,54.67,transfer,1.0,60.234,0.0,66.5005,66.5005,60.234,89.7335,8.4777,27.6092,1528
2016-05-01 17:00:00,54.06,transfer,1.0,59.0829,0.0,68.7845,68.7845,59.0829,89.7334,8.5041,27.6451,1529
2016-05-01 18:00:00,43.04,transfer,1.0,58.0458,0.0,71.2415,71.2415,58.0458,89.7336,8.5091,27.66,1530
2016-05-01 19:00:00,43.76,transfer,1.0,56.7086,0.0,51.4352,51.4352,56.7086,89.7335,8.5067,27.6682,1531
2016-05-01 20:00:00,49.81,transfer,1.0,55.8897,0.0,54.7642,54.7642,55.8897,89.7328,8.518,27.6894,1532
2016-05-01 21:00:00,50.44,transfer,1.0,55.0807,0.0,54.0512,54.0512,55.0807,89.7326,8.5037,27.6846,1533
2016-05-01 22:00:00,50.85,transfer,1.0,54.6917,0.0,50.111,50.111,54.6917,89.7325,8.4918,27.6822,1534
2016-05-01 23:00:00,50.15,transfer,1.0,54.525,0.0,54.7408,54.7408,54.525,89.7324,8.4878,27.6878,1535
2016-05-02 00:00:00,49.61,transfer,1.0,54.5735,0.0,46.8383,46.8383,54.5735,89.7325,8.4962,27.7055,1536
2016-05-02 01:00:00,49.74,transfer,1.0,55.7256,0.0,49.5747,49.5747,55.7256,89.7327,8.4834,27.7032,1537
2016-05-02 02:00:00,49.61,transfer,1.0,57.8821,0.0,56.4308,56.4308,57.8821,89.7333,8.4681,27.7011,1538
2016-05-02 03:00:00,50.13,transfer,1.0,60.5063,0.0,59.9406,59.9406,60.5063,89.7331,8.4481,27.6966,1539
2016-05-02 04:00:00,63.38,transfer,1.0,64.2676,0.0,58.3344,58.3344,64.2676,89.7333,8.4192,27.6814,1540
2016-05-02 05:00:00,70.41,transfer,1.0,69.3083,0.0,67.859,67.859,69.3083,89.7331,8.397,27.6579,1541
2016-05-02 06:00:00,65.44,transfer,1.0,77.0659,0.0,77.7408,77.7408,77.0659,89.7333,8.3652,27.6333,1542
2016-05-02 07:00:00,81.62,transfer,1.0,85.0742,0.0,92.4926,92.4926,85.0742,89.7332,8.3624,27.6366,1543
2016-05-02 08:00:00,100.23,transfer,1.0,92.1639,0.0,92.8043,92.8043,92.1639,89.7332,8.3716,27.6398,1544
2016-05-02 09:00:00,104.08,transfer,1.0,98.0123,0.0,112.4299,112.4299,98.0123,89.7334,8.3868,27.6468,1545
2016-05-02 10:00:00,102.04,transfer,1.0,101.3997,0.0,101.9023,101.9023,101.3997,89.7333,8.3413,27.5939,1546
2016-05-02 11:00:00,105.77,transfer,1.0,102.3832,0.0,93.5473,93.5473,102.3832,89.7331,8.319,27.5642,1547
2016-05-02 12:00:00,103.36,transfer,1.0,101.3594,0.0,104.6489,104.6489,101.3594,89.7331,8.3063,27.5402,1548
2016-05-02 13:00:00,103.11,transfer,1.0,97.5935,0.0,99.9871,99.9871,97.5935,89.7331,8.3128,27.5254,1549
2016-05-02 14:00:00,110.5,transfer,1.0,89.4778,0.0,101.1641,101.1641,89.4778,89.7331,8.3085,27.4856,1550
2016-05-02 15:00:00,111.9,transfer,1.0,79.6847,0.0,82.0712,82.0712,79.6847,89.7328,8.3779,27.5178,1551
2016-05-02 16:00:00,107.61,transfer,1.0,71.9522,0.0,76.1481,76.1481,71.9522,89.7325,8.4473,27.5555,1552
2016-05-02 17:00:00,101.97,transfer,1.0,66.7364,0.0,63.2644,63.2644,66.7364,89.7324,8.5678,27.5971,1553
2016-05-02 18:00:00,72.13,transfer,1.0,62.805,0.0,50.8958,50.8958,62.805,89.7321,8.5871,27.5113,1554
2016-05-02 19:00:00,73.94,transfer,1.0,59.6647,0.0,59.5983,59.5983,59.6647,89.7323,8.6461,27.3974,1555
2016-05-02 20:00:00,73.31,transfer,1.0,57.7039,0.0,50.9586,50.9586,57.7039,89.7322,8.7149,27.3208,1556
2016-05-02 21:00:00,60.79,transfer,1.0,61.1237,0.0,69.1287,69.1287,61.1237,89.6907,8.6901,27.2571,1557
2016-05-02 22:00:00,60.28,transfer,1.0,56.401,0.0,56.7085,56.7085,56.401,89.7188,8.696,27.2016,1558
2016-05-02 23:00:00,62.67,transfer,1.0,54.0156,0.0,48.7425,48.7425,54.0156,89.7276,8.7245,27.1243,1559
2016-05-03 00:00:00,59.09,transfer,1.0,53.3486,0.0,51.7255,51.7255,53.3486,89.7307,8.7317,27.0664,1560
2016-05-03 01:00:00,59.08,transfer,1.0,54.2519,0.0,63.0899,63.0899,54.2519,89.7316,8.7232,27.007,1561
2016-05-03 02:00:00,59.09,transfer,1.0,56.6774,0.0,55.7715,55.7715,56.6774,89.732,8.6826,26.9473,1562
2016-05-03 03:00:00,59.07,transfer,1.0,61.2008,0.0,60.9118,60.9118,61.2008,89.7323,8.6131,26.8895,1563
2016-05-03 04:00:00,72.34,transfer,1.0,69.5439,0.0,87.2211,87.2211,69.5439,89.7326,8.6225,26.8695,1564
2016-05-03 05:00:00,73.15,transfer,1.0,81.5103,0.0,70.5418,70.5418,81.5103,89.7329,8.6373,26.8798,1565
2016-05-03 06:00:00,66.08,transfer,1.0,93.0042,0.0,107.1957,107.1957,93.0042,89.7327,8.6453,26.8877,1566
2016-05-03 07:00:00,92.67,transfer,1.0,99.6924,0.0,86.3879,86.3879,99.6924,89.733,8.6599,26.8684,1567
2016-05-03 08:00:00,108.68,transfer,1.0,102.7504,0.0,101.1885,101.1885,102.7504,89.733,8.588,26.7917,1568
2016-05-03 09:00:00,113.08,transfer,1.0,104.3815,0.0,114.0187,114.0187,104.3815,89.7339,8.5286,26.7292,1569
2016-05-03 10:00:00,116.8,transfer,1.0,104.8847,0.0,100.7031,100.7031,104.8847,89.734,8.4894,26.6874,1570
2016-05-03 11:00:00,123.39,transfer,1.0,104.8971,0.0,114.9497,114.9497,104.8971,89.734,8.482,26.677,1571
2016-05-03 12:00:00,127.5,transfer,1.0,104.6093,0.0,110.7077,110.7077,104.6093,89.7338,8.548,26.7393,1572
2016-05-03 13:00:00,116.17,transfer,1.0,103.9899,0.0,103.2746,103.2746,103.9899,89.7337,8.5153,26.7017,1573
2016-05-03 14:00:00,116.32,transfer,1.0,102.8688,0.0,94.7611,94.7611,102.8688,89.7335,8.366,26.5475,1574
2016-05-03 15:00:00,117.68,transfer,1.0,100.6133,0.0,96.5061,96.5061,100.6133,89.7336,8.2011,26.3765,1575
2016-05-03 16:00:00,108.06,transfer,1.0,96.103,0.0,85.5948,85.5948,96.103,89.7334,8.072,26.2318,1576
2016-05-03 17:00:00,95.48,transfer,1.0,88.543,0.0,86.1449,86.1449,88.543,89.7336,7.9712,26.094,1577
2016-05-03 18:00:00,71.92,transfer,1.0,78.4824,0.0,69.807,69.807,78.4824,89.7334,7.9516,26.1299,1578
2016-05-03 19:00:00,67.01,transfer,1.0,68.1225,0.0,68.4521,68.4521,68.1225,89.7337,7.9295,26.1586,1579
2016-05-03 20:00:00,63.14,transfer,1.0,61.9105,0.0,61.4019,61.4019,61.9105,89.7332,7.8731,26.2379,1580
2016-05-03 21:00:00,51.34,transfer,1.0,59.2125,0.0,56.6656,56.6656,59.2125,89.7332,7.8819,26.2498,1581
2016-05-03 22:00:00,52.8,transfer,1.0,57.2228,0.0,51.5869,51.5869,57.2228,89.7328,7.8856,26.2532,1582
2016-05-03 23:00:00,51.56,transfer,1.0,56.2491,0.0,58.3987,58.3987,56.2491,89.7328,7.893,26.256,1583
2016-05-04 00:00:00,51.3,transfer,1.0,56.3342,0.0,53.526,53.526,56.3342,89.7327,7.9056,26.2584,1584
2016-05-04 01:00:00,50.85,transfer,1.0,57.6799,0.0,52.2551,52.2551,57.6799,89.7328,7.9319,26.2673,1585
2016-05-04 02:00:00,50.82,transfer,1.0,60.6102,0.0,66.088,66.088,60.6102,89.7327,7.9601,26.2702,1586
2016-05-04 03:00:00,50.95,transfer,1.0,65.6416,0.0,68.2909,68.2909,65.6416,89.7326,7.9938,26.272,1587
2016-05-04 04:00:00,63.66,transfer,1.0,73.8198,0.0,71.6064,71.6064,73.8198,89.7327,8.0104,26.3417,1588
2016-05-04 05:00:00,64.95,transfer,1.0,85.5713,0.0,65.7186,65.7186,85.5713,89.7327,8.1203,26.4208,1589
2016-05-04 06:00:00,62.59,transfer,1.0,96.376,0.0,80.5963,80.5963,96.376,89.7327,8.1646,26.4549,1590
2016-05-04 07:00:00,82.13,transfer,1.0,101.8017,0.0,109.1316,109.1316,101.8017,89.733,8.2172,26.4926,1591
2016-05-04 08:00:00,102.42,transfer,1.0,104.1553,0.0,108.1952,108.1952,104.1553,89.7329,8.2232,26.4854,1592
2016-05-04 09:00:00,113.05,transfer,1.0,105.1031,0.0,100.8638,100.8638,105.1031,89.7333,8.2525,26.5137,1593
2016-05-04 10:00:00,113.39,transfer,1.0,105.4214,0.0,118.5338,118.5338,105.4214,89.7333,8.2725,26.533,1594
2016-05-04 11:00:00,112.19,transfer,1.0,105.4725,0.0,91.3499,91.3499,105.4725,89.7331,8.2715,26.5315,1595
2016-05-04 12:00:00,106.58,transfer,1.0,105.3459,0.0,108.8177,108.8177,105.3459,89.7332,8.2635,26.5537,1596
2016-05-04 13:00:00,99.81,transfer,1.0,104.911,0.0,112.1377,112.1377,104.911,89.7332,8.2737,26.5422,1597
2016-05-04 14:00:00,106.81,transfer,1.0,103.6401,0.0,98.5109,98.5109,103.6401,89.7332,8.2736,26.5386,1598
2016-05-04 15:00:00,101.8,transfer,1.0,99.8273,0.0,97.7667,97.7667,99.8273,89.7332,8.2644,26.5178,1599
2016-05-04 16:00:00,92.53,transfer,1.0,91.376,0.0,96.1166,96.1166,91.376,89.7333,8.2641,26.5076,1600
2016-05-04 17:00:00,83.9,transfer,1.0,79.6847,0.0,87.4584,87.4584,79.6847,89.7333,8.2763,26.5192,1601
2016-05-04 18:00:00,60.63,transfer,1.0,69.1142,0.0,55.4078,55.4078,69.1142,89.7334,8.2788,26.5322,1602
2016-05-04 19:00:00,54.55,transfer,1.0,62.1906,0.0,55.2792,55.2792,62.1906,89.7338,8.308,26.5621,1603
2016-05-04 20:00:00,53.62,transfer,1.0,58.7011,0.0,65.2622,65.2622,58.7011,89.7333,8.317,26.6122,1604
2016-05-04 21:00:00,49.26,transfer,1.0,57.026,0.0,51.0578,51.0578,57.026,89.7333,8.3336,26.6287,1605
2016-05-04 22:00:00,50.37,transfer,1.0,56.1522,0.0,57.805,57.805,56.1522,89.7331,8.3439,26.6416,1606
2016-05-04 23:00:00,49.14,transfer,1.0,56.1244,0.0,55.5612,55.5612,56.1244,89.733,8.3536,26.6556,1607
2016-05-05 00:00:00,48.74,transfer,1.0,57.1693,0.0,63.3811,63.3811,57.1693,89.7331,8.3616,26.6686,1608
2016-05-05 01:00:00,48.53,transfer,1.0,59.1001,0.0,65.2743,65.2743,59.1001,89.733,8.3673,26.6807,1609
2016-05-05 02:00:00,48.58,transfer,1.0,62.5123,0.0,64.053,64.053,62.5123,89.7331,8.3732,26.6928,1610
2016-05-05 03:00:00,48.67,transfer,1.0,67.5951,0.0,73.6456,73.6456,67.5951,89.7331,8.3775,26.7047,1611
2016-05-05 04:00:00,64.82,transfer,1.0,74.7765,0.0,67.2491,67.2491,74.7765,89.7331,8.3554,26.6905,1612
2016-05-05 05:00:00,68.01,transfer,1.0,84.1779,0.0,80.3118,80.3118,84.1779,89.7331,8.3644,26.7081,1613
2016-05-05 06:00:00,66.13,transfer,1.0,94.7217,0.0,93.0471,93.0471,94.7217,89.7331,8.3855,26.732,1614
2016-05-05 07:00:00,84.04,transfer,1.0,100.9574,0.0,94.8684,94.8684,100.9574,89.7332,8.3959,26.7425,1615
2016-05-05 08:00:00,104.57,transfer,1.0,103.8115,0.0,103.3668,103.3668,103.8115,89.7331,8.3988,26.7483,1616
2016-05-05 09:00:00,109.83,transfer,1.0,104.9636,0.0,82.8095,82.8095,104.9636,89.7333,8.415,26.7643,1617
2016-05-05 10:00:00,107.33,transfer,1.0,105.37,0.0,104.6339,104.6339,105.37,89.7333,8.4185,26.7678,1618
2016-05-05 11:00:00,106.98,transfer,1.0,105.4272,0.0,98.1755,98.1755,105.4272,89.7334,8.3905,26.8149,1619
2016-05-05 12:00:00,102.14,transfer,1.0,105.1934,0.0,95.8208,95.8208,105.1934,89.7333,8.3542,26.8532,1620
2016-05-05 13:00:00,99.47,transfer,1.0,104.4437,0.0,101.8772,101.8772,104.4437,89.7332,8.3522,26.8633,1621
2016-05-05 14:00:00,102.34,transfer,1.0,102.1236,0.0,100.5625,100.5625,102.1236,89.7333,8.3121,26.851,1622
2016-05-05 15:00:00,95.81,transfer,1.0,95.9203,0.0,92.0543,92.0543,95.9203,89.733,8.247,26.8373,1623
2016-05-05 16:00:00,85.8,transfer,1.0,85.2234,0.0,82.5186,82.5186,85.2234,89.7331,8.1737,26.8598,1624
2016-05-05 17:00:00,81.21,transfer,1.0,74.1868,0.0,63.9171,63.9171,74.1868,89.7332,8.165,26.8409,1625
2016-05-05 18:00:00,64.86,transfer,1.0,65.9699,0.0,80.2889,80.2889,65.9699,89.7332,8.1424,26.8091,1626
2016-05-05 19:00:00,59.08,transfer,1.0,61.1792,0.0,61.4819,61.4819,61.1792,89.7336,8.1459,26.8087,1627
2016-05-05 20:00:00,59.63,transfer,1.0,59.0667,0.0,63.1716,63.1716,59.0667,89.7333,8.1412,26.8103,1628
2016-05-05 21:00:00,51.02,transfer,1.0,57.9294,0.0,54.3181,54.3181,57.9294,89.7331,8.1362,26.8046,1629
2016-05-05 22:00:00,51.67,transfer,1.0,57.583,0.0,45.7464,45.7464,57.583,89.733,8.1254,26.7977,1630
2016-05-05 23:00:00,50.53,transfer,1.0,57.7569,0.0,42.6961,42.6961,57.7569,89.7329,8.117,26.7919,1631
2016-05-06 00:00:00,49.78,transfer,1.0,58.8643,0.0,63.2701,63.2701,58.8643,89.733,8.1109,26.7881,1632
2016-05-06 01:00:00,50.02,transfer,1.0,60.5779,0.0,52.4912,52.4912,60.5779,89.733,8.1023,26.7818,1633
2016-05-06 02:00:00,49.65,transfer,1.0,63.2061,0.0,59.3169,59.3169,63.2061,89.7331,8.0964,26.7781,1634
2016-05-06 03:00:00,50.31,transfer,1.0,67.2164,0.0,81.9374,81.9374,67.2164,89.7332,8.0881,26.7716,1635
2016-05-06 04:00:00,63.64,transfer,1.0,72.7625,0.0,68.1473,68.1473,72.7625,89.7333,8.0903,26.7727,1636
2016-05-06 05:00:00,68.42,transfer,1.0,80.615,0.0,83.1659,83.1659,80.615,89.7332,8.1109,26.7874,1637
2016-05-06 06:00:00,67.8,transfer,1.0,90.1516,0.0,103.2923,103.2923,90.1516,89.7334,8.1236,26.7919,1638
2016-05-06 07:00:00,67.26,transfer,1.0,97.7698,0.0,97.7365,97.7365,97.7698,89.7337,8.2416,26.9017,1639
2016-05-06 08:00:00,70.37,transfer,1.0,101.9475,0.0,90.585,90.585,101.9475,89.7335,8.4065,26.9262,1640
2016-05-06 09:00:00,70.55,transfer,1.0,103.429,0.0,81.7406,81.7406,103.429,89.7336,8.5679,26.9237,1641
2016-05-06 10:00:00,73.81,transfer,1.0,103.5683,0.0,84.9265,84.9265,103.5683,89.7338,8.6914,26.8763,1642
2016-05-06 11:00:00,72.66,transfer,1.0,102.1953,0.0,102.8835,102.8835,102.1953,89.7337,8.8374,26.858,1643
2016-05-06 12:00:00,74.45,transfer,1.0,97.4688,0.0,105.4653,105.4653,97.4688,89.7337,8.9498,26.885,1644
2016-05-06 13:00:00,78.77,transfer,1.0,88.2678,0.0,86.5871,86.5871,88.2678,89.7337,8.9962,26.8792,1645
2016-05-06 14:00:00,79.76,transfer,1.0,75.8303,0.0,77.3548,77.3548,75.8303,89.7335,9.0035,26.867,1646
2016-05-06 15:00:00,80.26,transfer,1.0,67.4831,0.0,66.1591,66.1591,67.4831,89.7336,9.0645,26.907,1647
2016-05-06 16:00:00,72.0,transfer,1.0,63.0182,0.0,62.4455,62.4455,63.0182,89.7337,9.1107,26.9405,1648
2016-05-06 17:00:00,66.55,transfer,1.0,61.0498,0.0,58.4799,58.4799,61.0498,89.7342,9.1216,26.9831,1649
2016-05-06 18:00:00,51.55,transfer,1.0,59.136,0.0,59.7724,59.7724,59.136,89.7343,9.1502,27.0411,1650
2016-05-06 19:00:00,50.11,transfer,1.0,57.3264,0.0,57.5309,57.5309,57.3264,89.7343,9.1928,27.1028,1651
2016-05-06 20:00:00,54.24,transfer,1.0,56.3731,0.0,55.6316,55.6316,56.3731,89.7338,9.1895,27.1482,1652
2016-05-06 21:00:00,52.17,transfer,1.0,55.8964,0.0,50.1305,50.1305,55.8964,89.7336,9.17,27.1456,1653
2016-05-06 22:00:00,53.53,transfer,1.0,56.0475,0.0,57.5396,57.5396,56.0475,89.7336,9.1445,27.1366,1654
2016-05-06 23:00:00,52.35,transfer,1.0,56.7597,0.0,56.7607,56.7607,56.7597,89.7335,9.1217,27.1275,1655
2016-05-07 00:00:00,52.05,transfer,1.0,58.0229,0.0,61.0425,61.0425,58.0229,89.7337,9.1017,27.1187,1656
2016-05-07 01:00:00,51.79,transfer,1.0,58.1498,0.0,65.804,65.804,58.1498,89.7333,9.0854,27.1112,1657
2016-05-07 02:00:00,51.43,transfer,1.0,58.4505,0.0,55.5424,55.5424,58.4505,89.7332,9.0724,27.105,1658
2016-05-07 03:00:00,51.78,transfer,1.0,59.3097,0.0,64.9516,64.9516,59.3097,89.7336,9.0612,27.0994,1659
2016-05-07 04:00:00,66.57,transfer,1.0,60.5867,0.0,72.17,72.17,60.5867,89.7339,9.0778,27.0885,1660
2016-05-07 05:00:00,74.3,transfer,1.0,62.2726,0.0,60.7979,60.7979,62.2726,89.7334,9.0929,27.0826,1661
2016-05-07 06:00:00,64.9,transfer,1.0,65.5698,0.0,68.3239,68.3239,65.5698,89.7333,9.0859,27.1095,1662
2016-05-07 07:00:00,62.81,transfer,1.0,69.6983,0.0,66.6641,66.6641,69.6983,89.7333,9.0822,27.1205,1663
2016-05-07 08:00:00,63.32,transfer,1.0,72.3326,0.0,75.8469,75.8469,72.3326,89.7332,9.0583,27.1188,1664
2016-05-07 09:00:00,66.54,transfer,1.0,71.9741,0.0,76.3855,76.3855,71.9741,89.7333,9.0086,27.0964,1665
2016-05-07 10:00:00,65.73,transfer,1.0,70.787,0.0,76.1583,76.1583,70.787,89.7333,8.9743,27.0871,1666
2016-05-07 11:00:00,60.85,transfer,1.0,69.7798,0.0,68.1006,68.1006,69.7798,89.7332,8.9998,27.1302,1667
2016-05-07 12:00:00,59.94,transfer,1.0,68.6544,0.0,70.1377,70.1377,68.6544,89.7332,9.0298,27.1709,1668
2016-05-07 13:00:00,60.76,transfer,1.0,67.0116,0.0,68.7672,68.7672,67.0116,89.7334,9.032,27.1819,1669
2016-05-07 14:00:00,59.42,transfer,1.0,65.2691,0.0,62.4946,62.4946,65.2691,89.7334,9.0323,27.1911,1670
2016-05-07 15:00:00,59.72,transfer,1.0,63.5883,0.0,52.4489,52.4489,63.5883,89.7333,9.0265,27.1922,1671
2016-05-07 16:00:00,59.13,transfer,1.0,62.0519,0.0,57.4876,57.4876,62.0519,89.7334,9.0281,27.1985,1672
2016-05-07 17:00:00,61.01,transfer,1.0,60.6465,0.0,62.2287,62.2287,60.6465,89.7334,9.0141,27.1833,1673
2016-05-07 18:00:00,51.57,transfer,1.0,59.3434,0.0,66.9362,66.9362,59.3434,89.7332,8.9919,27.1637,1674
2016-05-07 19:00:00,49.71,transfer,1.0,58.27,0.0,67.0732,67.0732,58.27,89.7336,8.9951,27.168,1675
2016-05-07 20:00:00,54.38,transfer,1.0,57.5312,0.0,57.8906,57.8906,57.5312,89.7331,9.0052,27.1786,1676
2016-05-07 21:00:00,52.27,transfer,1.0,56.731,0.0,47.5331,47.5331,56.731,89.733,8.9921,27.1664,1677
2016-05-07 22:00:00,53.2,transfer,1.0,56.393,0.0,54.4736,54.4736,56.393,89.7332,8.9778,27.153,1678
2016-05-07 23:00:00,52.08,transfer,1.0,56.32,0.0,49.9156,49.9156,56.32,89.7334,8.9664,27.1412,1679
2016-05-08 00:00:00,51.87,transfer,1.0,56.3665,0.0,58.2746,58.2746,56.3665,89.7333,8.956,27.1291,1680
2016-05-08 01:00:00,51.62,transfer,1.0,56.786,0.0,55.7142,55.7142,56.786,89.7334,8.9499,27.1206,1681
2016-05-08 02:00:00,51.62,transfer,1.0,57.5107,0.0,49.4914,49.4914,57.5107,89.7334,8.9416,27.1092,1682
2016-05-08 03:00:00,51.99,transfer,1.0,58.4754,0.0,69.3208,69.3208,58.4754,89.7332,8.9338,27.0977,1683
2016-05-08 04:00:00,63.75,transfer,1.0,59.9056,0.0,54.0297,54.0297,59.9056,89.7335,8.9348,27.0923,1684
2016-05-08 05:00:00,69.54,transfer,1.0,61.71,0.0,64.7819,64.7819,61.71,89.733,8.9569,27.0659,1685
2016-05-08 06:00:00,62.98,transfer,1.0,64.6243,0.0,61.0586,61.0586,64.6243,89.7331,8.9539,27.0579,1686
2016-05-08 07:00:00,59.06,transfer,1.0,68.2822,0.0,69.8683,69.8683,68.2822,89.7332,8.9511,27.0453,1687
2016-05-08 08:00:00,59.38,transfer,1.0,70.9468,0.0,61.5178,61.5178,70.9468,89.7328,8.9489,27.0308,1688
2016-05-08 09:00:00,59.46,transfer,1.0,71.2109,0.0,73.059,73.059,71.2109,89.7333,8.9454,27.0115,1689
2016-05-08 10:00:00,60.7,transfer,1.0,70.7333,0.0,59.7828,59.7828,70.7333,89.7339,8.9399,26.9861,1690
2016-05-08 11:00:00,59.28,transfer,1.0,69.7875,0.0,80.0733,80.0733,69.7875,89.7345,8.935,26.9611,1691
2016-05-08 12:00:00,58.05,transfer,1.0,68.7158,0.0,69.3035,69.3035,68.7158,89.7344,8.9355,26.941,1692
2016-05-08 13:00:00,60.3,transfer,1.0,67.4169,0.0,77.804,77.804,67.4169,89.7345,8.9255,26.9091,1693
2016-05-08 14:00:00,62.59,transfer,1.0,65.7468,0.0,68.6483,68.6483,65.7468,89.7342,8.8941,26.8583,1694
2016-05-08 15:00:00,63.1,transfer,1.0,64.3969,0.0,68.9714,68.9714,64.3969,89.7342,8.8561,26.802,1695
2016-05-08 16:00:00,64.18,transfer,1.0,63.3839,0.0,62.6076,62.6076,63.3839,89.7344,8.8277,26.7454,1696
2016-05-08 17:00:00,63.62,transfer,1.0,62.0534,0.0,62.4414,62.4414,62.0534,89.7343,8.8072,26.6885,1697
2016-05-08 18:00:00,50.23,transfer,1.0,60.9062,0.0,63.1811,63.1811,60.9062,89.7342,8.7814,26.6457,1698
2016-05-08 19:00:00,49.3,transfer,1.0,59.8252,0.0,54.0545,54.0545,59.8252,89.7344,8.767,26.6127,1699
2016-05-08 20:00:00,52.99,transfer,1.0,58.9738,0.0,51.7416,51.7416,58.9738,89.7338,8.7664,26.5938,1700
2016-05-08 21:00:00,51.58,transfer,1.0,58.0356,0.0,51.6561,51.6561,58.0356,89.7335,8.7772,26.587,1701
2016-05-08 22:00:00,52.99,transfer,1.0,57.5578,0.0,60.0238,60.0238,57.5578,89.7334,8.7815,26.5743,1702
2016-05-08 23:00:00,52.07,transfer,1.0,57.3655,0.0,61.0583,61.0583,57.3655,89.7335,8.787,26.5629,1703
2016-05-09 00:00:00,51.86,transfer,1.0,57.461,0.0,65.7427,65.7427,57.461,89.7335,8.7908,26.5495,1704
2016-05-09 01:00:00,51.82,transfer,1.0,58.9444,0.0,67.0103,67.0103,58.9444,89.7335,8.7976,26.5371,1705
2016-05-09 02:00:00,51.76,transfer,1.0,61.4498,0.0,63.0134,63.0134,61.4498,89.7336,8.806,26.5243,1706
2016-05-09 03:00:00,51.92,transfer,1.0,64.8221,0.0,63.3531,63.3531,64.8221,89.7337,8.821,26.5136,1707
2016-05-09 04:00:00,60.73,transfer,1.0,69.2578,0.0,62.286,62.286,69.2578,89.7337,8.8665,26.5294,1708
2016-05-09 05:00:00,62.16,transfer,1.0,75.0036,0.0,70.1135,70.1135,75.0036,89.7336,8.9364,26.5785,1709
2016-05-09 06:00:00,57.59,transfer,1.0,81.864,0.0,79.9942,79.9942,81.864,89.7336,9.0117,26.6253,1710
2016-05-09 07:00:00,72.2,transfer,1.0,88.1259,0.0,81.2116,81.2116,88.1259,89.7338,9.0859,26.6813,1711
2016-05-09 08:00:00,89.91,transfer,1.0,93.3802,0.0,89.0283,89.0283,93.3802,89.7339,9.0586,26.6199,1712
2016-05-09 09:00:00,90.39,transfer,1.0,98.0909,0.0,109.9664,109.9664,98.0909,89.7341,9.0683,26.5384,1713
2016-05-09 10:00:00,89.43,transfer,1.0,100.9405,0.0,111.3998,111.3998,100.9405,89.7342,9.133,26.467,1714
2016-05-09 11:00:00,91.96,transfer,1.0,101.5888,0.0,102.0172,102.0172,101.5888,89.7344,9.1702,26.3848,1715
2016-05-09 12:00:00,88.07,transfer,1.0,100.0774,0.0,108.2604,108.2604,100.0774,89.7343,9.2297,26.3135,1716
2016-05-09 13:00:00,83.57,transfer,1.0,95.0318,0.0,95.7265,95.7265,95.0318,89.7343,9.2651,26.2706,1717
2016-05-09 14:00:00,85.3,transfer,1.0,85.0432,0.0,87.1868,87.1868,85.0432,89.7339,9.1415,26.1734,1718
2016-05-09 15:00:00,83.17,transfer,1.0,74.3196,0.0,80.9858,80.9858,74.3196,89.7338,9.0024,26.0805,1719
2016-05-09 16:00:00,73.11,transfer,1.0,67.2592,0.0,56.2575,56.2575,67.2592,89.7338,8.825,26.0731,1720
2016-05-09 17:00:00,68.51,transfer,1.0,63.0457,0.0,65.8381,65.8381,63.0457,89.7338,8.6478,26.1265,1721
2016-05-09 18:00:00,55.38,transfer,1.0,59.9022,0.0,69.7968,69.7968,59.9022,89.7338,8.6192,26.2263,1722
2016-05-09 19:00:00,49.32,transfer,1.0,57.5433,0.0,60.3399,60.3399,57.5433,89.734,8.5832,26.3728,1723
2016-05-09 20:00:00,49.25,transfer,1.0,56.3293,0.0,65.1707,65.1707,56.3293,89.7334,8.5324,26.516,1724
2016-05-09 21:00:00,47.69,transfer,1.0,55.5863,0.0,53.6013,53.6013,55.5863,89.733,8.5775,26.5943,1725
2016-05-09 22:00:00,48.47,transfer,1.0,55.2361,0.0,62.1591,62.1591,55.2361,89.7328,8.5946,26.6646,1726
2016-05-09 23:00:00,47.57,transfer,1.0,55.4452,0.0,53.7518,53.7518,55.4452,89.7326,8.59,26.7546,1727
2016-05-10 00:00:00,47.53,transfer,1.0,56.2953,0.0,52.8117,52.8117,56.2953,89.7326,8.608,26.8234,1728
2016-05-10 01:00:00,47.0,transfer,1.0,57.9506,0.0,55.1402,55.1402,57.9506,89.7323,8.6444,26.8953,1729
2016-05-10 02:00:00,46.83,transfer,1.0,60.669,0.0,52.3874,52.3874,60.669,89.7323,8.7125,26.9683,1730
2016-05-10 03:00:00,47.06,transfer,1.0,64.68,0.0,70.9959,70.9959,64.68,89.7325,8.8047,27.0398,1731
2016-05-10 04:00:00,57.45,transfer,1.0,70.3515,0.0,61.7158,61.7158,70.3515,89.7328,8.8648,27.1284,1732
2016-05-10 05:00:00,61.46,transfer,1.0,77.5611,0.0,91.5366,91.5366,77.5611,89.7323,8.9109,27.198,1733
2016-05-10 06:00:00,58.74,transfer,1.0,86.6604,0.0,100.0019,100.0019,86.6604,89.7326,8.9168,27.2417,1734
2016-05-10 07:00:00,79.42,transfer,1.0,93.8165,0.0,86.8143,86.8143,93.8165,89.7327,8.9607,27.2856,1735
2016-05-10 08:00:00,101.78,transfer,1.0,99.296,0.0,96.982,96.982,99.296,89.7331,8.9402,27.2445,1736
2016-05-10 09:00:00,108.31,transfer,1.0,102.7783,0.0,104.2184,104.2184,102.7783,89.7337,8.9213,27.2161,1737
2016-05-10 10:00:00,107.03,transfer,1.0,104.2094,0.0,114.8016,114.8016,104.2094,89.7336,8.8672,27.1579,1738
2016-05-10 11:00:00,106.36,transfer,1.0,104.4998,0.0,96.8928,96.8928,104.4998,89.7334,8.7682,27.0566,1739
2016-05-10 12:00:00,100.96,transfer,1.0,104.0582,0.0,111.2138,111.2138,104.0582,89.7336,8.6504,26.8986,1740
2016-05-10 13:00:00,96.43,transfer,1.0,102.3242,0.0,98.8791,98.8791,102.3242,89.7335,8.613,26.7811,1741
2016-05-10 14:00:00,104.13,transfer,1.0,97.3062,0.0,78.8315,78.8315,97.3062,89.7334,8.5735,26.7085,1742
2016-05-10 15:00:00,94.91,transfer,1.0,87.493,0.0,96.7387,96.7387,87.493,89.7333,8.5161,26.573,1743
2016-05-10 16:00:00,88.9,transfer,1.0,77.1545,0.0,86.132,86.132,77.1545,89.7332,8.5148,26.4689,1744
2016-05-10 17:00:00,75.7,transfer,1.0,68.1777,0.0,61.5445,61.5445,68.1777,89.7331,8.5183,26.5182,1745
2016-05-10 18:00:00,56.66,transfer,1.0,62.158,0.0,58.6687,58.6687,62.158,89.7331,8.512,26.609,1746
2016-05-10 19:00:00,51.38,transfer,1.0,58.0632,0.0,66.3006,66.3006,58.0632,89.7332,8.5451,26.7021,1747
2016-05-10 20:00:00,51.13,transfer,1.0,55.855,0.0,60.3149,60.3149,55.855,89.7326,8.5659,26.7736,1748
2016-05-10 21:00:00,48.11,transfer,1.0,54.5925,0.0,58.123,58.123,54.5925,89.7325,8.5577,26.7928,1749
2016-05-10 22:00:00,48.54,transfer,1.0,54.0706,0.0,52.1532,52.1532,54.0706,89.7325,8.5643,26.8181,1750
2016-05-10 23:00:00,47.34,transfer,1.0,54.3085,0.0,58.8469,58.8469,54.3085,89.7325,8.5778,26.8433,1751
2016-05-11 00:00:00,47.23,transfer,1.0,55.4114,0.0,58.0536,58.0536,55.4114,89.7325,8.5966,26.8675,1752
2016-05-11 01:00:00,47.32,transfer,1.0,57.4556,0.0,52.3959,52.3959,57.4556,89.7324,8.6162,26.8885,1753
2016-05-11 02:00:00,47.14,transfer,1.0,61.4852,0.0,59.5273,59.5273,61.4852,89.7326,8.6434,26.9104,1754
2016-05-11 03:00:00,47.4,transfer,1.0,66.5218,0.0,70.7085,70.7085,66.5218,89.7327,8.6697,26.9315,1755
2016-05-11 04:00:00,60.89,transfer,1.0,72.6606,0.0,76.5709,76.5709,72.6606,89.7328,8.6793,26.948,1756
2016-05-11 05:00:00,62.61,transfer,1.0,80.9129,0.0,81.6202,81.6202,80.9129,89.7326,8.6655,26.9619,1757
2016-05-11 06:00:00,58.58,transfer,1.0,90.5804,0.0,84.6305,84.6305,90.5804,89.7327,8.6549,26.9858,1758
2016-05-11 07:00:00,75.6,transfer,1.0,97.4597,0.0,84.5973,84.5973,97.4597,89.7328,8.6679,27.0247,1759
2016-05-11 08:00:00,102.63,transfer,1.0,101.4671,0.0,64.1257,64.1257,101.4671,89.7325,8.6645,27.0259,1760
2016-05-11 09:00:00,106.63,transfer,1.0,103.6174,0.0,88.0734,88.0734,103.6174,89.7328,8.6351,26.9877,1761
2016-05-11 10:00:00,105.4,transfer,1.0,104.5737,0.0,111.2331,111.2331,104.5737,89.7329,8.5926,26.9402,1762
2016-05-11 11:00:00,108.41,transfer,1.0,104.7272,0.0,96.4583,96.4583,104.7272,89.7328,8.5746,26.9177,1763
2016-05-11 12:00:00,108.84,transfer,1.0,104.2918,0.0,99.4572,99.4572,104.2918,89.7328,8.5943,26.9311,1764
2016-05-11 13:00:00,104.03,transfer,1.0,102.9758,0.0,98.7114,98.7114,102.9758,89.733,8.5702,26.9562,1765
2016-05-11 14:00:00,107.99,transfer,1.0,99.855,0.0,100.6125,100.6125,99.855,89.7333,8.5997,26.9633,1766
2016-05-11 15:00:00,102.7,transfer,1.0,93.0888,0.0,99.9251,99.9251,93.0888,89.7328,8.6452,26.9686,1767
2016-05-11 16:00:00,90.53,transfer,1.0,85.5642,0.0,94.7547,94.7547,85.5642,89.7324,8.6679,26.9567,1768
2016-05-11 17:00:00,80.25,transfer,1.0,73.9874,0.0,93.4462,93.4462,73.9874,89.7326,8.6801,26.9784,1769
2016-05-11 18:00:00,62.49,transfer,1.0,65.1548,0.0,70.8863,70.8863,65.1548,89.7326,8.6455,26.9674,1770
2016-05-11 19:00:00,56.11,transfer,1.0,59.7973,0.0,62.6755,62.6755,59.7973,89.7328,8.6219,26.9581,1771
2016-05-11 20:00:00,55.58,transfer,1.0,57.2592,0.0,52.574,52.574,57.2592,89.7324,8.6017,26.9464,1772
2016-05-11 21:00:00,49.89,transfer,1.0,55.9325,0.0,55.6091,55.6091,55.9325,89.7321,8.5914,26.9426,1773
2016-05-11 22:00:00,50.59,transfer,1.0,55.4534,0.0,54.6682,54.6682,55.4534,89.7318,8.5859,26.9413,1774
2016-05-11 23:00:00,49.53,transfer,1.0,55.662,0.0,61.5503,61.5503,55.662,89.732,8.5809,26.939,1775
2016-05-12 00:00:00,49.31,transfer,1.0,56.6726,0.0,63.3842,63.3842,56.6726,89.7319,8.5745,26.9356,1776
2016-05-12 01:00:00,49.12,transfer,1.0,58.3935,0.0,55.4554,55.4554,58.3935,89.7317,8.5668,26.9321,1777
2016-05-12 02:00:00,49.07,transfer,1.0,61.3679,0.0,65.3442,65.3442,61.3679,89.732,8.5571,26.9292,1778
2016-05-12 03:00:00,49.12,transfer,1.0,65.7308,0.0,61.4496,61.4496,65.7308,89.7321,8.5433,26.9265,1779
2016-05-12 04:00:00,60.2,transfer,1.0,71.9314,0.0,63.3508,63.3508,71.9314,89.732,8.5539,26.954,1780
2016-05-12 05:00:00,65.68,transfer,1.0,80.6207,0.0,84.0771,84.0771,80.6207,89.7323,8.5466,26.9678,1781
2016-05-12 06:00:00,57.64,transfer,1.0,90.3766,0.0,83.4523,83.4523,90.3766,89.7324,8.5712,27.0184,1782
2016-05-12 07:00:00,80.75,transfer,1.0,97.5247,0.0,112.2903,112.2903,97.5247,89.7322,8.5704,27.0379,1783
2016-05-12 08:00:00,101.61,transfer,1.0,101.5464,0.0,97.4953,97.4953,101.5464,89.7322,8.5662,27.0203,1784
2016-05-12 09:00:00,106.29,transfer,1.0,103.7841,0.0,121.5914,121.5914,103.7841,89.7325,8.5522,26.9993,1785
2016-05-12 10:00:00,109.89,transfer,1.0,104.6386,0.0,92.1534,92.1534,104.6386,89.7326,8.5718,27.0145,1786
2016-05-12 11:00:00,109.11,transfer,1.0,104.7507,0.0,114.2704,114.2704,104.7507,89.7325,8.5885,27.0272,1787
2016-05-12 12:00:00,107.08,transfer,1.0,104.3405,0.0,96.3001,96.3001,104.3405,89.7324,8.5866,27.0566,1788
2016-05-12 13:00:00,98.71,transfer,1.0,103.0664,0.0,93.8659,93.8659,103.0664,89.7324,8.5829,27.0521,1789
2016-05-12 14:00:00,100.32,transfer,1.0,99.9743,0.0,98.6158,98.6158,99.9743,89.7327,8.5837,27.0401,1790
2016-05-12 15:00:00,99.18,transfer,1.0,93.2831,0.0,99.691,99.691,93.2831,89.7327,8.6182,27.0601,1791
2016-05-12 16:00:00,95.3,transfer,1.0,83.2789,0.0,83.4146,83.4146,83.2789,89.7327,8.6863,27.0698,1792
2016-05-12 17:00:00,77.64,transfer,1.0,73.7906,0.0,85.0069,85.0069,73.7906,89.7327,8.6674,27.0911,1793
2016-05-12 18:00:00,58.53,transfer,1.0,67.1521,0.0,54.8676,54.8676,67.1521,89.7329,8.7121,27.1288,1794
2016-05-12 19:00:00,57.32,transfer,1.0,62.1535,0.0,61.9891,61.9891,62.1535,89.7333,8.7284,27.1392,1795
2016-05-12 20:00:00,53.82,transfer,1.0,59.1824,0.0,56.6692,56.6692,59.1824,89.7326,8.7569,27.1738,1796
2016-05-12 21:00:00,48.62,transfer,1.0,57.7813,0.0,61.0471,61.0471,57.7813,89.7325,8.7704,27.1881,1797
2016-05-12 22:00:00,49.58,transfer,1.0,57.2059,0.0,60.9078,60.9078,57.2059,89.7324,8.7805,27.2005,1798
2016-05-12 23:00:00,48.55,transfer,1.0,57.2256,0.0,61.7646,61.7646,57.2256,89.7323,8.7892,27.2123,1799
2016-05-13 00:00:00,48.16,transfer,1.0,58.1043,0.0,67.7786,67.7786,58.1043,89.7324,8.7943,27.222,1800
2016-05-13 01:00:00,48.03,transfer,1.0,59.4764,0.0,70.3168,70.3168,59.4764,89.7323,8.7996,27.2338,1801
2016-05-13 02:00:00,48.06,transfer,1.0,61.7159,0.0,60.3664,60.3664,61.7159,89.7325,8.8002,27.2433,1802
2016-05-13 03:00:00,48.49,transfer,1.0,65.0344,0.0,61.9157,61.9157,65.0344,89.7324,8.798,27.2541,1803
2016-05-13 04:00:00,64.38,transfer,1.0,69.7844,0.0,68.7976,68.7976,69.7844,89.7325,8.7759,27.2497,1804
2016-05-13 05:00:00,64.5,transfer,1.0,76.6472,0.0,78.2224,78.2224,76.6472,89.7326,8.7756,27.273,1805
2016-05-13 06:00:00,62.67,transfer,1.0,86.1916,0.0,109.0236,109.0236,86.1916,89.7327,8.7826,27.3035,1806
2016-05-13 07:00:00,85.57,transfer,1.0,93.9349,0.0,96.0714,96.0714,93.9349,89.7328,8.6508,27.1945,1807
2016-05-13 08:00:00,106.06,transfer,1.0,99.0716,0.0,91.3963,91.3963,99.0716,89.7326,8.5044,27.1765,1808
2016-05-13 09:00:00,110.89,transfer,1.0,102.343,0.0,94.6643,94.6643,102.343,89.7327,8.3596,27.1882,1809
2016-05-13 10:00:00,111.98,transfer,1.0,103.8193,0.0,114.1374,114.1374,103.8193,89.7326,8.231,27.2259,1810
2016-05-13 11:00:00,108.21,transfer,1.0,104.1734,0.0,100.6425,100.6425,104.1734,89.7325,8.0792,27.2342,1811
2016-05-13 12:00:00,110.74,transfer,1.0,103.693,0.0,115.28,115.28,103.693,89.7324,7.9842,27.2683,1812
2016-05-13 13:00:00,116.95,transfer,1.0,101.903,0.0,108.0583,108.0583,101.903,89.7324,8.0172,27.365,1813
2016-05-13 14:00:00,121.41,transfer,1.0,97.8259,0.0,106.4757,106.4757,97.8259,89.7323,8.1342,27.4942,1814
2016-05-13 15:00:00,106.34,transfer,1.0,91.7624,0.0,80.8101,80.8101,91.7624,89.7323,8.1449,27.5367,1815
2016-05-13 16:00:00,95.41,transfer,1.0,84.8845,0.0,81.5629,81.5629,84.8845,89.7324,8.1541,27.4649,1816
2016-05-13 17:00:00,88.31,transfer,1.0,76.6048,0.0,83.4108,83.4108,76.6048,89.7324,8.191,27.3354,1817
2016-05-13 18:00:00,67.54,transfer,1.0,68.8226,0.0,71.1186,71.1186,68.8226,89.7325,8.1535,27.2402,1818
2016-05-13 19:00:00,64.05,transfer,1.0,63.2511,0.0,66.8109,66.8109,63.2511,89.7326,8.1153,27.1572,1819
2016-05-13 20:00:00,69.98,transfer,1.0,60.0053,0.0,60.5347,60.5347,60.0053,89.732,8.162,27.0635,1820
2016-05-13 21:00:00,70.08,transfer,1.0,58.1468,0.0,47.144,47.144,58.1468,89.7317,8.2108,26.9569,1821
2016-05-13 22:00:00,71.68,transfer,1.0,57.6368,0.0,54.3172,54.3172,57.6368,89.7317,8.2794,26.8489,1822
2016-05-13 23:00:00,70.7,transfer,1.0,58.0528,0.0,52.1691,52.1691,58.0528,89.7317,8.3285,26.7396,1823
2016-05-14 00:00:00,70.3,transfer,1.0,59.1343,0.0,52.7711,52.7711,59.1343,89.7313,8.3594,26.631,1824
2016-05-14 01:00:00,69.79,transfer,1.0,59.4392,0.0,41.1599,41.1599,59.4392,89.7312,8.3831,26.5238,1825
2016-05-14 02:00:00,70.56,transfer,1.0,59.9155,0.0,64.6589,64.6589,59.9155,89.7313,8.4047,26.4099,1826
2016-05-14 03:00:00,70.5,transfer,1.0,60.9558,0.0,55.4331,55.4331,60.9558,89.7313,8.4167,26.2985,1827
2016-05-14 04:00:00,79.75,transfer,1.0,64.151,0.0,67.8171,67.8171,64.151,89.7321,8.4739,26.22,1828
2016-05-14 05:00:00,76.85,transfer,1.0,68.2454,0.0,69.4229,69.4229,68.2454,89.7319,8.4535,26.2048,1829
2016-05-14 06:00:00,71.67,transfer,1.0,73.5071,0.0,74.3135,74.3135,73.5071,89.7323,8.4605,26.1645,1830
2016-05-14 07:00:00,72.09,transfer,1.0,78.2393,0.0,82.408,82.408,78.2393,89.7318,8.4561,26.1093,1831
2016-05-14 08:00:00,76.17,transfer,1.0,81.7545,0.0,92.2883,92.2883,81.7545,89.7305,8.4357,26.0328,1832
2016-05-14 09:00:00,75.06,transfer,1.0,82.864,0.0,76.5249,76.5249,82.864,89.7309,8.4498,25.9821,1833
2016-05-14 10:00:00,78.75,transfer,1.0,82.3792,0.0,92.0718,92.0718,82.3792,89.7318,8.4413,25.9046,1834
2016-05-14 11:00:00,76.49,transfer,1.0,80.8085,0.0,83.2409,83.2409,80.8085,89.7325,8.4139,25.8115,1835
2016-05-14 12:00:00,75.02,transfer,1.0,78.9408,0.0,68.2285,68.2285,78.9408,89.7329,8.3853,25.7217,1836
2016-05-14 13:00:00,74.31,transfer,1.0,76.7382,0.0,73.0382,73.0382,76.7382,89.7331,8.3626,25.641,1837
2016-05-14 14:00:00,69.96,transfer,1.0,74.3124,0.0,80.8304,80.8304,74.3124,89.7333,8.3537,25.5783,1838
2016-05-14 15:00:00,71.12,transfer,1.0,71.5953,0.0,71.8293,71.8293,71.5953,89.7336,8.3335,25.5104,1839
2016-05-14 16:00:00,69.88,transfer,1.0,68.6325,0.0,67.0037,67.0037,68.6325,89.7338,8.3235,25.4465,1840
2016-05-14 17:00:00,70.85,transfer,1.0,66.6741,0.0,63.2143,63.2143,66.6741,89.7342,8.3462,25.3879,1841
2016-05-14 18:00:00,58.15,transfer,1.0,64.7346,0.0,67.2543,67.2543,64.7346,89.7338,8.3391,25.3487,1842
2016-05-14 19:00:00,56.61,transfer,1.0,62.7361,0.0,70.9557,70.9557,62.7361,89.7337,8.3246,25.3077,1843
2016-05-14 20:00:00,60.93,transfer,1.0,61.6813,0.0,67.6333,67.6333,61.6813,89.734,8.3103,25.2687,1844
2016-05-14 21:00:00,64.4,transfer,1.0,60.4721,0.0,55.0308,55.0308,60.4721,89.7338,8.3072,25.1965,1845
2016-05-14 22:00:00,65.08,transfer,1.0,59.9994,0.0,65.3907,65.3907,59.9994,89.7337,8.3184,25.1258,1846
2016-05-14 23:00:00,64.07,transfer,1.0,60.0855,0.0,67.1934,67.1934,60.0855,89.7336,8.3169,25.0544,1847
2016-05-15 00:00:00,63.82,transfer,1.0,60.4517,0.0,56.6025,56.6025,60.4517,89.7338,8.3102,24.9833,1848
2016-05-15 01:00:00,63.69,transfer,1.0,61.111,0.0,65.3095,65.3095,61.111,89.7337,8.2948,24.9114,1849
2016-05-15 02:00:00,61.03,transfer,1.0,62.2103,0.0,62.9155,62.9155,62.2103,89.7338,8.2667,24.8554,1850
2016-05-15 03:00:00,54.47,transfer,1.0,63.6906,0.0,66.7751,66.7751,63.6906,89.7339,8.283,24.8407,1851
2016-05-15 04:00:00,65.27,transfer,1.0,65.0719,0.0,55.6001,55.6001,65.0719,89.7338,8.2613,24.8316,1852
2016-05-15 05:00:00,64.74,transfer,1.0,66.715,0.0,62.5273,62.5273,66.715,89.7338,8.2264,24.8602,1853
2016-05-15 06:00:00,59.01,transfer,1.0,69.3704,0.0,69.3841,69.3841,69.3704,89.7337,8.2783,24.8838,1854
2016-05-15 07:00:00,55.12,transfer,1.0,72.0317,0.0,65.7841,65.7841,72.0317,89.7336,8.3241,24.9073,1855
2016-05-15 08:00:00,55.12,transfer,1.0,74.3335,0.0,77.5364,77.5364,74.3335,89.734,8.3696,24.9326,1856
2016-05-15 09:00:00,55.5,transfer,1.0,74.4416,0.0,78.2729,78.2729,74.4416,89.7346,8.4124,24.9562,1857
2016-05-15 10:00:00,56.12,transfer,1.0,73.7464,0.0,77.0822,77.0822,73.7464,89.7349,8.4576,24.9835,1858
2016-05-15 11:00:00,56.76,transfer,1.0,72.8374,0.0,74.0832,74.0832,72.8374,89.735,8.4908,24.9985,1859
2016-05-15 12:00:00,55.98,transfer,1.0,71.4502,0.0,75.3535,75.3535,71.4502,89.7349,8.5194,25.0108,1860
2016-05-15 13:00:00,54.18,transfer,1.0,70.2118,0.0,69.476,69.476,70.2118,89.735,8.5724,25.0472,1861
2016-05-15 14:00:00,54.49,transfer,1.0,68.6833,0.0,72.7962,72.7962,68.6833,89.7351,8.6381,25.0955,1862
2016-05-15 15:00:00,57.22,transfer,1.0,66.6304,0.0,62.1663,62.1663,66.6304,89.7347,8.6864,25.1305,1863
2016-05-15 16:00:00,57.22,transfer,1.0,65.2275,0.0,52.3754,52.3754,65.2275,89.7348,8.7293,25.1719,1864
2016-05-15 17:00:00,56.0,transfer,1.0,63.6609,0.0,65.9935,65.9935,63.6609,89.7347,8.7656,25.2173,1865
2016-05-15 18:00:00,46.71,transfer,1.0,62.3555,0.0,70.1019,70.1019,62.3555,89.7347,8.7952,25.2382,1866
2016-05-15 19:00:00,45.74,transfer,1.0,60.4549,0.0,70.3018,70.3018,60.4549,89.7345,8.8201,25.2594,1867
2016-05-15 20:00:00,52.02,transfer,1.0,59.3143,0.0,64.7313,64.7313,59.3143,89.734,8.8279,25.2652,1868
2016-05-15 21:00:00,54.75,transfer,1.0,58.2929,0.0,53.819,53.819,58.2929,89.7337,8.8106,25.2463,1869
2016-05-15 22:00:00,55.64,transfer,1.0,57.7982,0.0,69.7989,69.7989,57.7982,89.7336,8.7963,25.2305,1870
2016-05-15 23:00:00,54.6,transfer,1.0,57.657,0.0,59.7013,59.7013,57.657,89.7334,8.7829,25.2155,1871
2016-05-16 00:00:00,54.42,transfer,1.0,57.5774,0.0,53.4334,53.4334,57.5774,89.733,8.7684,25.2002,1872
2016-05-16 01:00:00,54.37,transfer,1.0,58.9519,0.0,60.0993,60.0993,58.9519,89.7334,8.7533,25.1851,1873
2016-05-16 02:00:00,54.33,transfer,1.0,61.1648,0.0,57.3853,57.3853,61.1648,89.7333,8.7363,25.1698,1874
2016-05-16 03:00:00,54.67,transfer,1.0,64.0566,0.0,75.6644,75.6644,64.0566,89.7332,8.7153,25.1534,1875
2016-05-16 04:00:00,66.22,transfer,1.0,67.8775,0.0,73.2591,73.2591,67.8775,89.7334,8.6744,25.1207,1876
2016-05-16 05:00:00,67.33,transfer,1.0,73.326,0.0,73.3466,73.3466,73.326,89.7336,8.6337,25.0899,1877
2016-05-16 06:00:00,59.75,transfer,1.0,80.7987,0.0,87.7017,87.7017,80.7987,89.7337,8.6145,25.0771,1878
2016-05-16 07:00:00,85.22,transfer,1.0,87.7048,0.0,77.2882,77.2882,87.7048,89.7338,8.5345,24.9996,1879
2016-05-16 08:00:00,105.79,transfer,1.0,93.7822,0.0,86.9434,86.9434,93.7822,89.7337,8.5853,25.0941,1880
2016-05-16 09:00:00,109.72,transfer,1.0,99.7076,0.0,92.8681,92.8681,99.7076,89.7338,8.5991,25.2092,1881
2016-05-16 10:00:00,104.95,transfer,1.0,102.8947,0.0,100.1675,100.1675,102.8947,89.7338,8.5428,25.2979,1882
2016-05-16 11:00:00,106.73,transfer,1.0,103.8671,0.0,102.9468,102.9468,103.8671,89.7334,8.5025,25.3858,1883
2016-05-16 12:00:00,106.94,transfer,1.0,103.6956,0.0,95.3257,95.3257,103.6956,89.7333,8.4503,25.4784,1884
2016-05-16 13:00:00,101.53,transfer,1.0,102.2861,0.0,107.4329,107.4329,102.2861,89.7333,8.3866,25.5119,1885
2016-05-16 14:00:00,107.5,transfer,1.0,98.4738,0.0,118.1916,118.1916,98.4738,89.7334,8.4388,25.5913,1886
2016-05-16 15:00:00,103.51,transfer,1.0,90.2647,0.0,96.9917,96.9917,90.2647,89.733,8.465,25.6342,1887
2016-05-16 16:00:00,90.23,transfer,1.0,80.2712,0.0,74.4655,74.4655,80.2712,89.7327,8.4894,25.5382,1888
2016-05-16 17:00:00,83.78,transfer,1.0,72.2455,0.0,72.0358,72.0358,72.2455,89.7331,8.5256,25.4473,1889
2016-05-16 18:00:00,62.85,transfer,1.0,65.8604,0.0,62.6308,62.6308,65.8604,89.733,8.5166,25.4028,1890
2016-05-16 19:00:00,56.8,transfer,1.0,61.4476,0.0,66.2696,66.2696,61.4476,89.7333,8.4953,25.3583,1891
2016-05-16 20:00:00,58.59,transfer,1.0,59.54,0.0,60.7599,60.7599,59.54,89.7332,8.4588,25.3027,1892
2016-05-16 21:00:00,57.54,transfer,1.0,58.6528,0.0,64.9521,64.9521,58.6528,89.733,8.4184,25.2441,1893
2016-05-16 22:00:00,58.28,transfer,1.0,58.6542,0.0,61.6643,61.6643,58.6542,89.7327,8.3804,25.1857,1894
2016-05-16 23:00:00,57.18,transfer,1.0,59.3583,0.0,52.8856,52.8856,59.3583,89.7328,8.3465,25.1285,1895
2016-05-17 00:00:00,57.56,transfer,1.0,60.9155,0.0,66.3046,66.3046,60.9155,89.7329,8.3143,25.0688,1896
2016-05-17 01:00:00,57.25,transfer,1.0,63.668,0.0,73.0,73.0,63.668,89.7329,8.2873,25.0078,1897
2016-05-17 02:00:00,57.22,transfer,1.0,67.9079,0.0,63.4573,63.4573,67.9079,89.7329,8.2685,24.9459,1898
2016-05-17 03:00:00,57.49,transfer,1.0,73.4942,0.0,72.0731,72.0731,73.4942,89.7328,8.2589,24.8838,1899
2016-05-17 04:00:00,63.42,transfer,1.0,80.6322,0.0,74.2322,74.2322,80.6322,89.7328,8.2846,24.8483,1900
2016-05-17 05:00:00,64.14,transfer,1.0,89.0982,0.0,94.5837,94.5837,89.0982,89.7328,8.3373,24.8324,1901
2016-05-17 06:00:00,57.08,transfer,1.0,96.3765,0.0,101.8837,101.8837,96.3765,89.7329,8.405,24.8422,1902
2016-05-17 07:00:00,82.78,transfer,1.0,100.59,0.0,93.1597,93.1597,100.59,89.733,8.4253,24.8222,1903
2016-05-17 08:00:00,99.99,transfer,1.0,103.0225,0.0,114.9734,114.9734,103.0225,89.7332,8.4286,24.8116,1904
2016-05-17 09:00:00,104.04,transfer,1.0,104.5397,0.0,107.7828,107.7828,104.5397,89.7339,8.3986,24.7862,1905
2016-05-17 10:00:00,104.85,transfer,1.0,105.0555,0.0,86.6007,86.6007,105.0555,89.7342,8.3831,24.7732,1906
2016-05-17 11:00:00,104.87,transfer,1.0,105.0238,0.0,115.0754,115.0754,105.0238,89.734,8.3729,24.7643,1907
2016-05-17 12:00:00,102.37,transfer,1.0,104.5305,0.0,103.077,103.077,104.5305,89.734,8.3673,24.7727,1908
2016-05-17 13:00:00,99.89,transfer,1.0,103.1009,0.0,117.9775,117.9775,103.1009,89.7342,8.3513,24.7933,1909
2016-05-17 14:00:00,98.34,transfer,1.0,99.0302,0.0,114.4353,114.4353,99.0302,89.7342,8.3148,24.7588,1910
2016-05-17 15:00:00,100.49,transfer,1.0,90.9914,0.0,102.0038,102.0038,90.9914,89.7342,8.3272,24.792,1911
2016-05-17 16:00:00,84.62,transfer,1.0,80.4307,0.0,98.8688,98.8688,80.4307,89.7342,8.2823,24.8175,1912
2016-05-17 17:00:00,74.27,transfer,1.0,71.3701,0.0,73.4175,73.4175,71.3701,89.734,8.2547,24.826,1913
2016-05-17 18:00:00,59.13,transfer,1.0,64.6528,0.0,70.8286,70.8286,64.6528,89.7336,8.2549,24.8113,1914
2016-05-17 19:00:00,54.01,transfer,1.0,60.4404,0.0,69.5799,69.5799,60.4404,89.7339,8.2534,24.7957,1915
2016-05-17 20:00:00,58.36,transfer,1.0,58.2825,0.0,46.6233,46.6233,58.2825,89.7331,8.2257,24.7527,1916
2016-05-17 21:00:00,55.93,transfer,1.0,57.262,0.0,68.0584,68.0584,57.262,89.7328,8.1951,24.7061,1917
2016-05-17 22:00:00,57.1,transfer,1.0,57.2704,0.0,40.8891,40.8891,57.2704,89.7325,8.1632,24.6552,1918
2016-05-17 23:00:00,56.29,transfer,1.0,58.1247,0.0,69.585,69.585,58.1247,89.7326,8.1326,24.6019,1919
2016-05-18 00:00:00,55.96,transfer,1.0,59.7462,0.0,56.9992,56.9992,59.7462,89.7325,8.1064,24.5499,1920
2016-05-18 01:00:00,55.91,transfer,1.0,62.3659,0.0,65.2636,65.2636,62.3659,89.7324,8.0845,24.4988,1921
2016-05-18 02:00:00,55.82,transfer,1.0,66.3148,0.0,71.4546,71.4546,66.3148,89.7324,8.0616,24.4471,1922
2016-05-18 03:00:00,55.73,transfer,1.0,71.9066,0.0,82.6419,82.6419,71.9066,89.7325,8.0441,24.3975,1923
2016-05-18 04:00:00,64.69,transfer,1.0,79.0502,0.0,75.7892,75.7892,79.0502,89.7325,8.0595,24.3749,1924
2016-05-18 05:00:00,65.55,transfer,1.0,87.9626,0.0,76.672,76.672,87.9626,89.7328,8.084,24.3574,1925
2016-05-18 06:00:00,58.57,transfer,1.0,96.0307,0.0,81.5043,81.5043,96.0307,89.7329,8.1165,24.3575,1926
2016-05-18 07:00:00,80.94,transfer,1.0,100.7856,0.0,97.9917,97.9917,100.7856,89.7331,8.1045,24.3257,1927
2016-05-18 08:00:00,99.28,transfer,1.0,103.198,0.0,95.9981,95.9981,103.198,89.733,8.1209,24.3058,1928
2016-05-18 09:00:00,109.93,transfer,1.0,104.5693,0.0,87.8081,87.8081,104.5693,89.7336,8.1348,24.3254,1929
2016-05-18 10:00:00,108.69,transfer,1.0,105.0819,0.0,116.8924,116.8924,105.0819,89.7336,8.1514,24.345,1930
2016-05-18 11:00:00,103.05,transfer,1.0,105.169,0.0,97.0732,97.0732,105.169,89.7337,8.1421,24.3131,1931
2016-05-18 12:00:00,102.01,transfer,1.0,104.9108,0.0,107.7047,107.7047,104.9108,89.7336,8.1323,24.2724,1932
2016-05-18 13:00:00,97.52,transfer,1.0,104.0138,0.0,115.9412,115.9412,104.0138,89.7336,8.1647,24.2336,1933
2016-05-18 14:00:00,102.12,transfer,1.0,101.4545,0.0,110.1655,110.1655,101.4545,89.7335,8.1202,24.1987,1934
2016-05-18 15:00:00,99.38,transfer,1.0,95.427,0.0,111.3026,111.3026,95.427,89.7335,8.0865,24.1789,1935
2016-05-18 16:00:00,88.66,transfer,1.0,86.218,0.0,84.5057,84.5057,86.218,89.7334,8.0715,24.1806,1936
2016-05-18 17:00:00,84.64,transfer,1.0,76.4836,0.0,84.0228,84.0228,76.4836,89.7334,8.0828,24.1545,1937
2016-05-18 18:00:00,66.32,transfer,1.0,68.6376,0.0,73.7556,73.7556,68.6376,89.7335,8.0807,24.1317,1938
2016-05-18 19:00:00,61.6,transfer,1.0,63.6424,0.0,60.1687,60.1687,63.6424,89.7336,8.0709,24.099,1939
2016-05-18 20:00:00,63.45,transfer,1.0,61.1562,0.0,71.3951,71.3951,61.1562,89.7332,8.0746,24.0521,1940
2016-05-18 21:00:00,56.81,transfer,1.0,60.0101,0.0,54.7418,54.7418,60.0101,89.7329,8.0577,24.011,1941
2016-05-18 22:00:00,57.6,transfer,1.0,60.1948,0.0,60.9562,60.9562,60.1948,89.7332,8.0442,23.9692,1942
2016-05-18 23:00:00,56.06,transfer,1.0,61.1312,0.0,67.8377,67.8377,61.1312,89.7333,8.0378,23.9304,1943
2016-05-19 00:00:00,55.62,transfer,1.0,62.9412,0.0,58.4938,58.4938,62.9412,89.7332,8.0376,23.8928,1944
2016-05-19 01:00:00,55.47,transfer,1.0,65.3062,0.0,64.5771,64.5771,65.3062,89.733,8.0409,23.855,1945
2016-05-19 02:00:00,55.46,transfer,1.0,68.91,0.0,67.9672,67.9672,68.91,89.733,8.0478,23.817,1946
2016-05-19 03:00:00,55.89,transfer,1.0,74.0814,0.0,75.2628,75.2628,74.0814,89.7331,8.0572,23.7767,1947
2016-05-19 04:00:00,64.94,transfer,1.0,80.6155,0.0,77.198,77.198,80.6155,89.733,8.0807,23.7485,1948
2016-05-19 05:00:00,68.4,transfer,1.0,88.7099,0.0,92.6687,92.6687,88.7099,89.733,8.1126,23.7323,1949
2016-05-19 06:00:00,61.14,transfer,1.0,96.5481,0.0,113.5041,113.5041,96.5481,89.7333,8.1285,23.7115,1950
2016-05-19 07:00:00,83.67,transfer,1.0,101.0163,0.0,109.7681,109.7681,101.0163,89.7333,8.132,23.6941,1951
2016-05-19 08:00:00,107.22,transfer,1.0,103.4155,0.0,101.6078,101.6078,103.4155,89.7331,8.1542,23.7275,1952
2016-05-19 09:00:00,112.52,transfer,1.0,104.6685,0.0,102.7211,102.7211,104.6685,89.7332,8.186,23.7646,1953
2016-05-19 10:00:00,105.79,transfer,1.0,105.1589,0.0,85.6918,85.6918,105.1589,89.7331,8.1585,23.7402,1954
2016-05-19 11:00:00,104.92,transfer,1.0,105.2084,0.0,118.6081,118.6081,105.2084,89.733,8.1343,23.7152,1955
2016-05-19 12:00:00,107.97,transfer,1.0,104.8785,0.0,101.4941,101.4941,104.8785,89.7329,8.1364,23.7205,1956
2016-05-19 13:00:00,101.23,transfer,1.0,103.881,0.0,112.5085,112.5085,103.881,89.7328,8.1262,23.7355,1957
2016-05-19 14:00:00,108.5,transfer,1.0,101.4528,0.0,90.9589,90.9589,101.4528,89.7328,8.1661,23.7842,1958
2016-05-19 15:00:00,105.97,transfer,1.0,96.2374,0.0,104.3528,104.3528,96.2374,89.7326,8.189,23.8246,1959
2016-05-19 16:00:00,96.58,transfer,1.0,88.6769,0.0,97.0595,97.0595,88.6769,89.7326,8.1645,23.8323,1960
2016-05-19 17:00:00,87.34,transfer,1.0,80.5374,0.0,91.3763,91.3763,80.5374,89.7326,8.182,23.7745,1961
2016-05-19 18:00:00,65.96,transfer,1.0,73.3426,0.0,63.1638,63.1638,73.3426,89.7328,8.1747,23.7303,1962
2016-05-19 19:00:00,61.43,transfer,1.0,67.6131,0.0,65.5005,65.5005,67.6131,89.7331,8.1827,23.7058,1963
2016-05-19 20:00:00,62.78,transfer,1.0,63.8732,0.0,55.9802,55.9802,63.8732,89.7326,8.1573,23.6525,1964
2016-05-19 21:00:00,56.2,transfer,1.0,61.8545,0.0,65.2892,65.2892,61.8545,89.7322,8.1364,23.6074,1965
2016-05-19 22:00:00,56.87,transfer,1.0,61.1653,0.0,69.4289,69.4289,61.1653,89.7318,8.1166,23.564,1966
2016-05-19 23:00:00,55.97,transfer,1.0,61.1429,0.0,52.4837,52.4837,61.1429,89.7317,8.0957,23.5198,1967
2016-05-20 00:00:00,55.58,transfer,1.0,61.9525,0.0,60.5148,60.5148,61.9525,89.7318,8.0745,23.4756,1968
2016-05-20 01:00:00,55.3,transfer,1.0,63.2553,0.0,69.4615,69.4615,63.2553,89.7318,8.0537,23.4324,1969
2016-05-20 02:00:00,55.96,transfer,1.0,65.3978,0.0,67.5229,67.5229,65.3978,89.7317,8.0286,23.3853,1970
2016-05-20 03:00:00,56.08,transfer,1.0,68.5514,0.0,67.5498,67.5498,68.5514,89.7316,8.0043,23.3401,1971
2016-05-20 04:00:00,64.84,transfer,1.0,73.2677,0.0,75.7047,75.7047,73.2677,89.7319,8.0223,23.3374,1972
2016-05-20 05:00:00,68.69,transfer,1.0,79.9094,0.0,82.4738,82.4738,79.9094,89.732,8.0168,23.3125,1973
2016-05-20 06:00:00,61.74,transfer,1.0,87.952,0.0,95.3573,95.3573,87.952,89.732,8.0328,23.318,1974
2016-05-20 07:00:00,80.48,transfer,1.0,94.9656,0.0,74.2027,74.2027,94.9656,89.7324,8.0693,23.3483,1975
2016-05-20 08:00:00,99.52,transfer,1.0,99.5893,0.0,105.966,105.966,99.5893,89.7323,8.0281,23.3094,1976
2016-05-20 09:00:00,112.36,transfer,1.0,102.3927,0.0,97.092,97.092,102.3927,89.7327,8.0365,23.3181,1977
2016-05-20 10:00:00,109.91,transfer,1.0,103.59,0.0,103.6974,103.6974,103.59,89.7327,8.0256,23.3058,1978
2016-05-20 11:00:00,108.2,transfer,1.0,103.8808,0.0,105.872,105.872,103.8808,89.7328,8.0273,23.3057,1979
2016-05-20 12:00:00,105.66,transfer,1.0,103.3089,0.0,118.3937,118.3937,103.3089,89.7324,7.9993,23.2755,1980
2016-05-20 13:00:00,100.06,transfer,1.0,101.6504,0.0,91.4233,91.4233,101.6504,89.7324,7.9192,23.175,1981
2016-05-20 14:00:00,96.64,transfer,1.0,98.0831,0.0,94.1963,94.1963,98.0831,89.7325,7.7874,23.0275,1982
2016-05-20 15:00:00,91.87,transfer,1.0,91.7081,0.0,102.0171,102.0171,91.7081,89.7328,7.7016,22.9414,1983
2016-05-20 16:00:00,87.29,transfer,1.0,83.0328,0.0,90.9858,90.9858,83.0328,89.7329,7.6643,22.9221,1984
2016-05-20 17:00:00,79.62,transfer,1.0,74.7677,0.0,78.3371,78.3371,74.7677,89.7332,7.6235,22.9739,1985
2016-05-20 18:00:00,61.82,transfer,1.0,69.0034,0.0,72.6604,72.6604,69.0034,89.7335,7.6586,23.0079,1986
2016-05-20 19:00:00,57.19,transfer,1.0,65.0571,0.0,65.3882,65.3882,65.0571,89.7338,7.7007,23.0488,1987
2016-05-20 20:00:00,58.49,transfer,1.0,62.7357,0.0,64.1891,64.1891,62.7357,89.7331,7.6666,23.1171,1988
2016-05-20 21:00:00,59.74,transfer,1.0,61.5238,0.0,61.5723,61.5723,61.5238,89.7329,7.6062,23.1787,1989
2016-05-20 22:00:00,60.57,transfer,1.0,61.3733,0.0,69.463,69.463,61.3733,89.7331,7.5274,23.2448,1990
2016-05-20 23:00:00,59.4,transfer,1.0,62.1083,0.0,62.1984,62.1984,62.1083,89.733,7.4682,23.3121,1991
2016-05-21 00:00:00,59.1,transfer,1.0,63.432,0.0,65.9175,65.9175,63.432,89.7329,7.4275,23.3788,1992
2016-05-21 01:00:00,58.71,transfer,1.0,63.1275,0.0,67.6223,67.6223,63.1275,89.7324,7.3922,23.4447,1993
2016-05-21 02:00:00,58.78,transfer,1.0,63.1571,0.0,76.1513,76.1513,63.1571,89.7324,7.3549,23.5149,1994
2016-05-21 03:00:00,59.22,transfer,1.0,63.7991,0.0,48.9671,48.9671,63.7991,89.7325,7.3254,23.582,1995
2016-05-21 04:00:00,70.39,transfer,1.0,65.202,0.0,77.4611,77.4611,65.202,89.7325,7.2634,23.6377,1996
2016-05-21 05:00:00,72.62,transfer,1.0,67.4689,0.0,65.3771,65.3771,67.4689,89.7325,7.2428,23.6629,1997
2016-05-21 06:00:00,65.04,transfer,1.0,71.0334,0.0,85.8255,85.8255,71.0334,89.7327,7.2676,23.7024,1998
2016-05-21 07:00:00,65.18,transfer,1.0,74.9955,0.0,68.5635,68.5635,74.9955,89.7332,7.2894,23.7435,1999
2016-05-21 08:00:00,62.14,transfer,1.0,78.0665,0.0,63.7801,63.7801,78.0665,89.7332,7.351,23.8271,2000
2016-05-21 09:00:00,60.35,transfer,1.0,78.7451,0.0,71.69,71.69,78.7451,89.7326,7.414,23.9146,2001
2016-05-21 10:00:00,61.9,transfer,1.0,74.3734,0.0,65.8297,65.8297,74.3734,89.733,7.4666,24.0149,2002
2016-05-21 11:00:00,62.69,transfer,1.0,71.3965,0.0,65.4717,65.4717,71.3965,89.7333,7.4928,24.0971,2003
2016-05-21 12:00:00,58.0,transfer,1.0,69.4643,0.0,71.677,71.677,69.4643,89.7335,7.5377,24.1984,2004
2016-05-21 13:00:00,61.27,transfer,1.0,68.1143,0.0,56.1456,56.1456,68.1143,89.7337,7.564,24.276,2005
2016-05-21 14:00:00,59.15,transfer,1.0,66.4716,0.0,67.3746,67.3746,66.4716,89.7337,7.5816,24.3404,2006
2016-05-21 15:00:00,58.09,transfer,1.0,64.8938,0.0,74.2204,74.2204,64.8938,89.7336,7.6193,24.4179,2007
2016-05-21 16:00:00,58.28,transfer,1.0,63.5826,0.0,60.3702,60.3702,63.5826,89.7337,7.6434,24.487,2008
2016-05-21 17:00:00,61.63,transfer,1.0,62.236,0.0,66.9861,66.9861,62.236,89.7339,7.6222,24.5418,2009
2016-05-21 18:00:00,51.21,transfer,1.0,61.0204,0.0,67.5458,67.5458,61.0204,89.7341,7.6414,24.5832,2010
2016-05-21 19:00:00,51.66,transfer,1.0,59.6748,0.0,62.9219,62.9219,59.6748,89.734,7.6526,24.6126,2011
2016-05-21 20:00:00,58.34,transfer,1.0,58.9198,0.0,64.477,64.477,58.9198,89.7337,7.6516,24.628,2012
2016-05-21 21:00:00,53.51,transfer,1.0,58.1008,0.0,63.0591,63.0591,58.1008,89.7335,7.6556,24.6929,2013
2016-05-21 22:00:00,54.51,transfer,1.0,57.8905,0.0,53.9005,53.9005,57.8905,89.7336,7.6454,24.7558,2014
2016-05-21 23:00:00,53.35,transfer,1.0,57.6754,0.0,61.9211,61.9211,57.6754,89.7334,7.6475,24.8196,2015
2016-05-22 00:00:00,53.18,transfer,1.0,57.6146,0.0,63.2807,63.2807,57.6146,89.7333,7.6538,24.8829,2016
2016-05-22 01:00:00,53.13,transfer,1.0,57.8669,0.0,49.3933,49.3933,57.8669,89.7334,7.6667,24.9458,2017
2016-05-22 02:00:00,52.86,transfer,1.0,58.4874,0.0,63.7731,63.7731,58.4874,89.7334,7.6931,24.9944,2018
2016-05-22 03:00:00,53.44,transfer,1.0,59.4559,0.0,54.2073,54.2073,59.4559,89.7334,7.674,25.0005,2019
2016-05-22 04:00:00,63.94,transfer,1.0,60.8091,0.0,71.1387,71.1387,60.8091,89.7334,7.6915,25.0084,2020
2016-05-22 05:00:00,71.09,transfer,1.0,62.7419,0.0,60.853,60.853,62.7419,89.7333,7.7294,24.9706,2021
2016-05-22 06:00:00,63.66,transfer,1.0,65.7953,0.0,63.1047,63.1047,65.7953,89.7336,7.6805,24.943,2022
2016-05-22 07:00:00,60.78,transfer,1.0,69.6045,0.0,64.4505,64.4505,69.6045,89.7337,7.6323,24.9093,2023
2016-05-22 08:00:00,61.06,transfer,1.0,72.1117,0.0,64.5483,64.5483,72.1117,89.7334,7.5838,24.8739,2024
2016-05-22 09:00:00,60.1,transfer,1.0,71.7535,0.0,86.9438,86.9438,71.7535,89.7337,7.5404,24.8465,2025
2016-05-22 10:00:00,60.49,transfer,1.0,70.5005,0.0,85.6716,85.6716,70.5005,89.7337,7.495,24.8205,2026
2016-05-22 11:00:00,59.22,transfer,1.0,69.187,0.0,74.8958,74.8958,69.187,89.7336,7.4587,24.8059,2027
2016-05-22 12:00:00,59.87,transfer,1.0,67.8941,0.0,59.3597,59.3597,67.8941,89.7336,7.4144,24.7827,2028
2016-05-22 13:00:00,57.98,transfer,1.0,66.4997,0.0,58.682,58.682,66.4997,89.7336,7.3696,24.7601,2029
2016-05-22 14:00:00,60.12,transfer,1.0,65.2677,0.0,61.4135,61.4135,65.2677,89.7337,7.3158,24.7265,2030
2016-05-22 15:00:00,61.33,transfer,1.0,63.9661,0.0,75.1828,75.1828,63.9661,89.7337,7.2755,24.7021,2031
2016-05-22 16:00:00,60.21,transfer,1.0,62.5752,0.0,51.5913,51.5913,62.5752,89.7337,7.2419,24.6843,2032
2016-05-22 17:00:00,58.1,transfer,1.0,61.5787,0.0,67.3912,67.3912,61.5787,89.7338,7.217,24.6718,2033
2016-05-22 18:00:00,51.3,transfer,1.0,60.3658,0.0,53.6051,53.6051,60.3658,89.7339,7.1778,24.6444,2034
2016-05-22 19:00:00,53.47,transfer,1.0,59.1864,0.0,61.073,61.073,59.1864,89.7341,7.1243,24.5984,2035
2016-05-22 20:00:00,58.86,transfer,1.0,58.527,0.0,60.2862,60.2862,58.527,89.7336,7.0828,24.5577,2036
2016-05-22 21:00:00,53.64,transfer,1.0,57.9599,0.0,56.9653,56.9653,57.9599,89.7332,7.0875,24.5643,2037
2016-05-22 22:00:00,54.63,transfer,1.0,57.791,0.0,67.3637,67.3637,57.791,89.7334,7.0934,24.5703,2038
2016-05-22 23:00:00,53.79,transfer,1.0,57.6686,0.0,62.556,62.556,57.6686,89.7333,7.0983,24.5751,2039
2016-05-23 00:00:00,53.5,transfer,1.0,57.6321,0.0,61.4877,61.4877,57.6321,89.733,7.1041,24.5806,2040
2016-05-23 01:00:00,53.26,transfer,1.0,59.2761,0.0,64.9884,64.9884,59.2761,89.7335,7.1127,24.5872,2041
2016-05-23 02:00:00,53.17,transfer,1.0,61.8183,0.0,59.0285,59.0285,61.8183,89.7335,7.1234,24.5941,2042
2016-05-23 03:00:00,53.16,transfer,1.0,65.2948,0.0,68.2007,68.2007,65.2948,89.7339,7.1398,24.6031,2043
2016-05-23 04:00:00,62.39,transfer,1.0,69.1383,0.0,72.9543,72.9543,69.1383,89.7336,7.1701,24.6259,2044
2016-05-23 05:00:00,65.25,transfer,1.0,74.4693,0.0,70.6553,70.6553,74.4693,89.7335,7.1893,24.6383,2045
2016-05-23 06:00:00,57.09,transfer,1.0,81.2729,0.0,79.0515,79.0515,81.2729,89.7337,7.208,24.6541,2046
2016-05-23 07:00:00,61.12,transfer,1.0,87.2922,0.0,95.0458,95.0458,87.2922,89.7337,7.3489,24.7976,2047
2016-05-23 08:00:00,76.46,transfer,1.0,92.0362,0.0,103.5109,103.5109,92.0362,89.7336,7.3702,24.781,2048
2016-05-23 09:00:00,90.34,transfer,1.0,95.2543,0.0,101.7083,101.7083,95.2543,89.7339,7.3398,24.6657,2049
2016-05-23 10:00:00,97.15,transfer,1.0,97.546,0.0,109.2499,109.2499,97.546,89.7338,7.33,24.6192,2050
2016-05-23 11:00:00,96.33,transfer,1.0,98.8462,0.0,95.2702,95.2702,98.8462,89.7335,7.3279,24.5573,2051
2016-05-23 12:00:00,93.47,transfer,1.0,98.4939,0.0,100.8683,100.8683,98.4939,89.7335,7.3385,24.4772,2052
2016-05-23 13:00:00,100.9,transfer,1.0,95.2916,0.0,91.8431,91.8431,95.2916,89.7335,7.3674,24.4734,2053
2016-05-23 14:00:00,99.85,transfer,1.0,88.6003,0.0,91.6028,91.6028,88.6003,89.7337,7.3806,24.4279,2054
2016-05-23 15:00:00,97.93,transfer,1.0,81.3564,0.0,82.6146,82.6146,81.3564,89.7337,7.4004,24.3946,2055
2016-05-23 16:00:00,92.79,transfer,1.0,74.4728,0.0,74.8282,74.8282,74.4728,89.7338,7.4502,24.4099,2056
2016-05-23 17:00:00,79.5,transfer,1.0,68.5355,0.0,69.4943,69.4943,68.5355,89.7337,7.4468,24.4354,2057
2016-05-23 18:00:00,65.44,transfer,1.0,64.1845,0.0,55.5075,55.5075,64.1845,89.7336,7.4363,24.4199,2058
2016-05-23 19:00:00,60.11,transfer,1.0,60.6447,0.0,58.9689,58.9689,60.6447,89.7338,7.4119,24.4002,2059
2016-05-23 20:00:00,58.91,transfer,1.0,58.6861,0.0,68.1264,68.1264,58.6861,89.7333,7.4075,24.3983,2060
2016-05-23 21:00:00,55.32,transfer,1.0,57.6715,0.0,58.8973,58.8973,57.6715,89.7333,7.4149,24.4116,2061
2016-05-23 22:00:00,56.28,transfer,1.0,57.2977,0.0,63.4099,63.4099,57.2977,89.733,7.4187,24.4235,2062
2016-05-23 23:00:00,55.13,transfer,1.0,57.4871,0.0,56.4259,56.4259,57.4871,89.7328,7.4198,24.4357,2063
2016-05-24 00:00:00,54.76,transfer,1.0,58.4396,0.0,55.8813,55.8813,58.4396,89.7328,7.4217,24.4523,2064
2016-05-24 01:00:00,54.62,transfer,1.0,60.6307,0.0,59.1162,59.1162,60.6307,89.7328,7.4193,24.468,2065
2016-05-24 02:00:00,54.73,transfer,1.0,63.9483,0.0,61.477,61.477,63.9483,89.7326,7.4106,24.4828,2066
2016-05-24 03:00:00,54.95,transfer,1.0,68.8711,0.0,70.4258,70.4258,68.8711,89.7326,7.3982,24.4979,2067
2016-05-24 04:00:00,62.31,transfer,1.0,75.6819,0.0,63.4233,63.4233,75.6819,89.7328,7.3753,24.5045,2068
2016-05-24 05:00:00,66.97,transfer,1.0,84.1463,0.0,94.3756,94.3756,84.1463,89.7329,7.329,24.4877,2069
2016-05-24 06:00:00,63.0,transfer,1.0,92.6674,0.0,87.6037,87.6037,92.6674,89.7328,7.2717,24.4525,2070
2016-05-24 07:00:00,82.29,transfer,1.0,98.6199,0.0,105.5978,105.5978,98.6199,89.733,7.2629,24.4554,2071
2016-05-24 08:00:00,106.17,transfer,1.0,102.0941,0.0,107.8683,107.8683,102.0941,89.733,7.2691,24.4922,2072
2016-05-24 09:00:00,117.8,transfer,1.0,104.0905,0.0,114.9982,114.9982,104.0905,89.7336,7.3477,24.5741,2073
2016-05-24 10:00:00,122.17,transfer,1.0,104.9214,0.0,110.1024,110.1024,104.9214,89.7336,7.4491,24.6772,2074
2016-05-24 11:00:00,116.59,transfer,1.0,105.1407,0.0,82.5265,82.5265,105.1407,89.7332,7.5164,24.7469,2075
2016-05-24 12:00:00,110.54,transfer,1.0,105.0325,0.0,107.8158,107.8158,105.0325,89.7332,7.5363,24.7956,2076
2016-05-24 13:00:00,107.82,transfer,1.0,104.5184,0.0,95.8239,95.8239,104.5184,89.7332,7.5368,24.8428,2077
2016-05-24 14:00:00,112.86,transfer,1.0,103.2064,0.0,85.5133,85.5133,103.2064,89.7335,7.5902,24.9292,2078
2016-05-24 15:00:00,113.7,transfer,1.0,100.0585,0.0,105.0323,105.0323,100.0585,89.7334,7.6149,25.0078,2079
2016-05-24 16:00:00,103.96,transfer,1.0,94.0227,0.0,72.8943,72.8943,94.0227,89.7332,7.6491,25.0621,2080
2016-05-24 17:00:00,100.33,transfer,1.0,85.2669,0.0,78.9991,78.9991,85.2669,89.7332,7.7215,25.0331,2081
2016-05-24 18:00:00,69.16,transfer,1.0,75.5876,0.0,77.5446,77.5446,75.5876,89.733,7.7269,24.9734,2082
2016-05-24 19:00:00,64.2,transfer,1.0,68.0245,0.0,62.69,62.69,68.0245,89.7331,7.7113,24.9127,2083
2016-05-24 20:00:00,59.84,transfer,1.0,62.6356,0.0,70.837,70.837,62.6356,89.7325,7.7275,24.9039,2084
2016-05-24 21:00:00,60.76,transfer,1.0,59.6483,0.0,63.5286,63.5286,59.6483,89.7321,7.7262,24.8752,2085
2016-05-24 22:00:00,61.73,transfer,1.0,58.1782,0.0,47.4615,47.4615,58.1782,89.7317,7.7463,24.8476,2086
2016-05-24 23:00:00,60.13,transfer,1.0,57.9062,0.0,56.5603,56.5603,57.9062,89.7316,7.7487,24.8247,2087
2016-05-25 00:00:00,59.69,transfer,1.0,58.6492,0.0,52.9443,52.9443,58.6492,89.7316,7.7323,24.8025,2088
2016-05-25 01:00:00,60.04,transfer,1.0,60.4,0.0,51.0367,51.0367,60.4,89.7316,7.696,24.778,2089
2016-05-25 02:00:00,60.11,transfer,1.0,63.5907,0.0,67.8964,67.8964,63.5907,89.7315,7.6543,24.7524,2090
2016-05-25 03:00:00,60.4,transfer,1.0,68.7688,0.0,73.5891,73.5891,68.7688,89.7314,7.6078,24.7246,2091
2016-05-25 04:00:00,72.85,transfer,1.0,76.7208,0.0,82.1954,82.1954,76.7208,89.7317,7.5454,24.676,2092
2016-05-25 05:00:00,73.33,transfer,1.0,86.3719,0.0,75.1396,75.1396,86.3719,89.7314,7.4896,24.6297,2093
2016-05-25 06:00:00,65.8,transfer,1.0,95.4478,0.0,76.7916,76.7916,95.4478,89.7315,7.4431,24.5867,2094
2016-05-25 07:00:00,91.08,transfer,1.0,100.6357,0.0,99.3538,99.3538,100.6357,89.732,7.3818,24.5424,2095
2016-05-25 08:00:00,114.52,transfer,1.0,103.1436,0.0,97.3256,97.3256,103.1436,89.7317,7.4262,24.6331,2096
2016-05-25 09:00:00,120.85,transfer,1.0,104.5244,0.0,112.5658,112.5658,104.5244,89.7322,7.4915,24.6981,2097
2016-05-25 10:00:00,128.87,transfer,1.0,105.0329,0.0,95.5792,95.5792,105.0329,89.7322,7.6119,24.8182,2098
2016-05-25 11:00:00,129.16,transfer,1.0,105.1395,0.0,88.0042,88.0042,105.1395,89.7321,7.7423,24.9736,2099
2016-05-25 12:00:00,133.24,transfer,1.0,105.0435,0.0,104.7027,104.7027,105.0435,89.7322,7.8928,25.1595,2100
2016-05-25 13:00:00,135.45,transfer,1.0,104.7477,0.0,111.9291,111.9291,104.7477,89.732,8.0369,25.3853,2101
2016-05-25 14:00:00,139.57,transfer,1.0,104.1946,0.0,95.8673,95.8673,104.1946,89.732,8.2435,25.6082,2102
2016-05-25 15:00:00,133.5,transfer,1.0,103.2954,0.0,115.7248,115.7248,103.2954,89.7315,8.3998,25.8114,2103
2016-05-25 16:00:00,131.36,transfer,1.0,101.8224,0.0,113.091,113.091,101.8224,89.7315,8.5611,26.0528,2104
2016-05-25 17:00:00,116.47,transfer,1.0,98.9935,0.0,85.3249,85.3249,98.9935,89.7314,8.6166,26.1816,2105
2016-05-25 18:00:00,73.57,transfer,1.0,94.3661,0.0,101.061,101.061,94.3661,89.7315,8.7266,26.1384,2106
2016-05-25 19:00:00,69.91,transfer,1.0,86.2799,0.0,85.6103,85.6103,86.2799,89.732,8.8118,26.089,2107
2016-05-25 20:00:00,81.96,transfer,1.0,75.0333,0.0,72.2348,72.2348,75.0333,89.7315,8.8394,25.9788,2108
2016-05-25 21:00:00,81.2,transfer,1.0,67.0226,0.0,64.5263,64.5263,67.0226,89.7313,8.9048,25.8336,2109
2016-05-25 22:00:00,81.02,transfer,1.0,64.0729,0.0,63.0353,63.0353,64.0729,89.7312,8.9902,25.6942,2110
2016-05-25 23:00:00,78.8,transfer,1.0,63.6018,0.0,80.5916,80.5916,63.6018,89.7309,9.0505,25.5588,2111
2016-05-26 00:00:00,78.93,transfer,1.0,64.3191,0.0,57.6877,57.6877,64.3191,89.7311,9.0939,25.42,2112
2016-05-26 01:00:00,66.81,transfer,1.0,65.7903,0.0,66.3433,66.3433,65.7903,89.7314,9.0414,25.3525,2113
2016-05-26 02:00:00,60.62,transfer,1.0,68.7514,0.0,65.9464,65.9464,68.7514,89.7315,9.0097,25.3218,2114
2016-05-26 03:00:00,61.79,transfer,1.0,72.4331,0.0,72.0856,72.0856,72.4331,89.7313,8.9648,25.2867,2115
2016-05-26 04:00:00,89.51,transfer,1.0,77.1935,0.0,70.4348,70.4348,77.1935,89.731,8.9448,25.1404,2116
2016-05-26 05:00:00,82.55,transfer,1.0,84.4773,0.0,92.7801,92.7801,84.4773,89.7295,8.8354,25.0562,2117
2016-05-26 06:00:00,75.5,transfer,1.0,93.9406,0.0,92.1671,92.1671,93.9406,89.7244,8.7344,24.9706,2118
2016-05-26 07:00:00,100.2,transfer,1.0,99.5795,0.0,95.1184,95.1184,99.5795,89.7189,8.6348,24.9969,2119
2016-05-26 08:00:00,129.02,transfer,1.0,102.671,0.0,109.971,109.971,102.671,89.7241,8.769,25.1267,2120
2016-05-26 09:00:00,142.04,transfer,1.0,104.2972,0.0,120.034,120.034,104.2972,89.7279,8.9469,25.3025,2121
2016-05-26 10:00:00,147.96,transfer,1.0,104.9298,0.0,103.7975,103.7975,104.9298,89.7292,9.1993,25.5535,2122
2016-05-26 11:00:00,149.86,transfer,1.0,105.1505,0.0,88.4959,88.4959,105.1505,89.7295,9.4637,25.821,2123
2016-05-26 12:00:00,148.75,transfer,1.0,105.1789,0.0,98.2714,98.2714,105.1789,89.729,9.7047,26.0638,2124
2016-05-26 13:00:00,155.62,transfer,1.0,105.0872,0.0,113.7503,113.7503,105.0872,89.7289,9.9897,26.3876,2125
2016-05-26 14:00:00,153.65,transfer,1.0,104.8549,0.0,90.2486,90.2486,104.8549,89.7281,10.2382,26.6564,2126
2016-05-26 15:00:00,153.17,transfer,1.0,104.4684,0.0,117.5895,117.5895,104.4684,89.7268,10.4701,26.9373,2127
2016-05-26 16:00:00,139.15,transfer,1.0,103.7719,0.0,107.494,107.494,103.7719,89.7256,10.6337,27.1908,2128
2016-05-26 17:00:00,139.67,transfer,1.0,102.5905,0.0,102.6993,102.6993,102.5905,89.725,10.8139,27.4738,2129
2016-05-26 18:00:00,77.45,transfer,1.0,100.226,0.0,105.3973,105.3973,100.226,89.7243,10.9055,27.4054,2130
2016-05-26 19:00:00,76.09,transfer,1.0,95.5597,0.0,97.4722,97.4722,95.5597,89.7246,10.9846,27.3181,2131
2016-05-26 20:00:00,78.11,transfer,1.0,85.0196,0.0,80.3493,80.3493,85.0196,89.7236,11.0192,27.2268,2132
2016-05-26 21:00:00,78.68,transfer,1.0,74.3624,0.0,75.0959,75.0959,74.3624,89.7227,11.0113,27.0929,2133
2016-05-26 22:00:00,79.19,transfer,1.0,68.3898,0.0,73.4168,73.4168,68.3898,89.7222,11.05,26.96,2134
2016-05-26 23:00:00,67.03,transfer,1.0,65.996,0.0,55.058,55.058,65.996,89.722,11.0254,26.8941,2135
2016-05-27 00:00:00,64.15,transfer,1.0,65.481,0.0,68.995,68.995,65.481,89.7219,10.9954,26.843,2136
2016-05-27 01:00:00,64.08,transfer,1.0,65.138,0.0,61.4027,61.4027,65.138,86.9291,10.9543,26.7741,2137
2016-05-27 02:00:00,61.58,transfer,1.0,65.5222,0.0,58.0644,58.0644,65.5222,86.5643,10.9216,26.7218,2138
2016-05-27 03:00:00,61.46,transfer,1.0,67.645,0.0,66.3917,66.3917,67.645,86.6811,10.8842,26.6716,2139
2016-05-27 04:00:00,107.37,transfer,1.0,71.6597,0.0,64.7035,64.7035,71.6597,86.8077,11.0466,26.6458,2140
2016-05-27 05:00:00,104.69,transfer,1.0,78.7032,0.0,91.4812,91.4812,78.7032,86.8092,11.1345,26.627,2141
2016-05-27 06:00:00,106.18,transfer,1.0,90.1255,0.0,93.0859,93.0859,90.1255,86.6623,11.074,26.5766,2142
2016-05-27 07:00:00,125.09,transfer,1.0,97.8533,0.0,90.0852,90.0852,97.8533,4.3395,11.1499,27.2402,2143
2016-05-27 08:00:00,148.8,transfer,1.0,102.0428,0.0,122.5573,122.5573,102.0428,3.4053,11.4278,28.0474,2144
2016-05-27 09:00:00,175.26,transfer,1.0,103.9366,0.0,101.8292,101.8292,103.9366,2.0749,11.793,28.9436,2145
2016-05-27 10:00:00,185.26,transfer,1.0,104.6821,0.0,82.3225,82.3225,104.6821,0.6524,12.235,29.9224,2146
2016-05-27 11:00:00,182.12,transfer,1.0,104.9819,0.0,106.5732,106.5732,104.9819,-0.0678,12.6685,30.8969,2147
2016-05-27 12:00:00,180.4,transfer,1.0,105.0798,0.0,116.7558,116.7558,105.0798,-0.1179,13.1028,31.8766,2148
2016-05-27 13:00:00,179.76,transfer,1.0,105.0628,0.0,83.7489,83.7489,105.0628,-0.1204,13.538,32.8858,2149
2016-05-27 14:00:00,189.16,transfer,1.0,104.9572,0.0,104.5936,104.5936,104.9572,-0.1221,14.0306,33.9714,2150
2016-05-27 15:00:00,168.45,transfer,1.0,104.7535,0.0,107.4831,107.4831,104.7535,-0.1232,14.4088,34.9621,2151
2016-05-27 16:00:00,161.08,transfer,1.0,104.4425,0.0,117.5487,117.5487,104.4425,-0.1237,14.7206,35.9071,2152
2016-05-27 17:00:00,150.49,transfer,1.0,103.8478,0.0,110.528,110.528,103.8478,-0.1243,14.9693,36.7434,2153
2016-05-27 18:00:00,89.83,transfer,1.0,102.8204,0.0,102.2834,102.2834,102.8204,-0.1238,15.0039,37.1127,2154
2016-05-27 19:00:00,78.75,transfer,1.0,100.4181,0.0,97.477,97.477,100.4181,-0.1227,15.086,37.3885,2155
2016-05-27 20:00:00,79.74,transfer,1.0,93.328,0.0,90.0743,90.0743,93.328,-0.1234,15.1416,37.6779,2156
2016-05-27 21:00:00,68.07,transfer,1.0,81.4498,0.0,80.4416,80.4416,81.4498,-0.1227,15.2107,37.9052,2157
2016-05-27 22:00:00,59.58,transfer,1.0,71.9362,0.0,62.66,62.66,71.9362,-0.1217,15.2794,38.087,2158
2016-05-27 23:00:00,57.11,transfer,1.0,65.9625,0.0,75.1785,75.1785,65.9625,11.3761,15.316,38.1787,2159
2016-05-28 00:00:00,59.13,transfer,1.0,62.2035,0.0,64.7432,64.7432,62.2035,77.243,15.3085,38.1042,2160
2016-05-28 01:00:00,58.7,transfer,1.0,59.2806,0.0,45.9667,45.9667,59.2806,57.3207,15.2857,37.9277,2161
2016-05-28 02:00:00,58.04,transfer,1.0,57.5952,0.0,63.1944,63.1944,57.5952,-0.1224,15.2623,38.0897,2162
2016-05-28 03:00:00,63.42,transfer,1.0,56.7641,0.0,64.3211,64.3211,56.7641,-0.1225,15.2746,38.2863,2163
2016-05-28 04:00:00,103.01,transfer,1.0,56.612,0.0,50.9468,50.9468,56.612,-0.1226,15.5199,38.785,2164
2016-05-28 05:00:00,101.29,transfer,1.0,57.8494,0.0,69.2888,69.2888,57.8494,-0.1231,15.7478,39.2868,2165
2016-05-28 06:00:00,113.47,transfer,1.0,62.1448,0.0,66.5533,66.5533,62.1448,-0.1238,16.0177,39.816,2166
2016-05-28 07:00:00,106.5,transfer,1.0,67.9101,0.0,81.4552,81.4552,67.9101,-0.1243,16.1889,40.3045,2167
2016-05-28 08:00:00,105.59,transfer,1.0,74.6658,0.0,75.3561,75.3561,74.6658,-0.1249,16.2782,40.7695,2168
2016-05-28 09:00:00,110.29,transfer,1.0,79.3985,0.0,76.6935,76.6935,79.3985,-0.1252,16.3526,41.2519,2169
2016-05-28 10:00:00,117.26,transfer,1.0,81.1957,0.0,84.7314,84.7314,81.1957,-0.1255,16.493,41.7849,2170
2016-05-28 11:00:00,119.3,transfer,1.0,81.1222,0.0,77.2753,77.2753,81.1222,-0.1259,16.6684,42.3348,2171
2016-05-28 12:00:00,128.17,transfer,1.0,80.0854,0.0,73.4902,73.4902,80.0854,-0.1263,16.8864,42.9096,2172
2016-05-28 13:00:00,128.96,transfer,1.0,78.3698,0.0,71.4289,71.4289,78.3698,-0.1265,17.1468,43.5085,2173
2016-05-28 14:00:00,130.71,transfer,1.0,76.5192,0.0,90.9271,90.9271,76.5192,-0.1267,17.4258,44.1053,2174
2016-05-28 15:00:00,130.95,transfer,1.0,74.0173,0.0,73.9104,73.9104,74.0173,-0.1267,17.7242,44.6971,2175
2016-05-28 16:00:00,132.94,transfer,1.0,71.4654,0.0,65.5907,65.5907,71.4654,-0.1265,18.0585,45.302,2176
2016-05-28 17:00:00,128.95,transfer,1.0,69.1421,0.0,67.4576,67.4576,69.1421,-0.1261,18.4109,45.903,2177
2016-05-28 18:00:00,73.8,transfer,1.0,67.1145,0.0,79.5574,79.5574,67.1145,-0.1254,18.3923,46.1137,2178
2016-05-28 19:00:00,67.66,transfer,1.0,65.1672,0.0,53.8721,53.8721,65.1672,-0.1243,18.3595,46.2906,2179
2016-05-28 20:00:00,71.25,transfer,1.0,61.6252,0.0,56.7763,56.7763,61.6252,-0.1236,18.4133,46.5286,2180
2016-05-28 21:00:00,65.08,transfer,1.0,58.3624,0.0,53.5995,53.5995,58.3624,-0.1227,18.426,46.7011,2181
2016-05-28 22:00:00,58.07,transfer,1.0,56.5477,0.0,50.108,50.108,56.5477,-0.1215,18.4149,46.8378,2182
2016-05-28 23:00:00,52.31,transfer,1.0,55.3717,0.0,52.6508,52.6508,55.3717,-0.12,18.4074,46.9333,2183
2016-05-29 00:00:00,51.33,transfer,1.0,54.2602,0.0,59.7579,59.7579,54.2602,-0.1186,18.3984,47.0219,2184
2016-05-29 01:00:00,50.6,transfer,1.0,53.5291,0.0,53.5506,53.5506,53.5291,-0.1175,18.3877,47.106,2185
2016-05-29 02:00:00,50.14,transfer,1.0,53.3203,0.0,58.63,58.63,53.3203,-0.1167,18.3731,47.1856,2186
2016-05-29 03:00:00,50.2,transfer,1.0,53.64,0.0,43.2842,43.2842,53.64,-0.0857,18.3578,47.2689,2187
2016-05-29 04:00:00,87.75,transfer,1.0,54.6629,0.0,54.7721,54.7721,54.6629,0.121,18.5361,47.637,2188
2016-05-29 05:00:00,92.5,transfer,1.0,56.5005,0.0,53.1954,53.1954,56.5005,0.2175,18.7007,48.0753,2189
2016-05-29 06:00:00,97.01,transfer,1.0,60.842,0.0,67.3483,67.3483,60.842,0.135,18.9032,48.4967,2190
2016-05-29 07:00:00,98.8,transfer,1.0,66.481,0.0,71.472,71.472,66.481,-0.0395,19.0431,48.9127,2191
2016-05-29 08:00:00,104.41,transfer,1.0,71.721,0.0,73.0011,73.0011,71.721,-0.1134,19.1719,49.3642,2192
2016-05-29 09:00:00,111.59,transfer,1.0,74.5311,0.0,78.9014,78.9014,74.5311,-0.119,19.3231,49.8528,2193
2016-05-29 10:00:00,116.09,transfer,1.0,75.3229,0.0,64.7343,64.7343,75.3229,-0.1202,19.5062,50.3704,2194
2016-05-29 11:00:00,112.38,transfer,1.0,75.1722,0.0,76.1784,76.1784,75.1722,-0.1214,19.6683,50.8584,2195
2016-05-29 12:00:00,118.42,transfer,1.0,74.5883,0.0,77.2948,77.2948,74.5883,-0.1223,19.8815,51.3863,2196
2016-05-29 13:00:00,116.74,transfer,1.0,73.2793,0.0,63.1507,63.1507,73.2793,-0.123,20.0895,51.8929,2197
2016-05-29 14:00:00,115.73,transfer,1.0,71.6171,0.0,75.593,75.593,71.6171,-0.1234,20.3214,52.4062,2198
2016-05-29 15:00:00,119.25,transfer,1.0,69.6607,0.0,81.5667,81.5667,69.6607,-0.1236,20.6009,52.9477,2199
2016-05-29 16:00:00,111.62,transfer,1.0,67.6291,0.0,61.7301,61.7301,67.6291,-0.1236,20.8486,53.4371,2200
2016-05-29 17:00:00,109.69,transfer,1.0,65.7466,0.0,65.8504,65.8504,65.7466,-0.1231,21.0895,53.9025,2201
2016-05-29 18:00:00,66.93,transfer,1.0,63.6809,0.0,64.0131,64.0131,63.6809,-0.1229,21.0549,54.0728,2202
2016-05-29 19:00:00,62.39,transfer,1.0,61.7653,0.0,63.5057,63.5057,61.7653,-0.1226,21.0246,54.2291,2203
2016-05-29 20:00:00,69.23,transfer,1.0,58.9953,0.0,69.8735,69.8735,58.9953,-0.1214,21.0835,54.4581,2204
2016-05-29 21:00:00,64.18,transfer,1.0,56.4832,0.0,52.8146,52.8146,56.4832,-0.1197,21.1036,54.626,2205
2016-05-29 22:00:00,53.54,transfer,1.0,55.1614,0.0,61.901,61.901,55.1614,-0.1171,21.0945,54.7364,2206
2016-05-29 23:00:00,50.0,transfer,1.0,54.3649,0.0,53.1444,53.1444,54.3649,0.0152,21.0973,54.82,2207
2016-05-30 00:00:00,49.59,transfer,1.0,53.7086,0.0,53.1505,53.1505,53.7086,0.8662,21.0973,54.8944,2208
2016-05-30 01:00:00,49.93,transfer,1.0,54.1492,0.0,62.2732,62.2732,54.1492,3.4075,21.0866,54.9542,2209
2016-05-30 02:00:00,49.92,transfer,1.0,55.7998,0.0,48.2758,48.2758,55.7998,7.5913,21.0701,54.9885,2210
2016-05-30 03:00:00,50.24,transfer,1.0,58.7522,0.0,63.4776,63.4776,58.7522,13.967,21.0485,54.9867,2211
2016-05-30 04:00:00,89.37,transfer,1.0,63.371,0.0,62.2979,62.2979,63.371,24.0898,21.1631,55.2125,2212
2016-05-30 05:00:00,91.78,transfer,1.0,70.2905,0.0,74.4813,74.4813,70.2905,36.5746,21.2362,55.3954,2213
2016-05-30 06:00:00,77.98,transfer,1.0,81.961,0.0,76.6161,76.6161,81.961,51.0931,21.1159,55.3611,2214
2016-05-30 07:00:00,79.74,transfer,1.0,91.854,0.0,72.1703,72.1703,91.854,65.2464,21.0322,55.2771,2215
2016-05-30 08:00:00,78.87,transfer,1.0,97.0296,0.0,95.973,95.973,97.0296,75.3773,21.0476,55.2189,2216
2016-05-30 09:00:00,82.33,transfer,1.0,99.2151,0.0,100.6143,100.6143,99.2151,81.0479,21.1189,55.2229,2217
2016-05-30 10:00:00,84.67,transfer,1.0,98.8433,0.0,85.6586,85.6586,98.8433,83.679,21.2009,55.1846,2218
2016-05-30 11:00:00,90.33,transfer,1.0,96.2574,0.0,103.4602,103.4602,96.2574,84.7851,21.2212,55.1784,2219
2016-05-30 12:00:00,92.83,transfer,1.0,91.3326,0.0,92.9613,92.9613,91.3326,85.3005,21.2002,55.2009,2220
2016-05-30 13:00:00,93.69,transfer,1.0,85.2402,0.0,83.6884,83.6884,85.2402,85.6013,21.2171,55.1826,2221
2016-05-30 14:00:00,91.8,transfer,1.0,79.1607,0.0,59.4343,59.4343,79.1607,85.8166,21.2254,55.158,2222
2016-05-30 15:00:00,91.47,transfer,1.0,73.7224,0.0,70.7514,70.7514,73.7224,85.9808,21.2324,55.1419,2223
2016-05-30 16:00:00,95.16,transfer,1.0,68.9113,0.0,77.2822,77.2822,68.9113,86.1618,21.2796,55.1773,2224
2016-05-30 17:00:00,89.43,transfer,1.0,65.004,0.0,68.8381,68.8381,65.004,86.3456,21.3597,55.1347,2225
2016-05-30 18:00:00,59.01,transfer,1.0,62.1197,0.0,61.2923,61.2923,62.1197,86.5394,21.3707,55.154,2226
2016-05-30 19:00:00,49.62,transfer,1.0,59.5706,0.0,59.7771,59.7771,59.5706,86.8681,21.4268,55.1994,2227
2016-05-30 20:00:00,60.05,transfer,1.0,57.1849,0.0,55.7942,55.7942,57.1849,87.1169,21.4425,55.177,2228
2016-05-30 21:00:00,57.64,transfer,1.0,55.2495,0.0,54.8296,54.8296,55.2495,87.3739,21.4427,55.1492,2229
2016-05-30 22:00:00,57.91,transfer,1.0,54.5323,0.0,64.4676,64.4676,54.5323,87.6863,21.4568,55.1273,2230
2016-05-30 23:00:00,62.74,transfer,1.0,54.5006,0.0,51.6498,51.6498,54.5006,88.0452,21.4918,55.0719,2231
2016-05-31 00:00:00,56.22,transfer,1.0,54.9802,0.0,63.1564,63.1564,54.9802,88.403,21.4773,55.0553,2232
2016-05-31 01:00:00,56.15,transfer,1.0,56.6012,0.0,63.1256,63.1256,56.6012,88.7429,21.4442,55.0403,2233
2016-05-31 02:00:00,55.93,transfer,1.0,59.0152,0.0,55.5936,55.5936,59.0152,89.0483,21.4077,55.0291,2234
2016-05-31 03:00:00,56.23,transfer,1.0,62.5327,0.0,68.0154,68.0154,62.5327,89.2672,21.3623,55.0187,2235
2016-05-31 04:00:00,98.64,transfer,1.0,67.4826,0.0,66.7887,66.7887,67.4826,89.278,21.4682,54.9112,2236
2016-05-31 05:00:00,91.93,transfer,1.0,75.1727,0.0,65.8963,65.8963,75.1727,89.5395,21.4657,54.7899,2237
2016-05-31 06:00:00,98.76,transfer,1.0,87.5307,0.0,81.6248,81.6248,87.5307,89.6484,21.3559,54.6851,2238
2016-05-31 07:00:00,116.04,transfer,1.0,95.7021,0.0,85.7081,85.7081,95.7021,89.6916,21.3798,54.7976,2239
2016-05-31 08:00:00,148.01,transfer,1.0,100.6722,0.0,96.1566,96.1566,100.6722,89.7109,21.6373,55.0468,2240
2016-05-31 09:00:00,173.28,transfer,1.0,103.2158,0.0,93.5513,93.5513,103.2158,89.7176,21.9728,55.3771,2241
2016-05-31 10:00:00,176.04,transfer,1.0,104.2825,0.0,96.1659,96.1659,104.2825,89.7193,22.2972,55.6978,2242
2016-05-31 11:00:00,172.94,transfer,1.0,104.6886,0.0,101.1942,101.1942,104.6886,89.7187,22.6353,56.0333,2243
2016-05-31 12:00:00,184.19,transfer,1.0,104.7973,0.0,109.1959,109.1959,104.7973,89.7173,23.0751,56.4718,2244
2016-05-31 13:00:00,174.97,transfer,1.0,104.7281,0.0,97.4119,97.4119,104.7281,89.7139,23.4736,56.8717,2245
2016-05-31 14:00:00,181.28,transfer,1.0,104.535,0.0,103.2826,103.2826,104.535,89.7108,23.8729,57.2791,2246
2016-05-31 15:00:00,179.12,transfer,1.0,104.1647,0.0,114.899,114.899,104.1647,89.7069,24.2379,57.6686,2247
2016-05-31 16:00:00,163.53,transfer,1.0,103.6256,0.0,118.0369,118.0369,103.6256,89.7009,24.5353,58.0234,2248
2016-05-31 17:00:00,159.52,transfer,1.0,102.7058,0.0,92.2985,92.2985,102.7058,89.6966,24.7838,58.3759,2249
2016-05-31 18:00:00,88.7,transfer,1.0,101.0346,0.0,109.21,109.21,101.0346,89.6928,24.819,58.2594,2250
2016-05-31 19:00:00,81.23,transfer,1.0,97.4209,0.0,85.7572,85.7572,97.4209,89.6932,24.8926,58.1578,2251
2016-05-31 20:00:00,77.2,transfer,1.0,88.0246,0.0,79.8295,79.8295,88.0246,89.6962,24.9404,58.0542,2252
2016-05-31 21:00:00,66.74,transfer,1.0,75.7738,0.0,72.6784,72.6784,75.7738,89.6985,24.9875,58.0184,2253
2016-05-31 22:00:00,55.43,transfer,1.0,67.0274,0.0,54.7852,54.7852,67.0274,89.6985,25.0354,58.0557,2254
2016-05-31 23:00:00,52.76,transfer,1.0,61.7916,0.0,63.5121,63.5121,61.7916,89.6891,25.076,58.0993,2255
2016-06-01 00:00:00,52.51,transfer,1.0,58.3554,0.0,52.3069,52.3069,58.3554,86.3464,25.1046,58.1219,2256
2016-06-01 01:00:00,51.98,transfer,1.0,56.2822,0.0,54.9355,54.9355,56.2822,86.0025,25.128,58.1477,2257
2016-06-01 02:00:00,51.68,transfer,1.0,55.4266,0.0,54.8072,54.8072,55.4266,85.9984,25.1296,58.1757,2258
2016-06-01 03:00:00,51.31,transfer,1.0,55.9382,0.0,58.8145,58.8145,55.9382,86.0231,25.1073,58.2077,2259
2016-06-01 04:00:00,98.88,transfer,1.0,58.3802,0.0,53.8345,53.8345,58.3802,85.9541,25.3254,58.1842,2260
2016-06-01 05:00:00,98.42,transfer,1.0,64.5911,0.0,65.009,65.009,64.5911,-0.1186,25.4491,58.6731,2261
2016-06-01 06:00:00,105.74,transfer,1.0,76.727,0.0,65.2328,65.2328,76.727,-0.1196,25.4453,59.1607,2262
2016-06-01 07:00:00,127.46,transfer,1.0,88.0739,0.0,78.1592,78.1592,88.0739,-0.1208,25.6229,59.9121,2263
2016-06-01 08:00:00,165.45,transfer,1.0,96.2235,0.0,88.7152,88.7152,96.2235,-0.1217,25.9672,60.7501,2264
2016-06-01 09:00:00,186.15,transfer,1.0,100.8052,0.0,90.7302,90.7302,100.8052,-0.1225,26.3781,61.6737,2265
2016-06-01 10:00:00,189.58,transfer,1.0,102.9118,0.0,114.3963,114.3963,102.9118,-0.123,26.7521,62.5699,2266
2016-06-01 11:00:00,174.78,transfer,1.0,103.8566,0.0,99.799,99.799,103.8566,-0.1232,27.0312,63.3763,2267
2016-06-01 12:00:00,173.54,transfer,1.0,104.261,0.0,113.7621,113.7621,104.261,-0.1234,27.2758,64.151,2268
2016-06-01 13:00:00,170.12,transfer,1.0,104.3764,0.0,118.7216,118.7216,104.3764,-0.1236,27.4844,64.8922,2269
2016-06-01 14:00:00,178.55,transfer,1.0,104.279,0.0,119.0264,119.0264,104.279,-0.1237,27.7159,65.6591,2270
2016-06-01 15:00:00,179.3,transfer,1.0,104.0163,0.0,108.5243,108.5243,104.0163,-0.1237,27.9842,66.4666,2271
2016-06-01 16:00:00,159.42,transfer,1.0,103.5901,0.0,108.8867,108.8867,103.5901,-0.1237,28.1407,67.1685,2272
2016-06-01 17:00:00,144.53,transfer,1.0,102.8743,0.0,116.804,116.804,102.8743,-0.1235,28.2846,67.8703,2273
2016-06-01 18:00:00,90.87,transfer,1.0,101.4768,0.0,106.2621,106.2621,101.4768,-0.123,28.224,68.3158,2274
2016-06-01 19:00:00,80.91,transfer,1.0,97.8226,0.0,79.4389,79.4389,97.8226,-0.1223,28.2272,68.6801,2275
2016-06-01 20:00:00,74.14,transfer,1.0,88.3818,0.0,86.9956,86.9956,88.3818,-0.1221,28.2707,69.0759,2276
2016-06-01 21:00:00,68.37,transfer,1.0,75.7352,0.0,75.349,75.349,75.7352,-0.122,28.2302,69.4328,2277
2016-06-01 22:00:00,56.26,transfer,1.0,66.2171,0.0,78.2286,78.2286,66.2171,-0.1217,28.1886,69.7166,2278
2016-06-01 23:00:00,53.89,transfer,1.0,60.8321,0.0,65.7691,65.7691,60.8321,-0.1214,28.1394,69.973,2279
2016-06-02 00:00:00,53.48,transfer,1.0,57.6401,0.0,60.114,60.114,57.6401,-0.1213,28.0772,70.2277,2280
2016-06-02 01:00:00,52.3,transfer,1.0,55.692,0.0,66.7194,66.7194,55.692,-0.1214,28.0914,70.4033,2281
2016-06-02 02:00:00,51.9,transfer,1.0,54.8208,0.0,56.2006,56.2006,54.8208,-0.1213,28.0603,70.5397,2282
2016-06-02 03:00:00,51.92,transfer,1.0,55.129,0.0,55.1967,55.1967,55.129,-0.1212,28.0161,70.6832,2283
2016-06-02 04:00:00,96.94,transfer,1.0,57.1714,0.0,54.4303,54.4303,57.1714,-0.1214,28.1795,71.2596,2284
2016-06-02 05:00:00,98.91,transfer,1.0,62.9313,0.0,63.2498,63.2498,62.9313,-0.1219,28.3822,71.8063,2285
2016-06-02 06:00:00,100.89,transfer,1.0,74.5915,0.0,69.0279,69.0279,74.5915,-0.1223,28.429,72.3229,2286
2016-06-02 07:00:00,113.81,transfer,1.0,86.5953,0.0,76.9084,76.9084,86.5953,-0.1225,28.5873,72.9387,2287
2016-06-02 08:00:00,144.25,transfer,1.0,95.5438,0.0,103.0366,103.0366,95.5438,-0.1229,28.7203,73.5642,2288
2016-06-02 09:00:00,148.17,transfer,1.0,100.467,0.0,94.2945,94.2945,100.467,-0.1231,28.7796,74.1355,2289
2016-06-02 10:00:00,149.27,transfer,1.0,102.6505,0.0,109.3836,109.3836,102.6505,-0.1232,28.801,74.6781,2290
2016-06-02 11:00:00,152.1,transfer,1.0,103.4747,0.0,93.1321,93.1321,103.4747,-0.1234,28.8243,75.2263,2291
2016-06-02 12:00:00,151.71,transfer,1.0,103.687,0.0,110.0576,110.0576,103.687,-0.1237,28.8508,75.7787,2292
2016-06-02 13:00:00,154.34,transfer,1.0,103.5117,0.0,120.4826,120.4826,103.5117,-0.124,28.8526,76.306,2293
2016-06-02 14:00:00,160.29,transfer,1.0,102.9494,0.0,101.0919,101.0919,102.9494,-0.1241,28.9034,76.8803,2294
2016-06-02 15:00:00,164.38,transfer,1.0,101.9386,0.0,117.8611,117.8611,101.9386,-0.1243,28.9852,77.4819,2295
2016-06-02 16:00:00,160.2,transfer,1.0,100.2685,0.0,103.9472,103.9472,100.2685,-0.1243,29.1314,78.142,2296
2016-06-02 17:00:00,139.98,transfer,1.0,97.7358,0.0,82.0603,82.0603,97.7358,-0.1241,29.1621,78.6787,2297
2016-06-02 18:00:00,86.95,transfer,1.0,94.0646,0.0,91.0431,91.0431,94.0646,-0.1237,29.0689,79.1239,2298
2016-06-02 19:00:00,78.77,transfer,1.0,86.7108,0.0,88.3427,88.3427,86.7108,-0.1231,29.0003,79.5123,2299
2016-06-02 20:00:00,78.13,transfer,1.0,75.2558,0.0,75.7265,75.7265,75.2558,-0.1225,28.9762,79.909,2300
2016-06-02 21:00:00,67.06,transfer,1.0,65.9668,0.0,64.5145,64.5145,65.9668,-0.1217,28.957,80.2432,2301
2016-06-02 22:00:00,56.47,transfer,1.0,60.9637,0.0,59.2209,59.2209,60.9637,-0.1206,28.9195,80.5173,2302
2016-06-02 23:00:00,53.1,transfer,1.0,58.0741,0.0,57.6385,57.6385,58.0741,-0.1195,28.943,80.699,2303
2016-06-03 00:00:00,52.5,transfer,1.0,56.1999,0.0,61.3437,61.3437,56.1999,-0.1182,28.9571,80.86,2304
2016-06-03 01:00:00,52.24,transfer,1.0,55.0759,0.0,46.2757,46.2757,55.0759,-0.1175,28.9676,81.0357,2305
2016-06-03 02:00:00,51.93,transfer,1.0,54.9899,0.0,58.8581,58.8581,54.9899,-0.1168,28.9624,81.1968,2306
2016-06-03 03:00:00,52.22,transfer,1.0,56.2844,0.0,60.9563,60.9563,56.2844,-0.1089,28.9498,81.3581,2307
2016-06-03 04:00:00,95.92,transfer,1.0,59.5094,0.0,61.2296,61.2296,59.5094,-0.0995,28.9539,81.8073,2308
2016-06-03 05:00:00,100.29,transfer,1.0,66.5503,0.0,77.2741,77.2741,66.5503,-0.1079,29.0001,82.2984,2309
2016-06-03 06:00:00,107.13,transfer,1.0,78.9486,0.0,83.4566,83.4566,78.9486,-0.1171,29.0723,82.8206,2310
2016-06-03 07:00:00,123.42,transfer,1.0,90.4196,0.0,102.1698,102.1698,90.4196,-0.1181,29.1066,82.8372,2311
2016-06-03 08:00:00,150.15,transfer,1.0,97.7642,0.0,93.3691,93.3691,97.7642,-0.1194,29.1401,82.8662,2312
2016-06-03 09:00:00,166.36,transfer,1.0,101.323,0.0,108.5886,108.5886,101.323,-0.1202,29.1027,82.8263,2313
2016-06-03 10:00:00,169.03,transfer,1.0,102.7941,0.0,120.9739,120.9739,102.7941,-0.1206,29.0173,82.7343,2314
2016-06-03 11:00:00,174.3,transfer,1.0,103.3634,0.0,92.3348,92.3348,103.3634,-0.121,28.9804,82.6881,2315
2016-06-03 12:00:00,175.19,transfer,1.0,103.5062,0.0,86.832,86.832,103.5062,-0.1215,28.9587,82.6571,2316
2016-06-03 13:00:00,178.79,transfer,1.0,103.3886,0.0,116.3421,116.3421,103.3886,-0.1218,28.9629,82.6513,2317
2016-06-03 14:00:00,176.39,transfer,1.0,103.0579,0.0,111.557,111.557,103.0579,-0.122,28.8982,82.5753,2318
2016-06-03 15:00:00,167.29,transfer,1.0,102.5043,0.0,102.7337,102.7337,102.5043,-0.1222,28.9047,82.5684,2319
2016-06-03 16:00:00,137.91,transfer,1.0,101.5127,0.0,103.3643,103.3643,101.5127,-0.1226,28.7842,82.4305,2320
2016-06-03 17:00:00,123.78,transfer,1.0,99.7794,0.0,103.3048,103.3048,99.7794,-0.1228,28.6494,82.2715,2321
2016-06-03 18:00:00,76.14,transfer,1.0,96.1632,0.0,79.6958,79.6958,96.1632,-0.1233,28.6913,82.19,2322
2016-06-03 19:00:00,70.72,transfer,1.0,88.0638,0.0,91.6849,91.6849,88.0638,-0.1234,28.6656,82.1422,2323
2016-06-03 20:00:00,69.3,transfer,1.0,74.5688,0.0,80.3284,80.3284,74.5688,-0.1231,28.6161,82.0801,2324
2016-06-03 21:00:00,64.37,transfer,1.0,64.8224,0.0,72.8499,72.8499,64.8224,-0.1229,28.5391,82.058,2325
2016-06-03 22:00:00,56.95,transfer,1.0,59.96,0.0,71.8576,71.8576,59.96,-0.1227,28.4835,82.0424,2326
2016-06-03 23:00:00,50.94,transfer,1.0,57.4326,0.0,57.9497,57.9497,57.4326,-0.1223,28.4694,82.0741,2327
2016-06-04 00:00:00,50.59,transfer,1.0,55.8324,0.0,52.9551,52.9551,55.8324,-0.1216,28.4823,82.2681,2328
2016-06-04 01:00:00,50.23,transfer,1.0,54.1595,0.0,54.6298,54.6298,54.1595,-0.1215,28.5023,82.5596,2329
2016-06-04 02:00:00,50.39,transfer,1.0,52.9627,0.0,57.2163,57.2163,52.9627,-0.1217,28.5149,82.5141,2330
2016-06-04 03:00:00,50.11,transfer,1.0,52.4475,0.0,49.0342,49.0342,52.4475,-0.1219,28.4892,82.4349,2331
2016-06-04 04:00:00,87.72,transfer,1.0,52.7113,0.0,49.2019,49.2019,52.7113,-0.122,28.4214,82.3439,2332
2016-06-04 05:00:00,88.67,transfer,1.0,54.2078,0.0,64.7447,64.7447,54.2078,-0.1223,28.368,82.2687,2333
2016-06-04 06:00:00,92.33,transfer,1.0,58.275,0.0,56.5592,56.5592,58.275,-0.1227,28.2652,82.1429,2334
2016-06-04 07:00:00,87.74,transfer,1.0,63.7001,0.0,72.7666,72.7666,63.7001,-0.1231,28.1786,82.0312,2335
2016-06-04 08:00:00,89.1,transfer,1.0,68.8737,0.0,72.4545,72.4545,68.8737,-0.1236,28.1149,81.9331,2336
2016-06-04 09:00:00,88.89,transfer,1.0,70.9432,0.0,76.7625,76.7625,70.9432,-0.1239,28.0379,81.8057,2337
2016-06-04 10:00:00,90.62,transfer,1.0,70.3828,0.0,82.163,82.163,70.3828,-0.1243,27.9436,81.6471,2338
2016-06-04 11:00:00,95.34,transfer,1.0,68.5414,0.0,69.6657,69.6657,68.5414,-0.1246,27.8759,81.5045,2339
2016-06-04 12:00:00,97.27,transfer,1.0,66.3142,0.0,50.7346,50.7346,66.3142,-0.1249,27.774,81.3205,2340
2016-06-04 13:00:00,102.56,transfer,1.0,64.2009,0.0,53.4169,53.4169,64.2009,-0.1251,27.7012,81.1634,2341
2016-06-04 14:00:00,96.55,transfer,1.0,62.0797,0.0,62.0162,62.0162,62.0797,-0.1252,27.5838,80.96,2342
2016-06-04 15:00:00,100.49,transfer,1.0,60.067,0.0,62.0233,62.0233,60.067,-0.1252,27.4855,80.7787,2343
2016-06-04 16:00:00,102.44,transfer,1.0,58.0028,0.0,59.6673,59.6673,58.0028,-0.1249,27.3841,80.5972,2344
2016-06-04 17:00:00,106.62,transfer,1.0,56.4261,0.0,53.8566,53.8566,56.4261,-0.1244,27.3269,80.4642,2345
2016-06-04 18:00:00,65.4,transfer,1.0,55.3064,0.0,64.8981,64.8981,55.3064,-0.1235,27.3471,80.4142,2346
2016-06-04 19:00:00,61.53,transfer,1.0,54.6416,0.0,59.145,59.145,54.6416,-0.122,27.3733,80.3777,2347
2016-06-04 20:00:00,66.49,transfer,1.0,53.5874,0.0,56.6678,56.6678,53.5874,-0.1205,27.3928,80.3494,2348
2016-06-04 21:00:00,62.22,transfer,1.0,52.389,0.0,45.559,45.559,52.389,-0.1196,27.4114,80.3323,2349
2016-06-04 22:00:00,58.83,transfer,1.0,51.8257,0.0,59.4653,59.4653,51.8257,-0.1186,27.444,80.3368,2350
2016-06-04 23:00:00,50.51,transfer,1.0,51.5729,0.0,42.7956,42.7956,51.5729,-0.1176,27.4321,80.3261,2351
2016-06-05 00:00:00,50.46,transfer,1.0,51.5227,0.0,42.6093,42.6093,51.5227,-0.1163,27.421,80.3209,2352
2016-06-05 01:00:00,50.43,transfer,1.0,51.681,0.0,54.5506,54.5506,51.681,-0.0968,27.411,80.3198,2353
2016-06-05 02:00:00,50.39,transfer,1.0,52.1247,0.0,49.5278,49.5278,52.1247,0.1497,27.4024,80.3197,2354
2016-06-05 03:00:00,50.65,transfer,1.0,52.9512,0.0,46.9889,46.9889,52.9512,0.8475,27.3956,80.3168,2355
2016-06-05 04:00:00,89.1,transfer,1.0,54.2942,0.0,53.4435,53.4435,54.2942,1.7544,27.4058,80.3151,2356
2016-06-05 05:00:00,91.36,transfer,1.0,56.5502,0.0,63.9391,63.9391,56.5502,2.0871,27.3987,80.2972,2357
2016-06-05 06:00:00,94.08,transfer,1.0,61.5296,0.0,71.9954,71.9954,61.5296,1.9491,27.3772,80.269,2358
2016-06-05 07:00:00,92.43,transfer,1.0,67.3922,0.0,67.543,67.543,67.3922,1.4041,27.3339,80.2225,2359
2016-06-05 08:00:00,90.75,transfer,1.0,72.3064,0.0,65.9431,65.9431,72.3064,0.6794,27.2491,80.1364,2360
2016-06-05 09:00:00,91.52,transfer,1.0,74.0888,0.0,76.8804,76.8804,74.0888,0.129,27.1323,80.0155,2361
2016-06-05 10:00:00,95.64,transfer,1.0,73.3963,0.0,53.1233,53.1233,73.3963,-0.0749,27.022,79.8935,2362
2016-06-05 11:00:00,93.2,transfer,1.0,71.7223,0.0,59.438,59.438,71.7223,-0.1132,26.9284,79.7793,2363
2016-06-05 12:00:00,97.08,transfer,1.0,69.9358,0.0,73.5568,73.5568,69.9358,-0.1142,26.829,79.6522,2364
2016-06-05 13:00:00,100.6,transfer,1.0,67.9924,0.0,64.3455,64.3455,67.9924,-0.1148,26.7644,79.5561,2365
2016-06-05 14:00:00,102.93,transfer,1.0,66.1302,0.0,69.8203,69.8203,66.1302,-0.1157,26.7209,79.4798,2366
2016-06-05 15:00:00,115.46,transfer,1.0,64.5548,0.0,65.5162,65.5162,64.5548,-0.1161,26.7287,79.4572,2367
2016-06-05 16:00:00,110.03,transfer,1.0,63.2339,0.0,67.9103,67.9103,63.2339,-0.1165,26.7454,79.4477,2368
2016-06-05 17:00:00,102.24,transfer,1.0,62.4726,0.0,64.0855,64.0855,62.4726,-0.1166,26.7206,79.4034,2369
2016-06-05 18:00:00,62.61,transfer,1.0,61.2934,0.0,52.8775,52.8775,61.2934,-0.1159,26.7091,79.3776,2370
2016-06-05 19:00:00,61.41,transfer,1.0,59.478,0.0,67.8018,67.8018,59.478,-0.1153,26.7169,79.3717,2371
2016-06-05 20:00:00,64.71,transfer,1.0,57.0496,0.0,66.7513,66.7513,57.0496,-0.1159,26.7015,79.3448,2372
2016-06-05 21:00:00,62.3,transfer,1.0,55.0379,0.0,57.692,57.692,55.0379,-0.1157,26.6989,79.3336,2373
2016-06-05 22:00:00,55.25,transfer,1.0,53.9356,0.0,49.7534,49.7534,53.9356,-0.1156,26.6971,79.3437,2374
2016-06-05 23:00:00,50.27,transfer,1.0,53.3139,0.0,60.8735,60.8735,53.3139,-0.1159,26.6892,79.3461,2375
2016-06-06 00:00:00,49.85,transfer,1.0,52.8198,0.0,51.1877,51.1877,52.8198,-0.116,26.6824,79.3535,2376
2016-06-06 01:00:00,49.49,transfer,1.0,53.2424,0.0,57.185,57.185,53.2424,-0.0852,26.6796,79.3717,2377
2016-06-06 02:00:00,49.47,transfer,1.0,54.7901,0.0,56.4595,56.4595,54.7901,0.3573,26.6763,79.4121,2378
2016-06-06 03:00:00,49.65,transfer,1.0,57.5694,0.0,52.9352,52.9352,57.5694,1.4674,26.6728,79.483,2379
2016-06-06 04:00:00,82.46,transfer,1.0,61.8162,0.0,71.6131,71.6131,61.8162,2.8275,26.6409,79.5684,2380
2016-06-06 05:00:00,84.52,transfer,1.0,68.9307,0.0,68.0409,68.0409,68.9307,3.6499,26.6058,79.7212,2381
2016-06-06 06:00:00,73.71,transfer,1.0,79.964,0.0,72.3556,72.3556,79.964,3.742,26.6193,79.9776,2382
2016-06-06 07:00:00,96.31,transfer,1.0,89.4863,0.0,76.2722,76.2722,89.4863,3.2434,26.5878,80.4453,2383
2016-06-06 08:00:00,135.35,transfer,1.0,94.7816,0.0,109.0231,109.0231,94.7816,2.481,26.7212,81.2154,2384
2016-06-06 09:00:00,156.97,transfer,1.0,98.5917,0.0,102.6244,102.6244,98.5917,1.3699,26.9682,82.1339,2385
2016-06-06 10:00:00,161.95,transfer,1.0,101.384,0.0,119.1204,119.1204,101.384,0.3009,27.2443,83.0902,2386
2016-06-06 11:00:00,163.18,transfer,1.0,102.7691,0.0,105.3251,105.3251,102.7691,-0.0889,27.5686,84.0291,2387
2016-06-06 12:00:00,157.22,transfer,1.0,103.2793,0.0,94.6813,94.6813,103.2793,-0.1146,27.8808,84.9208,2388
2016-06-06 13:00:00,159.04,transfer,1.0,103.2791,0.0,91.5825,91.5825,103.2791,-0.1162,28.1624,85.82,2389
2016-06-06 14:00:00,162.35,transfer,1.0,102.8089,0.0,118.8011,118.8011,102.8089,-0.1174,28.4416,86.7514,2390
2016-06-06 15:00:00,157.15,transfer,1.0,101.8304,0.0,99.3731,99.3731,101.8304,-0.1189,28.6652,87.6549,2391
2016-06-06 16:00:00,148.47,transfer,1.0,100.2166,0.0,118.2331,118.2331,100.2166,-0.1199,28.7962,88.4858,2392
2016-06-06 17:00:00,132.35,transfer,1.0,97.4309,0.0,105.2623,105.2623,97.4309,-0.1202,28.8587,89.2559,2393
2016-06-06 18:00:00,78.24,transfer,1.0,92.4995,0.0,94.9704,94.9704,92.4995,-0.1204,28.925,89.5585,2394
2016-06-06 19:00:00,63.22,transfer,1.0,83.4336,0.0,89.3315,89.3315,83.4336,-0.1202,28.9861,89.7138,2395
2016-06-06 20:00:00,63.91,transfer,1.0,71.0027,0.0,78.2804,78.2804,71.0027,-0.1201,29.0113,89.9338,2396
2016-06-06 21:00:00,66.56,transfer,1.0,62.0026,0.0,52.6529,52.6529,62.0026,-0.12,29.0242,90.1538,2397
2016-06-06 22:00:00,66.12,transfer,1.0,57.4655,0.0,53.1776,53.1776,57.4655,-0.1191,29.0556,90.3708,2398
2016-06-06 23:00:00,65.17,transfer,1.0,55.2787,0.0,48.0014,48.0014,55.2787,20.0411,29.0654,90.4888,2399
2016-06-07 00:00:00,64.31,transfer,1.0,54.1335,0.0,51.7056,51.7056,54.1335,84.1752,29.1186,90.4155,2400
2016-06-07 01:00:00,64.99,transfer,1.0,53.7805,0.0,50.4505,50.4505,53.7805,-0.1192,29.1827,90.609,2401
2016-06-07 02:00:00,66.78,transfer,1.0,54.3933,0.0,54.6881,54.6881,54.3933,-0.1186,29.238,90.8101,2402
2016-06-07 03:00:00,62.64,transfer,1.0,56.5011,0.0,54.5367,54.5367,56.5011,-0.1181,29.2371,90.987,2403
2016-06-07 04:00:00,109.86,transfer,1.0,61.962,0.0,66.9303,66.9303,61.962,-0.1177,29.3367,91.5859,2404
2016-06-07 05:00:00,101.73,transfer,1.0,71.4583,0.0,76.7476,76.7476,71.4583,-0.1178,29.4171,92.1779,2405
2016-06-07 06:00:00,92.04,transfer,1.0,84.2922,0.0,99.6291,99.6291,84.2922,-0.1188,29.3964,92.6722,2406
2016-06-07 07:00:00,128.17,transfer,1.0,93.2313,0.0,101.1026,101.1026,93.2313,-0.1196,29.4833,93.279,2407
2016-06-07 08:00:00,161.49,transfer,1.0,98.1957,0.0,113.4664,113.4664,98.1957,-0.1205,29.5783,93.894,2408
2016-06-07 09:00:00,179.03,transfer,1.0,101.2554,0.0,108.9217,108.9217,101.2554,-0.1212,29.6242,94.463,2409
2016-06-07 10:00:00,184.42,transfer,1.0,102.7864,0.0,111.7512,111.7512,102.7864,-0.1217,29.683,95.0476,2410
2016-06-07 11:00:00,180.27,transfer,1.0,103.5022,0.0,100.6611,100.6611,103.5022,-0.1221,29.7337,95.626,2411
2016-06-07 12:00:00,185.21,transfer,1.0,103.7811,0.0,116.3652,116.3652,103.7811,-0.1225,29.7458,96.1668,2412
2016-06-07 13:00:00,161.13,transfer,1.0,103.8178,0.0,102.4878,102.4878,103.8178,-0.1227,29.6688,96.6192,2413
2016-06-07 14:00:00,164.95,transfer,1.0,103.705,0.0,101.0653,101.0653,103.705,-0.1229,29.5766,97.0567,2414
2016-06-07 15:00:00,159.16,transfer,1.0,103.4509,0.0,97.5613,97.5613,103.4509,-0.1227,29.462,97.4726,2415
2016-06-07 16:00:00,141.56,transfer,1.0,102.9876,0.0,89.622,89.622,102.9876,-0.1217,29.335,97.8765,2416
2016-06-07 17:00:00,142.33,transfer,1.0,102.1286,0.0,113.9877,113.9877,102.1286,-0.1201,29.2362,98.3088,2417
2016-06-07 18:00:00,88.82,transfer,1.0,100.4962,0.0,105.1377,105.1377,100.4962,-0.1189,29.2322,98.8323,2418
2016-06-07 19:00:00,81.78,transfer,1.0,96.4169,0.0,99.4589,99.4589,96.4169,-0.1175,29.223,99.2694,2419
2016-06-07 20:00:00,79.38,transfer,1.0,86.3344,0.0,91.0338,91.0338,86.3344,-0.1164,29.2,99.6682,2420
2016-06-07 21:00:00,79.91,transfer,1.0,73.7641,0.0,76.8227,76.8227,73.7641,-0.1159,29.1828,100.0079,2421
2016-06-07 22:00:00,77.89,transfer,1.0,65.3978,0.0,64.7954,64.7954,65.3978,-0.1154,29.1881,100.2682,2422
2016-06-07 23:00:00,65.13,transfer,1.0,61.1641,0.0,60.2602,60.2602,61.1641,-0.115,29.1579,100.4368,2423
2016-06-08 00:00:00,59.68,transfer,1.0,59.3414,0.0,55.8544,55.8544,59.3414,-0.1149,29.1252,100.5913,2424
2016-06-08 01:00:00,58.88,transfer,1.0,58.0763,0.0,55.2977,55.2977,58.0763,-0.1149,29.1043,100.7399,2425
2016-06-08 02:00:00,58.71,transfer,1.0,57.7727,0.0,60.6695,60.6695,57.7727,-0.1148,29.0876,100.8858,2426
2016-06-08 03:00:00,58.54,transfer,1.0,59.1242,0.0,63.4267,63.4267,59.1242,-0.1149,29.0635,101.0283,2427
2016-06-08 04:00:00,87.21,transfer,1.0,62.6715,0.0,50.5872,50.5872,62.6715,-0.1155,28.9685,101.4712,2428
2016-06-08 05:00:00,82.62,transfer,1.0,71.3057,0.0,63.8329,63.8329,71.3057,-0.1163,28.8345,101.3771,2429
2016-06-08 06:00:00,76.9,transfer,1.0,83.3992,0.0,88.9197,88.9197,83.3992,-0.117,28.7005,101.2054,2430
2016-06-08 07:00:00,112.36,transfer,1.0,92.9814,0.0,84.5597,84.5597,92.9814,-0.1174,28.5814,101.1155,2431
2016-06-08 08:00:00,134.12,transfer,1.0,98.8915,0.0,105.482,105.482,98.8915,-0.1178,28.379,100.929,2432
2016-06-08 09:00:00,146.04,transfer,1.0,102.108,0.0,109.5956,109.5956,102.108,-0.1183,28.1325,100.6903,2433
2016-06-08 10:00:00,143.17,transfer,1.0,103.4747,0.0,76.7664,76.7664,103.4747,-0.1185,27.8529,100.414,2434
2016-06-08 11:00:00,143.37,transfer,1.0,104.0697,0.0,103.2816,103.2816,104.0697,-0.1186,27.6647,100.227,2435
2016-06-08 12:00:00,139.45,transfer,1.0,104.2385,0.0,70.3904,70.3904,104.2385,-0.1187,27.4619,100.024,2436
2016-06-08 13:00:00,132.43,transfer,1.0,104.1337,0.0,104.6693,104.6693,104.1337,-0.118,27.239,99.7997,2437
2016-06-08 14:00:00,130.43,transfer,1.0,103.7345,0.0,97.8513,97.8513,103.7345,-0.1166,26.9558,99.5132,2438
2016-06-08 15:00:00,128.12,transfer,1.0,102.8314,0.0,116.5931,116.5931,102.8314,-0.115,26.6582,99.2085,2439
2016-06-08 16:00:00,120.23,transfer,1.0,100.8924,0.0,92.4032,92.4032,100.8924,-0.1139,26.441,98.9752,2440
2016-06-08 17:00:00,116.06,transfer,1.0,96.9079,0.0,79.4502,79.4502,96.9079,-0.1113,26.3071,98.8056,2441
2016-06-08 18:00:00,78.94,transfer,1.0,90.0684,0.0,82.8285,82.8285,90.0684,-0.0961,26.3102,98.7345,2442
2016-06-08 19:00:00,69.6,transfer,1.0,79.4482,0.0,73.7209,73.7209,79.4482,0.0768,26.2681,98.6659,2443
2016-06-08 20:00:00,64.84,transfer,1.0,68.7857,0.0,70.5431,70.5431,68.7857,0.5655,26.2068,98.6065,2444
2016-06-08 21:00:00,64.21,transfer,1.0,62.3624,0.0,62.0006,62.0006,62.3624,1.6487,26.174,98.5712,2445
2016-06-08 22:00:00,64.82,transfer,1.0,59.2934,0.0,58.1876,58.1876,59.2934,2.4634,26.1476,98.6068,2446
2016-06-08 23:00:00,54.41,transfer,1.0,58.0926,0.0,68.8191,68.8191,58.0926,3.2036,26.1282,98.5901,2447
2016-06-09 00:00:00,52.7,transfer,1.0,57.7589,0.0,66.8678,66.8678,57.7589,3.9285,26.1336,98.5613,2448
2016-06-09 01:00:00,52.91,transfer,1.0,57.6797,0.0,66.8064,66.8064,57.6797,4.4842,26.1418,98.5375,2449
2016-06-09 02:00:00,53.05,transfer,1.0,58.4851,0.0,66.6124,66.6124,58.4851,4.8383,26.1567,98.5149,2450
2016-06-09 03:00:00,53.11,transfer,1.0,61.0535,0.0,75.393,75.393,61.0535,5.1093,26.1849,98.4908,2451
2016-06-09 04:00:00,66.28,transfer,1.0,66.0258,0.0,78.3074,78.3074,66.0258,5.2924,25.9497,98.2761,2452
2016-06-09 05:00:00,71.84,transfer,1.0,75.4768,0.0,72.792,72.792,75.4768,4.9543,25.7572,98.0847,2453
2016-06-09 06:00:00,66.23,transfer,1.0,86.3428,0.0,78.354,78.354,86.3428,4.4713,25.7204,97.8511,2454
2016-06-09 07:00:00,91.17,transfer,1.0,95.131,0.0,104.2457,104.2457,95.131,3.8659,25.582,97.6926,2455
2016-06-09 08:00:00,110.82,transfer,1.0,100.3715,0.0,86.6612,86.6612,100.3715,2.8908,25.3543,97.4757,2456
2016-06-09 09:00:00,129.25,transfer,1.0,102.9107,0.0,108.0638,108.0638,102.9107,1.9055,25.2271,97.351,2457
2016-06-09 10:00:00,132.46,transfer,1.0,103.7634,0.0,109.2649,109.2649,103.7634,0.9189,25.1204,97.2447,2458
2016-06-09 11:00:00,143.63,transfer,1.0,103.9746,0.0,89.7565,89.7565,103.9746,0.2396,25.067,97.1921,2459
2016-06-09 12:00:00,144.8,transfer,1.0,103.8069,0.0,105.5309,105.5309,103.8069,0.0132,25.0252,97.1502,2460
2016-06-09 13:00:00,142.69,transfer,1.0,103.3761,0.0,85.5472,85.5472,103.3761,-0.1047,24.9566,97.0807,2461
2016-06-09 14:00:00,144.76,transfer,1.0,102.6441,0.0,106.1609,106.1609,102.6441,-0.1134,24.866,96.9882,2462
2016-06-09 15:00:00,141.34,transfer,1.0,101.3697,0.0,78.6302,78.6302,101.3697,-0.1144,24.7323,96.851,2463
2016-06-09 16:00:00,134.5,transfer,1.0,99.3846,0.0,95.8954,95.8954,99.3846,0.1907,24.5845,96.6962,2464
2016-06-09 17:00:00,129.89,transfer,1.0,96.2693,0.0,93.8112,93.8112,96.2693,-0.1093,24.5332,96.636,2465
2016-06-09 18:00:00,80.87,transfer,1.0,91.4662,0.0,73.6137,73.6137,91.4662,81.4408,24.5539,96.1211,2466
2016-06-09 19:00:00,71.41,transfer,1.0,83.4807,0.0,92.8239,92.8239,83.4807,-0.1112,24.5785,96.0772,2467
2016-06-09 20:00:00,66.88,transfer,1.0,72.7022,0.0,69.681,69.681,72.7022,-0.1148,24.5961,96.0102,2468
2016-06-09 21:00:00,65.22,transfer,1.0,64.7354,0.0,61.8691,61.8691,64.7354,-0.1137,24.5924,95.9992,2469
2016-06-09 22:00:00,65.78,transfer,1.0,60.6546,0.0,57.9853,57.9853,60.6546,-0.1122,24.5962,96.0546,2470
2016-06-09 23:00:00,59.53,transfer,1.0,58.8235,0.0,62.2416,62.2416,58.8235,-0.1091,24.5708,96.0928,2471
2016-06-10 00:00:00,54.49,transfer,1.0,58.189,0.0,61.6196,61.6196,58.189,-0.0091,24.5708,96.104,2472
2016-06-10 01:00:00,54.29,transfer,1.0,58.2664,0.0,61.083,61.083,58.2664,0.4031,24.5776,96.1131,2473
2016-06-10 02:00:00,54.56,transfer,1.0,59.2855,0.0,61.673,61.673,59.2855,1.5066,24.5875,96.1191,2474
2016-06-10 03:00:00,55.14,transfer,1.0,62.0482,0.0,69.4154,69.4154,62.0482,3.0084,24.6044,96.1179,2475
2016-06-10 04:00:00,81.62,transfer,1.0,67.3048,0.0,54.1833,54.1833,67.3048,4.9439,24.4729,96.0028,2476
2016-06-10 05:00:00,83.51,transfer,1.0,76.9298,0.0,73.3469,73.3469,76.9298,6.5492,24.3112,95.8633,2477
2016-06-10 06:00:00,76.65,transfer,1.0,89.044,0.0,83.941,83.941,89.044,7.8456,24.2173,95.6344,2478
2016-06-10 07:00:00,110.36,transfer,1.0,97.6651,0.0,86.3272,86.3272,97.6651,8.6267,24.0964,95.5047,2479
2016-06-10 08:00:00,132.55,transfer,1.0,101.8289,0.0,89.6116,89.6116,101.8289,8.674,23.9674,95.3475,2480
2016-06-10 09:00:00,142.36,transfer,1.0,103.7477,0.0,124.1333,124.1333,103.7477,8.2604,23.8102,95.1548,2481
2016-06-10 10:00:00,140.03,transfer,1.0,104.4303,0.0,103.3413,103.3413,104.4303,7.3931,23.6278,94.9375,2482
2016-06-10 11:00:00,140.07,transfer,1.0,104.5927,0.0,124.8356,124.8356,104.5927,6.361,23.4167,94.6951,2483
2016-06-10 12:00:00,144.88,transfer,1.0,104.4297,0.0,104.9654,104.9654,104.4297,5.1272,23.2308,94.4835,2484
2016-06-10 13:00:00,135.0,transfer,1.0,103.918,0.0,97.1524,97.1524,103.918,3.9908,22.967,94.1983,2485
2016-06-10 14:00:00,138.94,transfer,1.0,103.015,0.0,108.3246,108.3246,103.015,3.1611,22.7443,93.9559,2486
2016-06-10 15:00:00,138.87,transfer,1.0,101.2433,0.0,107.7673,107.7673,101.2433,2.6409,22.5827,93.7703,2487
2016-06-10 16:00:00,132.81,transfer,1.0,98.1806,0.0,103.4562,103.4562,98.1806,2.562,22.5722,93.7239,2488
2016-06-10 17:00:00,118.95,transfer,1.0,93.5975,0.0,85.8671,85.8671,93.5975,5.5621,22.5802,93.6613,2489
2016-06-10 18:00:00,71.33,transfer,1.0,87.64,0.0,86.8231,86.8231,87.64,79.2445,22.5581,93.2545,2490
2016-06-10 19:00:00,65.45,transfer,1.0,78.7552,0.0,91.683,91.683,78.7552,84.4039,22.5341,92.9456,2491
2016-06-10 20:00:00,68.87,transfer,1.0,69.096,0.0,74.9593,74.9593,69.096,84.5568,22.504,92.6258,2492
2016-06-10 21:00:00,62.75,transfer,1.0,63.064,0.0,55.7768,55.7768,63.064,84.9207,22.5032,92.3739,2493
2016-06-10 22:00:00,62.74,transfer,1.0,60.5165,0.0,66.8717,66.8717,60.5165,85.5089,22.4985,92.1697,2494
2016-06-10 23:00:00,56.88,transfer,1.0,59.2014,0.0,62.5187,62.5187,59.2014,85.7845,22.4737,92.0378,2495
2016-06-11 00:00:00,50.72,transfer,1.0,58.6371,0.0,54.3362,54.3362,58.6371,85.8655,22.4896,91.9451,2496
2016-06-11 01:00:00,50.69,transfer,1.0,57.3997,0.0,68.5381,68.5381,57.3997,85.5941,22.5062,91.8532,2497
2016-06-11 02:00:00,50.53,transfer,1.0,56.3504,0.0,55.2779,55.2779,56.3504,-0.0434,22.5255,91.8535,2498
2016-06-11 03:00:00,50.23,transfer,1.0,55.961,0.0,62.8912,62.8912,55.961,-0.1174,22.5457,91.8542,2499
2016-06-11 04:00:00,86.67,transfer,1.0,56.2687,0.0,69.3456,69.3456,56.2687,-0.1184,22.5183,91.848,2500
2016-06-11 05:00:00,85.74,transfer,1.0,57.7423,0.0,60.5361,60.5361,57.7423,-0.1196,22.4798,91.8305,2501
2016-06-11 06:00:00,83.47,transfer,1.0,61.9539,0.0,61.306,61.306,61.9539,-0.1208,22.4052,91.7778,2502
2016-06-11 07:00:00,94.2,transfer,1.0,67.4737,0.0,61.0344,61.0344,67.4737,-0.1216,22.4212,91.8162,2503
2016-06-11 08:00:00,99.84,transfer,1.0,72.1585,0.0,80.207,80.207,72.1585,-0.1225,22.4655,91.8801,2504
2016-06-11 09:00:00,103.09,transfer,1.0,74.7327,0.0,72.9177,72.9177,74.7327,-0.1229,22.5275,91.9646,2505
2016-06-11 10:00:00,108.01,transfer,1.0,75.3137,0.0,76.831,76.831,75.3137,-0.1232,22.6017,92.0681,2506
2016-06-11 11:00:00,111.91,transfer,1.0,74.6161,0.0,78.6817,78.6817,74.6161,-0.1235,22.6641,92.1668,2507
2016-06-11 12:00:00,111.23,transfer,1.0,73.327,0.0,78.0467,78.0467,73.327,-0.1238,22.7055,92.2499,2508
2016-06-11 13:00:00,124.85,transfer,1.0,71.7014,0.0,83.6177,83.6177,71.7014,-0.1241,22.7935,92.3825,2509
2016-06-11 14:00:00,130.56,transfer,1.0,69.8405,0.0,75.2757,75.2757,69.8405,-0.1241,22.9498,92.585,2510
2016-06-11 15:00:00,135.69,transfer,1.0,68.455,0.0,77.2177,77.2177,68.455,-0.1241,23.1094,92.7945,2511
2016-06-11 16:00:00,140.46,transfer,1.0,67.3374,0.0,53.3796,53.3796,67.3374,-0.1238,23.2801,93.0208,2512
2016-06-11 17:00:00,133.87,transfer,1.0,66.4289,0.0,64.2278,64.2278,66.4289,-0.1236,23.3828,93.183,2513
2016-06-11 18:00:00,78.26,transfer,1.0,65.5687,0.0,68.0134,68.0134,65.5687,-0.1231,23.3982,93.2595,2514
2016-06-11 19:00:00,74.97,transfer,1.0,63.7672,0.0,67.9381,67.9381,63.7672,-0.1225,23.4239,93.3395,2515
2016-06-11 20:00:00,76.94,transfer,1.0,60.1964,0.0,63.4828,63.4828,60.1964,-0.1223,23.4468,93.4017,2516
2016-06-11 21:00:00,69.42,transfer,1.0,57.0317,0.0,63.655,63.655,57.0317,-0.1227,23.462,93.4446,2517
2016-06-11 22:00:00,69.76,transfer,1.0,55.0375,0.0,55.875,55.875,55.0375,-0.1229,23.5079,93.5097,2518
2016-06-11 23:00:00,58.49,transfer,1.0,53.6175,0.0,59.5164,59.5164,53.6175,-0.1231,23.5306,93.5572,2519
2016-06-12 00:00:00,54.76,transfer,1.0,52.6921,0.0,51.2649,51.2649,52.6921,-0.1231,23.5366,93.5829,2520
2016-06-12 01:00:00,53.9,transfer,1.0,52.0804,0.0,53.6899,53.6899,52.0804,-0.1231,23.54,93.6037,2521
2016-06-12 02:00:00,53.97,transfer,1.0,51.8197,0.0,45.399,45.399,51.8197,-0.1229,23.5425,93.6266,2522
2016-06-12 03:00:00,53.17,transfer,1.0,52.1711,0.0,48.7776,48.7776,52.1711,-0.1224,23.5347,93.6474,2523
2016-06-12 04:00:00,107.65,transfer,1.0,53.4695,0.0,58.776,58.776,53.4695,-0.1219,23.65,93.769,2524
2016-06-12 05:00:00,107.8,transfer,1.0,56.0181,0.0,51.3992,51.3992,56.0181,-0.1218,23.7511,93.88,2525
2016-06-12 06:00:00,96.06,transfer,1.0,62.571,0.0,62.0397,62.0397,62.571,-0.1221,23.7566,93.9041,2526
2016-06-12 07:00:00,106.93,transfer,1.0,70.8258,0.0,69.9296,69.9296,70.8258,-0.1223,23.8225,93.9995,2527
2016-06-12 08:00:00,119.24,transfer,1.0,76.8325,0.0,82.9719,82.9719,76.8325,-0.1228,23.9652,94.1738,2528
2016-06-12 09:00:00,130.21,transfer,1.0,80.0027,0.0,82.6777,82.6777,80.0027,-0.1232,24.1603,94.4056,2529
2016-06-12 10:00:00,141.07,transfer,1.0,81.3854,0.0,84.0487,84.0487,81.3854,-0.1232,24.3831,94.6763,2530
2016-06-12 11:00:00,133.19,transfer,1.0,82.2088,0.0,86.5303,86.5303,82.2088,-0.1233,24.5587,94.9144,2531
2016-06-12 12:00:00,142.92,transfer,1.0,82.6068,0.0,83.9425,83.9425,82.6068,-0.1233,24.7562,95.1873,2532
2016-06-12 13:00:00,130.68,transfer,1.0,81.895,0.0,94.9352,94.9352,81.895,-0.1232,24.8525,95.3664,2533
2016-06-12 14:00:00,137.21,transfer,1.0,80.8451,0.0,59.5799,59.5799,80.8451,-0.1234,24.9689,95.5705,2534
2016-06-12 15:00:00,127.76,transfer,1.0,78.398,0.0,75.0419,75.0419,78.398,-0.1233,24.9597,95.6438,2535
2016-06-12 16:00:00,124.99,transfer,1.0,75.6803,0.0,69.0306,69.0306,75.6803,-0.1231,24.9747,95.7329,2536
2016-06-12 17:00:00,122.97,transfer,1.0,72.239,0.0,72.8423,72.8423,72.239,-0.1225,25.04,95.8563,2537
2016-06-12 18:00:00,74.41,transfer,1.0,68.7445,0.0,66.3712,66.3712,68.7445,-0.1218,25.0658,95.9266,2538
2016-06-12 19:00:00,64.8,transfer,1.0,65.1047,0.0,63.942,63.942,65.1047,-0.1198,25.0562,95.9468,2539
2016-06-12 20:00:00,63.87,transfer,1.0,60.892,0.0,57.1521,57.1521,60.892,-0.1187,25.0283,95.9418,2540
2016-06-12 21:00:00,62.81,transfer,1.0,57.3908,0.0,59.4045,59.4045,57.3908,-0.1184,25.0173,95.9449,2541
2016-06-12 22:00:00,65.63,transfer,1.0,55.3382,0.0,58.2405,58.2405,55.3382,-0.118,25.0708,96.0067,2542
2016-06-12 23:00:00,54.47,transfer,1.0,54.1473,0.0,58.0716,58.0716,54.1473,-0.1178,25.0546,96.0317,2543
2016-06-13 00:00:00,51.12,transfer,1.0,53.5579,0.0,65.007,65.007,53.5579,-0.1179,25.0514,96.0392,2544
2016-06-13 01:00:00,50.26,transfer,1.0,53.9621,0.0,57.688,57.688,53.9621,-0.1176,25.0511,96.044,2545
2016-06-13 02:00:00,50.07,transfer,1.0,55.4796,0.0,57.9143,57.9143,55.4796,-0.1165,25.0516,96.0504,2546
2016-06-13 03:00:00,49.79,transfer,1.0,58.5821,0.0,56.1246,56.1246,58.5821,-0.1145,25.0568,96.0607,2547
2016-06-13 04:00:00,79.82,transfer,1.0,63.6724,0.0,56.8103,56.8103,63.6724,-0.0715,25.0301,96.0622,2548
2016-06-13 05:00:00,80.79,transfer,1.0,72.7086,0.0,64.1895,64.1895,72.7086,-0.0571,24.9854,96.0621,2549
2016-06-13 06:00:00,74.24,transfer,1.0,84.9929,0.0,91.5342,91.5342,84.9929,-0.0922,25.0121,96.088,2550
2016-06-13 07:00:00,102.85,transfer,1.0,94.0895,0.0,99.8238,99.8238,94.0895,-0.1103,25.0237,96.1469,2551
2016-06-13 08:00:00,121.12,transfer,1.0,99.2388,0.0,91.6844,91.6844,99.2388,-0.1143,24.9124,96.0777,2552
2016-06-13 09:00:00,132.88,transfer,1.0,102.2499,0.0,103.7489,103.7489,102.2499,-0.1134,24.7473,95.9431,2553
2016-06-13 10:00:00,141.84,transfer,1.0,103.5037,0.0,86.3033,86.3033,103.5037,-0.1126,24.615,95.8259,2554
2016-06-13 11:00:00,136.89,transfer,1.0,103.8785,0.0,117.8,117.8,103.8785,-0.1124,24.4519,95.6695,2555
2016-06-13 12:00:00,134.87,transfer,1.0,103.7923,0.0,107.2917,107.2917,103.7923,-0.1132,24.3158,95.5365,2556
2016-06-13 13:00:00,132.07,transfer,1.0,103.1543,0.0,115.9193,115.9193,103.1543,-0.1142,24.156,95.3759,2557
2016-06-13 14:00:00,135.11,transfer,1.0,101.6211,0.0,115.387,115.387,101.6211,-0.1151,24.0009,95.2138,2558
2016-06-13 15:00:00,135.78,transfer,1.0,98.6502,0.0,98.66,98.66,98.6502,-0.1156,23.8926,95.0866,2559
2016-06-13 16:00:00,130.28,transfer,1.0,93.7767,0.0,112.8915,112.8915,93.7767,-0.1163,23.8227,94.9783,2560
2016-06-13 17:00:00,120.68,transfer,1.0,87.4188,0.0,90.6604,90.6604,87.4188,-0.1168,23.8128,94.9088,2561
2016-06-13 18:00:00,72.24,transfer,1.0,80.2992,0.0,62.7741,62.7741,80.2992,-0.117,23.7759,94.873,2562
2016-06-13 19:00:00,65.81,transfer,1.0,72.049,0.0,74.7107,74.7107,72.049,-0.1165,23.6927,94.8884,2563
2016-06-13 20:00:00,63.7,transfer,1.0,64.1268,0.0,68.7329,68.7329,64.1268,-0.1161,23.6531,94.8872,2564
2016-06-13 21:00:00,65.27,transfer,1.0,59.3277,0.0,64.7152,64.7152,59.3277,-0.116,23.6613,94.8795,2565
2016-06-13 22:00:00,66.31,transfer,1.0,56.8882,0.0,52.5845,52.5845,56.8882,-0.1157,23.6659,94.8806,2566
2016-06-13 23:00:00,65.77,transfer,1.0,55.7931,0.0,52.6327,52.6327,55.7931,-0.1144,23.6664,95.0041,2567
2016-06-14 00:00:00,65.3,transfer,1.0,55.4886,0.0,66.2412,66.2412,55.4886,-0.0377,23.6642,95.2748,2568
2016-06-14 01:00:00,59.16,transfer,1.0,56.0792,0.0,54.4313,54.4313,56.0792,0.4079,23.6158,95.2369,2569
2016-06-14 02:00:00,62.86,transfer,1.0,57.9239,0.0,64.1547,64.1547,57.9239,1.6105,23.5715,95.2033,2570
2016-06-14 03:00:00,63.13,transfer,1.0,61.0727,0.0,53.8308,53.8308,61.0727,3.3388,23.5472,95.1857,2571
2016-06-14 04:00:00,105.05,transfer,1.0,67.8436,0.0,70.5028,70.5028,67.8436,6.3943,23.4835,95.1183,2572
2016-06-14 05:00:00,107.29,transfer,1.0,79.8378,0.0,91.1582,91.1582,79.8378,9.8789,23.4668,95.0919,2573
2016-06-14 06:00:00,98.45,transfer,1.0,92.794,0.0,105.6536,105.6536,92.794,14.1098,23.4543,95.0453,2574
2016-06-14 07:00:00,123.37,transfer,1.0,99.8624,0.0,98.0545,98.0545,99.8624,19.46,23.3863,94.9002,2575
2016-06-14 08:00:00,153.9,transfer,1.0,102.8985,0.0,95.9474,95.9474,102.8985,25.5914,23.3131,94.702,2576
2016-06-14 09:00:00,147.4,transfer,1.0,104.2431,0.0,117.2696,117.2696,104.2431,32.5859,23.107,94.319,2577
2016-06-14 10:00:00,148.16,transfer,1.0,104.775,0.0,105.6576,105.6576,104.775,40.4275,22.8794,93.8618,2578
2016-06-14 11:00:00,142.23,transfer,1.0,104.9313,0.0,109.2197,109.2197,104.9313,49.3129,22.6444,93.3411,2579
2016-06-14 12:00:00,143.96,transfer,1.0,104.9055,0.0,112.9,112.9,104.9055,59.1448,22.3922,92.7428,2580
2016-06-14 13:00:00,135.69,transfer,1.0,104.7018,0.0,123.6926,123.6926,104.7018,68.3992,22.2355,92.1835,2581
2016-06-14 14:00:00,143.85,transfer,1.0,104.273,0.0,119.8793,119.8793,104.273,75.2234,22.1065,91.6094,2582
2016-06-14 15:00:00,144.72,transfer,1.0,103.4576,0.0,98.9734,98.9734,103.4576,79.7664,22.0205,91.048,2583
2016-06-14 16:00:00,139.96,transfer,1.0,102.1452,0.0,105.1364,105.1364,102.1452,82.68,22.016,90.5456,2584
2016-06-14 17:00:00,133.83,transfer,1.0,99.9543,0.0,107.1315,107.1315,99.9543,84.2635,21.9784,89.9927,2585
2016-06-14 18:00:00,79.8,transfer,1.0,96.474,0.0,105.9325,105.9325,96.474,85.1551,22.0081,89.4952,2586
2016-06-14 19:00:00,76.88,transfer,1.0,89.3772,0.0,89.8002,89.8002,89.3772,85.4672,21.9954,89.0588,2587
2016-06-14 20:00:00,71.28,transfer,1.0,77.3478,0.0,72.1033,72.1033,77.3478,85.7126,21.9901,88.6715,2588
2016-06-14 21:00:00,65.3,transfer,1.0,67.7474,0.0,70.3478,70.3478,67.7474,85.9074,21.9681,88.3178,2589
2016-06-14 22:00:00,68.14,transfer,1.0,62.5644,0.0,70.6655,70.6655,62.5644,86.0575,21.9269,87.9602,2590
2016-06-14 23:00:00,58.1,transfer,1.0,59.914,0.0,63.6721,63.6721,59.914,86.181,21.9141,87.7389,2591
2016-06-15 00:00:00,52.81,transfer,1.0,58.8787,0.0,66.7029,66.7029,58.8787,86.2896,21.9482,87.5823,2592
2016-06-15 01:00:00,52.98,transfer,1.0,58.0894,0.0,66.0216,66.0216,58.0894,86.3308,21.9739,87.4297,2593
2016-06-15 02:00:00,52.79,transfer,1.0,58.2323,0.0,60.1471,60.1471,58.2323,86.4292,22.0007,87.2797,2594
2016-06-15 03:00:00,53.02,transfer,1.0,60.2394,0.0,51.4855,51.4855,60.2394,86.5043,22.0402,87.1299,2595
2016-06-15 04:00:00,92.56,transfer,1.0,64.7561,0.0,56.911,56.911,64.7561,4.0048,22.0596,87.1372,2596
2016-06-15 05:00:00,93.34,transfer,1.0,74.7794,0.0,78.7786,78.7786,74.7794,3.6938,22.1027,87.1784,2597
2016-06-15 06:00:00,86.14,transfer,1.0,88.2619,0.0,99.4608,99.4608,88.2619,3.8503,22.0767,87.2098,2598
2016-06-15 07:00:00,115.26,transfer,1.0,97.2936,0.0,101.7754,101.7754,97.2936,3.8993,22.0683,87.2031,2599
2016-06-15 08:00:00,145.05,transfer,1.0,101.6893,0.0,88.9545,88.9545,101.6893,3.3611,22.1167,87.2475,2600
2016-06-15 09:00:00,149.0,transfer,1.0,103.6171,0.0,102.7694,102.7694,103.6171,2.2222,22.1253,87.2511,2601
2016-06-15 10:00:00,149.7,transfer,1.0,104.3822,0.0,86.5635,86.5635,104.3822,1.0735,22.1588,87.2829,2602
2016-06-15 11:00:00,147.92,transfer,1.0,104.6519,0.0,93.8851,93.8851,104.6519,0.2075,22.1824,87.3081,2603
2016-06-15 12:00:00,154.42,transfer,1.0,104.6556,0.0,97.3285,97.3285,104.6556,-0.0959,22.269,87.397,2604
2016-06-15 13:00:00,155.74,transfer,1.0,104.4565,0.0,111.0725,111.0725,104.4565,-0.1154,22.4059,87.5358,2605
2016-06-15 14:00:00,164.66,transfer,1.0,104.0601,0.0,116.2057,116.2057,104.0601,-0.1172,22.6077,87.7395,2606
2016-06-15 15:00:00,151.19,transfer,1.0,103.4727,0.0,116.6621,116.6621,103.4727,-0.1185,22.7412,87.8769,2607
2016-06-15 16:00:00,148.03,transfer,1.0,102.677,0.0,96.1113,96.1113,102.677,-0.1195,22.896,88.0424,2608
2016-06-15 17:00:00,137.39,transfer,1.0,101.2018,0.0,92.1916,92.1916,101.2018,-0.12,22.9974,88.1694,2609
2016-06-15 18:00:00,80.17,transfer,1.0,98.6644,0.0,105.6573,105.6573,98.6644,-0.12,23.0413,88.1769,2610
2016-06-15 19:00:00,79.85,transfer,1.0,92.7066,0.0,97.3924,97.3924,92.7066,-0.1194,23.0592,88.239,2611
2016-06-15 20:00:00,75.07,transfer,1.0,80.5521,0.0,77.6056,77.6056,80.5521,-0.1191,23.0683,88.304,2612
2016-06-15 21:00:00,66.23,transfer,1.0,69.4992,0.0,64.9455,64.9455,69.4992,-0.1189,23.0768,88.3265,2613
2016-06-15 22:00:00,65.67,transfer,1.0,63.3644,0.0,69.905,69.905,63.3644,-0.1183,23.0576,88.347,2614
2016-06-15 23:00:00,55.79,transfer,1.0,60.0258,0.0,70.5697,70.5697,60.0258,-0.1175,23.0609,88.375,2615
2016-06-16 00:00:00,52.12,transfer,1.0,58.2674,0.0,64.0392,64.0392,58.2674,-0.1167,23.0674,88.3956,2616
2016-06-16 01:00:00,51.86,transfer,1.0,57.1193,0.0,54.2958,54.2958,57.1193,-0.1051,23.0703,88.4167,2617
2016-06-16 02:00:00,51.64,transfer,1.0,56.8201,0.0,47.8056,47.8056,56.8201,-0.0809,23.0688,88.4375,2618
2016-06-16 03:00:00,52.18,transfer,1.0,58.022,0.0,60.2811,60.2811,58.022,-0.0498,23.0563,88.4627,2619
2016-06-16 04:00:00,102.35,transfer,1.0,61.1663,0.0,62.7615,62.7615,61.1663,0.0021,23.2999,88.7089,2620
2016-06-16 05:00:00,105.15,transfer,1.0,68.8521,0.0,59.6719,59.6719,68.8521,-0.0432,23.4943,88.9369,2621
2016-06-16 06:00:00,98.98,transfer,1.0,82.594,0.0,61.5887,61.5887,82.594,-0.0916,23.4721,89.159,2622
2016-06-16 07:00:00,122.04,transfer,1.0,93.7692,0.0,95.996,95.996,93.7692,-0.1078,23.6168,89.3664,2623
2016-06-16 08:00:00,145.53,transfer,1.0,99.9712,0.0,91.1617,91.1617,99.9712,-0.1183,23.8258,89.5909,2624
2016-06-16 09:00:00,150.97,transfer,1.0,102.8318,0.0,111.7913,111.7913,102.8318,-0.1193,23.9556,89.7323,2625
2016-06-16 10:00:00,161.35,transfer,1.0,103.9587,0.0,111.8156,111.8156,103.9587,-0.1202,24.1264,89.9104,2626
2016-06-16 11:00:00,150.32,transfer,1.0,104.3773,0.0,83.9499,83.9499,104.3773,-0.1209,24.1638,89.9524,2627
2016-06-16 12:00:00,158.65,transfer,1.0,104.5112,0.0,95.6807,95.6807,104.5112,-0.1216,24.2421,90.0356,2628
2016-06-16 13:00:00,160.12,transfer,1.0,104.3898,0.0,123.9304,123.9304,104.3898,-0.1222,24.3398,90.1395,2629
2016-06-16 14:00:00,168.85,transfer,1.0,104.0827,0.0,88.6269,88.6269,104.0827,-0.1228,24.4746,90.2829,2630
2016-06-16 15:00:00,160.66,transfer,1.0,103.5671,0.0,98.6436,98.6436,103.5671,-0.1231,24.5765,90.398,2631
2016-06-16 16:00:00,154.86,transfer,1.0,102.8186,0.0,97.6347,97.6347,102.8186,-0.1232,24.6773,90.5211,2632
2016-06-16 17:00:00,150.36,transfer,1.0,101.5856,0.0,127.8243,127.8243,101.5856,-0.1232,24.7675,90.643,2633
2016-06-16 18:00:00,80.37,transfer,1.0,99.4878,0.0,100.0027,100.0027,99.4878,-0.123,24.8182,91.1187,2634
2016-06-16 19:00:00,78.74,transfer,1.0,94.8187,0.0,77.063,77.063,94.8187,-0.1225,24.8421,91.1624,2635
2016-06-16 20:00:00,72.89,transfer,1.0,83.4688,0.0,76.7145,76.7145,83.4688,-0.1221,24.8704,91.1982,2636
2016-06-16 21:00:00,66.56,transfer,1.0,71.1228,0.0,66.2702,66.2702,71.1228,-0.1219,24.8946,91.2063,2637
2016-06-16 22:00:00,65.17,transfer,1.0,64.2625,0.0,56.3146,56.3146,64.2625,-0.1215,24.8695,91.2027,2638
2016-06-16 23:00:00,52.96,transfer,1.0,60.465,0.0,73.8744,73.8744,60.465,-0.1197,24.91,91.1636,2639
2016-06-17 00:00:00,48.72,transfer,1.0,57.7563,0.0,42.3716,42.3716,57.7563,-0.1178,24.9418,91.1299,2640
2016-06-17 01:00:00,49.15,transfer,1.0,55.6525,0.0,54.6319,54.6319,55.6525,-0.1172,24.9568,91.1024,2641
2016-06-17 02:00:00,48.71,transfer,1.0,54.7628,0.0,48.1955,48.1955,54.7628,-0.1087,24.9647,91.0772,2642
2016-06-17 03:00:00,48.96,transfer,1.0,55.4366,0.0,47.546,47.546,55.4366,-0.0948,24.9621,91.0589,2643
2016-06-17 04:00:00,91.38,transfer,1.0,58.147,0.0,57.7586,57.7586,58.147,-0.0519,25.0747,91.1468,2644
2016-06-17 05:00:00,91.99,transfer,1.0,65.6402,0.0,44.1435,44.1435,65.6402,-0.0375,25.1924,91.2364,2645
2016-06-17 06:00:00,81.51,transfer,1.0,79.6928,0.0,80.3497,80.3497,79.6928,-0.0686,25.1295,91.3125,2646
2016-06-17 07:00:00,103.26,transfer,1.0,92.259,0.0,106.6807,106.6807,92.259,-0.0977,25.1194,91.3221,2647
2016-06-17 08:00:00,132.45,transfer,1.0,99.2556,0.0,101.7356,101.7356,99.2556,-0.1167,25.1341,91.3739,2648
2016-06-17 09:00:00,136.23,transfer,1.0,102.3069,0.0,107.7109,107.7109,102.3069,-0.1177,25.1062,91.3873,2649
2016-06-17 10:00:00,141.49,transfer,1.0,103.482,0.0,95.3889,95.3889,103.482,-0.1185,25.1205,91.4407,2650
2016-06-17 11:00:00,142.5,transfer,1.0,103.7887,0.0,89.4724,89.4724,103.7887,-0.1192,25.1398,91.4937,2651
2016-06-17 12:00:00,135.79,transfer,1.0,103.6774,0.0,98.8161,98.8161,103.6774,-0.1196,25.0902,91.4708,2652
2016-06-17 13:00:00,123.74,transfer,1.0,103.1978,0.0,113.2003,113.2003,103.1978,-0.12,25.0274,91.4283,2653
2016-06-17 14:00:00,126.44,transfer,1.0,102.0539,0.0,101.853,101.853,102.0539,-0.1205,24.9587,91.3734,2654
2016-06-17 15:00:00,122.04,transfer,1.0,99.3897,0.0,116.0859,116.0859,99.3897,-0.121,24.8696,91.2896,2655
2016-06-17 16:00:00,113.01,transfer,1.0,94.522,0.0,76.9204,76.9204,94.522,-0.1215,24.7735,91.1878,2656
2016-06-17 17:00:00,100.58,transfer,1.0,87.1432,0.0,68.6511,68.6511,87.1432,-0.1218,24.7026,91.1123,2657
2016-06-17 18:00:00,55.72,transfer,1.0,78.3663,0.0,95.3149,95.3149,78.3663,-0.1221,24.7403,91.3975,2658
2016-06-17 19:00:00,51.77,transfer,1.0,69.2302,0.0,77.8253,77.8253,69.2302,-0.122,24.765,91.5936,2659
2016-06-17 20:00:00,52.73,transfer,1.0,62.043,0.0,63.6265,63.6265,62.043,-0.1221,24.8191,91.8148,2660
2016-06-17 21:00:00,57.43,transfer,1.0,57.9024,0.0,56.4025,56.4025,57.9024,-0.122,24.8201,92.0254,2661
2016-06-17 22:00:00,57.27,transfer,1.0,55.9953,0.0,60.6086,60.6086,55.9953,-0.1214,24.8144,92.2315,2662
2016-06-17 23:00:00,51.39,transfer,1.0,55.2168,0.0,60.8628,60.8628,55.2168,-0.1207,24.8234,92.3661,2663
2016-06-18 00:00:00,46.9,transfer,1.0,54.9991,0.0,48.8563,48.8563,54.9991,-0.1199,24.8245,92.4367,2664
2016-06-18 01:00:00,46.51,transfer,1.0,54.2315,0.0,47.0093,47.0093,54.2315,-0.1197,24.8305,92.5065,2665
2016-06-18 02:00:00,46.38,transfer,1.0,53.6034,0.0,52.4593,52.4593,53.6034,-0.1199,24.8388,92.4823,2666
2016-06-18 03:00:00,46.62,transfer,1.0,53.5197,0.0,41.647,41.647,53.5197,-0.1199,24.8458,92.4608,2667
2016-06-18 04:00:00,77.08,transfer,1.0,54.0335,0.0,66.641,66.641,54.0335,-0.12,24.802,92.4038,2668
2016-06-18 05:00:00,75.63,transfer,1.0,55.6502,0.0,51.8811,51.8811,55.6502,-0.1206,24.7543,92.3436,2669
2016-06-18 06:00:00,69.59,transfer,1.0,59.2665,0.0,58.7058,58.7058,59.2665,-0.1214,24.6877,92.261,2670
2016-06-18 07:00:00,84.22,transfer,1.0,63.4845,0.0,58.0619,58.0619,63.4845,-0.1219,24.652,92.2016,2671
2016-06-18 08:00:00,84.66,transfer,1.0,66.6119,0.0,60.5535,60.5535,66.6119,-0.1226,24.5947,92.1112,2672
2016-06-18 09:00:00,87.4,transfer,1.0,67.9329,0.0,71.7761,71.7761,67.9329,-0.1229,24.5417,92.0178,2673
2016-06-18 10:00:00,88.98,transfer,1.0,67.7167,0.0,77.474,77.474,67.7167,-0.1234,24.4737,91.9045,2674
2016-06-18 11:00:00,85.13,transfer,1.0,66.6223,0.0,69.2811,69.2811,66.6223,-0.1237,24.3619,91.7451,2675
2016-06-18 12:00:00,88.05,transfer,1.0,64.901,0.0,51.5541,51.5541,64.901,-0.1241,24.274,91.6072,2676
2016-06-18 13:00:00,89.34,transfer,1.0,62.594,0.0,48.3166,48.3166,62.594,-0.1242,24.1169,91.3958,2677
2016-06-18 14:00:00,88.15,transfer,1.0,60.4603,0.0,52.271,52.271,60.4603,-0.1241,23.9203,91.1434,2678
2016-06-18 15:00:00,88.31,transfer,1.0,58.4558,0.0,60.6294,60.6294,58.4558,-0.124,23.6978,90.8613,2679
2016-06-18 16:00:00,90.83,transfer,1.0,56.7338,0.0,59.395,59.395,56.7338,-0.1236,23.4655,90.5659,2680
2016-06-18 17:00:00,91.18,transfer,1.0,55.2271,0.0,58.5817,58.5817,55.2271,-0.1229,23.278,90.3118,2681
2016-06-18 18:00:00,58.81,transfer,1.0,54.1306,0.0,56.8067,56.8067,54.1306,-0.1219,23.2304,90.196,2682
2016-06-18 19:00:00,52.99,transfer,1.0,53.3933,0.0,51.855,51.855,53.3933,-0.1199,23.1661,90.0652,2683
2016-06-18 20:00:00,53.29,transfer,1.0,52.4959,0.0,47.8203,47.8203,52.4959,-0.1182,23.0711,89.9244,2684
2016-06-18 21:00:00,58.13,transfer,1.0,51.5115,0.0,63.183,63.183,51.5115,-0.1164,23.0368,89.8571,2685
2016-06-18 22:00:00,58.78,transfer,1.0,51.0153,0.0,48.497,48.497,51.0153,-0.1142,22.9954,89.7917,2686
2016-06-18 23:00:00,52.25,transfer,1.0,51.0453,0.0,50.527,50.527,51.0453,-0.1115,22.9735,89.7545,2687
2016-06-19 00:00:00,47.14,transfer,1.0,51.4014,0.0,51.5147,51.5147,51.4014,0.1138,22.9866,89.7077,2688
2016-06-19 01:00:00,46.71,transfer,1.0,51.787,0.0,49.2599,49.2599,51.787,1.0076,23.006,89.6582,2689
2016-06-19 02:00:00,46.5,transfer,1.0,52.2892,0.0,48.813,48.813,52.2892,2.6239,23.0276,89.5974,2690
2016-06-19 03:00:00,46.62,transfer,1.0,53.132,0.0,51.314,51.314,53.132,4.9554,23.0605,89.5282,2691
2016-06-19 04:00:00,76.76,transfer,1.0,54.3685,0.0,63.7275,63.7275,54.3685,8.2997,22.8712,89.2942,2692
2016-06-19 05:00:00,75.15,transfer,1.0,56.4371,0.0,58.1132,58.1132,56.4371,11.601,22.6744,89.0301,2693
2016-06-19 06:00:00,72.45,transfer,1.0,60.1435,0.0,65.2075,65.2075,60.1435,14.8953,22.5483,88.8001,2694
2016-06-19 07:00:00,86.42,transfer,1.0,64.3173,0.0,68.1942,68.1942,64.3173,18.6421,22.465,88.5664,2695
2016-06-19 08:00:00,83.41,transfer,1.0,67.3511,0.0,63.2805,63.2805,67.3511,22.1733,22.3081,88.2204,2696
2016-06-19 09:00:00,86.51,transfer,1.0,68.6963,0.0,74.9238,74.9238,68.6963,25.4776,22.1153,87.8079,2697
2016-06-19 10:00:00,88.01,transfer,1.0,68.4348,0.0,80.1836,80.1836,68.4348,28.5462,21.8766,87.3214,2698
2016-06-19 11:00:00,94.23,transfer,1.0,67.4613,0.0,51.1025,51.1025,67.4613,31.9373,21.7324,86.8986,2699
2016-06-19 12:00:00,95.19,transfer,1.0,66.2825,0.0,70.1679,70.1679,66.2825,36.3724,21.5455,86.3973,2700
2016-06-19 13:00:00,93.57,transfer,1.0,65.1897,0.0,72.0236,72.0236,65.1897,43.0734,21.4241,85.9193,2701
2016-06-19 14:00:00,95.0,transfer,1.0,63.8696,0.0,55.5645,55.5645,63.8696,54.8384,21.2738,85.3409,2702
2016-06-19 15:00:00,99.97,transfer,1.0,62.2691,0.0,62.8046,62.8046,62.2691,69.7897,21.2044,84.7593,2703
2016-06-19 16:00:00,96.58,transfer,1.0,60.7284,0.0,58.9973,58.9973,60.7284,80.8619,21.1243,84.1082,2704
2016-06-19 17:00:00,93.14,transfer,1.0,59.4644,0.0,55.9913,55.9913,59.4644,84.1908,21.0228,83.4287,2705
2016-06-19 18:00:00,57.89,transfer,1.0,58.1791,0.0,61.7659,61.7659,58.1791,85.1956,20.9908,83.1476,2706
2016-06-19 19:00:00,53.71,transfer,1.0,56.7632,0.0,63.6332,63.6332,56.7632,85.4995,21.0072,82.9504,2707
2016-06-19 20:00:00,55.73,transfer,1.0,55.115,0.0,63.0202,63.0202,55.115,85.6697,20.9931,82.7477,2708
2016-06-19 21:00:00,61.53,transfer,1.0,53.5577,0.0,58.5953,58.5953,53.5577,85.8313,21.0083,82.5178,2709
2016-06-19 22:00:00,59.78,transfer,1.0,52.7137,0.0,48.9584,48.9584,52.7137,85.9583,20.9891,82.2823,2710
2016-06-19 23:00:00,49.61,transfer,1.0,52.5179,0.0,56.4012,56.4012,52.5179,86.0807,21.0045,82.1744,2711
2016-06-20 00:00:00,47.31,transfer,1.0,52.6431,0.0,61.3356,61.3356,52.6431,86.1646,21.0217,82.1007,2712
2016-06-20 01:00:00,47.1,transfer,1.0,53.4555,0.0,47.0053,47.0053,53.4555,86.3258,21.0375,82.0344,2713
2016-06-20 02:00:00,46.75,transfer,1.0,54.9129,0.0,41.9506,41.9506,54.9129,85.9982,21.0539,81.9692,2714
2016-06-20 03:00:00,46.69,transfer,1.0,57.2928,0.0,62.0224,62.0224,57.2928,2.7204,21.0647,81.9339,2715
2016-06-20 04:00:00,81.82,transfer,1.0,60.7422,0.0,58.7838,58.7838,60.7422,3.614,21.094,81.9239,2716
2016-06-20 05:00:00,79.09,transfer,1.0,66.5165,0.0,77.5913,77.5913,66.5165,4.1536,21.1208,81.8887,2717
2016-06-20 06:00:00,78.92,transfer,1.0,76.5401,0.0,62.3887,62.3887,76.5401,4.3356,21.0709,81.8902,2718
2016-06-20 07:00:00,81.9,transfer,1.0,85.8648,0.0,97.5695,97.5695,85.8648,4.2618,21.0424,81.7395,2719
2016-06-20 08:00:00,87.8,transfer,1.0,93.2073,0.0,99.011,99.011,93.2073,3.7942,20.9443,81.5179,2720
2016-06-20 09:00:00,88.26,transfer,1.0,96.8929,0.0,74.3213,74.3213,96.8929,3.119,20.8134,81.233,2721
2016-06-20 10:00:00,100.17,transfer,1.0,97.4546,0.0,96.0742,96.0742,97.4546,2.2829,20.6014,80.9708,2722
2016-06-20 11:00:00,95.87,transfer,1.0,95.4856,0.0,73.2742,73.2742,95.4856,1.3464,20.4071,80.7179,2723
2016-06-20 12:00:00,105.41,transfer,1.0,92.0398,0.0,103.1646,103.1646,92.0398,0.5291,20.3017,80.5387,2724
2016-06-20 13:00:00,101.78,transfer,1.0,86.924,0.0,88.4985,88.4985,86.924,0.1425,20.2181,80.3569,2725
2016-06-20 14:00:00,111.02,transfer,1.0,81.4852,0.0,82.821,82.821,81.4852,0.0156,20.1945,80.2127,2726
2016-06-20 15:00:00,112.88,transfer,1.0,76.1953,0.0,83.8235,83.8235,76.1953,-0.0275,20.1919,80.0759,2727
2016-06-20 16:00:00,112.23,transfer,1.0,72.021,0.0,71.3036,71.3036,72.021,-0.0346,20.2139,79.968,2728
2016-06-20 17:00:00,108.32,transfer,1.0,68.4621,0.0,67.0805,67.0805,68.4621,0.203,20.2532,79.8925,2729
2016-06-20 18:00:00,60.47,transfer,1.0,65.017,0.0,65.1463,65.1463,65.017,61.843,20.2323,79.47,2730
2016-06-20 19:00:00,55.16,transfer,1.0,61.1921,0.0,60.0256,60.0256,61.1921,81.5178,20.2311,79.2344,2731
2016-06-20 20:00:00,57.86,transfer,1.0,57.225,0.0,57.1601,57.1601,57.225,83.5715,20.2323,79.0076,2732
2016-06-20 21:00:00,63.01,transfer,1.0,54.3235,0.0,61.5944,61.5944,54.3235,83.2233,20.2486,78.7387,2733
2016-06-20 22:00:00,62.93,transfer,1.0,52.8732,0.0,66.2763,66.2763,52.8732,80.5478,20.2524,78.4482,2734
2016-06-20 23:00:00,54.99,transfer,1.0,52.4106,0.0,55.6255,55.6255,52.4106,22.0435,20.2084,78.2522,2735
2016-06-21 00:00:00,61.03,transfer,1.0,52.632,0.0,53.3014,53.3014,52.632,18.9426,20.2,78.1138,2736
2016-06-21 01:00:00,60.45,transfer,1.0,53.3499,0.0,67.0396,67.0396,53.3499,2.6665,20.2239,78.108,2737
2016-06-21 02:00:00,59.1,transfer,1.0,55.3542,0.0,53.5463,53.5463,55.3542,4.1759,20.2168,78.0703,2738
2016-06-21 03:00:00,59.66,transfer,1.0,59.0186,0.0,58.0466,58.0466,59.0186,6.7243,20.2084,78.0295,2739
2016-06-21 04:00:00,99.21,transfer,1.0,65.3305,0.0,68.7379,68.7379,65.3305,11.0374,20.1886,77.9671,2740
2016-06-21 05:00:00,102.37,transfer,1.0,76.012,0.0,76.2034,76.2034,76.012,16.1413,20.1821,77.9006,2741
2016-06-21 06:00:00,95.5,transfer,1.0,89.0166,0.0,96.8666,96.8666,89.0166,22.3456,20.187,77.834,2742
2016-06-21 07:00:00,106.75,transfer,1.0,97.1913,0.0,112.3812,112.3812,97.1913,30.08,20.104,77.6719,2743
2016-06-21 08:00:00,122.06,transfer,1.0,101.0603,0.0,109.1346,109.1346,101.0603,39.357,19.9254,77.4004,2744
2016-06-21 09:00:00,130.5,transfer,1.0,102.7635,0.0,106.2983,106.2983,102.7635,49.6685,19.8336,77.1981,2745
2016-06-21 10:00:00,130.93,transfer,1.0,103.2937,0.0,110.1118,110.1118,103.2937,60.2405,19.7398,76.9776,2746
2016-06-21 11:00:00,133.3,transfer,1.0,103.3222,0.0,111.1101,111.1101,103.3222,69.8883,19.6963,76.802,2747
2016-06-21 12:00:00,129.36,transfer,1.0,102.9326,0.0,111.8706,111.8706,102.9326,76.9409,19.6211,76.6092,2748
2016-06-21 13:00:00,129.31,transfer,1.0,102.1997,0.0,109.4268,109.4268,102.1997,80.9126,19.598,76.4967,2749
2016-06-21 14:00:00,115.42,transfer,1.0,100.6477,0.0,115.7997,115.7997,100.6477,82.9996,19.4504,76.2812,2750
2016-06-21 15:00:00,108.5,transfer,1.0,98.1281,0.0,97.6782,97.6782,98.1281,84.3366,19.2665,76.0384,2751
2016-06-21 16:00:00,102.27,transfer,1.0,93.2994,0.0,79.9666,79.9666,93.2994,85.01,19.0948,75.8002,2752
2016-06-21 17:00:00,100.69,transfer,1.0,86.1647,0.0,72.9928,72.9928,86.1647,85.5555,18.9796,75.5952,2753
2016-06-21 18:00:00,61.48,transfer,1.0,75.7998,0.0,79.2094,79.2094,75.7998,85.8933,18.9656,75.7087,2754
2016-06-21 19:00:00,58.62,transfer,1.0,70.1817,0.0,74.011,74.011,70.1817,86.1877,18.96,75.8216,2755
2016-06-21 20:00:00,60.05,transfer,1.0,61.3255,0.0,64.4681,64.4681,61.3255,86.4456,18.9315,75.8928,2756
2016-06-21 21:00:00,58.35,transfer,1.0,56.735,0.0,57.291,57.291,56.735,86.5572,18.9266,75.9381,2757
2016-06-21 22:00:00,58.23,transfer,1.0,54.6597,0.0,51.5144,51.5144,54.6597,86.5728,18.9146,76.0001,2758
2016-06-21 23:00:00,47.75,transfer,1.0,53.5505,0.0,52.2373,52.2373,53.5505,86.5551,18.9384,76.064,2759
2016-06-22 00:00:00,45.85,transfer,1.0,52.5515,0.0,38.4518,38.4518,52.5515,86.4981,18.9421,76.1066,2760
2016-06-22 01:00:00,45.03,transfer,1.0,51.8868,0.0,50.7532,50.7532,51.8868,86.4319,18.9525,76.1546,2761
2016-06-22 02:00:00,44.73,transfer,1.0,52.0809,0.0,54.2183,54.2183,52.0809,86.2914,18.9639,76.2017,2762
2016-06-22 03:00:00,44.54,transfer,1.0,53.6405,0.0,52.4479,52.4479,53.6405,85.881,18.9751,76.2485,2763
2016-06-22 04:00:00,83.89,transfer,1.0,57.068,0.0,60.487,60.487,57.068,2.0074,18.9692,76.2088,2764
2016-06-22 05:00:00,85.52,transfer,1.0,64.7742,0.0,67.0043,67.0043,64.7742,0.8374,18.9822,76.1792,2765
2016-06-22 06:00:00,75.82,transfer,1.0,78.1767,0.0,87.7924,87.7924,78.1767,0.0765,18.9836,76.1403,2766
2016-06-22 07:00:00,92.96,transfer,1.0,90.2418,0.0,79.551,79.551,90.2418,-0.1119,18.8929,76.0314,2767
2016-06-22 08:00:00,100.77,transfer,1.0,97.6165,0.0,77.5956,77.5956,97.6165,-0.1168,18.6536,75.7885,2768
2016-06-22 09:00:00,100.8,transfer,1.0,101.2419,0.0,108.8106,108.8106,101.2419,-0.1177,18.3861,75.5156,2769
2016-06-22 10:00:00,104.56,transfer,1.0,102.4395,0.0,100.9967,100.9967,102.4395,-0.1181,18.1289,75.254,2770
2016-06-22 11:00:00,102.41,transfer,1.0,102.3124,0.0,106.8849,106.8849,102.3124,-0.1177,17.872,74.985,2771
2016-06-22 12:00:00,98.9,transfer,1.0,101.1274,0.0,117.688,117.688,101.1274,-0.1172,17.589,74.6546,2772
2016-06-22 13:00:00,102.8,transfer,1.0,98.2743,0.0,106.2231,106.2231,98.2743,-0.1163,17.3107,74.3395,2773
2016-06-22 14:00:00,99.52,transfer,1.0,92.0578,0.0,92.1323,92.1323,92.0578,-0.1154,16.9944,73.9518,2774
2016-06-22 15:00:00,98.04,transfer,1.0,83.0084,0.0,90.4938,90.4938,83.0084,-0.1144,16.7998,73.6354,2775
2016-06-22 16:00:00,93.87,transfer,1.0,73.5221,0.0,74.5681,74.5681,73.5221,-0.1129,16.651,73.313,2776
2016-06-22 17:00:00,93.08,transfer,1.0,66.4148,0.0,66.1521,66.1521,66.4148,-0.1123,16.5943,73.0492,2777
2016-06-22 18:00:00,60.82,transfer,1.0,61.5664,0.0,63.1779,63.1779,61.5664,-0.1116,16.4887,72.9339,2778
2016-06-22 19:00:00,57.34,transfer,1.0,57.979,0.0,54.6508,54.6508,57.979,-0.1107,16.4159,72.7999,2779
2016-06-22 20:00:00,58.98,transfer,1.0,55.3732,0.0,53.398,53.398,55.3732,-0.0396,16.4048,72.7037,2780
2016-06-22 21:00:00,56.59,transfer,1.0,53.442,0.0,67.0768,67.0768,53.442,0.3585,16.404,72.6434,2781
2016-06-22 22:00:00,56.59,transfer,1.0,52.3993,0.0,55.0606,55.0606,52.3993,1.202,16.4153,72.5815,2782
2016-06-22 23:00:00,48.68,transfer,1.0,51.9798,0.0,50.7836,50.7836,51.9798,2.0904,16.4097,72.5261,2783
2016-06-23 00:00:00,44.22,transfer,1.0,51.9757,0.0,45.9072,45.9072,51.9757,2.8735,16.4193,72.4612,2784
2016-06-23 01:00:00,43.71,transfer,1.0,52.2896,0.0,62.5225,62.5225,52.2896,3.7234,16.439,72.3899,2785
2016-06-23 02:00:00,43.77,transfer,1.0,53.2062,0.0,60.5298,60.5298,53.2062,5.0462,16.4644,72.3126,2786
2016-06-23 03:00:00,44.29,transfer,1.0,55.2755,0.0,62.1423,62.1423,55.2755,7.1253,16.495,72.2229,2787
2016-06-23 04:00:00,82.78,transfer,1.0,58.8672,0.0,57.4128,57.4128,58.8672,10.0483,16.3922,72.0466,2788
2016-06-23 05:00:00,88.39,transfer,1.0,65.8222,0.0,67.175,67.175,65.8222,12.9239,16.3105,71.8697,2789
2016-06-23 06:00:00,85.39,transfer,1.0,78.6961,0.0,75.3612,75.3612,78.6961,15.8868,16.2528,71.6937,2790
2016-06-23 07:00:00,90.09,transfer,1.0,90.7658,0.0,96.7756,96.7756,90.7658,19.2593,16.0885,71.3882,2791
2016-06-23 08:00:00,90.67,transfer,1.0,97.5054,0.0,86.9559,86.9559,97.5054,22.7057,15.858,70.9258,2792
2016-06-23 09:00:00,94.22,transfer,1.0,99.6173,0.0,108.1928,108.1928,99.6173,27.1684,15.6036,70.4256,2793
2016-06-23 10:00:00,94.98,transfer,1.0,98.464,0.0,102.809,102.809,98.464,34.0077,15.2827,69.8274,2794
2016-06-23 11:00:00,86.23,transfer,1.0,95.2732,0.0,85.2415,85.2415,95.2732,43.133,15.0631,69.1884,2795
2016-06-23 12:00:00,90.0,transfer,1.0,90.073,0.0,96.7034,96.7034,90.073,57.7779,14.7413,68.4352,2796
2016-06-23 13:00:00,92.17,transfer,1.0,82.7264,0.0,78.7013,78.7013,82.7264,71.6787,14.4657,67.6033,2797
2016-06-23 14:00:00,95.53,transfer,1.0,75.1761,0.0,67.6146,67.6146,75.1761,79.5574,14.2014,66.6926,2798
2016-06-23 15:00:00,94.87,transfer,1.0,69.0461,0.0,61.6617,61.6617,69.0461,83.221,14.0153,65.8049,2799
2016-06-23 16:00:00,90.82,transfer,1.0,64.5763,0.0,74.88,74.88,64.5763,84.5766,13.8617,64.9195,2800
2016-06-23 17:00:00,89.4,transfer,1.0,61.1537,0.0,71.3972,71.3972,61.1537,85.4122,13.7395,64.0475,2801
2016-06-23 18:00:00,62.84,transfer,1.0,58.3199,0.0,65.0442,65.0442,58.3199,85.7758,13.6526,63.7049,2802
2016-06-23 19:00:00,58.83,transfer,1.0,55.6937,0.0,59.3046,59.3046,55.6937,85.9874,13.5756,63.3972,2803
2016-06-23 20:00:00,64.14,transfer,1.0,53.6806,0.0,58.3034,58.3034,53.6806,86.1819,13.5749,63.0938,2804
2016-06-23 21:00:00,57.62,transfer,1.0,52.2328,0.0,51.9795,51.9795,52.2328,86.3817,13.5798,62.8681,2805
2016-06-23 22:00:00,57.72,transfer,1.0,51.7033,0.0,57.1422,57.1422,51.7033,86.6093,13.6102,62.6514,2806
2016-06-23 23:00:00,48.29,transfer,1.0,51.675,0.0,59.042,59.042,51.675,86.8353,13.5857,62.5649,2807
2016-06-24 00:00:00,45.11,transfer,1.0,52.1253,0.0,55.8253,55.8253,52.1253,87.1385,13.5736,62.5243,2808
2016-06-24 01:00:00,44.23,transfer,1.0,52.7784,0.0,50.5384,50.5384,52.7784,87.3386,13.5858,62.4877,2809
2016-06-24 02:00:00,44.63,transfer,1.0,53.908,0.0,55.1501,55.1501,53.908,87.0695,13.605,62.4497,2810
2016-06-24 03:00:00,44.49,transfer,1.0,55.9016,0.0,52.8858,52.8858,55.9016,38.1458,13.6344,62.1955,2811
2016-06-24 04:00:00,74.26,transfer,1.0,59.0373,0.0,62.4599,62.4599,59.0373,50.2093,13.5272,61.7944,2812
2016-06-24 05:00:00,72.61,transfer,1.0,64.7082,0.0,63.5399,63.5399,64.7082,64.1613,13.4174,61.2969,2813
2016-06-24 06:00:00,66.8,transfer,1.0,74.1491,0.0,80.6885,80.6885,74.1491,73.8178,13.4503,60.8531,2814
2016-06-24 07:00:00,83.25,transfer,1.0,83.1183,0.0,84.6826,84.6826,83.1183,79.2978,13.3856,60.2614,2815
2016-06-24 08:00:00,87.97,transfer,1.0,89.6686,0.0,92.4806,92.4806,89.6686,82.1644,13.1981,59.5069,2816
2016-06-24 09:00:00,90.15,transfer,1.0,93.697,0.0,82.1668,82.1668,93.697,83.5003,13.0173,58.7348,2817
2016-06-24 10:00:00,93.17,transfer,1.0,94.4094,0.0,105.244,105.244,94.4094,84.1644,12.7985,57.9455,2818
2016-06-24 11:00:00,102.27,transfer,1.0,92.318,0.0,90.8427,90.8427,92.318,84.5001,12.6273,57.2024,2819
2016-06-24 12:00:00,103.98,transfer,1.0,88.1676,0.0,103.2105,103.2105,88.1676,84.7115,12.5302,56.5081,2820
2016-06-24 13:00:00,106.61,transfer,1.0,83.4493,0.0,76.7064,76.7064,83.4493,84.8549,12.5458,55.9003,2821
2016-06-24 14:00:00,105.44,transfer,1.0,78.4763,0.0,72.4565,72.4565,78.4763,84.9591,12.5612,55.2689,2822
2016-06-24 15:00:00,109.06,transfer,1.0,73.9621,0.0,67.045,67.045,73.9621,85.0339,12.6353,54.6848,2823
2016-06-24 16:00:00,116.98,transfer,1.0,69.8338,0.0,76.2358,76.2358,69.8338,85.1513,12.8058,54.2008,2824
2016-06-24 17:00:00,109.78,transfer,1.0,66.5248,0.0,73.2907,73.2907,66.5248,85.2324,12.9833,53.7475,2825
2016-06-24 18:00:00,66.97,transfer,1.0,64.0699,0.0,65.391,65.391,64.0699,85.3486,12.8658,53.5245,2826
2016-06-24 19:00:00,61.19,transfer,1.0,61.2737,0.0,55.7142,55.7142,61.2737,85.6242,12.7624,53.3611,2827
2016-06-24 20:00:00,64.4,transfer,1.0,58.0894,0.0,58.767,58.767,58.0894,85.8905,12.7445,53.1744,2828
2016-06-24 21:00:00,57.93,transfer,1.0,55.6432,0.0,59.47,59.47,55.6432,86.0641,12.7553,52.9993,2829
2016-06-24 22:00:00,58.51,transfer,1.0,54.4642,0.0,56.2455,56.2455,54.4642,86.2322,12.7718,52.8227,2830
2016-06-24 23:00:00,46.87,transfer,1.0,53.9991,0.0,44.974,44.974,53.9991,86.3894,12.7915,52.7513,2831
2016-06-25 00:00:00,44.7,transfer,1.0,54.1468,0.0,62.151,62.151,54.1468,86.5134,12.7995,52.7203,2832
2016-06-25 01:00:00,44.34,transfer,1.0,53.6307,0.0,57.7902,57.7902,53.6307,1.957,12.8088,52.6951,2833
2016-06-25 02:00:00,44.39,transfer,1.0,53.3965,0.0,39.4062,39.4062,53.3965,2.7396,12.8194,52.6662,2834
2016-06-25 03:00:00,44.23,transfer,1.0,53.7911,0.0,49.2303,49.2303,53.7911,4.1822,12.8353,52.6264,2835
2016-06-25 04:00:00,81.25,transfer,1.0,54.8382,0.0,56.2595,56.2595,54.8382,6.0794,12.8553,52.6143,2836
2016-06-25 05:00:00,83.01,transfer,1.0,56.7332,0.0,44.8589,44.8589,56.7332,7.2709,12.8928,52.6142,2837
2016-06-25 06:00:00,77.13,transfer,1.0,61.1728,0.0,61.0288,61.0288,61.1728,7.9479,12.9263,52.6111,2838
2016-06-25 07:00:00,85.8,transfer,1.0,66.5028,0.0,68.8703,68.8703,66.5028,8.1991,12.9178,52.5709,2839
2016-06-25 08:00:00,87.74,transfer,1.0,70.8121,0.0,73.8494,73.8494,70.8121,7.5016,12.9111,52.5439,2840
2016-06-25 09:00:00,91.93,transfer,1.0,72.7295,0.0,67.3012,67.3012,72.7295,5.7988,12.9095,52.5356,2841
2016-06-25 10:00:00,94.6,transfer,1.0,72.9279,0.0,65.2829,65.2829,72.9279,3.4842,12.9119,52.5476,2842
2016-06-25 11:00:00,93.58,transfer,1.0,72.1933,0.0,72.213,72.213,72.1933,1.2035,12.9291,52.59,2843
2016-06-25 12:00:00,95.9,transfer,1.0,70.9591,0.0,71.1731,71.1731,70.9591,-0.0736,12.9397,52.6364,2844
2016-06-25 13:00:00,94.31,transfer,1.0,69.0391,0.0,58.4123,58.4123,69.0391,-0.1185,12.931,52.666,2845
2016-06-25 14:00:00,97.41,transfer,1.0,66.877,0.0,62.856,62.856,66.877,-0.1207,12.9479,52.7211,2846
2016-06-25 15:00:00,97.92,transfer,1.0,64.4734,0.0,69.329,69.329,64.4734,-0.1216,12.9693,52.7782,2847
2016-06-25 16:00:00,100.35,transfer,1.0,62.1979,0.0,66.8904,66.8904,62.1979,-0.1204,12.9934,52.8349,2848
2016-06-25 17:00:00,100.74,transfer,1.0,60.1744,0.0,58.7306,58.7306,60.1744,81.1168,13.0209,52.4082,2849
2016-06-25 18:00:00,62.07,transfer,1.0,58.3981,0.0,51.8961,51.8961,58.3981,84.4217,13.0149,52.1905,2850
2016-06-25 19:00:00,57.18,transfer,1.0,56.8971,0.0,53.6568,53.6568,56.8971,84.5046,13.0141,52.037,2851
2016-06-25 20:00:00,59.53,transfer,1.0,55.1785,0.0,48.6731,48.6731,55.1785,84.5339,13.0353,51.8679,2852
2016-06-25 21:00:00,57.21,transfer,1.0,53.5408,0.0,54.8433,54.8433,53.5408,84.6435,13.0178,51.6845,2853
2016-06-25 22:00:00,56.05,transfer,1.0,52.5688,0.0,57.1422,57.1422,52.5688,84.5918,12.9923,51.5038,2854
2016-06-25 23:00:00,46.27,transfer,1.0,52.0306,0.0,58.0195,58.0195,52.0306,83.9481,13.0194,51.4164,2855
2016-06-26 00:00:00,43.86,transfer,1.0,51.7751,0.0,51.6384,51.6384,51.7751,-0.1222,13.0411,51.3983,2856
2016-06-26 01:00:00,43.43,transfer,1.0,51.7073,0.0,54.8329,54.8329,51.7073,-0.1216,13.0602,51.3855,2857
2016-06-26 02:00:00,43.1,transfer,1.0,51.7535,0.0,51.5035,51.5035,51.7535,-0.121,13.0772,51.3816,2858
2016-06-26 03:00:00,43.3,transfer,1.0,52.2918,0.0,50.731,50.731,52.2918,-0.1205,13.092,51.3921,2859
2016-06-26 04:00:00,73.43,transfer,1.0,53.2035,0.0,60.7626,60.7626,53.2035,-0.12,13.0791,51.4224,2860
2016-06-26 05:00:00,74.3,transfer,1.0,54.8577,0.0,55.4964,55.4964,54.8577,-0.1206,13.0835,51.4871,2861
2016-06-26 06:00:00,69.56,transfer,1.0,58.2941,0.0,65.0558,65.0558,58.2941,-0.1213,13.0773,51.5593,2862
2016-06-26 07:00:00,81.57,transfer,1.0,62.4079,0.0,62.1638,62.1638,62.4079,-0.122,13.0598,51.6421,2863
2016-06-26 08:00:00,92.34,transfer,1.0,65.6928,0.0,59.6996,59.6996,65.6928,-0.1227,13.1228,51.828,2864
2016-06-26 09:00:00,90.67,transfer,1.0,67.3589,0.0,67.8449,67.8449,67.3589,-0.1234,13.1555,52.0051,2865
2016-06-26 10:00:00,94.49,transfer,1.0,68.3819,0.0,59.661,59.661,68.3819,-0.124,13.1944,52.2143,2866
2016-06-26 11:00:00,91.07,transfer,1.0,68.1046,0.0,56.5654,56.5654,68.1046,-0.1244,13.1718,52.3864,2867
2016-06-26 12:00:00,93.31,transfer,1.0,66.9317,0.0,71.9626,71.9626,66.9317,-0.1249,13.1567,52.5924,2868
2016-06-26 13:00:00,99.72,transfer,1.0,64.9755,0.0,68.6129,68.6129,64.9755,-0.1252,13.1946,52.8862,2869
2016-06-26 14:00:00,96.76,transfer,1.0,62.8151,0.0,73.0246,73.0246,62.8151,-0.1254,13.2113,53.2238,2870
2016-06-26 15:00:00,96.22,transfer,1.0,60.931,0.0,60.6535,60.6535,60.931,-0.1254,13.197,53.6176,2871
2016-06-26 16:00:00,100.05,transfer,1.0,59.1487,0.0,59.7908,59.7908,59.1487,-0.1251,13.227,54.1204,2872
2016-06-26 17:00:00,94.37,transfer,1.0,57.431,0.0,63.7054,63.7054,57.431,-0.1248,13.2465,54.6296,2873
2016-06-26 18:00:00,58.98,transfer,1.0,56.0301,0.0,68.7837,68.7837,56.0301,-0.1244,13.2623,54.8188,2874
2016-06-26 19:00:00,55.08,transfer,1.0,54.8409,0.0,61.068,61.068,54.8409,-0.1234,13.2455,54.9582,2875
2016-06-26 20:00:00,55.64,transfer,1.0,53.5195,0.0,52.3802,52.3802,53.5195,-0.1221,13.2545,55.1119,2876
2016-06-26 21:00:00,54.19,transfer,1.0,52.2825,0.0,52.4514,52.4514,52.2825,-0.1208,13.2184,55.2905,2877
2016-06-26 22:00:00,53.92,transfer,1.0,51.6048,0.0,53.8453,53.8453,51.6048,-0.1197,13.1901,55.4564,2878
2016-06-26 23:00:00,45.29,transfer,1.0,51.3131,0.0,60.7944,60.7944,51.3131,-0.1188,13.2087,55.5096,2879
2016-06-27 00:00:00,43.94,transfer,1.0,51.2746,0.0,53.6297,53.6297,51.2746,-0.118,13.2206,55.5406,2880
2016-06-27 01:00:00,43.27,transfer,1.0,51.9566,0.0,57.1314,57.1314,51.9566,-0.1167,13.2345,55.5653,2881
2016-06-27 02:00:00,43.35,transfer,1.0,53.595,0.0,57.2357,57.2357,53.595,-0.114,13.2469,55.5904,2882
2016-06-27 03:00:00,43.56,transfer,1.0,56.0963,0.0,61.6046,61.6046,56.0963,0.2271,13.2584,55.5866,2883
2016-06-27 04:00:00,80.17,transfer,1.0,59.7236,0.0,63.8078,63.8078,59.7236,1.3032,13.2546,55.5906,2884
2016-06-27 05:00:00,79.59,transfer,1.0,65.505,0.0,53.0294,53.0294,65.505,1.9784,13.2636,55.6065,2885
2016-06-27 06:00:00,72.56,transfer,1.0,75.8675,0.0,88.3553,88.3553,75.8675,2.1898,13.2691,55.5814,2886
2016-06-27 07:00:00,81.09,transfer,1.0,85.867,0.0,80.6358,80.6358,85.867,1.6521,13.274,55.5921,2887
2016-06-27 08:00:00,90.4,transfer,1.0,92.6268,0.0,86.1378,86.1378,92.6268,0.9099,13.255,55.6248,2888
2016-06-27 09:00:00,95.47,transfer,1.0,96.2509,0.0,108.237,108.237,96.2509,0.2214,13.2083,55.6849,2889
2016-06-27 10:00:00,101.16,transfer,1.0,97.3048,0.0,75.6704,75.6704,97.3048,-0.0667,13.2151,55.7048,2890
2016-06-27 11:00:00,98.36,transfer,1.0,96.5252,0.0,92.107,92.107,96.5252,-0.1165,13.2237,55.7283,2891
2016-06-27 12:00:00,107.31,transfer,1.0,93.7992,0.0,88.4826,88.4826,93.7992,-0.118,13.2245,55.7435,2892
2016-06-27 13:00:00,104.29,transfer,1.0,89.1509,0.0,83.7957,83.7957,89.1509,-0.1196,13.2262,55.76,2893
2016-06-27 14:00:00,109.47,transfer,1.0,83.6995,0.0,86.6527,86.6527,83.6995,-0.1206,13.2038,55.7516,2894
2016-06-27 15:00:00,107.41,transfer,1.0,77.77,0.0,74.4014,74.4014,77.77,-0.1216,13.1619,55.7196,2895
2016-06-27 16:00:00,103.57,transfer,1.0,72.4492,0.0,52.7371,52.7371,72.4492,-0.1224,13.1078,55.6686,2896
2016-06-27 17:00:00,98.37,transfer,1.0,67.7913,0.0,62.3831,62.3831,67.7913,-0.1227,13.0526,55.6113,2897
2016-06-27 18:00:00,54.27,transfer,1.0,63.6226,0.0,56.3255,56.3255,63.6226,-0.1227,13.0812,55.9269,2898
2016-06-27 19:00:00,51.85,transfer,1.0,59.7547,0.0,55.5171,55.5171,59.7547,-0.1223,13.0923,56.0793,2899
2016-06-27 20:00:00,55.88,transfer,1.0,56.2006,0.0,53.0919,53.0919,56.2006,-0.1217,13.0904,56.2596,2900
2016-06-27 21:00:00,59.15,transfer,1.0,53.6645,0.0,50.2956,50.2956,53.6645,-0.1206,13.0714,56.4921,2901
2016-06-27 22:00:00,52.31,transfer,1.0,52.3687,0.0,53.0973,53.0973,52.3687,-0.119,13.0119,56.6993,2902
2016-06-27 23:00:00,57.78,transfer,1.0,51.9977,0.0,53.3111,53.3111,51.9977,-0.1164,13.0309,56.8478,2903
2016-06-28 00:00:00,51.5,transfer,1.0,52.0286,0.0,46.5708,46.5708,52.0286,85.7719,12.9841,56.8013,2904
2016-06-28 01:00:00,56.93,transfer,1.0,53.0784,0.0,42.5407,42.5407,53.0784,85.6739,12.9648,56.6285,2905
2016-06-28 02:00:00,51.18,transfer,1.0,54.922,0.0,63.1666,63.1666,54.922,4.2216,12.9647,56.581,2906
2016-06-28 03:00:00,56.63,transfer,1.0,57.9593,0.0,62.7849,62.7849,57.9593,7.6256,12.9688,56.5576,2907
2016-06-28 04:00:00,93.38,transfer,1.0,63.1951,0.0,53.066,53.066,63.1951,13.4478,12.9468,56.5086,2908
2016-06-28 05:00:00,94.4,transfer,1.0,72.7327,0.0,62.6618,62.6618,72.7327,20.8871,12.9189,56.4329,2909
2016-06-28 06:00:00,84.22,transfer,1.0,85.9312,0.0,89.1923,89.1923,85.9312,30.5556,12.8905,56.3169,2910
2016-06-28 07:00:00,97.48,transfer,1.0,94.9202,0.0,86.3403,86.3403,94.9202,42.8107,12.8489,56.1859,2911
2016-06-28 08:00:00,106.48,transfer,1.0,99.2235,0.0,108.9967,108.9967,99.2235,56.1132,12.767,55.9935,2912
2016-06-28 09:00:00,113.74,transfer,1.0,101.1775,0.0,98.1916,98.1916,101.1775,67.5534,12.6767,55.7872,2913
2016-06-28 10:00:00,114.95,transfer,1.0,101.5418,0.0,99.801,99.801,101.5418,75.2143,12.592,55.603,2914
2016-06-28 11:00:00,121.83,transfer,1.0,101.0186,0.0,102.8629,102.8629,101.0186,79.5025,12.5375,55.4775,2915
2016-06-28 12:00:00,118.8,transfer,1.0,99.7331,0.0,103.3554,103.3554,99.7331,81.8235,12.4937,55.3856,2916
2016-06-28 13:00:00,114.56,transfer,1.0,97.7728,0.0,89.0584,89.0584,97.7728,83.122,12.4322,55.2846,2917
2016-06-28 14:00:00,124.22,transfer,1.0,94.4958,0.0,100.9993,100.9993,94.4958,83.872,12.5212,55.3318,2918
2016-06-28 15:00:00,125.07,transfer,1.0,89.575,0.0,101.047,101.047,89.575,84.363,12.6708,55.4303,2919
2016-06-28 16:00:00,129.37,transfer,1.0,84.2317,0.0,74.7184,74.7184,84.2317,84.7401,12.886,55.5932,2920
2016-06-28 17:00:00,119.92,transfer,1.0,79.2658,0.0,83.7409,83.7409,79.2658,85.0362,13.0416,55.7108,2921
2016-06-28 18:00:00,68.21,transfer,1.0,74.9798,0.0,67.9213,67.9213,74.9798,85.2907,12.9966,55.6671,2922
2016-06-28 19:00:00,56.95,transfer,1.0,69.3951,0.0,77.2076,77.2076,69.3951,85.4206,13.0019,55.6725,2923
2016-06-28 20:00:00,59.39,transfer,1.0,62.5854,0.0,65.7479,65.7479,62.5854,85.6871,13.0133,55.6719,2924
2016-06-28 21:00:00,54.51,transfer,1.0,57.6703,0.0,41.4406,41.4406,57.6703,85.9366,13.0225,55.6911,2925
2016-06-28 22:00:00,54.57,transfer,1.0,59.847,0.0,42.4692,42.4692,59.847,86.1361,13.0327,55.7102,2926
2016-06-28 23:00:00,47.6,transfer,1.0,55.6167,0.0,54.3544,54.3544,55.6167,86.5687,13.0459,55.7112,2927
2016-06-29 00:00:00,41.57,transfer,1.0,53.4679,0.0,50.7748,50.7748,53.4679,86.7564,13.0768,55.7382,2928
2016-06-29 01:00:00,41.55,transfer,1.0,52.2915,0.0,47.4867,47.4867,52.2915,86.7468,13.0999,55.7608,2929
2016-06-29 02:00:00,41.27,transfer,1.0,52.3459,0.0,50.3228,50.3228,52.3459,86.7006,13.1221,55.7839,2930
2016-06-29 03:00:00,41.73,transfer,1.0,53.8334,0.0,58.308,58.308,53.8334,85.9636,13.14,55.8011,2931
2016-06-29 04:00:00,79.55,transfer,1.0,57.3232,0.0,60.6745,60.6745,57.3232,5.7906,13.1126,55.7527,2932
2016-06-29 05:00:00,82.17,transfer,1.0,65.2932,0.0,69.5351,69.5351,65.2932,4.8235,13.0896,55.7091,2933
2016-06-29 06:00:00,79.61,transfer,1.0,79.1489,0.0,82.3076,82.3076,79.1489,3.3007,13.0783,55.7124,2934
2016-06-29 07:00:00,94.9,transfer,1.0,91.4084,0.0,80.8787,80.8787,91.4084,1.7728,13.0829,55.7128,2935
2016-06-29 08:00:00,106.58,transfer,1.0,98.7947,0.0,93.6624,93.6624,98.7947,0.4137,13.1105,55.7442,2936
2016-06-29 09:00:00,107.05,transfer,1.0,102.2327,0.0,84.1091,84.1091,102.2327,-0.0964,13.1365,55.7813,2937
2016-06-29 10:00:00,112.91,transfer,1.0,103.4298,0.0,113.3829,113.3829,103.4298,-0.1168,13.1803,55.8309,2938
2016-06-29 11:00:00,114.07,transfer,1.0,103.627,0.0,108.4631,108.4631,103.627,-0.1187,13.2419,55.9004,2939
2016-06-29 12:00:00,107.88,transfer,1.0,103.2469,0.0,99.1029,99.1029,103.2469,-0.1199,13.2562,55.9538,2940
2016-06-29 13:00:00,106.4,transfer,1.0,102.1685,0.0,103.9007,103.9007,102.1685,-0.1207,13.2545,55.9753,2941
2016-06-29 14:00:00,105.99,transfer,1.0,99.6865,0.0,91.8042,91.8042,99.6865,-0.1209,13.2476,56.0138,2942
2016-06-29 15:00:00,109.58,transfer,1.0,94.8544,0.0,113.1252,113.1252,94.8544,-0.1207,13.2458,56.0826,2943
2016-06-29 16:00:00,106.84,transfer,1.0,86.9287,0.0,101.3623,101.3623,86.9287,-0.1202,13.2432,56.1598,2944
2016-06-29 17:00:00,100.26,transfer,1.0,77.8392,0.0,77.707,77.707,77.8392,-0.1193,13.2179,56.2026,2945
2016-06-29 18:00:00,58.98,transfer,1.0,69.9517,0.0,78.5181,78.5181,69.9517,83.2946,13.2788,55.9846,2946
2016-06-29 19:00:00,55.35,transfer,1.0,63.0633,0.0,62.0739,62.0739,63.0633,85.0149,13.3209,55.8192,2947
2016-06-29 20:00:00,57.69,transfer,1.0,58.0251,0.0,56.0771,56.0771,58.0251,85.2112,13.3014,55.6317,2948
2016-06-29 21:00:00,54.58,transfer,1.0,54.9724,0.0,52.2862,52.2862,54.9724,85.3142,13.285,55.48,2949
2016-06-29 22:00:00,52.96,transfer,1.0,53.5047,0.0,60.225,60.225,53.5047,-0.113,13.2633,55.4662,2950
2016-06-29 23:00:00,43.9,transfer,1.0,52.6589,0.0,59.5514,59.5514,52.6589,-0.1118,13.2958,55.4508,2951
2016-06-30 00:00:00,41.01,transfer,1.0,52.3031,0.0,46.9561,46.9561,52.3031,-0.1112,13.3168,55.4495,2952
2016-06-30 01:00:00,41.26,transfer,1.0,52.3344,0.0,36.7382,36.7382,52.3344,-0.0793,13.3317,55.4576,2953
2016-06-30 02:00:00,41.28,transfer,1.0,53.2007,0.0,47.6696,47.6696,53.2007,0.2096,13.3465,55.4715,2954
2016-06-30 03:00:00,41.74,transfer,1.0,55.4369,0.0,60.3322,60.3322,55.4369,1.143,13.3626,55.492,2955
2016-06-30 04:00:00,74.29,transfer,1.0,59.2827,0.0,65.2622,65.2622,59.2827,2.2222,13.3096,55.488,2956
2016-06-30 05:00:00,78.09,transfer,1.0,66.9026,0.0,66.5181,66.5181,66.9026,2.3297,13.2419,55.4897,2957
2016-06-30 06:00:00,69.7,transfer,1.0,79.5073,0.0,74.1737,74.1737,79.5073,2.072,13.2604,55.4786,2958
2016-06-30 07:00:00,85.85,transfer,1.0,90.9694,0.0,83.5798,83.5798,90.9694,1.4462,13.2868,55.5594,2959
2016-06-30 08:00:00,92.22,transfer,1.0,97.6612,0.0,103.7577,103.7577,97.6612,0.5051,13.2785,55.7008,2960
2016-06-30 09:00:00,100.96,transfer,1.0,100.8095,0.0,114.1855,114.1855,100.8095,-0.0715,13.2473,55.903,2961
2016-06-30 10:00:00,108.16,transfer,1.0,101.6457,0.0,95.2182,95.2182,101.6457,-0.1185,13.2654,56.1846,2962
2016-06-30 11:00:00,100.86,transfer,1.0,101.317,0.0,101.1049,101.1049,101.317,-0.1207,13.2142,56.5291,2963
2016-06-30 12:00:00,104.09,transfer,1.0,99.8668,0.0,98.0864,98.0864,99.8668,-0.1225,13.239,56.9577,2964
2016-06-30 13:00:00,106.31,transfer,1.0,96.5167,0.0,86.0636,86.0636,96.5167,-0.1236,13.241,57.4692,2965
2016-06-30 14:00:00,107.98,transfer,1.0,91.1219,0.0,100.6124,100.6124,91.1219,-0.1243,13.2202,58.0176,2966
2016-06-30 15:00:00,104.75,transfer,1.0,84.3055,0.0,81.4469,81.4469,84.3055,-0.1247,13.1882,58.5725,2967
2016-06-30 16:00:00,108.69,transfer,1.0,77.2063,0.0,83.5574,83.5574,77.2063,-0.1248,13.2194,59.1831,2968
2016-06-30 17:00:00,102.36,transfer,1.0,70.8803,0.0,68.1996,68.1996,70.8803,-0.1245,13.2386,59.7694,2969
2016-06-30 18:00:00,62.66,transfer,1.0,66.2655,0.0,58.8711,58.8711,66.2655,-0.124,13.2332,60.0066,2970
2016-06-30 19:00:00,58.4,transfer,1.0,62.0457,0.0,67.352,67.352,62.0457,-0.1231,13.2362,60.1933,2971
2016-06-30 20:00:00,59.16,transfer,1.0,58.2154,0.0,62.0966,62.0966,58.2154,-0.1226,13.1796,60.4149,2972
2016-06-30 21:00:00,55.49,transfer,1.0,55.4938,0.0,48.8446,48.8446,55.4938,-0.1218,13.1475,60.5748,2973
2016-06-30 22:00:00,55.3,transfer,1.0,53.9904,0.0,61.9175,61.9175,53.9904,-0.1208,13.1195,60.7327,2974
2016-06-30 23:00:00,46.28,transfer,1.0,53.2158,0.0,49.2092,49.2092,53.2158,-0.1194,13.1407,60.7794,2975
2016-07-01 00:00:00,44.19,transfer,1.0,53.0386,0.0,53.7653,53.7653,53.0386,-0.1176,13.1516,60.793,2976
2016-07-01 01:00:00,44.23,transfer,1.0,53.1769,0.0,43.2975,43.2975,53.1769,-0.1161,13.154,60.8004,2977
2016-07-01 02:00:00,44.06,transfer,1.0,53.7548,0.0,55.8891,55.8891,53.7548,-0.1151,13.1564,60.8107,2978
2016-07-01 03:00:00,43.99,transfer,1.0,55.3409,0.0,48.8861,48.8861,55.3409,-0.1147,13.1561,61.0355,2979
2016-07-01 04:00:00,86.27,transfer,1.0,58.4797,0.0,61.4708,61.4708,58.4797,-0.0779,13.2309,61.4063,2980
2016-07-01 05:00:00,86.41,transfer,1.0,64.2403,0.0,55.9557,55.9557,64.2403,-0.0686,13.3158,61.8707,2981
2016-07-01 06:00:00,80.15,transfer,1.0,75.1711,0.0,77.0872,77.0872,75.1711,-0.1041,13.3017,62.3067,2982
2016-07-01 07:00:00,98.49,transfer,1.0,85.7721,0.0,84.1651,84.1651,85.7721,-0.118,13.3766,62.8701,2983
2016-07-01 08:00:00,107.8,transfer,1.0,93.101,0.0,113.8172,113.8172,93.101,-0.1199,13.454,63.4779,2984
2016-07-01 09:00:00,110.6,transfer,1.0,97.347,0.0,104.9583,104.9583,97.347,-0.1215,13.5118,64.0974,2985
2016-07-01 10:00:00,117.25,transfer,1.0,98.8611,0.0,108.9382,108.9382,98.8611,-0.1229,13.6139,64.7424,2986
2016-07-01 11:00:00,122.04,transfer,1.0,98.6842,0.0,104.7399,104.7399,98.6842,-0.1241,13.6936,65.3638,2987
2016-07-01 12:00:00,120.89,transfer,1.0,97.404,0.0,93.64,93.64,97.404,-0.1247,13.7393,65.9695,2988
2016-07-01 13:00:00,123.03,transfer,1.0,95.054,0.0,89.891,89.891,95.054,-0.1251,13.768,66.573,2989
2016-07-01 14:00:00,125.95,transfer,1.0,91.3707,0.0,79.2817,79.2817,91.3707,-0.1253,13.8133,67.2016,2990
2016-07-01 15:00:00,123.16,transfer,1.0,86.8277,0.0,77.3525,77.3525,86.8277,-0.1255,13.8207,67.7924,2991
2016-07-01 16:00:00,125.66,transfer,1.0,81.9335,0.0,90.1023,90.1023,81.9335,-0.1256,13.8003,68.3517,2992
2016-07-01 17:00:00,112.98,transfer,1.0,76.921,0.0,74.8286,74.8286,76.921,-0.1255,13.7575,68.8788,2993
2016-07-01 18:00:00,63.99,transfer,1.0,72.5117,0.0,87.6992,87.6992,72.5117,-0.1257,13.7909,69.151,2994
2016-07-01 19:00:00,59.64,transfer,1.0,66.9858,0.0,54.3012,54.3012,66.9858,-0.1253,13.8342,69.3614,2995
2016-07-01 20:00:00,59.03,transfer,1.0,61.2048,0.0,66.2451,66.2451,61.2048,-0.1247,13.8095,69.5855,2996
2016-07-01 21:00:00,56.68,transfer,1.0,57.294,0.0,54.8794,54.8794,57.294,-0.1238,13.7996,69.7562,2997
2016-07-01 22:00:00,56.24,transfer,1.0,55.2051,0.0,43.2541,43.2541,55.2051,-0.1233,13.7817,69.9267,2998
2016-07-01 23:00:00,50.66,transfer,1.0,54.0914,0.0,62.922,62.922,54.0914,-0.1228,13.7596,69.9937,2999
2016-07-02 00:00:00,44.42,transfer,1.0,53.5723,0.0,52.5816,52.5816,53.5723,-0.1224,13.7579,70.01,3000
2016-07-02 01:00:00,43.33,transfer,1.0,52.8827,0.0,55.8022,55.8022,52.8827,-0.1224,13.7595,70.0163,3001
2016-07-02 02:00:00,42.82,transfer,1.0,52.2755,0.0,40.1102,40.1102,52.2755,-0.1226,13.7621,70.024,3002
2016-07-02 03:00:00,42.69,transfer,1.0,52.0942,0.0,47.057,47.057,52.0942,-0.1226,13.7612,70.0405,3003
2016-07-02 04:00:00,84.13,transfer,1.0,52.4736,0.0,44.7208,44.7208,52.4736,-0.1227,13.7924,70.0945,3004
2016-07-02 05:00:00,86.44,transfer,1.0,53.7573,0.0,51.5049,51.5049,53.7573,-0.1234,13.8305,70.159,3005
2016-07-02 06:00:00,76.69,transfer,1.0,57.6488,0.0,55.4005,55.4005,57.6488,-0.1241,13.8489,70.2044,3006
2016-07-02 07:00:00,83.03,transfer,1.0,62.9251,0.0,55.2396,55.2396,62.9251,-0.1246,13.8537,70.2375,3007
2016-07-02 08:00:00,93.07,transfer,1.0,67.4037,0.0,69.3248,69.3248,67.4037,-0.1248,13.9057,70.3146,3008
2016-07-02 09:00:00,97.19,transfer,1.0,69.3794,0.0,47.9778,47.9778,69.3794,-0.1248,13.957,70.3811,3009
2016-07-02 10:00:00,95.67,transfer,1.0,70.2479,0.0,61.2547,61.2547,70.2479,-0.1247,13.9793,70.409,3010
2016-07-02 11:00:00,97.77,transfer,1.0,70.1865,0.0,73.8142,73.8142,70.1865,-0.1245,14.0162,70.4418,3011
2016-07-02 12:00:00,92.75,transfer,1.0,68.9913,0.0,55.2306,55.2306,68.9913,-0.1245,14.0091,70.4234,3012
2016-07-02 13:00:00,87.88,transfer,1.0,67.1939,0.0,69.5959,69.5959,67.1939,-0.1246,13.9818,70.3852,3013
2016-07-02 14:00:00,87.94,transfer,1.0,64.6979,0.0,62.5444,62.5444,64.6979,-0.1247,13.9384,70.3288,3014
2016-07-02 15:00:00,91.84,transfer,1.0,61.924,0.0,61.6995,61.6995,61.924,-0.1248,13.9174,70.2926,3015
2016-07-02 16:00:00,91.54,transfer,1.0,59.4402,0.0,67.7514,67.7514,59.4402,-0.1248,13.8814,70.2402,3016
2016-07-02 17:00:00,94.5,transfer,1.0,57.5392,0.0,58.0634,58.0634,57.5392,-0.1246,13.86,70.6867,3017
2016-07-02 18:00:00,54.94,transfer,1.0,56.0391,0.0,58.1034,58.1034,56.0391,-0.124,13.8446,70.8814,3018
2016-07-02 19:00:00,49.71,transfer,1.0,54.8576,0.0,60.5786,60.5786,54.8576,-0.1228,13.8736,71.0154,3019
2016-07-02 20:00:00,52.66,transfer,1.0,53.5566,0.0,48.7519,48.7519,53.5566,-0.1218,13.853,71.1807,3020
2016-07-02 21:00:00,49.08,transfer,1.0,52.2555,0.0,45.4025,45.4025,52.2555,-0.1208,13.8501,71.3103,3021
2016-07-02 22:00:00,49.71,transfer,1.0,51.6149,0.0,53.0188,53.0188,51.6149,-0.1195,13.8407,71.437,3022
2016-07-02 23:00:00,43.84,transfer,1.0,51.3653,0.0,54.7071,54.7071,51.3653,-0.1174,13.8512,71.4744,3023
2016-07-03 00:00:00,42.19,transfer,1.0,51.4045,0.0,55.5671,55.5671,51.4045,-0.1077,13.8589,71.4643,3024
2016-07-03 01:00:00,42.15,transfer,1.0,51.6011,0.0,51.9628,51.9628,51.6011,0.3992,13.8659,71.4536,3025
2016-07-03 02:00:00,41.98,transfer,1.0,52.057,0.0,45.4902,45.4902,52.057,2.3569,13.8744,71.4322,3026
2016-07-03 03:00:00,42.08,transfer,1.0,52.9034,0.0,50.0839,50.0839,52.9034,5.0223,13.8853,71.3943,3027
2016-07-03 04:00:00,77.78,transfer,1.0,54.2215,0.0,58.3281,58.3281,54.2215,8.6703,13.9051,71.3679,3028
2016-07-03 05:00:00,80.77,transfer,1.0,56.1893,0.0,54.5928,54.5928,56.1893,11.7084,13.9357,71.336,3029
2016-07-03 06:00:00,74.99,transfer,1.0,60.3248,0.0,50.5738,50.5738,60.3248,14.3317,13.956,71.2823,3030
2016-07-03 07:00:00,74.69,transfer,1.0,65.1474,0.0,67.5195,67.5195,65.1474,16.7567,13.8987,71.1409,3031
2016-07-03 08:00:00,78.59,transfer,1.0,68.6813,0.0,57.4898,57.4898,68.6813,18.3765,13.7991,70.9489,3032
2016-07-03 09:00:00,74.6,transfer,1.0,69.227,0.0,69.6559,69.6559,69.227,19.0608,13.6923,70.7391,3033
2016-07-03 10:00:00,78.21,transfer,1.0,68.457,0.0,70.2281,70.2281,68.457,18.9953,13.5949,70.5283,3034
2016-07-03 11:00:00,77.72,transfer,1.0,66.8095,0.0,58.2982,58.2982,66.8095,18.2965,13.5232,70.3392,3035
2016-07-03 12:00:00,79.38,transfer,1.0,64.9593,0.0,57.4521,57.4521,64.9593,17.418,13.452,70.1519,3036
2016-07-03 13:00:00,81.21,transfer,1.0,63.119,0.0,55.3641,55.3641,63.119,16.9177,13.3529,69.9403,3037
2016-07-03 14:00:00,81.94,transfer,1.0,61.2939,0.0,70.0235,70.0235,61.2939,17.9423,13.2737,69.7445,3038
2016-07-03 15:00:00,82.89,transfer,1.0,59.6061,0.0,57.7623,57.7623,59.6061,26.0623,13.2023,69.5093,3039
2016-07-03 16:00:00,81.26,transfer,1.0,58.1148,0.0,60.3217,60.3217,58.1148,61.7898,13.0966,69.0289,3040
2016-07-03 17:00:00,80.05,transfer,1.0,56.8168,0.0,60.6686,60.6686,56.8168,82.6715,13.015,68.482,3041
2016-07-03 18:00:00,53.08,transfer,1.0,55.6071,0.0,65.4085,65.4085,55.6071,84.8463,13.0125,68.3193,3042
2016-07-03 19:00:00,49.15,transfer,1.0,54.5584,0.0,57.6491,57.6491,54.5584,85.276,13.0432,68.2058,3043
2016-07-03 20:00:00,53.46,transfer,1.0,53.5918,0.0,53.6459,53.6459,53.5918,85.595,13.0314,68.0651,3044
2016-07-03 21:00:00,48.14,transfer,1.0,52.583,0.0,58.0275,58.0275,52.583,85.8521,13.0465,67.9663,3045
2016-07-03 22:00:00,51.51,transfer,1.0,52.1118,0.0,60.8705,60.8705,52.1118,86.1058,13.0363,67.8506,3046
2016-07-03 23:00:00,42.95,transfer,1.0,51.9096,0.0,58.5838,58.5838,51.9096,86.366,13.0538,67.8387,3047
2016-07-04 00:00:00,41.51,transfer,1.0,51.9364,0.0,49.9233,49.9233,51.9364,86.6378,13.0722,67.8451,3048
2016-07-04 01:00:00,41.22,transfer,1.0,52.7605,0.0,52.8096,52.8096,52.7605,86.9712,13.0892,67.8592,3049
2016-07-04 02:00:00,41.25,transfer,1.0,54.3013,0.0,52.5646,52.5646,54.3013,14.2708,13.1059,67.761,3050
2016-07-04 03:00:00,41.28,transfer,1.0,56.6932,0.0,54.6684,54.6684,56.6932,27.8876,13.123,67.5828,3051
2016-07-04 04:00:00,77.45,transfer,1.0,60.0305,0.0,52.4431,52.4431,60.0305,49.7542,13.105,67.2782,3052
2016-07-04 05:00:00,76.8,transfer,1.0,65.3194,0.0,58.903,58.903,65.3194,70.636,13.0895,66.8529,3053
2016-07-04 06:00:00,68.76,transfer,1.0,74.6707,0.0,81.6513,81.6513,74.6707,82.2356,13.105,66.5143,3054
2016-07-04 07:00:00,64.94,transfer,1.0,83.6167,0.0,84.9004,84.9004,83.6167,86.6155,13.1877,66.1705,3055
2016-07-04 08:00:00,67.23,transfer,1.0,89.3117,0.0,92.857,92.857,89.3117,88.1462,13.3059,65.7623,3056
2016-07-04 09:00:00,65.88,transfer,1.0,90.8593,0.0,103.1199,103.1199,90.8593,88.78,13.4499,65.3316,3057
2016-07-04 10:00:00,65.07,transfer,1.0,89.2003,0.0,82.8186,82.8186,89.2003,89.0919,13.5706,64.8721,3058
2016-07-04 11:00:00,66.37,transfer,1.0,85.3358,0.0,89.8485,89.8485,85.3358,89.2836,13.6726,64.4223,3059
2016-07-04 12:00:00,65.91,transfer,1.0,79.3284,0.0,77.8653,77.8653,79.3284,89.4232,13.672,63.9228,3060
2016-07-04 13:00:00,66.91,transfer,1.0,73.3273,0.0,81.6076,81.6076,73.3273,89.5251,13.6201,63.4359,3061
2016-07-04 14:00:00,67.82,transfer,1.0,67.9656,0.0,70.3056,70.3056,67.9656,89.6,13.4676,62.9133,3062
2016-07-04 15:00:00,69.59,transfer,1.0,63.7497,0.0,61.3869,61.3869,63.7497,89.6525,13.3259,62.3926,3063
2016-07-04 16:00:00,70.66,transfer,1.0,60.4818,0.0,65.6788,65.6788,60.4818,89.6823,13.2013,61.8886,3064
2016-07-04 17:00:00,69.23,transfer,1.0,57.6392,0.0,52.063,52.063,57.6392,89.7015,13.0882,61.4242,3065
2016-07-04 18:00:00,42.2,transfer,1.0,55.4723,0.0,48.2113,48.2113,55.4723,89.7156,13.1116,61.3833,3066
2016-07-04 19:00:00,39.82,transfer,1.0,53.746,0.0,41.8761,41.8761,53.746,89.7221,13.1474,61.371,3067
2016-07-04 20:00:00,44.38,transfer,1.0,52.2418,0.0,48.864,48.864,52.2418,89.7227,13.1923,61.3075,3068
2016-07-04 21:00:00,42.14,transfer,1.0,51.2567,0.0,51.4957,51.4957,51.2567,89.7244,13.2139,61.2379,3069
2016-07-04 22:00:00,42.54,transfer,1.0,50.9173,0.0,58.4115,58.4115,50.9173,89.7257,13.2634,61.2067,3070
2016-07-04 23:00:00,42.05,transfer,1.0,50.9974,0.0,50.8518,50.8518,50.9974,89.7267,13.2823,61.1459,3071
2016-07-05 00:00:00,42.31,transfer,1.0,51.4213,0.0,52.1059,52.1059,51.4213,89.7278,13.3334,61.2242,3072
2016-07-05 01:00:00,42.57,transfer,1.0,52.3375,0.0,38.1827,38.1827,52.3375,89.7247,13.3686,61.3337,3073
2016-07-05 02:00:00,42.32,transfer,1.0,54.0383,0.0,61.4835,61.4835,54.0383,89.6508,13.4161,61.336,3074
2016-07-05 03:00:00,42.6,transfer,1.0,56.8356,0.0,64.1051,64.1051,56.8356,89.4583,13.4929,61.3232,3075
2016-07-05 04:00:00,86.75,transfer,1.0,59.5416,0.0,51.2224,51.2224,59.5416,89.4746,13.4752,60.8636,3076
2016-07-05 05:00:00,88.68,transfer,1.0,65.3508,0.0,66.3987,66.3987,65.3508,89.5494,13.4851,60.4312,3077
2016-07-05 06:00:00,82.34,transfer,1.0,77.5147,0.0,84.8459,84.8459,77.5147,89.5928,13.5036,60.155,3078
2016-07-05 07:00:00,93.67,transfer,1.0,87.1197,0.0,83.3396,83.3396,87.1197,89.635,13.5273,59.8536,3079
2016-07-05 08:00:00,104.58,transfer,1.0,93.119,0.0,100.4501,100.4501,93.119,89.6624,13.5524,59.6426,3080
2016-07-05 09:00:00,114.93,transfer,1.0,96.8182,0.0,104.4639,104.4639,96.8182,89.6811,13.5854,59.5179,3081
2016-07-05 10:00:00,120.16,transfer,1.0,98.4408,0.0,79.6357,79.6357,98.4408,89.6924,13.6349,59.4628,3082
2016-07-05 11:00:00,124.81,transfer,1.0,98.6277,0.0,96.904,96.904,98.6277,89.6994,13.6668,59.4198,3083
2016-07-05 12:00:00,124.22,transfer,1.0,97.8625,0.0,91.9388,91.9388,97.8625,89.7033,13.7102,59.4052,3084
2016-07-05 13:00:00,124.48,transfer,1.0,95.9707,0.0,97.8311,97.8311,95.9707,89.7056,13.78,59.425,3085
2016-07-05 14:00:00,133.87,transfer,1.0,92.6136,0.0,69.1474,69.1474,92.6136,89.7062,13.8487,59.4477,3086
2016-07-05 15:00:00,124.7,transfer,1.0,88.1235,0.0,84.1154,84.1154,88.1235,89.705,13.8551,59.4137,3087
2016-07-05 16:00:00,131.21,transfer,1.0,83.1678,0.0,79.0938,79.0938,83.1678,89.7017,13.8724,59.3951,3088
2016-07-05 17:00:00,121.06,transfer,1.0,77.245,0.0,73.3103,73.3103,77.245,89.7004,13.8912,59.3742,3089
2016-07-05 18:00:00,69.71,transfer,1.0,71.8921,0.0,84.0219,84.0219,71.8921,89.6997,13.8639,59.3915,3090
2016-07-05 19:00:00,64.27,transfer,1.0,65.5135,0.0,63.1579,63.1579,65.5135,89.6917,13.7972,59.3733,3091
2016-07-05 20:00:00,64.49,transfer,1.0,59.256,0.0,65.6978,65.6978,59.256,89.6776,13.8093,59.3667,3092
2016-07-05 21:00:00,63.18,transfer,1.0,55.0353,0.0,56.8978,56.8978,55.0353,89.4963,13.839,59.3363,3093
2016-07-05 22:00:00,62.08,transfer,1.0,52.5682,0.0,46.4147,46.4147,52.5682,86.0186,13.8642,59.2909,3094
2016-07-05 23:00:00,53.04,transfer,1.0,51.1091,0.0,54.7887,54.7887,51.1091,85.7299,13.828,59.2535,3095
2016-07-06 00:00:00,48.81,transfer,1.0,50.3051,0.0,56.4313,56.4313,50.3051,85.6404,13.7661,59.2038,3096
2016-07-06 01:00:00,47.91,transfer,1.0,49.9941,0.0,47.5577,47.5577,49.9941,85.6238,13.7145,59.1593,3097
2016-07-06 02:00:00,47.64,transfer,1.0,50.4063,0.0,47.1016,47.1016,50.4063,85.5903,13.6651,59.1147,3098
2016-07-06 03:00:00,47.8,transfer,1.0,52.0807,0.0,56.5949,56.5949,52.0807,85.39,13.6185,59.0752,3099
2016-07-06 04:00:00,102.54,transfer,1.0,55.7287,0.0,51.344,51.344,55.7287,-0.1206,13.7649,59.2472,3100
2016-07-06 05:00:00,110.1,transfer,1.0,63.6539,0.0,70.2376,70.2376,63.6539,-0.1209,13.9409,59.4429,3101
2016-07-06 06:00:00,99.22,transfer,1.0,78.2082,0.0,74.5922,74.5922,78.2082,-0.1219,14.0632,59.58,3102
2016-07-06 07:00:00,115.52,transfer,1.0,90.8942,0.0,95.6192,95.6192,90.8942,-0.1226,14.189,59.714,3103
2016-07-06 08:00:00,125.18,transfer,1.0,98.0381,0.0,92.4771,92.4771,98.0381,-0.1231,14.3042,59.8279,3104
2016-07-06 09:00:00,127.61,transfer,1.0,101.5155,0.0,99.6362,99.6362,101.5155,-0.1235,14.4309,59.9505,3105
2016-07-06 10:00:00,136.79,transfer,1.0,102.8323,0.0,85.3915,85.3915,102.8323,-0.1242,14.5766,60.0927,3106
2016-07-06 11:00:00,146.77,transfer,1.0,103.2268,0.0,108.0812,108.0812,103.2268,-0.1249,14.7736,60.2873,3107
2016-07-06 12:00:00,133.18,transfer,1.0,103.2124,0.0,99.6225,99.6225,103.2124,-0.1254,14.9244,60.438,3108
2016-07-06 13:00:00,138.06,transfer,1.0,102.8723,0.0,105.1753,105.1753,102.8723,-0.1257,15.1086,60.6264,3109
2016-07-06 14:00:00,126.95,transfer,1.0,101.9139,0.0,103.7373,103.7373,101.9139,-0.1259,15.2201,60.7512,3110
2016-07-06 15:00:00,133.5,transfer,1.0,100.2353,0.0,100.4473,100.4473,100.2353,-0.1261,15.3305,60.8937,3111
2016-07-06 16:00:00,124.08,transfer,1.0,97.0092,0.0,104.5413,104.5413,97.0092,-0.1261,15.3731,60.9963,3112
2016-07-06 17:00:00,128.71,transfer,1.0,92.3355,0.0,87.3616,87.3616,92.3355,-0.1261,15.4562,61.1657,3113
2016-07-06 18:00:00,72.87,transfer,1.0,85.82,0.0,80.7581,80.7581,85.82,-0.1258,15.4679,61.4555,3114
2016-07-06 19:00:00,66.83,transfer,1.0,77.748,0.0,75.4903,75.4903,77.748,-0.1253,15.487,61.6774,3115
2016-07-06 20:00:00,69.72,transfer,1.0,68.4467,0.0,76.2281,76.2281,68.4467,-0.1247,15.4926,61.9294,3116
2016-07-06 21:00:00,63.32,transfer,1.0,61.7548,0.0,63.3795,63.3795,61.7548,-0.1239,15.4996,62.1241,3117
2016-07-06 22:00:00,64.13,transfer,1.0,58.158,0.0,55.2034,55.2034,58.158,-0.1235,15.5319,62.1906,3118
2016-07-06 23:00:00,56.36,transfer,1.0,56.0395,0.0,55.4516,55.4516,56.0395,-0.1232,15.4817,62.2648,3119
2016-07-07 00:00:00,50.13,transfer,1.0,54.6986,0.0,55.067,55.067,54.6986,-0.1231,15.4416,62.3192,3120
2016-07-07 01:00:00,49.59,transfer,1.0,53.7633,0.0,53.5385,53.5385,53.7633,-0.1232,15.4006,62.369,3121
2016-07-07 02:00:00,48.04,transfer,1.0,53.388,0.0,55.0779,55.0779,53.388,-0.1234,15.3614,62.4113,3122
2016-07-07 03:00:00,51.57,transfer,1.0,54.1229,0.0,50.3827,50.3827,54.1229,-0.1236,15.2951,62.4773,3123
2016-07-07 04:00:00,103.2,transfer,1.0,56.3591,0.0,60.8186,60.8186,56.3591,-0.1239,15.4846,62.6634,3124
2016-07-07 05:00:00,103.64,transfer,1.0,62.7556,0.0,67.4924,67.4924,62.7556,-0.1245,15.6614,62.8301,3125
2016-07-07 06:00:00,96.39,transfer,1.0,75.6637,0.0,69.1621,69.1621,75.6637,-0.125,15.7263,63.002,3126
2016-07-07 07:00:00,103.17,transfer,1.0,87.7705,0.0,83.0878,83.0878,87.7705,-0.1255,15.7875,63.1144,3127
2016-07-07 08:00:00,107.64,transfer,1.0,95.5195,0.0,85.7457,85.7457,95.5195,-0.126,15.8273,63.21,3128
2016-07-07 09:00:00,116.37,transfer,1.0,99.4603,0.0,100.4469,100.4469,99.4603,-0.1262,15.9271,63.302,3129
2016-07-07 10:00:00,115.28,transfer,1.0,100.9769,0.0,107.5047,107.5047,100.9769,-0.1264,15.9734,63.3445,3130
2016-07-07 11:00:00,119.73,transfer,1.0,101.3767,0.0,94.9226,94.9226,101.3767,-0.1266,16.0799,63.4568,3131
2016-07-07 12:00:00,118.54,transfer,1.0,100.754,0.0,93.3277,93.3277,100.754,-0.1267,16.1607,63.5429,3132
2016-07-07 13:00:00,125.62,transfer,1.0,99.1912,0.0,101.479,101.479,99.1912,-0.127,16.2597,63.6578,3133
2016-07-07 14:00:00,136.82,transfer,1.0,96.4259,0.0,101.4119,101.4119,96.4259,-0.127,16.3998,63.8295,3134
2016-07-07 15:00:00,138.97,transfer,1.0,92.5404,0.0,91.6955,91.6955,92.5404,-0.127,16.5545,64.0332,3135
2016-07-07 16:00:00,136.28,transfer,1.0,88.4416,0.0,75.5537,75.5537,88.4416,-0.1267,16.6518,64.1975,3136
2016-07-07 17:00:00,129.52,transfer,1.0,84.088,0.0,70.4355,70.4355,84.088,-0.1263,16.7349,64.3591,3137
2016-07-07 18:00:00,74.47,transfer,1.0,79.6347,0.0,88.8614,88.8614,79.6347,-0.1259,16.7441,64.4294,3138
2016-07-07 19:00:00,68.56,transfer,1.0,73.5454,0.0,69.6752,69.6752,73.5454,-0.125,16.7521,64.4899,3139
2016-07-07 20:00:00,70.58,transfer,1.0,65.9679,0.0,74.5082,74.5082,65.9679,-0.1244,16.7739,64.5579,3140
2016-07-07 21:00:00,73.61,transfer,1.0,60.5106,0.0,64.3569,64.3569,60.5106,-0.1239,16.8519,64.6658,3141
2016-07-07 22:00:00,73.9,transfer,1.0,57.4845,0.0,59.7951,59.7951,57.4845,-0.1234,16.9418,64.7765,3142
2016-07-07 23:00:00,60.32,transfer,1.0,56.094,0.0,61.9395,61.9395,56.094,-0.1231,16.9257,64.8601,3143
2016-07-08 00:00:00,55.29,transfer,1.0,55.5225,0.0,51.8269,51.8269,55.5225,-0.1226,16.8744,64.9262,3144
2016-07-08 01:00:00,54.61,transfer,1.0,55.1215,0.0,53.9424,53.9424,55.1215,-0.1221,16.8242,64.988,3145
2016-07-08 02:00:00,54.42,transfer,1.0,55.311,0.0,57.0694,57.0694,55.311,-0.1219,16.7718,65.0497,3146
2016-07-08 03:00:00,59.81,transfer,1.0,56.9482,0.0,52.5934,52.5934,56.9482,-0.1217,16.7212,65.1439,3147
2016-07-08 04:00:00,106.33,transfer,1.0,60.4299,0.0,61.3295,61.3295,60.4299,-0.122,16.829,65.2636,3148
2016-07-08 05:00:00,109.37,transfer,1.0,68.0143,0.0,76.0462,76.0462,68.0143,-0.1227,16.9432,65.4006,3149
2016-07-08 06:00:00,97.74,transfer,1.0,80.2951,0.0,61.4036,61.4036,80.2951,-0.1237,17.0175,65.5054,3150
2016-07-08 07:00:00,114.38,transfer,1.0,90.623,0.0,89.8853,89.8853,90.623,-0.1245,17.0832,65.6,3151
2016-07-08 08:00:00,123.19,transfer,1.0,96.8172,0.0,112.9796,112.9796,96.8172,-0.1251,17.1526,65.6917,3152
2016-07-08 09:00:00,128.56,transfer,1.0,100.0151,0.0,98.254,98.254,100.0151,-0.1253,17.2437,65.7986,3153
2016-07-08 10:00:00,132.64,transfer,1.0,101.2284,0.0,99.6258,99.6258,101.2284,-0.1255,17.3212,65.8902,3154
2016-07-08 11:00:00,139.95,transfer,1.0,101.4476,0.0,111.6108,111.6108,101.4476,-0.1256,17.4113,65.9968,3155
2016-07-08 12:00:00,139.55,transfer,1.0,101.0476,0.0,98.8156,98.8156,101.0476,-0.1258,17.5007,66.1079,3156
2016-07-08 13:00:00,136.45,transfer,1.0,100.148,0.0,101.575,101.575,100.148,-0.126,17.5503,66.1878,3157
2016-07-08 14:00:00,137.33,transfer,1.0,98.6577,0.0,88.7158,88.7158,98.6577,-0.1259,17.5747,66.2555,3158
2016-07-08 15:00:00,129.53,transfer,1.0,96.3464,0.0,88.1768,88.1768,96.3464,-0.1257,17.5559,66.2935,3159
2016-07-08 16:00:00,120.83,transfer,1.0,92.8836,0.0,106.7008,106.7008,92.8836,-0.1254,17.462,66.2647,3160
2016-07-08 17:00:00,121.72,transfer,1.0,88.0973,0.0,93.9742,93.9742,88.0973,-0.1251,17.4475,66.3167,3161
2016-07-08 18:00:00,70.71,transfer,1.0,81.6245,0.0,90.961,90.961,81.6245,-0.1251,17.4617,66.3567,3162
2016-07-08 19:00:00,69.12,transfer,1.0,74.3662,0.0,69.4937,69.4937,74.3662,-0.125,17.4492,66.4132,3163
2016-07-08 20:00:00,66.38,transfer,1.0,66.8806,0.0,64.6994,64.6994,66.8806,-0.1247,17.4393,66.4569,3164
2016-07-08 21:00:00,65.54,transfer,1.0,61.9072,0.0,65.7397,65.7397,61.9072,-0.1246,17.4572,66.5097,3165
2016-07-08 22:00:00,63.23,transfer,1.0,59.1752,0.0,54.9776,54.9776,59.1752,-0.1245,17.4752,66.5513,3166
2016-07-08 23:00:00,55.61,transfer,1.0,57.7082,0.0,52.9784,52.9784,57.7082,-0.1244,17.4673,66.5807,3167
2016-07-09 00:00:00,49.01,transfer,1.0,56.8319,0.0,51.527,51.527,56.8319,-0.124,17.4593,66.6081,3168
2016-07-09 01:00:00,48.13,transfer,1.0,55.2956,0.0,63.0561,63.0561,55.2956,-0.1239,17.4451,66.6367,3169
2016-07-09 02:00:00,48.47,transfer,1.0,54.0521,0.0,47.4174,47.4174,54.0521,-0.1242,17.4221,66.6703,3170
2016-07-09 03:00:00,53.1,transfer,1.0,53.4862,0.0,58.8209,58.8209,53.4862,-0.1246,17.3684,66.7323,3171
2016-07-09 04:00:00,105.31,transfer,1.0,53.7533,0.0,52.8638,52.8638,53.7533,-0.1248,17.4869,66.8584,3172
2016-07-09 05:00:00,100.57,transfer,1.0,55.2689,0.0,44.8705,44.8705,55.2689,-0.1248,17.562,66.9425,3173
2016-07-09 06:00:00,93.6,transfer,1.0,60.0266,0.0,51.7141,51.7141,60.0266,-0.1249,17.6485,67.0431,3174
2016-07-09 07:00:00,107.15,transfer,1.0,65.7078,0.0,71.1432,71.1432,65.7078,-0.1248,17.7755,67.1867,3175
2016-07-09 08:00:00,116.96,transfer,1.0,70.4209,0.0,86.5215,86.5215,70.4209,-0.1249,17.8997,67.3289,3176
2016-07-09 09:00:00,113.21,transfer,1.0,73.5958,0.0,67.4628,67.4628,73.5958,-0.1249,17.97,67.4243,3177
2016-07-09 10:00:00,116.55,transfer,1.0,75.3904,0.0,76.9634,76.9634,75.3904,-0.1253,18.0637,67.5486,3178
2016-07-09 11:00:00,119.22,transfer,1.0,75.4941,0.0,81.9433,81.9433,75.4941,-0.1257,18.1597,67.6762,3179
2016-07-09 12:00:00,119.58,transfer,1.0,74.4278,0.0,93.4843,93.4843,74.4278,-0.1261,18.2871,67.8359,3180
2016-07-09 13:00:00,122.65,transfer,1.0,72.7633,0.0,72.7984,72.7984,72.7633,-0.1265,18.4609,68.0429,3181
2016-07-09 14:00:00,121.47,transfer,1.0,70.6956,0.0,60.1279,60.1279,70.6956,-0.1268,18.6248,68.2425,3182
2016-07-09 15:00:00,118.61,transfer,1.0,68.5753,0.0,80.0001,80.0001,68.5753,-0.1271,18.7445,68.4019,3183
2016-07-09 16:00:00,125.23,transfer,1.0,66.2454,0.0,67.5922,67.5922,66.2454,-0.1273,18.9046,68.6024,3184
2016-07-09 17:00:00,122.92,transfer,1.0,63.7852,0.0,63.0453,63.0453,63.7852,-0.1268,19.0365,68.7716,3185
2016-07-09 18:00:00,68.96,transfer,1.0,61.8627,0.0,61.1712,61.1712,61.8627,-0.1261,19.0723,68.8551,3186
2016-07-09 19:00:00,63.61,transfer,1.0,60.1117,0.0,51.9085,51.9085,60.1117,-0.1255,19.0624,68.9378,3187
2016-07-09 20:00:00,65.5,transfer,1.0,57.2324,0.0,61.8928,61.8928,57.2324,-0.1252,19.1063,69.0143,3188
2016-07-09 21:00:00,61.21,transfer,1.0,54.4992,0.0,55.3128,55.3128,54.4992,-0.1248,19.1274,69.0865,3189
2016-07-09 22:00:00,61.72,transfer,1.0,52.8109,0.0,42.1109,42.1109,52.8109,-0.1245,19.169,69.158,3190
2016-07-09 23:00:00,51.0,transfer,1.0,51.7646,0.0,50.4024,50.4024,51.7646,-0.1242,19.1288,69.2007,3191
2016-07-10 00:00:00,46.99,transfer,1.0,51.1766,0.0,56.3359,56.3359,51.1766,-0.1239,19.0989,69.2293,3192
2016-07-10 01:00:00,46.82,transfer,1.0,50.7755,0.0,50.4002,50.4002,50.7755,-0.1235,19.0662,69.2603,3193
2016-07-10 02:00:00,45.93,transfer,1.0,50.6497,0.0,55.1917,55.1917,50.6497,-0.1233,19.0343,69.2985,3194
2016-07-10 03:00:00,45.2,transfer,1.0,50.9948,0.0,45.2807,45.2807,50.9948,-0.1232,19.0043,69.3477,3195
2016-07-10 04:00:00,94.18,transfer,1.0,51.8577,0.0,59.9671,59.9671,51.8577,-0.1232,19.116,69.4977,3196
2016-07-10 05:00:00,97.27,transfer,1.0,53.5107,0.0,60.4689,60.4689,53.5107,-0.1234,19.2302,69.6663,3197
2016-07-10 06:00:00,86.8,transfer,1.0,57.9722,0.0,54.7727,54.7727,57.9722,-0.1238,19.3145,69.8227,3198
2016-07-10 07:00:00,97.6,transfer,1.0,63.699,0.0,51.1819,51.1819,63.699,-0.1241,19.4595,70.0595,3199
2016-07-10 08:00:00,102.75,transfer,1.0,68.1778,0.0,65.2418,65.2418,68.1778,-0.1244,19.6063,70.3135,3200
2016-07-10 09:00:00,99.55,transfer,1.0,70.784,0.0,81.3684,81.3684,70.784,-0.1245,19.7455,70.5762,3201
2016-07-10 10:00:00,101.9,transfer,1.0,71.6879,0.0,77.8012,77.8012,71.6879,-0.1246,19.8673,70.831,3202
2016-07-10 11:00:00,100.45,transfer,1.0,71.125,0.0,66.1392,66.1392,71.125,-0.1246,19.9769,71.0759,3203
2016-07-10 12:00:00,104.84,transfer,1.0,69.6539,0.0,73.2705,73.2705,69.6539,-0.1245,20.1005,71.3319,3204
2016-07-10 13:00:00,105.62,transfer,1.0,67.6908,0.0,71.8093,71.8093,67.6908,-0.1247,20.2186,71.5786,3205
2016-07-10 14:00:00,102.54,transfer,1.0,65.6116,0.0,71.4717,71.4717,65.6116,-0.1249,20.3155,71.8088,3206
2016-07-10 15:00:00,104.09,transfer,1.0,63.6303,0.0,56.565,56.565,63.6303,-0.1249,20.4178,72.0909,3207
2016-07-10 16:00:00,107.2,transfer,1.0,61.5686,0.0,55.6261,55.6261,61.5686,-0.1249,20.5516,72.6138,3208
2016-07-10 17:00:00,106.46,transfer,1.0,59.6533,0.0,63.6857,63.6857,59.6533,-0.1248,20.6919,73.2326,3209
2016-07-10 18:00:00,66.41,transfer,1.0,58.0038,0.0,56.673,56.673,58.0038,-0.1246,20.7269,73.4396,3210
2016-07-10 19:00:00,60.1,transfer,1.0,56.5889,0.0,63.6191,63.6191,56.5889,-0.1239,20.7156,73.583,3211
2016-07-10 20:00:00,60.65,transfer,1.0,54.7961,0.0,61.0586,61.0586,54.7961,-0.1235,20.7497,73.7535,3212
2016-07-10 21:00:00,57.37,transfer,1.0,53.0226,0.0,63.8743,63.8743,53.0226,-0.1229,20.7491,73.8713,3213
2016-07-10 22:00:00,57.11,transfer,1.0,51.9162,0.0,53.7914,53.7914,51.9162,-0.1224,20.7765,74.006,3214
2016-07-10 23:00:00,51.48,transfer,1.0,51.3036,0.0,61.0462,61.0462,51.3036,-0.122,20.7242,74.0547,3215
2016-07-11 00:00:00,45.14,transfer,1.0,51.0397,0.0,46.242,46.242,51.0397,-0.1215,20.6972,74.0555,3216
2016-07-11 01:00:00,44.67,transfer,1.0,51.6569,0.0,48.9413,48.9413,51.6569,-0.1203,20.6701,74.0498,3217
2016-07-11 02:00:00,44.45,transfer,1.0,52.9714,0.0,46.1188,46.1188,52.9714,-0.1184,20.6432,74.1545,3218
2016-07-11 03:00:00,44.47,transfer,1.0,55.2458,0.0,52.8462,52.8462,55.2458,-0.116,20.6156,74.3402,3219
2016-07-11 04:00:00,85.76,transfer,1.0,58.7105,0.0,60.4364,60.4364,58.7105,-0.1136,20.6729,74.6865,3220
2016-07-11 05:00:00,86.48,transfer,1.0,64.6103,0.0,62.4389,62.4389,64.6103,-0.1081,20.7347,75.1652,3221
2016-07-11 06:00:00,77.55,transfer,1.0,74.9571,0.0,85.0193,85.0193,74.9571,-0.1147,20.715,75.5473,3222
2016-07-11 07:00:00,87.48,transfer,1.0,84.9028,0.0,77.7747,77.7747,84.9028,-0.116,20.6191,75.9396,3223
2016-07-11 08:00:00,93.85,transfer,1.0,91.1531,0.0,86.6576,86.6576,91.1531,-0.1175,20.5038,76.3745,3224
2016-07-11 09:00:00,100.81,transfer,1.0,94.3532,0.0,100.0957,100.0957,94.3532,-0.1188,20.3935,76.8389,3225
2016-07-11 10:00:00,100.24,transfer,1.0,95.0895,0.0,117.7378,117.7378,95.0895,-0.12,20.2805,77.2933,3226
2016-07-11 11:00:00,103.07,transfer,1.0,94.3565,0.0,76.6489,76.6489,94.3565,-0.121,20.2195,77.7712,3227
2016-07-11 12:00:00,104.05,transfer,1.0,91.9571,0.0,104.3242,104.3242,91.9571,-0.1219,20.2116,78.2513,3228
2016-07-11 13:00:00,104.18,transfer,1.0,88.3457,0.0,89.1084,89.1084,88.3457,-0.1224,20.2677,78.7375,3229
2016-07-11 14:00:00,108.42,transfer,1.0,83.5592,0.0,93.9356,93.9356,83.5592,-0.123,20.4148,79.254,3230
2016-07-11 15:00:00,110.06,transfer,1.0,78.3148,0.0,94.6796,94.6796,78.3148,-0.1234,20.569,79.7904,3231
2016-07-11 16:00:00,110.98,transfer,1.0,73.6078,0.0,59.4188,59.4188,73.6078,-0.1237,20.7308,80.3385,3232
2016-07-11 17:00:00,101.77,transfer,1.0,69.5598,0.0,70.171,70.171,69.5598,-0.124,20.8536,80.8232,3233
2016-07-11 18:00:00,59.24,transfer,1.0,66.1947,0.0,59.7797,59.7797,66.1947,-0.1241,20.816,80.8937,3234
2016-07-11 19:00:00,54.74,transfer,1.0,62.4823,0.0,57.1698,57.1698,62.4823,-0.1232,20.7792,80.9232,3235
2016-07-11 20:00:00,54.7,transfer,1.0,58.6662,0.0,52.7116,52.7116,58.6662,-0.1221,20.756,80.9796,3236
2016-07-11 21:00:00,56.28,transfer,1.0,55.8307,0.0,63.2491,63.2491,55.8307,-0.1214,20.7044,81.0321,3237
2016-07-11 22:00:00,55.33,transfer,1.0,54.2058,0.0,53.8493,53.8493,54.2058,-0.1209,20.6612,81.0813,3238
2016-07-11 23:00:00,57.2,transfer,1.0,53.5027,0.0,54.4668,54.4668,53.5027,-0.1204,20.63,81.1387,3239
2016-07-12 00:00:00,50.62,transfer,1.0,53.4841,0.0,46.111,46.111,53.4841,-0.1195,20.5928,81.1585,3240
2016-07-12 01:00:00,50.78,transfer,1.0,54.3176,0.0,54.1013,54.1013,54.3176,-0.1173,20.5557,81.1808,3241
2016-07-12 02:00:00,56.04,transfer,1.0,55.8969,0.0,60.2137,60.2137,55.8969,-0.0986,20.4868,81.2332,3242
2016-07-12 03:00:00,49.85,transfer,1.0,58.5822,0.0,64.7877,64.7877,58.5822,0.5457,20.454,81.2478,3243
2016-07-12 04:00:00,96.11,transfer,1.0,63.8668,0.0,61.1981,61.1981,63.8668,2.2382,20.484,81.7903,3244
2016-07-12 05:00:00,90.89,transfer,1.0,71.9687,0.0,82.7972,82.7972,71.9687,2.8383,20.4578,82.3092,3245
2016-07-12 06:00:00,82.44,transfer,1.0,83.7936,0.0,75.3508,75.3508,83.7936,2.4131,20.4371,82.7424,3246
2016-07-12 07:00:00,99.64,transfer,1.0,92.2491,0.0,95.4379,95.4379,92.2491,1.7518,20.4421,83.3011,3247
2016-07-12 08:00:00,111.52,transfer,1.0,96.7996,0.0,110.1849,110.1849,96.7996,1.074,20.4615,83.8697,3248
2016-07-12 09:00:00,117.24,transfer,1.0,99.2758,0.0,95.2067,95.2067,99.2758,0.3285,20.4606,84.4153,3249
2016-07-12 10:00:00,123.54,transfer,1.0,100.2689,0.0,77.8817,77.8817,100.2689,-0.0515,20.4699,84.9696,3250
2016-07-12 11:00:00,124.16,transfer,1.0,100.2481,0.0,115.1473,115.1473,100.2481,-0.1162,20.4564,85.5004,3251
2016-07-12 12:00:00,130.62,transfer,1.0,99.5814,0.0,109.8319,109.8319,99.5814,-0.118,20.4842,86.0731,3252
2016-07-12 13:00:00,122.52,transfer,1.0,98.1075,0.0,106.4589,106.4589,98.1075,-0.1195,20.4598,86.5961,3253
2016-07-12 14:00:00,133.01,transfer,1.0,95.9037,0.0,99.1807,99.1807,95.9037,-0.1207,20.4351,87.1257,3254
2016-07-12 15:00:00,123.27,transfer,1.0,92.4298,0.0,87.2729,87.2729,92.4298,-0.1214,20.401,87.6518,3255
2016-07-12 16:00:00,118.49,transfer,1.0,88.2359,0.0,83.836,83.836,88.2359,-0.122,20.2951,88.1108,3256
2016-07-12 17:00:00,113.33,transfer,1.0,82.8578,0.0,95.4508,95.4508,82.8578,-0.1221,20.2157,88.5994,3257
2016-07-12 18:00:00,68.79,transfer,1.0,76.6403,0.0,70.2366,70.2366,76.6403,-0.1221,20.2494,88.8906,3258
2016-07-12 19:00:00,62.32,transfer,1.0,69.5621,0.0,74.8605,74.8605,69.5621,-0.1215,20.2851,89.111,3259
2016-07-12 20:00:00,63.44,transfer,1.0,62.9226,0.0,55.5798,55.5798,62.9226,-0.1208,20.2571,89.3394,3260
2016-07-12 21:00:00,59.39,transfer,1.0,58.5432,0.0,58.5873,58.5873,58.5432,-0.1195,20.2136,89.537,3261
2016-07-12 22:00:00,60.25,transfer,1.0,56.1547,0.0,50.9903,50.9903,56.1547,79.9191,20.1814,89.5116,3262
2016-07-12 23:00:00,50.98,transfer,1.0,54.763,0.0,51.7357,51.7357,54.763,81.9333,20.1924,89.5012,3263
2016-07-13 00:00:00,46.82,transfer,1.0,54.2,0.0,49.4247,49.4247,54.2,1.4555,20.2274,89.552,3264
2016-07-13 01:00:00,46.77,transfer,1.0,53.8942,0.0,45.0966,45.0966,53.8942,-0.115,20.2574,89.6066,3265
2016-07-13 02:00:00,46.6,transfer,1.0,54.4681,0.0,47.9374,47.9374,54.4681,-0.0281,20.2878,89.6583,3266
2016-07-13 03:00:00,47.4,transfer,1.0,56.5068,0.0,57.4443,57.4443,56.5068,0.6674,20.3165,89.7127,3267
2016-07-13 04:00:00,106.0,transfer,1.0,60.3794,0.0,60.9153,60.9153,60.3794,1.9111,20.3094,89.7212,3268
2016-07-13 05:00:00,102.69,transfer,1.0,68.9496,0.0,65.5867,65.5867,68.9496,2.2702,20.2338,89.6629,3269
2016-07-13 06:00:00,96.34,transfer,1.0,83.611,0.0,79.7846,79.7846,83.611,2.0124,20.1845,89.633,3270
2016-07-13 07:00:00,108.01,transfer,1.0,94.2455,0.0,82.7764,82.7764,94.2455,1.4094,20.1199,89.5792,3271
2016-07-13 08:00:00,117.84,transfer,1.0,99.6425,0.0,75.3285,75.3285,99.6425,0.51,20.0666,89.5317,3272
2016-07-13 09:00:00,116.67,transfer,1.0,101.9906,0.0,109.1705,109.1705,101.9906,-0.0659,19.9987,89.4663,3273
2016-07-13 10:00:00,129.21,transfer,1.0,102.7189,0.0,105.7619,105.7619,102.7189,-0.1172,19.9542,89.4211,3274
2016-07-13 11:00:00,124.09,transfer,1.0,102.6067,0.0,93.2601,93.2601,102.6067,-0.1197,19.8229,89.2861,3275
2016-07-13 12:00:00,130.79,transfer,1.0,102.0916,0.0,89.8994,89.8994,102.0916,-0.1215,19.8154,89.2718,3276
2016-07-13 13:00:00,133.64,transfer,1.0,100.8443,0.0,100.8687,100.8687,100.8443,-0.1227,19.8011,89.2455,3277
2016-07-13 14:00:00,131.4,transfer,1.0,98.8655,0.0,84.76,84.76,98.8655,-0.1234,19.8458,89.272,3278
2016-07-13 15:00:00,124.22,transfer,1.0,95.8889,0.0,96.7192,96.7192,95.8889,-0.124,19.8164,89.2167,3279
2016-07-13 16:00:00,133.67,transfer,1.0,91.5835,0.0,83.9516,83.9516,91.5835,-0.1243,19.9058,89.2738,3280
2016-07-13 17:00:00,131.43,transfer,1.0,85.5366,0.0,82.2653,82.2653,85.5366,-0.1244,19.9624,89.29,3281
2016-07-13 18:00:00,74.3,transfer,1.0,79.7909,0.0,86.7343,86.7343,79.7909,-0.1241,19.918,89.2985,3282
2016-07-13 19:00:00,71.78,transfer,1.0,73.3016,0.0,74.1413,74.1413,73.3016,-0.1234,19.8621,89.3279,3283
2016-07-13 20:00:00,68.7,transfer,1.0,65.7774,0.0,55.7797,55.7797,65.7774,-0.1229,19.8719,89.3219,3284
2016-07-13 21:00:00,67.81,transfer,1.0,60.472,0.0,60.1551,60.1551,60.472,-0.1225,19.9063,89.3486,3285
2016-07-13 22:00:00,63.98,transfer,1.0,57.3123,0.0,63.9574,63.9574,57.3123,-0.1223,19.9104,89.3477,3286
2016-07-13 23:00:00,55.42,transfer,1.0,55.4354,0.0,53.918,53.918,55.4354,-0.1223,19.9086,89.3421,3287
2016-07-14 00:00:00,49.84,transfer,1.0,54.1265,0.0,56.8492,56.8492,54.1265,-0.1223,19.9069,89.3403,3288
2016-07-14 01:00:00,50.78,transfer,1.0,53.1447,0.0,42.1382,42.1382,53.1447,-0.1223,19.8962,89.3474,3289
2016-07-14 02:00:00,54.52,transfer,1.0,52.8393,0.0,60.7759,60.7759,52.8393,-0.1221,19.8743,89.386,3290
2016-07-14 03:00:00,54.75,transfer,1.0,53.6448,0.0,65.7358,65.7358,53.6448,-0.1218,19.8657,89.4049,3291
2016-07-14 04:00:00,101.17,transfer,1.0,56.4518,0.0,58.3569,58.3569,56.4518,-0.1217,19.8531,89.3928,3292
2016-07-14 05:00:00,104.39,transfer,1.0,63.2797,0.0,60.4769,60.4769,63.2797,-0.1225,19.8544,89.3973,3293
2016-07-14 06:00:00,93.05,transfer,1.0,75.3111,0.0,63.916,63.916,75.3111,-0.1234,19.8366,89.3774,3294
2016-07-14 07:00:00,113.17,transfer,1.0,86.625,0.0,91.3357,91.3357,86.625,-0.1242,19.903,89.4369,3295
2016-07-14 08:00:00,128.17,transfer,1.0,94.0403,0.0,98.3144,98.3144,94.0403,-0.125,20.034,89.5591,3296
2016-07-14 09:00:00,130.82,transfer,1.0,98.309,0.0,89.4731,89.4731,98.309,-0.1253,20.1268,89.6451,3297
2016-07-14 10:00:00,139.5,transfer,1.0,100.3651,0.0,107.7276,107.7276,100.3651,-0.1255,20.2747,89.7892,3298
2016-07-14 11:00:00,146.49,transfer,1.0,101.2175,0.0,80.6321,80.6321,101.2175,-0.1257,20.4349,89.9485,3299
2016-07-14 12:00:00,142.46,transfer,1.0,101.4393,0.0,92.1643,92.1643,101.4393,-0.1257,20.5732,90.0909,3300
2016-07-14 13:00:00,146.46,transfer,1.0,101.2102,0.0,90.9625,90.9625,101.2102,-0.1257,20.6852,90.2149,3301
2016-07-14 14:00:00,148.44,transfer,1.0,100.4354,0.0,106.6454,106.6454,100.4354,-0.1254,20.7305,90.2841,3302
2016-07-14 15:00:00,153.4,transfer,1.0,99.1088,0.0,117.8375,117.8375,99.1088,-0.1252,20.7773,90.37,3303
2016-07-14 16:00:00,144.39,transfer,1.0,97.0495,0.0,93.7273,93.7273,97.0495,-0.1251,20.7744,90.4182,3304
2016-07-14 17:00:00,136.65,transfer,1.0,94.3975,0.0,97.7721,97.7721,94.3975,-0.1249,20.7554,90.4607,3305
2016-07-14 18:00:00,78.42,transfer,1.0,90.6026,0.0,88.4272,88.4272,90.6026,-0.1246,20.7972,90.4842,3306
2016-07-14 19:00:00,67.14,transfer,1.0,83.7127,0.0,100.8584,100.8584,83.7127,-0.1238,20.8662,90.4757,3307
2016-07-14 20:00:00,60.36,transfer,1.0,73.5089,0.0,62.162,62.162,73.5089,-0.1237,20.917,90.4149,3308
2016-07-14 21:00:00,63.88,transfer,1.0,64.9624,0.0,56.987,56.987,64.9624,-0.1237,20.8455,90.357,3309
2016-07-14 22:00:00,63.79,transfer,1.0,59.8818,0.0,70.8351,70.8351,59.8818,-0.1236,20.771,90.2968,3310
2016-07-14 23:00:00,63.31,transfer,1.0,57.3118,0.0,51.5006,51.5006,57.3118,-0.1234,20.7816,90.3146,3311
2016-07-15 00:00:00,62.71,transfer,1.0,55.9406,0.0,54.4789,54.4789,55.9406,-0.1233,20.8205,90.3588,3312
2016-07-15 01:00:00,61.21,transfer,1.0,55.246,0.0,65.2562,65.2562,55.246,-0.1232,20.8529,90.3981,3313
2016-07-15 02:00:00,69.12,transfer,1.0,55.7305,0.0,62.2237,62.2237,55.7305,-0.123,20.9273,90.4856,3314
2016-07-15 03:00:00,58.54,transfer,1.0,57.425,0.0,67.287,67.287,57.425,-0.1227,20.9169,90.478,3315
2016-07-15 04:00:00,112.05,transfer,1.0,61.5356,0.0,64.1491,64.1491,61.5356,-0.1228,20.9444,90.5121,3316
2016-07-15 05:00:00,114.95,transfer,1.0,68.8933,0.0,69.1486,69.1486,68.8933,-0.1232,20.9724,90.5453,3317
2016-07-15 06:00:00,109.98,transfer,1.0,80.388,0.0,92.7234,92.7234,80.388,-0.1241,21.0447,90.6181,3318
2016-07-15 07:00:00,117.17,transfer,1.0,89.8674,0.0,84.2006,84.2006,89.8674,-0.1248,21.0658,90.6347,3319
2016-07-15 08:00:00,130.21,transfer,1.0,96.1598,0.0,113.1216,113.1216,96.1598,-0.1253,21.1115,90.6765,3320
2016-07-15 09:00:00,133.53,transfer,1.0,99.5217,0.0,90.0119,90.0119,99.5217,-0.1253,21.144,90.7061,3321
2016-07-15 10:00:00,134.76,transfer,1.0,101.0167,0.0,114.6184,114.6184,101.0167,-0.1253,21.1579,90.7187,3322
2016-07-15 11:00:00,130.52,transfer,1.0,101.5165,0.0,77.5919,77.5919,101.5165,-0.1252,21.1013,90.6626,3323
2016-07-15 12:00:00,130.83,transfer,1.0,101.4169,0.0,90.5388,90.5388,101.4169,-0.1251,21.0472,90.6107,3324
2016-07-15 13:00:00,137.53,transfer,1.0,100.5396,0.0,120.169,120.169,100.5396,-0.1252,21.0513,90.6171,3325
2016-07-15 14:00:00,142.15,transfer,1.0,98.7644,0.0,106.975,106.975,98.7644,-0.1252,21.0794,90.6458,3326
2016-07-15 15:00:00,132.7,transfer,1.0,96.19,0.0,102.9495,102.9495,96.19,-0.1252,21.0992,90.6647,3327
2016-07-15 16:00:00,128.58,transfer,1.0,92.6889,0.0,100.4673,100.4673,92.6889,-0.1252,21.1465,90.7108,3328
2016-07-15 17:00:00,122.51,transfer,1.0,87.8218,0.0,77.8159,77.8159,87.8218,-0.125,21.1528,90.7155,3329
2016-07-15 18:00:00,72.6,transfer,1.0,82.2002,0.0,70.2182,70.2182,82.2002,-0.1248,21.145,90.7267,3330
2016-07-15 19:00:00,68.02,transfer,1.0,75.414,0.0,59.0436,59.0436,75.414,-0.1245,21.1578,90.7202,3331
2016-07-15 20:00:00,67.12,transfer,1.0,67.9107,0.0,61.2597,61.2597,67.9107,-0.1243,21.1595,90.7246,3332
2016-07-15 21:00:00,65.21,transfer,1.0,62.7054,0.0,64.2043,64.2043,62.7054,-0.124,21.1528,90.7226,3333
2016-07-15 22:00:00,62.25,transfer,1.0,60.0313,0.0,57.4329,57.4329,60.0313,-0.1236,21.1419,90.7168,3334
2016-07-15 23:00:00,53.42,transfer,1.0,58.6414,0.0,67.0158,67.0158,58.6414,-0.1234,21.1605,90.7038,3335
2016-07-16 00:00:00,51.83,transfer,1.0,57.5883,0.0,52.2698,52.2698,57.5883,-0.1231,21.1482,90.7205,3336
2016-07-16 01:00:00,54.63,transfer,1.0,56.0283,0.0,45.8907,45.8907,56.0283,-0.123,21.1138,90.7592,3337
2016-07-16 02:00:00,53.31,transfer,1.0,54.9179,0.0,54.1352,54.1352,54.9179,-0.1232,21.0902,90.788,3338
2016-07-16 03:00:00,53.63,transfer,1.0,54.6478,0.0,52.8712,52.8712,54.6478,-0.1235,21.0939,90.7912,3339
2016-07-16 04:00:00,106.65,transfer,1.0,54.9464,0.0,60.6891,60.6891,54.9464,-0.1238,21.0948,90.7991,3340
2016-07-16 05:00:00,97.0,transfer,1.0,56.1758,0.0,58.4083,58.4083,56.1758,-0.1244,21.0682,90.7779,3341
2016-07-16 06:00:00,94.22,transfer,1.0,60.0731,0.0,71.5635,71.5635,60.0731,-0.1251,21.0716,90.7816,3342
2016-07-16 07:00:00,109.21,transfer,1.0,64.4262,0.0,62.0091,62.0091,64.4262,-0.1254,21.0915,90.7938,3343
2016-07-16 08:00:00,120.58,transfer,1.0,68.065,0.0,67.0092,67.0092,68.065,-0.1257,21.127,90.8154,3344
2016-07-16 09:00:00,122.12,transfer,1.0,70.6913,0.0,77.0898,77.0898,70.6913,-0.1256,21.1974,90.8684,3345
2016-07-16 10:00:00,124.24,transfer,1.0,72.537,0.0,72.1059,72.1059,72.537,-0.1255,21.2601,90.9142,3346
2016-07-16 11:00:00,122.42,transfer,1.0,73.3019,0.0,60.6542,60.6542,73.3019,-0.1255,21.2922,90.9333,3347
2016-07-16 12:00:00,119.45,transfer,1.0,73.1407,0.0,63.2828,63.2828,73.1407,-0.1256,21.2991,90.9325,3348
2016-07-16 13:00:00,132.17,transfer,1.0,72.0118,0.0,90.8528,90.8528,72.0118,-0.1256,21.3603,90.9891,3349
2016-07-16 14:00:00,127.53,transfer,1.0,70.0855,0.0,88.0716,88.0716,70.0855,-0.1256,21.4,91.0252,3350
2016-07-16 15:00:00,130.8,transfer,1.0,68.28,0.0,73.6718,73.6718,68.28,-0.1256,21.4743,91.0978,3351
2016-07-16 16:00:00,129.88,transfer,1.0,66.3968,0.0,71.491,71.491,66.3968,-0.1256,21.5011,91.1254,3352
2016-07-16 17:00:00,119.52,transfer,1.0,64.6454,0.0,62.4093,62.4093,64.6454,-0.1254,21.4757,91.1052,3353
2016-07-16 18:00:00,66.81,transfer,1.0,62.7798,0.0,63.8634,63.8634,62.7798,-0.1252,21.4574,91.0924,3354
2016-07-16 19:00:00,60.24,transfer,1.0,61.8996,0.0,61.5392,61.5392,61.8996,-0.1257,21.4465,91.0723,3355
2016-07-16 20:00:00,63.5,transfer,1.0,58.46,0.0,70.5485,70.5485,58.46,-0.1247,21.4273,91.0604,3356
2016-07-16 21:00:00,59.98,transfer,1.0,55.2767,0.0,49.1356,49.1356,55.2767,-0.1242,21.4153,91.0531,3357
2016-07-16 22:00:00,58.64,transfer,1.0,53.524,0.0,48.4219,48.4219,53.524,-0.124,21.3928,91.0347,3358
2016-07-16 23:00:00,47.64,transfer,1.0,52.5223,0.0,59.7371,59.7371,52.5223,-0.1238,21.4173,91.0147,3359
2016-07-17 00:00:00,46.11,transfer,1.0,51.8342,0.0,53.4732,53.4732,51.8342,-0.1234,21.4264,91.0095,3360
2016-07-17 01:00:00,45.66,transfer,1.0,51.2854,0.0,44.515,44.515,51.2854,-0.1229,21.4364,91.0026,3361
2016-07-17 02:00:00,45.65,transfer,1.0,51.0926,0.0,47.682,47.682,51.0926,-0.1225,21.4407,91.0009,3362
2016-07-17 03:00:00,45.62,transfer,1.0,51.3697,0.0,53.5881,53.5881,51.3697,-0.1224,21.4404,91.0034,3363
2016-07-17 04:00:00,92.01,transfer,1.0,52.1991,0.0,56.6969,56.6969,52.1991,-0.1224,21.4254,90.9905,3364
2016-07-17 05:00:00,94.61,transfer,1.0,53.7829,0.0,65.1955,65.1955,53.7829,-0.1229,21.408,90.9747,3365
2016-07-17 06:00:00,85.0,transfer,1.0,57.6067,0.0,62.442,62.442,57.6067,-0.1237,21.3994,90.9639,3366
2016-07-17 07:00:00,101.52,transfer,1.0,62.3503,0.0,63.877,63.877,62.3503,-0.1242,21.4308,90.9873,3367
2016-07-17 08:00:00,105.39,transfer,1.0,65.9555,0.0,65.7768,65.7768,65.9555,-0.1247,21.4598,91.003,3368
2016-07-17 09:00:00,106.33,transfer,1.0,68.1182,0.0,76.3185,76.3185,68.1182,-0.1249,21.516,91.0434,3369
2016-07-17 10:00:00,110.77,transfer,1.0,68.997,0.0,57.0969,57.0969,68.997,-0.1251,21.5848,91.0962,3370
2016-07-17 11:00:00,115.78,transfer,1.0,68.8926,0.0,72.8567,72.8567,68.8926,-0.1252,21.6893,91.1874,3371
2016-07-17 12:00:00,109.08,transfer,1.0,68.1175,0.0,66.3856,66.3856,68.1175,-0.1253,21.7237,91.2127,3372
2016-07-17 13:00:00,111.37,transfer,1.0,67.1607,0.0,59.7728,59.7728,67.1607,-0.1253,21.7611,91.2469,3373
2016-07-17 14:00:00,117.92,transfer,1.0,65.409,0.0,55.2681,55.2681,65.409,-0.1253,21.8538,91.3384,3374
2016-07-17 15:00:00,118.92,transfer,1.0,63.379,0.0,55.5104,55.5104,63.379,-0.1251,21.9436,91.4267,3375
2016-07-17 16:00:00,119.82,transfer,1.0,61.6064,0.0,70.9556,70.9556,61.6064,-0.1248,22.0185,91.5018,3376
2016-07-17 17:00:00,118.81,transfer,1.0,60.0229,0.0,58.0435,58.0435,60.0229,-0.1245,22.0898,91.5753,3377
2016-07-17 18:00:00,69.63,transfer,1.0,58.57,0.0,55.818,55.818,58.57,-0.1242,22.1056,91.5945,3378
2016-07-17 19:00:00,64.21,transfer,1.0,57.0971,0.0,50.2692,50.2692,57.0971,-0.1236,22.1271,91.619,3379
2016-07-17 20:00:00,65.87,transfer,1.0,54.8714,0.0,55.5511,55.5511,54.8714,-0.1233,22.1577,91.65,3380
2016-07-17 21:00:00,65.0,transfer,1.0,52.6918,0.0,54.8032,54.8032,52.6918,-0.1231,22.2051,91.6954,3381
2016-07-17 22:00:00,64.15,transfer,1.0,51.2993,0.0,55.079,55.079,51.2993,-0.1229,22.2506,91.7374,3382
2016-07-17 23:00:00,52.68,transfer,1.0,50.4971,0.0,52.3174,52.3174,50.4971,-0.1229,22.2626,91.7445,3383
2016-07-18 00:00:00,49.81,transfer,1.0,50.1036,0.0,53.6645,53.6645,50.1036,-0.1228,22.2292,91.7723,3384
2016-07-18 01:00:00,49.81,transfer,1.0,50.3868,0.0,45.1198,45.1198,50.3868,-0.1224,22.1911,91.8029,3385
2016-07-18 02:00:00,51.53,transfer,1.0,51.4299,0.0,49.6467,49.6467,51.4299,-0.1214,22.1409,91.8451,3386
2016-07-18 03:00:00,53.4,transfer,1.0,53.4488,0.0,44.1093,44.1093,53.4488,-0.1202,22.0771,91.8983,3387
2016-07-18 04:00:00,108.06,transfer,1.0,57.1459,0.0,52.9008,52.9008,57.1459,-0.1189,22.2191,92.031,3388
2016-07-18 05:00:00,109.53,transfer,1.0,63.7978,0.0,61.7597,61.7597,63.7978,-0.1188,22.3612,92.1683,3389
2016-07-18 06:00:00,99.47,transfer,1.0,75.8452,0.0,68.6735,68.6735,75.8452,-0.1195,22.4864,92.2988,3390
2016-07-18 07:00:00,109.64,transfer,1.0,86.6788,0.0,84.0051,84.0051,86.6788,-0.1202,22.6077,92.4307,3391
2016-07-18 08:00:00,123.61,transfer,1.0,93.2115,0.0,95.4626,95.4626,93.2115,-0.1211,22.7726,92.6079,3392
2016-07-18 09:00:00,120.74,transfer,1.0,96.6016,0.0,88.9184,88.9184,96.6016,-0.1218,22.8778,92.7265,3393
2016-07-18 10:00:00,131.77,transfer,1.0,97.9584,0.0,87.7667,87.7667,97.9584,-0.1224,23.0484,92.9142,3394
2016-07-18 11:00:00,140.43,transfer,1.0,97.8875,0.0,94.743,94.743,97.8875,-0.1229,23.2498,93.1366,3395
2016-07-18 12:00:00,140.6,transfer,1.0,97.3551,0.0,92.7077,92.7077,97.3551,-0.1232,23.4352,93.3542,3396
2016-07-18 13:00:00,132.86,transfer,1.0,96.3054,0.0,66.8543,66.8543,96.3054,-0.1233,23.5586,93.5249,3397
2016-07-18 14:00:00,140.17,transfer,1.0,94.4207,0.0,73.5895,73.5895,94.4207,-0.1232,23.6829,93.7139,3398
2016-07-18 15:00:00,137.36,transfer,1.0,91.2032,0.0,103.661,103.661,91.2032,-0.1231,23.7687,93.8764,3399
2016-07-18 16:00:00,123.04,transfer,1.0,87.1657,0.0,94.4038,94.4038,87.1657,-0.1231,23.7598,93.9482,3400
2016-07-18 17:00:00,102.56,transfer,1.0,81.9976,0.0,82.0541,82.0541,81.9976,-0.1231,23.6904,93.9529,3401
2016-07-18 18:00:00,54.09,transfer,1.0,76.2238,0.0,74.9661,74.9661,76.2238,-0.1236,23.7808,93.9222,3402
2016-07-18 19:00:00,51.32,transfer,1.0,68.1775,0.0,65.7768,65.7768,68.1775,-0.1231,23.835,93.9019,3403
2016-07-18 20:00:00,56.9,transfer,1.0,61.0768,0.0,65.4785,65.4785,61.0768,-0.1226,23.8363,93.915,3404
2016-07-18 21:00:00,62.1,transfer,1.0,56.8347,0.0,53.871,53.871,56.8347,-0.1222,23.865,93.9496,3405
2016-07-18 22:00:00,59.67,transfer,1.0,54.7703,0.0,62.2135,62.2135,54.7703,-0.1217,23.8874,93.9755,3406
2016-07-18 23:00:00,55.56,transfer,1.0,53.8475,0.0,52.1908,52.1908,53.8475,-0.1214,23.8756,93.9657,3407
2016-07-19 00:00:00,59.55,transfer,1.0,53.4913,0.0,62.6135,62.6135,53.4913,-0.1209,23.8946,94.0189,3408
2016-07-19 01:00:00,52.45,transfer,1.0,53.7068,0.0,49.889,49.889,53.7068,-0.1198,23.8811,94.0288,3409
2016-07-19 02:00:00,59.0,transfer,1.0,55.2159,0.0,50.1988,50.1988,55.2159,-0.1185,23.9027,94.0466,3410
2016-07-19 03:00:00,51.99,transfer,1.0,57.7915,0.0,68.8597,68.8597,57.7915,-0.1173,23.8853,94.0632,3411
2016-07-19 04:00:00,102.44,transfer,1.0,62.2818,0.0,63.2217,63.2217,62.2818,-0.1166,23.9324,94.1149,3412
2016-07-19 05:00:00,96.16,transfer,1.0,70.5061,0.0,76.5624,76.5624,70.5061,-0.1171,23.9725,94.1639,3413
2016-07-19 06:00:00,88.85,transfer,1.0,82.7366,0.0,90.4135,90.4135,82.7366,-0.1183,24.0008,94.2171,3414
2016-07-19 07:00:00,108.89,transfer,1.0,91.841,0.0,101.3103,101.3103,91.841,-0.1192,24.0583,94.2833,3415
2016-07-19 08:00:00,120.39,transfer,1.0,97.1294,0.0,101.1891,101.1891,97.1294,-0.12,24.1091,94.3432,3416
2016-07-19 09:00:00,123.75,transfer,1.0,100.1289,0.0,110.9915,110.9915,100.1289,-0.1205,24.1428,94.3846,3417
2016-07-19 10:00:00,125.47,transfer,1.0,101.3803,0.0,91.0558,91.0558,101.3803,-0.1211,24.1477,94.3965,3418
2016-07-19 11:00:00,125.73,transfer,1.0,101.6966,0.0,92.9374,92.9374,101.6966,-0.1217,24.1484,94.4059,3419
2016-07-19 12:00:00,129.15,transfer,1.0,101.3031,0.0,111.7766,111.7766,101.3031,-0.1223,24.1294,94.3972,3420
2016-07-19 13:00:00,127.09,transfer,1.0,100.1609,0.0,100.5487,100.5487,100.1609,-0.1228,24.1444,94.4244,3421
2016-07-19 14:00:00,134.7,transfer,1.0,98.0909,0.0,103.7675,103.7675,98.0909,-0.1231,24.1414,94.4345,3422
2016-07-19 15:00:00,129.56,transfer,1.0,94.8212,0.0,92.5702,92.5702,94.8212,-0.1231,24.1646,94.4719,3423
2016-07-19 16:00:00,126.04,transfer,1.0,90.2372,0.0,85.3568,85.3568,90.2372,-0.123,24.1977,94.5169,3424
2016-07-19 17:00:00,127.23,transfer,1.0,84.461,0.0,101.0243,101.0243,84.461,-0.1228,24.2709,94.5996,3425
2016-07-19 18:00:00,79.78,transfer,1.0,78.1439,0.0,89.9314,89.9314,78.1439,-0.1227,24.2339,94.665,3426
2016-07-19 19:00:00,72.22,transfer,1.0,71.4058,0.0,71.9789,71.9789,71.4058,-0.1223,24.1956,94.724,3427
2016-07-19 20:00:00,75.97,transfer,1.0,64.8005,0.0,60.3776,60.3776,64.8005,-0.1216,24.259,94.7986,3428
2016-07-19 21:00:00,68.57,transfer,1.0,60.0647,0.0,50.9573,50.9573,60.0647,-0.1209,24.3046,94.8532,3429
2016-07-19 22:00:00,68.89,transfer,1.0,57.4169,0.0,47.1881,47.1881,57.4169,-0.1204,24.3485,95.1469,3430
2016-07-19 23:00:00,58.71,transfer,1.0,55.6664,0.0,57.7448,57.7448,55.6664,-0.1193,24.3441,95.3128,3431
2016-07-20 00:00:00,51.34,transfer,1.0,54.4866,0.0,54.207,54.207,54.4866,-0.1177,24.3189,95.3491,3432
2016-07-20 01:00:00,55.43,transfer,1.0,54.0591,0.0,47.3093,47.3093,54.0591,-0.1169,24.2847,95.4007,3433
2016-07-20 02:00:00,56.78,transfer,1.0,53.9815,0.0,55.1749,55.1749,53.9815,-0.1158,24.2545,95.4618,3434
2016-07-20 03:00:00,56.22,transfer,1.0,55.5708,0.0,51.4772,51.4772,55.5708,-0.1148,24.2041,95.519,3435
2016-07-20 04:00:00,101.05,transfer,1.0,59.1258,0.0,54.3304,54.3304,59.1258,-0.088,24.1821,95.5014,3436
2016-07-20 05:00:00,94.88,transfer,1.0,67.1551,0.0,65.2185,65.2185,67.1551,-0.1155,24.1463,95.4691,3437
2016-07-20 06:00:00,87.97,transfer,1.0,79.4776,0.0,72.6751,72.6751,79.4776,-0.117,24.1211,95.432,3438
2016-07-20 07:00:00,102.62,transfer,1.0,89.3574,0.0,90.2961,90.2961,89.3574,-0.1182,24.1181,95.409,3439
2016-07-20 08:00:00,114.68,transfer,1.0,95.671,0.0,99.2167,99.2167,95.671,-0.1193,24.123,95.3939,3440
2016-07-20 09:00:00,117.77,transfer,1.0,99.1551,0.0,79.4535,79.4535,99.1551,-0.12,24.1464,95.4008,3441
2016-07-20 10:00:00,125.68,transfer,1.0,100.6535,0.0,108.0649,108.0649,100.6535,-0.1209,24.1377,95.3798,3442
2016-07-20 11:00:00,127.53,transfer,1.0,101.0737,0.0,97.7617,97.7617,101.0737,-0.1217,24.1673,95.4003,3443
2016-07-20 12:00:00,123.64,transfer,1.0,100.811,0.0,97.4246,97.4246,100.811,-0.1223,24.1323,95.3577,3444
2016-07-20 13:00:00,124.34,transfer,1.0,99.8294,0.0,101.5548,101.5548,99.8294,-0.1228,24.083,95.3024,3445
2016-07-20 14:00:00,123.58,transfer,1.0,97.8383,0.0,95.0958,95.0958,97.8383,-0.1229,24.0426,95.2558,3446
2016-07-20 15:00:00,124.53,transfer,1.0,94.292,0.0,115.419,115.419,94.292,-0.1228,24.0539,95.2576,3447
2016-07-20 16:00:00,123.87,transfer,1.0,89.0444,0.0,87.4502,87.4502,89.0444,-0.1227,24.0107,95.1993,3448
2016-07-20 17:00:00,105.08,transfer,1.0,83.016,0.0,73.6656,73.6656,83.016,-0.1224,23.8689,95.0424,3449
2016-07-20 18:00:00,65.97,transfer,1.0,77.3858,0.0,69.5577,69.5577,77.3858,-0.122,23.9041,94.9928,3450
2016-07-20 19:00:00,62.76,transfer,1.0,69.9174,0.0,75.3987,75.3987,69.9174,-0.1206,23.9377,94.9391,3451
2016-07-20 20:00:00,63.93,transfer,1.0,63.1244,0.0,68.038,68.038,63.1244,-0.1188,23.9251,94.9107,3452
2016-07-20 21:00:00,61.08,transfer,1.0,59.0021,0.0,69.2863,69.2863,59.0021,-0.1179,23.8938,94.8706,3453
2016-07-20 22:00:00,58.5,transfer,1.0,56.8292,0.0,57.2245,57.2245,56.8292,-0.1175,23.864,94.838,3454
2016-07-20 23:00:00,48.55,transfer,1.0,55.5024,0.0,44.6098,44.6098,55.5024,-0.1177,23.9053,94.7971,3455
2016-07-21 00:00:00,44.46,transfer,1.0,54.435,0.0,48.6421,48.6421,54.435,-0.1181,23.9392,94.765,3456
2016-07-21 01:00:00,43.04,transfer,1.0,53.4244,0.0,53.5881,53.5881,53.4244,-0.119,23.9869,94.7189,3457
2016-07-21 02:00:00,42.84,transfer,1.0,52.953,0.0,48.6201,48.6201,52.953,-0.1195,24.0371,94.6494,3458
2016-07-21 03:00:00,42.71,transfer,1.0,53.3753,0.0,57.904,57.904,53.3753,-0.12,24.094,94.5777,3459
2016-07-21 04:00:00,88.09,transfer,1.0,55.0526,0.0,54.5497,54.5497,55.0526,-0.1207,24.0245,94.4998,3460
2016-07-21 05:00:00,89.19,transfer,1.0,59.4965,0.0,58.1546,58.1546,59.4965,-0.1216,23.9565,94.4094,3461
2016-07-21 06:00:00,79.64,transfer,1.0,68.6179,0.0,71.8619,71.8619,68.6179,-0.1225,23.9165,94.3295,3462
2016-07-21 07:00:00,106.83,transfer,1.0,78.615,0.0,83.2001,83.2001,78.615,-0.1233,23.9265,94.2918,3463
2016-07-21 08:00:00,117.09,transfer,1.0,86.4977,0.0,81.0805,81.0805,86.4977,-0.1239,23.9054,94.2258,3464
2016-07-21 09:00:00,118.32,transfer,1.0,92.2873,0.0,96.5336,96.5336,92.2873,-0.1241,23.8669,94.1514,3465
2016-07-21 10:00:00,122.53,transfer,1.0,95.3819,0.0,76.9903,76.9903,95.3819,-0.1243,23.7955,94.0504,3466
2016-07-21 11:00:00,128.21,transfer,1.0,96.5649,0.0,97.1392,97.1392,96.5649,-0.1244,23.7144,93.9416,3467
2016-07-21 12:00:00,125.26,transfer,1.0,96.402,0.0,95.9965,95.9965,96.402,-0.1243,23.642,93.8392,3468
2016-07-21 13:00:00,128.67,transfer,1.0,95.0147,0.0,111.8471,111.8471,95.0147,-0.1242,23.573,93.7333,3469
2016-07-21 14:00:00,130.35,transfer,1.0,92.2957,0.0,82.267,82.267,92.2957,-0.1241,23.5138,93.6256,3470
2016-07-21 15:00:00,132.54,transfer,1.0,88.5592,0.0,96.742,96.742,88.5592,-0.1238,23.4524,93.5014,3471
2016-07-21 16:00:00,127.41,transfer,1.0,84.1432,0.0,92.3252,92.3252,84.1432,-0.1233,23.4281,93.4004,3472
2016-07-21 17:00:00,119.83,transfer,1.0,79.258,0.0,86.2216,86.2216,79.258,-0.1228,23.4181,93.3002,3473
2016-07-21 18:00:00,69.45,transfer,1.0,73.9708,0.0,77.5159,77.5159,73.9708,-0.1224,23.3725,93.2468,3474
2016-07-21 19:00:00,63.61,transfer,1.0,67.4206,0.0,73.0917,73.0917,67.4206,-0.1218,23.2966,93.2258,3475
2016-07-21 20:00:00,64.61,transfer,1.0,60.8012,0.0,61.4416,61.4416,60.8012,-0.1212,23.241,93.2511,3476
2016-07-21 21:00:00,60.06,transfer,1.0,56.3684,0.0,64.4139,64.4139,56.3684,-0.1206,23.2565,93.2283,3477
2016-07-21 22:00:00,58.28,transfer,1.0,53.9587,0.0,56.9613,56.9613,53.9587,-0.1199,23.259,93.1955,3478
2016-07-21 23:00:00,48.07,transfer,1.0,52.5243,0.0,54.2625,54.2625,52.5243,-0.1195,23.2498,93.1048,3479
2016-07-22 00:00:00,44.07,transfer,1.0,51.6753,0.0,45.6615,45.6615,51.6753,-0.1189,23.2548,92.9938,3480
2016-07-22 01:00:00,43.7,transfer,1.0,51.0888,0.0,53.086,53.086,51.0888,-0.1184,23.2632,92.8895,3481
2016-07-22 02:00:00,44.3,transfer,1.0,51.0083,0.0,55.2297,55.2297,51.0083,-0.1186,23.2235,92.7418,3482
2016-07-22 03:00:00,43.82,transfer,1.0,51.9961,0.0,46.5103,46.5103,51.9961,-0.1189,23.2655,92.6541,3483
2016-07-22 04:00:00,107.44,transfer,1.0,54.2456,0.0,48.5716,48.5716,54.2456,-0.1197,23.2814,92.6267,3484
2016-07-22 05:00:00,103.24,transfer,1.0,59.445,0.0,45.6,45.6,59.445,-0.1208,23.268,92.5569,3485
2016-07-22 06:00:00,97.04,transfer,1.0,71.4956,0.0,66.4794,66.4794,71.4956,-0.1219,23.2439,92.4799,3486
2016-07-22 07:00:00,110.37,transfer,1.0,83.7349,0.0,87.7511,87.7511,83.7349,-0.1228,23.2399,92.4394,3487
2016-07-22 08:00:00,125.32,transfer,1.0,92.2926,0.0,79.8204,79.8204,92.2926,-0.1234,23.2338,92.4103,3488
2016-07-22 09:00:00,128.26,transfer,1.0,97.0597,0.0,92.096,92.096,97.0597,-0.1232,23.2171,92.3789,3489
2016-07-22 10:00:00,134.05,transfer,1.0,99.1707,0.0,77.3051,77.3051,99.1707,-0.1231,23.2239,92.3747,3490
2016-07-22 11:00:00,140.16,transfer,1.0,99.7013,0.0,94.0375,94.0375,99.7013,-0.1232,23.2921,92.432,3491
2016-07-22 12:00:00,137.57,transfer,1.0,99.3659,0.0,97.2244,97.2244,99.3659,-0.1233,23.3444,92.4722,3492
2016-07-22 13:00:00,140.09,transfer,1.0,98.279,0.0,111.1272,111.1272,98.279,-0.1234,23.3731,92.4874,3493
2016-07-22 14:00:00,149.72,transfer,1.0,96.2095,0.0,99.3469,99.3469,96.2095,-0.1235,23.4334,92.5324,3494
2016-07-22 15:00:00,147.16,transfer,1.0,93.3543,0.0,82.3952,82.3952,93.3543,-0.1234,23.5363,92.6185,3495
2016-07-22 16:00:00,139.45,transfer,1.0,89.9134,0.0,109.7478,109.7478,89.9134,-0.1234,23.6175,92.6832,3496
2016-07-22 17:00:00,138.58,transfer,1.0,85.6322,0.0,91.2848,91.2848,85.6322,-0.1232,23.7262,92.7788,3497
2016-07-22 18:00:00,71.24,transfer,1.0,80.5393,0.0,71.1482,71.1482,80.5393,-0.1228,23.7244,92.7707,3498
2016-07-22 19:00:00,64.79,transfer,1.0,73.8139,0.0,66.5909,66.5909,73.8139,-0.1221,23.7341,92.7515,3499
2016-07-22 20:00:00,68.61,transfer,1.0,65.4059,0.0,62.979,62.979,65.4059,-0.1221,23.7485,92.7603,3500
2016-07-22 21:00:00,61.38,transfer,1.0,59.3564,0.0,50.3002,50.3002,59.3564,-0.1222,23.7456,92.7375,3501
2016-07-22 22:00:00,60.73,transfer,1.0,56.216,0.0,52.5584,52.5584,56.216,-0.1224,23.7593,92.7285,3502
2016-07-22 23:00:00,54.31,transfer,1.0,54.2603,0.0,61.8647,61.8647,54.2603,-0.1227,23.7285,92.7338,3503
2016-07-23 00:00:00,47.03,transfer,1.0,52.9193,0.0,55.0899,55.0899,52.9193,-0.1229,23.7293,92.7052,3504
2016-07-23 01:00:00,46.43,transfer,1.0,51.5272,0.0,57.0262,57.0262,51.5272,-0.1231,23.7513,92.6564,3505
2016-07-23 02:00:00,49.6,transfer,1.0,50.4001,0.0,57.5975,57.5975,50.4001,-0.1235,23.7465,92.6343,3506
2016-07-23 03:00:00,51.12,transfer,1.0,49.7758,0.0,55.8292,55.8292,49.7758,-0.1239,23.7484,92.6194,3507
2016-07-23 04:00:00,112.21,transfer,1.0,50.0526,0.0,48.9141,48.9141,50.0526,-0.1243,23.8107,92.6525,3508
2016-07-23 05:00:00,111.28,transfer,1.0,51.4454,0.0,48.5939,48.5939,51.4454,-0.1246,23.9238,92.7375,3509
2016-07-23 06:00:00,104.41,transfer,1.0,55.9565,0.0,56.7481,56.7481,55.9565,-0.125,24.009,92.7981,3510
2016-07-23 07:00:00,126.14,transfer,1.0,61.8786,0.0,59.6973,59.6973,61.8786,-0.1251,24.1249,92.8989,3511
2016-07-23 08:00:00,126.2,transfer,1.0,67.4533,0.0,79.8274,79.8274,67.4533,-0.1251,24.162,92.9323,3512
2016-07-23 09:00:00,133.32,transfer,1.0,72.4051,0.0,65.3519,65.3519,72.4051,-0.1247,24.2185,92.999,3513
2016-07-23 10:00:00,142.71,transfer,1.0,75.4305,0.0,87.9841,87.9841,75.4305,-0.1244,24.3112,93.1089,3514
2016-07-23 11:00:00,136.99,transfer,1.0,77.0206,0.0,80.7832,80.7832,77.0206,-0.1243,24.3758,93.1957,3515
2016-07-23 12:00:00,142.72,transfer,1.0,77.7414,0.0,72.7764,72.7764,77.7414,-0.1243,24.4869,93.3342,3516
2016-07-23 13:00:00,150.08,transfer,1.0,77.1687,0.0,78.1963,78.1963,77.1687,-0.1243,24.5628,93.4408,3517
2016-07-23 14:00:00,147.75,transfer,1.0,75.9416,0.0,70.6224,70.6224,75.9416,-0.1243,24.6483,93.5611,3518
2016-07-23 15:00:00,154.55,transfer,1.0,74.4514,0.0,72.4976,72.4976,74.4514,-0.1243,24.753,93.7025,3519
2016-07-23 16:00:00,149.24,transfer,1.0,72.5954,0.0,69.4199,69.4199,72.5954,-0.1242,24.8313,93.8177,3520
2016-07-23 17:00:00,154.07,transfer,1.0,70.6649,0.0,72.1932,72.1932,70.6649,-0.1242,25.0011,94.0233,3521
2016-07-23 18:00:00,80.71,transfer,1.0,68.4341,0.0,68.5184,68.5184,68.4341,-0.124,25.0502,94.1061,3522
2016-07-23 19:00:00,72.37,transfer,1.0,65.576,0.0,62.6966,62.6966,65.576,-0.1237,25.0808,94.1783,3523
2016-07-23 20:00:00,58.72,transfer,1.0,60.6558,0.0,61.9335,61.9335,60.6558,-0.1239,25.0623,94.1498,3524
2016-07-23 21:00:00,60.51,transfer,1.0,56.1819,0.0,45.6649,45.6649,56.1819,-0.1241,25.0601,94.153,3525
2016-07-23 22:00:00,61.11,transfer,1.0,53.0294,0.0,59.6755,59.6755,53.0294,-0.1243,25.0777,94.1677,3526
2016-07-23 23:00:00,60.32,transfer,1.0,50.9062,0.0,50.8308,50.8308,50.9062,-0.1245,25.1047,94.2432,3527
2016-07-24 00:00:00,60.03,transfer,1.0,49.5182,0.0,43.2031,43.2031,49.5182,-0.1247,25.1332,94.326,3528
2016-07-24 01:00:00,61.35,transfer,1.0,48.6718,0.0,43.5229,43.5229,48.6718,-0.1249,25.1751,94.4194,3529
2016-07-24 02:00:00,71.36,transfer,1.0,48.424,0.0,45.9068,45.9068,48.424,-0.1249,25.2793,94.5725,3530
2016-07-24 03:00:00,62.16,transfer,1.0,48.8222,0.0,49.0052,49.0052,48.8222,-0.1249,25.3244,94.6709,3531
2016-07-24 04:00:00,123.59,transfer,1.0,50.4238,0.0,51.9502,51.9502,50.4238,-0.1248,25.523,94.8589,3532
2016-07-24 05:00:00,121.47,transfer,1.0,53.2654,0.0,56.6613,56.6613,53.2654,-0.1246,25.6859,95.0188,3533
2016-07-24 06:00:00,110.12,transfer,1.0,59.08,0.0,51.2654,51.2654,59.08,-0.1248,25.8267,95.1684,3534
2016-07-24 07:00:00,119.23,transfer,1.0,65.8437,0.0,59.5473,59.5473,65.8437,-0.1246,25.9113,95.2738,3535
2016-07-24 08:00:00,127.96,transfer,1.0,71.6242,0.0,70.4079,70.4079,71.6242,-0.1246,26.0119,95.4081,3536
2016-07-24 09:00:00,133.13,transfer,1.0,76.0352,0.0,78.8007,78.8007,76.0352,-0.1244,26.1243,95.5676,3537
2016-07-24 10:00:00,136.76,transfer,1.0,78.8736,0.0,77.4068,77.4068,78.8736,-0.1243,26.2202,95.7223,3538
2016-07-24 11:00:00,138.58,transfer,1.0,80.5618,0.0,78.3058,78.3058,80.5618,-0.1243,26.2865,95.858,3539
2016-07-24 12:00:00,136.77,transfer,1.0,81.1076,0.0,81.4501,81.4501,81.1076,-0.1244,26.374,96.0229,3540
2016-07-24 13:00:00,143.16,transfer,1.0,80.704,0.0,84.0455,84.0455,80.704,-0.1245,26.4826,96.2121,3541
2016-07-24 14:00:00,148.1,transfer,1.0,79.3347,0.0,78.719,78.719,79.3347,-0.1246,26.5794,96.3917,3542
2016-07-24 15:00:00,145.85,transfer,1.0,77.48,0.0,72.6808,72.6808,77.48,-0.1248,26.6557,96.552,3543
2016-07-24 16:00:00,153.68,transfer,1.0,75.5043,0.0,65.4803,65.4803,75.5043,-0.1249,26.7745,96.7536,3544
2016-07-24 17:00:00,147.99,transfer,1.0,73.2983,0.0,74.31,74.31,73.2983,-0.1249,26.8692,96.9273,3545
2016-07-24 18:00:00,80.18,transfer,1.0,71.4536,0.0,77.6569,77.6569,71.4536,-0.1248,26.8553,96.9901,3546
2016-07-24 19:00:00,67.54,transfer,1.0,69.0629,0.0,83.0799,83.0799,69.0629,-0.1245,26.822,97.0099,3547
2016-07-24 20:00:00,74.45,transfer,1.0,64.1992,0.0,66.0843,66.0843,64.1992,-0.1245,26.8176,97.061,3548
2016-07-24 21:00:00,64.32,transfer,1.0,59.4627,0.0,49.5993,49.5993,59.4627,-0.1245,26.7732,97.0569,3549
2016-07-24 22:00:00,63.36,transfer,1.0,56.6893,0.0,53.0603,53.0603,56.6893,-0.1244,26.7365,97.0522,3550
2016-07-24 23:00:00,52.42,transfer,1.0,54.8582,0.0,65.6512,65.6512,54.8582,-0.1243,26.738,97.0507,3551
2016-07-25 00:00:00,54.23,transfer,1.0,53.2716,0.0,51.7982,51.7982,53.2716,-0.1241,26.7419,97.077,3552
2016-07-25 01:00:00,56.69,transfer,1.0,52.551,0.0,50.9458,50.9458,52.551,-0.124,26.7631,97.118,3553
2016-07-25 02:00:00,56.83,transfer,1.0,52.8084,0.0,55.4792,55.4792,52.8084,-0.124,26.7865,97.1495,3554
2016-07-25 03:00:00,65.75,transfer,1.0,54.3831,0.0,45.8605,45.8605,54.3831,-0.1241,26.8539,97.2231,3555
2016-07-25 04:00:00,127.46,transfer,1.0,57.19,0.0,64.2658,64.2658,57.19,-0.1241,26.9691,97.3386,3556
2016-07-25 05:00:00,133.83,transfer,1.0,63.884,0.0,73.2547,73.2547,63.884,-0.1242,27.1132,97.4832,3557
2016-07-25 06:00:00,130.59,transfer,1.0,75.318,0.0,77.7562,77.7562,75.318,-0.1247,27.3016,97.6685,3558
2016-07-25 07:00:00,131.39,transfer,1.0,85.6107,0.0,77.9845,77.9845,85.6107,-0.1251,27.4374,97.798,3559
2016-07-25 08:00:00,134.92,transfer,1.0,92.8117,0.0,85.2777,85.2777,92.8117,-0.1253,27.5071,97.8654,3560
2016-07-25 09:00:00,147.07,transfer,1.0,97.0156,0.0,93.4311,93.4311,97.0156,-0.1251,27.6614,98.0221,3561
2016-07-25 10:00:00,152.75,transfer,1.0,98.8517,0.0,102.5629,102.5629,98.8517,-0.125,27.7809,98.147,3562
2016-07-25 11:00:00,162.77,transfer,1.0,99.5627,0.0,77.7785,77.7785,99.5627,-0.1249,27.9039,98.28,3563
2016-07-25 12:00:00,172.62,transfer,1.0,99.754,0.0,104.7317,104.7317,99.754,-0.1249,28.0802,98.4706,3564
2016-07-25 13:00:00,154.9,transfer,1.0,99.6511,0.0,97.5838,97.5838,99.6511,-0.1248,28.1915,98.6018,3565
2016-07-25 14:00:00,163.96,transfer,1.0,99.2155,0.0,105.242,105.242,99.2155,-0.1248,28.3046,98.7434,3566
2016-07-25 15:00:00,169.3,transfer,1.0,98.0741,0.0,101.6715,101.6715,98.0741,-0.1247,28.4538,98.9335,3567
2016-07-25 16:00:00,153.64,transfer,1.0,96.3166,0.0,86.1973,86.1973,96.3166,-0.1247,28.5815,99.1157,3568
2016-07-25 17:00:00,150.68,transfer,1.0,93.9785,0.0,99.3635,99.3635,93.9785,-0.1246,28.7966,99.4021,3569
2016-07-25 18:00:00,87.36,transfer,1.0,90.0325,0.0,85.2097,85.2097,90.0325,-0.1245,28.6808,99.6002,3570
2016-07-25 19:00:00,71.4,transfer,1.0,83.6035,0.0,75.4846,75.4846,83.6035,-0.1243,28.6531,99.7197,3571
2016-07-25 20:00:00,72.33,transfer,1.0,73.7003,0.0,83.6563,83.6563,73.7003,-0.1244,28.6363,99.8116,3572
2016-07-25 21:00:00,75.2,transfer,1.0,65.1045,0.0,62.1246,62.1246,65.1045,-0.1246,28.6651,99.8895,3573
2016-07-25 22:00:00,68.89,transfer,1.0,59.9607,0.0,62.1225,62.1225,59.9607,-0.1248,28.6891,99.9444,3574
2016-07-25 23:00:00,62.53,transfer,1.0,57.1618,0.0,67.2074,67.2074,57.1618,-0.1247,28.7108,99.986,3575
2016-07-26 00:00:00,64.99,transfer,1.0,55.3293,0.0,57.9714,57.9714,55.3293,-0.1244,28.7323,100.0184,3576
2016-07-26 01:00:00,65.43,transfer,1.0,54.2594,0.0,51.3268,51.3268,54.2594,-0.1239,28.7913,100.0956,3577
2016-07-26 02:00:00,66.75,transfer,1.0,54.1265,0.0,51.3123,51.3123,54.1265,-0.1234,28.8439,100.1418,3578
2016-07-26 03:00:00,64.05,transfer,1.0,55.6467,0.0,48.6449,48.6449,55.6467,-0.1231,28.8594,100.2136,3579
2016-07-26 04:00:00,119.65,transfer,1.0,58.5605,0.0,61.9775,61.9775,58.5605,-0.1229,28.984,100.3161,3580
2016-07-26 05:00:00,123.53,transfer,1.0,65.2023,0.0,60.5954,60.5954,65.2023,-0.1229,29.1785,100.4791,3581
2016-07-26 06:00:00,124.39,transfer,1.0,75.4704,0.0,72.2772,72.2772,75.4704,-0.1233,29.4333,100.6906,3582
2016-07-26 07:00:00,133.6,transfer,1.0,84.7651,0.0,80.548,80.548,84.7651,-0.1238,29.6225,100.8377,3583
2016-07-26 08:00:00,144.73,transfer,1.0,92.0382,0.0,99.3991,99.3991,92.0382,-0.1241,29.7977,100.9826,3584
2016-07-26 09:00:00,160.7,transfer,1.0,96.7849,0.0,104.1297,104.1297,96.7849,-0.1241,30.0375,101.2026,3585
2016-07-26 10:00:00,158.76,transfer,1.0,99.3865,0.0,108.6026,108.6026,99.3865,-0.124,30.2475,101.4008,3586
2016-07-26 11:00:00,161.07,transfer,1.0,100.7648,0.0,91.8796,91.8796,100.7648,-0.124,30.4634,101.6111,3587
2016-07-26 12:00:00,161.9,transfer,1.0,101.3389,0.0,109.9161,109.9161,101.3389,-0.124,30.6582,101.8061,3588
2016-07-26 13:00:00,167.69,transfer,1.0,101.349,0.0,106.0249,106.0249,101.349,-0.1242,30.8928,102.0478,3589
2016-07-26 14:00:00,166.92,transfer,1.0,100.6264,0.0,84.5679,84.5679,100.6264,-0.1242,31.0694,102.2396,3590
2016-07-26 15:00:00,162.96,transfer,1.0,99.7854,0.0,95.1101,95.1101,99.7854,-0.1242,31.2387,102.4384,3591
2016-07-26 16:00:00,164.0,transfer,1.0,99.1531,0.0,91.1217,91.1217,99.1531,-0.124,31.4116,102.6643,3592
2016-07-26 17:00:00,150.23,transfer,1.0,97.819,0.0,111.8249,111.8249,97.819,-0.1239,31.469,102.8013,3593
2016-07-26 18:00:00,85.78,transfer,1.0,95.6256,0.0,77.1861,77.1861,95.6256,-0.1237,31.5179,102.837,3594
2016-07-26 19:00:00,76.81,transfer,1.0,90.8983,0.0,98.277,98.277,90.8983,-0.1234,31.5969,102.8643,3595
2016-07-26 20:00:00,76.53,transfer,1.0,80.9779,0.0,94.2871,94.2871,80.9779,-0.1232,31.5569,102.8676,3596
2016-07-26 21:00:00,77.38,transfer,1.0,70.9093,0.0,68.7162,68.7162,70.9093,-0.1231,31.5447,102.9201,3597
2016-07-26 22:00:00,67.1,transfer,1.0,64.6566,0.0,67.3455,67.3455,64.6566,-0.1229,31.491,102.9095,3598
2016-07-26 23:00:00,55.57,transfer,1.0,61.234,0.0,57.2502,57.2502,61.234,-0.1226,31.5066,102.8908,3599
2016-07-27 00:00:00,57.52,transfer,1.0,58.5116,0.0,48.9315,48.9315,58.5116,-0.1219,31.4938,102.9276,3600
2016-07-27 01:00:00,58.64,transfer,1.0,56.559,0.0,53.1361,53.1361,56.559,-0.1211,31.498,102.9467,3601
2016-07-27 02:00:00,58.96,transfer,1.0,55.8738,0.0,54.0516,54.0516,55.8738,-0.1206,31.4997,102.9597,3602
2016-07-27 03:00:00,57.72,transfer,1.0,56.657,0.0,52.64,52.64,56.657,-0.1201,31.5022,102.9687,3603
2016-07-27 04:00:00,130.62,transfer,1.0,59.0042,0.0,75.0747,75.0747,59.0042,-0.1199,31.6789,103.1449,3604
2016-07-27 05:00:00,128.01,transfer,1.0,65.3077,0.0,67.9355,67.9355,65.3077,-0.1202,31.8871,103.3421,3605
2016-07-27 06:00:00,119.9,transfer,1.0,76.8136,0.0,67.1354,67.1354,76.8136,-0.121,32.093,103.5322,3606
2016-07-27 07:00:00,132.08,transfer,1.0,87.0104,0.0,87.8703,87.8703,87.0104,-0.1218,32.2823,103.7076,3607
2016-07-27 08:00:00,146.57,transfer,1.0,94.169,0.0,92.4077,92.4077,94.169,-0.1225,32.4811,103.8974,3608
2016-07-27 09:00:00,146.35,transfer,1.0,98.518,0.0,91.0225,91.0225,98.518,-0.1228,32.655,104.0676,3609
2016-07-27 10:00:00,155.8,transfer,1.0,100.7035,0.0,83.4918,83.4918,100.7035,-0.123,32.834,104.2469,3610
2016-07-27 11:00:00,160.86,transfer,1.0,101.7004,0.0,105.1709,105.1709,101.7004,-0.1233,33.0287,104.4453,3611
2016-07-27 12:00:00,156.79,transfer,1.0,102.0809,0.0,100.7285,100.7285,102.0809,-0.1234,33.2184,104.6426,3612
2016-07-27 13:00:00,158.79,transfer,1.0,102.0679,0.0,101.0304,101.0304,102.0679,-0.1235,33.4102,104.8477,3613
2016-07-27 14:00:00,168.21,transfer,1.0,101.6869,0.0,109.1444,109.1444,101.6869,-0.1235,33.6529,105.1133,3614
2016-07-27 15:00:00,165.18,transfer,1.0,100.8678,0.0,72.979,72.979,100.8678,-0.1235,33.8557,105.3553,3615
2016-07-27 16:00:00,166.51,transfer,1.0,99.6418,0.0,95.8708,95.8708,99.6418,-0.1236,34.0465,105.6091,3616
2016-07-27 17:00:00,155.99,transfer,1.0,97.9251,0.0,91.7225,91.7225,97.9251,-0.1235,34.2608,105.9121,3617
2016-07-27 18:00:00,90.49,transfer,1.0,95.437,0.0,89.3978,89.3978,95.437,-0.1235,34.2223,106.0581,3618
2016-07-27 19:00:00,76.85,transfer,1.0,90.5,0.0,95.4133,95.4133,90.5,-0.1233,34.2609,106.142,3619
2016-07-27 20:00:00,76.32,transfer,1.0,81.0562,0.0,81.8497,81.8497,81.0562,-0.1232,34.2843,106.2158,3620
2016-07-27 21:00:00,77.71,transfer,1.0,70.9803,0.0,61.1392,61.1392,70.9803,-0.1229,34.312,106.3148,3621
2016-07-27 22:00:00,74.01,transfer,1.0,64.3716,0.0,65.5652,65.5652,64.3716,-0.1228,34.3594,106.4071,3622
2016-07-27 23:00:00,53.07,transfer,1.0,60.6337,0.0,66.0124,66.0124,60.6337,-0.1225,34.363,106.4341,3623
2016-07-28 00:00:00,58.06,transfer,1.0,58.1819,0.0,58.4334,58.4334,58.1819,-0.1222,34.3044,106.515,3624
2016-07-28 01:00:00,57.76,transfer,1.0,55.9511,0.0,54.8206,54.8206,55.9511,-0.1223,34.2534,106.6027,3625
2016-07-28 02:00:00,57.49,transfer,1.0,54.8141,0.0,56.4376,56.4376,54.8141,-0.1225,34.2091,106.6899,3626
2016-07-28 03:00:00,63.23,transfer,1.0,54.8641,0.0,54.5606,54.5606,54.8641,-0.1227,34.1954,106.8121,3627
2016-07-28 04:00:00,127.62,transfer,1.0,56.1915,0.0,53.2305,53.2305,56.1915,-0.123,34.4239,107.0474,3628
2016-07-28 05:00:00,128.92,transfer,1.0,61.4475,0.0,66.6654,66.6654,61.4475,-0.1233,34.6488,107.2839,3629
2016-07-28 06:00:00,120.77,transfer,1.0,71.9247,0.0,62.3164,62.3164,71.9247,-0.1236,34.8739,107.5287,3630
2016-07-28 07:00:00,142.24,transfer,1.0,82.3508,0.0,96.4822,96.4822,82.3508,-0.1239,35.0625,107.7395,3631
2016-07-28 08:00:00,151.88,transfer,1.0,90.744,0.0,82.7994,82.7994,90.744,-0.124,35.2443,107.9466,3632
2016-07-28 09:00:00,157.63,transfer,1.0,96.4186,0.0,98.4468,98.4468,96.4186,-0.124,35.4537,108.1805,3633
2016-07-28 10:00:00,156.64,transfer,1.0,99.3954,0.0,100.503,100.503,99.3954,-0.1239,35.6328,108.3836,3634
2016-07-28 11:00:00,162.22,transfer,1.0,100.9236,0.0,108.9684,108.9684,100.9236,-0.1239,35.8093,108.586,3635
2016-07-28 12:00:00,159.58,transfer,1.0,101.5821,0.0,96.7552,96.7552,101.5821,-0.1238,35.9828,108.7903,3636
2016-07-28 13:00:00,158.23,transfer,1.0,101.645,0.0,105.5037,105.5037,101.645,-0.1238,36.1193,108.9663,3637
2016-07-28 14:00:00,169.6,transfer,1.0,101.2194,0.0,99.3304,99.3304,101.2194,-0.1238,36.2998,109.1999,3638
2016-07-28 15:00:00,160.45,transfer,1.0,100.2992,0.0,91.6131,91.6131,100.2992,-0.1237,36.396,109.366,3639
2016-07-28 16:00:00,158.46,transfer,1.0,99.0516,0.0,93.9534,93.9534,99.0516,-0.1236,36.4921,109.5508,3640
2016-07-28 17:00:00,141.79,transfer,1.0,96.9323,0.0,100.9878,100.9878,96.9323,-0.1236,36.5176,109.6816,3641
2016-07-28 18:00:00,82.0,transfer,1.0,93.7505,0.0,111.383,111.383,93.7505,-0.1236,36.5606,109.7563,3642
2016-07-28 19:00:00,74.51,transfer,1.0,87.1834,0.0,79.4983,79.4983,87.1834,-0.1231,36.6134,109.8212,3643
2016-07-28 20:00:00,73.51,transfer,1.0,76.0052,0.0,68.8108,68.8108,76.0052,-0.1228,36.6056,109.8741,3644
2016-07-28 21:00:00,63.56,transfer,1.0,66.5137,0.0,69.0192,69.0192,66.5137,-0.1226,36.6012,109.895,3645
2016-07-28 22:00:00,61.55,transfer,1.0,61.4489,0.0,64.334,64.334,61.4489,-0.1228,36.5761,109.9145,3646
2016-07-28 23:00:00,50.87,transfer,1.0,58.1418,0.0,64.2959,64.2959,58.1418,-0.1224,36.5928,109.9311,3647
2016-07-29 00:00:00,50.7928,transfer,1.0,56.42,0.0,52.0975,52.0975,56.42,-0.1222,36.5811,109.9712,3648
2016-07-29 01:00:00,50.715599999999995,transfer,1.0,53.1531,0.0,45.934,45.934,53.1531,-0.1201,36.5516,110.013,3649
2016-07-29 02:00:00,50.6384,transfer,1.0,49.9575,0.0,56.5518,56.5518,49.9575,-0.1182,36.5157,110.0507,3650
2016-07-30 00:00:00,48.94,transfer,1.0,46.7041,0.0,38.2702,38.2702,46.7041,-0.1167,36.4804,110.0811,3651
2016-07-30 01:00:00,52.92,transfer,1.0,44.2511,0.0,48.7309,48.7309,44.2511,-0.1183,36.2153,109.7566,3652
2016-07-30 02:00:00,53.64,transfer,1.0,42.4877,0.0,35.1566,35.1566,42.4877,-0.1201,36.021,109.4614,3653
2016-07-30 03:00:00,53.81,transfer,1.0,41.249,0.0,39.3683,39.3683,41.249,-0.1215,35.9437,109.204,3654
2016-07-30 04:00:00,105.52,transfer,1.0,40.454,0.0,47.966,47.966,40.454,-0.1224,36.1725,109.1752,3655
2016-07-30 05:00:00,108.88,transfer,1.0,40.0344,0.0,38.3244,38.3244,40.0344,-0.1231,36.3857,109.0773,3656
2016-07-30 06:00:00,101.36,transfer,1.0,40.874,0.0,40.6784,40.6784,40.874,-0.1236,36.56,108.9172,3657
2016-07-30 07:00:00,120.84,transfer,1.0,42.7562,0.0,52.2294,52.2294,42.7562,-0.1237,36.8172,108.8386,3658
2016-07-30 08:00:00,123.85,transfer,1.0,44.8864,0.0,45.9443,45.9443,44.8864,-0.1239,37.0464,108.7415,3659
2016-07-30 09:00:00,122.84,transfer,1.0,46.8969,0.0,46.0296,46.0296,46.8969,-0.1238,37.271,108.6538,3660
2016-07-30 10:00:00,126.17,transfer,1.0,48.0417,0.0,47.9754,47.9754,48.0417,-0.1237,37.4872,108.571,3661
2016-07-30 11:00:00,132.56,transfer,1.0,47.7716,0.0,33.0328,33.0328,47.7716,-0.1237,37.6734,108.4688,3662
2016-07-30 12:00:00,132.07,transfer,1.0,47.05,0.0,48.6831,48.6831,47.05,-0.1236,37.8592,108.379,3663
2016-07-30 13:00:00,136.13,transfer,1.0,47.1381,0.0,56.5032,56.5032,47.1381,-0.1238,38.094,108.3592,3664
2016-07-30 14:00:00,130.36,transfer,1.0,47.5084,0.0,51.0576,51.0576,47.5084,-0.1237,38.272,108.3103,3665
2016-07-30 15:00:00,132.65,transfer,1.0,48.456,0.0,48.3809,48.3809,48.456,-0.1236,38.7178,108.6759,3666
2016-07-30 16:00:00,124.09,transfer,1.0,49.1021,0.0,52.6713,52.6713,49.1021,-0.1234,39.1105,109.0288,3667
2016-07-30 17:00:00,118.51,transfer,1.0,49.0534,0.0,33.7993,33.7993,49.0534,-0.1231,39.5048,109.3259,3668
2016-07-30 18:00:00,69.53,transfer,1.0,48.3144,0.0,53.1859,53.1859,48.3144,-0.1224,39.6191,109.3744,3669
2016-07-30 19:00:00,63.11,transfer,1.0,47.3911,0.0,48.8068,48.8068,47.3911,-0.1219,39.6858,109.3885,3670
2016-07-30 20:00:00,64.94,transfer,1.0,45.7597,0.0,47.2705,47.2705,45.7597,-0.1228,39.7996,109.4518,3671
2016-07-30 21:00:00,57.24,transfer,1.0,44.1914,0.0,38.7553,38.7553,44.1914,-0.1236,39.8423,109.5126,3672
2016-07-30 22:00:00,56.53,transfer,1.0,44.5458,0.0,47.2051,47.2051,44.5458,-0.124,39.8832,109.5727,3673
2016-07-30 23:00:00,46.09,transfer,1.0,45.5581,0.0,47.3467,47.3467,45.5581,-0.1237,39.8816,109.5518,3674
2016-07-31 00:00:00,44.83,transfer,1.0,47.0625,0.0,39.9303,39.9303,47.0625,-0.1234,39.8869,109.5144,3675
2016-07-31 01:00:00,44.53,transfer,1.0,46.6669,0.0,43.5771,43.5771,46.6669,-0.1233,39.5297,109.1115,3676
2016-07-31 02:00:00,45.29,transfer,1.0,46.8779,0.0,45.8241,45.8241,46.8779,-0.1231,39.183,108.7187,3677
2016-07-31 03:00:00,45.63,transfer,1.0,47.3144,0.0,50.9626,50.9626,47.3144,-0.123,38.9046,108.3688,3678
2016-07-31 04:00:00,96.58,transfer,1.0,47.8672,0.0,41.7111,41.7111,47.8672,-0.123,38.812,108.1929,3679
2016-07-31 05:00:00,101.1,transfer,1.0,48.5751,0.0,47.2492,47.2492,48.5751,-0.1231,38.775,108.0434,3680
2016-07-31 06:00:00,90.72,transfer,1.0,51.221,0.0,55.966,55.966,51.221,-0.1234,38.6475,107.7899,3681
2016-07-31 07:00:00,105.13,transfer,1.0,54.6078,0.0,50.8636,50.8636,54.6078,-0.1235,38.5478,107.5662,3682
2016-07-31 08:00:00,100.83,transfer,1.0,57.141,0.0,57.0519,57.0519,57.141,-0.1236,38.4509,107.3509,3683
2016-07-31 09:00:00,108.23,transfer,1.0,58.6786,0.0,63.5646,63.5646,58.6786,-0.1235,38.359,107.1456,3684
2016-07-31 10:00:00,112.36,transfer,1.0,59.2315,0.0,66.4539,66.4539,59.2315,-0.1235,38.2413,106.9211,3685
2016-07-31 11:00:00,109.37,transfer,1.0,59.3507,0.0,62.5901,62.5901,59.3507,-0.1236,38.1116,106.6926,3686
2016-07-31 12:00:00,104.19,transfer,1.0,59.0022,0.0,63.3893,63.3893,59.0022,-0.1236,37.9038,106.3929,3687
2016-07-31 13:00:00,109.16,transfer,1.0,58.1415,0.0,60.1797,60.1797,58.1415,-0.1236,37.7512,106.1543,3688
2016-07-31 14:00:00,110.97,transfer,1.0,56.5799,0.0,62.7796,62.7796,56.5799,-0.1236,37.5785,105.8977,3689
2016-07-31 15:00:00,111.98,transfer,1.0,55.1566,0.0,51.8775,51.8775,55.1566,-0.1237,37.8437,106.0839,3690
2016-07-31 16:00:00,114.44,transfer,1.0,54.007,0.0,57.8156,57.8156,54.007,-0.1238,38.163,106.3343,3691
2016-07-31 17:00:00,104.92,transfer,1.0,52.9472,0.0,37.9863,37.9863,52.9472,-0.1239,38.4608,106.6093,3692
2016-07-31 18:00:00,57.11,transfer,1.0,51.8569,0.0,50.2757,50.2757,51.8569,-0.1234,38.4663,106.5891,3693
2016-07-31 19:00:00,52.72,transfer,1.0,50.6781,0.0,53.3346,53.3346,50.6781,-0.1233,38.4304,106.5391,3694
2016-07-31 20:00:00,55.67,transfer,1.0,49.0809,0.0,44.9807,44.9807,49.0809,-0.1232,38.4136,106.5114,3695
2016-07-31 21:00:00,58.31,transfer,1.0,47.5432,0.0,49.3712,49.3712,47.5432,-0.1232,38.4151,106.5012,3696
2016-07-31 22:00:00,58.56,transfer,1.0,46.6331,0.0,54.6882,54.6882,46.6331,-0.1231,38.4106,106.4846,3697
2016-07-31 23:00:00,57.83,transfer,1.0,46.2098,0.0,45.0307,45.0307,46.2098,-0.123,38.3433,106.404,3698
2016-08-01 00:00:00,57.74,transfer,1.0,46.0655,0.0,44.3237,44.3237,46.0655,-0.1228,38.3334,106.3777,3699
2016-08-01 01:00:00,57.24,transfer,1.0,46.6232,0.0,50.1372,50.1372,46.6232,-0.1222,37.961,105.9827,3700
2016-08-01 02:00:00,57.07,transfer,1.0,48.4498,0.0,43.9074,43.9074,48.4498,-0.1215,37.6064,105.5994,3701
2016-08-01 03:00:00,57.21,transfer,1.0,50.7649,0.0,53.1394,53.1394,50.7649,-0.1208,37.3409,105.2844,3702
2016-08-01 04:00:00,120.2,transfer,1.0,53.9912,0.0,55.2875,55.2875,53.9912,-0.1203,37.4172,105.2902,3703
2016-08-01 05:00:00,110.78,transfer,1.0,58.6863,0.0,57.7373,57.7373,58.6863,-0.1203,37.392,105.1879,3704
2016-08-01 06:00:00,98.45,transfer,1.0,68.8119,0.0,64.3878,64.3878,68.8119,-0.1209,37.2286,104.9814,3705
2016-08-01 07:00:00,113.38,transfer,1.0,78.8122,0.0,89.2964,89.2964,78.8122,-0.1211,37.0898,104.8422,3706
2016-08-01 08:00:00,116.64,transfer,1.0,85.4457,0.0,82.7821,82.7821,85.4457,-0.1216,36.9301,104.7116,3707
2016-08-01 09:00:00,127.82,transfer,1.0,89.2233,0.0,94.4107,94.4107,89.2233,-0.1219,36.8285,104.6583,3708
2016-08-01 10:00:00,123.64,transfer,1.0,90.7762,0.0,75.1326,75.1326,90.7762,-0.1222,36.6524,104.5421,3709
2016-08-01 11:00:00,130.89,transfer,1.0,91.3627,0.0,83.881,83.881,91.3627,-0.1226,36.4783,104.4397,3710
2016-08-01 12:00:00,132.1,transfer,1.0,90.6598,0.0,89.3396,89.3396,90.6598,-0.1229,36.318,104.3578,3711
2016-08-01 13:00:00,139.96,transfer,1.0,89.0904,0.0,82.9426,82.9426,89.0904,-0.1232,36.1555,104.2761,3712
2016-08-01 14:00:00,146.19,transfer,1.0,86.9628,0.0,83.8577,83.8577,86.9628,-0.1235,36.0635,104.2654,3713
2016-08-01 15:00:00,147.61,transfer,1.0,84.8641,0.0,74.0435,74.0435,84.8641,-0.1237,36.385,104.6668,3714
2016-08-01 16:00:00,153.07,transfer,1.0,81.8304,0.0,85.8116,85.8116,81.8304,-0.1237,36.8,105.1759,3715
2016-08-01 17:00:00,150.96,transfer,1.0,78.9428,0.0,73.3567,73.3567,78.9428,-0.1236,37.1676,105.6313,3716
2016-08-01 18:00:00,83.57,transfer,1.0,76.4126,0.0,84.52,84.52,76.4126,-0.1233,37.1813,105.7459,3717
2016-08-01 19:00:00,73.2,transfer,1.0,73.1001,0.0,70.7467,70.7467,73.1001,-0.1229,37.1422,105.8044,3718
2016-08-01 20:00:00,68.99,transfer,1.0,66.6743,0.0,73.4309,73.4309,66.6743,-0.1228,37.1415,105.9031,3719
2016-08-01 21:00:00,69.27,transfer,1.0,60.7659,0.0,55.5313,55.5313,60.7659,-0.1226,37.1864,105.9926,3720
2016-08-01 22:00:00,68.51,transfer,1.0,57.0233,0.0,46.9033,46.9033,57.0233,-0.1222,37.2301,106.0629,3721
2016-08-01 23:00:00,67.0,transfer,1.0,54.8304,0.0,59.6947,59.6947,54.8304,-0.1217,37.2786,106.1234,3722
2016-08-02 00:00:00,66.66,transfer,1.0,53.6072,0.0,60.0171,60.0171,53.6072,-0.1213,37.2887,106.1288,3723
2016-08-02 01:00:00,66.14,transfer,1.0,53.2989,0.0,51.7824,51.7824,53.2989,-0.1207,36.9468,105.7638,3724
2016-08-02 02:00:00,66.79,transfer,1.0,54.8315,0.0,53.4981,53.4981,54.8315,-0.1202,36.6017,105.3648,3725
2016-08-02 03:00:00,66.34,transfer,1.0,57.3815,0.0,45.0143,45.0143,57.3815,-0.1197,36.326,104.9823,3726
2016-08-02 04:00:00,119.46,transfer,1.0,61.4504,0.0,59.0277,59.0277,61.4504,-0.1195,36.3988,104.9112,3727
2016-08-02 05:00:00,123.53,transfer,1.0,67.6185,0.0,66.281,66.281,67.6185,-0.1199,36.481,104.8434,3728
2016-08-02 06:00:00,112.85,transfer,1.0,77.4424,0.0,95.6678,95.6678,77.4424,-0.1208,36.3938,104.6397,3729
2016-08-02 07:00:00,122.96,transfer,1.0,86.345,0.0,91.6852,91.6852,86.345,-0.1214,36.2909,104.4624,3730
2016-08-02 08:00:00,136.93,transfer,1.0,92.6697,0.0,111.911,111.911,92.6697,-0.1219,36.1781,104.3085,3731
2016-08-02 09:00:00,142.51,transfer,1.0,96.6524,0.0,76.6507,76.6507,96.6524,-0.1217,36.0174,104.1293,3732
2016-08-02 10:00:00,150.65,transfer,1.0,98.7216,0.0,79.2913,79.2913,98.7216,-0.1217,35.9976,104.104,3733
2016-08-02 11:00:00,145.21,transfer,1.0,99.4293,0.0,97.5878,97.5878,99.4293,-0.1218,35.8847,103.9923,3734
2016-08-02 12:00:00,146.99,transfer,1.0,99.3391,0.0,94.9514,94.9514,99.3391,-0.122,35.7444,103.8595,3735
2016-08-02 13:00:00,165.2,transfer,1.0,98.5001,0.0,106.5754,106.5754,98.5001,-0.1222,35.8002,103.9283,3736
2016-08-02 14:00:00,166.18,transfer,1.0,98.1713,0.0,107.4319,107.4319,98.1713,-0.1227,35.8675,104.0206,3737
2016-08-02 15:00:00,160.97,transfer,1.0,98.6174,0.0,91.1756,91.1756,98.6174,-0.123,36.2227,104.4587,3738
2016-08-02 16:00:00,160.91,transfer,1.0,97.464,0.0,101.0157,101.0157,97.464,-0.1231,36.5277,104.9915,3739
2016-08-02 17:00:00,148.56,transfer,1.0,95.3618,0.0,109.3708,109.3708,95.3618,-0.123,36.8362,105.4452,3740
2016-08-02 18:00:00,89.88,transfer,1.0,92.6614,0.0,81.1673,81.1673,92.6614,-0.1231,36.7927,105.5326,3741
2016-08-02 19:00:00,76.4,transfer,1.0,88.1646,0.0,83.4995,83.4995,88.1646,-0.1225,36.8096,105.5773,3742
2016-08-02 20:00:00,80.04,transfer,1.0,79.2838,0.0,71.4456,71.4456,79.2838,-0.122,36.7821,105.6815,3743
2016-08-02 21:00:00,67.47,transfer,1.0,70.0551,0.0,62.1994,62.1994,70.0551,-0.121,36.74,105.6963,3744
2016-08-02 22:00:00,66.38,transfer,1.0,64.4303,0.0,61.8851,61.8851,64.4303,-0.12,36.6851,105.7019,3745
2016-08-02 23:00:00,60.14,transfer,1.0,60.7562,0.0,61.5673,61.5673,60.7562,-0.1188,36.6137,105.6625,3746
2016-08-03 00:00:00,51.81,transfer,1.0,58.3451,0.0,59.5475,59.5475,58.3451,-0.1178,36.6025,105.5896,3747
2016-08-03 01:00:00,51.4,transfer,1.0,56.4678,0.0,59.4342,59.4342,56.4678,-0.1166,36.2691,105.1833,3748
2016-08-03 02:00:00,49.07,transfer,1.0,56.2599,0.0,61.0296,61.0296,56.2599,-0.1165,35.9647,104.7401,3749
2016-08-03 03:00:00,53.76,transfer,1.0,56.952,0.0,58.0553,58.0553,56.952,-0.1169,35.6925,104.3196,3750
2016-08-03 04:00:00,110.38,transfer,1.0,58.9773,0.0,56.5143,56.5143,58.9773,-0.1173,35.7078,104.1814,3751
2016-08-03 05:00:00,103.11,transfer,1.0,64.3731,0.0,62.2062,62.2062,64.3731,-0.1178,35.6247,103.9336,3752
2016-08-03 06:00:00,95.18,transfer,1.0,75.8812,0.0,84.0693,84.0693,75.8812,-0.1186,35.3591,103.5436,3753
2016-08-03 07:00:00,111.07,transfer,1.0,86.7396,0.0,74.0609,74.0609,86.7396,-0.1193,35.1506,103.2597,3754
2016-08-03 08:00:00,131.61,transfer,1.0,93.7763,0.0,99.8678,99.8678,93.7763,-0.1199,35.0168,103.0843,3755
2016-08-03 09:00:00,120.7,transfer,1.0,97.861,0.0,110.9683,110.9683,97.861,-0.1202,34.7923,102.839,3756
2016-08-03 10:00:00,129.66,transfer,1.0,100.0769,0.0,112.9194,112.9194,100.0769,-0.1204,34.5735,102.6126,3757
2016-08-03 11:00:00,135.62,transfer,1.0,100.9036,0.0,101.3783,101.3783,100.9036,-0.1206,34.3855,102.4263,3758
2016-08-03 12:00:00,134.94,transfer,1.0,100.9729,0.0,100.9792,100.9792,100.9729,-0.1209,34.2116,102.2595,3759
2016-08-03 13:00:00,138.23,transfer,1.0,100.4399,0.0,117.1147,117.1147,100.4399,-0.1213,34.0506,102.1061,3760
2016-08-03 14:00:00,134.86,transfer,1.0,99.2616,0.0,96.8228,96.8228,99.2616,-0.1216,33.9505,102.0146,3761
2016-08-03 15:00:00,129.11,transfer,1.0,97.0433,0.0,91.1073,91.1073,97.0433,-0.1219,34.0828,102.2725,3762
2016-08-03 16:00:00,128.2,transfer,1.0,92.4985,0.0,106.47,106.47,92.4985,-0.122,34.2114,102.5784,3763
2016-08-03 17:00:00,130.63,transfer,1.0,85.4861,0.0,111.197,111.197,85.4861,-0.1218,34.4537,102.9004,3764
2016-08-03 18:00:00,69.73,transfer,1.0,77.7504,0.0,77.484,77.484,77.7504,-0.1213,34.4629,102.8549,3765
2016-08-03 19:00:00,54.61,transfer,1.0,70.9917,0.0,72.9913,72.9913,70.9917,-0.1203,34.5459,102.7805,3766
2016-08-03 20:00:00,54.61,transfer,1.0,63.5121,0.0,56.2504,56.2504,63.5121,-0.1191,34.5651,102.7748,3767
2016-08-03 21:00:00,56.32,transfer,1.0,57.8505,0.0,57.0379,57.0379,57.8505,-0.1181,34.5684,102.7676,3768
2016-08-03 22:00:00,56.44,transfer,1.0,54.7191,0.0,56.743,56.743,54.7191,-0.1175,34.5662,102.7545,3769
2016-08-03 23:00:00,55.17,transfer,1.0,52.9784,0.0,55.4632,55.4632,52.9784,-0.1171,34.5609,102.7319,3770
2016-08-04 00:00:00,65.47,transfer,1.0,51.9221,0.0,56.9825,56.9825,51.9221,-0.1172,34.6352,102.778,3771
2016-08-04 01:00:00,58.82,transfer,1.0,51.2882,0.0,46.9293,46.9293,51.2882,-0.1176,34.2537,102.3506,3772
2016-08-04 02:00:00,57.21,transfer,1.0,52.3285,0.0,48.8846,48.8846,52.3285,-0.1186,33.9096,101.9292,3773
2016-08-04 03:00:00,52.67,transfer,1.0,54.2435,0.0,64.7535,64.7535,54.2435,-0.1194,33.6625,101.529,3774
2016-08-04 04:00:00,103.43,transfer,1.0,56.7302,0.0,66.8443,66.8443,56.7302,-0.1201,33.6722,101.3584,3775
2016-08-04 05:00:00,93.17,transfer,1.0,60.9365,0.0,54.5507,54.5507,60.9365,-0.1206,33.5521,101.0406,3776
2016-08-04 06:00:00,84.53,transfer,1.0,69.7243,0.0,70.5898,70.5898,69.7243,-0.1212,33.3555,100.6726,3777
2016-08-04 07:00:00,97.69,transfer,1.0,78.9339,0.0,79.7662,79.7662,78.9339,-0.1214,33.1392,100.3267,3778
2016-08-04 08:00:00,113.57,transfer,1.0,86.2585,0.0,83.8088,83.8088,86.2585,-0.1214,32.9497,100.0452,3779
2016-08-04 09:00:00,143.09,transfer,1.0,91.1673,0.0,98.135,98.135,91.1673,-0.121,32.9331,99.9636,3780
2016-08-04 10:00:00,143.34,transfer,1.0,94.0909,0.0,110.6998,110.6998,94.0909,-0.1207,32.8886,99.8716,3781
2016-08-04 11:00:00,152.31,transfer,1.0,96.5565,0.0,100.686,100.686,96.5565,-0.1204,32.8245,99.777,3782
2016-08-04 12:00:00,149.09,transfer,1.0,98.1626,0.0,114.7991,114.7991,98.1626,-0.1204,32.7448,99.6812,3783
2016-08-04 13:00:00,144.85,transfer,1.0,98.9339,0.0,104.1128,104.1128,98.9339,-0.1204,32.6201,99.5522,3784
2016-08-04 14:00:00,147.41,transfer,1.0,98.7665,0.0,100.2674,100.2674,98.7665,-0.1204,32.564,99.5012,3785
2016-08-04 15:00:00,146.12,transfer,1.0,97.3465,0.0,108.325,108.325,97.3465,-0.1203,32.8249,99.8323,3786
2016-08-04 16:00:00,150.96,transfer,1.0,93.9238,0.0,96.944,96.944,93.9238,-0.1204,33.0831,100.2734,3787
2016-08-04 17:00:00,143.16,transfer,1.0,89.122,0.0,88.8355,88.8355,89.122,-0.1203,33.3766,100.6712,3788
2016-08-04 18:00:00,91.66,transfer,1.0,84.2478,0.0,86.2192,86.2192,84.2478,-0.12,33.3807,100.7542,3789
2016-08-04 19:00:00,85.54,transfer,1.0,78.5387,0.0,74.8537,74.8537,78.5387,-0.1193,33.365,100.8228,3790
2016-08-04 20:00:00,81.28,transfer,1.0,70.6066,0.0,77.6122,77.6122,70.6066,-0.119,33.3835,100.9907,3791
2016-08-04 21:00:00,75.04,transfer,1.0,64.0559,0.0,62.069,62.069,64.0559,-0.1191,33.4481,101.0918,3792
2016-08-04 22:00:00,69.89,transfer,1.0,60.0859,0.0,60.1838,60.1838,60.0859,-0.1188,33.4957,101.164,3793
2016-08-04 23:00:00,65.55,transfer,1.0,57.5818,0.0,55.1114,55.1114,57.5818,-0.1187,33.5272,101.2119,3794
2016-08-05 00:00:00,56.91,transfer,1.0,56.0,0.0,53.802,53.802,56.0,-0.1183,33.4829,101.1743,3795
2016-08-05 01:00:00,48.88,transfer,1.0,55.0604,0.0,55.2802,55.2802,55.0604,-0.1183,33.0945,100.7056,3796
2016-08-05 02:00:00,49.69,transfer,1.0,55.1975,0.0,58.2717,58.2717,55.1975,-0.119,32.7256,100.2339,3797
2016-08-05 03:00:00,49.07,transfer,1.0,55.7628,0.0,57.0393,57.0393,55.7628,-0.1196,32.4747,99.8071,3798
2016-08-05 04:00:00,99.4,transfer,1.0,57.2713,0.0,63.207,63.207,57.2713,-0.12,32.369,99.5521,3799
2016-08-05 05:00:00,102.62,transfer,1.0,61.194,0.0,56.1216,56.1216,61.194,-0.1204,32.2517,99.2589,3800
2016-08-05 06:00:00,100.83,transfer,1.0,70.3348,0.0,66.1142,66.1142,70.3348,-0.1209,32.0689,98.9208,3801
2016-08-05 07:00:00,101.5,transfer,1.0,80.7403,0.0,78.6949,78.6949,80.7403,-0.1215,31.8517,98.5925,3802
2016-08-05 08:00:00,118.02,transfer,1.0,89.0098,0.0,79.3578,79.3578,89.0098,-0.1221,31.6595,98.3294,3803
2016-08-05 09:00:00,148.38,transfer,1.0,93.6857,0.0,96.5401,96.5401,93.6857,-0.1222,31.6398,98.2627,3804
2016-08-05 10:00:00,156.49,transfer,1.0,96.1304,0.0,80.7658,80.7658,96.1304,-0.1222,31.6623,98.2524,3805
2016-08-05 11:00:00,151.63,transfer,1.0,97.9557,0.0,113.1783,113.1783,97.9557,-0.1223,31.5748,98.1454,3806
2016-08-05 12:00:00,159.26,transfer,1.0,99.0649,0.0,114.0398,114.0398,99.0649,-0.1225,31.575,98.1383,3807
2016-08-05 13:00:00,143.96,transfer,1.0,99.2496,0.0,98.5784,98.5784,99.2496,-0.1226,31.4875,98.052,3808
2016-08-05 14:00:00,168.07,transfer,1.0,98.7071,0.0,101.76,101.76,98.7071,-0.1227,31.6334,98.2084,3809
2016-08-05 15:00:00,172.73,transfer,1.0,96.9095,0.0,94.0925,94.0925,96.9095,-0.1228,32.0148,98.7485,3810
2016-08-05 16:00:00,158.9,transfer,1.0,94.2473,0.0,104.3001,104.3001,94.2473,-0.1229,32.3242,99.2508,3811
2016-08-05 17:00:00,152.25,transfer,1.0,91.3478,0.0,88.9144,88.9144,91.3478,-0.123,32.6718,99.7195,3812
2016-08-05 18:00:00,98.62,transfer,1.0,87.5268,0.0,93.6567,93.6567,87.5268,-0.1229,32.7203,99.9282,3813
2016-08-05 19:00:00,89.12,transfer,1.0,82.1288,0.0,89.9834,89.9834,82.1288,-0.1226,32.7613,100.0923,3814
2016-08-05 20:00:00,84.82,transfer,1.0,74.003,0.0,82.5717,82.5717,74.003,-0.1228,32.7824,100.2944,3815
2016-08-05 21:00:00,79.13,transfer,1.0,66.6741,0.0,74.9954,74.9954,66.6741,-0.1229,32.823,100.463,3816
2016-08-05 22:00:00,77.32,transfer,1.0,62.0713,0.0,65.3619,65.3619,62.0713,-0.123,32.8993,100.6214,3817
2016-08-05 23:00:00,71.0,transfer,1.0,59.2198,0.0,66.7379,66.7379,59.2198,-0.123,32.9654,100.7427,3818
2016-08-06 00:00:00,65.75,transfer,1.0,57.4754,0.0,50.1392,50.1392,57.4754,-0.1228,33.0013,100.8428,3819
2016-08-06 01:00:00,64.96,transfer,1.0,55.5586,0.0,49.1346,49.1346,55.5586,-0.1227,33.0057,100.9144,3820
2016-08-06 02:00:00,64.14,transfer,1.0,54.3925,0.0,51.7891,51.7891,54.3925,-0.1232,32.9973,100.977,3821
2016-08-06 03:00:00,63.01,transfer,1.0,53.8206,0.0,56.5799,56.5799,53.8206,-0.1237,32.9772,101.0317,3822
2016-08-06 04:00:00,116.59,transfer,1.0,54.5959,0.0,56.6495,56.6495,54.5959,-0.124,32.959,101.0976,3823
2016-08-06 05:00:00,112.34,transfer,1.0,56.5582,0.0,60.7348,60.7348,56.5582,-0.1242,32.8812,101.1182,3824
2016-08-06 06:00:00,110.56,transfer,1.0,61.6732,0.0,64.0429,64.0429,61.6732,-0.1245,32.8122,101.173,3825
2016-08-06 07:00:00,105.79,transfer,1.0,67.5928,0.0,67.0955,67.0955,67.5928,-0.1247,32.5747,101.0834,3826
2016-08-06 08:00:00,109.69,transfer,1.0,73.1849,0.0,86.8192,86.8192,73.1849,-0.1251,32.322,100.9992,3827
2016-08-06 09:00:00,124.42,transfer,1.0,76.832,0.0,81.1767,81.1767,76.832,-0.1249,32.1532,101.0086,3828
2016-08-06 10:00:00,141.87,transfer,1.0,78.2803,0.0,96.48,96.48,78.2803,-0.1248,32.0667,101.102,3829
2016-08-06 11:00:00,154.46,transfer,1.0,78.9399,0.0,80.1118,80.1118,78.9399,-0.1249,32.0115,101.2324,3830
2016-08-06 12:00:00,167.0,transfer,1.0,79.8609,0.0,74.7281,74.7281,79.8609,-0.1249,32.0241,101.4403,3831
2016-08-06 13:00:00,178.47,transfer,1.0,81.0011,0.0,100.4087,100.4087,81.0011,-0.1249,32.0746,101.6923,3832
2016-08-06 14:00:00,164.0,transfer,1.0,82.264,0.0,97.1141,97.1141,82.264,-0.125,32.0679,101.8926,3833
2016-08-06 15:00:00,157.98,transfer,1.0,83.5902,0.0,88.4636,88.4636,83.5902,-0.1253,32.0096,102.0434,3834
2016-08-06 16:00:00,150.0,transfer,1.0,83.1483,0.0,72.1881,72.1881,83.1483,-0.1251,31.9612,102.1976,3835
2016-08-06 17:00:00,144.21,transfer,1.0,81.3422,0.0,90.6874,90.6874,81.3422,-0.125,31.9219,102.3506,3836
2016-08-06 18:00:00,91.05,transfer,1.0,78.4366,0.0,74.7661,74.7661,78.4366,-0.125,31.8707,102.4787,3837
2016-08-06 19:00:00,84.03,transfer,1.0,74.5153,0.0,89.3207,89.3207,74.5153,-0.125,31.8338,102.6032,3838
2016-08-06 20:00:00,84.63,transfer,1.0,68.6725,0.0,68.1243,68.1243,68.6725,-0.1252,31.8146,102.7205,3839
2016-08-06 21:00:00,70.11,transfer,1.0,63.5738,0.0,59.73,59.73,63.5738,-0.1253,31.7759,102.7971,3840
2016-08-06 22:00:00,64.8,transfer,1.0,60.313,0.0,64.2392,64.2392,60.313,-0.1251,31.7312,102.8463,3841
2016-08-06 23:00:00,57.16,transfer,1.0,57.7986,0.0,51.7524,51.7524,57.7986,-0.1248,31.7319,102.9122,3842
2016-08-07 00:00:00,56.97,transfer,1.0,55.5299,0.0,47.8647,47.8647,55.5299,-0.1246,31.7272,102.9845,3843
2016-08-07 01:00:00,60.57,transfer,1.0,53.7754,0.0,53.4219,53.4219,53.7754,-0.1242,31.7549,103.08,3844
2016-08-07 02:00:00,60.6,transfer,1.0,52.8887,0.0,51.1319,51.1319,52.8887,-0.1242,31.7913,103.1711,3845
2016-08-07 03:00:00,60.9,transfer,1.0,52.7772,0.0,56.2021,56.2021,52.7772,-0.1241,31.8297,103.262,3846
2016-08-07 04:00:00,108.1,transfer,1.0,53.3482,0.0,49.7015,49.7015,53.3482,-0.124,31.8656,103.3306,3847
2016-08-07 05:00:00,105.26,transfer,1.0,55.0599,0.0,53.4612,53.4612,55.0599,-0.124,31.8518,103.3553,3848
2016-08-07 06:00:00,97.13,transfer,1.0,59.4739,0.0,68.0509,68.0509,59.4739,-0.1242,31.8408,103.3935,3849
2016-08-07 07:00:00,99.34,transfer,1.0,64.6972,0.0,66.3426,66.3426,64.6972,-0.1244,31.7463,103.359,3850
2016-08-07 08:00:00,107.51,transfer,1.0,69.4382,0.0,77.1232,77.1232,69.4382,-0.1244,31.7128,103.3988,3851
2016-08-07 09:00:00,115.79,transfer,1.0,72.304,0.0,91.4262,91.4262,72.304,-0.1243,31.6767,103.4438,3852
2016-08-07 10:00:00,117.61,transfer,1.0,73.6487,0.0,82.5038,82.5038,73.6487,-0.1241,31.6222,103.4751,3853
2016-08-07 11:00:00,121.03,transfer,1.0,74.1583,0.0,86.1408,86.1408,74.1583,-0.1241,31.6034,103.5445,3854
2016-08-07 12:00:00,121.45,transfer,1.0,73.6074,0.0,62.4754,62.4754,73.6074,-0.1242,31.6192,103.6472,3855
2016-08-07 13:00:00,129.43,transfer,1.0,72.3775,0.0,62.2811,62.2811,72.3775,-0.1244,31.6551,103.7679,3856
2016-08-07 14:00:00,134.71,transfer,1.0,70.4417,0.0,78.2319,78.2319,70.4417,-0.1244,31.7139,103.9092,3857
2016-08-07 15:00:00,135.81,transfer,1.0,68.4492,0.0,76.8199,76.8199,68.4492,-0.1244,31.7767,104.051,3858
2016-08-07 16:00:00,143.04,transfer,1.0,66.678,0.0,71.0414,71.0414,66.678,-0.1241,31.8715,104.2213,3859
2016-08-07 17:00:00,137.9,transfer,1.0,65.127,0.0,63.331,63.331,65.127,-0.1239,31.9953,104.4176,3860
2016-08-07 18:00:00,78.15,transfer,1.0,63.8796,0.0,63.8728,63.8728,63.8796,-0.1237,32.049,104.5428,3861
2016-08-07 19:00:00,71.23,transfer,1.0,62.5196,0.0,59.1519,59.1519,62.5196,-0.1237,32.0887,104.653,3862
2016-08-07 20:00:00,74.01,transfer,1.0,59.4361,0.0,61.85,61.85,59.4361,-0.1237,32.1362,104.7622,3863
2016-08-07 21:00:00,70.21,transfer,1.0,56.3648,0.0,55.6344,55.6344,56.3648,-0.1236,32.1545,104.833,3864
2016-08-07 22:00:00,69.42,transfer,1.0,54.4561,0.0,36.8951,36.8951,54.4561,-0.1234,32.1726,104.8977,3865
2016-08-07 23:00:00,64.95,transfer,1.0,53.2025,0.0,58.2798,58.2798,53.2025,-0.1233,32.1733,104.94,3866
2016-08-08 00:00:00,61.27,transfer,1.0,52.4464,0.0,48.3639,48.3639,52.4464,-0.123,32.1564,104.9611,3867
2016-08-08 01:00:00,59.42,transfer,1.0,52.8336,0.0,61.7769,61.7769,52.8336,-0.1226,32.1324,104.974,3868
2016-08-08 02:00:00,59.42,transfer,1.0,54.1936,0.0,52.2749,52.2749,54.1936,-0.1225,32.1122,104.988,3869
2016-08-08 03:00:00,58.98,transfer,1.0,56.382,0.0,63.7117,63.7117,56.382,-0.1226,32.0893,104.9986,3870
2016-08-08 04:00:00,107.92,transfer,1.0,59.4587,0.0,63.7361,63.7361,59.4587,-0.1226,31.9836,104.9255,3871
2016-08-08 05:00:00,103.94,transfer,1.0,64.7831,0.0,72.3489,72.3489,64.7831,-0.1228,31.9066,104.8848,3872
2016-08-08 06:00:00,123.58,transfer,1.0,73.891,0.0,71.4967,71.4967,73.891,-0.1233,32.026,105.0344,3873
2016-08-08 07:00:00,142.53,transfer,1.0,82.3686,0.0,78.9314,78.9314,82.3686,-0.1235,32.1783,105.2079,3874
2016-08-08 08:00:00,161.41,transfer,1.0,90.0518,0.0,79.9533,79.9533,90.0518,-0.1238,32.4174,105.4744,3875
2016-08-08 09:00:00,174.69,transfer,1.0,95.9536,0.0,99.6888,99.6888,95.9536,-0.1238,32.6563,105.7534,3876
2016-08-08 10:00:00,169.57,transfer,1.0,99.5072,0.0,98.3991,98.3991,99.5072,-0.1238,32.8778,106.0268,3877
2016-08-08 11:00:00,166.84,transfer,1.0,101.2879,0.0,101.1944,101.1944,101.2879,-0.1238,33.0327,106.2408,3878
2016-08-08 12:00:00,161.01,transfer,1.0,102.0195,0.0,113.2973,113.2973,102.0195,-0.1239,33.1371,106.4129,3879
2016-08-08 13:00:00,164.41,transfer,1.0,102.1196,0.0,120.3458,120.3458,102.1196,-0.124,33.2051,106.5585,3880
2016-08-08 14:00:00,153.08,transfer,1.0,101.7001,0.0,90.0894,90.0894,101.7001,-0.1241,33.1584,106.5995,3881
2016-08-08 15:00:00,151.99,transfer,1.0,100.8179,0.0,96.7575,96.7575,100.8179,-0.1239,33.0895,106.6255,3882
2016-08-08 16:00:00,152.87,transfer,1.0,98.965,0.0,78.0763,78.0763,98.965,-0.1233,32.9863,106.6243,3883
2016-08-08 17:00:00,151.3,transfer,1.0,96.0405,0.0,100.0794,100.0794,96.0405,-0.123,32.8866,106.6264,3884
2016-08-08 18:00:00,111.64,transfer,1.0,92.0753,0.0,95.0996,95.0996,92.0753,-0.1227,32.9604,106.7934,3885
2016-08-08 19:00:00,92.61,transfer,1.0,85.7872,0.0,90.2353,90.2353,85.7872,-0.1222,33.0005,106.909,3886
2016-08-08 20:00:00,82.69,transfer,1.0,77.4653,0.0,69.3117,69.3117,77.4653,-0.1221,33.0178,106.9905,3887
2016-08-08 21:00:00,67.52,transfer,1.0,69.7723,0.0,57.5705,57.5705,69.7723,-0.122,32.9806,106.9801,3888
2016-08-08 22:00:00,63.83,transfer,1.0,64.2783,0.0,67.73,67.73,64.2783,-0.1218,32.9148,106.9522,3889
2016-08-08 23:00:00,63.29,transfer,1.0,60.4095,0.0,66.5067,66.5067,60.4095,-0.1216,32.8596,106.9302,3890
2016-08-09 00:00:00,62.59,transfer,1.0,57.9357,0.0,62.897,62.897,57.9357,-0.1213,32.8096,106.9059,3891
2016-08-09 01:00:00,61.89,transfer,1.0,56.7782,0.0,50.3515,50.3515,56.7782,-0.1208,32.7636,106.8806,3892
2016-08-09 02:00:00,61.27,transfer,1.0,57.0081,0.0,54.5481,54.5481,57.0081,-0.1212,32.7177,106.8478,3893
2016-08-09 03:00:00,60.87,transfer,1.0,58.2713,0.0,56.4474,56.4474,58.2713,-0.1216,32.6799,106.8152,3894
2016-08-09 04:00:00,95.58,transfer,1.0,60.8904,0.0,61.1543,61.1543,60.8904,-0.1221,32.5411,106.6731,3895
2016-08-09 05:00:00,102.08,transfer,1.0,66.3861,0.0,50.8278,50.8278,66.3861,-0.1225,32.4207,106.5454,3896
2016-08-09 06:00:00,106.77,transfer,1.0,74.8395,0.0,82.1243,82.1243,74.8395,-0.1229,32.4,106.5093,3897
2016-08-09 07:00:00,126.38,transfer,1.0,83.6323,0.0,90.4096,90.4096,83.6323,-0.1234,32.4365,106.5296,3898
2016-08-09 08:00:00,141.08,transfer,1.0,90.8823,0.0,93.0306,93.0306,90.8823,-0.1238,32.4719,106.5543,3899
2016-08-09 09:00:00,147.0,transfer,1.0,96.1377,0.0,102.5434,102.5434,96.1377,-0.1239,32.5017,106.5811,3900
2016-08-09 10:00:00,160.34,transfer,1.0,99.142,0.0,88.4734,88.4734,99.142,-0.1237,32.5569,106.6388,3901
2016-08-09 11:00:00,165.66,transfer,1.0,100.6314,0.0,107.9076,107.9076,100.6314,-0.1234,32.6714,106.7605,3902
2016-08-09 12:00:00,158.49,transfer,1.0,101.3398,0.0,108.2767,108.2767,101.3398,-0.123,32.728,106.829,3903
2016-08-09 13:00:00,168.76,transfer,1.0,101.5678,0.0,106.9135,106.9135,101.5678,-0.1228,32.7309,106.8502,3904
2016-08-09 14:00:00,158.56,transfer,1.0,101.3316,0.0,104.8878,104.8878,101.3316,-0.1227,32.6667,106.8048,3905
2016-08-09 15:00:00,151.81,transfer,1.0,100.7034,0.0,122.0508,122.0508,100.7034,-0.1227,32.5998,106.7503,3906
2016-08-09 16:00:00,146.88,transfer,1.0,99.3825,0.0,92.9135,92.9135,99.3825,-0.1225,32.5049,106.6668,3907
2016-08-09 17:00:00,131.2,transfer,1.0,97.1068,0.0,89.7181,89.7181,97.1068,-0.1224,32.3911,106.5634,3908
2016-08-09 18:00:00,96.12,transfer,1.0,93.3868,0.0,89.78,89.78,93.3868,-0.1222,32.3908,106.6006,3909
2016-08-09 19:00:00,80.73,transfer,1.0,86.4167,0.0,97.172,97.172,86.4167,-0.1222,32.3547,106.6263,3910
2016-08-09 20:00:00,78.47,transfer,1.0,76.5846,0.0,81.3855,81.3855,76.5846,-0.1222,32.3614,106.617,3911
2016-08-09 21:00:00,67.43,transfer,1.0,68.2971,0.0,59.6632,59.6632,68.2971,-0.1221,32.3512,106.6168,3912
2016-08-09 22:00:00,68.9,transfer,1.0,63.0699,0.0,57.6212,57.6212,63.0699,-0.1218,32.3743,106.6318,3913
2016-08-09 23:00:00,67.89,transfer,1.0,59.7412,0.0,67.5457,67.5457,59.7412,-0.1212,32.4191,106.6779,3914
2016-08-10 00:00:00,68.33,transfer,1.0,57.849,0.0,57.808,57.808,57.849,-0.1205,32.4426,106.7763,3915
2016-08-10 01:00:00,68.21,transfer,1.0,56.9809,0.0,55.5544,55.5544,56.9809,-0.1196,32.4793,106.8763,3916
2016-08-10 02:00:00,57.27,transfer,1.0,57.6398,0.0,68.4697,68.4697,57.6398,-0.1197,32.4387,106.9252,3917
2016-08-10 03:00:00,55.14,transfer,1.0,59.2305,0.0,61.0311,61.0311,59.2305,-0.1199,32.444,106.9334,3918
2016-08-10 04:00:00,110.07,transfer,1.0,61.4039,0.0,60.9246,60.9246,61.4039,-0.1199,32.4277,106.9316,3919
2016-08-10 05:00:00,123.69,transfer,1.0,66.3479,0.0,66.2571,66.2571,66.3479,-0.1199,32.5385,107.0541,3920
2016-08-10 06:00:00,133.74,transfer,1.0,76.1221,0.0,92.4045,92.4045,76.1221,-0.1204,32.7666,107.2836,3921
2016-08-10 07:00:00,155.22,transfer,1.0,86.3737,0.0,64.6072,64.6072,86.3737,-0.1211,33.0315,107.5464,3922
2016-08-10 08:00:00,173.56,transfer,1.0,94.2402,0.0,107.8246,107.8246,94.2402,-0.1217,33.2785,107.7961,3923
2016-08-10 09:00:00,181.1,transfer,1.0,99.224,0.0,97.7737,97.7737,99.224,-0.1216,33.6299,108.1557,3924
2016-08-10 10:00:00,191.34,transfer,1.0,101.7249,0.0,101.0135,101.0135,101.7249,-0.1217,33.9872,108.5228,3925
2016-08-10 11:00:00,190.4,transfer,1.0,102.9974,0.0,93.538,93.538,102.9974,-0.1218,34.3008,108.8489,3926
2016-08-10 12:00:00,189.4,transfer,1.0,103.6202,0.0,111.4934,111.4934,103.6202,-0.1221,34.6092,109.1731,3927
2016-08-10 13:00:00,191.48,transfer,1.0,103.8462,0.0,88.7133,88.7133,103.8462,-0.1223,34.9059,109.4901,3928
2016-08-10 14:00:00,188.66,transfer,1.0,103.8391,0.0,104.3312,104.3312,103.8391,-0.1225,35.1989,109.8103,3929
2016-08-10 15:00:00,190.26,transfer,1.0,103.6334,0.0,102.8508,102.8508,103.6334,-0.1226,35.5237,110.1743,3930
2016-08-10 16:00:00,175.52,transfer,1.0,103.1363,0.0,94.9073,94.9073,103.1363,-0.1225,35.742,110.456,3931
2016-08-10 17:00:00,176.46,transfer,1.0,102.409,0.0,104.5372,104.5372,102.409,-0.1222,35.9141,110.7288,3932
2016-08-10 18:00:00,103.18,transfer,1.0,101.2561,0.0,115.177,115.177,101.2561,-0.1219,35.8778,110.9279,3933
2016-08-10 19:00:00,92.4,transfer,1.0,98.9626,0.0,107.0221,107.0221,98.9626,-0.1217,35.8194,111.1528,3934
2016-08-10 20:00:00,91.02,transfer,1.0,92.5689,0.0,86.6053,86.6053,92.5689,-0.1219,35.7756,111.3696,3935
2016-08-10 21:00:00,73.26,transfer,1.0,82.3959,0.0,74.0882,74.0882,82.3959,-0.1221,35.8209,111.4704,3936
2016-08-10 22:00:00,74.07,transfer,1.0,73.3279,0.0,84.1745,84.1745,73.3279,-0.1221,35.815,111.5754,3937
2016-08-10 23:00:00,71.33,transfer,1.0,66.6238,0.0,65.5437,65.5437,66.6238,-0.1219,35.83,111.6716,3938
2016-08-11 00:00:00,70.46,transfer,1.0,62.747,0.0,70.3916,70.3916,62.747,-0.1215,35.7953,111.7013,3939
2016-08-11 01:00:00,69.96,transfer,1.0,60.5391,0.0,66.2124,66.2124,60.5391,-0.121,35.8065,111.7677,3940
2016-08-11 02:00:00,71.36,transfer,1.0,60.3012,0.0,58.5527,58.5527,60.3012,-0.1212,35.8433,111.8519,3941
2016-08-11 03:00:00,70.96,transfer,1.0,61.0396,0.0,56.0931,56.0931,61.0396,-0.1213,35.893,111.9608,3942
2016-08-11 04:00:00,132.15,transfer,1.0,64.0131,0.0,60.4786,60.4786,64.0131,-0.1214,36.0206,112.1317,3943
2016-08-11 05:00:00,138.72,transfer,1.0,71.0165,0.0,61.3816,61.3816,71.0165,-0.1215,36.2317,112.4029,3944
2016-08-11 06:00:00,152.81,transfer,1.0,81.8144,0.0,91.8943,91.8943,81.8144,-0.122,36.5662,112.8093,3945
2016-08-11 07:00:00,167.55,transfer,1.0,90.7982,0.0,99.8318,99.8318,90.7982,-0.1222,36.9114,113.2251,3946
2016-08-11 08:00:00,202.12,transfer,1.0,96.8205,0.0,79.6949,79.6949,96.8205,-0.1224,37.3756,113.7522,3947
2016-08-11 09:00:00,206.07,transfer,1.0,100.3152,0.0,124.6732,124.6732,100.3152,-0.1221,37.696,114.1271,3948
2016-08-11 10:00:00,208.35,transfer,1.0,102.1487,0.0,106.3056,106.3056,102.1487,-0.122,38.035,114.5141,3949
2016-08-11 11:00:00,203.36,transfer,1.0,103.0541,0.0,116.7948,116.7948,103.0541,-0.1219,38.3002,114.818,3950
2016-08-11 12:00:00,218.49,transfer,1.0,103.5285,0.0,115.3696,115.3696,103.5285,-0.1219,38.6814,115.2311,3951
2016-08-11 13:00:00,215.05,transfer,1.0,103.7467,0.0,102.747,102.747,103.7467,-0.122,39.0706,115.6489,3952
2016-08-11 14:00:00,205.42,transfer,1.0,103.8186,0.0,101.6926,101.6926,103.8186,-0.1221,39.3858,115.9943,3953
2016-08-11 15:00:00,196.95,transfer,1.0,103.7456,0.0,102.9253,102.9253,103.7456,-0.122,39.6503,116.2968,3954
2016-08-11 16:00:00,193.0,transfer,1.0,103.5136,0.0,87.3443,87.3443,103.5136,-0.122,39.8434,116.5471,3955
2016-08-11 17:00:00,193.29,transfer,1.0,103.2527,0.0,119.2039,119.2039,103.2527,-0.122,40.0577,116.8455,3956
2016-08-11 18:00:00,97.35,transfer,1.0,102.8255,0.0,103.3549,103.3549,102.8255,-0.122,40.0462,116.8794,3957
2016-08-11 19:00:00,84.46,transfer,1.0,101.9095,0.0,109.9925,109.9925,101.9095,-0.1218,40.1084,116.8729,3958
2016-08-11 20:00:00,84.23,transfer,1.0,99.1084,0.0,90.3544,90.3544,99.1084,-0.1219,40.1334,116.8905,3959
2016-08-11 21:00:00,75.79,transfer,1.0,92.964,0.0,97.1035,97.1035,92.964,-0.1221,40.1702,116.895,3960
2016-08-11 22:00:00,74.59,transfer,1.0,83.5931,0.0,83.3529,83.3529,83.5931,-0.1223,40.1655,116.923,3961
2016-08-11 23:00:00,73.72,transfer,1.0,75.089,0.0,84.108,84.108,75.089,-0.1223,40.1262,116.9717,3962
2016-08-12 00:00:00,73.44,transfer,1.0,69.7366,0.0,76.9436,76.9436,69.7366,-0.1223,40.1428,117.0701,3963
2016-08-12 01:00:00,72.13,transfer,1.0,66.5657,0.0,77.6511,77.6511,66.5657,-0.1223,40.1392,117.2085,3964
2016-08-12 02:00:00,71.83,transfer,1.0,65.8721,0.0,68.4174,68.4174,65.8721,-0.1227,40.1418,117.3403,3965
2016-08-12 03:00:00,70.36,transfer,1.0,66.4523,0.0,71.6578,71.6578,66.4523,-0.1228,40.1253,117.467,3966
2016-08-12 04:00:00,140.74,transfer,1.0,68.2043,0.0,74.5466,74.5466,68.2043,-0.123,40.3063,117.7131,3967
2016-08-12 05:00:00,149.28,transfer,1.0,73.3164,0.0,70.6654,70.6654,73.3164,-0.1235,40.5118,117.9909,3968
2016-08-12 06:00:00,174.12,transfer,1.0,82.2644,0.0,85.4285,85.4285,82.2644,-0.1238,40.8771,118.4272,3969
2016-08-12 07:00:00,174.51,transfer,1.0,90.0635,0.0,80.5004,80.5004,90.0635,-0.1238,41.2562,118.8617,3970
2016-08-12 08:00:00,195.06,transfer,1.0,95.6967,0.0,100.5189,100.5189,95.6967,-0.1236,41.6749,119.3203,3971
2016-08-12 09:00:00,205.41,transfer,1.0,99.0835,0.0,93.9615,93.9615,99.0835,-0.123,41.9823,119.6598,3972
2016-08-12 10:00:00,209.36,transfer,1.0,100.9248,0.0,116.4902,116.4902,100.9248,-0.1226,42.2684,119.9745,3973
2016-08-12 11:00:00,212.26,transfer,1.0,101.8521,0.0,99.7533,99.7533,101.8521,-0.1224,42.6061,120.3354,3974
2016-08-12 12:00:00,216.95,transfer,1.0,102.3338,0.0,101.7101,101.7101,102.3338,-0.1223,42.9301,120.6788,3975
2016-08-12 13:00:00,212.14,transfer,1.0,102.5706,0.0,97.8777,97.8777,102.5706,-0.1223,43.3161,121.0846,3976
2016-08-12 14:00:00,215.82,transfer,1.0,102.6142,0.0,86.7146,86.7146,102.6142,-0.1224,43.5771,121.3688,3977
2016-08-12 15:00:00,202.48,transfer,1.0,102.4974,0.0,94.9149,94.9149,102.4974,-0.1224,43.7209,121.5459,3978
2016-08-12 16:00:00,194.69,transfer,1.0,95.139,0.0,94.5372,94.5372,95.139,-0.1224,43.9286,121.759,3979
2016-08-12 17:00:00,189.89,transfer,1.0,63.761,0.0,58.6548,58.6548,63.761,-0.1224,44.3169,121.983,3980
2016-08-12 18:00:00,105.18,transfer,1.0,78.302,0.0,89.0581,89.0581,78.302,-0.1223,44.4109,122.022,3981
2016-08-12 19:00:00,87.8,transfer,1.0,99.0949,0.0,82.3199,82.3199,99.0949,-0.1222,44.4365,122.0142,3982
2016-08-12 20:00:00,90.13,transfer,1.0,95.8674,0.0,90.3557,90.3557,95.8674,-0.1223,44.4062,122.0458,3983
2016-08-12 21:00:00,77.23,transfer,1.0,88.6603,0.0,95.5845,95.5845,88.6603,-0.1225,44.4001,122.0345,3984
2016-08-12 22:00:00,76.02,transfer,1.0,79.7966,0.0,78.0715,78.0715,79.7966,-0.1226,44.3319,122.0267,3985
2016-08-12 23:00:00,75.52,transfer,1.0,72.3873,0.0,70.9285,70.9285,72.3873,-0.1226,44.2804,122.0536,3986
2016-08-13 00:00:00,74.68,transfer,1.0,67.6849,0.0,84.3305,84.3305,67.6849,-0.1226,44.2728,122.1068,3987
2016-08-13 01:00:00,74.15,transfer,1.0,63.7241,0.0,68.4386,68.4386,63.7241,-0.1224,44.2789,122.1615,3988
2016-08-13 02:00:00,72.53,transfer,1.0,61.3066,0.0,62.6579,62.6579,61.3066,-0.1227,44.2876,122.2114,3989
2016-08-13 03:00:00,72.99,transfer,1.0,59.9156,0.0,69.2984,69.2984,59.9156,-0.123,44.3108,122.2708,3990
2016-08-13 04:00:00,145.28,transfer,1.0,59.228,0.0,64.8568,64.8568,59.228,-0.1234,44.454,122.4416,3991
2016-08-13 05:00:00,153.8,transfer,1.0,60.0575,0.0,51.265,51.265,60.0575,-0.1237,44.6799,122.6884,3992
2016-08-13 06:00:00,156.24,transfer,1.0,63.9417,0.0,61.8204,61.8204,63.9417,-0.1237,44.9383,122.9603,3993
2016-08-13 07:00:00,154.96,transfer,1.0,69.1791,0.0,76.3454,76.3454,69.1791,-0.1236,45.2216,123.253,3994
2016-08-13 08:00:00,160.99,transfer,1.0,74.8229,0.0,72.4956,72.4956,74.8229,-0.1234,45.5172,123.5583,3995
2016-08-13 09:00:00,147.59,transfer,1.0,79.4549,0.0,79.7438,79.7438,79.4549,-0.1232,45.6395,123.6962,3996
2016-08-13 10:00:00,166.41,transfer,1.0,82.7099,0.0,93.2247,93.2247,82.7099,-0.1231,45.7592,123.8423,3997
2016-08-13 11:00:00,166.8,transfer,1.0,84.288,0.0,64.9073,64.9073,84.288,-0.1231,45.8008,123.9157,3998
2016-08-13 12:00:00,157.14,transfer,1.0,85.1885,0.0,76.0496,76.0496,85.1885,-0.1232,45.7104,123.857,3999
2016-08-13 13:00:00,157.54,transfer,1.0,85.1566,0.0,93.801,93.801,85.1566,-0.1232,45.5611,123.7324,4000
2016-08-13 14:00:00,172.02,transfer,1.0,83.7578,0.0,80.2776,80.2776,83.7578,-0.1232,45.5999,123.7801,4001
2016-08-13 15:00:00,182.33,transfer,1.0,74.8972,0.0,86.9706,86.9706,74.8972,-0.1233,45.7966,123.9251,4002
2016-08-13 16:00:00,182.93,transfer,1.0,44.9072,0.0,42.3685,42.3685,44.9072,-0.1232,46.2203,124.1211,4003
2016-08-13 17:00:00,172.81,transfer,1.0,42.9726,0.0,26.2412,26.2412,42.9726,-0.1231,46.6189,124.2913,4004
2016-08-13 18:00:00,95.49,transfer,1.0,42.2459,0.0,34.5967,34.5967,42.2459,-0.1227,46.8607,124.3177,4005
2016-08-13 19:00:00,86.29,transfer,1.0,41.2766,0.0,38.7576,38.7576,41.2766,-0.1224,47.072,124.3312,4006
2016-08-13 20:00:00,90.66,transfer,1.0,38.6777,0.0,40.8161,40.8161,38.6777,-0.1226,47.2865,124.367,4007
2016-08-13 21:00:00,80.98,transfer,1.0,36.2087,0.0,30.0717,30.0717,36.2087,-0.1229,47.5141,124.4317,4008
2016-08-13 22:00:00,80.81,transfer,1.0,35.0923,0.0,38.9396,38.9396,35.0923,-0.1231,47.7595,124.527,4009
2016-08-13 23:00:00,78.55,transfer,1.0,35.2096,0.0,35.9626,35.9626,35.2096,-0.1233,48.0137,124.6543,4010
2016-08-14 00:00:00,79.18,transfer,1.0,37.7388,0.0,30.8721,30.8721,37.7388,-0.1233,48.2518,124.7865,4011
2016-08-14 01:00:00,76.72,transfer,1.0,38.8051,0.0,39.3783,39.3783,38.8051,-0.1232,48.437,124.8826,4012
2016-08-14 02:00:00,76.84,transfer,1.0,40.3424,0.0,33.5357,33.5357,40.3424,-0.1233,48.6083,124.9793,4013
2016-08-14 03:00:00,77.3,transfer,1.0,44.2136,0.0,46.1213,46.1213,44.2136,-0.1235,48.7569,125.0769,4014
2016-08-14 04:00:00,145.04,transfer,1.0,49.3961,0.0,51.1279,51.1279,49.3961,-0.1237,49.0003,125.2968,4015
2016-08-14 05:00:00,160.14,transfer,1.0,56.1189,0.0,54.7301,54.7301,56.1189,-0.1238,49.3207,125.6235,4016
2016-08-14 06:00:00,160.21,transfer,1.0,60.8452,0.0,60.0455,60.0455,60.8452,-0.1241,49.688,125.9989,4017
2016-08-14 07:00:00,149.36,transfer,1.0,66.301,0.0,72.4857,72.4857,66.301,-0.1239,49.9762,126.2967,4018
2016-08-14 08:00:00,158.07,transfer,1.0,71.9857,0.0,66.4917,66.4917,71.9857,-0.1238,50.262,126.5976,4019
2016-08-14 09:00:00,160.63,transfer,1.0,76.2062,0.0,81.1624,81.1624,76.2062,-0.1237,50.5057,126.8645,4020
2016-08-14 10:00:00,157.97,transfer,1.0,79.0522,0.0,79.7667,79.7667,79.0522,-0.1236,50.7137,127.1048,4021
2016-08-14 11:00:00,165.71,transfer,1.0,80.8039,0.0,64.5866,64.5866,80.8039,-0.1236,50.9401,127.3707,4022
2016-08-14 12:00:00,162.64,transfer,1.0,80.9028,0.0,85.2755,85.2755,80.9028,-0.1235,51.1419,127.6159,4023
2016-08-14 13:00:00,159.7,transfer,1.0,79.6649,0.0,85.8177,85.8177,79.6649,-0.1235,51.2787,127.7961,4024
2016-08-14 14:00:00,160.11,transfer,1.0,75.9559,0.0,68.5291,68.5291,75.9559,-0.1235,51.3971,127.9472,4025
2016-08-14 15:00:00,159.78,transfer,1.0,70.5371,0.0,70.4485,70.4485,70.5371,-0.1235,51.5273,128.0899,4026
2016-08-14 16:00:00,163.57,transfer,1.0,67.6394,0.0,67.8977,67.8977,67.6394,-0.1235,51.6438,128.2121,4027
2016-08-14 17:00:00,171.31,transfer,1.0,67.2019,0.0,62.7883,62.7883,67.2019,-0.1232,51.8303,128.411,4028
2016-08-14 18:00:00,88.79,transfer,1.0,70.4072,0.0,63.2376,63.2376,70.4072,-0.1228,51.8548,128.4743,4029
2016-08-14 19:00:00,85.04,transfer,1.0,72.174,0.0,71.9863,71.9863,72.174,-0.1228,51.8795,128.5565,4030
2016-08-14 20:00:00,89.9,transfer,1.0,68.4618,0.0,76.2797,76.2797,68.4618,-0.1227,51.9204,128.6511,4031
2016-08-14 21:00:00,75.72,transfer,1.0,63.8107,0.0,56.4173,56.4173,63.8107,-0.1227,51.9089,128.6839,4032
2016-08-14 22:00:00,74.84,transfer,1.0,60.9141,0.0,58.6924,58.6924,60.9141,-0.1226,51.9027,128.7161,4033
2016-08-14 23:00:00,72.57,transfer,1.0,58.5271,0.0,63.8096,63.8096,58.5271,-0.1226,51.9163,128.7615,4034
2016-08-15 00:00:00,72.5,transfer,1.0,56.609,0.0,51.7733,51.7733,56.609,-0.1225,51.9584,128.8283,4035
2016-08-15 01:00:00,72.35,transfer,1.0,56.1083,0.0,60.5494,60.5494,56.1083,-0.1225,52.0159,128.9053,4036
2016-08-15 02:00:00,73.3,transfer,1.0,56.2009,0.0,56.4244,56.4244,56.2009,-0.1226,52.0866,128.9879,4037
2016-08-15 03:00:00,72.46,transfer,1.0,56.9205,0.0,48.4972,48.4972,56.9205,-0.1227,52.1636,129.0681,4038
2016-08-15 04:00:00,135.28,transfer,1.0,58.4284,0.0,58.6277,58.6277,58.4284,-0.123,52.3326,129.231,4039
2016-08-15 05:00:00,147.99,transfer,1.0,62.6711,0.0,54.9113,54.9113,62.6711,-0.1233,52.6074,129.4932,4040
2016-08-15 06:00:00,158.47,transfer,1.0,69.9113,0.0,61.6085,61.6085,69.9113,-0.1235,52.8387,129.7009,4041
2016-08-15 07:00:00,178.37,transfer,1.0,78.2064,0.0,82.375,82.375,78.2064,-0.1234,53.0768,129.9142,4042
2016-08-15 08:00:00,198.25,transfer,1.0,86.0931,0.0,97.8656,97.8656,86.0931,-0.1233,53.3197,130.1335,4043
2016-08-15 09:00:00,207.87,transfer,1.0,92.4828,0.0,96.6915,96.6915,92.4828,-0.1229,53.5378,130.331,4044
2016-08-15 10:00:00,200.77,transfer,1.0,96.6502,0.0,95.7564,95.7564,96.6502,-0.1226,53.7406,130.5167,4045
2016-08-15 11:00:00,203.6,transfer,1.0,98.9035,0.0,114.7862,114.7862,98.9035,-0.1224,53.9736,130.7355,4046
2016-08-15 12:00:00,206.3,transfer,1.0,99.8033,0.0,76.3297,76.3297,99.8033,-0.1223,54.2563,131.0051,4047
2016-08-15 13:00:00,209.21,transfer,1.0,99.9033,0.0,92.1502,92.1502,99.9033,-0.1224,54.5362,131.2717,4048
2016-08-15 14:00:00,215.07,transfer,1.0,98.9294,0.0,102.5095,102.5095,98.9294,-0.1224,54.9217,131.6407,4049
2016-08-15 15:00:00,208.47,transfer,1.0,97.9695,0.0,71.9013,71.9013,97.9695,-0.1223,55.2748,131.9769,4050
2016-08-15 16:00:00,202.85,transfer,1.0,98.5369,0.0,97.8094,97.8094,98.5369,-0.1223,55.5749,132.2744,4051
2016-08-15 17:00:00,193.66,transfer,1.0,99.1716,0.0,101.8039,101.8039,99.1716,-0.1222,55.8084,132.5265,4052
2016-08-15 18:00:00,108.55,transfer,1.0,99.7476,0.0,99.7542,99.7542,99.7476,-0.1224,55.7443,132.5081,4053
2016-08-15 19:00:00,89.55,transfer,1.0,98.6506,0.0,96.958,96.958,98.6506,-0.1224,55.7579,132.4899,4054
2016-08-15 20:00:00,87.45,transfer,1.0,94.537,0.0,96.7168,96.7168,94.537,-0.1227,55.769,132.5183,4055
2016-08-15 21:00:00,72.53,transfer,1.0,86.961,0.0,96.1598,96.1598,86.961,-0.1233,55.8415,132.5481,4056
2016-08-15 22:00:00,71.04,transfer,1.0,80.15,0.0,73.1418,73.1418,80.15,-0.1238,55.893,132.591,4057
2016-08-15 23:00:00,68.53,transfer,1.0,71.7769,0.0,76.5267,76.5267,71.7769,-0.1233,55.8952,132.6222,4058
2016-08-16 00:00:00,68.36,transfer,1.0,65.5769,0.0,59.1956,59.1956,65.5769,-0.1231,55.8841,132.6566,4059
2016-08-16 01:00:00,68.56,transfer,1.0,62.5821,0.0,60.7814,60.7814,62.5821,-0.1228,55.8892,132.6963,4060
2016-08-16 02:00:00,68.56,transfer,1.0,61.2233,0.0,60.2369,60.2369,61.2233,-0.1226,55.9075,132.7397,4061
2016-08-16 03:00:00,68.88,transfer,1.0,61.2922,0.0,59.5257,59.5257,61.2922,-0.1225,55.9372,132.7874,4062
2016-08-16 04:00:00,131.89,transfer,1.0,62.6033,0.0,58.2509,58.2509,62.6033,-0.1225,56.1431,133.0035,4063
2016-08-16 05:00:00,145.11,transfer,1.0,67.1746,0.0,79.6307,79.6307,67.1746,-0.1224,56.3946,133.2596,4064
2016-08-16 06:00:00,161.2,transfer,1.0,75.3921,0.0,88.0506,88.0506,75.3921,-0.1225,56.7153,133.5836,4065
2016-08-16 07:00:00,169.84,transfer,1.0,83.5563,0.0,83.6975,83.6975,83.5563,-0.1226,56.9744,133.8423,4066
2016-08-16 08:00:00,195.54,transfer,1.0,90.6097,0.0,90.8432,90.8432,90.6097,-0.1227,57.3002,134.1665,4067
2016-08-16 09:00:00,193.01,transfer,1.0,95.5761,0.0,106.9066,106.9066,95.5761,-0.1224,57.5774,134.4403,4068
2016-08-16 10:00:00,195.12,transfer,1.0,98.5596,0.0,86.2236,86.2236,98.5596,-0.1223,57.7879,134.6473,4069
2016-08-16 11:00:00,202.53,transfer,1.0,100.2257,0.0,101.4173,101.4173,100.2257,-0.1221,58.0098,134.8668,4070
2016-08-16 12:00:00,197.76,transfer,1.0,101.116,0.0,110.8268,110.8268,101.116,-0.122,58.2449,135.1005,4071
2016-08-16 13:00:00,195.39,transfer,1.0,101.5201,0.0,96.7455,96.7455,101.5201,-0.1222,58.4037,135.2591,4072
2016-08-16 14:00:00,192.73,transfer,1.0,101.5797,0.0,117.9654,117.9654,101.5797,-0.1223,58.6056,135.4624,4073
2016-08-16 15:00:00,185.26,transfer,1.0,99.0579,0.0,81.4127,81.4127,99.0579,-0.1222,58.8145,135.6615,4074
2016-08-16 16:00:00,183.73,transfer,1.0,56.5233,0.0,54.7956,54.7956,56.5233,-0.1224,59.2889,135.8809,4075
2016-08-16 17:00:00,178.26,transfer,1.0,54.7362,0.0,41.6228,41.6228,54.7362,-0.1226,59.8213,136.161,4076
2016-08-16 18:00:00,102.06,transfer,1.0,53.981,0.0,62.2114,62.2114,53.981,-0.1228,60.0912,136.1964,4077
2016-08-16 19:00:00,92.09,transfer,1.0,52.7824,0.0,53.8512,53.8512,52.7824,-0.1227,60.2913,136.264,4078
2016-08-16 20:00:00,94.03,transfer,1.0,49.9944,0.0,48.4407,48.4407,49.9944,-0.1228,60.5422,136.3566,4079
2016-08-16 21:00:00,77.3,transfer,1.0,48.0716,0.0,36.8946,36.8946,48.0716,-0.1229,60.711,136.4154,4080
2016-08-16 22:00:00,77.06,transfer,1.0,74.6792,0.0,78.4642,78.4642,74.6792,-0.1229,60.6905,136.4639,4081
2016-08-16 23:00:00,76.21,transfer,1.0,69.0404,0.0,72.4391,72.4391,69.0404,-0.1227,60.6847,136.5135,4082
2016-08-17 00:00:00,74.51,transfer,1.0,64.8295,0.0,69.9979,69.9979,64.8295,-0.1223,60.6799,136.5503,4083
2016-08-17 01:00:00,72.75,transfer,1.0,62.4909,0.0,54.5936,54.5936,62.4909,-0.1218,60.6741,136.5773,4084
2016-08-17 02:00:00,72.7,transfer,1.0,61.3977,0.0,61.5531,61.5531,61.3977,-0.1218,60.7392,136.6692,4085
2016-08-17 03:00:00,72.9,transfer,1.0,61.2794,0.0,64.3872,64.3872,61.2794,-0.1218,60.784,136.7749,4086
2016-08-17 04:00:00,140.6,transfer,1.0,62.5513,0.0,52.042,52.042,62.5513,-0.1219,60.9589,136.9566,4087
2016-08-17 05:00:00,150.58,transfer,1.0,67.5852,0.0,70.4462,70.4462,67.5852,-0.1221,61.1116,137.1167,4088
2016-08-17 06:00:00,168.92,transfer,1.0,76.2359,0.0,77.6599,77.6599,76.2359,-0.1224,61.3203,137.3261,4089
2016-08-17 07:00:00,173.45,transfer,1.0,84.5933,0.0,77.0397,77.0397,84.5933,-0.1225,61.4394,137.4346,4090
2016-08-17 08:00:00,209.51,transfer,1.0,91.4917,0.0,97.736,97.736,91.4917,-0.1226,61.6698,137.6486,4091
2016-08-17 09:00:00,205.6,transfer,1.0,96.1878,0.0,91.0466,91.0466,96.1878,-0.1222,61.8337,137.7945,4092
2016-08-17 10:00:00,203.22,transfer,1.0,98.9898,0.0,89.4575,89.4575,98.9898,-0.122,61.9207,137.8652,4093
2016-08-17 11:00:00,195.32,transfer,1.0,100.5594,0.0,104.2088,104.2088,100.5594,-0.1218,61.9645,137.8945,4094
2016-08-17 12:00:00,198.56,transfer,1.0,101.4618,0.0,84.6786,84.6786,101.4618,-0.1217,62.0319,137.949,4095
2016-08-17 13:00:00,187.01,transfer,1.0,101.8585,0.0,112.1464,112.1464,101.8585,-0.1217,62.0171,137.9224,4096
2016-08-17 14:00:00,195.68,transfer,1.0,101.3959,0.0,95.4324,95.4324,101.3959,-0.1218,62.0734,137.9642,4097
2016-08-17 15:00:00,188.83,transfer,1.0,61.8646,0.0,64.0825,64.0825,61.8646,-0.1219,62.3135,137.9557,4098
2016-08-17 16:00:00,175.81,transfer,1.0,55.6859,0.0,60.0764,60.0764,55.6859,-0.1221,62.5977,137.9574,4099
2016-08-17 17:00:00,160.11,transfer,1.0,55.0196,0.0,56.6964,56.6964,55.0196,-0.1222,62.7825,137.8601,4100
2016-08-17 18:00:00,108.06,transfer,1.0,54.4558,0.0,59.3875,59.3875,54.4558,-0.1221,63.0901,137.8891,4101
2016-08-17 19:00:00,95.1,transfer,1.0,53.0625,0.0,49.2995,49.2995,53.0625,-0.1223,63.3012,137.9052,4102
2016-08-17 20:00:00,90.36,transfer,1.0,50.28,0.0,52.7716,52.7716,50.28,-0.1225,63.5306,137.9013,4103
2016-08-17 21:00:00,72.47,transfer,1.0,50.1005,0.0,48.446,48.446,50.1005,-0.1226,63.6094,137.8966,4104
2016-08-17 22:00:00,71.47,transfer,1.0,74.4432,0.0,74.8587,74.8587,74.4432,-0.1227,63.6226,137.8811,4105
2016-08-17 23:00:00,68.81,transfer,1.0,71.3269,0.0,62.7506,62.7506,71.3269,-0.1225,63.6096,137.8661,4106
2016-08-18 00:00:00,69.43,transfer,1.0,66.1064,0.0,60.2476,60.2476,66.1064,-0.122,63.5835,137.86,4107
2016-08-18 01:00:00,70.5,transfer,1.0,63.0881,0.0,52.1994,52.1994,63.0881,-0.1215,63.5715,137.8632,4108
2016-08-18 02:00:00,70.21,transfer,1.0,61.7817,0.0,57.0631,57.0631,61.7817,-0.1214,63.5559,137.8563,4109
2016-08-18 03:00:00,69.15,transfer,1.0,61.9791,0.0,60.1635,60.1635,61.9791,-0.1217,63.5395,137.8456,4110
2016-08-18 04:00:00,124.94,transfer,1.0,63.4578,0.0,67.2122,67.2122,63.4578,-0.122,63.4999,137.8026,4111
2016-08-18 05:00:00,136.95,transfer,1.0,68.8308,0.0,54.6733,54.6733,68.8308,-0.1223,63.5024,137.7921,4112
2016-08-18 06:00:00,159.54,transfer,1.0,77.5169,0.0,89.3906,89.3906,77.5169,-0.1223,63.568,137.8322,4113
2016-08-18 07:00:00,178.38,transfer,1.0,85.964,0.0,101.1417,101.1417,85.964,-0.1223,63.6612,137.8966,4114
2016-08-18 08:00:00,186.95,transfer,1.0,92.7986,0.0,95.3949,95.3949,92.7986,-0.1221,63.5949,137.8063,4115
2016-08-18 09:00:00,195.06,transfer,1.0,97.4217,0.0,88.6133,88.6133,97.4217,-0.1217,63.5466,137.7408,4116
2016-08-18 10:00:00,199.01,transfer,1.0,99.9639,0.0,98.3502,98.3502,99.9639,-0.1212,63.504,137.6852,4117
2016-08-18 11:00:00,208.02,transfer,1.0,101.294,0.0,99.3704,99.3704,101.294,-0.121,63.5422,137.7129,4118
2016-08-18 12:00:00,202.76,transfer,1.0,101.9789,0.0,95.1625,95.1625,101.9789,-0.1209,63.4578,137.6193,4119
2016-08-18 13:00:00,198.56,transfer,1.0,102.3285,0.0,113.4469,113.4469,102.3285,-0.1209,63.3681,137.5211,4120
2016-08-18 14:00:00,191.14,transfer,1.0,102.3851,0.0,109.7679,109.7679,102.3851,-0.1209,63.2916,137.4361,4121
2016-08-18 15:00:00,179.57,transfer,1.0,100.9999,0.0,77.4319,77.4319,100.9999,-0.1209,63.2045,137.3327,4122
2016-08-18 16:00:00,165.16,transfer,1.0,56.9129,0.0,60.111,60.111,56.9129,-0.1208,63.3162,137.167,4123
2016-08-18 17:00:00,152.51,transfer,1.0,55.7472,0.0,61.6498,61.6498,55.7472,-0.1207,63.3562,136.9242,4124
2016-08-18 18:00:00,88.35,transfer,1.0,55.4515,0.0,49.9407,49.9407,55.4515,-0.1206,63.5194,136.8706,4125
2016-08-18 19:00:00,81.49,transfer,1.0,58.0066,0.0,55.073,55.073,58.0066,-0.121,63.5554,136.8529,4126
2016-08-18 20:00:00,75.63,transfer,1.0,85.8227,0.0,68.7026,68.7026,85.8227,-0.1216,63.5275,136.8018,4127
2016-08-18 21:00:00,71.46,transfer,1.0,81.0233,0.0,67.3929,67.3929,81.0233,-0.1219,63.4822,136.776,4128
2016-08-18 22:00:00,72.35,transfer,1.0,71.6867,0.0,74.7377,74.7377,71.6867,-0.122,63.4325,136.7626,4129
2016-08-18 23:00:00,70.12,transfer,1.0,65.9272,0.0,67.0863,67.0863,65.9272,-0.1218,63.4493,136.7412,4130
2016-08-19 00:00:00,69.29,transfer,1.0,62.8236,0.0,69.5484,69.5484,62.8236,-0.1216,63.4658,136.7165,4131
2016-08-19 01:00:00,70.08,transfer,1.0,60.9824,0.0,63.4747,63.4747,60.9824,-0.1215,63.4868,136.7043,4132
2016-08-19 02:00:00,68.12,transfer,1.0,60.166,0.0,71.6069,71.6069,60.166,-0.1218,63.4987,136.6822,4133
2016-08-19 03:00:00,67.15,transfer,1.0,60.3743,0.0,53.7376,53.7376,60.3743,-0.1221,63.5158,136.6631,4134
2016-08-19 04:00:00,121.13,transfer,1.0,61.3856,0.0,68.6467,68.6467,61.3856,-0.1224,63.4396,136.5464,4135
2016-08-19 05:00:00,126.38,transfer,1.0,65.8095,0.0,66.9085,66.9085,65.8095,-0.1225,63.348,136.4101,4136
2016-08-19 06:00:00,129.44,transfer,1.0,73.9244,0.0,67.0432,67.0432,73.9244,-0.1226,63.1317,136.1441,4137
2016-08-19 07:00:00,147.51,transfer,1.0,82.5813,0.0,94.1176,94.1176,82.5813,-0.1226,63.0155,135.9834,4138
2016-08-19 08:00:00,179.53,transfer,1.0,89.3552,0.0,102.5212,102.5212,89.3552,-0.1226,62.9608,135.8909,4139
2016-08-19 09:00:00,192.63,transfer,1.0,93.9631,0.0,93.6785,93.6785,93.9631,-0.1224,62.9152,135.8148,4140
2016-08-19 10:00:00,198.94,transfer,1.0,97.0414,0.0,102.2289,102.2289,97.0414,-0.1221,62.8763,135.7528,4141
2016-08-19 11:00:00,195.38,transfer,1.0,98.9929,0.0,102.4924,102.4924,98.9929,-0.1218,62.7929,135.6523,4142
2016-08-19 12:00:00,165.91,transfer,1.0,100.1263,0.0,107.2776,107.2776,100.1263,-0.1216,62.5022,135.3485,4143
2016-08-19 13:00:00,189.27,transfer,1.0,100.6477,0.0,93.2581,93.2581,100.6477,-0.1215,62.3775,135.2124,4144
2016-08-19 14:00:00,186.11,transfer,1.0,100.5088,0.0,97.0025,97.0025,100.5088,-0.1215,62.2132,135.0355,4145
2016-08-19 15:00:00,177.7,transfer,1.0,99.7103,0.0,88.5285,88.5285,99.7103,-0.1216,62.0823,134.888,4146
2016-08-19 16:00:00,163.36,transfer,1.0,62.8617,0.0,70.9587,70.9587,62.8617,-0.1213,62.0879,134.7015,4147
2016-08-19 17:00:00,158.02,transfer,1.0,56.4886,0.0,49.6618,49.6618,56.4886,-0.1209,61.9415,134.5118,4148
2016-08-19 18:00:00,93.37,transfer,1.0,60.847,0.0,63.1325,63.1325,60.847,-0.1206,61.9751,134.4415,4149
2016-08-19 19:00:00,76.18,transfer,1.0,88.333,0.0,90.4112,90.4112,88.333,-0.1207,61.9802,134.3723,4150
2016-08-19 20:00:00,73.7,transfer,1.0,84.2158,0.0,85.3202,85.3202,84.2158,-0.1212,62.0087,134.2745,4151
2016-08-19 21:00:00,76.7,transfer,1.0,73.813,0.0,65.4489,65.4489,73.813,-0.1215,61.9578,134.2714,4152
2016-08-19 22:00:00,79.1,transfer,1.0,66.2921,0.0,64.2309,64.2309,66.2921,-0.1218,62.0116,134.2897,4153
2016-08-19 23:00:00,76.11,transfer,1.0,62.4074,0.0,65.2107,65.2107,62.4074,-0.1219,62.0745,134.2932,4154
2016-08-20 00:00:00,73.7,transfer,1.0,60.4677,0.0,44.6094,44.6094,60.4677,-0.1221,62.1116,134.2874,4155
2016-08-20 01:00:00,73.72,transfer,1.0,58.4061,0.0,60.6592,60.6592,58.4061,-0.122,62.1407,134.2848,4156
2016-08-20 02:00:00,73.28,transfer,1.0,56.9717,0.0,60.9007,60.9007,56.9717,-0.1222,62.171,134.2893,4157
2016-08-20 03:00:00,73.88,transfer,1.0,56.1224,0.0,54.7279,54.7279,56.1224,-0.1226,62.1988,134.2946,4158
2016-08-20 04:00:00,129.62,transfer,1.0,55.9393,0.0,50.1116,50.1116,55.9393,-0.123,62.1252,134.2014,4159
2016-08-20 05:00:00,135.38,transfer,1.0,57.1193,0.0,53.8851,53.8851,57.1193,-0.1234,62.033,134.0917,4160
2016-08-20 06:00:00,123.96,transfer,1.0,60.7587,0.0,62.6707,62.6707,60.7587,-0.1235,61.8599,133.8996,4161
2016-08-20 07:00:00,126.67,transfer,1.0,65.6581,0.0,79.9346,79.9346,65.6581,-0.1234,61.7124,133.7312,4162
2016-08-20 08:00:00,135.83,transfer,1.0,70.1222,0.0,70.295,70.295,70.1222,-0.1233,61.5906,133.5814,4163
2016-08-20 09:00:00,142.88,transfer,1.0,73.3389,0.0,75.5689,75.5689,73.3389,-0.1232,61.599,133.5534,4164
2016-08-20 10:00:00,151.82,transfer,1.0,75.1777,0.0,64.9129,64.9129,75.1777,-0.1232,61.557,133.4665,4165
2016-08-20 11:00:00,153.97,transfer,1.0,76.5243,0.0,64.4149,64.4149,76.5243,-0.1232,61.5268,133.3902,4166
2016-08-20 12:00:00,148.86,transfer,1.0,77.3982,0.0,68.4846,68.4846,77.3982,-0.1231,61.5239,133.3409,4167
2016-08-20 13:00:00,144.27,transfer,1.0,77.6035,0.0,85.0099,85.0099,77.6035,-0.1231,61.4899,133.2619,4168
2016-08-20 14:00:00,144.7,transfer,1.0,76.8437,0.0,74.2429,74.2429,76.8437,-0.1231,61.3684,133.0993,4169
2016-08-20 15:00:00,145.76,transfer,1.0,71.4227,0.0,58.1017,58.1017,71.4227,-0.123,61.1714,132.8816,4170
2016-08-20 16:00:00,146.99,transfer,1.0,47.1991,0.0,56.313,56.313,47.1991,-0.1226,60.9439,132.6677,4171
2016-08-20 17:00:00,129.53,transfer,1.0,43.2284,0.0,50.3385,50.3385,43.2284,-0.1222,60.6847,132.41,4172
2016-08-20 18:00:00,82.15,transfer,1.0,43.8569,0.0,35.9784,35.9784,43.8569,-0.1218,60.5957,132.3306,4173
2016-08-20 19:00:00,67.39,transfer,1.0,47.1484,0.0,41.414,41.414,47.1484,-0.1215,60.4483,132.2181,4174
2016-08-20 20:00:00,76.12,transfer,1.0,50.2059,0.0,46.2477,46.2477,50.2059,-0.1216,60.2931,132.1316,4175
2016-08-20 21:00:00,72.92,transfer,1.0,51.3763,0.0,47.8369,47.8369,51.3763,-0.1217,60.1548,132.0836,4176
2016-08-20 22:00:00,74.85,transfer,1.0,51.5625,0.0,44.4502,44.4502,51.5625,-0.1217,60.0213,132.0481,4177
2016-08-20 23:00:00,75.93,transfer,1.0,51.9224,0.0,47.1341,47.1341,51.9224,-0.1217,59.9063,132.0325,4178
2016-08-21 00:00:00,75.28,transfer,1.0,51.881,0.0,54.8419,54.8419,51.881,-0.1218,59.7989,132.0093,4179
2016-08-21 01:00:00,73.6,transfer,1.0,51.1769,0.0,51.8495,51.8495,51.1769,-0.1219,59.7067,131.9907,4180
2016-08-21 02:00:00,71.33,transfer,1.0,51.2797,0.0,51.3933,51.3933,51.2797,-0.1223,59.6088,131.9579,4181
2016-08-21 03:00:00,72.46,transfer,1.0,52.2333,0.0,45.8204,45.8204,52.2333,-0.1226,59.5322,131.9291,4182
2016-08-21 04:00:00,135.97,transfer,1.0,53.4414,0.0,53.3911,53.3911,53.4414,-0.1227,59.4541,131.8751,4183
2016-08-21 05:00:00,139.76,transfer,1.0,55.4706,0.0,65.8958,65.8958,55.4706,-0.1231,59.3367,131.7538,4184
2016-08-21 06:00:00,128.65,transfer,1.0,60.0525,0.0,50.9477,50.9477,60.0525,-0.1234,59.1536,131.5659,4185
2016-08-21 07:00:00,128.98,transfer,1.0,65.6264,0.0,69.4559,69.4559,65.6264,-0.1233,59.0363,131.4446,4186
2016-08-21 08:00:00,126.79,transfer,1.0,70.4439,0.0,73.9767,73.9767,70.4439,-0.1232,58.8592,131.2584,4187
2016-08-21 09:00:00,130.92,transfer,1.0,73.4753,0.0,76.2118,76.2118,73.4753,-0.123,58.6987,131.0815,4188
2016-08-21 10:00:00,135.59,transfer,1.0,74.6525,0.0,80.1584,80.1584,74.6525,-0.1229,58.5916,130.9483,4189
2016-08-21 11:00:00,138.77,transfer,1.0,74.6749,0.0,62.9314,62.9314,74.6749,-0.1229,58.4678,130.788,4190
2016-08-21 12:00:00,143.36,transfer,1.0,74.2017,0.0,84.7802,84.7802,74.2017,-0.1229,58.3929,130.6732,4191
2016-08-21 13:00:00,141.55,transfer,1.0,73.7696,0.0,78.3425,78.3425,73.7696,-0.1229,58.3199,130.5652,4192
2016-08-21 14:00:00,148.4,transfer,1.0,73.1128,0.0,64.8259,64.8259,73.1128,-0.123,58.2672,130.4955,4193
2016-08-21 15:00:00,138.55,transfer,1.0,72.1413,0.0,74.8166,74.8166,72.1413,-0.1233,58.1312,130.3691,4194
2016-08-21 16:00:00,128.81,transfer,1.0,72.3376,0.0,76.4604,76.4604,72.3376,-0.1249,57.8964,130.1622,4195
2016-08-21 17:00:00,113.24,transfer,1.0,71.0312,0.0,70.0008,70.0008,71.0312,-0.1238,57.5279,129.8165,4196
2016-08-21 18:00:00,75.12,transfer,1.0,68.62,0.0,73.9933,73.9933,68.62,-0.1227,57.4572,129.7352,4197
2016-08-21 19:00:00,75.71,transfer,1.0,65.162,0.0,72.9223,72.9223,65.162,-0.1223,57.4434,129.6796,4198
2016-08-21 20:00:00,80.74,transfer,1.0,61.4047,0.0,65.4379,65.4379,61.4047,-0.1221,57.4309,129.6251,4199
2016-08-21 21:00:00,61.73,transfer,1.0,58.737,0.0,54.3716,54.3716,58.737,-0.1221,57.3778,129.5418,4200
2016-08-21 22:00:00,61.18,transfer,1.0,56.7597,0.0,45.546,45.546,56.7597,-0.1218,57.3212,129.4605,4201
2016-08-21 23:00:00,59.06,transfer,1.0,54.9056,0.0,50.069,50.069,54.9056,-0.1216,57.2624,129.3801,4202
2016-08-22 00:00:00,70.51,transfer,1.0,53.3104,0.0,44.8501,44.8501,53.3104,-0.1214,57.2701,129.3682,4203
2016-08-22 01:00:00,66.97,transfer,1.0,52.744,0.0,47.9475,47.9475,52.744,-0.121,57.2581,129.3362,4204
2016-08-22 02:00:00,66.5,transfer,1.0,53.2043,0.0,57.2462,57.2462,53.2043,-0.1213,57.2355,129.2957,4205
2016-08-22 03:00:00,65.43,transfer,1.0,54.4246,0.0,53.4552,53.4552,54.4246,-0.1217,57.2085,129.2539,4206
2016-08-22 04:00:00,107.12,transfer,1.0,56.5182,0.0,57.2895,57.2895,56.5182,-0.1218,57.0523,129.0862,4207
2016-08-22 05:00:00,102.89,transfer,1.0,60.8281,0.0,75.0293,75.0293,60.8281,-0.122,56.7948,128.8178,4208
2016-08-22 06:00:00,120.81,transfer,1.0,67.5732,0.0,69.6598,69.6598,67.5732,-0.1225,56.5845,128.5936,4209
2016-08-22 07:00:00,139.25,transfer,1.0,74.5881,0.0,72.1667,72.1667,74.5881,-0.1227,56.3732,128.3607,4210
2016-08-22 08:00:00,155.27,transfer,1.0,81.8494,0.0,86.2313,86.2313,81.8494,-0.1227,56.1426,128.1049,4211
2016-08-22 09:00:00,167.21,transfer,1.0,88.1774,0.0,88.7403,88.7403,88.1774,-0.1222,55.9263,127.8629,4212
2016-08-22 10:00:00,175.37,transfer,1.0,92.9796,0.0,91.2029,91.2029,92.9796,-0.1216,55.7969,127.7117,4213
2016-08-22 11:00:00,182.44,transfer,1.0,96.1355,0.0,107.2193,107.2193,96.1355,-0.1212,55.6874,127.5857,4214
2016-08-22 12:00:00,177.07,transfer,1.0,98.0242,0.0,100.0042,100.0042,98.0242,-0.1213,55.524,127.4117,4215
2016-08-22 13:00:00,181.89,transfer,1.0,99.0837,0.0,102.0452,102.0452,99.0837,-0.1216,55.3663,127.2491,4216
2016-08-22 14:00:00,170.54,transfer,1.0,99.458,0.0,104.8854,104.8854,99.458,-0.1216,55.0981,126.984,4217
2016-08-22 15:00:00,169.3,transfer,1.0,99.3507,0.0,102.8232,102.8232,99.3507,-0.1216,54.8567,126.7509,4218
2016-08-22 16:00:00,160.25,transfer,1.0,98.6212,0.0,103.3219,103.3219,98.6212,-0.1213,54.6026,126.4973,4219
2016-08-22 17:00:00,154.46,transfer,1.0,97.2131,0.0,104.6489,104.6489,97.2131,-0.121,54.381,126.264,4220
2016-08-22 18:00:00,82.45,transfer,1.0,94.7526,0.0,90.0764,90.0764,94.7526,-0.1207,54.4018,126.1086,4221
2016-08-22 19:00:00,75.76,transfer,1.0,89.6008,0.0,91.4219,91.4219,89.6008,-0.1203,54.43,126.0265,4222
2016-08-22 20:00:00,73.92,transfer,1.0,78.6167,0.0,82.7757,82.7757,78.6167,-0.1204,54.4158,125.946,4223
2016-08-22 21:00:00,61.63,transfer,1.0,68.1617,0.0,66.7327,66.7327,68.1617,-0.1208,54.3688,125.8811,4224
2016-08-22 22:00:00,62.35,transfer,1.0,61.7483,0.0,65.5181,65.5181,61.7483,-0.121,54.3181,125.8293,4225
2016-08-22 23:00:00,60.6,transfer,1.0,57.9581,0.0,57.3241,57.3241,57.9581,-0.121,54.3145,125.7821,4226
2016-08-23 00:00:00,72.22,transfer,1.0,55.6885,0.0,43.3364,43.3364,55.6885,-0.1211,54.3964,125.8051,4227
2016-08-23 01:00:00,69.68,transfer,1.0,54.417,0.0,48.2748,48.2748,54.417,-0.1209,54.4516,125.8117,4228
2016-08-23 02:00:00,68.39,transfer,1.0,54.1778,0.0,57.2734,57.2734,54.1778,-0.1212,54.4925,125.8107,4229
2016-08-23 03:00:00,66.32,transfer,1.0,54.7174,0.0,56.3238,56.3238,54.7174,-0.1219,54.5164,125.7955,4230
2016-08-23 04:00:00,106.37,transfer,1.0,56.263,0.0,61.3008,61.3008,56.263,-0.1223,54.4023,125.6436,4231
2016-08-23 05:00:00,109.88,transfer,1.0,60.7458,0.0,56.7735,56.7735,60.7458,-0.1225,54.2308,125.4339,4232
2016-08-23 06:00:00,119.7,transfer,1.0,68.6633,0.0,69.8443,69.8443,68.6633,-0.1226,54.0239,125.1868,4233
2016-08-23 07:00:00,138.73,transfer,1.0,77.833,0.0,70.6249,70.6249,77.833,-0.1227,53.8728,125.0017,4234
2016-08-23 08:00:00,165.06,transfer,1.0,86.3953,0.0,84.3409,84.3409,86.3953,-0.1228,53.7164,124.8202,4235
2016-08-23 09:00:00,167.61,transfer,1.0,93.0668,0.0,86.4035,86.4035,93.0668,-0.1225,53.5802,124.669,4236
2016-08-23 10:00:00,169.78,transfer,1.0,97.3523,0.0,99.2928,99.2928,97.3523,-0.1221,53.4365,124.5182,4237
2016-08-23 11:00:00,183.05,transfer,1.0,99.763,0.0,103.5978,103.5978,99.763,-0.1218,53.3233,124.4022,4238
2016-08-23 12:00:00,176.47,transfer,1.0,100.9784,0.0,90.5805,90.5805,100.9784,-0.1216,53.1974,124.2755,4239
2016-08-23 13:00:00,169.24,transfer,1.0,101.49,0.0,99.567,99.567,101.49,-0.1218,53.0419,124.1199,4240
2016-08-23 14:00:00,178.2,transfer,1.0,101.4582,0.0,92.6643,92.6643,101.4582,-0.1219,52.9562,124.0334,4241
2016-08-23 15:00:00,173.95,transfer,1.0,99.3718,0.0,95.8293,95.8293,99.3718,-0.1221,52.887,123.966,4242
2016-08-23 16:00:00,143.44,transfer,1.0,92.8698,0.0,113.0302,113.0302,92.8698,-0.122,52.4308,123.7262,4243
2016-08-23 17:00:00,145.63,transfer,1.0,96.8131,0.0,111.9704,111.9704,96.8131,-0.1219,51.9861,123.532,4244
2016-08-23 18:00:00,74.0,transfer,1.0,97.0587,0.0,95.7092,95.7092,97.0587,-0.1218,51.8372,123.365,4245
2016-08-23 19:00:00,70.83,transfer,1.0,92.0916,0.0,110.5,110.5,92.0916,-0.1218,51.7298,123.2384,4246
2016-08-23 20:00:00,62.87,transfer,1.0,80.1509,0.0,73.2252,73.2252,80.1509,-0.1219,51.5705,123.0529,4247
2016-08-23 21:00:00,57.37,transfer,1.0,68.738,0.0,56.8172,56.8172,68.738,-0.1217,51.4642,122.9343,4248
2016-08-23 22:00:00,58.14,transfer,1.0,61.4621,0.0,66.9205,66.9205,61.4621,-0.1211,51.4698,122.8217,4249
2016-08-23 23:00:00,56.87,transfer,1.0,57.6735,0.0,54.3382,54.3382,57.6735,-0.1205,51.4319,122.7065,4250
2016-08-24 00:00:00,67.56,transfer,1.0,55.5675,0.0,51.286,51.286,55.5675,-0.1203,51.4457,122.6651,4251
2016-08-24 01:00:00,64.43,transfer,1.0,54.4509,0.0,59.1272,59.1272,54.4509,-0.1204,51.444,122.6156,4252
2016-08-24 02:00:00,64.09,transfer,1.0,54.3802,0.0,59.4851,59.4851,54.3802,-0.1211,51.4345,122.5644,4253
2016-08-24 03:00:00,66.2,transfer,1.0,55.0095,0.0,55.7727,55.7727,55.0095,-0.1218,51.432,122.5245,4254
2016-08-24 04:00:00,108.85,transfer,1.0,56.6531,0.0,55.0727,55.0727,56.6531,-0.1224,51.2781,122.3355,4255
2016-08-24 05:00:00,115.3,transfer,1.0,62.0434,0.0,69.9337,69.9337,62.0434,-0.1226,51.1011,122.1255,4256
2016-08-24 06:00:00,110.29,transfer,1.0,71.7199,0.0,67.4661,67.4661,71.7199,-0.1227,50.779,121.7765,4257
2016-08-24 07:00:00,123.28,transfer,1.0,82.3757,0.0,96.1494,96.1494,82.3757,-0.1227,50.4936,121.4779,4258
2016-08-24 08:00:00,145.81,transfer,1.0,90.6509,0.0,75.5213,75.5213,90.6509,-0.1227,50.1194,121.0987,4259
2016-08-24 09:00:00,167.32,transfer,1.0,96.0424,0.0,75.2755,75.2755,96.0424,-0.1223,49.8924,120.8709,4260
2016-08-24 10:00:00,181.06,transfer,1.0,99.0275,0.0,111.7846,111.7846,99.0275,-0.122,49.7603,120.739,4261
2016-08-24 11:00:00,173.0,transfer,1.0,100.7741,0.0,111.0396,111.0396,100.7741,-0.1219,49.6261,120.6061,4262
2016-08-24 12:00:00,170.2,transfer,1.0,101.8073,0.0,98.1237,98.1237,101.8073,-0.1218,49.4553,120.4373,4263
2016-08-24 13:00:00,176.06,transfer,1.0,102.2518,0.0,108.3249,108.3249,102.2518,-0.1217,49.3877,120.3721,4264
2016-08-24 14:00:00,178.95,transfer,1.0,102.2148,0.0,108.1968,108.1968,102.2148,-0.1219,49.2833,120.2725,4265
2016-08-24 15:00:00,182.62,transfer,1.0,101.8124,0.0,102.63,102.63,101.8124,-0.1219,49.0085,120.2356,4266
2016-08-24 16:00:00,164.04,transfer,1.0,101.2466,0.0,94.5091,94.5091,101.2466,-0.1219,48.6673,120.1655,4267
2016-08-24 17:00:00,144.61,transfer,1.0,100.5446,0.0,103.0314,103.0314,100.5446,-0.1218,48.304,120.0732,4268
2016-08-24 18:00:00,94.41,transfer,1.0,99.0575,0.0,114.7095,114.7095,99.0575,-0.1218,48.0126,119.992,4269
2016-08-24 19:00:00,70.16,transfer,1.0,94.4971,0.0,99.7263,99.7263,94.4971,-0.1214,47.9073,119.8435,4270
2016-08-24 20:00:00,75.53,transfer,1.0,84.4858,0.0,76.3275,76.3275,84.4858,-0.1212,47.722,119.7552,4271
2016-08-24 21:00:00,59.07,transfer,1.0,72.0838,0.0,67.5634,67.5634,72.0838,-0.1207,47.6663,119.6755,4272
2016-08-24 22:00:00,59.75,transfer,1.0,64.0467,0.0,69.1546,69.1546,64.0467,-0.1202,47.6742,119.6057,4273
2016-08-24 23:00:00,58.35,transfer,1.0,59.459,0.0,62.9792,62.9792,59.459,-0.1197,47.6658,119.5434,4274
2016-08-25 00:00:00,69.33,transfer,1.0,56.9883,0.0,57.3533,57.3533,56.9883,-0.1194,47.7195,119.5428,4275
2016-08-25 01:00:00,69.84,transfer,1.0,55.6755,0.0,53.2333,53.2333,55.6755,-0.1198,47.7597,119.5389,4276
2016-08-25 02:00:00,69.05,transfer,1.0,55.5668,0.0,66.1282,66.1282,55.5668,-0.1209,47.7898,119.532,4277
2016-08-25 03:00:00,67.97,transfer,1.0,56.5411,0.0,53.1191,53.1191,56.5411,-0.1217,47.8151,119.5249,4278
2016-08-25 04:00:00,112.95,transfer,1.0,58.6522,0.0,56.2724,56.2724,58.6522,-0.1224,47.7724,119.4536,4279
2016-08-25 05:00:00,117.59,transfer,1.0,64.3924,0.0,75.873,75.873,64.3924,-0.1229,47.6835,119.3383,4280
2016-08-25 06:00:00,124.04,transfer,1.0,74.2561,0.0,71.6908,71.6908,74.2561,-0.1233,47.4916,119.127,4281
2016-08-25 07:00:00,142.58,transfer,1.0,84.753,0.0,86.8062,86.8062,84.753,-0.1234,47.2858,118.9139,4282
2016-08-25 08:00:00,172.88,transfer,1.0,92.9675,0.0,103.2623,103.2623,92.9675,-0.1232,47.201,118.8302,4283
2016-08-25 09:00:00,178.07,transfer,1.0,98.1568,0.0,100.2514,100.2514,98.1568,-0.1225,47.0955,118.7291,4284
2016-08-25 10:00:00,185.32,transfer,1.0,100.9946,0.0,101.8274,101.8274,100.9946,-0.1219,47.0079,118.6476,4285
2016-08-25 11:00:00,187.53,transfer,1.0,102.4485,0.0,115.0661,115.0661,102.4485,-0.1214,46.879,118.5256,4286
2016-08-25 12:00:00,191.13,transfer,1.0,103.1776,0.0,105.6,105.6,103.1776,-0.1212,46.8027,118.4564,4287
2016-08-25 13:00:00,189.06,transfer,1.0,103.5026,0.0,101.5537,101.5537,103.5026,-0.1212,46.7391,118.3999,4288
2016-08-25 14:00:00,195.85,transfer,1.0,103.5778,0.0,111.4559,111.4559,103.5778,-0.1212,46.7601,118.4279,4289
2016-08-25 15:00:00,188.88,transfer,1.0,103.4456,0.0,103.1799,103.1799,103.4456,-0.1213,46.8009,118.4833,4290
2016-08-25 16:00:00,175.46,transfer,1.0,103.1656,0.0,108.2718,108.2718,103.1656,-0.1212,46.5869,118.5446,4291
2016-08-25 17:00:00,171.87,transfer,1.0,102.7006,0.0,82.6165,82.6165,102.7006,-0.121,46.4227,118.6599,4292
2016-08-25 18:00:00,100.04,transfer,1.0,101.8659,0.0,109.1435,109.1435,101.8659,-0.121,46.2377,118.7295,4293
2016-08-25 19:00:00,86.13,transfer,1.0,99.6008,0.0,97.0711,97.0711,99.6008,-0.1212,46.1781,118.7571,4294
2016-08-25 20:00:00,88.02,transfer,1.0,93.0419,0.0,100.9848,100.9848,93.0419,-0.1216,46.1473,118.8308,4295
2016-08-25 21:00:00,73.45,transfer,1.0,82.2592,0.0,85.085,85.085,82.2592,-0.1219,46.1429,118.8427,4296
2016-08-25 22:00:00,66.95,transfer,1.0,72.6628,0.0,63.0721,63.0721,72.6628,-0.1222,46.1729,118.8105,4297
2016-08-25 23:00:00,65.02,transfer,1.0,66.4462,0.0,66.0284,66.0284,66.4462,-0.1223,46.1564,118.7802,4298
2016-08-26 00:00:00,83.12,transfer,1.0,63.0831,0.0,59.5531,59.5531,63.0831,-0.1222,46.2372,118.8625,4299
2016-08-26 01:00:00,80.68,transfer,1.0,61.1887,0.0,59.3648,59.3648,61.1887,-0.1223,46.2991,118.9256,4300
2016-08-26 02:00:00,81.25,transfer,1.0,61.1723,0.0,65.3686,65.3686,61.1723,-0.1229,46.3713,119.0038,4301
2016-08-26 03:00:00,79.1,transfer,1.0,62.1605,0.0,60.5021,60.5021,62.1605,-0.1235,46.4318,119.0749,4302
2016-08-26 04:00:00,150.44,transfer,1.0,64.1332,0.0,69.4025,69.4025,64.1332,-0.1242,46.5899,119.2494,4303
2016-08-26 05:00:00,139.67,transfer,1.0,69.7312,0.0,76.469,76.469,69.7312,-0.1243,46.6456,119.3285,4304
2016-08-26 06:00:00,156.79,transfer,1.0,79.3971,0.0,89.309,89.309,79.3971,-0.1243,46.7759,119.4913,4305
2016-08-26 07:00:00,160.1,transfer,1.0,88.0556,0.0,85.9259,85.9259,88.0556,-0.124,46.8182,119.5662,4306
2016-08-26 08:00:00,184.23,transfer,1.0,94.6182,0.0,102.0183,102.0183,94.6182,-0.1238,46.8149,119.5942,4307
2016-08-26 09:00:00,193.63,transfer,1.0,98.6265,0.0,97.8169,97.8169,98.6265,-0.1231,46.7931,119.6002,4308
2016-08-26 10:00:00,194.12,transfer,1.0,100.7794,0.0,100.9949,100.9949,100.7794,-0.1226,46.7421,119.5715,4309
2016-08-26 11:00:00,197.22,transfer,1.0,101.8915,0.0,98.2003,98.2003,101.8915,-0.1222,46.7358,119.5825,4310
2016-08-26 12:00:00,198.51,transfer,1.0,102.4605,0.0,109.4579,109.4579,102.4605,-0.1219,46.916,119.7765,4311
2016-08-26 13:00:00,204.77,transfer,1.0,102.6831,0.0,98.9652,98.9652,102.6831,-0.1219,46.9961,119.8688,4312
2016-08-26 14:00:00,204.49,transfer,1.0,102.7517,0.0,111.5306,111.5306,102.7517,-0.1218,47.0922,119.9782,4313
2016-08-26 15:00:00,199.06,transfer,1.0,102.6685,0.0,85.8451,85.8451,102.6685,-0.1217,47.2017,120.1053,4314
2016-08-26 16:00:00,181.53,transfer,1.0,102.2519,0.0,97.7077,97.7077,102.2519,-0.1215,47.0754,120.2135,4315
2016-08-26 17:00:00,186.44,transfer,1.0,101.4434,0.0,108.1417,108.1417,101.4434,-0.1213,46.977,120.3826,4316
2016-08-26 18:00:00,97.04,transfer,1.0,101.2556,0.0,95.3306,95.3306,101.2556,-0.1209,46.8085,120.4045,4317
2016-08-26 19:00:00,88.05,transfer,1.0,99.6849,0.0,121.1551,121.1551,99.6849,-0.1211,46.8054,120.4751,4318
2016-08-26 20:00:00,89.63,transfer,1.0,94.5124,0.0,106.1292,106.1292,94.5124,-0.1216,46.7719,120.57,4319
2016-08-26 21:00:00,71.83,transfer,1.0,85.4997,0.0,82.1933,82.1933,85.4997,-0.1222,46.836,120.541,4320
2016-08-26 22:00:00,67.39,transfer,1.0,76.253,0.0,77.2498,77.2498,76.253,-0.1226,46.8126,120.4713,4321
2016-08-26 23:00:00,65.05,transfer,1.0,69.1264,0.0,75.4524,75.4524,69.1264,-0.1229,46.7553,120.4055,4322
2016-08-27 00:00:00,80.68,transfer,1.0,64.6604,0.0,62.4503,62.4503,64.6604,-0.1231,46.7718,120.447,4323
2016-08-27 01:00:00,80.48,transfer,1.0,61.15,0.0,63.2025,63.2025,61.15,-0.123,46.7958,120.4873,4324
2016-08-27 02:00:00,75.4,transfer,1.0,59.5862,0.0,55.5651,55.5651,59.5862,-0.1232,46.7928,120.4999,4325
2016-08-27 03:00:00,75.77,transfer,1.0,59.0365,0.0,56.1203,56.1203,59.0365,-0.1235,46.7867,120.5111,4326
2016-08-27 04:00:00,140.68,transfer,1.0,58.8915,0.0,57.8165,57.8165,58.8915,-0.1237,46.835,120.577,4327
2016-08-27 05:00:00,145.62,transfer,1.0,60.3472,0.0,46.7937,46.7937,60.3472,-0.1238,46.8767,120.6379,4328
2016-08-27 06:00:00,127.49,transfer,1.0,64.9717,0.0,63.5097,63.5097,64.9717,-0.1234,46.8726,120.6589,4329
2016-08-27 07:00:00,136.75,transfer,1.0,70.8606,0.0,78.3599,78.3599,70.8606,-0.1231,46.9017,120.7189,4330
2016-08-27 08:00:00,136.49,transfer,1.0,76.0372,0.0,71.4048,71.4048,76.0372,-0.1229,46.8704,120.7229,4331
2016-08-27 09:00:00,140.18,transfer,1.0,79.9702,0.0,90.1735,90.1735,79.9702,-0.1228,46.8149,120.7068,4332
2016-08-27 10:00:00,141.68,transfer,1.0,81.911,0.0,90.1814,90.1814,81.911,-0.1227,46.7144,120.6464,4333
2016-08-27 11:00:00,145.38,transfer,1.0,82.682,0.0,88.1816,88.1816,82.682,-0.1226,46.6266,120.5953,4334
2016-08-27 12:00:00,150.39,transfer,1.0,82.5167,0.0,93.9813,93.9813,82.5167,-0.1226,46.6053,120.6044,4335
2016-08-27 13:00:00,144.9,transfer,1.0,81.4829,0.0,81.6242,81.6242,81.4829,-0.1228,46.5859,120.6082,4336
2016-08-27 14:00:00,149.88,transfer,1.0,79.846,0.0,94.8196,94.8196,79.846,-0.1229,46.5989,120.639,4337
2016-08-27 15:00:00,151.53,transfer,1.0,77.1354,0.0,69.4925,69.4925,77.1354,-0.1231,46.5992,120.6733,4338
2016-08-27 16:00:00,131.33,transfer,1.0,70.2348,0.0,72.35,72.35,70.2348,-0.1229,46.3689,120.5801,4339
2016-08-27 17:00:00,135.66,transfer,1.0,47.786,0.0,50.1851,50.1851,47.786,-0.1227,46.3783,120.6166,4340
2016-08-27 18:00:00,79.43,transfer,1.0,46.5494,0.0,41.9115,41.9115,46.5494,-0.1224,46.346,120.6004,4341
2016-08-27 19:00:00,65.0,transfer,1.0,53.2737,0.0,54.5496,54.5496,53.2737,-0.1224,46.2954,120.5862,4342
2016-08-27 20:00:00,79.85,transfer,1.0,57.9968,0.0,55.8416,55.8416,57.9968,-0.1226,46.2712,120.6084,4343
2016-08-27 21:00:00,60.16,transfer,1.0,56.4884,0.0,60.4258,60.4258,56.4884,-0.1227,46.1648,120.5325,4344
2016-08-27 22:00:00,59.6,transfer,1.0,54.985,0.0,56.5892,56.5892,54.985,-0.1227,46.0537,120.4417,4345
2016-08-27 23:00:00,58.96,transfer,1.0,53.3978,0.0,52.8537,52.8537,53.3978,-0.1228,45.9439,120.3407,4346
2016-08-28 00:00:00,74.44,transfer,1.0,51.9809,0.0,45.3634,45.3634,51.9809,-0.1229,45.9383,120.3357,4347
2016-08-28 01:00:00,70.3,transfer,1.0,50.9649,0.0,55.8491,55.8491,50.9649,-0.1229,45.9199,120.3161,4348
2016-08-28 02:00:00,68.02,transfer,1.0,50.6811,0.0,48.0678,48.0678,50.6811,-0.1233,45.9038,120.2964,4349
2016-08-28 03:00:00,62.67,transfer,1.0,50.8646,0.0,59.5828,59.5828,50.8646,-0.1238,45.8536,120.2381,4350
2016-08-28 04:00:00,120.58,transfer,1.0,51.3382,0.0,49.2925,49.2925,51.3382,-0.1241,45.7745,120.1465,4351
2016-08-28 05:00:00,131.18,transfer,1.0,52.2413,0.0,46.2495,46.2495,52.2413,-0.1242,45.7427,120.0954,4352
2016-08-28 06:00:00,125.28,transfer,1.0,55.1503,0.0,57.9718,57.9718,55.1503,-0.124,45.7518,120.0754,4353
2016-08-28 07:00:00,116.62,transfer,1.0,59.2096,0.0,61.6492,61.6492,59.2096,-0.1237,45.7164,120.0018,4354
2016-08-28 08:00:00,124.22,transfer,1.0,63.318,0.0,67.7899,67.7899,63.318,-0.1236,45.7435,119.9865,4355
2016-08-28 09:00:00,122.29,transfer,1.0,65.5917,0.0,63.7518,63.7518,65.5917,-0.1232,45.7391,119.9351,4356
2016-08-28 10:00:00,129.1,transfer,1.0,66.5978,0.0,56.907,56.907,66.5978,-0.123,45.7484,119.8965,4357
2016-08-28 11:00:00,138.86,transfer,1.0,66.5375,0.0,70.9156,70.9156,66.5375,-0.1229,45.7974,119.897,4358
2016-08-28 12:00:00,125.7,transfer,1.0,66.1699,0.0,64.6063,64.6063,66.1699,-0.1229,45.7401,119.7919,4359
2016-08-28 13:00:00,134.51,transfer,1.0,66.0295,0.0,72.9474,72.9474,66.0295,-0.1229,45.7442,119.75,4360
2016-08-28 14:00:00,126.06,transfer,1.0,65.1016,0.0,71.7923,71.7923,65.1016,-0.1229,45.659,119.617,4361
2016-08-28 15:00:00,132.64,transfer,1.0,63.9234,0.0,69.0485,69.0485,63.9234,-0.1228,45.6727,119.5819,4362
2016-08-28 16:00:00,129.76,transfer,1.0,62.4757,0.0,65.9981,65.9981,62.4757,-0.1225,45.7371,119.5875,4363
2016-08-28 17:00:00,128.96,transfer,1.0,61.2706,0.0,64.9478,64.9478,61.2706,-0.1223,45.8887,119.6811,4364
2016-08-28 18:00:00,69.77,transfer,1.0,60.0507,0.0,68.1364,68.1364,60.0507,-0.122,45.9079,119.6492,4365
2016-08-28 19:00:00,69.97,transfer,1.0,58.9039,0.0,61.1331,61.1331,58.9039,-0.1217,45.911,119.6151,4366
2016-08-28 20:00:00,66.36,transfer,1.0,56.2638,0.0,56.488,56.488,56.2638,-0.1218,45.856,119.5295,4367
2016-08-28 21:00:00,58.46,transfer,1.0,53.7421,0.0,55.0069,55.0069,53.7421,-0.1218,45.8662,119.51,4368
2016-08-28 22:00:00,58.07,transfer,1.0,51.9444,0.0,49.4259,49.4259,51.9444,-0.1218,45.8764,119.4915,4369
2016-08-28 23:00:00,57.0,transfer,1.0,50.5172,0.0,48.6064,48.6064,50.5172,-0.1218,45.8903,119.4792,4370
2016-08-29 00:00:00,61.41,transfer,1.0,49.4311,0.0,47.6691,47.6691,49.4311,-0.1218,45.8592,119.4251,4371
2016-08-29 01:00:00,61.26,transfer,1.0,49.241,0.0,52.8141,52.8141,49.241,-0.1219,45.846,119.3911,4372
2016-08-29 02:00:00,61.03,transfer,1.0,49.9539,0.0,47.3297,47.3297,49.9539,-0.1217,45.8328,119.3585,4373
2016-08-29 03:00:00,60.46,transfer,1.0,51.3696,0.0,43.5316,43.5316,51.3696,-0.1211,45.8214,119.3289,4374
2016-08-29 04:00:00,112.07,transfer,1.0,53.6219,0.0,56.6376,56.6376,53.6219,-0.1205,45.8681,119.3584,4375
2016-08-29 05:00:00,126.4,transfer,1.0,57.8103,0.0,51.9727,51.9727,57.8103,-0.1207,46.026,119.4983,4376
2016-08-29 06:00:00,137.51,transfer,1.0,65.3033,0.0,73.3352,73.3352,65.3033,-0.1212,46.139,119.5977,4377
2016-08-29 07:00:00,151.28,transfer,1.0,74.6049,0.0,80.5906,80.5906,74.6049,-0.1215,46.2105,119.6693,4378
2016-08-29 08:00:00,180.66,transfer,1.0,84.0146,0.0,80.1158,80.1158,84.0146,-0.1218,46.3487,119.8204,4379
2016-08-29 09:00:00,188.99,transfer,1.0,92.0071,0.0,85.1229,85.1229,92.0071,-0.1217,46.4556,119.9501,4380
2016-08-29 10:00:00,204.2,transfer,1.0,97.325,0.0,79.7921,79.7921,97.325,-0.1217,46.6013,120.1217,4381
2016-08-29 11:00:00,196.31,transfer,1.0,100.3328,0.0,115.0606,115.0606,100.3328,-0.1218,46.6589,120.2042,4382
2016-08-29 12:00:00,197.23,transfer,1.0,101.8872,0.0,105.4164,105.4164,101.8872,-0.1218,46.7559,120.3242,4383
2016-08-29 13:00:00,192.94,transfer,1.0,102.4875,0.0,91.5106,91.5106,102.4875,-0.1219,46.8014,120.39,4384
2016-08-29 14:00:00,193.83,transfer,1.0,102.6204,0.0,109.7754,109.7754,102.6204,-0.122,46.9212,120.5287,4385
2016-08-29 15:00:00,184.51,transfer,1.0,102.3801,0.0,93.4913,93.4913,102.3801,-0.122,46.9937,120.6192,4386
2016-08-29 16:00:00,179.82,transfer,1.0,101.8638,0.0,105.42,105.42,101.8638,-0.1219,47.0909,120.7357,4387
2016-08-29 17:00:00,173.71,transfer,1.0,100.998,0.0,92.5701,92.5701,100.998,-0.1219,47.1829,120.8503,4388
2016-08-29 18:00:00,100.36,transfer,1.0,99.7464,0.0,109.3361,109.3361,99.7464,-0.1219,47.1134,120.9569,4389
2016-08-29 19:00:00,91.85,transfer,1.0,96.6834,0.0,82.4026,82.4026,96.6834,-0.1222,47.0597,121.0527,4390
2016-08-29 20:00:00,94.84,transfer,1.0,89.2719,0.0,99.4331,99.4331,89.2719,-0.1227,47.0649,121.1772,4391
2016-08-29 21:00:00,68.15,transfer,1.0,79.1068,0.0,78.0336,78.0336,79.1068,-0.1229,47.0913,121.216,4392
2016-08-29 22:00:00,66.84,transfer,1.0,70.7421,0.0,74.0532,74.0532,70.7421,-0.1232,47.1109,121.2428,4393
2016-08-29 23:00:00,66.33,transfer,1.0,64.3817,0.0,63.4216,63.4216,64.3817,-0.1234,47.1068,121.2769,4394
2016-08-30 00:00:00,65.62,transfer,1.0,60.4926,0.0,72.3646,72.3646,60.4926,-0.1234,47.0389,121.2376,4395
2016-08-30 01:00:00,65.78,transfer,1.0,58.4308,0.0,63.4451,63.4451,58.4308,-0.1231,46.9918,121.2144,4396
2016-08-30 02:00:00,69.25,transfer,1.0,57.3884,0.0,69.7557,69.7557,57.3884,-0.1225,46.9778,121.2195,4397
2016-08-30 03:00:00,68.55,transfer,1.0,57.4466,0.0,46.5657,46.5657,57.4466,-0.1218,46.9748,121.2328,4398
2016-08-30 04:00:00,120.3,transfer,1.0,59.1883,0.0,60.5463,60.5463,59.1883,-0.1213,47.0403,121.3157,4399
2016-08-30 05:00:00,131.85,transfer,1.0,64.9143,0.0,56.9144,56.9144,64.9143,-0.1216,47.1463,121.4465,4400
2016-08-30 06:00:00,141.95,transfer,1.0,74.8643,0.0,84.795,84.795,74.8643,-0.1219,47.2418,121.5789,4401
2016-08-30 07:00:00,155.54,transfer,1.0,84.9943,0.0,80.115,80.115,84.9943,-0.1223,47.2993,121.679,4402
2016-08-30 08:00:00,171.73,transfer,1.0,92.8995,0.0,86.6592,86.6592,92.8995,-0.1224,47.3003,121.7187,4403
2016-08-30 09:00:00,180.79,transfer,1.0,97.9515,0.0,90.1987,90.1987,97.9515,-0.1222,47.3496,121.7971,4404
2016-08-30 10:00:00,181.86,transfer,1.0,100.5753,0.0,90.1509,90.1509,100.5753,-0.1221,47.4024,121.8691,4405
2016-08-30 11:00:00,184.84,transfer,1.0,101.8727,0.0,89.9862,89.9862,101.8727,-0.1219,47.4005,121.8797,4406
2016-08-30 12:00:00,184.42,transfer,1.0,102.4966,0.0,111.0261,111.0261,102.4966,-0.122,47.4387,121.927,4407
2016-08-30 13:00:00,177.58,transfer,1.0,102.7224,0.0,107.5252,107.5252,102.7224,-0.1221,47.481,121.9767,4408
2016-08-30 14:00:00,182.55,transfer,1.0,102.45,0.0,101.5236,101.5236,102.45,-0.1224,47.501,122.0026,4409
2016-08-30 15:00:00,173.38,transfer,1.0,69.4432,0.0,66.3061,66.3061,69.4432,-0.1226,47.6758,121.9992,4410
2016-08-30 16:00:00,166.48,transfer,1.0,57.4846,0.0,59.1564,59.1564,57.4846,-0.1228,48.0236,122.1363,4411
2016-08-30 17:00:00,163.1,transfer,1.0,56.7551,0.0,66.7295,66.7295,56.7551,-0.1231,48.366,122.2403,4412
2016-08-30 18:00:00,105.19,transfer,1.0,59.1358,0.0,60.9584,60.9584,59.1358,-0.1232,48.5029,122.426,4413
2016-08-30 19:00:00,96.26,transfer,1.0,84.0364,0.0,95.6188,95.6188,84.0364,-0.1231,48.4491,122.5774,4414
2016-08-30 20:00:00,88.26,transfer,1.0,90.2658,0.0,104.234,104.234,90.2658,-0.1233,48.3581,122.7285,4415
2016-08-30 21:00:00,64.81,transfer,1.0,81.303,0.0,75.3058,75.3058,81.303,-0.1233,48.3886,122.7728,4416
2016-08-30 22:00:00,64.16,transfer,1.0,72.4136,0.0,82.731,82.731,72.4136,-0.1231,48.418,122.8086,4417
2016-08-30 23:00:00,62.83,transfer,1.0,65.6462,0.0,59.254,59.254,65.6462,-0.1228,48.43,122.8441,4418
2016-08-31 00:00:00,62.77,transfer,1.0,61.5926,0.0,48.3845,48.3845,61.5926,-0.1226,48.3656,122.8156,4419
2016-08-31 01:00:00,61.57,transfer,1.0,59.6149,0.0,51.566,51.566,59.6149,-0.1222,48.3178,122.7986,4420
2016-08-31 02:00:00,61.15,transfer,1.0,58.7732,0.0,55.2117,55.2117,58.7732,-0.1218,48.2742,122.7811,4421
2016-08-31 03:00:00,62.64,transfer,1.0,59.2052,0.0,65.4437,65.4437,59.2052,-0.1216,48.228,122.7599,4422
2016-08-31 04:00:00,111.3,transfer,1.0,60.8498,0.0,68.4691,68.4691,60.8498,-0.1215,48.2176,122.7745,4423
2016-08-31 05:00:00,118.99,transfer,1.0,66.261,0.0,66.3775,66.3775,66.261,-0.122,48.2145,122.7965,4424
2016-08-31 06:00:00,124.49,transfer,1.0,75.6651,0.0,90.2765,90.2765,75.6651,-0.1223,48.2755,122.881,4425
2016-08-31 07:00:00,145.33,transfer,1.0,84.9714,0.0,90.8583,90.8583,84.9714,-0.1225,48.3913,123.0122,4426
2016-08-31 08:00:00,170.05,transfer,1.0,92.0375,0.0,87.3499,87.3499,92.0375,-0.1228,48.5274,123.1565,4427
2016-08-31 09:00:00,180.1,transfer,1.0,96.8854,0.0,122.5546,122.5546,96.8854,-0.1227,48.5984,123.2326,4428
2016-08-31 10:00:00,186.89,transfer,1.0,99.7069,0.0,98.4873,98.4873,99.7069,-0.1228,48.6291,123.2673,4429
2016-08-31 11:00:00,185.04,transfer,1.0,101.3044,0.0,79.5241,79.5241,101.3044,-0.1227,48.6976,123.339,4430
2016-08-31 12:00:00,193.64,transfer,1.0,102.1575,0.0,99.6668,99.6668,102.1575,-0.1227,48.835,123.4785,4431
2016-08-31 13:00:00,182.11,transfer,1.0,102.5598,0.0,80.209,80.209,102.5598,-0.1227,48.8692,123.5145,4432
2016-08-31 14:00:00,197.29,transfer,1.0,102.6597,0.0,104.0188,104.0188,102.6597,-0.1229,48.9757,123.6237,4433
2016-08-31 15:00:00,185.64,transfer,1.0,102.0662,0.0,81.5837,81.5837,102.0662,-0.123,48.9922,123.6417,4434
2016-08-31 16:00:00,185.74,transfer,1.0,73.9433,0.0,68.7652,68.7652,73.9433,-0.1231,49.2839,123.7709,4435
2016-08-31 17:00:00,186.7,transfer,1.0,71.619,0.0,72.9368,72.9368,71.619,-0.1231,49.7066,124.0214,4436
2016-08-31 18:00:00,135.4,transfer,1.0,91.2716,0.0,66.606,66.606,91.2716,-0.1232,49.9416,124.2654,4437
2016-08-31 19:00:00,118.72,transfer,1.0,98.675,0.0,101.9829,101.9829,98.675,-0.1232,49.916,124.5545,4438
2016-08-31 20:00:00,115.9,transfer,1.0,94.872,0.0,91.5719,91.5719,94.872,-0.1236,49.9879,124.7948,4439
2016-08-31 21:00:00,98.8,transfer,1.0,88.783,0.0,104.7677,104.7677,88.783,-0.1237,49.9701,125.0313,4440
2016-08-31 22:00:00,94.58,transfer,1.0,81.018,0.0,77.4636,77.4636,81.018,-0.1236,50.0252,125.2386,4441
2016-08-31 23:00:00,88.47,transfer,1.0,74.112,0.0,84.429,84.429,74.112,-0.1232,50.1041,125.4179,4442
2016-09-01 00:00:00,86.62,transfer,1.0,69.3748,0.0,65.9527,65.9527,69.3748,-0.1227,50.1333,125.5209,4443
2016-09-01 01:00:00,84.86,transfer,1.0,66.438,0.0,66.4172,66.4172,66.438,-0.1223,50.1586,125.6103,4444
2016-09-01 02:00:00,83.97,transfer,1.0,65.0519,0.0,66.5042,66.5042,65.0519,-0.1218,50.191,125.6991,4445
2016-09-01 03:00:00,82.94,transfer,1.0,65.199,0.0,59.8179,59.8179,65.199,-0.1212,50.2285,125.7882,4446
2016-09-01 04:00:00,138.17,transfer,1.0,67.9276,0.0,67.0833,67.0833,67.9276,-0.1206,50.3234,125.9383,4447
2016-09-01 05:00:00,149.06,transfer,1.0,75.0109,0.0,72.5931,72.5931,75.0109,-0.1209,50.4476,126.1256,4448
2016-09-01 06:00:00,160.3,transfer,1.0,84.6876,0.0,84.8892,84.8892,84.6876,-0.1213,50.6013,126.3414,4449
2016-09-01 07:00:00,161.23,transfer,1.0,92.5621,0.0,82.6117,82.6117,92.5621,-0.1215,50.6658,126.4524,4450
2016-09-01 08:00:00,171.88,transfer,1.0,97.8359,0.0,101.641,101.641,97.8359,-0.1215,50.6309,126.4465,4451
2016-09-01 09:00:00,179.3,transfer,1.0,100.7754,0.0,79.4032,79.4032,100.7754,-0.121,50.6226,126.4538,4452
2016-09-01 10:00:00,182.04,transfer,1.0,102.2179,0.0,109.8112,109.8112,102.2179,-0.1209,50.5958,126.4343,4453
2016-09-01 11:00:00,184.66,transfer,1.0,102.9161,0.0,112.7122,112.7122,102.9161,-0.1209,50.576,126.4172,4454
2016-09-01 12:00:00,183.54,transfer,1.0,103.2593,0.0,118.5811,118.5811,103.2593,-0.1212,50.5303,126.372,4455
2016-09-01 13:00:00,169.18,transfer,1.0,103.4192,0.0,93.079,93.079,103.4192,-0.1215,50.4125,126.2537,4456
2016-09-01 14:00:00,176.49,transfer,1.0,103.4444,0.0,113.1273,113.1273,103.4444,-0.1218,50.298,126.1384,4457
2016-09-01 15:00:00,170.63,transfer,1.0,103.2956,0.0,113.2878,113.2878,103.2956,-0.1221,50.1903,126.0298,4458
2016-09-01 16:00:00,159.07,transfer,1.0,102.5326,0.0,109.1285,109.1285,102.5326,-0.1225,50.0965,125.9322,4459
2016-09-01 17:00:00,162.22,transfer,1.0,78.4817,0.0,77.4355,77.4355,78.4817,-0.1228,50.1832,125.8748,4460
2016-09-01 18:00:00,106.54,transfer,1.0,90.8812,0.0,87.9739,87.9739,90.8812,-0.123,50.2655,125.9135,4461
2016-09-01 19:00:00,77.29,transfer,1.0,99.8139,0.0,92.7077,92.7077,99.8139,-0.123,50.3194,125.8609,4462
2016-09-01 20:00:00,84.11,transfer,1.0,95.5535,0.0,91.8065,91.8065,95.5535,-0.123,50.3577,125.8376,4463
2016-09-01 21:00:00,65.64,transfer,1.0,86.8781,0.0,95.3577,95.3577,86.8781,-0.1229,50.4316,125.7912,4464
2016-09-01 22:00:00,66.09,transfer,1.0,76.6689,0.0,64.8107,64.8107,76.6689,-0.1226,50.4606,125.786,4465
2016-09-01 23:00:00,64.65,transfer,1.0,69.0185,0.0,75.3909,75.3909,69.0185,-0.1221,50.4781,125.7838,4466
2016-09-02 00:00:00,72.54,transfer,1.0,64.7646,0.0,59.0162,59.0162,64.7646,-0.1211,50.4051,125.7209,4467
2016-09-02 01:00:00,68.14,transfer,1.0,62.8297,0.0,68.6291,68.6291,62.8297,-0.1204,50.3207,125.6462,4468
2016-09-02 02:00:00,67.19,transfer,1.0,62.7328,0.0,65.8256,65.8256,62.7328,-0.1195,50.2277,125.5625,4469
2016-09-02 03:00:00,67.55,transfer,1.0,63.7365,0.0,63.6122,63.6122,63.7365,-0.1185,50.1496,125.4937,4470
2016-09-02 04:00:00,100.01,transfer,1.0,65.8149,0.0,76.548,76.548,65.8149,-0.1182,49.8394,125.1935,4471
2016-09-02 05:00:00,113.69,transfer,1.0,72.0183,0.0,62.2658,62.2658,72.0183,-0.1191,49.6712,125.0388,4472
2016-09-02 06:00:00,118.2,transfer,1.0,80.4765,0.0,80.0514,80.0514,80.4765,-0.1199,49.435,124.8091,4473
2016-09-02 07:00:00,125.0,transfer,1.0,88.9638,0.0,101.9022,101.9022,88.9638,-0.1203,49.2207,124.6001,4474
2016-09-02 08:00:00,148.16,transfer,1.0,94.9902,0.0,97.0726,97.0726,94.9902,-0.1207,49.0038,124.3854,4475
2016-09-02 09:00:00,156.71,transfer,1.0,98.4704,0.0,84.4916,84.4916,98.4704,-0.1204,48.785,124.1656,4476
2016-09-02 10:00:00,158.15,transfer,1.0,100.3341,0.0,92.4691,92.4691,100.3341,-0.1201,48.5735,123.9515,4477
2016-09-02 11:00:00,173.18,transfer,1.0,101.2386,0.0,115.9091,115.9091,101.2386,-0.1199,48.4343,123.8084,4478
2016-09-02 12:00:00,161.08,transfer,1.0,101.5763,0.0,102.7287,102.7287,101.5763,-0.1198,48.2168,123.5856,4479
2016-09-02 13:00:00,156.16,transfer,1.0,101.5431,0.0,96.5475,96.5475,101.5431,-0.12,47.9342,123.2963,4480
2016-09-02 14:00:00,163.13,transfer,1.0,101.1482,0.0,98.6336,98.6336,101.1482,-0.12,47.6975,123.0501,4481
2016-09-02 15:00:00,154.14,transfer,1.0,100.1679,0.0,102.635,102.635,100.1679,-0.12,47.445,122.7827,4482
2016-09-02 16:00:00,140.77,transfer,1.0,98.67,0.0,116.2288,116.2288,98.67,-0.1201,47.2237,122.54,4483
2016-09-02 17:00:00,132.47,transfer,1.0,96.0949,0.0,93.3137,93.3137,96.0949,-0.1201,46.9343,122.2188,4484
2016-09-02 18:00:00,88.67,transfer,1.0,91.9457,0.0,80.0429,80.0429,91.9457,-0.1201,46.9287,122.1689,4485
2016-09-02 19:00:00,89.26,transfer,1.0,84.4363,0.0,80.4165,80.4165,84.4363,-0.1196,46.8882,122.1761,4486
2016-09-02 20:00:00,79.94,transfer,1.0,74.4716,0.0,59.0465,59.0465,74.4716,-0.1193,46.8917,122.1184,4487
2016-09-02 21:00:00,68.52,transfer,1.0,67.7137,0.0,64.7635,64.7635,67.7137,-0.1194,46.8151,122.0987,4488
2016-09-02 22:00:00,65.23,transfer,1.0,63.5057,0.0,62.4638,62.4638,63.5057,-0.1196,46.7726,122.0859,4489
2016-09-02 23:00:00,63.47,transfer,1.0,60.8025,0.0,62.8338,62.8338,60.8025,-0.1193,46.7642,122.0764,4490
2016-09-03 00:00:00,65.89,transfer,1.0,59.1572,0.0,60.5985,60.5985,59.1572,-0.1186,46.709,121.9884,4491
2016-09-03 01:00:00,64.78,transfer,1.0,57.5466,0.0,52.056,52.056,57.5466,-0.1184,46.637,121.8949,4492
2016-09-03 02:00:00,63.99,transfer,1.0,56.6007,0.0,69.1839,69.1839,56.6007,-0.1186,46.5868,121.8269,4493
2016-09-03 03:00:00,63.75,transfer,1.0,56.3034,0.0,48.4228,48.4228,56.3034,-0.1187,46.5315,121.7554,4494
2016-09-03 04:00:00,95.77,transfer,1.0,56.6104,0.0,62.6829,62.6829,56.6104,-0.1186,46.2778,121.488,4495
2016-09-03 05:00:00,106.34,transfer,1.0,58.2308,0.0,63.3775,63.3775,58.2308,-0.1196,46.0566,121.2542,4496
2016-09-03 06:00:00,91.59,transfer,1.0,61.5899,0.0,61.1142,61.1142,61.5899,-0.1204,45.863,121.0405,4497
2016-09-03 07:00:00,84.91,transfer,1.0,65.7356,0.0,68.604,68.604,65.7356,-0.121,45.585,120.7319,4498
2016-09-03 08:00:00,89.48,transfer,1.0,68.941,0.0,66.7786,66.7786,68.941,-0.1214,45.3474,120.4521,4499
2016-09-03 09:00:00,87.45,transfer,1.0,69.741,0.0,77.2562,77.2562,69.741,-0.1214,45.0944,120.1382,4500
2016-09-03 10:00:00,101.36,transfer,1.0,69.1298,0.0,70.7952,70.7952,69.1298,-0.1214,44.9305,119.8982,4501
2016-09-03 11:00:00,89.48,transfer,1.0,67.8172,0.0,61.1808,61.1808,67.8172,-0.1215,44.6862,119.5654,4502
2016-09-03 12:00:00,94.6,transfer,1.0,66.8278,0.0,82.163,82.163,66.8278,-0.1217,44.4475,119.2333,4503
2016-09-03 13:00:00,91.96,transfer,1.0,65.2628,0.0,70.4012,70.4012,65.2628,-0.1216,44.2289,118.9182,4504
2016-09-03 14:00:00,95.73,transfer,1.0,63.7111,0.0,63.1505,63.1505,63.7111,-0.1216,44.0027,118.5959,4505
2016-09-03 15:00:00,98.67,transfer,1.0,61.875,0.0,57.6641,57.6641,61.875,-0.1216,43.7789,118.2812,4506
2016-09-03 16:00:00,98.63,transfer,1.0,60.2765,0.0,55.3269,55.3269,60.2765,-0.1215,43.6435,118.0866,4507
2016-09-03 17:00:00,96.51,transfer,1.0,58.9906,0.0,61.7699,61.7699,58.9906,-0.1211,43.3438,117.8535,4508
2016-09-03 18:00:00,70.88,transfer,1.0,57.8784,0.0,61.0742,61.0742,57.8784,-0.1205,43.2254,117.8026,4509
2016-09-03 19:00:00,74.21,transfer,1.0,57.1912,0.0,53.5152,53.5152,57.1912,-0.1192,43.2569,117.8574,4510
2016-09-03 20:00:00,70.98,transfer,1.0,56.3979,0.0,51.7736,51.7736,56.3979,-0.1179,43.2137,117.8046,4511
2016-09-03 21:00:00,64.77,transfer,1.0,55.7428,0.0,55.4099,55.4099,55.7428,-0.1168,43.2455,117.832,4512
2016-09-03 22:00:00,67.99,transfer,1.0,55.4231,0.0,53.5647,53.5647,55.4231,-0.1151,43.2929,117.8819,4513
2016-09-03 23:00:00,65.59,transfer,1.0,55.1802,0.0,53.9678,53.9678,55.1802,-0.113,43.3217,117.9213,4514
2016-09-04 00:00:00,67.19,transfer,1.0,55.3426,0.0,56.3444,56.3444,55.3426,-0.0949,43.2586,117.878,4515
2016-09-04 01:00:00,65.07,transfer,1.0,55.8544,0.0,67.6247,67.6247,55.8544,0.2787,43.1983,117.8445,4516
2016-09-04 02:00:00,63.37,transfer,1.0,56.7292,0.0,56.931,56.931,56.7292,1.6436,43.1346,117.8063,4517
2016-09-04 03:00:00,61.91,transfer,1.0,57.8047,0.0,58.798,58.798,57.8047,3.621,43.0888,117.7795,4518
2016-09-04 04:00:00,85.53,transfer,1.0,59.0135,0.0,46.0028,46.0028,59.0135,6.0973,42.8345,117.5338,4519
2016-09-04 05:00:00,97.17,transfer,1.0,60.8098,0.0,66.1624,66.1624,60.8098,7.448,42.581,117.2863,4520
2016-09-04 06:00:00,85.32,transfer,1.0,63.5327,0.0,68.2613,68.2613,63.5327,7.8597,42.2933,117.0009,4521
2016-09-04 07:00:00,80.56,transfer,1.0,66.7505,0.0,68.3556,68.3556,66.7505,7.6091,42.0338,116.7402,4522
2016-09-04 08:00:00,75.14,transfer,1.0,68.7733,0.0,66.603,66.603,68.7733,6.9895,41.7092,116.4058,4523
2016-09-04 09:00:00,86.21,transfer,1.0,68.575,0.0,63.6251,63.6251,68.575,6.0767,41.4766,116.1541,4524
2016-09-04 10:00:00,85.52,transfer,1.0,67.2293,0.0,65.2557,65.2557,67.2293,4.98,41.2135,115.8643,4525
2016-09-04 11:00:00,92.85,transfer,1.0,66.3259,0.0,49.7426,49.7426,66.3259,3.7335,40.9409,115.5675,4526
2016-09-04 12:00:00,88.84,transfer,1.0,65.5422,0.0,57.5659,57.5659,65.5422,2.5475,40.7252,115.3322,4527
2016-09-04 13:00:00,91.79,transfer,1.0,64.8655,0.0,78.1589,78.1589,64.8655,1.4317,40.4778,115.0686,4528
2016-09-04 14:00:00,93.84,transfer,1.0,64.0461,0.0,58.4026,58.4026,64.0461,0.568,40.2923,114.8727,4529
2016-09-04 15:00:00,99.52,transfer,1.0,62.9728,0.0,73.5366,73.5366,62.9728,0.1191,40.1008,114.6742,4530
2016-09-04 16:00:00,97.38,transfer,1.0,61.958,0.0,63.8572,63.8572,61.958,-0.0485,39.9112,114.481,4531
2016-09-04 17:00:00,98.45,transfer,1.0,61.1382,0.0,72.0261,72.0261,61.1382,-0.0802,39.7304,114.2991,4532
2016-09-04 18:00:00,68.84,transfer,1.0,60.2859,0.0,74.626,74.626,60.2859,8.0651,39.7234,114.2449,4533
2016-09-04 19:00:00,72.94,transfer,1.0,59.5201,0.0,51.6528,51.6528,59.5201,80.6604,39.7374,113.8736,4534
2016-09-04 20:00:00,71.94,transfer,1.0,58.3111,0.0,56.8074,56.8074,58.3111,84.6344,39.7585,113.5534,4535
2016-09-04 21:00:00,66.27,transfer,1.0,57.1846,0.0,53.2965,53.2965,57.1846,85.2984,39.7845,113.318,4536
2016-09-04 22:00:00,64.32,transfer,1.0,56.4815,0.0,52.4345,52.4345,56.4815,85.4269,39.7947,113.0973,4537
2016-09-04 23:00:00,65.05,transfer,1.0,55.8307,0.0,61.7821,61.7821,55.8307,85.4191,39.811,112.8785,4538
2016-09-05 00:00:00,61.92,transfer,1.0,55.3504,0.0,60.0699,60.0699,55.3504,85.0781,39.7788,112.6501,4539
2016-09-05 01:00:00,62.91,transfer,1.0,55.9401,0.0,62.48,62.48,55.9401,-0.1121,39.7487,112.6598,4540
2016-09-05 02:00:00,60.57,transfer,1.0,57.1047,0.0,63.6337,63.6337,57.1047,-0.1123,39.7034,112.657,4541
2016-09-05 03:00:00,60.45,transfer,1.0,58.8095,0.0,55.2932,55.2932,58.8095,-0.102,39.6591,112.6569,4542
2016-09-05 04:00:00,86.24,transfer,1.0,61.2192,0.0,55.3014,55.3014,61.2192,0.123,39.4601,112.5017,4543
2016-09-05 05:00:00,91.84,transfer,1.0,65.3731,0.0,61.7287,61.7287,65.3731,0.4188,39.2094,112.2927,4544
2016-09-05 06:00:00,82.66,transfer,1.0,71.9314,0.0,78.24,78.24,71.9314,0.5764,38.8434,111.9621,4545
2016-09-05 07:00:00,74.9,transfer,1.0,79.0429,0.0,69.2931,69.2931,79.0429,0.5413,38.4117,111.5035,4546
2016-09-05 08:00:00,83.96,transfer,1.0,84.1777,0.0,77.8594,77.8594,84.1777,0.4616,37.8377,110.9245,4547
2016-09-05 09:00:00,81.97,transfer,1.0,85.7868,0.0,79.1006,79.1006,85.7868,0.3597,37.2831,110.2846,4548
2016-09-05 10:00:00,98.76,transfer,1.0,85.2205,0.0,84.429,84.429,85.2205,0.2059,36.7276,109.655,4549
2016-09-05 11:00:00,92.57,transfer,1.0,82.7182,0.0,83.6013,83.6013,82.7182,0.1125,36.2149,109.0361,4550
2016-09-05 12:00:00,104.52,transfer,1.0,80.6656,0.0,76.1394,76.1394,80.6656,0.0154,35.7894,108.4834,4551
2016-09-05 13:00:00,92.94,transfer,1.0,77.9493,0.0,71.3826,71.3826,77.9493,-0.0729,35.3402,107.8879,4552
2016-09-05 14:00:00,106.22,transfer,1.0,75.5425,0.0,68.5491,68.5491,75.5425,-0.113,34.9799,107.3664,4553
2016-09-05 15:00:00,99.42,transfer,1.0,72.2874,0.0,84.1051,84.1051,72.2874,-0.1146,34.6525,106.8598,4554
2016-09-05 16:00:00,113.84,transfer,1.0,69.608,0.0,77.7081,77.7081,69.608,-0.116,34.4518,106.4671,4555
2016-09-05 17:00:00,102.58,transfer,1.0,67.0038,0.0,78.4644,78.4644,67.0038,-0.1168,34.2308,106.0436,4556
2016-09-05 18:00:00,83.73,transfer,1.0,65.3229,0.0,65.7849,65.7849,65.3229,-0.1173,34.3367,105.9446,4557
2016-09-05 19:00:00,68.58,transfer,1.0,62.6686,0.0,64.5336,64.5336,62.6686,-0.1165,34.3431,105.8061,4558
2016-09-05 20:00:00,86.18,transfer,1.0,60.3022,0.0,57.0148,57.0148,60.3022,-0.1158,34.464,105.7545,4559
2016-09-05 21:00:00,62.51,transfer,1.0,57.9761,0.0,52.1695,52.1695,57.9761,-0.1151,34.4257,105.7209,4560
2016-09-05 22:00:00,65.5,transfer,1.0,56.9314,0.0,60.3089,60.3089,56.9314,-0.1137,34.4535,105.7128,4561
2016-09-05 23:00:00,64.81,transfer,1.0,55.9165,0.0,55.7747,55.7747,55.9165,-0.1081,34.4949,105.7037,4562
2016-09-06 00:00:00,61.4,transfer,1.0,55.3902,0.0,65.4889,65.4889,55.3902,0.1102,34.5001,105.6772,4563
2016-09-06 01:00:00,61.21,transfer,1.0,55.7923,0.0,49.959,49.959,55.7923,0.8346,34.4886,105.6443,4564
2016-09-06 02:00:00,65.08,transfer,1.0,56.9472,0.0,68.1042,68.1042,56.9472,2.6107,34.4664,105.6032,4565
2016-09-06 03:00:00,62.94,transfer,1.0,59.0908,0.0,54.9621,54.9621,59.0908,5.0496,34.4232,105.539,4566
2016-09-06 04:00:00,94.35,transfer,1.0,62.732,0.0,60.227,60.227,62.732,8.0064,34.2477,105.3362,4567
2016-09-06 05:00:00,108.75,transfer,1.0,68.8814,0.0,75.1929,75.1929,68.8814,9.6947,34.0866,105.1402,4568
2016-09-06 06:00:00,118.13,transfer,1.0,77.9249,0.0,79.6809,79.6809,77.9249,10.3705,33.9266,104.936,4569
2016-09-06 07:00:00,125.7,transfer,1.0,87.1475,0.0,91.7214,91.7214,87.1475,10.5198,33.7361,104.695,4570
2016-09-06 08:00:00,167.7,transfer,1.0,94.2744,0.0,85.0041,85.0041,94.2744,10.1331,33.704,104.61,4571
2016-09-06 09:00:00,179.3,transfer,1.0,99.2309,0.0,102.0779,102.0779,99.2309,8.978,33.6875,104.547,4572
2016-09-06 10:00:00,185.48,transfer,1.0,101.9533,0.0,113.8417,113.8417,101.9533,7.2328,33.7008,104.5247,4573
2016-09-06 11:00:00,186.16,transfer,1.0,103.2428,0.0,118.295,118.295,103.2428,5.0622,33.7005,104.5017,4574
2016-09-06 12:00:00,186.12,transfer,1.0,103.836,0.0,102.8737,102.8737,103.836,3.0297,33.7027,104.4931,4575
2016-09-06 13:00:00,188.79,transfer,1.0,104.0717,0.0,126.7186,126.7186,104.0717,1.3017,33.7614,104.5513,4576
2016-09-06 14:00:00,194.49,transfer,1.0,104.0717,0.0,92.6271,92.6271,104.0717,0.2201,33.8228,104.6204,4577
2016-09-06 15:00:00,191.01,transfer,1.0,103.9627,0.0,127.3133,127.3133,103.9627,-0.0684,33.7222,104.725,4578
2016-09-06 16:00:00,185.87,transfer,1.0,103.7183,0.0,104.5,104.5,103.7183,-0.0942,33.5625,104.8402,4579
2016-09-06 17:00:00,172.96,transfer,1.0,103.3076,0.0,116.6665,116.6665,103.3076,0.4214,33.3441,104.8957,4580
2016-09-06 18:00:00,117.87,transfer,1.0,102.7032,0.0,115.782,115.782,102.7032,77.9375,33.1602,104.5065,4581
2016-09-06 19:00:00,110.81,transfer,1.0,101.1384,0.0,97.1651,97.1651,101.1384,83.5428,33.145,104.0951,4582
2016-09-06 20:00:00,97.21,transfer,1.0,97.2462,0.0,89.1696,89.1696,97.2462,84.7066,33.1333,103.6435,4583
2016-09-06 21:00:00,72.1,transfer,1.0,90.6622,0.0,95.8519,95.8519,90.6622,85.0323,33.1456,103.3339,4584
2016-09-06 22:00:00,71.82,transfer,1.0,81.0813,0.0,94.9463,94.9463,81.0813,85.0932,33.1516,103.0303,4585
2016-09-06 23:00:00,74.26,transfer,1.0,71.871,0.0,69.804,69.804,71.871,85.1365,33.1491,102.7203,4586
2016-09-07 00:00:00,72.33,transfer,1.0,65.9367,0.0,56.0618,56.0618,65.9367,84.9702,33.1801,102.4212,4587
2016-09-07 01:00:00,73.0,transfer,1.0,63.2368,0.0,69.957,69.957,63.2368,7.6437,33.2266,102.443,4588
2016-09-07 02:00:00,73.8,transfer,1.0,62.3611,0.0,60.0198,60.0198,62.3611,-0.1221,33.2805,102.5183,4589
2016-09-07 03:00:00,77.41,transfer,1.0,63.052,0.0,54.6858,54.6858,63.052,-0.1217,33.3455,102.6062,4590
2016-09-07 04:00:00,118.61,transfer,1.0,65.788,0.0,60.6132,60.6132,65.788,-0.1215,33.3597,102.6497,4591
2016-09-07 05:00:00,129.49,transfer,1.0,72.7669,0.0,73.1806,73.1806,72.7669,-0.122,33.3834,102.7122,4592
2016-09-07 06:00:00,140.36,transfer,1.0,82.8405,0.0,98.0469,98.0469,82.8405,-0.1226,33.4352,102.8067,4593
2016-09-07 07:00:00,153.39,transfer,1.0,91.1464,0.0,94.1943,94.1943,91.1464,-0.1233,33.4464,102.8547,4594
2016-09-07 08:00:00,168.25,transfer,1.0,96.8443,0.0,108.9342,108.9342,96.8443,-0.1238,33.4071,102.844,4595
2016-09-07 09:00:00,180.93,transfer,1.0,100.3791,0.0,112.8174,112.8174,100.3791,-0.1239,33.3912,102.8489,4596
2016-09-07 10:00:00,182.96,transfer,1.0,102.2001,0.0,115.36,115.36,102.2001,-0.1239,33.353,102.8255,4597
2016-09-07 11:00:00,198.82,transfer,1.0,103.1355,0.0,79.4279,79.4279,103.1355,-0.124,33.4241,102.9076,4598
2016-09-07 12:00:00,194.05,transfer,1.0,103.6083,0.0,94.1301,94.1301,103.6083,-0.1241,33.4179,102.91,4599
2016-09-07 13:00:00,197.64,transfer,1.0,103.8688,0.0,112.9254,112.9254,103.8688,-0.1244,33.5026,103.0025,4600
2016-09-07 14:00:00,201.59,transfer,1.0,103.9689,0.0,91.7754,91.7754,103.9689,-0.1245,33.5204,103.0281,4601
2016-09-07 15:00:00,208.47,transfer,1.0,103.9783,0.0,94.1696,94.1696,103.9783,-0.1247,33.6449,103.164,4602
2016-09-07 16:00:00,191.17,transfer,1.0,103.7664,0.0,108.3226,108.3226,103.7664,-0.1249,33.4997,103.1963,4603
2016-09-07 17:00:00,192.07,transfer,1.0,102.2019,0.0,97.4431,97.4431,102.2019,-0.1249,33.3496,103.2283,4604
2016-09-07 18:00:00,117.57,transfer,1.0,103.3387,0.0,108.4184,108.4184,103.3387,-0.1248,33.1716,103.1222,4605
2016-09-07 19:00:00,108.2,transfer,1.0,102.723,0.0,97.3755,97.3755,102.723,-0.1249,33.0849,103.0595,4606
2016-09-07 20:00:00,98.67,transfer,1.0,100.7006,0.0,78.5449,78.5449,100.7006,-0.1248,32.9719,102.957,4607
2016-09-07 21:00:00,78.08,transfer,1.0,96.9491,0.0,80.9265,80.9265,96.9491,-0.1248,33.0245,102.8337,4608
2016-09-07 22:00:00,79.35,transfer,1.0,89.6605,0.0,79.1621,79.1621,89.6605,-0.1243,33.0052,102.743,4609
2016-09-07 23:00:00,77.23,transfer,1.0,80.4927,0.0,89.2085,89.2085,80.4927,-0.1236,32.9391,102.6761,4610
2016-09-08 00:00:00,81.59,transfer,1.0,73.8524,0.0,87.9216,87.9216,73.8524,-0.123,32.8826,102.6462,4611
2016-09-08 01:00:00,77.59,transfer,1.0,70.2287,0.0,69.5413,69.5413,70.2287,-0.1225,32.8167,102.6029,4612
2016-09-08 02:00:00,78.59,transfer,1.0,69.4134,0.0,65.169,65.169,69.4134,-0.122,32.7587,102.5709,4613
2016-09-08 03:00:00,77.54,transfer,1.0,70.5341,0.0,64.6801,64.6801,70.5341,-0.1216,32.6948,102.5387,4614
2016-09-08 04:00:00,132.19,transfer,1.0,73.4261,0.0,68.7983,68.7983,73.4261,-0.1213,32.6265,102.5032,4615
2016-09-08 05:00:00,144.25,transfer,1.0,80.4607,0.0,77.3142,77.3142,80.4607,-0.1216,32.5654,102.4745,4616
2016-09-08 06:00:00,155.27,transfer,1.0,89.4844,0.0,83.5066,83.5066,89.4844,-0.1221,32.5069,102.4446,4617
2016-09-08 07:00:00,163.74,transfer,1.0,95.8447,0.0,99.1211,99.1211,95.8447,-0.1226,32.5023,102.4595,4618
2016-09-08 08:00:00,187.43,transfer,1.0,99.4761,0.0,89.963,89.963,99.4761,-0.1232,32.5851,102.5521,4619
2016-09-08 09:00:00,197.66,transfer,1.0,101.5443,0.0,106.5736,106.5736,101.5443,-0.1236,32.6899,102.6614,4620
2016-09-08 10:00:00,210.69,transfer,1.0,102.6297,0.0,101.7165,101.7165,102.6297,-0.1237,32.8579,102.832,4621
2016-09-08 11:00:00,211.06,transfer,1.0,103.2023,0.0,92.2393,92.2393,103.2023,-0.1237,33.0134,102.9891,4622
2016-09-08 12:00:00,211.76,transfer,1.0,103.5335,0.0,115.2419,115.2419,103.5335,-0.1238,33.1797,103.1571,4623
2016-09-08 13:00:00,214.04,transfer,1.0,103.7044,0.0,83.6607,83.6607,103.7044,-0.1239,33.445,103.4241,4624
2016-09-08 14:00:00,205.42,transfer,1.0,103.7589,0.0,117.3112,117.3112,103.7589,-0.124,33.6154,103.5964,4625
2016-09-08 15:00:00,210.79,transfer,1.0,103.7571,0.0,113.4266,113.4266,103.7571,-0.1242,33.8517,103.8354,4626
2016-09-08 16:00:00,196.03,transfer,1.0,103.686,0.0,98.5015,98.5015,103.686,-0.1243,34.0648,104.0554,4627
2016-09-08 17:00:00,188.94,transfer,1.0,103.5033,0.0,91.9344,91.9344,103.5033,-0.1243,34.0749,104.2145,4628
2016-09-08 18:00:00,117.3,transfer,1.0,103.1646,0.0,120.3596,120.3596,103.1646,-0.1242,34.0659,104.2785,4629
2016-09-08 19:00:00,107.28,transfer,1.0,102.5728,0.0,84.0834,84.0834,102.5728,-0.1239,33.9598,104.4571,4630
2016-09-08 20:00:00,104.17,transfer,1.0,100.6398,0.0,93.3582,93.3582,100.6398,-0.1241,33.9127,104.5765,4631
2016-09-08 21:00:00,82.64,transfer,1.0,97.3702,0.0,93.4183,93.4183,97.3702,-0.1243,33.874,104.6777,4632
2016-09-08 22:00:00,80.94,transfer,1.0,91.477,0.0,76.6995,76.6995,91.477,-0.1243,33.8737,104.7661,4633
2016-09-08 23:00:00,87.58,transfer,1.0,83.6514,0.0,78.6335,78.6335,83.6514,-0.1243,33.8711,104.9026,4634
2016-09-09 00:00:00,85.43,transfer,1.0,77.0637,0.0,81.8341,81.8341,77.0637,-0.1241,33.8746,104.9793,4635
2016-09-09 01:00:00,85.63,transfer,1.0,73.7018,0.0,65.3801,65.3801,73.7018,-0.1241,33.914,105.0835,4636
2016-09-09 02:00:00,83.5,transfer,1.0,72.3669,0.0,77.2471,77.2471,72.3669,-0.1239,33.9537,105.1806,4637
2016-09-09 03:00:00,91.24,transfer,1.0,72.873,0.0,75.6945,75.6945,72.873,-0.1236,34.0404,105.3216,4638
2016-09-09 04:00:00,142.52,transfer,1.0,74.8829,0.0,69.5781,69.5781,74.8829,-0.1233,34.2394,105.5747,4639
2016-09-09 05:00:00,153.42,transfer,1.0,81.1503,0.0,74.5605,74.5605,81.1503,-0.1237,34.4216,105.8112,4640
2016-09-09 06:00:00,162.61,transfer,1.0,88.9234,0.0,96.4584,96.4584,88.9234,-0.124,34.6356,106.0756,4641
2016-09-09 07:00:00,176.32,transfer,1.0,94.7361,0.0,92.9927,92.9927,94.7361,-0.1241,34.9067,106.3811,4642
2016-09-09 08:00:00,193.72,transfer,1.0,98.358,0.0,91.6189,91.6189,98.358,-0.1241,35.1579,106.6523,4643
2016-09-09 09:00:00,203.59,transfer,1.0,100.5824,0.0,111.1647,111.1647,100.5824,-0.1237,35.4244,106.9313,4644
2016-09-09 10:00:00,223.97,transfer,1.0,101.7618,0.0,106.5983,106.5983,101.7618,-0.1235,35.8077,107.3231,4645
2016-09-09 11:00:00,226.55,transfer,1.0,102.4284,0.0,113.3174,113.3174,102.4284,-0.1233,36.1182,107.6408,4646
2016-09-09 12:00:00,218.24,transfer,1.0,102.8208,0.0,133.5481,133.5481,102.8208,-0.1232,36.4511,107.9811,4647
2016-09-09 13:00:00,205.98,transfer,1.0,103.016,0.0,95.0235,95.0235,103.016,-0.1232,36.7389,108.2777,4648
2016-09-09 14:00:00,213.84,transfer,1.0,103.0989,0.0,110.6263,110.6263,103.0989,-0.1232,37.0291,108.5795,4649
2016-09-09 15:00:00,198.62,transfer,1.0,103.0963,0.0,108.9293,108.9293,103.0963,-0.1233,37.2764,108.8443,4650
2016-09-09 16:00:00,192.68,transfer,1.0,103.0013,0.0,124.3442,124.3442,103.0013,-0.1233,37.5596,109.1533,4651
2016-09-09 17:00:00,185.56,transfer,1.0,102.5409,0.0,121.1351,121.1351,102.5409,-0.1234,37.8373,109.4693,4652
2016-09-09 18:00:00,119.23,transfer,1.0,83.6504,0.0,88.9546,88.9546,83.6504,-0.1234,38.0296,109.6513,4653
2016-09-09 19:00:00,105.55,transfer,1.0,100.3101,0.0,115.818,115.818,100.3101,-0.1236,38.032,109.7483,4654
2016-09-09 20:00:00,99.69,transfer,1.0,99.073,0.0,99.9389,99.9389,99.073,-0.124,38.0032,109.8658,4655
2016-09-09 21:00:00,84.33,transfer,1.0,95.145,0.0,101.3455,101.3455,95.145,-0.1243,38.0627,109.96,4656
2016-09-09 22:00:00,86.43,transfer,1.0,88.5902,0.0,100.2571,100.2571,88.5902,-0.1244,38.0653,110.0862,4657
2016-09-09 23:00:00,88.94,transfer,1.0,81.2878,0.0,86.823,86.823,81.2878,-0.1244,38.095,110.2378,4658
2016-09-10 00:00:00,85.29,transfer,1.0,76.0167,0.0,77.578,77.578,76.0167,-0.1245,38.1101,110.3534,4659
2016-09-10 01:00:00,100.78,transfer,1.0,71.7131,0.0,64.7729,64.7729,71.7131,-0.1239,38.2401,110.5677,4660
2016-09-10 02:00:00,84.98,transfer,1.0,68.9017,0.0,65.3696,65.3696,68.9017,-0.1235,38.2918,110.6926,4661
2016-09-10 03:00:00,93.19,transfer,1.0,68.0999,0.0,64.0686,64.0686,68.0999,-0.1235,38.3968,110.8679,4662
2016-09-10 04:00:00,135.85,transfer,1.0,67.7595,0.0,78.6531,78.6531,67.7595,-0.1235,38.569,111.1065,4663
2016-09-10 05:00:00,147.71,transfer,1.0,69.5698,0.0,61.774,61.774,69.5698,-0.1238,38.7478,111.3528,4664
2016-09-10 06:00:00,140.32,transfer,1.0,73.6779,0.0,69.3665,69.3665,73.6779,-0.124,38.9659,111.6429,4665
2016-09-10 07:00:00,131.39,transfer,1.0,78.2087,0.0,65.7472,65.7472,78.2087,-0.1241,39.1683,111.9195,4666
2016-09-10 08:00:00,138.11,transfer,1.0,82.2546,0.0,75.8185,75.8185,82.2546,-0.1243,39.3785,112.209,4667
2016-09-10 09:00:00,142.11,transfer,1.0,84.9343,0.0,81.5852,81.5852,84.9343,-0.1244,39.6135,112.5344,4668
2016-09-10 10:00:00,151.93,transfer,1.0,86.2158,0.0,90.9951,90.9951,86.2158,-0.1245,39.8128,112.8354,4669
2016-09-10 11:00:00,158.66,transfer,1.0,86.7382,0.0,81.3515,81.3515,86.7382,-0.1246,40.1119,113.2472,4670
2016-09-10 12:00:00,161.5,transfer,1.0,86.5875,0.0,77.0128,77.0128,86.5875,-0.1247,40.3925,113.6455,4671
2016-09-10 13:00:00,155.73,transfer,1.0,86.1229,0.0,97.3379,97.3379,86.1229,-0.1248,40.6479,114.0251,4672
2016-09-10 14:00:00,156.5,transfer,1.0,85.1924,0.0,72.8479,72.8479,85.1924,-0.125,40.8818,114.3868,4673
2016-09-10 15:00:00,158.17,transfer,1.0,83.4608,0.0,96.6558,96.6558,83.4608,-0.125,41.1075,114.741,4674
2016-09-10 16:00:00,159.66,transfer,1.0,80.436,0.0,89.286,89.286,80.436,-0.1248,41.3508,115.1043,4675
2016-09-10 17:00:00,158.89,transfer,1.0,44.859,0.0,47.4092,47.4092,44.859,-0.1247,41.8062,115.4756,4676
2016-09-10 18:00:00,96.35,transfer,1.0,41.3341,0.0,39.8444,39.8444,41.3341,-0.1245,42.0563,115.6273,4677
2016-09-10 19:00:00,97.9,transfer,1.0,40.4542,0.0,40.3216,40.3216,40.4542,-0.1242,42.2969,115.7683,4678
2016-09-10 20:00:00,98.04,transfer,1.0,39.1627,0.0,42.6099,42.6099,39.1627,-0.1238,42.5606,115.9294,4679
2016-09-10 21:00:00,79.63,transfer,1.0,41.0114,0.0,44.5737,44.5737,41.0114,-0.1237,42.7367,116.0179,4680
2016-09-10 22:00:00,79.1,transfer,1.0,49.3812,0.0,42.8495,42.8495,49.3812,-0.1234,42.8388,116.0841,4681
2016-09-10 23:00:00,74.65,transfer,1.0,58.3622,0.0,46.152,46.152,58.3622,-0.123,42.8738,116.1381,4682
2016-09-11 00:00:00,81.07,transfer,1.0,58.7089,0.0,60.4661,60.4661,58.7089,-0.1227,42.9364,116.2209,4683
2016-09-11 01:00:00,82.38,transfer,1.0,58.5447,0.0,57.4403,57.4403,58.5447,-0.1224,43.0234,116.3263,4684
2016-09-11 02:00:00,82.91,transfer,1.0,58.7321,0.0,61.4338,61.4338,58.7321,-0.1223,43.1278,116.4531,4685
2016-09-11 03:00:00,80.12,transfer,1.0,59.1843,0.0,58.2214,58.2214,59.1843,-0.1221,43.228,116.5838,4686
2016-09-11 04:00:00,137.04,transfer,1.0,60.0385,0.0,64.0724,64.0724,60.0385,-0.122,43.5285,116.9274,4687
2016-09-11 05:00:00,146.11,transfer,1.0,61.4799,0.0,61.1248,61.1248,61.4799,-0.1225,43.8158,117.2638,4688
2016-09-11 06:00:00,138.23,transfer,1.0,65.4533,0.0,64.2937,64.2937,65.4533,-0.1231,44.1193,117.6262,4689
2016-09-11 07:00:00,124.31,transfer,1.0,70.2348,0.0,75.6224,75.6224,70.2348,-0.1234,44.359,117.9327,4690
2016-09-11 08:00:00,126.73,transfer,1.0,74.4353,0.0,71.7744,71.7744,74.4353,-0.1236,44.6323,118.2821,4691
2016-09-11 09:00:00,126.27,transfer,1.0,76.6549,0.0,63.3551,63.3551,76.6549,-0.1235,44.8227,118.5575,4692
2016-09-11 10:00:00,123.41,transfer,1.0,77.3352,0.0,84.9016,84.9016,77.3352,-0.1233,44.9881,118.8134,4693
2016-09-11 11:00:00,118.77,transfer,1.0,76.9597,0.0,93.3257,93.3257,76.9597,-0.1232,45.0791,118.9906,4694
2016-09-11 12:00:00,108.44,transfer,1.0,76.0511,0.0,58.9565,58.9565,76.0511,-0.123,45.1332,119.1232,4695
2016-09-11 13:00:00,119.16,transfer,1.0,74.4039,0.0,68.3572,68.3572,74.4039,-0.123,45.2393,119.2953,4696
2016-09-11 14:00:00,118.36,transfer,1.0,72.1238,0.0,76.6558,76.6558,72.1238,-0.123,45.3372,119.4454,4697
2016-09-11 15:00:00,113.83,transfer,1.0,70.176,0.0,69.8123,69.8123,70.176,-0.1232,45.3795,119.532,4698
2016-09-11 16:00:00,119.17,transfer,1.0,68.5943,0.0,83.0133,83.0133,68.5943,-0.1232,45.4697,119.6622,4699
2016-09-11 17:00:00,109.89,transfer,1.0,67.0075,0.0,73.9914,73.9914,67.0075,-0.1231,45.5029,119.7305,4700
2016-09-11 18:00:00,83.67,transfer,1.0,65.6366,0.0,71.8885,71.8885,65.6366,-0.1229,45.5593,119.8675,4701
2016-09-11 19:00:00,70.73,transfer,1.0,64.4428,0.0,65.2851,65.2851,64.4428,-0.1221,45.5168,120.2433,4702
2016-09-11 20:00:00,85.1,transfer,1.0,62.5448,0.0,53.0823,53.0823,62.5448,-0.1216,45.57,120.675,4703
2016-09-11 21:00:00,64.86,transfer,1.0,60.3868,0.0,61.1832,61.1832,60.3868,-0.1212,45.5425,120.9486,4704
2016-09-11 22:00:00,65.27,transfer,1.0,58.9024,0.0,64.2861,64.2861,58.9024,-0.1208,45.5338,121.2122,4705
2016-09-11 23:00:00,63.8,transfer,1.0,57.4229,0.0,54.0077,54.0077,57.4229,-0.1205,45.5168,121.4714,4706
2016-09-12 00:00:00,63.06,transfer,1.0,56.1721,0.0,56.3601,56.3601,56.1721,-0.1201,45.5187,121.7096,4707
2016-09-12 01:00:00,63.74,transfer,1.0,56.0772,0.0,55.8502,55.8502,56.0772,-0.1196,45.5229,121.7146,4708
2016-09-12 02:00:00,63.26,transfer,1.0,56.7088,0.0,60.0695,60.0695,56.7088,-0.119,45.5412,121.7307,4709
2016-09-12 03:00:00,61.91,transfer,1.0,58.1152,0.0,55.6825,55.6825,58.1152,-0.1181,45.5541,121.7394,4710
2016-09-12 04:00:00,92.5,transfer,1.0,60.3024,0.0,73.7732,73.7732,60.3024,-0.1171,45.5968,121.7781,4711
2016-09-12 05:00:00,104.12,transfer,1.0,64.0613,0.0,49.1189,49.1189,64.0613,-0.1176,45.6777,121.8544,4712
2016-09-12 06:00:00,114.19,transfer,1.0,69.6473,0.0,75.6911,75.6911,69.6473,-0.1186,45.8789,122.0462,4713
2016-09-12 07:00:00,115.85,transfer,1.0,75.5528,0.0,83.6636,83.6636,75.5528,-0.1194,46.0942,122.2939,4714
2016-09-12 08:00:00,143.91,transfer,1.0,81.4146,0.0,66.6847,66.6847,81.4146,-0.1198,46.4649,122.6542,4715
2016-09-12 09:00:00,161.56,transfer,1.0,86.5737,0.0,97.3952,97.3952,86.5737,-0.1199,46.8885,123.1308,4716
2016-09-12 10:00:00,163.5,transfer,1.0,91.4518,0.0,80.9879,80.9879,91.4518,-0.12,47.2367,123.5181,4717
2016-09-12 11:00:00,169.81,transfer,1.0,95.2586,0.0,99.0433,99.0433,95.2586,-0.1202,47.6219,123.9793,4718
2016-09-12 12:00:00,166.66,transfer,1.0,97.4824,0.0,89.5084,89.5084,97.4824,-0.1206,47.8916,124.35,4719
2016-09-12 13:00:00,165.07,transfer,1.0,98.6471,0.0,103.8758,103.8758,98.6471,-0.121,48.1978,124.7796,4720
2016-09-12 14:00:00,171.85,transfer,1.0,98.8098,0.0,100.5354,100.5354,98.8098,-0.1216,48.4499,125.1703,4721
2016-09-12 15:00:00,166.77,transfer,1.0,98.2798,0.0,99.4371,99.4371,98.2798,-0.1219,48.6961,125.5712,4722
2016-09-12 16:00:00,156.54,transfer,1.0,97.064,0.0,86.3226,86.3226,97.064,-0.1223,48.7869,125.8254,4723
2016-09-12 17:00:00,153.85,transfer,1.0,95.1633,0.0,115.5123,115.5123,95.1633,-0.1225,48.9244,126.1307,4724
2016-09-12 18:00:00,92.13,transfer,1.0,91.9929,0.0,94.5513,94.5513,91.9929,-0.1226,48.8157,126.1807,4725
2016-09-12 19:00:00,87.41,transfer,1.0,87.2034,0.0,85.8284,85.8284,87.2034,-0.1224,48.7817,126.2928,4726
2016-09-12 20:00:00,78.43,transfer,1.0,78.4013,0.0,94.942,94.942,78.4013,-0.1222,48.6279,126.2467,4727
2016-09-12 21:00:00,66.86,transfer,1.0,70.66,0.0,66.7089,66.7089,70.66,-0.1221,48.6235,126.2726,4728
2016-09-12 22:00:00,66.61,transfer,1.0,64.5196,0.0,69.6465,69.6465,64.5196,-0.1221,48.5849,126.2793,4729
2016-09-12 23:00:00,65.8,transfer,1.0,60.4925,0.0,61.5941,61.5941,60.4925,-0.122,48.5636,126.2853,4730
2016-09-13 00:00:00,65.45,transfer,1.0,58.0239,0.0,52.0607,52.0607,58.0239,-0.1217,48.572,126.3108,4731
2016-09-13 01:00:00,65.11,transfer,1.0,56.6904,0.0,52.5839,52.5839,56.6904,-0.1214,48.5899,126.3397,4732
2016-09-13 02:00:00,63.81,transfer,1.0,56.227,0.0,62.995,62.995,56.227,-0.1211,48.5866,126.3484,4733
2016-09-13 03:00:00,65.42,transfer,1.0,56.6942,0.0,63.5513,63.5513,56.6942,-0.1209,48.6156,126.3939,4734
2016-09-13 04:00:00,102.99,transfer,1.0,58.3063,0.0,51.9021,51.9021,58.3063,-0.1204,48.6934,126.4937,4735
2016-09-13 05:00:00,113.1,transfer,1.0,62.5729,0.0,71.9763,71.9763,62.5729,-0.1208,48.7568,126.578,4736
2016-09-13 06:00:00,125.49,transfer,1.0,70.3702,0.0,71.689,71.689,70.3702,-0.1215,48.8456,126.6843,4737
2016-09-13 07:00:00,128.15,transfer,1.0,79.3563,0.0,79.6467,79.6467,79.3563,-0.122,48.9066,126.7622,4738
2016-09-13 08:00:00,158.41,transfer,1.0,87.7359,0.0,90.5973,90.5973,87.7359,-0.1225,48.8902,126.768,4739
2016-09-13 09:00:00,169.53,transfer,1.0,94.1996,0.0,102.4151,102.4151,94.1996,-0.1224,48.862,126.764,4740
2016-09-13 10:00:00,180.95,transfer,1.0,98.3368,0.0,97.6413,97.6413,98.3368,-0.1223,48.8566,126.7808,4741
2016-09-13 11:00:00,169.7,transfer,1.0,100.6822,0.0,102.1505,102.1505,100.6822,-0.1221,48.7738,126.7137,4742
2016-09-13 12:00:00,174.3,transfer,1.0,101.9353,0.0,100.7239,100.7239,101.9353,-0.1221,48.7148,126.6621,4743
2016-09-13 13:00:00,182.17,transfer,1.0,102.4261,0.0,106.9664,106.9664,102.4261,-0.1221,48.6852,126.6312,4744
2016-09-13 14:00:00,184.19,transfer,1.0,102.463,0.0,77.2635,77.2635,102.463,-0.1224,48.6334,126.5719,4745
2016-09-13 15:00:00,178.75,transfer,1.0,102.2515,0.0,102.3182,102.3182,102.2515,-0.1227,48.5707,126.4992,4746
2016-09-13 16:00:00,178.05,transfer,1.0,101.8973,0.0,106.1354,106.1354,101.8973,-0.1228,48.5349,126.4529,4747
2016-09-13 17:00:00,156.94,transfer,1.0,101.2652,0.0,95.8943,95.8943,101.2652,-0.1229,48.4517,126.3607,4748
2016-09-13 18:00:00,106.76,transfer,1.0,100.2174,0.0,106.6255,106.6255,100.2174,-0.123,48.4004,126.7593,4749
2016-09-13 19:00:00,98.17,transfer,1.0,97.5227,0.0,99.4155,99.4155,97.5227,-0.1228,48.3467,127.182,4750
2016-09-13 20:00:00,90.8,transfer,1.0,91.4315,0.0,80.327,80.327,91.4315,-0.1228,48.3502,127.6488,4751
2016-09-13 21:00:00,73.12,transfer,1.0,82.3334,0.0,96.5187,96.5187,82.3334,-0.1228,48.2946,128.0078,4752
2016-09-13 22:00:00,72.6,transfer,1.0,73.0953,0.0,87.3609,87.3609,73.0953,-0.1224,48.2424,128.3617,4753
2016-09-13 23:00:00,72.05,transfer,1.0,66.3357,0.0,64.924,64.924,66.3357,-0.1223,48.2622,128.7265,4754
2016-09-14 00:00:00,69.81,transfer,1.0,62.408,0.0,58.5639,58.5639,62.408,-0.1219,48.2682,129.0675,4755
2016-09-14 01:00:00,69.45,transfer,1.0,60.4818,0.0,71.45,71.45,60.4818,-0.1212,48.2635,129.0926,4756
2016-09-14 02:00:00,67.61,transfer,1.0,59.8219,0.0,50.8261,50.8261,59.8219,-0.1204,48.2417,129.0558,4757
2016-09-14 03:00:00,67.34,transfer,1.0,60.3886,0.0,59.8649,59.8649,60.3886,-0.1201,48.1977,128.9958,4758
2016-09-14 04:00:00,110.54,transfer,1.0,62.2976,0.0,63.536,63.536,62.2976,-0.12,48.1704,128.9478,4759
2016-09-14 05:00:00,121.56,transfer,1.0,67.7815,0.0,66.4299,66.4299,67.7815,-0.1207,48.1529,128.9006,4760
2016-09-14 06:00:00,126.67,transfer,1.0,76.9812,0.0,80.8834,80.8834,76.9812,-0.1215,48.1063,128.8191,4761
2016-09-14 07:00:00,138.14,transfer,1.0,86.1488,0.0,86.452,86.452,86.1488,-0.1223,48.0452,128.7283,4762
2016-09-14 08:00:00,150.41,transfer,1.0,93.072,0.0,85.126,85.126,93.072,-0.1229,47.9615,128.6221,4763
2016-09-14 09:00:00,173.62,transfer,1.0,97.5728,0.0,87.7664,87.7664,97.5728,-0.1231,47.9347,128.5786,4764
2016-09-14 10:00:00,183.7,transfer,1.0,99.9904,0.0,96.4128,96.4128,99.9904,-0.1232,47.9522,128.583,4765
2016-09-14 11:00:00,193.99,transfer,1.0,101.3663,0.0,103.4345,103.4345,101.3663,-0.1233,47.934,128.5542,4766
2016-09-14 12:00:00,176.42,transfer,1.0,102.1888,0.0,120.3125,120.3125,102.1888,-0.1234,47.8375,128.4493,4767
2016-09-14 13:00:00,178.5,transfer,1.0,102.6881,0.0,85.0181,85.0181,102.6881,-0.1235,47.7306,128.3353,4768
2016-09-14 14:00:00,184.8,transfer,1.0,102.8219,0.0,94.0049,94.0049,102.8219,-0.1235,47.6375,128.2354,4769
2016-09-14 15:00:00,171.34,transfer,1.0,102.6898,0.0,89.3991,89.3991,102.6898,-0.1237,47.4242,128.0144,4770
2016-09-14 16:00:00,171.82,transfer,1.0,101.0067,0.0,107.234,107.234,101.0067,-0.124,47.3254,127.8992,4771
2016-09-14 17:00:00,163.79,transfer,1.0,97.6592,0.0,92.8399,92.8399,97.6592,-0.1239,47.1841,127.7309,4772
2016-09-14 18:00:00,97.27,transfer,1.0,100.4993,0.0,103.3522,103.3522,100.4993,-0.1239,47.1186,127.61,4773
2016-09-14 19:00:00,99.67,transfer,1.0,99.0175,0.0,92.6166,92.6166,99.0175,-0.1237,47.0899,127.5592,4774
2016-09-14 20:00:00,90.07,transfer,1.0,93.8255,0.0,87.8426,87.8426,93.8255,-0.1237,47.1002,127.508,4775
2016-09-14 21:00:00,66.95,transfer,1.0,85.9919,0.0,96.323,96.323,85.9919,-0.1236,47.1012,127.4418,4776
2016-09-14 22:00:00,67.14,transfer,1.0,76.9906,0.0,74.291,74.291,76.9906,-0.1235,47.0985,127.3691,4777
2016-09-14 23:00:00,67.88,transfer,1.0,69.3089,0.0,70.9278,70.9278,69.3089,-0.123,47.0876,127.3134,4778
2016-09-15 00:00:00,67.62,transfer,1.0,64.6902,0.0,70.6059,70.6059,64.6902,-0.1221,47.059,127.2303,4779
2016-09-15 01:00:00,66.94,transfer,1.0,62.2463,0.0,79.4555,79.4555,62.2463,-0.1215,47.0431,127.1669,4780
2016-09-15 02:00:00,66.28,transfer,1.0,61.319,0.0,58.6779,58.6779,61.319,-0.121,47.018,127.0936,4781
2016-09-15 03:00:00,67.29,transfer,1.0,61.6992,0.0,49.9689,49.9689,61.6992,-0.1207,47.0096,127.0326,4782
2016-09-15 04:00:00,104.95,transfer,1.0,63.4517,0.0,67.9843,67.9843,63.4517,-0.1201,46.9068,126.8704,4783
2016-09-15 05:00:00,116.43,transfer,1.0,69.4934,0.0,59.2031,59.2031,69.4934,-0.1208,46.8065,126.7048,4784
2016-09-15 06:00:00,121.86,transfer,1.0,79.412,0.0,82.5006,82.5006,79.412,-0.1215,46.6676,126.506,4785
2016-09-15 07:00:00,128.73,transfer,1.0,89.048,0.0,81.2612,81.2612,89.048,-0.1218,46.4996,126.2976,4786
2016-09-15 08:00:00,146.81,transfer,1.0,95.7745,0.0,82.8279,82.8279,95.7745,-0.1219,46.2799,126.0558,4787
2016-09-15 09:00:00,168.69,transfer,1.0,99.5932,0.0,99.5948,99.5948,99.5932,-0.1217,46.119,125.8833,4788
2016-09-15 10:00:00,160.54,transfer,1.0,101.5261,0.0,98.1731,98.1731,101.5261,-0.1214,45.8271,125.5848,4789
2016-09-15 11:00:00,160.74,transfer,1.0,102.5587,0.0,105.2244,105.2244,102.5587,-0.1212,45.5314,125.2853,4790
2016-09-15 12:00:00,156.24,transfer,1.0,102.9832,0.0,93.4368,93.4368,102.9832,-0.1211,45.2042,124.9548,4791
2016-09-15 13:00:00,146.05,transfer,1.0,103.0499,0.0,119.1991,119.1991,103.0499,-0.1213,44.8034,124.55,4792
2016-09-15 14:00:00,157.03,transfer,1.0,102.7723,0.0,93.4697,93.4697,102.7723,-0.1215,44.5212,124.262,4793
2016-09-15 15:00:00,147.54,transfer,1.0,101.9375,0.0,112.5493,112.5493,101.9375,-0.1218,44.1556,123.8855,4794
2016-09-15 16:00:00,131.44,transfer,1.0,100.6188,0.0,118.1684,118.1684,100.6188,-0.122,43.7894,123.501,4795
2016-09-15 17:00:00,127.28,transfer,1.0,98.2873,0.0,105.6501,105.6501,98.2873,-0.1222,43.4534,123.134,4796
2016-09-15 18:00:00,86.49,transfer,1.0,94.2349,0.0,93.1374,93.1374,94.2349,-0.1222,43.4154,122.9506,4797
2016-09-15 19:00:00,84.66,transfer,1.0,86.8297,0.0,80.4174,80.4174,86.8297,-0.1217,43.4003,122.8159,4798
2016-09-15 20:00:00,79.81,transfer,1.0,76.8758,0.0,85.1269,85.1269,76.8758,-0.1215,43.3967,122.6709,4799
2016-09-15 21:00:00,65.11,transfer,1.0,69.5623,0.0,65.2771,65.2771,69.5623,-0.1214,43.3355,122.5665,4800
2016-09-15 22:00:00,65.75,transfer,1.0,64.8178,0.0,47.5113,47.5113,64.8178,-0.121,43.2784,122.4761,4801
2016-09-15 23:00:00,65.65,transfer,1.0,61.8665,0.0,49.8956,49.8956,61.8665,-0.1201,43.2775,122.3455,4802
2016-09-16 00:00:00,66.65,transfer,1.0,60.4719,0.0,66.2215,66.2215,60.4719,-0.1188,43.2645,122.2337,4803
2016-09-16 01:00:00,66.49,transfer,1.0,59.9287,0.0,56.4748,56.4748,59.9287,-0.1186,43.2325,122.1198,4804
2016-09-16 02:00:00,65.48,transfer,1.0,60.3533,0.0,51.4121,51.4121,60.3533,-0.1187,43.1968,122.0125,4805
2016-09-16 03:00:00,66.53,transfer,1.0,61.8105,0.0,64.425,64.425,61.8105,-0.1187,43.1155,121.8654,4806
2016-09-16 04:00:00,88.2,transfer,1.0,64.6753,0.0,80.2664,80.2664,64.6753,-0.1186,42.853,121.542,4807
2016-09-16 05:00:00,99.51,transfer,1.0,70.6885,0.0,57.7883,57.7883,70.6885,-0.1196,42.5943,121.2211,4808
2016-09-16 06:00:00,105.9,transfer,1.0,78.8971,0.0,76.828,76.828,78.8971,-0.1207,42.3165,120.8835,4809
2016-09-16 07:00:00,117.9,transfer,1.0,86.9072,0.0,94.7953,94.7953,86.9072,-0.1217,42.0153,120.5358,4810
2016-09-16 08:00:00,133.53,transfer,1.0,93.0015,0.0,90.5555,90.5555,93.0015,-0.1225,41.6889,120.1775,4811
2016-09-16 09:00:00,131.99,transfer,1.0,96.8492,0.0,80.7284,80.7284,96.8492,-0.1227,41.285,119.7513,4812
2016-09-16 10:00:00,134.05,transfer,1.0,98.7108,0.0,97.0913,97.0913,98.7108,-0.1228,40.7679,119.216,4813
2016-09-16 11:00:00,146.27,transfer,1.0,99.2286,0.0,93.511,93.511,99.2286,-0.1228,40.3091,118.7382,4814
2016-09-16 12:00:00,141.1,transfer,1.0,98.8319,0.0,90.4588,90.4588,98.8319,-0.1229,39.8737,118.279,4815
2016-09-16 13:00:00,134.35,transfer,1.0,98.0288,0.0,88.1755,88.1755,98.0288,-0.123,39.477,117.8526,4816
2016-09-16 14:00:00,139.81,transfer,1.0,96.4912,0.0,102.2782,102.2782,96.4912,-0.1228,39.0757,117.412,4817
2016-09-16 15:00:00,135.21,transfer,1.0,93.8487,0.0,96.5383,96.5383,93.8487,-0.1226,38.7533,117.0345,4818
2016-09-16 16:00:00,121.86,transfer,1.0,90.4398,0.0,78.4558,78.4558,90.4398,-0.1225,38.4065,116.613,4819
2016-09-16 17:00:00,111.08,transfer,1.0,86.13,0.0,91.5565,91.5565,86.13,-0.1225,38.0608,116.1696,4820
2016-09-16 18:00:00,79.87,transfer,1.0,80.8327,0.0,83.524,83.524,80.8327,-0.1224,37.8548,115.9353,4821
2016-09-16 19:00:00,79.05,transfer,1.0,74.1411,0.0,62.831,62.831,74.1411,-0.1217,37.8528,115.7776,4822
2016-09-16 20:00:00,76.54,transfer,1.0,68.1925,0.0,72.428,72.428,68.1925,-0.1212,37.8988,115.6398,4823
2016-09-16 21:00:00,62.01,transfer,1.0,64.4358,0.0,65.544,65.544,64.4358,-0.1205,37.8489,115.5069,4824
2016-09-16 22:00:00,61.95,transfer,1.0,62.0367,0.0,64.5945,64.5945,62.0367,-0.1195,37.8365,115.3612,4825
2016-09-16 23:00:00,63.19,transfer,1.0,60.2665,0.0,60.2305,60.2305,60.2665,-0.1179,37.8084,115.2078,4826
2016-09-17 00:00:00,61.1,transfer,1.0,59.3661,0.0,62.8998,62.8998,59.3661,-0.116,37.7635,115.0638,4827
2016-09-17 01:00:00,62.55,transfer,1.0,58.2173,0.0,47.2228,47.2228,58.2173,-0.115,37.6163,114.8362,4828
2016-09-17 02:00:00,61.3,transfer,1.0,57.5581,0.0,59.2834,59.2834,57.5581,-0.1134,37.5429,114.6952,4829
2016-09-17 03:00:00,63.31,transfer,1.0,57.4858,0.0,59.4796,59.4796,57.4858,-0.1095,37.4282,114.5172,4830
2016-09-17 04:00:00,89.13,transfer,1.0,58.0738,0.0,66.9523,66.9523,58.0738,-0.1086,37.2077,114.2391,4831
2016-09-17 05:00:00,94.13,transfer,1.0,59.6296,0.0,62.0321,62.0321,59.6296,-0.1169,36.948,113.9201,4832
2016-09-17 06:00:00,82.85,transfer,1.0,62.7985,0.0,63.7245,63.7245,62.7985,-0.1187,36.6707,113.578,4833
2016-09-17 07:00:00,85.23,transfer,1.0,66.1544,0.0,53.1916,53.1916,66.1544,-0.1204,36.4676,113.3032,4834
2016-09-17 08:00:00,74.85,transfer,1.0,68.1599,0.0,65.1276,65.1276,68.1599,-0.1219,36.175,112.9266,4835
2016-09-17 09:00:00,77.86,transfer,1.0,68.5288,0.0,78.9555,78.9555,68.5288,-0.1229,35.8902,112.5442,4836
2016-09-17 10:00:00,87.99,transfer,1.0,67.1405,0.0,64.9029,64.9029,67.1405,-0.1235,35.6232,112.1636,4837
2016-09-17 11:00:00,82.82,transfer,1.0,65.5989,0.0,71.8952,71.8952,65.5989,-0.1239,35.2976,111.7121,4838
2016-09-17 12:00:00,102.63,transfer,1.0,64.5106,0.0,68.8302,68.8302,64.5106,-0.1242,35.0785,111.3617,4839
2016-09-17 13:00:00,98.35,transfer,1.0,63.3481,0.0,63.2213,63.2213,63.3481,-0.1244,34.8726,111.0202,4840
2016-09-17 14:00:00,99.76,transfer,1.0,62.8492,0.0,68.609,68.609,62.8492,-0.1246,34.6678,110.6824,4841
2016-09-17 15:00:00,104.78,transfer,1.0,62.1523,0.0,61.3243,61.3243,62.1523,-0.1245,34.4769,110.3646,4842
2016-09-17 16:00:00,91.62,transfer,1.0,61.1915,0.0,52.795,52.795,61.1915,-0.1244,34.1864,109.9596,4843
2016-09-17 17:00:00,105.51,transfer,1.0,60.3358,0.0,62.2731,62.2731,60.3358,-0.124,33.7765,109.6419,4844
2016-09-17 18:00:00,75.81,transfer,1.0,59.1843,0.0,60.033,60.033,59.1843,-0.1234,33.548,109.5196,4845
2016-09-17 19:00:00,74.81,transfer,1.0,58.5494,0.0,63.2702,63.2702,58.5494,-0.1224,33.3029,109.3822,4846
2016-09-17 20:00:00,78.55,transfer,1.0,57.7062,0.0,54.6192,54.6192,57.7062,-0.1213,33.0765,109.2661,4847
2016-09-17 21:00:00,65.81,transfer,1.0,56.7081,0.0,57.0695,57.0695,56.7081,-0.1203,32.9008,109.1839,4848
2016-09-17 22:00:00,64.31,transfer,1.0,56.2126,0.0,38.7067,38.7067,56.2126,-0.1189,32.7721,109.0958,4849
2016-09-17 23:00:00,63.95,transfer,1.0,55.6833,0.0,56.4122,56.4122,55.6833,-0.1174,32.7244,109.0321,4850
2016-09-18 00:00:00,65.64,transfer,1.0,55.3003,0.0,60.5259,60.5259,55.3003,-0.116,32.6528,108.9402,4851
2016-09-18 01:00:00,65.18,transfer,1.0,55.3502,0.0,53.8796,53.8796,55.3502,-0.1147,32.5694,108.8378,4852
2016-09-18 02:00:00,64.2,transfer,1.0,55.8249,0.0,57.7026,57.7026,55.8249,-0.114,32.4754,108.7263,4853
2016-09-18 03:00:00,65.15,transfer,1.0,56.7392,0.0,62.7339,62.7339,56.7392,-0.1134,32.4008,108.6372,4854
2016-09-18 04:00:00,98.43,transfer,1.0,57.9355,0.0,59.8829,59.8829,57.9355,-0.1131,32.1835,108.4073,4855
2016-09-18 05:00:00,107.57,transfer,1.0,59.8167,0.0,65.7657,65.7657,59.8167,-0.1147,31.964,108.1779,4856
2016-09-18 06:00:00,104.2,transfer,1.0,63.5727,0.0,74.2021,74.2021,63.5727,-0.1165,31.7726,107.9753,4857
2016-09-18 07:00:00,86.81,transfer,1.0,67.898,0.0,69.6767,69.6767,67.898,-0.1179,31.5633,107.752,4858
2016-09-18 08:00:00,89.39,transfer,1.0,71.1658,0.0,64.415,64.415,71.1658,-0.1192,31.3605,107.5297,4859
2016-09-18 09:00:00,98.75,transfer,1.0,71.4219,0.0,76.6733,76.6733,71.4219,-0.1202,31.2279,107.3659,4860
2016-09-18 10:00:00,87.57,transfer,1.0,70.5149,0.0,74.1419,74.1419,70.5149,-0.121,31.0551,107.1525,4861
2016-09-18 11:00:00,104.61,transfer,1.0,70.0459,0.0,81.7174,81.7174,70.0459,-0.1218,31.012,107.0683,4862
2016-09-18 12:00:00,112.46,transfer,1.0,68.875,0.0,74.7866,74.7866,68.875,-0.1225,31.0787,107.0922,4863
2016-09-18 13:00:00,103.6,transfer,1.0,68.4381,0.0,67.9447,67.9447,68.4381,-0.123,31.0215,106.9996,4864
2016-09-18 14:00:00,121.49,transfer,1.0,68.3833,0.0,64.7546,64.7546,68.3833,-0.1234,31.0624,107.0182,4865
2016-09-18 15:00:00,119.66,transfer,1.0,67.6065,0.0,69.8043,69.8043,67.6065,-0.1237,31.1124,107.0529,4866
2016-09-18 16:00:00,111.9,transfer,1.0,67.0894,0.0,63.6567,63.6567,67.0894,-0.1241,31.0781,107.0096,4867
2016-09-18 17:00:00,116.76,transfer,1.0,66.4679,0.0,68.6829,68.6829,66.4679,-0.1242,31.1222,107.0505,4868
2016-09-18 18:00:00,89.23,transfer,1.0,65.2087,0.0,66.0285,66.0285,65.2087,-0.1243,31.1579,107.0836,4869
2016-09-18 19:00:00,89.22,transfer,1.0,63.8943,0.0,66.2273,66.2273,63.8943,-0.124,31.2712,107.1937,4870
2016-09-18 20:00:00,76.57,transfer,1.0,62.1591,0.0,63.8904,63.8904,62.1591,-0.1232,31.2227,107.1429,4871
2016-09-18 21:00:00,67.97,transfer,1.0,60.5425,0.0,64.5679,64.5679,60.5425,-0.1225,31.2403,107.1615,4872
2016-09-18 22:00:00,68.06,transfer,1.0,58.944,0.0,58.1809,58.1809,58.944,-0.1215,31.2567,107.1781,4873
2016-09-18 23:00:00,65.73,transfer,1.0,57.4804,0.0,56.2599,56.2599,57.4804,-0.1205,31.2678,107.1896,4874
2016-09-19 00:00:00,65.24,transfer,1.0,56.6068,0.0,52.6633,52.6633,56.6068,-0.1195,31.2782,107.2025,4875
2016-09-19 01:00:00,66.25,transfer,1.0,57.0391,0.0,58.6115,58.6115,57.0391,-0.1181,31.2874,107.2175,4876
2016-09-19 02:00:00,66.23,transfer,1.0,58.4441,0.0,58.5921,58.5921,58.4441,-0.0976,31.2948,107.235,4877
2016-09-19 03:00:00,67.24,transfer,1.0,60.8876,0.0,67.8792,67.8792,60.8876,0.4132,31.31,107.2636,4878
2016-09-19 04:00:00,113.73,transfer,1.0,64.3374,0.0,73.0685,73.0685,64.3374,1.9185,31.4123,107.3778,4879
2016-09-19 05:00:00,127.37,transfer,1.0,69.6947,0.0,59.9895,59.9895,69.6947,2.5214,31.5172,107.5005,4880
2016-09-19 06:00:00,147.58,transfer,1.0,79.0048,0.0,64.9502,64.9502,79.0048,2.1641,31.6602,107.6857,4881
2016-09-19 07:00:00,162.0,transfer,1.0,88.4755,0.0,73.9519,73.9519,88.4755,1.228,31.858,107.9524,4882
2016-09-19 08:00:00,166.06,transfer,1.0,95.4626,0.0,96.1756,96.1756,95.4626,0.2575,31.9063,108.082,4883
2016-09-19 09:00:00,177.47,transfer,1.0,99.8191,0.0,106.216,106.216,99.8191,-0.102,31.9221,108.1766,4884
2016-09-19 10:00:00,178.52,transfer,1.0,101.9459,0.0,121.4565,121.4565,101.9459,-0.1189,31.9491,108.2659,4885
2016-09-19 11:00:00,166.56,transfer,1.0,103.0268,0.0,123.6492,123.6492,103.0268,-0.1209,31.8835,108.2466,4886
2016-09-19 12:00:00,156.8,transfer,1.0,103.4546,0.0,103.0793,103.0793,103.4546,-0.1225,31.7892,108.1879,4887
2016-09-19 13:00:00,147.06,transfer,1.0,103.4357,0.0,103.054,103.054,103.4357,-0.1236,31.6535,108.0807,4888
2016-09-19 14:00:00,159.1,transfer,1.0,102.9144,0.0,91.192,91.192,102.9144,-0.1238,31.5532,108.0049,4889
2016-09-19 15:00:00,149.4,transfer,1.0,101.9929,0.0,107.8403,107.8403,101.9929,-0.1242,31.4277,107.9015,4890
2016-09-19 16:00:00,143.14,transfer,1.0,100.5602,0.0,120.0892,120.0892,100.5602,-0.1246,31.3271,107.8217,4891
2016-09-19 17:00:00,131.62,transfer,1.0,98.1394,0.0,90.4994,90.4994,98.1394,-0.1247,31.1771,107.6894,4892
2016-09-19 18:00:00,85.85,transfer,1.0,94.3771,0.0,79.5358,79.5358,94.3771,-0.1249,31.227,107.6521,4893
2016-09-19 19:00:00,99.39,transfer,1.0,87.3944,0.0,73.1474,73.1474,87.3944,-0.1247,31.2972,107.7234,4894
2016-09-19 20:00:00,81.2,transfer,1.0,77.1118,0.0,83.4303,83.4303,77.1118,-0.1243,31.3214,107.7399,4895
2016-09-19 21:00:00,67.89,transfer,1.0,70.1262,0.0,74.1462,74.1462,70.1262,-0.1242,31.3121,107.746,4896
2016-09-19 22:00:00,68.09,transfer,1.0,64.8987,0.0,67.8906,67.8906,64.8987,-0.124,31.3186,107.7548,4897
2016-09-19 23:00:00,68.32,transfer,1.0,61.2705,0.0,60.8311,60.8311,61.2705,-0.1236,31.329,107.7699,4898
2016-09-20 00:00:00,67.67,transfer,1.0,59.2197,0.0,53.5338,53.5338,59.2197,-0.1231,31.3351,107.7831,4899
2016-09-20 01:00:00,68.97,transfer,1.0,58.5875,0.0,70.554,70.554,58.5875,-0.1226,31.3468,107.8061,4900
2016-09-20 02:00:00,65.62,transfer,1.0,58.9548,0.0,59.7206,59.7206,58.9548,-0.1216,31.3413,107.8168,4901
2016-09-20 03:00:00,66.12,transfer,1.0,60.5442,0.0,53.9343,53.9343,60.5442,-0.1207,31.3226,107.821,4902
2016-09-20 04:00:00,95.1,transfer,1.0,63.4101,0.0,58.005,58.005,63.4101,-0.1198,31.2452,107.774,4903
2016-09-20 05:00:00,107.61,transfer,1.0,69.7632,0.0,72.6632,72.6632,69.7632,-0.1206,31.1697,107.7414,4904
2016-09-20 06:00:00,128.28,transfer,1.0,79.337,0.0,93.4576,93.4576,79.337,-0.1217,31.133,107.758,4905
2016-09-20 07:00:00,127.74,transfer,1.0,88.8286,0.0,79.9974,79.9974,88.8286,-0.1227,31.0741,107.7555,4906
2016-09-20 08:00:00,144.94,transfer,1.0,95.8218,0.0,81.6176,81.6176,95.8218,-0.1235,30.9458,107.6754,4907
2016-09-20 09:00:00,156.24,transfer,1.0,99.9336,0.0,115.0993,115.0993,99.9336,-0.1236,30.8326,107.5963,4908
2016-09-20 10:00:00,146.14,transfer,1.0,101.9688,0.0,97.2439,97.2439,101.9688,-0.1236,30.6038,107.3891,4909
2016-09-20 11:00:00,160.81,transfer,1.0,102.8877,0.0,101.462,101.462,102.8877,-0.1234,30.5377,107.3362,4910
2016-09-20 12:00:00,165.14,transfer,1.0,103.1463,0.0,114.9444,114.9444,103.1463,-0.1232,30.476,107.2816,4911
2016-09-20 13:00:00,154.29,transfer,1.0,103.1491,0.0,107.2281,107.2281,103.1491,-0.1232,30.3057,107.1157,4912
2016-09-20 14:00:00,155.03,transfer,1.0,102.9283,0.0,88.0746,88.0746,102.9283,-0.1232,30.1294,106.9421,4913
2016-09-20 15:00:00,152.01,transfer,1.0,102.4048,0.0,85.8942,85.8942,102.4048,-0.1234,29.9693,106.783,4914
2016-09-20 16:00:00,147.29,transfer,1.0,101.5028,0.0,114.3562,114.3562,101.5028,-0.1235,29.7886,106.5999,4915
2016-09-20 17:00:00,123.13,transfer,1.0,100.0306,0.0,107.9893,107.9893,100.0306,-0.1236,29.5947,106.3986,4916
2016-09-20 18:00:00,93.86,transfer,1.0,97.4539,0.0,105.8011,105.8011,97.4539,-0.1235,29.5771,106.3218,4917
2016-09-20 19:00:00,95.3,transfer,1.0,90.8904,0.0,98.7804,98.7804,90.8904,-0.1229,29.5995,106.3048,4918
2016-09-20 20:00:00,77.97,transfer,1.0,80.8145,0.0,69.7006,69.7006,80.8145,-0.1228,29.6127,106.2284,4919
2016-09-20 21:00:00,69.75,transfer,1.0,72.1156,0.0,76.2236,76.2236,72.1156,-0.1226,29.5719,106.2083,4920
2016-09-20 22:00:00,70.2,transfer,1.0,65.6881,0.0,57.5749,57.5749,65.6881,-0.1216,29.5958,106.194,4921
2016-09-20 23:00:00,69.7,transfer,1.0,61.94,0.0,59.8542,59.8542,61.94,-0.1203,29.608,106.18,4922
2016-09-21 00:00:00,68.97,transfer,1.0,60.1744,0.0,67.0561,67.0561,60.1744,-0.1189,29.6163,106.175,4923
2016-09-21 01:00:00,69.16,transfer,1.0,59.6152,0.0,50.9591,50.9591,59.6152,-0.1172,29.6197,106.1733,4924
2016-09-21 02:00:00,69.49,transfer,1.0,60.1674,0.0,55.6947,55.6947,60.1674,-0.1017,29.6289,106.1844,4925
2016-09-21 03:00:00,68.4,transfer,1.0,61.9261,0.0,54.359,54.359,61.9261,-0.0642,29.626,106.1903,4926
2016-09-21 04:00:00,101.33,transfer,1.0,65.425,0.0,72.8096,72.8096,65.425,0.0675,29.5526,106.1344,4927
2016-09-21 05:00:00,111.1,transfer,1.0,72.578,0.0,62.5298,62.5298,72.578,0.0722,29.4618,106.071,4928
2016-09-21 06:00:00,128.19,transfer,1.0,82.6665,0.0,78.9114,78.9114,82.6665,-0.027,29.437,106.0795,4929
2016-09-21 07:00:00,124.86,transfer,1.0,91.5169,0.0,104.938,104.938,91.5169,-0.1008,29.326,106.0003,4930
2016-09-21 08:00:00,142.07,transfer,1.0,97.3912,0.0,99.4334,99.4334,97.3912,-0.118,29.2506,105.9506,4931
2016-09-21 09:00:00,158.93,transfer,1.0,100.5436,0.0,112.7274,112.7274,100.5436,-0.1192,29.1455,105.8632,4932
2016-09-21 10:00:00,156.98,transfer,1.0,102.1332,0.0,95.2993,95.2993,102.1332,-0.1201,28.9737,105.7041,4933
2016-09-21 11:00:00,157.09,transfer,1.0,102.9172,0.0,118.1123,118.1123,102.9172,-0.1211,28.7448,105.4844,4934
2016-09-21 12:00:00,162.73,transfer,1.0,103.2927,0.0,104.3877,104.3877,103.2927,-0.1218,28.6568,105.4029,4935
2016-09-21 13:00:00,164.58,transfer,1.0,103.3563,0.0,95.7489,95.7489,103.3563,-0.1223,28.5699,105.3201,4936
2016-09-21 14:00:00,163.31,transfer,1.0,103.227,0.0,88.7052,88.7052,103.227,-0.1228,28.4396,105.1921,4937
2016-09-21 15:00:00,149.72,transfer,1.0,102.9253,0.0,110.3641,110.3641,102.9253,-0.123,28.3095,105.0635,4938
2016-09-21 16:00:00,146.2,transfer,1.0,102.3727,0.0,108.8696,108.8696,102.3727,-0.1231,28.1489,104.9109,4939
2016-09-21 17:00:00,137.31,transfer,1.0,101.2949,0.0,90.5863,90.5863,101.2949,-0.1232,27.9696,104.7533,4940
2016-09-21 18:00:00,89.94,transfer,1.0,99.3896,0.0,107.6196,107.6196,99.3896,-0.1232,28.0067,104.7097,4941
2016-09-21 19:00:00,83.66,transfer,1.0,94.9958,0.0,95.4764,95.4764,94.9958,-0.1226,28.0702,104.6144,4942
2016-09-21 20:00:00,91.24,transfer,1.0,86.4637,0.0,82.3771,82.3771,86.4637,-0.1222,28.0763,104.6213,4943
2016-09-21 21:00:00,74.24,transfer,1.0,76.3631,0.0,82.5791,82.5791,76.3631,-0.1218,27.9756,104.6647,4944
2016-09-21 22:00:00,69.4,transfer,1.0,69.8253,0.0,73.5045,73.5045,69.8253,-0.1208,27.9195,104.6782,4945
2016-09-21 23:00:00,66.77,transfer,1.0,65.9307,0.0,73.8103,73.8103,65.9307,-0.1193,27.916,104.6715,4946
2016-09-22 00:00:00,69.12,transfer,1.0,63.602,0.0,61.1441,61.1441,63.602,-0.1174,27.9314,104.6804,4947
2016-09-22 01:00:00,67.72,transfer,1.0,62.4053,0.0,57.4971,57.4971,62.4053,-0.1165,27.9351,104.685,4948
2016-09-22 02:00:00,66.42,transfer,1.0,62.6208,0.0,59.6885,59.6885,62.6208,-0.1163,27.9282,104.6859,4949
2016-09-22 03:00:00,64.83,transfer,1.0,64.2111,0.0,69.9165,69.9165,64.2111,-0.1159,27.8986,104.6712,4950
2016-09-22 04:00:00,90.77,transfer,1.0,67.2337,0.0,63.3055,63.3055,67.2337,-0.1147,27.7917,104.5867,4951
2016-09-22 05:00:00,104.59,transfer,1.0,74.2159,0.0,82.244,82.244,74.2159,-0.1157,27.6931,104.5162,4952
2016-09-22 06:00:00,106.24,transfer,1.0,83.8659,0.0,100.7745,100.7745,83.8659,-0.1169,27.5736,104.4232,4953
2016-09-22 07:00:00,107.87,transfer,1.0,92.4746,0.0,89.3034,89.3034,92.4746,-0.1182,27.429,104.299,4954
2016-09-22 08:00:00,136.41,transfer,1.0,97.7399,0.0,112.2914,112.2914,97.7399,-0.1194,27.3554,104.2371,4955
2016-09-22 09:00:00,155.5,transfer,1.0,100.4647,0.0,115.9373,115.9373,100.4647,-0.1202,27.2717,104.1586,4956
2016-09-22 10:00:00,155.75,transfer,1.0,101.8815,0.0,108.6162,108.6162,101.8815,-0.1209,27.2411,104.1301,4957
2016-09-22 11:00:00,165.07,transfer,1.0,102.6485,0.0,90.2259,90.2259,102.6485,-0.1215,27.2664,104.1559,4958
2016-09-22 12:00:00,169.02,transfer,1.0,102.9976,0.0,100.5393,100.5393,102.9976,-0.1221,27.3423,104.2319,4959
2016-09-22 13:00:00,171.52,transfer,1.0,103.148,0.0,123.3519,123.3519,103.148,-0.1226,27.4934,104.3836,4960
2016-09-22 14:00:00,164.58,transfer,1.0,103.132,0.0,95.6451,95.6451,103.132,-0.123,27.5362,104.4285,4961
2016-09-22 15:00:00,153.95,transfer,1.0,102.9494,0.0,102.4946,102.4946,102.9494,-0.1233,27.5683,104.4667,4962
2016-09-22 16:00:00,157.86,transfer,1.0,102.4398,0.0,97.4038,97.4038,102.4398,-0.1235,27.7147,104.6239,4963
2016-09-22 17:00:00,147.61,transfer,1.0,101.419,0.0,105.5184,105.5184,101.419,-0.1234,27.8171,104.745,4964
2016-09-22 18:00:00,96.42,transfer,1.0,99.908,0.0,99.5501,99.5501,99.908,-0.1234,27.7917,104.8041,4965
2016-09-22 19:00:00,89.32,transfer,1.0,96.4199,0.0,105.6788,105.6788,96.4199,-0.1232,27.8211,104.8318,4966
2016-09-22 20:00:00,84.51,transfer,1.0,88.8253,0.0,97.6593,97.6593,88.8253,-0.1229,27.8293,104.8598,4967
2016-09-22 21:00:00,65.75,transfer,1.0,79.4761,0.0,76.6025,76.6025,79.4761,-0.1225,27.8845,104.8636,4968
2016-09-22 22:00:00,65.52,transfer,1.0,71.6457,0.0,74.6805,74.6805,71.6457,-0.1223,27.9154,104.8623,4969
2016-09-22 23:00:00,65.77,transfer,1.0,66.1731,0.0,66.5199,66.5199,66.1731,-0.1218,27.8953,104.863,4970
2016-09-23 00:00:00,64.24,transfer,1.0,63.2529,0.0,57.8854,57.8854,63.2529,-0.1213,27.8644,104.8487,4971
2016-09-23 01:00:00,64.13,transfer,1.0,61.7913,0.0,59.0094,59.0094,61.7913,-0.1214,27.8393,104.8346,4972
2016-09-23 02:00:00,65.4,transfer,1.0,61.392,0.0,53.2465,53.2465,61.392,-0.1218,27.8326,104.8342,4973
2016-09-23 03:00:00,64.84,transfer,1.0,62.0531,0.0,52.6877,52.6877,62.0531,-0.1218,27.8211,104.8241,4974
2016-09-23 04:00:00,96.85,transfer,1.0,64.2411,0.0,54.6175,54.6175,64.2411,-0.1219,27.8752,104.8756,4975
2016-09-23 05:00:00,116.99,transfer,1.0,69.5132,0.0,74.6751,74.6751,69.5132,-0.1225,27.9862,104.9797,4976
2016-09-23 06:00:00,124.08,transfer,1.0,78.594,0.0,70.9749,70.9749,78.594,-0.1232,28.0962,105.0879,4977
2016-09-23 07:00:00,110.62,transfer,1.0,88.3642,0.0,90.7478,90.7478,88.3642,-0.1236,28.0442,105.0446,4978
2016-09-23 08:00:00,138.88,transfer,1.0,95.49,0.0,73.5165,73.5165,95.49,-0.1239,28.0613,105.0765,4979
2016-09-23 09:00:00,159.18,transfer,1.0,99.3284,0.0,92.2132,92.2132,99.3284,-0.1237,28.2084,105.2383,4980
2016-09-23 10:00:00,152.99,transfer,1.0,101.2218,0.0,98.0713,98.0713,101.2218,-0.1237,28.3062,105.3511,4981
2016-09-23 11:00:00,168.03,transfer,1.0,102.1999,0.0,117.1448,117.1448,102.1999,-0.1238,28.418,105.4806,4982
2016-09-23 12:00:00,167.36,transfer,1.0,102.6111,0.0,83.6059,83.6059,102.6111,-0.1237,28.5518,105.6369,4983
2016-09-23 13:00:00,167.04,transfer,1.0,102.7052,0.0,95.4838,95.4838,102.7052,-0.1238,28.7185,105.8315,4984
2016-09-23 14:00:00,173.11,transfer,1.0,102.4716,0.0,121.2187,121.2187,102.4716,-0.124,28.8812,106.0297,4985
2016-09-23 15:00:00,159.5,transfer,1.0,102.0035,0.0,96.5774,96.5774,102.0035,-0.1241,28.9772,106.1743,4986
2016-09-23 16:00:00,158.54,transfer,1.0,101.2339,0.0,84.0011,84.0011,101.2339,-0.1242,29.1313,106.3926,4987
2016-09-23 17:00:00,142.94,transfer,1.0,99.8557,0.0,108.0236,108.0236,99.8557,-0.1243,29.2392,106.5823,4988
2016-09-23 18:00:00,87.78,transfer,1.0,97.8146,0.0,120.0516,120.0516,97.8146,-0.1243,29.2932,106.6294,4989
2016-09-23 19:00:00,94.52,transfer,1.0,93.4485,0.0,89.7794,89.7794,93.4485,-0.1242,29.2704,106.7215,4990
2016-09-23 20:00:00,90.9,transfer,1.0,84.5213,0.0,84.2579,84.2579,84.5213,-0.1241,29.2587,106.807,4991
2016-09-23 21:00:00,67.68,transfer,1.0,75.735,0.0,80.1976,80.1976,75.735,-0.1242,29.2922,106.8408,4992
2016-09-23 22:00:00,66.69,transfer,1.0,69.3794,0.0,70.466,70.466,69.3794,-0.1241,29.3077,106.869,4993
2016-09-23 23:00:00,65.37,transfer,1.0,64.6036,0.0,57.8338,57.8338,64.6036,-0.1238,29.2948,106.882,4994
2016-09-24 00:00:00,65.9,transfer,1.0,61.715,0.0,54.2564,54.2564,61.715,-0.1234,29.3094,106.9106,4995
2016-09-24 01:00:00,63.97,transfer,1.0,59.2515,0.0,67.8358,67.8358,59.2515,-0.1232,29.3117,106.9191,4996
2016-09-24 02:00:00,64.12,transfer,1.0,57.6447,0.0,40.6938,40.6938,57.6447,-0.1234,29.328,106.936,4997
2016-09-24 03:00:00,64.47,transfer,1.0,56.6056,0.0,51.6669,51.6669,56.6056,-0.1236,29.3401,106.943,4998
2016-09-24 04:00:00,100.76,transfer,1.0,56.288,0.0,54.5845,54.5845,56.288,-0.1238,29.42,107.0123,4999
2016-09-24 05:00:00,112.82,transfer,1.0,57.1089,0.0,49.8345,49.8345,57.1089,-0.1241,29.5462,107.1236,5000
2016-09-24 06:00:00,105.65,transfer,1.0,60.1762,0.0,53.6099,53.6099,60.1762,-0.1245,29.6976,107.2593,5001
2016-09-24 07:00:00,91.33,transfer,1.0,64.6539,0.0,65.9164,65.9164,64.6539,-0.1246,29.7428,107.2957,5002
2016-09-24 08:00:00,88.21,transfer,1.0,68.942,0.0,70.6402,70.6402,68.942,-0.1248,29.8177,107.3752,5003
2016-09-24 09:00:00,106.5,transfer,1.0,71.0682,0.0,63.126,63.126,71.0682,-0.1247,29.973,107.5457,5004
2016-09-24 10:00:00,91.68,transfer,1.0,70.6988,0.0,60.9964,60.9964,70.6988,-0.1248,29.9738,107.5677,5005
2016-09-24 11:00:00,97.37,transfer,1.0,70.2892,0.0,83.924,83.924,70.2892,-0.125,30.0325,107.6543,5006
2016-09-24 12:00:00,93.96,transfer,1.0,68.8708,0.0,65.5907,65.5907,68.8708,-0.1251,29.9549,107.6027,5007
2016-09-24 13:00:00,81.9,transfer,1.0,67.1704,0.0,71.7123,71.7123,67.1704,-0.1252,29.8343,107.5048,5008
2016-09-24 14:00:00,94.36,transfer,1.0,65.0909,0.0,69.9676,69.9676,65.0909,-0.1253,29.7888,107.4726,5009
2016-09-24 15:00:00,82.4,transfer,1.0,62.2715,0.0,64.7767,64.7767,62.2715,-0.1252,29.6549,107.3394,5010
2016-09-24 16:00:00,85.35,transfer,1.0,60.3497,0.0,52.9223,52.9223,60.3497,-0.1252,29.6226,107.3021,5011
2016-09-24 17:00:00,88.04,transfer,1.0,58.5813,0.0,67.9085,67.9085,58.5813,-0.1249,29.529,107.1981,5012
2016-09-24 18:00:00,64.39,transfer,1.0,57.1579,0.0,53.5109,53.5109,57.1579,-0.1244,29.4731,107.1301,5013
2016-09-24 19:00:00,77.28,transfer,1.0,56.4138,0.0,51.6355,51.6355,56.4138,-0.1235,29.5005,107.1448,5014
2016-09-24 20:00:00,71.22,transfer,1.0,55.6988,0.0,64.3315,64.3315,55.6988,-0.1225,29.4688,107.1012,5015
2016-09-24 21:00:00,60.72,transfer,1.0,55.3297,0.0,50.1351,50.1351,55.3297,-0.1217,29.4467,107.0709,5016
2016-09-24 22:00:00,64.28,transfer,1.0,55.0221,0.0,60.6504,60.6504,55.0221,-0.1204,29.4536,107.0708,5017
2016-09-24 23:00:00,60.96,transfer,1.0,54.5537,0.0,47.1295,47.1295,54.5537,-0.1187,29.4426,107.053,5018
2016-09-25 00:00:00,60.45,transfer,1.0,54.3672,0.0,56.7154,56.7154,54.3672,-0.1171,29.4172,107.0221,5019
2016-09-25 01:00:00,61.63,transfer,1.0,54.5074,0.0,52.9003,52.9003,54.5074,-0.116,29.4011,107.001,5020
2016-09-25 02:00:00,61.99,transfer,1.0,54.8914,0.0,45.6255,45.6255,54.8914,-0.1156,29.3935,106.9878,5021
2016-09-25 03:00:00,62.18,transfer,1.0,55.6503,0.0,49.3174,49.3174,55.6503,-0.1156,29.3823,106.9702,5022
2016-09-25 04:00:00,67.49,transfer,1.0,56.9657,0.0,61.1949,61.1949,56.9657,-0.1144,29.2039,106.786,5023
2016-09-25 05:00:00,70.47,transfer,1.0,58.9107,0.0,53.6783,53.6783,58.9107,-0.1152,28.9885,106.5652,5024
2016-09-25 06:00:00,69.16,transfer,1.0,61.0157,0.0,60.9602,60.9602,61.0157,-0.1158,28.7951,106.3566,5025
2016-09-25 07:00:00,61.47,transfer,1.0,62.7898,0.0,56.5194,56.5194,62.7898,-0.1167,28.6904,106.2057,5026
2016-09-25 08:00:00,69.04,transfer,1.0,64.2795,0.0,69.2762,69.2762,64.2795,-0.1174,28.6103,106.0846,5027
2016-09-25 09:00:00,67.67,transfer,1.0,64.0644,0.0,76.0561,76.0561,64.0644,-0.1177,28.4691,105.8996,5028
2016-09-25 10:00:00,68.62,transfer,1.0,63.5176,0.0,74.2542,74.2542,63.5176,-0.118,28.3979,105.7868,5029
2016-09-25 11:00:00,68.48,transfer,1.0,62.9284,0.0,55.1345,55.1345,62.9284,-0.1181,28.2252,105.5717,5030
2016-09-25 12:00:00,75.08,transfer,1.0,62.1567,0.0,61.7727,61.7727,62.1567,-0.1186,28.0427,105.3492,5031
2016-09-25 13:00:00,76.84,transfer,1.0,61.3139,0.0,62.6234,62.6234,61.3139,-0.1193,27.9258,105.1899,5032
2016-09-25 14:00:00,71.48,transfer,1.0,60.6666,0.0,63.3538,63.3538,60.6666,-0.1197,27.6741,104.8922,5033
2016-09-25 15:00:00,84.12,transfer,1.0,60.0026,0.0,72.1903,72.1903,60.0026,-0.1201,27.5078,104.6806,5034
2016-09-25 16:00:00,79.74,transfer,1.0,59.1915,0.0,63.4007,63.4007,59.1915,-0.1201,27.3634,104.4891,5035
2016-09-25 17:00:00,81.65,transfer,1.0,58.7553,0.0,64.2172,64.2172,58.7553,-0.1197,27.2003,104.2801,5036
2016-09-25 18:00:00,67.89,transfer,1.0,58.2528,0.0,61.4755,61.4755,58.2528,-0.1192,27.1147,104.1531,5037
2016-09-25 19:00:00,65.71,transfer,1.0,57.8286,0.0,67.8252,67.8252,57.8286,-0.1166,27.0109,104.0131,5038
2016-09-25 20:00:00,68.94,transfer,1.0,57.4547,0.0,63.4595,63.4595,57.4547,-0.1132,26.9934,103.9676,5039
2016-09-25 21:00:00,61.35,transfer,1.0,56.9933,0.0,50.5989,50.5989,56.9933,0.1117,26.9752,103.9268,5040
2016-09-25 22:00:00,61.26,transfer,1.0,56.8579,0.0,57.055,57.055,56.8579,1.9899,26.9471,103.8738,5041
2016-09-25 23:00:00,60.51,transfer,1.0,56.7202,0.0,57.7579,57.7579,56.7202,5.5858,26.9206,103.8087,5042
2016-09-26 00:00:00,61.29,transfer,1.0,56.7885,0.0,58.2922,58.2922,56.7885,11.6401,26.896,103.7152,5043
2016-09-26 01:00:00,61.4,transfer,1.0,58.097,0.0,71.4882,71.4882,58.097,23.2205,26.8608,103.5474,5044
2016-09-26 02:00:00,60.58,transfer,1.0,60.4404,0.0,61.9249,61.9249,60.4404,42.8867,26.8153,103.2579,5045
2016-09-26 03:00:00,61.2,transfer,1.0,63.7837,0.0,59.4251,59.4251,63.7837,67.2109,26.7929,102.8959,5046
2016-09-26 04:00:00,73.85,transfer,1.0,67.8666,0.0,72.0936,72.0936,67.8666,82.4007,26.5345,102.2813,5047
2016-09-26 05:00:00,89.61,transfer,1.0,73.1614,0.0,79.0198,79.0198,73.1614,87.3976,26.2891,101.5513,5048
2016-09-26 06:00:00,95.83,transfer,1.0,79.4935,0.0,63.7995,63.7995,79.4935,88.8192,25.9781,100.7275,5049
2016-09-26 07:00:00,105.31,transfer,1.0,86.7258,0.0,71.1377,71.1377,86.7258,89.2893,25.6511,99.8659,5050
2016-09-26 08:00:00,126.15,transfer,1.0,92.4853,0.0,103.1297,103.1297,92.4853,89.472,25.4313,99.0973,5051
2016-09-26 09:00:00,128.36,transfer,1.0,96.732,0.0,116.0408,116.0408,96.732,89.5566,25.1573,98.2713,5052
2016-09-26 10:00:00,124.05,transfer,1.0,99.1412,0.0,104.5767,104.5767,99.1412,89.5962,24.8498,97.413,5053
2016-09-26 11:00:00,138.04,transfer,1.0,99.9386,0.0,92.9209,92.9209,99.9386,89.6199,24.6984,96.7091,5054
2016-09-26 12:00:00,123.66,transfer,1.0,99.6799,0.0,105.2199,105.2199,99.6799,89.6328,24.5236,95.9776,5055
2016-09-26 13:00:00,127.79,transfer,1.0,98.9279,0.0,111.1707,111.1707,98.9279,89.6439,24.4357,95.3285,5056
2016-09-26 14:00:00,124.69,transfer,1.0,96.8943,0.0,81.8639,81.8639,96.8943,89.6532,24.2668,94.5893,5057
2016-09-26 15:00:00,108.61,transfer,1.0,93.8496,0.0,104.0079,104.0079,93.8496,89.6599,24.0724,93.8121,5058
2016-09-26 16:00:00,106.51,transfer,1.0,89.4001,0.0,84.2383,84.2383,89.4001,89.6691,23.9208,93.0596,5059
2016-09-26 17:00:00,92.27,transfer,1.0,82.6204,0.0,86.5361,86.5361,82.6204,89.681,23.779,92.2908,5060
2016-09-26 18:00:00,85.34,transfer,1.0,75.4445,0.0,75.187,75.187,75.4445,89.6919,23.7871,91.8049,5061
2016-09-26 19:00:00,75.91,transfer,1.0,68.1418,0.0,79.2561,79.2561,68.1418,89.7014,23.762,91.2947,5062
2016-09-26 20:00:00,76.95,transfer,1.0,64.2724,0.0,56.3441,56.3441,64.2724,89.7061,23.8131,90.8865,5063
2016-09-26 21:00:00,61.73,transfer,1.0,61.6579,0.0,62.921,62.921,61.6579,89.7095,23.8002,90.6482,5064
2016-09-26 22:00:00,59.11,transfer,1.0,60.2158,0.0,49.5364,49.5364,60.2158,89.713,23.7878,90.4244,5065
2016-09-26 23:00:00,58.49,transfer,1.0,58.4515,0.0,51.9977,51.9977,58.4515,89.7139,23.7461,90.2028,5066
2016-09-27 00:00:00,60.35,transfer,1.0,57.4109,0.0,60.5456,60.5456,57.4109,89.6478,23.7132,89.9737,5067
2016-09-27 01:00:00,59.26,transfer,1.0,57.4822,0.0,57.4123,57.4123,57.4822,87.505,23.662,89.7305,5068
2016-09-27 02:00:00,60.25,transfer,1.0,58.8969,0.0,58.8497,58.8497,58.8969,87.5523,23.6304,89.5017,5069
2016-09-27 03:00:00,60.83,transfer,1.0,62.0546,0.0,55.5542,55.5542,62.0546,87.6042,23.6045,89.2668,5070
2016-09-27 04:00:00,74.28,transfer,1.0,67.7592,0.0,62.9516,62.9516,67.7592,87.5255,23.4547,88.7789,5071
2016-09-27 05:00:00,78.95,transfer,1.0,74.0371,0.0,78.8699,78.8699,74.0371,85.6622,23.2587,88.1776,5072
2016-09-27 06:00:00,92.82,transfer,1.0,82.2435,0.0,67.1867,67.1867,82.2435,80.5425,23.0303,87.4864,5073
2016-09-27 07:00:00,103.33,transfer,1.0,89.7084,0.0,82.3744,82.3744,89.7084,80.7697,22.8798,86.8596,5074
2016-09-27 08:00:00,122.76,transfer,1.0,95.5726,0.0,94.77,94.77,95.5726,82.8791,22.7492,86.2335,5075
2016-09-27 09:00:00,127.99,transfer,1.0,99.4362,0.0,96.0918,96.0918,99.4362,84.2393,22.584,85.5632,5076
2016-09-27 10:00:00,122.05,transfer,1.0,101.4082,0.0,89.7085,89.7085,101.4082,85.0419,22.444,84.9128,5077
2016-09-27 11:00:00,129.28,transfer,1.0,102.1061,0.0,119.2342,119.2342,102.1061,85.4395,22.2609,84.2158,5078
2016-09-27 12:00:00,124.97,transfer,1.0,101.9373,0.0,91.1825,91.1825,101.9373,85.6077,22.029,83.4664,5079
2016-09-27 13:00:00,125.85,transfer,1.0,101.1811,0.0,101.6426,101.6426,101.1811,85.6968,21.8715,82.7863,5080
2016-09-27 14:00:00,129.34,transfer,1.0,99.5299,0.0,98.0629,98.0629,99.5299,85.7113,21.7388,82.1225,5081
2016-09-27 15:00:00,126.67,transfer,1.0,96.9226,0.0,105.6337,105.6337,96.9226,85.6972,21.6206,81.4608,5082
2016-09-27 16:00:00,126.56,transfer,1.0,92.9437,0.0,114.7092,114.7092,92.9437,85.7043,21.5481,80.8265,5083
2016-09-27 17:00:00,119.15,transfer,1.0,87.678,0.0,98.7904,98.7904,87.678,85.702,21.598,80.292,5084
2016-09-27 18:00:00,83.97,transfer,1.0,81.1771,0.0,61.3549,61.3549,81.1771,85.6983,21.5932,79.7428,5085
2016-09-27 19:00:00,80.64,transfer,1.0,74.0142,0.0,55.9552,55.9552,74.0142,85.7418,21.6064,79.2052,5086
2016-09-27 20:00:00,79.21,transfer,1.0,67.0328,0.0,72.8417,72.8417,67.0328,85.8285,21.6619,78.7798,5087
2016-09-27 21:00:00,61.59,transfer,1.0,62.2474,0.0,64.7179,64.7179,62.2474,85.9006,21.6518,78.5086,5088
2016-09-27 22:00:00,61.01,transfer,1.0,59.382,0.0,55.1965,55.1965,59.382,86.0028,21.6346,78.2388,5089
2016-09-27 23:00:00,58.7,transfer,1.0,57.1579,0.0,54.2486,54.2486,57.1579,86.0937,21.5976,77.9862,5090
2016-09-28 00:00:00,59.18,transfer,1.0,55.7587,0.0,62.2898,62.2898,55.7587,86.1496,21.5656,77.7355,5091
2016-09-28 01:00:00,58.35,transfer,1.0,55.2097,0.0,50.5903,50.5903,55.2097,86.1112,21.5275,77.4884,5092
2016-09-28 02:00:00,59.94,transfer,1.0,55.6799,0.0,57.9164,57.9164,55.6799,2.9084,21.4973,77.4136,5093
2016-09-28 03:00:00,61.93,transfer,1.0,57.4987,0.0,61.3038,61.3038,57.4987,1.3564,21.4852,77.3667,5094
2016-09-28 04:00:00,84.32,transfer,1.0,61.3525,0.0,67.7017,67.7017,61.3525,2.8831,21.4082,77.2486,5095
2016-09-28 05:00:00,90.94,transfer,1.0,69.0303,0.0,61.7925,61.7925,69.0303,4.3524,21.3093,77.1032,5096
2016-09-28 06:00:00,96.74,transfer,1.0,80.3617,0.0,72.3308,72.3308,80.3617,5.3721,21.1358,76.8838,5097
2016-09-28 07:00:00,114.79,transfer,1.0,90.8435,0.0,77.279,77.279,90.8435,5.6982,21.0799,76.7894,5098
2016-09-28 08:00:00,130.89,transfer,1.0,97.4162,0.0,93.5123,93.5123,97.4162,5.2846,21.0132,76.6907,5099
2016-09-28 09:00:00,123.71,transfer,1.0,101.0265,0.0,97.5443,97.5443,101.0265,4.1707,20.8007,76.4555,5100
2016-09-28 10:00:00,121.31,transfer,1.0,102.6514,0.0,113.4265,113.4265,102.6514,2.8675,20.5853,76.2254,5101
2016-09-28 11:00:00,128.43,transfer,1.0,103.0731,0.0,112.7173,112.7173,103.0731,1.5748,20.4137,76.0447,5102
2016-09-28 12:00:00,125.36,transfer,1.0,102.8535,0.0,77.5488,77.5488,102.8535,0.483,20.1939,75.8186,5103
2016-09-28 13:00:00,120.21,transfer,1.0,102.1367,0.0,112.3371,112.3371,102.1367,-0.0553,19.9371,75.5541,5104
2016-09-28 14:00:00,132.73,transfer,1.0,100.691,0.0,100.4372,100.4372,100.691,-0.1189,19.7701,75.3721,5105
2016-09-28 15:00:00,106.92,transfer,1.0,97.9741,0.0,103.6708,103.6708,97.9741,-0.1204,19.5448,75.1173,5106
2016-09-28 16:00:00,108.09,transfer,1.0,94.1085,0.0,92.243,92.243,94.1085,-0.1212,19.3672,74.8905,5107
2016-09-28 17:00:00,104.13,transfer,1.0,87.4145,0.0,71.6343,71.6343,87.4145,-0.1214,19.2523,74.693,5108
2016-09-28 18:00:00,75.66,transfer,1.0,79.2625,0.0,85.5525,85.5525,79.2625,-0.1206,19.2175,74.6079,5109
2016-09-28 19:00:00,82.49,transfer,1.0,71.1345,0.0,71.2138,71.2138,71.1345,-0.1187,19.2176,74.6009,5110
2016-09-28 20:00:00,73.13,transfer,1.0,65.1519,0.0,61.4897,61.4897,65.1519,-0.094,19.2367,74.493,5111
2016-09-28 21:00:00,63.95,transfer,1.0,62.1336,0.0,64.2015,64.2015,62.1336,7.9732,19.2349,74.3835,5112
2016-09-28 22:00:00,62.51,transfer,1.0,60.3457,0.0,52.6182,52.6182,60.3457,5.5137,19.2452,74.309,5113
2016-09-28 23:00:00,62.36,transfer,1.0,58.4386,0.0,53.629,53.629,58.4386,5.7537,19.2635,74.2478,5114
2016-09-29 00:00:00,63.34,transfer,1.0,57.5846,0.0,52.2023,52.2023,57.5846,8.6574,19.265,74.1612,5115
2016-09-29 01:00:00,61.55,transfer,1.0,57.6254,0.0,57.2192,57.2192,57.6254,13.636,19.2567,74.0426,5116
2016-09-29 02:00:00,61.49,transfer,1.0,59.4262,0.0,65.4869,65.4869,59.4262,17.3943,19.2464,73.909,5117
2016-09-29 03:00:00,61.81,transfer,1.0,62.5765,0.0,54.2083,54.2083,62.5765,25.6987,19.2472,73.7374,5118
2016-09-29 04:00:00,80.11,transfer,1.0,69.7232,0.0,73.0654,73.0654,69.7232,37.2199,19.169,73.4517,5119
2016-09-29 05:00:00,85.41,transfer,1.0,76.286,0.0,73.6788,73.6788,76.286,51.3481,19.0425,73.0312,5120
2016-09-29 06:00:00,91.48,transfer,1.0,83.4904,0.0,91.1753,91.1753,83.4904,65.7865,18.9569,72.551,5121
2016-09-29 07:00:00,104.16,transfer,1.0,91.1656,0.0,103.8002,103.8002,91.1656,75.9975,18.9426,72.0759,5122
2016-09-29 08:00:00,122.62,transfer,1.0,96.8856,0.0,116.2758,116.2758,96.8856,81.3772,18.8656,71.5087,5123
2016-09-29 09:00:00,125.71,transfer,1.0,99.9725,0.0,109.2824,109.2824,99.9725,83.6805,18.6912,70.8326,5124
2016-09-29 10:00:00,128.77,transfer,1.0,101.4282,0.0,83.2756,83.2756,101.4282,84.6915,18.5333,70.1671,5125
2016-09-29 11:00:00,139.29,transfer,1.0,101.86,0.0,115.4093,115.4093,101.86,85.1714,18.3845,69.506,5126
2016-09-29 12:00:00,123.11,transfer,1.0,101.8327,0.0,110.2746,110.2746,101.8327,85.4078,18.1182,68.7236,5127
2016-09-29 13:00:00,124.62,transfer,1.0,101.4845,0.0,100.7366,100.7366,101.4845,85.5657,17.8489,67.9344,5128
2016-09-29 14:00:00,126.92,transfer,1.0,100.215,0.0,108.9236,108.9236,100.215,85.6065,17.6421,67.1999,5129
2016-09-29 15:00:00,116.47,transfer,1.0,97.901,0.0,105.7787,105.7787,97.901,85.6436,17.4491,66.4663,5130
2016-09-29 16:00:00,105.9,transfer,1.0,94.0505,0.0,94.4729,94.4729,94.0505,85.6988,17.1897,65.6462,5131
2016-09-29 17:00:00,88.87,transfer,1.0,88.3967,0.0,70.2989,70.2989,88.3967,85.7503,16.9176,64.7854,5132
2016-09-29 18:00:00,75.2,transfer,1.0,80.9849,0.0,84.6094,84.6094,80.9849,85.8347,16.9313,64.274,5133
2016-09-29 19:00:00,72.59,transfer,1.0,72.0889,0.0,72.0481,72.0481,72.0889,86.0502,16.892,63.8217,5134
2016-09-29 20:00:00,65.74,transfer,1.0,66.6269,0.0,71.653,71.653,66.6269,86.2995,16.8716,63.4404,5135
2016-09-29 21:00:00,59.64,transfer,1.0,63.5225,0.0,63.2655,63.2655,63.5225,86.5381,16.813,63.2084,5136
2016-09-29 22:00:00,60.22,transfer,1.0,61.3559,0.0,57.5503,57.5503,61.3559,86.8625,16.7833,62.9762,5137
2016-09-29 23:00:00,60.26,transfer,1.0,60.1731,0.0,52.5488,52.5488,60.1731,87.1069,16.7814,62.7438,5138
2016-09-30 00:00:00,58.85,transfer,1.0,59.8995,0.0,53.0161,53.0161,59.8995,87.4226,16.7818,62.5308,5139
2016-09-30 01:00:00,59.3,transfer,1.0,60.4974,0.0,58.9504,58.9504,60.4974,87.6735,16.775,62.3172,5140
2016-09-30 02:00:00,59.29,transfer,1.0,62.0537,0.0,64.8887,64.8887,62.0537,87.8421,16.7676,62.0972,5141
2016-09-30 03:00:00,59.56,transfer,1.0,65.381,0.0,57.091,57.091,65.381,49.9822,16.7856,61.7675,5142
2016-09-30 04:00:00,64.1,transfer,1.0,69.7258,0.0,81.4447,81.4447,69.7258,66.6813,16.625,61.2057,5143
2016-09-30 05:00:00,75.72,transfer,1.0,76.7248,0.0,73.9052,73.9052,76.7248,79.5704,16.3484,60.5315,5144
2016-09-30 06:00:00,68.3,transfer,1.0,84.7103,0.0,77.518,77.518,84.7103,85.0448,16.1753,59.8918,5145
2016-09-30 07:00:00,62.57,transfer,1.0,92.3883,0.0,80.1525,80.1525,92.3883,87.0191,16.2203,59.3782,5146
2016-09-30 08:00:00,65.08,transfer,1.0,96.7373,0.0,99.6375,99.6375,96.7373,87.6268,16.1505,58.685,5147
2016-09-30 09:00:00,71.49,transfer,1.0,98.1757,0.0,106.9831,106.9831,98.1757,87.6889,15.9531,57.8332,5148
2016-09-30 10:00:00,73.97,transfer,1.0,97.1229,0.0,105.7092,105.7092,97.1229,87.4909,15.7828,57.0023,5149
2016-09-30 11:00:00,76.33,transfer,1.0,94.2821,0.0,95.5765,95.5765,94.2821,87.2281,15.4978,56.0662,5150
2016-09-30 12:00:00,79.42,transfer,1.0,89.8321,0.0,78.798,78.798,89.8321,86.9742,15.1743,55.1143,5151
2016-09-30 13:00:00,83.1,transfer,1.0,83.9908,0.0,80.0162,80.0162,83.9908,86.7675,14.7967,54.1411,5152
2016-09-30 14:00:00,83.09,transfer,1.0,78.4817,0.0,84.2422,84.2422,78.4817,86.6607,14.4037,53.1312,5153
2016-09-30 15:00:00,78.2,transfer,1.0,73.6634,0.0,74.3951,74.3951,73.6634,86.5996,14.0884,52.231,5154
2016-09-30 16:00:00,76.56,transfer,1.0,69.4808,0.0,49.3483,49.3483,69.4808,86.6745,13.7894,51.3468,5155
2016-09-30 17:00:00,64.03,transfer,1.0,65.6786,0.0,66.3805,66.3805,65.6786,86.9316,13.5428,50.6315,5156
2016-09-30 18:00:00,61.61,transfer,1.0,62.7524,0.0,59.5361,59.5361,62.7524,88.9653,13.4899,50.2711,5157
2016-09-30 19:00:00,66.14,transfer,1.0,60.2707,0.0,55.1507,55.1507,60.2707,89.4657,13.5184,49.8466,5158
2016-09-30 20:00:00,64.14,transfer,1.0,59.2258,0.0,49.8804,49.8804,59.2258,89.1433,13.5097,49.4536,5159
2016-09-30 21:00:00,57.98,transfer,1.0,58.9736,0.0,63.0988,63.0988,58.9736,88.2631,13.4677,49.2303,5160
2016-09-30 22:00:00,58.7,transfer,1.0,58.8785,0.0,56.4256,56.4256,58.8785,88.085,13.4527,49.0075,5161
2016-09-30 23:00:00,58.56,transfer,1.0,59.0112,0.0,64.7216,64.7216,59.0112,88.4745,13.4509,48.7957,5162
2016-10-01 00:00:00,59.37,transfer,1.0,59.6333,0.0,64.5869,64.5869,59.6333,88.8943,13.4275,48.5785,5163
2016-10-01 01:00:00,56.98,transfer,1.0,59.4297,0.0,50.9886,50.9886,59.4297,89.2365,13.414,48.389,5164
2016-10-01 02:00:00,57.6,transfer,1.0,59.5047,0.0,48.3732,48.3732,59.5047,89.4471,13.3868,48.1961,5165
2016-10-01 03:00:00,57.38,transfer,1.0,59.9493,0.0,66.3467,66.3467,59.9493,89.5953,13.3553,48.0034,5166
2016-10-01 04:00:00,61.87,transfer,1.0,60.9211,0.0,61.6806,61.6806,60.9211,89.5966,13.0962,47.5679,5167
2016-10-01 05:00:00,75.42,transfer,1.0,62.3899,0.0,67.1487,67.1487,62.3899,89.6884,12.8422,46.9806,5168
2016-10-01 06:00:00,65.87,transfer,1.0,64.3866,0.0,57.2559,57.2559,64.3866,89.7156,12.5803,46.4929,5169
2016-10-01 07:00:00,64.33,transfer,1.0,67.0578,0.0,69.9717,69.9717,67.0578,89.7247,12.4378,46.0997,5170
2016-10-01 08:00:00,11.1,transfer,1.0,68.7988,0.0,63.4135,63.4135,68.7988,89.728,12.6665,46.0419,5171
2016-10-01 09:00:00,28.479999999999997,transfer,1.0,64.0065,0.0,54.4188,54.4188,64.0065,89.7251,12.6671,45.7718,5172
2016-10-01 10:00:00,45.86,transfer,1.0,57.7894,0.0,64.0767,64.0767,57.7894,89.5925,12.6132,45.4857,5173
2016-10-01 11:00:00,73.82,transfer,1.0,53.7465,0.0,50.4747,50.4747,53.7465,89.6409,12.5715,44.9995,5174
2016-10-01 12:00:00,71.02,transfer,1.0,51.2709,0.0,42.2577,42.2577,51.2709,89.6556,12.5397,44.5504,5175
2016-10-01 13:00:00,70.32,transfer,1.0,49.9281,0.0,61.0622,61.0622,49.9281,89.6605,12.5734,44.1773,5176
2016-10-01 14:00:00,69.99,transfer,1.0,48.9705,0.0,42.2157,42.2157,48.9705,89.6663,12.5243,43.732,5177
2016-10-01 15:00:00,69.42,transfer,1.0,47.9294,0.0,45.1644,45.1644,47.9294,89.6684,12.5324,43.3613,5178
2016-10-01 16:00:00,68.13,transfer,1.0,46.9779,0.0,52.6136,52.6136,46.9779,89.6717,12.5095,42.9807,5179
2016-10-01 17:00:00,66.07,transfer,1.0,46.0886,0.0,43.3146,43.3146,46.0886,89.6767,12.4531,42.5965,5180
2016-10-01 18:00:00,66.05,transfer,1.0,45.2491,0.0,47.1827,47.1827,45.2491,89.6794,12.5339,42.3531,5181
2016-10-01 19:00:00,71.68,transfer,1.0,44.5724,0.0,52.7809,52.7809,44.5724,89.6851,12.571,41.9995,5182
2016-10-01 20:00:00,63.53,transfer,1.0,44.306,0.0,40.5166,40.5166,44.306,89.6909,12.5931,41.7306,5183
2016-10-01 21:00:00,48.09,transfer,1.0,44.1513,0.0,36.323,36.323,44.1513,89.692,12.5844,41.6161,5184
2016-10-01 22:00:00,49.22,transfer,1.0,44.0275,0.0,47.0413,47.0413,44.0275,89.6766,12.5602,41.4735,5185
2016-10-01 23:00:00,49.12,transfer,1.0,43.706,0.0,50.0148,50.0148,43.706,88.193,12.5543,41.3426,5186
2016-10-02 00:00:00,47.61,transfer,1.0,43.4382,0.0,41.5995,41.5995,43.4382,86.7593,12.5429,41.2151,5187
2016-10-02 01:00:00,48.19,transfer,1.0,43.3143,0.0,39.978,39.978,43.3143,86.7103,12.5296,41.0768,5188
2016-10-02 02:00:00,66.82,transfer,1.0,43.3387,0.0,44.5235,44.5235,43.3387,86.7943,12.6271,40.826,5189
2016-10-02 03:00:00,62.44,transfer,1.0,43.4919,0.0,46.4289,46.4289,43.4919,86.8701,12.701,40.6007,5190
2016-10-02 04:00:00,70.0,transfer,1.0,44.2054,0.0,43.2539,43.2539,44.2054,86.8161,12.7919,40.2983,5191
2016-10-02 05:00:00,66.18,transfer,1.0,45.3522,0.0,51.9036,51.9036,45.3522,15.8447,12.8471,40.1778,5192
2016-10-02 06:00:00,66.76,transfer,1.0,47.0024,0.0,45.5102,45.5102,47.0024,17.0671,12.9162,40.0612,5193
2016-10-02 07:00:00,57.04,transfer,1.0,48.7875,0.0,49.6963,49.6963,48.7875,19.4736,12.9575,39.9183,5194
2016-10-02 08:00:00,56.37,transfer,1.0,50.5278,0.0,45.2666,45.2666,50.5278,22.2685,12.9639,39.7096,5195
2016-10-02 09:00:00,58.47,transfer,1.0,51.7042,0.0,43.9999,43.9999,51.7042,27.4409,12.9827,39.4908,5196
2016-10-02 10:00:00,59.44,transfer,1.0,53.9707,0.0,43.6688,43.6688,53.9707,38.3856,12.9849,39.207,5197
2016-10-02 11:00:00,58.82,transfer,1.0,55.7849,0.0,58.0794,58.0794,55.7849,51.7644,12.9699,38.8406,5198
2016-10-02 12:00:00,59.23,transfer,1.0,56.9739,0.0,54.3628,54.3628,56.9739,66.0851,12.9064,38.4338,5199
2016-10-02 13:00:00,58.32,transfer,1.0,57.3674,0.0,68.1839,68.1839,57.3674,77.3,12.8197,38.0887,5200
2016-10-02 14:00:00,62.63,transfer,1.0,57.1176,0.0,57.4832,57.4832,57.1176,83.1274,12.7881,37.7845,5201
2016-10-02 15:00:00,64.61,transfer,1.0,56.4896,0.0,52.214,52.214,56.4896,85.6693,12.6929,37.4085,5202
2016-10-02 16:00:00,66.46,transfer,1.0,55.745,0.0,60.6658,60.6658,55.745,86.6549,12.6344,37.0533,5203
2016-10-02 17:00:00,64.07,transfer,1.0,55.0738,0.0,46.3842,46.3842,55.0738,87.0589,12.5516,36.7034,5204
2016-10-02 18:00:00,43.81,transfer,1.0,54.3984,0.0,64.7443,64.7443,54.3984,87.2359,12.5573,36.5571,5205
2016-10-02 19:00:00,48.0,transfer,1.0,53.4919,0.0,56.6334,56.6334,53.4919,87.3917,12.5431,36.3997,5206
2016-10-02 20:00:00,47.86,transfer,1.0,52.6662,0.0,58.8048,58.8048,52.6662,87.5218,12.5033,36.2248,5207
2016-10-02 21:00:00,46.44,transfer,1.0,51.8722,0.0,49.536,49.536,51.8722,87.6587,12.5097,36.1056,5208
2016-10-02 22:00:00,47.25,transfer,1.0,51.4262,0.0,45.9865,45.9865,51.4262,87.9026,12.5084,35.9948,5209
2016-10-02 23:00:00,47.52,transfer,1.0,51.2219,0.0,55.189,55.189,51.2219,88.2264,12.5079,35.9102,5210
2016-10-03 00:00:00,47.17,transfer,1.0,51.2126,0.0,44.8909,44.8909,51.2126,88.5266,12.5051,35.8608,5211
2016-10-03 01:00:00,46.41,transfer,1.0,52.1832,0.0,47.1643,47.1643,52.1832,88.9202,12.5198,35.8866,5212
2016-10-03 02:00:00,64.63,transfer,1.0,53.9114,0.0,53.7295,53.7295,53.9114,89.2292,12.5828,35.9277,5213
2016-10-03 03:00:00,67.81,transfer,1.0,56.4627,0.0,57.679,57.679,56.4627,89.4583,12.635,36.0208,5214
2016-10-03 04:00:00,86.28,transfer,1.0,61.093,0.0,59.2793,59.2793,61.093,89.5948,12.7493,35.9896,5215
2016-10-03 05:00:00,74.12,transfer,1.0,68.8362,0.0,69.646,69.646,68.8362,89.6628,12.6828,36.069,5216
2016-10-03 06:00:00,79.4,transfer,1.0,79.1626,0.0,81.8382,81.8382,79.1626,89.693,12.587,36.0885,5217
2016-10-03 07:00:00,94.05,transfer,1.0,86.8908,0.0,88.9779,88.9779,86.8908,89.7085,12.519,36.019,5218
2016-10-03 08:00:00,112.76,transfer,1.0,92.5024,0.0,102.7851,102.7851,92.5024,89.7159,12.4392,35.9378,5219
2016-10-03 09:00:00,125.85,transfer,1.0,96.9314,0.0,84.765,84.765,96.9314,89.7192,12.423,35.9219,5220
2016-10-03 10:00:00,135.37,transfer,1.0,99.8415,0.0,90.0256,90.0256,99.8415,89.7199,12.4863,35.9886,5221
2016-10-03 11:00:00,134.71,transfer,1.0,101.1098,0.0,83.9557,83.9557,101.1098,89.7195,12.4595,35.9682,5222
2016-10-03 12:00:00,130.35,transfer,1.0,101.3692,0.0,108.2698,108.2698,101.3692,89.7195,12.4892,36.0075,5223
2016-10-03 13:00:00,126.1,transfer,1.0,100.4777,0.0,107.2406,107.2406,100.4777,89.7191,12.4699,35.9969,5224
2016-10-03 14:00:00,126.59,transfer,1.0,98.3018,0.0,111.1604,111.1604,98.3018,89.7191,12.4729,36.0079,5225
2016-10-03 15:00:00,119.14,transfer,1.0,94.3161,0.0,95.2323,95.2323,94.3161,89.7187,12.5328,36.0702,5226
2016-10-03 16:00:00,112.11,transfer,1.0,87.8296,0.0,85.1669,85.1669,87.8296,89.7182,12.5755,36.1032,5227
2016-10-03 17:00:00,104.5,transfer,1.0,79.3636,0.0,87.7451,87.7451,79.3636,89.7181,12.6676,36.1758,5228
2016-10-03 18:00:00,63.98,transfer,1.0,70.5586,0.0,62.6544,62.6544,70.5586,89.7185,12.6479,36.3031,5229
2016-10-03 19:00:00,61.49,transfer,1.0,63.4494,0.0,59.2332,59.2332,63.4494,89.72,12.6133,36.3891,5230
2016-10-03 20:00:00,49.8,transfer,1.0,58.2472,0.0,59.8965,59.8965,58.2472,89.7195,12.5881,36.5507,5231
2016-10-03 21:00:00,49.16,transfer,1.0,55.0232,0.0,51.9648,51.9648,55.0232,89.7196,12.6226,36.6256,5232
2016-10-03 22:00:00,49.03,transfer,1.0,52.8792,0.0,61.8059,61.8059,52.8792,89.7195,12.6389,36.6857,5233
2016-10-03 23:00:00,48.45,transfer,1.0,51.5748,0.0,51.5011,51.5011,51.5748,89.7192,12.6573,36.7455,5234
2016-10-04 00:00:00,48.73,transfer,1.0,50.9701,0.0,50.2398,50.2398,50.9701,89.7193,12.6532,36.8151,5235
2016-10-04 01:00:00,47.97,transfer,1.0,51.1966,0.0,55.7636,55.7636,51.1966,89.7188,12.6618,36.8954,5236
2016-10-04 02:00:00,48.15,transfer,1.0,52.5761,0.0,51.9301,51.9301,52.5761,89.7183,12.6801,36.9803,5237
2016-10-04 03:00:00,47.15,transfer,1.0,55.4395,0.0,51.4962,51.4962,55.4395,89.5263,12.7221,37.0732,5238
2016-10-04 04:00:00,50.58,transfer,1.0,60.0121,0.0,66.136,66.136,60.0121,87.3599,12.7395,37.2133,5239
2016-10-04 05:00:00,50.62,transfer,1.0,67.4673,0.0,66.3361,66.3361,67.4673,87.2359,12.8105,37.3913,5240
2016-10-04 06:00:00,56.61,transfer,1.0,76.8203,0.0,78.4366,78.4366,76.8203,87.1161,12.8678,37.4998,5241
2016-10-04 07:00:00,66.78,transfer,1.0,86.5542,0.0,81.4291,81.4291,86.5542,87.0517,12.9045,37.4862,5242
2016-10-04 08:00:00,88.95,transfer,1.0,94.4732,0.0,105.1846,105.1846,94.4732,86.8533,12.7755,37.2613,5243
2016-10-04 09:00:00,99.78,transfer,1.0,99.3944,0.0,97.1538,97.1538,99.3944,83.9718,12.6078,37.095,5244
2016-10-04 10:00:00,106.64,transfer,1.0,101.9379,0.0,125.4155,125.4155,101.9379,83.6844,12.513,37.0113,5245
2016-10-04 11:00:00,106.12,transfer,1.0,102.8289,0.0,98.165,98.165,102.8289,85.0019,12.3708,36.8761,5246
2016-10-04 12:00:00,106.42,transfer,1.0,102.8607,0.0,99.3733,99.3733,102.8607,85.5582,12.2549,36.7659,5247
2016-10-04 13:00:00,106.41,transfer,1.0,101.8328,0.0,103.6268,103.6268,101.8328,85.9931,12.1353,36.6485,5248
2016-10-04 14:00:00,106.35,transfer,1.0,99.1617,0.0,88.9431,88.9431,99.1617,86.1684,12.0006,36.5089,5249
2016-10-04 15:00:00,99.31,transfer,1.0,93.7068,0.0,78.9141,78.9141,93.7068,86.3673,11.8569,36.342,5250
2016-10-04 16:00:00,92.97,transfer,1.0,84.7385,0.0,82.7717,82.7717,84.7385,86.5513,11.7058,36.1371,5251
2016-10-04 17:00:00,85.14,transfer,1.0,74.1966,0.0,77.2502,77.2502,74.1966,86.6934,11.5836,35.9472,5252
2016-10-04 18:00:00,63.54,transfer,1.0,65.3664,0.0,67.5104,67.5104,65.3664,86.8516,11.5779,36.0757,5253
2016-10-04 19:00:00,62.27,transfer,1.0,59.2943,0.0,57.2856,57.2856,59.2943,87.1614,11.5562,36.1935,5254
2016-10-04 20:00:00,52.96,transfer,1.0,56.0844,0.0,56.3396,56.3396,56.0844,87.4891,11.5023,36.3596,5255
2016-10-04 21:00:00,52.84,transfer,1.0,54.0987,0.0,41.5005,41.5005,54.0987,87.8386,11.5058,36.4232,5256
2016-10-04 22:00:00,51.17,transfer,1.0,52.6585,0.0,57.7758,57.7758,52.6585,88.1639,11.505,36.4947,5257
2016-10-04 23:00:00,50.66,transfer,1.0,51.8935,0.0,54.4214,54.4214,51.8935,88.5022,11.5032,36.5569,5258
2016-10-05 00:00:00,50.86,transfer,1.0,51.7903,0.0,45.527,45.527,51.7903,88.8242,11.4884,36.6223,5259
2016-10-05 01:00:00,50.59,transfer,1.0,52.3459,0.0,52.3071,52.3071,52.3459,89.0856,11.4801,36.6862,5260
2016-10-05 02:00:00,50.88,transfer,1.0,53.8978,0.0,40.5221,40.5221,53.8978,89.3027,11.4727,36.5754,5261
2016-10-05 03:00:00,48.85,transfer,1.0,56.941,0.0,53.3148,53.3148,56.941,89.4645,11.4945,36.4566,5262
2016-10-05 04:00:00,52.34,transfer,1.0,61.8243,0.0,61.5001,61.5001,61.8243,89.5889,11.4142,36.1936,5263
2016-10-05 05:00:00,52.61,transfer,1.0,69.332,0.0,78.0709,78.0709,69.332,89.6666,11.3834,35.8988,5264
2016-10-05 06:00:00,61.41,transfer,1.0,78.2592,0.0,63.3208,63.3208,78.2592,89.7008,11.3862,35.5233,5265
2016-10-05 07:00:00,67.86,transfer,1.0,87.1913,0.0,79.9686,79.9686,87.1913,89.7145,11.3587,35.004,5266
2016-10-05 08:00:00,84.44,transfer,1.0,94.7509,0.0,102.6099,102.6099,94.7509,89.7218,11.2208,34.2878,5267
2016-10-05 09:00:00,95.87,transfer,1.0,99.2594,0.0,110.287,110.287,99.2594,89.7263,11.106,33.6129,5268
2016-10-05 10:00:00,101.89,transfer,1.0,101.282,0.0,85.0564,85.0564,101.282,89.7285,10.9985,32.9802,5269
2016-10-05 11:00:00,101.66,transfer,1.0,101.7934,0.0,92.2715,92.2715,101.7934,89.7293,10.8484,32.2962,5270
2016-10-05 12:00:00,97.72,transfer,1.0,101.368,0.0,92.8625,92.8625,101.368,89.7294,10.7361,31.6004,5271
2016-10-05 13:00:00,99.17,transfer,1.0,99.6016,0.0,112.0817,112.0817,99.6016,89.7293,10.6311,30.9407,5272
2016-10-05 14:00:00,97.27,transfer,1.0,95.6475,0.0,91.8335,91.8335,95.6475,89.7296,10.4501,30.1949,5273
2016-10-05 15:00:00,90.22,transfer,1.0,89.1482,0.0,95.323,95.323,89.1482,89.7294,10.4032,29.5606,5274
2016-10-05 16:00:00,82.05,transfer,1.0,80.0878,0.0,69.2581,69.2581,80.0878,89.7295,10.3317,28.9622,5275
2016-10-05 17:00:00,71.01,transfer,1.0,71.1875,0.0,78.9457,78.9457,71.1875,89.7295,10.2332,28.4531,5276
2016-10-05 18:00:00,59.4,transfer,1.0,64.2476,0.0,67.289,67.289,64.2476,89.7297,10.2406,28.1826,5277
2016-10-05 19:00:00,59.1,transfer,1.0,59.0578,0.0,57.2045,57.2045,59.0578,89.7304,10.1733,27.8732,5278
2016-10-05 20:00:00,51.91,transfer,1.0,56.4606,0.0,53.7803,53.7803,56.4606,89.7302,10.1529,27.6624,5279
2016-10-05 21:00:00,50.79,transfer,1.0,54.8836,0.0,55.4098,55.4098,54.8836,89.7299,10.1664,27.561,5280
2016-10-05 22:00:00,51.33,transfer,1.0,53.9337,0.0,47.4705,47.4705,53.9337,89.7307,10.1691,27.4503,5281
2016-10-05 23:00:00,51.28,transfer,1.0,53.5806,0.0,49.0878,49.0878,53.5806,89.7312,10.1594,27.3423,5282
2016-10-06 00:00:00,51.01,transfer,1.0,53.7906,0.0,48.6564,48.6564,53.7906,89.7307,10.1417,27.2473,5283
2016-10-06 01:00:00,51.02,transfer,1.0,54.6654,0.0,48.2078,48.2078,54.6654,89.7307,10.14,27.1925,5284
2016-10-06 02:00:00,51.02,transfer,1.0,56.6742,0.0,67.2689,67.2689,56.6742,89.7313,10.1614,27.1604,5285
2016-10-06 03:00:00,50.84,transfer,1.0,60.1742,0.0,57.8614,57.8614,60.1742,89.7313,10.2124,27.177,5286
2016-10-06 04:00:00,52.91,transfer,1.0,65.6405,0.0,67.9398,67.9398,65.6405,89.7316,10.2264,27.1409,5287
2016-10-06 05:00:00,50.76,transfer,1.0,73.5357,0.0,84.5564,84.5564,73.5357,89.7313,10.3076,27.1701,5288
2016-10-06 06:00:00,60.12,transfer,1.0,82.1181,0.0,76.5756,76.5756,82.1181,89.7312,10.391,27.1934,5289
2016-10-06 07:00:00,70.4,transfer,1.0,89.4851,0.0,96.7995,96.7995,89.4851,89.7311,10.4273,27.1408,5290
2016-10-06 08:00:00,84.65,transfer,1.0,95.6127,0.0,82.3037,82.3037,95.6127,89.7311,10.3393,26.9256,5291
2016-10-06 09:00:00,94.48,transfer,1.0,99.4949,0.0,97.7921,97.7921,99.4949,89.731,10.216,26.7037,5292
2016-10-06 10:00:00,94.02,transfer,1.0,101.1243,0.0,107.7646,107.7646,101.1243,89.7304,10.0955,26.4668,5293
2016-10-06 11:00:00,94.59,transfer,1.0,101.222,0.0,117.3308,117.3308,101.222,89.73,9.9122,26.1736,5294
2016-10-06 12:00:00,102.14,transfer,1.0,99.7027,0.0,86.9995,86.9995,99.7027,89.7298,9.8001,26.0231,5295
2016-10-06 13:00:00,100.15,transfer,1.0,95.9545,0.0,96.6383,96.6383,95.9545,89.7296,9.6873,25.8526,5296
2016-10-06 14:00:00,101.03,transfer,1.0,90.5868,0.0,98.3666,98.3666,90.5868,89.7292,9.5905,25.674,5297
2016-10-06 15:00:00,95.64,transfer,1.0,83.7531,0.0,77.607,77.607,83.7531,89.7289,9.5508,25.5257,5298
2016-10-06 16:00:00,88.16,transfer,1.0,76.6674,0.0,68.0925,68.0925,76.6674,89.7288,9.5486,25.4148,5299
2016-10-06 17:00:00,81.69,transfer,1.0,70.5025,0.0,71.9858,71.9858,70.5025,89.7287,9.6124,25.4441,5300
2016-10-06 18:00:00,65.5,transfer,1.0,65.4221,0.0,60.5085,60.5085,65.4221,89.7288,9.5784,25.525,5301
2016-10-06 19:00:00,63.34,transfer,1.0,61.4059,0.0,62.28,62.28,61.4059,89.7302,9.587,25.6019,5302
2016-10-06 20:00:00,58.44,transfer,1.0,58.9643,0.0,69.1495,69.1495,58.9643,89.7305,9.5848,25.6658,5303
2016-10-06 21:00:00,56.51,transfer,1.0,57.3149,0.0,58.9129,58.9129,57.3149,89.7307,9.5665,25.7035,5304
2016-10-06 22:00:00,57.51,transfer,1.0,56.3083,0.0,54.5886,54.5886,56.3083,89.731,9.5669,25.7367,5305
2016-10-06 23:00:00,55.67,transfer,1.0,55.9267,0.0,63.086,63.086,55.9267,89.7311,9.5679,25.7796,5306
2016-10-07 00:00:00,56.22,transfer,1.0,56.3803,0.0,58.3902,58.3902,56.3803,89.7312,9.5626,25.809,5307
2016-10-07 01:00:00,55.91,transfer,1.0,57.4022,0.0,52.8266,52.8266,57.4022,89.7315,9.5643,25.8414,5308
2016-10-07 02:00:00,56.21,transfer,1.0,59.3733,0.0,66.5462,66.5462,59.3733,89.7318,9.5667,25.871,5309
2016-10-07 03:00:00,57.2,transfer,1.0,62.1181,0.0,61.6653,61.6653,62.1181,89.7315,9.5614,26.0076,5310
2016-10-07 04:00:00,60.72,transfer,1.0,65.8865,0.0,65.7276,65.7276,65.8865,89.7315,9.5586,26.165,5311
2016-10-07 05:00:00,57.92,transfer,1.0,71.3886,0.0,75.7995,75.7995,71.3886,89.731,9.6328,26.3314,5312
2016-10-07 06:00:00,68.28,transfer,1.0,79.2101,0.0,83.6177,83.6177,79.2101,89.7279,9.6002,26.3594,5313
2016-10-07 07:00:00,74.36,transfer,1.0,86.263,0.0,103.8764,103.8764,86.263,89.7276,9.4935,26.3053,5314
2016-10-07 08:00:00,90.07,transfer,1.0,92.3461,0.0,116.6718,116.6718,92.3461,89.7288,9.3187,26.1732,5315
2016-10-07 09:00:00,100.22,transfer,1.0,96.734,0.0,81.9717,81.9717,96.734,89.7303,9.1806,26.1392,5316
2016-10-07 10:00:00,102.66,transfer,1.0,99.2491,0.0,72.24,72.24,99.2491,89.7305,9.0631,26.1356,5317
2016-10-07 11:00:00,109.31,transfer,1.0,100.0705,0.0,80.5339,80.5339,100.0705,89.7304,9.0112,26.1873,5318
2016-10-07 12:00:00,111.49,transfer,1.0,99.5782,0.0,101.0917,101.0917,99.5782,89.7298,9.0201,26.2719,5319
2016-10-07 13:00:00,102.21,transfer,1.0,97.9528,0.0,83.4884,83.4884,97.9528,89.7296,9.0402,26.3243,5320
2016-10-07 14:00:00,103.87,transfer,1.0,94.8017,0.0,98.8894,98.8894,94.8017,89.7293,9.0667,26.3873,5321
2016-10-07 15:00:00,97.22,transfer,1.0,89.1135,0.0,99.957,99.957,89.1135,89.7289,9.088,26.3819,5322
2016-10-07 16:00:00,89.97,transfer,1.0,81.848,0.0,88.6573,88.6573,81.848,89.7283,9.0942,26.3231,5323
2016-10-07 17:00:00,79.01,transfer,1.0,74.9392,0.0,79.4036,79.4036,74.9392,89.7284,9.1086,26.2506,5324
2016-10-07 18:00:00,60.84,transfer,1.0,69.0258,0.0,62.5579,62.5579,69.0258,89.7285,9.1505,26.2597,5325
2016-10-07 19:00:00,56.57,transfer,1.0,64.3574,0.0,58.841,58.841,64.3574,89.7302,9.1619,26.3182,5326
2016-10-07 20:00:00,51.92,transfer,1.0,61.4512,0.0,62.9059,62.9059,61.4512,89.7299,9.1894,26.3945,5327
2016-10-07 21:00:00,54.11,transfer,1.0,59.2095,0.0,59.8013,59.8013,59.2095,89.7295,9.2138,26.4262,5328
2016-10-07 22:00:00,50.97,transfer,1.0,57.83,0.0,58.3692,58.3692,57.83,89.7298,9.2536,26.482,5329
2016-10-07 23:00:00,52.59,transfer,1.0,57.2915,0.0,60.504,60.504,57.2915,89.7299,9.2789,26.525,5330
2016-10-08 00:00:00,51.72,transfer,1.0,57.4075,0.0,52.9766,52.9766,57.4075,89.7301,9.3112,26.5755,5331
2016-10-08 01:00:00,52.37,transfer,1.0,57.0149,0.0,61.4338,61.4338,57.0149,89.7297,9.3243,26.6059,5332
2016-10-08 02:00:00,51.8,transfer,1.0,57.0154,0.0,54.6763,54.6763,57.0154,89.7303,9.344,26.6421,5333
2016-10-08 03:00:00,51.79,transfer,1.0,57.5779,0.0,60.1704,60.1704,57.5779,89.7306,9.3631,26.6762,5334
2016-10-08 04:00:00,66.86,transfer,1.0,58.6924,0.0,54.9455,54.9455,58.6924,89.7293,9.4061,26.6473,5335
2016-10-08 05:00:00,61.04,transfer,1.0,60.4055,0.0,57.4271,57.4271,60.4055,89.7248,9.3323,26.7331,5336
2016-10-08 06:00:00,60.61,transfer,1.0,63.6352,0.0,62.3252,62.3252,63.6352,89.7198,9.3415,26.7644,5337
2016-10-08 07:00:00,54.62,transfer,1.0,66.6353,0.0,68.322,68.322,66.6353,89.7198,9.3968,26.8222,5338
2016-10-08 08:00:00,49.16,transfer,1.0,68.8921,0.0,70.8789,70.8789,68.8921,89.7215,9.1708,26.5956,5339
2016-10-08 09:00:00,52.15,transfer,1.0,68.2089,0.0,78.9343,78.9343,68.2089,89.7237,9.0549,26.4547,5340
2016-10-08 10:00:00,52.33,transfer,1.0,66.7627,0.0,60.232,60.232,66.7627,89.7247,9.0698,26.417,5341
2016-10-08 11:00:00,50.9,transfer,1.0,65.1811,0.0,63.4321,63.4321,65.1811,89.7258,9.0353,26.5539,5342
2016-10-08 12:00:00,52.32,transfer,1.0,63.6328,0.0,70.7131,70.7131,63.6328,89.7267,8.9851,26.6657,5343
2016-10-08 13:00:00,52.2,transfer,1.0,61.6806,0.0,66.8331,66.8331,61.6806,89.7268,8.9202,26.7739,5344
2016-10-08 14:00:00,52.0,transfer,1.0,59.8379,0.0,63.2414,63.2414,59.8379,89.727,8.8417,26.8814,5345
2016-10-08 15:00:00,50.14,transfer,1.0,58.1524,0.0,56.435,56.435,58.1524,89.7267,8.7615,26.9965,5346
2016-10-08 16:00:00,50.13,transfer,1.0,56.6714,0.0,55.6981,55.6981,56.6714,89.7273,8.6745,27.1039,5347
2016-10-08 17:00:00,51.5,transfer,1.0,55.4411,0.0,46.3834,46.3834,55.4411,89.7289,8.579,27.191,5348
2016-10-08 18:00:00,51.13,transfer,1.0,54.287,0.0,46.3665,46.3665,54.287,89.7301,8.474,27.2801,5349
2016-10-08 19:00:00,50.48,transfer,1.0,53.5193,0.0,47.4395,47.4395,53.5193,89.7317,8.3307,27.4066,5350
2016-10-08 20:00:00,52.04,transfer,1.0,53.3356,0.0,62.236,62.236,53.3356,89.7316,8.224,27.4752,5351
2016-10-08 21:00:00,52.19,transfer,1.0,53.1591,0.0,64.8889,64.8889,53.1591,89.7318,8.2064,27.451,5352
2016-10-08 22:00:00,51.84,transfer,1.0,53.147,0.0,45.1529,45.1529,53.147,89.7321,8.1832,27.4358,5353
2016-10-08 23:00:00,50.08,transfer,1.0,53.3029,0.0,54.2854,54.2854,53.3029,89.7318,8.1702,27.4392,5354
2016-10-09 00:00:00,52.74,transfer,1.0,53.6228,0.0,62.5203,62.5203,53.6228,89.6544,8.1506,27.4259,5355
2016-10-09 01:00:00,52.23,transfer,1.0,54.0867,0.0,50.9036,50.9036,54.0867,89.6602,8.1326,27.4194,5356
2016-10-09 02:00:00,50.68,transfer,1.0,55.0182,0.0,64.026,64.026,55.0182,89.6973,8.0187,27.5328,5357
2016-10-09 03:00:00,47.93,transfer,1.0,56.1774,0.0,60.7705,60.7705,56.1774,89.7187,7.955,27.6361,5358
2016-10-09 04:00:00,51.01,transfer,1.0,57.4111,0.0,55.9792,55.9792,57.4111,89.7275,7.8396,27.7665,5359
2016-10-09 05:00:00,50.82,transfer,1.0,58.6587,0.0,67.7706,67.7706,58.6587,89.7305,7.7622,27.6985,5360
2016-10-09 06:00:00,51.09,transfer,1.0,60.2172,0.0,59.862,59.862,60.2172,89.7318,7.699,27.6327,5361
2016-10-09 07:00:00,49.4,transfer,1.0,61.8216,0.0,64.2279,64.2279,61.8216,89.7323,7.7238,27.6491,5362
2016-10-09 08:00:00,43.97,transfer,1.0,63.6032,0.0,54.8312,54.8312,63.6032,89.7326,7.8059,27.7185,5363
2016-10-09 09:00:00,44.26,transfer,1.0,63.1678,0.0,70.1098,70.1098,63.1678,89.7327,7.8781,27.8045,5364
2016-10-09 10:00:00,44.56,transfer,1.0,62.229,0.0,70.5645,70.5645,62.229,89.7325,7.9508,27.9481,5365
2016-10-09 11:00:00,45.3,transfer,1.0,61.4452,0.0,55.1085,55.1085,61.4452,89.7323,8.0288,28.1706,5366
2016-10-09 12:00:00,46.0,transfer,1.0,60.7376,0.0,74.7969,74.7969,60.7376,89.7319,8.1031,28.3901,5367
2016-10-09 13:00:00,45.34,transfer,1.0,59.7508,0.0,66.5972,66.5972,59.7508,89.7318,8.1832,28.5413,5368
2016-10-09 14:00:00,45.46,transfer,1.0,58.7627,0.0,65.5762,65.5762,58.7627,89.7316,8.2296,28.6828,5369
2016-10-09 15:00:00,46.33,transfer,1.0,57.6581,0.0,60.7276,60.7276,57.6581,89.7314,8.2487,28.8158,5370
2016-10-09 16:00:00,47.01,transfer,1.0,56.7449,0.0,50.0196,50.0196,56.7449,89.7316,8.2428,28.9499,5371
2016-10-09 17:00:00,45.78,transfer,1.0,55.6692,0.0,62.2758,62.2758,55.6692,89.7317,8.2481,29.0747,5372
2016-10-09 18:00:00,43.33,transfer,1.0,54.7193,0.0,60.807,60.807,54.7193,89.7319,8.2529,29.0924,5373
2016-10-09 19:00:00,48.85,transfer,1.0,53.7685,0.0,47.1871,47.1871,53.7685,89.7326,8.2495,29.1013,5374
2016-10-09 20:00:00,49.48,transfer,1.0,53.3563,0.0,51.4389,51.4389,53.3563,89.7319,8.244,29.1048,5375
2016-10-09 21:00:00,50.33,transfer,1.0,53.0492,0.0,48.795,48.795,53.0492,89.7318,8.2278,29.094,5376
2016-10-09 22:00:00,50.69,transfer,1.0,52.9829,0.0,52.6007,52.6007,52.9829,89.7322,8.2166,29.0844,5377
2016-10-09 23:00:00,51.14,transfer,1.0,53.0082,0.0,63.6238,63.6238,53.0082,89.732,8.2057,29.0718,5378
2016-10-10 00:00:00,51.99,transfer,1.0,53.2213,0.0,60.9002,60.9002,53.2213,89.7321,8.189,29.0503,5379
2016-10-10 01:00:00,49.6,transfer,1.0,54.4976,0.0,50.0225,50.0225,54.4976,89.7325,8.1837,29.0361,5380
2016-10-10 02:00:00,47.78,transfer,1.0,56.387,0.0,56.7942,56.7942,56.387,89.7323,8.1712,29.1394,5381
2016-10-10 03:00:00,48.42,transfer,1.0,59.1052,0.0,66.8423,66.8423,59.1052,89.7327,8.1672,29.2565,5382
2016-10-10 04:00:00,50.36,transfer,1.0,61.9021,0.0,51.1091,51.1091,61.9021,89.7325,8.086,29.4711,5383
2016-10-10 05:00:00,50.79,transfer,1.0,65.7016,0.0,76.3318,76.3318,65.7016,89.7323,8.1433,29.6104,5384
2016-10-10 06:00:00,51.49,transfer,1.0,69.5456,0.0,73.2976,73.2976,69.5456,89.732,8.2494,29.7768,5385
2016-10-10 07:00:00,45.71,transfer,1.0,73.9154,0.0,58.4961,58.4961,73.9154,89.7322,8.3747,30.013,5386
2016-10-10 08:00:00,43.94,transfer,1.0,78.4764,0.0,71.6945,71.6945,78.4764,89.7321,8.4597,30.1484,5387
2016-10-10 09:00:00,43.7,transfer,1.0,79.9418,0.0,72.0654,72.0654,79.9418,89.7324,8.5032,30.2073,5388
2016-10-10 10:00:00,43.82,transfer,1.0,78.7433,0.0,82.5192,82.5192,78.7433,89.7324,8.4996,30.2089,5389
2016-10-10 11:00:00,44.4,transfer,1.0,75.7199,0.0,76.5834,76.5834,75.7199,89.7323,8.4861,30.2109,5390
2016-10-10 12:00:00,47.02,transfer,1.0,72.0535,0.0,92.2291,92.2291,72.0535,89.7322,8.4626,30.2233,5391
2016-10-10 13:00:00,46.35,transfer,1.0,67.8319,0.0,65.0614,65.0614,67.8319,89.7319,8.4379,30.265,5392
2016-10-10 14:00:00,45.01,transfer,1.0,64.5288,0.0,70.9832,70.9832,64.5288,89.732,8.3857,30.3117,5393
2016-10-10 15:00:00,46.48,transfer,1.0,61.6887,0.0,56.4615,56.4615,61.6887,89.7321,8.3285,30.394,5394
2016-10-10 16:00:00,46.13,transfer,1.0,59.2525,0.0,61.6775,61.6775,59.2525,89.7322,8.2621,30.5203,5395
2016-10-10 17:00:00,44.89,transfer,1.0,57.2274,0.0,66.5806,66.5806,57.2274,89.732,8.1859,30.6992,5396
2016-10-10 18:00:00,45.03,transfer,1.0,55.6529,0.0,45.4,45.4,55.6529,89.7322,8.21,30.8121,5397
2016-10-10 19:00:00,50.14,transfer,1.0,54.4442,0.0,55.2639,55.2639,54.4442,89.7327,8.2239,30.8797,5398
2016-10-10 20:00:00,48.91,transfer,1.0,54.1789,0.0,59.1461,59.1461,54.1789,89.7322,8.205,30.8851,5399
2016-10-10 21:00:00,50.0,transfer,1.0,54.2817,0.0,61.7916,61.7916,54.2817,89.7322,8.1956,30.8802,5400
2016-10-10 22:00:00,49.87,transfer,1.0,54.4953,0.0,57.653,57.653,54.4953,89.7319,8.2002,30.8752,5401
2016-10-10 23:00:00,48.12,transfer,1.0,54.9767,0.0,49.5218,49.5218,54.9767,89.732,8.2224,30.8773,5402
2016-10-11 00:00:00,49.0,transfer,1.0,55.7217,0.0,42.4335,42.4335,55.7217,89.7321,8.2491,30.8757,5403
2016-10-11 01:00:00,48.37,transfer,1.0,56.8476,0.0,51.3296,51.3296,56.8476,89.7321,8.2804,30.8734,5404
2016-10-11 02:00:00,48.58,transfer,1.0,58.5771,0.0,63.5694,63.5694,58.5771,89.7321,8.3135,30.871,5405
2016-10-11 03:00:00,47.97,transfer,1.0,60.9633,0.0,66.7345,66.7345,60.9633,89.7322,8.3415,30.8673,5406
2016-10-11 04:00:00,51.48,transfer,1.0,64.232,0.0,75.531,75.531,64.232,89.7323,8.3613,30.8761,5407
2016-10-11 05:00:00,51.98,transfer,1.0,68.2609,0.0,73.009,73.009,68.2609,89.7318,8.3579,30.8828,5408
2016-10-11 06:00:00,52.89,transfer,1.0,73.2205,0.0,84.1374,84.1374,73.2205,89.7319,8.3586,30.9205,5409
2016-10-11 07:00:00,45.73,transfer,1.0,78.9984,0.0,76.4176,76.4176,78.9984,89.7319,8.4389,31.0618,5410
2016-10-11 08:00:00,49.24,transfer,1.0,84.6383,0.0,74.1981,74.1981,84.6383,89.732,8.6168,31.2903,5411
2016-10-11 09:00:00,54.1,transfer,1.0,87.2293,0.0,88.932,88.932,87.2293,89.7323,8.8117,31.4083,5412
2016-10-11 10:00:00,61.85,transfer,1.0,87.8165,0.0,89.0926,89.0926,87.8165,89.7326,8.9382,31.4377,5413
2016-10-11 11:00:00,59.6,transfer,1.0,87.4853,0.0,94.2375,94.2375,87.4853,89.7327,9.0846,31.4913,5414
2016-10-11 12:00:00,57.04,transfer,1.0,86.4161,0.0,83.9796,83.9796,86.4161,89.7327,9.2383,31.5618,5415
2016-10-11 13:00:00,56.2,transfer,1.0,83.0334,0.0,91.8284,91.8284,83.0334,89.7327,9.3708,31.6398,5416
2016-10-11 14:00:00,56.48,transfer,1.0,77.2822,0.0,60.625,60.625,77.2822,89.7324,9.4518,31.7176,5417
2016-10-11 15:00:00,56.83,transfer,1.0,70.8706,0.0,76.5076,76.5076,70.8706,89.7321,9.502,31.8364,5418
2016-10-11 16:00:00,54.66,transfer,1.0,65.4895,0.0,69.2705,69.2705,65.4895,89.7322,9.5175,32.007,5419
2016-10-11 17:00:00,49.87,transfer,1.0,61.582,0.0,69.925,69.925,61.582,89.7318,9.5221,32.235,5420
2016-10-11 18:00:00,49.95,transfer,1.0,58.9482,0.0,56.3182,56.3182,58.9482,89.7322,9.5648,32.3331,5421
2016-10-11 19:00:00,54.62,transfer,1.0,56.8654,0.0,55.1185,55.1185,56.8654,89.7327,9.5604,32.3939,5422
2016-10-11 20:00:00,53.99,transfer,1.0,56.1861,0.0,59.4264,59.4264,56.1861,89.7323,9.5549,32.4011,5423
2016-10-11 21:00:00,53.84,transfer,1.0,56.0418,0.0,62.3771,62.3771,56.0418,89.7321,9.5605,32.4064,5424
2016-10-11 22:00:00,52.93,transfer,1.0,56.3245,0.0,58.9006,58.9006,56.3245,89.7324,9.5719,32.4053,5425
2016-10-11 23:00:00,53.66,transfer,1.0,56.6786,0.0,56.4178,56.4178,56.6786,89.7321,9.5825,32.3948,5426
2016-10-12 00:00:00,54.58,transfer,1.0,57.4547,0.0,60.329,60.329,57.4547,89.7321,9.5941,32.378,5427
2016-10-12 01:00:00,53.53,transfer,1.0,58.7208,0.0,56.4124,56.4124,58.7208,89.732,9.6145,32.3644,5428
2016-10-12 02:00:00,54.28,transfer,1.0,60.7881,0.0,61.8319,61.8319,60.7881,89.7322,9.6353,32.3467,5429
2016-10-12 03:00:00,53.24,transfer,1.0,63.7714,0.0,57.4805,57.4805,63.7714,89.7326,9.6498,32.3222,5430
2016-10-12 04:00:00,56.1,transfer,1.0,67.8017,0.0,61.2003,61.2003,67.8017,89.7326,9.663,32.3006,5431
2016-10-12 05:00:00,56.5,transfer,1.0,73.028,0.0,69.882,69.882,73.028,89.7324,9.6619,32.2779,5432
2016-10-12 06:00:00,57.31,transfer,1.0,79.1995,0.0,90.8236,90.8236,79.1995,89.7325,9.6919,32.3025,5433
2016-10-12 07:00:00,52.46,transfer,1.0,85.758,0.0,81.1586,81.1586,85.758,89.7328,9.775,32.3942,5434
2016-10-12 08:00:00,49.98,transfer,1.0,91.6947,0.0,89.8833,89.8833,91.6947,89.7329,9.9619,32.5994,5435
2016-10-12 09:00:00,50.71,transfer,1.0,94.8151,0.0,105.4328,105.4328,94.8151,89.7332,10.2043,32.7951,5436
2016-10-12 10:00:00,56.65,transfer,1.0,94.8744,0.0,80.9219,80.9219,94.8744,89.7331,10.4282,32.9197,5437
2016-10-12 11:00:00,60.59,transfer,1.0,92.8102,0.0,100.7594,100.7594,92.8102,89.7331,10.6192,33.0221,5438
2016-10-12 12:00:00,60.39,transfer,1.0,89.358,0.0,107.4083,107.4083,89.358,89.7332,10.7699,33.1492,5439
2016-10-12 13:00:00,55.22,transfer,1.0,84.4687,0.0,81.762,81.762,84.4687,89.7332,10.9414,33.2985,5440
2016-10-12 14:00:00,52.45,transfer,1.0,78.0982,0.0,73.4935,73.4935,78.0982,89.733,11.0844,33.4755,5441
2016-10-12 15:00:00,52.65,transfer,1.0,71.2787,0.0,62.2236,62.2236,71.2787,89.7329,11.1889,33.6933,5442
2016-10-12 16:00:00,50.02,transfer,1.0,65.3742,0.0,63.5514,63.5514,65.3742,89.7329,11.2686,33.884,5443
2016-10-12 17:00:00,51.96,transfer,1.0,61.5673,0.0,65.9541,65.9541,61.5673,89.7328,11.3248,33.9974,5444
2016-10-12 18:00:00,50.47,transfer,1.0,59.0216,0.0,55.4429,55.4429,59.0216,89.733,11.3468,34.0506,5445
2016-10-12 19:00:00,56.2,transfer,1.0,57.3982,0.0,54.3963,54.3963,57.3982,89.7337,11.3537,34.0678,5446
2016-10-12 20:00:00,55.66,transfer,1.0,56.9094,0.0,51.3445,51.3445,56.9094,89.733,11.3341,34.0455,5447
2016-10-12 21:00:00,54.42,transfer,1.0,56.8015,0.0,69.8695,69.8695,56.8015,89.7325,11.3239,34.024,5448
2016-10-12 22:00:00,54.86,transfer,1.0,56.9905,0.0,59.4748,59.4748,56.9905,89.7325,11.321,34.003,5449
2016-10-12 23:00:00,55.56,transfer,1.0,57.4014,0.0,59.3475,59.3475,57.4014,89.7325,11.3183,33.9775,5450
2016-10-13 00:00:00,55.05,transfer,1.0,58.3232,0.0,67.7518,67.7518,58.3232,89.7328,11.3212,33.9534,5451
2016-10-13 01:00:00,55.37,transfer,1.0,59.568,0.0,68.7321,68.7321,59.568,89.7329,11.3245,33.9276,5452
2016-10-13 02:00:00,53.28,transfer,1.0,61.3299,0.0,51.161,51.161,61.3299,89.7329,11.3388,33.9141,5453
2016-10-13 03:00:00,53.79,transfer,1.0,64.1465,0.0,57.2264,57.2264,64.1465,89.7332,11.3449,33.8966,5454
2016-10-13 04:00:00,56.5,transfer,1.0,68.233,0.0,62.9631,62.9631,68.233,89.7337,11.3389,33.8752,5455
2016-10-13 05:00:00,56.91,transfer,1.0,73.6866,0.0,75.8867,75.8867,73.6866,89.7336,11.3032,33.8386,5456
2016-10-13 06:00:00,58.08,transfer,1.0,80.0358,0.0,86.3728,86.3728,80.0358,89.7335,11.303,33.8508,5457
2016-10-13 07:00:00,52.13,transfer,1.0,86.4583,0.0,95.4388,95.4388,86.4583,89.7336,11.3937,33.9595,5458
2016-10-13 08:00:00,55.01,transfer,1.0,91.7715,0.0,79.7433,79.7433,91.7715,89.7335,11.5473,34.136,5459
2016-10-13 09:00:00,53.73,transfer,1.0,94.0513,0.0,88.4372,88.4372,94.0513,89.7337,11.7574,34.322,5460
2016-10-13 10:00:00,54.09,transfer,1.0,94.0244,0.0,108.9457,108.9457,94.0244,89.7335,11.9529,34.5087,5461
2016-10-13 11:00:00,53.24,transfer,1.0,91.8825,0.0,99.6258,99.6258,91.8825,89.7334,12.1434,34.697,5462
2016-10-13 12:00:00,52.79,transfer,1.0,87.6941,0.0,75.617,75.617,87.6941,89.7335,12.3366,34.843,5463
2016-10-13 13:00:00,54.2,transfer,1.0,81.2016,0.0,79.5428,79.5428,81.2016,89.7336,12.4724,34.9925,5464
2016-10-13 14:00:00,52.9,transfer,1.0,74.003,0.0,59.5227,59.5227,74.003,89.7332,12.5359,35.1444,5465
2016-10-13 15:00:00,53.28,transfer,1.0,68.3272,0.0,81.8026,81.8026,68.3272,89.7333,12.5547,35.3262,5466
2016-10-13 16:00:00,51.05,transfer,1.0,64.0059,0.0,57.6277,57.6277,64.0059,89.7333,12.5634,35.5472,5467
2016-10-13 17:00:00,47.08,transfer,1.0,60.9246,0.0,57.2079,57.2079,60.9246,89.7333,12.5792,35.7532,5468
2016-10-13 18:00:00,44.33,transfer,1.0,58.4225,0.0,65.9575,65.9575,58.4225,89.7334,12.6626,35.8792,5469
2016-10-13 19:00:00,48.95,transfer,1.0,56.346,0.0,60.2883,60.2883,56.346,89.7334,12.6951,35.9649,5470
2016-10-13 20:00:00,47.8,transfer,1.0,55.4841,0.0,47.5927,47.5927,55.4841,89.7331,12.7377,36.0283,5471
2016-10-13 21:00:00,48.03,transfer,1.0,55.029,0.0,57.3087,57.3087,55.029,89.7332,12.7746,36.0788,5472
2016-10-13 22:00:00,48.23,transfer,1.0,54.9379,0.0,61.2336,61.2336,54.9379,89.7332,12.8074,36.134,5473
2016-10-13 23:00:00,48.09,transfer,1.0,55.0808,0.0,60.7675,60.7675,55.0808,89.7332,12.8475,36.1791,5474
2016-10-14 00:00:00,48.95,transfer,1.0,55.7091,0.0,49.2628,49.2628,55.7091,89.7333,12.8867,36.2224,5475
2016-10-14 01:00:00,47.83,transfer,1.0,56.6774,0.0,59.8212,59.8212,56.6774,89.7335,12.9305,36.2705,5476
2016-10-14 02:00:00,47.67,transfer,1.0,58.1401,0.0,51.7217,51.7217,58.1401,89.7336,12.974,36.3214,5477
2016-10-14 03:00:00,47.71,transfer,1.0,59.9737,0.0,66.6073,66.6073,59.9737,89.7334,13.0177,36.3779,5478
2016-10-14 04:00:00,49.9,transfer,1.0,62.4912,0.0,59.4728,59.4728,62.4912,89.7334,13.0619,36.4423,5479
2016-10-14 05:00:00,49.94,transfer,1.0,65.7506,0.0,53.6236,53.6236,65.7506,89.7332,13.0759,36.4898,5480
2016-10-14 06:00:00,50.69,transfer,1.0,69.8358,0.0,61.7529,61.7529,69.8358,89.733,13.1248,36.5945,5481
2016-10-14 07:00:00,46.94,transfer,1.0,74.167,0.0,70.6558,70.6558,74.167,89.7332,13.216,36.7578,5482
2016-10-14 08:00:00,49.24,transfer,1.0,78.2293,0.0,76.5645,76.5645,78.2293,89.7332,13.375,36.9968,5483
2016-10-14 09:00:00,51.81,transfer,1.0,79.9215,0.0,75.3685,75.3685,79.9215,89.7336,13.5216,37.1601,5484
2016-10-14 10:00:00,55.89,transfer,1.0,79.9457,0.0,77.4525,77.4525,79.9457,89.7334,13.6445,37.2846,5485
2016-10-14 11:00:00,59.33,transfer,1.0,78.7682,0.0,64.4926,64.4926,78.7682,89.7331,13.7052,37.349,5486
2016-10-14 12:00:00,59.76,transfer,1.0,76.9933,0.0,80.0042,80.0042,76.9933,89.7332,13.7369,37.3979,5487
2016-10-14 13:00:00,59.53,transfer,1.0,74.7288,0.0,63.3513,63.3513,74.7288,89.7334,13.802,37.5034,5488
2016-10-14 14:00:00,55.93,transfer,1.0,71.5002,0.0,77.039,77.039,71.5002,89.7331,13.8407,37.6204,5489
2016-10-14 15:00:00,59.07,transfer,1.0,68.0228,0.0,66.6784,66.6784,68.0228,89.7331,13.8457,37.7583,5490
2016-10-14 16:00:00,56.87,transfer,1.0,64.7015,0.0,64.1338,64.1338,64.7015,89.7334,13.844,37.9525,5491
2016-10-14 17:00:00,53.25,transfer,1.0,62.2143,0.0,60.0794,60.0794,62.2143,89.7337,13.8731,38.1059,5492
2016-10-14 18:00:00,50.12,transfer,1.0,60.1312,0.0,56.8739,56.8739,60.1312,89.7338,13.884,38.1697,5493
2016-10-14 19:00:00,51.84,transfer,1.0,58.8353,0.0,70.3554,70.3554,58.8353,89.7345,13.8793,38.1979,5494
2016-10-14 20:00:00,51.98,transfer,1.0,58.4872,0.0,63.6861,63.6861,58.4872,89.734,13.8613,38.1976,5495
2016-10-14 21:00:00,52.21,transfer,1.0,58.3857,0.0,54.701,54.701,58.3857,89.7339,13.8677,38.2089,5496
2016-10-14 22:00:00,51.8,transfer,1.0,58.5799,0.0,55.9114,55.9114,58.5799,89.7338,13.8672,38.204,5497
2016-10-14 23:00:00,50.96,transfer,1.0,58.9775,0.0,62.0112,62.0112,58.9775,89.7337,13.8869,38.2137,5498
2016-10-15 00:00:00,52.88,transfer,1.0,59.6478,0.0,65.5751,65.5751,59.6478,89.7336,13.8934,38.2068,5499
2016-10-15 01:00:00,49.23,transfer,1.0,59.2474,0.0,58.2567,58.2567,59.2474,89.7331,13.9253,38.2255,5500
2016-10-15 02:00:00,51.13,transfer,1.0,59.156,0.0,55.0249,55.0249,59.156,89.7331,13.9421,38.2296,5501
2016-10-15 03:00:00,51.08,transfer,1.0,59.3376,0.0,71.0185,71.0185,59.3376,89.7332,13.9568,38.2338,5502
2016-10-15 04:00:00,53.75,transfer,1.0,59.8425,0.0,64.2126,64.2126,59.8425,89.733,13.9444,38.3119,5503
2016-10-15 05:00:00,54.68,transfer,1.0,60.5948,0.0,56.7833,56.7833,60.5948,89.7325,13.9759,38.3498,5504
2016-10-15 06:00:00,53.8,transfer,1.0,61.6546,0.0,52.1113,52.1113,61.6546,89.7322,14.0046,38.3904,5505
2016-10-15 07:00:00,48.46,transfer,1.0,63.0037,0.0,65.0042,65.0042,63.0037,89.7324,14.0196,38.4271,5506
2016-10-15 08:00:00,46.96,transfer,1.0,64.5432,0.0,62.1455,62.1455,64.5432,89.7328,14.0069,38.4403,5507
2016-10-15 09:00:00,48.59,transfer,1.0,64.0559,0.0,52.5293,52.5293,64.0559,89.7331,14.0033,38.4615,5508
2016-10-15 10:00:00,45.83,transfer,1.0,63.3495,0.0,65.3977,65.3977,63.3495,89.7327,14.0217,38.5003,5509
2016-10-15 11:00:00,48.05,transfer,1.0,62.8317,0.0,55.1048,55.1048,62.8317,89.733,14.0247,38.5173,5510
2016-10-15 12:00:00,47.26,transfer,1.0,62.0574,0.0,62.3749,62.3749,62.0574,89.7331,14.0454,38.5474,5511
2016-10-15 13:00:00,46.27,transfer,1.0,61.1097,0.0,61.8962,61.8962,61.1097,89.7331,14.0773,38.5828,5512
2016-10-15 14:00:00,46.29,transfer,1.0,60.0309,0.0,53.695,53.695,60.0309,89.7332,14.1125,38.6168,5513
2016-10-15 15:00:00,47.19,transfer,1.0,58.7321,0.0,56.487,56.487,58.7321,89.7328,14.1335,38.6344,5514
2016-10-15 16:00:00,46.6,transfer,1.0,57.5489,0.0,60.0658,60.0658,57.5489,89.733,14.1597,38.6554,5515
2016-10-15 17:00:00,46.45,transfer,1.0,56.4994,0.0,67.4631,67.4631,56.4994,89.7333,14.1961,38.6855,5516
2016-10-15 18:00:00,47.22,transfer,1.0,55.5217,0.0,44.4895,44.4895,55.5217,89.7336,14.2267,38.7088,5517
2016-10-15 19:00:00,52.09,transfer,1.0,54.6546,0.0,40.7719,40.7719,54.6546,89.7337,14.2239,38.6992,5518
2016-10-15 20:00:00,51.34,transfer,1.0,54.4597,0.0,45.813,45.813,54.4597,89.7331,14.2347,38.7034,5519
2016-10-15 21:00:00,52.12,transfer,1.0,54.3876,0.0,53.35,53.35,54.3876,89.7332,14.2424,38.7038,5520
2016-10-15 22:00:00,51.83,transfer,1.0,54.3709,0.0,55.8729,55.8729,54.3709,89.7331,14.2498,38.7039,5521
2016-10-15 23:00:00,51.87,transfer,1.0,54.3816,0.0,56.4138,56.4138,54.3816,89.7329,14.2456,38.6932,5522
2016-10-16 00:00:00,52.65,transfer,1.0,54.4607,0.0,46.9006,46.9006,54.4607,89.7327,14.2511,38.6942,5523
2016-10-16 01:00:00,50.66,transfer,1.0,54.8018,0.0,59.03,59.03,54.8018,89.7327,14.2647,38.704,5524
2016-10-16 02:00:00,51.18,transfer,1.0,55.38,0.0,52.2377,52.2377,55.38,89.7326,14.2639,38.7013,5525
2016-10-16 03:00:00,49.5,transfer,1.0,56.1464,0.0,62.9678,62.9678,56.1464,89.7324,14.2543,38.692,5526
2016-10-16 04:00:00,54.2,transfer,1.0,57.2555,0.0,55.0947,55.0947,57.2555,89.7326,14.2344,38.673,5527
2016-10-16 05:00:00,54.34,transfer,1.0,58.5559,0.0,67.6735,67.6735,58.5559,89.7326,14.2129,38.6521,5528
2016-10-16 06:00:00,54.82,transfer,1.0,60.3279,0.0,66.2879,66.2879,60.3279,89.7328,14.1913,38.6299,5529
2016-10-16 07:00:00,49.13,transfer,1.0,62.3657,0.0,68.2784,68.2784,62.3657,89.733,14.1962,38.6315,5530
2016-10-16 08:00:00,46.12,transfer,1.0,64.1742,0.0,70.1355,70.1355,64.1742,89.7329,14.1868,38.6187,5531
2016-10-16 09:00:00,47.05,transfer,1.0,64.2168,0.0,65.7454,65.7454,64.2168,89.7333,14.1764,38.6021,5532
2016-10-16 10:00:00,47.84,transfer,1.0,63.6609,0.0,61.8562,61.8562,63.6609,89.7332,14.1654,38.5826,5533
2016-10-16 11:00:00,47.91,transfer,1.0,63.0732,0.0,57.8262,57.8262,63.0732,89.7334,14.1595,38.5671,5534
2016-10-16 12:00:00,47.65,transfer,1.0,62.4308,0.0,67.1441,67.1441,62.4308,89.7336,14.1598,38.5573,5535
2016-10-16 13:00:00,47.97,transfer,1.0,61.5635,0.0,60.5316,60.5316,61.5635,89.7335,14.1549,38.5416,5536
2016-10-16 14:00:00,47.44,transfer,1.0,60.4105,0.0,62.6795,62.6795,60.4105,89.7334,14.153,38.5298,5537
2016-10-16 15:00:00,48.28,transfer,1.0,59.1417,0.0,67.2067,67.2067,59.1417,89.733,14.1502,38.5182,5538
2016-10-16 16:00:00,47.94,transfer,1.0,57.8937,0.0,56.1068,56.1068,57.8937,89.7331,14.1515,38.5127,5539
2016-10-16 17:00:00,48.01,transfer,1.0,56.7301,0.0,50.4722,50.4722,56.7301,89.7331,14.1445,38.4994,5540
2016-10-16 18:00:00,47.39,transfer,1.0,55.6622,0.0,58.8051,58.8051,55.6622,89.7332,14.126,38.4753,5541
2016-10-16 19:00:00,51.44,transfer,1.0,54.7109,0.0,52.7612,52.7612,54.7109,89.7335,14.1162,38.4599,5542
2016-10-16 20:00:00,51.93,transfer,1.0,54.4635,0.0,52.4072,52.4072,54.4635,89.7331,14.1082,38.4453,5543
2016-10-16 21:00:00,52.09,transfer,1.0,54.2841,0.0,55.3468,55.3468,54.2841,89.733,14.1051,38.4348,5544
2016-10-16 22:00:00,52.73,transfer,1.0,54.266,0.0,54.2399,54.2399,54.266,89.733,14.1005,38.4227,5545
2016-10-16 23:00:00,52.16,transfer,1.0,54.3885,0.0,59.6076,59.6076,54.3885,89.7331,14.1027,38.4166,5546
2016-10-17 00:00:00,52.95,transfer,1.0,54.62,0.0,56.4734,56.4734,54.62,89.7332,14.1053,38.4109,5547
2016-10-17 01:00:00,52.44,transfer,1.0,55.9781,0.0,60.1624,60.1624,55.9781,89.7335,14.0972,38.394,5548
2016-10-17 02:00:00,51.68,transfer,1.0,58.0472,0.0,56.6793,56.6793,58.0472,89.7336,14.0839,38.3708,5549
2016-10-17 03:00:00,53.28,transfer,1.0,60.7408,0.0,66.859,66.859,60.7408,89.7333,14.0647,38.3419,5550
2016-10-17 04:00:00,54.68,transfer,1.0,64.19,0.0,71.413,71.413,64.19,89.7335,14.0526,38.3162,5551
2016-10-17 05:00:00,55.31,transfer,1.0,68.6616,0.0,71.9433,71.9433,68.6616,89.7334,14.0433,38.2893,5552
2016-10-17 06:00:00,70.6,transfer,1.0,73.6799,0.0,69.5077,69.5077,73.6799,89.7336,13.9542,38.1755,5553
2016-10-17 07:00:00,81.35,transfer,1.0,80.1023,0.0,82.1482,82.1482,80.1023,89.7338,13.7937,37.9634,5554
2016-10-17 08:00:00,91.31,transfer,1.0,88.2774,0.0,101.3397,101.3397,88.2774,89.7338,13.6062,37.7002,5555
2016-10-17 09:00:00,101.45,transfer,1.0,95.6322,0.0,98.0046,98.0046,95.6322,89.7341,13.4251,37.496,5556
2016-10-17 10:00:00,106.17,transfer,1.0,100.154,0.0,98.3166,98.3166,100.154,89.7338,13.253,37.3205,5557
2016-10-17 11:00:00,108.16,transfer,1.0,102.16,0.0,106.7417,106.7417,102.16,89.7334,13.1023,37.1603,5558
2016-10-17 12:00:00,98.35,transfer,1.0,102.5595,0.0,97.7803,97.7803,102.5595,89.7332,12.9784,36.9574,5559
2016-10-17 13:00:00,102.06,transfer,1.0,101.581,0.0,111.7282,111.7282,101.581,89.7329,12.8533,36.7725,5560
2016-10-17 14:00:00,113.27,transfer,1.0,98.1188,0.0,89.5091,89.5091,98.1188,89.7329,12.8273,36.6464,5561
2016-10-17 15:00:00,104.72,transfer,1.0,91.6195,0.0,97.0402,97.0402,91.6195,89.7328,12.8148,36.4782,5562
2016-10-17 16:00:00,94.03,transfer,1.0,83.987,0.0,71.7494,71.7494,83.987,89.7328,12.7965,36.2442,5563
2016-10-17 17:00:00,86.04,transfer,1.0,75.7445,0.0,82.897,82.897,75.7445,89.7326,12.7843,35.9993,5564
2016-10-17 18:00:00,63.02,transfer,1.0,68.0415,0.0,74.2793,74.2793,68.0415,89.7324,12.751,35.8922,5565
2016-10-17 19:00:00,59.35,transfer,1.0,62.5448,0.0,61.0666,61.0666,62.5448,89.733,12.7444,35.8374,5566
2016-10-17 20:00:00,52.41,transfer,1.0,59.0179,0.0,55.9563,55.9563,59.0179,89.7328,12.7523,35.8166,5567
2016-10-17 21:00:00,53.69,transfer,1.0,56.746,0.0,62.2314,62.2314,56.746,89.7327,12.745,35.7946,5568
2016-10-17 22:00:00,55.02,transfer,1.0,55.4468,0.0,54.5253,54.5253,55.4468,89.7327,12.72,35.764,5569
2016-10-17 23:00:00,52.38,transfer,1.0,54.8654,0.0,62.6407,62.6407,54.8654,89.7324,12.694,35.7386,5570
2016-10-18 00:00:00,53.73,transfer,1.0,55.1305,0.0,70.1673,70.1673,55.1305,89.7324,12.6623,35.7105,5571
2016-10-18 01:00:00,52.21,transfer,1.0,56.1885,0.0,52.0239,52.0239,56.1885,89.732,12.6356,35.6876,5572
2016-10-18 02:00:00,50.76,transfer,1.0,58.4832,0.0,60.5065,60.5065,58.4832,89.7321,12.622,35.6746,5573
2016-10-18 03:00:00,52.48,transfer,1.0,62.0452,0.0,59.2283,59.2283,62.0452,89.7321,12.6016,35.6478,5574
2016-10-18 04:00:00,69.92,transfer,1.0,67.1403,0.0,61.9917,61.9917,67.1403,89.7322,12.5423,35.538,5575
2016-10-18 05:00:00,60.43,transfer,1.0,74.2149,0.0,66.0343,66.0343,74.2149,89.7319,12.5274,35.4877,5576
2016-10-18 06:00:00,74.53,transfer,1.0,84.1486,0.0,68.3854,68.3854,84.1486,89.7319,12.4636,35.3589,5577
2016-10-18 07:00:00,86.59,transfer,1.0,92.6335,0.0,92.6073,92.6073,92.6335,89.7322,12.3016,35.1157,5578
2016-10-18 08:00:00,101.5,transfer,1.0,98.9289,0.0,104.0603,104.0603,98.9289,89.7325,12.1062,34.9447,5579
2016-10-18 09:00:00,108.26,transfer,1.0,102.5946,0.0,83.1699,83.1699,102.5946,89.7328,11.9427,34.8429,5580
2016-10-18 10:00:00,117.91,transfer,1.0,104.0948,0.0,85.7671,85.7671,104.0948,89.733,11.8704,34.8447,5581
2016-10-18 11:00:00,115.75,transfer,1.0,104.6237,0.0,112.399,112.399,104.6237,89.733,11.7706,34.8202,5582
2016-10-18 12:00:00,115.75,transfer,1.0,104.6757,0.0,114.8526,114.8526,104.6757,89.733,11.6617,34.7804,5583
2016-10-18 13:00:00,116.28,transfer,1.0,104.2681,0.0,111.0251,111.0251,104.2681,89.7328,11.5735,34.7388,5584
2016-10-18 14:00:00,122.07,transfer,1.0,103.2225,0.0,106.1149,106.1149,103.2225,89.7329,11.5618,34.7334,5585
2016-10-18 15:00:00,118.21,transfer,1.0,101.0745,0.0,105.4234,105.4234,101.0745,89.7323,11.5803,34.7071,5586
2016-10-18 16:00:00,114.77,transfer,1.0,97.0955,0.0,108.7097,108.7097,97.0955,89.7317,11.621,34.6473,5587
2016-10-18 17:00:00,102.77,transfer,1.0,90.4224,0.0,84.4992,84.4992,90.4224,89.7314,11.6248,34.4877,5588
2016-10-18 18:00:00,73.36,transfer,1.0,81.6091,0.0,87.733,87.733,81.6091,89.7312,11.6203,34.3483,5589
2016-10-18 19:00:00,65.28,transfer,1.0,72.204,0.0,82.1823,82.1823,72.204,89.7312,11.6482,34.2849,5590
2016-10-18 20:00:00,63.43,transfer,1.0,64.6609,0.0,57.7178,57.7178,64.6609,89.7298,11.6424,34.2286,5591
2016-10-18 21:00:00,61.69,transfer,1.0,59.8855,0.0,56.4062,56.4062,59.8855,89.7291,11.6401,34.1819,5592
2016-10-18 22:00:00,61.35,transfer,1.0,57.3551,0.0,60.5263,60.5263,57.3551,89.7277,11.6436,34.1318,5593
2016-10-18 23:00:00,61.13,transfer,1.0,55.9601,0.0,53.7607,53.7607,55.9601,89.7259,11.6564,34.0873,5594
2016-10-19 00:00:00,61.34,transfer,1.0,55.3579,0.0,55.9405,55.9405,55.3579,89.7245,11.6749,34.047,5595
2016-10-19 01:00:00,59.67,transfer,1.0,55.5738,0.0,55.5133,55.5133,55.5738,89.7243,11.6684,34.0104,5596
2016-10-19 02:00:00,58.48,transfer,1.0,56.9581,0.0,63.6102,63.6102,56.9581,89.7249,11.6387,33.9853,5597
2016-10-19 03:00:00,57.65,transfer,1.0,60.0183,0.0,70.001,70.001,60.0183,89.7261,11.5902,33.959,5598
2016-10-19 04:00:00,78.9,transfer,1.0,65.5957,0.0,61.9318,61.9318,65.5957,89.7279,11.5997,33.8233,5599
2016-10-19 05:00:00,70.98,transfer,1.0,73.7663,0.0,78.3246,78.3246,73.7663,89.729,11.5179,33.7371,5600
2016-10-19 06:00:00,84.7,transfer,1.0,84.7372,0.0,72.2334,72.2334,84.7372,89.73,11.3878,33.574,5601
2016-10-19 07:00:00,95.21,transfer,1.0,93.8114,0.0,88.0292,88.0292,93.8114,89.7301,11.1979,33.3848,5602
2016-10-19 08:00:00,106.38,transfer,1.0,99.6209,0.0,103.2119,103.2119,99.6209,89.7285,10.9899,33.2473,5603
2016-10-19 09:00:00,118.32,transfer,1.0,102.6519,0.0,112.38,112.38,102.6519,89.7276,10.8206,33.1852,5604
2016-10-19 10:00:00,123.95,transfer,1.0,103.8641,0.0,120.802,120.802,103.8641,89.7256,10.7126,33.192,5605
2016-10-19 11:00:00,127.24,transfer,1.0,104.3352,0.0,105.6522,105.6522,104.3352,89.7243,10.6572,33.2418,5606
2016-10-19 12:00:00,127.82,transfer,1.0,104.4007,0.0,112.5297,112.5297,104.4007,89.7231,10.6242,33.2939,5607
2016-10-19 13:00:00,126.52,transfer,1.0,104.173,0.0,105.609,105.609,104.173,89.7229,10.5831,33.3075,5608
2016-10-19 14:00:00,129.42,transfer,1.0,103.5973,0.0,97.6944,97.6944,103.5973,89.7213,10.5841,33.3219,5609
2016-10-19 15:00:00,115.93,transfer,1.0,102.4368,0.0,91.2029,91.2029,102.4368,89.7216,10.5536,33.2572,5610
2016-10-19 16:00:00,109.05,transfer,1.0,100.3205,0.0,100.0178,100.0178,100.3205,89.7222,10.5141,33.1358,5611
2016-10-19 17:00:00,100.94,transfer,1.0,96.0332,0.0,87.4567,87.4567,96.0332,89.7229,10.4861,32.9778,5612
2016-10-19 18:00:00,71.33,transfer,1.0,88.7819,0.0,71.047,71.047,88.7819,89.7232,10.5391,32.8535,5613
2016-10-19 19:00:00,69.86,transfer,1.0,79.3701,0.0,71.461,71.461,79.3701,89.7238,10.5886,32.7722,5614
2016-10-19 20:00:00,59.92,transfer,1.0,70.3491,0.0,70.299,70.299,70.3491,89.7228,10.6432,32.7468,5615
2016-10-19 21:00:00,59.29,transfer,1.0,64.6634,0.0,72.1679,72.1679,64.6634,89.7225,10.661,32.7177,5616
2016-10-19 22:00:00,58.98,transfer,1.0,61.3133,0.0,62.2511,62.2511,61.3133,89.7228,10.6623,32.6931,5617
2016-10-19 23:00:00,58.81,transfer,1.0,59.5645,0.0,52.3693,52.3693,59.5645,89.7233,10.6558,32.6737,5618
2016-10-20 00:00:00,59.07,transfer,1.0,59.0103,0.0,55.5416,55.5416,59.0103,89.7235,10.6367,32.6497,5619
2016-10-20 01:00:00,59.63,transfer,1.0,59.354,0.0,47.5204,47.5204,59.354,89.7202,10.6133,32.6243,5620
2016-10-20 02:00:00,55.81,transfer,1.0,60.9224,0.0,47.3616,47.3616,60.9224,88.8772,10.5958,32.6042,5621
2016-10-20 03:00:00,55.9,transfer,1.0,63.993,0.0,59.3541,59.3541,63.993,88.9927,10.5824,32.5872,5622
2016-10-20 04:00:00,79.37,transfer,1.0,68.3196,0.0,73.37,73.37,68.3196,89.2119,10.5783,32.448,5623
2016-10-20 05:00:00,70.38,transfer,1.0,74.7451,0.0,69.8608,69.8608,74.7451,89.3691,10.5044,32.3656,5624
2016-10-20 06:00:00,77.65,transfer,1.0,84.3121,0.0,82.8047,82.8047,84.3121,89.4175,10.4134,32.2472,5625
2016-10-20 07:00:00,85.83,transfer,1.0,92.9365,0.0,95.728,95.728,92.9365,89.5691,10.2513,32.0457,5626
2016-10-20 08:00:00,101.23,transfer,1.0,98.8251,0.0,115.013,115.013,98.8251,89.6567,10.0468,31.9079,5627
2016-10-20 09:00:00,112.67,transfer,1.0,102.1014,0.0,102.9029,102.9029,102.1014,89.6955,9.8697,31.8303,5628
2016-10-20 10:00:00,120.38,transfer,1.0,103.5502,0.0,103.5346,103.5346,103.5502,89.7115,9.7322,31.8007,5629
2016-10-20 11:00:00,125.74,transfer,1.0,104.0918,0.0,119.7196,119.7196,104.0918,89.7185,9.6311,31.7979,5630
2016-10-20 12:00:00,131.83,transfer,1.0,104.1316,0.0,117.5106,117.5106,104.1316,89.7209,9.5882,31.8286,5631
2016-10-20 13:00:00,129.74,transfer,1.0,103.8058,0.0,91.5292,91.5292,103.8058,89.7216,9.5818,31.8553,5632
2016-10-20 14:00:00,132.72,transfer,1.0,103.0832,0.0,91.611,91.611,103.0832,89.722,9.6326,31.892,5633
2016-10-20 15:00:00,127.25,transfer,1.0,101.6834,0.0,108.3823,108.3823,101.6834,89.7217,9.6952,31.8984,5634
2016-10-20 16:00:00,126.56,transfer,1.0,99.1475,0.0,87.0851,87.0851,99.1475,89.7218,9.7813,31.8874,5635
2016-10-20 17:00:00,107.95,transfer,1.0,94.7913,0.0,92.3616,92.3616,94.7913,89.7218,9.7772,31.7421,5636
2016-10-20 18:00:00,73.53,transfer,1.0,88.781,0.0,85.6307,85.6307,88.781,89.7222,9.7841,31.5682,5637
2016-10-20 19:00:00,68.07,transfer,1.0,80.251,0.0,82.3301,82.3301,80.251,89.7228,9.8126,31.4543,5638
2016-10-20 20:00:00,59.33,transfer,1.0,71.2083,0.0,79.6338,79.6338,71.2083,89.7223,9.8375,31.3856,5639
2016-10-20 21:00:00,58.64,transfer,1.0,64.9624,0.0,69.5479,69.5479,64.9624,89.7226,9.8335,31.3224,5640
2016-10-20 22:00:00,55.64,transfer,1.0,61.353,0.0,60.8171,60.8171,61.353,89.7224,9.8276,31.2782,5641
2016-10-20 23:00:00,56.04,transfer,1.0,59.5568,0.0,65.459,65.459,59.5568,89.7228,9.8069,31.2308,5642
2016-10-21 00:00:00,55.59,transfer,1.0,58.8233,0.0,50.9954,50.9954,58.8233,89.7228,9.7859,31.1913,5643
2016-10-21 01:00:00,52.59,transfer,1.0,58.8694,0.0,61.8197,61.8197,58.8694,89.7202,9.7706,31.1628,5644
2016-10-21 02:00:00,52.0,transfer,1.0,59.5779,0.0,67.7869,67.7869,59.5779,88.2599,9.7534,31.1283,5645
2016-10-21 03:00:00,52.06,transfer,1.0,61.2415,0.0,65.3404,65.3404,61.2415,88.2849,9.7351,31.0938,5646
2016-10-21 04:00:00,77.56,transfer,1.0,64.5825,0.0,64.2412,64.2412,64.5825,88.4411,9.7374,30.9214,5647
2016-10-21 05:00:00,69.1,transfer,1.0,70.4398,0.0,73.5658,73.5658,70.4398,88.5928,9.6512,30.8006,5648
2016-10-21 06:00:00,67.22,transfer,1.0,79.9579,0.0,71.4011,71.4011,79.9579,88.6391,9.6131,30.6957,5649
2016-10-21 07:00:00,64.61,transfer,1.0,89.3175,0.0,101.0842,101.0842,89.3175,88.5042,9.5981,30.5832,5650
2016-10-21 08:00:00,70.98,transfer,1.0,95.8195,0.0,115.1758,115.1758,95.8195,88.4967,9.5734,30.4464,5651
2016-10-21 09:00:00,75.73,transfer,1.0,99.3234,0.0,105.6029,105.6029,99.3234,88.5023,9.5465,30.2967,5652
2016-10-21 10:00:00,98.78,transfer,1.0,100.7344,0.0,97.7163,97.7163,100.7344,88.3968,9.4149,30.1571,5653
2016-10-21 11:00:00,106.12,transfer,1.0,100.9048,0.0,94.5934,94.5934,100.9048,88.1395,9.3303,30.0831,5654
2016-10-21 12:00:00,112.13,transfer,1.0,100.7711,0.0,107.7977,107.7977,100.7711,87.8901,9.2953,30.049,5655
2016-10-21 13:00:00,118.21,transfer,1.0,99.9433,0.0,120.083,120.083,99.9433,87.662,9.3136,30.0511,5656
2016-10-21 14:00:00,106.11,transfer,1.0,97.9075,0.0,115.1674,115.1674,97.9075,87.5735,9.2697,29.9602,5657
2016-10-21 15:00:00,98.05,transfer,1.0,95.5803,0.0,90.2361,90.2361,95.5803,87.8895,9.2311,29.8382,5658
2016-10-21 16:00:00,89.17,transfer,1.0,88.8162,0.0,91.0343,91.0343,88.8162,89.2146,9.1866,29.6428,5659
2016-10-21 17:00:00,79.21,transfer,1.0,79.0186,0.0,81.7149,81.7149,79.0186,89.6994,9.1344,29.4881,5660
2016-10-21 18:00:00,68.37,transfer,1.0,70.152,0.0,73.8827,73.8827,70.152,89.7162,9.0854,29.3793,5661
2016-10-21 19:00:00,62.91,transfer,1.0,63.9158,0.0,60.4543,60.4543,63.9158,89.7196,9.0498,29.3134,5662
2016-10-21 20:00:00,68.59,transfer,1.0,60.7378,0.0,57.1253,57.1253,60.7378,89.7213,9.0578,29.2144,5663
2016-10-21 21:00:00,54.15,transfer,1.0,58.8348,0.0,55.5658,55.5658,58.8348,89.7177,9.0489,29.2028,5664
2016-10-21 22:00:00,53.03,transfer,1.0,58.2579,0.0,52.5794,52.5794,58.2579,89.141,9.0397,29.1919,5665
2016-10-21 23:00:00,50.19,transfer,1.0,57.9289,0.0,50.6826,50.6826,57.9289,89.1469,9.038,29.193,5666
2016-10-22 00:00:00,51.04,transfer,1.0,58.0128,0.0,53.5899,53.5899,58.0128,89.4116,9.0392,29.2021,5667
2016-10-22 01:00:00,49.97,transfer,1.0,57.539,0.0,59.0674,59.0674,57.539,89.576,9.0247,29.1967,5668
2016-10-22 02:00:00,48.48,transfer,1.0,57.4495,0.0,53.6407,53.6407,57.4495,89.6656,9.0303,29.2121,5669
2016-10-22 03:00:00,48.56,transfer,1.0,57.8955,0.0,58.2309,58.2309,57.8955,89.7056,9.0367,29.2269,5670
2016-10-22 04:00:00,51.66,transfer,1.0,58.9684,0.0,57.3441,57.3441,58.9684,89.7158,9.0439,29.2393,5671
2016-10-22 05:00:00,51.33,transfer,1.0,60.6218,0.0,52.8677,52.8677,60.6218,89.7257,9.064,29.2592,5672
2016-10-22 06:00:00,51.67,transfer,1.0,63.0746,0.0,61.862,61.862,63.0746,89.7299,9.0852,29.2718,5673
2016-10-22 07:00:00,49.07,transfer,1.0,65.7578,0.0,56.07,56.07,65.7578,89.7314,9.0979,29.2682,5674
2016-10-22 08:00:00,43.57,transfer,1.0,68.4368,0.0,72.7646,72.7646,68.4368,89.7321,9.1413,29.2884,5675
2016-10-22 09:00:00,43.53,transfer,1.0,68.377,0.0,62.1455,62.1455,68.377,89.7323,9.1971,29.3185,5676
2016-10-22 10:00:00,43.39,transfer,1.0,67.0345,0.0,66.5159,66.5159,67.0345,89.7322,9.2336,29.333,5677
2016-10-22 11:00:00,49.79,transfer,1.0,65.4574,0.0,58.3596,58.3596,65.4574,89.7321,9.2388,29.3226,5678
2016-10-22 12:00:00,52.62,transfer,1.0,64.0422,0.0,68.6181,68.6181,64.0422,89.732,9.2188,29.2907,5679
2016-10-22 13:00:00,53.24,transfer,1.0,62.8243,0.0,61.2065,61.2065,62.8243,89.732,9.1875,29.2492,5680
2016-10-22 14:00:00,52.45,transfer,1.0,61.5088,0.0,65.024,65.024,61.5088,89.732,9.1596,29.2126,5681
2016-10-22 15:00:00,51.06,transfer,1.0,60.297,0.0,67.6824,67.6824,60.297,89.7322,9.1459,29.1895,5682
2016-10-22 16:00:00,49.99,transfer,1.0,58.9739,0.0,65.4667,65.4667,58.9739,89.7325,9.1342,29.1693,5683
2016-10-22 17:00:00,50.2,transfer,1.0,57.519,0.0,60.1463,60.1463,57.519,89.7325,9.1179,29.147,5684
2016-10-22 18:00:00,52.15,transfer,1.0,56.1993,0.0,51.138,51.138,56.1993,89.7327,9.0926,29.1177,5685
2016-10-22 19:00:00,55.11,transfer,1.0,55.1003,0.0,53.9085,53.9085,55.1003,89.7334,9.0774,29.0997,5686
2016-10-22 20:00:00,53.83,transfer,1.0,54.6965,0.0,52.1089,52.1089,54.6965,89.733,9.064,29.0849,5687
2016-10-22 21:00:00,53.71,transfer,1.0,54.3529,0.0,45.5719,45.5719,54.3529,89.7331,9.0543,29.0754,5688
2016-10-22 22:00:00,53.33,transfer,1.0,54.1328,0.0,53.6925,53.6925,54.1328,89.7332,9.044,29.0665,5689
2016-10-22 23:00:00,52.83,transfer,1.0,53.9738,0.0,55.651,55.651,53.9738,89.7331,9.0358,29.0608,5690
2016-10-23 00:00:00,54.03,transfer,1.0,53.93,0.0,55.5427,55.5427,53.93,89.7329,9.0257,29.0525,5691
2016-10-23 01:00:00,52.76,transfer,1.0,54.303,0.0,53.2812,53.2812,54.303,89.733,9.0102,29.04,5692
2016-10-23 02:00:00,52.85,transfer,1.0,54.7891,0.0,54.7714,54.7714,54.7891,89.7327,8.9967,29.0301,5693
2016-10-23 03:00:00,52.76,transfer,1.0,55.5891,0.0,58.2651,58.2651,55.5891,89.7329,8.974,29.0107,5694
2016-10-23 04:00:00,55.65,transfer,1.0,56.7137,0.0,53.7696,53.7696,56.7137,89.7329,8.9622,29.0021,5695
2016-10-23 05:00:00,56.04,transfer,1.0,58.1983,0.0,55.0192,55.0192,58.1983,89.7326,8.9499,28.992,5696
2016-10-23 06:00:00,56.16,transfer,1.0,59.9791,0.0,55.985,55.985,59.9791,89.7325,8.9399,28.984,5697
2016-10-23 07:00:00,51.28,transfer,1.0,62.0668,0.0,62.195,62.195,62.0668,89.7326,8.9253,28.9712,5698
2016-10-23 08:00:00,48.89,transfer,1.0,64.0183,0.0,64.1275,64.1275,64.0183,89.7326,8.9079,28.9547,5699
2016-10-23 09:00:00,49.15,transfer,1.0,64.0289,0.0,72.4054,72.4054,64.0289,89.7327,8.8942,28.9422,5700
2016-10-23 10:00:00,49.63,transfer,1.0,63.5056,0.0,66.6108,66.6108,63.5056,89.7323,8.8827,28.9315,5701
2016-10-23 11:00:00,49.61,transfer,1.0,63.534,0.0,62.366,62.366,63.534,89.733,8.8753,28.9214,5702
2016-10-23 12:00:00,50.25,transfer,1.0,63.2739,0.0,64.0495,64.0495,63.2739,89.7326,8.8648,28.9059,5703
2016-10-23 13:00:00,49.5,transfer,1.0,62.6322,0.0,62.8614,62.8614,62.6322,89.7327,8.8621,28.8968,5704
2016-10-23 14:00:00,49.75,transfer,1.0,61.7276,0.0,65.9172,65.9172,61.7276,89.7325,8.8562,28.883,5705
2016-10-23 15:00:00,49.47,transfer,1.0,60.7055,0.0,66.4466,66.4466,60.7055,89.7323,8.8584,28.876,5706
2016-10-23 16:00:00,49.07,transfer,1.0,59.6924,0.0,61.1193,61.1193,59.6924,89.7325,8.8624,28.8692,5707
2016-10-23 17:00:00,49.59,transfer,1.0,58.6223,0.0,58.9273,58.9273,58.6223,89.7323,8.8642,28.8598,5708
2016-10-23 18:00:00,51.59,transfer,1.0,57.4396,0.0,46.5065,46.5065,57.4396,89.7324,8.8498,28.8348,5709
2016-10-23 19:00:00,54.87,transfer,1.0,56.4552,0.0,57.7172,57.7172,56.4552,89.7331,8.8398,28.8144,5710
2016-10-23 20:00:00,53.37,transfer,1.0,56.023,0.0,62.3215,62.3215,56.023,89.7322,8.8405,28.8058,5711
2016-10-23 21:00:00,53.42,transfer,1.0,55.652,0.0,53.1075,53.1075,55.652,89.732,8.8407,28.7979,5712
2016-10-23 22:00:00,53.49,transfer,1.0,55.3519,0.0,64.0236,64.0236,55.3519,89.732,8.8427,28.7934,5713
2016-10-23 23:00:00,53.3,transfer,1.0,55.1533,0.0,55.7069,55.7069,55.1533,89.7323,8.8404,28.7866,5714
2016-10-24 00:00:00,53.66,transfer,1.0,55.1289,0.0,42.5257,42.5257,55.1289,89.7323,8.8392,28.7823,5715
2016-10-24 01:00:00,53.4,transfer,1.0,56.4635,0.0,57.366,57.366,56.4635,89.7331,8.8364,28.7766,5716
2016-10-24 02:00:00,53.49,transfer,1.0,58.6573,0.0,51.2584,51.2584,58.6573,89.7333,8.8293,28.7659,5717
2016-10-24 03:00:00,53.39,transfer,1.0,61.6599,0.0,66.8439,66.8439,61.6599,89.7334,8.8341,28.7652,5718
2016-10-24 04:00:00,56.75,transfer,1.0,65.6342,0.0,56.7122,56.7122,65.6342,89.7336,8.8304,28.7529,5719
2016-10-24 05:00:00,58.52,transfer,1.0,70.1802,0.0,72.3057,72.3057,70.1802,89.7331,8.8203,28.7338,5720
2016-10-24 06:00:00,76.4,transfer,1.0,75.5678,0.0,67.5222,67.5222,75.5678,89.733,8.8069,28.6992,5721
2016-10-24 07:00:00,90.66,transfer,1.0,82.8591,0.0,87.4781,87.4781,82.8591,89.7331,8.8459,28.6549,5722
2016-10-24 08:00:00,97.19,transfer,1.0,91.6657,0.0,81.8708,81.8708,91.6657,89.733,8.8607,28.6899,5723
2016-10-24 09:00:00,95.07,transfer,1.0,98.6531,0.0,82.2523,82.2523,98.6531,89.7334,8.8474,28.6519,5724
2016-10-24 10:00:00,100.06,transfer,1.0,101.8871,0.0,108.1347,108.1347,101.8871,89.7331,8.8225,28.6155,5725
2016-10-24 11:00:00,94.26,transfer,1.0,102.826,0.0,97.378,97.378,102.826,89.7335,8.8378,28.5328,5726
2016-10-24 12:00:00,89.28,transfer,1.0,102.6875,0.0,100.4376,100.4376,102.6875,89.7332,8.8925,28.4842,5727
2016-10-24 13:00:00,84.34,transfer,1.0,100.6756,0.0,111.4701,111.4701,100.6756,89.7332,8.9869,28.4429,5728
2016-10-24 14:00:00,86.12,transfer,1.0,95.2113,0.0,92.2693,92.2693,95.2113,89.7335,8.9508,28.3243,5729
2016-10-24 15:00:00,80.92,transfer,1.0,85.0065,0.0,76.0261,76.0261,85.0065,89.7334,8.8972,28.2876,5730
2016-10-24 16:00:00,75.16,transfer,1.0,74.5046,0.0,64.1532,64.1532,74.5046,89.7334,8.8413,28.3487,5731
2016-10-24 17:00:00,70.71,transfer,1.0,67.1976,0.0,54.0963,54.0963,67.1976,89.7335,8.8009,28.44,5732
2016-10-24 18:00:00,64.23,transfer,1.0,62.95,0.0,56.2179,56.2179,62.95,89.7335,8.7787,28.4328,5733
2016-10-24 19:00:00,60.33,transfer,1.0,60.4082,0.0,57.6314,57.6314,60.4082,89.7337,8.7601,28.427,5734
2016-10-24 20:00:00,48.09,transfer,1.0,59.488,0.0,61.6231,61.6231,59.488,89.733,8.7886,28.4527,5735
2016-10-24 21:00:00,46.75,transfer,1.0,58.6045,0.0,60.8438,60.8438,58.6045,89.7327,8.841,28.494,5736
2016-10-24 22:00:00,46.48,transfer,1.0,57.6312,0.0,57.0432,57.0432,57.6312,89.7325,8.9048,28.5448,5737
2016-10-24 23:00:00,46.18,transfer,1.0,57.1643,0.0,54.7324,54.7324,57.1643,89.7321,8.9554,28.5817,5738
2016-10-25 00:00:00,46.9,transfer,1.0,57.5169,0.0,55.6666,55.6666,57.5169,89.7322,9.0103,28.6224,5739
2016-10-25 01:00:00,45.85,transfer,1.0,59.051,0.0,69.6917,69.6917,59.051,89.7324,9.0652,28.6603,5740
2016-10-25 02:00:00,45.56,transfer,1.0,61.5574,0.0,57.9179,57.9179,61.5574,89.7322,9.1144,28.6912,5741
2016-10-25 03:00:00,45.52,transfer,1.0,65.2663,0.0,69.3677,69.3677,65.2663,89.7322,9.175,28.7326,5742
2016-10-25 04:00:00,47.54,transfer,1.0,70.3816,0.0,72.2107,72.2107,70.3816,89.7323,9.2944,28.8658,5743
2016-10-25 05:00:00,53.23,transfer,1.0,77.2923,0.0,77.8258,77.8258,77.2923,89.7322,9.3556,28.9087,5744
2016-10-25 06:00:00,66.45,transfer,1.0,84.7514,0.0,96.4284,96.4284,84.7514,89.7322,9.4073,28.9568,5745
2016-10-25 07:00:00,74.73,transfer,1.0,92.9389,0.0,103.1655,103.1655,92.9389,89.7323,9.4797,29.0274,5746
2016-10-25 08:00:00,91.09,transfer,1.0,99.5038,0.0,85.2229,85.2229,99.5038,89.7327,9.5145,28.9654,5747
2016-10-25 09:00:00,95.45,transfer,1.0,102.9164,0.0,96.485,96.485,102.9164,89.733,9.5252,28.8892,5748
2016-10-25 10:00:00,100.78,transfer,1.0,104.3139,0.0,116.081,116.081,104.3139,89.7332,9.464,28.7872,5749
2016-10-25 11:00:00,100.9,transfer,1.0,104.8005,0.0,113.9941,113.9941,104.8005,89.7337,9.421,28.6988,5750
2016-10-25 12:00:00,97.29,transfer,1.0,104.7404,0.0,106.4465,106.4465,104.7404,89.7336,9.3994,28.5889,5751
2016-10-25 13:00:00,97.44,transfer,1.0,104.1199,0.0,108.77,108.77,104.1199,89.7336,9.3677,28.4768,5752
2016-10-25 14:00:00,95.73,transfer,1.0,102.1037,0.0,101.6911,101.6911,102.1037,89.7334,9.2934,28.32,5753
2016-10-25 15:00:00,79.83,transfer,1.0,97.2173,0.0,104.1292,104.1292,97.2173,89.7334,9.2949,28.2094,5754
2016-10-25 16:00:00,72.84,transfer,1.0,87.7344,0.0,96.5245,96.5245,87.7344,89.7333,9.2784,28.161,5755
2016-10-25 17:00:00,69.72,transfer,1.0,74.7014,0.0,69.1374,69.1374,74.7014,89.7333,9.2346,28.2025,5756
2016-10-25 18:00:00,71.32,transfer,1.0,64.8896,0.0,61.4079,61.4079,64.8896,89.7333,9.2237,28.2146,5757
2016-10-25 19:00:00,67.73,transfer,1.0,60.0899,0.0,69.7376,69.7376,60.0899,89.7335,9.228,28.2001,5758
2016-10-25 20:00:00,63.23,transfer,1.0,58.6833,0.0,59.2018,59.2018,58.6833,89.7327,9.2477,28.2013,5759
2016-10-25 21:00:00,62.28,transfer,1.0,58.0491,0.0,65.9329,65.9329,58.0491,89.7322,9.2622,28.1978,5760
2016-10-25 22:00:00,63.34,transfer,1.0,57.8843,0.0,58.7931,58.7931,57.8843,89.732,9.2709,28.186,5761
2016-10-25 23:00:00,60.24,transfer,1.0,58.3496,0.0,54.0921,54.0921,58.3496,89.7321,9.2513,28.1913,5762
2016-10-26 00:00:00,62.31,transfer,1.0,59.6452,0.0,65.0466,65.0466,59.6452,89.7319,9.2316,28.1856,5763
2016-10-26 01:00:00,61.0,transfer,1.0,61.617,0.0,63.3433,63.3433,61.617,89.7317,9.2109,28.1777,5764
2016-10-26 02:00:00,61.57,transfer,1.0,64.8098,0.0,75.0626,75.0626,64.8098,89.7315,9.2211,28.1593,5765
2016-10-26 03:00:00,61.28,transfer,1.0,69.6722,0.0,68.1395,68.1395,69.6722,89.7321,9.257,28.1378,5766
2016-10-26 04:00:00,63.98,transfer,1.0,76.1884,0.0,78.0903,78.0903,76.1884,89.7323,9.2504,28.2266,5767
2016-10-26 05:00:00,70.63,transfer,1.0,85.3698,0.0,89.5311,89.5311,85.3698,89.7326,9.3216,28.2287,5768
2016-10-26 06:00:00,84.13,transfer,1.0,94.0028,0.0,96.8027,96.8027,94.0028,89.7325,9.3801,28.2321,5769
2016-10-26 07:00:00,89.99,transfer,1.0,100.1248,0.0,89.1643,89.1643,100.1248,89.7327,9.4321,28.201,5770
2016-10-26 08:00:00,106.6,transfer,1.0,103.2941,0.0,97.1225,97.1225,103.2941,89.733,9.4116,28.2023,5771
2016-10-26 09:00:00,113.52,transfer,1.0,104.6549,0.0,106.6435,106.6435,104.6549,89.7335,9.3711,28.1737,5772
2016-10-26 10:00:00,129.2,transfer,1.0,105.1816,0.0,91.1843,91.1843,105.1816,89.7338,9.3945,28.2049,5773
2016-10-26 11:00:00,126.47,transfer,1.0,105.3756,0.0,112.3025,112.3025,105.3756,89.7336,9.3837,28.2003,5774
2016-10-26 12:00:00,119.52,transfer,1.0,105.4156,0.0,132.8566,132.8566,105.4156,89.7332,9.3283,28.1508,5775
2016-10-26 13:00:00,113.28,transfer,1.0,105.2978,0.0,92.6133,92.6133,105.2978,89.7331,9.2428,28.0719,5776
2016-10-26 14:00:00,115.58,transfer,1.0,104.9462,0.0,103.7909,103.7909,104.9462,89.7331,9.1524,27.9895,5777
2016-10-26 15:00:00,106.79,transfer,1.0,104.0401,0.0,87.9417,87.9417,104.0401,89.7331,9.0884,27.935,5778
2016-10-26 16:00:00,102.39,transfer,1.0,101.8191,0.0,113.0555,113.0555,101.8191,89.7333,9.0399,27.8953,5779
2016-10-26 17:00:00,97.6,transfer,1.0,96.6629,0.0,102.5745,102.5745,96.6629,89.7333,9.0162,27.8754,5780
2016-10-26 18:00:00,87.62,transfer,1.0,88.2441,0.0,85.8686,85.8686,88.2441,89.7333,8.9161,27.7784,5781
2016-10-26 19:00:00,77.45,transfer,1.0,79.1122,0.0,80.1584,80.1584,79.1122,89.7334,8.8694,27.7333,5782
2016-10-26 20:00:00,68.55,transfer,1.0,72.9206,0.0,65.6804,65.6804,72.9206,89.7329,8.8333,27.682,5783
2016-10-26 21:00:00,65.02,transfer,1.0,69.0423,0.0,66.7445,66.7445,69.0423,89.7325,8.8252,27.648,5784
2016-10-26 22:00:00,67.59,transfer,1.0,67.1854,0.0,64.7043,64.7043,67.1854,89.7327,8.8138,27.5968,5785
2016-10-26 23:00:00,66.84,transfer,1.0,66.8723,0.0,72.7566,72.7566,66.8723,89.7327,8.8095,27.549,5786
2016-10-27 00:00:00,67.66,transfer,1.0,68.3171,0.0,71.4758,71.4758,68.3171,89.7327,8.813,27.498,5787
2016-10-27 01:00:00,66.12,transfer,1.0,70.8795,0.0,69.2391,69.2391,70.8795,89.7328,8.8397,27.4594,5788
2016-10-27 02:00:00,67.38,transfer,1.0,75.0605,0.0,69.3834,69.3834,75.0605,89.733,8.855,27.3956,5789
2016-10-27 03:00:00,65.62,transfer,1.0,80.3393,0.0,82.6841,82.6841,80.3393,89.7329,8.8944,27.3422,5790
2016-10-27 04:00:00,68.11,transfer,1.0,87.1105,0.0,90.7828,90.7828,87.1105,89.7329,8.9418,27.4123,5791
2016-10-27 05:00:00,68.14,transfer,1.0,94.4123,0.0,82.1264,82.1264,94.4123,89.733,9.0722,27.4278,5792
2016-10-27 06:00:00,86.03,transfer,1.0,99.6915,0.0,78.7938,78.7938,99.6915,89.7332,9.1138,27.3798,5793
2016-10-27 07:00:00,95.44,transfer,1.0,102.7744,0.0,117.9231,117.9231,102.7744,89.7331,9.1152,27.3915,5794
2016-10-27 08:00:00,104.26,transfer,1.0,104.3864,0.0,107.1684,107.1684,104.3864,89.733,9.1016,27.4091,5795
2016-10-27 09:00:00,109.86,transfer,1.0,105.113,0.0,101.4833,101.4833,105.113,89.7333,9.067,27.3921,5796
2016-10-27 10:00:00,109.08,transfer,1.0,105.3539,0.0,94.4517,94.4517,105.3539,89.7333,8.989,27.3248,5797
2016-10-27 11:00:00,109.94,transfer,1.0,105.3963,0.0,123.6422,123.6422,105.3963,89.7335,8.8872,27.2306,5798
2016-10-27 12:00:00,110.91,transfer,1.0,105.2591,0.0,105.4359,105.4359,105.2591,89.7337,8.7559,27.106,5799
2016-10-27 13:00:00,117.06,transfer,1.0,104.8718,0.0,115.3176,115.3176,104.8718,89.7338,8.6741,27.0305,5800
2016-10-27 14:00:00,116.66,transfer,1.0,104.0182,0.0,89.5871,89.5871,104.0182,89.7337,8.5729,26.9348,5801
2016-10-27 15:00:00,112.5,transfer,1.0,102.4168,0.0,108.9318,108.9318,102.4168,89.7337,8.4808,26.8469,5802
2016-10-27 16:00:00,101.17,transfer,1.0,99.1392,0.0,94.4365,94.4365,99.1392,89.7335,8.3297,26.6957,5803
2016-10-27 17:00:00,96.7,transfer,1.0,93.6133,0.0,103.1454,103.1454,93.6133,89.7333,8.2697,26.6287,5804
2016-10-27 18:00:00,97.0,transfer,1.0,85.438,0.0,97.6239,97.6239,85.438,89.7335,8.2478,26.5756,5805
2016-10-27 19:00:00,95.14,transfer,1.0,77.1836,0.0,71.9138,71.9138,77.1836,89.7339,8.2822,26.4789,5806
2016-10-27 20:00:00,79.05,transfer,1.0,72.6345,0.0,73.445,73.445,72.6345,89.7335,8.2496,26.3615,5807
2016-10-27 21:00:00,61.28,transfer,1.0,70.4603,0.0,71.8097,71.8097,70.4603,89.7333,8.2667,26.3459,5808
2016-10-27 22:00:00,61.46,transfer,1.0,68.2798,0.0,71.8629,71.8629,68.2798,89.733,8.2732,26.3113,5809
2016-10-27 23:00:00,61.45,transfer,1.0,66.0225,0.0,74.1219,74.1219,66.0225,89.7328,8.2795,26.2792,5810
2016-10-28 00:00:00,61.83,transfer,1.0,65.0771,0.0,65.4473,65.4473,65.0771,89.7327,8.2796,26.2421,5811
2016-10-28 01:00:00,59.71,transfer,1.0,65.278,0.0,65.0271,65.0271,65.278,89.7329,8.2754,26.1998,5812
2016-10-28 02:00:00,60.72,transfer,1.0,66.5731,0.0,66.4232,66.4232,66.5731,89.7329,8.2651,26.1567,5813
2016-10-28 03:00:00,57.69,transfer,1.0,69.2696,0.0,66.0403,66.0403,69.2696,89.7333,8.2794,26.1318,5814
2016-10-28 04:00:00,61.44,transfer,1.0,73.7545,0.0,76.2047,76.2047,73.7545,89.7335,8.2754,26.2354,5815
2016-10-28 05:00:00,62.62,transfer,1.0,80.2213,0.0,81.9487,81.9487,80.2213,89.7334,8.3722,26.2808,5816
2016-10-28 06:00:00,79.09,transfer,1.0,87.3983,0.0,93.7169,93.7169,87.3983,89.7334,8.3459,26.2166,5817
2016-10-28 07:00:00,87.88,transfer,1.0,94.1829,0.0,87.9214,87.9214,94.1829,89.7333,8.2363,26.0854,5818
2016-10-28 08:00:00,99.5,transfer,1.0,99.491,0.0,102.3985,102.3985,99.491,89.7331,8.0885,26.0393,5819
2016-10-28 09:00:00,105.78,transfer,1.0,102.5002,0.0,104.5806,104.5806,102.5002,89.7335,7.9676,26.0588,5820
2016-10-28 10:00:00,99.39,transfer,1.0,103.786,0.0,110.2628,110.2628,103.786,89.7334,7.9821,26.0545,5821
2016-10-28 11:00:00,97.25,transfer,1.0,104.3267,0.0,116.3526,116.3526,104.3267,89.7337,7.9932,25.9922,5822
2016-10-28 12:00:00,95.6,transfer,1.0,104.2126,0.0,116.7066,116.7066,104.2126,89.7335,7.9769,25.8828,5823
2016-10-28 13:00:00,93.53,transfer,1.0,103.3899,0.0,104.2116,104.2116,103.3899,89.7337,7.9268,25.7236,5824
2016-10-28 14:00:00,87.57,transfer,1.0,101.3373,0.0,96.1343,96.1343,101.3373,89.7339,7.9599,25.6261,5825
2016-10-28 15:00:00,80.13,transfer,1.0,96.6678,0.0,91.3266,91.3266,96.6678,89.7339,8.0437,25.6228,5826
2016-10-28 16:00:00,76.23,transfer,1.0,88.4754,0.0,98.0571,98.0571,88.4754,89.7343,8.1145,25.7029,5827
2016-10-28 17:00:00,75.03,transfer,1.0,78.8183,0.0,72.9829,72.9829,78.8183,89.7343,8.1359,25.728,5828
2016-10-28 18:00:00,69.56,transfer,1.0,71.6079,0.0,68.396,68.396,71.6079,89.734,8.1375,25.721,5829
2016-10-28 19:00:00,68.37,transfer,1.0,67.5765,0.0,75.7801,75.7801,67.5765,89.7338,8.1362,25.6886,5830
2016-10-28 20:00:00,62.3,transfer,1.0,65.7198,0.0,62.8786,62.8786,65.7198,89.7328,8.1098,25.7261,5831
2016-10-28 21:00:00,60.19,transfer,1.0,64.8448,0.0,66.4145,66.4145,64.8448,89.7329,8.1096,25.6903,5832
2016-10-28 22:00:00,58.77,transfer,1.0,64.124,0.0,51.2787,51.2787,64.124,89.733,8.1104,25.6596,5833
2016-10-28 23:00:00,57.74,transfer,1.0,63.7967,0.0,67.2242,67.2242,63.7967,89.7326,8.1004,25.6182,5834
2016-10-29 00:00:00,58.92,transfer,1.0,64.2839,0.0,50.6096,50.6096,64.2839,89.7329,8.0908,25.5732,5835
2016-10-29 01:00:00,57.74,transfer,1.0,63.8032,0.0,64.6791,64.6791,63.8032,89.7326,8.0818,25.5279,5836
2016-10-29 02:00:00,57.39,transfer,1.0,63.3676,0.0,62.8331,62.8331,63.3676,89.7319,8.064,25.4752,5837
2016-10-29 03:00:00,57.27,transfer,1.0,63.5636,0.0,80.426,80.426,63.5636,89.7322,8.0459,25.4235,5838
2016-10-29 04:00:00,57.9,transfer,1.0,64.3152,0.0,72.2285,72.2285,64.3152,89.7324,8.0406,25.3865,5839
2016-10-29 05:00:00,59.23,transfer,1.0,65.5689,0.0,70.46,70.46,65.5689,89.7322,8.023,25.3395,5840
2016-10-29 06:00:00,58.11,transfer,1.0,67.4253,0.0,60.5204,60.5204,67.4253,89.7324,8.0106,25.3012,5841
2016-10-29 07:00:00,55.11,transfer,1.0,69.7203,0.0,73.9741,73.9741,69.7203,89.7324,7.9982,25.2652,5842
2016-10-29 08:00:00,52.09,transfer,1.0,71.4409,0.0,65.7907,65.7907,71.4409,89.7322,7.9654,25.2145,5843
2016-10-29 09:00:00,52.1,transfer,1.0,71.0,0.0,72.5235,72.5235,71.0,89.7322,7.93,25.1635,5844
2016-10-29 10:00:00,52.46,transfer,1.0,69.7732,0.0,75.1686,75.1686,69.7732,89.7327,7.8923,25.1095,5845
2016-10-29 11:00:00,53.8,transfer,1.0,68.3384,0.0,75.5846,75.5846,68.3384,89.7327,7.8856,25.0857,5846
2016-10-29 12:00:00,53.71,transfer,1.0,66.9239,0.0,67.1275,67.1275,66.9239,89.7328,7.8962,25.0792,5847
2016-10-29 13:00:00,53.13,transfer,1.0,65.5971,0.0,70.6446,70.6446,65.5971,89.733,7.9134,25.0798,5848
2016-10-29 14:00:00,53.69,transfer,1.0,64.0402,0.0,63.5867,63.5867,64.0402,89.7329,7.9211,25.0725,5849
2016-10-29 15:00:00,55.1,transfer,1.0,62.4952,0.0,59.1655,59.1655,62.4952,89.733,7.9101,25.0484,5850
2016-10-29 16:00:00,54.72,transfer,1.0,61.0876,0.0,68.8511,68.8511,61.0876,89.7333,7.8946,25.0203,5851
2016-10-29 17:00:00,54.02,transfer,1.0,59.8604,0.0,69.6594,69.6594,59.8604,89.7336,7.8858,24.9975,5852
2016-10-29 18:00:00,56.62,transfer,1.0,58.6497,0.0,54.1033,54.1033,58.6497,89.7336,7.8737,24.9709,5853
2016-10-29 19:00:00,58.49,transfer,1.0,57.47,0.0,56.86,56.86,57.47,89.7335,7.8797,24.9508,5854
2016-10-29 20:00:00,58.26,transfer,1.0,57.1669,0.0,50.3679,50.3679,57.1669,89.7331,7.8811,24.9244,5855
2016-10-29 21:00:00,58.03,transfer,1.0,56.7099,0.0,58.9731,58.9731,56.7099,89.7325,7.8851,24.8987,5856
2016-10-29 22:00:00,57.51,transfer,1.0,56.3806,0.0,45.0,45.0,56.3806,89.7325,7.8871,24.8738,5857
2016-10-29 23:00:00,58.75,transfer,1.0,56.2257,0.0,59.0959,59.0959,56.2257,89.7328,7.8953,24.8386,5858
2016-10-30 00:00:00,57.64,transfer,1.0,56.2806,0.0,55.3217,55.3217,56.2806,89.733,7.9028,24.8171,5859
2016-10-30 01:00:00,57.72,transfer,1.0,56.7103,0.0,72.5064,72.5064,56.7103,89.733,7.8996,24.7876,5860
2016-10-30 02:00:00,57.37,transfer,1.0,57.4931,0.0,52.8157,52.8157,57.4931,89.7332,7.8888,24.7607,5861
2016-10-30 03:00:00,57.35,transfer,1.0,58.5497,0.0,61.3291,61.3291,58.5497,89.7332,7.8791,24.7334,5862
2016-10-30 04:00:00,61.26,transfer,1.0,60.0138,0.0,79.6127,79.6127,60.0138,89.7334,7.8802,24.7,5863
2016-10-30 05:00:00,59.73,transfer,1.0,61.8324,0.0,56.301,56.301,61.8324,89.7333,7.8799,24.678,5864
2016-10-30 06:00:00,58.94,transfer,1.0,64.0854,0.0,74.1049,74.1049,64.0854,89.7332,7.8877,24.6615,5865
2016-10-30 07:00:00,55.61,transfer,1.0,66.4798,0.0,62.6525,62.6525,66.4798,89.7332,7.8882,24.6357,5866
2016-10-30 08:00:00,51.76,transfer,1.0,68.5447,0.0,67.3143,67.3143,68.5447,89.7333,7.8981,24.6186,5867
2016-10-30 09:00:00,51.62,transfer,1.0,68.6657,0.0,68.6392,68.6392,68.6657,89.7336,7.911,24.6039,5868
2016-10-30 10:00:00,53.43,transfer,1.0,67.9913,0.0,74.8349,74.8349,67.9913,89.7338,7.9151,24.5813,5869
2016-10-30 11:00:00,54.55,transfer,1.0,67.1621,0.0,81.3103,81.3103,67.1621,89.7339,7.9073,24.5519,5870
2016-10-30 12:00:00,55.7,transfer,1.0,66.302,0.0,56.9724,56.9724,66.302,89.7339,7.8929,24.5195,5871
2016-10-30 13:00:00,56.38,transfer,1.0,65.3737,0.0,63.5978,63.5978,65.3737,89.7338,7.8682,24.4785,5872
2016-10-30 14:00:00,57.0,transfer,1.0,64.334,0.0,62.9722,62.9722,64.334,89.7337,7.8406,24.4354,5873
2016-10-30 15:00:00,60.84,transfer,1.0,63.1404,0.0,57.6906,57.6906,63.1404,89.7335,7.7874,24.3677,5874
2016-10-30 16:00:00,62.06,transfer,1.0,61.9712,0.0,55.446,55.446,61.9712,89.7337,7.7247,24.2904,5875
2016-10-30 17:00:00,60.27,transfer,1.0,60.7775,0.0,60.8877,60.8877,60.7775,89.7337,7.674,24.2268,5876
2016-10-30 18:00:00,60.82,transfer,1.0,59.7893,0.0,63.0933,63.0933,59.7893,89.7339,7.6453,24.1719,5877
2016-10-30 19:00:00,61.89,transfer,1.0,58.6535,0.0,68.6905,68.6905,58.6535,89.7338,7.6551,24.1301,5878
2016-10-30 20:00:00,75.96,transfer,1.0,58.3269,0.0,54.5994,54.5994,58.3269,89.7332,7.7443,23.9957,5879
2016-10-30 21:00:00,67.74,transfer,1.0,58.05,0.0,59.8403,59.8403,58.05,89.7329,7.7887,23.9104,5880
2016-10-30 22:00:00,72.43,transfer,1.0,58.2582,0.0,60.0552,60.0552,58.2582,89.7328,7.8619,23.7977,5881
2016-10-30 23:00:00,83.14,transfer,1.0,58.3198,0.0,54.4769,54.4769,58.3198,89.7326,7.9986,23.6201,5882
2016-10-31 00:00:00,89.92,transfer,1.0,58.6938,0.0,56.279,56.279,58.6938,89.7328,8.1758,23.4065,5883
2016-10-31 01:00:00,85.02,transfer,1.0,61.5102,0.0,62.4126,62.4126,61.5102,89.7332,8.2975,23.2183,5884
2016-10-31 02:00:00,84.4,transfer,1.0,66.1356,0.0,63.5345,63.5345,66.1356,89.7333,8.3754,23.0343,5885
2016-10-31 03:00:00,68.36,transfer,1.0,71.3372,0.0,57.1281,57.1281,71.3372,89.7334,8.3439,22.9452,5886
2016-10-31 04:00:00,68.89,transfer,1.0,77.1526,0.0,74.4503,74.4503,77.1526,89.7335,8.3402,22.8729,5887
2016-10-31 05:00:00,68.77,transfer,1.0,82.1059,0.0,66.4845,66.4845,82.1059,89.7337,8.3502,22.8119,5888
2016-10-31 06:00:00,84.24,transfer,1.0,86.9168,0.0,90.186,90.186,86.9168,89.7334,8.3612,22.7652,5889
2016-10-31 07:00:00,91.61,transfer,1.0,92.5455,0.0,80.0988,80.0988,92.5455,89.7336,8.3203,22.7709,5890
2016-10-31 08:00:00,103.1,transfer,1.0,98.2902,0.0,89.7524,89.7524,98.2902,89.7336,8.3161,22.8061,5891
2016-10-31 09:00:00,123.83,transfer,1.0,102.017,0.0,109.4742,109.4742,102.017,89.7344,8.4246,22.9773,5892
2016-10-31 10:00:00,130.61,transfer,1.0,103.8139,0.0,121.5356,121.5356,103.8139,89.7343,8.5732,23.1591,5893
2016-10-31 11:00:00,130.22,transfer,1.0,104.5848,0.0,106.008,106.008,104.5848,89.734,8.6748,23.3731,5894
2016-10-31 12:00:00,125.49,transfer,1.0,104.7514,0.0,108.1659,108.1659,104.7514,89.7338,8.7184,23.5833,5895
2016-10-31 13:00:00,119.44,transfer,1.0,104.5071,0.0,111.1894,111.1894,104.5071,89.7338,8.7101,23.728,5896
2016-10-31 14:00:00,103.86,transfer,1.0,103.7329,0.0,117.8508,117.8508,103.7329,89.734,8.6567,23.7906,5897
2016-10-31 15:00:00,114.2,transfer,1.0,101.9671,0.0,115.1605,115.1605,101.9671,89.7339,8.7052,23.8837,5898
2016-10-31 16:00:00,101.83,transfer,1.0,97.106,0.0,97.5074,97.5074,97.106,89.7339,8.7294,23.869,5899
2016-10-31 17:00:00,96.18,transfer,1.0,89.151,0.0,88.8477,88.8477,89.151,89.734,8.7504,23.7941,5900
2016-10-31 18:00:00,79.34,transfer,1.0,79.4048,0.0,64.1833,64.1833,79.4048,89.7339,8.7431,23.7042,5901
2016-10-31 19:00:00,79.63,transfer,1.0,71.3243,0.0,72.2745,72.2745,71.3243,89.734,8.7921,23.5893,5902
2016-10-31 20:00:00,73.95,transfer,1.0,67.1697,0.0,70.257,70.257,67.1697,89.7336,8.7646,23.4354,5903
2016-10-31 21:00:00,69.91,transfer,1.0,65.6439,0.0,61.5289,61.5289,65.6439,89.7336,8.7195,23.2975,5904
2016-10-31 22:00:00,68.3,transfer,1.0,65.3906,0.0,77.5247,77.5247,65.3906,89.7337,8.6704,23.1677,5905
2016-10-31 23:00:00,71.24,transfer,1.0,65.8517,0.0,56.9406,56.9406,65.8517,89.7335,8.6371,23.0185,5906
2016-11-01 00:00:00,68.61,transfer,1.0,67.341,0.0,70.0818,70.0818,67.341,89.7336,8.5814,22.8893,5907
2016-11-01 01:00:00,70.01,transfer,1.0,70.7677,0.0,73.5411,73.5411,70.7677,89.7336,8.5074,22.7455,5908
2016-11-01 02:00:00,69.47,transfer,1.0,75.3004,0.0,54.0424,54.0424,75.3004,89.7336,8.4469,22.6032,5909
2016-11-01 03:00:00,69.0,transfer,1.0,81.0871,0.0,69.8073,69.8073,81.0871,89.7336,8.4013,22.4634,5910
2016-11-01 04:00:00,71.02,transfer,1.0,87.4054,0.0,90.1955,90.1955,87.4054,89.7336,8.3628,22.3237,5911
2016-11-01 05:00:00,72.23,transfer,1.0,93.9556,0.0,99.9189,99.9189,93.9556,89.7334,8.3489,22.2106,5912
2016-11-01 06:00:00,84.99,transfer,1.0,99.0807,0.0,96.5118,96.5118,99.0807,89.7335,8.3239,22.1002,5913
2016-11-01 07:00:00,99.98,transfer,1.0,102.5116,0.0,88.9174,88.9174,102.5116,89.7336,8.2306,22.0719,5914
2016-11-01 08:00:00,111.56,transfer,1.0,104.2913,0.0,73.9358,73.9358,104.2913,89.7337,8.2237,22.1938,5915
2016-11-01 09:00:00,113.95,transfer,1.0,105.1278,0.0,104.6889,104.6889,105.1278,89.7344,8.2318,22.3039,5916
2016-11-01 10:00:00,114.38,transfer,1.0,105.4228,0.0,103.1268,103.1268,105.4228,89.7345,8.2641,22.3848,5917
2016-11-01 11:00:00,108.94,transfer,1.0,105.4912,0.0,95.1889,95.1889,105.4912,89.7345,8.2614,22.4327,5918
2016-11-01 12:00:00,108.76,transfer,1.0,105.408,0.0,100.5271,100.5271,105.408,89.7346,8.237,22.5009,5919
2016-11-01 13:00:00,102.09,transfer,1.0,105.1051,0.0,103.9125,103.9125,105.1051,89.7347,8.2152,22.5286,5920
2016-11-01 14:00:00,106.36,transfer,1.0,104.3658,0.0,95.149,95.149,104.3658,89.7349,8.1891,22.5919,5921
2016-11-01 15:00:00,102.33,transfer,1.0,102.4068,0.0,103.2011,103.2011,102.4068,89.7347,8.0861,22.6079,5922
2016-11-01 16:00:00,92.69,transfer,1.0,98.1726,0.0,98.9567,98.9567,98.1726,89.7348,8.0301,22.5249,5923
2016-11-01 17:00:00,87.94,transfer,1.0,90.4236,0.0,89.6031,89.6031,90.4236,89.7346,8.0152,22.4165,5924
2016-11-01 18:00:00,82.81,transfer,1.0,80.3146,0.0,82.1777,82.1777,80.3146,89.7346,7.9918,22.3481,5925
2016-11-01 19:00:00,77.9,transfer,1.0,71.8684,0.0,79.2936,79.2936,71.8684,89.7347,7.9822,22.2876,5926
2016-11-01 20:00:00,73.81,transfer,1.0,67.7295,0.0,77.3182,77.3182,67.7295,89.7341,7.9913,22.2246,5927
2016-11-01 21:00:00,69.59,transfer,1.0,65.9548,0.0,72.216,72.216,65.9548,89.7339,7.9878,22.1811,5928
2016-11-01 22:00:00,67.32,transfer,1.0,65.2389,0.0,57.7219,57.7219,65.2389,89.7337,7.9677,22.1574,5929
2016-11-01 23:00:00,69.03,transfer,1.0,65.1622,0.0,63.0869,63.0869,65.1622,89.7336,7.9795,22.1051,5930
2016-11-02 00:00:00,69.3,transfer,1.0,65.8991,0.0,57.3796,57.3796,65.8991,89.7335,7.9838,22.0635,5931
2016-11-02 01:00:00,70.55,transfer,1.0,67.9038,0.0,63.0356,63.0356,67.9038,89.7336,7.9959,22.0067,5932
2016-11-02 02:00:00,71.63,transfer,1.0,71.3535,0.0,68.8713,68.8713,71.3535,89.7336,7.9783,21.9468,5933
2016-11-02 03:00:00,68.97,transfer,1.0,76.2997,0.0,71.6665,71.6665,76.2997,89.7334,7.972,21.901,5934
2016-11-02 04:00:00,74.72,transfer,1.0,82.7506,0.0,74.4793,74.4793,82.7506,89.7335,7.9471,21.8371,5935
2016-11-02 05:00:00,70.74,transfer,1.0,89.9074,0.0,78.1319,78.1319,89.9074,89.7333,7.9734,21.8365,5936
2016-11-02 06:00:00,86.71,transfer,1.0,96.3668,0.0,101.8968,101.8968,96.3668,89.7336,7.9722,21.8211,5937
2016-11-02 07:00:00,98.65,transfer,1.0,100.8053,0.0,76.9666,76.9666,100.8053,89.7336,7.9247,21.8727,5938
2016-11-02 08:00:00,104.69,transfer,1.0,103.3202,0.0,104.138,104.138,103.3202,89.7334,7.9131,21.8613,5939
2016-11-02 09:00:00,124.36,transfer,1.0,104.519,0.0,100.4997,100.4997,104.519,89.7338,7.9785,21.9258,5940
2016-11-02 10:00:00,130.97,transfer,1.0,104.9315,0.0,117.8964,117.8964,104.9315,89.7337,7.9905,21.9363,5941
2016-11-02 11:00:00,134.68,transfer,1.0,105.0754,0.0,113.4711,113.4711,105.0754,89.7333,8.0412,21.9852,5942
2016-11-02 12:00:00,130.52,transfer,1.0,105.0451,0.0,101.4881,101.4881,105.0451,89.7331,8.1088,22.0507,5943
2016-11-02 13:00:00,134.8,transfer,1.0,104.8746,0.0,95.8111,95.8111,104.8746,89.7329,8.2394,22.1788,5944
2016-11-02 14:00:00,132.88,transfer,1.0,104.4874,0.0,102.4057,102.4057,104.4874,89.7329,8.3452,22.2818,5945
2016-11-02 15:00:00,125.65,transfer,1.0,103.8657,0.0,119.5329,119.5329,103.8657,89.7328,8.4585,22.394,5946
2016-11-02 16:00:00,112.81,transfer,1.0,102.68,0.0,79.7723,79.7723,102.68,89.7328,8.5154,22.4561,5947
2016-11-02 17:00:00,102.23,transfer,1.0,100.2678,0.0,102.9703,102.9703,100.2678,89.7328,8.5215,22.4836,5948
2016-11-02 18:00:00,84.86,transfer,1.0,95.2555,0.0,104.573,104.573,95.2555,89.733,8.5796,22.5,5949
2016-11-02 19:00:00,87.12,transfer,1.0,86.5402,0.0,96.4116,96.4116,86.5402,89.7334,8.5732,22.4425,5950
2016-11-02 20:00:00,66.48,transfer,1.0,76.9982,0.0,78.416,78.416,76.9982,89.7328,8.6098,22.4548,5951
2016-11-02 21:00:00,62.49,transfer,1.0,70.9738,0.0,67.1971,67.1971,70.9738,89.7328,8.6363,22.4699,5952
2016-11-02 22:00:00,62.44,transfer,1.0,66.4102,0.0,70.1464,70.1464,66.4102,89.7327,8.6575,22.5005,5953
2016-11-02 23:00:00,61.95,transfer,1.0,63.8889,0.0,64.2138,64.2138,63.8889,89.7325,8.6689,22.5296,5954
2016-11-03 00:00:00,62.55,transfer,1.0,63.244,0.0,58.9217,58.9217,63.244,89.7325,8.6691,22.56,5955
2016-11-03 01:00:00,60.47,transfer,1.0,63.7135,0.0,67.951,67.951,63.7135,89.7325,8.6601,22.5937,5956
2016-11-03 02:00:00,60.65,transfer,1.0,65.4855,0.0,66.4406,66.4406,65.4855,89.7325,8.6432,22.6337,5957
2016-11-03 03:00:00,60.59,transfer,1.0,68.8246,0.0,58.4518,58.4518,68.8246,89.7325,8.6046,22.6637,5958
2016-11-03 04:00:00,63.24,transfer,1.0,73.9659,0.0,59.4447,59.4447,73.9659,89.7327,8.5553,22.6927,5959
2016-11-03 05:00:00,65.89,transfer,1.0,81.9017,0.0,72.8299,72.8299,81.9017,89.7328,8.4942,22.706,5960
2016-11-03 06:00:00,77.75,transfer,1.0,90.2009,0.0,102.5074,102.5074,90.2009,89.7328,8.487,22.7553,5961
2016-11-03 07:00:00,92.65,transfer,1.0,97.696,0.0,77.5506,77.5506,97.696,89.7329,8.4734,22.7387,5962
2016-11-03 08:00:00,104.3,transfer,1.0,102.1865,0.0,112.9075,112.9075,102.1865,89.7328,8.4852,22.739,5963
2016-11-03 09:00:00,110.5,transfer,1.0,104.1561,0.0,104.6078,104.6078,104.1561,89.7329,8.4947,22.7428,5964
2016-11-03 10:00:00,108.31,transfer,1.0,104.8487,0.0,109.4131,109.4131,104.8487,89.7328,8.4932,22.7382,5965
2016-11-03 11:00:00,127.88,transfer,1.0,105.0253,0.0,111.5726,111.5726,105.0253,89.7325,8.6022,22.845,5966
2016-11-03 12:00:00,119.22,transfer,1.0,104.9116,0.0,109.2658,109.2658,104.9116,89.7323,8.6537,22.8945,5967
2016-11-03 13:00:00,102.89,transfer,1.0,104.6559,0.0,97.5811,97.5811,104.6559,89.7323,8.5916,22.8101,5968
2016-11-03 14:00:00,113.63,transfer,1.0,104.0468,0.0,100.9966,100.9966,104.0468,89.7324,8.5734,22.7921,5969
2016-11-03 15:00:00,98.76,transfer,1.0,102.3611,0.0,101.5225,101.5225,102.3611,89.7321,8.5349,22.7103,5970
2016-11-03 16:00:00,98.01,transfer,1.0,98.9168,0.0,82.9335,82.9335,98.9168,89.7321,8.5282,22.6915,5971
2016-11-03 17:00:00,90.8,transfer,1.0,91.6921,0.0,74.9685,74.9685,91.6921,89.7321,8.5151,22.6564,5972
2016-11-03 18:00:00,86.5,transfer,1.0,81.7658,0.0,92.1177,92.1177,81.7658,89.7323,8.4745,22.6324,5973
2016-11-03 19:00:00,74.79,transfer,1.0,72.5189,0.0,73.7976,73.7976,72.5189,89.7328,8.3811,22.6892,5974
2016-11-03 20:00:00,66.88,transfer,1.0,67.4781,0.0,71.8126,71.8126,67.4781,89.7326,8.3465,22.7616,5975
2016-11-03 21:00:00,62.86,transfer,1.0,64.1725,0.0,71.5562,71.5562,64.1725,89.7329,8.2996,22.7522,5976
2016-11-03 22:00:00,62.97,transfer,1.0,62.0049,0.0,58.6212,58.6212,62.0049,89.733,8.2648,22.7432,5977
2016-11-03 23:00:00,61.62,transfer,1.0,61.0654,0.0,66.5599,66.5599,61.0654,89.7332,8.2409,22.7422,5978
2016-11-04 00:00:00,62.33,transfer,1.0,61.3517,0.0,60.3119,60.3119,61.3517,89.7333,8.2274,22.7392,5979
2016-11-04 01:00:00,61.33,transfer,1.0,62.395,0.0,77.1879,77.1879,62.395,89.7334,8.2006,22.7296,5980
2016-11-04 02:00:00,61.37,transfer,1.0,64.6477,0.0,51.0729,51.0729,64.6477,89.7335,8.1852,22.7257,5981
2016-11-04 03:00:00,61.69,transfer,1.0,68.4062,0.0,68.4807,68.4807,68.4062,89.7336,8.1563,22.7019,5982
2016-11-04 04:00:00,63.78,transfer,1.0,73.8106,0.0,73.1787,73.1787,73.8106,89.7336,8.1427,22.688,5983
2016-11-04 05:00:00,64.41,transfer,1.0,81.467,0.0,76.3039,76.3039,81.467,89.7336,8.1395,22.6773,5984
2016-11-04 06:00:00,66.66,transfer,1.0,89.2526,0.0,100.0376,100.0376,89.2526,89.7335,8.2245,22.7513,5985
2016-11-04 07:00:00,70.43,transfer,1.0,96.0904,0.0,87.5786,87.5786,96.0904,89.7336,8.3397,22.8552,5986
2016-11-04 08:00:00,81.76,transfer,1.0,100.5243,0.0,99.0693,99.0693,100.5243,89.7335,8.4513,22.8445,5987
2016-11-04 09:00:00,85.95,transfer,1.0,102.6584,0.0,80.6195,80.6195,102.6584,89.7337,8.5313,22.7715,5988
2016-11-04 10:00:00,86.36,transfer,1.0,103.495,0.0,125.134,125.134,103.495,89.7338,8.6071,22.7341,5989
2016-11-04 11:00:00,86.87,transfer,1.0,103.5445,0.0,97.4655,97.4655,103.5445,89.7338,8.6642,22.7064,5990
2016-11-04 12:00:00,87.07,transfer,1.0,102.8292,0.0,102.4066,102.4066,102.8292,89.734,8.7068,22.6874,5991
2016-11-04 13:00:00,86.56,transfer,1.0,100.7442,0.0,104.6987,104.6987,100.7442,89.7342,8.7325,22.6837,5992
2016-11-04 14:00:00,84.5,transfer,1.0,96.4383,0.0,66.9942,66.9942,96.4383,89.7341,8.7216,22.7019,5993
2016-11-04 15:00:00,82.74,transfer,1.0,89.4073,0.0,89.0667,89.0667,89.4073,89.7343,8.6629,22.6864,5994
2016-11-04 16:00:00,79.89,transfer,1.0,81.3246,0.0,96.3749,96.3749,81.3246,89.7344,8.5985,22.6646,5995
2016-11-04 17:00:00,67.84,transfer,1.0,74.8129,0.0,62.9476,62.9476,74.8129,89.7346,8.6175,22.7074,5996
2016-11-04 18:00:00,64.64,transfer,1.0,70.3716,0.0,65.688,65.688,70.3716,89.7347,8.6394,22.7367,5997
2016-11-04 19:00:00,60.88,transfer,1.0,66.8889,0.0,61.0754,61.0754,66.8889,89.7346,8.6704,22.7813,5998
2016-11-04 20:00:00,62.4,transfer,1.0,64.9481,0.0,63.2618,63.2618,64.9481,89.7339,8.6653,22.7807,5999
2016-11-04 21:00:00,58.4,transfer,1.0,63.9893,0.0,56.4816,56.4816,63.9893,89.7339,8.6708,22.7914,6000
2016-11-04 22:00:00,59.54,transfer,1.0,63.4244,0.0,54.1837,54.1837,63.4244,89.7337,8.6621,22.7868,6001
2016-11-04 23:00:00,58.28,transfer,1.0,63.4341,0.0,61.3348,61.3348,63.4341,89.7337,8.6567,22.7836,6002
2016-11-05 00:00:00,57.68,transfer,1.0,64.0189,0.0,70.864,70.864,64.0189,89.7336,8.6625,22.791,6003
2016-11-05 01:00:00,56.96,transfer,1.0,63.5287,0.0,52.2985,52.2985,63.5287,89.7333,8.6655,22.7956,6004
2016-11-05 02:00:00,56.33,transfer,1.0,63.1262,0.0,66.0366,66.0366,63.1262,89.7331,8.6704,22.8019,6005
2016-11-05 03:00:00,56.65,transfer,1.0,63.2283,0.0,52.2655,52.2655,63.2283,89.733,8.6721,22.8056,6006
2016-11-05 04:00:00,56.3,transfer,1.0,63.9292,0.0,71.5384,71.5384,63.9292,89.7332,8.6793,22.8151,6007
2016-11-05 05:00:00,57.37,transfer,1.0,65.2311,0.0,57.9706,57.9706,65.2311,89.7331,8.6884,22.8262,6008
2016-11-05 06:00:00,57.54,transfer,1.0,66.9761,0.0,64.6501,64.6501,66.9761,89.7332,8.6891,22.8296,6009
2016-11-05 07:00:00,54.37,transfer,1.0,68.9662,0.0,70.3593,70.3593,68.9662,89.7331,8.689,22.834,6010
2016-11-05 08:00:00,51.21,transfer,1.0,70.4323,0.0,72.2398,72.2398,70.4323,89.7326,8.6882,22.8393,6011
2016-11-05 09:00:00,49.68,transfer,1.0,69.8969,0.0,70.5477,70.5477,69.8969,89.7326,8.6961,22.8537,6012
2016-11-05 10:00:00,51.2,transfer,1.0,68.6765,0.0,63.1172,63.1172,68.6765,89.7327,8.697,22.8612,6013
2016-11-05 11:00:00,50.81,transfer,1.0,67.3587,0.0,61.9894,61.9894,67.3587,89.7329,8.709,22.879,6014
2016-11-05 12:00:00,51.83,transfer,1.0,65.9396,0.0,65.7357,65.7357,65.9396,89.7326,8.7143,22.8902,6015
2016-11-05 13:00:00,51.36,transfer,1.0,64.5604,0.0,64.8638,64.8638,64.5604,89.7326,8.7187,22.9007,6016
2016-11-05 14:00:00,51.22,transfer,1.0,63.2216,0.0,61.443,61.443,63.2216,89.7329,8.7285,22.9154,6017
2016-11-05 15:00:00,51.28,transfer,1.0,61.7842,0.0,56.7394,56.7394,61.7842,89.7329,8.747,22.9381,6018
2016-11-05 16:00:00,51.16,transfer,1.0,60.4237,0.0,66.3421,66.3421,60.4237,89.7331,8.7643,22.9593,6019
2016-11-05 17:00:00,50.55,transfer,1.0,59.044,0.0,49.268,49.268,59.044,89.7332,8.7801,22.98,6020
2016-11-05 18:00:00,55.79,transfer,1.0,57.779,0.0,66.8469,66.8469,57.779,89.7334,8.7798,22.9849,6021
2016-11-05 19:00:00,56.86,transfer,1.0,56.5953,0.0,59.2838,59.2838,56.5953,89.7332,8.7753,22.9946,6022
2016-11-05 20:00:00,56.84,transfer,1.0,56.2517,0.0,62.4918,62.4918,56.2517,89.7328,8.7723,23.0031,6023
2016-11-05 21:00:00,56.38,transfer,1.0,55.9626,0.0,66.1924,66.1924,55.9626,89.7329,8.767,23.0129,6024
2016-11-05 22:00:00,56.56,transfer,1.0,55.7081,0.0,55.3178,55.3178,55.7081,89.7329,8.7653,23.0186,6025
2016-11-05 23:00:00,56.21,transfer,1.0,55.4768,0.0,59.8116,59.8116,55.4768,89.7325,8.7547,23.0337,6026
2016-11-06 00:00:00,56.6,transfer,1.0,55.5162,0.0,55.1329,55.1329,55.5162,89.7328,8.753,23.0399,6027
2016-11-06 01:00:00,56.99,transfer,1.0,53.8467,0.0,53.3792,53.3792,53.8467,89.6777,8.7657,23.0439,6028
2016-11-06 02:00:00,55.79,transfer,1.0,53.7774,0.0,56.5964,56.5964,53.7774,89.7209,8.777,23.0532,6029
2016-11-06 03:00:00,55.87,transfer,1.0,54.1698,0.0,49.4519,49.4519,54.1698,89.7298,8.7799,23.062,6030
2016-11-06 04:00:00,56.17,transfer,1.0,55.4265,0.0,51.6086,51.6086,55.4265,89.7321,8.7769,23.0923,6031
2016-11-06 05:00:00,56.82,transfer,1.0,57.5917,0.0,49.3663,49.3663,57.5917,89.7333,8.769,23.1096,6032
2016-11-06 06:00:00,57.35,transfer,1.0,59.9766,0.0,61.8338,61.8338,59.9766,89.7331,8.754,23.1191,6033
2016-11-06 07:00:00,54.76,transfer,1.0,62.4942,0.0,72.0051,72.0051,62.4942,89.7329,8.7354,23.1241,6034
2016-11-06 08:00:00,50.03,transfer,1.0,65.0634,0.0,57.6993,57.6993,65.0634,89.7332,8.7249,23.1344,6035
2016-11-06 09:00:00,50.77,transfer,1.0,66.1983,0.0,62.3822,62.3822,66.1983,89.7341,8.7153,23.1395,6036
2016-11-06 10:00:00,50.89,transfer,1.0,66.197,0.0,75.2368,75.2368,66.197,89.7341,8.7198,23.1546,6037
2016-11-06 11:00:00,50.43,transfer,1.0,65.7419,0.0,70.0109,70.0109,65.7419,89.734,8.7358,23.1791,6038
2016-11-06 12:00:00,50.68,transfer,1.0,65.2499,0.0,73.5424,73.5424,65.2499,89.7341,8.7594,23.209,6039
2016-11-06 13:00:00,50.05,transfer,1.0,64.436,0.0,68.7958,68.7958,64.436,89.7341,8.7915,23.2467,6040
2016-11-06 14:00:00,50.55,transfer,1.0,63.3423,0.0,54.9075,54.9075,63.3423,89.7342,8.824,23.2851,6041
2016-11-06 15:00:00,50.71,transfer,1.0,62.2574,0.0,61.9917,61.9917,62.2574,89.7343,8.8791,23.3454,6042
2016-11-06 16:00:00,50.0,transfer,1.0,61.1446,0.0,62.1156,62.1156,61.1446,89.7344,8.9449,23.4172,6043
2016-11-06 17:00:00,56.61,transfer,1.0,59.9748,0.0,71.5781,71.5781,59.9748,89.7342,8.9619,23.439,6044
2016-11-06 18:00:00,68.05,transfer,1.0,58.865,0.0,47.7904,47.7904,58.865,89.7343,9.0104,23.3959,6045
2016-11-06 19:00:00,65.28,transfer,1.0,58.1125,0.0,65.303,65.303,58.1125,89.7343,9.0338,23.3758,6046
2016-11-06 20:00:00,66.1,transfer,1.0,58.5577,0.0,53.1934,53.1934,58.5577,89.7338,8.9738,23.4345,6047
2016-11-06 21:00:00,64.01,transfer,1.0,58.7232,0.0,52.6891,52.6891,58.7232,89.7335,8.9476,23.4567,6048
2016-11-06 22:00:00,62.07,transfer,1.0,58.5191,0.0,50.2051,50.2051,58.5191,89.7328,8.8843,23.5183,6049
2016-11-06 23:00:00,62.84,transfer,1.0,58.4531,0.0,66.2876,66.2876,58.4531,89.7331,8.7627,23.6392,6050
2016-11-07 00:00:00,62.6,transfer,1.0,58.3631,0.0,53.7331,53.7331,58.3631,89.7327,8.6021,23.7996,6051
2016-11-07 01:00:00,62.39,transfer,1.0,60.1748,0.0,64.0105,64.0105,60.1748,89.7334,8.4753,23.9343,6052
2016-11-07 02:00:00,61.59,transfer,1.0,62.779,0.0,72.6364,72.6364,62.779,89.7335,8.3737,24.07,6053
2016-11-07 03:00:00,61.68,transfer,1.0,66.0578,0.0,65.4202,65.4202,66.0578,89.7334,8.382,24.1098,6054
2016-11-07 04:00:00,63.66,transfer,1.0,69.8267,0.0,59.4719,59.4719,69.8267,89.7334,8.3695,24.1409,6055
2016-11-07 05:00:00,65.56,transfer,1.0,74.7491,0.0,78.5084,78.5084,74.7491,89.7336,8.3448,24.16,6056
2016-11-07 06:00:00,67.28,transfer,1.0,80.7856,0.0,78.0516,78.0516,80.7856,89.7338,8.4093,24.261,6057
2016-11-07 07:00:00,80.74,transfer,1.0,87.4856,0.0,95.3586,95.3586,87.4856,89.7339,8.4439,24.3034,6058
2016-11-07 08:00:00,88.8,transfer,1.0,93.8237,0.0,87.4013,87.4013,93.8237,89.7338,8.4452,24.2294,6059
2016-11-07 09:00:00,106.43,transfer,1.0,98.7641,0.0,93.026,93.026,98.7641,89.7342,8.3609,24.1258,6060
2016-11-07 10:00:00,127.49,transfer,1.0,101.7883,0.0,95.2404,95.2404,101.7883,89.7341,8.3544,24.1072,6061
2016-11-07 11:00:00,126.58,transfer,1.0,103.4477,0.0,103.9526,103.9526,103.4477,89.7337,8.3395,24.0855,6062
2016-11-07 12:00:00,126.09,transfer,1.0,104.1478,0.0,94.4551,94.4551,104.1478,89.7333,8.3467,24.0891,6063
2016-11-07 13:00:00,121.63,transfer,1.0,104.0418,0.0,81.8987,81.8987,104.0418,89.7329,8.3625,24.1022,6064
2016-11-07 14:00:00,117.52,transfer,1.0,103.2942,0.0,97.0984,97.0984,103.2942,89.733,8.4464,24.1835,6065
2016-11-07 15:00:00,121.71,transfer,1.0,101.308,0.0,85.2779,85.2779,101.308,89.733,8.495,24.2282,6066
2016-11-07 16:00:00,112.48,transfer,1.0,97.0107,0.0,95.4201,95.4201,97.0107,89.7327,8.559,24.2916,6067
2016-11-07 17:00:00,102.68,transfer,1.0,90.7884,0.0,85.2549,85.2549,90.7884,89.7331,8.588,24.3303,6068
2016-11-07 18:00:00,96.43,transfer,1.0,83.2477,0.0,93.894,93.894,83.2477,89.7332,8.666,24.3083,6069
2016-11-07 19:00:00,80.83,transfer,1.0,75.6349,0.0,82.8572,82.8572,75.6349,89.7336,8.6475,24.3011,6070
2016-11-07 20:00:00,76.39,transfer,1.0,70.3452,0.0,65.0249,65.0249,70.3452,89.7328,8.6431,24.2866,6071
2016-11-07 21:00:00,71.57,transfer,1.0,66.7424,0.0,62.293,62.293,66.7424,89.7328,8.6465,24.2767,6072
2016-11-07 22:00:00,68.07,transfer,1.0,64.6389,0.0,53.991,53.991,64.6389,89.7327,8.6496,24.2781,6073
2016-11-07 23:00:00,69.75,transfer,1.0,63.8078,0.0,61.7865,61.7865,63.8078,89.7327,8.6529,24.2869,6074
2016-11-08 00:00:00,70.9,transfer,1.0,64.05,0.0,59.4738,59.4738,64.05,89.7328,8.6861,24.2733,6075
2016-11-08 01:00:00,68.55,transfer,1.0,65.9154,0.0,58.5478,58.5478,65.9154,89.7328,8.6973,24.282,6076
2016-11-08 02:00:00,70.14,transfer,1.0,69.6197,0.0,74.7963,74.7963,69.6197,89.7327,8.6657,24.278,6077
2016-11-08 03:00:00,69.52,transfer,1.0,74.9397,0.0,82.9199,82.9199,74.9397,89.7328,8.626,24.2749,6078
2016-11-08 04:00:00,68.15,transfer,1.0,82.1712,0.0,75.3077,75.3077,82.1712,89.7329,8.6119,24.292,6079
2016-11-08 05:00:00,69.66,transfer,1.0,90.4321,0.0,94.8973,94.8973,90.4321,89.7332,8.6062,24.3073,6080
2016-11-08 06:00:00,70.18,transfer,1.0,97.243,0.0,91.6448,91.6448,97.243,89.7332,8.6835,24.3954,6081
2016-11-08 07:00:00,77.85,transfer,1.0,101.6803,0.0,93.4681,93.4681,101.6803,89.7333,8.8102,24.4052,6082
2016-11-08 08:00:00,89.08,transfer,1.0,103.9017,0.0,74.4471,74.4471,103.9017,89.7337,8.8552,24.2791,6083
2016-11-08 09:00:00,109.08,transfer,1.0,104.8911,0.0,87.1899,87.1899,104.8911,89.7342,8.8276,24.2502,6084
2016-11-08 10:00:00,116.69,transfer,1.0,105.2671,0.0,112.7679,112.7679,105.2671,89.7344,8.8423,24.2639,6085
2016-11-08 11:00:00,121.5,transfer,1.0,105.4271,0.0,102.6612,102.6612,105.4271,89.7345,8.9174,24.3387,6086
2016-11-08 12:00:00,121.45,transfer,1.0,105.4313,0.0,123.3217,123.3217,105.4313,89.7345,8.9928,24.4142,6087
2016-11-08 13:00:00,123.83,transfer,1.0,105.3073,0.0,87.6165,87.6165,105.3073,89.7348,9.0851,24.5436,6088
2016-11-08 14:00:00,119.69,transfer,1.0,104.9896,0.0,107.0537,107.0537,104.9896,89.735,9.1608,24.623,6089
2016-11-08 15:00:00,126.56,transfer,1.0,104.3405,0.0,107.1015,107.1015,104.3405,89.735,9.2926,24.7672,6090
2016-11-08 16:00:00,113.22,transfer,1.0,102.8673,0.0,106.292,106.292,102.8673,89.7349,9.3216,24.8894,6091
2016-11-08 17:00:00,104.6,transfer,1.0,99.8917,0.0,99.0042,99.0042,99.8917,89.7348,9.3348,24.9672,6092
2016-11-08 18:00:00,99.6,transfer,1.0,93.5925,0.0,90.8999,90.8999,93.5925,89.7347,9.3557,24.9847,6093
2016-11-08 19:00:00,88.93,transfer,1.0,84.1538,0.0,79.2107,79.2107,84.1538,89.7346,9.3482,24.919,6094
2016-11-08 20:00:00,87.54,transfer,1.0,75.5594,0.0,78.4256,78.4256,75.5594,89.7341,9.3834,24.8373,6095
2016-11-08 21:00:00,85.11,transfer,1.0,70.0802,0.0,77.6131,77.6131,70.0802,89.7339,9.4512,24.7449,6096
2016-11-08 22:00:00,76.28,transfer,1.0,67.497,0.0,74.3285,74.3285,67.497,89.7339,9.4911,24.6916,6097
2016-11-08 23:00:00,68.86,transfer,1.0,66.8082,0.0,83.0171,83.0171,66.8082,89.7338,9.4803,24.6926,6098
2016-11-09 00:00:00,65.63,transfer,1.0,66.8779,0.0,59.2409,59.2409,66.8779,89.7338,9.4674,24.7145,6099
2016-11-09 01:00:00,65.15,transfer,1.0,67.4704,0.0,70.5269,70.5269,67.4704,89.7337,9.4655,24.7466,6100
2016-11-09 02:00:00,65.14,transfer,1.0,69.5458,0.0,71.0598,71.0598,69.5458,89.7337,9.4901,24.7852,6101
2016-11-09 03:00:00,65.61,transfer,1.0,74.054,0.0,62.4977,62.4977,74.054,89.7338,9.4967,24.8052,6102
2016-11-09 04:00:00,64.8,transfer,1.0,80.9076,0.0,87.8112,87.8112,80.9076,89.7339,9.5448,24.8643,6103
2016-11-09 05:00:00,67.56,transfer,1.0,89.3077,0.0,89.3649,89.3649,89.3077,89.7339,9.5602,24.8832,6104
2016-11-09 06:00:00,69.32,transfer,1.0,96.4545,0.0,98.1599,98.1599,96.4545,89.7337,9.6642,24.9867,6105
2016-11-09 07:00:00,81.76,transfer,1.0,101.5601,0.0,106.1584,106.1584,101.5601,89.7342,9.7692,24.9811,6106
2016-11-09 08:00:00,89.27,transfer,1.0,103.8465,0.0,111.8684,111.8684,103.8465,89.7343,9.8478,24.8949,6107
2016-11-09 09:00:00,107.38,transfer,1.0,104.7805,0.0,102.0936,102.0936,104.7805,89.7346,9.7452,24.7938,6108
2016-11-09 10:00:00,118.73,transfer,1.0,105.105,0.0,99.0224,99.0224,105.105,89.7349,9.6713,24.7209,6109
2016-11-09 11:00:00,128.05,transfer,1.0,105.1512,0.0,103.8603,103.8603,105.1512,89.7345,9.6314,24.6814,6110
2016-11-09 12:00:00,129.47,transfer,1.0,105.0743,0.0,114.2103,114.2103,105.0743,89.7342,9.625,24.6752,6111
2016-11-09 13:00:00,125.96,transfer,1.0,104.8908,0.0,88.6505,88.6505,104.8908,89.7344,9.5723,24.6226,6112
2016-11-09 14:00:00,124.88,transfer,1.0,104.5487,0.0,87.6734,87.6734,104.5487,89.7345,9.5243,24.5749,6113
2016-11-09 15:00:00,125.96,transfer,1.0,103.8728,0.0,100.0988,100.0988,103.8728,89.7346,9.5261,24.5768,6114
2016-11-09 16:00:00,116.13,transfer,1.0,102.5311,0.0,91.1077,91.1077,102.5311,89.7346,9.5467,24.5965,6115
2016-11-09 17:00:00,108.08,transfer,1.0,99.7465,0.0,100.624,100.624,99.7465,89.7346,9.5846,24.6313,6116
2016-11-09 18:00:00,100.25,transfer,1.0,94.1431,0.0,98.9574,98.9574,94.1431,89.7346,9.5591,24.6649,6117
2016-11-09 19:00:00,81.27,transfer,1.0,84.5461,0.0,85.8605,85.8605,84.5461,89.7345,9.5752,24.6997,6118
2016-11-09 20:00:00,78.14,transfer,1.0,75.3857,0.0,66.4511,66.4511,75.3857,89.7341,9.529,24.6303,6119
2016-11-09 21:00:00,64.98,transfer,1.0,68.5739,0.0,75.5265,75.5265,68.5739,89.7342,9.4998,24.6155,6120
2016-11-09 22:00:00,62.26,transfer,1.0,65.202,0.0,64.265,64.265,65.202,89.734,9.4937,24.6166,6121
2016-11-09 23:00:00,63.0,transfer,1.0,63.3793,0.0,59.4174,59.4174,63.3793,89.7339,9.4844,24.6104,6122
2016-11-10 00:00:00,62.54,transfer,1.0,63.027,0.0,64.4086,64.4086,63.027,89.7339,9.4832,24.6104,6123
2016-11-10 01:00:00,63.09,transfer,1.0,64.4207,0.0,65.0989,65.0989,64.4207,89.734,9.4718,24.5948,6124
2016-11-10 02:00:00,62.07,transfer,1.0,67.8491,0.0,70.9841,70.9841,67.8491,89.7342,9.4774,24.5864,6125
2016-11-10 03:00:00,61.28,transfer,1.0,73.3272,0.0,79.1312,79.1312,73.3272,89.7337,9.5001,24.5823,6126
2016-11-10 04:00:00,60.7,transfer,1.0,80.5487,0.0,88.1918,88.1918,80.5487,89.7337,9.5544,24.5974,6127
2016-11-10 05:00:00,70.25,transfer,1.0,88.7921,0.0,88.6427,88.6427,88.7921,89.7335,9.5695,24.5715,6128
2016-11-10 06:00:00,68.15,transfer,1.0,96.2476,0.0,109.8464,109.8464,96.2476,89.7336,9.6626,24.6286,6129
2016-11-10 07:00:00,80.48,transfer,1.0,101.7576,0.0,96.9552,96.9552,101.7576,89.7339,9.7593,24.6663,6130
2016-11-10 08:00:00,91.31,transfer,1.0,104.1722,0.0,103.2215,103.2215,104.1722,89.7339,9.8232,24.589,6131
2016-11-10 09:00:00,103.27,transfer,1.0,105.1204,0.0,86.1074,86.1074,105.1204,89.7342,9.7965,24.546,6132
2016-11-10 10:00:00,111.02,transfer,1.0,105.4539,0.0,112.3636,112.3636,105.4539,89.7342,9.809,24.5621,6133
2016-11-10 11:00:00,112.59,transfer,1.0,105.5532,0.0,121.5021,121.5021,105.5532,89.7342,9.7149,24.4711,6134
2016-11-10 12:00:00,121.2,transfer,1.0,105.5421,0.0,95.1151,95.1151,105.5421,89.7342,9.7229,24.4829,6135
2016-11-10 13:00:00,120.64,transfer,1.0,105.4076,0.0,124.9676,124.9676,105.4076,89.7344,9.8031,24.5885,6136
2016-11-10 14:00:00,116.57,transfer,1.0,105.1251,0.0,109.7048,109.7048,105.1251,89.7344,9.8141,24.606,6137
2016-11-10 15:00:00,121.01,transfer,1.0,104.5437,0.0,114.0683,114.0683,104.5437,89.7342,9.8907,24.7384,6138
2016-11-10 16:00:00,112.84,transfer,1.0,103.0914,0.0,112.4028,112.4028,103.0914,89.7342,9.9433,24.8267,6139
2016-11-10 17:00:00,108.59,transfer,1.0,99.9222,0.0,116.9373,116.9373,99.9222,89.7343,9.9896,24.9326,6140
2016-11-10 18:00:00,98.48,transfer,1.0,93.5738,0.0,79.6803,79.6803,93.5738,89.7342,9.9906,24.9654,6141
2016-11-10 19:00:00,85.69,transfer,1.0,84.8222,0.0,84.7202,84.7202,84.8222,89.734,9.9823,24.9005,6142
2016-11-10 20:00:00,79.34,transfer,1.0,76.4193,0.0,74.0697,74.0697,76.4193,89.7335,9.9961,24.8263,6143
2016-11-10 21:00:00,68.41,transfer,1.0,70.5122,0.0,71.7931,71.7931,70.5122,89.7335,10.0008,24.7933,6144
2016-11-10 22:00:00,60.93,transfer,1.0,67.0219,0.0,71.8927,71.8927,67.0219,89.7334,10.0313,24.8054,6145
2016-11-10 23:00:00,60.03,transfer,1.0,65.2216,0.0,74.7757,74.7757,65.2216,89.7334,10.0589,24.8149,6146
2016-11-11 00:00:00,59.7,transfer,1.0,64.5971,0.0,72.5145,72.5145,64.5971,89.7334,10.0823,24.8306,6147
2016-11-11 01:00:00,57.45,transfer,1.0,64.9919,0.0,73.314,73.314,64.9919,89.7335,10.1208,24.8537,6148
2016-11-11 02:00:00,56.82,transfer,1.0,66.5156,0.0,69.0931,69.0931,66.5156,89.7335,10.159,24.8808,6149
2016-11-11 03:00:00,56.49,transfer,1.0,69.5792,0.0,66.7004,66.7004,69.5792,89.7335,10.197,24.9117,6150
2016-11-11 04:00:00,56.63,transfer,1.0,74.3763,0.0,71.4697,71.4697,74.3763,89.7336,10.2429,24.9543,6151
2016-11-11 05:00:00,57.91,transfer,1.0,81.0062,0.0,71.4807,71.4807,81.0062,89.7337,10.2788,24.993,6152
2016-11-11 06:00:00,57.99,transfer,1.0,88.7184,0.0,86.1405,86.1405,88.7184,89.7336,10.3273,25.0446,6153
2016-11-11 07:00:00,57.94,transfer,1.0,95.8077,0.0,116.9138,116.9138,95.8077,89.7336,10.3999,25.1189,6154
2016-11-11 08:00:00,54.92,transfer,1.0,100.7311,0.0,118.608,118.608,100.7311,89.7336,10.5609,25.2787,6155
2016-11-11 09:00:00,50.99,transfer,1.0,103.0464,0.0,98.2709,98.2709,103.0464,89.7339,10.7713,25.4868,6156
2016-11-11 10:00:00,50.68,transfer,1.0,103.6602,0.0,96.8476,96.8476,103.6602,89.7341,10.9847,25.6991,6157
2016-11-11 11:00:00,51.84,transfer,1.0,103.1322,0.0,98.8084,98.8084,103.1322,89.7339,11.1907,25.9077,6158
2016-11-11 12:00:00,51.93,transfer,1.0,100.9918,0.0,107.8779,107.8779,100.9918,89.7338,11.389,26.1168,6159
2016-11-11 13:00:00,52.74,transfer,1.0,96.0077,0.0,101.1533,101.1533,96.0077,89.734,11.5621,26.3181,6160
2016-11-11 14:00:00,52.61,transfer,1.0,86.2888,0.0,89.3405,89.3405,86.2888,89.734,11.6915,26.508,6161
2016-11-11 15:00:00,52.93,transfer,1.0,75.8748,0.0,68.1622,68.1622,75.8748,89.7343,11.7884,26.6854,6162
2016-11-11 16:00:00,54.28,transfer,1.0,68.5331,0.0,67.4057,67.4057,68.5331,89.7344,11.8647,26.8378,6163
2016-11-11 17:00:00,54.41,transfer,1.0,63.9023,0.0,68.5869,68.5869,63.9023,89.7345,11.8797,26.9178,6164
2016-11-11 18:00:00,55.81,transfer,1.0,61.3464,0.0,68.9268,68.9268,61.3464,89.7346,11.8785,26.9703,6165
2016-11-11 19:00:00,61.55,transfer,1.0,59.6225,0.0,55.0885,55.0885,59.6225,89.7347,11.8542,26.9663,6166
2016-11-11 20:00:00,61.34,transfer,1.0,59.2831,0.0,61.8384,61.8384,59.2831,89.7344,11.8513,26.9727,6167
2016-11-11 21:00:00,66.3,transfer,1.0,59.3906,0.0,59.9387,59.9387,59.3906,89.7345,11.8592,26.9256,6168
2016-11-11 22:00:00,62.7,transfer,1.0,59.987,0.0,71.2902,71.2902,59.987,89.7347,11.8522,26.9068,6169
2016-11-11 23:00:00,63.69,transfer,1.0,60.7179,0.0,56.6718,56.6718,60.7179,89.7345,11.8392,26.8746,6170
2016-11-12 00:00:00,67.4,transfer,1.0,61.8446,0.0,62.9559,62.9559,61.8446,89.7346,11.8345,26.8168,6171
2016-11-12 01:00:00,55.88,transfer,1.0,61.8389,0.0,62.7822,62.7822,61.8389,89.7344,11.8309,26.8232,6172
2016-11-12 02:00:00,54.88,transfer,1.0,62.3221,0.0,62.2054,62.2054,62.3221,89.7344,11.8347,26.8319,6173
2016-11-12 03:00:00,54.06,transfer,1.0,62.616,0.0,68.3359,68.3359,62.616,89.7343,11.8465,26.8473,6174
2016-11-12 04:00:00,54.16,transfer,1.0,63.1668,0.0,58.7338,58.7338,63.1668,89.7343,11.8547,26.86,6175
2016-11-12 05:00:00,55.29,transfer,1.0,64.261,0.0,73.6301,73.6301,64.261,89.7343,11.8613,26.8724,6176
2016-11-12 06:00:00,55.98,transfer,1.0,65.5778,0.0,78.7569,78.7569,65.5778,89.7339,11.8623,26.8817,6177
2016-11-12 07:00:00,55.77,transfer,1.0,67.183,0.0,66.5175,66.5175,67.183,89.7339,11.8433,26.8734,6178
2016-11-12 08:00:00,52.86,transfer,1.0,69.0402,0.0,73.4295,73.4295,69.0402,89.7341,11.8252,26.8636,6179
2016-11-12 09:00:00,48.96,transfer,1.0,69.4196,0.0,58.1286,58.1286,69.4196,89.7345,11.8267,26.8679,6180
2016-11-12 10:00:00,48.43,transfer,1.0,68.8609,0.0,76.0925,76.0925,68.8609,89.7343,11.8443,26.8844,6181
2016-11-12 11:00:00,49.03,transfer,1.0,67.6105,0.0,79.2454,79.2454,67.6105,89.7341,11.8564,26.895,6182
2016-11-12 12:00:00,51.46,transfer,1.0,66.2665,0.0,62.94,62.94,66.2665,89.7339,11.8605,26.8972,6183
2016-11-12 13:00:00,52.73,transfer,1.0,65.1552,0.0,56.6191,56.6191,65.1552,89.734,11.8559,26.889,6184
2016-11-12 14:00:00,52.57,transfer,1.0,63.9263,0.0,62.9435,62.9435,63.9263,89.7338,11.852,26.881,6185
2016-11-12 15:00:00,52.47,transfer,1.0,62.7526,0.0,72.5425,72.5425,62.7526,89.7337,11.8507,26.8739,6186
2016-11-12 16:00:00,52.48,transfer,1.0,61.5197,0.0,69.2003,69.2003,61.5197,89.7336,11.8494,26.8661,6187
2016-11-12 17:00:00,51.97,transfer,1.0,60.3329,0.0,64.7,64.7,60.3329,89.7337,11.8486,26.8576,6188
2016-11-12 18:00:00,51.6,transfer,1.0,59.2003,0.0,53.3189,53.3189,59.2003,89.734,11.882,26.8826,6189
2016-11-12 19:00:00,54.86,transfer,1.0,58.0949,0.0,52.4958,52.4958,58.0949,89.7338,11.8997,26.8945,6190
2016-11-12 20:00:00,56.82,transfer,1.0,57.6278,0.0,58.6723,58.6723,57.6278,89.7332,11.901,26.8946,6191
2016-11-12 21:00:00,56.31,transfer,1.0,57.093,0.0,57.4598,57.4598,57.093,89.7329,11.9032,26.895,6192
2016-11-12 22:00:00,56.04,transfer,1.0,56.8461,0.0,62.2884,62.2884,56.8461,89.7332,11.9029,26.8981,6193
2016-11-12 23:00:00,55.81,transfer,1.0,56.6859,0.0,57.0687,57.0687,56.6859,89.7332,11.9038,26.9005,6194
2016-11-13 00:00:00,55.95,transfer,1.0,56.6383,0.0,70.0577,70.0577,56.6383,89.7331,11.9014,26.9044,6195
2016-11-13 01:00:00,56.23,transfer,1.0,56.927,0.0,64.9812,64.9812,56.927,89.7333,11.8868,26.9092,6196
2016-11-13 02:00:00,55.42,transfer,1.0,57.4858,0.0,64.4031,64.4031,57.4858,89.7334,11.8872,26.9115,6197
2016-11-13 03:00:00,55.33,transfer,1.0,58.4678,0.0,61.5116,61.5116,58.4678,89.7336,11.8957,26.9147,6198
2016-11-13 04:00:00,55.32,transfer,1.0,59.6546,0.0,67.0032,67.0032,59.6546,89.7334,11.9171,26.9198,6199
2016-11-13 05:00:00,57.7,transfer,1.0,61.2834,0.0,63.9489,63.9489,61.2834,89.7336,11.9338,26.9146,6200
2016-11-13 06:00:00,57.53,transfer,1.0,63.289,0.0,67.007,67.007,63.289,89.7337,11.9525,26.9135,6201
2016-11-13 07:00:00,57.48,transfer,1.0,65.5774,0.0,72.2962,72.2962,65.5774,89.7338,11.9546,26.8973,6202
2016-11-13 08:00:00,53.88,transfer,1.0,67.9382,0.0,65.2578,65.2578,67.9382,89.7341,11.9488,26.8744,6203
2016-11-13 09:00:00,50.22,transfer,1.0,68.5559,0.0,62.0619,62.0619,68.5559,89.7342,11.9661,26.8777,6204
2016-11-13 10:00:00,50.51,transfer,1.0,68.2458,0.0,70.7969,70.7969,68.2458,89.7339,11.9806,26.8799,6205
2016-11-13 11:00:00,51.31,transfer,1.0,67.5798,0.0,59.6844,59.6844,67.5798,89.7342,11.9863,26.8747,6206
2016-11-13 12:00:00,51.54,transfer,1.0,66.6985,0.0,62.502,62.502,66.6985,89.7343,11.9898,26.8696,6207
2016-11-13 13:00:00,52.22,transfer,1.0,65.7127,0.0,66.4044,66.4044,65.7127,89.7342,11.9845,26.8567,6208
2016-11-13 14:00:00,51.99,transfer,1.0,64.5252,0.0,66.2198,66.2198,64.5252,89.734,11.9829,26.8481,6209
2016-11-13 15:00:00,52.44,transfer,1.0,63.0949,0.0,53.1097,53.1097,63.0949,89.7338,11.9776,26.8378,6210
2016-11-13 16:00:00,53.68,transfer,1.0,61.9049,0.0,64.338,64.338,61.9049,89.734,11.9603,26.8159,6211
2016-11-13 17:00:00,53.71,transfer,1.0,60.6355,0.0,51.6369,51.6369,60.6355,89.734,11.9815,26.8331,6212
2016-11-13 18:00:00,55.5,transfer,1.0,59.4096,0.0,62.5457,62.5457,59.4096,89.7339,11.95,26.9078,6213
2016-11-13 19:00:00,60.16,transfer,1.0,58.2361,0.0,55.2993,55.2993,58.2361,89.7339,11.9188,26.9383,6214
2016-11-13 20:00:00,60.68,transfer,1.0,57.9317,0.0,48.1023,48.1023,57.9317,89.7333,11.8903,26.9706,6215
2016-11-13 21:00:00,65.14,transfer,1.0,57.6829,0.0,62.3504,62.3504,57.6829,89.7332,11.9032,26.9638,6216
2016-11-13 22:00:00,61.73,transfer,1.0,57.5016,0.0,62.4266,62.4266,57.5016,89.7332,11.9073,26.9659,6217
2016-11-13 23:00:00,62.66,transfer,1.0,57.5338,0.0,51.4902,51.4902,57.5338,89.7332,11.9117,26.9669,6218
2016-11-14 00:00:00,66.43,transfer,1.0,57.6929,0.0,69.4818,69.4818,57.6929,89.7332,11.9384,26.9441,6219
2016-11-14 01:00:00,68.65,transfer,1.0,59.4165,0.0,63.3354,63.3354,59.4165,89.7335,11.9802,26.9069,6220
2016-11-14 02:00:00,66.68,transfer,1.0,62.4794,0.0,63.4028,63.4028,62.4794,89.7337,11.9981,26.8766,6221
2016-11-14 03:00:00,66.53,transfer,1.0,66.6079,0.0,73.6862,73.6862,66.6079,89.7336,11.9725,26.8477,6222
2016-11-14 04:00:00,61.8,transfer,1.0,71.2252,0.0,73.6284,73.6284,71.2252,89.7336,11.9919,26.8588,6223
2016-11-14 05:00:00,63.74,transfer,1.0,77.053,0.0,66.6194,66.6194,77.053,89.7339,12.0165,26.8696,6224
2016-11-14 06:00:00,64.86,transfer,1.0,82.9076,0.0,72.745,72.745,82.9076,89.7339,12.0435,26.884,6225
2016-11-14 07:00:00,80.46,transfer,1.0,89.4928,0.0,74.0912,74.0912,89.4928,89.7343,12.0571,26.8857,6226
2016-11-14 08:00:00,90.36,transfer,1.0,95.8235,0.0,89.7589,89.7589,95.8235,89.7343,12.0598,26.8839,6227
2016-11-14 09:00:00,102.24,transfer,1.0,100.5784,0.0,99.7537,99.7537,100.5784,89.7344,12.024,26.8589,6228
2016-11-14 10:00:00,115.46,transfer,1.0,103.1664,0.0,97.0037,97.0037,103.1664,89.7343,11.9442,26.7873,6229
2016-11-14 11:00:00,119.08,transfer,1.0,104.3125,0.0,102.723,102.723,104.3125,89.7343,11.8944,26.7427,6230
2016-11-14 12:00:00,116.86,transfer,1.0,104.6651,0.0,107.5472,107.5472,104.6651,89.7345,11.8364,26.6877,6231
2016-11-14 13:00:00,112.14,transfer,1.0,104.4302,0.0,88.5513,88.5513,104.4302,89.7345,11.7776,26.6312,6232
2016-11-14 14:00:00,107.1,transfer,1.0,103.322,0.0,113.3518,113.3518,103.322,89.7346,11.7154,26.5692,6233
2016-11-14 15:00:00,103.9,transfer,1.0,99.9305,0.0,99.3767,99.3767,99.9305,89.7347,11.6176,26.4632,6234
2016-11-14 16:00:00,102.53,transfer,1.0,92.4,0.0,99.8763,99.8763,92.4,89.7346,11.5858,26.4039,6235
2016-11-14 17:00:00,93.22,transfer,1.0,80.6592,0.0,80.2261,80.2261,80.6592,89.7345,11.5898,26.3476,6236
2016-11-14 18:00:00,87.77,transfer,1.0,70.7433,0.0,55.1393,55.1393,70.7433,89.7346,11.6127,26.3194,6237
2016-11-14 19:00:00,74.8,transfer,1.0,64.9547,0.0,65.0331,65.0331,64.9547,89.7347,11.6404,26.3553,6238
2016-11-14 20:00:00,72.12,transfer,1.0,62.4734,0.0,69.6893,69.6893,62.4734,89.7342,11.6618,26.3808,6239
2016-11-14 21:00:00,64.53,transfer,1.0,61.1104,0.0,62.7107,62.7107,61.1104,89.7343,11.6534,26.4227,6240
2016-11-14 22:00:00,61.57,transfer,1.0,60.5732,0.0,56.9119,56.9119,60.5732,89.7341,11.6389,26.4614,6241
2016-11-14 23:00:00,61.52,transfer,1.0,60.3601,0.0,64.8914,64.8914,60.3601,89.7338,11.6105,26.5104,6242
2016-11-15 00:00:00,62.78,transfer,1.0,61.0325,0.0,60.9704,60.9704,61.0325,89.7341,11.5801,26.5587,6243
2016-11-15 01:00:00,61.36,transfer,1.0,63.1667,0.0,67.6651,67.6651,63.1667,89.7338,11.5752,26.6015,6244
2016-11-15 02:00:00,62.0,transfer,1.0,67.4416,0.0,62.5121,62.5121,67.4416,89.7341,11.6045,26.65,6245
2016-11-15 03:00:00,61.51,transfer,1.0,73.7452,0.0,67.4935,67.4935,73.7452,89.7342,11.645,26.6977,6246
2016-11-15 04:00:00,60.89,transfer,1.0,81.9336,0.0,93.6557,93.6557,81.9336,89.7342,11.6868,26.7409,6247
2016-11-15 05:00:00,62.74,transfer,1.0,90.3745,0.0,74.2998,74.2998,90.3745,89.7342,11.7277,26.7821,6248
2016-11-15 06:00:00,65.22,transfer,1.0,97.3439,0.0,111.5716,111.5716,97.3439,89.7342,11.7578,26.8116,6249
2016-11-15 07:00:00,76.44,transfer,1.0,101.7453,0.0,109.2062,109.2062,101.7453,89.7344,11.7666,26.82,6250
2016-11-15 08:00:00,87.94,transfer,1.0,103.9359,0.0,104.1499,104.1499,103.9359,89.7344,11.7736,26.8268,6251
2016-11-15 09:00:00,103.91,transfer,1.0,104.9214,0.0,107.097,107.097,104.9214,89.7351,11.7547,26.796,6252
2016-11-15 10:00:00,108.71,transfer,1.0,105.2764,0.0,99.4367,99.4367,105.2764,89.7352,11.7071,26.7485,6253
2016-11-15 11:00:00,112.22,transfer,1.0,105.37,0.0,103.2881,103.2881,105.37,89.7351,11.6522,26.6933,6254
2016-11-15 12:00:00,110.43,transfer,1.0,105.2839,0.0,129.6358,129.6358,105.2839,89.7352,11.5875,26.6277,6255
2016-11-15 13:00:00,109.96,transfer,1.0,104.9621,0.0,114.7616,114.7616,104.9621,89.7351,11.507,26.5451,6256
2016-11-15 14:00:00,106.42,transfer,1.0,104.1272,0.0,101.5612,101.5612,104.1272,89.7352,11.4331,26.4661,6257
2016-11-15 15:00:00,109.55,transfer,1.0,102.1476,0.0,98.8305,98.8305,102.1476,89.7354,11.3449,26.3649,6258
2016-11-15 16:00:00,98.47,transfer,1.0,97.5332,0.0,104.4433,104.4433,97.5332,89.7351,11.2889,26.2771,6259
2016-11-15 17:00:00,90.04,transfer,1.0,89.1111,0.0,88.3545,88.3545,89.1111,89.7351,11.2664,26.1904,6260
2016-11-15 18:00:00,85.75,transfer,1.0,77.8322,0.0,86.512,86.512,77.8322,89.735,11.2777,26.1554,6261
2016-11-15 19:00:00,81.02,transfer,1.0,68.4665,0.0,64.5597,64.5597,68.4665,89.735,11.324,26.2025,6262
2016-11-15 20:00:00,77.72,transfer,1.0,63.6356,0.0,65.4544,65.4544,63.6356,89.7345,11.3366,26.261,6263
2016-11-15 21:00:00,74.07,transfer,1.0,61.7301,0.0,59.2285,59.2285,61.7301,89.7342,11.3206,26.3267,6264
2016-11-15 22:00:00,69.39,transfer,1.0,60.9223,0.0,51.7299,51.7299,60.9223,89.7338,11.3187,26.3677,6265
2016-11-15 23:00:00,66.51,transfer,1.0,60.9417,0.0,63.6245,63.6245,60.9417,89.7339,11.3396,26.3817,6266
2016-11-16 00:00:00,64.98,transfer,1.0,61.5734,0.0,64.7107,64.7107,61.5734,89.7339,11.3525,26.3855,6267
2016-11-16 01:00:00,64.33,transfer,1.0,63.1235,0.0,72.6166,72.6166,63.1235,89.7339,11.3458,26.3904,6268
2016-11-16 02:00:00,63.74,transfer,1.0,66.644,0.0,68.4546,68.4546,66.644,89.7342,11.3369,26.3988,6269
2016-11-16 03:00:00,63.91,transfer,1.0,72.5694,0.0,80.8513,80.8513,72.5694,89.7343,11.3382,26.4089,6270
2016-11-16 04:00:00,62.63,transfer,1.0,80.8784,0.0,67.2095,67.2095,80.8784,89.7343,11.3509,26.4218,6271
2016-11-16 05:00:00,72.54,transfer,1.0,90.482,0.0,85.0014,85.0014,90.482,89.7344,11.3283,26.3922,6272
2016-11-16 06:00:00,70.79,transfer,1.0,98.0284,0.0,95.5724,95.5724,98.0284,89.7346,11.3289,26.3834,6273
2016-11-16 07:00:00,85.18,transfer,1.0,102.5992,0.0,87.0178,87.0178,102.5992,89.7345,11.3147,26.3631,6274
2016-11-16 08:00:00,94.64,transfer,1.0,104.4798,0.0,115.3216,115.3216,104.4798,89.7344,11.2865,26.3895,6275
2016-11-16 09:00:00,105.9,transfer,1.0,105.2286,0.0,99.3552,99.3552,105.2286,89.7346,11.275,26.3807,6276
2016-11-16 10:00:00,118.73,transfer,1.0,105.4936,0.0,125.995,125.995,105.4936,89.7346,11.2727,26.3807,6277
2016-11-16 11:00:00,128.05,transfer,1.0,105.5644,0.0,103.8921,103.8921,105.5644,89.7346,11.2703,26.3807,6278
2016-11-16 12:00:00,129.47,transfer,1.0,105.5483,0.0,98.9259,98.9259,105.5483,89.7344,11.2674,26.3807,6279
2016-11-16 13:00:00,125.96,transfer,1.0,105.4508,0.0,103.7328,103.7328,105.4508,89.7342,11.2641,26.3807,6280
2016-11-16 14:00:00,124.88,transfer,1.0,105.2436,0.0,107.4967,107.4967,105.2436,89.7344,11.26,26.3807,6281
2016-11-16 15:00:00,125.96,transfer,1.0,104.776,0.0,104.8275,104.8275,104.776,89.7341,11.2546,26.3807,6282
2016-11-16 16:00:00,116.13,transfer,1.0,103.7827,0.0,97.8661,97.8661,103.7827,89.7341,11.2471,26.3807,6283
2016-11-16 17:00:00,108.08,transfer,1.0,101.6004,0.0,99.6339,99.6339,101.6004,89.7344,11.2361,26.3807,6284
2016-11-16 18:00:00,100.25,transfer,1.0,96.2738,0.0,97.7068,97.7068,96.2738,89.7342,11.2234,26.3807,6285
2016-11-16 19:00:00,81.27,transfer,1.0,86.7443,0.0,75.8355,75.8355,86.7443,89.7343,11.2365,26.3807,6286
2016-11-16 20:00:00,78.14,transfer,1.0,76.9334,0.0,72.8069,72.8069,76.9334,89.7338,11.2273,26.3807,6287
2016-11-16 21:00:00,64.98,transfer,1.0,69.428,0.0,70.3414,70.3414,69.428,89.7336,11.2324,26.3807,6288
2016-11-16 22:00:00,62.26,transfer,1.0,65.4617,0.0,69.5689,69.5689,65.4617,89.7333,11.2339,26.3807,6289
2016-11-16 23:00:00,63.0,transfer,1.0,63.4408,0.0,67.2997,67.2997,63.4408,89.7332,11.2343,26.3807,6290
2016-11-17 00:00:00,62.54,transfer,1.0,62.9391,0.0,62.9485,62.9485,62.9391,89.7331,11.2338,26.3807,6291
2016-11-17 01:00:00,63.09,transfer,1.0,63.7165,0.0,50.0461,50.0461,63.7165,89.7329,11.2296,26.3807,6292
2016-11-17 02:00:00,62.07,transfer,1.0,66.0885,0.0,55.5478,55.5478,66.0885,89.7329,11.2191,26.3807,6293
2016-11-17 03:00:00,61.28,transfer,1.0,70.4534,0.0,60.0592,60.0592,70.4534,89.7329,11.202,26.3807,6294
2016-11-17 04:00:00,60.7,transfer,1.0,76.8682,0.0,71.5907,71.5907,76.8682,89.733,11.1801,26.3807,6295
2016-11-17 05:00:00,70.25,transfer,1.0,84.7955,0.0,87.3846,87.3846,84.7955,89.7329,11.1563,26.3807,6296
2016-11-17 06:00:00,68.15,transfer,1.0,93.3398,0.0,91.6068,91.6068,93.3398,89.7334,11.139,26.3806,6297
2016-11-17 07:00:00,80.48,transfer,1.0,99.9582,0.0,115.9173,115.9173,99.9582,89.7335,11.1283,26.3806,6298
2016-11-17 08:00:00,91.31,transfer,1.0,103.3004,0.0,99.8133,99.8133,103.3004,89.7333,11.1231,26.3807,6299
2016-11-17 09:00:00,103.27,transfer,1.0,104.7228,0.0,101.8274,101.8274,104.7228,89.7335,11.1207,26.3807,6300
2016-11-17 10:00:00,111.02,transfer,1.0,105.224,0.0,89.3743,89.3743,105.224,89.7335,11.1221,26.3807,6301
2016-11-17 11:00:00,112.59,transfer,1.0,105.3825,0.0,113.504,113.504,105.3825,89.7333,11.1231,26.3807,6302
2016-11-17 12:00:00,121.2,transfer,1.0,105.3855,0.0,95.8851,95.8851,105.3855,89.7334,11.124,26.3807,6303
2016-11-17 13:00:00,120.64,transfer,1.0,105.2374,0.0,125.6799,125.6799,105.2374,89.7335,11.1251,26.3807,6304
2016-11-17 14:00:00,116.57,transfer,1.0,104.8951,0.0,108.2479,108.2479,104.8951,89.7334,11.1264,26.3807,6305
2016-11-17 15:00:00,121.01,transfer,1.0,104.1951,0.0,103.3003,103.3003,104.1951,89.7332,11.1285,26.3807,6306
2016-11-17 16:00:00,112.84,transfer,1.0,102.5992,0.0,93.9959,93.9959,102.5992,89.7333,11.1314,26.3807,6307
2016-11-17 17:00:00,108.59,transfer,1.0,99.4028,0.0,83.4692,83.4692,99.4028,89.7333,11.1345,26.3807,6308
2016-11-17 18:00:00,98.48,transfer,1.0,93.3484,0.0,99.604,99.604,93.3484,89.7333,11.1359,26.3807,6309
2016-11-17 19:00:00,85.69,transfer,1.0,85.1347,0.0,79.2618,79.2618,85.1347,89.7335,11.134,26.3807,6310
2016-11-17 20:00:00,79.34,transfer,1.0,77.0275,0.0,85.5937,85.5937,77.0275,89.7332,11.1304,26.3807,6311
2016-11-17 21:00:00,68.41,transfer,1.0,71.3182,0.0,73.7776,73.7776,71.3182,89.7332,11.1352,26.3807,6312
2016-11-17 22:00:00,60.93,transfer,1.0,67.7857,0.0,70.4974,70.4974,67.7857,89.733,11.1397,26.3807,6313
2016-11-17 23:00:00,60.03,transfer,1.0,65.7074,0.0,82.4112,82.4112,65.7074,89.7329,11.1426,26.3807,6314
2016-11-18 00:00:00,59.7,transfer,1.0,64.7867,0.0,65.5841,65.5841,64.7867,89.7327,11.1437,26.3807,6315
2016-11-18 01:00:00,59.93,transfer,1.0,64.8778,0.0,61.4751,61.4751,64.8778,89.7328,11.1283,26.3659,6316
2016-11-18 02:00:00,57.87,transfer,1.0,66.4265,0.0,70.9536,70.9536,66.4265,89.7331,11.1215,26.3597,6317
2016-11-18 03:00:00,58.03,transfer,1.0,69.2917,0.0,67.8035,67.8035,69.2917,89.7329,11.1106,26.3505,6318
2016-11-18 04:00:00,57.16,transfer,1.0,73.7223,0.0,73.639,73.639,73.7223,89.7329,11.1036,26.3473,6319
2016-11-18 05:00:00,67.59,transfer,1.0,79.6029,0.0,68.2009,68.2009,79.6029,89.7328,11.0376,26.2897,6320
2016-11-18 06:00:00,65.38,transfer,1.0,86.5832,0.0,73.2681,73.2681,86.5832,89.7329,10.9809,26.2457,6321
2016-11-18 07:00:00,70.99,transfer,1.0,93.8782,0.0,122.5621,122.5621,93.8782,89.7329,10.8918,26.168,6322
2016-11-18 08:00:00,74.31,transfer,1.0,99.2649,0.0,106.0171,106.0171,99.2649,89.7332,10.7676,26.0526,6323
2016-11-18 09:00:00,84.08,transfer,1.0,102.1199,0.0,81.0591,81.0591,102.1199,89.7331,10.5651,25.8557,6324
2016-11-18 10:00:00,89.15,transfer,1.0,103.3053,0.0,117.592,117.592,103.3053,89.7331,10.334,25.6267,6325
2016-11-18 11:00:00,94.84,transfer,1.0,103.7114,0.0,95.7521,95.7521,103.7114,89.733,10.0815,25.4315,6326
2016-11-18 12:00:00,96.74,transfer,1.0,103.5445,0.0,93.5939,93.5939,103.5445,89.733,9.83,25.2482,6327
2016-11-18 13:00:00,98.27,transfer,1.0,102.7483,0.0,132.8579,132.8579,102.7483,89.733,9.5991,25.0788,6328
2016-11-18 14:00:00,99.44,transfer,1.0,100.7834,0.0,102.7449,102.7449,100.7834,89.7331,9.4066,24.9156,6329
2016-11-18 15:00:00,92.74,transfer,1.0,96.8261,0.0,103.1665,103.1665,96.8261,89.733,9.2944,24.7144,6330
2016-11-18 16:00:00,86.97,transfer,1.0,90.6171,0.0,91.0922,91.0922,90.6171,89.7331,9.2313,24.5198,6331
2016-11-18 17:00:00,81.77,transfer,1.0,82.7058,0.0,97.7941,97.7941,82.7058,89.7334,9.1803,24.357,6332
2016-11-18 18:00:00,74.03,transfer,1.0,75.0455,0.0,63.3662,63.3662,75.0455,89.7337,9.1534,24.2485,6333
2016-11-18 19:00:00,67.54,transfer,1.0,69.5085,0.0,68.1073,68.1073,69.5085,89.7338,9.1537,24.2129,6334
2016-11-18 20:00:00,64.06,transfer,1.0,66.3295,0.0,64.0545,64.0545,66.3295,89.7334,9.1549,24.1967,6335
2016-11-18 21:00:00,64.43,transfer,1.0,64.2254,0.0,64.4289,64.4289,64.2254,89.7333,9.115,24.2078,6336
2016-11-18 22:00:00,57.58,transfer,1.0,62.9323,0.0,69.9192,69.9192,62.9323,89.7333,9.1307,24.2382,6337
2016-11-18 23:00:00,57.11,transfer,1.0,62.4398,0.0,67.7724,67.7724,62.4398,89.7333,9.1448,24.2774,6338
2016-11-19 00:00:00,55.41,transfer,1.0,62.3893,0.0,59.8473,59.8473,62.3893,89.7333,9.1532,24.3488,6339
2016-11-19 01:00:00,55.88,transfer,1.0,61.3788,0.0,63.9971,63.9971,61.3788,89.7327,9.1505,24.3488,6340
2016-11-19 02:00:00,54.88,transfer,1.0,60.7745,0.0,67.3097,67.3097,60.7745,89.7328,9.1413,24.3487,6341
2016-11-19 03:00:00,54.06,transfer,1.0,60.8081,0.0,58.5254,58.5254,60.8081,89.7329,9.1305,24.3487,6342
2016-11-19 04:00:00,54.16,transfer,1.0,61.4271,0.0,49.9264,49.9264,61.4271,89.7329,9.1202,24.3487,6343
2016-11-19 05:00:00,55.29,transfer,1.0,62.4694,0.0,67.1045,67.1045,62.4694,89.7328,9.1095,24.3487,6344
2016-11-19 06:00:00,55.98,transfer,1.0,64.2627,0.0,58.105,58.105,64.2627,89.7329,9.1017,24.3487,6345
2016-11-19 07:00:00,55.77,transfer,1.0,66.3833,0.0,65.3476,65.3476,66.3833,89.7328,9.0969,24.3487,6346
2016-11-19 08:00:00,52.86,transfer,1.0,68.7778,0.0,67.8122,67.8122,68.7778,89.7329,9.0954,24.3487,6347
2016-11-19 09:00:00,48.96,transfer,1.0,69.4392,0.0,71.4103,71.4103,69.4392,89.7329,9.0955,24.3487,6348
2016-11-19 10:00:00,48.43,transfer,1.0,68.5481,0.0,64.2605,64.2605,68.5481,89.7325,9.0936,24.3487,6349
2016-11-19 11:00:00,49.03,transfer,1.0,67.0005,0.0,62.5611,62.5611,67.0005,89.7326,9.09,24.3487,6350
2016-11-19 12:00:00,51.46,transfer,1.0,65.2059,0.0,71.7661,71.7661,65.2059,89.7324,9.0837,24.3487,6351
2016-11-19 13:00:00,52.73,transfer,1.0,63.4617,0.0,70.1474,70.1474,63.4617,89.7325,9.0736,24.3487,6352
2016-11-19 14:00:00,52.57,transfer,1.0,61.9865,0.0,60.4523,60.4523,61.9865,89.7327,9.062,24.3486,6353
2016-11-19 15:00:00,52.47,transfer,1.0,60.6009,0.0,61.1333,61.1333,60.6009,89.7331,9.0492,24.3486,6354
2016-11-19 16:00:00,52.48,transfer,1.0,59.4339,0.0,55.87,55.87,59.4339,89.7337,9.0368,24.3486,6355
2016-11-19 17:00:00,51.97,transfer,1.0,58.2095,0.0,58.1163,58.1163,58.2095,89.7345,9.0242,24.3486,6356
2016-11-19 18:00:00,51.6,transfer,1.0,57.0516,0.0,55.5687,55.5687,57.0516,89.7348,9.0114,24.3487,6357
2016-11-19 19:00:00,54.86,transfer,1.0,56.0142,0.0,56.0022,56.0022,56.0142,89.735,8.999,24.3487,6358
2016-11-19 20:00:00,56.82,transfer,1.0,55.9017,0.0,49.6141,49.6141,55.9017,89.7347,8.9997,24.3487,6359
2016-11-19 21:00:00,56.31,transfer,1.0,55.7146,0.0,60.1495,60.1495,55.7146,89.7346,8.9985,24.3487,6360
2016-11-19 22:00:00,56.04,transfer,1.0,55.8058,0.0,61.2193,61.2193,55.8058,89.7346,8.9951,24.3487,6361
2016-11-19 23:00:00,55.81,transfer,1.0,55.8231,0.0,66.7034,66.7034,55.8231,89.7345,8.99,24.3487,6362
2016-11-20 00:00:00,55.95,transfer,1.0,56.1435,0.0,60.1712,60.1712,56.1435,89.7347,8.9871,24.3487,6363
2016-11-20 01:00:00,56.23,transfer,1.0,56.7388,0.0,57.0992,57.0992,56.7388,89.7347,8.9859,24.3487,6364
2016-11-20 02:00:00,55.42,transfer,1.0,57.819,0.0,40.9953,40.9953,57.819,89.7349,8.9879,24.3487,6365
2016-11-20 03:00:00,55.33,transfer,1.0,59.0884,0.0,55.1556,55.1556,59.0884,89.7348,8.9916,24.3487,6366
2016-11-20 04:00:00,55.32,transfer,1.0,60.9029,0.0,51.2659,51.2659,60.9029,89.735,8.999,24.3487,6367
2016-11-20 05:00:00,57.7,transfer,1.0,62.5041,0.0,71.6873,71.6873,62.5041,89.7346,9.0063,24.3487,6368
2016-11-20 06:00:00,57.53,transfer,1.0,64.4655,0.0,65.1544,65.1544,64.4655,89.7346,9.0133,24.3488,6369
2016-11-20 07:00:00,57.48,transfer,1.0,66.8958,0.0,68.3163,68.3163,66.8958,89.7348,9.0212,24.3488,6370
2016-11-20 08:00:00,53.88,transfer,1.0,69.5092,0.0,79.2866,79.2866,69.5092,89.7351,9.0305,24.3488,6371
2016-11-20 09:00:00,50.22,transfer,1.0,70.192,0.0,73.1537,73.1537,70.192,89.7354,9.0403,24.3488,6372
2016-11-20 10:00:00,50.51,transfer,1.0,69.8729,0.0,76.0134,76.0134,69.8729,89.7355,9.0499,24.3488,6373
2016-11-20 11:00:00,51.31,transfer,1.0,68.9823,0.0,76.8729,76.8729,68.9823,89.7354,9.0583,24.3488,6374
2016-11-20 12:00:00,51.54,transfer,1.0,68.2825,0.0,58.7236,58.7236,68.2825,89.7355,9.0677,24.3488,6375
2016-11-20 13:00:00,52.22,transfer,1.0,67.5442,0.0,80.4095,80.4095,67.5442,89.7354,9.0786,24.3488,6376
2016-11-20 14:00:00,51.99,transfer,1.0,66.44,0.0,76.2647,76.2647,66.44,89.7353,9.09,24.3488,6377
2016-11-20 15:00:00,52.44,transfer,1.0,64.9988,0.0,64.9674,64.9674,64.9988,89.7353,9.1013,24.3488,6378
2016-11-20 16:00:00,53.68,transfer,1.0,63.691,0.0,66.743,66.743,63.691,89.7353,9.112,24.3488,6379
2016-11-20 17:00:00,53.71,transfer,1.0,62.6678,0.0,71.2613,71.2613,62.6678,89.7355,9.1241,24.3488,6380
2016-11-20 18:00:00,55.5,transfer,1.0,61.4477,0.0,59.7991,59.7991,61.4477,89.7354,9.1362,24.3488,6381
2016-11-20 19:00:00,60.16,transfer,1.0,60.4607,0.0,55.1206,55.1206,60.4607,89.7354,9.1265,24.3489,6382
2016-11-20 20:00:00,60.68,transfer,1.0,60.4414,0.0,63.2266,63.2266,60.4414,89.735,9.1116,24.3489,6383
2016-11-20 21:00:00,65.14,transfer,1.0,60.0542,0.0,56.4938,56.4938,60.0542,89.7348,9.0975,24.3489,6384
2016-11-20 22:00:00,61.73,transfer,1.0,59.8509,0.0,65.6643,65.6643,59.8509,89.7348,9.0835,24.3489,6385
2016-11-20 23:00:00,62.66,transfer,1.0,60.3272,0.0,50.3427,50.3427,60.3272,89.7351,9.0669,24.3489,6386
2016-11-21 00:00:00,66.43,transfer,1.0,60.661,0.0,66.8413,66.8413,60.661,89.7351,9.0492,24.3489,6387
2016-11-21 01:00:00,68.65,transfer,1.0,62.554,0.0,55.881,55.881,62.554,89.7351,9.0305,24.3489,6388
2016-11-21 02:00:00,66.68,transfer,1.0,66.0967,0.0,56.5572,56.5572,66.0967,89.735,9.009,24.3489,6389
2016-11-21 03:00:00,66.53,transfer,1.0,71.1529,0.0,75.9969,75.9969,71.1529,89.7352,9.0361,24.3489,6390
2016-11-21 04:00:00,61.8,transfer,1.0,76.7741,0.0,67.9038,67.9038,76.7741,89.7352,9.0691,24.3489,6391
2016-11-21 05:00:00,63.74,transfer,1.0,82.504,0.0,89.5345,89.5345,82.504,89.7351,9.1015,24.3489,6392
2016-11-21 06:00:00,64.86,transfer,1.0,88.1592,0.0,107.6595,107.6595,88.1592,89.7352,9.1328,24.349,6393
2016-11-21 07:00:00,80.46,transfer,1.0,93.4604,0.0,71.7525,71.7525,93.4604,89.7352,9.1564,24.349,6394
2016-11-21 08:00:00,90.36,transfer,1.0,98.5534,0.0,90.929,90.929,98.5534,89.7352,9.1727,24.349,6395
2016-11-21 09:00:00,102.24,transfer,1.0,102.2903,0.0,99.4888,99.4888,102.2903,89.7356,9.1631,24.3489,6396
2016-11-21 10:00:00,115.46,transfer,1.0,104.1807,0.0,93.5572,93.5572,104.1807,89.7356,9.157,24.3489,6397
2016-11-21 11:00:00,119.08,transfer,1.0,104.9706,0.0,121.2494,121.2494,104.9706,89.7353,9.1531,24.3489,6398
2016-11-21 12:00:00,116.86,transfer,1.0,105.2159,0.0,112.4587,112.4587,105.2159,89.7351,9.1498,24.3489,6399
2016-11-21 13:00:00,112.14,transfer,1.0,105.173,0.0,107.2686,107.2686,105.173,89.7351,9.1454,24.3489,6400
2016-11-21 14:00:00,107.1,transfer,1.0,104.7213,0.0,112.8659,112.8659,104.7213,89.735,9.1371,24.3489,6401
2016-11-21 15:00:00,103.9,transfer,1.0,103.2973,0.0,105.1084,105.1084,103.2973,89.7348,9.117,24.3489,6402
2016-11-21 16:00:00,102.53,transfer,1.0,99.3898,0.0,87.0689,87.0689,99.3898,89.7349,9.0754,24.3489,6403
2016-11-21 17:00:00,93.22,transfer,1.0,90.4521,0.0,88.7476,88.7476,90.4521,89.7349,9.0172,24.3489,6404
2016-11-21 18:00:00,87.77,transfer,1.0,78.9182,0.0,87.35,87.35,78.9182,89.7348,8.9685,24.3489,6405
2016-11-21 19:00:00,74.8,transfer,1.0,70.8074,0.0,81.6412,81.6412,70.8074,89.7349,8.9337,24.3489,6406
2016-11-21 20:00:00,72.12,transfer,1.0,66.8005,0.0,51.1996,51.1996,66.8005,89.7345,8.9079,24.3489,6407
2016-11-21 21:00:00,64.53,transfer,1.0,65.1349,0.0,66.2643,66.2643,65.1349,89.7344,8.8911,24.3489,6408
2016-11-21 22:00:00,61.57,transfer,1.0,64.634,0.0,60.0918,60.0918,64.634,89.7342,8.9034,24.3489,6409
2016-11-21 23:00:00,61.52,transfer,1.0,64.966,0.0,67.4964,67.4964,64.966,89.7343,8.9171,24.3489,6410
2016-11-22 00:00:00,62.78,transfer,1.0,66.7115,0.0,66.3375,66.3375,66.7115,89.7345,8.9301,24.3489,6411
2016-11-22 01:00:00,61.36,transfer,1.0,70.5175,0.0,68.1281,68.1281,70.5175,89.7346,8.9738,24.3489,6412
2016-11-22 02:00:00,62.0,transfer,1.0,75.5474,0.0,73.0899,73.0899,75.5474,89.7344,9.0221,24.3489,6413
2016-11-22 03:00:00,61.51,transfer,1.0,82.0465,0.0,72.819,72.819,82.0465,89.7343,9.0715,24.3489,6414
2016-11-22 04:00:00,60.89,transfer,1.0,89.265,0.0,79.6205,79.6205,89.265,89.7341,9.1151,24.3489,6415
2016-11-22 05:00:00,62.74,transfer,1.0,96.0273,0.0,82.4498,82.4498,96.0273,89.7342,9.1488,24.3489,6416
2016-11-22 06:00:00,65.22,transfer,1.0,100.9062,0.0,96.8492,96.8492,100.9062,89.7344,9.17,24.3489,6417
2016-11-22 07:00:00,76.44,transfer,1.0,103.5451,0.0,104.5562,104.5562,103.5451,89.7345,9.1807,24.3489,6418
2016-11-22 08:00:00,87.94,transfer,1.0,104.8113,0.0,120.9161,120.9161,104.8113,89.7348,9.1859,24.3489,6419
2016-11-22 09:00:00,103.91,transfer,1.0,105.3679,0.0,91.547,91.547,105.3679,89.7351,9.1885,24.3489,6420
2016-11-22 10:00:00,108.71,transfer,1.0,105.6118,0.0,92.0404,92.0404,105.6118,89.7353,9.1865,24.3489,6421
2016-11-22 11:00:00,112.22,transfer,1.0,105.7003,0.0,102.8103,102.8103,105.7003,89.7351,9.1846,24.3489,6422
2016-11-22 12:00:00,110.43,transfer,1.0,105.6995,0.0,106.8944,106.8944,105.6995,89.7354,9.1821,24.3489,6423
2016-11-22 13:00:00,109.96,transfer,1.0,105.6029,0.0,103.2505,103.2505,105.6029,89.7354,9.1783,24.3489,6424
2016-11-22 14:00:00,106.42,transfer,1.0,105.3416,0.0,101.7604,101.7604,105.3416,89.7355,9.1711,24.3489,6425
2016-11-22 15:00:00,109.55,transfer,1.0,104.6391,0.0,99.9994,99.9994,104.6391,89.7355,9.1562,24.3489,6426
2016-11-22 16:00:00,98.47,transfer,1.0,102.6779,0.0,110.4749,110.4749,102.6779,89.7353,9.1757,24.3489,6427
2016-11-22 17:00:00,90.04,transfer,1.0,97.7096,0.0,103.9054,103.9054,97.7096,89.7354,9.2158,24.3489,6428
2016-11-22 18:00:00,85.75,transfer,1.0,87.4949,0.0,86.5944,86.5944,87.4949,89.7354,9.1791,24.3489,6429
2016-11-22 19:00:00,81.02,transfer,1.0,75.7487,0.0,75.9158,75.9158,75.7487,89.7353,9.1357,24.3489,6430
2016-11-22 20:00:00,77.72,transfer,1.0,68.8515,0.0,63.4472,63.4472,68.8515,89.7349,9.1047,24.3489,6431
2016-11-22 21:00:00,74.07,transfer,1.0,66.4687,0.0,71.7172,71.7172,66.4687,89.7347,9.0765,24.3489,6432
2016-11-22 22:00:00,69.39,transfer,1.0,66.216,0.0,79.1365,79.1365,66.216,89.7346,9.045,24.3489,6433
2016-11-22 23:00:00,66.51,transfer,1.0,66.9415,0.0,67.147,67.147,66.9415,89.7345,9.0144,24.3489,6434
2016-11-23 00:00:00,64.98,transfer,1.0,68.5264,0.0,75.1228,75.1228,68.5264,89.7342,9.0152,24.349,6435
2016-11-23 01:00:00,64.33,transfer,1.0,71.2148,0.0,72.8778,72.8778,71.2148,89.7343,9.049,24.349,6436
2016-11-23 02:00:00,63.74,transfer,1.0,75.748,0.0,74.4519,74.4519,75.748,89.7342,9.1032,24.349,6437
2016-11-23 03:00:00,63.91,transfer,1.0,81.8958,0.0,82.3515,82.3515,81.8958,89.734,9.1587,24.349,6438
2016-11-23 04:00:00,62.63,transfer,1.0,89.1038,0.0,98.8733,98.8733,89.1038,89.7339,9.2077,24.3489,6439
2016-11-23 05:00:00,72.54,transfer,1.0,96.0478,0.0,93.4334,93.4334,96.0478,89.734,9.2408,24.3489,6440
2016-11-23 06:00:00,70.79,transfer,1.0,100.9355,0.0,94.7192,94.7192,100.9355,89.734,9.2581,24.3489,6441
2016-11-23 07:00:00,85.18,transfer,1.0,103.6183,0.0,120.8482,120.8482,103.6183,89.734,9.2642,24.3489,6442
2016-11-23 08:00:00,94.64,transfer,1.0,104.811,0.0,101.1511,101.1511,104.811,89.7339,9.2662,24.3489,6443
2016-11-23 09:00:00,105.9,transfer,1.0,105.3524,0.0,81.3115,81.3115,105.3524,89.7343,9.2654,24.3489,6444
2016-11-23 10:00:00,118.73,transfer,1.0,105.5688,0.0,95.953,95.953,105.5688,89.7343,9.265,24.3489,6445
2016-11-23 11:00:00,128.05,transfer,1.0,105.6468,0.0,87.5812,87.5812,105.6468,89.7341,9.2645,24.349,6446
2016-11-23 12:00:00,129.47,transfer,1.0,105.657,0.0,110.1947,110.1947,105.657,89.7341,9.2638,24.349,6447
2016-11-23 13:00:00,125.96,transfer,1.0,105.6118,0.0,95.844,95.844,105.6118,89.7343,9.2629,24.349,6448
2016-11-23 14:00:00,124.88,transfer,1.0,105.4887,0.0,103.3974,103.3974,105.4887,89.7344,9.2614,24.349,6449
2016-11-23 15:00:00,125.96,transfer,1.0,105.2217,0.0,98.4645,98.4645,105.2217,89.7344,9.2588,24.3489,6450
2016-11-23 16:00:00,116.13,transfer,1.0,104.6751,0.0,106.9298,106.9298,104.6751,89.7344,9.2535,24.3489,6451
2016-11-23 17:00:00,108.08,transfer,1.0,103.4039,0.0,92.4663,92.4663,103.4039,89.7345,9.2427,24.3489,6452
2016-11-23 18:00:00,100.25,transfer,1.0,100.1049,0.0,95.2867,95.2867,100.1049,89.7346,9.2199,24.3489,6453
2016-11-23 19:00:00,81.27,transfer,1.0,92.809,0.0,80.47,80.47,92.809,89.7345,9.256,24.3489,6454
2016-11-23 20:00:00,78.14,transfer,1.0,82.7742,0.0,90.9654,90.9654,82.7742,89.7341,9.2764,24.3489,6455
2016-11-23 21:00:00,64.98,transfer,1.0,74.4122,0.0,81.5412,81.5412,74.4122,89.734,9.3061,24.349,6456
2016-11-23 22:00:00,62.26,transfer,1.0,69.6745,0.0,65.5084,65.5084,69.6745,89.7336,9.3312,24.349,6457
2016-11-23 23:00:00,63.0,transfer,1.0,67.6995,0.0,62.6161,62.6161,67.6995,89.7339,9.3565,24.349,6458
2016-11-24 00:00:00,62.54,transfer,1.0,67.9982,0.0,65.6758,65.6758,67.9982,89.7337,9.3866,24.349,6459
2016-11-24 01:00:00,57.45,transfer,1.0,70.2462,0.0,72.5045,72.5045,70.2462,89.7338,9.4591,24.3825,6460
2016-11-24 02:00:00,56.82,transfer,1.0,73.6766,0.0,82.0583,82.0583,73.6766,89.7336,9.5355,24.4138,6461
2016-11-24 03:00:00,56.49,transfer,1.0,78.2418,0.0,76.9675,76.9675,78.2418,89.7334,9.6104,24.4423,6462
2016-11-24 04:00:00,56.63,transfer,1.0,84.511,0.0,85.128,85.128,84.511,89.7334,9.6801,24.4665,6463
2016-11-24 05:00:00,57.91,transfer,1.0,91.686,0.0,91.0683,91.0683,91.686,89.7338,9.7945,24.54,6464
2016-11-24 06:00:00,57.99,transfer,1.0,98.1864,0.0,113.9531,113.9531,98.1864,89.7336,9.8839,24.6005,6465
2016-11-24 07:00:00,57.94,transfer,1.0,102.0126,0.0,109.9454,109.9454,102.0126,89.7336,10.0303,24.7346,6466
2016-11-24 08:00:00,54.92,transfer,1.0,104.027,0.0,118.1769,118.1769,104.027,89.7335,10.2512,24.9325,6467
2016-11-24 09:00:00,50.99,transfer,1.0,104.8607,0.0,113.5932,113.5932,104.8607,89.7338,10.5632,25.0825,6468
2016-11-24 10:00:00,50.68,transfer,1.0,105.0656,0.0,94.1154,94.1154,105.0656,89.7338,10.8524,25.1883,6469
2016-11-24 11:00:00,51.84,transfer,1.0,104.8621,0.0,118.0843,118.0843,104.8621,89.7336,11.1251,25.2778,6470
2016-11-24 12:00:00,51.93,transfer,1.0,104.0216,0.0,98.7221,98.7221,104.0216,89.7336,11.3411,25.3155,6471
2016-11-24 13:00:00,52.74,transfer,1.0,101.3836,0.0,102.1264,102.1264,101.3836,89.7336,11.5389,25.3517,6472
2016-11-24 14:00:00,52.61,transfer,1.0,93.7628,0.0,93.2764,93.2764,93.7628,89.7335,11.7144,25.413,6473
2016-11-24 15:00:00,52.93,transfer,1.0,80.9231,0.0,76.1829,76.1829,80.9231,89.7337,11.7809,25.4459,6474
2016-11-24 16:00:00,54.28,transfer,1.0,69.5705,0.0,76.7683,76.7683,69.5705,89.7339,11.811,25.5194,6475
2016-11-24 17:00:00,54.41,transfer,1.0,63.0209,0.0,57.7028,57.7028,63.0209,89.7342,11.8076,25.6174,6476
2016-11-24 18:00:00,55.81,transfer,1.0,59.8425,0.0,69.4257,69.4257,59.8425,89.7342,11.801,25.7672,6477
2016-11-24 19:00:00,61.55,transfer,1.0,58.0887,0.0,53.3574,53.3574,58.0887,89.7345,11.8183,25.9109,6478
2016-11-24 20:00:00,61.34,transfer,1.0,57.5186,0.0,60.9166,60.9166,57.5186,89.734,11.8273,26.0181,6479
2016-11-24 21:00:00,66.3,transfer,1.0,57.6004,0.0,63.7,63.7,57.6004,89.7343,11.8618,26.0307,6480
2016-11-24 22:00:00,62.7,transfer,1.0,57.844,0.0,60.3674,60.3674,57.844,89.734,11.8499,26.0201,6481
2016-11-24 23:00:00,63.69,transfer,1.0,58.7821,0.0,71.2803,71.2803,58.7821,89.7341,11.8453,25.9983,6482
2016-11-25 00:00:00,67.4,transfer,1.0,60.0335,0.0,52.1654,52.1654,60.0335,89.7338,11.8589,25.9525,6483
2016-11-25 01:00:00,59.93,transfer,1.0,61.6366,0.0,58.6717,58.6717,61.6366,89.7339,11.8396,25.9525,6484
2016-11-25 02:00:00,57.87,transfer,1.0,64.0588,0.0,49.7971,49.7971,64.0588,89.734,11.8255,25.9525,6485
2016-11-25 03:00:00,58.03,transfer,1.0,66.8952,0.0,73.2539,73.2539,66.8952,89.7342,11.8112,25.9525,6486
2016-11-25 04:00:00,57.16,transfer,1.0,70.3103,0.0,72.3884,72.3884,70.3103,89.7344,11.7909,25.9526,6487
2016-11-25 05:00:00,67.59,transfer,1.0,74.6324,0.0,80.4293,80.4293,74.6324,89.7343,11.7613,25.9526,6488
2016-11-25 06:00:00,65.38,transfer,1.0,79.9673,0.0,75.9207,75.9207,79.9673,89.7343,11.7219,25.9526,6489
2016-11-25 07:00:00,70.99,transfer,1.0,86.3417,0.0,111.1883,111.1883,86.3417,89.7343,11.6771,25.9526,6490
2016-11-25 08:00:00,74.31,transfer,1.0,92.029,0.0,98.0591,98.0591,92.029,89.7345,11.634,25.9526,6491
2016-11-25 09:00:00,84.08,transfer,1.0,95.2979,0.0,102.0259,102.0259,95.2979,89.7346,11.5934,25.9526,6492
2016-11-25 10:00:00,89.15,transfer,1.0,97.2075,0.0,73.0295,73.0295,97.2075,89.7345,11.5571,25.9526,6493
2016-11-25 11:00:00,94.84,transfer,1.0,98.2071,0.0,110.0366,110.0366,98.2071,89.7342,11.5243,25.9526,6494
2016-11-25 12:00:00,96.74,transfer,1.0,98.5016,0.0,82.41,82.41,98.5016,89.7342,11.4943,25.9526,6495
2016-11-25 13:00:00,98.27,transfer,1.0,97.5661,0.0,104.7281,104.7281,97.5661,89.7342,11.4719,25.9526,6496
2016-11-25 14:00:00,99.44,transfer,1.0,94.7755,0.0,92.1525,92.1525,94.7755,89.734,11.4916,25.9526,6497
2016-11-25 15:00:00,92.74,transfer,1.0,89.961,0.0,87.1559,87.1559,89.961,89.7339,11.4838,25.9526,6498
2016-11-25 16:00:00,86.97,transfer,1.0,83.9754,0.0,92.1033,92.1033,83.9754,89.734,11.48,25.9526,6499
2016-11-25 17:00:00,81.77,transfer,1.0,77.4728,0.0,74.1846,74.1846,77.4728,89.7343,11.5,25.9526,6500
2016-11-25 18:00:00,74.03,transfer,1.0,71.8974,0.0,70.95,70.95,71.8974,89.7345,11.5066,25.9526,6501
2016-11-25 19:00:00,67.54,transfer,1.0,68.0134,0.0,55.1498,55.1498,68.0134,89.7346,11.4977,25.9526,6502
2016-11-25 20:00:00,64.06,transfer,1.0,66.1139,0.0,62.5873,62.5873,66.1139,89.7342,11.4964,25.9526,6503
2016-11-25 21:00:00,64.43,transfer,1.0,64.9448,0.0,68.3738,68.3738,64.9448,89.7342,11.4983,25.9526,6504
2016-11-25 22:00:00,57.58,transfer,1.0,64.5851,0.0,68.8659,68.8659,64.5851,89.7343,11.5081,25.9526,6505
2016-11-25 23:00:00,57.11,transfer,1.0,64.7894,0.0,62.4466,62.4466,64.7894,89.7342,11.5221,25.9526,6506
2016-11-26 00:00:00,55.41,transfer,1.0,65.3176,0.0,58.0716,58.0716,65.3176,89.7341,11.5395,25.9526,6507
2016-11-26 01:00:00,55.88,transfer,1.0,64.3639,0.0,72.9017,72.9017,64.3639,89.7338,11.5573,25.9526,6508
2016-11-26 02:00:00,54.88,transfer,1.0,63.763,0.0,57.2623,57.2623,63.763,89.7338,11.5751,25.9526,6509
2016-11-26 03:00:00,54.06,transfer,1.0,63.9791,0.0,63.1106,63.1106,63.9791,89.734,11.594,25.9526,6510
2016-11-26 04:00:00,54.16,transfer,1.0,64.7388,0.0,68.5309,68.5309,64.7388,89.734,11.6137,25.9526,6511
2016-11-26 05:00:00,55.29,transfer,1.0,65.8359,0.0,69.6788,69.6788,65.8359,89.7338,11.6337,25.9526,6512
2016-11-26 06:00:00,55.98,transfer,1.0,67.7694,0.0,65.5693,65.5693,67.7694,89.7339,11.6546,25.9527,6513
2016-11-26 07:00:00,55.77,transfer,1.0,69.9687,0.0,58.8569,58.8569,69.9687,89.7338,11.6759,25.9527,6514
2016-11-26 08:00:00,52.86,transfer,1.0,72.1838,0.0,64.4336,64.4336,72.1838,89.7336,11.6962,25.9527,6515
2016-11-26 09:00:00,48.96,transfer,1.0,72.8499,0.0,72.2436,72.2436,72.8499,89.7343,11.7165,25.9527,6516
2016-11-26 10:00:00,48.43,transfer,1.0,72.1867,0.0,69.5989,69.5989,72.1867,89.7344,11.7382,25.9527,6517
2016-11-26 11:00:00,49.03,transfer,1.0,70.716,0.0,79.8049,79.8049,70.716,89.7343,11.7603,25.9527,6518
2016-11-26 12:00:00,51.46,transfer,1.0,69.1767,0.0,67.823,67.823,69.1767,89.7344,11.7839,25.9527,6519
2016-11-26 13:00:00,52.73,transfer,1.0,67.5428,0.0,69.3955,69.3955,67.5428,89.7344,11.8082,25.9527,6520
2016-11-26 14:00:00,52.57,transfer,1.0,66.0303,0.0,68.7962,68.7962,66.0303,89.7345,11.8323,25.9527,6521
2016-11-26 15:00:00,52.47,transfer,1.0,64.3502,0.0,71.4447,71.4447,64.3502,89.7345,11.8546,25.9527,6522
2016-11-26 16:00:00,52.48,transfer,1.0,62.6704,0.0,57.8123,57.8123,62.6704,89.7345,11.8739,25.9527,6523
2016-11-26 17:00:00,51.97,transfer,1.0,61.1705,0.0,65.2006,65.2006,61.1705,89.7346,11.8915,25.9527,6524
2016-11-26 18:00:00,51.6,transfer,1.0,59.7912,0.0,64.2184,64.2184,59.7912,89.7346,11.9078,25.9527,6525
2016-11-26 19:00:00,54.86,transfer,1.0,58.4593,0.0,52.8069,52.8069,58.4593,89.7345,11.9223,25.9527,6526
2016-11-26 20:00:00,56.82,transfer,1.0,57.943,0.0,65.2259,65.2259,57.943,89.7339,11.9236,25.9527,6527
2016-11-26 21:00:00,56.31,transfer,1.0,57.4709,0.0,56.7042,56.7042,57.4709,89.7338,11.9269,25.9527,6528
2016-11-26 22:00:00,56.04,transfer,1.0,57.2182,0.0,57.8348,57.8348,57.2182,89.7339,11.9325,25.9527,6529
2016-11-26 23:00:00,55.81,transfer,1.0,57.0074,0.0,60.5575,60.5575,57.0074,89.7339,11.9396,25.9527,6530
2016-11-27 00:00:00,55.95,transfer,1.0,56.9475,0.0,64.1915,64.1915,56.9475,89.7339,11.9444,25.9527,6531
2016-11-27 01:00:00,56.23,transfer,1.0,57.3004,0.0,58.1577,58.1577,57.3004,89.734,11.9477,25.9527,6532
2016-11-27 02:00:00,55.42,transfer,1.0,57.8697,0.0,52.4873,52.4873,57.8697,89.734,11.948,25.9527,6533
2016-11-27 03:00:00,55.33,transfer,1.0,58.6902,0.0,63.4995,63.4995,58.6902,89.7339,11.9457,25.9527,6534
2016-11-27 04:00:00,55.32,transfer,1.0,59.8426,0.0,54.8906,54.8906,59.8426,89.7338,11.9393,25.9527,6535
2016-11-27 05:00:00,57.7,transfer,1.0,61.5895,0.0,68.9018,68.9018,61.5895,89.7343,11.9339,25.9527,6536
2016-11-27 06:00:00,57.53,transfer,1.0,63.696,0.0,70.4398,70.4398,63.696,89.7343,11.9293,25.9527,6537
2016-11-27 07:00:00,57.48,transfer,1.0,65.911,0.0,82.1088,82.1088,65.911,89.7342,11.9235,25.9527,6538
2016-11-27 08:00:00,53.88,transfer,1.0,68.017,0.0,69.9653,69.9653,68.017,89.7343,11.9146,25.9527,6539
2016-11-27 09:00:00,50.22,transfer,1.0,68.4201,0.0,60.9149,60.9149,68.4201,89.7347,11.904,25.9527,6540
2016-11-27 10:00:00,50.51,transfer,1.0,67.9799,0.0,77.8874,77.8874,67.9799,89.7347,11.8928,25.9527,6541
2016-11-27 11:00:00,51.31,transfer,1.0,67.2385,0.0,64.2603,64.2603,67.2385,89.7349,11.8824,25.9527,6542
2016-11-27 12:00:00,51.54,transfer,1.0,66.4254,0.0,74.0448,74.0448,66.4254,89.7349,11.8713,25.9527,6543
2016-11-27 13:00:00,52.22,transfer,1.0,65.3115,0.0,63.6459,63.6459,65.3115,89.7347,11.858,25.9527,6544
2016-11-27 14:00:00,51.99,transfer,1.0,64.2494,0.0,66.1434,66.1434,64.2494,89.7349,11.845,25.9527,6545
2016-11-27 15:00:00,52.44,transfer,1.0,63.0415,0.0,56.8587,56.8587,63.0415,89.7347,11.8333,25.9527,6546
2016-11-27 16:00:00,53.68,transfer,1.0,61.7604,0.0,56.6136,56.6136,61.7604,89.7347,11.8219,25.9527,6547
2016-11-27 17:00:00,53.71,transfer,1.0,60.6179,0.0,50.535,50.535,60.6179,89.7348,11.8097,25.9526,6548
2016-11-27 18:00:00,55.5,transfer,1.0,59.5278,0.0,68.6904,68.6904,59.5278,89.7347,11.7982,25.9526,6549
2016-11-27 19:00:00,60.16,transfer,1.0,58.5192,0.0,56.5861,56.5861,58.5192,89.7346,11.8062,25.9526,6550
2016-11-27 20:00:00,60.68,transfer,1.0,58.201,0.0,55.5002,55.5002,58.201,89.7336,11.8195,25.9526,6551
2016-11-27 21:00:00,65.14,transfer,1.0,57.9723,0.0,65.8159,65.8159,57.9723,89.7335,11.8319,25.9526,6552
2016-11-27 22:00:00,61.73,transfer,1.0,57.8771,0.0,59.6714,59.6714,57.8771,89.7333,11.8437,25.9526,6553
2016-11-27 23:00:00,62.66,transfer,1.0,58.0483,0.0,53.8679,53.8679,58.0483,89.7336,11.8572,25.9526,6554
2016-11-28 00:00:00,66.43,transfer,1.0,58.1317,0.0,64.3317,64.3317,58.1317,89.7333,11.8723,25.9526,6555
2016-11-28 01:00:00,68.65,transfer,1.0,60.0052,0.0,45.366,45.366,60.0052,89.7339,11.8875,25.9526,6556
2016-11-28 02:00:00,66.68,transfer,1.0,63.4872,0.0,60.3539,60.3539,63.4872,89.7343,11.903,25.9526,6557
2016-11-28 03:00:00,66.53,transfer,1.0,68.1882,0.0,61.9189,61.9189,68.1882,89.7343,11.8854,25.9526,6558
2016-11-28 04:00:00,61.8,transfer,1.0,73.6046,0.0,66.8005,66.8005,73.6046,89.7344,11.8665,25.9526,6559
2016-11-28 05:00:00,63.74,transfer,1.0,79.498,0.0,78.0954,78.0954,79.498,89.7345,11.8486,25.9526,6560
2016-11-28 06:00:00,64.86,transfer,1.0,85.1671,0.0,78.8682,78.8682,85.1671,89.7345,11.8308,25.9526,6561
2016-11-28 07:00:00,80.46,transfer,1.0,90.7214,0.0,98.1565,98.1565,90.7214,89.7345,11.8145,25.9526,6562
2016-11-28 08:00:00,90.36,transfer,1.0,96.3492,0.0,91.3786,91.3786,96.3492,89.7346,11.8014,25.9526,6563
2016-11-28 09:00:00,102.24,transfer,1.0,100.7432,0.0,103.0728,103.0728,100.7432,89.735,11.81,25.9526,6564
2016-11-28 10:00:00,115.46,transfer,1.0,103.2875,0.0,93.1581,93.1581,103.2875,89.7352,11.8153,25.9526,6565
2016-11-28 11:00:00,119.08,transfer,1.0,104.3961,0.0,102.4961,102.4961,104.3961,89.7351,11.8187,25.9526,6566
2016-11-28 12:00:00,116.86,transfer,1.0,104.7388,0.0,98.7987,98.7987,104.7388,89.735,11.8216,25.9526,6567
2016-11-28 13:00:00,112.14,transfer,1.0,104.5217,0.0,123.6008,123.6008,104.5217,89.7349,11.8254,25.9526,6568
2016-11-28 14:00:00,107.1,transfer,1.0,103.4985,0.0,99.8238,99.8238,103.4985,89.7349,11.8327,25.9526,6569
2016-11-28 15:00:00,103.9,transfer,1.0,100.5564,0.0,111.1135,111.1135,100.5564,89.7349,11.849,25.9526,6570
2016-11-28 16:00:00,102.53,transfer,1.0,93.4931,0.0,95.8746,95.8746,93.4931,89.7349,11.8841,25.9526,6571
2016-11-28 17:00:00,93.22,transfer,1.0,82.3605,0.0,61.0573,61.0573,82.3605,89.7347,11.9323,25.9526,6572
2016-11-28 18:00:00,87.77,transfer,1.0,72.4716,0.0,66.673,66.673,72.4716,89.7349,11.9707,25.9526,6573
2016-11-28 19:00:00,74.8,transfer,1.0,66.4379,0.0,57.8446,57.8446,66.4379,89.735,11.9967,25.9526,6574
2016-11-28 20:00:00,72.12,transfer,1.0,63.779,0.0,66.2505,66.2505,63.779,89.7346,12.0147,25.9526,6575
2016-11-28 21:00:00,64.53,transfer,1.0,62.4993,0.0,67.499,67.499,62.4993,89.7346,12.0231,25.9526,6576
2016-11-28 22:00:00,61.57,transfer,1.0,62.0531,0.0,59.1541,59.1541,62.0531,89.7345,12.0078,25.9526,6577
2016-11-28 23:00:00,61.52,transfer,1.0,61.9903,0.0,73.0974,73.0974,61.9903,89.7344,11.9901,25.9526,6578
2016-11-29 00:00:00,62.78,transfer,1.0,62.7972,0.0,64.214,64.214,62.7972,89.7344,11.9668,25.9526,6579
2016-11-29 01:00:00,61.36,transfer,1.0,65.4158,0.0,66.4739,66.4739,65.4158,89.7344,11.9364,25.9526,6580
2016-11-29 02:00:00,62.0,transfer,1.0,70.1289,0.0,76.8109,76.8109,70.1289,89.7344,11.9041,25.9526,6581
2016-11-29 03:00:00,61.51,transfer,1.0,76.5405,0.0,65.7759,65.7759,76.5405,89.7342,11.8714,25.9526,6582
2016-11-29 04:00:00,60.89,transfer,1.0,84.6918,0.0,90.3628,90.3628,84.6918,89.7344,11.8441,25.9526,6583
2016-11-29 05:00:00,62.74,transfer,1.0,92.5149,0.0,102.6991,102.6991,92.5149,89.7344,11.8232,25.9526,6584
2016-11-29 06:00:00,65.22,transfer,1.0,98.6266,0.0,96.9908,96.9908,98.6266,89.7344,11.8097,25.9526,6585
2016-11-29 07:00:00,76.44,transfer,1.0,102.2487,0.0,99.9993,99.9993,102.2487,89.7344,11.802,25.9526,6586
2016-11-29 08:00:00,87.94,transfer,1.0,104.086,0.0,107.6842,107.6842,104.086,89.7343,11.7976,25.9526,6587
2016-11-29 09:00:00,103.91,transfer,1.0,105.0046,0.0,106.5149,106.5149,105.0046,89.7352,11.7955,25.9526,6588
2016-11-29 10:00:00,108.71,transfer,1.0,105.3357,0.0,98.263,98.263,105.3357,89.7353,11.7971,25.9526,6589
2016-11-29 11:00:00,112.22,transfer,1.0,105.4177,0.0,102.6945,102.6945,105.4177,89.7355,11.7988,25.9526,6590
2016-11-29 12:00:00,110.43,transfer,1.0,105.3062,0.0,120.8512,120.8512,105.3062,89.7355,11.8011,25.9526,6591
2016-11-29 13:00:00,109.96,transfer,1.0,104.9026,0.0,123.4219,123.4219,104.9026,89.7354,11.8053,25.9526,6592
2016-11-29 14:00:00,106.42,transfer,1.0,103.8475,0.0,122.142,122.142,103.8475,89.7352,11.8142,25.9526,6593
2016-11-29 15:00:00,109.55,transfer,1.0,101.2397,0.0,103.2522,103.2522,101.2397,89.7352,11.8344,25.9526,6594
2016-11-29 16:00:00,98.47,transfer,1.0,95.085,0.0,94.3703,94.3703,95.085,89.7348,11.8295,25.9526,6595
2016-11-29 17:00:00,90.04,transfer,1.0,85.7549,0.0,79.1248,79.1248,85.7549,89.7349,11.8094,25.9526,6596
2016-11-29 18:00:00,85.75,transfer,1.0,74.9874,0.0,61.9099,61.9099,74.9874,89.7349,11.8631,25.9526,6597
2016-11-29 19:00:00,81.02,transfer,1.0,66.8967,0.0,64.8113,64.8113,66.8967,89.7347,11.9158,25.9526,6598
2016-11-29 20:00:00,77.72,transfer,1.0,62.7846,0.0,53.5762,53.5762,62.7846,89.7344,11.9519,25.9526,6599
2016-11-29 21:00:00,74.07,transfer,1.0,60.9515,0.0,63.1018,63.1018,60.9515,89.7339,11.9847,25.9526,6600
2016-11-29 22:00:00,69.39,transfer,1.0,60.0735,0.0,53.1372,53.1372,60.0735,89.7337,12.0213,25.9526,6601
2016-11-29 23:00:00,66.51,transfer,1.0,59.8149,0.0,58.2232,58.2232,59.8149,89.7337,12.0586,25.9526,6602
2016-11-30 00:00:00,64.98,transfer,1.0,60.0927,0.0,65.9355,65.9355,60.0927,89.7336,12.0665,25.9526,6603
2016-11-30 01:00:00,64.33,transfer,1.0,61.3694,0.0,58.274,58.274,61.3694,89.7336,12.0432,25.9525,6604
2016-11-30 02:00:00,63.74,transfer,1.0,64.0846,0.0,65.4028,65.4028,64.0846,89.7335,11.9738,25.9525,6605
2016-11-30 03:00:00,63.91,transfer,1.0,68.7318,0.0,63.33,63.33,68.7318,89.7336,11.8954,25.9525,6606
2016-11-30 04:00:00,62.63,transfer,1.0,75.7511,0.0,84.1359,84.1359,75.7511,89.734,11.8159,25.9525,6607
2016-11-30 05:00:00,72.54,transfer,1.0,84.6257,0.0,82.7249,82.7249,84.6257,89.7342,11.7479,25.9525,6608
2016-11-30 06:00:00,70.79,transfer,1.0,93.3928,0.0,104.5581,104.5581,93.3928,89.7342,11.703,25.9525,6609
2016-11-30 07:00:00,85.18,transfer,1.0,99.6248,0.0,108.8864,108.8864,99.6248,89.734,11.6793,25.9525,6610
2016-11-30 08:00:00,94.64,transfer,1.0,102.9473,0.0,95.5328,95.5328,102.9473,89.7342,11.6682,25.9525,6611
2016-11-30 09:00:00,105.9,transfer,1.0,104.4148,0.0,110.1854,110.1854,104.4148,89.7345,11.6738,25.9525,6612
2016-11-30 10:00:00,118.73,transfer,1.0,104.9401,0.0,84.94,84.94,104.9401,89.7347,11.6775,25.9525,6613
2016-11-30 11:00:00,128.05,transfer,1.0,105.1024,0.0,106.116,106.116,105.1024,89.7345,11.6807,25.9525,6614
2016-11-30 12:00:00,129.47,transfer,1.0,104.9871,0.0,108.9865,108.9865,104.9871,89.7342,11.6847,25.9525,6615
2016-11-30 13:00:00,125.96,transfer,1.0,104.7174,0.0,94.8396,94.8396,104.7174,89.7341,11.69,25.9525,6616
2016-11-30 14:00:00,124.88,transfer,1.0,104.1993,0.0,114.4601,114.4601,104.1993,89.7339,11.6977,25.9525,6617
2016-11-30 15:00:00,125.96,transfer,1.0,103.2164,0.0,116.6938,116.6938,103.2164,89.734,11.7097,25.9525,6618
2016-11-30 16:00:00,116.13,transfer,1.0,101.402,0.0,89.2644,89.2644,101.402,89.7338,11.7291,25.9525,6619
2016-11-30 17:00:00,108.08,transfer,1.0,97.9592,0.0,110.9108,110.9108,97.9592,89.7338,11.7615,25.9525,6620
2016-11-30 18:00:00,100.25,transfer,1.0,91.475,0.0,79.3938,79.3938,91.475,89.7339,11.8129,25.9526,6621
2016-11-30 19:00:00,81.27,transfer,1.0,82.4769,0.0,88.1518,88.1518,82.4769,89.7341,11.7514,25.9526,6622
2016-11-30 20:00:00,78.14,transfer,1.0,73.7516,0.0,78.6343,78.6343,73.7516,89.734,11.75,25.9526,6623
2016-11-30 21:00:00,64.98,transfer,1.0,67.4153,0.0,47.9687,47.9687,67.4153,89.7339,11.7083,25.9526,6624
2016-11-30 22:00:00,62.26,transfer,1.0,63.7611,0.0,67.5086,67.5086,63.7611,89.734,11.6731,25.9526,6625
2016-11-30 23:00:00,63.0,transfer,1.0,62.5694,0.0,71.2675,71.2675,62.5694,89.7341,11.6477,25.9526,6626
2016-12-01 00:00:00,62.54,transfer,1.0,61.2423,0.0,70.2551,70.2551,61.2423,89.7336,11.6229,25.9526,6627
2016-12-01 01:00:00,63.09,transfer,1.0,61.3839,0.0,59.431,59.431,61.3839,89.7338,11.5569,25.919,6628
2016-12-01 02:00:00,62.07,transfer,1.0,63.2826,0.0,71.3015,71.3015,63.2826,89.734,11.4638,25.8877,6629
2016-12-01 03:00:00,61.28,transfer,1.0,68.8329,0.0,74.8736,74.8736,68.8329,89.7343,11.3793,25.8592,6630
2016-12-01 04:00:00,60.7,transfer,1.0,74.4304,0.0,91.6368,91.6368,74.4304,89.7342,11.2951,25.835,6631
2016-12-01 05:00:00,70.25,transfer,1.0,82.4515,0.0,97.6671,97.6671,82.4515,89.7343,11.1666,25.7616,6632
2016-12-01 06:00:00,68.15,transfer,1.0,92.1306,0.0,95.0836,95.0836,92.1306,89.7342,11.0701,25.7011,6633
2016-12-01 07:00:00,80.48,transfer,1.0,99.4456,0.0,107.7383,107.7383,99.4456,89.7338,10.9207,25.5669,6634
2016-12-01 08:00:00,91.31,transfer,1.0,103.2468,0.0,97.1994,97.1994,103.2468,89.7341,10.6994,25.3691,6635
2016-12-01 09:00:00,103.27,transfer,1.0,104.7824,0.0,90.8567,90.8567,104.7824,89.7345,10.3878,25.219,6636
2016-12-01 10:00:00,111.02,transfer,1.0,105.3157,0.0,123.0319,123.0319,105.3157,89.7343,10.098,25.1133,6637
2016-12-01 11:00:00,112.59,transfer,1.0,105.5081,0.0,109.4672,109.4672,105.5081,89.7343,9.8245,25.0238,6638
2016-12-01 12:00:00,121.2,transfer,1.0,105.5507,0.0,100.7147,100.7147,105.5507,89.7344,9.6076,24.986,6639
2016-12-01 13:00:00,120.64,transfer,1.0,105.4884,0.0,108.1574,108.1574,105.4884,89.7345,9.4083,24.9498,6640
2016-12-01 14:00:00,116.57,transfer,1.0,105.3197,0.0,110.4522,110.4522,105.3197,89.7346,9.2303,24.8885,6641
2016-12-01 15:00:00,121.01,transfer,1.0,104.9268,0.0,107.3325,107.3325,104.9268,89.7346,9.1594,24.8556,6642
2016-12-01 16:00:00,112.84,transfer,1.0,103.9851,0.0,104.1504,104.1504,103.9851,89.7347,9.1211,24.7821,6643
2016-12-01 17:00:00,108.59,transfer,1.0,101.8139,0.0,112.3948,112.3948,101.8139,89.7347,9.1101,24.6841,6644
2016-12-01 18:00:00,98.48,transfer,1.0,96.7727,0.0,95.7281,95.7281,96.7727,89.7347,9.0963,24.5342,6645
2016-12-01 19:00:00,85.69,transfer,1.0,88.2385,0.0,91.8088,91.8088,88.2385,89.7348,9.0909,24.3905,6646
2016-12-01 20:00:00,79.34,transfer,1.0,78.9875,0.0,72.8696,72.8696,78.9875,89.7344,9.0702,24.2834,6647
2016-12-01 21:00:00,68.41,transfer,1.0,72.8097,0.0,69.8737,69.8737,72.8097,89.7345,9.0446,24.2708,6648
2016-12-01 22:00:00,60.93,transfer,1.0,69.4131,0.0,57.599,57.599,69.4131,89.7345,9.0662,24.2814,6649
2016-12-01 23:00:00,60.03,transfer,1.0,67.7181,0.0,64.7274,64.7274,67.7181,89.7344,9.0828,24.3032,6650
2016-12-02 00:00:00,59.7,transfer,1.0,67.6909,0.0,77.8767,77.8767,67.6909,89.7343,9.0865,24.349,6651
2016-12-02 01:00:00,59.93,transfer,1.0,69.2602,0.0,72.1418,72.1418,69.2602,89.7346,9.1319,24.349,6652
2016-12-02 02:00:00,57.87,transfer,1.0,72.3651,0.0,81.3484,81.3484,72.3651,89.7347,9.1813,24.349,6653
2016-12-02 03:00:00,58.03,transfer,1.0,76.7174,0.0,66.8212,66.8212,76.7174,89.7346,9.2398,24.349,6654
2016-12-02 04:00:00,57.16,transfer,1.0,82.3342,0.0,82.4251,82.4251,82.3342,89.7345,9.3113,24.349,6655
2016-12-02 05:00:00,67.59,transfer,1.0,88.5089,0.0,101.8077,101.8077,88.5089,89.7344,9.3939,24.349,6656
2016-12-02 06:00:00,65.38,transfer,1.0,95.0899,0.0,119.4349,119.4349,95.0899,89.7344,9.484,24.349,6657
2016-12-02 07:00:00,70.99,transfer,1.0,100.2506,0.0,109.8952,109.8952,100.2506,89.7344,9.5667,24.349,6658
2016-12-02 08:00:00,74.31,transfer,1.0,103.198,0.0,93.9464,93.9464,103.198,89.7346,9.6332,24.349,6659
2016-12-02 09:00:00,84.08,transfer,1.0,104.4909,0.0,115.0014,115.0014,104.4909,89.7348,9.6879,24.349,6660
2016-12-02 10:00:00,89.15,transfer,1.0,105.0073,0.0,109.2956,109.2956,105.0073,89.7347,9.7344,24.349,6661
2016-12-02 11:00:00,94.84,transfer,1.0,105.1727,0.0,96.5681,96.5681,105.1727,89.7348,9.7758,24.349,6662
2016-12-02 12:00:00,96.74,transfer,1.0,105.0776,0.0,107.0904,107.0904,105.0776,89.7346,9.815,24.349,6663
2016-12-02 13:00:00,98.27,transfer,1.0,104.6388,0.0,110.1769,110.1769,104.6388,89.7345,9.8487,24.349,6664
2016-12-02 14:00:00,99.44,transfer,1.0,103.3874,0.0,109.8249,109.8249,103.3874,89.7345,9.8444,24.349,6665
2016-12-02 15:00:00,92.74,transfer,1.0,100.1761,0.0,87.3714,87.3714,100.1761,89.7346,9.8722,24.349,6666
2016-12-02 16:00:00,86.97,transfer,1.0,93.3105,0.0,109.163,109.163,93.3105,89.7346,9.8921,24.349,6667
2016-12-02 17:00:00,81.77,transfer,1.0,82.7899,0.0,83.1435,83.1435,82.7899,89.7347,9.8726,24.349,6668
2016-12-02 18:00:00,74.03,transfer,1.0,73.7559,0.0,79.5695,79.5695,73.7559,89.7351,9.8615,24.349,6669
2016-12-02 19:00:00,67.54,transfer,1.0,68.1248,0.0,70.662,70.662,68.1248,89.7352,9.8622,24.349,6670
2016-12-02 20:00:00,64.06,transfer,1.0,65.7157,0.0,56.6278,56.6278,65.7157,89.735,9.8598,24.349,6671
2016-12-02 21:00:00,64.43,transfer,1.0,64.8254,0.0,66.3649,66.3649,64.8254,89.7351,9.8591,24.349,6672
2016-12-02 22:00:00,57.58,transfer,1.0,64.6029,0.0,68.8187,68.8187,64.6029,89.735,9.8592,24.349,6673
2016-12-02 23:00:00,57.11,transfer,1.0,65.3015,0.0,64.6568,64.6568,65.3015,89.7351,9.8622,24.349,6674
2016-12-03 00:00:00,55.41,transfer,1.0,66.2283,0.0,67.2378,67.2378,66.2283,89.735,9.8677,24.3491,6675
2016-12-03 01:00:00,55.88,transfer,1.0,65.1741,0.0,61.3052,61.3052,65.1741,89.7344,9.8725,24.3491,6676
2016-12-03 02:00:00,54.88,transfer,1.0,64.7899,0.0,72.9726,72.9726,64.7899,89.7344,9.8786,24.3491,6677
2016-12-03 03:00:00,54.06,transfer,1.0,65.1263,0.0,60.1141,60.1141,65.1263,89.7345,9.8854,24.3491,6678
2016-12-03 04:00:00,54.16,transfer,1.0,66.0716,0.0,81.6499,81.6499,66.0716,89.7346,9.8934,24.3491,6679
2016-12-03 05:00:00,55.29,transfer,1.0,67.4188,0.0,65.7117,65.7117,67.4188,89.7345,9.9028,24.3491,6680
2016-12-03 06:00:00,55.98,transfer,1.0,69.3715,0.0,73.7814,73.7814,69.3715,89.7343,9.9123,24.3491,6681
2016-12-03 07:00:00,55.77,transfer,1.0,71.2982,0.0,74.1438,74.1438,71.2982,89.7341,9.9202,24.3491,6682
2016-12-03 08:00:00,52.86,transfer,1.0,73.3459,0.0,70.5194,70.5194,73.3459,89.7342,9.9271,24.3491,6683
2016-12-03 09:00:00,48.96,transfer,1.0,73.5498,0.0,74.8113,74.8113,73.5498,89.7346,9.9313,24.3491,6684
2016-12-03 10:00:00,48.43,transfer,1.0,72.3129,0.0,62.0216,62.0216,72.3129,89.7344,9.9321,24.3491,6685
2016-12-03 11:00:00,49.03,transfer,1.0,70.5214,0.0,70.3869,70.3869,70.5214,89.7343,9.9309,24.3491,6686
2016-12-03 12:00:00,51.46,transfer,1.0,68.4075,0.0,73.0957,73.0957,68.4075,89.734,9.9263,24.3491,6687
2016-12-03 13:00:00,52.73,transfer,1.0,66.7219,0.0,70.9804,70.9804,66.7219,89.7341,9.9214,24.3491,6688
2016-12-03 14:00:00,52.57,transfer,1.0,65.3636,0.0,68.2505,68.2505,65.3636,89.7344,9.9175,24.3491,6689
2016-12-03 15:00:00,52.47,transfer,1.0,63.9126,0.0,74.812,74.812,63.9126,89.7345,9.9149,24.3491,6690
2016-12-03 16:00:00,52.48,transfer,1.0,62.4515,0.0,57.2261,57.2261,62.4515,89.7345,9.9136,24.3491,6691
2016-12-03 17:00:00,51.97,transfer,1.0,61.0998,0.0,58.2433,58.2433,61.0998,89.7346,9.9131,24.3491,6692
2016-12-03 18:00:00,51.6,transfer,1.0,59.8518,0.0,57.7746,57.7746,59.8518,89.7348,9.9135,24.3491,6693
2016-12-03 19:00:00,54.86,transfer,1.0,58.6638,0.0,61.7491,61.7491,58.6638,89.7349,9.9147,24.3491,6694
2016-12-03 20:00:00,56.82,transfer,1.0,58.2124,0.0,51.6519,51.6519,58.2124,89.7345,9.9163,24.3491,6695
2016-12-03 21:00:00,56.31,transfer,1.0,57.877,0.0,60.842,60.842,57.877,89.7346,9.9187,24.3491,6696
2016-12-03 22:00:00,56.04,transfer,1.0,57.753,0.0,60.9519,60.9519,57.753,89.7347,9.9219,24.3491,6697
2016-12-03 23:00:00,55.81,transfer,1.0,57.6336,0.0,60.8325,60.8325,57.6336,89.7346,9.9257,24.3491,6698
2016-12-04 00:00:00,55.95,transfer,1.0,57.5486,0.0,57.7569,57.7569,57.5486,89.7344,9.9292,24.3491,6699
2016-12-04 01:00:00,56.23,transfer,1.0,57.8473,0.0,51.6542,51.6542,57.8473,89.7343,9.9325,24.3491,6700
2016-12-04 02:00:00,55.42,transfer,1.0,58.4121,0.0,60.7576,60.7576,58.4121,89.7343,9.9357,24.3491,6701
2016-12-04 03:00:00,55.33,transfer,1.0,59.3211,0.0,66.5489,66.5489,59.3211,89.7343,9.9395,24.3491,6702
2016-12-04 04:00:00,55.32,transfer,1.0,60.7191,0.0,62.1265,62.1265,60.7191,89.7346,9.9447,24.3491,6703
2016-12-04 05:00:00,57.7,transfer,1.0,62.4463,0.0,51.6956,51.6956,62.4463,89.7347,9.9498,24.3491,6704
2016-12-04 06:00:00,57.53,transfer,1.0,64.4128,0.0,66.4558,66.4558,64.4128,89.7346,9.9541,24.3491,6705
2016-12-04 07:00:00,57.48,transfer,1.0,66.6214,0.0,57.4462,57.4462,66.6214,89.7346,9.9583,24.3491,6706
2016-12-04 08:00:00,53.88,transfer,1.0,68.8242,0.0,73.9836,73.9836,68.8242,89.7347,9.9631,24.3491,6707
2016-12-04 09:00:00,50.22,transfer,1.0,69.2067,0.0,77.4057,77.4057,69.2067,89.735,9.9678,24.3491,6708
2016-12-04 10:00:00,50.51,transfer,1.0,68.7036,0.0,75.4196,75.4196,68.7036,89.7351,9.9721,24.3491,6709
2016-12-04 11:00:00,51.31,transfer,1.0,67.7152,0.0,71.7115,71.7115,67.7152,89.7351,9.9749,24.3491,6710
2016-12-04 12:00:00,51.54,transfer,1.0,66.6374,0.0,63.1918,63.1918,66.6374,89.7349,9.9762,24.3491,6711
2016-12-04 13:00:00,52.22,transfer,1.0,65.4715,0.0,81.9483,81.9483,65.4715,89.7347,9.9771,24.3491,6712
2016-12-04 14:00:00,51.99,transfer,1.0,64.3281,0.0,58.3135,58.3135,64.3281,89.7349,9.9776,24.3491,6713
2016-12-04 15:00:00,52.44,transfer,1.0,63.056,0.0,42.8237,42.8237,63.056,89.7347,9.9777,24.3491,6714
2016-12-04 16:00:00,53.68,transfer,1.0,61.9294,0.0,53.1214,53.1214,61.9294,89.7349,9.9787,24.3491,6715
2016-12-04 17:00:00,53.71,transfer,1.0,60.8288,0.0,63.9133,63.9133,60.8288,89.735,9.9799,24.3491,6716
2016-12-04 18:00:00,55.5,transfer,1.0,59.8613,0.0,69.9245,69.9245,59.8613,89.7351,9.9819,24.3491,6717
2016-12-04 19:00:00,60.16,transfer,1.0,58.9234,0.0,42.3778,42.3778,58.9234,89.735,9.9795,24.3491,6718
2016-12-04 20:00:00,60.68,transfer,1.0,58.9176,0.0,61.3281,61.3281,58.9176,89.7348,9.9753,24.3491,6719
2016-12-04 21:00:00,65.14,transfer,1.0,58.9451,0.0,56.3017,56.3017,58.9451,89.7348,9.9695,24.3491,6720
2016-12-04 22:00:00,61.73,transfer,1.0,59.0126,0.0,59.6659,59.6659,59.0126,89.7347,9.9627,24.3492,6721
2016-12-04 23:00:00,62.66,transfer,1.0,59.1773,0.0,65.1371,65.1371,59.1773,89.7347,9.956,24.3492,6722
2016-12-05 00:00:00,66.43,transfer,1.0,59.3971,0.0,63.9518,63.9518,59.3971,89.7347,9.9485,24.3492,6723
2016-12-05 01:00:00,68.65,transfer,1.0,61.5384,0.0,51.5791,51.5791,61.5384,89.7351,9.9393,24.3492,6724
2016-12-05 02:00:00,66.68,transfer,1.0,65.1279,0.0,52.6536,52.6536,65.1279,89.7352,9.9296,24.3492,6725
2016-12-05 03:00:00,66.53,transfer,1.0,69.4178,0.0,66.123,66.123,69.4178,89.7351,9.9369,24.3492,6726
2016-12-05 04:00:00,61.8,transfer,1.0,74.903,0.0,55.1172,55.1172,74.903,89.7354,9.9446,24.3492,6727
2016-12-05 05:00:00,63.74,transfer,1.0,80.1108,0.0,90.2611,90.2611,80.1108,89.7353,9.9483,24.3492,6728
2016-12-05 06:00:00,64.86,transfer,1.0,85.1812,0.0,96.6147,96.6147,85.1812,89.7352,9.9483,24.3492,6729
2016-12-05 07:00:00,80.46,transfer,1.0,90.3808,0.0,62.1636,62.1636,90.3808,89.7352,9.9463,24.3492,6730
2016-12-05 08:00:00,90.36,transfer,1.0,95.9873,0.0,111.1067,111.1067,95.9873,89.7351,9.9442,24.3492,6731
2016-12-05 09:00:00,102.24,transfer,1.0,100.5174,0.0,85.6619,85.6619,100.5174,89.7353,9.9455,24.3492,6732
2016-12-05 10:00:00,115.46,transfer,1.0,103.0948,0.0,109.5966,109.5966,103.0948,89.7352,9.9467,24.3492,6733
2016-12-05 11:00:00,119.08,transfer,1.0,104.2788,0.0,95.0902,95.0902,104.2788,89.7349,9.9474,24.3492,6734
2016-12-05 12:00:00,116.86,transfer,1.0,104.6636,0.0,114.2538,114.2538,104.6636,89.7345,9.9478,24.3492,6735
2016-12-05 13:00:00,112.14,transfer,1.0,104.4634,0.0,99.201,99.201,104.4634,89.7345,9.9481,24.3492,6736
2016-12-05 14:00:00,107.1,transfer,1.0,103.42,0.0,112.8843,112.8843,103.42,89.7348,9.9486,24.3492,6737
2016-12-05 15:00:00,103.9,transfer,1.0,100.2808,0.0,99.4319,99.4319,100.2808,89.7348,9.9503,24.3492,6738
2016-12-05 16:00:00,102.53,transfer,1.0,92.5701,0.0,86.5027,86.5027,92.5701,89.7348,9.9557,24.3492,6739
2016-12-05 17:00:00,93.22,transfer,1.0,80.9844,0.0,70.4214,70.4214,80.9844,89.7348,9.9639,24.3492,6740
2016-12-05 18:00:00,87.77,transfer,1.0,71.1661,0.0,72.9435,72.9435,71.1661,89.735,9.9717,24.3492,6741
2016-12-05 19:00:00,74.8,transfer,1.0,65.3799,0.0,60.7342,60.7342,65.3799,89.735,9.978,24.3492,6742
2016-12-05 20:00:00,72.12,transfer,1.0,62.84,0.0,67.0154,67.0154,62.84,89.7346,9.9836,24.3492,6743
2016-12-05 21:00:00,64.53,transfer,1.0,61.6148,0.0,59.002,59.002,61.6148,89.7346,9.9889,24.3492,6744
2016-12-05 22:00:00,61.57,transfer,1.0,61.2309,0.0,65.4729,65.4729,61.2309,89.7347,9.988,24.3492,6745
2016-12-05 23:00:00,61.52,transfer,1.0,61.2175,0.0,65.3902,65.3902,61.2175,89.7346,9.987,24.3492,6746
2016-12-06 00:00:00,62.78,transfer,1.0,62.1793,0.0,77.137,77.137,62.1793,89.7346,9.9905,24.3492,6747
2016-12-06 01:00:00,61.36,transfer,1.0,65.0988,0.0,68.9182,68.9182,65.0988,89.7346,9.9886,24.3492,6748
2016-12-06 02:00:00,62.0,transfer,1.0,70.1626,0.0,58.9457,58.9457,70.1626,89.7347,9.9888,24.3492,6749
2016-12-06 03:00:00,61.51,transfer,1.0,77.259,0.0,73.2508,73.2508,77.259,89.7348,9.9931,24.3492,6750
2016-12-06 04:00:00,60.89,transfer,1.0,85.6642,0.0,76.9634,76.9634,85.6642,89.7347,9.9989,24.3492,6751
2016-12-06 05:00:00,62.74,transfer,1.0,93.6872,0.0,97.9845,97.9845,93.6872,89.7349,10.0058,24.3492,6752
2016-12-06 06:00:00,65.22,transfer,1.0,99.5202,0.0,93.0004,93.0004,99.5202,89.7348,10.0112,24.3492,6753
2016-12-06 07:00:00,76.44,transfer,1.0,102.8699,0.0,123.7008,123.7008,102.8699,89.7349,10.0149,24.3492,6754
2016-12-06 08:00:00,87.94,transfer,1.0,104.514,0.0,96.7699,96.7699,104.514,89.735,10.0174,24.3492,6755
2016-12-06 09:00:00,103.91,transfer,1.0,105.237,0.0,95.0676,95.0676,105.237,89.7354,10.0188,24.3492,6756
2016-12-06 10:00:00,108.71,transfer,1.0,105.5234,0.0,95.1786,95.1786,105.5234,89.7356,10.0177,24.3492,6757
2016-12-06 11:00:00,112.22,transfer,1.0,105.6286,0.0,101.8189,101.8189,105.6286,89.7357,10.0164,24.3492,6758
2016-12-06 12:00:00,110.43,transfer,1.0,105.6068,0.0,85.8693,85.8693,105.6068,89.7359,10.0146,24.3492,6759
2016-12-06 13:00:00,109.96,transfer,1.0,105.4356,0.0,119.0759,119.0759,105.4356,89.7359,10.0114,24.3492,6760
2016-12-06 14:00:00,106.42,transfer,1.0,104.9563,0.0,95.3036,95.3036,104.9563,89.7359,10.0048,24.3492,6761
2016-12-06 15:00:00,109.55,transfer,1.0,103.8291,0.0,111.9987,111.9987,103.8291,89.7362,9.9894,24.3492,6762
2016-12-06 16:00:00,98.47,transfer,1.0,101.1326,0.0,110.5503,110.5503,101.1326,89.7359,9.9851,24.3492,6763
2016-12-06 17:00:00,90.04,transfer,1.0,93.039,0.0,85.3764,85.3764,93.039,89.736,9.9775,24.3492,6764
2016-12-06 18:00:00,85.75,transfer,1.0,82.23,0.0,87.1255,87.1255,82.23,89.7358,9.9344,24.3492,6765
2016-12-06 19:00:00,81.02,transfer,1.0,70.2972,0.0,77.0975,77.0975,70.2972,89.7358,9.9141,24.3492,6766
2016-12-06 20:00:00,77.72,transfer,1.0,63.3215,0.0,74.1204,74.1204,63.3215,89.7353,9.9109,24.3492,6767
2016-12-06 21:00:00,74.07,transfer,1.0,60.7172,0.0,50.9749,50.9749,60.7172,89.7352,9.9123,24.3492,6768
2016-12-06 22:00:00,69.39,transfer,1.0,59.7786,0.0,72.7092,72.7092,59.7786,89.735,9.9141,24.3492,6769
2016-12-06 23:00:00,66.51,transfer,1.0,59.7283,0.0,58.0332,58.0332,59.7283,89.7349,9.9146,24.3492,6770
2016-12-07 00:00:00,64.98,transfer,1.0,60.2992,0.0,61.337,61.337,60.2992,89.7348,9.9134,24.3492,6771
2016-12-07 01:00:00,64.98,transfer,1.0,61.973,0.0,64.3661,64.3661,61.973,89.7347,9.9136,24.3454,6772
2016-12-07 02:00:00,64.98,transfer,1.0,60.577,0.0,58.354,58.354,60.577,89.6831,9.9378,24.3377,6773
2016-12-07 03:00:00,64.98,transfer,1.0,58.6229,0.0,55.6126,55.6126,58.6229,89.6005,9.9469,24.3305,6774
