weeks,mae,rmse,r2,mape,median_ae
1,14.87161636352539,18.712733962559177,-0.02074575424194336,18.462297,14.243172
2,16.629432678222656,18.88290946913455,-0.039395689964294434,22.322378,16.055038
4,15.799386024475098,18.551517821368755,-0.0032334327697753906,20.594337,16.879568
8,17.29081153869629,20.5092335817157,-0.002017974853515625,23.594887,16.809742
16,15.053447723388672,20.76737303943338,0.18923693895339966,19.858997,9.549868
