model,description,mae,rmse,r2,mape
Baseline,2 years source building data,35.54240798950195,38.106254997334425,-2.844215154647827,46.40581
Pre-Transfer,1 month target data (no transfer),17.877588272094727,19.944654562199585,-0.05309653282165527,24.707157
Transfer,1 month target data + transfer learning,6.202264308929443,8.875191270083501,0.7914690375328064,8.021817
