weeks,mae,rmse,r2,mape,median_ae
1,20.946134567260742,26.082104671249812,-0.9830257892608643,25.340322,17.774172
2,13.324987411499023,18.201704947292196,0.034244418144226074,16.984337,9.7467
4,13.740507125854492,17.19341606278994,0.13827747106552124,17.817562,12.238232
8,13.713944435119629,18.148342491948902,0.21539592742919922,17.712875,10.411392
16,16.787670135498047,23.070667009636527,-0.0005782842636108398,20.71249,11.589312
