weeks,mae,rmse,r2,mape,median_ae
1,17.137006759643555,23.171340287997747,-0.5651119947433472,20.289646,12.658848
2,14.215554237365723,17.848479116919442,0.07136398553848267,18.054876,12.528086
4,13.613168716430664,16.941940795261807,0.16330063343048096,17.744797,12.259287
8,12.908966064453125,17.983277076065175,0.22960346937179565,16.80719,8.782028
16,16.307661056518555,22.464270812442713,0.05132937431335449,20.686642,11.221367
32,23.88715171813965,32.048663330770324,0.2075691819190979,27.206892,17.685421
64,22.285953521728516,30.847595655331773,0.17085742950439453,26.77019,15.264847
104,22.108226776123047,30.617435688902205,0.18318408727645874,26.573122,15.191929
