timestamp,actual_kwh,active_model,blend_weight_transfer,prediction_kwh,uncertainty_std,lower_ci_90,upper_ci_90,transfer_pred_kwh,pretransfer_pred_kwh,rolling_mae_transfer,rolling_mae_pretransfer,stream_hour
2016-02-14 00:00:00,76.14,blend,0.5,88.6625,0.0,84.7592,84.7592,83.0056,94.3193,6.8656,18.1793,0
2016-02-14 01:00:00,75.66,blend,0.5,88.6657,0.0,80.3502,80.3502,83.0121,94.3192,7.1089,18.4193,1
2016-02-14 02:00:00,75.99,blend,0.5,88.6697,0.0,95.6917,95.6917,83.0202,94.3192,7.0827,18.3892,2
2016-02-14 03:00:00,78.12,blend,0.5,88.6733,0.0,84.5522,84.5522,83.0275,94.3191,6.5389,17.8417,3
2016-02-14 04:00:00,76.43,blend,0.5,88.6774,0.0,91.2298,91.2298,83.0355,94.3192,6.5522,17.8512,4
2016-02-14 05:00:00,77.15,blend,0.5,88.6817,0.0,95.4565,95.4565,83.0441,94.3194,6.4425,17.7376,5
2016-02-14 06:00:00,74.32,blend,0.5,88.6853,0.0,90.8322,90.8322,83.0513,94.3194,6.7695,18.0607,6
2016-02-14 07:00:00,74.44,blend,0.5,88.688,0.0,73.4008,73.4008,83.0566,94.3193,7.0004,18.288,7
2016-02-14 08:00:00,65.2,blend,0.5,88.6901,0.0,84.2433,84.2433,83.0608,94.3194,8.2071,19.4915,8
2016-02-14 09:00:00,67.36,blend,0.5,88.6919,0.0,87.1672,87.1672,83.0643,94.3194,8.9568,20.2383,9
2016-02-14 10:00:00,66.0,blend,0.5,88.6923,0.0,87.2165,87.2165,83.0652,94.3194,9.6939,20.9729,10
2016-02-14 11:00:00,65.36,blend,0.5,88.6921,0.0,83.6723,83.6723,83.065,94.3192,10.3615,21.6385,11
2016-02-14 12:00:00,69.7,blend,0.5,88.6915,0.0,74.4717,74.4717,83.0637,94.3192,10.5925,21.8677,12
2016-02-14 13:00:00,69.01,blend,0.5,88.6903,0.0,99.5262,99.5262,83.0615,94.3191,10.8395,22.1136,13
2016-02-14 14:00:00,69.22,blend,0.5,88.689,0.0,73.5616,73.5616,83.059,94.3191,11.0395,22.3126,14
2016-02-14 15:00:00,68.27,blend,0.5,88.6874,0.0,74.0198,74.0198,83.0556,94.3192,11.2736,22.5461,15
2016-02-14 16:00:00,67.18,blend,0.5,88.6852,0.0,80.5638,80.5638,83.0512,94.3193,11.5441,22.8163,16
2016-02-14 17:00:00,66.2,blend,0.5,88.6823,0.0,78.3618,78.3618,83.0453,94.3192,11.8386,23.1109,17
2016-02-14 18:00:00,68.06,blend,0.5,88.6787,0.0,88.4484,88.4484,83.0382,94.3192,12.0038,23.2766,18
2016-02-14 19:00:00,73.11,blend,0.5,88.6746,0.0,83.9255,83.9255,83.03,94.3192,11.8996,23.1733,19
2016-02-14 20:00:00,72.12,blend,0.5,88.671,0.0,90.1039,90.1039,83.0231,94.319,11.8522,23.1269,20
2016-02-14 21:00:00,73.28,blend,0.5,88.6693,0.0,84.9186,84.9186,83.0195,94.319,11.7562,23.032,21
2016-02-14 22:00:00,73.11,blend,0.5,88.6676,0.0,90.3945,90.3945,83.0162,94.319,11.6757,22.9527,22
2016-02-14 23:00:00,73.78,blend,0.5,88.6668,0.0,67.4772,67.4772,83.0146,94.319,11.574,22.8521,23
2016-02-15 00:00:00,71.9,blend,0.5,88.6675,0.0,81.0089,81.0089,83.0159,94.3191,11.5557,22.8348,24
2016-02-15 01:00:00,74.38,blend,0.5,88.6768,0.0,91.8136,91.8136,83.0345,94.3192,11.4441,22.7234,25
2016-02-15 02:00:00,75.75,blend,0.5,88.6822,0.0,73.9445,73.9445,83.0454,94.319,11.2904,22.5696,26
2016-02-15 03:00:00,76.92,blend,0.5,88.6867,0.0,78.6386,78.6386,83.0545,94.319,11.1063,22.3849,27
2016-02-15 04:00:00,77.23,blend,0.5,88.6912,0.0,78.0161,78.0161,83.0631,94.3194,10.9245,22.2023,28
2016-02-15 05:00:00,76.06,blend,0.5,88.6944,0.0,81.9688,81.9688,83.0695,94.3193,10.794,22.0709,29
2016-02-15 06:00:00,76.45,blend,0.5,88.6974,0.0,90.3345,90.3345,83.0753,94.3195,10.6595,21.9353,30
2016-02-15 07:00:00,76.76,blend,0.5,88.6997,0.0,81.3125,81.3125,83.0797,94.3197,10.5239,21.7986,31
2016-02-15 08:00:00,72.47,blend,0.5,88.7013,0.0,74.7028,74.7028,83.0828,94.3198,10.5266,21.8002,32
2016-02-15 09:00:00,69.37,blend,0.5,88.703,0.0,55.1958,55.1958,83.0861,94.3199,10.6204,21.8928,33
2016-02-15 10:00:00,69.5,blend,0.5,88.7033,0.0,77.5592,77.5592,83.087,94.3197,10.7051,21.9764,34
2016-02-15 11:00:00,67.02,blend,0.5,88.7029,0.0,83.385,83.385,83.0865,94.3193,10.8541,22.1243,35
2016-02-15 12:00:00,70.57,blend,0.5,88.7025,0.0,78.196,78.196,83.0858,94.3192,10.899,22.1682,36
2016-02-15 13:00:00,70.26,blend,0.5,88.7019,0.0,83.2513,83.2513,83.0845,94.3192,10.9497,22.218,37
2016-02-15 14:00:00,67.48,blend,0.5,88.7016,0.0,92.9265,92.9265,83.0835,94.3197,11.069,22.3365,38
2016-02-15 15:00:00,69.34,blend,0.5,88.7006,0.0,103.26,103.26,83.0815,94.3197,11.1358,22.4025,39
2016-02-15 16:00:00,69.06,blend,0.5,88.6993,0.0,91.7997,91.7997,83.0789,94.3196,11.2061,22.4722,40
2016-02-15 17:00:00,68.74,blend,0.5,88.6977,0.0,82.7778,82.7778,83.0759,94.3196,11.2806,22.5462,41
2016-02-15 18:00:00,72.73,blend,0.5,88.6959,0.0,87.9809,87.9809,83.0723,94.3195,11.2588,22.524,42
2016-02-15 19:00:00,78.1,blend,0.5,88.6937,0.0,77.2083,77.2083,83.0681,94.3194,11.1158,22.3807,43
2016-02-15 20:00:00,77.51,blend,0.5,88.6911,0.0,67.552,67.552,83.0634,94.3188,10.9922,22.2569,44
2016-02-15 21:00:00,76.82,blend,0.5,88.6903,0.0,82.7967,82.7967,83.0615,94.3191,10.889,22.1534,45
2016-02-15 22:00:00,75.82,blend,0.5,88.6903,0.0,83.3578,83.3578,83.0612,94.3194,10.8113,22.0757,46
2016-02-15 23:00:00,74.22,blend,0.5,88.6883,0.0,82.5545,82.5545,83.058,94.3187,10.7702,22.0345,47
2016-02-16 00:00:00,72.83,blend,0.5,88.6895,0.0,91.3476,91.3476,83.0595,94.3194,10.7592,22.0234,48
2016-02-16 01:00:00,73.35,blend,0.5,88.691,0.0,82.9994,82.9994,83.0624,94.3195,10.7383,22.0023,49
2016-02-16 02:00:00,73.34,blend,0.5,88.6931,0.0,82.383,82.383,83.0665,94.3197,10.7184,21.9822,50
2016-02-16 03:00:00,73.65,blend,0.5,88.6953,0.0,63.9585,63.9585,83.0708,94.3198,10.6935,21.957,51
2016-02-16 04:00:00,73.66,blend,0.5,88.6975,0.0,88.9087,88.9087,83.075,94.3199,10.6693,21.9325,52
2016-02-16 05:00:00,72.78,blend,0.5,88.6993,0.0,75.4654,75.4654,83.0786,94.32,10.6625,21.9253,53
2016-02-16 06:00:00,74.04,blend,0.5,88.701,0.0,82.7981,82.7981,83.0821,94.3199,10.633,21.8953,54
2016-02-16 07:00:00,73.6,blend,0.5,88.7022,0.0,82.7392,82.7392,83.0845,94.3198,10.6125,21.8744,55
2016-02-16 08:00:00,73.64,blend,0.5,88.7028,0.0,77.1134,77.1134,83.0859,94.3197,10.592,21.8534,56
2016-02-16 09:00:00,74.81,blend,0.5,88.7031,0.0,68.2687,68.2687,83.0872,94.319,10.5521,21.813,57
2016-02-16 10:00:00,87.41,blend,0.5,88.7018,0.0,61.791,61.791,83.0856,94.3181,10.4466,21.5604,58
2016-02-16 11:00:00,102.37,blend,0.5,88.698,0.0,89.7609,89.7609,83.0806,94.3155,10.594,21.3353,59
2016-02-16 12:00:00,110.44,blend,0.5,88.6975,0.0,81.8103,81.8103,83.0786,94.3163,10.8688,21.2498,60
2016-02-16 13:00:00,109.84,blend,0.5,88.7007,0.0,68.5715,68.5715,83.0823,94.3191,11.1251,21.1574,61
2016-02-16 14:00:00,105.82,blend,0.5,88.7014,0.0,79.8032,79.8032,83.0835,94.3193,11.3094,21.0041,62
2016-02-16 15:00:00,105.4,blend,0.5,88.7013,0.0,98.8799,98.8799,83.0831,94.3195,11.4814,20.8491,63
2016-02-16 16:00:00,104.45,blend,0.5,88.7006,0.0,99.2176,99.2176,83.0817,94.3195,11.6335,20.6842,64
2016-02-16 17:00:00,93.16,blend,0.5,88.6995,0.0,92.2669,92.2669,83.0797,94.3194,11.61,20.3884,65
2016-02-16 18:00:00,86.98,blend,0.5,88.698,0.0,63.2925,63.2925,83.0765,94.3195,11.495,20.1936,66
2016-02-16 19:00:00,90.28,blend,0.5,88.6959,0.0,94.7619,94.7619,83.0723,94.3196,11.4319,19.956,67
2016-02-16 20:00:00,85.09,blend,0.5,88.6936,0.0,92.1629,92.1629,83.0677,94.3195,11.2955,19.8006,68
2016-02-16 21:00:00,81.16,blend,0.5,88.6928,0.0,74.0414,74.0414,83.0661,94.3195,11.1614,19.7057,69
2016-02-16 22:00:00,74.74,blend,0.5,88.692,0.0,75.4111,75.4111,83.0648,94.3193,11.1215,19.7039,70
2016-02-16 23:00:00,75.17,blend,0.5,88.6913,0.0,95.0931,95.0931,83.063,94.3195,11.0766,19.6962,71
2016-02-17 00:00:00,74.33,blend,0.5,88.6914,0.0,94.4512,94.4512,83.0633,94.3195,11.0445,19.7002,72
2016-02-17 01:00:00,74.89,blend,0.5,88.6921,0.0,63.4012,63.4012,83.0644,94.3198,11.0057,19.6966,73
2016-02-17 02:00:00,73.95,blend,0.5,88.6933,0.0,89.479,89.479,83.0668,94.3198,10.9805,19.7056,74
2016-02-17 03:00:00,75.35,blend,0.5,88.695,0.0,78.4264,78.4264,83.0702,94.3197,10.9376,19.6959,75
2016-02-17 04:00:00,74.17,blend,0.5,88.6967,0.0,83.5102,83.5102,83.0737,94.3198,10.9112,19.7018,76
2016-02-17 05:00:00,74.39,blend,0.5,88.6986,0.0,76.9366,76.9366,83.0772,94.3199,10.8827,19.7047,77
2016-02-17 06:00:00,76.67,blend,0.5,88.7005,0.0,85.1834,85.1834,83.0811,94.3198,10.8261,19.6787,78
2016-02-17 07:00:00,78.04,blend,0.5,88.7023,0.0,81.3205,81.3205,83.0847,94.3199,10.7538,19.6362,79
2016-02-17 08:00:00,100.05,blend,0.5,88.7034,0.0,76.0141,76.0141,83.0869,94.3198,10.8305,19.4645,80
2016-02-17 09:00:00,116.5,blend,0.5,88.7053,0.0,81.8066,81.8066,83.0905,94.32,11.1059,19.4976,81
2016-02-17 10:00:00,117.76,blend,0.5,88.7063,0.0,71.0405,71.0405,83.0928,94.3199,11.3897,19.5451,82
2016-02-17 11:00:00,112.71,blend,0.5,88.7071,0.0,93.5679,93.5679,83.0942,94.3201,11.6067,19.5314,83
2016-02-17 12:00:00,117.91,blend,0.5,88.7072,0.0,78.6402,78.6402,83.0941,94.3203,11.8798,19.5791,84
2016-02-17 13:00:00,116.61,blend,0.5,88.7067,0.0,90.5169,90.5169,83.0932,94.3202,12.1313,19.6107,85
2016-02-17 14:00:00,111.17,blend,0.5,88.7061,0.0,53.5322,53.5322,83.0921,94.3202,12.3146,19.5789,86
2016-02-17 15:00:00,112.16,blend,0.5,88.7051,0.0,81.7003,81.7003,83.09,94.3202,12.505,19.5592,87
2016-02-17 16:00:00,108.11,blend,0.5,88.7039,0.0,71.6752,71.6752,83.0877,94.3201,12.6457,19.4943,88
2016-02-17 17:00:00,96.14,blend,0.5,88.7026,0.0,100.748,100.748,83.0851,94.32,12.6502,19.298,89
2016-02-17 18:00:00,94.41,blend,0.5,88.7008,0.0,86.1639,86.1639,83.0816,94.3199,12.6357,19.0869,90
2016-02-17 19:00:00,96.1,blend,0.5,88.6987,0.0,73.5449,73.5449,83.0774,94.3199,12.6399,18.8988,91
2016-02-17 20:00:00,85.82,blend,0.5,88.6963,0.0,67.0995,67.0995,83.073,94.3196,12.5335,18.7869,92
2016-02-17 21:00:00,81.64,blend,0.5,88.6951,0.0,81.6051,81.6051,83.0707,94.3195,12.4154,18.722,93
2016-02-17 22:00:00,73.24,blend,0.5,88.6939,0.0,94.8573,94.8573,83.0684,94.3195,12.3882,18.7468,94
2016-02-17 23:00:00,74.23,blend,0.5,88.6931,0.0,68.984,68.984,83.0665,94.3197,12.3512,18.7608,95
2016-02-18 00:00:00,74.06,blend,0.5,88.6925,0.0,81.0884,81.0884,83.0656,94.3194,12.3167,18.7762,96
2016-02-18 01:00:00,72.56,blend,0.5,88.6926,0.0,90.5809,90.5809,83.0657,94.3195,12.2982,18.8067,97
2016-02-18 02:00:00,72.36,blend,0.5,88.6942,0.0,86.966,86.966,83.0686,94.3199,12.2822,18.8385,98
2016-02-18 03:00:00,72.3,blend,0.5,88.696,0.0,96.573,96.573,83.0721,94.3199,12.2671,18.8703,99
2016-02-18 04:00:00,74.99,blend,0.5,88.6979,0.0,72.4987,72.4987,83.076,94.3199,12.2257,18.8749,100
2016-02-18 05:00:00,71.15,blend,0.5,88.6997,0.0,79.4977,79.4977,83.0796,94.3199,12.2228,18.917,101
2016-02-18 06:00:00,76.51,blend,0.5,88.7017,0.0,90.3195,90.3195,83.0836,94.3198,12.1679,18.9062,102
2016-02-18 07:00:00,77.73,blend,0.5,88.7031,0.0,93.9103,93.9103,83.0863,94.3199,12.1024,18.884,103
2016-02-18 08:00:00,97.03,blend,0.5,88.7042,0.0,97.2901,97.2901,83.0884,94.3199,12.1199,18.7299,104
2016-02-18 09:00:00,116.37,blend,0.5,88.7055,0.0,76.5226,76.5226,83.0911,94.3199,12.3196,18.7612,105
2016-02-18 10:00:00,120.78,blend,0.5,88.7062,0.0,78.3254,78.3254,83.0925,94.3198,12.5566,18.8332,106
2016-02-18 11:00:00,120.39,blend,0.5,88.7065,0.0,74.8382,74.8382,83.0933,94.3197,12.7857,18.9002,107
2016-02-18 12:00:00,119.58,blend,0.5,88.7063,0.0,75.475,75.475,83.0928,94.3198,13.0032,18.9586,108
2016-02-18 13:00:00,116.76,blend,0.5,88.7058,0.0,87.1919,87.1919,83.0918,94.3198,13.191,18.9902,109
2016-02-18 14:00:00,110.11,blend,0.5,88.7049,0.0,92.3269,92.3269,83.09,94.3198,13.3156,18.9614,110
2016-02-18 15:00:00,110.35,blend,0.5,88.7036,0.0,77.3304,77.3304,83.0874,94.3198,13.4401,18.9352,111
2016-02-18 16:00:00,104.43,blend,0.5,88.7021,0.0,52.866,52.866,83.0845,94.3197,13.5101,18.8571,112
2016-02-18 17:00:00,95.82,blend,0.5,88.7005,0.0,71.7113,71.7113,83.0814,94.3196,13.5033,18.7049,113
2016-02-18 18:00:00,92.76,blend,0.5,88.6985,0.0,86.9267,86.9267,83.0774,94.3197,13.4701,18.5558,114
2016-02-18 19:00:00,91.06,blend,0.5,88.6965,0.0,92.9377,92.9377,83.0733,94.3198,13.4228,18.4239,115
2016-02-18 20:00:00,86.59,blend,0.5,88.6945,0.0,63.3318,63.3318,83.0694,94.3196,13.3382,18.3325,116
2016-02-18 21:00:00,79.0,blend,0.5,88.6934,0.0,87.1005,87.1005,83.0673,94.3195,13.2596,18.307,117
2016-02-18 22:00:00,71.87,blend,0.5,88.6925,0.0,71.8422,71.8422,83.0657,94.3193,13.2423,18.3418,118
2016-02-18 23:00:00,59.41,blend,0.5,88.6914,0.0,90.0418,90.0418,83.0634,94.3195,13.329,18.4798,119
2016-02-19 00:00:00,59.07,blend,0.5,88.6908,0.0,80.8382,80.8382,83.0624,94.3191,13.4172,18.6184,120
2016-02-19 01:00:00,59.13,blend,0.5,88.6894,0.0,87.316,87.316,83.0599,94.3189,13.5033,18.7543,121
2016-02-19 02:00:00,59.07,blend,0.5,88.6895,0.0,72.6724,72.6724,83.0601,94.3188,13.5886,18.8884,122
2016-02-19 03:00:00,59.14,blend,0.5,88.6907,0.0,102.9929,102.9929,83.0626,94.3188,13.6719,19.0197,123
2016-02-19 04:00:00,59.51,blend,0.5,88.6928,0.0,82.9989,82.9989,83.0668,94.3188,13.751,19.146,124
2016-02-19 05:00:00,73.64,blend,0.5,88.695,0.0,63.8074,63.8074,83.0711,94.3189,13.7167,19.1582,125
2016-02-19 06:00:00,80.53,blend,0.5,88.6972,0.0,84.976,84.976,83.0756,94.3189,13.6288,19.1159,126
2016-02-19 07:00:00,79.29,blend,0.5,88.6997,0.0,89.4904,89.4904,83.0805,94.3189,13.5519,19.084,127
2016-02-19 08:00:00,95.58,blend,0.5,88.7021,0.0,88.0776,88.0776,83.0848,94.3194,13.5437,18.9458,128
2016-02-19 09:00:00,115.61,blend,0.5,88.704,0.0,87.6679,87.6679,83.0885,94.3196,13.6897,18.9639,129
2016-02-19 10:00:00,122.18,blend,0.5,88.7051,0.0,88.1415,88.1415,83.0906,94.3196,13.8836,19.0318,130
2016-02-19 11:00:00,121.08,blend,0.5,88.7057,0.0,81.8327,81.8327,83.0918,94.3196,14.0662,19.0903,131
2016-02-19 12:00:00,120.01,blend,0.5,88.7057,0.0,94.1208,94.1208,83.0917,94.3197,14.238,19.14,132
2016-02-19 13:00:00,115.05,blend,0.5,88.7053,0.0,78.5296,78.5296,83.0908,94.3198,14.3703,19.1518,133
2016-02-19 14:00:00,108.97,blend,0.5,88.7045,0.0,67.0165,67.0165,83.0893,94.3197,14.4555,19.1185,134
2016-02-19 15:00:00,110.12,blend,0.5,88.7034,0.0,88.8623,88.8623,83.0871,94.3197,14.548,19.0941,135
2016-02-19 16:00:00,96.35,blend,0.5,88.702,0.0,86.1007,86.1007,83.0843,94.3196,14.5387,18.9695,136
2016-02-19 17:00:00,87.13,blend,0.5,88.7005,0.0,77.4101,77.4101,83.0813,94.3197,14.4626,18.8842,137
2016-02-19 18:00:00,84.63,blend,0.5,88.6982,0.0,83.451,83.451,83.0767,94.3196,14.3698,18.818,138
2016-02-19 19:00:00,71.72,blend,0.5,88.6957,0.0,98.2602,98.2602,83.0719,94.3194,14.3482,18.845,139
2016-02-19 20:00:00,67.98,blend,0.5,88.6935,0.0,79.4226,79.4226,83.0677,94.3192,14.3535,18.8982,140
2016-02-19 21:00:00,65.06,blend,0.5,88.6912,0.0,84.1099,84.1099,83.0633,94.3191,14.3792,18.9711,141
2016-02-19 22:00:00,59.86,blend,0.5,88.6894,0.0,77.1576,77.1576,83.0598,94.319,14.4408,19.0795,142
2016-02-19 23:00:00,58.9,blend,0.5,88.6878,0.0,77.1552,77.1552,83.0567,94.319,14.5083,19.1929,143
2016-02-20 00:00:00,58.56,blend,0.5,88.687,0.0,92.3868,92.3868,83.0551,94.3189,14.5772,19.3072,144
2016-02-20 01:00:00,58.93,blend,0.5,88.6819,0.0,92.9561,92.9561,83.0456,94.3182,14.6425,19.4173,145
2016-02-20 02:00:00,56.87,blend,0.5,88.6797,0.0,94.9827,94.9827,83.0412,94.3183,14.7209,19.54,146
2016-02-20 03:00:00,58.39,blend,0.5,88.6793,0.0,84.419,84.419,83.0404,94.3183,14.788,19.6507,147
2016-02-20 04:00:00,58.6,blend,0.5,88.68,0.0,76.9202,76.9202,83.0418,94.3183,14.8528,19.7585,148
2016-02-20 05:00:00,71.71,blend,0.5,88.6818,0.0,71.7093,71.7093,83.0454,94.3183,14.8294,19.7775,149
2016-02-20 06:00:00,78.47,blend,0.5,88.6846,0.0,81.81,81.81,83.0508,94.3184,14.7615,19.7515,150
2016-02-20 07:00:00,80.15,blend,0.5,88.6886,0.0,74.5238,74.5238,83.0586,94.3186,14.6835,19.7148,151
2016-02-20 08:00:00,71.49,blend,0.5,88.6918,0.0,82.482,82.482,83.065,94.3187,14.6632,19.7351,152
2016-02-20 09:00:00,71.04,blend,0.5,88.6944,0.0,94.2225,94.2225,83.0698,94.319,14.6461,19.7582,153
2016-02-20 10:00:00,71.41,blend,0.5,88.6947,0.0,73.0313,73.0313,83.0704,94.319,14.6268,19.7785,154
2016-02-20 11:00:00,69.91,blend,0.5,88.694,0.0,83.2192,83.2192,83.0691,94.3189,14.6174,19.8082,155
2016-02-20 12:00:00,72.33,blend,0.5,88.6926,0.0,87.1793,87.1793,83.0663,94.3188,14.5927,19.8221,156
2016-02-20 13:00:00,72.3,blend,0.5,88.69,0.0,82.0943,82.0943,83.0613,94.3188,14.5685,19.836,157
2016-02-20 14:00:00,70.95,blend,0.5,88.6865,0.0,77.7679,77.7679,83.0544,94.3186,14.553,19.8582,158
2016-02-20 15:00:00,71.78,blend,0.5,88.6816,0.0,80.7633,80.7633,83.0447,94.3186,14.5324,19.8749,159
2016-02-20 16:00:00,70.26,blend,0.5,88.6744,0.0,75.76,75.76,83.0301,94.3186,14.5215,19.9009,160
2016-02-20 17:00:00,70.6,blend,0.5,88.6641,0.0,74.3994,74.3994,83.0096,94.3186,14.5084,19.9245,161
2016-02-20 18:00:00,70.26,blend,0.5,88.6501,0.0,91.9379,91.9379,82.9818,94.3184,14.4975,19.9498,162
2016-02-20 19:00:00,62.56,blend,0.5,88.6321,0.0,65.6907,65.6907,82.9458,94.3185,14.5334,20.0218,163
2016-02-20 20:00:00,62.34,blend,0.5,88.6097,0.0,85.9936,85.9936,82.9014,94.3181,14.5699,20.0943,164
2016-02-20 21:00:00,63.08,blend,0.5,88.5791,0.0,86.8711,86.8711,82.8402,94.318,14.6012,20.1614,165
2016-02-20 22:00:00,59.28,blend,0.5,88.5386,0.0,80.9596,80.9596,82.7594,94.3179,14.6543,20.2505,166
2016-02-20 23:00:00,58.18,blend,0.5,88.4879,0.0,83.6166,83.6166,82.658,94.3179,14.7128,20.3451,167
2016-02-21 00:00:00,58.21,transfer,1.0,82.5317,0.0,72.9294,72.9294,82.5317,94.318,14.8167,20.4518,168
2016-02-21 01:00:00,57.65,transfer,1.0,82.4323,0.0,81.5555,81.5555,82.4323,94.3177,14.9205,20.559,169
2016-02-21 02:00:00,57.96,transfer,1.0,82.3297,0.0,94.7886,94.7886,82.3297,94.3177,15.0237,20.6663,170
2016-02-21 03:00:00,58.26,transfer,1.0,82.2508,0.0,76.9151,76.9151,82.2508,94.3178,15.1373,20.7845,171
2016-02-21 04:00:00,58.67,transfer,1.0,82.2176,0.0,96.2829,96.2829,82.2176,94.3178,15.2381,20.8902,172
2016-02-21 05:00:00,74.28,transfer,1.0,82.2673,0.0,83.548,83.548,82.2673,94.3183,15.2506,20.9073,173
2016-02-21 06:00:00,76.17,transfer,1.0,82.3804,0.0,94.6523,94.6523,82.3804,94.3182,15.2356,20.8963,174
2016-02-21 07:00:00,74.75,transfer,1.0,82.5441,0.0,73.8405,73.8405,82.5441,94.3183,15.2307,20.8944,175
2016-02-21 08:00:00,66.71,transfer,1.0,82.685,0.0,80.0485,80.0485,82.685,94.3188,15.2195,20.8854,176
2016-02-21 09:00:00,67.61,transfer,1.0,82.7831,0.0,85.5516,85.5516,82.7831,94.3189,15.2163,20.8839,177
2016-02-21 10:00:00,66.1,transfer,1.0,82.8385,0.0,84.2578,84.2578,82.8385,94.3189,15.2143,20.8833,178
2016-02-21 11:00:00,67.67,transfer,1.0,82.8709,0.0,63.701,63.701,82.8709,94.3188,15.1994,20.8696,179
2016-02-21 12:00:00,65.9,transfer,1.0,82.8883,0.0,87.3975,87.3975,82.8883,94.3189,15.221,20.8922,180
2016-02-21 13:00:00,66.88,transfer,1.0,82.8934,0.0,74.7953,74.7953,82.8934,94.3187,15.2327,20.9049,181
2016-02-21 14:00:00,66.71,transfer,1.0,82.8913,0.0,72.491,72.491,82.8913,94.3188,15.2466,20.9198,182
2016-02-21 15:00:00,66.96,transfer,1.0,82.8788,0.0,86.6389,86.6389,82.8788,94.3188,15.2534,20.9276,183
2016-02-21 16:00:00,66.06,transfer,1.0,82.8494,0.0,89.2905,89.2905,82.8494,94.3187,15.2588,20.9343,184
2016-02-21 17:00:00,65.8,transfer,1.0,82.8119,0.0,83.212,83.212,82.8119,94.3187,15.2598,20.9367,185
2016-02-21 18:00:00,69.56,transfer,1.0,82.7595,0.0,84.7715,84.7715,82.7595,94.3186,15.2493,20.9277,186
2016-02-21 19:00:00,59.55,transfer,1.0,82.685,0.0,75.5402,75.5402,82.685,94.3185,15.3279,21.0084,187
2016-02-21 20:00:00,59.05,transfer,1.0,82.6079,0.0,101.3317,101.3317,82.6079,94.3182,15.4032,21.0862,188
2016-02-21 21:00:00,59.3,transfer,1.0,82.4923,0.0,90.3263,90.3263,82.4923,94.3181,15.4833,21.1694,189
2016-02-21 22:00:00,58.84,transfer,1.0,82.3549,0.0,83.9693,83.9693,82.3549,94.318,15.5643,21.2544,190
2016-02-21 23:00:00,58.72,transfer,1.0,82.2136,0.0,74.6274,74.6274,82.2136,94.3179,15.6492,21.344,191
2016-02-22 00:00:00,58.86,transfer,1.0,82.117,0.0,80.6801,80.6801,82.117,94.3181,15.7215,21.4216,192
2016-02-22 01:00:00,58.52,transfer,1.0,82.2518,0.0,82.5472,82.5472,82.2518,94.3185,15.8112,21.516,193
2016-02-22 02:00:00,58.26,transfer,1.0,82.4258,0.0,83.8782,83.8782,82.4258,94.3186,15.9116,21.6201,194
2016-02-22 03:00:00,58.69,transfer,1.0,82.595,0.0,76.6648,76.6648,82.595,94.3187,16.0174,21.7286,195
2016-02-22 04:00:00,58.36,transfer,1.0,82.7376,0.0,74.7676,74.7676,82.7376,94.3188,16.1278,21.841,196
2016-02-22 05:00:00,72.96,transfer,1.0,82.8455,0.0,75.0695,75.0695,82.8455,94.3189,16.1449,21.8594,197
2016-02-22 06:00:00,79.31,transfer,1.0,82.93,0.0,67.5841,67.5841,82.93,94.3191,16.127,21.8424,198
2016-02-22 07:00:00,77.73,transfer,1.0,82.9931,0.0,83.533,83.533,82.9931,94.3191,16.1207,21.8366,199
2016-02-22 08:00:00,81.74,transfer,1.0,83.0312,0.0,90.2304,90.2304,83.0312,94.3193,16.0652,21.7814,200
2016-02-22 09:00:00,92.02,transfer,1.0,83.0537,0.0,64.2664,64.2664,83.0537,94.3194,16.037,21.6466,201
2016-02-22 10:00:00,95.46,transfer,1.0,83.0672,0.0,93.3587,93.3587,83.0672,94.3194,16.0299,21.5057,202
2016-02-22 11:00:00,99.34,transfer,1.0,83.0759,0.0,93.2224,93.2224,83.0759,94.3194,16.031,21.373,203
2016-02-22 12:00:00,97.22,transfer,1.0,83.081,0.0,86.4191,86.4191,83.081,94.3193,16.0407,21.2489,204
2016-02-22 13:00:00,101.95,transfer,1.0,83.0837,0.0,83.2166,83.2166,83.0837,94.3193,16.0767,21.1512,205
2016-02-22 14:00:00,100.83,transfer,1.0,83.0847,0.0,98.3825,98.3825,83.0847,94.3191,16.0894,21.0302,206
2016-02-22 15:00:00,99.72,transfer,1.0,83.0846,0.0,86.1403,86.1403,83.0846,94.3192,16.1066,20.9136,207
2016-02-22 16:00:00,98.31,transfer,1.0,83.0835,0.0,82.4979,82.4979,83.0835,94.3191,16.1138,20.787,208
2016-02-22 17:00:00,90.75,transfer,1.0,83.0816,0.0,69.6635,69.6635,83.0816,94.3191,16.0741,20.656,209
2016-02-22 18:00:00,82.04,transfer,1.0,83.079,0.0,96.1803,96.1803,83.079,94.3191,16.0188,20.6006,210
2016-02-22 19:00:00,68.36,transfer,1.0,83.0756,0.0,91.3275,91.3275,83.0756,94.3191,16.0768,20.6586,211
2016-02-22 20:00:00,65.3,transfer,1.0,83.0708,0.0,91.8891,91.8891,83.0708,94.3188,16.1495,20.7312,212
2016-02-22 21:00:00,59.39,transfer,1.0,83.066,0.0,62.8068,62.8068,83.066,94.3187,16.2533,20.835,213
2016-02-22 22:00:00,57.79,transfer,1.0,83.0624,0.0,85.4887,85.4887,83.0624,94.3185,16.3606,20.9423,214
2016-02-22 23:00:00,57.32,transfer,1.0,83.0592,0.0,88.2355,88.2355,83.0592,94.3184,16.4612,21.0429,215
2016-02-23 00:00:00,56.8,transfer,1.0,83.0582,0.0,79.5904,79.5904,83.0582,94.3185,16.5566,21.1383,216
2016-02-23 01:00:00,56.8,transfer,1.0,83.0601,0.0,86.6189,86.6189,83.0601,94.3187,16.6551,21.2368,217
2016-02-23 02:00:00,57.09,transfer,1.0,83.0632,0.0,83.5916,83.5916,83.0632,94.3188,16.7518,21.3335,218
2016-02-23 03:00:00,56.95,transfer,1.0,83.0672,0.0,59.6562,59.6562,83.0672,94.3188,16.8512,21.4329,219
2016-02-23 04:00:00,57.76,transfer,1.0,83.0716,0.0,75.8137,75.8137,83.0716,94.3189,16.9458,21.5276,220
2016-02-23 05:00:00,69.59,transfer,1.0,83.0758,0.0,90.0225,90.0225,83.0758,94.319,16.9648,21.5465,221
2016-02-23 06:00:00,73.16,transfer,1.0,83.0804,0.0,79.1881,79.1881,83.0804,94.3192,16.97,21.5518,222
2016-02-23 07:00:00,71.15,transfer,1.0,83.0848,0.0,75.9852,75.9852,83.0848,94.3193,16.9846,21.5664,223
2016-02-23 08:00:00,95.84,transfer,1.0,83.0864,0.0,93.6989,93.6989,83.0864,94.3186,17.0043,21.4523,224
2016-02-23 09:00:00,110.07,transfer,1.0,83.0877,0.0,90.7743,90.7743,83.0877,94.3186,17.1156,21.43,225
2016-02-23 10:00:00,114.43,transfer,1.0,83.0897,0.0,67.7244,67.7244,83.0897,94.3185,17.2765,21.5085,226
2016-02-23 11:00:00,108.67,transfer,1.0,83.0913,0.0,82.682,82.682,83.0913,94.3187,17.3139,21.546,227
2016-02-23 12:00:00,112.92,transfer,1.0,83.0921,0.0,78.232,78.232,83.0921,94.3191,17.3286,21.5608,228
2016-02-23 13:00:00,113.04,transfer,1.0,83.0918,0.0,99.4515,99.4515,83.0918,94.3193,17.3476,21.5798,229
2016-02-23 14:00:00,108.44,transfer,1.0,83.0911,0.0,84.2132,84.2132,83.0911,94.319,17.3631,21.5954,230
2016-02-23 15:00:00,105.89,transfer,1.0,83.0892,0.0,88.93,88.93,83.0892,94.319,17.366,21.5983,231
2016-02-23 16:00:00,107.86,transfer,1.0,83.0871,0.0,79.4189,79.4189,83.0871,94.3193,17.3863,21.6186,232
2016-02-23 17:00:00,93.68,transfer,1.0,83.084,0.0,89.3717,89.3717,83.084,94.3191,17.3893,21.6155,233
2016-02-23 18:00:00,88.36,transfer,1.0,83.0808,0.0,73.4789,73.4789,83.0808,94.3193,17.3975,21.6073,234
2016-02-23 19:00:00,71.26,transfer,1.0,83.0762,0.0,91.729,91.729,83.0762,94.3191,17.4249,21.7205,235
2016-02-23 20:00:00,66.71,transfer,1.0,83.0716,0.0,90.0607,90.0607,83.0716,94.319,17.5103,21.8299,236
2016-02-23 21:00:00,63.1,transfer,1.0,83.067,0.0,76.466,76.466,83.067,94.3189,17.6178,21.9374,237
2016-02-23 22:00:00,57.59,transfer,1.0,83.0633,0.0,78.2206,78.2206,83.0633,94.3187,17.7199,22.0395,238
2016-02-23 23:00:00,56.34,transfer,1.0,83.0604,0.0,89.265,89.265,83.0604,94.3187,17.8319,22.1516,239
2016-02-24 00:00:00,56.47,transfer,1.0,83.0592,0.0,78.9081,78.9081,83.0592,94.3186,17.9382,22.2579,240
2016-02-24 01:00:00,56.82,transfer,1.0,83.0589,0.0,72.5115,72.5115,83.0589,94.3188,18.0458,22.3654,241
2016-02-24 02:00:00,56.65,transfer,1.0,83.0609,0.0,77.4587,77.4587,83.0609,94.3189,18.1487,22.4684,242
2016-02-24 03:00:00,56.72,transfer,1.0,83.0645,0.0,91.9619,91.9619,83.0645,94.3189,18.2596,22.5793,243
2016-02-24 04:00:00,56.83,transfer,1.0,83.0683,0.0,85.4475,85.4475,83.0683,94.3189,18.3627,22.6825,244
2016-02-24 05:00:00,71.14,transfer,1.0,83.072,0.0,98.5343,98.5343,83.072,94.3189,18.3821,22.7019,245
2016-02-24 06:00:00,73.82,transfer,1.0,83.0769,0.0,94.8166,94.8166,83.0769,94.3192,18.399,22.7188,246
2016-02-24 07:00:00,73.7,transfer,1.0,83.0821,0.0,81.3221,81.3221,83.0821,94.3193,18.4248,22.7446,247
2016-02-24 08:00:00,90.22,transfer,1.0,83.0853,0.0,94.9877,94.9877,83.0853,94.3192,18.3663,22.7349,248
2016-02-24 09:00:00,111.13,transfer,1.0,83.0888,0.0,90.9654,90.9654,83.0888,94.3193,18.3344,22.703,249
2016-02-24 10:00:00,115.6,transfer,1.0,83.0914,0.0,88.8071,88.8071,83.0914,94.3193,18.3215,22.6901,250
2016-02-24 11:00:00,112.09,transfer,1.0,83.093,0.0,108.5532,108.5532,83.093,94.3194,18.3178,22.6864,251
2016-02-24 12:00:00,111.63,transfer,1.0,83.0928,0.0,72.3021,72.3021,83.0928,94.3193,18.2805,22.6491,252
2016-02-24 13:00:00,106.08,transfer,1.0,83.0918,0.0,75.812,75.812,83.0918,94.319,18.2178,22.5864,253
2016-02-24 14:00:00,101.39,transfer,1.0,83.0902,0.0,81.8719,81.8719,83.0902,94.319,18.1596,22.5282,254
2016-02-24 15:00:00,106.37,transfer,1.0,83.087,0.0,89.6598,89.6598,83.087,94.319,18.1251,22.4937,255
2016-02-24 16:00:00,101.14,transfer,1.0,83.0826,0.0,82.4366,82.4366,83.0826,94.3189,18.0837,22.4522,256
2016-02-24 17:00:00,85.91,transfer,1.0,83.0715,0.0,74.0478,74.0478,83.0715,94.3161,18.0229,22.4914,257
2016-02-24 18:00:00,91.48,transfer,1.0,83.0573,0.0,89.2955,89.2955,83.0573,94.3177,18.0056,22.5078,258
2016-02-24 19:00:00,76.22,transfer,1.0,83.0418,0.0,77.5844,77.5844,83.0418,94.3187,17.9687,22.6049,259
2016-02-24 20:00:00,69.94,transfer,1.0,83.0143,0.0,100.6976,100.6976,83.0143,94.316,18.0301,22.6994,260
2016-02-24 21:00:00,64.93,transfer,1.0,82.9916,0.0,74.7004,74.7004,82.9916,94.3179,18.1291,22.7989,261
2016-02-24 22:00:00,59.76,transfer,1.0,82.9721,0.0,87.5656,87.5656,82.9721,94.3182,18.2088,22.8791,262
2016-02-24 23:00:00,58.45,transfer,1.0,82.9538,0.0,91.0607,91.0607,82.9538,94.3182,18.302,22.973,263
2016-02-25 00:00:00,58.28,transfer,1.0,82.9413,0.0,78.6286,78.6286,82.9413,94.318,18.3952,23.067,264
2016-02-25 01:00:00,57.92,transfer,1.0,82.9278,0.0,73.802,73.802,82.9278,94.3182,18.4816,23.1541,265
2016-02-25 02:00:00,57.37,transfer,1.0,82.9234,0.0,94.9145,94.9145,82.9234,94.3182,18.5699,23.2433,266
2016-02-25 03:00:00,57.37,transfer,1.0,82.9276,0.0,80.1272,80.1272,82.9276,94.3185,18.6579,23.3322,267
2016-02-25 04:00:00,57.8,transfer,1.0,82.9393,0.0,72.0653,72.0653,82.9393,94.3186,18.7594,23.4345,268
2016-02-25 05:00:00,68.59,transfer,1.0,82.9537,0.0,95.6004,95.6004,82.9537,94.3189,18.7739,23.4497,269
2016-02-25 06:00:00,71.5,transfer,1.0,82.9708,0.0,95.4376,95.4376,82.9708,94.3191,18.8031,23.4795,270
2016-02-25 07:00:00,73.64,transfer,1.0,82.9916,0.0,68.0029,68.0029,82.9916,94.3192,18.8269,23.5039,271
2016-02-25 08:00:00,86.86,transfer,1.0,83.0124,0.0,101.198,101.198,83.0124,94.3194,18.7668,23.5321,272
2016-02-25 09:00:00,107.07,transfer,1.0,83.0346,0.0,86.142,86.142,83.0346,94.3194,18.7118,23.4768,273
2016-02-25 10:00:00,115.84,transfer,1.0,83.0512,0.0,68.4196,68.4196,83.0512,94.3197,18.6826,23.4474,274
2016-02-25 11:00:00,112.59,transfer,1.0,83.0636,0.0,68.7064,68.7064,83.0636,94.3197,18.6363,23.401,275
2016-02-25 12:00:00,112.6,transfer,1.0,83.0708,0.0,75.3471,75.3471,83.0708,94.3199,18.5949,23.3594,276
2016-02-25 13:00:00,107.28,transfer,1.0,83.0741,0.0,77.3106,77.3106,83.0741,94.3199,18.5386,23.303,277
2016-02-25 14:00:00,104.7,transfer,1.0,83.0748,0.0,83.5707,83.5707,83.0748,94.32,18.5065,23.2708,278
2016-02-25 15:00:00,106.06,transfer,1.0,83.0738,0.0,82.6543,82.6543,83.0738,94.3199,18.481,23.2452,279
2016-02-25 16:00:00,103.07,transfer,1.0,83.0716,0.0,81.1514,81.1514,83.0716,94.32,18.473,23.2371,280
2016-02-25 17:00:00,89.12,transfer,1.0,83.0686,0.0,75.3719,75.3719,83.0686,94.3199,18.4332,23.2592,281
2016-02-25 18:00:00,82.33,transfer,1.0,83.0644,0.0,74.7342,74.7342,83.0644,94.3199,18.3799,23.3213,282
2016-02-25 19:00:00,70.24,transfer,1.0,83.0589,0.0,82.0597,82.0597,83.0589,94.3198,18.4087,23.4452,283
2016-02-25 20:00:00,67.67,transfer,1.0,83.053,0.0,85.5484,85.5484,83.053,94.3195,18.4793,23.5578,284
2016-02-25 21:00:00,63.16,transfer,1.0,83.0477,0.0,84.8677,84.8677,83.0477,94.3194,18.5735,23.6521,285
2016-02-25 22:00:00,57.76,transfer,1.0,83.0443,0.0,72.6198,72.6198,83.0443,94.3192,18.6573,23.7361,286
2016-02-25 23:00:00,56.67,transfer,1.0,83.0412,0.0,70.6252,70.6252,83.0412,94.3192,18.6735,23.7524,287
2016-02-26 00:00:00,56.19,transfer,1.0,83.0396,0.0,74.6433,74.6433,83.0396,94.3191,18.6905,23.7695,288
2016-02-26 01:00:00,55.96,transfer,1.0,83.0393,0.0,67.073,67.073,83.0393,94.319,18.7093,23.7884,289
2016-02-26 02:00:00,56.15,transfer,1.0,83.0422,0.0,68.6108,68.6108,83.0422,94.3189,18.7266,23.8058,290
2016-02-26 03:00:00,56.33,transfer,1.0,83.0482,0.0,94.0969,94.0969,83.0482,94.319,18.7432,23.8225,291
2016-02-26 04:00:00,56.57,transfer,1.0,83.0546,0.0,91.5723,91.5723,83.0546,94.3191,18.7606,23.84,292
2016-02-26 05:00:00,71.8,transfer,1.0,83.0612,0.0,82.6209,82.6209,83.0612,94.3191,18.7715,23.851,293
2016-02-26 06:00:00,74.19,transfer,1.0,83.0685,0.0,92.9594,92.9594,83.0685,94.3193,18.8092,23.8887,294
2016-02-26 07:00:00,72.81,transfer,1.0,83.0759,0.0,104.4792,104.4792,83.0759,94.3194,18.8478,23.9273,295
2016-02-26 08:00:00,97.91,transfer,1.0,83.0807,0.0,85.3517,85.3517,83.0807,94.3196,18.8616,23.9411,296
2016-02-26 09:00:00,112.98,transfer,1.0,83.0848,0.0,89.5907,89.5907,83.0848,94.3197,18.846,23.9255,297
2016-02-26 10:00:00,114.66,transfer,1.0,83.0887,0.0,76.3434,76.3434,83.0887,94.3197,18.8013,23.8807,298
2016-02-26 11:00:00,113.86,transfer,1.0,83.0905,0.0,88.8416,88.8416,83.0905,94.3198,18.7583,23.8377,299
2016-02-26 12:00:00,112.37,transfer,1.0,83.0904,0.0,83.7584,83.7584,83.0904,94.3197,18.7128,23.7923,300
2016-02-26 13:00:00,109.69,transfer,1.0,83.0896,0.0,60.2066,60.2066,83.0896,94.3197,18.6809,23.7604,301
2016-02-26 14:00:00,107.85,transfer,1.0,83.0882,0.0,73.3641,73.3641,83.0882,94.3195,18.6743,23.7537,302
2016-02-26 15:00:00,97.05,transfer,1.0,83.086,0.0,72.2565,72.2565,83.086,94.3195,18.5965,23.6759,303
2016-02-26 16:00:00,95.49,transfer,1.0,83.0831,0.0,78.4033,78.4033,83.0831,94.3195,18.5914,23.6708,304
2016-02-26 17:00:00,89.8,transfer,1.0,83.0783,0.0,87.4446,87.4446,83.0783,94.3195,18.6073,23.6549,305
2016-02-26 18:00:00,86.52,transfer,1.0,83.0731,0.0,85.5816,85.5816,83.0731,94.3194,18.6185,23.6436,306
2016-02-26 19:00:00,73.13,transfer,1.0,83.0683,0.0,77.6929,77.6929,83.0683,94.3195,18.6101,23.6352,307
2016-02-26 20:00:00,70.66,transfer,1.0,83.063,0.0,92.9827,92.9827,83.063,94.3192,18.5942,23.6193,308
2016-02-26 21:00:00,63.89,transfer,1.0,83.0582,0.0,79.8052,79.8052,83.0582,94.3191,18.6011,23.6263,309
2016-02-26 22:00:00,58.69,transfer,1.0,83.0547,0.0,95.169,95.169,83.0547,94.319,18.608,23.6332,310
2016-02-26 23:00:00,56.87,transfer,1.0,83.0512,0.0,91.1147,91.1147,83.0512,94.319,18.6201,23.6453,311
2016-02-27 00:00:00,56.43,transfer,1.0,83.0492,0.0,76.3192,76.3192,83.0492,94.3188,18.6327,23.658,312
2016-02-27 01:00:00,56.56,transfer,1.0,83.0393,0.0,88.2429,88.2429,83.0393,94.3183,18.6468,23.6721,313
2016-02-27 02:00:00,56.52,transfer,1.0,83.0352,0.0,86.0001,86.0001,83.0352,94.3184,18.6488,23.6742,314
2016-02-27 03:00:00,57.32,transfer,1.0,83.0349,0.0,71.5554,71.5554,83.0349,94.3183,18.6552,23.6805,315
2016-02-27 04:00:00,57.3,transfer,1.0,83.0372,0.0,80.4584,80.4584,83.0372,94.3182,18.6629,23.6883,316
2016-02-27 05:00:00,71.41,transfer,1.0,83.0429,0.0,91.2755,91.2755,83.0429,94.3186,18.6647,23.6901,317
2016-02-27 06:00:00,74.85,transfer,1.0,83.0503,0.0,66.4071,66.4071,83.0503,94.3187,18.6862,23.7116,318
2016-02-27 07:00:00,73.69,transfer,1.0,83.0588,0.0,68.2011,68.2011,83.0588,94.3188,18.7246,23.7501,319
2016-02-27 08:00:00,70.94,transfer,1.0,83.0652,0.0,81.5552,81.5552,83.0652,94.319,18.7279,23.7533,320
2016-02-27 09:00:00,72.76,transfer,1.0,83.0696,0.0,85.5172,85.5172,83.0696,94.3192,18.7177,23.7431,321
2016-02-27 10:00:00,72.51,transfer,1.0,83.071,0.0,75.7058,75.7058,83.071,94.3192,18.7111,23.7366,322
2016-02-27 11:00:00,72.39,transfer,1.0,83.0708,0.0,72.1157,72.1157,83.0708,94.3191,18.6964,23.7218,323
2016-02-27 12:00:00,73.45,transfer,1.0,83.0693,0.0,74.2553,74.2553,83.0693,94.319,18.6897,23.7151,324
2016-02-27 13:00:00,72.73,transfer,1.0,83.0666,0.0,104.1631,104.1631,83.0666,94.319,18.6872,23.7126,325
2016-02-27 14:00:00,74.53,transfer,1.0,83.0624,0.0,80.0848,80.0848,83.0624,94.3191,18.6659,23.6913,326
2016-02-27 15:00:00,72.28,transfer,1.0,83.0559,0.0,75.1981,75.1981,83.0559,94.319,18.663,23.6883,327
2016-02-27 16:00:00,69.65,transfer,1.0,83.0481,0.0,71.3363,71.3363,83.0481,94.319,18.6668,23.6919,328
2016-02-27 17:00:00,66.39,transfer,1.0,83.0372,0.0,66.6393,66.6393,83.0372,94.3188,18.692,23.717,329
2016-02-27 18:00:00,66.26,transfer,1.0,83.0229,0.0,87.3017,87.3017,83.0229,94.3188,18.7161,23.7408,330
2016-02-27 19:00:00,58.59,transfer,1.0,83.0035,0.0,93.6676,93.6676,83.0035,94.3187,18.74,23.7644,331
2016-02-27 20:00:00,58.62,transfer,1.0,82.9805,0.0,72.1862,72.1862,82.9805,94.3182,18.7626,23.7866,332
2016-02-27 21:00:00,58.89,transfer,1.0,82.9538,0.0,69.2795,69.2795,82.9538,94.3181,18.7883,23.8115,333
2016-02-27 22:00:00,58.49,transfer,1.0,82.9264,0.0,82.8257,82.8257,82.9264,94.318,18.794,23.8162,334
2016-02-27 23:00:00,56.99,transfer,1.0,82.9016,0.0,92.2645,92.2645,82.9016,94.3181,18.8025,23.8233,335
2016-02-28 00:00:00,56.9,transfer,1.0,82.8818,0.0,86.5264,86.5264,82.8818,94.3181,18.8124,23.8311,336
2016-02-28 01:00:00,56.98,transfer,1.0,82.878,0.0,78.7997,78.7997,82.878,94.3179,18.819,23.8351,337
2016-02-28 02:00:00,56.79,transfer,1.0,82.8795,0.0,71.208,71.208,82.8795,94.318,18.8293,23.8421,338
2016-02-28 03:00:00,58.01,transfer,1.0,82.8862,0.0,74.5881,74.5881,82.8862,94.318,18.8345,23.8436,339
2016-02-28 04:00:00,58.36,transfer,1.0,82.8977,0.0,90.7779,90.7779,82.8977,94.3183,18.8404,23.8454,340
2016-02-28 05:00:00,70.49,transfer,1.0,82.9068,0.0,66.0699,66.0699,82.9068,94.3182,18.8668,23.868,341
2016-02-28 06:00:00,72.75,transfer,1.0,82.922,0.0,72.6956,72.6956,82.922,94.3183,18.8904,23.8883,342
2016-02-28 07:00:00,70.29,transfer,1.0,82.9447,0.0,78.7017,78.7017,82.9447,94.3184,18.9193,23.9149,343
2016-02-28 08:00:00,67.81,transfer,1.0,82.9671,0.0,94.6238,94.6238,82.9671,94.3187,18.9144,23.9083,344
2016-02-28 09:00:00,66.54,transfer,1.0,82.988,0.0,80.0574,80.0574,82.988,94.3188,18.922,23.9147,345
2016-02-28 10:00:00,67.95,transfer,1.0,83.0016,0.0,84.6959,84.6959,83.0016,94.3188,18.912,23.9037,346
2016-02-28 11:00:00,67.86,transfer,1.0,83.0091,0.0,91.1609,91.1609,83.0091,94.3187,18.9117,23.9025,347
2016-02-28 12:00:00,67.35,transfer,1.0,83.0126,0.0,76.3752,76.3752,83.0126,94.3184,18.9038,23.8939,348
2016-02-28 13:00:00,66.61,transfer,1.0,83.0119,0.0,89.6605,89.6605,83.0119,94.3183,18.9061,23.8955,349
2016-02-28 14:00:00,67.29,transfer,1.0,83.006,0.0,95.4077,95.4077,83.006,94.3183,18.9033,23.8921,350
2016-02-28 15:00:00,67.07,transfer,1.0,82.9943,0.0,83.5262,83.5262,82.9943,94.3182,18.9033,23.8914,351
2016-02-28 16:00:00,68.78,transfer,1.0,82.9767,0.0,85.8416,85.8416,82.9767,94.3181,18.8879,23.8752,352
2016-02-28 17:00:00,66.23,transfer,1.0,82.9514,0.0,71.2139,71.2139,82.9514,94.3179,18.8862,23.8726,353
2016-02-28 18:00:00,63.78,transfer,1.0,82.9174,0.0,65.244,65.244,82.9174,94.3179,18.9215,23.907,354
2016-02-28 19:00:00,56.38,transfer,1.0,82.8706,0.0,89.8907,89.8907,82.8706,94.3178,18.9415,23.9259,355
2016-02-28 20:00:00,56.76,transfer,1.0,82.8088,0.0,87.2762,87.2762,82.8088,94.3175,18.9563,23.9395,356
2016-02-28 21:00:00,57.06,transfer,1.0,82.7297,0.0,94.6837,94.6837,82.7297,94.3175,18.9711,23.9529,357
2016-02-28 22:00:00,58.2,transfer,1.0,82.6391,0.0,83.4945,83.4945,82.6391,94.3174,18.9766,23.9567,358
2016-02-28 23:00:00,56.92,transfer,1.0,82.5473,0.0,85.761,85.761,82.5473,94.3175,18.9893,23.9674,359
2016-02-29 00:00:00,56.58,transfer,1.0,82.4582,0.0,78.393,78.393,82.4582,94.3175,19.0049,23.9809,360
2016-02-29 01:00:00,56.72,transfer,1.0,82.5074,0.0,103.0511,103.0511,82.5074,94.3179,19.0171,23.9917,361
2016-02-29 02:00:00,56.48,transfer,1.0,82.5594,0.0,91.3225,91.3225,82.5594,94.3181,19.0285,24.0022,362
2016-02-29 03:00:00,56.8,transfer,1.0,82.6242,0.0,96.9708,96.9708,82.6242,94.3182,19.0399,24.0135,363
2016-02-29 04:00:00,56.47,transfer,1.0,82.6967,0.0,83.4535,83.4535,82.6967,94.3182,19.0509,24.0247,364
2016-02-29 05:00:00,71.01,transfer,1.0,82.779,0.0,91.2024,91.2024,82.779,94.3183,19.0622,24.0363,365
2016-02-29 06:00:00,72.77,transfer,1.0,82.8643,0.0,90.2964,90.2964,82.8643,94.3186,19.1007,24.0753,366
2016-02-29 07:00:00,70.95,transfer,1.0,82.9409,0.0,80.1844,80.1844,82.9409,94.3188,19.1407,24.1156,367
2016-02-29 08:00:00,98.21,transfer,1.0,82.9916,0.0,100.8908,100.8908,82.9916,94.3191,19.2236,24.0639,368
2016-02-29 09:00:00,115.24,transfer,1.0,83.029,0.0,83.9192,83.9192,83.029,94.3193,19.362,24.1748,369
2016-02-29 10:00:00,119.98,transfer,1.0,83.0572,0.0,94.9696,94.9696,83.0572,94.3192,19.508,24.3207,370
2016-02-29 11:00:00,114.64,transfer,1.0,83.0734,0.0,97.0724,97.0724,83.0734,94.3192,19.5991,24.4118,371
2016-02-29 12:00:00,111.59,transfer,1.0,83.0814,0.0,82.116,82.116,83.0814,94.319,19.6846,24.4973,372
2016-02-29 13:00:00,110.63,transfer,1.0,83.0844,0.0,93.1953,93.1953,83.0844,94.319,19.7363,24.549,373
2016-02-29 14:00:00,103.38,transfer,1.0,83.0851,0.0,86.3061,86.3061,83.0851,94.319,19.7515,24.5642,374
2016-02-29 15:00:00,105.77,transfer,1.0,83.0839,0.0,77.7465,77.7465,83.0839,94.3189,19.7875,24.6002,375
2016-02-29 16:00:00,101.04,transfer,1.0,83.0815,0.0,91.2723,91.2723,83.0815,94.3188,19.8037,24.6164,376
2016-02-29 17:00:00,92.26,transfer,1.0,83.0791,0.0,89.0406,89.0406,83.0791,94.3187,19.8127,24.6074,377
2016-02-29 18:00:00,85.38,transfer,1.0,83.0755,0.0,72.0443,72.0443,83.0755,94.3186,19.8203,24.5876,378
2016-02-29 19:00:00,73.73,transfer,1.0,83.0711,0.0,86.5076,86.5076,83.0711,94.3186,19.7883,24.5556,379
2016-02-29 20:00:00,69.47,transfer,1.0,83.0648,0.0,87.0905,87.0905,83.0648,94.3181,19.7634,24.5308,380
2016-02-29 21:00:00,62.97,transfer,1.0,83.0598,0.0,85.3333,85.3333,83.0598,94.318,19.7421,24.5094,381
2016-02-29 22:00:00,59.43,transfer,1.0,83.0557,0.0,93.8015,93.8015,83.0557,94.3179,19.7323,24.4997,382
2016-02-29 23:00:00,58.27,transfer,1.0,83.0526,0.0,64.6434,64.6434,83.0526,94.3179,19.7266,24.494,383
2016-03-01 00:00:00,57.34,transfer,1.0,83.0508,0.0,53.6594,53.6594,83.0508,94.3177,19.7233,24.4908,384
2016-03-01 01:00:00,57.66,transfer,1.0,83.0538,0.0,81.5225,81.5225,83.0538,94.3179,19.7182,24.4857,385
2016-03-01 02:00:00,56.99,transfer,1.0,83.0577,0.0,92.2738,92.2738,83.0577,94.3179,19.7187,24.4863,386
2016-03-01 03:00:00,57.65,transfer,1.0,83.0626,0.0,88.461,88.461,83.0626,94.3179,19.7145,24.4821,387
2016-03-01 04:00:00,57.64,transfer,1.0,83.068,0.0,91.9294,91.9294,83.068,94.318,19.7152,24.4828,388
2016-03-01 05:00:00,70.68,transfer,1.0,83.073,0.0,71.6975,71.6975,83.073,94.318,19.7087,24.4763,389
2016-03-01 06:00:00,75.33,transfer,1.0,83.0786,0.0,79.3319,79.3319,83.0786,94.3182,19.6958,24.4634,390
2016-03-01 07:00:00,70.04,transfer,1.0,83.0839,0.0,92.4805,92.4805,83.0839,94.3185,19.7024,24.47,391
2016-03-01 08:00:00,92.48,transfer,1.0,83.0875,0.0,77.4761,77.4761,83.0875,94.3187,19.6824,24.4719,392
2016-03-01 09:00:00,107.99,transfer,1.0,83.0906,0.0,88.882,88.882,83.0906,94.3188,19.67,24.4595,393
2016-03-01 10:00:00,106.16,transfer,1.0,83.0934,0.0,87.5821,87.5821,83.0934,94.3189,19.6208,24.4103,394
2016-03-01 11:00:00,111.04,transfer,1.0,83.0944,0.0,78.731,78.731,83.0944,94.319,19.6348,24.4244,395
2016-03-01 12:00:00,112.12,transfer,1.0,83.094,0.0,79.5311,79.5311,83.094,94.319,19.6301,24.4196,396
2016-03-01 13:00:00,111.19,transfer,1.0,83.0933,0.0,91.8947,91.8947,83.0933,94.319,19.619,24.4086,397
2016-03-01 14:00:00,107.06,transfer,1.0,83.0915,0.0,79.697,79.697,83.0915,94.3191,19.6108,24.4004,398
2016-03-01 15:00:00,109.11,transfer,1.0,83.089,0.0,85.1627,85.1627,83.089,94.3191,19.63,24.4196,399
2016-03-01 16:00:00,107.36,transfer,1.0,83.0856,0.0,78.8835,78.8835,83.0856,94.3191,19.627,24.4166,400
2016-03-01 17:00:00,95.6,transfer,1.0,83.0822,0.0,94.1192,94.1192,83.0822,94.3192,19.6385,24.4204,401
2016-03-01 18:00:00,87.72,transfer,1.0,83.0774,0.0,100.7091,100.7091,83.0774,94.3192,19.6347,24.4242,402
2016-03-01 19:00:00,74.71,transfer,1.0,83.0717,0.0,93.0234,93.0234,83.0717,94.3191,19.6141,24.4037,403
2016-03-01 20:00:00,68.45,transfer,1.0,83.064,0.0,76.4317,76.4317,83.064,94.3188,19.6037,24.3933,404
2016-03-01 21:00:00,64.07,transfer,1.0,83.0572,0.0,83.3607,83.3607,83.0572,94.3186,19.5979,24.3875,405
2016-03-01 22:00:00,59.58,transfer,1.0,83.0505,0.0,72.2664,72.2664,83.0505,94.3185,19.586,24.3757,406
2016-03-01 23:00:00,57.86,transfer,1.0,83.0441,0.0,91.8435,91.8435,83.0441,94.3184,19.5768,24.3666,407
2016-03-02 00:00:00,57.61,transfer,1.0,83.0399,0.0,90.3803,90.3803,83.0399,94.3183,19.5699,24.3599,408
2016-03-02 01:00:00,57.32,transfer,1.0,83.037,0.0,73.9592,73.9592,83.037,94.3185,19.5668,24.3569,409
2016-03-02 02:00:00,57.59,transfer,1.0,83.036,0.0,78.1814,78.1814,83.036,94.3182,19.5611,24.3513,410
2016-03-02 03:00:00,57.74,transfer,1.0,83.0368,0.0,57.1829,57.1829,83.0368,94.3181,19.5548,24.3452,411
2016-03-02 04:00:00,57.61,transfer,1.0,83.0415,0.0,79.4812,79.4812,83.0415,94.3184,19.55,24.3406,412
2016-03-02 05:00:00,67.21,transfer,1.0,83.0487,0.0,72.479,72.479,83.0487,94.3186,19.5733,24.364,413
2016-03-02 06:00:00,70.1,transfer,1.0,83.0575,0.0,80.4263,80.4263,83.0575,94.3189,19.5953,24.3861,414
2016-03-02 07:00:00,70.82,transfer,1.0,83.0657,0.0,72.2003,72.2003,83.0657,94.319,19.6124,24.4032,415
2016-03-02 08:00:00,89.15,transfer,1.0,83.0717,0.0,82.0241,82.0241,83.0717,94.3191,19.6061,24.4096,416
2016-03-02 09:00:00,111.56,transfer,1.0,83.0779,0.0,63.1676,63.1676,83.0779,94.3194,19.6087,24.4122,417
2016-03-02 10:00:00,118.43,transfer,1.0,83.0832,0.0,81.5987,81.5987,83.0832,94.3194,19.6256,24.429,418
2016-03-02 11:00:00,112.13,transfer,1.0,83.0872,0.0,86.5437,86.5437,83.0872,94.3194,19.6259,24.4292,419
2016-03-02 12:00:00,111.3,transfer,1.0,83.0874,0.0,93.0763,93.0763,83.0874,94.3195,19.6239,24.4273,420
2016-03-02 13:00:00,109.26,transfer,1.0,83.0868,0.0,81.6016,81.6016,83.0868,94.3195,19.6429,24.4462,421
2016-03-02 14:00:00,105.64,transfer,1.0,83.0857,0.0,74.7113,74.7113,83.0857,94.3195,19.6682,24.4715,422
2016-03-02 15:00:00,107.25,transfer,1.0,83.0839,0.0,68.0208,68.0208,83.0839,94.3194,19.6735,24.4767,423
2016-03-02 16:00:00,104.89,transfer,1.0,83.0812,0.0,69.5263,69.5263,83.0812,94.3193,19.6958,24.4991,424
2016-03-02 17:00:00,94.15,transfer,1.0,83.0779,0.0,78.3308,78.3308,83.0779,94.3193,19.7448,24.45,425
2016-03-02 18:00:00,92.67,transfer,1.0,83.073,0.0,83.8044,83.8044,83.073,94.3194,19.7518,24.443,426
2016-03-02 19:00:00,81.19,transfer,1.0,83.0684,0.0,66.9116,66.9116,83.0684,94.3193,19.7224,24.4134,427
2016-03-02 20:00:00,75.21,transfer,1.0,83.0635,0.0,90.4379,90.4379,83.0635,94.3189,19.6913,24.382,428
2016-03-02 21:00:00,67.41,transfer,1.0,83.0598,0.0,87.9785,87.9785,83.0598,94.3189,19.6769,24.3673,429
2016-03-02 22:00:00,60.8,transfer,1.0,83.057,0.0,83.5236,83.5236,83.057,94.3189,19.6713,24.3611,430
2016-03-02 23:00:00,57.64,transfer,1.0,83.0546,0.0,92.3193,92.3193,83.0546,94.3189,19.6767,24.3659,431
2016-03-03 00:00:00,57.16,transfer,1.0,83.0544,0.0,78.4784,78.4784,83.0544,94.3188,19.684,24.3726,432
2016-03-03 01:00:00,57.03,transfer,1.0,83.054,0.0,75.2343,75.2343,83.054,94.3189,19.6901,24.3779,433
2016-03-03 02:00:00,56.75,transfer,1.0,83.0566,0.0,95.682,95.682,83.0566,94.3189,19.6945,24.3816,434
2016-03-03 03:00:00,57.3,transfer,1.0,83.0611,0.0,78.0509,78.0509,83.0611,94.3189,19.6958,24.382,435
2016-03-03 04:00:00,57.25,transfer,1.0,83.0661,0.0,84.6509,84.6509,83.0661,94.319,19.6998,24.3853,436
2016-03-03 05:00:00,72.96,transfer,1.0,83.0718,0.0,103.1949,103.1949,83.0718,94.3193,19.6745,24.3593,437
2016-03-03 06:00:00,76.56,transfer,1.0,83.0775,0.0,81.953,81.953,83.0775,94.3194,19.645,24.3291,438
2016-03-03 07:00:00,76.73,transfer,1.0,83.0833,0.0,77.8793,77.8793,83.0833,94.3195,19.6271,24.3107,439
2016-03-03 08:00:00,90.05,transfer,1.0,83.087,0.0,86.7355,86.7355,83.087,94.3196,19.6457,24.2918,440
2016-03-03 09:00:00,109.54,transfer,1.0,83.0906,0.0,75.0366,75.0366,83.0906,94.3197,19.6601,24.3065,441
2016-03-03 10:00:00,114.38,transfer,1.0,83.0928,0.0,71.7521,71.7521,83.0928,94.3196,19.6511,24.2978,442
2016-03-03 11:00:00,102.91,transfer,1.0,83.094,0.0,87.3687,87.3687,83.094,94.3197,19.5933,24.2402,443
2016-03-03 12:00:00,104.07,transfer,1.0,83.0937,0.0,78.1609,78.1609,83.0937,94.3198,19.5424,24.1894,444
2016-03-03 13:00:00,105.52,transfer,1.0,83.0923,0.0,70.5445,70.5445,83.0923,94.3197,19.5318,24.1789,445
2016-03-03 14:00:00,103.01,transfer,1.0,83.0908,0.0,76.2584,76.2584,83.0908,94.3198,19.5217,24.1688,446
2016-03-03 15:00:00,108.57,transfer,1.0,83.0888,0.0,76.054,76.054,83.0888,94.3197,19.5365,24.1838,447
2016-03-03 16:00:00,102.76,transfer,1.0,83.0864,0.0,70.8622,70.8622,83.0864,94.3197,19.5346,24.1819,448
2016-03-03 17:00:00,94.4,transfer,1.0,83.0838,0.0,71.3101,71.3101,83.0838,94.3197,19.5659,24.1515,449
2016-03-03 18:00:00,86.9,transfer,1.0,83.0797,0.0,81.3465,81.3465,83.0797,94.3197,19.5843,24.1243,450
2016-03-03 19:00:00,74.29,transfer,1.0,83.0752,0.0,98.2099,98.2099,83.0752,94.3197,19.5603,24.1002,451
2016-03-03 20:00:00,70.05,transfer,1.0,83.0694,0.0,79.5774,79.5774,83.0694,94.3195,19.5462,24.086,452
2016-03-03 21:00:00,64.87,transfer,1.0,83.0643,0.0,96.722,96.722,83.0643,94.3194,19.5361,24.0758,453
2016-03-03 22:00:00,59.92,transfer,1.0,83.0599,0.0,67.3871,67.3871,83.0599,94.3192,19.5234,24.063,454
2016-03-03 23:00:00,57.99,transfer,1.0,83.0567,0.0,79.0895,79.0895,83.0567,94.3192,19.5156,24.0551,455
2016-03-04 00:00:00,57.92,transfer,1.0,83.0551,0.0,66.4216,66.4216,83.0551,94.3191,19.5054,24.0448,456
2016-03-04 01:00:00,57.91,transfer,1.0,83.0531,0.0,81.0474,81.0474,83.0531,94.3188,19.4939,24.0332,457
2016-03-04 02:00:00,57.6,transfer,1.0,83.0541,0.0,89.979,89.979,83.0541,94.3188,19.4853,24.0246,458
2016-03-04 03:00:00,57.97,transfer,1.0,83.0584,0.0,71.2216,71.2216,83.0584,94.319,19.4756,24.0148,459
2016-03-04 04:00:00,58.35,transfer,1.0,83.0635,0.0,83.3574,83.3574,83.0635,94.3191,19.4651,24.0042,460
2016-03-04 05:00:00,72.77,transfer,1.0,83.0679,0.0,94.5239,94.5239,83.0679,94.3191,19.4593,23.9984,461
2016-03-04 06:00:00,77.25,transfer,1.0,83.0737,0.0,51.6656,51.6656,83.0737,94.3192,19.4412,23.9802,462
2016-03-04 07:00:00,75.15,transfer,1.0,83.0795,0.0,72.3668,72.3668,83.0795,94.3194,19.4272,23.9663,463
2016-03-04 08:00:00,90.39,transfer,1.0,83.0833,0.0,87.1281,87.1281,83.0833,94.3195,19.3825,23.9683,464
2016-03-04 09:00:00,108.52,transfer,1.0,83.0872,0.0,75.5418,75.5418,83.0872,94.3196,19.3559,23.9418,465
2016-03-04 10:00:00,114.88,transfer,1.0,83.0897,0.0,82.7295,82.7295,83.0897,94.3196,19.3572,23.9431,466
2016-03-04 11:00:00,115.23,transfer,1.0,83.0911,0.0,80.9891,80.9891,83.0911,94.3196,19.3654,23.9512,467
2016-03-04 12:00:00,113.15,transfer,1.0,83.0912,0.0,76.3241,76.3241,83.0912,94.3196,19.37,23.9559,468
2016-03-04 13:00:00,106.61,transfer,1.0,83.0905,0.0,57.4053,57.4053,83.0905,94.3197,19.3517,23.9375,469
2016-03-04 14:00:00,101.85,transfer,1.0,83.0889,0.0,74.6435,74.6435,83.0889,94.3197,19.3159,23.9018,470
2016-03-04 15:00:00,104.4,transfer,1.0,83.0863,0.0,77.3852,77.3852,83.0863,94.3196,19.3597,23.9456,471
2016-03-04 16:00:00,96.42,transfer,1.0,83.0829,0.0,79.0404,79.0404,83.0829,94.3196,19.3652,23.9511,472
2016-03-04 17:00:00,88.73,transfer,1.0,83.0792,0.0,93.5329,93.5329,83.0792,94.3196,19.3589,23.9575,473
2016-03-04 18:00:00,84.83,transfer,1.0,83.0743,0.0,54.5485,54.5485,83.0743,94.3195,19.3488,23.9675,474
2016-03-04 19:00:00,72.66,transfer,1.0,83.0689,0.0,80.5791,80.5791,83.0689,94.3194,19.3516,23.9703,475
2016-03-04 20:00:00,66.85,transfer,1.0,83.0625,0.0,96.8452,96.8452,83.0625,94.3192,19.3743,23.993,476
2016-03-04 21:00:00,63.79,transfer,1.0,83.057,0.0,89.4982,89.4982,83.057,94.3191,19.3749,23.9936,477
2016-03-04 22:00:00,59.66,transfer,1.0,83.0517,0.0,89.725,89.725,83.0517,94.319,19.3691,23.9878,478
2016-03-04 23:00:00,58.0,transfer,1.0,83.0477,0.0,80.8447,80.8447,83.0477,94.319,19.3623,23.9811,479
2016-03-05 00:00:00,57.5,transfer,1.0,83.0465,0.0,91.4884,91.4884,83.0465,94.3189,19.3559,23.9747,480
2016-03-05 01:00:00,57.67,transfer,1.0,83.0368,0.0,64.0007,64.0007,83.0368,94.3183,19.3493,23.9681,481
2016-03-05 02:00:00,57.4,transfer,1.0,83.0325,0.0,80.3552,80.3552,83.0325,94.3182,19.3441,23.9629,482
2016-03-05 03:00:00,57.67,transfer,1.0,83.0331,0.0,82.8192,82.8192,83.0331,94.3184,19.342,23.9608,483
2016-03-05 04:00:00,57.57,transfer,1.0,83.0368,0.0,78.9451,78.9451,83.0368,94.3185,19.3404,23.9592,484
2016-03-05 05:00:00,71.16,transfer,1.0,83.0421,0.0,91.923,91.923,83.0421,94.3186,19.3418,23.9607,485
2016-03-05 06:00:00,76.16,transfer,1.0,83.0491,0.0,99.5464,99.5464,83.0491,94.3187,19.334,23.9529,486
2016-03-05 07:00:00,75.04,transfer,1.0,83.0573,0.0,69.3074,69.3074,83.0573,94.3188,19.326,23.9449,487
2016-03-05 08:00:00,71.13,transfer,1.0,83.0634,0.0,84.4858,84.4858,83.0634,94.319,19.3248,23.9437,488
2016-03-05 09:00:00,69.36,transfer,1.0,83.068,0.0,102.5507,102.5507,83.068,94.3191,19.3451,23.964,489
2016-03-05 10:00:00,68.56,transfer,1.0,83.0694,0.0,92.2939,92.2939,83.0694,94.3191,19.3686,23.9875,490
2016-03-05 11:00:00,68.51,transfer,1.0,83.0689,0.0,96.766,96.766,83.0689,94.319,19.3917,24.0106,491
2016-03-05 12:00:00,70.24,transfer,1.0,83.0669,0.0,75.3983,75.3983,83.0669,94.319,19.4108,24.0297,492
2016-03-05 13:00:00,68.03,transfer,1.0,83.0636,0.0,73.6218,73.6218,83.0636,94.319,19.4387,24.0577,493
2016-03-05 14:00:00,64.8,transfer,1.0,83.0591,0.0,91.9431,91.9431,83.0591,94.319,19.4966,24.1156,494
2016-03-05 15:00:00,64.74,transfer,1.0,83.0523,0.0,83.0894,83.0894,83.0523,94.3191,19.5415,24.1605,495
2016-03-05 16:00:00,64.44,transfer,1.0,83.0417,0.0,88.6182,88.6182,83.0417,94.319,19.5724,24.1915,496
2016-03-05 17:00:00,62.11,transfer,1.0,83.0279,0.0,88.6775,88.6775,83.0279,94.319,19.5979,24.2169,497
2016-03-05 18:00:00,62.79,transfer,1.0,83.0114,0.0,90.6999,90.6999,83.0114,94.3188,19.6184,24.2376,498
2016-03-05 19:00:00,57.8,transfer,1.0,82.9896,0.0,75.0203,75.0203,82.9896,94.3187,19.6231,24.2423,499
2016-03-05 20:00:00,57.36,transfer,1.0,82.9647,0.0,87.7502,87.7502,82.9647,94.3183,19.6305,24.2498,500
2016-03-05 21:00:00,57.71,transfer,1.0,82.939,0.0,82.8141,82.8141,82.939,94.3184,19.6374,24.2568,501
2016-03-05 22:00:00,56.87,transfer,1.0,82.9113,0.0,83.375,83.375,82.9113,94.3182,19.647,24.2665,502
2016-03-05 23:00:00,55.78,transfer,1.0,82.8892,0.0,82.7616,82.7616,82.8892,94.3184,19.6541,24.2737,503
2016-03-06 00:00:00,55.4,blend,0.5526,87.9935,0.0,96.0861,96.0861,82.8718,94.3185,19.663,24.2826,504
2016-03-06 01:00:00,55.24,blend,0.5526,87.9926,0.0,89.2383,89.2383,82.8704,94.3183,19.6733,24.293,505
2016-03-06 02:00:00,55.06,blend,0.5526,87.9959,0.0,74.8736,74.8736,82.8762,94.3183,19.6836,24.3033,506
2016-03-06 03:00:00,55.3,blend,0.5526,87.9998,0.0,55.5937,55.5937,82.8834,94.3183,19.6997,24.3194,507
2016-03-06 04:00:00,55.35,blend,0.5526,88.0037,0.0,70.477,70.477,82.8904,94.3184,19.7175,24.3373,508
2016-03-06 05:00:00,69.49,blend,0.5526,88.0096,0.0,83.454,83.454,82.901,94.3185,19.7235,24.3433,509
2016-03-06 06:00:00,71.28,blend,0.5526,88.0206,0.0,99.9327,99.9327,82.9208,94.3186,19.7322,24.352,510
2016-03-06 07:00:00,69.98,blend,0.5526,88.0356,0.0,82.2329,82.2329,82.9479,94.3187,19.7341,24.3539,511
2016-03-06 08:00:00,63.55,blend,0.5526,88.0489,0.0,82.1826,82.1826,82.9719,94.3188,19.7594,24.3792,512
2016-03-06 09:00:00,62.93,blend,0.5526,88.0604,0.0,71.3578,71.3578,82.9925,94.3188,19.781,24.4007,513
2016-03-06 10:00:00,62.53,blend,0.5526,88.0665,0.0,69.7701,69.7701,83.0037,94.3187,19.8132,24.433,514
2016-03-06 11:00:00,61.46,blend,0.5526,88.0701,0.0,84.0433,84.0433,83.0103,94.3187,19.8513,24.4711,515
2016-03-06 12:00:00,61.6,blend,0.5526,88.0715,0.0,69.2191,69.2191,83.0128,94.3186,19.8856,24.5053,516
2016-03-06 13:00:00,62.92,blend,0.5526,88.0707,0.0,79.9519,79.9519,83.0115,94.3186,19.9075,24.5273,517
2016-03-06 14:00:00,60.72,blend,0.5526,88.0679,0.0,77.9043,77.9043,83.0065,94.3185,19.9466,24.5664,518
2016-03-06 15:00:00,61.68,blend,0.5526,88.0632,0.0,83.389,83.389,82.9981,94.3184,19.9787,24.5985,519
2016-03-06 16:00:00,60.79,blend,0.5526,88.0555,0.0,79.4937,79.4937,82.9841,94.3184,20.0263,24.646,520
2016-03-06 17:00:00,59.45,blend,0.5526,88.0454,0.0,93.6709,93.6709,82.9658,94.3184,20.0668,24.6864,521
2016-03-06 18:00:00,59.48,blend,0.5526,88.0323,0.0,103.2611,103.2611,82.9421,94.3184,20.0925,24.712,522
2016-03-06 19:00:00,54.9,blend,0.5526,88.0159,0.0,79.4403,79.4403,82.9124,94.3183,20.1016,24.7208,523
2016-03-06 20:00:00,55.41,blend,0.5526,87.9981,0.0,83.6861,83.6861,82.8806,94.318,20.1101,24.7288,524
2016-03-06 21:00:00,55.89,blend,0.5526,87.9768,0.0,100.7022,100.7022,82.842,94.3178,20.1177,24.7358,525
2016-03-06 22:00:00,56.53,blend,0.5526,87.9552,0.0,105.0303,105.0303,82.8031,94.3177,20.1286,24.7457,526
2016-03-06 23:00:00,55.58,blend,0.5526,87.9362,0.0,87.8535,87.8535,82.7687,94.3178,20.1379,24.7537,527
2016-03-07 00:00:00,55.4,blend,0.5526,87.9201,0.0,72.8169,72.8169,82.7394,94.3178,20.1466,24.7607,528
2016-03-07 01:00:00,55.28,blend,0.5526,87.9481,0.0,96.9448,96.9448,82.7899,94.3183,20.1568,24.7693,529
2016-03-07 02:00:00,55.15,blend,0.5526,87.9728,0.0,81.4008,81.4008,82.8344,94.3184,20.1664,24.7772,530
2016-03-07 03:00:00,55.67,blend,0.5526,87.9949,0.0,89.8389,89.8389,82.8744,94.3184,20.1746,24.784,531
2016-03-07 04:00:00,55.72,blend,0.5526,88.0163,0.0,77.2928,77.2928,82.9131,94.3185,20.1804,24.7884,532
2016-03-07 05:00:00,69.88,blend,0.5526,88.0362,0.0,84.5624,84.5624,82.9491,94.3186,20.1881,24.7952,533
2016-03-07 06:00:00,73.87,blend,0.5526,88.0569,0.0,105.6331,105.6331,82.9864,94.3186,20.1823,24.7886,534
2016-03-07 07:00:00,69.33,blend,0.5526,88.0759,0.0,90.2063,90.2063,83.0209,94.3186,20.1924,24.7982,535
2016-03-07 08:00:00,91.57,blend,0.5526,88.089,0.0,93.2064,93.2064,83.0443,94.3188,20.1526,24.7914,536
2016-03-07 09:00:00,111.58,blend,0.5526,88.0987,0.0,78.8723,78.8723,83.0619,94.3188,20.1306,24.7697,537
2016-03-07 10:00:00,111.24,blend,0.5526,88.1062,0.0,92.7489,92.7489,83.0757,94.3186,20.0785,24.7176,538
2016-03-07 11:00:00,111.26,blend,0.5526,88.1108,0.0,77.7493,77.7493,83.0839,94.3186,20.0583,24.6975,539
2016-03-07 12:00:00,108.88,blend,0.5526,88.1128,0.0,78.6936,78.6936,83.0876,94.3187,20.0421,24.6814,540
2016-03-07 13:00:00,103.21,blend,0.5526,88.1136,0.0,75.7271,75.7271,83.089,94.3188,19.9979,24.6372,541
2016-03-07 14:00:00,94.49,blend,0.5526,88.1135,0.0,89.4234,89.4234,83.0888,94.3188,19.945,24.5843,542
2016-03-07 15:00:00,100.57,blend,0.5526,88.1126,0.0,84.4784,84.4784,83.0872,94.3187,19.914,24.5534,543
2016-03-07 16:00:00,102.03,blend,0.5526,88.1111,0.0,73.2774,73.2774,83.0844,94.3187,19.9199,24.5593,544
2016-03-07 17:00:00,90.11,blend,0.5526,88.1093,0.0,81.1206,81.1206,83.0812,94.3186,19.9071,24.5721,545
2016-03-07 18:00:00,83.72,blend,0.5526,88.1074,0.0,80.6682,80.6682,83.0778,94.3186,19.8972,24.5819,546
2016-03-07 19:00:00,71.89,blend,0.5526,88.1047,0.0,94.1275,94.1275,83.0729,94.3187,19.9081,24.5929,547
2016-03-07 20:00:00,67.28,blend,0.5526,88.1013,0.0,82.6193,82.6193,83.0669,94.3185,19.9212,24.6059,548
2016-03-07 21:00:00,60.73,blend,0.5526,88.0984,0.0,72.2038,72.2038,83.0618,94.3183,19.9345,24.6193,549
2016-03-07 22:00:00,57.53,blend,0.5526,88.096,0.0,95.2199,95.2199,83.0576,94.3182,19.9458,24.6306,550
2016-03-07 23:00:00,56.53,blend,0.5526,88.094,0.0,102.4104,102.4104,83.054,94.3181,19.9562,24.6409,551
2016-03-08 00:00:00,55.78,blend,0.5526,88.0931,0.0,78.5883,78.5883,83.0523,94.3181,19.9655,24.6502,552
2016-03-08 01:00:00,55.59,blend,0.5526,88.0941,0.0,73.3825,73.3825,83.054,94.3183,19.9778,24.6625,553
2016-03-08 02:00:00,55.14,blend,0.5526,88.096,0.0,89.6797,89.6797,83.0574,94.3184,19.9888,24.6736,554
2016-03-08 03:00:00,55.52,blend,0.5526,88.0982,0.0,92.9503,92.9503,83.0613,94.3184,20.0015,24.6862,555
2016-03-08 04:00:00,55.58,blend,0.5526,88.1008,0.0,89.2333,89.2333,83.066,94.3185,20.0138,24.6985,556
2016-03-08 05:00:00,66.03,blend,0.5526,88.1031,0.0,81.8518,81.8518,83.0703,94.3185,20.0414,24.7262,557
2016-03-08 06:00:00,68.3,blend,0.5526,88.1064,0.0,71.3294,71.3294,83.0761,94.3184,20.0833,24.768,558
2016-03-08 07:00:00,64.26,blend,0.5526,88.1095,0.0,85.1803,85.1803,83.0816,94.3185,20.1176,24.8024,559
2016-03-08 08:00:00,84.26,blend,0.5526,88.1112,0.0,87.7395,87.7395,83.0846,94.3187,20.0687,24.8514,560
2016-03-08 09:00:00,105.03,blend,0.5526,88.1132,0.0,73.0779,73.0779,83.088,94.319,20.0511,24.8337,561
2016-03-08 10:00:00,115.23,blend,0.5526,88.1147,0.0,70.0916,70.0916,83.0907,94.319,20.1051,24.8877,562
2016-03-08 11:00:00,117.25,blend,0.5526,88.1155,0.0,72.2444,72.2444,83.0923,94.319,20.1421,24.9247,563
2016-03-08 12:00:00,117.55,blend,0.5526,88.1159,0.0,78.674,78.674,83.0929,94.319,20.1744,24.957,564
2016-03-08 13:00:00,116.62,blend,0.5526,88.1156,0.0,84.5614,84.5614,83.0926,94.3188,20.2068,24.9893,565
2016-03-08 14:00:00,110.53,blend,0.5526,88.115,0.0,78.0269,78.0269,83.0916,94.3187,20.2274,25.01,566
2016-03-08 15:00:00,114.37,blend,0.5526,88.1138,0.0,96.6333,96.6333,83.0896,94.3185,20.2587,25.0413,567
2016-03-08 16:00:00,111.83,blend,0.5526,88.1124,0.0,89.8105,89.8105,83.087,94.3184,20.2853,25.0679,568
2016-03-08 17:00:00,98.19,blend,0.5526,88.1106,0.0,88.3058,88.3058,83.0839,94.3184,20.3007,25.0833,569
2016-03-08 18:00:00,92.42,blend,0.5526,88.108,0.0,70.427,70.427,83.0789,94.3185,20.3287,25.0554,570
2016-03-08 19:00:00,73.05,blend,0.5526,88.1045,0.0,84.8263,84.8263,83.0725,94.3187,20.3386,25.0652,571
2016-03-08 20:00:00,67.45,blend,0.5526,88.0998,0.0,66.0299,66.0299,83.0642,94.3186,20.3445,25.0712,572
2016-03-08 21:00:00,64.69,blend,0.5526,88.0955,0.0,92.9092,92.9092,83.0565,94.3184,20.3408,25.0675,573
2016-03-08 22:00:00,59.96,blend,0.5526,88.0917,0.0,93.0669,93.0669,83.0498,94.3182,20.3386,25.0652,574
2016-03-08 23:00:00,58.89,blend,0.5526,88.089,0.0,88.3976,88.3976,83.0451,94.318,20.3325,25.0591,575
2016-03-09 00:00:00,58.19,blend,0.5526,88.0877,0.0,72.9275,72.9275,83.0426,94.3181,20.329,25.0557,576
2016-03-09 01:00:00,58.21,blend,0.5526,88.0875,0.0,88.7209,88.7209,83.0421,94.3184,20.3237,25.0504,577
2016-03-09 02:00:00,57.96,blend,0.5526,88.0889,0.0,83.6089,83.6089,83.0446,94.3184,20.3216,25.0482,578
2016-03-09 03:00:00,58.54,blend,0.5526,88.0916,0.0,71.7329,71.7329,83.0495,94.3182,20.3169,25.0434,579
2016-03-09 04:00:00,58.27,blend,0.5526,88.0947,0.0,89.0326,89.0326,83.0552,94.3182,20.3131,25.0395,580
2016-03-09 05:00:00,69.3,blend,0.5526,88.0978,0.0,81.1193,81.1193,83.0607,94.3183,20.3007,25.027,581
2016-03-09 06:00:00,68.91,blend,0.5526,88.1017,0.0,86.8961,86.8961,83.0678,94.3182,20.3078,25.0341,582
2016-03-09 07:00:00,66.77,blend,0.5526,88.1052,0.0,70.3538,70.3538,83.074,94.3184,20.332,25.0582,583
2016-03-09 08:00:00,90.77,blend,0.5526,88.1072,0.0,83.4442,83.4442,83.0773,94.3188,20.3416,25.0486,584
2016-03-09 09:00:00,111.21,blend,0.5526,88.1098,0.0,94.7459,94.7459,83.082,94.3187,20.3395,25.0465,585
2016-03-09 10:00:00,112.2,blend,0.5526,88.112,0.0,73.712,73.712,83.0863,94.3184,20.3024,25.0094,586
2016-03-09 11:00:00,114.58,blend,0.5526,88.1131,0.0,81.2313,81.2313,83.0883,94.3184,20.317,25.024,587
2016-03-09 12:00:00,115.73,blend,0.5526,88.1129,0.0,87.9089,87.9089,83.0877,94.3186,20.3433,25.0504,588
2016-03-09 13:00:00,114.54,blend,0.5526,88.1122,0.0,75.7539,75.7539,83.0865,94.3186,20.3748,25.0818,589
2016-03-09 14:00:00,108.03,blend,0.5526,88.1107,0.0,65.9347,65.9347,83.0838,94.3187,20.389,25.096,590
2016-03-09 15:00:00,111.73,blend,0.5526,88.1088,0.0,79.9357,79.9357,83.0803,94.3186,20.4157,25.1227,591
2016-03-09 16:00:00,105.19,blend,0.5526,88.1063,0.0,74.8099,74.8099,83.0759,94.3184,20.4175,25.1245,592
2016-03-09 17:00:00,99.66,blend,0.5526,88.1031,0.0,90.2727,90.2727,83.0703,94.3182,20.4504,25.1553,593
2016-03-09 18:00:00,88.17,blend,0.5526,88.0982,0.0,77.7334,77.7334,83.0612,94.3185,20.4236,25.1821,594
2016-03-09 19:00:00,73.84,blend,0.5526,88.0926,0.0,85.9247,85.9247,83.0509,94.3187,20.4673,25.2258,595
2016-03-09 20:00:00,69.38,blend,0.5526,88.084,0.0,100.5311,100.5311,83.0354,94.3187,20.5018,25.2605,596
2016-03-09 21:00:00,62.11,blend,0.5526,88.0761,0.0,82.038,82.038,83.0213,94.3184,20.5331,25.2921,597
2016-03-09 22:00:00,59.94,blend,0.5526,88.0685,0.0,88.4857,88.4857,83.0077,94.3183,20.538,25.2972,598
2016-03-09 23:00:00,58.02,blend,0.5526,88.0615,0.0,82.4248,82.4248,82.995,94.3184,20.5353,25.2949,599
2016-03-10 00:00:00,57.45,blend,0.5526,88.0569,0.0,77.9711,77.9711,82.9867,94.3183,20.5332,25.2932,600
2016-03-10 01:00:00,57.4,blend,0.5526,88.0518,0.0,96.9704,96.9704,82.9774,94.3184,20.5306,25.291,601
2016-03-10 02:00:00,57.41,blend,0.5526,88.0503,0.0,64.4979,64.4979,82.9746,94.3185,20.5261,25.287,602
2016-03-10 03:00:00,57.21,blend,0.5526,88.0533,0.0,77.2538,77.2538,82.98,94.3184,20.5262,25.2876,603
2016-03-10 04:00:00,57.39,blend,0.5526,88.0582,0.0,83.3697,83.3697,82.9888,94.3185,20.5249,25.2867,604
2016-03-10 05:00:00,70.99,blend,0.5526,88.0636,0.0,81.5519,81.5519,82.9985,94.3186,20.5362,25.2985,605
2016-03-10 06:00:00,72.75,blend,0.5526,88.0722,0.0,91.4025,91.4025,83.014,94.3187,20.5585,25.3211,606
2016-03-10 07:00:00,69.54,blend,0.5526,88.0808,0.0,87.7485,87.7485,83.0296,94.3187,20.601,25.3639,607
2016-03-10 08:00:00,90.16,blend,0.5526,88.0868,0.0,96.3541,96.3541,83.0403,94.3188,20.6019,25.3633,608
2016-03-10 09:00:00,109.21,blend,0.5526,88.0936,0.0,83.0796,83.0796,83.0525,94.319,20.6002,25.3613,609
2016-03-10 10:00:00,112.82,blend,0.5526,88.0993,0.0,79.1412,79.1412,83.063,94.3189,20.5911,25.352,610
2016-03-10 11:00:00,116.72,blend,0.5526,88.1026,0.0,97.3221,97.3221,83.069,94.3189,20.6734,25.4342,611
2016-03-10 12:00:00,116.14,blend,0.5526,88.1034,0.0,80.5316,80.5316,83.0704,94.319,20.7454,25.5061,612
2016-03-10 13:00:00,109.96,blend,0.5526,88.1033,0.0,79.3008,79.3008,83.0701,94.319,20.772,25.5325,613
2016-03-10 14:00:00,103.59,blend,0.5526,88.1021,0.0,76.8078,76.8078,83.0679,94.319,20.7755,25.536,614
2016-03-10 15:00:00,107.23,blend,0.5526,88.0991,0.0,78.9086,78.9086,83.0626,94.3189,20.7677,25.528,615
2016-03-10 16:00:00,109.21,blend,0.5526,88.0953,0.0,80.6562,80.6562,83.0558,94.3188,20.8063,25.5664,616
2016-03-10 17:00:00,100.82,blend,0.5526,88.0902,0.0,95.6701,95.6701,83.0466,94.3187,20.8447,25.6046,617
2016-03-10 18:00:00,92.13,blend,0.5526,88.0833,0.0,98.5693,98.5693,83.0341,94.3188,20.8761,25.5735,618
2016-03-10 19:00:00,69.13,blend,0.5526,88.075,0.0,90.7303,90.7303,83.019,94.3188,20.9065,25.6042,619
2016-03-10 20:00:00,62.21,blend,0.5526,88.0628,0.0,88.2854,88.2854,82.9971,94.3186,20.9528,25.6509,620
2016-03-10 21:00:00,58.89,blend,0.5526,88.0474,0.0,82.3214,82.3214,82.9694,94.3185,20.9878,25.6864,621
2016-03-10 22:00:00,55.05,blend,0.5526,88.0286,0.0,79.6257,79.6257,82.9356,94.3182,21.016,25.7154,622
2016-03-10 23:00:00,53.42,blend,0.5526,88.0085,0.0,87.5228,87.5228,82.8993,94.3181,21.0423,25.7426,623
2016-03-11 00:00:00,53.0,blend,0.5526,87.9912,0.0,79.4068,79.4068,82.8679,94.3182,21.0705,25.7719,624
2016-03-11 01:00:00,52.94,blend,0.5526,87.9731,0.0,90.3591,90.3591,82.8354,94.318,21.0988,25.8015,625
2016-03-11 02:00:00,52.67,blend,0.5526,87.9633,0.0,78.4838,78.4838,82.8176,94.318,21.1267,25.8308,626
2016-03-11 03:00:00,52.75,blend,0.5526,87.9646,0.0,73.9372,73.9372,82.8198,94.318,21.1563,25.8619,627
2016-03-11 04:00:00,53.12,blend,0.5526,87.973,0.0,87.4959,87.4959,82.835,94.3181,21.1861,25.893,628
2016-03-11 05:00:00,69.2,blend,0.5526,87.9854,0.0,71.9924,71.9924,82.8574,94.3181,21.2061,25.9143,629
2016-03-11 06:00:00,70.99,blend,0.5526,88.0051,0.0,93.4386,93.4386,82.8931,94.3181,21.2423,25.9515,630
2016-03-11 07:00:00,66.33,blend,0.5526,88.0283,0.0,84.1955,84.1955,82.9349,94.3183,21.2939,26.004,631
2016-03-11 08:00:00,88.7,blend,0.5526,88.0462,0.0,84.5875,84.5875,82.9672,94.3186,21.2846,26.0141,632
2016-03-11 09:00:00,98.26,blend,0.5526,88.0629,0.0,88.7972,88.7972,82.9974,94.3186,21.224,25.953,633
2016-03-11 10:00:00,102.89,blend,0.5526,88.0777,0.0,79.2481,79.2481,83.0241,94.3186,21.1531,25.8816,634
2016-03-11 11:00:00,104.34,blend,0.5526,88.0864,0.0,86.6204,86.6204,83.0399,94.3186,21.0885,25.8168,635
2016-03-11 12:00:00,99.16,blend,0.5526,88.0907,0.0,85.6646,85.6646,83.0476,94.3186,21.0055,25.7335,636
2016-03-11 13:00:00,99.67,blend,0.5526,88.0915,0.0,98.1897,98.1897,83.0491,94.3186,20.9645,25.6922,637
2016-03-11 14:00:00,97.59,blend,0.5526,88.0897,0.0,90.3878,90.3878,83.0458,94.3186,20.9394,25.6669,638
2016-03-11 15:00:00,96.75,blend,0.5526,88.0867,0.0,78.0165,78.0165,83.0404,94.3186,20.8941,25.6214,639
2016-03-11 16:00:00,88.61,blend,0.5526,88.0826,0.0,85.1623,85.1623,83.033,94.3186,20.8479,25.6428,640
2016-03-11 17:00:00,78.72,blend,0.5526,88.076,0.0,74.3151,74.3151,83.0209,94.3187,20.8399,25.7024,641
2016-03-11 18:00:00,75.28,blend,0.5526,88.066,0.0,91.6275,91.6275,83.0028,94.3188,20.8754,25.7593,642
2016-03-11 19:00:00,59.53,blend,0.5526,88.0528,0.0,79.1917,79.1917,82.9789,94.3187,20.953,25.8374,643
2016-03-11 20:00:00,59.25,blend,0.5526,88.0383,0.0,73.7549,73.7549,82.9529,94.3184,20.9976,25.8826,644
2016-03-11 21:00:00,56.34,blend,0.5526,88.0209,0.0,88.0908,88.0908,82.9216,94.3182,21.0411,25.927,645
2016-03-11 22:00:00,51.52,blend,0.5526,88.0076,0.0,93.6454,93.6454,82.8976,94.3182,21.0887,25.9754,646
2016-03-11 23:00:00,50.19,blend,0.5526,87.9968,0.0,70.2282,70.2282,82.878,94.3181,21.1341,26.0219,647
2016-03-12 00:00:00,49.44,blend,0.5526,87.988,0.0,52.6543,52.6543,82.8623,94.3179,21.181,26.0699,648
2016-03-12 01:00:00,49.34,blend,0.5526,87.9589,0.0,91.5742,91.5742,82.8102,94.3171,21.2293,26.1195,649
2016-03-12 02:00:00,49.26,blend,0.5526,87.9346,0.0,73.0858,73.0858,82.7663,94.317,21.2761,26.1679,650
2016-03-12 03:00:00,47.77,blend,0.5526,87.9214,0.0,88.582,88.582,82.7423,94.3173,21.3333,26.2268,651
2016-03-12 04:00:00,48.15,blend,0.5526,87.9134,0.0,77.6244,77.6244,82.7278,94.3173,21.3876,26.2829,652
2016-03-12 05:00:00,57.94,blend,0.5526,87.9093,0.0,88.8114,88.8114,82.7203,94.3174,21.4643,26.3616,653
2016-03-12 06:00:00,65.37,blend,0.5526,87.9231,0.0,92.0704,92.0704,82.7451,94.3176,21.5267,26.4258,654
2016-03-12 07:00:00,68.21,blend,0.5526,87.9439,0.0,83.846,83.846,82.7826,94.3178,21.5658,26.4664,655
2016-03-12 08:00:00,65.26,blend,0.5526,87.9701,0.0,93.3483,93.3483,82.8299,94.318,21.5993,26.5014,656
2016-03-12 09:00:00,67.45,blend,0.5526,87.9998,0.0,95.8006,95.8006,82.8834,94.3183,21.6096,26.5127,657
2016-03-12 10:00:00,66.66,blend,0.5526,88.0168,0.0,77.3791,77.3791,82.9142,94.3183,21.62,26.524,658
2016-03-12 11:00:00,65.86,blend,0.5526,88.0273,0.0,84.5131,84.5131,82.9331,94.3183,21.6349,26.5398,659
2016-03-12 12:00:00,67.11,blend,0.5526,88.0304,0.0,85.9597,85.9597,82.9389,94.3182,21.6528,26.5584,660
2016-03-12 13:00:00,64.5,blend,0.5526,88.0286,0.0,80.8094,80.8094,82.9355,94.3181,21.6731,26.5795,661
2016-03-12 14:00:00,62.1,blend,0.5526,88.0216,0.0,77.2218,77.2218,82.923,94.3181,21.6883,26.5955,662
2016-03-12 15:00:00,58.63,blend,0.5526,88.0069,0.0,100.2468,100.2468,82.8965,94.318,21.7238,26.6319,663
2016-03-12 16:00:00,55.37,blend,0.5526,87.9816,0.0,79.4114,79.4114,82.8506,94.318,21.7766,26.6859,664
2016-03-12 17:00:00,54.5,blend,0.5526,87.9368,0.0,68.003,68.003,82.7696,94.318,21.8204,26.7312,665
2016-03-12 18:00:00,53.92,blend,0.5526,87.8676,0.0,73.7969,73.7969,82.6444,94.318,21.871,26.7839,666
2016-03-12 19:00:00,52.1,blend,0.5526,87.7622,0.0,89.3075,89.3075,82.4538,94.3178,21.9017,26.8179,667
2016-03-12 20:00:00,51.72,blend,0.5526,87.6309,0.0,95.6324,95.6324,82.2165,94.3174,21.9308,26.8514,668
2016-03-12 21:00:00,50.95,blend,0.5526,87.4617,0.0,100.2589,100.2589,81.9103,94.3173,21.965,26.8917,669
2016-03-12 22:00:00,50.77,blend,0.5526,87.2214,0.0,83.2982,83.2982,81.4754,94.3173,21.9927,26.928,670
2016-03-12 23:00:00,48.39,blend,0.5526,86.9254,0.0,91.7324,91.7324,80.9398,94.3173,22.0251,26.972,671
2016-03-13 00:00:00,47.4,blend,0.5506,86.6042,0.0,73.7558,73.7558,80.3076,94.3173,22.0575,27.0196,672
2016-03-13 01:00:00,47.43,blend,0.5506,86.3467,0.0,60.7861,60.7861,79.8399,94.3172,22.0859,27.066,673
2016-03-13 02:00:00,47.475,blend,0.5506,86.1406,0.0,83.6265,83.6265,79.4657,94.3172,22.1108,27.1112,674
2016-03-13 03:00:00,47.52,blend,0.5506,84.9078,0.0,62.3402,62.3402,77.2618,94.2739,22.1236,27.1572,675
2016-03-13 04:00:00,60.59,blend,0.5506,84.1769,0.0,79.2687,79.2687,75.9065,94.3078,22.0508,27.126,676
2016-03-13 05:00:00,61.01,blend,0.5506,83.7023,0.0,67.0451,67.0451,75.0388,94.3147,22.0545,27.1764,677
2016-03-13 06:00:00,62.27,blend,0.5506,84.0383,0.0,80.771,80.771,75.6475,94.3166,22.0649,27.2301,678
2016-03-13 07:00:00,62.23,blend,0.5506,84.8333,0.0,80.1517,80.1517,77.091,94.3173,22.0761,27.2762,679
2016-03-13 08:00:00,53.95,blend,0.5506,85.774,0.0,79.8833,79.8833,78.7994,94.3177,22.1084,27.3333,680
2016-03-13 09:00:00,53.76,blend,0.5506,86.4537,0.0,89.1095,89.1095,80.0338,94.3179,22.1454,27.3879,681
2016-03-13 10:00:00,52.9,blend,0.5506,86.8754,0.0,84.7213,84.7213,80.7996,94.3181,22.1896,27.4452,682
2016-03-13 11:00:00,53.21,blend,0.5506,87.1163,0.0,83.223,83.223,81.2373,94.3179,22.2282,27.4943,683
2016-03-13 12:00:00,50.77,blend,0.5506,87.2521,0.0,63.332,63.332,81.4839,94.318,22.2835,27.5588,684
2016-03-13 13:00:00,50.13,blend,0.5506,87.3055,0.0,91.4616,91.4616,81.5809,94.3179,22.3511,27.6349,685
2016-03-13 14:00:00,53.76,blend,0.5506,87.2913,0.0,85.8096,85.8096,81.5551,94.318,22.3839,27.6763,686
2016-03-13 15:00:00,57.68,blend,0.5506,87.2158,0.0,87.3761,87.3761,81.418,94.3179,22.3983,27.7001,687
2016-03-13 16:00:00,59.37,blend,0.5506,87.0603,0.0,78.621,78.621,81.1358,94.3175,22.3958,27.7086,688
2016-03-13 17:00:00,58.67,blend,0.5506,86.7541,0.0,85.1018,85.1018,80.5803,94.3168,22.3862,27.7132,689
2016-03-13 18:00:00,46.64,blend,0.5506,86.5332,0.0,62.9949,62.9949,80.1783,94.3177,22.4462,27.7896,690
2016-03-13 19:00:00,52.9,blend,0.5506,86.2515,0.0,96.3857,96.3857,79.6667,94.3177,22.4388,27.8015,691
2016-03-13 20:00:00,53.7,blend,0.5506,85.9495,0.0,75.7305,75.7305,79.1183,94.3174,22.4266,27.8117,692
2016-03-13 21:00:00,52.94,blend,0.5506,85.6201,0.0,72.6533,72.6533,78.5203,94.3171,22.4184,27.8293,693
2016-03-13 22:00:00,54.44,blend,0.5506,85.3422,0.0,79.5531,79.5531,78.0155,94.3171,22.4024,27.8417,694
2016-03-13 23:00:00,53.02,blend,0.5506,85.0394,0.0,66.56,66.56,77.4659,94.3167,22.386,27.8569,695
2016-03-14 00:00:00,52.92,blend,0.5506,84.7177,0.0,76.5512,76.5512,76.8819,94.3162,22.3659,27.8717,696
2016-03-14 01:00:00,52.49,blend,0.5506,85.243,0.0,74.0877,74.0877,77.835,94.3175,22.353,27.8883,697
2016-03-14 02:00:00,52.45,blend,0.5506,85.9438,0.0,69.566,69.566,79.108,94.3175,22.3469,27.9044,698
2016-03-14 03:00:00,52.6,blend,0.5506,86.6915,0.0,73.4217,73.4217,80.4683,94.3148,22.3509,27.9226,699
2016-03-14 04:00:00,66.75,blend,0.5506,87.0837,0.0,83.0877,83.0877,81.1785,94.3175,22.2749,27.8569,700
2016-03-14 05:00:00,69.39,blend,0.5506,87.4804,0.0,76.0178,76.0178,81.8985,94.318,22.2716,27.8599,701
2016-03-14 06:00:00,71.67,blend,0.5506,87.7805,0.0,81.2074,81.2074,82.4435,94.3182,22.2814,27.873,702
2016-03-14 07:00:00,97.93,blend,0.5506,87.945,0.0,83.5459,83.5459,82.742,94.3184,22.2903,27.7457,703
2016-03-14 08:00:00,105.06,blend,0.5506,88.0323,0.0,73.0435,73.0435,82.9007,94.3183,22.3715,27.7933,704
2016-03-14 09:00:00,110.87,blend,0.5506,88.0832,0.0,97.2909,97.2909,82.993,94.3185,22.3677,27.7891,705
2016-03-14 10:00:00,112.84,blend,0.5506,88.1082,0.0,80.4585,80.4585,83.0384,94.3185,22.3774,27.7986,706
2016-03-14 11:00:00,109.14,blend,0.5506,88.1203,0.0,79.6183,79.6183,83.0604,94.3185,22.3649,27.786,707
2016-03-14 12:00:00,106.9,blend,0.5506,88.1263,0.0,77.098,77.098,83.0713,94.3186,22.3533,27.7742,708
2016-03-14 13:00:00,102.42,blend,0.5506,88.1289,0.0,79.1077,79.1077,83.0759,94.3186,22.3486,27.7695,709
2016-03-14 14:00:00,106.99,blend,0.5506,88.1295,0.0,86.3022,86.3022,83.0771,94.3185,22.4231,27.8439,710
2016-03-14 15:00:00,99.16,blend,0.5506,88.1289,0.0,83.1171,83.1171,83.0761,94.3185,22.4148,27.8355,711
2016-03-14 16:00:00,86.36,blend,0.5506,88.1284,0.0,96.1697,96.1697,83.0751,94.3185,22.3216,27.837,712
2016-03-14 17:00:00,76.09,blend,0.5506,88.1265,0.0,89.0826,89.0826,83.0718,94.3184,22.3213,27.9204,713
2016-03-14 18:00:00,66.02,blend,0.5506,88.1228,0.0,74.3383,74.3383,83.065,94.3184,22.4189,28.0258,714
2016-03-14 19:00:00,67.94,blend,0.5506,88.1186,0.0,83.3297,83.3297,83.0575,94.3183,22.4423,28.0493,715
2016-03-14 20:00:00,65.54,blend,0.5506,88.1135,0.0,79.4679,79.4679,83.0483,94.3181,22.4526,28.0596,716
2016-03-14 21:00:00,58.38,blend,0.5506,88.1105,0.0,73.1938,73.1938,83.0429,94.318,22.4665,28.0736,717
2016-03-14 22:00:00,58.98,blend,0.5506,88.1079,0.0,88.2215,88.2215,83.0383,94.318,22.4577,28.065,718
2016-03-14 23:00:00,57.27,blend,0.5506,88.1055,0.0,90.9621,90.9621,83.0339,94.318,22.4532,28.0606,719
2016-03-15 00:00:00,56.92,blend,0.5506,88.1051,0.0,94.2666,94.2666,83.0333,94.3179,22.4463,28.0538,720
2016-03-15 01:00:00,56.59,blend,0.5506,88.1072,0.0,80.7307,80.7307,83.0369,94.3181,22.4402,28.0478,721
2016-03-15 02:00:00,56.97,blend,0.5506,88.1097,0.0,78.5042,78.5042,83.0416,94.3179,22.4292,28.037,722
2016-03-15 03:00:00,57.2,blend,0.5506,88.1139,0.0,67.7077,67.7077,83.049,94.3183,22.4192,28.027,723
2016-03-15 04:00:00,61.91,blend,0.5506,88.1182,0.0,73.5828,73.5828,83.0566,94.3184,22.3814,27.9893,724
2016-03-15 05:00:00,62.52,blend,0.5506,88.1223,0.0,86.6985,86.6985,83.0639,94.3186,22.4023,28.0102,725
2016-03-15 06:00:00,65.99,blend,0.5506,88.1264,0.0,79.5907,79.5907,83.0714,94.3186,22.416,28.0239,726
2016-03-15 07:00:00,92.46,blend,0.5506,88.1295,0.0,88.9082,88.9082,83.0769,94.3188,22.3598,27.8561,727
2016-03-15 08:00:00,102.89,blend,0.5506,88.1316,0.0,91.2423,91.2423,83.0806,94.3187,22.4708,27.8472,728
2016-03-15 09:00:00,107.15,blend,0.5506,88.1351,0.0,61.2797,61.2797,83.0868,94.3191,22.4834,27.8598,729
2016-03-15 10:00:00,106.35,blend,0.5506,88.137,0.0,74.5512,74.5512,83.0902,94.3192,22.4305,27.807,730
2016-03-15 11:00:00,104.32,blend,0.5506,88.1379,0.0,83.8328,83.8328,83.0917,94.3192,22.3536,27.73,731
2016-03-15 12:00:00,101.08,blend,0.5506,88.138,0.0,80.5601,80.5601,83.092,94.3192,22.2555,27.632,732
2016-03-15 13:00:00,96.05,blend,0.5506,88.1376,0.0,92.7566,92.7566,83.0913,94.3191,22.1331,27.5095,733
2016-03-15 14:00:00,99.33,blend,0.5506,88.1367,0.0,67.0537,67.0537,83.0897,94.319,22.0664,27.4429,734
2016-03-15 15:00:00,97.62,blend,0.5506,88.1353,0.0,98.8753,98.8753,83.0872,94.319,21.9668,27.3432,735
2016-03-15 16:00:00,89.9,blend,0.5506,88.1337,0.0,62.319,62.319,83.0845,94.3187,21.8362,27.2652,736
2016-03-15 17:00:00,79.91,blend,0.5506,88.1315,0.0,95.9151,95.9151,83.0807,94.3186,21.7652,27.3279,737
2016-03-15 18:00:00,65.79,blend,0.5506,88.1283,0.0,57.3829,57.3829,83.0749,94.3184,21.8125,27.4864,738
2016-03-15 19:00:00,66.01,blend,0.5506,88.124,0.0,84.3957,84.3957,83.0673,94.3182,21.8543,27.5283,739
2016-03-15 20:00:00,67.84,blend,0.5506,88.1174,0.0,83.9092,83.9092,83.0556,94.3179,21.852,27.526,740
2016-03-15 21:00:00,60.24,blend,0.5506,88.1125,0.0,90.8545,90.8545,83.0468,94.3178,21.8784,27.5525,741
2016-03-15 22:00:00,60.47,blend,0.5506,88.1088,0.0,83.7302,83.7302,83.0402,94.3176,21.8753,27.5495,742
2016-03-15 23:00:00,58.69,blend,0.5506,88.1052,0.0,87.3932,87.3932,83.0337,94.3177,21.8764,27.5507,743
2016-03-16 00:00:00,58.69,blend,0.5506,88.1028,0.0,90.687,90.687,83.0295,94.3175,21.8734,27.5477,744
2016-03-16 01:00:00,58.52,blend,0.5506,88.1019,0.0,86.1925,86.1925,83.0276,94.3178,21.8715,27.5458,745
2016-03-16 02:00:00,58.13,blend,0.5506,88.1033,0.0,75.7376,75.7376,83.0301,94.3178,21.8704,27.5448,746
2016-03-16 03:00:00,57.72,blend,0.5506,88.1063,0.0,86.4585,86.4585,83.0353,94.3181,21.8752,27.5497,747
2016-03-16 04:00:00,62.03,blend,0.5506,88.1098,0.0,80.6297,80.6297,83.0415,94.3182,21.8527,27.5273,748
2016-03-16 05:00:00,63.32,blend,0.5506,88.1135,0.0,91.988,91.988,83.0484,94.3181,21.8882,27.5629,749
2016-03-16 06:00:00,69.06,blend,0.5506,88.1177,0.0,93.9976,93.9976,83.0558,94.3182,21.8872,27.562,750
2016-03-16 07:00:00,86.48,blend,0.5506,88.1205,0.0,97.2132,97.2132,83.0606,94.3187,21.8106,27.4447,751
2016-03-16 08:00:00,98.07,blend,0.5506,88.1232,0.0,84.6661,84.6661,83.0654,94.3188,21.8541,27.4459,752
2016-03-16 09:00:00,103.03,blend,0.5506,88.1267,0.0,85.4519,85.4519,83.0718,94.3189,21.8054,27.3972,753
2016-03-16 10:00:00,102.12,blend,0.5506,88.1285,0.0,64.5034,64.5034,83.0751,94.3188,21.7455,27.3372,754
2016-03-16 11:00:00,102.19,blend,0.5506,88.1288,0.0,91.7207,91.7207,83.0755,94.3188,21.6718,27.2635,755
2016-03-16 12:00:00,99.56,blend,0.5506,88.128,0.0,85.1179,85.1179,83.0741,94.3188,21.5757,27.1672,756
2016-03-16 13:00:00,94.05,blend,0.5506,88.1265,0.0,87.7349,87.7349,83.0715,94.3187,21.4538,27.0484,757
2016-03-16 14:00:00,97.98,blend,0.5506,88.1239,0.0,78.0182,78.0182,83.0669,94.3185,21.3941,26.9886,758
2016-03-16 15:00:00,98.06,blend,0.5506,88.1201,0.0,88.8798,88.8798,83.0599,94.3186,21.3128,26.9072,759
2016-03-16 16:00:00,87.1,blend,0.5506,88.1158,0.0,94.477,94.477,83.0522,94.3186,21.2053,26.8855,760
2016-03-16 17:00:00,75.79,blend,0.5506,88.11,0.0,83.0079,83.0079,83.0415,94.3187,21.1497,26.964,761
2016-03-16 18:00:00,61.19,blend,0.5506,88.1005,0.0,76.988,76.988,83.0243,94.3187,21.2493,27.1246,762
2016-03-16 19:00:00,62.15,blend,0.5506,88.0863,0.0,82.2448,82.2448,82.9986,94.3186,21.3185,27.1942,763
2016-03-16 20:00:00,62.49,blend,0.5506,88.0646,0.0,84.8557,84.8557,82.9594,94.3182,21.3591,27.2352,764
2016-03-16 21:00:00,56.55,blend,0.5506,88.0467,0.0,87.541,87.541,82.927,94.318,21.3916,27.2683,765
2016-03-16 22:00:00,57.54,blend,0.5506,88.0302,0.0,83.9937,83.9937,82.8973,94.3178,21.4053,27.2826,766
2016-03-16 23:00:00,54.73,blend,0.5506,88.0132,0.0,88.9216,88.9216,82.8665,94.3178,21.4241,27.3021,767
2016-03-17 00:00:00,54.09,blend,0.5506,88.002,0.0,95.2937,95.2937,82.8462,94.3177,21.4432,27.3221,768
2016-03-17 01:00:00,53.93,blend,0.5506,87.9884,0.0,87.1616,87.1616,82.8215,94.3178,21.463,27.3428,769
2016-03-17 02:00:00,53.56,blend,0.5506,87.9826,0.0,79.9659,79.9659,82.8108,94.3179,21.4849,27.3657,770
2016-03-17 03:00:00,53.76,blend,0.5506,87.9807,0.0,79.7969,79.7969,82.8072,94.3179,21.5044,27.3862,771
2016-03-17 04:00:00,58.52,blend,0.5506,87.9869,0.0,77.1402,77.1402,82.8185,94.3179,21.4967,27.3795,772
2016-03-17 05:00:00,60.01,blend,0.5506,88.0041,0.0,86.4921,86.4921,82.8496,94.3182,21.5611,27.4449,773
2016-03-17 06:00:00,60.87,blend,0.5506,88.0283,0.0,80.4829,80.4829,82.8933,94.3185,21.6311,27.5156,774
2016-03-17 07:00:00,81.25,blend,0.5506,88.0486,0.0,86.8749,86.8749,82.93,94.3186,21.5608,27.4459,775
2016-03-17 08:00:00,98.73,blend,0.5506,88.0701,0.0,87.7565,87.7565,82.969,94.3189,21.6123,27.4474,776
2016-03-17 09:00:00,104.57,blend,0.5506,88.0917,0.0,83.1538,83.1538,83.0081,94.3189,21.5849,27.4198,777
2016-03-17 10:00:00,105.85,blend,0.5506,88.1065,0.0,84.1935,84.1935,83.035,94.3189,21.5436,27.3783,778
2016-03-17 11:00:00,105.18,blend,0.5506,88.1143,0.0,88.8604,88.8604,83.049,94.319,21.475,27.3096,779
2016-03-17 12:00:00,105.84,blend,0.5506,88.1183,0.0,87.0902,87.0902,83.0562,94.3192,21.4138,27.2483,780
2016-03-17 13:00:00,99.01,blend,0.5506,88.1198,0.0,78.4324,78.4324,83.0588,94.3193,21.3487,27.1831,781
2016-03-17 14:00:00,100.41,blend,0.5506,88.1196,0.0,89.027,89.027,83.0585,94.3193,21.3298,27.1642,782
2016-03-17 15:00:00,99.76,blend,0.5506,88.1181,0.0,86.7748,86.7748,83.0558,94.3193,21.2854,27.1197,783
2016-03-17 16:00:00,90.16,blend,0.5506,88.1161,0.0,83.5798,83.5798,83.0523,94.3192,21.172,27.0558,784
2016-03-17 17:00:00,79.24,blend,0.5506,88.1128,0.0,78.6058,78.6058,83.0463,94.3192,21.0889,27.1069,785
2016-03-17 18:00:00,62.78,blend,0.5506,88.1072,0.0,89.9532,89.9532,83.036,94.3191,21.1553,27.2816,786
2016-03-17 19:00:00,64.83,blend,0.5506,88.0992,0.0,74.9082,74.9082,83.0216,94.319,21.1809,27.3072,787
2016-03-17 20:00:00,65.24,blend,0.5506,88.0878,0.0,76.4363,76.4363,83.0011,94.3188,21.1629,27.2891,788
2016-03-17 21:00:00,57.0,blend,0.5506,88.0812,0.0,86.9152,86.9152,82.9891,94.3187,21.1743,27.3004,789
2016-03-17 22:00:00,57.52,blend,0.5506,88.0783,0.0,73.9527,73.9527,82.984,94.3186,21.1599,27.2857,790
2016-03-17 23:00:00,55.95,blend,0.5506,88.076,0.0,71.1768,71.1768,82.9796,94.3188,21.1453,27.2706,791
2016-03-18 00:00:00,55.69,blend,0.5506,88.0772,0.0,84.8673,84.8673,82.9821,94.3186,21.13,27.2546,792
2016-03-18 01:00:00,55.23,blend,0.5506,88.0785,0.0,80.8829,80.8829,82.9845,94.3184,21.1172,27.241,793
2016-03-18 02:00:00,55.46,blend,0.5506,88.082,0.0,84.8624,84.8624,82.9908,94.3185,21.1016,27.2244,794
2016-03-18 03:00:00,55.62,blend,0.5506,88.0876,0.0,92.4898,92.4898,83.0012,94.3183,21.0856,27.2073,795
2016-03-18 04:00:00,65.43,blend,0.5506,88.0945,0.0,80.3844,80.3844,83.0137,94.3183,21.0134,27.134,796
2016-03-18 05:00:00,69.18,blend,0.5506,88.1014,0.0,68.9102,68.9102,83.0262,94.3184,21.0145,27.1341,797
2016-03-18 06:00:00,69.14,blend,0.5506,88.1094,0.0,87.3503,87.3503,83.0406,94.3184,21.0264,27.1452,798
2016-03-18 07:00:00,87.74,blend,0.5506,88.1161,0.0,87.835,87.835,83.0527,94.3187,20.9555,27.0177,799
2016-03-18 08:00:00,107.04,blend,0.5506,88.1216,0.0,85.3463,85.3463,83.0624,94.319,21.0641,27.06,800
2016-03-18 09:00:00,108.28,blend,0.5506,88.1278,0.0,102.2458,102.2458,83.0736,94.319,21.1233,27.1196,801
2016-03-18 10:00:00,110.89,blend,0.5506,88.1315,0.0,76.6763,76.6763,83.0804,94.319,21.1706,27.1673,802
2016-03-18 11:00:00,108.47,blend,0.5506,88.1331,0.0,86.1319,86.1319,83.0833,94.319,21.1949,27.1918,803
2016-03-18 12:00:00,106.21,blend,0.5506,88.1336,0.0,69.8977,69.8977,83.0841,94.3191,21.2366,27.2338,804
2016-03-18 13:00:00,101.16,blend,0.5506,88.133,0.0,94.2294,94.2294,83.0829,94.3192,21.2453,27.2427,805
2016-03-18 14:00:00,105.91,blend,0.5506,88.1318,0.0,86.8642,86.8642,83.0807,94.3193,21.2946,27.2922,806
2016-03-18 15:00:00,94.81,blend,0.5506,88.13,0.0,85.5162,85.5162,83.0773,94.3193,21.2829,27.2806,807
2016-03-18 16:00:00,92.08,blend,0.5506,88.1282,0.0,76.1906,76.1906,83.0742,94.3191,21.3033,27.26,808
2016-03-18 17:00:00,87.63,blend,0.5506,88.1246,0.0,103.6572,103.6572,83.0676,94.3192,21.3048,27.2069,809
2016-03-18 18:00:00,66.38,blend,0.5506,88.1205,0.0,89.07,89.07,83.0603,94.319,21.3581,27.2599,810
2016-03-18 19:00:00,62.56,blend,0.5506,88.116,0.0,84.2619,84.2619,83.0522,94.3189,21.3405,27.2419,811
2016-03-18 20:00:00,61.24,blend,0.5506,88.1085,0.0,69.498,69.498,83.0388,94.3186,21.3292,27.23,812
2016-03-18 21:00:00,56.3,blend,0.5506,88.1025,0.0,82.0647,82.0647,83.0282,94.3183,21.3301,27.2303,813
2016-03-18 22:00:00,57.28,blend,0.5506,88.0981,0.0,98.0967,98.0967,83.0201,94.3184,21.2965,27.196,814
2016-03-18 23:00:00,55.99,blend,0.5506,88.0949,0.0,90.9889,90.9889,83.0143,94.3184,21.2628,27.1615,815
2016-03-19 00:00:00,55.46,blend,0.5506,88.0941,0.0,81.641,81.641,83.0129,94.3184,21.2279,27.1256,816
2016-03-19 01:00:00,55.36,blend,0.5506,88.0847,0.0,65.8325,65.8325,82.9964,94.3177,21.1932,27.0898,817
2016-03-19 02:00:00,54.98,blend,0.5506,88.0798,0.0,94.0456,94.0456,82.9872,94.3179,21.1604,27.0558,818
2016-03-19 03:00:00,55.05,blend,0.5506,88.0787,0.0,105.3719,105.3719,82.9853,94.3179,21.1185,27.0124,819
2016-03-19 04:00:00,65.45,blend,0.5506,88.0797,0.0,96.0888,96.0888,82.9873,94.3178,21.0171,26.9095,820
2016-03-19 05:00:00,67.31,blend,0.5506,88.0835,0.0,82.6162,82.6162,82.9939,94.318,20.963,26.8537,821
2016-03-19 06:00:00,68.06,blend,0.5506,88.0915,0.0,74.967,74.967,83.0083,94.3183,20.9485,26.8377,822
2016-03-19 07:00:00,65.41,blend,0.5506,88.0985,0.0,70.2872,70.2872,83.0208,94.3185,20.9666,26.8544,823
2016-03-19 08:00:00,59.74,blend,0.5506,88.1043,0.0,71.4821,71.4821,83.0312,94.3187,21.0007,26.8872,824
2016-03-19 09:00:00,58.99,blend,0.5506,88.1084,0.0,60.7178,60.7178,83.0384,94.3189,21.0519,26.9376,825
2016-03-19 10:00:00,60.8,blend,0.5506,88.1087,0.0,70.4715,70.4715,83.039,94.3188,21.0876,26.9725,826
2016-03-19 11:00:00,60.62,blend,0.5506,88.1077,0.0,82.3149,82.3149,83.0373,94.3188,21.1194,27.0037,827
2016-03-19 12:00:00,59.49,blend,0.5506,88.1063,0.0,101.8132,101.8132,83.0348,94.3188,21.1653,27.049,828
2016-03-19 13:00:00,61.76,blend,0.5506,88.1014,0.0,78.3966,78.3966,83.0262,94.3183,21.1821,27.0653,829
2016-03-19 14:00:00,59.44,blend,0.5506,88.0975,0.0,65.1815,65.1815,83.0188,94.3186,21.1985,27.0812,830
2016-03-19 15:00:00,60.32,blend,0.5506,88.0899,0.0,59.2554,59.2554,83.0051,94.3186,21.1891,27.0711,831
2016-03-19 16:00:00,60.37,blend,0.5506,88.0798,0.0,86.3688,86.3688,82.9868,94.3186,21.1602,27.0414,832
2016-03-19 17:00:00,61.71,blend,0.5506,88.0659,0.0,89.8616,89.8616,82.9615,94.3186,21.1184,26.9984,833
2016-03-19 18:00:00,49.93,blend,0.5506,88.0453,0.0,101.4417,101.4417,82.9242,94.3186,21.1438,27.0222,834
2016-03-19 19:00:00,55.25,blend,0.5506,88.0132,0.0,96.861,96.861,82.8661,94.3181,21.1275,27.0035,835
2016-03-19 20:00:00,57.16,blend,0.5506,87.9806,0.0,75.9897,75.9897,82.8069,94.3182,21.0987,26.9711,836
2016-03-19 21:00:00,55.03,blend,0.5506,87.9517,0.0,80.2105,80.2105,82.7545,94.3181,21.0794,26.9468,837
2016-03-19 22:00:00,56.45,blend,0.5506,87.9258,0.0,92.8274,92.8274,82.7075,94.3181,21.0529,26.913,838
2016-03-19 23:00:00,54.99,blend,0.5506,87.9009,0.0,84.3431,84.3431,82.6622,94.3182,21.0239,26.8737,839
2016-03-20 00:00:00,54.88,transfer,1.0,82.633,0.0,74.2579,74.2579,82.633,94.3182,20.9932,26.8292,840
2016-03-20 01:00:00,54.45,transfer,1.0,82.6342,0.0,88.2646,88.2646,82.6342,94.3181,20.9681,26.7874,841
2016-03-20 02:00:00,54.48,transfer,1.0,82.6445,0.0,75.5918,75.5918,82.6445,94.3181,20.9453,26.7457,842
2016-03-20 03:00:00,54.31,transfer,1.0,82.6691,0.0,71.8836,71.8836,82.6691,94.3182,20.9371,26.7056,843
2016-03-20 04:00:00,68.39,transfer,1.0,82.7084,0.0,83.4518,83.4518,82.7084,94.3182,20.9311,26.6592,844
2016-03-20 05:00:00,67.11,transfer,1.0,82.762,0.0,84.4838,84.4838,82.762,94.3184,20.9408,26.6229,845
2016-03-20 06:00:00,68.38,transfer,1.0,82.8277,0.0,99.437,99.437,82.8277,94.3184,20.9471,26.5866,846
2016-03-20 07:00:00,61.96,transfer,1.0,82.8823,0.0,99.6826,99.6826,82.8823,94.3185,20.9832,26.5882,847
2016-03-20 08:00:00,57.87,transfer,1.0,82.9262,0.0,89.2056,89.2056,82.9262,94.3187,20.9845,26.5648,848
2016-03-20 09:00:00,60.6,transfer,1.0,82.9531,0.0,90.3358,90.3358,82.9531,94.3188,20.9611,26.5241,849
2016-03-20 10:00:00,58.78,transfer,1.0,82.9671,0.0,56.4019,56.4019,82.9671,94.3187,20.939,26.4891,850
2016-03-20 11:00:00,57.78,transfer,1.0,82.9766,0.0,84.5517,84.5517,82.9766,94.3186,20.9222,26.4619,851
2016-03-20 12:00:00,60.24,transfer,1.0,82.9807,0.0,100.328,100.328,82.9807,94.3186,20.8747,26.4056,852
2016-03-20 13:00:00,58.49,transfer,1.0,82.9803,0.0,98.7513,98.7513,82.9803,94.3186,20.8333,26.3558,853
2016-03-20 14:00:00,58.32,transfer,1.0,82.976,0.0,71.1818,71.1818,82.976,94.3186,20.8146,26.3287,854
2016-03-20 15:00:00,59.87,transfer,1.0,82.9667,0.0,96.0889,96.0889,82.9667,94.3186,20.8108,26.3156,855
2016-03-20 16:00:00,57.33,transfer,1.0,82.9521,0.0,68.3212,68.3212,82.9521,94.3185,20.8337,26.3278,856
2016-03-20 17:00:00,57.99,transfer,1.0,82.9331,0.0,80.5822,80.5822,82.9331,94.3185,20.8518,26.3318,857
2016-03-20 18:00:00,47.22,transfer,1.0,82.9068,0.0,52.3618,52.3618,82.9068,94.3184,20.8646,26.3284,858
2016-03-20 19:00:00,53.84,transfer,1.0,82.8689,0.0,74.6425,74.6425,82.8689,94.3182,20.878,26.3228,859
2016-03-20 20:00:00,55.06,transfer,1.0,82.8243,0.0,94.488,94.488,82.8243,94.318,20.892,26.3147,860
2016-03-20 21:00:00,54.98,transfer,1.0,82.788,0.0,89.8943,89.8943,82.788,94.3179,20.9053,26.3026,861
2016-03-20 22:00:00,55.43,transfer,1.0,82.7591,0.0,94.5793,94.5793,82.7591,94.3179,20.9276,26.2967,862
2016-03-20 23:00:00,53.0,transfer,1.0,82.7374,0.0,90.4254,90.4254,82.7374,94.318,20.9591,26.2968,863
2016-03-21 00:00:00,52.81,transfer,1.0,82.719,0.0,87.0074,87.0074,82.719,94.3179,20.9945,26.2975,864
2016-03-21 01:00:00,57.58,transfer,1.0,82.7807,0.0,79.2589,79.2589,82.7807,94.3183,20.9936,26.2672,865
2016-03-21 02:00:00,61.35,transfer,1.0,82.8339,0.0,80.8891,80.8891,82.8339,94.3183,20.9628,26.2142,866
2016-03-21 03:00:00,61.14,transfer,1.0,82.8854,0.0,69.1546,69.1546,82.8854,94.3184,20.9264,26.1634,867
2016-03-21 04:00:00,74.54,transfer,1.0,82.9336,0.0,107.7596,107.7596,82.9336,94.3186,20.8905,26.117,868
2016-03-21 05:00:00,73.89,transfer,1.0,82.9759,0.0,92.8654,92.8654,82.9759,94.3188,20.8701,26.0903,869
2016-03-21 06:00:00,73.18,transfer,1.0,83.0128,0.0,95.9448,95.9448,83.0128,94.3187,20.8645,26.0813,870
2016-03-21 07:00:00,95.94,transfer,1.0,83.0372,0.0,84.7842,84.7842,83.0372,94.3187,20.8509,26.0694,871
2016-03-21 08:00:00,109.76,transfer,1.0,83.0557,0.0,78.3329,78.3329,83.0557,94.3188,20.878,26.0974,872
2016-03-21 09:00:00,112.04,transfer,1.0,83.0727,0.0,83.9925,83.9925,83.0727,94.3188,20.8844,26.1044,873
2016-03-21 10:00:00,114.84,transfer,1.0,83.0827,0.0,87.8865,87.8865,83.0827,94.3188,20.8961,26.1163,874
2016-03-21 11:00:00,110.61,transfer,1.0,83.0878,0.0,85.9906,85.9906,83.0878,94.3188,20.9047,26.125,875
2016-03-21 12:00:00,109.8,transfer,1.0,83.0901,0.0,80.6805,80.6805,83.0901,94.3189,20.9218,26.1423,876
2016-03-21 13:00:00,104.56,transfer,1.0,83.0906,0.0,86.9223,86.9223,83.0906,94.3188,20.9345,26.155,877
2016-03-21 14:00:00,105.27,transfer,1.0,83.09,0.0,79.67,79.67,83.09,94.3189,20.9242,26.1448,878
2016-03-21 15:00:00,104.19,transfer,1.0,83.0883,0.0,88.118,88.118,83.0883,94.3189,20.954,26.1747,879
2016-03-21 16:00:00,90.66,transfer,1.0,83.0863,0.0,75.3641,75.3641,83.0863,94.3187,20.9796,26.1491,880
2016-03-21 17:00:00,85.47,transfer,1.0,83.0833,0.0,81.0725,81.0725,83.0833,94.3188,20.9522,26.0933,881
2016-03-21 18:00:00,65.07,transfer,1.0,83.0784,0.0,88.5409,88.5409,83.0784,94.3187,20.9579,26.0989,882
2016-03-21 19:00:00,62.65,transfer,1.0,83.0731,0.0,85.3427,85.3427,83.0731,94.3186,20.9895,26.1304,883
2016-03-21 20:00:00,61.72,transfer,1.0,83.0654,0.0,85.4267,85.4267,83.0654,94.3184,21.0124,26.1532,884
2016-03-21 21:00:00,55.91,transfer,1.0,83.0602,0.0,94.9505,94.9505,83.0602,94.3182,21.0272,26.1679,885
2016-03-21 22:00:00,56.67,transfer,1.0,83.0562,0.0,85.826,85.826,83.0562,94.3179,21.041,26.1816,886
2016-03-21 23:00:00,55.38,transfer,1.0,83.0538,0.0,85.7464,85.7464,83.0538,94.3179,21.0524,26.1929,887
2016-03-22 00:00:00,55.3,transfer,1.0,83.054,0.0,87.2226,87.2226,83.054,94.3179,21.0622,26.2025,888
2016-03-22 01:00:00,55.41,transfer,1.0,83.0579,0.0,78.773,78.773,83.0579,94.3182,21.0693,26.2095,889
2016-03-22 02:00:00,56.46,transfer,1.0,83.0625,0.0,85.6276,85.6276,83.0625,94.3183,21.0725,26.2126,890
2016-03-22 03:00:00,56.58,transfer,1.0,83.0678,0.0,87.9639,87.9639,83.0678,94.3184,21.0763,26.2163,891
2016-03-22 04:00:00,71.51,transfer,1.0,83.0728,0.0,90.9943,90.9943,83.0728,94.3184,21.0192,26.1591,892
2016-03-22 05:00:00,72.14,transfer,1.0,83.0781,0.0,71.4986,71.4986,83.0781,94.3185,20.962,26.1019,893
2016-03-22 06:00:00,71.62,transfer,1.0,83.0842,0.0,83.8158,83.8158,83.0842,94.3186,20.9286,26.0684,894
2016-03-22 07:00:00,90.63,transfer,1.0,83.0881,0.0,90.1011,90.1011,83.0881,94.3189,20.9176,26.0792,895
2016-03-22 08:00:00,111.58,transfer,1.0,83.0912,0.0,103.6334,103.6334,83.0912,94.319,20.9693,26.131,896
2016-03-22 09:00:00,116.17,transfer,1.0,83.0948,0.0,74.6847,74.6847,83.0948,94.3192,21.0229,26.1847,897
2016-03-22 10:00:00,116.87,transfer,1.0,83.0966,0.0,84.5871,84.5871,83.0966,94.3193,21.0855,26.2473,898
2016-03-22 11:00:00,116.69,transfer,1.0,83.0971,0.0,64.1764,64.1764,83.0971,94.3194,21.1591,26.3209,899
2016-03-22 12:00:00,110.68,transfer,1.0,83.097,0.0,82.8645,82.8645,83.097,94.3193,21.2162,26.3781,900
2016-03-22 13:00:00,100.96,transfer,1.0,83.0963,0.0,76.7398,76.7398,83.0963,94.3192,21.2454,26.4073,901
2016-03-22 14:00:00,102.87,transfer,1.0,83.0947,0.0,86.9281,86.9281,83.0947,94.3191,21.2665,26.4284,902
2016-03-22 15:00:00,100.1,transfer,1.0,83.0923,0.0,97.2959,97.2959,83.0923,94.319,21.2812,26.4431,903
2016-03-22 16:00:00,91.96,transfer,1.0,83.0897,0.0,81.1714,81.1714,83.0897,94.3188,21.2934,26.4309,904
2016-03-22 17:00:00,87.3,transfer,1.0,83.0856,0.0,76.1449,76.1449,83.0856,94.319,21.2997,26.3869,905
2016-03-22 18:00:00,67.43,transfer,1.0,83.0809,0.0,87.816,87.816,83.0809,94.3189,21.2899,26.3771,906
2016-03-22 19:00:00,65.16,transfer,1.0,83.0751,0.0,86.3107,86.3107,83.0751,94.3187,21.295,26.3822,907
2016-03-22 20:00:00,62.15,transfer,1.0,83.0668,0.0,67.2816,67.2816,83.0668,94.3185,21.329,26.416,908
2016-03-22 21:00:00,57.32,transfer,1.0,83.0614,0.0,77.7726,77.7726,83.0614,94.3184,21.3464,26.4334,909
2016-03-22 22:00:00,58.23,transfer,1.0,83.0565,0.0,81.6585,81.6585,83.0565,94.3183,21.3599,26.4468,910
2016-03-22 23:00:00,56.87,transfer,1.0,83.0532,0.0,83.6961,83.6961,83.0532,94.3184,21.3708,26.4576,911
2016-03-23 00:00:00,56.66,transfer,1.0,83.0524,0.0,75.3333,75.3333,83.0524,94.3184,21.383,26.4697,912
2016-03-23 01:00:00,56.49,transfer,1.0,83.0524,0.0,98.4427,98.4427,83.0524,94.3187,21.3953,26.4818,913
2016-03-23 02:00:00,56.56,transfer,1.0,83.0553,0.0,95.7217,95.7217,83.0553,94.3187,21.4048,26.4911,914
2016-03-23 03:00:00,56.62,transfer,1.0,83.0599,0.0,71.4095,71.4095,83.0599,94.3188,21.4115,26.4977,915
2016-03-23 04:00:00,68.29,transfer,1.0,83.0653,0.0,95.1719,95.1719,83.0653,94.3189,21.3743,26.4604,916
2016-03-23 05:00:00,70.05,transfer,1.0,83.0716,0.0,59.0415,59.0415,83.0716,94.319,21.3344,26.4204,917
2016-03-23 06:00:00,70.22,transfer,1.0,83.0779,0.0,85.6441,85.6441,83.0779,94.3191,21.3276,26.4135,918
2016-03-23 07:00:00,90.5,transfer,1.0,83.0823,0.0,65.9963,65.9963,83.0823,94.3192,21.3514,26.3895,919
2016-03-23 08:00:00,112.13,transfer,1.0,83.0863,0.0,94.7377,94.7377,83.0863,94.3192,21.435,26.4732,920
2016-03-23 09:00:00,116.09,transfer,1.0,83.091,0.0,75.8148,75.8148,83.091,94.3193,21.5126,26.551,921
2016-03-23 10:00:00,114.43,transfer,1.0,83.0931,0.0,87.9816,87.9816,83.0931,94.3192,21.5858,26.6242,922
2016-03-23 11:00:00,113.19,transfer,1.0,83.0934,0.0,79.9602,79.9602,83.0934,94.3193,21.6512,26.6897,923
2016-03-23 12:00:00,110.66,transfer,1.0,83.0926,0.0,80.8146,80.8146,83.0926,94.3193,21.7171,26.7558,924
2016-03-23 13:00:00,110.14,transfer,1.0,83.0911,0.0,81.9369,81.9369,83.0911,94.3192,21.8128,26.8484,925
2016-03-23 14:00:00,107.59,transfer,1.0,83.0885,0.0,84.56,84.56,83.0885,94.3192,21.8699,26.9055,926
2016-03-23 15:00:00,108.14,transfer,1.0,83.0857,0.0,86.5103,86.5103,83.0857,94.319,21.9297,26.9655,927
2016-03-23 16:00:00,95.71,transfer,1.0,83.0824,0.0,85.0281,85.0281,83.0824,94.3188,21.9808,26.9309,928
2016-03-23 17:00:00,87.21,transfer,1.0,83.0767,0.0,100.6145,100.6145,83.0767,94.3189,21.9622,26.8629,929
2016-03-23 18:00:00,63.67,transfer,1.0,83.0698,0.0,91.9128,91.9128,83.0698,94.3188,21.9477,26.8481,930
2016-03-23 19:00:00,57.98,transfer,1.0,83.0603,0.0,80.6283,80.6283,83.0603,94.3186,21.9729,26.8729,931
2016-03-23 20:00:00,56.4,transfer,1.0,83.0468,0.0,84.1361,84.1361,83.0468,94.3184,22.0097,26.9092,932
2016-03-23 21:00:00,50.98,transfer,1.0,83.0357,0.0,76.186,76.186,83.0357,94.3182,22.0435,26.9424,933
2016-03-23 22:00:00,51.11,transfer,1.0,83.0231,0.0,81.8217,81.8217,83.0231,94.3179,22.0825,26.9806,934
2016-03-23 23:00:00,48.83,transfer,1.0,83.0126,0.0,66.4948,66.4948,83.0126,94.3178,22.1185,27.0157,935
2016-03-24 00:00:00,48.5,transfer,1.0,83.0048,0.0,80.3746,80.3746,83.0048,94.3177,22.1527,27.049,936
2016-03-24 01:00:00,48.42,transfer,1.0,82.9973,0.0,72.6524,72.6524,82.9973,94.318,22.1866,27.0818,937
2016-03-24 02:00:00,49.31,transfer,1.0,82.9962,0.0,93.225,93.225,82.9962,94.3179,22.213,27.1071,938
2016-03-24 03:00:00,49.53,transfer,1.0,83.0016,0.0,87.4674,87.4674,83.0016,94.318,22.2393,27.1323,939
2016-03-24 04:00:00,61.45,transfer,1.0,83.0115,0.0,78.7261,78.7261,83.0115,94.3181,22.223,27.1149,940
2016-03-24 05:00:00,62.57,transfer,1.0,83.0242,0.0,81.8066,81.8066,83.0242,94.3183,22.2088,27.0996,941
2016-03-24 06:00:00,63.66,transfer,1.0,83.0383,0.0,71.2142,71.2142,83.0383,94.3184,22.1931,27.083,942
2016-03-24 07:00:00,82.0,transfer,1.0,83.048,0.0,92.5091,92.5091,83.048,94.3185,22.1893,27.0785,943
2016-03-24 08:00:00,98.67,transfer,1.0,83.0573,0.0,70.9372,70.9372,83.0573,94.3188,22.1884,27.0782,944
2016-03-24 09:00:00,100.74,transfer,1.0,83.0676,0.0,80.2342,80.2342,83.0676,94.3187,22.1653,27.0554,945
2016-03-24 10:00:00,96.21,transfer,1.0,83.0731,0.0,66.0243,66.0243,83.0731,94.3188,22.1077,26.998,946
2016-03-24 11:00:00,102.4,transfer,1.0,83.0745,0.0,81.635,81.635,83.0745,94.3189,22.091,26.9815,947
2016-03-24 12:00:00,105.27,transfer,1.0,83.0731,0.0,85.393,85.393,83.0731,94.3189,22.0875,26.9781,948
2016-03-24 13:00:00,100.65,transfer,1.0,83.0711,0.0,74.4467,74.4467,83.0711,94.3188,22.0972,26.9878,949
2016-03-24 14:00:00,100.27,transfer,1.0,83.0669,0.0,71.8803,71.8803,83.0669,94.3189,22.0963,26.987,950
2016-03-24 15:00:00,99.43,transfer,1.0,83.0609,0.0,84.3372,84.3372,83.0609,94.3188,22.0943,26.985,951
2016-03-24 16:00:00,93.06,transfer,1.0,83.0522,0.0,80.9212,80.9212,83.0522,94.3188,22.1115,26.9678,952
2016-03-24 17:00:00,79.59,transfer,1.0,83.0388,0.0,71.6377,71.6377,83.0388,94.3186,22.1094,26.9657,953
2016-03-24 18:00:00,53.14,transfer,1.0,83.021,0.0,83.7132,83.7132,83.021,94.3185,22.1667,27.0231,954
2016-03-24 19:00:00,52.96,transfer,1.0,82.9918,0.0,73.2734,73.2734,82.9918,94.3183,22.2372,27.0937,955
2016-03-24 20:00:00,56.81,transfer,1.0,82.9441,0.0,79.7187,79.7187,82.9441,94.318,22.287,27.1439,956
2016-03-24 21:00:00,47.1,transfer,1.0,82.8936,0.0,96.8355,96.8355,82.8936,94.3176,22.3454,27.2028,957
2016-03-24 22:00:00,52.7,transfer,1.0,82.8482,0.0,81.5854,81.5854,82.8482,94.3175,22.3733,27.2315,958
2016-03-24 23:00:00,49.12,transfer,1.0,82.8005,0.0,92.3572,92.3572,82.8005,94.3178,22.4128,27.2722,959
2016-03-25 00:00:00,48.48,transfer,1.0,82.7708,0.0,74.9719,74.9719,82.7708,94.3178,22.4545,27.3151,960
2016-03-25 01:00:00,47.83,transfer,1.0,82.729,0.0,81.5784,81.5784,82.729,94.3178,22.497,27.3591,961
2016-03-25 02:00:00,47.69,transfer,1.0,82.7057,0.0,70.843,70.843,82.7057,94.3178,22.5416,27.4054,962
2016-03-25 03:00:00,47.67,transfer,1.0,82.6978,0.0,80.5199,80.5199,82.6978,94.3178,22.5871,27.4527,963
2016-03-25 04:00:00,64.64,transfer,1.0,82.7007,0.0,76.7977,76.7977,82.7007,94.3178,22.5899,27.4574,964
2016-03-25 05:00:00,65.0,transfer,1.0,82.7251,0.0,99.1445,99.1445,82.7251,94.318,22.613,27.4823,965
2016-03-25 06:00:00,67.13,transfer,1.0,82.7822,0.0,91.1084,91.1084,82.7822,94.318,22.6235,27.4942,966
2016-03-25 07:00:00,87.12,transfer,1.0,82.842,0.0,82.7252,82.7252,82.842,94.3181,22.621,27.4979,967
2016-03-25 08:00:00,98.42,transfer,1.0,82.9032,0.0,81.5519,81.5519,82.9032,94.3182,22.5707,27.4466,968
2016-03-25 09:00:00,102.94,transfer,1.0,82.9601,0.0,77.0529,77.0529,82.9601,94.3183,22.5395,27.4148,969
2016-03-25 10:00:00,103.83,transfer,1.0,82.9911,0.0,93.8743,93.8743,82.9911,94.3184,22.4981,27.3728,970
2016-03-25 11:00:00,105.78,transfer,1.0,83.0083,0.0,90.3937,90.3937,83.0083,94.3185,22.4825,27.3568,971
2016-03-25 12:00:00,95.24,transfer,1.0,83.0146,0.0,79.076,79.076,83.0146,94.3182,22.4176,27.2915,972
2016-03-25 13:00:00,93.77,transfer,1.0,83.0174,0.0,71.3495,71.3495,83.0174,94.3186,22.374,27.254,973
2016-03-25 14:00:00,87.38,transfer,1.0,83.0119,0.0,92.324,92.324,83.0119,94.3186,22.2641,27.2263,974
2016-03-25 15:00:00,81.93,transfer,1.0,83.0032,0.0,82.606,82.606,83.0032,94.3186,22.2007,27.2972,975
2016-03-25 16:00:00,71.04,transfer,1.0,82.9849,0.0,98.3023,98.3023,82.9849,94.3187,22.2182,27.4224,976
2016-03-25 17:00:00,74.8,transfer,1.0,82.9594,0.0,89.1149,89.1149,82.9594,94.3187,22.2396,27.4988,977
2016-03-25 18:00:00,50.51,transfer,1.0,82.9217,0.0,88.5246,88.5246,82.9217,94.3187,22.3332,27.5932,978
2016-03-25 19:00:00,50.21,transfer,1.0,82.8828,0.0,75.3146,75.3146,82.8828,94.3185,22.4057,27.6667,979
2016-03-25 20:00:00,52.7,transfer,1.0,82.8328,0.0,89.2431,89.2431,82.8328,94.3183,22.4553,27.7176,980
2016-03-25 21:00:00,49.5,transfer,1.0,82.7904,0.0,74.6236,74.6236,82.7904,94.3181,22.4944,27.758,981
2016-03-25 22:00:00,49.55,transfer,1.0,82.7702,0.0,85.3822,85.3822,82.7702,94.318,22.5389,27.8041,982
2016-03-25 23:00:00,46.89,transfer,1.0,82.7624,0.0,93.8947,93.8947,82.7624,94.3181,22.5916,27.8582,983
2016-03-26 00:00:00,46.65,transfer,1.0,82.7605,0.0,92.2676,92.2676,82.7605,94.318,22.6425,27.9107,984
2016-03-26 01:00:00,46.51,transfer,1.0,82.7033,0.0,94.3106,94.3106,82.7033,94.3173,22.6935,27.9633,985
2016-03-26 02:00:00,46.37,transfer,1.0,82.661,0.0,86.2048,86.2048,82.661,94.3172,22.7428,28.0146,986
2016-03-26 03:00:00,46.68,transfer,1.0,82.6501,0.0,86.8845,86.8845,82.6501,94.3173,22.7906,28.0644,987
2016-03-26 04:00:00,60.03,transfer,1.0,82.663,0.0,73.0877,73.0877,82.663,94.3173,22.8209,28.0967,988
2016-03-26 05:00:00,62.83,transfer,1.0,82.7127,0.0,102.6742,102.6742,82.7127,94.3176,22.8459,28.1233,989
2016-03-26 06:00:00,63.18,transfer,1.0,82.7927,0.0,73.0775,73.0775,82.7927,94.3178,22.8737,28.1524,990
2016-03-26 07:00:00,55.83,transfer,1.0,82.8659,0.0,87.8951,87.8951,82.8659,94.318,22.9298,28.2094,991
2016-03-26 08:00:00,54.06,transfer,1.0,82.9224,0.0,70.6682,70.6682,82.9224,94.3182,22.9629,28.2432,992
2016-03-26 09:00:00,56.33,transfer,1.0,82.9523,0.0,84.1757,84.1757,82.9523,94.3184,22.9783,28.259,993
2016-03-26 10:00:00,55.93,transfer,1.0,82.9666,0.0,69.776,69.776,82.9666,94.318,23.0068,28.288,994
2016-03-26 11:00:00,55.66,transfer,1.0,82.9757,0.0,79.2104,79.2104,82.9757,94.3178,23.036,28.3175,995
2016-03-26 12:00:00,55.65,transfer,1.0,82.9764,0.0,80.4083,80.4083,82.9764,94.3178,23.0585,28.3404,996
2016-03-26 13:00:00,53.18,transfer,1.0,82.9689,0.0,65.2438,65.2438,82.9689,94.3175,23.1092,28.3914,997
2016-03-26 14:00:00,53.31,transfer,1.0,82.9532,0.0,93.2617,93.2617,82.9532,94.3175,23.1453,28.4279,998
2016-03-26 15:00:00,52.87,transfer,1.0,82.926,0.0,82.5798,82.5798,82.926,94.3176,23.1892,28.4723,999
2016-03-26 16:00:00,54.84,transfer,1.0,82.8851,0.0,75.5062,75.5062,82.8851,94.3177,23.2215,28.5052,1000
2016-03-26 17:00:00,52.61,transfer,1.0,82.8283,0.0,100.8733,100.8733,82.8283,94.3177,23.2749,28.5593,1001
2016-03-26 18:00:00,41.24,transfer,1.0,82.7476,0.0,86.3543,86.3543,82.7476,94.3178,23.3255,28.6111,1002
2016-03-26 19:00:00,44.85,transfer,1.0,82.6189,0.0,84.6117,84.6117,82.6189,94.3176,23.386,28.673,1003
2016-03-26 20:00:00,49.59,transfer,1.0,82.4462,0.0,87.9711,87.9711,82.4462,94.3173,23.4289,28.718,1004
2016-03-26 21:00:00,47.17,transfer,1.0,82.2434,0.0,73.6404,73.6404,82.2434,94.3171,23.4726,28.7648,1005
2016-03-26 22:00:00,47.88,transfer,1.0,82.0377,0.0,69.8208,69.8208,82.0377,94.317,23.5197,28.8158,1006
2016-03-26 23:00:00,46.95,transfer,1.0,81.7812,0.0,72.4021,72.4021,81.7812,94.3171,23.5623,28.8637,1007
2016-03-27 00:00:00,46.57,blend,0.5505,87.2472,0.0,89.7169,89.7169,81.4754,94.317,23.6048,28.9131,1008
2016-03-27 01:00:00,46.63,blend,0.5505,87.0941,0.0,73.3722,73.3722,81.1975,94.3168,23.6428,28.9596,1009
2016-03-27 02:00:00,46.43,blend,0.5505,86.9465,0.0,77.4951,77.4951,80.9293,94.3169,23.6806,29.0076,1010
2016-03-27 03:00:00,46.8,blend,0.5505,86.8026,0.0,84.7573,84.7573,80.6679,94.3168,23.7133,29.0523,1011
2016-03-27 04:00:00,60.42,blend,0.5505,86.7283,0.0,82.0462,82.0462,80.5332,94.3166,23.7478,29.0997,1012
2016-03-27 05:00:00,60.26,blend,0.5505,86.81,0.0,67.7332,67.7332,80.6811,94.3173,23.7762,29.1405,1013
2016-03-27 06:00:00,60.09,blend,0.5505,87.0854,0.0,91.2215,91.2215,81.1813,94.3172,23.8158,29.1898,1014
2016-03-27 07:00:00,54.54,blend,0.5505,87.3875,0.0,82.4008,82.4008,81.7298,94.3174,23.8531,29.234,1015
2016-03-27 08:00:00,50.85,blend,0.5505,87.6258,0.0,87.2887,87.2887,82.1624,94.3177,23.8903,29.2757,1016
2016-03-27 09:00:00,51.76,blend,0.5505,87.7508,0.0,77.2701,77.2701,82.3895,94.3178,23.9396,29.3283,1017
2016-03-27 10:00:00,52.93,blend,0.5505,87.8144,0.0,86.9899,86.9899,82.5051,94.3177,23.9716,29.3632,1018
2016-03-27 11:00:00,51.64,blend,0.5505,87.8487,0.0,83.6027,83.6027,82.5674,94.3176,24.0058,29.3997,1019
2016-03-27 12:00:00,52.46,blend,0.5505,87.8648,0.0,81.9989,81.9989,82.5967,94.3175,24.0498,29.446,1020
2016-03-27 13:00:00,51.69,blend,0.5505,87.8652,0.0,84.1448,84.1448,82.5975,94.3175,24.088,29.4865,1021
2016-03-27 14:00:00,51.88,blend,0.5505,87.8481,0.0,87.4274,87.4274,82.5665,94.3174,24.1239,29.5248,1022
2016-03-27 15:00:00,50.95,blend,0.5505,87.815,0.0,75.5527,75.5527,82.5064,94.3174,24.1742,29.5779,1023
2016-03-27 16:00:00,51.77,blend,0.5505,87.7622,0.0,103.094,103.094,82.4105,94.3174,24.2041,29.611,1024
2016-03-27 17:00:00,52.42,blend,0.5505,87.6832,0.0,99.4027,99.4027,82.2671,94.3173,24.2333,29.6441,1025
2016-03-27 18:00:00,44.45,blend,0.5505,87.5722,0.0,94.5052,94.5052,82.0655,94.3173,24.2448,29.6606,1026
2016-03-27 19:00:00,49.86,blend,0.5505,87.4478,0.0,88.31,88.31,81.8396,94.3172,24.2623,29.6843,1027
2016-03-27 20:00:00,51.22,blend,0.5505,87.3108,0.0,79.5181,79.5181,81.5908,94.317,24.2779,29.7071,1028
2016-03-27 21:00:00,51.24,blend,0.5505,87.1675,0.0,79.4067,79.4067,81.3305,94.317,24.2914,29.7294,1029
2016-03-27 22:00:00,52.15,blend,0.5505,87.0216,0.0,87.0764,87.0764,81.0656,94.317,24.3009,29.7489,1030
2016-03-27 23:00:00,51.24,blend,0.5505,86.8745,0.0,91.9918,91.9918,80.7982,94.3171,24.2998,29.7594,1031
2016-03-28 00:00:00,51.07,blend,0.5505,86.7032,0.0,67.9121,67.9121,80.4873,94.317,24.2969,29.7697,1032
2016-03-28 01:00:00,50.75,blend,0.5505,86.7859,0.0,92.6933,92.6933,80.6371,94.3174,24.3248,29.8104,1033
2016-03-28 02:00:00,50.36,blend,0.5505,86.9599,0.0,79.3915,79.3915,80.9532,94.3175,24.379,29.8758,1034
2016-03-28 03:00:00,50.99,blend,0.5505,87.0517,0.0,88.0759,88.0759,81.121,94.3159,24.4289,29.9362,1035
2016-03-28 04:00:00,64.05,blend,0.5505,87.3291,0.0,100.9144,100.9144,81.6237,94.3174,24.4836,29.9986,1036
2016-03-28 05:00:00,66.36,blend,0.5505,87.5882,0.0,67.8988,67.8988,82.0942,94.3176,24.5231,30.0435,1037
2016-03-28 06:00:00,66.53,blend,0.5505,87.8033,0.0,88.6673,88.6673,82.485,94.3176,24.5596,30.083,1038
2016-03-28 07:00:00,65.28,blend,0.5505,87.9306,0.0,73.7251,73.7251,82.7164,94.3175,24.5866,30.2462,1039
2016-03-28 08:00:00,64.21,blend,0.5505,88.0103,0.0,87.4127,87.4127,82.8608,94.3179,24.5386,30.3335,1040
2016-03-28 09:00:00,65.69,blend,0.5505,88.0535,0.0,87.4991,87.4991,82.9388,94.3184,24.4689,30.3984,1041
2016-03-28 10:00:00,66.85,blend,0.5505,88.0755,0.0,96.5811,96.5811,82.9789,94.3182,24.3758,30.4398,1042
2016-03-28 11:00:00,67.0,blend,0.5505,88.088,0.0,85.924,85.924,83.0016,94.3182,24.3073,30.5054,1043
2016-03-28 12:00:00,67.62,blend,0.5505,88.0944,0.0,88.1015,88.1015,83.0136,94.3178,24.2399,30.5722,1044
2016-03-28 13:00:00,66.79,blend,0.5505,88.0962,0.0,77.1986,77.1986,83.0168,94.3178,24.2087,30.6751,1045
2016-03-28 14:00:00,67.04,blend,0.5505,88.0941,0.0,80.509,80.509,83.0129,94.3178,24.1718,30.7723,1046
2016-03-28 15:00:00,68.52,blend,0.5505,88.0888,0.0,87.7621,87.7621,83.0033,94.3179,24.1324,30.8671,1047
2016-03-28 16:00:00,61.74,blend,0.5505,88.081,0.0,79.2093,79.2093,82.9893,94.3177,24.2138,31.0392,1048
2016-03-28 17:00:00,58.59,blend,0.5505,88.0716,0.0,82.6492,82.6492,82.9722,94.3178,24.3447,31.1992,1049
2016-03-28 18:00:00,46.66,blend,0.5505,88.0589,0.0,87.9179,87.9179,82.9489,94.3179,24.4535,31.3088,1050
2016-03-28 19:00:00,51.11,blend,0.5505,88.044,0.0,92.1664,92.1664,82.9218,94.318,24.5213,31.3775,1051
2016-03-28 20:00:00,55.72,blend,0.5505,88.0283,0.0,99.9823,99.9823,82.8934,94.3179,24.556,31.4132,1052
2016-03-28 21:00:00,53.84,blend,0.5505,88.0159,0.0,72.7964,72.7964,82.8711,94.3177,24.5672,31.4255,1053
2016-03-28 22:00:00,54.34,blend,0.5505,88.0064,0.0,85.18,85.18,82.8539,94.3177,24.5798,31.4394,1054
2016-03-28 23:00:00,52.05,blend,0.5505,87.9995,0.0,86.1898,86.1898,82.8414,94.3177,24.5984,31.4592,1055
2016-03-29 00:00:00,51.94,blend,0.5505,87.9942,0.0,79.4802,79.4802,82.8316,94.3177,24.6171,31.4792,1056
2016-03-29 01:00:00,54.82,blend,0.5505,87.994,0.0,81.9098,81.9098,82.831,94.318,24.6192,31.4827,1057
2016-03-29 02:00:00,54.88,blend,0.5505,87.9965,0.0,76.9449,76.9449,82.8356,94.3181,24.6273,31.4921,1058
2016-03-29 03:00:00,55.06,blend,0.5505,88.0094,0.0,93.8582,93.8582,82.859,94.3179,24.6351,31.5012,1059
2016-03-29 04:00:00,66.95,blend,0.5505,88.0215,0.0,85.4543,85.4543,82.8809,94.3182,24.6611,31.5283,1060
2016-03-29 05:00:00,69.35,blend,0.5505,88.0432,0.0,93.6219,93.6219,82.9199,94.3186,24.6768,31.5449,1061
2016-03-29 06:00:00,68.49,blend,0.5505,88.0688,0.0,67.187,67.187,82.9665,94.3185,24.6947,31.5635,1062
2016-03-29 07:00:00,62.41,blend,0.5505,88.089,0.0,77.363,77.363,83.0032,94.3185,24.7724,31.7315,1063
2016-03-29 08:00:00,63.63,blend,0.5505,88.1033,0.0,96.2463,96.2463,83.0291,94.3185,24.7183,31.8114,1064
2016-03-29 09:00:00,66.8,blend,0.5505,88.1115,0.0,98.7742,98.7742,83.0439,94.3186,24.6181,31.8452,1065
2016-03-29 10:00:00,70.85,blend,0.5505,88.1154,0.0,89.5882,89.5882,83.0511,94.3185,24.4897,31.8506,1066
2016-03-29 11:00:00,71.29,blend,0.5505,88.1185,0.0,77.9618,77.9618,83.0568,94.3185,24.3598,31.8545,1067
2016-03-29 12:00:00,70.69,blend,0.5505,88.1207,0.0,95.2904,95.2904,83.0608,94.3185,24.2692,31.8978,1068
2016-03-29 13:00:00,69.6,blend,0.5505,88.1212,0.0,80.1441,80.1441,83.0617,94.3186,24.243,32.0054,1069
2016-03-29 14:00:00,72.08,blend,0.5505,88.1206,0.0,63.1737,63.1737,83.0605,94.3186,24.1907,32.0869,1070
2016-03-29 15:00:00,69.03,blend,0.5505,88.1187,0.0,97.2443,97.2443,83.0572,94.3183,24.1729,32.203,1071
2016-03-29 16:00:00,64.32,blend,0.5505,88.1162,0.0,77.7573,77.7573,83.0527,94.3183,24.2316,32.3675,1072
2016-03-29 17:00:00,58.95,blend,0.5505,88.1123,0.0,103.4532,103.4532,83.0457,94.3182,24.35,32.5363,1073
2016-03-29 18:00:00,47.18,blend,0.5505,88.1063,0.0,87.6458,87.6458,83.0349,94.3182,24.4702,32.6568,1074
2016-03-29 19:00:00,49.39,blend,0.5505,88.0977,0.0,83.0943,83.0943,83.0193,94.3181,24.5638,32.7507,1075
2016-03-29 20:00:00,55.14,blend,0.5505,88.0879,0.0,83.027,83.027,83.0017,94.3178,24.6051,32.7924,1076
2016-03-29 21:00:00,52.95,blend,0.5505,88.0806,0.0,69.2489,69.2489,82.9886,94.3177,24.6307,32.8184,1077
2016-03-29 22:00:00,53.19,blend,0.5505,88.077,0.0,84.69,84.69,82.9819,94.3177,24.6602,32.8484,1078
2016-03-29 23:00:00,52.51,blend,0.5505,88.0757,0.0,77.8119,77.8119,82.9795,94.3179,24.6858,32.8743,1079
2016-03-30 00:00:00,52.37,blend,0.5505,88.0752,0.0,82.2306,82.2306,82.9787,94.3178,24.7109,32.8999,1080
2016-03-30 01:00:00,52.85,blend,0.5505,88.0765,0.0,76.8399,76.8399,82.9808,94.3181,24.7321,32.9215,1081
2016-03-30 02:00:00,53.66,blend,0.5505,88.0799,0.0,87.6563,87.6563,82.9869,94.3182,24.749,32.9388,1082
2016-03-30 03:00:00,55.06,blend,0.5505,88.0855,0.0,84.0092,84.0092,82.997,94.3182,24.7579,32.9481,1083
2016-03-30 04:00:00,65.86,blend,0.5505,88.0913,0.0,78.4952,78.4952,83.0076,94.3182,24.772,32.9625,1084
2016-03-30 05:00:00,68.56,blend,0.5505,88.0987,0.0,71.879,71.879,83.0208,94.3184,24.7806,32.9714,1085
2016-03-30 06:00:00,67.0,blend,0.5505,88.107,0.0,86.1836,86.1836,83.0357,94.3187,24.7995,32.9906,1086
2016-03-30 07:00:00,60.85,blend,0.5505,88.1134,0.0,87.5263,87.5263,83.0473,94.3188,24.8874,33.1671,1087
2016-03-30 08:00:00,66.24,blend,0.5505,88.1181,0.0,74.1079,74.1079,83.056,94.3187,24.8147,33.2282,1088
2016-03-30 09:00:00,66.73,blend,0.5505,88.1215,0.0,89.8332,89.8332,83.0622,94.3186,24.7154,33.2628,1089
2016-03-30 10:00:00,65.16,blend,0.5505,88.1234,0.0,103.9352,103.9352,83.0657,94.3185,24.6355,33.3167,1090
2016-03-30 11:00:00,67.92,blend,0.5505,88.1244,0.0,79.1291,79.1291,83.0674,94.3185,24.5465,33.3615,1091
2016-03-30 12:00:00,65.09,blend,0.5505,88.1243,0.0,84.7468,84.7468,83.0672,94.3187,24.4894,33.4382,1092
2016-03-30 13:00:00,65.92,blend,0.5505,88.1238,0.0,71.9634,71.9634,83.0662,94.3188,24.4305,33.513,1093
2016-03-30 14:00:00,68.19,blend,0.5505,88.1219,0.0,80.1257,80.1257,83.0628,94.3188,24.3732,33.5896,1094
2016-03-30 15:00:00,69.22,blend,0.5505,88.1193,0.0,76.2063,76.2063,83.0581,94.3187,24.3064,33.6567,1095
2016-03-30 16:00:00,68.26,blend,0.5505,88.1162,0.0,75.8405,75.8405,83.0525,94.3186,24.3193,33.8035,1096
2016-03-30 17:00:00,63.36,blend,0.5505,88.1119,0.0,99.183,99.183,83.0447,94.3186,24.4119,33.9455,1097
2016-03-30 18:00:00,49.1,blend,0.5505,88.1064,0.0,85.6862,85.6862,83.0347,94.3186,24.4984,34.0322,1098
2016-03-30 19:00:00,51.78,blend,0.5505,88.0988,0.0,92.8041,92.8041,83.0209,94.3186,24.5351,34.0691,1099
2016-03-30 20:00:00,56.42,blend,0.5505,88.0888,0.0,92.8247,92.8247,83.0028,94.3185,24.5347,34.069,1100
2016-03-30 21:00:00,54.49,blend,0.5505,88.0814,0.0,72.3808,72.3808,82.9895,94.3184,24.5135,34.0481,1101
2016-03-30 22:00:00,55.48,blend,0.5505,88.0769,0.0,71.174,71.174,82.9812,94.3185,24.4872,34.0221,1102
2016-03-30 23:00:00,54.65,blend,0.5505,88.0739,0.0,85.8751,85.8751,82.9757,94.3185,24.4524,33.9875,1103
2016-03-31 00:00:00,54.31,blend,0.5505,88.0726,0.0,84.801,84.801,82.9735,94.3184,24.4176,33.9529,1104
2016-03-31 01:00:00,54.07,blend,0.5505,88.0704,0.0,87.4144,87.4144,82.9694,94.3184,24.3838,33.9193,1105
2016-03-31 02:00:00,54.61,blend,0.5505,88.0705,0.0,79.9561,79.9561,82.9697,94.3185,24.3521,33.8877,1106
2016-03-31 03:00:00,54.98,blend,0.5505,88.0728,0.0,88.2729,88.2729,82.9738,94.3184,24.3195,33.8553,1107
2016-03-31 04:00:00,64.98,blend,0.5505,88.0765,0.0,90.8711,90.8711,82.9807,94.3184,24.2983,33.8343,1108
2016-03-31 05:00:00,67.26,blend,0.5505,88.0826,0.0,66.3619,66.3619,82.9914,94.3187,24.2702,33.8064,1109
2016-03-31 06:00:00,66.74,blend,0.5505,88.0894,0.0,96.5947,96.5947,83.0038,94.3187,24.2517,33.788,1110
2016-03-31 07:00:00,60.53,blend,0.5505,88.0952,0.0,55.0214,55.0214,83.0142,94.3189,24.3793,33.9158,1111
2016-03-31 08:00:00,63.35,blend,0.5505,88.1009,0.0,89.5495,89.5495,83.0245,94.319,24.4034,34.0743,1112
2016-03-31 09:00:00,67.68,blend,0.5505,88.1049,0.0,78.4419,78.4419,83.0316,94.319,24.3896,34.1946,1113
2016-03-31 10:00:00,72.1,blend,0.5505,88.1055,0.0,84.1564,84.1564,83.0328,94.3189,24.3765,34.3156,1114
2016-03-31 11:00:00,70.11,blend,0.5505,88.1054,0.0,71.039,71.039,83.0326,94.3188,24.3384,34.4116,1115
2016-03-31 12:00:00,74.82,blend,0.5505,88.1054,0.0,87.1569,87.1569,83.0327,94.3188,24.2551,34.4625,1116
2016-03-31 13:00:00,72.28,blend,0.5505,88.1037,0.0,88.7557,88.7557,83.0297,94.3187,24.2145,34.556,1117
2016-03-31 14:00:00,77.05,blend,0.5505,88.1014,0.0,93.5225,93.5225,83.0255,94.3187,24.1477,34.6234,1118
2016-03-31 15:00:00,74.85,blend,0.5505,88.0965,0.0,96.4658,96.4658,83.0166,94.3187,24.0988,34.7088,1119
2016-03-31 16:00:00,74.0,blend,0.5505,88.0904,0.0,86.6336,86.6336,83.0055,94.3186,24.0929,34.8223,1120
2016-03-31 17:00:00,68.85,blend,0.5505,88.0811,0.0,77.1084,77.1084,82.9887,94.3186,24.1565,34.8862,1121
2016-03-31 18:00:00,53.65,blend,0.5505,88.0687,0.0,83.8142,83.8142,82.9663,94.3186,24.1531,34.8832,1122
2016-03-31 19:00:00,57.88,blend,0.5505,88.0526,0.0,85.8874,85.8874,82.937,94.3186,24.1235,34.8539,1123
2016-03-31 20:00:00,60.57,blend,0.5505,88.0342,0.0,82.6458,82.6458,82.9036,94.3186,24.1009,34.8315,1124
2016-03-31 21:00:00,57.94,blend,0.5505,88.02,0.0,77.6698,77.6698,82.8778,94.3185,24.0363,34.767,1125
2016-03-31 22:00:00,57.67,blend,0.5505,88.0079,0.0,65.6511,65.6511,82.856,94.3185,24.0068,34.7374,1126
2016-03-31 23:00:00,55.98,blend,0.5505,87.998,0.0,79.6375,79.6375,82.8379,94.3186,23.9661,34.6966,1127
2016-04-01 00:00:00,55.54,blend,0.5505,87.9903,0.0,100.905,100.905,82.824,94.3184,23.9244,34.6546,1128
2016-04-01 01:00:00,54.98,blend,0.5505,87.9766,0.0,101.1118,101.1118,82.7992,94.3182,23.8823,34.612,1129
2016-04-01 02:00:00,55.43,blend,0.5505,87.967,0.0,62.5017,62.5017,82.7819,94.3182,23.8367,34.5659,1130
2016-04-01 03:00:00,55.53,blend,0.5505,87.9663,0.0,80.0495,80.0495,82.7807,94.3182,23.7904,34.5191,1131
2016-04-01 04:00:00,70.53,blend,0.5505,87.975,0.0,87.2077,87.2077,82.7963,94.3182,23.7559,34.4841,1132
2016-04-01 05:00:00,76.62,blend,0.5505,87.9891,0.0,88.2361,88.2361,82.822,94.3182,23.6873,34.4149,1133
2016-04-01 06:00:00,73.68,blend,0.5505,88.0138,0.0,80.1986,80.1986,82.8667,94.3183,23.6488,34.3759,1134
2016-04-01 07:00:00,66.61,blend,0.5505,88.0375,0.0,82.8951,82.8951,82.9097,94.3185,23.7204,34.498,1135
2016-04-01 08:00:00,69.48,blend,0.5505,88.056,0.0,84.7998,84.7998,82.9432,94.3186,23.7082,34.6215,1136
2016-04-01 09:00:00,69.7,blend,0.5505,88.0632,0.0,73.3801,73.3801,82.9568,94.318,23.6681,34.7167,1137
2016-04-01 10:00:00,71.13,blend,0.5505,88.0703,0.0,76.8496,76.8496,82.9693,94.3185,23.6146,34.7981,1138
2016-04-01 11:00:00,72.44,blend,0.5505,88.0728,0.0,68.3408,68.3408,82.9739,94.3185,23.5417,34.8601,1139
2016-04-01 12:00:00,73.71,blend,0.5505,88.0731,0.0,63.8681,63.8681,82.9743,94.3184,23.5241,34.9773,1140
2016-04-01 13:00:00,70.37,blend,0.5505,88.0696,0.0,81.9205,81.9205,82.9683,94.3182,23.5351,35.1166,1141
2016-04-01 14:00:00,71.74,blend,0.5505,88.062,0.0,71.3264,71.3264,82.9545,94.3181,23.5758,35.2096,1142
2016-04-01 15:00:00,71.57,blend,0.5505,88.0483,0.0,92.9285,92.9285,82.9296,94.3182,23.6371,35.2713,1143
2016-04-01 16:00:00,71.58,blend,0.5505,88.0265,0.0,66.609,66.609,82.89,94.3181,23.6333,35.2681,1144
2016-04-01 17:00:00,65.55,blend,0.5505,87.9944,0.0,68.1421,68.1421,82.8316,94.3182,23.6876,35.3231,1145
2016-04-01 18:00:00,50.92,blend,0.5505,87.952,0.0,98.3277,98.3277,82.7546,94.3183,23.6841,35.3207,1146
2016-04-01 19:00:00,53.85,blend,0.5505,87.8812,0.0,86.4463,86.4463,82.6261,94.3182,23.661,35.299,1147
2016-04-01 20:00:00,58.11,blend,0.5505,87.7915,0.0,82.6758,82.6758,82.4632,94.3181,23.6265,35.2668,1148
2016-04-01 21:00:00,56.0,blend,0.5505,87.7049,0.0,69.8254,69.8254,82.3059,94.318,23.585,35.2281,1149
2016-04-01 22:00:00,55.95,blend,0.5505,87.6324,0.0,94.3641,94.3641,82.1742,94.318,23.5433,35.19,1150
2016-04-01 23:00:00,55.15,blend,0.5505,87.5772,0.0,82.381,82.381,82.0738,94.3181,23.4901,35.1409,1151
2016-04-02 00:00:00,54.47,blend,0.5505,87.5514,0.0,78.0108,78.0108,82.0268,94.3183,23.4392,35.0943,1152
2016-04-02 01:00:00,53.93,blend,0.5505,87.4539,0.0,62.0559,62.0559,81.8503,94.3177,23.3899,35.0502,1153
2016-04-02 02:00:00,54.03,blend,0.5505,87.3977,0.0,95.1037,95.1037,81.7481,94.3177,23.3389,35.0046,1154
2016-04-02 03:00:00,53.89,blend,0.5505,87.3963,0.0,65.7407,65.7407,81.7457,94.3178,23.2906,34.9617,1155
2016-04-02 04:00:00,67.61,blend,0.5505,87.4578,0.0,83.0917,83.0917,81.8572,94.3179,23.2407,34.9165,1156
2016-04-02 05:00:00,67.89,blend,0.5505,87.5699,0.0,87.6611,87.6611,82.0605,94.3182,23.2067,34.8864,1157
2016-04-02 06:00:00,66.79,blend,0.5505,87.7031,0.0,66.1545,66.1545,82.3024,94.3183,23.1823,34.8649,1158
2016-04-02 07:00:00,62.38,blend,0.5505,87.812,0.0,94.1741,94.1741,82.5001,94.3185,23.1411,34.826,1159
2016-04-02 08:00:00,60.57,blend,0.5505,87.8798,0.0,65.1539,65.1539,82.6234,94.3182,23.1006,34.7872,1160
2016-04-02 09:00:00,63.61,blend,0.5505,87.9246,0.0,78.8936,78.8936,82.7047,94.3184,23.0558,34.7439,1161
2016-04-02 10:00:00,64.3,blend,0.5505,87.953,0.0,97.7293,97.7293,82.7564,94.3183,23.0047,34.6941,1162
2016-04-02 11:00:00,63.63,blend,0.5505,87.9768,0.0,105.1705,105.1705,82.7995,94.3184,22.9562,34.6466,1163
2016-04-02 12:00:00,65.36,blend,0.5505,87.9897,0.0,79.2891,79.2891,82.8229,94.3183,22.8975,34.5888,1164
2016-04-02 13:00:00,62.28,blend,0.5505,87.9942,0.0,99.0292,99.0292,82.8312,94.3184,22.8425,34.5347,1165
2016-04-02 14:00:00,58.25,blend,0.5505,87.9897,0.0,88.7372,88.7372,82.823,94.3182,22.8123,34.5053,1166
2016-04-02 15:00:00,61.95,blend,0.5505,87.9732,0.0,74.0594,74.0594,82.7931,94.3182,22.7575,34.4512,1167
2016-04-02 16:00:00,61.32,blend,0.5505,87.94,0.0,84.3473,84.3473,82.7329,94.318,22.718,34.4126,1168
2016-04-02 17:00:00,61.1,blend,0.5505,87.892,0.0,78.9397,78.9397,82.6459,94.3179,22.6664,34.3621,1169
2016-04-02 18:00:00,48.83,blend,0.5505,87.8286,0.0,90.2489,90.2489,82.5307,94.3179,22.6199,34.3169,1170
2016-04-02 19:00:00,51.58,blend,0.5505,87.7368,0.0,77.2798,77.2798,82.3641,94.3178,22.5783,34.2769,1171
2016-04-02 20:00:00,56.39,blend,0.5505,87.6249,0.0,75.3027,75.3027,82.1609,94.3176,22.5362,34.2364,1172
2016-04-02 21:00:00,54.29,blend,0.5505,87.4994,0.0,85.1935,85.1935,81.9331,94.3176,22.4919,34.194,1173
2016-04-02 22:00:00,54.79,blend,0.5505,87.4119,0.0,76.5057,76.5057,81.7738,94.3179,22.4492,34.1529,1174
2016-04-02 23:00:00,52.9,blend,0.5505,87.3736,0.0,95.7737,95.7737,81.7044,94.3177,22.4134,34.1175,1175
2016-04-03 00:00:00,52.68,transfer,1.0,81.5313,0.0,82.5378,82.5378,81.5313,94.3175,22.3773,34.0811,1176
2016-04-03 01:00:00,52.54,transfer,1.0,81.5628,0.0,78.4014,78.4014,81.5628,94.3176,22.3443,34.0459,1177
2016-04-03 02:00:00,52.31,transfer,1.0,81.7009,0.0,81.7604,81.7604,81.7009,94.3177,22.3139,34.011,1178
2016-04-03 03:00:00,52.5,transfer,1.0,81.9094,0.0,96.3684,96.3684,81.9094,94.3178,22.2874,33.977,1179
2016-04-03 04:00:00,65.7,transfer,1.0,82.1795,0.0,80.0148,80.0148,82.1795,94.3175,22.2657,33.9456,1180
2016-04-03 05:00:00,67.67,transfer,1.0,82.3747,0.0,86.5973,86.5973,82.3747,94.3181,22.2317,33.9015,1181
2016-04-03 06:00:00,67.26,transfer,1.0,82.5816,0.0,84.5756,84.5756,82.5816,94.3181,22.1974,33.8588,1182
2016-04-03 07:00:00,59.64,transfer,1.0,82.7314,0.0,82.5706,82.5706,82.7314,94.3182,22.173,33.8285,1183
2016-04-03 08:00:00,60.17,transfer,1.0,82.8304,0.0,78.8949,78.8949,82.8304,94.3185,22.1215,33.773,1184
2016-04-03 09:00:00,61.76,transfer,1.0,82.8903,0.0,88.6678,88.6678,82.8903,94.3186,22.0649,33.7135,1185
2016-04-03 10:00:00,61.31,transfer,1.0,82.9267,0.0,86.9814,86.9814,82.9267,94.3186,22.0176,33.6636,1186
2016-04-03 11:00:00,62.6,transfer,1.0,82.9499,0.0,79.6832,79.6832,82.9499,94.3185,21.9546,33.5984,1187
2016-04-03 12:00:00,62.2,transfer,1.0,82.9633,0.0,95.483,95.483,82.9633,94.3184,21.8988,33.5404,1188
2016-04-03 13:00:00,61.25,transfer,1.0,82.9697,0.0,84.4291,84.4291,82.9697,94.3182,21.8441,33.4835,1189
2016-04-03 14:00:00,60.47,transfer,1.0,82.9694,0.0,66.3118,66.3118,82.9694,94.318,21.7954,33.4324,1190
2016-04-03 15:00:00,61.21,transfer,1.0,82.9613,0.0,90.4051,90.4051,82.9613,94.318,21.737,33.3713,1191
2016-04-03 16:00:00,60.41,transfer,1.0,82.9451,0.0,76.0099,76.0099,82.9451,94.3178,21.6888,33.3199,1192
2016-04-03 17:00:00,58.97,transfer,1.0,82.9236,0.0,79.6439,79.6439,82.9236,94.3179,21.6537,33.2809,1193
2016-04-03 18:00:00,47.74,transfer,1.0,82.8947,0.0,92.4894,92.4894,82.8947,94.3179,21.639,33.2613,1194
2016-04-03 19:00:00,48.12,transfer,1.0,82.8515,0.0,72.9671,72.9671,82.8515,94.3176,21.6554,33.2717,1195
2016-04-03 20:00:00,54.59,transfer,1.0,82.7976,0.0,72.2009,72.2009,82.7976,94.3175,21.6425,33.2516,1196
2016-04-03 21:00:00,54.28,transfer,1.0,82.7388,0.0,82.8908,82.8908,82.7388,94.3174,21.6328,33.2335,1197
2016-04-03 22:00:00,55.08,transfer,1.0,82.6929,0.0,92.4575,92.4575,82.6929,94.3172,21.6251,33.2161,1198
2016-04-03 23:00:00,54.28,transfer,1.0,82.6529,0.0,89.4525,89.4525,82.6529,94.3172,21.618,33.198,1199
2016-04-04 00:00:00,54.04,transfer,1.0,82.6205,0.0,87.4604,87.4604,82.6205,94.3172,21.613,33.1803,1200
2016-04-04 01:00:00,54.77,transfer,1.0,82.6914,0.0,73.6772,73.6772,82.6914,94.3176,21.6013,33.1564,1201
2016-04-04 02:00:00,53.78,transfer,1.0,82.7568,0.0,95.1744,95.1744,82.7568,94.3176,21.5917,33.136,1202
2016-04-04 03:00:00,54.09,transfer,1.0,82.8188,0.0,73.2507,73.2507,82.8188,94.3177,21.5834,33.1176,1203
2016-04-04 04:00:00,67.33,transfer,1.0,82.8684,0.0,83.7823,83.7823,82.8684,94.3179,21.5713,33.0981,1204
2016-04-04 05:00:00,70.02,transfer,1.0,82.9183,0.0,82.966,82.966,82.9183,94.3181,21.5544,33.0763,1205
2016-04-04 06:00:00,67.56,transfer,1.0,82.9646,0.0,80.1378,80.1378,82.9646,94.3181,21.5511,33.0702,1206
2016-04-04 07:00:00,85.85,transfer,1.0,82.9972,0.0,96.6138,96.6138,82.9972,94.3182,21.4643,32.9477,1207
2016-04-04 08:00:00,102.99,transfer,1.0,83.0206,0.0,89.5853,89.5853,83.0206,94.3182,21.4721,32.8201,1208
2016-04-04 09:00:00,106.82,transfer,1.0,83.0441,0.0,85.594,85.594,83.0441,94.3184,21.511,32.7241,1209
2016-04-04 10:00:00,110.61,transfer,1.0,83.0602,0.0,74.7059,74.7059,83.0602,94.3185,21.579,32.6576,1210
2016-04-04 11:00:00,109.79,transfer,1.0,83.0699,0.0,87.0153,87.0153,83.0699,94.3185,21.6428,32.5871,1211
2016-04-04 12:00:00,109.83,transfer,1.0,83.0751,0.0,98.0139,98.0139,83.0751,94.3185,21.7104,32.5205,1212
2016-04-04 13:00:00,107.92,transfer,1.0,83.0768,0.0,82.5768,82.5768,83.0768,94.3185,21.7617,32.4376,1213
2016-04-04 14:00:00,110.61,transfer,1.0,83.0765,0.0,90.6442,90.6442,83.0765,94.3184,21.8305,32.3722,1214
2016-04-04 15:00:00,115.18,transfer,1.0,83.0748,0.0,78.2168,78.2168,83.0748,94.3183,21.9354,32.3428,1215
2016-04-04 16:00:00,105.51,transfer,1.0,83.0717,0.0,98.7146,98.7146,83.0717,94.3184,21.9425,32.2155,1216
2016-04-04 17:00:00,95.82,transfer,1.0,83.0677,0.0,69.0958,69.0958,83.0677,94.3184,21.8733,32.0118,1217
2016-04-04 18:00:00,67.44,transfer,1.0,83.0614,0.0,79.561,79.561,83.0614,94.3181,21.7502,31.8881,1218
2016-04-04 19:00:00,62.82,transfer,1.0,83.0505,0.0,82.4141,82.4141,83.0505,94.3173,21.6813,31.8184,1219
2016-04-04 20:00:00,62.05,transfer,1.0,83.0378,0.0,79.6416,79.6416,83.0378,94.3177,21.6445,31.7807,1220
2016-04-04 21:00:00,57.83,transfer,1.0,83.029,0.0,77.2446,77.2446,83.029,94.3177,21.6217,31.757,1221
2016-04-04 22:00:00,58.25,transfer,1.0,83.0202,0.0,91.282,91.282,83.0202,94.3178,21.5994,31.7337,1222
2016-04-04 23:00:00,56.66,transfer,1.0,83.014,0.0,88.9109,88.9109,83.014,94.318,21.573,31.7063,1223
2016-04-05 00:00:00,56.27,transfer,1.0,83.0141,0.0,88.8652,88.8652,83.0141,94.3181,21.5483,31.6805,1224
2016-04-05 01:00:00,55.95,transfer,1.0,83.0204,0.0,74.8741,74.8741,83.0204,94.3184,21.5427,31.6738,1225
2016-04-05 02:00:00,55.87,transfer,1.0,83.0299,0.0,88.6319,88.6319,83.0299,94.3185,21.5379,31.6679,1226
2016-04-05 03:00:00,56.51,transfer,1.0,83.0403,0.0,63.6241,63.6241,83.0403,94.3186,21.5304,31.6593,1227
2016-04-05 04:00:00,69.11,transfer,1.0,83.0507,0.0,87.2997,87.2997,83.0507,94.3187,21.5185,31.6464,1228
2016-04-05 05:00:00,73.42,transfer,1.0,83.0622,0.0,69.5701,69.5701,83.0622,94.3188,21.4952,31.6222,1229
2016-04-05 06:00:00,71.23,transfer,1.0,83.0728,0.0,82.8316,82.8316,83.0728,94.3187,21.4795,31.6059,1230
2016-04-05 07:00:00,87.75,transfer,1.0,83.0797,0.0,78.184,78.184,83.0797,94.3189,21.3847,31.455,1231
2016-04-05 08:00:00,106.89,transfer,1.0,83.0841,0.0,93.1541,93.1541,83.0841,94.319,21.4109,31.3472,1232
2016-04-05 09:00:00,112.52,transfer,1.0,83.0883,0.0,94.5331,94.5331,83.0883,94.3192,21.4894,31.2917,1233
2016-04-05 10:00:00,111.88,transfer,1.0,83.0911,0.0,83.3792,83.3792,83.0911,94.3192,21.5882,31.2566,1234
2016-04-05 11:00:00,111.7,transfer,1.0,83.0927,0.0,85.6832,85.6832,83.0927,94.3193,21.6884,31.223,1235
2016-04-05 12:00:00,110.92,transfer,1.0,83.0931,0.0,79.2913,79.2913,83.0931,94.3193,21.7804,31.1811,1236
2016-04-05 13:00:00,107.4,transfer,1.0,83.0928,0.0,102.3361,102.3361,83.0928,94.3193,21.845,31.1119,1237
2016-04-05 14:00:00,108.12,transfer,1.0,83.0919,0.0,84.998,84.998,83.0919,94.3192,21.9286,31.0616,1238
2016-04-05 15:00:00,106.28,transfer,1.0,83.0905,0.0,82.4253,82.4253,83.0905,94.319,21.9831,30.9823,1239
2016-04-05 16:00:00,97.31,transfer,1.0,83.0884,0.0,88.7548,88.7548,83.0884,94.3191,21.9563,30.8215,1240
2016-04-05 17:00:00,89.56,transfer,1.0,83.0856,0.0,81.4788,81.4788,83.0856,94.3189,21.8514,30.6393,1241
2016-04-05 18:00:00,68.78,transfer,1.0,83.0819,0.0,99.3778,99.3778,83.0819,94.3188,21.7231,30.5108,1242
2016-04-05 19:00:00,60.78,transfer,1.0,83.0767,0.0,83.2669,83.2669,83.0767,94.3186,21.6556,30.443,1243
2016-04-05 20:00:00,63.86,transfer,1.0,83.0698,0.0,87.4407,87.4407,83.0698,94.3184,21.6041,30.3911,1244
2016-04-05 21:00:00,58.99,transfer,1.0,83.0648,0.0,88.0427,88.0427,83.0648,94.3182,21.5686,30.3551,1245
2016-04-05 22:00:00,59.71,transfer,1.0,83.0614,0.0,90.0158,90.0158,83.0614,94.318,21.5303,30.3163,1246
2016-04-05 23:00:00,57.78,transfer,1.0,83.0592,0.0,75.5467,75.5467,83.0592,94.318,21.4994,30.285,1247
2016-04-06 00:00:00,57.4,transfer,1.0,83.0588,0.0,91.0049,91.0049,83.0588,94.3179,21.47,30.255,1248
2016-04-06 01:00:00,57.81,transfer,1.0,83.0591,0.0,98.8648,98.8648,83.0591,94.3182,21.4409,30.2255,1249
2016-04-06 02:00:00,58.16,transfer,1.0,83.0616,0.0,75.024,75.024,83.0616,94.3183,21.4146,30.1987,1250
2016-04-06 03:00:00,57.83,transfer,1.0,83.0656,0.0,93.5353,93.5353,83.0656,94.3183,21.3985,30.1822,1251
2016-04-06 04:00:00,71.02,transfer,1.0,83.0704,0.0,74.9397,74.9397,83.0704,94.3184,21.3681,30.1515,1252
2016-04-06 05:00:00,74.5,transfer,1.0,83.0764,0.0,87.3771,87.3771,83.0764,94.3186,21.3331,30.1161,1253
2016-04-06 06:00:00,71.85,transfer,1.0,83.0823,0.0,96.9155,96.9155,83.0823,94.3187,21.3045,30.0873,1254
2016-04-06 07:00:00,88.96,transfer,1.0,83.0865,0.0,100.28,100.28,83.0865,94.3191,21.2073,29.92,1255
2016-04-06 08:00:00,107.39,transfer,1.0,83.0894,0.0,73.8381,73.8381,83.0894,94.3193,21.2519,29.8306,1256
2016-04-06 09:00:00,109.45,transfer,1.0,83.0932,0.0,85.2224,85.2224,83.0932,94.3193,21.3116,29.7565,1257
2016-04-06 10:00:00,112.15,transfer,1.0,83.0948,0.0,83.6534,83.6534,83.0948,94.3193,21.3779,29.689,1258
2016-04-06 11:00:00,109.24,transfer,1.0,83.0949,0.0,78.737,78.737,83.0949,94.3194,21.4434,29.6207,1259
2016-04-06 12:00:00,103.98,transfer,1.0,83.0943,0.0,87.0829,87.0829,83.0943,94.3194,21.4607,29.5042,1260
2016-04-06 13:00:00,102.64,transfer,1.0,83.0926,0.0,71.1995,71.1995,83.0926,94.3194,21.475,29.3847,1261
2016-04-06 14:00:00,105.48,transfer,1.0,83.0902,0.0,74.8545,74.8545,83.0902,94.3194,21.5197,29.2956,1262
2016-04-06 15:00:00,102.74,transfer,1.0,83.0876,0.0,78.6556,78.6556,83.0876,94.3193,21.5544,29.1964,1263
2016-04-06 16:00:00,91.21,transfer,1.0,83.0846,0.0,62.7998,62.7998,83.0846,94.3193,21.5147,29.0598,1264
2016-04-06 17:00:00,83.18,transfer,1.0,83.0806,0.0,86.6752,86.6752,83.0806,94.3192,21.3981,28.9418,1265
2016-04-06 18:00:00,65.96,transfer,1.0,83.0743,0.0,83.7943,83.7943,83.0743,94.3193,21.298,28.8414,1266
2016-04-06 19:00:00,64.73,transfer,1.0,83.0661,0.0,83.9062,83.9062,83.0661,94.3192,21.2212,28.7644,1267
2016-04-06 20:00:00,64.85,transfer,1.0,83.0561,0.0,76.5596,76.5596,83.0561,94.319,21.1713,28.7142,1268
2016-04-06 21:00:00,58.71,transfer,1.0,83.0503,0.0,95.9008,95.9008,83.0503,94.3188,21.1465,28.6891,1269
2016-04-06 22:00:00,59.49,transfer,1.0,83.0458,0.0,60.9427,60.9427,83.0458,94.3188,21.1231,28.6652,1270
2016-04-06 23:00:00,58.49,transfer,1.0,83.0424,0.0,77.0086,77.0086,83.0424,94.3187,21.1006,28.6423,1271
2016-04-07 00:00:00,58.21,transfer,1.0,83.0415,0.0,78.7238,78.7238,83.0415,94.3187,21.0778,28.6191,1272
2016-04-07 01:00:00,57.83,transfer,1.0,83.0399,0.0,71.5108,71.5108,83.0399,94.3187,21.0558,28.5967,1273
2016-04-07 02:00:00,57.79,transfer,1.0,83.0411,0.0,80.1594,80.1594,83.0411,94.3187,21.0373,28.5778,1274
2016-04-07 03:00:00,57.81,transfer,1.0,83.0452,0.0,93.1876,93.1876,83.0452,94.3187,21.0209,28.561,1275
2016-04-07 04:00:00,67.71,transfer,1.0,83.0507,0.0,89.4431,89.4431,83.0507,94.3187,21.0051,28.5447,1276
2016-04-07 05:00:00,70.55,transfer,1.0,83.0583,0.0,75.2074,75.2074,83.0583,94.3188,20.9859,28.5251,1277
2016-04-07 06:00:00,73.36,transfer,1.0,83.0657,0.0,76.4327,76.4327,83.0657,94.3189,20.9468,28.4857,1278
2016-04-07 07:00:00,89.67,transfer,1.0,83.0705,0.0,93.2111,93.2111,83.0705,94.319,20.8523,28.3123,1279
2016-04-07 08:00:00,112.15,transfer,1.0,83.074,0.0,75.121,75.121,83.074,94.3188,20.9083,28.2341,1280
2016-04-07 09:00:00,117.26,transfer,1.0,83.0792,0.0,74.9762,74.9762,83.0792,94.3186,21.0203,28.2121,1281
2016-04-07 10:00:00,112.78,transfer,1.0,83.0823,0.0,76.2632,76.2632,83.0823,94.3185,21.132,28.1897,1282
2016-04-07 11:00:00,110.58,transfer,1.0,83.0746,0.0,81.3678,81.3678,83.0746,94.314,21.2188,28.1424,1283
2016-04-07 12:00:00,104.11,transfer,1.0,83.0735,0.0,63.5139,63.5139,83.0735,94.3186,21.2952,28.0847,1284
2016-04-07 13:00:00,105.57,transfer,1.0,83.0722,0.0,85.4575,85.4575,83.0722,94.3188,21.3651,28.0204,1285
2016-04-07 14:00:00,104.55,transfer,1.0,83.0686,0.0,88.6778,88.6778,83.0686,94.319,21.4574,27.9786,1286
2016-04-07 15:00:00,100.95,transfer,1.0,83.0644,0.0,82.2298,82.2298,83.0644,94.319,21.5152,27.9021,1287
2016-04-07 16:00:00,92.53,transfer,1.0,83.0585,0.0,73.1769,73.1769,83.0585,94.319,21.518,27.7918,1288
2016-04-07 17:00:00,88.72,transfer,1.0,83.0494,0.0,81.0651,81.0651,83.0494,94.3191,21.4676,27.6736,1289
2016-04-07 18:00:00,66.15,transfer,1.0,83.0257,0.0,74.8734,74.8734,83.0257,94.3172,21.3936,27.5992,1290
2016-04-07 19:00:00,64.9,transfer,1.0,83.0037,0.0,78.6542,78.6542,83.0037,94.3186,21.3522,27.5574,1291
2016-04-07 20:00:00,65.45,transfer,1.0,82.9765,0.0,85.842,85.842,82.9765,94.3187,21.3236,27.5283,1292
2016-04-07 21:00:00,61.51,transfer,1.0,82.9569,0.0,71.4952,71.4952,82.9569,94.3186,21.3028,27.5071,1293
2016-04-07 22:00:00,62.49,transfer,1.0,82.9408,0.0,90.6794,90.6794,82.9408,94.3185,21.2746,27.4784,1294
2016-04-07 23:00:00,61.15,transfer,1.0,82.9314,0.0,93.9482,93.9482,82.9314,94.3186,21.2444,27.4476,1295
2016-04-08 00:00:00,61.17,transfer,1.0,82.9298,0.0,79.2059,79.2059,82.9298,94.3185,21.2115,27.4141,1296
2016-04-08 01:00:00,60.64,transfer,1.0,82.9264,0.0,80.8776,80.8776,82.9264,94.3184,21.1786,27.3804,1297
2016-04-08 02:00:00,60.41,transfer,1.0,82.9329,0.0,89.6243,89.6243,82.9329,94.3186,21.1498,27.3508,1298
2016-04-08 03:00:00,60.87,transfer,1.0,82.9485,0.0,84.8666,84.8666,82.9485,94.3186,21.119,27.319,1299
2016-04-08 04:00:00,70.69,transfer,1.0,82.972,0.0,79.7015,79.7015,82.972,94.3188,21.1191,27.318,1300
2016-04-08 05:00:00,74.63,transfer,1.0,83.0,0.0,96.0528,96.0528,83.0,94.3188,21.132,27.3299,1301
2016-04-08 06:00:00,72.59,transfer,1.0,83.0259,0.0,55.7948,55.7948,83.0259,94.3189,21.1395,27.3364,1302
2016-04-08 07:00:00,91.89,transfer,1.0,83.0454,0.0,104.9183,104.9183,83.0454,94.3191,21.0951,27.1859,1303
2016-04-08 08:00:00,105.81,transfer,1.0,83.0598,0.0,83.1435,83.1435,83.0598,94.3194,21.1504,27.1065,1304
2016-04-08 09:00:00,109.44,transfer,1.0,83.0727,0.0,88.738,88.738,83.0727,94.3195,21.2284,27.0499,1305
2016-04-08 10:00:00,104.61,transfer,1.0,83.0794,0.0,83.2675,83.2675,83.0794,94.3196,21.2861,26.9731,1306
2016-04-08 11:00:00,103.53,transfer,1.0,83.0827,0.0,72.9019,72.9019,83.0827,94.3196,21.3451,26.8977,1307
2016-04-08 12:00:00,96.23,transfer,1.0,83.0832,0.0,77.9616,77.9616,83.0832,94.3196,21.3682,26.7864,1308
2016-04-08 13:00:00,83.04,transfer,1.0,83.0825,0.0,77.854,77.854,83.0825,94.3196,21.2935,26.711,1309
2016-04-08 14:00:00,79.32,transfer,1.0,83.08,0.0,70.5135,70.5135,83.08,94.3196,21.2491,26.6659,1310
2016-04-08 15:00:00,77.81,transfer,1.0,83.0756,0.0,84.3317,84.3317,83.0756,94.3196,21.2128,26.6288,1311
2016-04-08 16:00:00,80.57,transfer,1.0,83.0699,0.0,91.3847,91.3847,83.0699,94.3195,21.1604,26.5753,1312
2016-04-08 17:00:00,72.22,transfer,1.0,83.0636,0.0,93.9176,93.9176,83.0636,94.3193,21.1221,26.5356,1313
2016-04-08 18:00:00,54.08,transfer,1.0,83.0581,0.0,82.8963,82.8963,83.0581,94.3192,21.1051,26.5168,1314
2016-04-08 19:00:00,51.5,transfer,1.0,83.0462,0.0,82.321,82.321,83.0462,94.319,21.1216,26.5308,1315
2016-04-08 20:00:00,58.3,transfer,1.0,83.0296,0.0,75.0616,75.0616,83.0296,94.3186,21.1238,26.5297,1316
2016-04-08 21:00:00,56.14,transfer,1.0,83.0154,0.0,56.973,56.973,83.0154,94.3184,21.1272,26.5288,1317
2016-04-08 22:00:00,56.44,transfer,1.0,83.0083,0.0,77.7912,77.7912,83.0083,94.3184,21.1292,26.5259,1318
2016-04-08 23:00:00,55.42,transfer,1.0,83.0055,0.0,76.7516,76.7516,83.0055,94.3186,21.1332,26.5243,1319
2016-04-09 00:00:00,55.15,transfer,1.0,83.0063,0.0,70.2721,70.2721,83.0063,94.3186,21.135,26.5203,1320
2016-04-09 01:00:00,55.14,transfer,1.0,82.9915,0.0,76.5368,76.5368,82.9915,94.318,21.1345,26.5131,1321
2016-04-09 02:00:00,55.28,transfer,1.0,82.9838,0.0,96.4107,96.4107,82.9838,94.318,21.1345,26.5056,1322
2016-04-09 03:00:00,55.8,transfer,1.0,82.9835,0.0,91.6263,91.6263,82.9835,94.3181,21.1305,26.4942,1323
2016-04-09 04:00:00,68.78,transfer,1.0,82.9882,0.0,81.4211,81.4211,82.9882,94.3181,21.1302,26.4873,1324
2016-04-09 05:00:00,71.55,transfer,1.0,82.9983,0.0,91.6326,91.6326,82.9983,94.3183,21.114,26.4655,1325
2016-04-09 06:00:00,68.64,transfer,1.0,83.0103,0.0,81.3305,81.3305,83.0103,94.3181,21.1072,26.4545,1326
2016-04-09 07:00:00,63.87,transfer,1.0,83.0214,0.0,87.5007,87.5007,83.0214,94.3183,21.1015,26.4456,1327
2016-04-09 08:00:00,61.16,transfer,1.0,83.0285,0.0,86.6878,86.6878,83.0285,94.3186,21.1004,26.4421,1328
2016-04-09 09:00:00,64.67,transfer,1.0,83.0313,0.0,79.3829,79.3829,83.0313,94.3187,21.096,26.4358,1329
2016-04-09 10:00:00,65.98,transfer,1.0,83.0272,0.0,86.9449,86.9449,83.0272,94.3186,21.0876,26.4258,1330
2016-04-09 11:00:00,66.43,transfer,1.0,83.0079,0.0,63.3816,63.3816,83.0079,94.3169,21.0722,26.4091,1331
2016-04-09 12:00:00,65.56,transfer,1.0,83.0002,0.0,91.5701,91.5701,83.0002,94.3186,21.072,26.4079,1332
2016-04-09 13:00:00,64.05,transfer,1.0,82.988,0.0,76.2411,76.2411,82.988,94.3188,21.0624,26.3974,1333
2016-04-09 14:00:00,63.77,transfer,1.0,82.97,0.0,72.0572,72.0572,82.97,94.3188,21.0305,26.3646,1334
2016-04-09 15:00:00,64.55,transfer,1.0,82.9465,0.0,75.99,75.99,82.9465,94.3187,21.0159,26.3491,1335
2016-04-09 16:00:00,63.78,transfer,1.0,82.9155,0.0,71.1007,71.1007,82.9155,94.3186,21.0023,26.3344,1336
2016-04-09 17:00:00,64.34,transfer,1.0,82.8719,0.0,90.3927,90.3927,82.8719,94.3184,20.9844,26.3152,1337
2016-04-09 18:00:00,47.75,transfer,1.0,82.8165,0.0,72.5839,72.5839,82.8165,94.3184,20.9925,26.3216,1338
2016-04-09 19:00:00,49.22,transfer,1.0,82.7337,0.0,76.5041,76.5041,82.7337,94.3181,21.0088,26.3356,1339
2016-04-09 20:00:00,55.62,transfer,1.0,82.6278,0.0,86.0499,86.0499,82.6278,94.3179,21.0161,26.3402,1340
2016-04-09 21:00:00,54.01,transfer,1.0,82.5174,0.0,84.2901,84.2901,82.5174,94.3177,21.0213,26.3419,1341
2016-04-09 22:00:00,55.23,transfer,1.0,82.432,0.0,82.1529,82.1529,82.432,94.3176,21.0226,26.3393,1342
2016-04-09 23:00:00,54.39,transfer,1.0,82.3522,0.0,89.9116,89.9116,82.3522,94.3175,21.0176,26.3304,1343
2016-04-10 00:00:00,54.24,transfer,1.0,82.2933,0.0,107.548,107.548,82.2933,94.3176,21.0128,26.3211,1344
2016-04-10 01:00:00,54.17,transfer,1.0,82.3103,0.0,75.5319,75.5319,82.3103,94.3174,21.0076,26.3114,1345
2016-04-10 02:00:00,53.98,transfer,1.0,82.353,0.0,64.1843,64.1843,82.353,94.3174,21.0015,26.3015,1346
2016-04-10 03:00:00,54.41,transfer,1.0,82.4244,0.0,77.766,77.766,82.4244,94.3175,20.9932,26.2901,1347
2016-04-10 04:00:00,66.54,transfer,1.0,82.5227,0.0,80.6056,80.6056,82.5227,94.3175,20.9902,26.2851,1348
2016-04-10 05:00:00,69.01,transfer,1.0,82.63,0.0,89.1412,89.1412,82.63,94.3177,20.9838,26.2771,1349
2016-04-10 06:00:00,66.61,transfer,1.0,82.7454,0.0,76.0135,76.0135,82.7454,94.3177,20.9886,26.281,1350
2016-04-10 07:00:00,59.83,transfer,1.0,82.8379,0.0,77.8127,77.8127,82.8379,94.318,20.9881,26.2799,1351
2016-04-10 08:00:00,60.29,transfer,1.0,82.9001,0.0,84.4804,84.4804,82.9001,94.3182,20.9878,26.2791,1352
2016-04-10 09:00:00,61.96,transfer,1.0,82.9349,0.0,77.7649,77.7649,82.9349,94.3182,20.9869,26.2779,1353
2016-04-10 10:00:00,61.49,transfer,1.0,82.9553,0.0,76.3379,76.3379,82.9553,94.3181,20.986,26.2769,1354
2016-04-10 11:00:00,63.13,transfer,1.0,82.9703,0.0,62.8399,62.8399,82.9703,94.318,20.983,26.2737,1355
2016-04-10 12:00:00,63.37,transfer,1.0,82.9765,0.0,82.3131,82.3131,82.9765,94.3181,20.9761,26.2667,1356
2016-04-10 13:00:00,62.91,transfer,1.0,82.9777,0.0,91.0552,91.0552,82.9777,94.3181,20.9663,26.2569,1357
2016-04-10 14:00:00,62.63,transfer,1.0,82.9731,0.0,81.1193,81.1193,82.9731,94.3182,20.9534,26.244,1358
2016-04-10 15:00:00,61.13,transfer,1.0,82.963,0.0,87.1707,87.1707,82.963,94.3182,20.9539,26.2445,1359
2016-04-10 16:00:00,60.61,transfer,1.0,82.9463,0.0,78.0791,78.0791,82.9463,94.3181,20.9527,26.2433,1360
2016-04-10 17:00:00,60.58,transfer,1.0,82.9217,0.0,98.2754,98.2754,82.9217,94.3181,20.9431,26.2337,1361
2016-04-10 18:00:00,47.63,transfer,1.0,82.8894,0.0,85.5944,85.5944,82.8894,94.318,20.9438,26.2344,1362
2016-04-10 19:00:00,48.82,transfer,1.0,82.8436,0.0,63.0962,63.0962,82.8436,94.3178,20.9395,26.2302,1363
2016-04-10 20:00:00,55.47,transfer,1.0,82.7826,0.0,79.3258,79.3258,82.7826,94.3176,20.9342,26.225,1364
2016-04-10 21:00:00,55.41,transfer,1.0,82.7159,0.0,80.9055,80.9055,82.7159,94.3174,20.9273,26.2182,1365
2016-04-10 22:00:00,56.05,transfer,1.0,82.6588,0.0,78.1258,78.1258,82.6588,94.3173,20.9214,26.2125,1366
2016-04-10 23:00:00,55.49,transfer,1.0,82.6155,0.0,85.9787,85.9787,82.6155,94.3173,20.9139,26.2053,1367
2016-04-11 00:00:00,54.89,transfer,1.0,82.5739,0.0,66.6871,66.6871,82.5739,94.3174,20.9086,26.2002,1368
2016-04-11 01:00:00,54.79,transfer,1.0,82.6454,0.0,78.3667,78.3667,82.6454,94.3178,20.9082,26.2001,1369
2016-04-11 02:00:00,54.82,transfer,1.0,82.7144,0.0,77.6528,77.6528,82.7144,94.3179,20.9018,26.1939,1370
2016-04-11 03:00:00,55.33,transfer,1.0,82.7747,0.0,67.8586,67.8586,82.7747,94.318,20.8941,26.1865,1371
2016-04-11 04:00:00,70.04,transfer,1.0,82.8312,0.0,76.1225,76.1225,82.8312,94.3182,20.8778,26.1704,1372
2016-04-11 05:00:00,71.28,transfer,1.0,82.8919,0.0,79.7335,79.7335,82.8919,94.3183,20.8701,26.1629,1373
2016-04-11 06:00:00,70.33,transfer,1.0,82.9504,0.0,78.8205,78.8205,82.9504,94.3184,20.8535,26.1464,1374
2016-04-11 07:00:00,86.16,transfer,1.0,82.9897,0.0,83.2812,83.2812,82.9897,94.3186,20.8554,26.1446,1375
2016-04-11 08:00:00,104.31,transfer,1.0,83.0206,0.0,94.1768,94.1768,83.0206,94.3185,20.8633,26.1524,1376
2016-04-11 09:00:00,112.85,transfer,1.0,83.0474,0.0,79.5984,79.5984,83.0474,94.3185,20.8992,26.1883,1377
2016-04-11 10:00:00,115.72,transfer,1.0,83.0661,0.0,89.4562,89.4562,83.0661,94.3187,20.9295,26.2187,1378
2016-04-11 11:00:00,110.19,transfer,1.0,83.0765,0.0,88.7718,88.7718,83.0765,94.3187,20.9319,26.2211,1379
2016-04-11 12:00:00,104.79,transfer,1.0,83.0816,0.0,59.1962,59.1962,83.0816,94.3187,20.9019,26.1911,1380
2016-04-11 13:00:00,102.62,transfer,1.0,83.0835,0.0,82.7015,82.7015,83.0835,94.3184,20.8703,26.1596,1381
2016-04-11 14:00:00,104.41,transfer,1.0,83.0829,0.0,99.0607,99.0607,83.0829,94.3181,20.8333,26.1227,1382
2016-04-11 15:00:00,106.01,transfer,1.0,83.0802,0.0,83.3033,83.3033,83.0802,94.3179,20.7787,26.0681,1383
2016-04-11 16:00:00,99.16,transfer,1.0,83.0766,0.0,79.1925,79.1925,83.0766,94.3178,20.7409,26.0303,1384
2016-04-11 17:00:00,91.19,transfer,1.0,83.0713,0.0,79.6672,79.6672,83.0713,94.3177,20.7133,26.04,1385
2016-04-11 18:00:00,69.67,transfer,1.0,83.0642,0.0,87.9857,87.9857,83.0642,94.3177,20.7,26.0267,1386
2016-04-11 19:00:00,67.16,transfer,1.0,83.0531,0.0,77.3745,77.3745,83.0531,94.3178,20.6742,26.0009,1387
2016-04-11 20:00:00,68.57,transfer,1.0,83.0396,0.0,86.4124,86.4124,83.0396,94.3177,20.6354,25.962,1388
2016-04-11 21:00:00,62.84,transfer,1.0,83.0301,0.0,82.4872,82.4872,83.0301,94.3175,20.6056,25.9322,1389
2016-04-11 22:00:00,63.45,transfer,1.0,83.022,0.0,78.4617,78.4617,83.022,94.3175,20.5747,25.9013,1390
2016-04-11 23:00:00,62.66,transfer,1.0,83.0147,0.0,66.9869,66.9869,83.0147,94.3175,20.539,25.8656,1391
2016-04-12 00:00:00,62.47,transfer,1.0,83.0116,0.0,88.646,88.646,83.0116,94.3175,20.502,25.8286,1392
2016-04-12 01:00:00,62.46,transfer,1.0,83.0129,0.0,96.2314,96.2314,83.0129,94.3178,20.4632,25.7899,1393
2016-04-12 02:00:00,62.48,transfer,1.0,83.0156,0.0,86.8653,86.8653,83.0156,94.3178,20.4238,25.7505,1394
2016-04-12 03:00:00,62.72,transfer,1.0,83.02,0.0,80.8383,80.8383,83.02,94.3178,20.3867,25.7136,1395
2016-04-12 04:00:00,77.38,transfer,1.0,83.0289,0.0,91.955,91.955,83.0289,94.3181,20.3374,25.6643,1396
2016-04-12 05:00:00,79.68,transfer,1.0,83.0404,0.0,78.984,78.984,83.0404,94.3183,20.3,25.6271,1397
2016-04-12 06:00:00,80.55,transfer,1.0,83.0511,0.0,81.8434,81.8434,83.0511,94.3184,20.2444,25.5716,1398
2016-04-12 07:00:00,90.94,transfer,1.0,83.0576,0.0,84.1198,84.1198,83.0576,94.3185,20.2635,25.5526,1399
2016-04-12 08:00:00,112.93,transfer,1.0,83.0631,0.0,79.4809,79.4809,83.0631,94.3185,20.2996,25.5886,1400
2016-04-12 09:00:00,117.95,transfer,1.0,83.071,0.0,75.9007,75.9007,83.071,94.3189,20.332,25.6209,1401
2016-04-12 10:00:00,116.68,transfer,1.0,83.0759,0.0,77.9081,77.9081,83.0759,94.3186,20.3607,25.6495,1402
2016-04-12 11:00:00,113.83,transfer,1.0,83.0785,0.0,90.1268,90.1268,83.0785,94.3193,20.3734,25.6621,1403
2016-04-12 12:00:00,110.36,transfer,1.0,83.0799,0.0,76.262,76.262,83.0799,94.3193,20.3702,25.6588,1404
2016-04-12 13:00:00,104.91,transfer,1.0,83.0801,0.0,85.5096,85.5096,83.0801,94.3192,20.3554,25.644,1405
2016-04-12 14:00:00,106.74,transfer,1.0,83.0794,0.0,86.5601,86.5601,83.0794,94.3191,20.3473,25.6358,1406
2016-04-12 15:00:00,104.09,transfer,1.0,83.0776,0.0,87.1989,87.1989,83.0776,94.319,20.3343,25.6227,1407
2016-04-12 16:00:00,96.26,transfer,1.0,83.0752,0.0,71.513,71.513,83.0752,94.3191,20.3281,25.6165,1408
2016-04-12 17:00:00,88.74,transfer,1.0,83.0716,0.0,93.7627,93.7627,83.0716,94.3191,20.3234,25.6214,1409
2016-04-12 18:00:00,62.4,transfer,1.0,83.0664,0.0,83.7678,83.7678,83.0664,94.319,20.3612,25.6593,1410
2016-04-12 19:00:00,61.76,transfer,1.0,83.0584,0.0,100.7501,100.7501,83.0584,94.3188,20.3553,25.6535,1411
2016-04-12 20:00:00,63.54,transfer,1.0,83.0471,0.0,105.0242,105.0242,83.0471,94.3185,20.3571,25.6554,1412
2016-04-12 21:00:00,57.07,transfer,1.0,83.0413,0.0,74.9213,74.9213,83.0413,94.3183,20.3684,25.6668,1413
2016-04-12 22:00:00,58.18,transfer,1.0,83.0366,0.0,86.0965,86.0965,83.0366,94.3181,20.3773,25.676,1414
2016-04-12 23:00:00,56.93,transfer,1.0,83.0347,0.0,87.237,87.237,83.0347,94.318,20.3822,25.681,1415
2016-04-13 00:00:00,56.83,transfer,1.0,83.0358,0.0,70.5622,70.5622,83.0358,94.3178,20.3855,25.6844,1416
2016-04-13 01:00:00,56.95,transfer,1.0,83.0382,0.0,61.5249,61.5249,83.0382,94.3181,20.3905,25.6895,1417
2016-04-13 02:00:00,56.13,transfer,1.0,83.0435,0.0,87.723,87.723,83.0435,94.3181,20.4025,25.7016,1418
2016-04-13 03:00:00,56.3,transfer,1.0,83.0499,0.0,93.953,93.953,83.0499,94.3182,20.4115,25.7107,1419
2016-04-13 04:00:00,68.87,transfer,1.0,83.0567,0.0,78.2983,78.2983,83.0567,94.3182,20.4242,25.7235,1420
2016-04-13 05:00:00,71.29,transfer,1.0,83.0655,0.0,75.7553,75.7553,83.0655,94.3183,20.4432,25.7426,1421
2016-04-13 06:00:00,68.35,transfer,1.0,83.0737,0.0,87.9411,87.9411,83.0737,94.3185,20.464,25.7634,1422
2016-04-13 07:00:00,88.67,transfer,1.0,83.0793,0.0,87.6519,87.6519,83.0793,94.3184,20.4623,25.7652,1423
2016-04-13 08:00:00,108.18,transfer,1.0,83.0837,0.0,82.2998,82.2998,83.0837,94.3183,20.4671,25.7699,1424
2016-04-13 09:00:00,111.82,transfer,1.0,83.0889,0.0,89.014,89.014,83.0889,94.3185,20.4812,25.784,1425
2016-04-13 10:00:00,109.01,transfer,1.0,83.0913,0.0,82.2429,82.2429,83.0913,94.3185,20.4625,25.7653,1426
2016-04-13 11:00:00,113.45,transfer,1.0,83.0918,0.0,75.2234,75.2234,83.0918,94.3187,20.4876,25.7904,1427
2016-04-13 12:00:00,108.45,transfer,1.0,83.0913,0.0,82.1649,82.1649,83.0913,94.3186,20.5142,25.817,1428
2016-04-13 13:00:00,99.66,transfer,1.0,83.0903,0.0,90.1245,90.1245,83.0903,94.3187,20.4965,25.7992,1429
2016-04-13 14:00:00,101.23,transfer,1.0,83.0884,0.0,74.6808,74.6808,83.0884,94.3187,20.4712,25.774,1430
2016-04-13 15:00:00,98.46,transfer,1.0,83.0858,0.0,73.4516,73.4516,83.0858,94.3184,20.4457,25.7485,1431
2016-04-13 16:00:00,90.09,transfer,1.0,83.0823,0.0,90.337,90.337,83.0823,94.3185,20.4391,25.7551,1432
2016-04-13 17:00:00,82.05,transfer,1.0,83.0777,0.0,96.0538,96.0538,83.0777,94.3185,20.4446,25.7619,1433
2016-04-13 18:00:00,61.51,transfer,1.0,83.0718,0.0,92.422,92.422,83.0718,94.3185,20.4711,25.7883,1434
2016-04-13 19:00:00,58.42,transfer,1.0,83.0632,0.0,87.4034,87.4034,83.0632,94.3186,20.5086,25.8259,1435
2016-04-13 20:00:00,62.44,transfer,1.0,83.0514,0.0,64.1238,64.1238,83.0514,94.3185,20.523,25.8402,1436
2016-04-13 21:00:00,55.39,transfer,1.0,83.0429,0.0,85.5552,85.5552,83.0429,94.3183,20.5427,25.86,1437
2016-04-13 22:00:00,55.56,transfer,1.0,83.0369,0.0,79.8963,79.8963,83.0369,94.3181,20.566,25.8834,1438
2016-04-13 23:00:00,54.64,transfer,1.0,83.0323,0.0,55.643,55.643,83.0323,94.3178,20.5889,25.9063,1439
2016-04-14 00:00:00,54.26,transfer,1.0,83.0301,0.0,68.5145,68.5145,83.0301,94.3177,20.6123,25.9298,1440
2016-04-14 01:00:00,54.18,transfer,1.0,83.0286,0.0,93.3383,93.3383,83.0286,94.3181,20.634,25.9515,1441
2016-04-14 02:00:00,54.04,transfer,1.0,83.0302,0.0,92.5442,92.5442,83.0302,94.3181,20.6562,25.9739,1442
2016-04-14 03:00:00,54.3,transfer,1.0,83.034,0.0,69.61,69.61,83.034,94.3178,20.6771,25.9947,1443
2016-04-14 04:00:00,65.11,transfer,1.0,83.0406,0.0,76.7885,76.7885,83.0406,94.3179,20.6925,26.0102,1444
2016-04-14 05:00:00,68.63,transfer,1.0,83.0489,0.0,81.6171,81.6171,83.0489,94.318,20.7038,26.0216,1445
2016-04-14 06:00:00,62.19,transfer,1.0,83.0576,0.0,73.0745,73.0745,83.0576,94.318,20.7703,26.0881,1446
2016-04-14 07:00:00,84.03,transfer,1.0,83.0645,0.0,89.8816,89.8816,83.0645,94.3182,20.7367,26.1217,1447
2016-04-14 08:00:00,103.43,transfer,1.0,83.0695,0.0,82.9044,82.9044,83.0695,94.3182,20.6849,26.0698,1448
2016-04-14 09:00:00,107.32,transfer,1.0,83.0764,0.0,95.604,95.604,83.0764,94.3183,20.6257,26.0106,1449
2016-04-14 10:00:00,104.18,transfer,1.0,83.0801,0.0,81.7957,81.7957,83.0801,94.3183,20.5745,25.9594,1450
2016-04-14 11:00:00,100.82,transfer,1.0,83.0812,0.0,71.3551,71.3551,83.0812,94.3185,20.5164,25.9013,1451
2016-04-14 12:00:00,99.64,transfer,1.0,83.0802,0.0,81.9696,81.9696,83.0802,94.3185,20.4898,25.8747,1452
2016-04-14 13:00:00,96.76,transfer,1.0,83.0778,0.0,79.2586,79.2586,83.0778,94.3184,20.4373,25.8223,1453
2016-04-14 14:00:00,95.45,transfer,1.0,83.0749,0.0,80.7708,80.7708,83.0749,94.3185,20.3831,25.7681,1454
2016-04-14 15:00:00,91.84,transfer,1.0,83.0713,0.0,84.4766,84.4766,83.0713,94.3185,20.3288,25.7434,1455
2016-04-14 16:00:00,78.28,transfer,1.0,83.0656,0.0,68.3692,68.3692,83.0656,94.3184,20.3009,25.8282,1456
2016-04-14 17:00:00,73.06,transfer,1.0,83.0575,0.0,65.7398,65.7398,83.0575,94.3183,20.3267,25.9214,1457
2016-04-14 18:00:00,56.88,transfer,1.0,83.0452,0.0,85.2232,85.2232,83.0452,94.3184,20.382,25.9766,1458
2016-04-14 19:00:00,50.51,transfer,1.0,83.0271,0.0,101.8697,101.8697,83.0271,94.3183,20.4678,26.0622,1459
2016-04-14 20:00:00,56.0,transfer,1.0,83.0017,0.0,67.6645,67.6645,83.0017,94.3182,20.5242,26.1185,1460
2016-04-14 21:00:00,49.81,transfer,1.0,82.9746,0.0,86.1639,86.1639,82.9746,94.3177,20.5939,26.1881,1461
2016-04-14 22:00:00,50.21,transfer,1.0,82.9529,0.0,80.5891,80.5891,82.9529,94.3176,20.6671,26.2612,1462
2016-04-14 23:00:00,48.78,transfer,1.0,82.9362,0.0,93.0057,93.0057,82.9362,94.3177,20.7407,26.3349,1463
2016-04-15 00:00:00,47.83,transfer,1.0,82.9208,0.0,94.5224,94.5224,82.9208,94.3175,20.8201,26.4142,1464
2016-04-15 01:00:00,47.36,transfer,1.0,82.8966,0.0,76.192,76.192,82.8966,94.3173,20.899,26.4933,1465
2016-04-15 02:00:00,47.2,transfer,1.0,82.8784,0.0,79.8157,79.8157,82.8784,94.3173,20.9773,26.5719,1466
2016-04-15 03:00:00,46.97,transfer,1.0,82.873,0.0,86.0059,86.0059,82.873,94.3173,21.0596,26.6546,1467
2016-04-15 04:00:00,59.02,transfer,1.0,82.8739,0.0,90.701,90.701,82.8739,94.3173,21.1284,26.7241,1468
2016-04-15 05:00:00,62.12,transfer,1.0,82.8926,0.0,87.8143,87.8143,82.8926,94.3174,21.2023,26.7986,1469
2016-04-15 06:00:00,58.22,transfer,1.0,82.9258,0.0,72.636,72.636,82.9258,94.3174,21.2872,26.8841,1470
2016-04-15 07:00:00,53.57,transfer,1.0,82.9575,0.0,72.1308,72.1308,82.9575,94.3177,21.4095,27.1122,1471
2016-04-15 08:00:00,53.91,transfer,1.0,82.9866,0.0,88.5704,88.5704,82.9866,94.3177,21.4471,27.2843,1472
2016-04-15 09:00:00,53.62,transfer,1.0,83.0049,0.0,80.7656,80.7656,83.0049,94.3178,21.4651,27.4365,1473
2016-04-15 10:00:00,52.27,transfer,1.0,83.0123,0.0,84.2374,84.2374,83.0123,94.3179,21.5199,27.6256,1474
2016-04-15 11:00:00,51.69,transfer,1.0,83.013,0.0,94.0235,94.0235,83.013,94.3179,21.5847,27.8245,1475
2016-04-15 12:00:00,51.15,transfer,1.0,83.0105,0.0,90.3184,90.3184,83.0105,94.3178,21.6961,28.0701,1476
2016-04-15 13:00:00,51.78,transfer,1.0,83.0035,0.0,74.201,74.201,83.0035,94.3177,21.8817,28.2561,1477
2016-04-15 14:00:00,51.21,transfer,1.0,82.9918,0.0,69.9159,69.9159,82.9918,94.3178,22.0485,28.4234,1478
2016-04-15 15:00:00,52.66,transfer,1.0,82.9753,0.0,82.9185,82.9185,82.9753,94.3177,22.1976,28.5731,1479
2016-04-15 16:00:00,52.09,transfer,1.0,82.9482,0.0,78.3374,78.3374,82.9482,94.3177,22.3664,28.7426,1480
2016-04-15 17:00:00,52.63,transfer,1.0,82.9149,0.0,87.4407,87.4407,82.9149,94.3177,22.4821,28.8592,1481
2016-04-15 18:00:00,40.98,transfer,1.0,82.8671,0.0,88.7968,88.7968,82.8671,94.3178,22.5589,28.9372,1482
2016-04-15 19:00:00,41.5,transfer,1.0,82.7895,0.0,81.6613,81.6613,82.7895,94.3175,22.6169,28.9967,1483
2016-04-15 20:00:00,49.4,transfer,1.0,82.6893,0.0,84.0564,84.0564,82.6893,94.3172,22.6679,29.0497,1484
2016-04-15 21:00:00,47.89,transfer,1.0,82.5759,0.0,59.355,59.355,82.5759,94.3169,22.7144,29.0988,1485
2016-04-15 22:00:00,48.49,transfer,1.0,82.482,0.0,88.9343,88.9343,82.482,94.3168,22.7585,29.1461,1486
2016-04-15 23:00:00,47.46,transfer,1.0,82.3864,0.0,81.4946,81.4946,82.3864,94.317,22.8022,29.1935,1487
2016-04-16 00:00:00,47.06,transfer,1.0,82.2959,0.0,89.9472,89.9472,82.2959,94.317,22.8462,29.2416,1488
2016-04-16 01:00:00,46.91,transfer,1.0,82.061,0.0,90.9501,90.9501,82.061,94.3163,22.8896,29.2906,1489
2016-04-16 02:00:00,46.9,transfer,1.0,81.7793,0.0,79.4673,79.4673,81.7793,94.3163,22.9323,29.3405,1490
2016-04-16 03:00:00,47.08,transfer,1.0,81.4865,0.0,84.0839,84.0839,81.4865,94.3163,22.9753,29.3924,1491
2016-04-16 04:00:00,60.48,transfer,1.0,81.2286,0.0,75.6177,75.6177,81.2286,94.3166,23.0143,29.4418,1492
2016-04-16 05:00:00,62.13,transfer,1.0,81.1309,0.0,83.1648,83.1648,81.1309,94.3166,23.0592,29.4978,1493
2016-04-16 06:00:00,57.08,transfer,1.0,81.3006,0.0,91.1999,91.1999,81.3006,94.3167,23.1178,29.5666,1494
2016-04-16 07:00:00,52.54,transfer,1.0,81.6059,0.0,79.0407,79.0407,81.6059,94.3171,23.1769,29.6341,1495
2016-04-16 08:00:00,53.19,transfer,1.0,81.9167,0.0,81.4113,81.4113,81.9167,94.317,23.2177,29.6815,1496
2016-04-16 09:00:00,53.76,transfer,1.0,82.088,0.0,96.7036,96.7036,82.088,94.317,23.277,29.7464,1497
2016-04-16 10:00:00,53.42,transfer,1.0,82.1683,0.0,73.7924,73.7924,82.1683,94.3168,23.3467,29.8212,1498
2016-04-16 11:00:00,52.9,transfer,1.0,82.1875,0.0,71.276,71.276,82.1875,94.3164,23.4223,29.9017,1499
2016-04-16 12:00:00,51.17,transfer,1.0,82.1531,0.0,83.5299,83.5299,82.1531,94.3165,23.5029,29.9873,1500
2016-04-16 13:00:00,50.87,transfer,1.0,82.0505,0.0,85.4173,85.4173,82.0505,94.3164,23.5758,30.0658,1501
2016-04-16 14:00:00,51.1,transfer,1.0,81.8485,0.0,76.3449,76.3449,81.8485,94.3164,23.6445,30.1412,1502
2016-04-16 15:00:00,49.56,transfer,1.0,81.5398,0.0,70.4003,70.4003,81.5398,94.3163,23.7254,30.2304,1503
2016-04-16 16:00:00,49.79,transfer,1.0,81.0606,0.0,72.3161,72.3161,81.0606,94.3162,23.7976,30.3137,1504
2016-04-16 17:00:00,52.5,transfer,1.0,80.321,0.0,70.3189,70.3189,80.321,94.3161,23.8529,30.3841,1505
2016-04-16 18:00:00,40.96,transfer,1.0,79.2671,0.0,80.2352,80.2352,79.2671,94.3161,23.8722,30.4245,1506
2016-04-16 19:00:00,40.64,transfer,1.0,77.9056,0.0,87.2035,87.2035,77.9056,94.3162,23.8945,30.4756,1507
2016-04-16 20:00:00,49.4,transfer,1.0,76.1369,0.0,68.8648,68.8648,76.1369,94.3159,23.8929,30.5126,1508
2016-04-16 21:00:00,47.54,transfer,1.0,73.9584,0.0,70.2502,70.2502,73.9584,94.3155,23.8805,30.5511,1509
2016-04-16 22:00:00,48.38,transfer,1.0,71.9895,0.0,61.2795,61.2795,71.9895,94.3156,23.8591,30.5919,1510
2016-04-16 23:00:00,47.31,transfer,1.0,70.2917,0.0,74.9223,74.9223,70.2917,94.3158,23.8295,30.634,1511
2016-04-17 00:00:00,47.1,transfer,1.0,69.2456,0.0,78.7409,78.7409,69.2456,94.3158,23.7943,30.6765,1512
2016-04-17 01:00:00,46.81,transfer,1.0,68.9338,0.0,67.7825,67.7825,68.9338,94.3156,23.7585,30.7203,1513
2016-04-17 02:00:00,46.95,transfer,1.0,69.3572,0.0,72.7613,72.7613,69.3572,94.3156,23.723,30.7621,1514
2016-04-17 03:00:00,46.97,transfer,1.0,70.5163,0.0,72.7454,72.7454,70.5163,94.3157,23.6964,30.8064,1515
2016-04-17 04:00:00,59.11,transfer,1.0,72.4275,0.0,68.2468,68.2468,72.4275,94.316,23.6805,30.8506,1516
2016-04-17 05:00:00,58.24,transfer,1.0,74.561,0.0,70.6871,70.6871,74.561,94.3158,23.6966,30.9147,1517
2016-04-17 06:00:00,55.52,transfer,1.0,76.8887,0.0,78.0528,78.0528,76.8887,94.3159,23.7277,30.9807,1518
2016-04-17 07:00:00,49.67,transfer,1.0,78.8451,0.0,76.8385,76.8385,78.8451,94.3161,23.7644,31.0412,1519
2016-04-17 08:00:00,50.14,transfer,1.0,80.2173,0.0,75.1682,75.1682,80.2173,94.316,23.8089,31.1016,1520
2016-04-17 09:00:00,49.33,transfer,1.0,80.9005,0.0,77.1296,77.1296,80.9005,94.3162,23.872,31.1767,1521
2016-04-17 10:00:00,50.04,transfer,1.0,81.2575,0.0,95.8975,95.8975,81.2575,94.316,23.93,31.2449,1522
2016-04-17 11:00:00,50.43,transfer,1.0,81.4581,0.0,82.2246,82.2246,81.4581,94.3162,23.9966,31.3205,1523
2016-04-17 12:00:00,51.13,transfer,1.0,81.5362,0.0,100.9367,100.9367,81.5362,94.3162,24.0609,31.3933,1524
2016-04-17 13:00:00,50.22,transfer,1.0,81.5112,0.0,87.1746,87.1746,81.5112,94.3164,24.1277,31.4688,1525
2016-04-17 14:00:00,49.41,transfer,1.0,81.3812,0.0,82.1117,82.1117,81.3812,94.3161,24.1969,31.5475,1526
2016-04-17 15:00:00,48.68,transfer,1.0,81.0953,0.0,74.0505,74.0505,81.0953,94.3162,24.2599,31.6216,1527
2016-04-17 16:00:00,52.95,transfer,1.0,80.6347,0.0,80.5368,80.5368,80.6347,94.316,24.2917,31.6672,1528
2016-04-17 17:00:00,52.33,transfer,1.0,79.9067,0.0,79.294,79.294,79.9067,94.3158,24.3229,31.7163,1529
2016-04-17 18:00:00,39.16,transfer,1.0,78.8778,0.0,83.9864,83.9864,78.8778,94.3157,24.3494,31.7667,1530
2016-04-17 19:00:00,38.48,transfer,1.0,77.552,0.0,70.7572,70.7572,77.552,94.3158,24.3795,31.8282,1531
2016-04-17 20:00:00,46.45,transfer,1.0,75.992,0.0,69.6906,69.6906,75.992,94.3154,24.3928,31.8819,1532
2016-04-17 21:00:00,46.95,transfer,1.0,74.1386,0.0,83.6048,83.6048,74.1386,94.3154,24.3921,31.9322,1533
2016-04-17 22:00:00,48.3,transfer,1.0,72.4282,0.0,75.1472,75.1472,72.4282,94.3152,24.3773,31.9784,1534
2016-04-17 23:00:00,47.69,transfer,1.0,71.0149,0.0,65.1588,65.1588,71.0149,94.3154,24.3547,32.0248,1535
2016-04-18 00:00:00,47.05,transfer,1.0,69.8642,0.0,74.0321,74.0321,69.8642,94.3155,24.3257,32.0714,1536
2016-04-18 01:00:00,46.98,transfer,1.0,70.34,0.0,58.9189,58.9189,70.34,94.3159,24.2989,32.1179,1537
2016-04-18 02:00:00,46.76,transfer,1.0,71.8953,0.0,65.9284,65.9284,71.8953,94.3163,24.2825,32.1659,1538
2016-04-18 03:00:00,46.85,transfer,1.0,74.0311,0.0,72.3876,72.3876,74.0311,94.3162,24.2809,32.2163,1539
2016-04-18 04:00:00,56.2,transfer,1.0,76.4203,0.0,73.5831,73.5831,76.4203,94.3163,24.3252,32.2987,1540
2016-04-18 05:00:00,58.47,transfer,1.0,78.6152,0.0,77.4432,77.4432,78.6152,94.3163,24.3759,32.3749,1541
2016-04-18 06:00:00,57.61,transfer,1.0,80.3914,0.0,72.6876,72.6876,80.3914,94.3164,24.4364,32.4506,1542
2016-04-18 07:00:00,70.28,transfer,1.0,81.5386,0.0,79.4629,79.4629,81.5386,94.3166,24.4846,32.5452,1543
2016-04-18 08:00:00,89.05,transfer,1.0,82.2083,0.0,82.5952,82.5952,82.2083,94.3164,24.3986,32.517,1544
2016-04-18 09:00:00,98.15,transfer,1.0,82.5926,0.0,87.9862,87.9862,82.5926,94.3164,24.3138,32.4295,1545
2016-04-18 10:00:00,96.9,transfer,1.0,82.8125,0.0,81.5252,81.5252,82.8125,94.3163,24.2033,32.3175,1546
2016-04-18 11:00:00,95.38,transfer,1.0,82.9192,0.0,89.6301,89.6301,82.9192,94.3167,24.1161,32.2294,1547
2016-04-18 12:00:00,91.75,transfer,1.0,82.9662,0.0,89.7861,89.7861,82.9662,94.3168,24.0391,32.1823,1548
2016-04-18 13:00:00,89.78,transfer,1.0,82.9845,0.0,96.003,96.003,82.9845,94.3167,23.9633,32.1599,1549
2016-04-18 14:00:00,95.18,transfer,1.0,82.9863,0.0,66.4772,66.4772,82.9863,94.3169,23.9089,32.105,1550
2016-04-18 15:00:00,95.55,transfer,1.0,82.9787,0.0,83.1202,83.1202,82.9787,94.3168,23.8473,32.0427,1551
2016-04-18 16:00:00,80.56,transfer,1.0,82.9692,0.0,65.781,65.781,82.9692,94.3165,23.7659,32.0958,1552
2016-04-18 17:00:00,76.88,transfer,1.0,82.9526,0.0,75.7378,75.7378,82.9526,94.3166,23.7537,32.181,1553
2016-04-18 18:00:00,57.35,transfer,1.0,82.9125,0.0,85.543,85.543,82.9125,94.3166,23.8261,32.2543,1554
2016-04-18 19:00:00,53.74,transfer,1.0,82.8453,0.0,80.7756,80.7756,82.8453,94.3166,23.9048,32.3342,1555
2016-04-18 20:00:00,58.29,transfer,1.0,82.7754,0.0,89.6109,89.6109,82.7754,94.3168,23.9644,32.3954,1556
2016-04-18 21:00:00,51.45,transfer,1.0,82.702,0.0,83.9281,83.9281,82.702,94.3168,24.0302,32.4632,1557
2016-04-18 22:00:00,49.56,transfer,1.0,82.6501,0.0,66.3853,66.3853,82.6501,94.3168,24.1107,32.5458,1558
2016-04-18 23:00:00,48.25,transfer,1.0,82.5865,0.0,78.9125,78.9125,82.5865,94.3167,24.1939,32.6316,1559
2016-04-19 00:00:00,48.52,transfer,1.0,82.5197,0.0,88.4955,88.4955,82.5197,94.3167,24.274,32.7146,1560
2016-04-19 01:00:00,47.94,transfer,1.0,82.4823,0.0,71.2626,71.2626,82.4823,94.3171,24.3573,32.8011,1561
2016-04-19 02:00:00,47.58,transfer,1.0,82.4648,0.0,99.4874,99.4874,82.4648,94.3172,24.4427,32.8897,1562
2016-04-19 03:00:00,47.94,transfer,1.0,82.4973,0.0,76.3194,76.3194,82.4973,94.3173,24.5276,32.9777,1563
2016-04-19 04:00:00,61.7,transfer,1.0,82.5687,0.0,60.3554,60.3554,82.5687,94.3173,24.6182,33.071,1564
2016-04-19 05:00:00,63.66,transfer,1.0,82.6841,0.0,84.9048,84.9048,82.6841,94.3173,24.7114,33.1664,1565
2016-04-19 06:00:00,59.53,transfer,1.0,82.8068,0.0,88.7619,88.7619,82.8068,94.3176,24.8351,33.2915,1566
2016-04-19 07:00:00,81.81,transfer,1.0,82.8919,0.0,98.8384,98.8384,82.8919,94.3178,24.7946,33.3459,1567
2016-04-19 08:00:00,99.48,transfer,1.0,82.9499,0.0,89.4971,89.4971,82.9499,94.3179,24.7152,33.2658,1568
2016-04-19 09:00:00,113.91,transfer,1.0,83.0002,0.0,97.4526,97.4526,83.0002,94.318,24.6916,33.2418,1569
2016-04-19 10:00:00,116.95,transfer,1.0,83.0332,0.0,92.6992,92.6992,83.0332,94.318,24.6934,33.2434,1570
2016-04-19 11:00:00,112.92,transfer,1.0,83.0513,0.0,63.4201,63.4201,83.0513,94.3182,24.6882,33.238,1571
2016-04-19 12:00:00,113.7,transfer,1.0,83.0593,0.0,82.0757,82.0757,83.0593,94.3183,24.7082,33.2578,1572
2016-04-19 13:00:00,102.82,transfer,1.0,83.0606,0.0,80.7902,80.7902,83.0606,94.3183,24.6959,33.2454,1573
2016-04-19 14:00:00,109.02,transfer,1.0,83.0596,0.0,67.3498,67.3498,83.0596,94.3181,24.7095,33.259,1574
2016-04-19 15:00:00,108.0,transfer,1.0,83.0542,0.0,99.9903,99.9903,83.0542,94.3181,24.733,33.2823,1575
2016-04-19 16:00:00,105.58,transfer,1.0,83.0484,0.0,90.5676,90.5676,83.0484,94.318,24.7886,33.3377,1576
2016-04-19 17:00:00,86.92,transfer,1.0,83.0391,0.0,70.3855,70.3855,83.0391,94.318,24.778,33.3486,1577
2016-04-19 18:00:00,58.16,transfer,1.0,83.0276,0.0,86.2508,86.2508,83.0276,94.318,24.803,33.3738,1578
2016-04-19 19:00:00,52.94,transfer,1.0,83.0037,0.0,72.517,72.517,83.0037,94.3181,24.8551,33.4263,1579
2016-04-19 20:00:00,56.31,transfer,1.0,82.9667,0.0,89.498,89.498,82.9667,94.3178,24.8977,33.4693,1580
2016-04-19 21:00:00,49.83,transfer,1.0,82.9327,0.0,85.5376,85.5376,82.9327,94.3174,24.9401,33.5124,1581
2016-04-19 22:00:00,50.56,transfer,1.0,82.9083,0.0,90.662,90.662,82.9083,94.3172,24.9847,33.5578,1582
2016-04-19 23:00:00,49.71,transfer,1.0,82.8933,0.0,66.3784,66.3784,82.8933,94.3174,25.0269,33.6007,1583
2016-04-20 00:00:00,48.62,transfer,1.0,82.8905,0.0,90.5194,90.5194,82.8905,94.3171,25.0749,33.6496,1584
2016-04-20 01:00:00,48.41,transfer,1.0,82.8969,0.0,96.1933,96.1933,82.8969,94.3175,25.1249,33.7004,1585
2016-04-20 02:00:00,48.11,transfer,1.0,82.9115,0.0,83.2774,83.2774,82.9115,94.3179,25.1718,33.7482,1586
2016-04-20 03:00:00,48.64,transfer,1.0,82.9346,0.0,79.3795,79.3795,82.9346,94.3179,25.2167,33.7938,1587
2016-04-20 04:00:00,59.86,transfer,1.0,82.9618,0.0,75.7449,75.7449,82.9618,94.3179,25.2698,33.8474,1588
2016-04-20 05:00:00,63.19,transfer,1.0,82.9927,0.0,81.2351,81.2351,82.9927,94.3179,25.3176,33.8956,1589
2016-04-20 06:00:00,56.4,transfer,1.0,83.0205,0.0,88.8386,88.8386,83.0205,94.3178,25.3884,33.9667,1590
2016-04-20 07:00:00,76.4,transfer,1.0,83.0403,0.0,90.6621,90.6621,83.0403,94.3179,25.3946,34.0398,1591
2016-04-20 08:00:00,98.78,transfer,1.0,83.054,0.0,106.7843,106.7843,83.054,94.3178,25.3389,33.9838,1592
2016-04-20 09:00:00,107.22,transfer,1.0,83.0672,0.0,95.0709,95.0709,83.0672,94.3175,25.3116,33.9564,1593
2016-04-20 10:00:00,107.14,transfer,1.0,83.0759,0.0,65.958,65.958,83.0759,94.3179,25.3006,33.9453,1594
2016-04-20 11:00:00,105.74,transfer,1.0,83.0799,0.0,87.0708,87.0708,83.0799,94.318,25.2547,33.8994,1595
2016-04-20 12:00:00,111.12,transfer,1.0,83.0814,0.0,75.6804,75.6804,83.0814,94.3177,25.2707,33.9153,1596
2016-04-20 13:00:00,111.79,transfer,1.0,83.0808,0.0,75.3707,75.3707,83.0808,94.3178,25.343,33.9875,1597
2016-04-20 14:00:00,107.17,transfer,1.0,83.0792,0.0,83.081,83.081,83.0792,94.3179,25.3784,34.0229,1598
2016-04-20 15:00:00,99.54,transfer,1.0,83.0772,0.0,78.4451,78.4451,83.0772,94.3181,25.3848,34.0293,1599
2016-04-20 16:00:00,98.91,transfer,1.0,83.0734,0.0,71.8934,71.8934,83.0734,94.3182,25.4374,34.0315,1600
2016-04-20 17:00:00,79.58,transfer,1.0,83.0672,0.0,82.0245,82.0245,83.0672,94.3184,25.452,34.0462,1601
2016-04-20 18:00:00,58.06,transfer,1.0,83.0604,0.0,92.4996,92.4996,83.0604,94.3182,25.4725,34.0667,1602
2016-04-20 19:00:00,55.2,transfer,1.0,83.0461,0.0,79.3218,79.3218,83.0461,94.3181,25.4916,34.0859,1603
2016-04-20 20:00:00,59.21,transfer,1.0,83.0264,0.0,79.8203,79.8203,83.0264,94.3181,25.5107,34.1051,1604
2016-04-20 21:00:00,49.5,transfer,1.0,83.0105,0.0,80.7705,80.7705,83.0105,94.3178,25.5455,34.1402,1605
2016-04-20 22:00:00,50.06,transfer,1.0,82.9992,0.0,81.344,81.344,82.9992,94.3176,25.578,34.1729,1606
2016-04-20 23:00:00,48.99,transfer,1.0,82.9879,0.0,92.4358,92.4358,82.9879,94.3179,25.6114,34.2065,1607
2016-04-21 00:00:00,48.71,transfer,1.0,82.9815,0.0,74.2601,74.2601,82.9815,94.3176,25.6441,34.2396,1608
2016-04-21 01:00:00,48.56,transfer,1.0,82.9733,0.0,78.185,78.185,82.9733,94.3177,25.6773,34.273,1609
2016-04-21 02:00:00,48.54,transfer,1.0,82.9705,0.0,71.166,71.166,82.9705,94.3179,25.7097,34.3058,1610
2016-04-21 03:00:00,48.79,transfer,1.0,82.9736,0.0,79.0523,79.0523,82.9736,94.3179,25.7421,34.3386,1611
2016-04-21 04:00:00,56.27,transfer,1.0,82.9815,0.0,61.0449,61.0449,82.9815,94.318,25.7944,34.3912,1612
2016-04-21 05:00:00,66.57,transfer,1.0,82.9958,0.0,90.0059,90.0059,82.9958,94.318,25.8063,34.4034,1613
2016-04-21 06:00:00,59.61,transfer,1.0,83.0125,0.0,89.3763,89.3763,83.0125,94.3182,25.8214,34.4188,1614
2016-04-21 07:00:00,81.57,transfer,1.0,83.0275,0.0,78.9136,78.9136,83.0275,94.3184,25.8243,34.4334,1615
2016-04-21 08:00:00,99.74,transfer,1.0,83.0416,0.0,102.8218,102.8218,83.0416,94.3185,25.8025,34.4115,1616
2016-04-21 09:00:00,107.31,transfer,1.0,83.0575,0.0,97.5028,97.5028,83.0575,94.3187,25.8026,34.4114,1617
2016-04-21 10:00:00,103.44,transfer,1.0,83.0672,0.0,81.1351,81.1351,83.0672,94.3188,25.7982,34.407,1618
2016-04-21 11:00:00,103.01,transfer,1.0,83.0721,0.0,81.1064,81.1064,83.0721,94.3188,25.8113,34.42,1619
2016-04-21 12:00:00,101.64,transfer,1.0,83.0731,0.0,94.4194,94.4194,83.0731,94.3188,25.8233,34.4319,1620
2016-04-21 13:00:00,99.92,transfer,1.0,83.0719,0.0,93.707,93.707,83.0719,94.3186,25.8421,34.4508,1621
2016-04-21 14:00:00,102.72,transfer,1.0,83.0679,0.0,84.5382,84.5382,83.0679,94.3185,25.8854,34.494,1622
2016-04-21 15:00:00,95.68,transfer,1.0,83.0615,0.0,90.9721,90.9721,83.0615,94.3183,25.9084,34.4874,1623
2016-04-21 16:00:00,98.13,transfer,1.0,83.0532,0.0,79.1095,79.1095,83.0532,94.3182,25.9696,34.4146,1624
2016-04-21 17:00:00,83.54,transfer,1.0,83.0395,0.0,86.3035,86.3035,83.0395,94.3183,25.9131,34.3522,1625
2016-04-21 18:00:00,57.04,transfer,1.0,83.0238,0.0,92.6899,92.6899,83.0238,94.3183,25.912,34.3513,1626
2016-04-21 19:00:00,53.0,transfer,1.0,82.9969,0.0,87.0963,87.0963,82.9969,94.3182,25.897,34.3364,1627
2016-04-21 20:00:00,57.12,transfer,1.0,82.9515,0.0,88.3522,88.3522,82.9515,94.3179,25.89,34.3298,1628
2016-04-21 21:00:00,47.61,transfer,1.0,82.9035,0.0,87.1175,87.1175,82.9035,94.3177,25.9027,34.3429,1629
2016-04-21 22:00:00,48.04,transfer,1.0,82.8576,0.0,78.7394,78.7394,82.8576,94.3176,25.9151,34.3558,1630
2016-04-21 23:00:00,47.28,transfer,1.0,82.8059,0.0,87.111,87.111,82.8059,94.3176,25.9232,34.3647,1631
2016-04-22 00:00:00,47.31,transfer,1.0,82.7635,0.0,80.6867,80.6867,82.7635,94.3175,25.9254,34.3678,1632
2016-04-22 01:00:00,47.13,transfer,1.0,82.7182,0.0,76.7445,76.7445,82.7182,94.3172,25.9257,34.3692,1633
2016-04-22 02:00:00,47.01,transfer,1.0,82.6834,0.0,87.409,87.409,82.6834,94.3172,25.9257,34.3703,1634
2016-04-22 03:00:00,47.01,transfer,1.0,82.6673,0.0,91.1934,91.1934,82.6673,94.3172,25.9242,34.3701,1635
2016-04-22 04:00:00,62.93,transfer,1.0,82.6653,0.0,83.9177,83.9177,82.6653,94.3173,25.8997,34.3468,1636
2016-04-22 05:00:00,66.99,transfer,1.0,82.688,0.0,96.2683,96.2683,82.688,94.3175,25.8695,34.3178,1637
2016-04-22 06:00:00,63.59,transfer,1.0,82.7466,0.0,78.383,78.383,82.7466,94.3174,25.8364,34.2858,1638
2016-04-22 07:00:00,83.77,transfer,1.0,82.804,0.0,86.5698,86.5698,82.804,94.3176,25.6673,34.1061,1639
2016-04-22 08:00:00,103.25,transfer,1.0,82.8596,0.0,83.5626,83.5626,82.8596,94.3177,25.6156,33.9187,1640
2016-04-22 09:00:00,109.64,transfer,1.0,82.9147,0.0,108.8144,108.8144,82.9147,94.3179,25.5997,33.7677,1641
2016-04-22 10:00:00,113.56,transfer,1.0,82.9584,0.0,77.6884,77.6884,82.9584,94.318,25.5989,33.6319,1642
2016-04-22 11:00:00,115.83,transfer,1.0,82.9851,0.0,85.6516,85.6516,82.9851,94.3179,25.6079,33.5062,1643
2016-04-22 12:00:00,108.43,transfer,1.0,82.9985,0.0,89.4349,89.4349,82.9985,94.3179,25.5697,33.3333,1644
2016-04-22 13:00:00,105.75,transfer,1.0,83.0028,0.0,77.3399,77.3399,83.0028,94.318,25.5192,33.1481,1645
2016-04-22 14:00:00,103.5,transfer,1.0,82.9971,0.0,91.0395,91.0395,82.9971,94.3181,25.4521,32.9462,1646
2016-04-22 15:00:00,92.07,transfer,1.0,82.9861,0.0,101.9276,101.9276,82.9861,94.3181,25.3257,32.7116,1647
2016-04-22 16:00:00,89.07,transfer,1.0,82.9686,0.0,80.2716,80.2716,82.9686,94.3179,25.1784,32.4915,1648
2016-04-22 17:00:00,76.64,transfer,1.0,82.9346,0.0,74.0612,74.0612,82.9346,94.3179,25.0356,32.3486,1649
2016-04-22 18:00:00,56.42,transfer,1.0,82.8844,0.0,74.2786,74.2786,82.8844,94.3178,24.9437,32.2567,1650
2016-04-22 19:00:00,58.54,transfer,1.0,82.8032,0.0,80.1671,80.1671,82.8032,94.3178,24.8424,32.1553,1651
2016-04-22 20:00:00,65.95,transfer,1.0,82.6901,0.0,78.9703,78.9703,82.6901,94.3175,24.7439,32.0567,1652
2016-04-22 21:00:00,49.37,transfer,1.0,82.5879,0.0,71.3609,71.3609,82.5879,94.3174,24.7352,32.0479,1653
2016-04-22 22:00:00,50.64,transfer,1.0,82.5134,0.0,94.048,94.048,82.5134,94.3173,24.7225,32.0351,1654
2016-04-22 23:00:00,50.2,transfer,1.0,82.3992,0.0,85.1724,85.1724,82.3992,94.3173,24.7063,32.0188,1655
2016-04-23 00:00:00,49.13,transfer,1.0,82.2997,0.0,83.3037,83.3037,82.2997,94.3172,24.694,32.0065,1656
2016-04-23 01:00:00,49.18,transfer,1.0,82.0696,0.0,59.2946,59.2946,82.0696,94.3165,24.6806,31.993,1657
2016-04-23 02:00:00,49.22,transfer,1.0,81.8522,0.0,87.0635,87.0635,81.8522,94.3164,24.6672,31.9792,1658
2016-04-23 03:00:00,49.41,transfer,1.0,81.701,0.0,80.3408,80.3408,81.701,94.3164,24.6546,31.9653,1659
2016-04-23 04:00:00,65.57,transfer,1.0,81.6673,0.0,83.8596,83.8596,81.6673,94.3165,24.6269,31.935,1660
2016-04-23 05:00:00,72.61,transfer,1.0,81.753,0.0,85.2804,85.2804,81.753,94.3168,24.5682,31.8726,1661
2016-04-23 06:00:00,66.69,transfer,1.0,81.993,0.0,91.491,91.491,81.993,94.317,24.5151,31.8154,1662
2016-04-23 07:00:00,61.53,transfer,1.0,82.2385,0.0,75.6332,75.6332,82.2385,94.3172,24.4654,31.7619,1663
2016-04-23 08:00:00,61.71,transfer,1.0,82.4145,0.0,71.0145,71.0145,82.4145,94.3173,24.4176,31.7112,1664
2016-04-23 09:00:00,61.98,transfer,1.0,82.4783,0.0,81.9008,81.9008,82.4783,94.3174,24.371,31.6623,1665
2016-04-23 10:00:00,62.55,transfer,1.0,82.3642,0.0,90.9255,90.9255,82.3642,94.3157,24.3179,31.6079,1666
2016-04-23 11:00:00,63.11,transfer,1.0,82.3196,0.0,91.2253,91.2253,82.3196,94.3174,24.2579,31.5472,1667
2016-04-23 12:00:00,63.29,transfer,1.0,82.2069,0.0,73.0426,73.0426,82.2069,94.3172,24.186,31.475,1668
2016-04-23 13:00:00,63.0,transfer,1.0,82.0643,0.0,85.2513,85.2513,82.0643,94.3174,24.1139,31.4028,1669
2016-04-23 14:00:00,62.56,transfer,1.0,81.8789,0.0,89.2154,89.2154,81.8789,94.3174,24.0459,31.3346,1670
2016-04-23 15:00:00,64.44,transfer,1.0,81.5861,0.0,81.4754,81.4754,81.5861,94.3176,23.9576,31.2461,1671
2016-04-23 16:00:00,64.28,transfer,1.0,81.172,0.0,82.1193,82.1193,81.172,94.3175,23.872,31.1598,1672
2016-04-23 17:00:00,65.04,transfer,1.0,80.5636,0.0,79.9822,79.9822,80.5636,94.3175,23.7988,31.0852,1673
2016-04-23 18:00:00,48.37,transfer,1.0,79.7764,0.0,76.2641,76.2641,79.7764,94.3175,23.7577,31.0411,1674
2016-04-23 19:00:00,47.38,transfer,1.0,78.8143,0.0,81.7599,81.7599,78.8143,94.3173,23.723,31.001,1675
2016-04-23 20:00:00,55.77,transfer,1.0,77.5901,0.0,78.4157,78.4157,77.5901,94.3169,23.6938,30.9631,1676
2016-04-23 21:00:00,50.14,transfer,1.0,76.0666,0.0,71.4682,71.4682,76.0666,94.3167,23.6908,30.9476,1677
2016-04-23 22:00:00,51.12,transfer,1.0,74.9613,0.0,88.9173,88.9173,74.9613,94.3166,23.6922,30.9313,1678
2016-04-23 23:00:00,49.65,transfer,1.0,73.9655,0.0,89.2598,89.2598,73.9655,94.3167,23.7002,30.9174,1679
2016-04-24 00:00:00,49.68,transfer,1.0,73.3149,0.0,72.8803,72.8803,73.3149,94.3167,23.709,30.902,1680
2016-04-24 01:00:00,49.21,transfer,1.0,73.4616,0.0,67.2451,67.2451,73.4616,94.3166,23.7217,30.8877,1681
2016-04-24 02:00:00,49.5,transfer,1.0,74.2672,0.0,63.6108,63.6108,74.2672,94.3166,23.7357,30.8726,1682
2016-04-24 03:00:00,49.84,transfer,1.0,75.6577,0.0,80.8512,80.8512,75.6577,94.3167,23.7493,30.8555,1683
2016-04-24 04:00:00,61.15,transfer,1.0,77.3808,0.0,78.9247,78.9247,77.3808,94.3168,23.7666,30.8434,1684
2016-04-24 05:00:00,64.87,transfer,1.0,79.1258,0.0,96.9268,96.9268,79.1258,94.317,23.7543,30.8039,1685
2016-04-24 06:00:00,60.81,transfer,1.0,80.5937,0.0,88.1549,88.1549,80.5937,94.3174,23.7449,30.7724,1686
2016-04-24 07:00:00,55.8,transfer,1.0,81.6106,0.0,97.9555,97.9555,81.6106,94.3175,23.7248,30.7359,1687
2016-04-24 08:00:00,56.96,transfer,1.0,82.1827,0.0,87.3467,87.3467,82.1827,94.3178,23.6959,30.6954,1688
2016-04-24 09:00:00,56.6,transfer,1.0,82.4527,0.0,80.0305,80.0305,82.4527,94.3179,23.6619,30.6521,1689
2016-04-24 10:00:00,57.78,transfer,1.0,82.5964,0.0,78.3267,78.3267,82.5964,94.3177,23.6238,30.606,1690
2016-04-24 11:00:00,54.8,transfer,1.0,82.6686,0.0,80.038,80.038,82.6686,94.3176,23.605,30.58,1691
2016-04-24 12:00:00,54.81,transfer,1.0,82.7032,0.0,81.073,81.073,82.7032,94.3174,23.59,30.5581,1692
2016-04-24 13:00:00,54.91,transfer,1.0,82.7063,0.0,84.85,84.85,82.7063,94.3175,23.5692,30.5302,1693
2016-04-24 14:00:00,58.12,transfer,1.0,82.6815,0.0,74.0117,74.0117,82.6815,94.3174,23.5251,30.4784,1694
2016-04-24 15:00:00,58.87,transfer,1.0,82.6303,0.0,79.0612,79.0612,82.6303,94.3175,23.4736,30.4177,1695
2016-04-24 16:00:00,60.46,transfer,1.0,82.5583,0.0,71.8015,71.8015,82.5583,94.3173,23.4404,30.373,1696
2016-04-24 17:00:00,60.09,transfer,1.0,82.4566,0.0,65.8049,65.8049,82.4566,94.3177,23.4093,30.3269,1697
2016-04-24 18:00:00,45.55,transfer,1.0,82.3141,0.0,72.9901,72.9901,82.3141,94.3176,23.3918,30.2888,1698
2016-04-24 19:00:00,45.13,transfer,1.0,82.1035,0.0,98.5979,98.5979,82.1035,94.3175,23.3793,30.2493,1699
2016-04-24 20:00:00,53.38,transfer,1.0,81.8218,0.0,90.4428,90.4428,81.8218,94.3171,23.3727,30.208,1700
2016-04-24 21:00:00,49.64,transfer,1.0,81.4645,0.0,86.9993,86.9993,81.4645,94.317,23.4003,30.192,1701
2016-04-24 22:00:00,50.44,transfer,1.0,81.1103,0.0,78.4534,78.4534,81.1103,94.3169,23.4393,30.1793,1702
2016-04-24 23:00:00,51.1,transfer,1.0,80.7728,0.0,68.5386,68.5386,80.7728,94.3169,23.477,30.159,1703
2016-04-25 00:00:00,52.58,transfer,1.0,80.4385,0.0,78.8182,78.8182,80.4385,94.3169,23.5071,30.1261,1704
2016-04-25 01:00:00,49.36,transfer,1.0,80.5971,0.0,90.1033,90.1033,80.5971,94.3173,23.554,30.1119,1705
2016-04-25 02:00:00,49.26,transfer,1.0,81.0133,0.0,74.0496,74.0496,81.0133,94.3175,23.5934,30.0971,1706
2016-04-25 03:00:00,49.37,transfer,1.0,81.4164,0.0,91.374,91.374,81.4164,94.317,23.6223,30.0821,1707
2016-04-25 04:00:00,60.83,transfer,1.0,81.7901,0.0,70.9271,70.9271,81.7901,94.3169,23.6267,30.0545,1708
2016-04-25 05:00:00,66.45,transfer,1.0,82.146,0.0,72.9029,72.9029,82.146,94.317,23.6002,30.007,1709
2016-04-25 06:00:00,61.32,transfer,1.0,82.4715,0.0,83.52,83.52,82.4715,94.3173,23.5905,29.9849,1710
2016-04-25 07:00:00,82.17,transfer,1.0,82.6997,0.0,83.6651,83.6651,82.6997,94.3176,23.5267,29.9142,1711
2016-04-25 08:00:00,99.7,transfer,1.0,82.8411,0.0,90.371,90.371,82.8411,94.3178,23.5863,29.9149,1712
2016-04-25 09:00:00,102.9,transfer,1.0,82.9426,0.0,89.6635,89.6635,82.9426,94.3178,23.6125,29.9431,1713
2016-04-25 10:00:00,110.93,transfer,1.0,83.002,0.0,95.2,95.2,83.002,94.3179,23.6949,30.0266,1714
2016-04-25 11:00:00,110.75,transfer,1.0,83.0325,0.0,81.2238,81.2238,83.0325,94.3178,23.7857,30.1181,1715
2016-04-25 12:00:00,107.4,transfer,1.0,83.0483,0.0,80.0438,80.0438,83.0483,94.3178,23.8783,30.1807,1716
2016-04-25 13:00:00,105.6,transfer,1.0,83.0549,0.0,85.501,85.501,83.0549,94.3177,23.9721,30.2209,1717
2016-04-25 14:00:00,117.19,transfer,1.0,83.0557,0.0,74.5376,74.5376,83.0557,94.3177,24.1027,30.3519,1718
2016-04-25 15:00:00,106.48,transfer,1.0,83.0544,0.0,94.4543,94.4543,83.0544,94.3176,24.1673,30.4169,1719
2016-04-25 16:00:00,101.28,transfer,1.0,83.0523,0.0,83.6433,83.6433,83.0523,94.3174,24.2615,30.3765,1720
2016-04-25 17:00:00,84.49,transfer,1.0,83.0435,0.0,84.6216,84.6216,83.0435,94.3174,24.2339,30.3312,1721
2016-04-25 18:00:00,57.71,transfer,1.0,83.0302,0.0,90.2916,90.2916,83.0302,94.3173,24.2325,30.329,1722
2016-04-25 19:00:00,54.81,transfer,1.0,83.0014,0.0,98.1741,98.1741,83.0014,94.3171,24.227,30.3227,1723
2016-04-25 20:00:00,60.43,transfer,1.0,82.9556,0.0,102.7136,102.7136,82.9556,94.317,24.2154,30.3099,1724
2016-04-25 21:00:00,50.13,transfer,1.0,82.9063,0.0,80.4815,80.4815,82.9063,94.3165,24.2245,30.3178,1725
2016-04-25 22:00:00,50.98,transfer,1.0,82.8597,0.0,88.2139,88.2139,82.8597,94.3164,24.2172,30.3093,1726
2016-04-25 23:00:00,49.68,transfer,1.0,82.7998,0.0,85.2242,85.2242,82.7998,94.3166,24.21,30.3008,1727
2016-04-26 00:00:00,49.37,transfer,1.0,82.7392,0.0,66.3633,66.3633,82.7392,94.3164,24.2063,30.2958,1728
2016-04-26 01:00:00,49.1,transfer,1.0,82.6899,0.0,99.929,99.929,82.6899,94.3168,24.2006,30.2889,1729
2016-04-26 02:00:00,49.07,transfer,1.0,82.6473,0.0,100.8846,100.8846,82.6473,94.3169,24.1928,30.28,1730
2016-04-26 03:00:00,49.35,transfer,1.0,82.6414,0.0,85.142,85.142,82.6414,94.3168,24.1853,30.2716,1731
2016-04-26 04:00:00,68.99,transfer,1.0,82.6599,0.0,88.0006,88.0006,82.6599,94.3168,24.1424,30.2282,1732
2016-04-26 05:00:00,74.88,transfer,1.0,82.7169,0.0,84.0221,84.0221,82.7169,94.3167,24.0758,30.1614,1733
2016-04-26 06:00:00,67.41,transfer,1.0,82.8,0.0,90.1556,90.1556,82.8,94.3169,24.0289,30.1145,1734
2016-04-26 07:00:00,95.92,transfer,1.0,82.865,0.0,86.6486,86.6486,82.865,94.317,24.1002,30.0496,1735
2016-04-26 08:00:00,121.57,transfer,1.0,82.9104,0.0,90.6019,90.6019,82.9104,94.3174,24.2319,30.1811,1736
2016-04-26 09:00:00,123.57,transfer,1.0,82.9655,0.0,88.4119,88.4119,82.9655,94.3174,24.2896,30.2386,1737
2016-04-26 10:00:00,123.83,transfer,1.0,83.0013,0.0,91.9797,91.9797,83.0013,94.3176,24.3307,30.2795,1738
2016-04-26 11:00:00,125.13,transfer,1.0,83.0179,0.0,98.1987,98.1987,83.0179,94.3176,24.4036,30.3522,1739
2016-04-26 12:00:00,117.03,transfer,1.0,83.0227,0.0,91.4163,91.4163,83.0227,94.3177,24.4236,30.372,1740
2016-04-26 13:00:00,122.49,transfer,1.0,83.0216,0.0,64.5055,64.5055,83.0216,94.3177,24.541,30.4891,1741
2016-04-26 14:00:00,142.23,transfer,1.0,83.0122,0.0,94.8814,94.8814,83.0122,94.3176,24.7389,30.6868,1742
2016-04-26 15:00:00,146.4,transfer,1.0,83.006,0.0,77.1732,77.1732,83.006,94.3174,24.9678,30.9154,1743
2016-04-26 16:00:00,132.37,transfer,1.0,83.0022,0.0,74.5943,74.5943,83.0022,94.3173,25.1275,31.0749,1744
2016-04-26 17:00:00,118.63,transfer,1.0,82.9917,0.0,85.8841,85.8841,82.9917,94.3173,25.3165,31.1755,1745
2016-04-26 18:00:00,77.94,transfer,1.0,82.9703,0.0,76.0842,76.0842,82.9703,94.3171,25.1985,31.0578,1746
2016-04-26 19:00:00,71.84,transfer,1.0,82.9242,0.0,77.2793,77.2793,82.9242,94.3171,25.0855,30.9453,1747
2016-04-26 20:00:00,76.46,transfer,1.0,82.8334,0.0,93.6798,93.6798,82.8334,94.3168,24.9648,30.8253,1748
2016-04-26 21:00:00,53.34,transfer,1.0,82.7327,0.0,84.5966,84.5966,82.7327,94.3167,24.9427,30.8045,1749
2016-04-26 22:00:00,53.37,transfer,1.0,82.6374,0.0,86.9994,86.9994,82.6374,94.3166,24.9243,30.7877,1750
2016-04-26 23:00:00,52.03,transfer,1.0,82.4975,0.0,69.9192,69.9192,82.4975,94.3166,24.9082,30.7739,1751
2016-04-27 00:00:00,51.69,transfer,1.0,82.3746,0.0,88.9645,88.9645,82.3746,94.3164,24.8868,30.7556,1752
2016-04-27 01:00:00,52.35,transfer,1.0,82.3069,0.0,82.9991,82.9991,82.3069,94.3167,24.8599,30.7322,1753
2016-04-27 02:00:00,51.3,transfer,1.0,82.305,0.0,57.8303,57.8303,82.305,94.3167,24.8373,30.7132,1754
2016-04-27 03:00:00,51.25,transfer,1.0,82.3794,0.0,79.1562,79.1562,82.3794,94.3167,24.8184,30.6976,1755
2016-04-27 04:00:00,75.38,transfer,1.0,82.4915,0.0,92.6754,92.6754,82.4915,94.3173,24.7232,30.6052,1756
2016-04-27 05:00:00,78.23,transfer,1.0,82.6299,0.0,78.1227,78.1227,82.6299,94.3175,24.6316,30.5157,1757
2016-04-27 06:00:00,68.32,transfer,1.0,82.7818,0.0,81.5096,81.5096,82.7818,94.3178,24.5592,30.4448,1758
2016-04-27 07:00:00,91.0,transfer,1.0,82.8831,0.0,78.4289,78.4289,82.8831,94.318,24.568,30.3579,1759
2016-04-27 08:00:00,103.63,transfer,1.0,82.9474,0.0,93.8586,93.8586,82.9474,94.3181,24.5975,30.3867,1760
2016-04-27 09:00:00,108.3,transfer,1.0,82.9966,0.0,69.6451,69.6451,82.9966,94.3181,24.6043,30.3932,1761
2016-04-27 10:00:00,110.15,transfer,1.0,83.0232,0.0,83.9648,83.9648,83.0232,94.3182,24.6226,30.4111,1762
2016-04-27 11:00:00,112.43,transfer,1.0,83.0383,0.0,78.2812,78.2812,83.0383,94.3182,24.6626,30.4509,1763
2016-04-27 12:00:00,102.85,transfer,1.0,83.0466,0.0,95.61,95.61,83.0466,94.3184,24.6136,30.4017,1764
2016-04-27 13:00:00,101.74,transfer,1.0,83.0509,0.0,81.6673,81.6673,83.0509,94.3184,24.554,30.3418,1765
2016-04-27 14:00:00,107.42,transfer,1.0,83.0508,0.0,83.1983,83.1983,83.0508,94.3183,24.5556,30.3433,1766
2016-04-27 15:00:00,105.3,transfer,1.0,83.049,0.0,82.7868,82.7868,83.049,94.3182,24.5901,30.3776,1767
2016-04-27 16:00:00,94.24,transfer,1.0,83.0429,0.0,99.5739,99.5739,83.0429,94.3184,24.5625,30.3507,1768
2016-04-27 17:00:00,85.84,transfer,1.0,83.0323,0.0,89.524,89.524,83.0323,94.3186,24.5584,30.3135,1769
2016-04-27 18:00:00,62.83,transfer,1.0,83.0147,0.0,87.2147,87.2147,83.0147,94.3188,24.5297,30.2851,1770
2016-04-27 19:00:00,59.56,transfer,1.0,82.9896,0.0,102.7638,102.7638,82.9896,94.3187,24.5035,30.2591,1771
2016-04-27 20:00:00,62.05,transfer,1.0,82.9585,0.0,73.0056,73.0056,82.9585,94.3184,24.4861,30.2422,1772
2016-04-27 21:00:00,52.03,transfer,1.0,82.9361,0.0,81.1317,81.1317,82.9361,94.3183,24.4706,30.2272,1773
2016-04-27 22:00:00,52.54,transfer,1.0,82.9187,0.0,73.0299,73.0299,82.9187,94.3181,24.4554,30.2124,1774
2016-04-27 23:00:00,51.48,transfer,1.0,82.9034,0.0,87.9219,87.9219,82.9034,94.318,24.4401,30.1976,1775
2016-04-28 00:00:00,50.93,transfer,1.0,82.8993,0.0,81.0568,81.0568,82.8993,94.318,24.4264,30.1844,1776
2016-04-28 01:00:00,50.56,transfer,1.0,82.8963,0.0,76.4101,76.4101,82.8963,94.318,24.414,30.1725,1777
2016-04-28 02:00:00,50.61,transfer,1.0,82.9038,0.0,91.5284,91.5284,82.9038,94.3179,24.4013,30.1602,1778
2016-04-28 03:00:00,50.68,transfer,1.0,82.9226,0.0,89.4514,89.4514,82.9226,94.318,24.3897,30.1489,1779
2016-04-28 04:00:00,62.42,transfer,1.0,82.9389,0.0,71.0023,71.0023,82.9389,94.318,24.3529,30.1123,1780
2016-04-28 05:00:00,70.97,transfer,1.0,82.9632,0.0,98.1104,98.1104,82.9632,94.3182,24.3265,30.0861,1781
2016-04-28 06:00:00,70.15,transfer,1.0,82.988,0.0,76.3375,76.3375,82.988,94.3183,24.2636,30.0234,1782
2016-04-28 07:00:00,85.8,transfer,1.0,83.0079,0.0,97.8041,97.8041,83.0079,94.3184,24.2716,29.9982,1783
2016-04-28 08:00:00,103.6,transfer,1.0,83.027,0.0,84.0962,84.0962,83.027,94.3186,24.2946,30.0212,1784
2016-04-28 09:00:00,107.13,transfer,1.0,83.0446,0.0,86.3552,86.3552,83.0446,94.3188,24.2936,30.0201,1785
2016-04-28 10:00:00,106.75,transfer,1.0,83.0461,0.0,77.1359,77.1359,83.0461,94.3167,24.3135,30.0398,1786
2016-04-28 11:00:00,99.06,transfer,1.0,83.0474,0.0,75.8539,75.8539,83.0474,94.3176,24.2901,30.0163,1787
2016-04-28 12:00:00,95.71,transfer,1.0,83.037,0.0,74.0461,74.0461,83.037,94.3163,24.255,29.981,1788
2016-04-28 13:00:00,97.78,transfer,1.0,83.0352,0.0,96.0462,96.0462,83.0352,94.3184,24.2425,29.9683,1789
2016-04-28 14:00:00,104.4,transfer,1.0,83.0336,0.0,77.231,77.231,83.0336,94.3187,24.2527,29.9783,1790
2016-04-28 15:00:00,98.11,transfer,1.0,83.0317,0.0,84.0436,84.0436,83.0317,94.3187,24.2673,29.9928,1791
2016-04-28 16:00:00,89.89,transfer,1.0,83.0281,0.0,76.6993,76.6993,83.0281,94.3187,24.2184,29.9964,1792
2016-04-28 17:00:00,78.04,transfer,1.0,83.0189,0.0,73.9454,73.9454,83.0189,94.319,24.2451,30.0292,1793
2016-04-28 18:00:00,59.51,transfer,1.0,83.0027,0.0,82.2653,82.2653,83.0027,94.319,24.2303,30.0145,1794
2016-04-28 19:00:00,59.01,transfer,1.0,82.9761,0.0,62.5036,62.5036,82.9761,94.3189,24.1944,29.9787,1795
2016-04-28 20:00:00,59.9,transfer,1.0,82.9419,0.0,64.1501,64.1501,82.9419,94.3186,24.1778,29.9622,1796
2016-04-28 21:00:00,50.07,transfer,1.0,82.915,0.0,84.6144,84.6144,82.915,94.3184,24.1632,29.9475,1797
2016-04-28 22:00:00,50.51,transfer,1.0,82.8393,0.0,93.5396,93.5396,82.8393,94.3159,24.1484,29.9328,1798
2016-04-28 23:00:00,49.56,transfer,1.0,82.8044,0.0,80.1436,80.1436,82.8044,94.318,24.1348,29.9192,1799
2016-04-29 00:00:00,49.13,transfer,1.0,82.7891,0.0,70.8038,70.8038,82.7891,94.3181,24.1241,29.9084,1800
2016-04-29 01:00:00,48.97,transfer,1.0,82.7711,0.0,93.9193,93.9193,82.7711,94.3179,24.1135,29.8975,1801
2016-04-29 02:00:00,49.03,transfer,1.0,82.7697,0.0,96.3298,96.3298,82.7697,94.3179,24.102,29.8854,1802
2016-04-29 03:00:00,49.21,transfer,1.0,82.7801,0.0,62.6206,62.6206,82.7801,94.318,24.0895,29.8724,1803
2016-04-29 04:00:00,63.84,transfer,1.0,82.8055,0.0,80.0089,80.0089,82.8055,94.318,24.085,29.8669,1804
2016-04-29 05:00:00,70.89,transfer,1.0,82.8523,0.0,87.3749,87.3749,82.8523,94.3181,24.0627,29.8437,1805
2016-04-29 06:00:00,68.54,transfer,1.0,82.9139,0.0,70.3328,70.3328,82.9139,94.3183,24.0343,29.8143,1806
2016-04-29 07:00:00,85.72,transfer,1.0,82.9631,0.0,92.4387,92.4387,82.9631,94.3185,24.0449,29.8027,1807
2016-04-29 08:00:00,104.98,transfer,1.0,83.0012,0.0,82.6703,82.6703,83.0012,94.3186,24.0544,29.813,1808
2016-04-29 09:00:00,109.34,transfer,1.0,83.0317,0.0,69.6328,69.6328,83.0317,94.3189,24.0519,29.8112,1809
2016-04-29 10:00:00,113.62,transfer,1.0,83.0525,0.0,82.2941,82.2941,83.0525,94.319,24.0517,29.8115,1810
2016-04-29 11:00:00,109.89,transfer,1.0,83.0633,0.0,80.2214,80.2214,83.0633,94.3189,24.0159,29.7762,1811
2016-04-29 12:00:00,100.48,transfer,1.0,83.0695,0.0,63.6779,63.6779,83.0695,94.319,23.9681,29.7288,1812
2016-04-29 13:00:00,101.67,transfer,1.0,83.0708,0.0,77.8464,77.8464,83.0708,94.319,23.9434,29.7045,1813
2016-04-29 14:00:00,101.76,transfer,1.0,83.0698,0.0,97.1721,97.1721,83.0698,94.3188,23.9326,29.6942,1814
2016-04-29 15:00:00,92.48,transfer,1.0,83.0674,0.0,79.4723,79.4723,83.0674,94.3189,23.9346,29.6917,1815
2016-04-29 16:00:00,77.63,transfer,1.0,83.0626,0.0,102.6058,102.6058,83.0626,94.3187,23.9306,29.7598,1816
2016-04-29 17:00:00,73.7,transfer,1.0,83.0546,0.0,81.429,81.429,83.0546,94.3187,23.9488,29.7773,1817
2016-04-29 18:00:00,61.29,transfer,1.0,83.0403,0.0,84.4147,84.4147,83.0403,94.3186,23.9208,29.7484,1818
2016-04-29 19:00:00,60.48,transfer,1.0,83.0214,0.0,96.0321,96.0321,83.0214,94.3184,23.9105,29.7368,1819
2016-04-29 20:00:00,61.87,transfer,1.0,83.0,0.0,91.7778,91.7778,83.0,94.3181,23.9367,29.7611,1820
2016-04-29 21:00:00,51.73,transfer,1.0,82.9835,0.0,98.3722,98.3722,82.9835,94.318,23.925,29.7471,1821
2016-04-29 22:00:00,52.01,transfer,1.0,82.9681,0.0,75.6125,75.6125,82.9681,94.3178,23.9195,29.7389,1822
2016-04-29 23:00:00,50.83,transfer,1.0,82.9494,0.0,85.9336,85.9336,82.9494,94.3177,23.919,29.7352,1823
2016-04-30 00:00:00,50.57,transfer,1.0,82.9362,0.0,78.5932,78.5932,82.9362,94.3176,23.9143,29.7266,1824
2016-04-30 01:00:00,50.52,transfer,1.0,82.8966,0.0,76.2771,76.2771,82.8966,94.317,23.9112,29.7186,1825
2016-04-30 02:00:00,50.39,transfer,1.0,82.8655,0.0,85.2359,85.2359,82.8655,94.3169,23.9103,29.7117,1826
2016-04-30 03:00:00,50.84,transfer,1.0,82.8447,0.0,89.7959,89.7959,82.8447,94.3169,23.9086,29.7032,1827
2016-04-30 04:00:00,64.73,transfer,1.0,82.8328,0.0,71.5861,71.5861,82.8328,94.317,23.9205,29.7082,1828
2016-04-30 05:00:00,73.32,transfer,1.0,82.835,0.0,56.5854,56.5854,82.835,94.3172,23.9227,29.7039,1829
2016-04-30 06:00:00,69.41,transfer,1.0,82.8505,0.0,73.6468,73.6468,82.8505,94.3174,23.9116,29.6877,1830
2016-04-30 07:00:00,64.67,transfer,1.0,82.8678,0.0,91.8178,91.8178,82.8678,94.3176,23.8967,29.6691,1831
2016-04-30 08:00:00,63.02,transfer,1.0,82.8883,0.0,77.2145,77.2145,82.8883,94.3179,23.8917,29.6613,1832
2016-04-30 09:00:00,62.79,transfer,1.0,82.9037,0.0,93.0682,93.0682,82.9037,94.3181,23.8894,29.6564,1833
2016-04-30 10:00:00,64.17,transfer,1.0,82.9062,0.0,69.0537,69.0537,82.9062,94.3181,23.883,29.6468,1834
2016-04-30 11:00:00,68.09,transfer,1.0,82.9034,0.0,79.0421,79.0421,82.9034,94.3181,23.8568,29.6172,1835
2016-04-30 12:00:00,66.77,transfer,1.0,82.8935,0.0,94.7405,94.7405,82.8935,94.3182,23.8402,29.5965,1836
2016-04-30 13:00:00,62.61,transfer,1.0,82.882,0.0,81.1476,81.1476,82.882,94.318,23.8474,29.5988,1837
2016-04-30 14:00:00,60.97,transfer,1.0,82.8625,0.0,58.5994,58.5994,82.8625,94.318,23.8627,29.6083,1838
2016-04-30 15:00:00,59.9,transfer,1.0,82.8133,0.0,88.0201,88.0201,82.8133,94.3179,23.897,29.6353,1839
2016-04-30 16:00:00,60.18,transfer,1.0,82.7279,0.0,97.0044,97.0044,82.7279,94.3181,23.9307,29.6597,1840
2016-04-30 17:00:00,58.46,transfer,1.0,82.5972,0.0,89.6128,89.6128,82.5972,94.3179,23.982,29.6989,1841
2016-04-30 18:00:00,48.28,transfer,1.0,82.4051,0.0,92.7359,92.7359,82.4051,94.3178,23.9982,29.6994,1842
2016-04-30 19:00:00,50.43,transfer,1.0,82.1117,0.0,72.5775,72.5775,82.1117,94.3177,23.9996,29.6813,1843
2016-04-30 20:00:00,56.17,transfer,1.0,81.7093,0.0,76.8777,76.8777,81.7093,94.3174,24.0218,29.6789,1844
2016-04-30 21:00:00,50.22,transfer,1.0,81.1905,0.0,78.3796,78.3796,81.1905,94.3172,24.0518,29.6784,1845
2016-04-30 22:00:00,50.94,transfer,1.0,80.5467,0.0,86.9379,86.9379,80.5467,94.3169,24.0861,29.6795,1846
2016-04-30 23:00:00,50.1,transfer,1.0,79.7593,0.0,70.5722,70.5722,79.7593,94.3169,24.1179,29.6768,1847
2016-05-01 00:00:00,49.84,blend,0.5513,85.8542,0.0,75.8837,75.8837,78.9671,94.317,24.1506,29.6758,1848
2016-05-01 01:00:00,50.19,blend,0.5513,85.5706,0.0,59.4424,59.4424,78.4528,94.3167,24.1745,29.67,1849
2016-05-01 02:00:00,49.71,blend,0.5513,85.4405,0.0,78.6954,78.6954,78.2169,94.3167,24.1967,29.6688,1850
2016-05-01 03:00:00,50.06,blend,0.5513,85.3865,0.0,80.4605,80.4605,78.1192,94.3165,24.2101,29.6675,1851
2016-05-01 04:00:00,62.84,blend,0.5513,85.6233,0.0,69.7907,69.7907,78.5484,94.3168,24.207,29.6574,1852
2016-05-01 05:00:00,65.1,blend,0.5513,85.8995,0.0,79.8542,79.8542,79.0497,94.3164,24.2052,29.656,1853
2016-05-01 06:00:00,61.63,blend,0.5513,86.2788,0.0,88.049,88.049,79.7378,94.3162,24.1952,29.6511,1854
2016-05-01 07:00:00,56.95,blend,0.5513,86.7236,0.0,78.649,78.649,80.5442,94.3167,24.182,29.6443,1855
2016-05-01 08:00:00,56.95,blend,0.5513,87.0682,0.0,69.0545,69.0545,81.1691,94.3168,24.176,29.6443,1856
2016-05-01 09:00:00,56.22,blend,0.5513,87.1852,0.0,77.3656,77.3656,81.3817,94.3165,24.1719,29.6466,1857
2016-05-01 10:00:00,56.42,blend,0.5513,87.2881,0.0,88.1678,88.1678,81.5678,94.3171,24.1739,29.6547,1858
2016-05-01 11:00:00,55.09,blend,0.5513,87.2386,0.0,80.7964,80.7964,81.479,94.316,24.1651,29.6529,1859
2016-05-01 12:00:00,54.66,blend,0.5513,87.1239,0.0,81.1224,81.1224,81.271,94.3158,24.1574,29.6538,1860
2016-05-01 13:00:00,54.95,blend,0.5513,87.0854,0.0,73.6991,73.6991,81.2,94.3172,24.1482,29.6536,1861
2016-05-01 14:00:00,54.06,blend,0.5513,86.9941,0.0,82.4646,82.4646,81.0343,94.3173,24.1626,29.6778,1862
2016-05-01 15:00:00,53.63,blend,0.5513,86.8157,0.0,90.5953,90.5953,80.7109,94.3173,24.1824,29.7089,1863
2016-05-01 16:00:00,54.67,blend,0.5513,86.5273,0.0,58.3418,58.3418,80.1878,94.3172,24.2027,29.7434,1864
2016-05-01 17:00:00,54.06,blend,0.5513,86.0744,0.0,66.8402,66.8402,79.3664,94.3171,24.2202,29.7793,1865
2016-05-01 18:00:00,43.04,blend,0.5513,85.4641,0.0,73.6369,73.6369,78.2595,94.3171,24.211,29.7942,1866
2016-05-01 19:00:00,43.76,blend,0.5513,84.6006,0.0,70.7164,70.7164,76.6933,94.3168,24.187,29.8024,1867
2016-05-01 20:00:00,49.81,blend,0.5513,83.6845,0.0,64.1281,64.1281,75.032,94.3165,24.1678,29.8236,1868
2016-05-01 21:00:00,50.44,blend,0.5513,82.6517,0.0,82.8683,82.8683,73.1588,94.3163,24.1136,29.8189,1869
2016-05-01 22:00:00,50.85,blend,0.5513,81.8025,0.0,60.092,60.092,71.6186,94.3162,24.0547,29.8164,1870
2016-05-01 23:00:00,50.15,blend,0.5513,81.1406,0.0,81.5717,81.5717,70.418,94.3163,23.9987,29.8221,1871
2016-05-02 00:00:00,49.61,blend,0.5513,80.7526,0.0,70.2482,70.2482,69.7143,94.3163,23.9525,29.8398,1872
2016-05-02 01:00:00,49.74,blend,0.5513,81.0504,0.0,78.0805,78.0805,70.2543,94.3165,23.8887,29.8375,1873
2016-05-02 02:00:00,49.61,blend,0.5513,81.5758,0.0,60.4102,60.4102,71.208,94.3156,23.8283,29.8354,1874
2016-05-02 03:00:00,50.13,blend,0.5513,82.7498,0.0,79.2954,79.2954,73.3367,94.3165,23.7756,29.8309,1875
2016-05-02 04:00:00,63.38,blend,0.5513,84.2108,0.0,74.7625,74.7625,75.9864,94.3169,23.7259,29.8157,1876
2016-05-02 05:00:00,70.41,blend,0.5513,85.5478,0.0,71.0669,71.0669,78.4112,94.3171,23.6801,29.7921,1877
2016-05-02 06:00:00,65.44,blend,0.5513,86.6206,0.0,72.8184,72.8184,80.357,94.3172,23.643,29.7676,1878
2016-05-02 07:00:00,81.62,blend,0.5513,87.3012,0.0,76.7746,76.7746,81.5915,94.3172,23.64,29.7709,1879
2016-05-02 08:00:00,100.23,blend,0.5513,87.6768,0.0,75.7891,75.7891,82.2725,94.3175,23.6466,29.774,1880
2016-05-02 09:00:00,104.08,blend,0.5513,87.8798,0.0,84.0229,84.0229,82.6406,94.3176,23.6554,29.781,1881
2016-05-02 10:00:00,102.04,blend,0.5513,87.9851,0.0,78.5428,78.5428,82.8317,94.3175,23.6035,29.7281,1882
2016-05-02 11:00:00,105.77,blend,0.5513,88.0347,0.0,76.4688,76.4688,82.9216,94.3175,23.5745,29.6985,1883
2016-05-02 12:00:00,103.36,blend,0.5513,88.0555,0.0,96.2831,96.2831,82.9594,94.3175,23.551,29.6744,1884
2016-05-02 13:00:00,103.11,blend,0.5513,88.0634,0.0,83.7877,83.7877,82.9739,94.3173,23.5366,29.6596,1885
2016-05-02 14:00:00,110.5,blend,0.5513,88.0632,0.0,88.1394,88.1394,82.9735,94.3174,23.4973,29.6198,1886
2016-05-02 15:00:00,111.9,blend,0.5513,88.0592,0.0,84.087,84.087,82.9664,94.317,23.5301,29.6521,1887
2016-05-02 16:00:00,107.61,blend,0.5513,88.0508,0.0,65.2086,65.2086,82.9514,94.3168,23.5684,29.6898,1888
2016-05-02 17:00:00,101.97,blend,0.5513,88.036,0.0,97.33,97.33,82.9247,94.3167,23.6731,29.6768,1889
2016-05-02 18:00:00,72.13,blend,0.5513,88.0098,0.0,70.6446,70.6446,82.8772,94.3165,23.5864,29.591,1890
2016-05-02 19:00:00,73.94,blend,0.5513,87.9541,0.0,88.3017,88.3017,82.7766,94.316,23.4712,29.4771,1891
2016-05-02 20:00:00,73.31,blend,0.5513,87.8142,0.0,79.9462,79.9462,82.5248,94.3136,23.3919,29.4004,1892
2016-05-02 21:00:00,60.79,blend,0.5513,87.3274,0.0,86.4245,86.4245,81.7085,94.2319,23.3214,29.3365,1893
2016-05-02 22:00:00,60.28,blend,0.5513,86.9609,0.0,81.1728,81.1728,80.9878,94.3005,23.2549,29.281,1894
2016-05-02 23:00:00,62.67,blend,0.5513,86.7094,0.0,78.6837,78.6837,80.5224,94.3119,23.164,29.2037,1895
2016-05-03 00:00:00,59.09,blend,0.5513,86.5674,0.0,77.3301,77.3301,80.2625,94.3148,23.0914,29.1458,1896
2016-05-03 01:00:00,59.08,blend,0.5513,86.5945,0.0,85.4245,85.4245,80.3107,94.316,23.0178,29.0864,1897
2016-05-03 02:00:00,59.09,blend,0.5513,86.7145,0.0,78.6683,78.6683,80.5278,94.3165,22.9456,29.0267,1898
2016-05-03 03:00:00,59.07,blend,0.5513,86.9103,0.0,88.2021,88.2021,80.8828,94.3168,22.8772,28.9689,1899
2016-05-03 04:00:00,72.34,blend,0.5513,87.2156,0.0,82.4871,82.4871,81.4362,94.3171,22.85,28.9489,1900
2016-05-03 05:00:00,73.15,blend,0.5513,87.4942,0.0,86.1749,86.1749,81.9415,94.3172,22.8557,28.9592,1901
2016-05-03 06:00:00,66.08,blend,0.5513,87.7248,0.0,66.8028,66.8028,82.3597,94.3174,22.861,28.9672,1902
2016-05-03 07:00:00,92.67,blend,0.5513,87.8598,0.0,72.4357,72.4357,82.6045,94.3175,22.8432,28.9674,1903
2016-05-03 08:00:00,108.68,blend,0.5513,87.9442,0.0,91.0879,91.0879,82.7574,94.3176,22.7674,28.8907,1904
2016-05-03 09:00:00,113.08,blend,0.5513,88.0082,0.0,78.7472,78.7472,82.8732,94.3179,22.7055,28.8282,1905
2016-05-03 10:00:00,116.8,blend,0.5513,88.0434,0.0,78.4936,78.4936,82.9371,94.3179,22.664,28.7864,1906
2016-05-03 11:00:00,123.39,blend,0.5513,88.0613,0.0,83.6167,83.6167,82.9695,94.318,22.6539,28.776,1907
2016-05-03 12:00:00,127.5,blend,0.5513,88.0717,0.0,87.7523,87.7523,82.9886,94.3179,22.7165,28.8384,1908
2016-05-03 13:00:00,116.17,blend,0.5513,88.0768,0.0,80.323,80.323,82.9978,94.3177,22.679,28.8007,1909
2016-05-03 14:00:00,116.32,blend,0.5513,88.0782,0.0,101.6298,101.6298,83.0004,94.3176,22.5248,28.6465,1910
2016-05-03 15:00:00,117.68,blend,0.5513,88.0745,0.0,69.3673,69.3673,82.9937,94.3176,22.354,28.4756,1911
2016-05-03 16:00:00,108.06,blend,0.5513,88.0667,0.0,82.7649,82.7649,82.9798,94.3175,22.2094,28.3309,1912
2016-05-03 17:00:00,95.48,blend,0.5513,88.0524,0.0,79.7079,79.7079,82.9536,94.3177,22.0718,28.1931,1913
2016-05-03 18:00:00,71.92,blend,0.5513,88.0299,0.0,78.0943,78.0943,82.9128,94.3178,22.1073,28.2289,1914
2016-05-03 19:00:00,67.01,blend,0.5513,87.9857,0.0,77.3373,77.3373,82.8324,94.318,22.1355,28.2577,1915
2016-05-03 20:00:00,63.14,blend,0.5513,87.9273,0.0,83.4423,83.4423,82.7266,94.3177,22.2142,28.3369,1916
2016-05-03 21:00:00,51.34,blend,0.5513,87.8757,0.0,79.9981,79.9981,82.6332,94.3176,22.2255,28.3489,1917
2016-05-03 22:00:00,52.8,blend,0.5513,87.7864,0.0,90.4643,90.4643,82.4714,94.3174,22.2279,28.3523,1918
2016-05-03 23:00:00,51.56,blend,0.5513,87.697,0.0,59.5991,59.5991,82.3093,94.3173,22.2296,28.3551,1919
2016-05-04 00:00:00,51.3,blend,0.5513,87.635,0.0,82.2154,82.2154,82.1971,94.317,22.2308,28.3574,1920
2016-05-04 01:00:00,50.85,blend,0.5513,87.5921,0.0,66.2035,66.2035,82.1195,94.3168,22.2386,28.3663,1921
2016-05-04 02:00:00,50.82,blend,0.5513,87.6036,0.0,82.4335,82.4335,82.1402,94.3169,22.2405,28.3692,1922
2016-05-04 03:00:00,50.95,blend,0.5513,87.6735,0.0,88.5154,88.5154,82.2666,94.3174,22.2416,28.371,1923
2016-05-04 04:00:00,63.66,blend,0.5513,87.7639,0.0,77.0831,77.0831,82.4304,94.3175,22.311,28.4407,1924
2016-05-04 05:00:00,64.95,blend,0.5513,87.8586,0.0,88.6331,88.6331,82.6022,94.3177,22.3899,28.5198,1925
2016-05-04 06:00:00,62.59,blend,0.5513,87.9411,0.0,83.7281,83.7281,82.7518,94.3177,22.4238,28.5539,1926
2016-05-04 07:00:00,82.13,blend,0.5513,87.9945,0.0,83.5151,83.5151,82.8484,94.318,22.3798,28.6067,1927
2016-05-04 08:00:00,102.42,blend,0.5513,88.034,0.0,83.3901,83.3901,82.92,94.318,22.3728,28.5995,1928
2016-05-04 09:00:00,113.05,blend,0.5513,88.0627,0.0,94.0691,94.0691,82.9721,94.3179,22.4012,28.6277,1929
2016-05-04 10:00:00,113.39,blend,0.5513,88.0808,0.0,83.3618,83.3618,83.0049,94.318,22.4206,28.647,1930
2016-05-04 11:00:00,112.19,blend,0.5513,88.0912,0.0,91.9192,91.9192,83.0238,94.318,22.4192,28.6456,1931
2016-05-04 12:00:00,106.58,blend,0.5513,88.0959,0.0,71.1581,71.1581,83.0322,94.318,22.4415,28.6678,1932
2016-05-04 13:00:00,99.81,blend,0.5513,88.0954,0.0,79.66,79.66,83.0314,94.318,22.4302,28.6563,1933
2016-05-04 14:00:00,106.81,blend,0.5513,88.0913,0.0,73.9963,73.9963,83.024,94.318,22.4267,28.6527,1934
2016-05-04 15:00:00,101.8,blend,0.5513,88.0835,0.0,76.2458,76.2458,83.0099,94.318,22.4061,28.6319,1935
2016-05-04 16:00:00,92.53,blend,0.5513,88.0732,0.0,76.1168,76.1168,82.9911,94.318,22.3962,28.642,1936
2016-05-04 17:00:00,83.9,blend,0.5513,88.0563,0.0,94.3302,94.3302,82.9604,94.318,22.3851,28.6536,1937
2016-05-04 18:00:00,60.63,blend,0.5513,88.0296,0.0,81.9241,81.9241,82.9119,94.3182,22.3976,28.6667,1938
2016-05-04 19:00:00,54.55,blend,0.5513,87.9866,0.0,92.5681,92.5681,82.8338,94.3183,22.4265,28.6965,1939
2016-05-04 20:00:00,53.62,blend,0.5513,87.9296,0.0,88.047,88.047,82.7306,94.3181,22.4753,28.7467,1940
2016-05-04 21:00:00,49.26,blend,0.5513,87.8686,0.0,60.8847,60.8847,82.62,94.3179,22.4899,28.7632,1941
2016-05-04 22:00:00,50.37,blend,0.5513,87.8008,0.0,91.807,91.807,82.4973,94.3177,22.5003,28.7761,1942
2016-05-04 23:00:00,49.14,blend,0.5513,87.7413,0.0,91.0699,91.0699,82.3894,94.3177,22.5112,28.79,1943
2016-05-05 00:00:00,48.74,blend,0.5513,87.7097,0.0,80.5059,80.5059,82.3321,94.3176,22.5208,28.803,1944
2016-05-05 01:00:00,48.53,blend,0.5513,87.6901,0.0,79.5339,79.5339,82.2965,94.3177,22.5293,28.8151,1945
2016-05-05 02:00:00,48.58,blend,0.5513,87.7004,0.0,68.7054,68.7054,82.3151,94.3177,22.5379,28.8272,1946
2016-05-05 03:00:00,48.67,blend,0.5513,87.7348,0.0,93.6227,93.6227,82.3774,94.3178,22.5466,28.8392,1947
2016-05-05 04:00:00,64.82,blend,0.5513,87.7918,0.0,101.0207,101.0207,82.4809,94.3179,22.5296,28.8249,1948
2016-05-05 05:00:00,68.01,blend,0.5513,87.8633,0.0,97.5571,97.5571,82.6104,94.3179,22.5451,28.8425,1949
2016-05-05 06:00:00,66.13,blend,0.5513,87.9418,0.0,83.2331,83.2331,82.7526,94.3181,22.5677,28.8664,1950
2016-05-05 07:00:00,84.04,blend,0.5513,87.9963,0.0,86.9715,86.9715,82.8514,94.3182,22.5581,28.8769,1951
2016-05-05 08:00:00,104.57,blend,0.5513,88.0355,0.0,79.9916,79.9916,82.9224,94.3183,22.5645,28.8827,1952
2016-05-05 09:00:00,109.83,blend,0.5513,88.064,0.0,97.1359,97.1359,82.9741,94.3183,22.581,28.8987,1953
2016-05-05 10:00:00,107.33,blend,0.5513,88.0818,0.0,83.8289,83.8289,83.0063,94.3185,22.5847,28.9022,1954
2016-05-05 11:00:00,106.98,blend,0.5513,88.0904,0.0,84.6672,84.6672,83.0219,94.3184,22.632,28.9493,1955
2016-05-05 12:00:00,102.14,blend,0.5513,88.0937,0.0,78.2482,78.2482,83.0278,94.3186,22.6703,28.9876,1956
2016-05-05 13:00:00,99.47,blend,0.5513,88.094,0.0,85.5034,85.5034,83.0285,94.3185,22.6804,28.9976,1957
2016-05-05 14:00:00,102.34,blend,0.5513,88.0911,0.0,92.9989,92.9989,83.0232,94.3185,22.6682,28.9854,1958
2016-05-05 15:00:00,95.81,blend,0.5513,88.0863,0.0,88.1302,88.1302,83.0147,94.3183,22.6546,28.9717,1959
2016-05-05 16:00:00,85.8,blend,0.5513,88.0782,0.0,79.5195,79.5195,82.9999,94.3183,22.6305,28.996,1960
2016-05-05 17:00:00,81.21,blend,0.5513,88.0645,0.0,91.5241,91.5241,82.975,94.3184,22.6113,28.9772,1961
2016-05-05 18:00:00,64.86,blend,0.5513,88.0423,0.0,85.8465,85.8465,82.9348,94.3184,22.5791,28.9453,1962
2016-05-05 19:00:00,59.08,blend,0.5513,88.0108,0.0,83.5317,83.5317,82.8776,94.3184,22.5781,28.9449,1963
2016-05-05 20:00:00,59.63,blend,0.5513,87.9704,0.0,80.0282,80.0282,82.8046,94.3181,22.5789,28.9465,1964
2016-05-05 21:00:00,51.02,blend,0.5513,87.9292,0.0,78.9766,78.9766,82.73,94.318,22.5721,28.9408,1965
2016-05-05 22:00:00,51.67,blend,0.5513,87.8886,0.0,80.8172,80.8172,82.6563,94.3179,22.5641,28.9339,1966
2016-05-05 23:00:00,50.53,blend,0.5513,87.8445,0.0,79.2266,79.2266,82.5765,94.3178,22.557,28.9282,1967
2016-05-06 00:00:00,49.78,blend,0.5513,87.8123,0.0,80.5015,80.5015,82.5179,94.3178,22.5515,28.9243,1968
2016-05-06 01:00:00,50.02,blend,0.5513,87.7729,0.0,84.7402,84.7402,82.4467,94.3176,22.5433,28.918,1969
2016-05-06 02:00:00,49.65,blend,0.5513,87.7494,0.0,85.9473,85.9473,82.4042,94.3175,22.5375,28.9144,1970
2016-05-06 03:00:00,50.31,blend,0.5513,87.7545,0.0,90.5407,90.5407,82.4133,94.3176,22.5287,28.9078,1971
2016-05-06 04:00:00,63.64,blend,0.5513,87.7883,0.0,88.5408,88.5408,82.4746,94.3177,22.528,28.909,1972
2016-05-06 05:00:00,68.42,blend,0.5513,87.8484,0.0,82.3022,82.3022,82.5835,94.3178,22.5411,28.9237,1973
2016-05-06 06:00:00,67.8,blend,0.5513,87.9203,0.0,90.6291,90.6291,82.7138,94.3179,22.5443,28.9281,1974
2016-05-06 07:00:00,67.26,blend,0.5513,87.9649,0.0,87.9893,87.9893,82.7952,94.3173,22.6203,29.038,1975
2016-05-06 08:00:00,70.37,blend,0.5513,88.004,0.0,79.0926,79.0926,82.866,94.3175,22.5639,29.1171,1976
2016-05-06 09:00:00,70.55,blend,0.5513,88.0286,0.0,68.945,68.945,82.9102,94.3179,22.4809,29.1691,1977
2016-05-06 10:00:00,73.81,blend,0.5513,88.0307,0.0,85.1654,85.1654,82.9147,94.3173,22.3531,29.1763,1978
2016-05-06 11:00:00,72.66,blend,0.5513,88.0259,0.0,90.4295,90.4295,82.9058,94.3173,22.2544,29.2125,1979
2016-05-06 12:00:00,74.45,blend,0.5513,88.0138,0.0,86.7225,86.7225,82.884,94.3173,22.201,29.2941,1980
2016-05-06 13:00:00,78.77,blend,0.5513,87.9689,0.0,85.9338,85.9338,82.804,94.3155,22.1143,29.3429,1981
2016-05-06 14:00:00,79.76,blend,0.5513,87.9277,0.0,84.1619,84.1619,82.7285,94.3164,22.0207,29.3852,1982
2016-05-06 15:00:00,80.26,blend,0.5513,87.8877,0.0,75.7799,75.7799,82.6552,94.3173,21.9789,29.458,1983
2016-05-06 16:00:00,72.0,blend,0.5513,87.8373,0.0,67.0244,67.0244,82.5633,94.3178,22.0095,29.4915,1984
2016-05-06 17:00:00,66.55,blend,0.5513,87.7317,0.0,67.0759,67.0759,82.3724,94.3173,22.048,29.534,1985
2016-05-06 18:00:00,51.55,blend,0.5513,87.5767,0.0,69.9723,69.9723,82.0909,94.3175,22.1003,29.592,1986
2016-05-06 19:00:00,50.11,blend,0.5513,87.4041,0.0,79.6713,79.6713,81.7774,94.3182,22.1546,29.6537,1987
2016-05-06 20:00:00,54.24,blend,0.5513,87.2068,0.0,67.7702,67.7702,81.4195,94.318,22.1906,29.6991,1988
2016-05-06 21:00:00,52.17,blend,0.5513,86.9705,0.0,81.7316,81.7316,80.9911,94.3178,22.1761,29.6965,1989
2016-05-06 22:00:00,53.53,blend,0.5513,86.7808,0.0,88.6369,88.6369,80.6471,94.3178,22.1533,29.6875,1990
2016-05-06 23:00:00,52.35,blend,0.5513,86.6467,0.0,77.9119,77.9119,80.4039,94.3178,22.1291,29.6784,1991
2016-05-07 00:00:00,52.05,blend,0.5513,86.5437,0.0,93.0208,93.0208,80.2171,94.3177,22.1041,29.6696,1992
2016-05-07 01:00:00,51.79,blend,0.5513,86.3239,0.0,61.0695,61.0695,79.8188,94.3172,22.0782,29.6621,1993
2016-05-07 02:00:00,51.43,blend,0.5513,86.1734,0.0,77.4043,77.4043,79.5458,94.3172,22.0523,29.6559,1994
2016-05-07 03:00:00,51.78,blend,0.5513,86.0976,0.0,82.9703,82.9703,79.4086,94.3169,22.0262,29.6503,1995
2016-05-07 04:00:00,66.57,blend,0.5513,86.013,0.0,76.9386,76.9386,79.2558,94.316,21.994,29.6393,1996
2016-05-07 05:00:00,74.3,blend,0.5513,86.2982,0.0,74.2425,74.2425,79.7722,94.3172,21.9699,29.6335,1997
2016-05-07 06:00:00,64.9,blend,0.5513,86.7564,0.0,92.2451,92.2451,80.6032,94.3174,21.9834,29.6603,1998
2016-05-07 07:00:00,62.81,blend,0.5513,87.1939,0.0,72.3057,72.3057,81.3967,94.3174,21.9857,29.6714,1999
2016-05-07 08:00:00,63.32,blend,0.5513,87.4596,0.0,86.1485,86.1485,81.8785,94.3175,21.9779,29.6696,2000
2016-05-07 09:00:00,66.54,blend,0.5513,87.5761,0.0,82.3151,82.3151,82.0897,94.3176,21.9507,29.6473,2001
2016-05-07 10:00:00,65.73,blend,0.5513,87.6257,0.0,86.1411,86.1411,82.1798,94.3175,21.9371,29.638,2002
2016-05-07 11:00:00,60.85,blend,0.5513,87.6443,0.0,73.8689,73.8689,82.2135,94.3175,21.9761,29.6811,2003
2016-05-07 12:00:00,59.94,blend,0.5513,87.6274,0.0,100.3639,100.3639,82.1829,94.3175,22.0125,29.7217,2004
2016-05-07 13:00:00,60.76,blend,0.5513,87.5602,0.0,92.2833,92.2833,82.0611,94.3175,22.0186,29.7327,2005
2016-05-07 14:00:00,59.42,blend,0.5513,87.4359,0.0,95.8351,95.8351,81.8356,94.3174,22.0218,29.742,2006
2016-05-07 15:00:00,59.72,blend,0.5513,87.2318,0.0,81.1385,81.1385,81.4655,94.3174,22.0148,29.743,2007
2016-05-07 16:00:00,59.13,blend,0.5513,86.9117,0.0,88.7499,88.7499,80.8849,94.3174,22.0101,29.7493,2008
2016-05-07 17:00:00,61.01,blend,0.5513,86.4424,0.0,97.92,97.92,80.0336,94.3173,21.9797,29.7341,2009
2016-05-07 18:00:00,51.57,blend,0.5513,85.7783,0.0,70.4739,70.4739,78.8294,94.317,21.9388,29.7145,2010
2016-05-07 19:00:00,49.71,blend,0.5513,84.9771,0.0,74.4041,74.4041,77.3761,94.317,21.9149,29.7188,2011
2016-05-07 20:00:00,54.38,blend,0.5513,84.0874,0.0,65.5088,65.5088,75.7625,94.3168,21.8901,29.7294,2012
2016-05-07 21:00:00,52.27,blend,0.5513,83.0696,0.0,75.1639,75.1639,73.9166,94.3167,21.8346,29.7172,2013
2016-05-07 22:00:00,53.2,blend,0.5513,82.2222,0.0,69.6533,69.6533,72.3794,94.3168,21.7726,29.7038,2014
2016-05-07 23:00:00,52.08,blend,0.5513,81.6156,0.0,64.0835,64.0835,71.2791,94.317,21.7103,29.692,2015
2016-05-08 00:00:00,51.87,transfer,1.0,70.6077,0.0,66.5739,66.5739,70.6077,94.317,21.6485,29.6799,2016
2016-05-08 01:00:00,51.62,transfer,1.0,70.6606,0.0,52.8897,52.8897,70.6606,94.3168,21.5936,29.6714,2017
2016-05-08 02:00:00,51.62,transfer,1.0,71.3574,0.0,60.5832,60.5832,71.3574,94.3168,21.5414,29.66,2018
2016-05-08 03:00:00,51.99,transfer,1.0,72.5609,0.0,77.4025,77.4025,72.5609,94.3167,21.4968,29.6485,2019
2016-05-08 04:00:00,63.75,transfer,1.0,73.9432,0.0,60.3471,60.3471,73.9432,94.3161,21.464,29.6431,2020
2016-05-08 05:00:00,69.54,transfer,1.0,75.6808,0.0,73.8751,73.8751,75.6808,94.3166,21.4175,29.6167,2021
2016-05-08 06:00:00,62.98,transfer,1.0,77.5881,0.0,89.5148,89.5148,77.5881,94.3169,21.3967,29.6087,2022
2016-05-08 07:00:00,59.06,transfer,1.0,79.318,0.0,80.2998,80.2998,79.318,94.317,21.3768,29.5961,2023
2016-05-08 08:00:00,59.38,transfer,1.0,80.4426,0.0,76.5129,76.5129,80.4426,94.317,21.358,29.5816,2024
2016-05-08 09:00:00,59.46,transfer,1.0,80.9593,0.0,93.7921,93.7921,80.9593,94.317,21.3362,29.5624,2025
2016-05-08 10:00:00,60.7,transfer,1.0,81.1951,0.0,94.9593,94.9593,81.1951,94.3173,21.3085,29.5369,2026
2016-05-08 11:00:00,59.28,transfer,1.0,81.3047,0.0,89.9208,89.9208,81.3047,94.3177,21.2825,29.512,2027
2016-05-08 12:00:00,58.05,transfer,1.0,81.3532,0.0,72.0363,72.0363,81.3532,94.3176,21.2628,29.4918,2028
2016-05-08 13:00:00,60.3,transfer,1.0,81.3258,0.0,62.1645,62.1645,81.3258,94.3176,21.2318,29.4599,2029
2016-05-08 14:00:00,62.59,transfer,1.0,81.1813,0.0,82.8851,82.8851,81.1813,94.3175,21.1819,29.4092,2030
2016-05-08 15:00:00,63.1,transfer,1.0,80.962,0.0,73.2793,73.2793,80.962,94.3174,21.127,29.3528,2031
2016-05-08 16:00:00,64.18,transfer,1.0,80.6911,0.0,70.7057,70.7057,80.6911,94.3175,21.0734,29.2962,2032
2016-05-08 17:00:00,63.62,transfer,1.0,80.2281,0.0,93.777,93.777,80.2281,94.3174,21.0216,29.2393,2033
2016-05-08 18:00:00,50.23,transfer,1.0,79.6429,0.0,79.491,79.491,79.6429,94.3174,20.987,29.1965,2034
2016-05-08 19:00:00,49.3,transfer,1.0,78.9678,0.0,84.0478,84.0478,78.9678,94.3174,20.9676,29.1635,2035
2016-05-08 20:00:00,52.99,transfer,1.0,78.2357,0.0,88.1309,88.1309,78.2357,94.3171,20.9677,29.1446,2036
2016-05-08 21:00:00,51.58,transfer,1.0,77.327,0.0,83.1966,83.1966,77.327,94.3169,20.9858,29.1378,2037
2016-05-08 22:00:00,52.99,transfer,1.0,76.5603,0.0,76.2417,76.2417,76.5603,94.3168,21.0024,29.1251,2038
2016-05-08 23:00:00,52.07,transfer,1.0,75.9857,0.0,69.5801,69.5801,75.9857,94.3169,21.0241,29.1137,2039
2016-05-09 00:00:00,51.86,transfer,1.0,75.7642,0.0,68.0879,68.0879,75.7642,94.3168,21.0468,29.1003,2040
2016-05-09 01:00:00,51.82,transfer,1.0,76.5519,0.0,85.4948,85.4948,76.5519,94.3171,21.0719,29.0879,2041
2016-05-09 02:00:00,51.76,transfer,1.0,77.8843,0.0,77.2966,77.2966,77.8843,94.3172,21.0988,29.0751,2042
2016-05-09 03:00:00,51.92,transfer,1.0,79.3553,0.0,78.6907,78.6907,79.3553,94.3174,21.124,29.0645,2043
2016-05-09 04:00:00,60.73,transfer,1.0,80.6615,0.0,83.4791,83.4791,80.6615,94.3174,21.1676,29.0802,2044
2016-05-09 05:00:00,62.16,transfer,1.0,81.6024,0.0,72.7375,72.7375,81.6024,94.3175,21.2357,29.1293,2045
2016-05-09 06:00:00,57.59,transfer,1.0,82.2137,0.0,69.3041,69.3041,82.2137,94.3177,21.2935,29.1761,2046
2016-05-09 07:00:00,72.2,transfer,1.0,82.5646,0.0,81.9202,81.9202,82.5646,94.3178,21.355,29.2322,2047
2016-05-09 08:00:00,89.91,transfer,1.0,82.7586,0.0,71.0919,71.0919,82.7586,94.3178,21.2907,29.2232,2048
2016-05-09 09:00:00,90.39,transfer,1.0,82.8838,0.0,88.1374,88.1374,82.8838,94.3177,21.2077,29.1885,2049
2016-05-09 10:00:00,89.43,transfer,1.0,82.9583,0.0,67.8497,67.8497,82.9583,94.3178,21.1319,29.1716,2050
2016-05-09 11:00:00,91.96,transfer,1.0,82.996,0.0,78.5599,78.5599,82.996,94.3181,21.0493,29.1175,2051
2016-05-09 12:00:00,88.07,transfer,1.0,83.0123,0.0,73.1724,73.1724,83.0123,94.3178,20.9579,29.1008,2052
2016-05-09 13:00:00,83.57,transfer,1.0,83.0196,0.0,86.8426,86.8426,83.0196,94.3177,20.8414,29.1125,2053
2016-05-09 14:00:00,85.3,transfer,1.0,83.0203,0.0,91.1413,91.1413,83.0203,94.3175,20.6911,29.0698,2054
2016-05-09 15:00:00,83.17,transfer,1.0,83.0169,0.0,75.1908,75.1908,83.0169,94.3176,20.5198,29.0315,2055
2016-05-09 16:00:00,73.11,transfer,1.0,83.0072,0.0,96.7776,96.7776,83.0072,94.3176,20.4319,29.0786,2056
2016-05-09 17:00:00,68.51,transfer,1.0,82.9905,0.0,75.0865,75.0865,82.9905,94.3176,20.4047,29.1867,2057
2016-05-09 18:00:00,55.38,transfer,1.0,82.9598,0.0,68.7769,68.7769,82.9598,94.3176,20.5049,29.2864,2058
2016-05-09 19:00:00,49.32,transfer,1.0,82.911,0.0,80.1555,80.1555,82.911,94.3175,20.6523,29.4329,2059
2016-05-09 20:00:00,49.25,transfer,1.0,82.8529,0.0,60.4624,60.4624,82.8529,94.3172,20.7974,29.5762,2060
2016-05-09 21:00:00,47.69,transfer,1.0,82.7854,0.0,75.1207,75.1207,82.7854,94.3169,20.8818,29.6547,2061
2016-05-09 22:00:00,48.47,transfer,1.0,82.7044,0.0,81.1631,81.1631,82.7044,94.3167,20.9623,29.7251,2062
2016-05-09 23:00:00,47.57,transfer,1.0,82.6201,0.0,87.5796,87.5796,82.6201,94.3166,21.0647,29.815,2063
2016-05-10 00:00:00,47.53,transfer,1.0,82.5405,0.0,78.7882,78.7882,82.5405,94.3166,21.1471,29.8838,2064
2016-05-10 01:00:00,47.0,transfer,1.0,82.485,0.0,85.3327,85.3327,82.485,94.3168,21.2319,29.9557,2065
2016-05-10 02:00:00,46.83,transfer,1.0,82.4364,0.0,84.6954,84.6954,82.4364,94.3169,21.3163,30.0287,2066
2016-05-10 03:00:00,47.06,transfer,1.0,82.4018,0.0,83.0091,83.0091,82.4018,94.317,21.3968,30.1002,2067
2016-05-10 04:00:00,57.45,transfer,1.0,82.4137,0.0,84.4264,84.4264,82.4137,94.3172,21.4912,30.1888,2068
2016-05-10 05:00:00,61.46,transfer,1.0,82.4772,0.0,81.9219,81.9219,82.4772,94.3171,21.564,30.2584,2069
2016-05-10 06:00:00,58.74,transfer,1.0,82.5976,0.0,65.6635,65.6635,82.5976,94.3173,21.6091,30.3021,2070
2016-05-10 07:00:00,79.42,transfer,1.0,82.7046,0.0,67.9015,67.9015,82.7046,94.3174,21.5688,30.3809,2071
2016-05-10 08:00:00,101.78,transfer,1.0,82.803,0.0,81.3043,81.3043,82.803,94.3177,21.5274,30.3399,2072
2016-05-10 09:00:00,108.31,transfer,1.0,82.895,0.0,83.7288,83.7288,82.895,94.3178,21.4989,30.3115,2073
2016-05-10 10:00:00,107.03,transfer,1.0,82.9605,0.0,92.3966,92.3966,82.9605,94.3179,21.4406,30.2533,2074
2016-05-10 11:00:00,106.36,transfer,1.0,82.9964,0.0,68.509,68.509,82.9964,94.3179,21.3391,30.1519,2075
2016-05-10 12:00:00,100.96,transfer,1.0,83.0143,0.0,78.227,78.227,83.0143,94.318,21.1809,29.994,2076
2016-05-10 13:00:00,96.43,transfer,1.0,83.0213,0.0,85.5443,85.5443,83.0213,94.3178,21.0633,29.8765,2077
2016-05-10 14:00:00,104.13,transfer,1.0,83.02,0.0,85.3897,85.3897,83.02,94.3178,20.9906,29.8039,2078
2016-05-10 15:00:00,94.91,transfer,1.0,83.0135,0.0,84.4502,84.4502,83.0135,94.3176,20.855,29.6684,2079
2016-05-10 16:00:00,88.9,transfer,1.0,83.0048,0.0,72.5058,72.5058,83.0048,94.3174,20.7408,29.6188,2080
2016-05-10 17:00:00,75.7,transfer,1.0,82.9829,0.0,66.9389,66.9389,82.9829,94.3174,20.7096,29.7227,2081
2016-05-10 18:00:00,56.66,transfer,1.0,82.9483,0.0,80.8558,80.8558,82.9483,94.3174,20.8006,29.8135,2082
2016-05-10 19:00:00,51.38,transfer,1.0,82.8853,0.0,93.391,93.391,82.8853,94.3174,20.894,29.9066,2083
2016-05-10 20:00:00,51.13,transfer,1.0,82.7991,0.0,92.9673,92.9673,82.7991,94.3171,20.9659,29.9781,2084
2016-05-10 21:00:00,48.11,transfer,1.0,82.7065,0.0,78.8902,78.8902,82.7065,94.3169,20.9855,29.9973,2085
2016-05-10 22:00:00,48.54,transfer,1.0,82.6178,0.0,71.0337,71.0337,82.6178,94.3169,21.0118,30.0226,2086
2016-05-10 23:00:00,47.34,transfer,1.0,82.5516,0.0,86.6138,86.6138,82.5516,94.317,21.0383,30.0478,2087
2016-05-11 00:00:00,47.23,transfer,1.0,82.4951,0.0,100.9523,100.9523,82.4951,94.3167,21.0643,30.072,2088
2016-05-11 01:00:00,47.32,transfer,1.0,82.4793,0.0,82.879,82.879,82.4793,94.3172,21.0875,30.093,2089
2016-05-11 02:00:00,47.14,transfer,1.0,82.3946,0.0,78.4462,78.4462,82.3946,94.3155,21.1109,30.1149,2090
2016-05-11 03:00:00,47.4,transfer,1.0,82.3445,0.0,96.916,96.916,82.3445,94.3157,21.1325,30.136,2091
2016-05-11 04:00:00,60.89,transfer,1.0,82.3545,0.0,84.4698,84.4698,82.3545,94.316,21.1485,30.1525,2092
2016-05-11 05:00:00,62.61,transfer,1.0,82.458,0.0,87.6267,87.6267,82.458,94.3164,21.1616,30.1664,2093
2016-05-11 06:00:00,58.58,transfer,1.0,82.6075,0.0,83.8893,83.8893,82.6075,94.3169,21.1846,30.1903,2094
2016-05-11 07:00:00,75.6,transfer,1.0,82.7341,0.0,65.3072,65.3072,82.7341,94.3174,21.2228,30.2291,2095
2016-05-11 08:00:00,102.63,transfer,1.0,82.8324,0.0,73.2782,73.2782,82.8324,94.3176,21.2246,30.2304,2096
2016-05-11 09:00:00,106.63,transfer,1.0,82.9109,0.0,87.9078,87.9078,82.9109,94.3178,21.1867,30.1922,2097
2016-05-11 10:00:00,105.4,transfer,1.0,82.9667,0.0,75.1134,75.1134,82.9667,94.3179,21.1394,30.1446,2098
2016-05-11 11:00:00,108.41,transfer,1.0,82.9957,0.0,81.81,81.81,82.9957,94.318,21.1171,30.1221,2099
2016-05-11 12:00:00,108.84,transfer,1.0,83.009,0.0,66.5074,66.5074,83.009,94.318,21.1307,30.1356,2100
2016-05-11 13:00:00,104.03,transfer,1.0,83.0123,0.0,83.6587,83.6587,83.0123,94.3177,21.1559,30.1607,2101
2016-05-11 14:00:00,107.99,transfer,1.0,83.0072,0.0,82.9673,82.9673,83.0072,94.3177,21.163,30.1677,2102
2016-05-11 15:00:00,102.7,transfer,1.0,82.9987,0.0,81.6585,81.6585,82.9987,94.3175,21.1684,30.1731,2103
2016-05-11 16:00:00,90.53,transfer,1.0,82.9483,0.0,68.3306,68.3306,82.9483,94.3135,21.1568,30.185,2104
2016-05-11 17:00:00,80.25,transfer,1.0,82.9075,0.0,93.8408,93.8408,82.9075,94.3172,21.167,30.2067,2105
2016-05-11 18:00:00,62.49,transfer,1.0,82.8491,0.0,78.8355,78.8355,82.8491,94.3176,21.1556,30.1956,2106
2016-05-11 19:00:00,56.11,transfer,1.0,82.7541,0.0,78.3773,78.3773,82.7541,94.3177,21.1458,30.1863,2107
2016-05-11 20:00:00,55.58,transfer,1.0,82.6313,0.0,72.4414,72.4414,82.6313,94.3174,21.1335,30.1746,2108
2016-05-11 21:00:00,49.89,transfer,1.0,82.4945,0.0,75.1542,75.1542,82.4945,94.3172,21.1291,30.1709,2109
2016-05-11 22:00:00,50.59,transfer,1.0,82.3505,0.0,75.8473,75.8473,82.3505,94.3171,21.1269,30.1696,2110
2016-05-11 23:00:00,49.53,transfer,1.0,82.2009,0.0,86.1609,86.1609,82.2009,94.3171,21.1234,30.1673,2111
2016-05-12 00:00:00,49.31,transfer,1.0,82.078,0.0,79.9383,79.9383,82.078,94.317,21.1185,30.1639,2112
2016-05-12 01:00:00,49.12,transfer,1.0,81.9527,0.0,73.0386,73.0386,81.9527,94.317,21.113,30.1603,2113
2016-05-12 02:00:00,49.07,transfer,1.0,81.9526,0.0,88.6434,88.6434,81.9526,94.3171,21.1079,30.1574,2114
2016-05-12 03:00:00,49.12,transfer,1.0,82.0225,0.0,84.3555,84.3555,82.0225,94.3172,21.1031,30.1547,2115
2016-05-12 04:00:00,60.2,transfer,1.0,82.1676,0.0,61.9246,61.9246,82.1676,94.3172,21.1287,30.1822,2116
2016-05-12 05:00:00,65.68,transfer,1.0,82.3639,0.0,78.9595,78.9595,82.3639,94.3175,21.1411,30.1961,2117
2016-05-12 06:00:00,57.64,transfer,1.0,82.5588,0.0,81.8308,81.8308,82.5588,94.3176,21.1905,30.2466,2118
2016-05-12 07:00:00,80.75,transfer,1.0,82.7082,0.0,84.2107,84.2107,82.7082,94.3175,21.1951,30.2662,2119
2016-05-12 08:00:00,101.61,transfer,1.0,82.8119,0.0,76.4785,76.4785,82.8119,94.3177,21.1781,30.2486,2120
2016-05-12 09:00:00,106.29,transfer,1.0,82.897,0.0,94.2981,94.2981,82.897,94.3178,21.1575,30.2275,2121
2016-05-12 10:00:00,109.89,transfer,1.0,82.9514,0.0,89.2085,89.2085,82.9514,94.3179,21.1731,30.2428,2122
2016-05-12 11:00:00,109.11,transfer,1.0,82.9793,0.0,86.6416,86.6416,82.9793,94.318,21.186,30.2555,2123
2016-05-12 12:00:00,107.08,transfer,1.0,82.993,0.0,89.2218,89.2218,82.993,94.3179,21.2156,30.2849,2124
2016-05-12 13:00:00,98.71,transfer,1.0,82.9957,0.0,80.7106,80.7106,82.9957,94.3179,21.2113,30.2803,2125
2016-05-12 14:00:00,100.32,transfer,1.0,82.9889,0.0,94.9906,94.9906,82.9889,94.318,21.1995,30.2683,2126
2016-05-12 15:00:00,99.18,transfer,1.0,82.9726,0.0,75.699,75.699,82.9726,94.3179,21.2198,30.2884,2127
2016-05-12 16:00:00,95.3,transfer,1.0,82.9464,0.0,68.3687,68.3687,82.9464,94.3178,21.2767,30.2435,2128
2016-05-12 17:00:00,77.64,transfer,1.0,82.9052,0.0,79.0449,79.0449,82.9052,94.3178,21.2975,30.2648,2129
2016-05-12 18:00:00,58.53,transfer,1.0,82.8473,0.0,66.0364,66.0364,82.8473,94.3179,21.3346,30.3024,2130
2016-05-12 19:00:00,57.32,transfer,1.0,82.738,0.0,75.6822,75.6822,82.738,94.318,21.3443,30.3129,2131
2016-05-12 20:00:00,53.82,transfer,1.0,82.5764,0.0,70.617,70.617,82.5764,94.3176,21.3775,30.3475,2132
2016-05-12 21:00:00,48.62,transfer,1.0,82.4056,0.0,76.5171,76.5171,82.4056,94.3174,21.3899,30.3618,2133
2016-05-12 22:00:00,49.58,transfer,1.0,82.2204,0.0,88.4031,88.4031,82.2204,94.3173,21.3997,30.3742,2134
2016-05-12 23:00:00,48.55,transfer,1.0,82.0158,0.0,72.186,72.186,82.0158,94.3172,21.4082,30.386,2135
2016-05-13 00:00:00,48.16,transfer,1.0,81.855,0.0,88.7747,88.7747,81.855,94.3172,21.4139,30.3956,2136
2016-05-13 01:00:00,48.03,transfer,1.0,81.6919,0.0,65.3915,65.3915,81.6919,94.317,21.4212,30.4075,2137
2016-05-13 02:00:00,48.06,transfer,1.0,81.606,0.0,68.0559,68.0559,81.606,94.317,21.4259,30.4169,2138
2016-05-13 03:00:00,48.49,transfer,1.0,81.6426,0.0,78.6057,78.6057,81.6426,94.317,21.4322,30.4278,2139
2016-05-13 04:00:00,64.38,transfer,1.0,81.8111,0.0,83.4163,83.4163,81.8111,94.317,21.4238,30.4234,2140
2016-05-13 05:00:00,64.5,transfer,1.0,82.0512,0.0,95.4312,95.4312,82.0512,94.3172,21.444,30.4467,2141
2016-05-13 06:00:00,62.67,transfer,1.0,82.3452,0.0,80.4373,80.4373,82.3452,94.3173,21.4723,30.4772,2142
2016-05-13 07:00:00,85.57,transfer,1.0,82.5613,0.0,56.8285,56.8285,82.5613,94.3174,21.3978,30.3682,2143
2016-05-13 08:00:00,106.06,transfer,1.0,82.7065,0.0,84.5251,84.5251,82.7065,94.3175,21.4624,30.2956,2144
2016-05-13 09:00:00,110.89,transfer,1.0,82.8194,0.0,69.4767,69.4767,82.8194,94.3176,21.5559,30.2528,2145
2016-05-13 10:00:00,111.98,transfer,1.0,82.8933,0.0,72.6009,72.6009,82.8933,94.3177,21.6748,30.2358,2146
2016-05-13 11:00:00,108.21,transfer,1.0,82.933,0.0,81.0186,81.0186,82.933,94.3177,21.7643,30.1896,2147
2016-05-13 12:00:00,110.74,transfer,1.0,82.9482,0.0,91.8806,91.8806,82.9482,94.3176,21.8795,30.1691,2148
2016-05-13 13:00:00,116.95,transfer,1.0,82.9421,0.0,80.6302,80.6302,82.9421,94.3173,22.058,30.2113,2149
2016-05-13 14:00:00,121.41,transfer,1.0,82.9293,0.0,78.9571,78.9571,82.9293,94.3173,22.2693,30.2859,2150
2016-05-13 15:00:00,106.34,transfer,1.0,82.9085,0.0,80.0404,80.0404,82.9085,94.3173,22.3946,30.2738,2151
2016-05-13 16:00:00,95.41,transfer,1.0,82.8782,0.0,84.8428,84.8428,82.8782,94.3172,22.4063,30.1475,2152
2016-05-13 17:00:00,88.31,transfer,1.0,82.8127,0.0,89.1759,89.1759,82.8127,94.3172,22.3448,30.0179,2153
2016-05-13 18:00:00,67.54,transfer,1.0,82.6956,0.0,89.4816,89.4816,82.6956,94.3171,22.2532,29.9228,2154
2016-05-13 19:00:00,64.05,transfer,1.0,82.5123,0.0,90.2215,90.2215,82.5123,94.3168,22.1746,29.8398,2155
2016-05-13 20:00:00,69.98,transfer,1.0,82.257,0.0,95.2529,95.2529,82.257,94.3165,22.0859,29.7461,2156
2016-05-13 21:00:00,70.08,transfer,1.0,81.9529,0.0,89.0692,89.0692,81.9529,94.3163,21.985,29.6395,2157
2016-05-13 22:00:00,71.68,transfer,1.0,81.6993,0.0,69.5745,69.5745,81.6993,94.3162,21.8833,29.5314,2158
2016-05-13 23:00:00,70.7,transfer,1.0,81.5108,0.0,79.5745,79.5745,81.5108,94.3164,21.7806,29.4222,2159
2016-05-14 00:00:00,70.3,transfer,1.0,81.3746,0.0,85.7328,85.7328,81.3746,94.3162,21.6789,29.3135,2160
2016-05-14 01:00:00,69.79,transfer,1.0,81.0523,0.0,77.8525,77.8525,81.0523,94.3159,21.5791,29.2064,2161
2016-05-14 02:00:00,70.56,transfer,1.0,80.7582,0.0,55.972,55.972,80.7582,94.3159,21.4724,29.0925,2162
2016-05-14 03:00:00,70.5,transfer,1.0,80.6113,0.0,80.9921,80.9921,80.6113,94.3159,21.3682,28.9811,2163
2016-05-14 04:00:00,79.75,transfer,1.0,80.8638,0.0,86.2776,86.2776,80.8638,94.3164,21.2993,28.9026,2164
2016-05-14 05:00:00,76.85,transfer,1.0,81.2139,0.0,81.6794,81.6794,81.2139,94.3165,21.2927,28.8874,2165
2016-05-14 06:00:00,71.67,transfer,1.0,81.6034,0.0,90.7309,90.7309,81.6034,94.3169,21.2584,28.8471,2166
2016-05-14 07:00:00,72.09,transfer,1.0,81.9046,0.0,85.4993,85.4993,81.9046,94.3169,21.2061,28.7919,2167
2016-05-14 08:00:00,76.17,transfer,1.0,82.1144,0.0,81.1709,81.1709,82.1144,94.3169,21.1311,28.7154,2168
2016-05-14 09:00:00,75.06,transfer,1.0,82.2095,0.0,91.5522,91.5522,82.2095,94.3172,21.0811,28.6647,2169
2016-05-14 10:00:00,78.75,transfer,1.0,82.219,0.0,79.7032,79.7032,82.219,94.3174,21.0038,28.5872,2170
2016-05-14 11:00:00,76.49,transfer,1.0,82.1652,0.0,94.5101,94.5101,82.1652,94.3175,20.9104,28.4941,2171
2016-05-14 12:00:00,75.02,transfer,1.0,82.0748,0.0,83.5331,83.5331,82.0748,94.3176,20.82,28.4043,2172
2016-05-14 13:00:00,74.31,transfer,1.0,81.9293,0.0,73.8238,73.8238,81.9293,94.3177,20.7386,28.3237,2173
2016-05-14 14:00:00,69.96,transfer,1.0,81.7117,0.0,84.5217,84.5217,81.7117,94.3177,20.6751,28.2609,2174
2016-05-14 15:00:00,71.12,transfer,1.0,81.3501,0.0,81.3724,81.3724,81.3501,94.3179,20.6065,28.1931,2175
2016-05-14 16:00:00,69.88,transfer,1.0,80.7084,0.0,79.195,79.195,80.7084,94.3178,20.5415,28.1291,2176
2016-05-14 17:00:00,70.85,transfer,1.0,79.6412,0.0,83.2272,83.2272,79.6412,94.3163,20.4806,28.0705,2177
2016-05-14 18:00:00,58.15,transfer,1.0,78.6665,0.0,70.2738,70.2738,78.6665,94.3175,20.4405,28.0314,2178
2016-05-14 19:00:00,56.61,transfer,1.0,77.4556,0.0,74.5558,74.5558,77.4556,94.3174,20.3999,27.9903,2179
2016-05-14 20:00:00,60.93,transfer,1.0,76.4533,0.0,58.8178,58.8178,76.4533,94.3176,20.365,27.9513,2180
2016-05-14 21:00:00,64.4,transfer,1.0,75.1927,0.0,81.2353,81.2353,75.1927,94.3174,20.3004,27.8791,2181
2016-05-14 22:00:00,65.08,transfer,1.0,74.345,0.0,73.6055,73.6055,74.345,94.3172,20.2414,27.8084,2182
2016-05-14 23:00:00,64.07,transfer,1.0,73.9997,0.0,79.9724,79.9724,73.9997,94.3172,20.1862,27.737,2183
2016-05-15 00:00:00,63.82,transfer,1.0,74.1505,0.0,81.0946,81.0946,74.1505,94.3174,20.1361,27.6659,2184
2016-05-15 01:00:00,63.69,transfer,1.0,74.7505,0.0,66.3843,66.3843,74.7505,94.3173,20.0886,27.5941,2185
2016-05-15 02:00:00,61.03,transfer,1.0,75.7792,0.0,62.9594,62.9594,75.7792,94.3173,20.059,27.5381,2186
2016-05-15 03:00:00,54.47,transfer,1.0,77.1017,0.0,72.0155,72.0155,77.1017,94.3174,20.0712,27.5233,2187
2016-05-15 04:00:00,65.27,transfer,1.0,78.3871,0.0,66.4411,66.4411,78.3871,94.3175,20.0886,27.5143,2188
2016-05-15 05:00:00,64.74,transfer,1.0,79.5551,0.0,80.497,80.497,79.5551,94.3176,20.1403,27.5428,2189
2016-05-15 06:00:00,59.01,transfer,1.0,80.6315,0.0,91.1815,91.1815,80.6315,94.3175,20.182,27.5665,2190
2016-05-15 07:00:00,55.12,transfer,1.0,81.4429,0.0,61.2115,61.2115,81.4429,94.3176,20.2181,27.5899,2191
2016-05-15 08:00:00,55.12,transfer,1.0,81.9762,0.0,65.9854,65.9854,81.9762,94.3179,20.2526,27.6153,2192
2016-05-15 09:00:00,55.5,transfer,1.0,82.2516,0.0,78.503,78.503,82.2516,94.3181,20.2839,27.6389,2193
2016-05-15 10:00:00,56.12,transfer,1.0,82.4077,0.0,86.9555,86.9555,82.4077,94.3182,20.3183,27.6661,2194
2016-05-15 11:00:00,56.76,transfer,1.0,82.5029,0.0,91.4443,91.4443,82.5029,94.3183,20.3405,27.6811,2195
2016-05-15 12:00:00,55.98,transfer,1.0,82.5564,0.0,73.559,73.559,82.5564,94.3182,20.36,27.6935,2196
2016-05-15 13:00:00,54.18,transfer,1.0,82.5781,0.0,97.5326,97.5326,82.5781,94.3182,20.4038,27.7299,2197
2016-05-15 14:00:00,54.49,transfer,1.0,82.5652,0.0,82.7992,82.7992,82.5652,94.3182,20.4603,27.7781,2198
2016-05-15 15:00:00,57.22,transfer,1.0,82.5064,0.0,78.3801,78.3801,82.5064,94.3179,20.5045,27.8131,2199
2016-05-15 16:00:00,57.22,transfer,1.0,82.428,0.0,58.4747,58.4747,82.428,94.3178,20.5562,27.8545,2200
2016-05-15 17:00:00,56.0,transfer,1.0,82.2987,0.0,80.036,80.036,82.2987,94.3179,20.6139,27.8999,2201
2016-05-15 18:00:00,46.71,transfer,1.0,82.1281,0.0,83.38,83.38,82.1281,94.3179,20.6497,27.9209,2202
2016-05-15 19:00:00,45.74,transfer,1.0,81.841,0.0,87.2431,87.2431,81.841,94.3176,20.688,27.942,2203
2016-05-15 20:00:00,52.02,transfer,1.0,81.4776,0.0,74.9114,74.9114,81.4776,94.3173,20.713,27.9478,2204
2016-05-15 21:00:00,54.75,transfer,1.0,81.0512,0.0,89.0904,89.0904,81.0512,94.317,20.7163,27.929,2205
2016-05-15 22:00:00,55.64,transfer,1.0,80.6594,0.0,82.279,82.279,80.6594,94.3168,20.725,27.9132,2206
2016-05-15 23:00:00,54.6,transfer,1.0,80.3419,0.0,78.8405,78.8405,80.3419,94.3168,20.7358,27.8981,2207
2016-05-16 00:00:00,54.42,transfer,1.0,80.0408,0.0,78.4214,78.4214,80.0408,94.3166,20.746,27.8829,2208
2016-05-16 01:00:00,54.37,transfer,1.0,80.2767,0.0,79.1086,79.1086,80.2767,94.3171,20.753,27.8677,2209
2016-05-16 02:00:00,54.33,transfer,1.0,80.697,0.0,96.3015,96.3015,80.697,94.3171,20.7545,27.8524,2210
2016-05-16 03:00:00,54.67,transfer,1.0,81.1692,0.0,79.5099,79.5099,81.1692,94.3172,20.7489,27.836,2211
2016-05-16 04:00:00,66.22,transfer,1.0,81.6592,0.0,86.3222,86.3222,81.6592,94.3173,20.7222,27.8034,2212
2016-05-16 05:00:00,67.33,transfer,1.0,82.1003,0.0,77.008,77.008,82.1003,94.3176,20.6944,27.7726,2213
2016-05-16 06:00:00,59.75,transfer,1.0,82.4638,0.0,98.7491,98.7491,82.4638,94.3177,20.683,27.7597,2214
2016-05-16 07:00:00,85.22,transfer,1.0,82.6914,0.0,104.3928,104.3928,82.6914,94.3178,20.6364,27.6822,2215
2016-05-16 08:00:00,105.79,transfer,1.0,82.8315,0.0,89.9651,89.9651,82.8315,94.3177,20.7304,27.7243,2216
2016-05-16 09:00:00,109.72,transfer,1.0,82.9386,0.0,105.5686,105.5686,82.9386,94.3176,20.8452,27.7926,2217
2016-05-16 10:00:00,104.95,transfer,1.0,83.0016,0.0,73.6989,73.6989,83.0016,94.3178,20.9373,27.8268,2218
2016-05-16 11:00:00,106.73,transfer,1.0,83.0337,0.0,86.8504,86.8504,83.0337,94.3177,21.025,27.8866,2219
2016-05-16 12:00:00,106.94,transfer,1.0,83.0486,0.0,75.177,75.177,83.0486,94.3175,21.1371,27.9246,2220
2016-05-16 13:00:00,101.53,transfer,1.0,83.0552,0.0,92.7419,92.7419,83.0552,94.3174,21.2438,27.9035,2221
2016-05-16 14:00:00,107.5,transfer,1.0,83.0561,0.0,85.0696,85.0696,83.0561,94.3175,21.3757,27.9283,2222
2016-05-16 15:00:00,103.51,transfer,1.0,83.0544,0.0,63.318,63.318,83.0544,94.3173,21.4966,27.9167,2223
2016-05-16 16:00:00,90.23,transfer,1.0,83.0518,0.0,65.2727,65.2727,83.0518,94.3169,21.4804,27.8148,2224
2016-05-16 17:00:00,83.78,transfer,1.0,83.0446,0.0,84.0763,84.0763,83.0446,94.3172,21.3986,27.7239,2225
2016-05-16 18:00:00,62.85,transfer,1.0,83.0308,0.0,77.9476,77.9476,83.0308,94.3171,21.3545,27.6794,2226
2016-05-16 19:00:00,56.8,transfer,1.0,83.0098,0.0,99.8762,99.8762,83.0098,94.3171,21.3106,27.6349,2227
2016-05-16 20:00:00,58.59,transfer,1.0,82.9851,0.0,80.9112,80.9112,82.9851,94.3172,21.2558,27.5793,2228
2016-05-16 21:00:00,57.54,transfer,1.0,82.9638,0.0,83.0689,83.0689,82.9638,94.3171,21.1982,27.5207,2229
2016-05-16 22:00:00,58.28,transfer,1.0,82.9462,0.0,89.6557,89.6557,82.9462,94.3169,21.1413,27.4623,2230
2016-05-16 23:00:00,57.18,transfer,1.0,82.9349,0.0,70.6561,70.6561,82.9349,94.3171,21.0859,27.4051,2231
2016-05-17 00:00:00,57.56,transfer,1.0,82.9318,0.0,101.2268,101.2268,82.9318,94.3172,21.0286,27.3454,2232
2016-05-17 01:00:00,57.25,transfer,1.0,82.9365,0.0,75.6599,75.6599,82.9365,94.3175,20.9702,27.2844,2233
2016-05-17 02:00:00,57.22,transfer,1.0,82.9452,0.0,91.4217,91.4217,82.9452,94.3176,20.9114,27.2225,2234
2016-05-17 03:00:00,57.49,transfer,1.0,82.9556,0.0,77.4138,77.4138,82.9556,94.3176,20.8526,27.1604,2235
2016-05-17 04:00:00,63.42,transfer,1.0,82.9677,0.0,80.5482,80.5482,82.9677,94.3176,20.8204,27.1249,2236
2016-05-17 05:00:00,64.14,transfer,1.0,82.9838,0.0,69.7418,69.7418,82.9838,94.3177,20.8075,27.109,2237
2016-05-17 06:00:00,57.08,transfer,1.0,82.9994,0.0,72.3979,72.3979,82.9994,94.3178,20.8197,27.1188,2238
2016-05-17 07:00:00,82.78,transfer,1.0,83.0109,0.0,78.858,78.858,83.0109,94.3178,20.8016,27.0988,2239
2016-05-17 08:00:00,99.99,transfer,1.0,83.0239,0.0,83.8576,83.8576,83.0239,94.318,20.7896,27.0882,2240
2016-05-17 09:00:00,104.04,transfer,1.0,83.0414,0.0,81.6264,81.6264,83.0414,94.318,20.7633,27.0628,2241
2016-05-17 10:00:00,104.85,transfer,1.0,83.0512,0.0,85.0221,85.0221,83.0512,94.3179,20.7498,27.0498,2242
2016-05-17 11:00:00,104.87,transfer,1.0,83.0565,0.0,65.1505,65.1505,83.0565,94.3178,20.7406,27.0409,2243
2016-05-17 12:00:00,102.37,transfer,1.0,83.0574,0.0,87.9154,87.9154,83.0574,94.3172,20.7487,27.0493,2244
2016-05-17 13:00:00,99.89,transfer,1.0,83.054,0.0,78.216,78.216,83.054,94.3171,20.7691,27.0699,2245
2016-05-17 14:00:00,98.34,transfer,1.0,83.0488,0.0,91.5567,91.5567,83.0488,94.3178,20.7345,27.0355,2246
2016-05-17 15:00:00,100.49,transfer,1.0,83.0418,0.0,85.5772,85.5772,83.0418,94.3176,20.7675,27.0687,2247
2016-05-17 16:00:00,84.62,transfer,1.0,83.0312,0.0,90.7095,90.7095,83.0312,94.3176,20.7419,27.0941,2248
2016-05-17 17:00:00,74.27,transfer,1.0,83.0192,0.0,94.4786,94.4786,83.0192,94.3179,20.7506,27.1027,2249
2016-05-17 18:00:00,59.13,transfer,1.0,83.0008,0.0,60.9845,60.9845,83.0008,94.3181,20.7362,27.088,2250
2016-05-17 19:00:00,54.01,transfer,1.0,82.9699,0.0,84.1593,84.1593,82.9699,94.3182,20.7211,27.0723,2251
2016-05-17 20:00:00,58.36,transfer,1.0,82.925,0.0,73.0683,73.0683,82.925,94.3178,20.6788,27.0293,2252
2016-05-17 21:00:00,55.93,transfer,1.0,82.8813,0.0,88.2969,88.2969,82.8813,94.3176,20.6333,26.9827,2253
2016-05-17 22:00:00,57.1,transfer,1.0,82.8509,0.0,78.773,78.773,82.8509,94.3174,20.5837,26.9318,2254
2016-05-17 23:00:00,56.29,transfer,1.0,82.8263,0.0,75.6564,75.6564,82.8263,94.3175,20.5321,26.8785,2255
2016-05-18 00:00:00,55.96,transfer,1.0,82.8075,0.0,75.424,75.424,82.8075,94.3174,20.4819,26.8266,2256
2016-05-18 01:00:00,55.91,transfer,1.0,82.7943,0.0,63.9632,63.9632,82.7943,94.3176,20.4327,26.7754,2257
2016-05-18 02:00:00,55.82,transfer,1.0,82.788,0.0,107.1026,107.1026,82.788,94.3177,20.3834,26.7238,2258
2016-05-18 03:00:00,55.73,transfer,1.0,82.7952,0.0,93.6078,93.6078,82.7952,94.3177,20.3365,26.6742,2259
2016-05-18 04:00:00,64.69,transfer,1.0,82.8144,0.0,87.7075,87.7075,82.8144,94.3177,20.3166,26.6516,2260
2016-05-18 05:00:00,65.55,transfer,1.0,82.8514,0.0,83.094,83.094,82.8514,94.3179,20.3014,26.6341,2261
2016-05-18 06:00:00,58.57,transfer,1.0,82.8943,0.0,89.2608,89.2608,82.8943,94.318,20.3032,26.6342,2262
2016-05-18 07:00:00,80.94,transfer,1.0,82.9288,0.0,89.2709,89.2709,82.9288,94.3181,20.2726,26.6024,2263
2016-05-18 08:00:00,99.28,transfer,1.0,82.9606,0.0,74.5452,74.5452,82.9606,94.3181,20.2519,26.5824,2264
2016-05-18 09:00:00,109.93,transfer,1.0,82.9969,0.0,85.1494,85.1494,82.9969,94.3183,20.271,26.6021,2265
2016-05-18 10:00:00,108.69,transfer,1.0,83.0212,0.0,91.8004,91.8004,83.0212,94.3183,20.2903,26.6217,2266
2016-05-18 11:00:00,103.05,transfer,1.0,83.0352,0.0,98.166,98.166,83.0352,94.3185,20.2581,26.5898,2267
2016-05-18 12:00:00,102.01,transfer,1.0,83.0418,0.0,89.5012,89.5012,83.0418,94.3184,20.2173,26.5491,2268
2016-05-18 13:00:00,97.52,transfer,1.0,83.0419,0.0,92.9183,92.9183,83.0419,94.3184,20.1783,26.5103,2269
2016-05-18 14:00:00,102.12,transfer,1.0,83.0379,0.0,87.2823,87.2823,83.0379,94.3183,20.1432,26.4754,2270
2016-05-18 15:00:00,99.38,transfer,1.0,83.0303,0.0,76.4269,76.4269,83.0303,94.3182,20.1233,26.4556,2271
2016-05-18 16:00:00,88.66,transfer,1.0,83.0196,0.0,85.1487,85.1487,83.0196,94.3182,20.1117,26.4668,2272
2016-05-18 17:00:00,84.64,transfer,1.0,83.002,0.0,85.3836,85.3836,83.002,94.3182,20.1056,26.4407,2273
2016-05-18 18:00:00,66.32,transfer,1.0,82.9746,0.0,77.5944,77.5944,82.9746,94.3182,20.0836,26.4179,2274
2016-05-18 19:00:00,61.6,transfer,1.0,82.9332,0.0,93.831,93.831,82.9332,94.3182,20.052,26.3852,2275
2016-05-18 20:00:00,63.45,transfer,1.0,82.879,0.0,76.9133,76.9133,82.879,94.3181,20.0066,26.3384,2276
2016-05-18 21:00:00,56.81,transfer,1.0,82.8278,0.0,90.9515,90.9515,82.8278,94.3179,19.9674,26.2972,2277
2016-05-18 22:00:00,57.6,transfer,1.0,82.79,0.0,78.2937,78.2937,82.79,94.3181,19.9283,26.2554,2278
2016-05-18 23:00:00,56.06,transfer,1.0,82.7521,0.0,62.451,62.451,82.7521,94.3181,19.8927,26.2166,2279
2016-05-19 00:00:00,55.62,transfer,1.0,82.7298,0.0,72.5391,72.5391,82.7298,94.318,19.859,26.179,2280
2016-05-19 01:00:00,55.47,transfer,1.0,82.7104,0.0,69.9971,69.9971,82.7104,94.318,19.8257,26.1412,2281
2016-05-19 02:00:00,55.46,transfer,1.0,82.7113,0.0,88.9534,88.9534,82.7113,94.318,19.7922,26.1032,2282
2016-05-19 03:00:00,55.89,transfer,1.0,82.7342,0.0,82.7287,82.7287,82.7342,94.318,19.7562,26.0629,2283
2016-05-19 04:00:00,64.94,transfer,1.0,82.7728,0.0,90.5654,90.5654,82.7728,94.318,19.7315,26.0347,2284
2016-05-19 05:00:00,68.4,transfer,1.0,82.8274,0.0,73.9364,73.9364,82.8274,94.3181,19.7181,26.0185,2285
2016-05-19 06:00:00,61.14,transfer,1.0,82.8824,0.0,81.0672,81.0672,82.8824,94.3181,19.6992,25.9977,2286
2016-05-19 07:00:00,83.67,transfer,1.0,82.9274,0.0,89.2393,89.2393,82.9274,94.3183,19.692,25.9803,2287
2016-05-19 08:00:00,107.22,transfer,1.0,82.9659,0.0,72.7478,72.7478,82.9659,94.3184,19.7244,26.0137,2288
2016-05-19 09:00:00,112.52,transfer,1.0,83.0015,0.0,63.4487,63.4487,83.0015,94.3184,19.7609,26.0508,2289
2016-05-19 10:00:00,105.79,transfer,1.0,83.0252,0.0,73.6552,73.6552,83.0252,94.3184,19.7361,26.0264,2290
2016-05-19 11:00:00,104.92,transfer,1.0,83.0364,0.0,82.2703,82.2703,83.0364,94.3184,19.7108,26.0014,2291
2016-05-19 12:00:00,107.97,transfer,1.0,83.0393,0.0,89.1343,89.1343,83.0393,94.3184,19.7158,26.0067,2292
2016-05-19 13:00:00,101.23,transfer,1.0,83.0377,0.0,86.0095,86.0095,83.0377,94.3182,19.7306,26.0217,2293
2016-05-19 14:00:00,108.5,transfer,1.0,83.0329,0.0,95.9459,95.9459,83.0329,94.3181,19.779,26.0704,2294
2016-05-19 15:00:00,105.97,transfer,1.0,83.0231,0.0,89.3834,89.3834,83.0231,94.318,19.8191,26.1108,2295
2016-05-19 16:00:00,96.58,transfer,1.0,83.0108,0.0,97.9379,97.9379,83.0108,94.3179,19.8263,26.1184,2296
2016-05-19 17:00:00,87.34,transfer,1.0,82.9901,0.0,84.644,84.644,82.9901,94.3179,19.8209,26.0607,2297
2016-05-19 18:00:00,65.96,transfer,1.0,82.956,0.0,89.923,89.923,82.956,94.318,19.7773,26.0165,2298
2016-05-19 19:00:00,61.43,transfer,1.0,82.9003,0.0,89.3096,89.3096,82.9003,94.318,19.7538,25.992,2299
2016-05-19 20:00:00,62.78,transfer,1.0,82.8153,0.0,79.5781,79.5781,82.8153,94.3177,19.7019,25.9387,2300
2016-05-19 21:00:00,56.2,transfer,1.0,82.7184,0.0,83.3891,83.3891,82.7184,94.3173,19.6586,25.8936,2301
2016-05-19 22:00:00,56.87,transfer,1.0,82.6078,0.0,87.5082,87.5082,82.6078,94.317,19.6176,25.8502,2302
2016-05-19 23:00:00,55.97,transfer,1.0,82.4793,0.0,74.0399,74.0399,82.4793,94.317,19.5761,25.806,2303
2016-05-20 00:00:00,55.58,transfer,1.0,82.3604,0.0,69.3252,69.3252,82.3604,94.3171,19.535,25.7618,2304
2016-05-20 01:00:00,55.3,transfer,1.0,82.2298,0.0,75.2254,75.2254,82.2298,94.3169,19.4949,25.7186,2305
2016-05-20 02:00:00,55.96,transfer,1.0,82.1375,0.0,87.6681,87.6681,82.1375,94.3168,19.4511,25.6715,2306
2016-05-20 03:00:00,56.08,transfer,1.0,82.0992,0.0,69.6258,69.6258,82.0992,94.3167,19.4086,25.6264,2307
2016-05-20 04:00:00,64.84,transfer,1.0,82.1529,0.0,94.7343,94.7343,82.1529,94.3169,19.4079,25.6236,2308
2016-05-20 05:00:00,68.69,transfer,1.0,82.289,0.0,81.1767,81.1767,82.289,94.3173,19.3844,25.5987,2309
2016-05-20 06:00:00,61.74,transfer,1.0,82.4732,0.0,78.3567,78.3567,82.4732,94.3173,19.3907,25.6042,2310
2016-05-20 07:00:00,80.48,transfer,1.0,82.635,0.0,82.1154,82.1154,82.635,94.3175,19.3856,25.6345,2311
2016-05-20 08:00:00,99.52,transfer,1.0,82.7571,0.0,83.5895,83.5895,82.7571,94.3177,19.3464,25.5956,2312
2016-05-20 09:00:00,112.36,transfer,1.0,82.8527,0.0,87.6462,87.6462,82.8527,94.3178,19.3549,25.6043,2313
2016-05-20 10:00:00,109.91,transfer,1.0,82.9141,0.0,98.1567,98.1567,82.9141,94.3179,19.3425,25.592,2314
2016-05-20 11:00:00,108.2,transfer,1.0,82.9512,0.0,73.4107,73.4107,82.9512,94.318,19.3423,25.592,2315
2016-05-20 12:00:00,105.66,transfer,1.0,82.9669,0.0,91.5942,91.5942,82.9669,94.3178,19.3119,25.5617,2316
2016-05-20 13:00:00,100.06,transfer,1.0,82.9712,0.0,85.1261,85.1261,82.9712,94.3177,19.2112,25.4612,2317
2016-05-20 14:00:00,96.64,transfer,1.0,82.9639,0.0,72.5495,72.5495,82.9639,94.3177,19.0636,25.3137,2318
2016-05-20 15:00:00,91.87,transfer,1.0,82.9441,0.0,101.6367,101.6367,82.9441,94.3177,18.9772,25.2567,2319
2016-05-20 16:00:00,87.29,transfer,1.0,82.9069,0.0,66.2166,66.2166,82.9069,94.3177,18.9287,25.2921,2320
2016-05-20 17:00:00,79.62,transfer,1.0,82.8478,0.0,87.5027,87.5027,82.8478,94.3179,18.9152,25.3438,2321
2016-05-20 18:00:00,61.82,transfer,1.0,82.7672,0.0,90.3408,90.3408,82.7672,94.318,18.9497,25.3778,2322
2016-05-20 19:00:00,57.19,transfer,1.0,82.6499,0.0,91.5358,91.5358,82.6499,94.318,18.9914,25.4187,2323
2016-05-20 20:00:00,58.49,transfer,1.0,82.4969,0.0,78.9014,78.9014,82.4969,94.3177,19.0612,25.4871,2324
2016-05-20 21:00:00,59.74,transfer,1.0,82.3411,0.0,81.4402,81.4402,82.3411,94.3175,19.125,25.5486,2325
2016-05-20 22:00:00,60.57,transfer,1.0,82.2197,0.0,68.1976,68.1976,82.2197,94.3176,19.1943,25.6148,2326
2016-05-20 23:00:00,59.4,transfer,1.0,82.1425,0.0,83.5182,83.5182,82.1425,94.3176,19.2653,25.682,2327
2016-05-21 00:00:00,59.1,transfer,1.0,82.104,0.0,84.4719,84.4719,82.104,94.3176,19.3363,25.7487,2328
2016-05-21 01:00:00,58.71,transfer,1.0,81.9242,0.0,77.2564,77.2564,81.9242,94.3169,19.4074,25.8147,2329
2016-05-21 02:00:00,58.78,transfer,1.0,81.7877,0.0,88.5668,88.5668,81.7877,94.3169,19.4837,25.8848,2330
2016-05-21 03:00:00,59.22,transfer,1.0,81.7371,0.0,88.3223,88.3223,81.7371,94.3169,19.5575,25.952,2331
2016-05-21 04:00:00,70.39,transfer,1.0,81.7836,0.0,87.7885,87.7885,81.7836,94.317,19.6187,26.0077,2332
2016-05-21 05:00:00,72.62,transfer,1.0,81.905,0.0,93.8046,93.8046,81.905,94.3171,19.648,26.0329,2333
2016-05-21 06:00:00,65.04,transfer,1.0,82.0727,0.0,76.8913,76.8913,82.0727,94.317,19.6903,26.0723,2334
2016-05-21 07:00:00,65.18,transfer,1.0,82.1776,0.0,72.4743,72.4743,82.1776,94.3163,19.733,26.1134,2335
2016-05-21 08:00:00,62.14,transfer,1.0,82.1199,0.0,84.085,84.085,82.1199,94.3144,19.8166,26.1969,2336
2016-05-21 09:00:00,60.35,transfer,1.0,81.7267,0.0,76.5664,76.5664,81.7267,94.3097,19.9013,26.2845,2337
2016-05-21 10:00:00,61.9,transfer,1.0,81.5882,0.0,59.5208,59.5208,81.5882,94.3164,19.9978,26.3848,2338
2016-05-21 11:00:00,62.69,transfer,1.0,81.5076,0.0,67.5468,67.5468,81.5076,94.3174,20.076,26.4669,2339
2016-05-21 12:00:00,58.0,transfer,1.0,81.4041,0.0,82.7881,82.7881,81.4041,94.3176,20.1733,26.5682,2340
2016-05-21 13:00:00,61.27,transfer,1.0,81.2452,0.0,73.6557,73.6557,81.2452,94.3177,20.2469,26.6458,2341
2016-05-21 14:00:00,59.15,transfer,1.0,80.9369,0.0,89.6139,89.6139,80.9369,94.3177,20.3066,26.7102,2342
2016-05-21 15:00:00,58.09,transfer,1.0,80.4507,0.0,64.3059,64.3059,80.4507,94.3177,20.3788,26.7877,2343
2016-05-21 16:00:00,58.28,transfer,1.0,79.7785,0.0,92.0426,92.0426,79.7785,94.3177,20.4423,26.8568,2344
2016-05-21 17:00:00,61.63,transfer,1.0,78.7131,0.0,66.0258,66.0258,78.7131,94.3175,20.4917,26.9117,2345
2016-05-21 18:00:00,51.21,transfer,1.0,77.2578,0.0,71.3843,71.3843,77.2578,94.3174,20.5246,26.953,2346
2016-05-21 19:00:00,51.66,transfer,1.0,75.5944,0.0,73.4082,73.4082,75.5944,94.3175,20.543,26.9824,2347
2016-05-21 20:00:00,58.34,transfer,1.0,74.045,0.0,64.7867,64.7867,74.045,94.3172,20.5441,26.9979,2348
2016-05-21 21:00:00,53.51,transfer,1.0,72.4728,0.0,73.3541,73.3541,72.4728,94.3171,20.5927,27.0627,2349
2016-05-21 22:00:00,54.51,transfer,1.0,71.435,0.0,56.5569,56.5569,71.435,94.3171,20.6383,27.1256,2350
2016-05-21 23:00:00,53.35,transfer,1.0,70.6934,0.0,57.519,57.519,70.6934,94.3172,20.6824,27.1894,2351
2016-05-22 00:00:00,53.18,transfer,1.0,70.4294,0.0,64.7273,64.7273,70.4294,94.3172,20.7236,27.2527,2352
2016-05-22 01:00:00,53.13,transfer,1.0,70.609,0.0,62.9938,62.9938,70.609,94.3167,20.7618,27.3156,2353
2016-05-22 02:00:00,52.86,transfer,1.0,71.3867,0.0,67.517,67.517,71.3867,94.3167,20.7843,27.3642,2354
2016-05-22 03:00:00,53.44,transfer,1.0,72.79,0.0,73.8515,73.8515,72.79,94.317,20.7648,27.3703,2355
2016-05-22 04:00:00,63.94,transfer,1.0,74.5786,0.0,72.6404,72.6404,74.5786,94.3171,20.75,27.3783,2356
2016-05-22 05:00:00,71.09,transfer,1.0,76.4408,0.0,72.0163,72.0163,76.4408,94.3171,20.6937,27.3405,2357
2016-05-22 06:00:00,63.66,transfer,1.0,78.3351,0.0,79.8674,79.8674,78.3351,94.3173,20.6523,27.3128,2358
2016-05-22 07:00:00,60.78,transfer,1.0,79.9638,0.0,62.2992,62.2992,79.9638,94.3174,20.6099,27.2791,2359
2016-05-22 08:00:00,61.06,transfer,1.0,80.9699,0.0,78.6691,78.6691,80.9699,94.3175,20.5685,27.2437,2360
2016-05-22 09:00:00,60.1,transfer,1.0,81.3932,0.0,87.436,87.436,81.3932,94.3173,20.536,27.2163,2361
2016-05-22 10:00:00,60.49,transfer,1.0,81.5594,0.0,73.2696,73.2696,81.5594,94.3173,20.505,27.1903,2362
2016-05-22 11:00:00,59.22,transfer,1.0,81.636,0.0,84.9822,84.9822,81.636,94.3174,20.4852,27.1757,2363
2016-05-22 12:00:00,59.87,transfer,1.0,81.5901,0.0,88.5221,88.5221,81.5901,94.3173,20.4562,27.1525,2364
2016-05-22 13:00:00,57.98,transfer,1.0,81.4581,0.0,90.8705,90.8705,81.4581,94.3174,20.427,27.1299,2365
2016-05-22 14:00:00,60.12,transfer,1.0,81.2362,0.0,86.899,86.899,81.2362,94.3174,20.3855,27.0964,2366
2016-05-22 15:00:00,61.33,transfer,1.0,80.8678,0.0,79.7296,79.7296,80.8678,94.3174,20.3513,27.0719,2367
2016-05-22 16:00:00,60.21,transfer,1.0,80.2069,0.0,86.028,86.028,80.2069,94.317,20.3203,27.0541,2368
2016-05-22 17:00:00,58.1,transfer,1.0,79.4891,0.0,78.5462,78.5462,79.4891,94.3173,20.2911,27.0416,2369
2016-05-22 18:00:00,51.3,transfer,1.0,78.1796,0.0,73.5856,73.5856,78.1796,94.3165,20.2403,27.0143,2370
2016-05-22 19:00:00,53.47,transfer,1.0,76.5917,0.0,64.2084,64.2084,76.5917,94.3164,20.163,26.9682,2371
2016-05-22 20:00:00,58.86,transfer,1.0,75.1125,0.0,88.2695,88.2695,75.1125,94.3162,20.0844,26.9275,2372
2016-05-22 21:00:00,53.64,transfer,1.0,73.8908,0.0,80.0611,80.0611,73.8908,94.3166,20.0484,26.9341,2373
2016-05-22 22:00:00,54.63,transfer,1.0,72.6846,0.0,64.9045,64.9045,72.6846,94.3162,20.0069,26.9401,2374
2016-05-22 23:00:00,53.79,transfer,1.0,71.8007,0.0,68.9304,68.9304,71.8007,94.3164,19.9609,26.945,2375
2016-05-23 00:00:00,53.5,transfer,1.0,71.3828,0.0,83.4694,83.4694,71.3828,94.3167,19.9148,26.9504,2376
2016-05-23 01:00:00,53.26,transfer,1.0,72.4601,0.0,74.0637,74.0637,72.4601,94.3172,19.8749,26.957,2377
2016-05-23 02:00:00,53.17,transfer,1.0,74.2366,0.0,80.2394,80.2394,74.2366,94.3173,19.8434,26.9639,2378
2016-05-23 03:00:00,53.16,transfer,1.0,75.7786,0.0,80.0847,80.0847,75.7786,94.3164,19.8203,26.9729,2379
2016-05-23 04:00:00,62.39,transfer,1.0,77.8438,0.0,84.9378,84.9378,77.8438,94.3173,19.8204,26.9957,2380
2016-05-23 05:00:00,65.25,transfer,1.0,79.6786,0.0,82.4932,82.4932,79.6786,94.3174,19.8183,27.0081,2381
2016-05-23 06:00:00,57.09,transfer,1.0,81.009,0.0,76.2623,76.2623,81.009,94.3175,19.8255,27.0239,2382
2016-05-23 07:00:00,61.12,transfer,1.0,81.8703,0.0,78.0702,78.0702,81.8703,94.3177,19.934,27.1674,2383
2016-05-23 08:00:00,76.46,transfer,1.0,82.3329,0.0,83.5263,83.5263,82.3329,94.3177,19.8323,27.2054,2384
2016-05-23 09:00:00,90.34,transfer,1.0,82.5763,0.0,95.514,95.514,82.5763,94.3176,19.7191,27.1374,2385
2016-05-23 10:00:00,97.15,transfer,1.0,82.7369,0.0,91.9257,91.9257,82.7369,94.3176,19.6742,27.091,2386
2016-05-23 11:00:00,96.33,transfer,1.0,82.8416,0.0,83.9511,83.9511,82.8416,94.3175,19.6134,27.0291,2387
2016-05-23 12:00:00,93.47,transfer,1.0,82.8974,0.0,85.5292,85.5292,82.8974,94.3175,19.5342,26.959,2388
2016-05-23 13:00:00,100.9,transfer,1.0,82.9188,0.0,67.7827,67.7827,82.9188,94.3175,19.5312,26.9552,2389
2016-05-23 14:00:00,99.85,transfer,1.0,82.9186,0.0,94.3361,94.3361,82.9186,94.3177,19.4865,26.9097,2390
2016-05-23 15:00:00,97.93,transfer,1.0,82.9116,0.0,65.413,65.413,82.9116,94.3176,19.4542,26.8765,2391
2016-05-23 16:00:00,92.79,transfer,1.0,82.884,0.0,88.7486,88.7486,82.884,94.3175,19.4704,26.8612,2392
2016-05-23 17:00:00,79.5,transfer,1.0,82.8377,0.0,79.1414,79.1414,82.8377,94.3177,19.4859,26.8867,2393
2016-05-23 18:00:00,65.44,transfer,1.0,82.7654,0.0,84.8858,84.8858,82.7654,94.3176,19.4689,26.8713,2394
2016-05-23 19:00:00,60.11,transfer,1.0,82.6394,0.0,76.3432,76.3432,82.6394,94.3177,19.447,26.8516,2395
2016-05-23 20:00:00,58.91,transfer,1.0,82.4801,0.0,75.8838,75.8838,82.4801,94.3174,19.4421,26.8497,2396
2016-05-23 21:00:00,55.32,transfer,1.0,82.3109,0.0,86.4197,86.4197,82.3109,94.3173,19.4514,26.8629,2397
2016-05-23 22:00:00,56.28,transfer,1.0,82.1376,0.0,80.4769,80.4769,82.1376,94.3171,19.4585,26.8748,2398
2016-05-23 23:00:00,55.13,transfer,1.0,81.9658,0.0,73.1838,73.1838,81.9658,94.317,19.4649,26.887,2399
2016-05-24 00:00:00,54.76,transfer,1.0,81.8542,0.0,89.5864,89.5864,81.8542,94.3169,19.4752,26.9037,2400
2016-05-24 01:00:00,54.62,transfer,1.0,81.8471,0.0,82.6203,82.6203,81.8471,94.3173,19.4843,26.9193,2401
2016-05-24 02:00:00,54.73,transfer,1.0,81.9145,0.0,91.8455,91.8455,81.9145,94.3173,19.493,26.9342,2402
2016-05-24 03:00:00,54.95,transfer,1.0,82.072,0.0,80.4725,80.4725,82.072,94.3173,19.5029,26.9493,2403
2016-05-24 04:00:00,62.31,transfer,1.0,82.254,0.0,84.1241,84.1241,82.254,94.3174,19.5052,26.9559,2404
2016-05-24 05:00:00,66.97,transfer,1.0,82.4484,0.0,81.9913,81.9913,82.4484,94.3174,19.4852,26.939,2405
2016-05-24 06:00:00,63.0,transfer,1.0,82.6245,0.0,78.8093,78.8093,82.6245,94.3174,19.4477,26.9038,2406
2016-05-24 07:00:00,82.29,transfer,1.0,82.7524,0.0,76.6648,76.6648,82.7524,94.3174,19.4491,26.9067,2407
2016-05-24 08:00:00,106.17,transfer,1.0,82.8439,0.0,96.6209,96.6209,82.8439,94.3174,19.487,26.9435,2408
2016-05-24 09:00:00,117.8,transfer,1.0,82.9193,0.0,90.188,90.188,82.9193,94.3175,19.5696,27.0254,2409
2016-05-24 10:00:00,122.17,transfer,1.0,82.9721,0.0,87.7154,87.7154,82.9721,94.3176,19.6732,27.1285,2410
2016-05-24 11:00:00,116.59,transfer,1.0,83.0028,0.0,94.4621,94.4621,83.0028,94.3173,19.7433,27.1983,2411
2016-05-24 12:00:00,110.54,transfer,1.0,83.0149,0.0,76.3263,76.3263,83.0149,94.3174,19.7921,27.2469,2412
2016-05-24 13:00:00,107.82,transfer,1.0,83.0155,0.0,76.7752,76.7752,83.0155,94.3174,19.8396,27.2941,2413
2016-05-24 14:00:00,112.86,transfer,1.0,83.0071,0.0,88.7135,88.7135,83.0071,94.3175,19.9262,27.3805,2414
2016-05-24 15:00:00,113.7,transfer,1.0,82.992,0.0,89.6252,89.6252,82.992,94.3174,20.0052,27.4592,2415
2016-05-24 16:00:00,103.96,transfer,1.0,82.9723,0.0,86.2246,86.2246,82.9723,94.3173,20.1206,27.4588,2416
2016-05-24 17:00:00,100.33,transfer,1.0,82.9425,0.0,89.0529,89.0529,82.9425,94.3174,20.1721,27.3753,2417
2016-05-24 18:00:00,69.16,transfer,1.0,82.8923,0.0,74.8672,74.8672,82.8923,94.3174,20.1117,27.3156,2418
2016-05-24 19:00:00,64.2,transfer,1.0,82.8181,0.0,65.5588,65.5588,82.8181,94.3173,20.0502,27.2549,2419
2016-05-24 20:00:00,59.84,transfer,1.0,82.6821,0.0,96.6196,96.6196,82.6821,94.3171,20.0399,27.2461,2420
2016-05-24 21:00:00,60.76,transfer,1.0,82.5143,0.0,94.9269,94.9269,82.5143,94.3167,20.009,27.2174,2421
2016-05-24 22:00:00,61.73,transfer,1.0,82.3243,0.0,90.3996,90.3996,82.3243,94.3164,19.9783,27.1898,2422
2016-05-24 23:00:00,60.13,transfer,1.0,82.1642,0.0,82.0617,82.0617,82.1642,94.3164,19.9515,27.1669,2423
2016-05-25 00:00:00,59.69,transfer,1.0,82.0514,0.0,88.1841,88.1841,82.0514,94.3164,19.9248,27.1447,2424
2016-05-25 01:00:00,60.04,transfer,1.0,81.9822,0.0,76.2174,76.2174,81.9822,94.3167,19.8954,27.1201,2425
2016-05-25 02:00:00,60.11,transfer,1.0,81.9843,0.0,82.1514,82.1514,81.9843,94.3166,19.865,27.0946,2426
2016-05-25 03:00:00,60.4,transfer,1.0,82.0559,0.0,89.0056,89.0056,82.0559,94.3166,19.8328,27.0668,2427
2016-05-25 04:00:00,72.85,transfer,1.0,82.2101,0.0,68.9135,68.9135,82.2101,94.3167,19.7807,27.0182,2428
2016-05-25 05:00:00,73.33,transfer,1.0,82.3841,0.0,71.129,71.129,82.3841,94.3167,19.7316,26.9719,2429
2016-05-25 06:00:00,65.8,transfer,1.0,82.5634,0.0,86.6728,86.6728,82.5634,94.3169,19.6866,26.9289,2430
2016-05-25 07:00:00,91.08,transfer,1.0,82.6845,0.0,109.2259,109.2259,82.6845,94.3173,19.7247,26.8685,2431
2016-05-25 08:00:00,114.52,transfer,1.0,82.7709,0.0,71.9131,71.9131,82.7709,94.3172,19.8166,26.9592,2432
2016-05-25 09:00:00,120.85,transfer,1.0,82.8522,0.0,81.5235,81.5235,82.8522,94.3172,19.8824,27.0242,2433
2016-05-25 10:00:00,128.87,transfer,1.0,82.9032,0.0,97.5975,97.5975,82.9032,94.3173,20.0032,27.1443,2434
2016-05-25 11:00:00,129.16,transfer,1.0,82.9276,0.0,87.7121,87.7121,82.9276,94.3174,20.1593,27.2998,2435
2016-05-25 12:00:00,133.24,transfer,1.0,82.9375,0.0,72.0403,72.0403,82.9375,94.3174,20.3458,27.4857,2436
2016-05-25 13:00:00,135.45,transfer,1.0,82.9387,0.0,87.5427,87.5427,82.9387,94.3173,20.5722,27.7114,2437
2016-05-25 14:00:00,139.57,transfer,1.0,82.9326,0.0,80.8357,80.8357,82.9326,94.3173,20.7957,27.9344,2438
2016-05-25 15:00:00,133.5,transfer,1.0,82.923,0.0,79.0318,79.0318,82.923,94.317,20.9995,28.1375,2439
2016-05-25 16:00:00,131.36,transfer,1.0,82.9049,0.0,63.9917,63.9917,82.9049,94.3171,21.2543,28.3243,2440
2016-05-25 17:00:00,116.47,transfer,1.0,82.8698,0.0,82.6306,82.6306,82.8698,94.3171,21.4446,28.3985,2441
2016-05-25 18:00:00,73.57,transfer,1.0,82.8229,0.0,89.7963,89.7963,82.8229,94.3172,21.4005,28.3554,2442
2016-05-25 19:00:00,69.91,transfer,1.0,82.732,0.0,93.6959,93.6959,82.732,94.3174,21.3499,28.3059,2443
2016-05-25 20:00:00,81.96,transfer,1.0,82.5462,0.0,79.2831,79.2831,82.5462,94.3173,21.2377,28.1957,2444
2016-05-25 21:00:00,81.2,transfer,1.0,82.3219,0.0,77.8941,77.8941,82.3219,94.317,21.0895,28.0505,2445
2016-05-25 22:00:00,81.02,transfer,1.0,82.1832,0.0,87.6636,87.6636,82.1832,94.3169,20.9465,27.9111,2446
2016-05-25 23:00:00,78.8,transfer,1.0,82.1158,0.0,94.4342,94.4342,82.1158,94.3168,20.8073,27.7758,2447
2016-05-26 00:00:00,78.93,transfer,1.0,82.0886,0.0,77.7988,77.7988,82.0886,94.317,20.6648,27.637,2448
2016-05-26 01:00:00,66.81,transfer,1.0,82.0687,0.0,78.9594,78.9594,82.0687,94.3173,20.5935,27.5695,2449
2016-05-26 02:00:00,60.62,transfer,1.0,82.1239,0.0,86.1813,86.1813,82.1239,94.3173,20.5592,27.5388,2450
2016-05-26 03:00:00,61.79,transfer,1.0,82.1855,0.0,106.0657,106.0657,82.1855,94.3172,20.5209,27.5037,2451
2016-05-26 04:00:00,89.51,transfer,1.0,82.2682,0.0,86.1847,86.1847,82.2682,94.3171,20.4578,27.3574,2452
2016-05-26 05:00:00,82.55,transfer,1.0,82.4067,0.0,81.4392,81.4392,82.4067,94.3169,20.3728,27.2732,2453
2016-05-26 06:00:00,75.5,transfer,1.0,82.6055,0.0,78.7075,78.7075,82.6055,94.3169,20.2857,27.1877,2454
2016-05-26 07:00:00,100.2,transfer,1.0,82.72,0.0,92.9737,92.9737,82.72,94.317,20.3853,27.1593,2455
2016-05-26 08:00:00,129.02,transfer,1.0,82.8039,0.0,82.7772,82.7772,82.8039,94.3171,20.516,27.2891,2456
2016-05-26 09:00:00,142.04,transfer,1.0,82.8768,0.0,105.7927,105.7927,82.8768,94.3172,20.6925,27.4648,2457
2016-05-26 10:00:00,147.96,transfer,1.0,82.9237,0.0,79.999,79.999,82.9237,94.3172,20.9441,27.7158,2458
2016-05-26 11:00:00,149.86,transfer,1.0,82.9491,0.0,86.3053,86.3053,82.9491,94.3171,21.2121,27.9833,2459
2016-05-26 12:00:00,148.75,transfer,1.0,82.9607,0.0,73.0061,73.0061,82.9607,94.3166,21.4553,28.2261,2460
2016-05-26 13:00:00,155.62,transfer,1.0,82.9619,0.0,77.7381,77.7381,82.9619,94.3165,21.7795,28.5498,2461
2016-05-26 14:00:00,153.65,transfer,1.0,82.9553,0.0,77.6007,77.6007,82.9553,94.3161,22.0487,28.8186,2462
2016-05-26 15:00:00,153.17,transfer,1.0,82.9451,0.0,95.7989,95.7989,82.9451,94.3154,22.3301,29.0996,2463
2016-05-26 16:00:00,139.15,transfer,1.0,82.9212,0.0,76.0261,76.0261,82.9212,94.315,22.5841,29.353,2464
2016-05-26 17:00:00,139.67,transfer,1.0,82.8845,0.0,72.7852,72.7852,82.8845,94.315,22.8962,29.5814,2465
2016-05-26 18:00:00,77.45,transfer,1.0,82.826,0.0,92.8609,92.8609,82.826,94.3152,22.827,29.513,2466
2016-05-26 19:00:00,76.09,transfer,1.0,82.7419,0.0,63.9558,63.9558,82.7419,94.3158,22.7388,29.4257,2467
2016-05-26 20:00:00,78.11,transfer,1.0,82.5396,0.0,75.7141,75.7141,82.5396,94.3163,22.6459,29.3345,2468
2016-05-26 21:00:00,78.68,transfer,1.0,82.2855,0.0,84.6882,84.6882,82.2855,94.3161,22.5095,29.2007,2469
2016-05-26 22:00:00,79.19,transfer,1.0,82.0491,0.0,83.2837,83.2837,82.0491,94.3161,22.3734,29.0678,2470
2016-05-26 23:00:00,67.03,transfer,1.0,81.8853,0.0,79.4624,79.4624,81.8853,94.3162,22.304,29.002,2471
2016-05-27 00:00:00,64.15,transfer,1.0,81.7845,0.0,87.5996,87.5996,81.7845,94.3163,22.2495,28.9509,2472
2016-05-27 01:00:00,64.08,transfer,1.0,81.614,0.0,83.0029,83.0029,81.614,94.3162,22.1936,28.8987,2473
2016-05-27 02:00:00,61.58,transfer,1.0,81.4912,0.0,95.1268,95.1268,81.4912,94.3161,22.1563,28.8652,2474
2016-05-27 03:00:00,61.46,transfer,1.0,81.5348,0.0,85.2128,85.2128,81.5348,94.2507,22.1209,28.8328,2475
2016-05-27 04:00:00,107.37,transfer,1.0,81.6967,0.0,78.8942,78.8942,81.6967,92.6732,22.1707,28.7448,2476
2016-05-27 05:00:00,104.69,transfer,1.0,81.9497,0.0,83.6936,83.6936,81.9497,92.5762,22.2251,28.6644,2477
2016-05-27 06:00:00,106.18,transfer,1.0,82.3582,0.0,93.297,93.297,82.3582,92.5444,22.2435,28.5516,2478
2016-05-27 07:00:00,125.09,transfer,1.0,82.5956,0.0,81.6855,81.6855,82.5956,92.4794,22.4836,28.6634,2479
2016-05-27 08:00:00,148.8,transfer,1.0,82.7465,0.0,76.285,76.285,82.7465,92.3825,22.777,28.9682,2480
2016-05-27 09:00:00,175.26,transfer,1.0,82.8423,0.0,78.4999,78.4999,82.8423,92.2261,23.1515,29.3551,2481
2016-05-27 10:00:00,185.26,transfer,1.0,82.8986,0.0,98.7727,98.7727,82.8986,92.0055,23.6001,29.8174,2482
2016-05-27 11:00:00,182.12,transfer,1.0,82.9324,0.0,76.6329,76.6329,82.9324,91.7322,24.0402,30.2728,2483
2016-05-27 12:00:00,180.4,transfer,1.0,82.9486,0.0,70.572,70.572,82.9486,91.5049,24.4852,30.7344,2484
2016-05-27 13:00:00,179.76,transfer,1.0,82.9545,0.0,89.4256,89.4256,82.9545,91.2806,24.9597,31.2269,2485
2016-05-27 14:00:00,189.16,transfer,1.0,82.9526,0.0,84.8283,84.8283,82.9526,91.1436,25.5105,31.7965,2486
2016-05-27 15:00:00,168.45,transfer,1.0,82.9443,0.0,92.6672,92.6672,82.9443,91.0236,25.9663,32.2428,2487
2016-05-27 16:00:00,161.08,transfer,1.0,82.9294,0.0,93.7884,93.7884,82.9294,90.9657,26.4054,32.6183,2488
2016-05-27 17:00:00,150.49,transfer,1.0,82.8968,0.0,83.5425,83.5425,82.8968,90.8582,26.7885,32.8858,2489
2016-05-27 18:00:00,89.83,transfer,1.0,82.8513,0.0,66.847,66.847,82.8513,90.8422,26.7054,32.6983,2490
2016-05-27 19:00:00,78.75,transfer,1.0,82.7654,0.0,76.7092,76.7092,82.7654,90.7974,26.5777,32.5491,2491
2016-05-27 20:00:00,79.74,transfer,1.0,82.5756,0.0,84.0331,84.0331,82.5756,90.7553,26.4517,32.4014,2492
2016-05-27 21:00:00,68.07,transfer,1.0,82.2955,0.0,81.7066,81.7066,82.2955,90.7217,26.4019,32.3304,2493
2016-05-27 22:00:00,59.58,transfer,1.0,81.9898,0.0,80.6986,80.6986,81.9898,90.6556,26.4064,32.3145,2494
2016-05-27 23:00:00,57.11,transfer,1.0,81.6126,0.0,93.1433,93.1433,81.6126,90.6062,26.4169,32.306,2495
2016-05-28 00:00:00,59.13,transfer,1.0,81.1262,0.0,82.4521,82.4521,81.1262,90.5579,26.4109,32.2834,2496
2016-05-28 01:00:00,58.7,transfer,1.0,80.297,0.0,83.4066,83.4066,80.297,90.5677,26.4012,32.2612,2497
2016-05-28 02:00:00,58.04,transfer,1.0,79.523,0.0,98.2211,98.2211,79.523,90.5542,26.3922,32.2432,2498
2016-05-28 03:00:00,63.42,transfer,1.0,78.9603,0.0,96.8942,96.8942,78.9603,90.5748,26.3506,32.1959,2499
2016-05-28 04:00:00,103.01,transfer,1.0,78.6114,0.0,63.2511,63.2511,78.6114,90.5618,26.428,32.1276,2500
2016-05-28 05:00:00,101.29,transfer,1.0,78.6534,0.0,75.468,75.468,78.6534,90.0511,26.5075,32.0653,2501
2016-05-28 06:00:00,113.47,transfer,1.0,79.5097,0.0,90.2521,90.2521,79.5097,4.2818,26.6083,32.541,2502
2016-05-28 07:00:00,106.5,transfer,1.0,80.3441,0.0,89.9632,89.9632,80.3441,0.5418,26.6628,32.9983,2503
2016-05-28 08:00:00,105.59,transfer,1.0,81.0709,0.0,89.8982,89.8982,81.0709,0.2583,26.6898,33.4337,2504
2016-05-28 09:00:00,110.29,transfer,1.0,81.4025,0.0,58.944,58.944,81.4025,0.0426,26.7345,33.8878,2505
2016-05-28 10:00:00,117.26,transfer,1.0,81.4604,0.0,92.46,92.46,81.4604,0.0258,26.8304,34.3927,2506
2016-05-28 11:00:00,119.3,transfer,1.0,81.3823,0.0,94.604,94.604,81.3823,0.0234,26.9441,34.9144,2507
2016-05-28 12:00:00,128.17,transfer,1.0,81.1976,0.0,74.8878,74.8878,81.1976,0.0213,27.0844,35.461,2508
2016-05-28 13:00:00,128.96,transfer,1.0,80.8276,0.0,86.6618,86.6618,80.8276,0.0197,27.252,36.0318,2509
2016-05-28 14:00:00,130.71,transfer,1.0,80.2316,0.0,78.3541,78.3541,80.2316,0.0185,27.4228,36.6004,2510
2016-05-28 15:00:00,130.95,transfer,1.0,79.3837,0.0,75.1799,75.1799,79.3837,0.0175,27.5966,37.1641,2511
2016-05-28 16:00:00,132.94,transfer,1.0,78.3692,0.0,82.378,82.378,78.3692,0.0169,27.7935,37.7408,2512
2016-05-28 17:00:00,128.95,transfer,1.0,77.4042,0.0,89.0628,89.0628,77.4042,0.0168,27.9986,38.3137,2513
2016-05-28 18:00:00,73.8,transfer,1.0,76.5126,0.0,84.7332,84.7332,76.5126,0.018,27.8597,38.4963,2514
2016-05-28 19:00:00,67.66,transfer,1.0,75.5734,0.0,79.3909,79.3909,75.5734,0.0189,27.7644,38.645,2515
2016-05-28 20:00:00,71.25,transfer,1.0,73.6054,0.0,72.4363,72.4363,73.6054,0.0207,27.6849,38.8549,2516
2016-05-28 21:00:00,65.08,transfer,1.0,70.8476,0.0,69.927,69.927,70.8476,0.0237,27.6063,38.9992,2517
2016-05-28 22:00:00,58.07,transfer,1.0,68.3828,0.0,66.7199,66.7199,68.3828,0.0273,27.567,39.1078,2518
2016-05-28 23:00:00,52.31,transfer,1.0,65.7707,0.0,65.5871,65.5871,65.7707,0.0308,27.5439,39.1751,2519
2016-05-29 00:00:00,51.33,transfer,1.0,63.006,0.0,62.84,62.84,63.006,0.1365,27.5107,39.2349,2520
2016-05-29 01:00:00,50.6,transfer,1.0,60.8959,0.0,65.6726,65.6726,60.8959,0.6294,27.4679,39.2872,2521
2016-05-29 02:00:00,50.14,transfer,1.0,59.3967,0.0,61.8709,61.8709,59.3967,1.3418,27.4128,39.3309,2522
2016-05-29 03:00:00,50.2,transfer,1.0,58.5121,0.0,59.1258,59.1258,58.5121,2.2213,27.3471,39.3732,2523
2016-05-29 04:00:00,87.75,transfer,1.0,58.6876,0.0,61.8727,61.8727,58.6876,3.3906,27.4567,39.6945,2524
2016-05-29 05:00:00,92.5,transfer,1.0,59.5515,0.0,43.8723,43.8723,59.5515,4.2972,27.621,40.0813,2525
2016-05-29 06:00:00,97.01,transfer,1.0,61.7113,0.0,59.3511,59.3511,61.7113,4.7837,27.7438,40.4478,2526
2016-05-29 07:00:00,98.8,transfer,1.0,64.7969,0.0,70.6141,70.6141,64.7969,5.0679,27.832,40.8061,2527
2016-05-29 08:00:00,104.41,transfer,1.0,68.0961,0.0,58.5839,58.5839,68.0961,5.1235,27.9296,41.1991,2528
2016-05-29 09:00:00,111.59,transfer,1.0,70.4666,0.0,72.8374,72.8374,70.4666,4.5871,28.0477,41.6323,2529
2016-05-29 10:00:00,116.09,transfer,1.0,72.0143,0.0,68.7127,68.7127,72.0143,3.6581,28.1846,42.1002,2530
2016-05-29 11:00:00,112.38,transfer,1.0,73.0996,0.0,52.0934,52.0934,73.0996,2.6385,28.285,42.5445,2531
2016-05-29 12:00:00,118.42,transfer,1.0,73.8584,0.0,70.5984,70.5984,73.8584,1.698,28.4209,43.0343,2532
2016-05-29 13:00:00,116.74,transfer,1.0,74.1613,0.0,73.4661,73.4661,74.1613,1.0844,28.5346,43.5064,2533
2016-05-29 14:00:00,115.73,transfer,1.0,74.1081,0.0,73.51,73.51,74.1081,0.886,28.6567,43.9864,2534
2016-05-29 15:00:00,119.25,transfer,1.0,73.6994,0.0,64.0462,64.0462,73.6994,1.9805,28.8115,44.4881,2535
2016-05-29 16:00:00,111.62,transfer,1.0,72.9853,0.0,65.6635,65.6635,72.9853,15.6032,28.9225,44.8566,2536
2016-05-29 17:00:00,109.69,transfer,1.0,72.0094,0.0,57.1478,57.1478,72.0094,85.9918,29.0194,44.7821,2537
2016-05-29 18:00:00,66.93,transfer,1.0,70.0851,0.0,64.2951,64.2951,70.0851,89.729,28.8782,44.6618,2538
2016-05-29 19:00:00,62.39,transfer,1.0,67.9617,0.0,66.3945,66.3945,67.9617,90.1104,28.7738,44.5836,2539
2016-05-29 20:00:00,69.23,transfer,1.0,65.6726,0.0,57.4415,57.4415,65.6726,90.0187,28.6982,44.4963,2540
2016-05-29 21:00:00,64.18,transfer,1.0,62.973,0.0,62.4606,62.4606,62.973,90.2891,28.5848,44.4096,2541
2016-05-29 22:00:00,53.54,transfer,1.0,60.7538,0.0,59.8748,59.8748,60.7538,90.4613,28.5203,44.3932,2542
2016-05-29 23:00:00,50.0,transfer,1.0,58.7003,0.0,61.9026,61.9026,58.7003,90.4571,28.4649,44.3927,2543
2016-05-30 00:00:00,49.59,transfer,1.0,57.204,0.0,53.8909,53.8909,57.204,89.5565,28.4038,44.3877,2544
2016-05-30 01:00:00,49.93,transfer,1.0,56.9122,0.0,58.9052,58.9052,56.9122,5.3563,28.331,44.4086,2545
2016-05-30 02:00:00,49.92,transfer,1.0,57.6126,0.0,69.3974,69.3974,57.6126,4.2741,28.2514,44.4354,2546
2016-05-30 03:00:00,50.24,transfer,1.0,59.2854,0.0,61.8621,61.8621,59.2854,5.9525,28.1706,44.454,2547
2016-05-30 04:00:00,89.37,transfer,1.0,62.0018,0.0,60.31,60.31,62.0018,8.8533,28.2416,44.7433,2548
2016-05-30 05:00:00,91.78,transfer,1.0,65.483,0.0,69.8957,69.8957,65.483,12.0397,28.3122,45.0449,2549
2016-05-30 06:00:00,77.98,transfer,1.0,70.4868,0.0,82.8387,82.8387,70.4868,15.7277,28.2144,45.1938,2550
2016-05-30 07:00:00,79.74,transfer,1.0,74.9779,0.0,65.2086,65.2086,74.9779,20.5264,28.1193,45.3487,2551
2016-05-30 08:00:00,78.87,transfer,1.0,77.9061,0.0,68.2624,68.2624,77.9061,26.3062,28.09,45.5553,2552
2016-05-30 09:00:00,82.33,transfer,1.0,79.4593,0.0,74.1373,74.1373,79.4593,34.0722,28.0609,45.8189,2553
2016-05-30 10:00:00,84.67,transfer,1.0,80.1291,0.0,78.9899,78.9899,80.1291,44.5166,28.0022,46.041,2554
2016-05-30 11:00:00,90.33,transfer,1.0,80.3423,0.0,92.4442,92.4442,80.3423,57.7575,27.9813,46.2229,2555
2016-05-30 12:00:00,92.83,transfer,1.0,80.2452,0.0,72.9579,72.9579,80.2452,71.9546,27.9933,46.3421,2556
2016-05-30 13:00:00,93.69,transfer,1.0,79.9591,0.0,78.7639,78.7639,79.9591,82.1963,27.968,46.3714,2557
2016-05-30 14:00:00,91.8,transfer,1.0,79.499,0.0,79.0306,79.0306,79.499,87.3023,27.9404,46.3652,2558
2016-05-30 15:00:00,91.47,transfer,1.0,78.7697,0.0,80.3475,80.3475,78.7697,89.4356,27.9266,46.3558,2559
2016-05-30 16:00:00,95.16,transfer,1.0,77.6627,0.0,72.5108,72.5108,77.6627,90.3642,27.9718,46.3753,2560
2016-05-30 17:00:00,89.43,transfer,1.0,76.1767,0.0,76.7072,76.7072,76.1767,90.6212,28.0308,46.2941,2561
2016-05-30 18:00:00,59.01,transfer,1.0,74.4557,0.0,68.1147,68.1147,74.4557,90.8562,28.0197,46.3118,2562
2016-05-30 19:00:00,49.62,transfer,1.0,72.5983,0.0,69.6808,69.6808,72.5983,91.0695,28.0223,46.3549,2563
2016-05-30 20:00:00,60.05,transfer,1.0,70.2694,0.0,65.8407,65.8407,70.2694,91.2429,27.9429,46.3298,2564
2016-05-30 21:00:00,57.64,transfer,1.0,67.424,0.0,66.2506,66.2506,67.424,91.4365,27.8404,46.2989,2565
2016-05-30 22:00:00,57.91,transfer,1.0,65.3207,0.0,69.2799,69.2799,65.3207,91.6624,27.7306,46.2734,2566
2016-05-30 23:00:00,62.74,transfer,1.0,63.9093,0.0,62.5586,62.5586,63.9093,91.9117,27.5779,46.2138,2567
2016-05-31 00:00:00,56.22,transfer,1.0,63.0812,0.0,67.7031,67.7031,63.0812,92.1451,27.4574,46.1921,2568
2016-05-31 01:00:00,56.15,transfer,1.0,63.0017,0.0,64.2768,64.2768,63.0017,92.3393,27.3361,46.1713,2569
2016-05-31 02:00:00,55.93,transfer,1.0,63.508,0.0,60.669,60.669,63.508,92.5078,27.2194,46.1533,2570
2016-05-31 03:00:00,56.23,transfer,1.0,64.688,0.0,74.6719,74.6719,64.688,92.6011,27.1083,46.1355,2571
2016-05-31 04:00:00,98.64,transfer,1.0,66.6122,0.0,70.7913,70.7913,66.6122,86.256,27.1803,46.0187,2572
2016-05-31 05:00:00,91.93,transfer,1.0,69.4931,0.0,64.8665,64.8665,69.4931,90.3744,27.2217,45.8652,2573
2016-05-31 06:00:00,98.76,transfer,1.0,73.7094,0.0,72.3369,72.3369,73.7094,92.0241,27.254,45.7189,2574
2016-05-31 07:00:00,116.04,transfer,1.0,77.0677,0.0,64.0617,64.0617,77.0677,92.6932,27.4832,45.7862,2575
2016-05-31 08:00:00,148.01,transfer,1.0,79.5768,0.0,95.333,95.333,79.5768,93.0959,27.7517,46.0426,2576
2016-05-31 09:00:00,173.28,transfer,1.0,81.2102,0.0,79.5304,79.5304,81.2102,93.1697,28.0921,46.3796,2577
2016-05-31 10:00:00,176.04,transfer,1.0,82.1276,0.0,75.4618,75.4618,82.1276,93.1084,28.4178,46.7075,2578
2016-05-31 11:00:00,172.94,transfer,1.0,82.5611,0.0,82.2962,82.2962,82.5611,93.0109,28.7558,47.0507,2579
2016-05-31 12:00:00,184.19,transfer,1.0,82.7469,0.0,82.0112,82.0112,82.7469,93.0015,29.1958,47.4969,2580
2016-05-31 13:00:00,174.97,transfer,1.0,82.8297,0.0,83.836,83.836,82.8297,92.9846,29.5966,47.9045,2581
2016-05-31 14:00:00,181.28,transfer,1.0,82.8653,0.0,76.9296,76.9296,82.8653,93.2261,30.0047,48.3183,2582
2016-05-31 15:00:00,179.12,transfer,1.0,82.8709,0.0,97.6081,97.6081,82.8709,93.7744,30.3949,48.7109,2583
2016-05-31 16:00:00,163.53,transfer,1.0,82.8654,0.0,78.3957,78.3957,82.8654,94.1526,30.7501,49.0665,2584
2016-05-31 17:00:00,159.52,transfer,1.0,82.831,0.0,81.8758,81.8758,82.831,94.2573,31.1031,49.4192,2585
2016-05-31 18:00:00,88.7,transfer,1.0,82.7682,0.0,81.8651,81.8651,82.7682,94.2817,31.0566,49.3027,2586
2016-05-31 19:00:00,81.23,transfer,1.0,82.6506,0.0,74.6986,74.6986,82.6506,94.268,30.9543,49.201,2587
2016-05-31 20:00:00,77.2,transfer,1.0,82.3724,0.0,75.5953,75.5953,82.3724,93.999,30.8491,49.0958,2588
2016-05-31 21:00:00,66.74,transfer,1.0,81.9818,0.0,89.6331,89.6331,81.9818,91.2043,30.8103,49.0416,2589
2016-05-31 22:00:00,55.43,transfer,1.0,81.5145,0.0,73.2452,73.2452,81.5145,90.6783,30.843,49.0575,2590
2016-05-31 23:00:00,52.76,transfer,1.0,80.9633,0.0,75.8928,75.8928,80.9633,90.6042,30.8797,49.0793,2591
2016-06-01 00:00:00,52.51,transfer,1.0,80.2646,0.0,72.531,72.531,80.2646,90.5913,30.9118,49.0998,2592
2016-06-01 01:00:00,51.98,transfer,1.0,79.5354,0.0,83.3443,83.3443,79.5354,90.5246,30.9453,49.1252,2593
2016-06-01 02:00:00,51.68,transfer,1.0,79.0295,0.0,86.1991,86.1991,79.0295,90.4731,30.9778,49.1525,2594
2016-06-01 03:00:00,51.31,transfer,1.0,78.8572,0.0,89.6727,89.6727,78.8572,90.3858,31.0129,49.1832,2595
2016-06-01 04:00:00,98.88,transfer,1.0,79.0154,0.0,88.8497,88.8497,79.0154,88.8189,31.0754,49.1153,2596
2016-06-01 05:00:00,98.42,transfer,1.0,79.4937,0.0,90.6741,90.6741,79.4937,0.2803,31.1342,49.5746,2597
2016-06-01 06:00:00,105.74,transfer,1.0,80.6127,0.0,80.1861,80.1861,80.6127,0.0284,31.184,50.0341,2598
2016-06-01 07:00:00,127.46,transfer,1.0,81.4114,0.0,63.924,63.924,81.4114,0.026,31.4081,50.7734,2599
2016-06-01 08:00:00,165.45,transfer,1.0,81.9473,0.0,90.2424,90.2424,81.9473,0.0238,31.7162,51.6378,2600
2016-06-01 09:00:00,186.15,transfer,1.0,82.3049,0.0,99.0016,99.0016,82.3049,0.0217,32.1081,52.5877,2601
2016-06-01 10:00:00,189.58,transfer,1.0,82.5253,0.0,81.4816,81.4816,82.5253,0.0195,32.4717,53.5104,2602
2016-06-01 11:00:00,174.78,transfer,1.0,82.6349,0.0,94.1084,94.1084,82.6349,0.0176,32.745,54.3433,2603
2016-06-01 12:00:00,173.54,transfer,1.0,82.6342,0.0,76.7739,76.7739,82.6342,0.016,32.9867,55.1445,2604
2016-06-01 13:00:00,170.12,transfer,1.0,82.5849,0.0,80.2337,80.2337,82.5849,0.0148,33.1952,55.9122,2605
2016-06-01 14:00:00,178.55,transfer,1.0,82.5333,0.0,70.9334,70.9334,82.5333,0.0137,33.4296,56.7055,2606
2016-06-01 15:00:00,179.3,transfer,1.0,82.5614,0.0,89.2137,89.2137,82.5614,0.0128,33.7044,57.5395,2607
2016-06-01 16:00:00,159.42,transfer,1.0,82.6019,0.0,73.7943,73.7943,82.6019,0.012,33.8732,58.2678,2608
2016-06-01 17:00:00,144.53,transfer,1.0,82.5963,0.0,86.8846,86.8846,82.5963,0.0113,34.0418,58.9962,2609
2016-06-01 18:00:00,90.87,transfer,1.0,82.5246,0.0,101.5144,101.5144,82.5246,0.0106,34.0364,59.4135,2610
2016-06-01 19:00:00,80.91,transfer,1.0,82.3313,0.0,77.4744,77.4744,82.3313,0.0107,33.9686,59.7498,2611
2016-06-01 20:00:00,74.14,transfer,1.0,81.9209,0.0,91.7795,91.7795,81.9209,0.0116,34.0114,60.1175,2612
2016-06-01 21:00:00,68.37,transfer,1.0,81.3444,0.0,98.8036,98.8036,81.3444,0.013,34.082,60.4463,2613
2016-06-01 22:00:00,56.26,transfer,1.0,80.6092,0.0,86.0751,86.0751,80.6092,0.0144,34.22,60.7019,2614
2016-06-01 23:00:00,53.89,transfer,1.0,79.7821,0.0,81.3467,81.3467,79.7821,0.0159,34.3543,60.9303,2615
2016-06-02 00:00:00,53.48,transfer,1.0,78.8041,0.0,78.8422,78.8422,78.8041,0.0173,34.4863,61.1569,2616
2016-06-02 01:00:00,52.3,transfer,1.0,77.7315,0.0,61.5192,61.5192,77.7315,0.0185,34.5468,61.3044,2617
2016-06-02 02:00:00,51.9,transfer,1.0,76.8846,0.0,86.6289,86.6289,76.8846,0.0198,34.5676,61.4126,2618
2016-06-02 03:00:00,51.92,transfer,1.0,76.4312,0.0,74.4906,74.4906,76.4312,0.0209,34.5921,61.5279,2619
2016-06-02 04:00:00,96.94,transfer,1.0,76.5316,0.0,74.8211,74.8211,76.5316,0.0218,34.6704,62.0762,2620
2016-06-02 05:00:00,98.91,transfer,1.0,77.233,0.0,74.1437,74.1437,77.233,0.0217,34.7986,62.5948,2621
2016-06-02 06:00:00,100.89,transfer,1.0,78.9145,0.0,84.3137,84.3137,78.9145,0.0212,34.8871,63.0832,2622
2016-06-02 07:00:00,113.81,transfer,1.0,80.3193,0.0,74.6324,74.6324,80.3193,0.0205,34.9824,63.7255,2623
2016-06-02 08:00:00,144.25,transfer,1.0,81.2711,0.0,64.2418,64.2418,81.2711,0.0198,35.0822,64.3774,2624
2016-06-02 09:00:00,148.17,transfer,1.0,81.8318,0.0,76.2905,76.2905,81.8318,0.0189,35.1249,64.9752,2625
2016-06-02 10:00:00,149.27,transfer,1.0,82.141,0.0,82.8986,82.8986,82.141,0.018,35.1374,65.5443,2626
2016-06-02 11:00:00,152.1,transfer,1.0,82.2116,0.0,76.4656,76.4656,82.2116,0.0169,35.1551,66.119,2627
2016-06-02 12:00:00,151.71,transfer,1.0,82.109,0.0,93.0536,93.0536,82.109,0.0158,35.1778,66.6979,2628
2016-06-02 13:00:00,154.34,transfer,1.0,82.0305,0.0,73.246,73.246,82.0305,0.0149,35.1757,67.2516,2629
2016-06-02 14:00:00,160.29,transfer,1.0,82.0016,0.0,90.887,90.887,82.0016,0.0141,35.2209,67.8524,2630
2016-06-02 15:00:00,164.38,transfer,1.0,82.0272,0.0,74.5363,74.5363,82.0272,0.0136,35.2931,68.4805,2631
2016-06-02 16:00:00,160.2,transfer,1.0,82.0131,0.0,95.7207,95.7207,82.0131,0.0132,35.4238,69.1671,2632
2016-06-02 17:00:00,139.98,transfer,1.0,81.9678,0.0,96.7121,96.7121,81.9678,0.0127,35.4311,69.7303,2633
2016-06-02 18:00:00,86.95,transfer,1.0,81.8937,0.0,91.7327,91.7327,81.8937,0.0124,35.4292,70.1474,2634
2016-06-02 19:00:00,78.77,transfer,1.0,81.6095,0.0,59.1864,59.1864,81.6095,0.0121,35.4065,70.5077,2635
2016-06-02 20:00:00,78.13,transfer,1.0,80.9577,0.0,67.6545,67.6545,80.9577,0.0129,35.397,70.8762,2636
2016-06-02 21:00:00,67.06,transfer,1.0,80.0228,0.0,84.7585,84.7585,80.0228,0.0143,35.4527,71.1822,2637
2016-06-02 22:00:00,56.47,transfer,1.0,79.0823,0.0,66.3903,66.3903,79.0823,0.0158,35.5702,71.4282,2638
2016-06-02 23:00:00,53.1,transfer,1.0,78.0286,0.0,73.8882,73.8882,78.0286,0.0171,35.6302,71.5818,2639
2016-06-03 00:00:00,52.5,transfer,1.0,76.8471,0.0,66.4334,66.4334,76.8471,0.0183,35.6702,71.7146,2640
2016-06-03 01:00:00,52.24,transfer,1.0,75.5523,0.0,74.1651,74.1651,75.5523,0.0194,35.7046,71.8454,2641
2016-06-03 02:00:00,51.93,transfer,1.0,74.6361,0.0,74.9594,74.9594,74.6361,0.0206,35.7212,71.9596,2642
2016-06-03 03:00:00,52.22,transfer,1.0,74.3648,0.0,79.0731,79.0731,74.3648,0.0215,35.7335,72.0751,2643
2016-06-03 04:00:00,95.92,transfer,1.0,74.9175,0.0,67.153,67.153,74.9175,0.0221,35.7057,72.5584,2644
2016-06-03 05:00:00,100.29,transfer,1.0,75.9984,0.0,86.9479,86.9479,75.9984,0.0215,35.7149,73.0832,2645
2016-06-03 06:00:00,107.13,transfer,1.0,77.9721,0.0,82.3084,82.3084,77.9721,0.0202,35.7467,73.6396,2646
2016-06-03 07:00:00,123.42,transfer,1.0,79.5971,0.0,79.5859,79.5859,79.5971,0.0186,35.7546,74.18,2647
2016-06-03 08:00:00,150.15,transfer,1.0,80.6869,0.0,79.2624,79.2624,80.6869,0.0173,35.7749,74.7378,2648
2016-06-03 09:00:00,166.36,transfer,1.0,81.3305,0.0,70.7003,70.7003,81.3305,0.0162,35.7309,75.2337,2649
2016-06-03 10:00:00,169.03,transfer,1.0,81.6736,0.0,86.8115,86.8115,81.6736,0.0151,35.6416,75.6846,2650
2016-06-03 11:00:00,174.3,transfer,1.0,81.9338,0.0,74.0339,74.0339,81.9338,0.014,35.601,76.184,2651
2016-06-03 12:00:00,175.19,transfer,1.0,82.1435,0.0,88.8117,88.8117,82.1435,0.0131,35.5748,76.6976,2652
2016-06-03 13:00:00,178.79,transfer,1.0,82.3013,0.0,83.4851,83.4851,82.3013,0.0123,35.5729,77.2351,2653
2016-06-03 14:00:00,176.39,transfer,1.0,82.4061,0.0,66.212,66.212,82.4061,0.012,35.5001,77.7016,2654
2016-06-03 15:00:00,167.29,transfer,1.0,82.4559,0.0,85.054,85.054,82.4559,0.0119,35.4961,78.2364,2655
2016-06-03 16:00:00,137.91,transfer,1.0,82.4297,0.0,81.9675,81.9675,82.4297,0.0123,35.3612,78.6399,2656
2016-06-03 17:00:00,123.78,transfer,1.0,82.3514,0.0,90.2091,90.2091,82.3514,0.0124,35.2055,79.0216,2657
2016-06-03 18:00:00,76.14,transfer,1.0,81.9497,0.0,92.393,92.393,81.9497,0.014,35.1985,79.4687,2658
2016-06-03 19:00:00,70.72,transfer,1.0,81.239,0.0,90.4008,90.4008,81.239,0.0146,35.2372,79.8179,2659
2016-06-03 20:00:00,69.3,transfer,1.0,80.2318,0.0,93.4638,93.4638,80.2318,0.0151,35.2854,80.1647,2660
2016-06-03 21:00:00,64.37,transfer,1.0,78.8962,0.0,79.3654,79.3654,78.8962,0.0162,35.2872,80.4129,2661
2016-06-03 22:00:00,56.95,transfer,1.0,77.4908,0.0,79.3994,79.3994,77.4908,0.0173,35.2761,80.5669,2662
2016-06-03 23:00:00,50.94,transfer,1.0,76.1074,0.0,75.3254,75.3254,76.1074,0.0185,35.28,80.6706,2663
2016-06-04 00:00:00,50.59,transfer,1.0,74.6946,0.0,92.5376,92.5376,74.6946,0.0197,35.2926,80.7845,2664
2016-06-04 01:00:00,50.23,transfer,1.0,72.5609,0.0,69.2143,69.2143,72.5609,0.0201,35.297,80.8937,2665
2016-06-04 02:00:00,50.39,transfer,1.0,70.4798,0.0,63.0316,63.0316,70.4798,0.02,35.2887,81.0,2666
2016-06-04 03:00:00,50.11,transfer,1.0,68.8725,0.0,76.758,76.758,68.8725,0.0197,35.3078,81.1365,2667
2016-06-04 04:00:00,87.72,transfer,1.0,67.8135,0.0,63.9502,63.9502,67.8135,0.0194,35.2811,81.5844,2668
2016-06-04 05:00:00,88.67,transfer,1.0,67.4048,0.0,74.6591,74.6591,67.4048,0.0184,35.2729,82.0452,2669
2016-06-04 06:00:00,92.33,transfer,1.0,68.4464,0.0,70.4557,70.4557,68.4464,0.0172,35.213,81.9448,2670
2016-06-04 07:00:00,87.74,transfer,1.0,69.8796,0.0,79.8156,79.8156,69.8796,0.0158,35.1636,81.8362,2671
2016-06-04 08:00:00,89.1,transfer,1.0,71.181,0.0,85.6318,85.6318,71.181,0.0148,35.1243,81.7395,2672
2016-06-04 09:00:00,88.89,transfer,1.0,71.1234,0.0,76.6681,76.6681,71.1234,0.0135,35.0581,81.6123,2673
2016-06-04 10:00:00,90.62,transfer,1.0,69.7322,0.0,58.2066,58.2066,69.7322,0.0124,34.9693,81.4538,2674
2016-06-04 11:00:00,95.34,transfer,1.0,67.5199,0.0,76.656,76.656,67.5199,0.0119,34.9092,81.3113,2675
2016-06-04 12:00:00,97.27,transfer,1.0,65.0134,0.0,58.9515,58.9515,65.0134,0.0116,34.8216,81.1274,2676
2016-06-04 13:00:00,102.56,transfer,1.0,62.611,0.0,54.7694,54.7694,62.611,0.0113,34.7729,80.9703,2677
2016-06-04 14:00:00,96.55,transfer,1.0,60.316,0.0,61.9678,61.9678,60.316,0.0113,34.6881,80.767,2678
2016-06-04 15:00:00,100.49,transfer,1.0,58.1974,0.0,69.2731,69.2731,58.1974,0.0112,34.6329,80.5858,2679
2016-06-04 16:00:00,102.44,transfer,1.0,55.9984,0.0,54.3675,54.3675,55.9984,0.0108,34.5845,80.4043,2680
2016-06-04 17:00:00,106.62,transfer,1.0,54.1373,0.0,61.965,61.965,54.1373,0.0107,34.5901,80.2714,2681
2016-06-04 18:00:00,65.4,transfer,1.0,52.7903,0.0,49.1856,49.1856,52.7903,0.0111,34.649,80.2214,2682
2016-06-04 19:00:00,61.53,transfer,1.0,52.0096,0.0,59.6794,59.6794,52.0096,0.0115,34.6586,80.185,2683
2016-06-04 20:00:00,66.49,transfer,1.0,51.1725,0.0,52.7803,52.7803,51.1725,0.0123,34.7358,80.1567,2684
2016-06-04 21:00:00,62.22,transfer,1.0,50.1845,0.0,52.213,52.213,50.1845,0.0139,34.7731,80.1397,2685
2016-06-04 22:00:00,58.83,transfer,1.0,49.5883,0.0,44.3286,44.3286,49.5883,0.0154,34.7667,80.1443,2686
2016-06-04 23:00:00,50.51,transfer,1.0,49.2524,0.0,48.3954,48.3954,49.2524,0.017,34.6941,80.1337,2687
2016-06-05 00:00:00,50.46,transfer,1.0,49.1965,0.0,38.3487,38.3487,49.1965,0.0187,34.6321,80.1292,2688
2016-06-05 01:00:00,50.43,transfer,1.0,49.5334,0.0,43.3336,43.3336,49.5334,0.0203,34.5761,80.1318,2689
2016-06-05 02:00:00,50.39,transfer,1.0,50.0221,0.0,43.7803,43.7803,50.0221,0.0224,34.5232,80.1412,2690
2016-06-05 03:00:00,50.65,transfer,1.0,50.5659,0.0,48.6591,48.6591,50.5659,0.0245,34.4742,80.1569,2691
2016-06-05 04:00:00,89.1,transfer,1.0,51.5465,0.0,47.9448,47.9448,51.5465,0.1827,34.5248,80.184,2692
2016-06-05 05:00:00,91.36,transfer,1.0,53.2553,0.0,52.8355,52.8355,53.2553,0.2829,34.5555,80.2012,2693
2016-06-05 06:00:00,94.08,transfer,1.0,56.1488,0.0,64.7709,64.7709,56.1488,0.147,34.5711,80.2113,2694
2016-06-05 07:00:00,92.43,transfer,1.0,59.5422,0.0,48.0897,48.0897,59.5422,0.0223,34.5645,80.2034,2695
2016-06-05 08:00:00,90.75,transfer,1.0,62.9684,0.0,72.5212,72.5212,62.9684,0.0186,34.5137,80.1525,2696
2016-06-05 09:00:00,91.52,transfer,1.0,65.087,0.0,60.7627,60.7627,65.087,0.0157,34.4263,80.0603,2697
2016-06-05 10:00:00,95.64,transfer,1.0,65.8901,0.0,59.7596,59.7596,65.8901,0.0132,34.341,79.9602,2698
2016-06-05 11:00:00,93.2,transfer,1.0,65.9365,0.0,63.583,63.583,65.9365,0.0113,34.2695,79.8617,2699
2016-06-05 12:00:00,97.08,transfer,1.0,65.6121,0.0,63.4246,63.4246,65.6121,0.01,34.1915,79.7447,2700
2016-06-05 13:00:00,100.6,transfer,1.0,64.8541,0.0,72.4857,72.4857,64.8541,0.0092,34.1509,79.655,2701
2016-06-05 14:00:00,102.93,transfer,1.0,63.8467,0.0,52.2228,52.2228,63.8467,0.009,34.1358,79.5841,2702
2016-06-05 15:00:00,115.46,transfer,1.0,62.775,0.0,68.2923,68.2923,62.775,0.009,34.1782,79.5733,2703
2016-06-05 16:00:00,110.03,transfer,1.0,61.6985,0.0,58.5266,58.5266,61.6985,0.0094,34.2359,79.6566,2704
2016-06-05 17:00:00,102.24,transfer,1.0,60.9711,0.0,48.6493,48.6493,60.9711,0.0101,34.2573,80.1241,2705
2016-06-05 18:00:00,62.61,transfer,1.0,59.9918,0.0,65.6837,65.6837,59.9918,0.0111,34.2541,80.361,2706
2016-06-05 19:00:00,61.41,transfer,1.0,58.7361,0.0,50.3146,50.3146,58.7361,0.0128,34.2369,80.5614,2707
2016-06-05 20:00:00,64.71,transfer,1.0,56.6506,0.0,69.6418,69.6418,56.6506,0.0141,34.2636,80.8228,2708
2016-06-05 21:00:00,62.3,transfer,1.0,54.7766,0.0,53.2461,53.2461,54.7766,0.0161,34.3012,81.0381,2709
2016-06-05 22:00:00,55.25,transfer,1.0,53.4939,0.0,38.9295,38.9295,53.4939,0.0182,34.2688,81.1471,2710
2016-06-05 23:00:00,50.27,transfer,1.0,52.6272,0.0,42.677,42.677,52.6272,0.0201,34.231,81.2054,2711
2016-06-06 00:00:00,49.85,transfer,1.0,51.933,0.0,51.7794,51.7794,51.933,0.0219,34.1981,81.2641,2712
2016-06-06 01:00:00,49.49,transfer,1.0,52.0126,0.0,50.773,50.773,52.0126,0.0258,34.1715,81.2932,2713
2016-06-06 02:00:00,49.47,transfer,1.0,52.878,0.0,57.2199,57.2199,52.878,0.2857,34.146,81.3143,2714
2016-06-06 03:00:00,49.65,transfer,1.0,54.5038,0.0,54.2738,54.2738,54.5038,1.2193,34.1211,81.3389,2715
2016-06-06 04:00:00,82.46,transfer,1.0,56.9029,0.0,46.9131,46.9131,56.9029,2.426,34.1103,81.336,2716
2016-06-06 05:00:00,84.52,transfer,1.0,59.8365,0.0,62.2884,62.2884,59.8365,3.1646,34.1007,81.3457,2717
2016-06-06 06:00:00,73.71,transfer,1.0,64.1045,0.0,64.4695,64.4695,64.1045,3.3465,34.1133,81.3939,2718
2016-06-06 07:00:00,96.31,transfer,1.0,68.5423,0.0,64.5737,64.5737,68.5423,3.1985,34.2502,81.5957,2719
2016-06-06 08:00:00,135.35,transfer,1.0,71.9132,0.0,72.8717,72.8717,71.9132,2.9046,34.6221,82.0712,2720
2016-06-06 09:00:00,156.97,transfer,1.0,74.7581,0.0,69.2538,69.2538,74.7581,2.2775,35.0943,82.7047,2721
2016-06-06 10:00:00,161.95,transfer,1.0,77.6604,0.0,78.4042,78.4042,77.6604,1.4844,35.569,83.4209,2722
2016-06-06 11:00:00,163.18,transfer,1.0,79.8001,0.0,89.4424,89.4424,79.8001,0.682,36.0059,84.1942,2723
2016-06-06 12:00:00,157.22,transfer,1.0,81.0715,0.0,88.4695,88.4695,81.0715,0.1433,36.3842,85.005,2724
2016-06-06 13:00:00,159.04,transfer,1.0,81.7757,0.0,96.4318,96.4318,81.7757,0.0221,36.7624,85.8831,2725
2016-06-06 14:00:00,162.35,transfer,1.0,82.1193,0.0,78.8279,78.8279,82.1193,0.0205,37.1668,86.8226,2726
2016-06-06 15:00:00,157.15,transfer,1.0,82.2735,0.0,89.0183,89.0183,82.2735,0.0201,37.5369,87.7458,2727
2016-06-06 16:00:00,148.47,transfer,1.0,82.3113,0.0,80.9955,80.9955,82.3113,0.0216,37.8265,88.6008,2728
2016-06-06 17:00:00,132.35,transfer,1.0,82.2476,0.0,79.9445,79.9445,82.2476,3.9282,38.0459,89.3582,2729
2016-06-06 18:00:00,78.24,transfer,1.0,82.0785,0.0,77.3054,77.3054,82.0785,65.6596,37.9768,89.2435,2730
2016-06-06 19:00:00,63.22,transfer,1.0,81.6968,0.0,84.9682,84.9682,81.6968,77.1016,37.95,89.0794,2731
2016-06-06 20:00:00,63.91,transfer,1.0,80.8532,0.0,74.6977,74.6977,80.8532,86.6151,37.99,89.0289,2732
2016-06-06 21:00:00,66.56,transfer,1.0,79.4824,0.0,78.7963,78.7963,79.4824,89.1047,38.0087,88.9619,2733
2016-06-06 22:00:00,66.12,transfer,1.0,77.8857,0.0,78.8817,78.8817,77.8857,89.7844,38.0346,88.9018,2734
2016-06-06 23:00:00,65.17,transfer,1.0,76.4309,0.0,73.7323,73.7323,76.4309,89.9317,38.0947,88.8756,2735
2016-06-07 00:00:00,64.31,transfer,1.0,75.2375,0.0,85.9893,85.9893,75.2375,89.9612,38.1189,88.8144,2736
2016-06-07 01:00:00,64.99,transfer,1.0,74.4342,0.0,71.2815,71.2815,74.4342,55.5712,38.1343,88.6551,2737
2016-06-07 02:00:00,66.78,transfer,1.0,73.9301,0.0,81.7153,81.7153,73.9301,0.0253,38.1318,88.8347,2738
2016-06-07 03:00:00,62.64,transfer,1.0,73.8999,0.0,67.4568,67.4568,73.8999,0.0253,38.1484,88.9909,2739
2016-06-07 04:00:00,109.86,transfer,1.0,74.769,0.0,78.1291,78.1291,74.769,0.0277,38.1667,89.571,2740
2016-06-07 05:00:00,101.73,transfer,1.0,76.1684,0.0,86.4755,86.4755,76.1684,0.0293,38.1853,90.1671,2741
2016-06-07 06:00:00,92.04,transfer,1.0,78.1451,0.0,82.4283,82.4283,78.1451,0.0323,38.1189,90.6746,2742
2016-06-07 07:00:00,128.17,transfer,1.0,79.4359,0.0,91.2599,91.2599,79.4359,0.0277,38.177,91.2984,2743
2016-06-07 08:00:00,161.49,transfer,1.0,80.1798,0.0,62.5523,62.5523,80.1798,0.0263,38.2536,91.9326,2744
2016-06-07 09:00:00,179.03,transfer,1.0,80.9518,0.0,66.299,66.299,80.9518,0.0236,38.2894,92.5213,2745
2016-06-07 10:00:00,184.42,transfer,1.0,81.3539,0.0,99.5935,99.5935,81.3539,0.0202,38.3439,93.1253,2746
2016-06-07 11:00:00,180.27,transfer,1.0,81.5472,0.0,86.0924,86.0924,81.5472,0.0172,38.3935,93.7225,2747
2016-06-07 12:00:00,185.21,transfer,1.0,81.6799,0.0,71.1316,71.1316,81.6799,0.015,38.406,94.282,2748
2016-06-07 13:00:00,161.13,transfer,1.0,81.8392,0.0,81.2781,81.2781,81.8392,0.0132,38.3295,94.753,2749
2016-06-07 14:00:00,164.95,transfer,1.0,81.9994,0.0,84.3408,84.3408,81.9994,0.0124,38.2374,95.2107,2750
2016-06-07 15:00:00,159.16,transfer,1.0,82.15,0.0,83.799,83.799,82.15,0.0119,38.1229,95.65,2751
2016-06-07 16:00:00,141.56,transfer,1.0,82.312,0.0,77.6173,77.6173,82.312,0.0124,37.9954,96.0796,2752
2016-06-07 17:00:00,142.33,transfer,1.0,82.4593,0.0,95.7398,95.7398,82.4593,0.0136,37.8953,96.5382,2753
2016-06-07 18:00:00,88.82,transfer,1.0,82.523,0.0,84.5172,84.5172,82.523,0.0144,37.8975,97.0336,2754
2016-06-07 19:00:00,81.78,transfer,1.0,82.4146,0.0,79.5186,79.5186,82.4146,0.016,37.8928,97.4427,2755
2016-06-07 20:00:00,79.38,transfer,1.0,82.0821,0.0,98.1349,98.1349,82.0821,0.0188,37.8781,97.8151,2756
2016-06-07 21:00:00,79.91,transfer,1.0,81.6304,0.0,73.4013,73.4013,81.6304,0.0226,37.7976,98.145,2757
2016-06-07 22:00:00,77.89,transfer,1.0,81.1245,0.0,84.2529,84.2529,81.1245,0.027,37.6616,98.3986,2758
2016-06-07 23:00:00,65.13,transfer,1.0,80.6774,0.0,88.1502,88.1502,80.6774,0.2074,37.5863,98.5598,2759
2016-06-08 00:00:00,59.68,transfer,1.0,80.3977,0.0,48.7239,48.7239,80.3977,0.9917,37.5444,98.6825,2760
2016-06-08 01:00:00,58.88,transfer,1.0,80.0323,0.0,72.8864,72.8864,80.0323,1.9175,37.5063,98.7921,2761
2016-06-08 02:00:00,58.71,transfer,1.0,79.7315,0.0,60.412,60.412,79.7315,2.9185,37.4686,98.8933,2762
2016-06-08 03:00:00,58.54,transfer,1.0,79.7188,0.0,88.3744,88.3744,79.7188,4.0078,37.4307,98.9853,2763
2016-06-08 04:00:00,87.21,transfer,1.0,80.0082,0.0,75.0491,75.0491,80.0082,5.1153,37.3553,99.4141,2764
2016-06-08 05:00:00,82.62,transfer,1.0,80.6409,0.0,88.5733,88.5733,80.6409,5.7968,37.2545,99.2872,2765
2016-06-08 06:00:00,76.9,transfer,1.0,81.3629,0.0,89.6329,89.6329,81.3629,6.1663,37.1314,99.079,2766
2016-06-08 07:00:00,112.36,transfer,1.0,81.8491,0.0,77.2333,77.2333,81.8491,6.384,37.039,98.9512,2767
2016-06-08 08:00:00,134.12,transfer,1.0,82.1562,0.0,73.9931,73.9931,82.1562,6.3281,36.8512,98.7272,2768
2016-06-08 09:00:00,146.04,transfer,1.0,82.3994,0.0,81.8967,81.8967,82.3994,5.9222,36.6119,98.4534,2769
2016-06-08 10:00:00,143.17,transfer,1.0,82.5437,0.0,88.7771,88.7771,82.5437,5.6681,36.3356,98.1435,2770
2016-06-08 11:00:00,143.37,transfer,1.0,82.6342,0.0,69.7218,69.7218,82.6342,5.8727,36.1486,97.9217,2771
2016-06-08 12:00:00,139.45,transfer,1.0,82.6542,0.0,71.2388,71.2388,82.6542,7.4342,35.9456,97.6746,2772
2016-06-08 13:00:00,132.43,transfer,1.0,82.592,0.0,66.8133,66.8133,82.592,12.3736,35.7212,97.3767,2773
2016-06-08 14:00:00,130.43,transfer,1.0,82.482,0.0,78.0757,78.0757,82.482,58.8758,35.4351,96.7399,2774
2016-06-08 15:00:00,128.12,transfer,1.0,82.3721,0.0,90.9569,90.9569,82.3721,88.6063,35.1315,95.9079,2775
2016-06-08 16:00:00,120.23,transfer,1.0,82.242,0.0,86.5832,86.5832,82.242,89.2695,34.9004,95.1433,2776
2016-06-08 17:00:00,116.06,transfer,1.0,82.0723,0.0,97.6291,97.6291,82.0723,90.0974,34.7341,94.4376,2777
2016-06-08 18:00:00,78.94,transfer,1.0,81.885,0.0,73.7578,73.7578,81.885,90.744,34.7019,93.9671,2778
2016-06-08 19:00:00,69.6,transfer,1.0,81.5647,0.0,84.1741,84.1741,81.5647,90.8681,34.7647,93.6121,2779
2016-06-08 20:00:00,64.84,transfer,1.0,81.0354,0.0,91.5747,91.5747,81.0354,90.9437,34.8148,93.3263,2780
2016-06-08 21:00:00,64.21,transfer,1.0,80.3352,0.0,94.0703,94.0703,80.3352,91.0947,34.8335,93.0794,2781
2016-06-08 22:00:00,64.82,transfer,1.0,79.508,0.0,83.8002,83.8002,79.508,91.0763,34.776,92.9009,2782
2016-06-08 23:00:00,54.41,transfer,1.0,78.7454,0.0,63.7141,63.7141,78.7454,90.8063,34.7667,92.7969,2783
2016-06-09 00:00:00,52.7,transfer,1.0,78.0765,0.0,74.609,74.609,78.0765,89.4876,34.7671,92.6976,2784
2016-06-09 01:00:00,52.91,transfer,1.0,77.2249,0.0,71.1235,71.1235,77.2249,51.1998,34.7604,92.3966,2785
2016-06-09 02:00:00,53.05,transfer,1.0,76.5954,0.0,104.6393,104.6393,76.5954,18.9637,34.7518,92.2907,2786
2016-06-09 03:00:00,53.11,transfer,1.0,76.5281,0.0,77.4454,77.4454,76.5281,18.4916,34.7453,92.1878,2787
2016-06-09 04:00:00,66.28,transfer,1.0,77.0619,0.0,82.2042,82.2042,77.0619,22.4399,34.688,91.8719,2788
2016-06-09 05:00:00,71.84,transfer,1.0,78.0808,0.0,64.2426,64.2426,78.0808,31.4858,34.5961,91.5235,2789
2016-06-09 06:00:00,66.23,transfer,1.0,79.2093,0.0,58.2145,58.2145,79.2093,43.7463,34.5426,91.0569,2790
2016-06-09 07:00:00,91.17,transfer,1.0,80.277,0.0,81.3627,81.3627,80.277,59.9041,34.4081,90.5657,2791
2016-06-09 08:00:00,110.82,transfer,1.0,80.9933,0.0,78.6205,78.6205,80.9933,77.0163,34.2108,89.9084,2792
2016-06-09 09:00:00,129.25,transfer,1.0,81.3929,0.0,76.4268,76.4268,81.3929,87.1425,34.1007,89.2772,2793
2016-06-09 10:00:00,132.46,transfer,1.0,81.5756,0.0,79.4154,79.4154,81.5756,89.2748,34.0041,88.6458,2794
2016-06-09 11:00:00,143.63,transfer,1.0,81.6728,0.0,85.1695,85.1695,81.6728,89.8775,33.9568,88.0605,2795
2016-06-09 12:00:00,144.8,transfer,1.0,81.693,0.0,76.8193,76.8193,81.693,90.0203,33.9182,87.4836,2796
2016-06-09 13:00:00,142.69,transfer,1.0,81.7619,0.0,81.4194,81.4194,81.7619,89.941,33.8504,86.879,2797
2016-06-09 14:00:00,144.76,transfer,1.0,81.8229,0.0,86.5492,86.5492,81.8229,89.9099,33.7591,86.2515,2798
2016-06-09 15:00:00,141.34,transfer,1.0,81.8318,0.0,84.4399,84.4399,81.8318,89.9468,33.6231,85.579,2799
2016-06-09 16:00:00,134.5,transfer,1.0,81.7913,0.0,83.9612,83.9612,81.7913,90.0984,33.4714,84.8898,2800
2016-06-09 17:00:00,129.89,transfer,1.0,81.6534,0.0,87.3441,87.3441,81.6534,90.0682,33.4132,84.2937,2801
2016-06-09 18:00:00,80.87,transfer,1.0,81.4158,0.0,79.2006,79.2006,81.4158,90.0836,33.3864,83.8311,2802
2016-06-09 19:00:00,71.41,transfer,1.0,80.9858,0.0,97.9025,97.9025,80.9858,90.041,33.4265,83.4732,2803
2016-06-09 20:00:00,66.88,transfer,1.0,80.1238,0.0,61.7776,61.7776,80.1238,90.0984,33.4885,83.1464,2804
2016-06-09 21:00:00,65.22,transfer,1.0,78.8131,0.0,86.3155,86.3155,78.8131,90.1671,33.4922,82.8958,2805
2016-06-09 22:00:00,65.78,transfer,1.0,77.3411,0.0,82.9458,82.9458,77.3411,90.254,33.4265,82.7055,2806
2016-06-09 23:00:00,59.53,transfer,1.0,75.9202,0.0,81.2551,81.2551,75.9202,90.3008,33.3756,82.5726,2807
2016-06-10 00:00:00,54.49,transfer,1.0,74.7674,0.0,78.8064,78.8064,74.7674,90.3039,33.3514,82.4734,2808
2016-06-10 01:00:00,54.29,transfer,1.0,73.6898,0.0,77.0901,77.0901,73.6898,88.8536,33.3281,82.3683,2809
2016-06-10 02:00:00,54.56,transfer,1.0,73.0102,0.0,73.4099,73.4099,73.0102,1.4754,33.3028,82.3753,2810
2016-06-10 03:00:00,55.14,transfer,1.0,73.0297,0.0,69.9823,69.9823,73.0297,1.9678,33.2775,82.3811,2811
2016-06-10 04:00:00,81.62,transfer,1.0,73.8836,0.0,71.8354,71.8354,73.8836,3.4032,33.1985,82.2759,2812
2016-06-10 05:00:00,83.51,transfer,1.0,75.8075,0.0,82.9836,82.9836,75.8075,4.3819,33.0998,82.15,2813
2016-06-10 06:00:00,76.65,transfer,1.0,77.9953,0.0,82.7222,82.7222,77.9953,4.901,32.9342,81.9396,2814
2016-06-10 07:00:00,110.36,transfer,1.0,79.8113,0.0,86.6021,86.6021,79.8113,4.9843,32.8552,81.8323,2815
2016-06-10 08:00:00,132.55,transfer,1.0,81.0342,0.0,76.9138,76.9138,81.0342,4.5869,32.7484,81.7003,2816
2016-06-10 09:00:00,142.36,transfer,1.0,81.7853,0.0,78.3721,78.3721,81.7853,3.7,32.6028,81.5355,2817
2016-06-10 10:00:00,140.03,transfer,1.0,82.2002,0.0,83.446,83.446,82.2002,2.7696,32.427,81.3465,2818
2016-06-10 11:00:00,140.07,transfer,1.0,82.3979,0.0,57.3407,57.3407,82.3979,1.8856,32.2205,81.1316,2819
2016-06-10 12:00:00,144.88,transfer,1.0,82.4772,0.0,81.3119,81.3119,82.4772,1.0841,32.0381,80.9448,2820
2016-06-10 13:00:00,135.0,transfer,1.0,82.4788,0.0,97.7295,97.7295,82.4788,0.5152,31.7764,80.6812,2821
2016-06-10 14:00:00,138.94,transfer,1.0,82.4435,0.0,89.5813,89.5813,82.4435,0.1761,31.5533,80.4573,2822
2016-06-10 15:00:00,138.87,transfer,1.0,82.3395,0.0,81.729,81.729,82.3395,0.1319,31.3848,80.2874,2823
2016-06-10 16:00:00,132.81,transfer,1.0,82.189,0.0,97.9398,97.9398,82.189,0.3371,31.3559,80.2551,2824
2016-06-10 17:00:00,118.95,transfer,1.0,81.998,0.0,88.5784,88.5784,81.998,10.9923,31.3292,80.161,2825
2016-06-10 18:00:00,71.33,transfer,1.0,81.7544,0.0,81.6797,81.6797,81.7544,89.1394,31.3567,79.8139,2826
2016-06-10 19:00:00,65.45,transfer,1.0,81.2948,0.0,90.6869,90.6869,81.2948,89.6782,31.3884,79.5372,2827
2016-06-10 20:00:00,68.87,transfer,1.0,80.3952,0.0,83.6789,83.6789,80.3952,89.7575,31.3919,79.2492,2828
2016-06-10 21:00:00,62.75,transfer,1.0,79.1204,0.0,79.7356,79.7356,79.1204,89.8286,31.4029,79.0273,2829
2016-06-10 22:00:00,62.74,transfer,1.0,77.9354,0.0,79.4101,79.4101,77.9354,89.9354,31.3711,78.8503,2830
2016-06-10 23:00:00,56.88,transfer,1.0,76.7667,0.0,78.7249,78.7249,76.7667,90.0021,31.3397,78.7443,2831
2016-06-11 00:00:00,50.72,transfer,1.0,75.7925,0.0,73.5853,73.5853,75.7925,90.0192,31.3454,78.6772,2832
2016-06-11 01:00:00,50.69,transfer,1.0,74.1039,0.0,60.8119,60.8119,74.1039,89.6239,31.3519,78.6101,2833
2016-06-11 02:00:00,50.53,transfer,1.0,72.2376,0.0,87.5674,87.5674,72.2376,0.1829,31.3615,78.61,2834
2016-06-11 03:00:00,50.23,transfer,1.0,70.7245,0.0,60.4319,60.4319,70.7245,0.0283,31.3718,78.6106,2835
2016-06-11 04:00:00,86.67,transfer,1.0,69.6454,0.0,74.3788,74.3788,69.6454,0.0394,31.3547,78.6043,2836
2016-06-11 05:00:00,85.74,transfer,1.0,69.0892,0.0,69.336,69.336,69.0892,0.0334,31.3272,78.5867,2837
2016-06-11 06:00:00,83.47,transfer,1.0,69.9266,0.0,75.437,75.437,69.9266,0.025,31.2656,78.534,2838
2016-06-11 07:00:00,94.2,transfer,1.0,71.2371,0.0,63.653,63.653,71.2371,0.0226,31.296,78.5724,2839
2016-06-11 08:00:00,99.84,transfer,1.0,72.3701,0.0,64.1424,64.1424,72.3701,0.0198,31.3529,78.6363,2840
2016-06-11 09:00:00,103.09,transfer,1.0,72.6977,0.0,87.434,87.434,72.6977,0.0167,31.428,78.7208,2841
2016-06-11 10:00:00,108.01,transfer,1.0,72.4506,0.0,72.0453,72.0453,72.4506,0.0143,31.5153,78.8243,2842
2016-06-11 11:00:00,111.91,transfer,1.0,71.7463,0.0,67.3366,67.3366,71.7463,0.0127,31.5888,78.9229,2843
2016-06-11 12:00:00,111.23,transfer,1.0,71.0151,0.0,55.1093,55.1093,71.0151,0.0117,31.6362,79.006,2844
2016-06-11 13:00:00,124.85,transfer,1.0,70.1714,0.0,82.595,82.595,70.1714,0.011,31.7239,79.1387,2845
2016-06-11 14:00:00,130.56,transfer,1.0,69.0953,0.0,70.076,70.076,69.0953,0.0105,31.8741,79.3411,2846
2016-06-11 15:00:00,135.69,transfer,1.0,68.344,0.0,69.5068,69.5068,68.344,0.0103,32.0232,79.5506,2847
2016-06-11 16:00:00,140.46,transfer,1.0,67.7142,0.0,72.2737,72.2737,67.7142,0.0103,32.1798,79.777,2848
2016-06-11 17:00:00,133.87,transfer,1.0,67.1782,0.0,69.608,69.608,67.1782,0.0105,32.2643,79.9392,2849
2016-06-11 18:00:00,78.26,transfer,1.0,66.8604,0.0,64.2842,64.2842,66.8604,0.0106,32.2571,80.0157,2850
2016-06-11 19:00:00,74.97,transfer,1.0,66.2222,0.0,47.8611,47.8611,66.2222,0.0106,32.2525,80.0957,2851
2016-06-11 20:00:00,76.94,transfer,1.0,64.215,0.0,66.3005,66.3005,64.215,0.0112,32.2371,80.1579,2852
2016-06-11 21:00:00,69.42,transfer,1.0,61.7096,0.0,58.3378,58.3378,61.7096,0.0126,32.2114,80.2008,2853
2016-06-11 22:00:00,69.76,transfer,1.0,59.491,0.0,62.8203,62.8203,59.491,0.0138,32.2175,80.2659,2854
2016-06-11 23:00:00,58.49,transfer,1.0,57.3761,0.0,63.9043,63.9043,57.3761,0.015,32.2166,80.3134,2855
2016-06-12 00:00:00,54.76,transfer,1.0,55.6375,0.0,42.596,42.596,55.6375,0.0164,32.2143,80.339,2856
2016-06-12 01:00:00,53.9,transfer,1.0,54.3413,0.0,56.8874,56.8874,54.3413,0.0177,32.2116,80.3597,2857
2016-06-12 02:00:00,53.97,transfer,1.0,53.4353,0.0,54.6314,54.6314,53.4353,0.0188,32.2126,80.381,2858
2016-06-12 03:00:00,53.17,transfer,1.0,53.1423,0.0,43.2747,43.2747,53.1423,0.02,32.2123,80.396,2859
2016-06-12 04:00:00,107.65,transfer,1.0,53.7317,0.0,53.2492,53.2492,53.7317,0.0218,32.3097,80.5074,2860
2016-06-12 05:00:00,107.8,transfer,1.0,55.0472,0.0,46.538,46.538,55.0472,0.0218,32.3969,80.6068,2861
2016-06-12 06:00:00,96.06,transfer,1.0,58.4206,0.0,66.5805,66.5805,58.4206,0.0211,32.3951,80.6193,2862
2016-06-12 07:00:00,106.93,transfer,1.0,62.7236,0.0,52.8418,52.8418,62.7236,0.0198,32.4625,80.7057,2863
2016-06-12 08:00:00,119.24,transfer,1.0,66.3122,0.0,62.5673,62.5673,66.3122,0.0176,32.6122,80.8752,2864
2016-06-12 09:00:00,130.21,transfer,1.0,68.6971,0.0,63.6504,63.6504,68.6971,0.0149,32.821,81.1055,2865
2016-06-12 10:00:00,141.07,transfer,1.0,70.4142,0.0,66.3026,66.3026,70.4142,0.0123,33.0645,81.376,2866
2016-06-12 11:00:00,133.19,transfer,1.0,71.9662,0.0,70.4531,70.4531,71.9662,0.0106,33.2666,81.614,2867
2016-06-12 12:00:00,142.92,transfer,1.0,73.3302,0.0,83.9959,83.9959,73.3302,0.0093,33.4935,81.8869,2868
2016-06-12 13:00:00,130.68,transfer,1.0,74.1847,0.0,67.2034,67.2034,74.1847,0.0086,33.617,82.0659,2869
2016-06-12 14:00:00,137.21,transfer,1.0,74.8404,0.0,61.6429,61.6429,74.8404,0.0085,33.7557,82.27,2870
2016-06-12 15:00:00,127.76,transfer,1.0,74.8472,0.0,80.3092,80.3092,74.8472,0.008,33.757,82.3432,2871
2016-06-12 16:00:00,124.99,transfer,1.0,74.5148,0.0,67.8604,67.8604,74.5148,0.008,33.7698,82.4322,2872
2016-06-12 17:00:00,122.97,transfer,1.0,73.6861,0.0,78.5532,78.5532,73.6861,0.008,33.8175,82.5557,2873
2016-06-12 18:00:00,74.41,transfer,1.0,72.4871,0.0,67.2924,67.2924,72.4871,0.0085,33.8133,82.6259,2874
2016-06-12 19:00:00,64.8,transfer,1.0,71.0877,0.0,73.2277,73.2277,71.0877,0.0102,33.8348,82.6461,2875
2016-06-12 20:00:00,63.87,transfer,1.0,68.6712,0.0,63.3859,63.3859,68.6712,0.0129,33.8155,82.6411,2876
2016-06-12 21:00:00,62.81,transfer,1.0,65.5437,0.0,70.8067,70.8067,65.5437,0.0158,33.7869,82.6441,2877
2016-06-12 22:00:00,65.63,transfer,1.0,62.7662,0.0,52.4994,52.4994,62.7662,0.0191,33.7935,82.7059,2878
2016-06-12 23:00:00,54.47,transfer,1.0,60.4547,0.0,68.335,68.335,60.4547,0.0228,33.8151,82.7309,2879
2016-06-13 00:00:00,51.12,transfer,1.0,58.6732,0.0,55.6481,55.6481,58.6732,0.0436,33.8477,82.7383,2880
2016-06-13 01:00:00,50.26,transfer,1.0,57.896,0.0,56.669,56.669,57.896,0.7172,33.8781,82.7388,2881
2016-06-13 02:00:00,50.07,transfer,1.0,57.8787,0.0,54.2319,54.2319,57.8787,2.0396,33.9043,82.7319,2882
2016-06-13 03:00:00,49.79,transfer,1.0,58.8559,0.0,61.4746,61.4746,58.8559,3.7574,33.9294,82.7177,2883
2016-06-13 04:00:00,79.82,transfer,1.0,60.9727,0.0,61.5298,61.5298,60.9727,5.974,33.8895,82.6808,2884
2016-06-13 05:00:00,80.79,transfer,1.0,64.1326,0.0,64.7471,64.7471,64.1326,7.8793,33.8417,82.6306,2885
2016-06-13 06:00:00,74.24,transfer,1.0,68.5002,0.0,63.8585,63.8585,68.5002,9.6645,33.8187,82.5961,2886
2016-06-13 07:00:00,102.85,transfer,1.0,72.7404,0.0,68.1643,68.1643,72.7404,11.776,33.8326,82.584,2887
2016-06-13 08:00:00,121.12,transfer,1.0,76.0791,0.0,86.772,86.772,76.0791,14.1533,33.7231,82.4323,2888
2016-06-13 09:00:00,132.88,transfer,1.0,78.6174,0.0,80.082,80.082,78.6174,16.3148,33.5567,82.2054,2889
2016-06-13 10:00:00,141.84,transfer,1.0,80.3373,0.0,96.2104,96.2104,80.3373,18.4319,33.4211,81.9848,2890
2016-06-13 11:00:00,136.89,transfer,1.0,81.3783,0.0,95.2501,95.2501,81.3783,21.3726,33.2552,81.7051,2891
2016-06-13 12:00:00,134.87,transfer,1.0,81.9656,0.0,78.7702,78.7702,81.9656,25.5948,33.1169,81.4206,2892
2016-06-13 13:00:00,132.07,transfer,1.0,82.2206,0.0,78.5545,78.5545,82.2206,33.6626,32.9537,81.0598,2893
2016-06-13 14:00:00,135.11,transfer,1.0,82.2864,0.0,85.1575,85.1575,82.2864,53.2544,32.7905,80.5808,2894
2016-06-13 15:00:00,135.78,transfer,1.0,82.2404,0.0,69.1062,69.1062,82.2404,77.9827,32.6635,79.9896,2895
2016-06-13 16:00:00,130.28,transfer,1.0,82.1169,0.0,73.743,73.743,82.1169,87.7838,32.5564,79.3589,2896
2016-06-13 17:00:00,120.68,transfer,1.0,81.9147,0.0,85.2384,85.2384,81.9147,89.6362,32.4889,78.7793,2897
2016-06-13 18:00:00,72.24,transfer,1.0,81.6031,0.0,85.195,85.195,81.6031,90.2331,32.5218,78.8115,2898
2016-06-13 19:00:00,65.81,transfer,1.0,81.06,0.0,84.7907,84.7907,81.06,90.2901,32.5026,78.8746,2899
2016-06-13 20:00:00,63.7,transfer,1.0,80.0185,0.0,84.9636,84.9636,80.0185,90.3942,32.4989,78.8983,2900
2016-06-13 21:00:00,65.27,transfer,1.0,78.5689,0.0,69.5602,69.5602,78.5689,90.4896,32.5011,78.9142,2901
2016-06-13 22:00:00,66.31,transfer,1.0,77.0175,0.0,76.9363,76.9363,77.0175,90.5287,32.4948,78.9175,2902
2016-06-13 23:00:00,65.77,transfer,1.0,75.672,0.0,84.7239,84.7239,75.672,90.5908,32.4868,78.9179,2903
2016-06-14 00:00:00,65.3,transfer,1.0,74.6502,0.0,52.1897,52.1897,74.6502,90.6377,32.4774,78.916,2904
2016-06-14 01:00:00,59.16,transfer,1.0,74.1156,0.0,80.5113,80.5113,74.1156,90.6501,32.5102,79.0474,2905
2016-06-14 02:00:00,62.86,transfer,1.0,74.0091,0.0,77.4538,77.4538,74.0091,90.4778,32.534,78.8144,2906
2016-06-14 03:00:00,63.13,transfer,1.0,74.2375,0.0,86.9271,86.9271,74.2375,1.7796,32.5331,78.8069,2907
2016-06-14 04:00:00,105.05,transfer,1.0,75.5097,0.0,91.2117,91.2117,75.5097,1.5298,32.5,78.7693,2908
2016-06-14 05:00:00,107.29,transfer,1.0,77.4154,0.0,82.1114,82.1114,77.4154,2.2103,32.5257,78.7895,2909
2016-06-14 06:00:00,98.45,transfer,1.0,79.5159,0.0,78.9571,78.9571,79.5159,2.7184,32.5557,78.8116,2910
2016-06-14 07:00:00,123.37,transfer,1.0,80.8592,0.0,77.6151,77.6151,80.8592,3.2184,32.5187,78.7641,2911
2016-06-14 08:00:00,153.9,transfer,1.0,81.6683,0.0,79.3876,79.3876,81.6683,3.5902,32.4646,78.6977,2912
2016-06-14 09:00:00,147.4,transfer,1.0,82.1943,0.0,87.5538,87.5538,82.1943,3.5335,32.2689,78.4885,2913
2016-06-14 10:00:00,148.16,transfer,1.0,82.5097,0.0,72.0039,72.0039,82.5097,3.1799,32.0462,78.2539,2914
2016-06-14 11:00:00,142.23,transfer,1.0,82.6736,0.0,84.279,84.279,82.6736,2.8004,31.8131,78.0109,2915
2016-06-14 12:00:00,143.96,transfer,1.0,82.7706,0.0,65.123,65.123,82.7706,2.4405,31.5611,77.7509,2916
2016-06-14 13:00:00,135.69,transfer,1.0,82.8104,0.0,83.4643,83.4643,82.8104,2.1232,31.4039,77.5869,2917
2016-06-14 14:00:00,143.85,transfer,1.0,82.8135,0.0,81.0512,81.0512,82.8135,1.847,31.2734,77.4504,2918
2016-06-14 15:00:00,144.72,transfer,1.0,82.786,0.0,82.4742,82.4742,82.786,1.7856,31.1837,77.3539,2919
2016-06-14 16:00:00,139.96,transfer,1.0,82.7412,0.0,64.85,64.85,82.7412,3.0784,31.1716,77.3261,2920
2016-06-14 17:00:00,133.83,transfer,1.0,82.6727,0.0,84.0145,84.0145,82.6727,16.1258,31.1197,77.1796,2921
2016-06-14 18:00:00,79.8,transfer,1.0,82.5732,0.0,68.2702,68.2702,82.5732,87.907,31.0988,76.6993,2922
2016-06-14 19:00:00,76.88,transfer,1.0,82.3953,0.0,78.9455,78.9455,82.3953,89.306,31.1278,76.2865,2923
2016-06-14 20:00:00,71.28,transfer,1.0,81.9975,0.0,94.8492,94.8492,81.9975,88.2317,31.1755,75.915,2924
2016-06-14 21:00:00,65.3,transfer,1.0,81.4507,0.0,83.0122,83.0122,81.4507,89.5684,31.2614,75.584,2925
2016-06-14 22:00:00,68.14,transfer,1.0,80.8245,0.0,73.3844,73.3844,80.8245,90.29,31.3177,75.2524,2926
2016-06-14 23:00:00,58.1,transfer,1.0,80.1518,0.0,89.42,89.42,80.1518,90.5889,31.3564,75.0593,2927
2016-06-15 00:00:00,52.81,transfer,1.0,79.6403,0.0,86.1677,86.1677,79.6403,90.8281,31.3928,74.9363,2928
2016-06-15 01:00:00,52.98,transfer,1.0,79.0329,0.0,71.1829,71.1829,79.0329,90.8909,31.4219,74.8229,2929
2016-06-15 02:00:00,52.79,transfer,1.0,78.5666,0.0,66.8612,66.8612,78.5666,90.8671,31.4502,74.7174,2930
2016-06-15 03:00:00,53.02,transfer,1.0,78.5258,0.0,81.7345,81.7345,78.5258,90.7348,31.476,74.6173,2931
2016-06-15 04:00:00,92.56,transfer,1.0,78.8891,0.0,80.2754,80.2754,78.8891,6.2562,31.5145,74.6424,2932
2016-06-15 05:00:00,93.34,transfer,1.0,79.63,0.0,83.1927,83.1927,79.63,7.2185,31.5843,74.6977,2933
2016-06-15 06:00:00,86.14,transfer,1.0,80.7326,0.0,85.7617,85.7617,80.7326,5.9659,31.59,74.7539,2934
2016-06-15 07:00:00,115.26,transfer,1.0,81.5131,0.0,78.1244,78.1244,81.5131,4.7559,31.6092,74.7809,2935
2016-06-15 08:00:00,145.05,transfer,1.0,81.9753,0.0,74.2637,74.2637,81.9753,3.8082,31.6754,74.8609,2936
2016-06-15 09:00:00,149.0,transfer,1.0,82.2463,0.0,70.278,70.278,82.2463,2.9005,31.6939,74.8965,2937
2016-06-15 10:00:00,149.7,transfer,1.0,82.4065,0.0,91.6058,91.6058,82.4065,2.1241,31.7336,74.9565,2938
2016-06-15 11:00:00,147.92,transfer,1.0,82.4757,0.0,83.4146,83.4146,82.4757,1.3811,31.7616,75.0103,2939
2016-06-15 12:00:00,154.42,transfer,1.0,82.5018,0.0,87.496,87.496,82.5018,0.7008,31.8516,75.1395,2940
2016-06-15 13:00:00,155.74,transfer,1.0,82.5179,0.0,82.2751,82.2751,82.5179,0.2732,31.9908,75.3503,2941
2016-06-15 14:00:00,164.66,transfer,1.0,82.5326,0.0,86.9499,86.9499,82.5326,0.0661,32.1943,75.9041,2942
2016-06-15 15:00:00,151.19,transfer,1.0,82.5412,0.0,79.8767,79.8767,82.5412,0.077,32.3306,76.5684,2943
2016-06-15 16:00:00,148.03,transfer,1.0,82.5416,0.0,95.8079,95.8079,82.5416,0.9746,32.4943,77.2594,2944
2016-06-15 17:00:00,137.39,transfer,1.0,82.479,0.0,100.3818,100.3818,82.479,38.95,32.6188,77.6908,2945
2016-06-15 18:00:00,80.17,transfer,1.0,82.3698,0.0,98.5107,98.5107,82.3698,89.193,32.6144,77.6743,2946
2016-06-15 19:00:00,79.85,transfer,1.0,82.1421,0.0,81.0965,81.0965,82.1421,89.5998,32.5568,77.6057,2947
2016-06-15 20:00:00,75.07,transfer,1.0,81.6309,0.0,65.4431,65.4431,81.6309,89.5549,32.4994,77.5365,2948
2016-06-15 21:00:00,66.23,transfer,1.0,80.9588,0.0,95.721,95.721,80.9588,89.5083,32.4911,77.5151,2949
2016-06-15 22:00:00,65.67,transfer,1.0,80.2573,0.0,92.8359,92.8359,80.2573,89.3659,32.4905,77.4998,2950
2016-06-15 23:00:00,55.79,transfer,1.0,79.5055,0.0,77.6874,77.6874,79.5055,87.5207,32.4868,77.4721,2951
2016-06-16 00:00:00,52.12,transfer,1.0,78.8225,0.0,81.197,81.197,78.8225,0.0233,32.4947,77.5632,2952
2016-06-16 01:00:00,51.86,transfer,1.0,78.0656,0.0,67.7929,67.7929,78.0656,0.0229,32.506,77.8616,2953
2016-06-16 02:00:00,51.64,transfer,1.0,77.5106,0.0,63.7797,63.7797,77.5106,0.0237,32.5198,77.9659,2954
2016-06-16 03:00:00,52.18,transfer,1.0,77.2825,0.0,84.7402,84.7402,77.2825,0.0243,32.5299,78.0703,2955
2016-06-16 04:00:00,102.35,transfer,1.0,77.5499,0.0,81.4144,81.4144,77.5499,0.0249,32.6133,78.4184,2956
2016-06-16 05:00:00,105.15,transfer,1.0,78.312,0.0,68.8188,68.8188,78.312,0.0247,32.7359,78.804,2957
2016-06-16 06:00:00,98.98,transfer,1.0,79.8363,0.0,92.4005,92.4005,79.8363,0.0237,32.7726,79.2592,2958
2016-06-16 07:00:00,122.04,transfer,1.0,80.9498,0.0,87.311,87.311,80.9498,0.0224,32.9523,79.7993,2959
2016-06-16 08:00:00,145.53,transfer,1.0,81.6536,0.0,88.9517,88.9517,81.6536,0.0211,33.155,80.4643,2960
2016-06-16 09:00:00,150.97,transfer,1.0,82.0851,0.0,89.0497,89.0497,82.0851,0.02,33.2802,81.1121,2961
2016-06-16 10:00:00,161.35,transfer,1.0,82.3103,0.0,96.9166,96.9166,82.3103,0.0184,33.4478,81.8154,2962
2016-06-16 11:00:00,150.32,transfer,1.0,82.4107,0.0,84.5083,84.5083,82.4107,0.0169,33.4832,82.3901,2963
2016-06-16 12:00:00,158.65,transfer,1.0,82.4925,0.0,89.3627,89.3627,82.4925,0.0159,33.5609,83.0083,2964
2016-06-16 13:00:00,160.12,transfer,1.0,82.5281,0.0,101.5625,101.5625,82.5281,0.0151,33.6601,83.6473,2965
2016-06-16 14:00:00,168.85,transfer,1.0,82.5466,0.0,91.325,91.325,82.5466,0.0144,33.7992,84.3258,2966
2016-06-16 15:00:00,160.66,transfer,1.0,82.5373,0.0,78.3237,78.3237,82.5373,0.0136,33.91,84.9761,2967
2016-06-16 16:00:00,154.86,transfer,1.0,82.5133,0.0,75.5925,75.5925,82.5133,0.0131,34.0269,85.6335,2968
2016-06-16 17:00:00,150.36,transfer,1.0,82.4562,0.0,70.2837,70.2837,82.4562,0.0128,34.1439,86.2914,2969
2016-06-16 18:00:00,80.37,transfer,1.0,82.3426,0.0,81.4275,81.4275,82.3426,0.0122,34.1524,86.7149,2970
2016-06-16 19:00:00,78.74,transfer,1.0,82.1376,0.0,90.6844,90.6844,82.1376,0.012,34.1156,87.0726,2971
2016-06-16 20:00:00,72.89,transfer,1.0,81.5995,0.0,69.9132,69.9132,81.5995,0.0132,34.0886,87.3682,2972
2016-06-16 21:00:00,66.56,transfer,1.0,80.7892,0.0,82.403,82.403,80.7892,0.0151,34.0924,87.6158,2973
2016-06-16 22:00:00,65.17,transfer,1.0,79.4773,0.0,91.8408,91.8408,79.4773,0.0175,34.1088,87.8579,2974
2016-06-16 23:00:00,52.96,transfer,1.0,77.799,0.0,85.3386,85.3386,77.799,0.02,34.1591,87.9899,2975
2016-06-17 00:00:00,48.72,transfer,1.0,76.4067,0.0,67.9828,67.9828,76.4067,0.0213,34.2032,88.0666,2976
2016-06-17 01:00:00,49.15,transfer,1.0,75.1283,0.0,78.4821,78.4821,75.1283,0.0221,34.2423,88.1533,2977
2016-06-17 02:00:00,48.71,transfer,1.0,74.1893,0.0,67.7526,67.7526,74.1893,0.0235,34.2842,88.1271,2978
2016-06-17 03:00:00,48.96,transfer,1.0,73.9411,0.0,75.9466,75.9466,73.9411,0.025,34.3264,88.1019,2979
2016-06-17 04:00:00,91.38,transfer,1.0,74.385,0.0,75.1522,75.1522,74.385,0.0267,34.3815,88.1801,2980
2016-06-17 05:00:00,91.99,transfer,1.0,75.518,0.0,77.1331,77.1331,75.518,0.0271,34.4337,88.2565,2981
2016-06-17 06:00:00,81.51,transfer,1.0,77.7442,0.0,75.7026,75.7026,77.7442,0.0259,34.4481,88.3144,2982
2016-06-17 07:00:00,103.26,transfer,1.0,79.5587,0.0,83.5244,83.5244,79.5587,0.0241,34.4073,88.3017,2983
2016-06-17 08:00:00,132.45,transfer,1.0,80.6458,0.0,89.2163,89.2163,80.6458,0.0221,34.4091,88.3282,2984
2016-06-17 09:00:00,136.23,transfer,1.0,81.2418,0.0,76.8062,76.8062,81.2418,0.0202,34.3758,88.3137,2985
2016-06-17 10:00:00,141.49,transfer,1.0,81.61,0.0,84.2084,84.2084,81.61,0.0185,34.388,88.3387,2986
2016-06-17 11:00:00,142.5,transfer,1.0,81.8183,0.0,94.0082,94.0082,81.8183,0.0174,34.4059,88.3643,2987
2016-06-17 12:00:00,135.79,transfer,1.0,81.9703,0.0,88.8606,88.8606,81.9703,0.0168,34.3548,88.3166,2988
2016-06-17 13:00:00,123.74,transfer,1.0,82.0765,0.0,92.4642,92.4642,82.0765,0.0168,34.2902,88.2525,2989
2016-06-17 14:00:00,126.44,transfer,1.0,82.0791,0.0,98.3328,98.3328,82.0791,0.0169,34.218,88.179,2990
2016-06-17 15:00:00,122.04,transfer,1.0,81.8876,0.0,75.2254,75.2254,81.8876,0.0168,34.1205,88.0795,2991
2016-06-17 16:00:00,113.01,transfer,1.0,81.5431,0.0,80.3527,80.3527,81.5431,0.0161,34.0065,87.9636,2992
2016-06-17 17:00:00,100.58,transfer,1.0,81.0294,0.0,93.404,93.404,81.0294,0.0151,33.9029,87.9196,2993
2016-06-17 18:00:00,55.72,transfer,1.0,80.2111,0.0,75.8584,75.8584,80.2111,0.0143,33.9866,88.1452,2994
2016-06-17 19:00:00,51.77,transfer,1.0,78.8908,0.0,90.7001,90.7001,78.8908,0.0137,34.0537,88.309,2995
2016-06-17 20:00:00,52.73,transfer,1.0,76.7195,0.0,71.4013,71.4013,76.7195,0.0143,34.1279,88.4985,2996
2016-06-17 21:00:00,57.43,transfer,1.0,73.772,0.0,87.0201,87.0201,73.772,0.0157,34.1278,88.679,2997
2016-06-17 22:00:00,57.27,transfer,1.0,70.917,0.0,81.1727,81.1727,70.917,0.0174,34.1185,88.858,2998
2016-06-17 23:00:00,51.39,transfer,1.0,68.6255,0.0,71.524,71.524,68.6255,0.0192,34.1028,88.9666,2999
2016-06-18 00:00:00,46.9,transfer,1.0,67.0297,0.0,73.9369,73.9369,67.0297,0.0213,34.0733,89.0117,3000
2016-06-18 01:00:00,46.51,transfer,1.0,64.977,0.0,53.331,53.331,64.977,0.0225,34.0439,89.0567,3001
2016-06-18 02:00:00,46.38,transfer,1.0,63.076,0.0,57.3975,57.3975,63.076,0.023,34.0141,89.0329,3002
2016-06-18 03:00:00,46.62,transfer,1.0,61.7072,0.0,68.589,68.589,61.7072,0.0236,33.9819,89.0114,3003
2016-06-18 04:00:00,77.08,transfer,1.0,60.8635,0.0,65.0636,65.0636,60.8635,0.0242,33.9771,88.9545,3004
2016-06-18 05:00:00,75.63,transfer,1.0,60.5366,0.0,70.5303,70.5303,60.5366,0.0228,33.9678,88.8943,3005
2016-06-18 06:00:00,69.59,transfer,1.0,61.3519,0.0,57.6611,57.6611,61.3519,0.0207,33.9362,88.8117,3006
2016-06-18 07:00:00,84.22,transfer,1.0,62.5865,0.0,53.428,53.428,62.5865,0.0185,33.9283,88.7524,3007
2016-06-18 08:00:00,84.66,transfer,1.0,63.7397,0.0,66.9362,66.9362,63.7397,0.0161,33.8893,88.662,3008
2016-06-18 09:00:00,87.4,transfer,1.0,64.0673,0.0,62.8592,62.8592,64.0673,0.0145,33.8473,88.5686,3009
2016-06-18 10:00:00,88.98,transfer,1.0,63.3637,0.0,68.2048,68.2048,63.3637,0.0128,33.7881,88.4554,3010
2016-06-18 11:00:00,85.13,transfer,1.0,62.1258,0.0,61.1602,61.1602,62.1258,0.0117,33.686,88.296,3011
2016-06-18 12:00:00,88.05,transfer,1.0,60.4193,0.0,69.698,69.698,60.4193,0.0108,33.6111,88.158,3012
2016-06-18 13:00:00,89.34,transfer,1.0,58.1713,0.0,53.9202,53.9202,58.1713,0.0099,33.4711,87.9467,3013
2016-06-18 14:00:00,88.15,transfer,1.0,55.8719,0.0,53.6001,53.6001,55.8719,0.0095,33.2974,87.6942,3014
2016-06-18 15:00:00,88.31,transfer,1.0,53.7014,0.0,47.7779,47.7779,53.7014,0.0089,33.1025,87.4122,3015
2016-06-18 16:00:00,90.83,transfer,1.0,51.7239,0.0,50.6108,50.6108,51.7239,0.0086,32.9023,87.1168,3016
2016-06-18 17:00:00,91.18,transfer,1.0,49.9997,0.0,49.5071,49.5071,49.9997,0.0083,32.7504,86.8627,3017
2016-06-18 18:00:00,58.81,transfer,1.0,48.7257,0.0,45.2988,45.2988,48.7257,0.0081,32.7426,86.7469,3018
2016-06-18 19:00:00,52.99,transfer,1.0,47.8967,0.0,61.9127,61.9127,47.8967,0.0081,32.7209,86.6161,3019
2016-06-18 20:00:00,53.29,transfer,1.0,47.1454,0.0,50.0847,50.0847,47.1454,0.009,32.6817,86.4754,3020
2016-06-18 21:00:00,58.13,transfer,1.0,46.3378,0.0,37.7909,37.7909,46.3378,0.0108,32.706,86.4082,3021
2016-06-18 22:00:00,58.78,transfer,1.0,45.9105,0.0,50.0732,50.0732,45.9105,0.0135,32.7215,86.3428,3022
2016-06-18 23:00:00,52.25,transfer,1.0,45.9992,0.0,45.9698,45.9698,45.9992,0.0166,32.752,86.3057,3023
2016-06-19 00:00:00,47.14,transfer,1.0,46.5192,0.0,44.7971,44.7971,46.5192,0.0204,32.7505,86.2603,3024
2016-06-19 01:00:00,46.71,transfer,1.0,47.2523,0.0,52.4946,52.4946,47.2523,0.0254,32.7511,86.2174,3025
2016-06-19 02:00:00,46.5,transfer,1.0,48.1424,0.0,38.8529,38.8529,48.1424,0.8253,32.7577,86.1682,3026
2016-06-19 03:00:00,46.62,transfer,1.0,49.146,0.0,50.9699,50.9699,49.146,2.389,32.7726,86.1151,3027
2016-06-19 04:00:00,76.76,transfer,1.0,50.1027,0.0,44.9249,44.9249,50.1027,4.4703,32.6103,85.9047,3028
2016-06-19 05:00:00,75.15,transfer,1.0,51.7636,0.0,49.5303,49.5303,51.7636,5.9073,32.4355,85.6754,3029
2016-06-19 06:00:00,72.45,transfer,1.0,54.3116,0.0,57.1184,57.1184,54.3116,6.4935,32.3194,85.4963,3030
2016-06-19 07:00:00,86.42,transfer,1.0,57.687,0.0,49.4102,49.4102,57.687,6.6922,32.2273,85.3345,3031
2016-06-19 08:00:00,83.41,transfer,1.0,61.1699,0.0,60.6378,60.6378,61.1699,6.1529,32.0447,85.0847,3032
2016-06-19 09:00:00,86.51,transfer,1.0,63.5322,0.0,69.2309,69.2309,63.5322,4.8161,31.8153,84.796,3033
2016-06-19 10:00:00,88.01,transfer,1.0,64.2314,0.0,74.5877,74.5877,64.2314,3.143,31.5363,84.4615,3034
2016-06-19 11:00:00,94.23,transfer,1.0,63.8978,0.0,62.5375,62.5375,63.8978,1.4769,31.3524,84.2209,3035
2016-06-19 12:00:00,95.19,transfer,1.0,63.0575,0.0,49.8142,49.8142,63.0575,0.184,31.1294,83.9358,3036
2016-06-19 13:00:00,93.57,transfer,1.0,61.9819,0.0,62.8631,62.8631,61.9819,0.0162,30.9812,83.7148,3037
2016-06-19 14:00:00,95.0,transfer,1.0,60.6675,0.0,56.1601,56.1601,60.6675,0.0135,30.8143,83.4635,3038
2016-06-19 15:00:00,99.97,transfer,1.0,59.0406,0.0,54.5425,54.5425,59.0406,0.0123,30.7429,83.2981,3039
2016-06-19 16:00:00,96.58,transfer,1.0,57.3776,0.0,60.256,60.256,57.3776,0.0143,30.6758,83.129,3040
2016-06-19 17:00:00,93.14,transfer,1.0,55.8986,0.0,59.0301,59.0301,55.8986,15.5518,30.6042,82.8589,3041
2016-06-19 18:00:00,57.89,transfer,1.0,54.469,0.0,61.6017,61.6017,54.469,88.3313,30.6131,82.5972,3042
2016-06-19 19:00:00,53.71,transfer,1.0,53.1977,0.0,56.5564,56.5564,53.1977,89.1776,30.5787,82.4227,3043
2016-06-19 20:00:00,55.73,transfer,1.0,51.8202,0.0,50.7171,50.7171,51.8202,89.5455,30.5734,82.2438,3044
2016-06-19 21:00:00,61.53,transfer,1.0,50.4176,0.0,54.0958,54.0958,50.4176,89.8806,30.6233,82.0388,3045
2016-06-19 22:00:00,59.78,transfer,1.0,49.4581,0.0,57.0478,57.0478,49.4581,90.0539,30.6677,81.8285,3046
2016-06-19 23:00:00,49.61,transfer,1.0,49.0771,0.0,48.6415,48.6415,49.0771,90.1982,30.6352,81.746,3047
2016-06-20 00:00:00,47.31,transfer,1.0,49.1287,0.0,49.3953,49.3953,49.1287,90.1188,30.6011,81.6968,3048
2016-06-20 01:00:00,47.1,transfer,1.0,49.8457,0.0,47.6849,47.6849,49.8457,0.2846,30.572,81.6805,3049
2016-06-20 02:00:00,46.75,transfer,1.0,51.0654,0.0,49.4328,49.4328,51.0654,0.4369,30.5512,81.6703,3050
2016-06-20 03:00:00,46.69,transfer,1.0,52.8537,0.0,50.7016,50.7016,52.8537,1.7875,30.5339,81.6636,3051
2016-06-20 04:00:00,81.82,transfer,1.0,55.2187,0.0,59.3282,59.3282,55.2187,3.5311,30.5801,81.69,3052
2016-06-20 05:00:00,79.09,transfer,1.0,58.1955,0.0,67.2717,67.2717,58.1955,4.6881,30.6053,81.6989,3053
2016-06-20 06:00:00,78.92,transfer,1.0,62.8827,0.0,56.0119,56.0119,62.8827,5.3587,30.6666,81.7524,3054
2016-06-20 07:00:00,81.9,transfer,1.0,67.7873,0.0,69.2952,69.2952,67.7873,5.8857,30.5714,81.6628,3055
2016-06-20 08:00:00,87.8,transfer,1.0,72.1216,0.0,70.2483,70.2483,72.1216,5.8883,30.3966,81.5136,3056
2016-06-20 09:00:00,88.26,transfer,1.0,74.5993,0.0,70.7847,70.7847,74.5993,5.1219,30.1549,81.3147,3057
2016-06-20 10:00:00,100.17,transfer,1.0,75.7857,0.0,73.3417,73.3417,75.7857,3.9536,29.934,81.1528,3058
2016-06-20 11:00:00,95.87,transfer,1.0,76.0828,0.0,86.3074,86.3074,76.0828,2.6374,29.7213,81.0202,3059
2016-06-20 12:00:00,105.41,transfer,1.0,76.1074,0.0,71.9131,71.9131,76.1074,1.3547,29.5808,80.9891,3060
2016-06-20 13:00:00,101.78,transfer,1.0,75.7749,0.0,70.9349,70.9349,75.7749,0.3608,29.4389,81.007,3061
2016-06-20 14:00:00,111.02,transfer,1.0,75.3124,0.0,61.7299,61.7299,75.3124,0.0221,29.337,81.1805,3062
2016-06-20 15:00:00,112.88,transfer,1.0,74.5731,0.0,73.3846,73.3846,74.5731,0.0189,29.2463,81.5082,3063
2016-06-20 16:00:00,112.23,transfer,1.0,73.7772,0.0,64.3326,64.3326,73.7772,0.02,29.1885,81.9232,3064
2016-06-20 17:00:00,108.32,transfer,1.0,72.8621,0.0,82.9891,82.9891,72.8621,6.6846,29.1689,82.3434,3065
2016-06-20 18:00:00,60.47,transfer,1.0,71.6271,0.0,75.7089,75.7089,71.6271,87.3087,29.1795,82.396,3066
2016-06-20 19:00:00,55.16,transfer,1.0,70.0186,0.0,80.9878,80.9878,70.0186,89.1693,29.1772,82.4528,3067
2016-06-20 20:00:00,57.86,transfer,1.0,67.3009,0.0,61.5766,61.5766,67.3009,89.5918,29.1363,82.4827,3068
2016-06-20 21:00:00,63.01,transfer,1.0,64.0072,0.0,56.4076,56.4076,64.0072,89.9856,29.063,82.4932,3069
2016-06-20 22:00:00,62.93,transfer,1.0,61.3053,0.0,53.0937,53.0937,61.3053,90.2186,29.009,82.5115,3070
2016-06-20 23:00:00,54.99,transfer,1.0,59.4004,0.0,63.1889,63.1889,59.4004,90.3689,28.9763,82.5743,3071
2016-06-21 00:00:00,61.03,transfer,1.0,58.1417,0.0,51.1537,51.1537,58.1417,90.3801,28.9378,82.5982,3072
2016-06-21 01:00:00,60.45,transfer,1.0,57.3604,0.0,52.7809,52.7809,57.3604,50.8742,28.8672,82.4678,3073
2016-06-21 02:00:00,59.1,transfer,1.0,57.5544,0.0,54.0536,54.0536,57.5544,0.211,28.81,82.6539,3074
2016-06-21 03:00:00,59.66,transfer,1.0,58.8039,0.0,47.1202,47.1202,58.8039,0.614,28.749,82.6402,3075
2016-06-21 04:00:00,99.21,transfer,1.0,61.4681,0.0,55.7515,55.7515,61.4681,1.6368,28.7978,82.6048,3076
2016-06-21 05:00:00,102.37,transfer,1.0,65.0737,0.0,61.3562,61.3562,65.0737,2.2508,28.842,82.5753,3077
2016-06-21 06:00:00,95.5,transfer,1.0,69.9014,0.0,72.2091,72.2091,69.9014,2.4563,28.8817,82.5593,3078
2016-06-21 07:00:00,106.75,transfer,1.0,74.2582,0.0,82.0183,82.0183,74.2582,2.4998,28.822,82.4646,3079
2016-06-21 08:00:00,122.06,transfer,1.0,77.3823,0.0,85.8081,85.8081,77.3823,2.1743,28.658,82.2835,3080
2016-06-21 09:00:00,130.5,transfer,1.0,79.3577,0.0,77.684,77.684,79.3577,1.4599,28.5743,82.1953,3081
2016-06-21 10:00:00,130.93,transfer,1.0,80.6089,0.0,86.4283,86.4283,80.6089,0.6365,28.4831,82.1078,3082
2016-06-21 11:00:00,133.3,transfer,1.0,81.4113,0.0,67.7834,67.7834,81.4113,0.0935,28.4374,82.0708,3083
2016-06-21 12:00:00,129.36,transfer,1.0,81.8655,0.0,79.2776,79.2776,81.8655,0.0194,28.3559,81.9983,3084
2016-06-21 13:00:00,129.31,transfer,1.0,82.1225,0.0,89.6762,89.6762,82.1225,0.0175,28.322,81.9729,3085
2016-06-21 14:00:00,115.42,transfer,1.0,82.1924,0.0,74.4445,74.4445,82.1924,0.0161,28.1565,81.8145,3086
2016-06-21 15:00:00,108.5,transfer,1.0,82.1937,0.0,84.8447,84.8447,82.1937,0.0162,27.9444,81.6095,3087
2016-06-21 16:00:00,102.27,transfer,1.0,81.9071,0.0,84.1442,84.1442,81.9071,0.0196,27.7251,81.4033,3088
2016-06-21 17:00:00,100.69,transfer,1.0,81.0428,0.0,81.8799,81.8799,81.0428,2.1124,27.5375,81.2895,3089
2016-06-21 18:00:00,61.48,transfer,1.0,80.192,0.0,94.6003,94.6003,80.192,89.647,27.6324,81.4089,3090
2016-06-21 19:00:00,58.62,transfer,1.0,78.3015,0.0,78.4018,78.4018,78.3015,90.6241,27.7167,81.5254,3091
2016-06-21 20:00:00,60.05,transfer,1.0,76.6238,0.0,87.6786,87.6786,76.6238,90.0651,27.7515,81.6032,3092
2016-06-21 21:00:00,58.35,transfer,1.0,74.7698,0.0,71.3653,71.3653,74.7698,89.9466,27.7532,81.6468,3093
2016-06-21 22:00:00,58.23,transfer,1.0,73.0439,0.0,71.2586,71.2586,73.0439,90.4371,27.7658,81.7067,3094
2016-06-21 23:00:00,47.75,transfer,1.0,71.4724,0.0,76.8625,76.8625,71.4724,90.6907,27.7758,81.7689,3095
2016-06-22 00:00:00,45.85,transfer,1.0,69.6903,0.0,66.9589,66.9589,69.6903,90.5528,27.758,81.8087,3096
2016-06-22 01:00:00,45.03,transfer,1.0,67.8475,0.0,69.3754,69.3754,67.8475,87.6954,27.7387,81.837,3097
2016-06-22 02:00:00,44.73,transfer,1.0,66.3286,0.0,70.3424,70.3424,66.3286,12.9799,27.7138,81.7993,3098
2016-06-22 03:00:00,44.54,transfer,1.0,65.4172,0.0,60.4283,60.4283,65.4172,5.5993,27.6863,81.8066,3099
2016-06-22 04:00:00,83.89,transfer,1.0,65.098,0.0,60.6063,60.6063,65.098,4.5588,27.7168,81.7651,3100
2016-06-22 05:00:00,85.52,transfer,1.0,65.8798,0.0,62.9749,62.9749,65.8798,4.5925,27.7521,81.7342,3101
2016-06-22 06:00:00,75.82,transfer,1.0,68.1958,0.0,65.7072,65.7072,68.1958,4.2301,27.7653,81.6831,3102
2016-06-22 07:00:00,92.96,transfer,1.0,70.7997,0.0,77.6903,77.6903,70.7997,3.5742,27.6963,81.5574,3103
2016-06-22 08:00:00,100.77,transfer,1.0,73.2096,0.0,67.4789,67.4789,73.2096,2.9068,27.4849,81.2992,3104
2016-06-22 09:00:00,100.8,transfer,1.0,75.1146,0.0,72.5901,72.5901,75.1146,2.3773,27.2405,81.0154,3105
2016-06-22 10:00:00,104.56,transfer,1.0,76.2932,0.0,76.9316,76.9316,76.2932,2.424,27.0082,80.7449,3106
2016-06-22 11:00:00,102.41,transfer,1.0,76.8846,0.0,81.0148,81.0148,76.8846,3.9833,26.7705,80.4585,3107
2016-06-22 12:00:00,98.9,transfer,1.0,77.2551,0.0,84.5522,84.5522,77.2551,10.6356,26.4713,80.0689,3108
2016-06-22 13:00:00,102.8,transfer,1.0,77.3354,0.0,90.4766,90.4766,77.3354,77.4425,26.187,79.2945,3109
2016-06-22 14:00:00,99.52,transfer,1.0,76.8336,0.0,69.3734,69.3734,76.8336,75.9043,25.8332,78.4553,3110
2016-06-22 15:00:00,98.04,transfer,1.0,75.9958,0.0,61.3639,61.3639,75.9958,46.689,25.5558,77.8615,3111
2016-06-22 16:00:00,93.87,transfer,1.0,74.7447,0.0,72.1948,72.1948,74.7447,62.9646,25.2798,77.1701,3112
2016-06-22 17:00:00,93.08,transfer,1.0,73.1309,0.0,78.0691,78.0691,73.1309,39.187,25.0717,76.9049,3113
2016-06-22 18:00:00,60.82,transfer,1.0,71.0874,0.0,68.7107,68.7107,71.0874,85.2716,25.1197,76.9968,3114
2016-06-22 19:00:00,57.34,transfer,1.0,68.8161,0.0,66.8464,66.8464,68.8161,0.0213,25.1744,77.2799,3115
2016-06-22 20:00:00,58.98,transfer,1.0,66.4117,0.0,73.4853,73.4853,66.4117,0.02,25.1796,77.5447,3116
2016-06-22 21:00:00,56.59,transfer,1.0,63.7577,0.0,59.2296,59.2296,63.7577,0.0202,25.1346,77.7428,3117
2016-06-22 22:00:00,56.59,transfer,1.0,61.7494,0.0,60.4459,60.4459,61.7494,0.0221,25.0785,77.9385,3118
2016-06-22 23:00:00,48.68,transfer,1.0,60.1896,0.0,69.9537,69.9537,60.1896,0.0242,25.0058,78.0392,3119
2016-06-23 00:00:00,44.22,transfer,1.0,58.9257,0.0,52.5451,52.5451,58.9257,0.0271,24.9344,77.9922,3120
2016-06-23 01:00:00,43.71,transfer,1.0,57.8563,0.0,67.3905,67.3905,57.8563,0.1072,24.8626,77.9432,3121
2016-06-23 02:00:00,43.77,transfer,1.0,57.3806,0.0,53.2611,53.2611,57.3806,0.4477,24.7896,77.8938,3122
2016-06-23 03:00:00,44.29,transfer,1.0,57.8324,0.0,59.4086,59.4086,57.8324,1.0525,24.7208,77.8407,3123
2016-06-23 04:00:00,82.78,transfer,1.0,59.3059,0.0,64.7865,64.7865,59.3059,1.646,24.7129,77.7146,3124
2016-06-23 05:00:00,88.39,transfer,1.0,61.9115,0.0,66.5994,66.5994,61.9115,1.6919,24.7108,77.6049,3125
2016-06-23 06:00:00,85.39,transfer,1.0,65.6049,0.0,39.8862,39.8862,65.6049,1.4499,24.7146,77.5155,3126
2016-06-23 07:00:00,90.09,transfer,1.0,68.6928,0.0,78.1139,78.1139,68.6928,1.2756,24.5974,77.3179,3127
2016-06-23 08:00:00,90.67,transfer,1.0,70.7922,0.0,83.13,83.13,70.7922,1.2206,24.3355,76.9842,3128
2016-06-23 09:00:00,94.22,transfer,1.0,71.7973,0.0,56.4636,56.4636,71.7973,1.1171,24.0589,76.6399,3129
2016-06-23 10:00:00,94.98,transfer,1.0,72.82,0.0,74.336,74.336,72.82,0.5423,23.7204,76.2417,3130
2016-06-23 11:00:00,86.23,transfer,1.0,73.4028,0.0,60.7946,60.7946,73.4028,0.0725,23.3925,75.8599,3131
2016-06-23 12:00:00,90.0,transfer,1.0,73.5463,0.0,77.5949,77.5949,73.5463,0.0222,23.0371,75.4512,3132
2016-06-23 13:00:00,92.17,transfer,1.0,72.9002,0.0,67.2532,67.2532,72.9002,0.0198,22.69,75.0467,3133
2016-06-23 14:00:00,95.53,transfer,1.0,71.7,0.0,66.8413,66.8413,71.7,0.0187,22.3181,74.6103,3134
2016-06-23 15:00:00,94.87,transfer,1.0,70.0698,0.0,64.9766,64.9766,70.0698,0.0187,22.0007,74.2186,3135
2016-06-23 16:00:00,90.82,transfer,1.0,68.191,0.0,56.4163,56.4163,68.191,0.0192,21.7048,73.8374,3136
2016-06-23 17:00:00,89.4,transfer,1.0,66.142,0.0,72.2299,72.2299,66.142,0.1177,21.439,73.4739,3137
2016-06-23 18:00:00,62.84,transfer,1.0,63.9032,0.0,62.9255,62.9255,63.9032,86.9086,21.4336,73.1389,3138
2016-06-23 19:00:00,58.83,transfer,1.0,61.8248,0.0,71.1914,71.1914,61.8248,88.6381,21.4312,72.8477,3139
2016-06-23 20:00:00,64.14,transfer,1.0,59.8762,0.0,64.7847,64.7847,59.8762,86.6715,21.4047,72.548,3140
2016-06-23 21:00:00,57.62,transfer,1.0,58.1404,0.0,54.3384,54.3384,58.1404,80.6921,21.3231,72.2892,3141
2016-06-23 22:00:00,57.72,transfer,1.0,57.1603,0.0,57.3223,57.3223,57.1603,74.6329,21.2413,72.0021,3142
2016-06-23 23:00:00,48.29,transfer,1.0,56.5806,0.0,60.8073,60.8073,56.5806,21.131,21.1428,71.8486,3143
2016-06-24 00:00:00,45.11,transfer,1.0,56.5595,0.0,58.1511,58.1511,56.5595,0.6878,21.0462,71.8232,3144
2016-06-24 01:00:00,44.23,transfer,1.0,56.7132,0.0,59.9302,59.9302,56.7132,0.9682,20.9658,71.7883,3145
2016-06-24 02:00:00,44.63,transfer,1.0,57.3892,0.0,56.5768,56.5768,57.3892,1.7098,20.8901,71.7539,3146
2016-06-24 03:00:00,44.49,transfer,1.0,58.8544,0.0,64.6089,64.6089,58.8544,2.7879,20.8269,71.7109,3147
2016-06-24 04:00:00,74.26,transfer,1.0,61.1889,0.0,59.4641,59.4641,61.1889,4.3277,20.8036,71.5834,3148
2016-06-24 05:00:00,72.61,transfer,1.0,63.9563,0.0,62.7465,62.7465,63.9563,5.5653,20.757,71.435,3149
2016-06-24 06:00:00,66.8,transfer,1.0,67.7437,0.0,76.1082,76.1082,67.7437,6.4607,20.7402,71.3092,3150
2016-06-24 07:00:00,83.25,transfer,1.0,71.4305,0.0,59.8783,59.8783,71.4305,7.2599,20.6695,71.147,3151
2016-06-24 08:00:00,87.97,transfer,1.0,74.0606,0.0,70.1386,70.1386,74.0606,7.5566,20.4439,70.8374,3152
2016-06-24 09:00:00,90.15,transfer,1.0,75.4827,0.0,84.4757,84.4757,75.4827,7.0267,20.2039,70.5214,3153
2016-06-24 10:00:00,93.17,transfer,1.0,76.0938,0.0,76.3258,76.3258,76.0938,6.1635,19.9492,70.1972,3154
2016-06-24 11:00:00,102.27,transfer,1.0,76.079,0.0,75.6458,75.6458,76.079,5.2361,19.7438,69.9267,3155
2016-06-24 12:00:00,103.98,transfer,1.0,75.6939,0.0,66.7763,66.7763,75.6939,4.4828,19.5919,69.7108,3156
2016-06-24 13:00:00,106.61,transfer,1.0,75.2101,0.0,80.2059,80.2059,75.2101,4.0501,19.5308,69.5848,3157
2016-06-24 14:00:00,105.44,transfer,1.0,74.5522,0.0,88.9787,88.9787,74.5522,4.728,19.4506,69.4317,3158
2016-06-24 15:00:00,109.06,transfer,1.0,73.6863,0.0,61.3389,61.3389,73.6863,9.416,19.4221,69.2985,3159
2016-06-24 16:00:00,116.98,transfer,1.0,72.5255,0.0,66.2923,66.2923,72.5255,71.2346,19.4994,68.8982,3160
2016-06-24 17:00:00,109.78,transfer,1.0,71.2823,0.0,80.311,80.311,71.2823,88.4085,19.6122,68.4269,3161
2016-06-24 18:00:00,66.97,transfer,1.0,70.1607,0.0,71.9687,71.9687,70.1607,89.6797,19.4854,68.2304,3162
2016-06-24 19:00:00,61.19,transfer,1.0,68.9193,0.0,67.6799,67.6799,68.9193,89.9249,19.37,68.0934,3163
2016-06-24 20:00:00,64.4,transfer,1.0,66.9267,0.0,69.467,69.467,66.9267,90.1216,19.2422,67.9327,3164
2016-06-24 21:00:00,57.93,transfer,1.0,64.5491,0.0,52.4874,52.4874,64.5491,90.238,19.1844,67.7833,3165
2016-06-24 22:00:00,58.51,transfer,1.0,62.7299,0.0,71.0348,71.0348,62.7299,90.3186,19.1283,67.6318,3166
2016-06-24 23:00:00,46.87,transfer,1.0,61.3929,0.0,62.9858,62.9858,61.3929,90.409,19.1121,67.5852,3167
2016-06-25 00:00:00,44.7,transfer,1.0,60.6625,0.0,44.2261,44.2261,60.6625,90.4138,19.0873,67.5783,3168
2016-06-25 01:00:00,44.34,transfer,1.0,59.4836,0.0,62.3296,62.3296,59.4836,89.0052,19.0675,67.5674,3169
2016-06-25 02:00:00,44.39,transfer,1.0,58.8049,0.0,59.535,59.535,58.8049,0.7693,19.0539,67.5512,3170
2016-06-25 03:00:00,44.23,transfer,1.0,59.0825,0.0,56.7867,56.7867,59.0825,1.03,19.0526,67.5309,3171
2016-06-25 04:00:00,81.25,transfer,1.0,60.3094,0.0,59.6859,59.6859,60.3094,2.0019,19.0807,67.544,3172
2016-06-25 05:00:00,83.01,transfer,1.0,61.801,0.0,55.8794,55.8794,61.801,2.4659,19.1171,67.5734,3173
2016-06-25 06:00:00,77.13,transfer,1.0,64.784,0.0,70.2788,70.2788,64.784,2.4834,19.1415,67.6036,3174
2016-06-25 07:00:00,85.8,transfer,1.0,68.2899,0.0,71.348,71.348,68.2899,2.2881,19.117,67.5995,3175
2016-06-25 08:00:00,87.74,transfer,1.0,71.0958,0.0,59.6575,59.6575,71.0958,1.7541,19.0915,67.6075,3176
2016-06-25 09:00:00,91.93,transfer,1.0,72.6506,0.0,80.8683,80.8683,72.6506,0.8848,19.0674,67.6293,3177
2016-06-25 10:00:00,94.6,transfer,1.0,73.41,0.0,85.0705,85.0705,73.41,0.1174,19.0411,67.6621,3178
2016-06-25 11:00:00,93.58,transfer,1.0,73.6247,0.0,72.7828,72.7828,73.6247,0.0182,19.0229,67.7124,3179
2016-06-25 12:00:00,95.9,transfer,1.0,73.4505,0.0,86.0895,86.0895,73.4505,0.0163,18.9921,67.759,3180
2016-06-25 13:00:00,94.31,transfer,1.0,72.7386,0.0,91.322,91.322,72.7386,0.0144,18.9349,67.7886,3181
2016-06-25 14:00:00,97.41,transfer,1.0,71.5623,0.0,82.3082,82.3082,71.5623,0.0133,18.8967,67.8437,3182
2016-06-25 15:00:00,97.92,transfer,1.0,69.8881,0.0,75.61,75.61,69.8881,0.0133,18.8575,67.9009,3183
2016-06-25 16:00:00,100.35,transfer,1.0,67.8509,0.0,82.8503,82.8503,67.8509,0.0147,18.8182,67.9575,3184
2016-06-25 17:00:00,100.74,transfer,1.0,65.6359,0.0,59.5983,59.5983,65.6359,75.2472,18.782,67.5666,3185
2016-06-25 18:00:00,62.07,transfer,1.0,63.3296,0.0,59.8977,59.8977,63.3296,89.4586,18.7295,67.3796,3186
2016-06-25 19:00:00,57.18,transfer,1.0,61.196,0.0,61.3946,61.3946,61.196,89.5445,18.7231,67.2569,3187
2016-06-25 20:00:00,59.53,transfer,1.0,58.7443,0.0,71.2215,71.2215,58.7443,89.5587,18.6912,67.1184,3188
2016-06-25 21:00:00,57.21,transfer,1.0,56.183,0.0,65.6777,65.6777,56.183,89.8295,18.6271,66.9667,3189
2016-06-25 22:00:00,56.05,transfer,1.0,54.1696,0.0,57.9613,57.9613,54.1696,90.0379,18.5617,66.8192,3190
2016-06-25 23:00:00,46.27,transfer,1.0,52.6219,0.0,56.8944,56.8944,52.6219,90.1683,18.5623,66.7696,3191
2016-06-26 00:00:00,43.86,transfer,1.0,51.5259,0.0,45.4729,45.4729,51.5259,85.5448,18.6042,66.7372,3192
2016-06-26 01:00:00,43.43,transfer,1.0,50.9396,0.0,42.4345,42.4345,50.9396,1.5097,18.6457,66.7089,3193
2016-06-26 02:00:00,43.1,transfer,1.0,50.6846,0.0,52.9945,52.9945,50.6846,2.3022,18.6811,66.6798,3194
2016-06-26 03:00:00,43.3,transfer,1.0,51.0929,0.0,55.4054,55.4054,51.0929,4.3039,18.7124,66.6487,3195
2016-06-26 04:00:00,73.43,transfer,1.0,52.0488,0.0,62.4656,62.4656,52.0488,6.9623,18.681,66.614,3196
2016-06-26 05:00:00,74.3,transfer,1.0,53.3061,0.0,54.1927,54.1927,53.3061,8.74,18.6668,66.5921,3197
2016-06-26 06:00:00,69.56,transfer,1.0,55.6155,0.0,58.594,58.594,55.6155,9.9388,18.6418,66.5544,3198
2016-06-26 07:00:00,81.57,transfer,1.0,58.5122,0.0,51.5855,51.5855,58.5122,10.5923,18.608,66.5023,3199
2016-06-26 08:00:00,92.34,transfer,1.0,60.9963,0.0,66.1705,66.1705,60.9963,10.4689,18.6622,66.5298,3200
2016-06-26 09:00:00,90.67,transfer,1.0,62.4742,0.0,57.8304,57.8304,62.4742,9.5811,18.6933,66.5262,3201
2016-06-26 10:00:00,94.49,transfer,1.0,63.4366,0.0,72.8493,72.8493,63.4366,8.2619,18.7366,66.5343,3202
2016-06-26 11:00:00,91.07,transfer,1.0,63.6133,0.0,72.7666,72.7666,63.6133,6.8099,18.7195,66.4837,3203
2016-06-26 12:00:00,93.31,transfer,1.0,63.1966,0.0,51.3842,51.3842,63.1966,5.5526,18.7074,66.4406,3204
2016-06-26 13:00:00,99.72,transfer,1.0,62.0795,0.0,71.6142,71.6142,62.0795,4.5092,18.7435,66.4504,3205
2016-06-26 14:00:00,96.76,transfer,1.0,60.5778,0.0,66.6763,66.6763,60.5778,4.0714,18.7545,66.4367,3206
2016-06-26 15:00:00,96.22,transfer,1.0,58.9941,0.0,48.1486,48.1486,58.9941,5.3773,18.7324,66.3825,3207
2016-06-26 16:00:00,100.05,transfer,1.0,57.3567,0.0,67.7987,67.7987,57.3567,23.8662,18.7532,66.2612,3208
2016-06-26 17:00:00,94.37,transfer,1.0,55.6839,0.0,55.7522,55.7522,55.6839,83.6946,18.7618,65.8629,3209
2016-06-26 18:00:00,58.98,transfer,1.0,54.1847,0.0,51.3023,51.3023,54.1847,89.2355,18.77,65.8618,3210
2016-06-26 19:00:00,55.08,transfer,1.0,53.0085,0.0,62.6721,62.6721,53.0085,89.6168,18.7793,65.8562,3211
2016-06-26 20:00:00,55.64,transfer,1.0,51.8482,0.0,51.9034,51.9034,51.8482,89.9218,18.7786,65.859,3212
2016-06-26 21:00:00,54.19,transfer,1.0,50.6771,0.0,54.51,54.51,50.6771,90.239,18.7333,65.9048,3213
2016-06-26 22:00:00,53.92,transfer,1.0,49.9162,0.0,50.004,50.004,49.9162,90.5046,18.6957,65.9424,3214
2016-06-26 23:00:00,45.29,transfer,1.0,49.4814,0.0,49.2,49.2,49.4814,90.7168,18.7175,65.9712,3215
2016-06-27 00:00:00,43.94,transfer,1.0,49.3792,0.0,43.8182,43.8182,49.3792,90.8269,18.7391,65.9955,3216
2016-06-27 01:00:00,43.27,transfer,1.0,49.9347,0.0,44.9278,44.9278,49.9347,2.6899,18.7624,65.9584,3217
2016-06-27 02:00:00,43.35,transfer,1.0,51.3997,0.0,61.7748,61.7748,51.3997,4.2156,18.7846,65.9156,3218
2016-06-27 03:00:00,43.56,transfer,1.0,53.538,0.0,39.398,39.398,53.538,8.0648,18.8073,65.8596,3219
2016-06-27 04:00:00,80.17,transfer,1.0,56.4204,0.0,48.1243,48.1243,56.4204,13.8311,18.7903,65.7885,3220
2016-06-27 05:00:00,79.59,transfer,1.0,59.7234,0.0,51.0316,51.0316,59.7234,20.8595,18.7842,65.6952,3221
2016-06-27 06:00:00,72.56,transfer,1.0,64.6531,0.0,71.3027,71.3027,64.6531,29.9401,18.7358,65.511,3222
2016-06-27 07:00:00,81.09,transfer,1.0,69.5937,0.0,57.8468,57.8468,69.5937,41.321,18.7203,65.2953,3223
2016-06-27 08:00:00,90.4,transfer,1.0,73.3824,0.0,66.2467,66.2467,73.3824,54.6884,18.7282,65.0203,3224
2016-06-27 09:00:00,95.47,transfer,1.0,75.7082,0.0,78.938,78.938,75.7082,67.4101,18.7645,64.6924,3225
2016-06-27 10:00:00,101.16,transfer,1.0,77.1139,0.0,66.8006,66.8006,77.1139,77.1233,18.7625,64.2628,3226
2016-06-27 11:00:00,98.36,transfer,1.0,77.9306,0.0,64.5021,64.5021,77.9306,83.1314,18.7664,63.7985,3227
2016-06-27 12:00:00,107.31,transfer,1.0,78.3199,0.0,84.3935,84.3935,78.3199,86.3522,18.7645,63.3039,3228
2016-06-27 13:00:00,104.29,transfer,1.0,78.2965,0.0,86.0425,86.0425,78.2965,88.1419,18.7644,62.7963,3229
2016-06-27 14:00:00,109.47,transfer,1.0,78.0393,0.0,79.7008,79.7008,78.0393,89.1159,18.739,62.2568,3230
2016-06-27 15:00:00,107.41,transfer,1.0,77.429,0.0,62.1193,62.1193,77.429,89.6926,18.6894,61.6904,3231
2016-06-27 16:00:00,103.57,transfer,1.0,76.5285,0.0,77.0223,77.0223,76.5285,90.0071,18.6215,61.1032,3232
2016-06-27 17:00:00,98.37,transfer,1.0,75.2173,0.0,82.1096,82.1096,75.2173,90.2267,18.5482,60.5467,3233
2016-06-27 18:00:00,54.27,transfer,1.0,73.4066,0.0,70.6745,70.6745,73.4066,90.3578,18.5957,60.6018,3234
2016-06-27 19:00:00,51.85,transfer,1.0,71.2958,0.0,75.3962,75.3962,71.2958,90.399,18.623,60.6288,3235
2016-06-27 20:00:00,55.88,transfer,1.0,68.1992,0.0,72.2985,72.2985,68.1992,90.5101,18.6402,60.6461,3236
2016-06-27 21:00:00,59.15,transfer,1.0,64.8319,0.0,72.9389,72.9389,64.8319,90.6195,18.6681,60.6728,3237
2016-06-27 22:00:00,52.31,transfer,1.0,62.1899,0.0,67.4699,67.4699,62.1899,90.74,18.7172,60.7391,3238
2016-06-27 23:00:00,57.78,transfer,1.0,60.4511,0.0,76.52,76.52,60.4511,90.8897,18.7068,60.7256,3239
2016-06-28 00:00:00,51.5,transfer,1.0,59.0138,0.0,68.6949,68.6949,59.0138,91.0878,18.7344,60.7866,3240
2016-06-28 01:00:00,56.93,transfer,1.0,58.3498,0.0,49.2763,49.2763,58.3498,91.2591,18.7244,60.9339,3241
2016-06-28 02:00:00,51.18,transfer,1.0,57.9627,0.0,52.2802,52.2802,57.9627,91.3352,18.7556,60.8224,3242
2016-06-28 03:00:00,56.63,transfer,1.0,58.8456,0.0,46.0007,46.0007,58.8456,12.3322,18.7637,60.7346,3243
2016-06-28 04:00:00,93.38,transfer,1.0,61.3635,0.0,70.1869,70.1869,61.3635,5.0175,18.7296,60.6798,3244
2016-06-28 05:00:00,94.4,transfer,1.0,64.8686,0.0,77.9481,77.9481,64.8686,6.6641,18.6834,60.6061,3245
2016-06-28 06:00:00,84.22,transfer,1.0,69.6379,0.0,66.129,66.129,69.6379,7.8518,18.6178,60.5068,3246
2016-06-28 07:00:00,97.48,transfer,1.0,73.9182,0.0,84.6651,84.6651,73.9182,8.7612,18.5647,60.4144,3247
2016-06-28 08:00:00,106.48,transfer,1.0,76.8692,0.0,97.3588,97.3588,76.8692,9.159,18.475,60.28,3248
2016-06-28 09:00:00,113.74,transfer,1.0,78.7293,0.0,80.8302,80.8302,78.7293,9.2367,18.379,60.134,3249
2016-06-28 10:00:00,114.95,transfer,1.0,79.8699,0.0,87.9582,87.9582,79.8699,8.9921,18.2882,59.9891,3250
2016-06-28 11:00:00,121.83,transfer,1.0,80.5977,0.0,70.479,70.479,80.5977,8.6863,18.2248,59.8697,3251
2016-06-28 12:00:00,118.8,transfer,1.0,81.0293,0.0,68.4718,68.4718,81.0293,8.6802,18.1669,59.7553,3252
2016-06-28 13:00:00,114.56,transfer,1.0,81.2827,0.0,66.1128,66.1128,81.2827,9.617,18.0841,59.6104,3253
2016-06-28 14:00:00,124.22,transfer,1.0,81.3394,0.0,85.1565,85.1565,81.3394,11.6747,18.1416,59.5934,3254
2016-06-28 15:00:00,125.07,transfer,1.0,81.2285,0.0,70.0094,70.0094,81.2285,23.145,18.246,59.5543,3255
2016-06-28 16:00:00,129.37,transfer,1.0,81.0605,0.0,87.6248,87.6248,81.0605,73.9516,18.4123,59.2756,3256
2016-06-28 17:00:00,119.92,transfer,1.0,80.861,0.0,82.8847,82.8847,80.861,88.8571,18.5279,58.8737,3257
2016-06-28 18:00:00,68.21,transfer,1.0,80.6299,0.0,74.9613,74.9613,80.6299,90.3045,18.4904,58.8375,3258
2016-06-28 19:00:00,56.95,transfer,1.0,80.1438,0.0,78.577,78.577,80.1438,90.4804,18.5113,58.8466,3259
2016-06-28 20:00:00,59.39,transfer,1.0,79.0018,0.0,84.9779,84.9779,79.0018,90.6561,18.5294,58.8541,3260
2016-06-28 21:00:00,54.51,transfer,1.0,77.2662,0.0,69.0691,69.0691,77.2662,90.7872,18.5671,58.8819,3261
2016-06-28 22:00:00,54.57,transfer,1.0,74.4762,0.0,80.7213,80.7213,74.4762,91.1186,18.5974,58.9078,3262
2016-06-28 23:00:00,47.6,transfer,1.0,71.9619,0.0,70.2536,70.2536,71.9619,91.4934,18.6012,58.9134,3263
2016-06-29 00:00:00,41.57,transfer,1.0,70.1097,0.0,71.319,71.319,70.1097,91.6438,18.6292,58.9454,3264
2016-06-29 01:00:00,41.55,transfer,1.0,68.3594,0.0,68.3009,68.3009,68.3594,91.6692,18.653,58.9898,3265
2016-06-29 02:00:00,41.27,transfer,1.0,67.0907,0.0,69.2752,69.2752,67.0907,91.4622,18.6781,59.0996,3266
2016-06-29 03:00:00,41.73,transfer,1.0,66.5844,0.0,58.3993,58.3993,66.5844,22.3434,18.7018,58.9832,3267
2016-06-29 04:00:00,79.55,transfer,1.0,66.6159,0.0,69.5769,69.5769,66.6159,23.6727,18.6669,58.8436,3268
2016-06-29 05:00:00,82.17,transfer,1.0,67.7063,0.0,71.001,71.001,67.7063,32.7511,18.6361,58.656,3269
2016-06-29 06:00:00,79.61,transfer,1.0,70.2171,0.0,65.9632,65.9632,70.2171,43.5865,18.6466,58.4443,3270
2016-06-29 07:00:00,94.9,transfer,1.0,73.0229,0.0,69.1834,69.1834,73.0229,56.1967,18.6449,58.1426,3271
2016-06-29 08:00:00,106.58,transfer,1.0,75.7073,0.0,75.5008,75.5008,75.7073,68.5738,18.6647,57.7863,3272
2016-06-29 09:00:00,107.05,transfer,1.0,77.7568,0.0,69.088,69.088,77.7568,77.9658,18.6861,57.3736,3273
2016-06-29 10:00:00,112.91,transfer,1.0,79.1964,0.0,69.0609,69.0609,79.1964,83.6876,18.7186,56.9396,3274
2016-06-29 11:00:00,114.07,transfer,1.0,80.0932,0.0,67.7554,67.7554,80.0932,86.9039,18.7689,56.5154,3275
2016-06-29 12:00:00,107.88,transfer,1.0,80.6217,0.0,83.7806,83.7806,80.6217,88.526,18.8023,56.1052,3276
2016-06-29 13:00:00,106.4,transfer,1.0,80.8782,0.0,95.763,95.763,80.8782,89.4084,18.8026,56.0554,3277
2016-06-29 14:00:00,105.99,transfer,1.0,80.8371,0.0,85.424,85.424,80.8371,89.9383,18.8173,56.0104,3278
2016-06-29 15:00:00,109.58,transfer,1.0,80.5584,0.0,78.6926,78.6926,80.5584,90.3044,18.8588,55.8195,3279
2016-06-29 16:00:00,106.84,transfer,1.0,80.0389,0.0,76.0086,76.0086,80.0389,90.5145,18.9045,55.7327,3280
2016-06-29 17:00:00,100.26,transfer,1.0,79.3117,0.0,81.4713,81.4713,79.3117,90.6227,18.9105,55.4693,3281
2016-06-29 18:00:00,58.98,transfer,1.0,78.3112,0.0,70.738,70.738,78.3112,90.698,18.9644,55.5125,3282
2016-06-29 19:00:00,55.35,transfer,1.0,76.8886,0.0,69.4278,69.4278,76.8886,90.7444,19.0243,55.382,3283
2016-06-29 20:00:00,57.69,transfer,1.0,74.655,0.0,68.9431,68.9431,74.655,90.8754,19.0811,55.2286,3284
2016-06-29 21:00:00,54.58,transfer,1.0,71.7288,0.0,82.9441,82.9441,71.7288,91.0112,19.1405,55.1087,3285
2016-06-29 22:00:00,52.96,transfer,1.0,69.0304,0.0,57.7536,57.7536,69.0304,91.1023,19.2054,54.9991,3286
2016-06-29 23:00:00,43.9,transfer,1.0,66.5827,0.0,69.1848,69.1848,66.5827,91.2034,19.2719,54.991,3287
2016-06-30 00:00:00,41.01,transfer,1.0,64.5138,0.0,71.1726,71.1726,64.5138,91.2557,19.3243,55.027,3288
2016-06-30 01:00:00,41.26,transfer,1.0,62.7214,0.0,60.728,60.728,62.7214,91.1669,19.3678,55.0646,3289
2016-06-30 02:00:00,41.28,transfer,1.0,61.4972,0.0,64.248,64.248,61.4972,28.1188,19.4072,54.885,3290
2016-06-30 03:00:00,41.74,transfer,1.0,61.3722,0.0,68.3465,68.3465,61.3722,14.6194,19.4434,54.7891,3291
2016-06-30 04:00:00,74.29,transfer,1.0,62.4533,0.0,71.2406,71.2406,62.4533,19.3726,19.3741,54.633,3292
2016-06-30 05:00:00,78.09,transfer,1.0,64.5735,0.0,71.5829,71.5829,64.5735,26.5988,19.297,54.4235,3293
2016-06-30 06:00:00,69.7,transfer,1.0,68.2469,0.0,69.0686,69.0686,68.2469,36.105,19.1879,54.1238,3294
2016-06-30 07:00:00,85.85,transfer,1.0,72.1432,0.0,69.4922,69.4922,72.1432,45.6865,19.1421,53.8342,3295
2016-06-30 08:00:00,92.22,transfer,1.0,75.2458,0.0,79.5178,79.5178,75.2458,57.9983,19.1248,53.5055,3296
2016-06-30 09:00:00,100.96,transfer,1.0,77.2308,0.0,84.421,84.421,77.2308,69.777,19.1326,53.1369,3297
2016-06-30 10:00:00,108.16,transfer,1.0,78.3428,0.0,77.0551,77.0551,78.3428,79.3254,19.1782,52.7464,3298
2016-06-30 11:00:00,100.86,transfer,1.0,78.9472,0.0,86.4712,86.4712,78.9472,85.0671,19.2322,52.3276,3299
2016-06-30 12:00:00,104.09,transfer,1.0,79.2093,0.0,85.6818,85.6818,79.2093,87.4923,19.2824,51.8908,3300
2016-06-30 13:00:00,106.31,transfer,1.0,78.9692,0.0,83.2192,83.2192,78.9692,88.6939,19.3304,51.4471,3301
2016-06-30 14:00:00,107.98,transfer,1.0,78.4132,0.0,63.8698,63.8698,78.4132,89.2591,19.3646,50.9901,3302
2016-06-30 15:00:00,104.75,transfer,1.0,77.5339,0.0,72.2049,72.2049,77.5339,89.5501,19.379,50.5159,3303
2016-06-30 16:00:00,108.69,transfer,1.0,76.2888,0.0,65.8339,65.8339,76.2888,89.7075,19.4371,50.0885,3304
2016-06-30 17:00:00,102.36,transfer,1.0,74.6621,0.0,73.8418,73.8418,74.6621,89.8465,19.4636,49.6315,3305
2016-06-30 18:00:00,62.66,transfer,1.0,72.8553,0.0,69.5019,69.5019,72.8553,89.8826,19.5179,49.6503,3306
2016-06-30 19:00:00,58.4,transfer,1.0,70.8062,0.0,83.2332,83.2332,70.8062,89.9123,19.5739,49.6604,3307
2016-06-30 20:00:00,59.16,transfer,1.0,67.9817,0.0,69.7627,69.7627,67.9817,89.9674,19.6011,49.7097,3308
2016-06-30 21:00:00,55.49,transfer,1.0,64.7822,0.0,58.2061,58.2061,64.7822,90.0525,19.6533,49.7781,3309
2016-06-30 22:00:00,55.3,transfer,1.0,62.3047,0.0,51.2833,51.2833,62.3047,90.1435,19.6916,49.8848,3310
2016-06-30 23:00:00,46.28,transfer,1.0,60.2628,0.0,62.2913,62.2913,60.2628,90.2618,19.7255,49.9849,3311
2016-07-01 00:00:00,44.19,transfer,1.0,58.9612,0.0,62.8712,62.8712,58.9612,90.3846,19.7453,49.9955,3312
2016-07-01 01:00:00,44.23,transfer,1.0,57.7753,0.0,59.9472,59.9472,57.7753,90.3776,19.7516,50.0127,3313
2016-07-01 02:00:00,44.06,transfer,1.0,56.8769,0.0,53.5228,53.5228,56.8769,2.0379,19.752,50.0073,3314
2016-07-01 03:00:00,43.99,transfer,1.0,57.0468,0.0,54.9129,54.9129,57.0468,1.077,19.7442,50.0145,3315
2016-07-01 04:00:00,86.27,transfer,1.0,58.7362,0.0,56.6981,56.6981,58.7362,2.0029,19.8303,50.0998,3316
2016-07-01 05:00:00,86.41,transfer,1.0,61.3866,0.0,72.2262,72.2262,61.3866,2.2841,19.9277,50.2015,3317
2016-07-01 06:00:00,80.15,transfer,1.0,65.9031,0.0,69.0384,69.0384,65.9031,1.9789,20.0069,50.3077,3318
2016-07-01 07:00:00,98.49,transfer,1.0,70.6096,0.0,71.7083,71.7083,70.6096,1.3679,20.1025,50.4334,3319
2016-07-01 08:00:00,107.8,transfer,1.0,74.2054,0.0,71.3377,71.3377,74.2054,0.5428,20.2197,50.5932,3320
2016-07-01 09:00:00,110.6,transfer,1.0,76.497,0.0,74.9169,74.9169,76.497,0.0281,20.3354,50.7566,3321
2016-07-01 10:00:00,117.25,transfer,1.0,77.8989,0.0,74.7526,74.7526,77.8989,0.021,20.4679,50.9365,3322
2016-07-01 11:00:00,122.04,transfer,1.0,78.6734,0.0,82.1812,82.1812,78.6734,0.0174,20.5702,51.0853,3323
2016-07-01 12:00:00,120.89,transfer,1.0,79.1021,0.0,74.4493,74.4493,79.1021,0.0145,20.6506,51.2125,3324
2016-07-01 13:00:00,123.03,transfer,1.0,79.3178,0.0,77.3633,77.3633,79.3178,0.0126,20.7238,51.3343,3325
2016-07-01 14:00:00,125.95,transfer,1.0,79.2963,0.0,65.5289,65.5289,79.2963,0.0111,20.8177,51.4844,3326
2016-07-01 15:00:00,123.16,transfer,1.0,79.0882,0.0,75.1018,75.1018,79.0882,0.0104,20.8695,51.6244,3327
2016-07-01 16:00:00,125.66,transfer,1.0,78.7025,0.0,76.0571,76.0571,78.7025,0.0099,20.8844,52.1,3328
2016-07-01 17:00:00,112.98,transfer,1.0,78.0552,0.0,80.2269,80.2269,78.0552,0.0096,20.8631,52.6452,3329
2016-07-01 18:00:00,63.99,transfer,1.0,76.7671,0.0,85.5082,85.5082,76.7671,0.0154,20.9202,52.8908,3330
2016-07-01 19:00:00,59.64,transfer,1.0,75.421,0.0,74.1947,74.1947,75.421,7.5532,20.9681,53.0298,3331
2016-07-01 20:00:00,59.03,transfer,1.0,73.1207,0.0,90.0958,90.0958,73.1207,56.0169,21.0369,52.8947,3332
2016-07-01 21:00:00,56.68,transfer,1.0,70.1425,0.0,60.6642,60.6642,70.1425,83.4967,21.0776,52.862,3333
2016-07-01 22:00:00,56.24,transfer,1.0,67.3968,0.0,68.2119,68.2119,67.3968,85.5006,21.1189,52.8468,3334
2016-07-01 23:00:00,50.66,transfer,1.0,65.0793,0.0,72.6726,72.6726,65.0793,0.024,21.1183,52.8891,3335
2016-07-02 00:00:00,44.42,transfer,1.0,63.267,0.0,64.1916,64.1916,63.267,0.0205,21.1355,52.8812,3336
2016-07-02 01:00:00,43.33,transfer,1.0,61.1297,0.0,65.6337,65.6337,61.1297,0.0214,21.1513,52.8732,3337
2016-07-02 02:00:00,42.82,transfer,1.0,59.0788,0.0,57.6576,57.6576,59.0788,0.0226,21.1623,52.8683,3338
2016-07-02 03:00:00,42.69,transfer,1.0,57.4683,0.0,52.0749,52.0749,57.4683,0.0247,21.1618,52.8651,3339
2016-07-02 04:00:00,84.13,transfer,1.0,56.5709,0.0,63.9036,63.9036,56.5709,0.4463,21.2012,52.8915,3340
2016-07-02 05:00:00,86.44,transfer,1.0,56.375,0.0,61.9257,61.9257,56.375,0.6083,21.2539,52.9229,3341
2016-07-02 06:00:00,76.69,transfer,1.0,57.8704,0.0,49.5679,49.5679,57.8704,0.3858,21.2925,52.9328,3342
2016-07-02 07:00:00,83.03,transfer,1.0,60.4337,0.0,62.533,62.533,60.4337,0.1097,21.3228,52.9293,3343
2016-07-02 08:00:00,93.07,transfer,1.0,62.8417,0.0,73.6833,73.6833,62.8417,0.0193,21.4036,52.9713,3344
2016-07-02 09:00:00,97.19,transfer,1.0,64.0748,0.0,77.6078,77.6078,64.0748,0.0159,21.486,53.0078,3345
2016-07-02 10:00:00,95.67,transfer,1.0,64.8333,0.0,48.2328,48.2328,64.8333,0.0129,21.5434,53.0148,3346
2016-07-02 11:00:00,97.77,transfer,1.0,65.2211,0.0,61.207,61.207,65.2211,0.0105,21.6184,53.0398,3347
2016-07-02 12:00:00,92.75,transfer,1.0,65.0506,0.0,59.5566,59.5566,65.0506,0.009,21.6496,53.0211,3348
2016-07-02 13:00:00,87.88,transfer,1.0,64.414,0.0,58.9007,58.9007,64.414,0.0079,21.6609,52.9829,3349
2016-07-02 14:00:00,87.94,transfer,1.0,63.1299,0.0,67.5193,67.5193,63.1299,0.0072,21.6547,52.9265,3350
2016-07-02 15:00:00,91.84,transfer,1.0,61.2926,0.0,63.7782,63.7782,61.2926,0.0067,21.6697,52.8904,3351
2016-07-02 16:00:00,91.54,transfer,1.0,59.22,0.0,50.4011,50.4011,59.22,0.0065,21.6686,52.838,3352
2016-07-02 17:00:00,94.5,transfer,1.0,57.2538,0.0,57.7933,57.7933,57.2538,0.0062,21.6814,53.2487,3353
2016-07-02 18:00:00,54.94,transfer,1.0,55.4984,0.0,50.4287,50.4287,55.4984,0.006,21.6772,53.4127,3354
2016-07-02 19:00:00,49.71,transfer,1.0,54.2005,0.0,44.4768,44.4768,54.2005,0.0068,21.68,53.5159,3355
2016-07-02 20:00:00,52.66,transfer,1.0,52.8223,0.0,62.2488,62.2488,52.8223,0.0081,21.6763,53.6505,3356
2016-07-02 21:00:00,49.08,transfer,1.0,51.4377,0.0,41.4887,41.4887,51.4377,0.0103,21.6842,53.7485,3357
2016-07-02 22:00:00,49.71,transfer,1.0,50.6736,0.0,45.6384,45.6384,50.6736,0.0134,21.6788,53.842,3358
2016-07-02 23:00:00,43.84,transfer,1.0,50.4165,0.0,42.4693,42.4693,50.4165,0.0168,21.6801,53.8415,3359
2016-07-03 00:00:00,42.19,transfer,1.0,50.6985,0.0,53.5343,53.5343,50.6985,0.0211,21.6851,53.8444,3360
2016-07-03 01:00:00,42.15,transfer,1.0,51.3935,0.0,59.6794,59.6794,51.3935,0.1213,21.6954,53.845,3361
2016-07-03 02:00:00,41.98,transfer,1.0,52.5268,0.0,52.8506,52.8506,52.5268,1.3068,21.7131,53.8443,3362
2016-07-03 03:00:00,42.08,transfer,1.0,54.143,0.0,57.9366,57.9366,54.143,3.0256,21.7385,53.8446,3363
2016-07-03 04:00:00,77.78,transfer,1.0,56.3189,0.0,57.3507,57.3507,56.3189,5.2772,21.739,53.8806,3364
2016-07-03 05:00:00,80.77,transfer,1.0,58.3329,0.0,69.0977,69.0977,58.3329,6.8305,21.7476,53.9304,3365
2016-07-03 06:00:00,74.99,transfer,1.0,61.358,0.0,53.6739,53.6739,61.358,7.9285,21.7457,53.9747,3366
2016-07-03 07:00:00,74.69,transfer,1.0,64.7582,0.0,69.2819,69.2819,64.7582,8.7721,21.6676,53.9446,3367
2016-07-03 08:00:00,78.59,transfer,1.0,67.4904,0.0,64.8634,64.8634,67.4904,8.8621,21.5471,53.8723,3368
2016-07-03 09:00:00,74.6,transfer,1.0,68.6605,0.0,68.4062,68.4062,68.6605,8.1765,21.4146,53.785,3369
2016-07-03 10:00:00,78.21,transfer,1.0,68.8018,0.0,76.5252,76.5252,68.8018,7.0752,21.2857,53.6952,3370
2016-07-03 11:00:00,77.72,transfer,1.0,68.0595,0.0,71.1063,71.1063,68.0595,5.7236,21.1798,53.6222,3371
2016-07-03 12:00:00,79.38,transfer,1.0,66.7423,0.0,67.3769,67.3769,66.7423,4.546,21.0758,53.5453,3372
2016-07-03 13:00:00,81.21,transfer,1.0,64.9932,0.0,65.7905,65.7905,64.9932,3.6734,20.9483,53.4401,3373
2016-07-03 14:00:00,81.94,transfer,1.0,62.9204,0.0,57.2795,57.2795,62.9204,3.5825,20.8461,53.3548,3374
2016-07-03 15:00:00,82.89,transfer,1.0,60.7226,0.0,61.6648,61.6648,60.7226,6.782,20.7565,53.2671,3375
2016-07-03 16:00:00,81.26,transfer,1.0,58.5665,0.0,54.396,54.396,58.5665,54.5548,20.6374,52.9725,3376
2016-07-03 17:00:00,80.05,transfer,1.0,56.5699,0.0,57.6506,57.6506,56.5699,87.6099,20.5469,52.954,3377
2016-07-03 18:00:00,53.08,transfer,1.0,54.6985,0.0,53.0145,53.0145,54.6985,89.3687,20.528,52.9899,3378
2016-07-03 19:00:00,49.15,transfer,1.0,53.1951,0.0,56.845,56.845,53.1951,89.7464,20.5398,53.026,3379
2016-07-03 20:00:00,53.46,transfer,1.0,52.0026,0.0,48.8535,48.8535,52.0026,90.0377,20.5259,53.0396,3380
2016-07-03 21:00:00,48.14,transfer,1.0,50.8782,0.0,57.9631,57.9631,50.8782,90.3256,20.5212,53.0762,3381
2016-07-03 22:00:00,51.51,transfer,1.0,50.2563,0.0,44.1926,44.1926,50.2563,90.5686,20.5049,53.0909,3382
2016-07-03 23:00:00,42.95,transfer,1.0,50.0198,0.0,58.6532,58.6532,50.0198,90.7769,20.522,53.1052,3383
2016-07-04 00:00:00,41.51,transfer,1.0,50.2186,0.0,54.4178,54.4178,50.2186,90.9046,20.5415,53.1201,3384
2016-07-04 01:00:00,41.22,transfer,1.0,51.3425,0.0,46.0198,46.0198,51.3425,11.3976,20.5621,53.0561,3385
2016-07-04 02:00:00,41.25,transfer,1.0,53.2607,0.0,53.6651,53.6651,53.2607,4.3106,20.5856,53.043,3386
2016-07-04 03:00:00,41.28,transfer,1.0,56.0203,0.0,65.6145,65.6145,56.0203,8.5524,20.614,53.0265,3387
2016-07-04 04:00:00,77.45,transfer,1.0,59.5127,0.0,66.4022,66.4022,59.5127,15.4876,20.5794,53.0005,3388
2016-07-04 05:00:00,76.8,transfer,1.0,63.0297,0.0,68.2632,68.2632,63.0297,24.2431,20.5431,52.9637,3389
2016-07-04 06:00:00,68.76,transfer,1.0,67.7559,0.0,70.7588,70.7588,67.7559,35.8175,20.502,52.9061,3390
2016-07-04 07:00:00,64.94,transfer,1.0,72.1299,0.0,57.8416,57.8416,72.1299,50.1564,20.4764,52.7574,3391
2016-07-04 08:00:00,67.23,transfer,1.0,75.2141,0.0,70.1527,70.1527,75.2141,65.2051,20.4226,52.5569,3392
2016-07-04 09:00:00,65.88,transfer,1.0,76.6111,0.0,80.7427,80.7427,76.6111,77.0918,20.3688,52.4566,3393
2016-07-04 10:00:00,65.07,transfer,1.0,77.1543,0.0,76.3638,76.3638,77.1543,84.0712,20.2976,52.4266,3394
2016-07-04 11:00:00,66.37,transfer,1.0,77.1139,0.0,74.5001,74.5001,77.1139,87.5669,20.24,52.4622,3395
2016-07-04 12:00:00,65.91,transfer,1.0,76.5013,0.0,85.0523,85.0523,76.5013,89.2529,20.1305,52.4764,3396
2016-07-04 13:00:00,66.91,transfer,1.0,75.3732,0.0,75.2183,75.2183,75.3732,90.0198,20.0261,52.5178,3397
2016-07-04 14:00:00,67.82,transfer,1.0,73.459,0.0,84.1057,84.1057,73.459,90.4548,19.8726,52.5314,3398
2016-07-04 15:00:00,69.59,transfer,1.0,70.9018,0.0,84.0226,84.0226,70.9018,90.7289,19.702,52.5517,3399
2016-07-04 16:00:00,70.66,transfer,1.0,67.2622,0.0,68.5328,68.5328,67.2622,91.0617,19.5612,52.5925,3400
2016-07-04 17:00:00,69.23,transfer,1.0,63.728,0.0,55.9132,55.9132,63.728,91.2055,19.4562,52.6748,3401
2016-07-04 18:00:00,42.2,transfer,1.0,60.8832,0.0,66.4215,66.4215,60.8832,91.2392,19.4535,52.7519,3402
2016-07-04 19:00:00,39.82,transfer,1.0,58.6523,0.0,56.7278,56.7278,58.6523,91.3547,19.4498,52.8292,3403
2016-07-04 20:00:00,44.38,transfer,1.0,56.4829,0.0,69.5588,69.5588,56.4829,91.418,19.4485,52.903,3404
2016-07-04 21:00:00,42.14,transfer,1.0,54.9795,0.0,59.9423,59.9423,54.9795,91.5329,19.4911,53.0097,3405
2016-07-04 22:00:00,42.54,transfer,1.0,54.106,0.0,52.2687,52.2687,54.106,91.6679,19.5012,53.0734,3406
2016-07-04 23:00:00,42.05,transfer,1.0,53.7207,0.0,61.8676,61.8676,53.7207,91.8067,19.5547,53.1725,3407
2016-07-05 00:00:00,42.31,transfer,1.0,53.8364,0.0,43.6155,43.6155,53.8364,91.9787,19.5786,53.2325,3408
2016-07-05 01:00:00,42.57,transfer,1.0,54.4799,0.0,45.5416,45.5416,54.4799,92.1213,19.6411,53.3231,3409
2016-07-05 02:00:00,42.32,transfer,1.0,55.8154,0.0,48.5752,48.5752,55.8154,92.2538,19.681,53.3813,3410
2016-07-05 03:00:00,42.6,transfer,1.0,56.559,0.0,47.293,47.293,56.559,92.2347,19.7509,53.4131,3411
2016-07-05 04:00:00,86.75,transfer,1.0,58.766,0.0,51.8566,51.8566,58.766,52.8416,19.7269,53.0889,3412
2016-07-05 05:00:00,88.68,transfer,1.0,61.4764,0.0,60.187,60.187,61.4764,68.7779,19.7131,52.6852,3413
2016-07-05 06:00:00,82.34,transfer,1.0,64.6109,0.0,68.4591,68.4591,64.6109,79.2686,19.7318,52.2489,3414
2016-07-05 07:00:00,93.67,transfer,1.0,68.578,0.0,67.1716,67.1716,68.578,85.1654,19.7409,51.7714,3415
2016-07-05 08:00:00,104.58,transfer,1.0,72.0204,0.0,63.6951,63.6951,72.0204,87.9294,19.7584,51.2912,3416
2016-07-05 09:00:00,114.93,transfer,1.0,74.5093,0.0,79.6419,79.6419,74.5093,89.1206,19.7907,50.8228,3417
2016-07-05 10:00:00,120.16,transfer,1.0,76.4193,0.0,76.0456,76.0456,76.4193,89.7276,19.8422,50.3733,3418
2016-07-05 11:00:00,124.81,transfer,1.0,77.8864,0.0,70.0302,70.0302,77.8864,89.998,19.8761,49.907,3419
2016-07-05 12:00:00,124.22,transfer,1.0,78.9434,0.0,82.4916,82.4916,78.9434,90.1251,19.9208,49.4545,3420
2016-07-05 13:00:00,124.48,transfer,1.0,79.6297,0.0,85.8383,85.8383,79.6297,90.2098,19.9896,49.0338,3421
2016-07-05 14:00:00,133.87,transfer,1.0,79.9489,0.0,96.2603,96.2603,79.9489,90.271,20.0554,48.6234,3422
2016-07-05 15:00:00,124.7,transfer,1.0,80.0893,0.0,80.7799,80.7799,80.0893,90.2621,20.0599,48.2217,3423
2016-07-05 16:00:00,131.21,transfer,1.0,80.102,0.0,90.9805,90.9805,80.102,90.2385,20.0766,48.1357,3424
2016-07-05 17:00:00,121.06,transfer,1.0,79.8172,0.0,82.6966,82.6966,79.8172,90.2447,20.0896,48.1342,3425
2016-07-05 18:00:00,69.71,transfer,1.0,79.42,0.0,88.4008,88.4008,79.42,90.2293,20.0735,48.1249,3426
2016-07-05 19:00:00,64.27,transfer,1.0,78.612,0.0,75.4157,75.4157,78.612,90.1857,20.0208,48.0795,3427
2016-07-05 20:00:00,64.49,transfer,1.0,77.0118,0.0,74.2319,74.2319,77.0118,90.244,19.9786,48.0467,3428
2016-07-05 21:00:00,63.18,transfer,1.0,74.6713,0.0,68.8469,68.8469,74.6713,90.264,19.9115,47.992,3429
2016-07-05 22:00:00,62.08,transfer,1.0,72.1446,0.0,82.0491,82.0491,72.1446,90.3027,19.8529,47.9424,3430
2016-07-05 23:00:00,53.04,transfer,1.0,69.6902,0.0,59.1019,59.1019,69.6902,90.3478,19.807,47.9032,3431
2016-07-06 00:00:00,48.81,transfer,1.0,67.4137,0.0,74.832,74.832,67.4137,90.3849,19.7479,47.8526,3432
2016-07-06 01:00:00,47.91,transfer,1.0,65.3572,0.0,57.8745,57.8745,65.3572,90.1697,19.6922,47.8059,3433
2016-07-06 02:00:00,47.64,transfer,1.0,63.5654,0.0,69.393,69.393,63.5654,0.0232,19.6333,47.7905,3434
2016-07-06 03:00:00,47.8,transfer,1.0,62.7158,0.0,64.3528,64.3528,62.7158,0.025,19.5741,47.9595,3435
2016-07-06 04:00:00,102.54,transfer,1.0,62.78,0.0,68.3976,68.3976,62.78,0.0752,19.7338,48.2368,3436
2016-07-06 05:00:00,110.1,transfer,1.0,64.3091,0.0,66.5635,66.5635,64.3091,0.0988,19.9203,48.5974,3437
2016-07-06 06:00:00,99.22,transfer,1.0,68.2483,0.0,62.8582,62.8582,68.2483,0.0274,20.0487,48.9734,3438
2016-07-06 07:00:00,115.52,transfer,1.0,72.1092,0.0,75.7608,75.7608,72.1092,0.0244,20.1769,49.4305,3439
2016-07-06 08:00:00,125.18,transfer,1.0,75.2396,0.0,70.8193,70.8193,75.2396,0.0217,20.2904,49.9493,3440
2016-07-06 09:00:00,127.61,transfer,1.0,77.6001,0.0,78.3662,78.3662,77.6001,0.0187,20.4137,50.5356,3441
2016-07-06 10:00:00,136.79,transfer,1.0,79.1445,0.0,84.8103,84.8103,79.1445,0.0159,20.5561,51.1758,3442
2016-07-06 11:00:00,146.77,transfer,1.0,80.1771,0.0,90.3548,90.3548,80.1771,0.0137,20.7503,51.8877,3443
2016-07-06 12:00:00,133.18,transfer,1.0,80.9182,0.0,70.7,70.7,80.9182,0.012,20.8991,52.5651,3444
2016-07-06 13:00:00,138.06,transfer,1.0,81.4266,0.0,73.7092,73.7092,81.4266,0.0106,21.0843,53.2857,3445
2016-07-06 14:00:00,126.95,transfer,1.0,81.6602,0.0,73.0013,73.0013,81.6602,0.0098,21.2042,53.9458,3446
2016-07-06 15:00:00,133.5,transfer,1.0,81.7513,0.0,62.7465,62.7465,81.7513,0.0091,21.3395,54.6256,3447
2016-07-06 16:00:00,124.08,transfer,1.0,81.6539,0.0,75.4072,75.4072,81.6539,0.0087,21.4325,55.267,3448
2016-07-06 17:00:00,128.71,transfer,1.0,81.4958,0.0,83.4097,83.4097,81.4958,0.0085,21.5888,55.9757,3449
2016-07-06 18:00:00,72.87,transfer,1.0,81.2014,0.0,77.2908,77.2908,81.2014,0.0084,21.5233,56.2206,3450
2016-07-06 19:00:00,66.83,transfer,1.0,80.8148,0.0,72.5563,72.5563,80.8148,0.0085,21.4784,56.4077,3451
2016-07-06 20:00:00,69.72,transfer,1.0,79.9748,0.0,73.0557,73.0557,79.9748,0.0095,21.4384,56.6251,3452
2016-07-06 21:00:00,63.32,transfer,1.0,78.753,0.0,89.6254,89.6254,78.753,0.0113,21.4282,56.7851,3453
2016-07-06 22:00:00,64.13,transfer,1.0,77.4961,0.0,75.5767,75.5767,77.4961,0.0132,21.4121,56.9397,3454
2016-07-06 23:00:00,56.36,transfer,1.0,76.1989,0.0,88.4029,88.4029,76.1989,0.015,21.3952,56.9935,3455
2016-07-07 00:00:00,50.13,transfer,1.0,74.9724,0.0,75.4575,75.4575,74.9724,0.0168,21.4032,56.9927,3456
2016-07-07 01:00:00,49.59,transfer,1.0,73.6302,0.0,66.5332,66.5332,73.6302,0.0186,21.4185,56.9907,3457
2016-07-07 02:00:00,48.04,transfer,1.0,72.2911,0.0,75.3405,75.3405,72.2911,0.0205,21.4425,57.1982,3458
2016-07-07 03:00:00,51.57,transfer,1.0,71.3093,0.0,78.2643,78.2643,71.3093,0.0222,21.4432,57.3436,3459
2016-07-07 04:00:00,103.2,transfer,1.0,70.6798,0.0,68.2226,68.2226,70.6798,0.0239,21.5663,57.6308,3460
2016-07-07 05:00:00,103.64,transfer,1.0,71.2576,0.0,73.391,73.391,71.2576,0.0229,21.6786,57.9411,3461
2016-07-07 06:00:00,96.39,transfer,1.0,73.4858,0.0,85.11,85.11,73.4858,0.0211,21.8062,58.3148,3462
2016-07-07 07:00:00,103.17,transfer,1.0,75.2712,0.0,82.1713,82.1713,75.2712,0.0188,21.8907,58.6897,3463
2016-07-07 08:00:00,107.64,transfer,1.0,76.5975,0.0,80.4463,80.4463,76.5975,0.0168,21.9745,59.1266,3464
2016-07-07 09:00:00,116.37,transfer,1.0,77.4934,0.0,64.5062,64.5062,77.4934,0.0147,22.0646,59.6336,3465
2016-07-07 10:00:00,115.28,transfer,1.0,77.9898,0.0,77.6228,77.6228,77.9898,0.0129,22.1091,60.1481,3466
2016-07-07 11:00:00,119.73,transfer,1.0,78.5063,0.0,91.8329,91.8329,78.5063,0.0116,22.2241,60.7667,3467
2016-07-07 12:00:00,118.54,transfer,1.0,78.7976,0.0,84.7923,84.7923,78.7976,0.0105,22.3125,61.3734,3468
2016-07-07 13:00:00,125.62,transfer,1.0,78.9642,0.0,85.3369,85.3369,78.9642,0.0099,22.4275,62.0162,3469
2016-07-07 14:00:00,136.82,transfer,1.0,79.0146,0.0,72.6464,72.6464,79.0146,0.0092,22.5956,62.7191,3470
2016-07-07 15:00:00,138.97,transfer,1.0,78.9856,0.0,87.1623,87.1623,78.9856,0.0088,22.7906,63.4558,3471
2016-07-07 16:00:00,136.28,transfer,1.0,79.0696,0.0,87.286,87.286,79.0696,0.0088,22.9383,64.154,3472
2016-07-07 17:00:00,129.52,transfer,1.0,79.0956,0.0,88.0462,88.0462,79.0956,0.0086,23.0736,64.8504,3473
2016-07-07 18:00:00,74.47,transfer,1.0,79.0444,0.0,84.829,84.829,79.0444,0.0089,23.0401,65.1316,3474
2016-07-07 19:00:00,68.56,transfer,1.0,78.6918,0.0,80.8753,80.8753,78.6918,0.0089,23.0266,65.352,3475
2016-07-07 20:00:00,70.58,transfer,1.0,77.5254,0.0,96.8979,96.8979,77.5254,0.0098,23.0154,65.5887,3476
2016-07-07 21:00:00,73.61,transfer,1.0,75.769,0.0,80.4639,80.4639,75.769,0.0112,22.973,65.8211,3477
2016-07-07 22:00:00,73.9,transfer,1.0,74.0422,0.0,58.4429,58.4429,74.0422,0.0125,22.9321,66.0535,3478
2016-07-07 23:00:00,60.32,transfer,1.0,72.7041,0.0,76.92,76.92,72.7041,0.0137,22.9226,66.1506,3479
2016-07-08 00:00:00,55.29,transfer,1.0,71.6629,0.0,69.5495,69.5495,71.6629,0.0151,22.9321,66.2047,3480
2016-07-08 01:00:00,54.61,transfer,1.0,70.4035,0.0,77.583,77.583,70.4035,0.0166,22.9455,66.255,3481
2016-07-08 02:00:00,54.42,transfer,1.0,69.3125,0.0,70.6966,70.6966,69.3125,0.0182,22.9579,66.3287,3482
2016-07-08 03:00:00,59.81,transfer,1.0,68.9633,0.0,69.9645,69.9645,68.9633,0.0202,22.9346,66.4291,3483
2016-07-08 04:00:00,106.33,transfer,1.0,69.4466,0.0,74.0742,74.0742,69.4466,0.0223,22.9903,66.5603,3484
2016-07-08 05:00:00,109.37,transfer,1.0,71.0102,0.0,67.7103,67.7103,71.0102,0.0222,23.0697,66.7104,3485
2016-07-08 06:00:00,97.74,transfer,1.0,73.713,0.0,73.7153,73.7153,73.713,0.0211,23.1279,66.8268,3486
2016-07-08 07:00:00,114.38,transfer,1.0,76.1785,0.0,81.3324,81.3324,76.1785,0.0195,23.1893,66.9294,3487
2016-07-08 08:00:00,123.19,transfer,1.0,78.0546,0.0,83.3673,83.3673,78.0546,0.0175,23.258,67.0241,3488
2016-07-08 09:00:00,128.56,transfer,1.0,79.3828,0.0,74.35,74.35,79.3828,0.0151,23.3477,67.1311,3489
2016-07-08 10:00:00,132.64,transfer,1.0,80.2384,0.0,83.9977,83.9977,80.2384,0.0128,23.4254,67.2228,3490
2016-07-08 11:00:00,139.95,transfer,1.0,80.824,0.0,99.0775,99.0775,80.824,0.011,23.5192,67.3294,3491
2016-07-08 12:00:00,139.55,transfer,1.0,81.2303,0.0,84.6702,84.6702,81.2303,0.0101,23.6176,67.4405,3492
2016-07-08 13:00:00,136.45,transfer,1.0,81.4787,0.0,88.7256,88.7256,81.4787,0.0091,23.6846,67.5204,3493
2016-07-08 14:00:00,137.33,transfer,1.0,81.5816,0.0,88.9025,88.9025,81.5816,0.0084,23.7388,67.5882,3494
2016-07-08 15:00:00,129.53,transfer,1.0,81.5782,0.0,86.1737,86.1737,81.5782,0.0083,23.7619,67.6261,3495
2016-07-08 16:00:00,120.83,transfer,1.0,81.3841,0.0,76.7591,76.7591,81.3841,0.0083,23.7172,67.5974,3496
2016-07-08 17:00:00,121.72,transfer,1.0,81.1625,0.0,80.7327,80.7327,81.1625,0.0092,23.7507,67.6494,3497
2016-07-08 18:00:00,70.71,transfer,1.0,80.7227,0.0,79.0013,79.0013,80.7227,0.0097,23.7342,67.6894,3498
2016-07-08 19:00:00,69.12,transfer,1.0,80.1183,0.0,78.9265,78.9265,80.1183,0.0097,23.7058,67.7908,3499
2016-07-08 20:00:00,66.38,transfer,1.0,79.0264,0.0,74.7862,74.7862,79.0264,0.0109,23.6972,68.1679,3500
2016-07-08 21:00:00,65.54,transfer,1.0,77.5888,0.0,92.5274,92.5274,77.5888,0.0128,23.6888,68.3983,3501
2016-07-08 22:00:00,63.23,transfer,1.0,76.0784,0.0,65.6398,65.6398,76.0784,0.0146,23.6988,68.6004,3502
2016-07-08 23:00:00,55.61,transfer,1.0,74.667,0.0,65.7504,65.7504,74.667,0.0163,23.7264,68.6299,3503
2016-07-09 00:00:00,49.01,transfer,1.0,73.3587,0.0,74.0926,74.0926,73.3587,0.018,23.7592,68.6573,3504
2016-07-09 01:00:00,48.13,transfer,1.0,71.0519,0.0,71.671,71.671,71.0519,0.0181,23.7897,68.6858,3505
2016-07-09 02:00:00,48.47,transfer,1.0,68.3912,0.0,77.5318,77.5318,68.3912,0.0176,23.8115,68.7195,3506
2016-07-09 03:00:00,53.1,transfer,1.0,65.921,0.0,71.2996,71.2996,65.921,0.0171,23.7998,68.7815,3507
2016-07-09 04:00:00,105.31,transfer,1.0,64.3379,0.0,76.731,76.731,64.3379,0.0166,23.8797,68.9101,3508
2016-07-09 05:00:00,100.57,transfer,1.0,63.4236,0.0,63.8422,63.8422,63.4236,0.015,23.9218,68.9978,3509
2016-07-09 06:00:00,93.6,transfer,1.0,63.8991,0.0,55.6254,55.6254,63.8991,0.0133,23.9866,69.1007,3510
2016-07-09 07:00:00,107.15,transfer,1.0,64.7948,0.0,72.6563,72.6563,64.7948,0.0117,24.1042,69.2448,3511
2016-07-09 08:00:00,116.96,transfer,1.0,65.4938,0.0,52.7308,52.7308,65.4938,0.0103,24.2306,69.3871,3512
2016-07-09 09:00:00,113.21,transfer,1.0,65.8356,0.0,63.0344,63.0344,65.8356,0.0095,24.3155,69.4825,3513
2016-07-09 10:00:00,116.55,transfer,1.0,65.9882,0.0,50.8227,50.8227,65.9882,0.0093,24.4329,69.6068,3514
2016-07-09 11:00:00,119.22,transfer,1.0,65.7408,0.0,64.3513,64.3513,65.7408,0.0093,24.5575,69.7345,3515
2016-07-09 12:00:00,119.58,transfer,1.0,65.2098,0.0,73.7466,73.7466,65.2098,0.0096,24.7162,69.8942,3516
2016-07-09 13:00:00,122.65,transfer,1.0,64.363,0.0,69.9635,69.9635,64.363,0.0099,24.9235,70.1011,3517
2016-07-09 14:00:00,121.47,transfer,1.0,63.2198,0.0,73.008,73.008,63.2198,0.01,25.1225,70.3007,3518
2016-07-09 15:00:00,118.61,transfer,1.0,61.9664,0.0,62.4127,62.4127,61.9664,0.0107,25.2779,70.46,3519
2016-07-09 16:00:00,125.23,transfer,1.0,60.336,0.0,69.5683,69.5683,60.336,0.011,25.4718,70.6605,3520
2016-07-09 17:00:00,122.92,transfer,1.0,59.2959,0.0,70.9897,70.9897,59.2959,0.0101,25.6288,70.8296,3521
2016-07-09 18:00:00,68.96,transfer,1.0,58.5009,0.0,69.7096,69.7096,58.5009,0.0091,25.6877,70.9131,3522
2016-07-09 19:00:00,63.61,transfer,1.0,57.8039,0.0,48.6988,48.6988,57.8039,0.0087,25.6955,70.9958,3523
2016-07-09 20:00:00,65.5,transfer,1.0,56.2174,0.0,54.6641,54.6641,56.2174,0.0089,25.7498,71.0722,3524
2016-07-09 21:00:00,61.21,transfer,1.0,54.1773,0.0,59.7488,59.7488,54.1773,0.0096,25.7777,71.1444,3525
2016-07-09 22:00:00,61.72,transfer,1.0,52.509,0.0,44.1401,44.1401,52.509,0.0105,25.8268,71.2159,3526
2016-07-09 23:00:00,51.0,transfer,1.0,51.2351,0.0,50.663,50.663,51.2351,0.0115,25.789,71.2586,3527
2016-07-10 00:00:00,46.99,transfer,1.0,50.3879,0.0,53.2836,53.2836,50.3879,0.0128,25.7586,71.2872,3528
2016-07-10 01:00:00,46.82,transfer,1.0,49.8416,0.0,48.7666,48.7666,49.8416,0.0143,25.7216,71.3156,3529
2016-07-10 02:00:00,45.93,transfer,1.0,49.5877,0.0,43.5626,43.5626,49.5877,0.0158,25.6805,71.3468,3530
2016-07-10 03:00:00,45.2,transfer,1.0,49.7794,0.0,46.2102,46.2102,49.7794,0.0173,25.636,71.3833,3531
2016-07-10 04:00:00,94.18,transfer,1.0,50.39,0.0,52.9809,52.9809,50.39,0.0184,25.7689,71.5122,3532
2016-07-10 05:00:00,97.27,transfer,1.0,51.186,0.0,44.9018,44.9018,51.186,0.0172,25.9097,71.651,3533
2016-07-10 06:00:00,86.8,transfer,1.0,53.4018,0.0,56.8213,56.8213,53.4018,0.0154,26.0273,71.7684,3534
2016-07-10 07:00:00,97.6,transfer,1.0,56.4731,0.0,58.0319,58.0319,56.4731,0.0136,26.213,71.9569,3535
2016-07-10 08:00:00,102.75,transfer,1.0,59.1813,0.0,56.348,56.348,59.1813,0.0117,26.4063,72.1534,3536
2016-07-10 09:00:00,99.55,transfer,1.0,60.9966,0.0,68.996,68.996,60.9966,0.0096,26.6004,72.3505,3537
2016-07-10 10:00:00,101.9,transfer,1.0,62.1578,0.0,63.8071,63.8071,62.1578,0.0078,26.781,72.5336,3538
2016-07-10 11:00:00,100.45,transfer,1.0,62.6627,0.0,66.0552,66.0552,62.6627,0.0063,26.9484,72.7029,3539
2016-07-10 12:00:00,104.84,transfer,1.0,62.6554,0.0,62.7471,62.7471,62.6554,0.0053,27.1243,72.8815,3540
2016-07-10 13:00:00,105.62,transfer,1.0,62.1378,0.0,62.2815,62.2815,62.1378,0.005,27.2866,73.0486,3541
2016-07-10 14:00:00,102.54,transfer,1.0,61.2287,0.0,46.6726,46.6726,61.2287,0.0049,27.4192,73.1926,3542
2016-07-10 15:00:00,104.09,transfer,1.0,60.0985,0.0,59.1252,59.1252,60.0985,0.0047,27.5492,73.3591,3543
2016-07-10 16:00:00,107.2,transfer,1.0,58.6339,0.0,49.0251,49.0251,58.6339,0.0049,27.7032,73.8382,3544
2016-07-10 17:00:00,106.46,transfer,1.0,57.0328,0.0,54.5599,54.5599,57.0328,0.0049,27.8576,74.4269,3545
2016-07-10 18:00:00,66.41,transfer,1.0,55.4887,0.0,58.6902,58.6902,55.4887,0.0048,27.913,74.6061,3546
2016-07-10 19:00:00,60.1,transfer,1.0,54.2973,0.0,49.3018,49.3018,54.2973,0.0052,27.9234,74.7222,3547
2016-07-10 20:00:00,60.65,transfer,1.0,52.867,0.0,55.773,55.773,52.867,0.0061,27.9611,74.8654,3548
2016-07-10 21:00:00,57.37,transfer,1.0,51.2491,0.0,52.1816,52.1816,51.2491,0.0073,27.9812,74.9558,3549
2016-07-10 22:00:00,57.11,transfer,1.0,49.9988,0.0,38.8705,38.8705,49.9988,0.0089,28.0161,75.0632,3550
2016-07-10 23:00:00,51.48,transfer,1.0,49.1281,0.0,47.1614,47.1614,49.1281,0.0104,27.988,75.0849,3551
2016-07-11 00:00:00,45.14,transfer,1.0,48.6392,0.0,53.923,53.923,48.6392,0.0124,27.957,75.0595,3552
2016-07-11 01:00:00,44.67,transfer,1.0,48.9569,0.0,51.6623,51.6623,48.9569,0.0166,27.9223,75.1477,3553
2016-07-11 02:00:00,44.45,transfer,1.0,49.8381,0.0,56.7816,56.7816,49.8381,0.0219,27.8828,75.1923,3554
2016-07-11 03:00:00,44.47,transfer,1.0,51.3977,0.0,44.8857,44.8857,51.3977,0.3936,27.8363,75.2599,3555
2016-07-11 04:00:00,85.76,transfer,1.0,53.7057,0.0,43.8464,43.8464,53.7057,1.7033,27.9204,75.3914,3556
2016-07-11 05:00:00,86.48,transfer,1.0,56.4721,0.0,52.9552,52.9552,56.4721,2.2952,28.017,75.5796,3557
2016-07-11 06:00:00,77.55,transfer,1.0,60.8959,0.0,56.0915,56.0915,60.8959,2.2855,28.1102,75.8316,3558
2016-07-11 07:00:00,87.48,transfer,1.0,65.7235,0.0,67.5611,67.5611,65.7235,2.0497,28.1969,76.2521,3559
2016-07-11 08:00:00,93.85,transfer,1.0,69.7037,0.0,72.08,72.08,69.7037,1.4939,28.2931,76.7898,3560
2016-07-11 09:00:00,100.81,transfer,1.0,72.3645,0.0,61.4877,61.4877,72.3645,0.6488,28.3985,77.3192,3561
2016-07-11 10:00:00,100.24,transfer,1.0,74.1321,0.0,76.9792,76.9792,74.1321,0.047,28.482,77.8025,3562
2016-07-11 11:00:00,103.07,transfer,1.0,75.331,0.0,65.6981,65.6981,75.331,0.0188,28.5832,78.2897,3563
2016-07-11 12:00:00,104.05,transfer,1.0,75.947,0.0,74.9647,74.9647,75.947,0.0161,28.6874,78.77,3564
2016-07-11 13:00:00,104.18,transfer,1.0,76.1123,0.0,65.6969,65.6969,76.1123,0.0138,28.8041,79.2525,3565
2016-07-11 14:00:00,108.42,transfer,1.0,75.7885,0.0,80.4426,80.4426,75.7885,0.0122,28.9648,79.7631,3566
2016-07-11 15:00:00,110.06,transfer,1.0,75.0048,0.0,81.0318,81.0318,75.0048,0.011,29.1656,80.2923,3567
2016-07-11 16:00:00,110.98,transfer,1.0,73.9275,0.0,75.8699,75.8699,73.9275,0.0102,29.3659,80.8314,3568
2016-07-11 17:00:00,101.77,transfer,1.0,72.5315,0.0,69.3963,69.3963,72.5315,0.0099,29.5072,81.3063,3569
2016-07-11 18:00:00,59.24,transfer,1.0,70.9028,0.0,57.8508,57.8508,70.9028,0.0104,29.4654,81.367,3570
2016-07-11 19:00:00,54.74,transfer,1.0,68.8293,0.0,76.6977,76.6977,68.8293,0.0112,29.4372,81.386,3571
2016-07-11 20:00:00,54.7,transfer,1.0,65.8574,0.0,64.7851,64.7851,65.8574,0.0141,29.4316,81.4315,3572
2016-07-11 21:00:00,56.28,transfer,1.0,62.5581,0.0,67.3078,67.3078,62.5581,0.2051,29.3925,81.4713,3573
2016-07-11 22:00:00,55.33,transfer,1.0,59.8216,0.0,59.0831,59.0831,59.8216,75.7317,29.3504,81.3003,3574
2016-07-11 23:00:00,57.2,transfer,1.0,57.7941,0.0,55.3817,55.3817,57.7941,89.1046,29.2845,81.194,3575
2016-07-12 00:00:00,50.62,transfer,1.0,56.361,0.0,65.7978,65.7978,56.361,89.0372,29.25,81.127,3576
2016-07-12 01:00:00,50.78,transfer,1.0,55.6794,0.0,51.0266,51.0266,55.6794,0.0249,29.2083,81.1342,3577
2016-07-12 02:00:00,56.04,transfer,1.0,55.5909,0.0,51.1168,51.1168,55.5909,0.0326,29.1307,81.1704,3578
2016-07-12 03:00:00,49.85,transfer,1.0,56.3306,0.0,57.0714,57.0714,56.3306,0.3933,29.0862,81.1693,3579
2016-07-12 04:00:00,96.11,transfer,1.0,58.7067,0.0,58.1251,58.1251,58.7067,1.2103,29.1422,81.5323,3580
2016-07-12 05:00:00,90.89,transfer,1.0,61.6629,0.0,47.8957,47.8957,61.6629,1.1421,29.1543,81.9481,3581
2016-07-12 06:00:00,82.44,transfer,1.0,66.1376,0.0,73.8626,73.8626,66.1376,0.5693,29.1458,82.4171,3582
2016-07-12 07:00:00,99.64,transfer,1.0,70.2128,0.0,55.6625,55.6625,70.2128,0.1027,29.1716,82.959,3583
2016-07-12 08:00:00,111.52,transfer,1.0,73.299,0.0,68.8912,68.8912,73.299,0.0214,29.2053,83.5236,3584
2016-07-12 09:00:00,117.24,transfer,1.0,75.4985,0.0,80.207,80.207,75.4985,0.0179,29.2131,84.0677,3585
2016-07-12 10:00:00,123.54,transfer,1.0,77.1516,0.0,77.7898,77.7898,77.1516,0.0148,29.2289,84.6218,3586
2016-07-12 11:00:00,124.16,transfer,1.0,78.3599,0.0,82.0137,82.0137,78.3599,0.0123,29.2222,85.1536,3587
2016-07-12 12:00:00,130.62,transfer,1.0,79.2547,0.0,78.7081,78.7081,79.2547,0.0106,29.2584,85.7281,3588
2016-07-12 13:00:00,122.52,transfer,1.0,79.8212,0.0,91.8837,91.8837,79.8212,0.0093,29.2456,86.2533,3589
2016-07-12 14:00:00,133.01,transfer,1.0,80.1947,0.0,74.545,74.545,80.1947,0.0086,29.2391,86.7855,3590
2016-07-12 15:00:00,123.27,transfer,1.0,80.2658,0.0,75.343,75.343,80.2658,0.0081,29.2295,87.3142,3591
2016-07-12 16:00:00,118.49,transfer,1.0,80.2392,0.0,57.009,57.009,80.2392,0.0082,29.153,87.7755,3592
2016-07-12 17:00:00,113.33,transfer,1.0,79.9305,0.0,75.3045,75.3045,79.9305,0.008,29.1063,88.2667,3593
2016-07-12 18:00:00,68.79,transfer,1.0,79.3296,0.0,65.2136,65.2136,79.3296,0.0088,29.1112,88.5539,3594
2016-07-12 19:00:00,62.32,transfer,1.0,78.373,0.0,90.6124,90.6124,78.373,0.0092,29.1214,88.7706,3595
2016-07-12 20:00:00,63.44,transfer,1.0,76.7031,0.0,66.1474,66.1474,76.7031,0.0095,29.1258,88.9948,3596
2016-07-12 21:00:00,59.39,transfer,1.0,74.4503,0.0,73.2339,73.2339,74.4503,0.0112,29.1471,89.1871,3597
2016-07-12 22:00:00,60.25,transfer,1.0,72.1544,0.0,63.4747,63.4747,72.1544,0.0134,29.158,89.3776,3598
2016-07-12 23:00:00,50.98,transfer,1.0,69.7344,0.0,75.1449,75.1449,69.7344,0.0154,29.1705,89.4589,3599
2016-07-13 00:00:00,46.82,transfer,1.0,67.6992,0.0,57.2347,57.2347,67.6992,0.0177,29.1841,89.49,3600
2016-07-13 01:00:00,46.77,transfer,1.0,65.6149,0.0,54.9266,54.9266,65.6149,0.0201,29.1924,89.5168,3601
2016-07-13 02:00:00,46.6,transfer,1.0,64.0629,0.0,74.3968,74.3968,64.0629,0.0225,29.2016,89.5106,3602
2016-07-13 03:00:00,47.4,transfer,1.0,63.3147,0.0,65.717,65.717,63.3147,0.024,29.2075,89.5082,3603
2016-07-13 04:00:00,106.0,transfer,1.0,63.7732,0.0,66.1571,66.1571,63.7732,0.0251,29.2222,89.5291,3604
2016-07-13 05:00:00,102.69,transfer,1.0,65.7793,0.0,67.992,67.992,65.7793,0.0244,29.1693,89.4854,3605
2016-07-13 06:00:00,96.34,transfer,1.0,70.0667,0.0,76.4037,76.4037,70.0667,0.0224,29.1414,89.4683,3606
2016-07-13 07:00:00,108.01,transfer,1.0,73.6999,0.0,73.9506,73.9506,73.6999,0.0191,29.0872,89.4236,3607
2016-07-13 08:00:00,117.84,transfer,1.0,76.4409,0.0,88.2634,88.2634,76.4409,0.0164,29.0363,89.38,3608
2016-07-13 09:00:00,116.67,transfer,1.0,78.2783,0.0,91.046,91.046,78.2783,0.0142,28.9672,89.3149,3609
2016-07-13 10:00:00,129.21,transfer,1.0,79.4308,0.0,93.0632,93.0632,79.4308,0.0124,28.9204,89.2698,3610
2016-07-13 11:00:00,124.09,transfer,1.0,80.1264,0.0,67.1873,67.1873,80.1264,0.0111,28.7857,89.1348,3611
2016-07-13 12:00:00,130.79,transfer,1.0,80.6298,0.0,68.2719,68.2719,80.6298,0.0098,28.7732,89.1206,3612
2016-07-13 13:00:00,133.64,transfer,1.0,80.8769,0.0,84.7753,84.7753,80.8769,0.0089,28.7501,89.0943,3613
2016-07-13 14:00:00,131.4,transfer,1.0,80.9862,0.0,54.6846,54.6846,80.9862,0.0082,28.7806,89.1208,3614
2016-07-13 15:00:00,124.22,transfer,1.0,81.0042,0.0,82.8453,82.8453,81.0042,0.0082,28.7298,89.0656,3615
2016-07-13 16:00:00,133.67,transfer,1.0,80.8669,0.0,78.0951,78.0951,80.8669,0.0081,28.7916,89.1226,3616
2016-07-13 17:00:00,131.43,transfer,1.0,80.5152,0.0,67.7296,67.7296,80.5152,0.0083,28.8136,89.1388,3617
2016-07-13 18:00:00,74.3,transfer,1.0,80.161,0.0,83.693,83.693,80.161,0.0081,28.7989,89.1474,3618
2016-07-13 19:00:00,71.78,transfer,1.0,79.6804,0.0,81.0359,81.0359,79.6804,0.008,28.7627,89.1768,3619
2016-07-13 20:00:00,68.7,transfer,1.0,78.5298,0.0,85.1278,85.1278,78.5298,0.0086,28.7602,89.1708,3620
2016-07-13 21:00:00,67.81,transfer,1.0,76.9235,0.0,80.4834,80.4834,76.9235,0.01,28.7226,89.1975,3621
2016-07-13 22:00:00,63.98,transfer,1.0,75.1517,0.0,75.0471,75.0471,75.1517,0.0115,28.7095,89.1966,3622
2016-07-13 23:00:00,55.42,transfer,1.0,73.3799,0.0,68.9553,68.9553,73.3799,0.0129,28.6983,89.191,3623
2016-07-14 00:00:00,49.84,transfer,1.0,71.48,0.0,68.7592,68.7592,71.48,0.0141,28.6792,89.1893,3624
2016-07-14 01:00:00,50.78,transfer,1.0,69.2112,0.0,75.8672,75.8672,69.2112,0.0153,28.6459,89.1964,3625
2016-07-14 02:00:00,54.52,transfer,1.0,66.9351,0.0,71.5241,71.5241,66.9351,0.0166,28.5754,89.235,3626
2016-07-14 03:00:00,54.75,transfer,1.0,64.9606,0.0,53.9958,53.9958,64.9606,0.0178,28.5187,89.254,3627
2016-07-14 04:00:00,101.17,transfer,1.0,63.9546,0.0,71.8719,71.8719,63.9546,0.0195,28.5466,89.2419,3628
2016-07-14 05:00:00,104.39,transfer,1.0,64.7138,0.0,69.2838,69.2838,64.7138,0.0191,28.5901,89.2464,3629
2016-07-14 06:00:00,93.05,transfer,1.0,67.1921,0.0,66.2608,66.2608,67.1921,0.0177,28.6076,89.2265,3630
2016-07-14 07:00:00,113.17,transfer,1.0,69.7625,0.0,64.872,64.872,69.7625,0.0159,28.6999,89.2861,3631
2016-07-14 08:00:00,128.17,transfer,1.0,72.1325,0.0,72.017,72.017,72.1325,0.0143,28.8487,89.4083,3632
2016-07-14 09:00:00,130.82,transfer,1.0,74.1551,0.0,69.3921,69.3921,74.1551,0.0126,28.9546,89.4943,3633
2016-07-14 10:00:00,139.5,transfer,1.0,75.8953,0.0,85.3159,85.3159,75.8953,0.0111,29.1112,89.6385,3634
2016-07-14 11:00:00,146.49,transfer,1.0,77.2978,0.0,79.8088,79.8088,77.2978,0.01,29.2777,89.7978,3635
2016-07-14 12:00:00,142.46,transfer,1.0,78.4066,0.0,65.2567,65.2567,78.4066,0.0089,29.4224,89.9402,3636
2016-07-14 13:00:00,146.46,transfer,1.0,79.2646,0.0,78.4214,78.4214,79.2646,0.0083,29.5447,90.0642,3637
2016-07-14 14:00:00,148.44,transfer,1.0,79.8198,0.0,89.8076,89.8076,79.8198,0.0079,29.6091,90.1334,3638
2016-07-14 15:00:00,153.4,transfer,1.0,80.2161,0.0,79.5949,79.5949,80.2161,0.0078,29.6876,90.2193,3639
2016-07-14 16:00:00,144.39,transfer,1.0,80.4796,0.0,84.4346,84.4346,80.4796,0.0079,29.7275,90.2676,3640
2016-07-14 17:00:00,136.65,transfer,1.0,80.6681,0.0,79.7897,79.7897,80.6681,0.0079,29.7606,90.31,3641
2016-07-14 18:00:00,78.42,transfer,1.0,80.6697,0.0,76.1766,76.1766,80.6697,0.0078,29.7468,90.3336,3642
2016-07-14 19:00:00,67.14,transfer,1.0,80.3577,0.0,77.7237,77.7237,80.3577,0.0075,29.7651,90.3251,3643
2016-07-14 20:00:00,60.36,transfer,1.0,79.4333,0.0,62.7035,62.7035,79.4333,0.0082,29.8373,90.2643,3644
2016-07-14 21:00:00,63.88,transfer,1.0,77.8845,0.0,81.7086,81.7086,77.8845,0.0096,29.9078,90.2064,3645
2016-07-14 22:00:00,63.79,transfer,1.0,75.931,0.0,55.233,55.233,75.931,0.0112,29.9792,90.1462,3646
2016-07-14 23:00:00,63.31,transfer,1.0,74.0507,0.0,83.3809,83.3809,74.0507,0.0126,29.9695,90.164,3647
2016-07-15 00:00:00,62.71,transfer,1.0,72.3945,0.0,73.1685,73.1685,72.3945,0.0138,29.9296,90.2082,3648
2016-07-15 01:00:00,61.21,transfer,1.0,70.545,0.0,64.2593,64.2593,70.545,0.0149,29.8912,90.2475,3649
2016-07-15 02:00:00,69.12,transfer,1.0,69.1784,0.0,68.3397,68.3397,69.1784,0.0166,29.8029,90.335,3650
2016-07-15 03:00:00,58.54,transfer,1.0,68.6289,0.0,67.0764,67.0764,68.6289,0.0181,29.8085,90.3274,3651
2016-07-15 04:00:00,112.05,transfer,1.0,69.2019,0.0,68.7053,68.7053,69.2019,0.02,29.844,90.3615,3652
2016-07-15 05:00:00,114.95,transfer,1.0,71.1395,0.0,62.4692,62.4692,71.1395,0.0195,29.8764,90.3947,3653
2016-07-15 06:00:00,109.98,transfer,1.0,73.7312,0.0,65.8201,65.8201,73.7312,0.018,29.9492,90.4676,3654
2016-07-15 07:00:00,117.17,transfer,1.0,75.9251,0.0,92.9754,92.9754,75.9251,0.0164,29.9673,90.4842,3655
2016-07-15 08:00:00,130.21,transfer,1.0,77.7291,0.0,50.5854,50.5854,77.7291,0.0146,30.011,90.526,3656
2016-07-15 09:00:00,133.53,transfer,1.0,78.9634,0.0,80.2332,80.2332,78.9634,0.0128,30.0431,90.5556,3657
2016-07-15 10:00:00,134.76,transfer,1.0,79.7873,0.0,77.2062,77.2062,79.7873,0.0109,30.0584,90.5683,3658
2016-07-15 11:00:00,130.52,transfer,1.0,80.3873,0.0,76.6755,76.6755,80.3873,0.0094,30.0049,90.5121,3659
2016-07-15 12:00:00,130.83,transfer,1.0,80.8149,0.0,88.3049,88.3049,80.8149,0.0083,29.9554,90.4603,3660
2016-07-15 13:00:00,137.53,transfer,1.0,81.0354,0.0,63.8075,63.8075,81.0354,0.0079,29.9645,90.4667,3661
2016-07-15 14:00:00,142.15,transfer,1.0,81.0986,0.0,61.5623,61.5623,81.0986,0.0073,29.9961,90.4954,3662
2016-07-15 15:00:00,132.7,transfer,1.0,81.1137,0.0,77.1585,77.1585,81.1137,0.0073,30.0177,90.5143,3663
2016-07-15 16:00:00,128.58,transfer,1.0,81.0515,0.0,101.9327,101.9327,81.0515,0.0071,30.0658,90.5604,3664
2016-07-15 17:00:00,122.51,transfer,1.0,80.8271,0.0,62.9238,62.9238,80.8271,0.0073,30.0725,90.5651,3665
2016-07-15 18:00:00,72.6,transfer,1.0,80.492,0.0,72.5467,72.5467,80.492,0.0076,30.0599,90.5764,3666
2016-07-15 19:00:00,68.02,transfer,1.0,79.9921,0.0,67.8637,67.8637,79.9921,0.0085,30.0657,90.5698,3667
2016-07-15 20:00:00,67.12,transfer,1.0,78.9803,0.0,94.063,94.063,78.9803,0.0098,30.061,90.5742,3668
2016-07-15 21:00:00,65.21,transfer,1.0,77.5482,0.0,100.2576,100.2576,77.5482,0.0116,30.0627,90.5723,3669
2016-07-15 22:00:00,62.25,transfer,1.0,76.0882,0.0,74.1038,74.1038,76.0882,0.0136,30.0686,90.5665,3670
2016-07-15 23:00:00,53.42,transfer,1.0,74.7108,0.0,66.1212,66.1212,74.7108,0.0154,30.0819,90.5534,3671
2016-07-16 00:00:00,51.83,transfer,1.0,73.2706,0.0,73.5379,73.5379,73.2706,0.0169,30.0646,90.5702,3672
2016-07-16 01:00:00,54.63,transfer,1.0,70.8743,0.0,72.7868,72.7868,70.8743,0.0176,30.0249,90.6089,3673
2016-07-16 02:00:00,53.31,transfer,1.0,68.3711,0.0,73.0978,73.0978,68.3711,0.0183,29.9959,90.6377,3674
2016-07-16 03:00:00,53.63,transfer,1.0,66.6429,0.0,69.2925,69.2925,66.6429,0.0191,29.9971,90.6409,3675
2016-07-16 04:00:00,106.65,transfer,1.0,65.3104,0.0,64.8676,64.8676,65.3104,0.0198,29.9993,90.6488,3676
2016-07-16 05:00:00,97.0,transfer,1.0,64.8544,0.0,59.7864,59.7864,64.8544,0.0179,29.9695,90.6276,3677
2016-07-16 06:00:00,94.22,transfer,1.0,65.4323,0.0,68.1599,68.1599,65.4323,0.0155,29.9641,90.6312,3678
2016-07-16 07:00:00,109.21,transfer,1.0,66.0855,0.0,72.5593,72.5593,66.0855,0.0132,29.9686,90.6435,3679
2016-07-16 08:00:00,120.58,transfer,1.0,66.4476,0.0,67.949,67.949,66.4476,0.0112,29.9845,90.665,3680
2016-07-16 09:00:00,122.12,transfer,1.0,66.6176,0.0,48.5493,48.5493,66.6176,0.0096,30.0329,90.7181,3681
2016-07-16 10:00:00,124.24,transfer,1.0,66.6052,0.0,66.7964,66.7964,66.6052,0.0082,30.075,90.7638,3682
2016-07-16 11:00:00,122.42,transfer,1.0,66.5908,0.0,82.922,82.922,66.5908,0.0077,30.089,90.7829,3683
2016-07-16 12:00:00,119.45,transfer,1.0,66.4887,0.0,61.3983,61.3983,66.4887,0.0073,30.0806,90.7821,3684
2016-07-16 13:00:00,132.17,transfer,1.0,66.1958,0.0,81.9396,81.9396,66.1958,0.0064,30.1263,90.8388,3685
2016-07-16 14:00:00,127.53,transfer,1.0,65.4336,0.0,60.9779,60.9779,65.4336,0.0058,30.1492,90.8749,3686
2016-07-16 15:00:00,130.8,transfer,1.0,64.6747,0.0,61.6275,61.6275,64.6747,0.0055,30.2057,90.9475,3687
2016-07-16 16:00:00,129.88,transfer,1.0,63.6563,0.0,70.0894,70.0894,63.6563,0.0054,30.2136,90.9752,3688
2016-07-16 17:00:00,119.52,transfer,1.0,62.5982,0.0,52.7349,52.7349,62.5982,0.0054,30.1737,90.955,3689
2016-07-16 18:00:00,66.81,transfer,1.0,61.1924,0.0,63.4598,63.4598,61.1924,0.0047,30.1449,90.9422,3690
2016-07-16 19:00:00,60.24,transfer,1.0,58.7463,0.0,66.7526,66.7526,58.7463,0.0074,30.1192,90.9222,3691
2016-07-16 20:00:00,63.5,transfer,1.0,56.6164,0.0,63.9789,63.9789,56.6164,0.0084,30.1049,90.9103,3692
2016-07-16 21:00:00,59.98,transfer,1.0,54.4293,0.0,60.5958,60.5958,54.4293,0.0095,30.0961,90.903,3693
2016-07-16 22:00:00,58.64,transfer,1.0,52.9254,0.0,58.7288,58.7288,52.9254,0.0107,30.0753,90.8846,3694
2016-07-16 23:00:00,47.64,transfer,1.0,51.8719,0.0,53.9286,53.9286,51.8719,0.0115,30.0991,90.8646,3695
2016-07-17 00:00:00,46.11,transfer,1.0,51.1155,0.0,60.5349,60.5349,51.1155,0.0121,30.1087,90.8594,3696
2016-07-17 01:00:00,45.66,transfer,1.0,50.5469,0.0,49.7529,49.7529,50.5469,0.0127,30.1198,90.8525,3697
2016-07-17 02:00:00,45.65,transfer,1.0,50.2879,0.0,53.3837,53.3837,50.2879,0.0133,30.1256,90.8509,3698
2016-07-17 03:00:00,45.62,transfer,1.0,50.4143,0.0,57.2631,57.2631,50.4143,0.014,30.1269,90.8534,3699
2016-07-17 04:00:00,92.01,transfer,1.0,51.0629,0.0,49.8565,49.8565,51.0629,0.0148,30.11,90.8405,3700
2016-07-17 05:00:00,94.61,transfer,1.0,51.965,0.0,55.145,55.145,51.965,0.0139,30.0895,90.8247,3701
2016-07-17 06:00:00,85.0,transfer,1.0,53.8017,0.0,52.3673,52.3673,53.8017,0.013,30.0764,90.814,3702
2016-07-17 07:00:00,101.52,transfer,1.0,56.2209,0.0,48.3309,48.3309,56.2209,0.0116,30.1012,90.8373,3703
2016-07-17 08:00:00,105.39,transfer,1.0,58.1818,0.0,51.7009,51.7009,58.1818,0.0102,30.1229,90.853,3704
2016-07-17 09:00:00,106.33,transfer,1.0,59.3969,0.0,60.125,60.125,59.3969,0.0089,30.1728,90.8934,3705
2016-07-17 10:00:00,110.77,transfer,1.0,59.9699,0.0,56.3718,56.3718,59.9699,0.0081,30.2386,90.9462,3706
2016-07-17 11:00:00,115.78,transfer,1.0,60.1404,0.0,62.4119,62.4119,60.1404,0.0069,30.3448,91.0374,3707
2016-07-17 12:00:00,109.08,transfer,1.0,59.9633,0.0,59.8015,59.8015,59.9633,0.0063,30.3861,91.0627,3708
2016-07-17 13:00:00,111.37,transfer,1.0,59.6307,0.0,60.1441,60.1441,59.6307,0.0059,30.4353,91.0969,3709
2016-07-17 14:00:00,117.92,transfer,1.0,58.7885,0.0,65.3952,65.3952,58.7885,0.0055,30.5413,91.1884,3710
2016-07-17 15:00:00,118.92,transfer,1.0,57.6201,0.0,63.105,63.105,57.6201,0.0052,30.6444,91.2767,3711
2016-07-17 16:00:00,119.82,transfer,1.0,56.4319,0.0,58.0498,58.0498,56.4319,0.0049,30.7326,91.3518,3712
2016-07-17 17:00:00,118.81,transfer,1.0,55.2864,0.0,49.057,49.057,55.2864,0.0048,30.8165,91.4253,3713
2016-07-17 18:00:00,69.63,transfer,1.0,54.1184,0.0,62.5301,62.5301,54.1184,0.0049,30.8438,91.4445,3714
2016-07-17 19:00:00,64.21,transfer,1.0,53.1009,0.0,50.7427,50.7427,53.1009,0.0053,30.8754,91.469,3715
2016-07-17 20:00:00,65.87,transfer,1.0,51.6193,0.0,55.7369,55.7369,51.6193,0.0062,30.9139,91.5,3716
2016-07-17 21:00:00,65.0,transfer,1.0,49.886,0.0,54.1915,54.1915,49.886,0.0076,30.9674,91.5455,3717
2016-07-17 22:00:00,64.15,transfer,1.0,48.4929,0.0,43.5113,43.5113,48.4929,0.009,31.0183,91.5874,3718
2016-07-17 23:00:00,52.68,transfer,1.0,47.4924,0.0,45.3828,45.3828,47.4924,0.0102,31.0352,91.5945,3719
2016-07-18 00:00:00,49.81,transfer,1.0,46.8432,0.0,55.7631,55.7631,46.8432,0.0111,31.032,91.6223,3720
2016-07-18 01:00:00,49.81,transfer,1.0,46.7786,0.0,35.7465,35.7465,46.7786,0.0132,31.0245,91.6529,3721
2016-07-18 02:00:00,51.53,transfer,1.0,47.1308,0.0,50.9573,50.9573,47.1308,0.0155,31.0186,91.6951,3722
2016-07-18 03:00:00,53.4,transfer,1.0,47.7679,0.0,50.4503,50.4503,47.7679,0.0176,31.0109,91.7505,3723
2016-07-18 04:00:00,108.06,transfer,1.0,48.2799,0.0,54.6187,54.6187,48.2799,0.0202,31.176,91.8933,3724
2016-07-18 05:00:00,109.53,transfer,1.0,51.5192,0.0,49.7698,49.7698,51.5192,0.0199,31.3427,92.044,3725
2016-07-18 06:00:00,99.47,transfer,1.0,57.4147,0.0,71.9441,71.9441,57.4147,0.0187,31.4939,92.188,3726
2016-07-18 07:00:00,109.64,transfer,1.0,63.2011,0.0,56.4731,56.4731,63.2011,0.0167,31.6408,92.332,3727
2016-07-18 08:00:00,123.61,transfer,1.0,68.7832,0.0,60.5829,60.5829,68.7832,0.0146,31.8234,92.5179,3728
2016-07-18 09:00:00,120.74,transfer,1.0,73.0952,0.0,68.0815,68.0815,73.0952,0.0127,31.9377,92.6403,3729
2016-07-18 10:00:00,131.77,transfer,1.0,75.9022,0.0,86.1031,86.1031,75.9022,0.011,32.1148,92.8282,3730
2016-07-18 11:00:00,140.43,transfer,1.0,77.5619,0.0,64.1693,64.1693,77.5619,0.0094,32.3239,93.0507,3731
2016-07-18 12:00:00,140.6,transfer,1.0,78.7698,0.0,88.2342,88.2342,78.7698,0.0083,32.5247,93.2683,3732
2016-07-18 13:00:00,132.86,transfer,1.0,79.65,0.0,77.5303,77.5303,79.65,0.0076,32.6743,93.439,3733
2016-07-18 14:00:00,140.17,transfer,1.0,80.1993,0.0,62.8377,62.8377,80.1993,0.0071,32.8371,93.628,3734
2016-07-18 15:00:00,137.36,transfer,1.0,80.4411,0.0,86.5625,86.5625,80.4411,0.007,32.9672,93.7906,3735
2016-07-18 16:00:00,123.04,transfer,1.0,80.5255,0.0,70.0314,70.0314,80.5255,0.0073,32.9997,93.8624,3736
2016-07-18 17:00:00,102.56,transfer,1.0,80.3419,0.0,80.586,80.586,80.3419,0.0074,32.9579,93.8671,3737
2016-07-18 18:00:00,54.09,transfer,1.0,79.5104,0.0,104.756,104.756,79.5104,0.0084,33.0398,93.8364,3738
2016-07-18 19:00:00,51.32,transfer,1.0,78.3386,0.0,68.6424,68.6424,78.3386,0.0093,33.1168,93.8161,3739
2016-07-18 20:00:00,56.9,transfer,1.0,76.2448,0.0,86.7799,86.7799,76.2448,0.0108,33.1655,93.8292,3740
2016-07-18 21:00:00,62.1,transfer,1.0,73.4734,0.0,85.2395,85.2395,73.4734,0.0129,33.1958,93.865,3741
2016-07-18 22:00:00,59.67,transfer,1.0,70.9315,0.0,72.1459,72.1459,70.9315,0.0149,33.2361,94.0987,3742
2016-07-18 23:00:00,55.56,transfer,1.0,68.9341,0.0,64.1341,64.1341,68.9341,0.0167,33.3122,94.2394,3743
2016-07-19 00:00:00,59.55,transfer,1.0,67.2603,0.0,65.7979,65.7979,67.2603,0.0183,33.3239,94.365,3744
2016-07-19 01:00:00,52.45,transfer,1.0,65.8388,0.0,72.3758,72.3758,65.8388,0.0201,33.3745,94.375,3745
2016-07-19 02:00:00,59.0,transfer,1.0,65.0993,0.0,55.5069,55.5069,65.0993,0.0222,33.4081,94.3927,3746
2016-07-19 03:00:00,51.99,transfer,1.0,64.7521,0.0,68.9438,68.9438,64.7521,0.024,33.4455,94.4076,3747
2016-07-19 04:00:00,102.44,transfer,1.0,65.3564,0.0,57.6022,57.6022,65.3564,0.0255,33.4436,94.4524,3748
2016-07-19 05:00:00,96.16,transfer,1.0,67.1192,0.0,67.4941,67.4941,67.1192,0.0243,33.4425,94.4904,3749
2016-07-19 06:00:00,88.85,transfer,1.0,70.3432,0.0,80.7368,80.7368,70.3432,0.0221,33.4556,94.5318,3750
2016-07-19 07:00:00,108.89,transfer,1.0,73.1423,0.0,73.2358,73.2358,73.1423,0.0192,33.4932,94.5873,3751
2016-07-19 08:00:00,120.39,transfer,1.0,75.37,0.0,70.2611,70.2611,75.37,0.0162,33.5337,94.6402,3752
2016-07-19 09:00:00,123.75,transfer,1.0,77.1882,0.0,69.0441,69.0441,77.1882,0.0141,33.5624,94.679,3753
2016-07-19 10:00:00,125.47,transfer,1.0,78.5003,0.0,83.7739,83.7739,78.5003,0.0122,33.5658,94.6905,3754
2016-07-19 11:00:00,125.73,transfer,1.0,79.4338,0.0,79.2477,79.2477,79.4338,0.011,33.5688,94.6998,3755
2016-07-19 12:00:00,129.15,transfer,1.0,80.0431,0.0,83.4753,83.4753,80.0431,0.0103,33.5554,94.6911,3756
2016-07-19 13:00:00,127.09,transfer,1.0,80.3893,0.0,78.7337,78.7337,80.3893,0.0096,33.5792,94.7183,3757
2016-07-19 14:00:00,134.7,transfer,1.0,80.5409,0.0,82.2879,82.2879,80.5409,0.0088,33.5872,94.7283,3758
2016-07-19 15:00:00,129.56,transfer,1.0,80.528,0.0,88.9581,88.9581,80.528,0.0082,33.6231,94.7658,3759
2016-07-19 16:00:00,126.04,transfer,1.0,80.4006,0.0,81.9183,81.9183,80.4006,0.0077,33.667,94.8107,3760
2016-07-19 17:00:00,127.23,transfer,1.0,80.0918,0.0,90.2191,90.2191,80.0918,0.0077,33.7488,94.8934,3761
2016-07-19 18:00:00,79.78,transfer,1.0,79.663,0.0,69.2345,69.2345,79.663,0.0081,33.6868,94.9589,3762
2016-07-19 19:00:00,72.22,transfer,1.0,79.0446,0.0,77.2555,77.2555,79.0446,0.0084,33.6318,95.0178,3763
2016-07-19 20:00:00,75.97,transfer,1.0,77.8369,0.0,69.2307,69.2307,77.8369,0.0093,33.564,95.0924,3764
2016-07-19 21:00:00,68.57,transfer,1.0,76.0509,0.0,77.9546,77.9546,76.0509,0.0107,33.5189,95.147,3765
2016-07-19 22:00:00,68.89,transfer,1.0,74.1516,0.0,67.2551,67.2551,74.1516,0.0123,33.4794,95.1985,3766
2016-07-19 23:00:00,58.71,transfer,1.0,72.0805,0.0,63.2759,63.2759,72.0805,0.0138,33.4473,95.2445,3767
2016-07-20 00:00:00,51.34,transfer,1.0,69.8802,0.0,82.6237,82.6237,69.8802,0.0165,33.4334,95.2714,3768
2016-07-20 01:00:00,55.43,transfer,1.0,67.1038,0.0,74.912,74.912,67.1038,0.0194,33.3907,95.3229,3769
2016-07-20 02:00:00,56.78,transfer,1.0,65.0057,0.0,62.7639,62.7639,65.0057,0.0215,33.3357,95.3835,3770
2016-07-20 03:00:00,56.22,transfer,1.0,64.0587,0.0,72.9018,72.9018,64.0587,0.0237,33.2876,95.436,3771
2016-07-20 04:00:00,101.05,transfer,1.0,64.27,0.0,69.9746,69.9746,64.27,0.0312,33.2552,95.4065,3772
2016-07-20 05:00:00,94.88,transfer,1.0,65.9452,0.0,66.6285,66.6285,65.9452,0.0248,33.2077,95.3601,3773
2016-07-20 06:00:00,87.97,transfer,1.0,68.7001,0.0,58.8567,58.8567,68.7001,0.0228,33.1661,95.3102,3774
2016-07-20 07:00:00,102.62,transfer,1.0,70.9961,0.0,71.7406,71.7406,70.9961,0.0198,33.1501,95.2781,3775
2016-07-20 08:00:00,114.68,transfer,1.0,73.1362,0.0,68.9366,68.9366,73.1362,0.0174,33.1509,95.2593,3776
2016-07-20 09:00:00,117.77,transfer,1.0,74.876,0.0,63.4332,63.4332,74.876,0.015,33.1777,95.2659,3777
2016-07-20 10:00:00,125.68,transfer,1.0,76.2091,0.0,82.4313,82.4313,76.2091,0.0132,33.1759,95.2449,3778
2016-07-20 11:00:00,127.53,transfer,1.0,77.2603,0.0,68.1586,68.1586,77.2603,0.0119,33.2134,95.2653,3779
2016-07-20 12:00:00,123.64,transfer,1.0,78.0713,0.0,74.6487,74.6487,78.0713,0.0108,33.1861,95.2228,3780
2016-07-20 13:00:00,124.34,transfer,1.0,78.6207,0.0,66.9782,66.9782,78.6207,0.0098,33.1442,95.1674,3781
2016-07-20 14:00:00,123.58,transfer,1.0,78.8675,0.0,86.6362,86.6362,78.8675,0.009,33.1102,95.1208,3782
2016-07-20 15:00:00,124.53,transfer,1.0,78.8412,0.0,74.2554,74.2554,78.8412,0.0085,33.125,95.1227,3783
2016-07-20 16:00:00,123.87,transfer,1.0,78.5609,0.0,74.4166,74.4166,78.5609,0.0084,33.0804,95.0644,3784
2016-07-20 17:00:00,105.08,transfer,1.0,78.1477,0.0,78.9672,78.9672,78.1477,0.0082,32.9376,94.9075,3785
2016-07-20 18:00:00,65.97,transfer,1.0,77.7088,0.0,88.2554,88.2554,77.7088,0.0083,32.9726,94.8579,3786
2016-07-20 19:00:00,62.76,transfer,1.0,76.5787,0.0,64.9057,64.9057,76.5787,0.0085,33.0078,94.8042,3787
2016-07-20 20:00:00,63.93,transfer,1.0,74.6422,0.0,76.4465,76.4465,74.6422,0.0094,33.0131,94.7758,3788
2016-07-20 21:00:00,61.08,transfer,1.0,72.2828,0.0,70.571,70.571,72.2828,0.0112,33.0255,94.7358,3789
2016-07-20 22:00:00,58.5,transfer,1.0,70.0936,0.0,79.293,79.293,70.0936,0.0128,33.028,94.7031,3790
2016-07-20 23:00:00,48.55,transfer,1.0,67.5701,0.0,78.1218,78.1218,67.5701,0.0142,33.0343,94.6622,3791
2016-07-21 00:00:00,44.46,transfer,1.0,64.834,0.0,58.144,58.144,64.834,0.0155,33.0268,94.6302,3792
2016-07-21 01:00:00,43.04,transfer,1.0,61.9817,0.0,64.6119,64.6119,61.9817,0.0166,33.0298,94.5841,3793
2016-07-21 02:00:00,42.84,transfer,1.0,59.3487,0.0,57.2141,57.2141,59.3487,0.0178,33.0542,94.5146,3794
2016-07-21 03:00:00,42.71,transfer,1.0,57.3863,0.0,58.7543,58.7543,57.3863,0.0188,33.0808,94.4429,3795
2016-07-21 04:00:00,88.09,transfer,1.0,56.4265,0.0,57.5013,57.5013,56.4265,0.0195,33.0477,94.3651,3796
2016-07-21 05:00:00,89.19,transfer,1.0,56.8865,0.0,52.4463,52.4463,56.8865,0.0188,33.0038,94.2746,3797
2016-07-21 06:00:00,79.64,transfer,1.0,58.4713,0.0,61.5739,61.5739,58.4713,0.0171,32.9759,94.1948,3798
2016-07-21 07:00:00,106.83,transfer,1.0,60.625,0.0,62.8815,62.8815,60.625,0.0152,32.9926,94.157,3799
2016-07-21 08:00:00,117.09,transfer,1.0,62.8045,0.0,72.8083,72.8083,62.8045,0.0135,32.9822,94.0911,3800
2016-07-21 09:00:00,118.32,transfer,1.0,64.7421,0.0,48.5056,48.5056,64.7421,0.0122,32.9638,94.0167,3801
2016-07-21 10:00:00,122.53,transfer,1.0,66.3642,0.0,62.6287,62.6287,66.3642,0.011,32.9195,93.9157,3802
2016-07-21 11:00:00,128.21,transfer,1.0,67.6763,0.0,68.3113,68.3113,67.6763,0.01,32.868,93.8069,3803
2016-07-21 12:00:00,125.26,transfer,1.0,68.5588,0.0,55.6665,55.6665,68.5588,0.0093,32.8242,93.7045,3804
2016-07-21 13:00:00,128.67,transfer,1.0,69.0908,0.0,52.46,52.46,69.0908,0.0087,32.7789,93.5986,3805
2016-07-21 14:00:00,130.35,transfer,1.0,69.1393,0.0,66.604,66.604,69.1393,0.0083,32.7348,93.4909,3806
2016-07-21 15:00:00,132.54,transfer,1.0,68.8957,0.0,79.3284,79.3284,68.8957,0.008,32.678,93.3667,3807
2016-07-21 16:00:00,127.41,transfer,1.0,68.4536,0.0,73.5619,73.5619,68.4536,0.008,32.6485,93.2657,3808
2016-07-21 17:00:00,119.83,transfer,1.0,67.7819,0.0,74.2378,74.2378,67.7819,0.0081,32.6251,93.1656,3809
2016-07-21 18:00:00,69.45,transfer,1.0,66.8069,0.0,81.5873,81.5873,66.8069,0.0083,32.6274,93.1122,3810
2016-07-21 19:00:00,63.61,transfer,1.0,65.1416,0.0,69.9847,69.9847,65.1416,0.0084,32.5579,93.0911,3811
2016-07-21 20:00:00,64.61,transfer,1.0,62.361,0.0,51.109,51.109,62.361,0.0086,32.4577,93.1164,3812
2016-07-21 21:00:00,60.06,transfer,1.0,59.4015,0.0,66.2546,66.2546,59.4015,0.0095,32.3783,93.0937,3813
2016-07-21 22:00:00,58.28,transfer,1.0,57.1124,0.0,53.8357,53.8357,57.1124,0.0105,32.313,93.0609,3814
2016-07-21 23:00:00,48.07,transfer,1.0,55.4616,0.0,52.2111,52.2111,55.4616,0.0114,32.293,92.9702,3815
2016-07-22 00:00:00,44.07,transfer,1.0,54.3382,0.0,67.2374,67.2374,54.3382,0.0123,32.2965,92.8593,3816
2016-07-22 01:00:00,43.7,transfer,1.0,53.1245,0.0,58.0649,58.0649,53.1245,0.0133,32.297,92.755,3817
2016-07-22 02:00:00,44.3,transfer,1.0,52.3358,0.0,54.1576,54.1576,52.3358,0.0145,32.3445,92.6073,3818
2016-07-22 03:00:00,43.82,transfer,1.0,52.4417,0.0,49.9445,49.9445,52.4417,0.0153,32.3358,92.5197,3819
2016-07-22 04:00:00,107.44,transfer,1.0,53.3842,0.0,57.4422,57.4422,53.3842,0.0161,32.4025,92.4923,3820
2016-07-22 05:00:00,103.24,transfer,1.0,55.1752,0.0,54.5475,54.5475,55.1752,0.0157,32.4278,92.4226,3821
2016-07-22 06:00:00,97.04,transfer,1.0,59.3039,0.0,67.4989,67.4989,59.3039,0.0145,32.4367,92.3456,3822
2016-07-22 07:00:00,110.37,transfer,1.0,64.2501,0.0,54.4084,54.4084,64.2501,0.0129,32.4657,92.3052,3823
2016-07-22 08:00:00,125.32,transfer,1.0,68.7118,0.0,68.5356,68.5356,68.7118,0.0116,32.4902,92.2761,3824
2016-07-22 09:00:00,128.26,transfer,1.0,71.951,0.0,85.5251,85.5251,71.951,0.0101,32.5006,92.2447,3825
2016-07-22 10:00:00,134.05,transfer,1.0,74.434,0.0,70.6389,70.6389,74.434,0.0093,32.5283,92.2405,3826
2016-07-22 11:00:00,140.16,transfer,1.0,76.2542,0.0,85.7066,85.7066,76.2542,0.0086,32.6102,92.2979,3827
2016-07-22 12:00:00,137.57,transfer,1.0,77.6494,0.0,88.8189,88.8189,77.6494,0.0085,32.6692,92.338,3828
2016-07-22 13:00:00,140.09,transfer,1.0,78.6328,0.0,77.6356,77.6356,78.6328,0.0084,32.6987,92.3532,3829
2016-07-22 14:00:00,149.72,transfer,1.0,79.2012,0.0,72.7726,72.7726,79.2012,0.0084,32.7551,92.3983,3830
2016-07-22 15:00:00,147.16,transfer,1.0,79.5118,0.0,92.1756,92.1756,79.5118,0.0082,32.8507,92.4844,3831
2016-07-22 16:00:00,139.45,transfer,1.0,79.7265,0.0,72.4988,72.4988,79.7265,0.0085,32.9233,92.549,3832
2016-07-22 17:00:00,138.58,transfer,1.0,79.7207,0.0,87.8917,87.8917,79.7207,0.0085,33.0255,92.6447,3833
2016-07-22 18:00:00,71.24,transfer,1.0,79.4911,0.0,77.2696,77.2696,79.4911,0.0085,33.0277,92.6366,3834
2016-07-22 19:00:00,64.79,transfer,1.0,78.9806,0.0,69.0031,69.0031,78.9806,0.0087,33.0409,92.6174,3835
2016-07-22 20:00:00,68.61,transfer,1.0,77.4282,0.0,69.5159,69.5159,77.4282,0.0091,33.0228,92.6262,3836
2016-07-22 21:00:00,61.38,transfer,1.0,74.9483,0.0,73.0706,73.0706,74.9483,0.0099,33.0301,92.6035,3837
2016-07-22 22:00:00,60.73,transfer,1.0,72.3896,0.0,59.99,59.99,72.3896,0.0108,33.0171,92.5944,3838
2016-07-22 23:00:00,54.31,transfer,1.0,69.8006,0.0,70.3099,70.3099,69.8006,0.0116,32.9826,92.5997,3839
2016-07-23 00:00:00,47.03,transfer,1.0,67.3546,0.0,67.2413,67.2413,67.3546,0.0124,32.976,92.5712,3840
2016-07-23 01:00:00,46.43,transfer,1.0,64.2935,0.0,55.0557,55.0557,64.2935,0.0129,32.9856,92.5224,3841
2016-07-23 02:00:00,49.6,transfer,1.0,61.3217,0.0,59.406,59.406,61.3217,0.0131,32.9657,92.5004,3842
2016-07-23 03:00:00,51.12,transfer,1.0,58.9344,0.0,61.0772,61.0772,58.9344,0.0132,32.9348,92.4855,3843
2016-07-23 04:00:00,112.21,transfer,1.0,57.716,0.0,60.1695,60.1695,57.716,0.0134,33.0131,92.5186,3844
2016-07-23 05:00:00,111.28,transfer,1.0,57.3986,0.0,61.1633,61.1633,57.3986,0.0128,33.1424,92.6036,3845
2016-07-23 06:00:00,104.41,transfer,1.0,58.6508,0.0,60.6969,60.6969,58.6508,0.0118,33.2435,92.6643,3846
2016-07-23 07:00:00,126.14,transfer,1.0,60.3743,0.0,54.1745,54.1745,60.3743,0.0109,33.3782,92.7651,3847
2016-07-23 08:00:00,126.2,transfer,1.0,62.0712,0.0,49.5618,49.5618,62.0712,0.0096,33.4377,92.7985,3848
2016-07-23 09:00:00,133.32,transfer,1.0,63.6705,0.0,53.8354,53.8354,63.6705,0.0085,33.5219,92.8652,3849
2016-07-23 10:00:00,142.71,transfer,1.0,64.8781,0.0,69.1756,69.1756,64.8781,0.0077,33.6422,92.9752,3850
2016-07-23 11:00:00,136.99,transfer,1.0,65.8833,0.0,44.1607,44.1607,65.8833,0.0071,33.7331,93.0619,3851
2016-07-23 12:00:00,142.72,transfer,1.0,66.868,0.0,59.3279,59.3279,66.868,0.0067,33.8694,93.2004,3852
2016-07-23 13:00:00,150.08,transfer,1.0,67.4577,0.0,69.7686,69.7686,67.4577,0.0066,33.9685,93.307,3853
2016-07-23 14:00:00,147.75,transfer,1.0,67.7987,0.0,74.16,74.16,67.7987,0.0066,34.0747,93.4274,3854
2016-07-23 15:00:00,154.55,transfer,1.0,68.0218,0.0,76.5048,76.5048,68.0218,0.0067,34.1962,93.5687,3855
2016-07-23 16:00:00,149.24,transfer,1.0,68.0017,0.0,71.4663,71.4663,68.0017,0.0069,34.2856,93.684,3856
2016-07-23 17:00:00,154.07,transfer,1.0,67.7665,0.0,80.3659,80.3659,67.7665,0.0069,34.4604,93.8896,3857
2016-07-23 18:00:00,80.71,transfer,1.0,67.2696,0.0,64.9024,64.9024,67.2696,0.0071,34.507,93.9723,3858
2016-07-23 19:00:00,72.37,transfer,1.0,66.5933,0.0,69.6947,69.6947,66.5933,0.0072,34.5325,94.0445,3859
2016-07-23 20:00:00,58.72,transfer,1.0,64.334,0.0,67.7169,67.7169,64.334,0.0078,34.5249,94.0161,3860
2016-07-23 21:00:00,60.51,transfer,1.0,61.1325,0.0,64.0465,64.0465,61.1325,0.0086,34.4956,94.0192,3861
2016-07-23 22:00:00,61.11,transfer,1.0,57.9494,0.0,60.1701,60.1701,57.9494,0.0095,34.4804,94.034,3862
2016-07-23 23:00:00,60.32,transfer,1.0,55.2357,0.0,53.4863,53.4863,55.2357,0.0103,34.4855,94.1094,3863
2016-07-24 00:00:00,60.03,transfer,1.0,53.2369,0.0,54.7158,54.7158,53.2369,0.0111,34.4961,94.1923,3864
2016-07-24 01:00:00,61.35,transfer,1.0,51.9347,0.0,48.8334,48.8334,51.9347,0.0119,34.5231,94.2857,3865
2016-07-24 02:00:00,71.36,transfer,1.0,51.2415,0.0,47.5166,47.5166,51.2415,0.0125,34.6152,94.4387,3866
2016-07-24 03:00:00,62.16,transfer,1.0,51.1823,0.0,43.0725,43.0725,51.1823,0.0133,34.652,94.5372,3867
2016-07-24 04:00:00,123.59,transfer,1.0,52.1552,0.0,39.8913,39.8913,52.1552,0.0148,34.8335,94.7252,3868
2016-07-24 05:00:00,121.47,transfer,1.0,53.9303,0.0,54.3638,54.3638,53.9303,0.0145,34.9817,94.885,3869
2016-07-24 06:00:00,110.12,transfer,1.0,57.0004,0.0,73.2338,73.2338,57.0004,0.0136,35.1122,95.0346,3870
2016-07-24 07:00:00,119.23,transfer,1.0,60.6569,0.0,64.4211,64.4211,60.6569,0.0126,35.1912,95.14,3871
2016-07-24 08:00:00,127.96,transfer,1.0,63.9959,0.0,54.7291,54.7291,63.9959,0.0114,35.2909,95.2743,3872
2016-07-24 09:00:00,133.13,transfer,1.0,66.6409,0.0,60.9709,60.9709,66.6409,0.0098,35.4073,95.4338,3873
2016-07-24 10:00:00,136.76,transfer,1.0,68.7452,0.0,82.6545,82.6545,68.7452,0.0085,35.5098,95.5885,3874
2016-07-24 11:00:00,138.58,transfer,1.0,70.4393,0.0,64.6699,64.6699,70.4393,0.0074,35.5842,95.7242,3875
2016-07-24 12:00:00,136.77,transfer,1.0,71.6192,0.0,77.4447,77.4447,71.6192,0.0067,35.6796,95.8891,3876
2016-07-24 13:00:00,143.16,transfer,1.0,72.4243,0.0,79.045,79.045,72.4243,0.0065,35.7927,96.0783,3877
2016-07-24 14:00:00,148.1,transfer,1.0,72.7547,0.0,67.4348,67.4348,72.7547,0.0064,35.8892,96.2579,3878
2016-07-24 15:00:00,145.85,transfer,1.0,72.8088,0.0,65.8468,65.8468,72.8088,0.0063,35.9591,96.4182,3879
2016-07-24 16:00:00,153.68,transfer,1.0,72.6839,0.0,70.2783,70.2783,72.6839,0.0061,36.0639,96.6198,3880
2016-07-24 17:00:00,147.99,transfer,1.0,72.2003,0.0,64.505,64.505,72.2003,0.0061,36.1369,96.7934,3881
2016-07-24 18:00:00,80.18,transfer,1.0,71.7219,0.0,67.0096,67.0096,71.7219,0.0061,36.095,96.8562,3882
2016-07-24 19:00:00,67.54,transfer,1.0,71.0654,0.0,77.5011,77.5011,71.0654,0.0063,36.0498,96.876,3883
2016-07-24 20:00:00,74.45,transfer,1.0,68.9816,0.0,54.6075,54.6075,68.9816,0.0076,35.9975,96.9271,3884
2016-07-24 21:00:00,64.32,transfer,1.0,65.8952,0.0,52.1951,52.1951,65.8952,0.0089,35.917,96.9231,3885
2016-07-24 22:00:00,63.36,transfer,1.0,63.2804,0.0,66.849,66.849,63.2804,0.0103,35.8242,96.9183,3886
2016-07-24 23:00:00,52.42,transfer,1.0,61.0311,0.0,57.997,57.997,61.0311,0.0112,35.8446,96.9168,3887
2016-07-25 00:00:00,54.23,transfer,1.0,58.8699,0.0,67.5571,67.5571,58.8699,0.012,35.8546,96.9431,3888
2016-07-25 01:00:00,56.69,transfer,1.0,57.6193,0.0,57.9657,57.9657,57.6193,0.0136,35.8421,96.984,3889
2016-07-25 02:00:00,56.83,transfer,1.0,57.1167,0.0,55.9071,55.9071,57.1167,0.0153,35.8176,97.0156,3890
2016-07-25 03:00:00,65.75,transfer,1.0,57.4892,0.0,52.6803,52.6803,57.4892,0.0167,35.8332,97.0891,3891
2016-07-25 04:00:00,127.46,transfer,1.0,58.472,0.0,62.8312,62.8312,58.472,0.0177,35.888,97.2046,3892
2016-07-25 05:00:00,133.83,transfer,1.0,60.8259,0.0,45.2037,45.2037,60.8259,0.0167,35.9773,97.3493,3893
2016-07-25 06:00:00,130.59,transfer,1.0,64.7665,0.0,64.4684,64.4684,64.7665,0.0151,36.1188,97.5345,3894
2016-07-25 07:00:00,131.39,transfer,1.0,68.7735,0.0,70.6111,70.6111,68.7735,0.0136,36.215,97.664,3895
2016-07-25 08:00:00,134.92,transfer,1.0,72.3797,0.0,79.2844,79.2844,72.3797,0.0123,36.261,97.7313,3896
2016-07-25 09:00:00,147.07,transfer,1.0,74.9619,0.0,77.4696,77.4696,74.9619,0.0105,36.4066,97.8881,3897
2016-07-25 10:00:00,152.75,transfer,1.0,76.6121,0.0,67.3096,67.3096,76.6121,0.0092,36.5272,98.013,3898
2016-07-25 11:00:00,162.77,transfer,1.0,77.7869,0.0,90.0074,90.0074,77.7869,0.0082,36.6589,98.146,3899
2016-07-25 12:00:00,172.62,transfer,1.0,78.7099,0.0,87.8316,87.8316,78.7099,0.0074,36.8498,98.3366,3900
2016-07-25 13:00:00,154.9,transfer,1.0,79.4698,0.0,64.5307,64.5307,79.4698,0.0069,36.9821,98.4678,3901
2016-07-25 14:00:00,163.96,transfer,1.0,80.0592,0.0,72.8577,72.8577,80.0592,0.0066,37.1245,98.6094,3902
2016-07-25 15:00:00,169.3,transfer,1.0,80.3438,0.0,69.4938,69.4938,80.3438,0.0064,37.3152,98.7995,3903
2016-07-25 16:00:00,153.64,transfer,1.0,80.4933,0.0,80.0932,80.0932,80.4933,0.0063,37.4976,98.9816,3904
2016-07-25 17:00:00,150.68,transfer,1.0,80.5906,0.0,75.8797,75.8797,80.5906,0.0062,37.7825,99.2681,3905
2016-07-25 18:00:00,87.36,transfer,1.0,80.4987,0.0,65.2156,65.2156,80.4987,0.0058,37.672,99.4661,3906
2016-07-25 19:00:00,71.4,transfer,1.0,80.2513,0.0,79.4612,79.4612,80.2513,0.0065,37.5639,99.5857,3907
2016-07-25 20:00:00,72.33,transfer,1.0,79.415,0.0,83.1899,83.1899,79.415,0.008,37.4909,99.6775,3908
2016-07-25 21:00:00,75.2,transfer,1.0,77.9418,0.0,95.1257,95.1257,77.9418,0.0098,37.4395,99.7555,3909
2016-07-25 22:00:00,68.89,transfer,1.0,76.1691,0.0,79.7364,79.7364,76.1691,0.0113,37.4158,99.8104,3910
2016-07-25 23:00:00,62.53,transfer,1.0,74.427,0.0,77.7634,77.7634,74.427,0.0126,37.407,99.8519,3911
2016-07-26 00:00:00,64.99,transfer,1.0,72.809,0.0,77.7403,77.7403,72.809,0.0137,37.4077,99.8843,3912
2016-07-26 01:00:00,65.43,transfer,1.0,71.5499,0.0,82.2277,82.2277,71.5499,0.0151,37.3644,99.9616,3913
2016-07-26 02:00:00,66.75,transfer,1.0,70.5932,0.0,85.6609,85.6609,70.5932,0.0165,37.351,100.0078,3914
2016-07-26 03:00:00,64.05,transfer,1.0,70.6632,0.0,65.3742,65.3742,70.6632,0.0183,37.3144,100.0796,3915
2016-07-26 04:00:00,119.65,transfer,1.0,71.2495,0.0,76.0293,76.0293,71.2495,0.0196,37.3818,100.1821,3916
2016-07-26 05:00:00,123.53,transfer,1.0,73.4933,0.0,68.7136,68.7136,73.4933,0.0192,37.5067,100.345,3917
2016-07-26 06:00:00,124.39,transfer,1.0,75.7944,0.0,69.1805,69.1805,75.7944,0.0178,37.6858,100.5566,3918
2016-07-26 07:00:00,133.6,transfer,1.0,77.1965,0.0,72.0704,72.0704,77.1965,0.0164,37.8088,100.7037,3919
2016-07-26 08:00:00,144.73,transfer,1.0,78.2445,0.0,90.2697,90.2697,78.2445,0.0146,37.9366,100.8486,3920
2016-07-26 09:00:00,160.7,transfer,1.0,78.8003,0.0,87.4878,87.4878,78.8003,0.0126,38.1469,101.0686,3921
2016-07-26 10:00:00,158.76,transfer,1.0,79.2457,0.0,66.8785,66.8785,79.2457,0.0107,38.3406,101.2667,3922
2016-07-26 11:00:00,161.07,transfer,1.0,79.6816,0.0,90.5485,90.5485,79.6816,0.0097,38.5495,101.4771,3923
2016-07-26 12:00:00,161.9,transfer,1.0,80.0355,0.0,76.3507,76.3507,80.0355,0.009,38.7445,101.672,3924
2016-07-26 13:00:00,167.69,transfer,1.0,80.33,0.0,78.4472,78.4472,80.33,0.0089,38.9865,101.9137,3925
2016-07-26 14:00:00,166.92,transfer,1.0,80.5016,0.0,71.6719,71.6719,80.5016,0.008,39.1785,102.1055,3926
2016-07-26 15:00:00,162.96,transfer,1.0,80.6619,0.0,79.7823,79.7823,80.6619,0.0075,39.3765,102.3043,3927
2016-07-26 16:00:00,164.0,transfer,1.0,80.7211,0.0,76.1635,76.1635,80.7211,0.0069,39.6006,102.5303,3928
2016-07-26 17:00:00,150.23,transfer,1.0,80.6909,0.0,69.1934,69.1934,80.6909,0.0065,39.7339,102.6672,3929
2016-07-26 18:00:00,85.78,transfer,1.0,80.6818,0.0,84.4431,84.4431,80.6818,0.0061,39.7636,102.7029,3930
2016-07-26 19:00:00,76.81,transfer,1.0,80.5158,0.0,84.6454,84.6454,80.5158,0.0064,39.745,102.7302,3931
2016-07-26 20:00:00,76.53,transfer,1.0,79.8883,0.0,72.5569,72.5569,79.8883,0.0078,39.7539,102.7336,3932
2016-07-26 21:00:00,77.38,transfer,1.0,78.9734,0.0,82.699,82.699,78.9734,0.0098,39.7188,102.786,3933
2016-07-26 22:00:00,67.1,transfer,1.0,78.0748,0.0,71.6299,71.6299,78.0748,0.012,39.7528,102.7754,3934
2016-07-26 23:00:00,55.57,transfer,1.0,77.3307,0.0,97.787,97.787,77.3307,0.0135,39.8028,102.7567,3935
2016-07-27 00:00:00,57.52,transfer,1.0,76.3848,0.0,62.1141,62.1141,76.3848,0.0146,39.8047,102.7935,3936
2016-07-27 01:00:00,58.64,transfer,1.0,75.4554,0.0,61.7251,61.7251,75.4554,0.0156,39.8353,102.8126,3937
2016-07-27 02:00:00,58.96,transfer,1.0,74.7703,0.0,69.9084,69.9084,74.7703,0.0164,39.8805,102.8256,3938
2016-07-27 03:00:00,57.72,transfer,1.0,74.8944,0.0,67.4889,67.4889,74.8944,0.0171,39.936,102.8346,3939
2016-07-27 04:00:00,130.62,transfer,1.0,75.4032,0.0,82.9681,82.9681,75.4032,0.0175,40.0458,103.0107,3940
2016-07-27 05:00:00,128.01,transfer,1.0,76.7484,0.0,75.0065,75.0065,76.7484,0.0172,40.1787,103.2079,3941
2016-07-27 06:00:00,119.9,transfer,1.0,78.745,0.0,77.3914,77.3914,78.745,0.016,40.3089,103.398,3942
2016-07-27 07:00:00,132.08,transfer,1.0,80.0205,0.0,62.9006,62.9006,80.0205,0.0143,40.4306,103.5734,3943
2016-07-27 08:00:00,146.57,transfer,1.0,80.7523,0.0,84.0398,84.0398,80.7523,0.0131,40.5751,103.7633,3944
2016-07-27 09:00:00,146.35,transfer,1.0,80.9363,0.0,83.6774,83.6774,80.9363,0.0117,40.7091,103.9334,3945
2016-07-27 10:00:00,155.8,transfer,1.0,80.6345,0.0,75.9799,75.9799,80.6345,0.0105,40.8621,104.1127,3946
2016-07-27 11:00:00,160.86,transfer,1.0,80.2503,0.0,94.6001,94.6001,80.2503,0.0096,41.0427,104.3111,3947
2016-07-27 12:00:00,156.79,transfer,1.0,80.1115,0.0,71.9299,71.9299,80.1115,0.0089,41.2278,104.5084,3948
2016-07-27 13:00:00,158.79,transfer,1.0,80.1971,0.0,75.7491,75.7491,80.1971,0.0082,41.4235,104.7135,3949
2016-07-27 14:00:00,168.21,transfer,1.0,80.2471,0.0,85.3101,85.3101,80.2471,0.0077,41.681,104.9792,3950
2016-07-27 15:00:00,165.18,transfer,1.0,80.259,0.0,82.8486,82.8486,80.259,0.0074,41.9145,105.2211,3951
2016-07-27 16:00:00,166.51,transfer,1.0,80.2469,0.0,91.9095,91.9095,80.2469,0.0075,42.1583,105.475,3952
2016-07-27 17:00:00,155.99,transfer,1.0,80.1637,0.0,85.9468,85.9468,80.1637,0.0073,42.4493,105.778,3953
2016-07-27 18:00:00,90.49,transfer,1.0,80.0876,0.0,82.1096,82.1096,80.0876,0.0076,42.4413,105.924,3954
2016-07-27 19:00:00,76.85,transfer,1.0,79.8333,0.0,91.8735,91.8735,79.8333,0.0074,42.3768,106.0078,3955
2016-07-27 20:00:00,76.32,transfer,1.0,79.0789,0.0,89.2947,89.2947,79.0789,0.0083,42.3295,106.0816,3956
2016-07-27 21:00:00,77.71,transfer,1.0,77.8915,0.0,72.0379,72.0379,77.8915,0.0096,42.2639,106.1806,3957
2016-07-27 22:00:00,74.01,transfer,1.0,76.6847,0.0,83.3424,83.3424,76.6847,0.0108,42.2108,106.2729,3958
2016-07-27 23:00:00,53.07,transfer,1.0,75.4857,0.0,71.2949,71.2949,75.4857,0.0118,42.231,106.2998,3959
2016-07-28 00:00:00,58.06,transfer,1.0,74.2459,0.0,81.5202,81.5202,74.2459,0.0127,42.2061,106.3808,3960
2016-07-28 01:00:00,57.76,transfer,1.0,72.3703,0.0,69.5302,69.5302,72.3703,0.0137,42.1803,106.4684,3961
2016-07-28 02:00:00,57.49,transfer,1.0,70.8707,0.0,53.1329,53.1329,70.8707,0.0146,42.1617,106.5557,3962
2016-07-28 03:00:00,63.23,transfer,1.0,69.924,0.0,83.5954,83.5954,69.924,0.0154,42.1142,106.6778,3963
2016-07-28 04:00:00,127.62,transfer,1.0,69.6063,0.0,86.4577,86.4577,69.6063,0.0158,42.271,106.9131,3964
2016-07-28 05:00:00,128.92,transfer,1.0,71.6669,0.0,79.9572,79.9572,71.6669,0.0157,42.4195,107.1497,3965
2016-07-28 06:00:00,120.77,transfer,1.0,74.3663,0.0,66.6929,66.6929,74.3663,0.0149,42.5697,107.3945,3966
2016-07-28 07:00:00,142.24,transfer,1.0,76.2025,0.0,78.7321,78.7321,76.2025,0.0135,42.6878,107.6053,3967
2016-07-28 08:00:00,151.88,transfer,1.0,77.5778,0.0,80.5928,80.5928,77.5778,0.0127,42.8069,107.8124,3968
2016-07-28 09:00:00,157.63,transfer,1.0,78.179,0.0,71.9365,71.9365,78.179,0.0119,42.9609,108.0463,3969
2016-07-28 10:00:00,156.64,transfer,1.0,78.4339,0.0,94.7391,94.7391,78.4339,0.0108,43.0921,108.2494,3970
2016-07-28 11:00:00,162.22,transfer,1.0,78.7094,0.0,71.5315,71.5315,78.7094,0.0097,43.2289,108.4518,3971
2016-07-28 12:00:00,159.58,transfer,1.0,78.97,0.0,60.9389,60.9389,78.97,0.0091,43.3712,108.6561,3972
2016-07-28 13:00:00,158.23,transfer,1.0,79.1758,0.0,60.1257,60.1257,79.1758,0.0084,43.4871,108.8321,3973
2016-07-28 14:00:00,169.6,transfer,1.0,79.3302,0.0,74.843,74.843,79.3302,0.0082,43.6601,109.0657,3974
2016-07-28 15:00:00,160.45,transfer,1.0,79.3344,0.0,80.3175,80.3175,79.3344,0.0079,43.7641,109.2318,3975
2016-07-28 16:00:00,158.46,transfer,1.0,79.2371,0.0,88.3391,88.3391,79.2371,0.0078,43.8847,109.4167,3976
2016-07-28 17:00:00,141.79,transfer,1.0,78.8185,0.0,74.2838,74.2838,78.8185,0.0075,43.9498,109.5474,3977
2016-07-28 18:00:00,82.0,transfer,1.0,78.739,0.0,87.2105,87.2105,78.739,0.0073,43.9534,109.6221,3978
2016-07-28 19:00:00,74.51,transfer,1.0,78.0681,0.0,71.6097,71.6097,78.0681,0.0069,43.9655,109.687,3979
2016-07-28 20:00:00,73.51,transfer,1.0,76.5171,0.0,79.4416,79.4416,76.5171,0.0077,43.97,109.74,3980
2016-07-28 21:00:00,63.56,transfer,1.0,74.4373,0.0,74.7324,74.7324,74.4373,0.0093,44.0308,109.7608,3981
2016-07-28 22:00:00,61.55,transfer,1.0,72.0305,0.0,75.2567,75.2567,72.0305,0.0109,44.0863,109.7803,3982
2016-07-28 23:00:00,50.87,transfer,1.0,69.9295,0.0,65.9535,65.9535,69.9295,0.0121,44.1557,109.7969,3983
2016-07-29 00:00:00,50.7928,transfer,1.0,67.4314,0.0,64.4604,64.4604,67.4314,0.0138,44.1936,109.8369,3984
2016-07-29 01:00:00,50.715599999999995,transfer,1.0,63.2063,0.0,61.8627,61.8627,63.2063,0.0167,44.2119,109.8787,3985
2016-07-29 02:00:00,50.6384,transfer,1.0,59.339,0.0,58.2619,58.2619,59.339,0.0174,44.2159,109.9164,3986
2016-07-30 00:00:00,48.94,transfer,1.0,55.971,0.0,58.3892,58.3892,55.971,0.0178,44.2064,109.9468,3987
2016-07-30 01:00:00,52.92,transfer,1.0,53.2258,0.0,54.4533,54.4533,53.2258,0.0193,43.8864,109.6223,3988
2016-07-30 02:00:00,53.64,transfer,1.0,51.2759,0.0,53.542,53.542,51.2759,0.0189,43.6144,109.327,3989
2016-07-30 03:00:00,53.81,transfer,1.0,49.0087,0.0,56.1923,56.1923,49.0087,0.0174,43.4184,109.0697,3990
2016-07-30 04:00:00,105.52,transfer,1.0,46.7447,0.0,40.3433,40.3433,46.7447,0.0159,43.4937,109.0408,3991
2016-07-30 05:00:00,108.88,transfer,1.0,44.8808,0.0,50.0737,50.0737,44.8808,0.0144,43.5377,108.9429,3992
2016-07-30 06:00:00,101.36,transfer,1.0,43.7534,0.0,39.1387,39.1387,43.7534,0.013,43.5454,108.7828,3993
2016-07-30 07:00:00,120.84,transfer,1.0,43.2402,0.0,46.8018,46.8018,43.2402,0.0118,43.6525,108.7041,3994
2016-07-30 08:00:00,123.85,transfer,1.0,42.8731,0.0,49.5123,49.5123,42.8731,0.0106,43.7541,108.6071,3995
2016-07-30 09:00:00,122.84,transfer,1.0,42.6732,0.0,36.4765,36.4765,42.6732,0.0094,43.8746,108.5194,3996
2016-07-30 10:00:00,126.17,transfer,1.0,42.3863,0.0,40.8167,40.8167,42.3863,0.0084,44.0075,108.4365,3997
2016-07-30 11:00:00,132.56,transfer,1.0,41.1515,0.0,43.478,43.478,41.1515,0.0077,44.1318,108.3344,3998
2016-07-30 12:00:00,132.07,transfer,1.0,37.2505,0.0,36.3039,36.3039,37.2505,0.0071,44.2936,108.2446,3999
2016-07-30 13:00:00,136.13,transfer,1.0,31.9765,0.0,31.1759,31.1759,31.9765,0.0065,44.558,108.2248,4000
2016-07-30 14:00:00,130.36,transfer,1.0,29.7899,0.0,31.1512,31.1512,29.7899,0.0062,44.8063,108.1759,4001
2016-07-30 15:00:00,132.65,transfer,1.0,29.4894,0.0,23.3248,23.3248,29.4894,0.006,45.3713,108.5414,4002
2016-07-30 16:00:00,124.09,transfer,1.0,29.4994,0.0,31.2003,31.2003,29.4994,0.006,45.8498,108.8944,4003
2016-07-30 17:00:00,118.51,transfer,1.0,29.6744,0.0,25.5237,25.5237,29.6744,0.0067,46.3261,109.1915,4004
2016-07-30 18:00:00,69.53,transfer,1.0,29.6868,0.0,27.6061,27.6061,29.6868,0.0072,46.4825,109.24,4005
2016-07-30 19:00:00,63.11,transfer,1.0,29.552,0.0,30.8933,30.8933,29.552,0.0078,46.6129,109.2542,4006
2016-07-30 20:00:00,64.94,transfer,1.0,28.658,0.0,28.3983,28.3983,28.658,0.0086,46.7366,109.3175,4007
2016-07-30 21:00:00,57.24,transfer,1.0,27.669,0.0,29.487,29.487,27.669,0.0094,46.7917,109.3783,4008
2016-07-30 22:00:00,56.53,transfer,1.0,27.0654,0.0,26.5906,26.5906,27.0654,0.01,46.8607,109.4384,4009
2016-07-30 23:00:00,46.09,transfer,1.0,27.2407,0.0,23.2935,23.2935,27.2407,0.0104,46.9031,109.4175,4010
2016-07-31 00:00:00,44.83,transfer,1.0,29.1905,0.0,23.5869,23.5869,29.1905,0.0107,46.9497,109.3801,4011
2016-07-31 01:00:00,44.53,transfer,1.0,28.6612,0.0,24.8452,24.8452,28.6612,0.0109,46.7198,108.9773,4012
2016-07-31 02:00:00,45.29,transfer,1.0,29.8212,0.0,23.1362,23.1362,29.8212,0.0102,46.4912,108.5845,4013
2016-07-31 03:00:00,45.63,transfer,1.0,31.9339,0.0,26.6571,26.6571,31.9339,0.0091,46.3003,108.2346,4014
2016-07-31 04:00:00,96.58,transfer,1.0,35.2574,0.0,30.6771,30.6771,35.2574,0.0085,46.2739,108.0587,4015
2016-07-31 05:00:00,101.1,transfer,1.0,39.8743,0.0,41.1073,41.1073,39.8743,0.0079,46.2566,107.9093,4016
2016-07-31 06:00:00,90.72,transfer,1.0,43.0675,0.0,40.0583,40.0583,43.0675,0.0076,46.1256,107.6557,4017
2016-07-31 07:00:00,105.13,transfer,1.0,44.9688,0.0,41.5728,41.5728,44.9688,0.0073,46.0205,107.432,4018
2016-07-31 08:00:00,100.83,transfer,1.0,46.1161,0.0,53.7056,53.7056,46.1161,0.0069,45.9229,107.2168,4019
2016-07-31 09:00:00,108.23,transfer,1.0,46.4576,0.0,40.1599,40.1599,46.4576,0.0063,45.8391,107.0115,4020
2016-07-31 10:00:00,112.36,transfer,1.0,46.1367,0.0,40.7879,40.7879,46.1367,0.0058,45.7415,106.787,4021
2016-07-31 11:00:00,109.37,transfer,1.0,45.8416,0.0,38.723,38.723,45.8416,0.0053,45.6437,106.5585,4022
2016-07-31 12:00:00,104.19,transfer,1.0,45.3602,0.0,38.7782,38.7782,45.3602,0.005,45.4788,106.2588,4023
2016-07-31 13:00:00,109.16,transfer,1.0,44.492,0.0,44.82,44.82,44.492,0.0049,45.3802,106.0202,4024
2016-07-31 14:00:00,110.97,transfer,1.0,43.5526,0.0,37.8784,37.8784,43.5526,0.0047,45.2678,105.7637,4025
2016-07-31 15:00:00,111.98,transfer,1.0,43.0171,0.0,47.9456,47.9456,43.0171,0.0046,45.5983,105.9498,4026
2016-07-31 16:00:00,114.44,transfer,1.0,42.407,0.0,45.5784,45.5784,42.407,0.0048,45.9927,106.2003,4027
2016-07-31 17:00:00,104.92,transfer,1.0,42.0278,0.0,43.8306,43.8306,42.0278,0.0051,46.3336,106.4753,4028
2016-07-31 18:00:00,57.11,transfer,1.0,41.5733,0.0,34.5651,34.5651,41.5733,0.0056,46.4224,106.4551,4029
2016-07-31 19:00:00,52.72,transfer,1.0,41.0728,0.0,35.2131,35.2131,41.0728,0.0066,46.4729,106.4051,4030
2016-07-31 20:00:00,55.67,transfer,1.0,39.825,0.0,45.9368,45.9368,39.825,0.0073,46.537,106.3775,4031
2016-07-31 21:00:00,58.31,transfer,1.0,37.5259,0.0,39.4096,39.4096,37.5259,0.0083,46.6202,106.3673,4032
2016-07-31 22:00:00,58.56,transfer,1.0,34.8261,0.0,31.7031,31.7031,34.8261,0.0095,46.7055,106.3507,4033
2016-07-31 23:00:00,57.83,transfer,1.0,31.6917,0.0,38.0432,38.0432,31.6917,0.0103,46.7413,106.2701,4034
2016-08-01 00:00:00,57.74,transfer,1.0,29.194,0.0,32.588,32.588,29.194,0.0109,46.8459,106.2438,4035
2016-08-01 01:00:00,57.24,transfer,1.0,28.1802,0.0,27.4599,27.4599,28.1802,0.0121,46.5936,105.8489,4036
2016-08-01 02:00:00,57.07,transfer,1.0,28.6249,0.0,30.8683,30.8683,28.6249,0.0114,46.3609,105.4656,4037
2016-08-01 03:00:00,57.21,transfer,1.0,29.1727,0.0,28.9488,28.9488,29.1727,0.0103,46.2116,105.1507,4038
2016-08-01 04:00:00,120.2,transfer,1.0,30.2158,0.0,27.3812,27.3812,30.2158,0.0095,46.3986,105.1565,4039
2016-08-01 05:00:00,110.78,transfer,1.0,31.8835,0.0,25.1343,25.1343,31.8835,0.0086,46.4875,105.0542,4040
2016-08-01 06:00:00,98.45,transfer,1.0,35.634,0.0,34.7035,34.7035,35.634,0.0078,46.4656,104.8478,4041
2016-08-01 07:00:00,113.38,transfer,1.0,40.1725,0.0,37.7273,37.7273,40.1725,0.0064,46.4965,104.7087,4042
2016-08-01 08:00:00,116.64,transfer,1.0,44.8238,0.0,46.6857,46.6857,44.8238,0.0059,46.5184,104.5781,4043
2016-08-01 09:00:00,127.82,transfer,1.0,49.8272,0.0,52.121,52.121,49.8272,0.0053,46.5948,104.5248,4044
2016-08-01 10:00:00,123.64,transfer,1.0,56.0223,0.0,66.9065,66.9065,56.0223,0.0046,46.5763,104.4086,4045
2016-08-01 11:00:00,130.89,transfer,1.0,61.5077,0.0,69.3282,69.3282,61.5077,0.0042,46.5408,104.3062,4046
2016-08-01 12:00:00,132.1,transfer,1.0,65.584,0.0,63.1751,63.1751,65.584,0.0041,46.502,104.2244,4047
2016-08-01 13:00:00,139.96,transfer,1.0,68.3085,0.0,59.8612,59.8612,68.3085,0.0041,46.4463,104.1427,4048
2016-08-01 14:00:00,146.19,transfer,1.0,69.803,0.0,76.5885,76.5885,69.803,0.0041,46.4499,104.132,4049
2016-08-01 15:00:00,147.61,transfer,1.0,70.8659,0.0,73.6393,73.6393,70.8659,0.0044,46.8563,104.5334,4050
2016-08-01 16:00:00,153.07,transfer,1.0,71.5508,0.0,67.1641,67.1641,71.5508,0.0051,47.3206,105.0425,4051
2016-08-01 17:00:00,150.96,transfer,1.0,72.0955,0.0,65.1159,65.1159,72.0955,0.0058,47.7575,105.4979,4052
2016-08-01 18:00:00,83.57,transfer,1.0,72.4838,0.0,69.5346,69.5346,72.4838,0.0067,47.8141,105.6125,4053
2016-08-01 19:00:00,73.2,transfer,1.0,72.4945,0.0,83.714,83.714,72.4945,0.0078,47.8178,105.6711,4054
2016-08-01 20:00:00,68.99,transfer,1.0,70.817,0.0,75.5458,75.5458,70.817,0.0091,47.7774,105.7698,4055
2016-08-01 21:00:00,69.27,transfer,1.0,68.1723,0.0,67.4204,67.4204,68.1723,0.0111,47.7564,105.8593,4056
2016-08-01 22:00:00,68.51,transfer,1.0,65.5265,0.0,66.5674,66.5674,65.5265,0.0134,47.7686,105.9296,4057
2016-08-01 23:00:00,67.0,transfer,1.0,63.3259,0.0,61.9227,61.9227,63.3259,0.0157,47.7887,105.9902,4058
2016-08-02 00:00:00,66.66,transfer,1.0,61.7301,0.0,67.5856,67.5856,61.7301,0.0177,47.7689,105.9956,4059
2016-08-02 01:00:00,66.14,transfer,1.0,60.8055,0.0,70.6034,70.6034,60.8055,0.0191,47.39,105.6306,4060
2016-08-02 02:00:00,66.79,transfer,1.0,60.6933,0.0,63.0817,63.0817,60.6933,0.018,46.9918,105.2315,4061
2016-08-02 03:00:00,66.34,transfer,1.0,60.9029,0.0,75.0804,75.0804,60.9029,0.0158,46.6323,104.8491,4062
2016-08-02 04:00:00,119.46,transfer,1.0,61.8493,0.0,60.0405,60.0405,61.8493,0.0149,46.6025,104.7781,4063
2016-08-02 05:00:00,123.53,transfer,1.0,63.2731,0.0,68.4674,68.4674,63.2731,0.014,46.5889,104.7103,4064
2016-08-02 06:00:00,112.85,transfer,1.0,66.2591,0.0,64.2568,64.2568,66.2591,0.0127,46.4371,104.5065,4065
2016-08-02 07:00:00,122.96,transfer,1.0,69.3828,0.0,69.4128,69.4128,69.3828,0.0109,46.3028,104.3292,4066
2016-08-02 08:00:00,136.93,transfer,1.0,72.1863,0.0,66.6698,66.6698,72.1863,0.0093,46.1823,104.1754,4067
2016-08-02 09:00:00,142.51,transfer,1.0,74.3174,0.0,89.3635,89.3635,74.3174,0.0076,46.0292,103.9962,4068
2016-08-02 10:00:00,150.65,transfer,1.0,76.0135,0.0,70.876,70.876,76.0135,0.0067,46.0245,103.9709,4069
2016-08-02 11:00:00,145.21,transfer,1.0,77.2862,0.0,67.6678,67.6678,77.2862,0.006,45.9294,103.8593,4070
2016-08-02 12:00:00,146.99,transfer,1.0,78.334,0.0,76.669,76.669,78.334,0.0056,45.8085,103.7265,4071
2016-08-02 13:00:00,165.2,transfer,1.0,78.982,0.0,82.2844,82.2844,78.982,0.0053,45.8864,103.7953,4072
2016-08-02 14:00:00,166.18,transfer,1.0,79.3672,0.0,76.6751,76.6751,79.3672,0.0053,45.9859,103.8876,4073
2016-08-02 15:00:00,160.97,transfer,1.0,79.686,0.0,50.4005,50.4005,79.686,0.0048,46.4289,104.3257,4074
2016-08-02 16:00:00,160.91,transfer,1.0,79.839,0.0,92.3216,92.3216,79.839,0.005,46.8588,104.8585,4075
2016-08-02 17:00:00,148.56,transfer,1.0,79.9559,0.0,66.003,66.003,79.9559,0.0057,47.225,105.3123,4076
2016-08-02 18:00:00,89.88,transfer,1.0,80.0365,0.0,85.2049,85.2049,80.0365,0.0066,47.2672,105.3997,4077
2016-08-02 19:00:00,76.4,transfer,1.0,79.8913,0.0,55.7303,55.7303,79.8913,0.0077,47.2447,105.4444,4078
2016-08-02 20:00:00,80.04,transfer,1.0,79.1324,0.0,80.2391,80.2391,79.1324,0.0094,47.1793,105.5487,4079
2016-08-02 21:00:00,67.47,transfer,1.0,77.8438,0.0,73.812,73.812,77.8438,0.0117,47.1945,105.5634,4080
2016-08-02 22:00:00,66.38,transfer,1.0,76.4875,0.0,85.811,85.811,76.4875,0.0144,47.2182,105.5691,4081
2016-08-02 23:00:00,60.14,transfer,1.0,74.9978,0.0,72.9559,72.9559,74.9978,0.0172,47.2838,105.5297,4082
2016-08-03 00:00:00,51.81,transfer,1.0,73.4875,0.0,60.6219,60.6219,73.4875,0.019,47.3734,105.4569,4083
2016-08-03 01:00:00,51.4,transfer,1.0,71.7441,0.0,64.007,64.007,71.7441,0.0195,47.2064,105.0506,4084
2016-08-03 02:00:00,49.07,transfer,1.0,70.5526,0.0,64.7298,64.7298,70.5526,0.0185,47.0365,104.6074,4085
2016-08-03 03:00:00,53.76,transfer,1.0,69.8921,0.0,68.4912,68.4912,69.8921,0.0167,46.8432,104.187,4086
2016-08-03 04:00:00,110.38,transfer,1.0,70.296,0.0,73.5276,73.5276,70.296,0.0151,46.7461,104.0488,4087
2016-08-03 05:00:00,103.11,transfer,1.0,71.9238,0.0,71.6043,71.6043,71.9238,0.0137,46.536,103.8011,4088
2016-08-03 06:00:00,95.18,transfer,1.0,74.6056,0.0,59.6696,59.6696,74.6056,0.0125,46.171,103.4111,4089
2016-08-03 07:00:00,111.07,transfer,1.0,76.2745,0.0,71.8606,71.8606,76.2745,0.0113,45.9048,103.1272,4090
2016-08-03 08:00:00,131.61,transfer,1.0,77.0779,0.0,69.9091,69.9091,77.0779,0.01,45.7449,102.9518,4091
2016-08-03 09:00:00,120.7,transfer,1.0,77.1768,0.0,85.6961,85.6961,77.1768,0.0089,45.5167,102.7066,4092
2016-08-03 10:00:00,129.66,transfer,1.0,77.4639,0.0,77.2793,77.2793,77.4639,0.008,45.3074,102.4802,4093
2016-08-03 11:00:00,135.62,transfer,1.0,77.687,0.0,80.0662,80.0662,77.687,0.0074,45.1378,102.2939,4094
2016-08-03 12:00:00,134.94,transfer,1.0,77.9904,0.0,76.9687,76.9687,77.9904,0.007,44.9869,102.1272,4095
2016-08-03 13:00:00,138.23,transfer,1.0,78.3777,0.0,80.5388,80.5388,78.3777,0.0067,44.8475,101.9738,4096
2016-08-03 14:00:00,134.86,transfer,1.0,78.6622,0.0,85.7386,85.7386,78.6622,0.0068,44.7681,101.8823,4097
2016-08-03 15:00:00,129.11,transfer,1.0,78.6672,0.0,67.9205,67.9205,78.6672,0.0068,45.038,102.1402,4098
2016-08-03 16:00:00,128.2,transfer,1.0,78.3195,0.0,82.7729,82.7729,78.3195,0.0066,45.3128,102.4461,4099
2016-08-03 17:00:00,130.63,transfer,1.0,77.7532,0.0,77.4393,77.4393,77.7532,0.0068,45.6076,102.7681,4100
2016-08-03 18:00:00,69.73,transfer,1.0,77.064,0.0,68.9383,68.9383,77.064,0.0074,45.6418,102.7226,4101
2016-08-03 19:00:00,54.61,transfer,1.0,76.3387,0.0,74.2518,74.2518,76.3387,0.0083,45.7058,102.6483,4102
2016-08-03 20:00:00,54.61,transfer,1.0,74.5162,0.0,84.2766,84.2766,74.5162,0.0094,45.6947,102.6426,4103
2016-08-03 21:00:00,56.32,transfer,1.0,71.687,0.0,77.2354,77.2354,71.687,0.0109,45.6739,102.6354,4104
2016-08-03 22:00:00,56.44,transfer,1.0,68.7033,0.0,65.2578,65.2578,68.7033,0.0127,45.6468,102.6224,4105
2016-08-03 23:00:00,55.17,transfer,1.0,66.0084,0.0,63.9085,63.9085,66.0084,0.0144,45.6172,102.5998,4106
2016-08-04 00:00:00,65.47,transfer,1.0,63.7728,0.0,71.4965,71.4965,63.7728,0.016,45.5251,102.646,4107
2016-08-04 01:00:00,58.82,transfer,1.0,61.5751,0.0,53.4324,53.4324,61.5751,0.0172,45.2128,102.2186,4108
2016-08-04 02:00:00,57.21,transfer,1.0,60.6894,0.0,59.822,59.822,60.6894,0.0172,44.9284,101.7972,4109
2016-08-04 03:00:00,52.67,transfer,1.0,60.0108,0.0,50.1531,50.1531,60.0108,0.0163,44.7271,101.397,4110
2016-08-04 04:00:00,103.43,transfer,1.0,59.3143,0.0,59.1503,59.1503,59.3143,0.0153,44.6799,101.2264,4111
2016-08-04 05:00:00,93.17,transfer,1.0,59.245,0.0,49.0567,49.0567,59.245,0.0143,44.49,100.9086,4112
2016-08-04 06:00:00,84.53,transfer,1.0,60.7196,0.0,63.5883,63.5883,60.7196,0.0131,44.2424,100.5406,4113
2016-08-04 07:00:00,97.69,transfer,1.0,62.5731,0.0,49.4307,49.4307,62.5731,0.0116,44.004,100.1947,4114
2016-08-04 08:00:00,113.57,transfer,1.0,63.9954,0.0,48.129,48.129,63.9954,0.0102,43.8193,99.9132,4115
2016-08-04 09:00:00,143.09,transfer,1.0,64.7382,0.0,74.5457,74.5457,64.7382,0.0092,43.8292,99.8316,4116
2016-08-04 10:00:00,143.34,transfer,1.0,65.5767,0.0,65.0864,65.0864,65.5767,0.0081,43.8243,99.7397,4117
2016-08-04 11:00:00,152.31,transfer,1.0,67.9144,0.0,65.1592,65.1592,67.9144,0.0076,43.803,99.645,4118
2016-08-04 12:00:00,149.09,transfer,1.0,70.7276,0.0,72.1587,72.1587,70.7276,0.0075,43.764,99.5493,4119
2016-08-04 13:00:00,144.85,transfer,1.0,73.2687,0.0,83.097,83.097,73.2687,0.0074,43.6766,99.4203,4120
2016-08-04 14:00:00,147.41,transfer,1.0,75.1595,0.0,80.1057,80.1057,75.1595,0.0073,43.6553,99.3693,4121
2016-08-04 15:00:00,146.12,transfer,1.0,76.2993,0.0,69.8161,69.8161,76.2993,0.0075,44.009,99.7004,4122
2016-08-04 16:00:00,150.96,transfer,1.0,76.8821,0.0,72.3493,72.3493,76.8821,0.0081,44.4322,100.1415,4123
2016-08-04 17:00:00,143.16,transfer,1.0,77.1806,0.0,59.7772,59.7772,77.1806,0.0087,44.8085,100.5394,4124
2016-08-04 18:00:00,91.66,transfer,1.0,77.3752,0.0,82.8053,82.8053,77.3752,0.0093,44.8925,100.6224,4125
2016-08-04 19:00:00,85.54,transfer,1.0,77.1991,0.0,56.164,56.164,77.1991,0.0095,44.9262,100.6911,4126
2016-08-04 20:00:00,81.28,transfer,1.0,76.0906,0.0,84.9959,84.9959,76.0906,0.0102,44.8236,100.859,4127
2016-08-04 21:00:00,75.04,transfer,1.0,74.4073,0.0,84.4833,84.4833,74.4073,0.0114,44.7311,100.9601,4128
2016-08-04 22:00:00,69.89,transfer,1.0,72.6202,0.0,81.7495,81.7495,72.6202,0.0129,44.6603,101.0323,4129
2016-08-04 23:00:00,65.55,transfer,1.0,70.9085,0.0,73.4923,73.4923,70.9085,0.0143,44.6126,101.0802,4130
2016-08-05 00:00:00,56.91,transfer,1.0,69.4824,0.0,62.7857,62.7857,69.4824,0.0157,44.6476,101.0426,4131
2016-08-05 01:00:00,48.88,transfer,1.0,68.0534,0.0,72.0592,72.0592,68.0534,0.0172,44.4164,100.5739,4132
2016-08-05 02:00:00,49.69,transfer,1.0,67.0315,0.0,60.9596,60.9596,67.0315,0.0167,44.1788,100.1023,4133
2016-08-05 03:00:00,49.07,transfer,1.0,65.9011,0.0,72.9455,72.9455,65.9011,0.0152,44.0028,99.6755,4134
2016-08-05 04:00:00,99.4,transfer,1.0,65.2893,0.0,65.4874,65.4874,65.2893,0.0134,43.8128,99.4205,4135
2016-08-05 05:00:00,102.62,transfer,1.0,65.807,0.0,72.0974,72.0974,65.807,0.0123,43.5896,99.1273,4136
2016-08-05 06:00:00,100.83,transfer,1.0,67.805,0.0,63.2344,63.2344,67.805,0.0111,43.3133,98.7892,4137
2016-08-05 07:00:00,101.5,transfer,1.0,70.1678,0.0,90.3245,90.3245,70.1678,0.0098,43.0343,98.461,4138
2016-08-05 08:00:00,118.02,transfer,1.0,72.347,0.0,80.8212,80.8212,72.347,0.0083,42.809,98.1979,4139
2016-08-05 09:00:00,148.38,transfer,1.0,73.594,0.0,73.7949,73.7949,73.594,0.0069,42.7744,98.1313,4140
2016-08-05 10:00:00,156.49,transfer,1.0,74.2335,0.0,79.9463,79.9463,74.2335,0.0059,42.7934,98.1209,4141
2016-08-05 11:00:00,151.63,transfer,1.0,75.2818,0.0,54.992,54.992,75.2818,0.0055,42.7106,98.014,4142
2016-08-05 12:00:00,159.26,transfer,1.0,76.6411,0.0,64.8443,64.8443,76.6411,0.0053,42.7195,98.0069,4143
2016-08-05 13:00:00,143.96,transfer,1.0,77.749,0.0,80.3625,80.3625,77.749,0.0051,42.6421,97.9206,4144
2016-08-05 14:00:00,168.07,transfer,1.0,78.6539,0.0,85.8182,85.8182,78.6539,0.0051,42.7995,98.0771,4145
2016-08-05 15:00:00,172.73,transfer,1.0,79.1044,0.0,79.8651,79.8651,79.1044,0.0051,43.3373,98.6171,4146
2016-08-05 16:00:00,158.9,transfer,1.0,79.5716,0.0,79.6282,79.6282,79.5716,0.0058,43.7884,99.1195,4147
2016-08-05 17:00:00,152.25,transfer,1.0,80.0254,0.0,87.4958,87.4958,80.0254,0.0068,44.2004,99.5882,4148
2016-08-05 18:00:00,98.62,transfer,1.0,80.2502,0.0,85.3489,85.3489,80.2502,0.0079,44.245,99.7969,4149
2016-08-05 19:00:00,89.12,transfer,1.0,80.2262,0.0,83.2402,83.2402,80.2262,0.0084,44.2355,99.961,4150
2016-08-05 20:00:00,84.82,transfer,1.0,79.682,0.0,80.1204,80.1204,79.682,0.0094,44.1527,100.1631,4151
2016-08-05 21:00:00,79.13,transfer,1.0,78.7245,0.0,72.4172,72.4172,78.7245,0.0105,44.056,100.3318,4152
2016-08-05 22:00:00,77.32,transfer,1.0,77.6519,0.0,64.8691,64.8691,77.6519,0.0118,43.9837,100.4902,4153
2016-08-05 23:00:00,71.0,transfer,1.0,76.5452,0.0,77.3881,77.3881,76.5452,0.013,43.9649,100.6114,4154
2016-08-06 00:00:00,65.75,transfer,1.0,75.5066,0.0,78.9181,78.9181,75.5066,0.014,43.9811,100.7115,4155
2016-08-06 01:00:00,64.96,transfer,1.0,73.768,0.0,76.3232,76.3232,73.768,0.0143,44.0317,100.7832,4156
2016-08-06 02:00:00,64.14,transfer,1.0,72.0402,0.0,67.8978,67.8978,72.0402,0.0132,44.0647,100.8457,4157
2016-08-06 03:00:00,63.01,transfer,1.0,70.4806,0.0,65.4493,65.4493,70.4806,0.0117,44.0806,100.9005,4158
2016-08-06 04:00:00,116.59,transfer,1.0,69.8308,0.0,72.5685,72.5685,69.8308,0.0111,44.009,100.9664,4159
2016-08-06 05:00:00,112.34,transfer,1.0,69.9421,0.0,71.946,71.946,69.9421,0.0104,43.8804,100.987,4160
2016-08-06 06:00:00,110.56,transfer,1.0,71.6242,0.0,62.3588,62.3588,71.6242,0.0101,43.7693,101.0418,4161
2016-08-06 07:00:00,105.79,transfer,1.0,73.1928,0.0,61.5887,61.5887,73.1928,0.0093,43.5014,100.9522,4162
2016-08-06 08:00:00,109.69,transfer,1.0,74.3445,0.0,74.9878,74.9878,74.3445,0.0084,43.2298,100.868,4163
2016-08-06 09:00:00,124.42,transfer,1.0,74.776,0.0,73.314,73.314,74.776,0.0068,43.0481,100.8774,4164
2016-08-06 10:00:00,141.87,transfer,1.0,74.4226,0.0,68.7823,68.7823,74.4226,0.0059,42.9509,100.9709,4165
2016-08-06 11:00:00,154.46,transfer,1.0,73.7163,0.0,80.7093,80.7093,73.7163,0.0053,42.8874,101.1012,4166
2016-08-06 12:00:00,167.0,transfer,1.0,73.3499,0.0,68.397,68.397,73.3499,0.0047,42.8805,101.3092,4167
2016-08-06 13:00:00,178.47,transfer,1.0,73.5266,0.0,78.6485,78.6485,73.5266,0.0047,42.8852,101.5612,4168
2016-08-06 14:00:00,164.0,transfer,1.0,74.1273,0.0,79.3072,79.3072,74.1273,0.0046,42.8215,101.7614,4169
2016-08-06 15:00:00,157.98,transfer,1.0,74.6521,0.0,75.661,75.661,74.6521,0.005,42.7034,101.9122,4170
2016-08-06 16:00:00,150.0,transfer,1.0,75.0271,0.0,81.6841,81.6841,75.0271,0.0048,42.5867,102.0665,4171
2016-08-06 17:00:00,144.21,transfer,1.0,75.0855,0.0,72.3876,72.3876,75.0855,0.005,42.4693,102.2194,4172
2016-08-06 18:00:00,91.05,transfer,1.0,74.7367,0.0,78.5658,78.5658,74.7367,0.0052,42.3293,102.3475,4173
2016-08-06 19:00:00,84.03,transfer,1.0,73.9946,0.0,67.2086,67.2086,73.9946,0.0063,42.1893,102.4721,4174
2016-08-06 20:00:00,84.63,transfer,1.0,72.2543,0.0,78.2049,78.2049,72.2543,0.0082,42.047,102.5893,4175
2016-08-06 21:00:00,70.11,transfer,1.0,69.8569,0.0,68.2456,68.2456,69.8569,0.0101,41.8724,102.6659,4176
2016-08-06 22:00:00,64.8,transfer,1.0,67.5967,0.0,82.983,82.983,67.5967,0.0119,41.7137,102.7151,4177
2016-08-06 23:00:00,57.16,transfer,1.0,65.2137,0.0,61.5409,61.5409,65.2137,0.0136,41.6495,102.781,4178
2016-08-07 00:00:00,56.97,transfer,1.0,62.5476,0.0,65.5945,65.5945,62.5476,0.0147,41.5896,102.8532,4179
2016-08-07 01:00:00,60.57,transfer,1.0,60.1157,0.0,64.4452,64.4452,60.1157,0.0157,41.4978,102.9487,4180
2016-08-07 02:00:00,60.6,transfer,1.0,58.2695,0.0,61.9482,61.9482,58.2695,0.015,41.4196,103.0398,4181
2016-08-07 03:00:00,60.9,transfer,1.0,57.0906,0.0,51.8365,51.8365,57.0906,0.014,41.3608,103.1306,4182
2016-08-07 04:00:00,108.1,transfer,1.0,56.4981,0.0,49.0926,49.0926,56.4981,0.0132,41.3029,103.1992,4183
2016-08-07 05:00:00,105.26,transfer,1.0,56.5493,0.0,62.8537,62.8537,56.5493,0.0119,41.2284,103.2239,4184
2016-08-07 06:00:00,97.13,transfer,1.0,58.2878,0.0,53.6381,53.6381,58.2878,0.0111,41.176,103.262,4185
2016-08-07 07:00:00,99.34,transfer,1.0,60.3479,0.0,69.6861,69.6861,60.3479,0.0103,41.0499,103.2276,4186
2016-08-07 08:00:00,107.51,transfer,1.0,62.1761,0.0,62.9002,62.9002,62.1761,0.0095,40.9941,103.2673,4187
2016-08-07 09:00:00,115.79,transfer,1.0,63.2418,0.0,77.7752,77.7752,63.2418,0.0082,40.9392,103.3123,4188
2016-08-07 10:00:00,117.61,transfer,1.0,63.8281,0.0,74.6535,74.6535,63.8281,0.0073,40.8652,103.3435,4189
2016-08-07 11:00:00,121.03,transfer,1.0,64.0775,0.0,63.3027,63.3027,64.0775,0.007,40.826,103.4129,4190
2016-08-07 12:00:00,121.45,transfer,1.0,63.7527,0.0,54.8025,54.8025,63.7527,0.0066,40.8193,103.5157,4191
2016-08-07 13:00:00,129.43,transfer,1.0,63.0862,0.0,50.0933,50.0933,63.0862,0.0064,40.8292,103.6363,4192
2016-08-07 14:00:00,134.71,transfer,1.0,61.725,0.0,69.6748,69.6748,61.725,0.0058,40.8624,103.7776,4193
2016-08-07 15:00:00,135.81,transfer,1.0,59.829,0.0,66.5541,66.5541,59.829,0.0054,40.9042,103.9195,4194
2016-08-07 16:00:00,143.04,transfer,1.0,58.4984,0.0,61.2319,61.2319,58.4984,0.0047,40.9786,104.0897,4195
2016-08-07 17:00:00,137.9,transfer,1.0,58.5492,0.0,60.329,60.329,58.5492,0.0043,41.0766,104.286,4196
2016-08-07 18:00:00,78.15,transfer,1.0,58.5365,0.0,61.7321,61.7321,58.5365,0.0055,41.1009,104.4112,4197
2016-08-07 19:00:00,71.23,transfer,1.0,58.321,0.0,54.7818,54.7818,58.321,0.007,41.1084,104.5214,4198
2016-08-07 20:00:00,74.01,transfer,1.0,56.7832,0.0,56.4813,56.4813,56.7832,0.0078,41.1166,104.6306,4199
2016-08-07 21:00:00,70.21,transfer,1.0,54.6657,0.0,44.529,44.529,54.6657,0.0091,41.0854,104.7014,4200
2016-08-07 22:00:00,69.42,transfer,1.0,53.0059,0.0,56.0647,56.0647,53.0059,0.0104,41.0418,104.7661,4201
2016-08-07 23:00:00,64.95,transfer,1.0,51.7568,0.0,47.7212,47.7212,51.7568,0.0117,40.9648,104.8084,4202
2016-08-08 00:00:00,61.27,transfer,1.0,50.805,0.0,53.0008,53.0008,50.805,0.0127,40.8571,104.8294,4203
2016-08-08 01:00:00,59.42,transfer,1.0,50.7584,0.0,53.924,53.924,50.7584,0.0147,40.7357,104.8424,4204
2016-08-08 02:00:00,59.42,transfer,1.0,50.8607,0.0,61.3425,61.3425,50.8607,0.0156,40.6174,104.8564,4205
2016-08-08 03:00:00,58.98,transfer,1.0,51.2209,0.0,48.9953,48.9953,51.2209,0.0154,40.4967,104.8669,4206
2016-08-08 04:00:00,107.92,transfer,1.0,51.1999,0.0,45.7029,45.7029,51.1999,0.015,40.2987,104.7937,4207
2016-08-08 05:00:00,103.94,transfer,1.0,53.0173,0.0,53.6405,53.6405,53.0173,0.0134,40.1321,104.753,4208
2016-08-08 06:00:00,123.58,transfer,1.0,56.0868,0.0,55.0645,55.0645,56.0868,0.0121,40.16,104.9025,4209
2016-08-08 07:00:00,142.53,transfer,1.0,58.5367,0.0,60.5833,60.5833,58.5367,0.0108,40.2242,105.076,4210
2016-08-08 08:00:00,161.41,transfer,1.0,62.0943,0.0,59.9781,59.9781,62.0943,0.0095,40.3879,105.3425,4211
2016-08-08 09:00:00,174.69,transfer,1.0,67.2782,0.0,61.471,61.471,67.2782,0.0084,40.563,105.6215,4212
2016-08-08 10:00:00,169.57,transfer,1.0,72.4389,0.0,82.4223,82.4223,72.4389,0.0076,40.7387,105.8948,4213
2016-08-08 11:00:00,166.84,transfer,1.0,76.4351,0.0,78.2857,78.2857,76.4351,0.0073,40.8638,106.1088,4214
2016-08-08 12:00:00,161.01,transfer,1.0,78.5498,0.0,89.8505,89.8505,78.5498,0.0067,40.9587,106.2809,4215
2016-08-08 13:00:00,164.41,transfer,1.0,79.7862,0.0,86.5171,86.5171,79.7862,0.0061,41.0359,106.4264,4216
2016-08-08 14:00:00,153.08,transfer,1.0,80.4305,0.0,73.058,73.058,80.4305,0.006,41.0137,106.4674,4217
2016-08-08 15:00:00,151.99,transfer,1.0,80.7737,0.0,76.3395,76.3395,80.7737,0.0055,40.9808,106.4935,4218
2016-08-08 16:00:00,152.87,transfer,1.0,80.9461,0.0,81.946,81.946,80.9461,0.005,40.9237,106.4923,4219
2016-08-08 17:00:00,151.3,transfer,1.0,81.0536,0.0,94.8901,94.8901,81.0536,0.0052,40.8724,106.4943,4220
2016-08-08 18:00:00,111.64,transfer,1.0,81.1218,0.0,78.8552,78.8552,81.1218,0.0055,40.988,106.6614,4221
2016-08-08 19:00:00,92.61,transfer,1.0,81.0045,0.0,89.8468,89.8468,81.0045,0.006,41.0529,106.7769,4222
2016-08-08 20:00:00,82.69,transfer,1.0,80.6056,0.0,70.0928,70.0928,80.6056,0.0073,41.0544,106.8585,4223
2016-08-08 21:00:00,67.52,transfer,1.0,79.9024,0.0,92.5011,92.5011,79.9024,0.0092,41.1216,106.8481,4224
2016-08-08 22:00:00,63.83,transfer,1.0,78.9505,0.0,78.6091,78.6091,78.9505,0.0113,41.1939,106.8202,4225
2016-08-08 23:00:00,63.29,transfer,1.0,77.6465,0.0,74.2618,74.2618,77.6465,0.0134,41.2574,106.7982,4226
2016-08-09 00:00:00,62.59,transfer,1.0,76.2724,0.0,76.0569,76.0569,76.2724,0.0153,41.3095,106.774,4227
2016-08-09 01:00:00,61.89,transfer,1.0,75.1949,0.0,65.5637,65.5637,75.1949,0.0166,41.357,106.7487,4228
2016-08-09 02:00:00,61.27,transfer,1.0,74.5578,0.0,74.6978,74.6978,74.5578,0.0168,41.3998,106.7158,4229
2016-08-09 03:00:00,60.87,transfer,1.0,74.2042,0.0,63.4498,63.4498,74.2042,0.0161,41.4468,106.6833,4230
2016-08-09 04:00:00,95.58,transfer,1.0,74.2955,0.0,66.0623,66.0623,74.2955,0.0155,41.2306,106.5411,4231
2016-08-09 05:00:00,102.08,transfer,1.0,75.156,0.0,77.8903,77.8903,75.156,0.0146,41.0322,106.4134,4232
2016-08-09 06:00:00,106.77,transfer,1.0,76.5164,0.0,79.7971,79.7971,76.5164,0.0136,40.9349,106.3772,4233
2016-08-09 07:00:00,126.38,transfer,1.0,77.737,0.0,70.1223,70.1223,77.737,0.0126,40.9055,106.3976,4234
2016-08-09 08:00:00,141.08,transfer,1.0,78.5288,0.0,89.1157,89.1157,78.5288,0.0118,40.8925,106.4223,4235
2016-08-09 09:00:00,147.0,transfer,1.0,78.7987,0.0,81.8508,81.8508,78.7987,0.0106,40.8925,106.449,4236
2016-08-09 10:00:00,160.34,transfer,1.0,78.7944,0.0,59.6862,59.6862,78.7944,0.0096,40.9337,106.5067,4237
2016-08-09 11:00:00,165.66,transfer,1.0,78.8089,0.0,73.2311,73.2311,78.8089,0.0086,41.0463,106.6284,4238
2016-08-09 12:00:00,158.49,transfer,1.0,79.0095,0.0,80.2398,80.2398,79.0095,0.008,41.1108,106.6968,4239
2016-08-09 13:00:00,168.76,transfer,1.0,79.3656,0.0,74.4292,74.4292,79.3656,0.0076,41.1297,106.718,4240
2016-08-09 14:00:00,158.56,transfer,1.0,79.7181,0.0,80.1928,80.1928,79.7181,0.0071,41.0822,106.6726,4241
2016-08-09 15:00:00,151.81,transfer,1.0,80.0028,0.0,60.6141,60.6141,80.0028,0.0067,41.0258,106.6181,4242
2016-08-09 16:00:00,146.88,transfer,1.0,80.1625,0.0,70.2947,70.2947,80.1625,0.006,40.9404,106.5346,4243
2016-08-09 17:00:00,131.2,transfer,1.0,80.1535,0.0,73.5702,73.5702,80.1535,0.0056,40.8359,106.4312,4244
2016-08-09 18:00:00,96.12,transfer,1.0,80.0341,0.0,72.088,72.088,80.0341,0.0056,40.873,106.4684,4245
2016-08-09 19:00:00,80.73,transfer,1.0,79.6734,0.0,84.4681,84.4681,79.6734,0.0064,40.8585,106.4942,4246
2016-08-09 20:00:00,78.47,transfer,1.0,78.9566,0.0,74.9058,74.9058,78.9566,0.0076,40.856,106.4848,4247
2016-08-09 21:00:00,67.43,transfer,1.0,77.945,0.0,70.4772,70.4772,77.945,0.0093,40.8569,106.4846,4248
2016-08-09 22:00:00,68.9,transfer,1.0,76.7962,0.0,82.8853,82.8853,76.7962,0.0112,40.8437,106.4996,4249
2016-08-09 23:00:00,67.89,transfer,1.0,75.4125,0.0,78.3616,78.3616,75.4125,0.0126,40.8,106.5458,4250
2016-08-10 00:00:00,68.33,transfer,1.0,74.2862,0.0,50.0311,50.0311,74.2862,0.0141,40.7065,106.6441,4251
2016-08-10 01:00:00,68.21,transfer,1.0,73.7346,0.0,82.8407,82.8407,73.7346,0.0152,40.6182,106.7442,4252
2016-08-10 02:00:00,57.27,transfer,1.0,74.0027,0.0,62.5714,62.5714,74.0027,0.0155,40.59,106.793,4253
2016-08-10 03:00:00,55.14,transfer,1.0,74.4719,0.0,67.3009,67.3009,74.4719,0.0147,40.609,106.8013,4254
2016-08-10 04:00:00,110.07,transfer,1.0,74.7348,0.0,61.9325,61.9325,74.7348,0.0137,40.5808,106.7994,4255
2016-08-10 05:00:00,123.69,transfer,1.0,75.6447,0.0,76.1183,76.1183,75.6447,0.0129,40.6811,106.9219,4256
2016-08-10 06:00:00,133.74,transfer,1.0,77.5465,0.0,69.1538,69.1538,77.5465,0.0122,40.8931,107.1515,4257
2016-08-10 07:00:00,155.22,transfer,1.0,79.2314,0.0,96.934,96.934,79.2314,0.0118,41.1383,107.4143,4258
2016-08-10 08:00:00,173.56,transfer,1.0,80.4072,0.0,99.2859,99.2859,80.4072,0.0113,41.3682,107.664,4259
2016-08-10 09:00:00,181.1,transfer,1.0,81.0855,0.0,92.7468,92.7468,81.0855,0.0108,41.7045,108.0235,4260
2016-08-10 10:00:00,191.34,transfer,1.0,81.309,0.0,77.902,77.902,81.309,0.0104,42.0487,108.3906,4261
2016-08-10 11:00:00,190.4,transfer,1.0,81.3276,0.0,80.5999,80.5999,81.3276,0.0102,42.3531,108.7167,4262
2016-08-10 12:00:00,189.4,transfer,1.0,81.4042,0.0,87.2632,87.2632,81.4042,0.01,42.657,109.0408,4263
2016-08-10 13:00:00,191.48,transfer,1.0,81.5751,0.0,86.9724,86.9724,81.5751,0.0099,42.9549,109.3577,4264
2016-08-10 14:00:00,188.66,transfer,1.0,81.796,0.0,77.2822,77.2822,81.796,0.0096,43.2565,109.678,4265
2016-08-10 15:00:00,190.26,transfer,1.0,81.9966,0.0,97.5071,97.5071,81.9966,0.0092,43.6007,110.0419,4266
2016-08-10 16:00:00,175.52,transfer,1.0,82.1344,0.0,92.3469,92.3469,82.1344,0.0078,43.8596,110.3236,4267
2016-08-10 17:00:00,176.46,transfer,1.0,82.2555,0.0,73.5581,73.5581,82.2555,0.0065,44.1056,110.5964,4268
2016-08-10 18:00:00,103.18,transfer,1.0,82.3634,0.0,89.2977,89.2977,82.3634,0.0058,44.1859,110.7955,4269
2016-08-10 19:00:00,92.4,transfer,1.0,82.3452,0.0,86.4618,86.4618,82.3452,0.0058,44.1164,111.0205,4270
2016-08-10 20:00:00,91.02,transfer,1.0,82.0474,0.0,82.8046,82.8046,82.0474,0.0065,44.0513,111.2372,4271
2016-08-10 21:00:00,73.26,transfer,1.0,81.5882,0.0,76.4108,76.4108,81.5882,0.0081,44.0094,111.3381,4272
2016-08-10 22:00:00,74.07,transfer,1.0,81.087,0.0,87.4775,87.4775,81.087,0.0097,43.9782,111.443,4273
2016-08-10 23:00:00,71.33,transfer,1.0,80.4333,0.0,83.7572,83.7572,80.4333,0.0108,43.9678,111.5392,4274
2016-08-11 00:00:00,70.46,transfer,1.0,79.8421,0.0,67.4857,67.4857,79.8421,0.0121,44.0136,111.569,4275
2016-08-11 01:00:00,69.96,transfer,1.0,79.2847,0.0,67.8888,67.8888,79.2847,0.013,44.0527,111.6353,4276
2016-08-11 02:00:00,71.36,transfer,1.0,78.9789,0.0,64.7218,64.7218,78.9789,0.0135,44.0773,111.7195,4277
2016-08-11 03:00:00,70.96,transfer,1.0,78.829,0.0,84.0487,84.0487,78.829,0.0132,44.0805,111.8284,4278
2016-08-11 04:00:00,132.15,transfer,1.0,79.2758,0.0,68.6742,68.6742,79.2758,0.0135,44.1326,111.9994,4279
2016-08-11 05:00:00,138.72,transfer,1.0,80.0869,0.0,84.0595,84.0595,80.0869,0.0137,44.2797,112.2705,4280
2016-08-11 06:00:00,152.81,transfer,1.0,81.1866,0.0,72.1328,72.1328,81.1866,0.0137,44.5643,112.677,4281
2016-08-11 07:00:00,167.55,transfer,1.0,81.8575,0.0,82.9105,82.9105,81.8575,0.013,44.8653,113.0928,4282
2016-08-11 08:00:00,202.12,transfer,1.0,82.2648,0.0,73.8287,73.8287,82.2648,0.0127,45.2837,113.6199,4283
2016-08-11 09:00:00,206.07,transfer,1.0,82.4876,0.0,61.6401,61.6401,82.4876,0.012,45.5529,113.9947,4284
2016-08-11 10:00:00,208.35,transfer,1.0,82.603,0.0,94.9372,94.9372,82.603,0.0106,45.8385,114.3817,4285
2016-08-11 11:00:00,203.36,transfer,1.0,82.5753,0.0,82.7895,82.7895,82.5753,0.0096,46.0551,114.6855,4286
2016-08-11 12:00:00,218.49,transfer,1.0,81.9919,0.0,81.4289,81.4289,81.9919,0.0093,46.4012,115.0986,4287
2016-08-11 13:00:00,215.05,transfer,1.0,81.6441,0.0,73.3871,73.3871,81.6441,0.009,46.7692,115.5165,4288
2016-08-11 14:00:00,205.42,transfer,1.0,81.585,0.0,90.6983,90.6983,81.585,0.0088,47.0762,115.8617,4289
2016-08-11 15:00:00,196.95,transfer,1.0,81.6344,0.0,72.2184,72.2184,81.6344,0.0085,47.347,116.1643,4290
2016-08-11 16:00:00,193.0,transfer,1.0,81.674,0.0,88.3559,88.3559,81.674,0.0073,47.5687,116.4145,4291
2016-08-11 17:00:00,193.29,transfer,1.0,81.6248,0.0,71.9603,71.9603,81.6248,0.006,47.8407,116.7129,4292
2016-08-11 18:00:00,97.35,transfer,1.0,81.6808,0.0,76.9889,76.9889,81.6808,0.0051,47.8489,116.7468,4293
2016-08-11 19:00:00,84.46,transfer,1.0,81.7005,0.0,88.5859,88.5859,81.7005,0.0048,47.8157,116.7404,4294
2016-08-11 20:00:00,84.23,transfer,1.0,81.5393,0.0,88.3952,88.3952,81.5393,0.0054,47.8008,116.758,4295
2016-08-11 21:00:00,75.79,transfer,1.0,81.3393,0.0,93.513,93.513,81.3393,0.0073,47.8301,116.7625,4296
2016-08-11 22:00:00,74.59,transfer,1.0,81.0521,0.0,75.1119,75.1119,81.0521,0.0094,47.8523,116.7905,4297
2016-08-11 23:00:00,73.72,transfer,1.0,80.5984,0.0,87.6814,87.6814,80.5984,0.0113,47.8613,116.8392,4298
2016-08-12 00:00:00,73.44,transfer,1.0,80.2279,0.0,89.5068,89.5068,80.2279,0.0127,47.8269,116.9376,4299
2016-08-12 01:00:00,72.13,transfer,1.0,79.8785,0.0,80.9933,80.9933,79.8785,0.0142,47.7589,117.076,4300
2016-08-12 02:00:00,71.83,transfer,1.0,79.8396,0.0,75.4882,75.4882,79.8396,0.0149,47.7034,117.2078,4301
2016-08-12 03:00:00,70.36,transfer,1.0,79.9355,0.0,92.4927,92.4927,79.9355,0.0151,47.6602,117.3345,4302
2016-08-12 04:00:00,140.74,transfer,1.0,80.1453,0.0,82.6209,82.6209,80.1453,0.0152,47.8178,117.5806,4303
2016-08-12 05:00:00,149.28,transfer,1.0,80.6274,0.0,78.3563,78.3563,80.6274,0.015,48.0073,117.8583,4304
2016-08-12 06:00:00,174.12,transfer,1.0,81.4654,0.0,66.5515,66.5515,81.4654,0.0147,48.3623,118.2945,4305
2016-08-12 07:00:00,174.51,transfer,1.0,82.002,0.0,84.7737,84.7737,82.002,0.0141,48.7264,118.7291,4306
2016-08-12 08:00:00,195.06,transfer,1.0,82.3543,0.0,81.1283,81.1283,82.3543,0.0135,49.1254,119.1876,4307
2016-08-12 09:00:00,205.41,transfer,1.0,82.5369,0.0,88.9884,88.9884,82.5369,0.0124,49.4116,119.5271,4308
2016-08-12 10:00:00,209.36,transfer,1.0,82.6256,0.0,87.9482,87.9482,82.6256,0.0111,49.6764,119.8417,4309
2016-08-12 11:00:00,212.26,transfer,1.0,82.5731,0.0,61.1495,61.1495,82.5731,0.0101,49.9939,120.2026,4310
2016-08-12 12:00:00,216.95,transfer,1.0,81.6002,0.0,83.2602,83.2602,81.6002,0.0092,50.3078,120.546,4311
2016-08-12 13:00:00,212.14,transfer,1.0,80.9842,0.0,62.1934,62.1934,80.9842,0.0086,50.6943,120.9518,4312
2016-08-12 14:00:00,215.82,transfer,1.0,80.7059,0.0,88.1006,88.1006,80.7059,0.0083,50.9664,121.236,4313
2016-08-12 15:00:00,202.48,transfer,1.0,80.6175,0.0,84.5385,84.5385,80.6175,0.0077,51.1344,121.413,4314
2016-08-12 16:00:00,194.69,transfer,1.0,80.5581,0.0,88.0046,88.0046,80.5581,0.007,51.3416,121.6261,4315
2016-08-12 17:00:00,189.89,transfer,1.0,52.5054,0.0,67.1924,67.1924,52.5054,0.0064,51.7294,121.8501,4316
2016-08-12 18:00:00,105.18,transfer,1.0,45.3163,0.0,37.9771,37.9771,45.3163,0.0064,51.9764,121.8892,4317
2016-08-12 19:00:00,87.8,transfer,1.0,44.9751,0.0,49.7474,49.7474,44.9751,0.0057,52.1784,121.8813,4318
2016-08-12 20:00:00,90.13,transfer,1.0,44.9074,0.0,46.5623,46.5623,44.9074,0.0067,52.417,121.913,4319
2016-08-12 21:00:00,77.23,transfer,1.0,51.9435,0.0,58.3749,58.3749,51.9435,0.0086,52.5651,121.9017,4320
2016-08-12 22:00:00,76.02,transfer,1.0,76.3632,0.0,77.9968,77.9968,76.3632,0.0104,52.5652,121.8939,4321
2016-08-12 23:00:00,75.52,transfer,1.0,75.5964,0.0,73.1235,73.1235,75.5964,0.0121,52.5326,121.9208,4322
2016-08-13 00:00:00,74.68,transfer,1.0,74.3386,0.0,74.9577,74.9577,74.3386,0.0136,52.4766,121.974,4323
2016-08-13 01:00:00,74.15,transfer,1.0,72.8856,0.0,70.0489,70.0489,72.8856,0.0145,52.4317,122.0287,4324
2016-08-13 02:00:00,72.53,transfer,1.0,71.9883,0.0,85.5644,85.5644,71.9883,0.0145,52.3879,122.0786,4325
2016-08-13 03:00:00,72.99,transfer,1.0,72.2211,0.0,78.4156,78.4156,72.2211,0.0144,52.348,122.138,4326
2016-08-13 04:00:00,145.28,transfer,1.0,73.1556,0.0,63.1763,63.1763,73.1556,0.0144,52.499,122.3088,4327
2016-08-13 05:00:00,153.8,transfer,1.0,75.5271,0.0,73.5819,73.5819,75.5271,0.0141,52.7125,122.5555,4328
2016-08-13 06:00:00,156.24,transfer,1.0,77.8424,0.0,89.4013,89.4013,77.8424,0.0135,52.9474,122.8274,4329
2016-08-13 07:00:00,154.96,transfer,1.0,79.1538,0.0,75.3123,75.3123,79.1538,0.0127,53.2046,123.1201,4330
2016-08-13 08:00:00,160.99,transfer,1.0,79.8562,0.0,81.3953,81.3953,79.8562,0.012,53.4771,123.4254,4331
2016-08-13 09:00:00,147.59,transfer,1.0,79.5735,0.0,83.0501,83.0501,79.5735,0.011,53.5865,123.5633,4332
2016-08-13 10:00:00,166.41,transfer,1.0,78.431,0.0,74.2619,74.2619,78.431,0.0097,53.7087,123.7094,4333
2016-08-13 11:00:00,166.8,transfer,1.0,76.8327,0.0,63.7539,63.7539,76.8327,0.0085,53.7636,123.7828,4334
2016-08-13 12:00:00,157.14,transfer,1.0,75.5059,0.0,84.0945,84.0945,75.5059,0.0077,53.6921,123.7241,4335
2016-08-13 13:00:00,157.54,transfer,1.0,74.4532,0.0,77.0097,77.0097,74.4532,0.007,53.562,123.5995,4336
2016-08-13 14:00:00,172.02,transfer,1.0,73.2318,0.0,79.9819,79.9819,73.2318,0.0064,53.6151,123.6472,4337
2016-08-13 15:00:00,182.33,transfer,1.0,71.5932,0.0,88.0905,88.0905,71.5932,0.0059,53.7782,123.7922,4338
2016-08-13 16:00:00,182.93,transfer,1.0,64.501,0.0,56.2926,56.2926,64.501,0.006,54.0369,123.9882,4339
2016-08-13 17:00:00,172.81,transfer,1.0,36.5062,0.0,36.0509,36.0509,36.5062,0.0062,54.4368,124.1584,4340
2016-08-13 18:00:00,95.49,transfer,1.0,36.0338,0.0,35.1548,35.1548,36.0338,0.0061,54.6936,124.1848,4341
2016-08-13 19:00:00,86.29,transfer,1.0,35.6044,0.0,43.4667,43.4667,35.6044,0.0056,54.9355,124.1983,4342
2016-08-13 20:00:00,90.66,transfer,1.0,34.3155,0.0,32.9248,32.9248,34.3155,0.0067,55.1972,124.2342,4343
2016-08-13 21:00:00,80.98,transfer,1.0,32.6686,0.0,38.5202,38.5202,32.6686,0.0085,55.4833,124.2989,4344
2016-08-13 22:00:00,80.81,transfer,1.0,31.3277,0.0,32.886,32.886,31.3277,0.0103,55.7612,124.3942,4345
2016-08-13 23:00:00,78.55,transfer,1.0,30.1738,0.0,30.3457,30.3457,30.1738,0.0118,56.0012,124.5215,4346
2016-08-14 00:00:00,79.18,transfer,1.0,29.2997,0.0,29.0105,29.0105,29.2997,0.013,56.2649,124.6537,4347
2016-08-14 01:00:00,76.72,transfer,1.0,28.7591,0.0,29.048,29.048,28.7591,0.014,56.5477,124.7499,4348
2016-08-14 02:00:00,76.84,transfer,1.0,28.4746,0.0,26.2949,26.2949,28.4746,0.0141,56.8217,124.8465,4349
2016-08-14 03:00:00,77.3,transfer,1.0,28.4264,0.0,33.078,33.078,28.4264,0.0139,57.09,124.9442,4350
2016-08-14 04:00:00,145.04,transfer,1.0,28.7468,0.0,29.5945,29.5945,28.7468,0.014,57.475,125.164,4351
2016-08-14 05:00:00,160.14,transfer,1.0,33.5335,0.0,37.4663,37.4663,33.5335,0.0134,57.9387,125.4907,4352
2016-08-14 06:00:00,160.21,transfer,1.0,58.6448,0.0,75.2145,75.2145,58.6448,0.0124,58.312,125.8662,4353
2016-08-14 07:00:00,149.36,transfer,1.0,62.4418,0.0,55.5401,55.5401,62.4418,0.0112,58.5973,126.1639,4354
2016-08-14 08:00:00,158.07,transfer,1.0,65.4286,0.0,66.5131,66.5131,65.4286,0.0102,58.8789,126.4648,4355
2016-08-14 09:00:00,160.63,transfer,1.0,67.0448,0.0,57.5699,57.5699,67.0448,0.0088,59.1232,126.7318,4356
2016-08-14 10:00:00,157.97,transfer,1.0,67.7898,0.0,79.7022,79.7022,67.7898,0.0076,59.3398,126.972,4357
2016-08-14 11:00:00,165.71,transfer,1.0,68.471,0.0,58.7709,58.7709,68.471,0.0067,59.5796,127.2379,4358
2016-08-14 12:00:00,162.64,transfer,1.0,64.0498,0.0,63.8133,63.8133,64.0498,0.0055,59.823,127.4831,4359
2016-08-14 13:00:00,159.7,transfer,1.0,48.7472,0.0,52.2475,52.2475,48.7472,0.0051,60.0886,127.6633,4360
2016-08-14 14:00:00,160.11,transfer,1.0,39.9012,0.0,37.0343,37.0343,39.9012,0.0046,60.3697,127.8145,4361
2016-08-14 15:00:00,159.78,transfer,1.0,38.1013,0.0,38.0063,38.0063,38.1013,0.0044,60.6417,127.9572,4362
2016-08-14 16:00:00,163.57,transfer,1.0,37.1185,0.0,30.8167,30.8167,37.1185,0.0046,60.8911,128.0794,4363
2016-08-14 17:00:00,171.31,transfer,1.0,36.3531,0.0,35.5971,35.5971,36.3531,0.005,61.2221,128.2783,4364
2016-08-14 18:00:00,88.79,transfer,1.0,35.878,0.0,34.1915,34.1915,35.878,0.0057,61.4203,128.3416,4365
2016-08-14 19:00:00,85.04,transfer,1.0,35.5593,0.0,38.7787,38.7787,35.5593,0.0066,61.638,128.4238,4366
2016-08-14 20:00:00,89.9,transfer,1.0,34.2443,0.0,31.6671,31.6671,34.2443,0.0073,61.8668,128.5184,4367
2016-08-14 21:00:00,75.72,transfer,1.0,32.6062,0.0,28.9515,28.9515,32.6062,0.0093,62.0309,128.5512,4368
2016-08-14 22:00:00,74.84,transfer,1.0,31.4033,0.0,24.9589,24.9589,31.4033,0.0115,62.1917,128.5834,4369
2016-08-14 23:00:00,72.57,transfer,1.0,30.1797,0.0,27.9747,27.9747,30.1797,0.0129,62.3655,128.6288,4370
2016-08-15 00:00:00,72.5,transfer,1.0,29.0824,0.0,24.5131,24.5131,29.0824,0.0138,62.5617,128.6956,4371
2016-08-15 01:00:00,72.35,transfer,1.0,28.774,0.0,24.2704,24.2704,28.774,0.0145,62.7695,128.7726,4372
2016-08-15 02:00:00,73.3,transfer,1.0,28.6923,0.0,30.6483,30.6483,28.6923,0.0145,62.9841,128.8552,4373
2016-08-15 03:00:00,72.46,transfer,1.0,28.8504,0.0,32.971,32.971,28.8504,0.0144,63.1974,128.9355,4374
2016-08-15 04:00:00,135.28,transfer,1.0,29.2985,0.0,25.6023,25.6023,29.2985,0.0142,63.4907,129.0983,4375
2016-08-15 05:00:00,147.99,transfer,1.0,39.5784,0.0,32.7449,32.7449,39.5784,0.0139,63.8329,129.3605,4376
2016-08-15 06:00:00,158.47,transfer,1.0,58.2522,0.0,58.9952,58.9952,58.2522,0.0131,64.0277,129.5682,4377
2016-08-15 07:00:00,178.37,transfer,1.0,63.8296,0.0,65.4144,65.4144,63.8296,0.0116,64.2095,129.7815,4378
2016-08-15 08:00:00,198.25,transfer,1.0,67.6292,0.0,65.1597,65.1597,67.6292,0.0104,64.3958,130.0008,4379
2016-08-15 09:00:00,207.87,transfer,1.0,70.3482,0.0,75.4704,75.4704,70.3482,0.0091,64.575,130.1983,4380
2016-08-15 10:00:00,200.77,transfer,1.0,71.727,0.0,72.3364,72.3364,71.727,0.008,64.765,130.384,4381
2016-08-15 11:00:00,203.6,transfer,1.0,69.4637,0.0,69.6364,69.6364,69.4637,0.0072,65.0253,130.6028,4382
2016-08-15 12:00:00,206.3,transfer,1.0,49.5916,0.0,45.6348,45.6348,49.5916,0.0066,65.4673,130.8724,4383
2016-08-15 13:00:00,209.21,transfer,1.0,44.9219,0.0,42.3279,42.3279,44.9219,0.0063,65.9415,131.1391,4384
2016-08-15 14:00:00,215.07,transfer,1.0,43.926,0.0,37.5368,37.5368,43.926,0.0061,66.5277,131.5081,4385
2016-08-15 15:00:00,208.47,transfer,1.0,43.8563,0.0,47.5083,47.5083,43.8563,0.0061,67.0837,131.8442,4386
2016-08-15 16:00:00,202.85,transfer,1.0,43.8079,0.0,44.437,44.437,43.8079,0.0061,67.6022,132.1417,4387
2016-08-15 17:00:00,193.66,transfer,1.0,43.718,0.0,35.6511,35.6511,43.718,0.0061,68.0766,132.3939,4388
2016-08-15 18:00:00,108.55,transfer,1.0,43.6635,0.0,43.7613,43.7613,43.6635,0.0063,68.2812,132.3755,4389
2016-08-15 19:00:00,89.55,transfer,1.0,43.3006,0.0,40.0965,40.0965,43.3006,0.0053,68.4874,132.3573,4390
2016-08-15 20:00:00,87.45,transfer,1.0,42.2113,0.0,43.4359,43.4359,42.2113,0.0064,68.7443,132.3856,4391
2016-08-15 21:00:00,72.53,transfer,1.0,40.2458,0.0,46.8044,46.8044,40.2458,0.0087,68.8627,132.4154,4392
2016-08-15 22:00:00,71.04,transfer,1.0,37.3323,0.0,40.7223,40.7223,37.3323,0.0129,68.9734,132.4583,4393
2016-08-15 23:00:00,68.53,transfer,1.0,35.1019,0.0,31.4979,31.4979,35.1019,0.0145,69.0869,132.4895,4394
2016-08-16 00:00:00,68.36,transfer,1.0,33.8823,0.0,32.1152,32.1152,33.8823,0.0148,69.2107,132.5239,4395
2016-08-16 01:00:00,68.56,transfer,1.0,33.9656,0.0,37.7404,37.7404,33.9656,0.0153,69.3374,132.5636,4396
2016-08-16 02:00:00,68.56,transfer,1.0,62.6282,0.0,73.4714,73.4714,62.6282,0.0153,69.2936,132.607,4397
2016-08-16 03:00:00,68.88,transfer,1.0,66.0545,0.0,70.1403,70.1403,66.0545,0.0155,69.2311,132.6547,4398
2016-08-16 04:00:00,131.89,transfer,1.0,67.1451,0.0,63.4207,63.4207,67.1451,0.0155,69.4897,132.8708,4399
2016-08-16 05:00:00,145.11,transfer,1.0,69.6244,0.0,72.5083,72.5083,69.6244,0.0157,69.7788,133.1269,4400
2016-08-16 06:00:00,161.2,transfer,1.0,73.4986,0.0,68.1135,68.1135,73.4986,0.0155,70.1208,133.4509,4401
2016-08-16 07:00:00,169.84,transfer,1.0,76.4006,0.0,76.3889,76.3889,76.4006,0.0146,70.3874,133.7096,4402
2016-08-16 08:00:00,195.54,transfer,1.0,78.2611,0.0,73.2646,73.2646,78.2611,0.0137,70.7132,134.0337,4403
2016-08-16 09:00:00,193.01,transfer,1.0,78.7132,0.0,82.1151,82.1151,78.7132,0.0123,70.9875,134.3076,4404
2016-08-16 10:00:00,195.12,transfer,1.0,78.882,0.0,84.3897,84.3897,78.882,0.0114,71.194,134.5146,4405
2016-08-16 11:00:00,202.53,transfer,1.0,79.0186,0.0,87.0389,87.0389,79.0186,0.0101,71.4123,134.7341,4406
2016-08-16 12:00:00,197.76,transfer,1.0,79.1925,0.0,85.0854,85.0854,79.1925,0.0092,71.6449,134.9678,4407
2016-08-16 13:00:00,195.39,transfer,1.0,79.3322,0.0,76.3437,76.3437,79.3322,0.0085,71.8036,135.1263,4408
2016-08-16 14:00:00,192.73,transfer,1.0,79.4205,0.0,78.7032,78.7032,79.4205,0.0081,72.0088,135.3297,4409
2016-08-16 15:00:00,185.26,transfer,1.0,79.3992,0.0,78.2053,78.2053,79.3992,0.0077,72.2115,135.5288,4410
2016-08-16 16:00:00,183.73,transfer,1.0,78.3896,0.0,66.3378,66.3378,78.3896,0.0072,72.4414,135.7481,4411
2016-08-16 17:00:00,178.26,transfer,1.0,43.7254,0.0,41.6097,41.6097,43.7254,0.0067,72.9383,136.0282,4412
2016-08-16 18:00:00,102.06,transfer,1.0,43.0968,0.0,41.3298,41.3298,43.0968,0.0064,73.1936,136.0636,4413
2016-08-16 19:00:00,92.09,transfer,1.0,42.5004,0.0,41.9903,41.9903,42.5004,0.0059,73.4825,136.1312,4414
2016-08-16 20:00:00,94.03,transfer,1.0,41.1948,0.0,43.9328,43.9328,41.1948,0.0066,73.7941,136.2238,4415
2016-08-16 21:00:00,77.3,transfer,1.0,39.5673,0.0,37.8298,37.8298,39.5673,0.0084,73.9561,136.2826,4416
2016-08-16 22:00:00,77.06,transfer,1.0,37.9189,0.0,37.5905,37.5905,37.9189,0.0103,74.142,136.3312,4417
2016-08-16 23:00:00,76.21,transfer,1.0,36.321,0.0,37.5319,37.5319,36.321,0.0117,74.3347,136.3807,4418
2016-08-17 00:00:00,74.51,transfer,1.0,35.1552,0.0,32.3357,32.3357,35.1552,0.0131,74.5335,136.4175,4419
2016-08-17 01:00:00,72.75,transfer,1.0,35.6664,0.0,35.2477,35.2477,35.6664,0.0142,74.7214,136.4445,4420
2016-08-17 02:00:00,72.7,transfer,1.0,61.1272,0.0,69.8659,69.8659,61.1272,0.0145,74.6906,136.5364,4421
2016-08-17 03:00:00,72.9,transfer,1.0,66.4902,0.0,60.1675,60.1675,66.4902,0.0146,74.6137,136.6421,4422
2016-08-17 04:00:00,140.6,transfer,1.0,67.3208,0.0,70.1666,70.1666,67.3208,0.0149,74.8396,136.8238,4423
2016-08-17 05:00:00,150.58,transfer,1.0,69.8993,0.0,65.001,65.001,69.8993,0.0152,75.0338,136.9839,4424
2016-08-17 06:00:00,168.92,transfer,1.0,73.8522,0.0,82.9865,82.9865,73.8522,0.0148,75.2652,137.1933,4425
2016-08-17 07:00:00,173.45,transfer,1.0,76.6666,0.0,71.4073,71.4073,76.6666,0.0136,75.389,137.3018,4426
2016-08-17 08:00:00,209.51,transfer,1.0,78.3129,0.0,80.3668,80.3668,78.3129,0.0126,75.6155,137.5157,4427
2016-08-17 09:00:00,205.6,transfer,1.0,78.6486,0.0,78.9952,78.9952,78.6486,0.0116,75.7758,137.6616,4428
2016-08-17 10:00:00,203.22,transfer,1.0,78.789,0.0,72.3394,72.3394,78.789,0.0101,75.8615,137.7323,4429
2016-08-17 11:00:00,195.32,transfer,1.0,78.8962,0.0,71.2457,71.2457,78.8962,0.0089,75.9053,137.7616,4430
2016-08-17 12:00:00,198.56,transfer,1.0,79.0687,0.0,78.4021,78.4021,79.0687,0.0079,75.9737,137.8161,4431
2016-08-17 13:00:00,187.01,transfer,1.0,79.169,0.0,90.609,90.609,79.169,0.0073,75.9614,137.7895,4432
2016-08-17 14:00:00,195.68,transfer,1.0,79.146,0.0,58.098,58.098,79.146,0.0069,76.019,137.8313,4433
2016-08-17 15:00:00,188.83,transfer,1.0,78.2416,0.0,82.3092,82.3092,78.2416,0.0067,76.0328,137.8228,4434
2016-08-17 16:00:00,175.81,transfer,1.0,43.9801,0.0,44.1542,44.1542,43.9801,0.0064,76.2616,137.8246,4435
2016-08-17 17:00:00,160.11,transfer,1.0,43.4951,0.0,43.595,43.595,43.4951,0.0063,76.395,137.7272,4436
2016-08-17 18:00:00,108.06,transfer,1.0,43.2187,0.0,30.3863,30.3863,43.2187,0.0062,76.6571,137.7563,4437
2016-08-17 19:00:00,95.1,transfer,1.0,42.4689,0.0,46.0491,46.0491,42.4689,0.0056,76.9105,137.7724,4438
2016-08-17 20:00:00,90.36,transfer,1.0,41.2663,0.0,45.3023,45.3023,41.2663,0.0063,77.1493,137.7684,4439
2016-08-17 21:00:00,72.47,transfer,1.0,39.9363,0.0,43.8449,43.8449,39.9363,0.0083,77.2934,137.7637,4440
2016-08-17 22:00:00,71.47,transfer,1.0,38.0201,0.0,43.122,43.122,38.0201,0.0107,77.4508,137.7482,4441
2016-08-17 23:00:00,68.81,transfer,1.0,35.7937,0.0,36.0369,36.0369,35.7937,0.0129,77.5931,137.7332,4442
2016-08-18 00:00:00,69.43,transfer,1.0,34.4902,0.0,38.1173,38.1173,34.4902,0.0136,77.7452,137.7271,4443
2016-08-18 01:00:00,70.5,transfer,1.0,33.8653,0.0,34.104,34.104,33.8653,0.0145,77.9078,137.7303,4444
2016-08-18 02:00:00,70.21,transfer,1.0,43.8932,0.0,44.3332,44.3332,43.8932,0.0147,78.0191,137.7234,4445
2016-08-18 03:00:00,69.15,transfer,1.0,66.2015,0.0,72.8115,72.8115,66.2015,0.0147,77.9898,137.7127,4446
2016-08-18 04:00:00,124.94,transfer,1.0,67.4726,0.0,68.2369,68.2369,67.4726,0.0147,78.0171,137.6697,4447
2016-08-18 05:00:00,136.95,transfer,1.0,70.8287,0.0,53.2652,53.2652,70.8287,0.0149,78.0617,137.6592,4448
2016-08-18 06:00:00,159.54,transfer,1.0,75.6826,0.0,73.0916,73.0916,75.6826,0.0146,78.1345,137.6992,4449
2016-08-18 07:00:00,178.38,transfer,1.0,78.7485,0.0,89.9454,89.9454,78.7485,0.0138,78.2175,137.7637,4450
2016-08-18 08:00:00,186.95,transfer,1.0,80.1183,0.0,74.5161,74.5161,80.1183,0.0124,78.14,137.6734,4451
2016-08-18 09:00:00,195.06,transfer,1.0,80.3881,0.0,89.2544,89.2544,80.3881,0.0109,78.0869,137.6079,4452
2016-08-18 10:00:00,199.01,transfer,1.0,79.938,0.0,80.4478,80.4478,79.938,0.0095,78.0472,137.5523,4453
2016-08-18 11:00:00,208.02,transfer,1.0,79.3822,0.0,66.942,66.942,79.3822,0.0085,78.094,137.58,4454
2016-08-18 12:00:00,202.76,transfer,1.0,79.2266,0.0,88.5288,88.5288,79.2266,0.008,78.0168,137.4864,4455
2016-08-18 13:00:00,198.56,transfer,1.0,79.2903,0.0,81.5006,81.5006,79.2903,0.0074,77.9326,137.3883,4456
2016-08-18 14:00:00,191.14,transfer,1.0,79.3297,0.0,78.4708,78.4708,79.3297,0.0067,77.8611,137.3033,4457
2016-08-18 15:00:00,179.57,transfer,1.0,79.1836,0.0,78.82,78.82,79.1836,0.0064,77.7722,137.1998,4458
2016-08-18 16:00:00,165.16,transfer,1.0,44.313,0.0,36.4023,36.4023,44.313,0.0063,77.8289,137.0341,4459
2016-08-18 17:00:00,152.51,transfer,1.0,43.496,0.0,35.9119,35.9119,43.496,0.0062,77.8131,136.7914,4460
2016-08-18 18:00:00,88.35,transfer,1.0,43.0674,0.0,31.1785,31.1785,43.0674,0.0059,77.9894,136.7378,4461
2016-08-18 19:00:00,81.49,transfer,1.0,42.2204,0.0,44.542,44.542,42.2204,0.0061,78.2067,136.7201,4462
2016-08-18 20:00:00,75.63,transfer,1.0,40.5568,0.0,38.1668,38.1668,40.5568,0.0072,78.3994,136.6689,4463
2016-08-18 21:00:00,71.46,transfer,1.0,38.6871,0.0,38.1034,38.1034,38.6871,0.009,78.5615,136.6431,4464
2016-08-18 22:00:00,72.35,transfer,1.0,36.7789,0.0,35.8712,35.8712,36.7789,0.0106,78.7348,136.6298,4465
2016-08-18 23:00:00,70.12,transfer,1.0,35.4868,0.0,39.9519,39.9519,35.4868,0.0122,78.9,136.6084,4466
2016-08-19 00:00:00,69.29,transfer,1.0,39.7134,0.0,37.3366,37.3366,39.7134,0.0135,79.0356,136.5837,4467
2016-08-19 01:00:00,70.08,transfer,1.0,64.7708,0.0,63.7974,63.7974,64.7708,0.0148,79.0211,136.5715,4468
2016-08-19 02:00:00,68.12,transfer,1.0,65.4816,0.0,71.9413,71.9413,65.4816,0.0153,78.9891,136.5494,4469
2016-08-19 03:00:00,67.15,transfer,1.0,65.7168,0.0,68.7418,68.7418,65.7168,0.0154,78.9406,136.5303,4470
2016-08-19 04:00:00,121.13,transfer,1.0,66.4514,0.0,78.8604,78.8604,66.4514,0.0153,78.9054,136.4135,4471
2016-08-19 05:00:00,126.38,transfer,1.0,68.9313,0.0,82.6756,82.6756,68.9313,0.0155,78.8387,136.2772,4472
2016-08-19 06:00:00,129.44,transfer,1.0,73.1881,0.0,80.2593,80.2593,73.1881,0.0148,78.6221,136.0113,4473
2016-08-19 07:00:00,147.51,transfer,1.0,76.5499,0.0,90.4473,90.4473,76.5499,0.0138,78.4938,135.8506,4474
2016-08-19 08:00:00,179.53,transfer,1.0,78.0821,0.0,85.7618,85.7618,78.0821,0.0127,78.4268,135.7581,4475
2016-08-19 09:00:00,192.63,transfer,1.0,77.8596,0.0,73.0055,73.0055,77.8596,0.0116,78.3786,135.6821,4476
2016-08-19 10:00:00,198.94,transfer,1.0,77.4934,0.0,84.8172,84.8172,77.4934,0.0103,78.3471,135.62,4477
2016-08-19 11:00:00,195.38,transfer,1.0,77.4724,0.0,90.7779,90.7779,77.4724,0.009,78.277,135.5196,4478
2016-08-19 12:00:00,165.91,transfer,1.0,77.7117,0.0,65.2193,65.2193,77.7117,0.008,77.9963,135.2158,4479
2016-08-19 13:00:00,189.27,transfer,1.0,77.8376,0.0,63.7787,63.7787,77.8376,0.007,77.8789,135.0796,4480
2016-08-19 14:00:00,186.11,transfer,1.0,77.7083,0.0,77.8952,77.8952,77.7083,0.0064,77.7199,134.9028,4481
2016-08-19 15:00:00,177.7,transfer,1.0,77.3207,0.0,82.2155,82.2155,77.3207,0.0059,77.592,134.7553,4482
2016-08-19 16:00:00,163.36,transfer,1.0,43.3645,0.0,41.6479,41.6479,43.3645,0.0058,77.6269,134.5688,4483
2016-08-19 17:00:00,158.02,transfer,1.0,42.0585,0.0,40.9275,40.9275,42.0585,0.0058,77.4994,134.3791,4484
2016-08-19 18:00:00,93.37,transfer,1.0,41.6239,0.0,49.0902,49.0902,41.6239,0.0061,77.4511,134.3088,4485
2016-08-19 19:00:00,76.18,transfer,1.0,40.7367,0.0,47.3691,47.3691,40.7367,0.0058,77.4072,134.2397,4486
2016-08-19 20:00:00,73.7,transfer,1.0,38.9928,0.0,36.5036,36.5036,38.9928,0.0068,77.3446,134.1419,4487
2016-08-19 21:00:00,76.7,transfer,1.0,36.7985,0.0,26.9024,26.9024,36.7985,0.0086,77.4316,134.1387,4488
2016-08-19 22:00:00,79.1,transfer,1.0,34.8315,0.0,36.8865,36.8865,34.8315,0.0106,77.693,134.1571,4489
2016-08-19 23:00:00,76.11,transfer,1.0,33.5518,0.0,25.7305,25.7305,33.5518,0.0122,77.9459,134.1606,4490
2016-08-20 00:00:00,73.7,transfer,1.0,33.3718,0.0,38.105,38.105,33.3718,0.0136,78.1839,134.1547,4491
2016-08-20 01:00:00,73.72,transfer,1.0,37.4769,0.0,33.8875,33.8875,37.4769,0.0145,78.3921,134.1522,4492
2016-08-20 02:00:00,73.28,transfer,1.0,58.8459,0.0,59.0982,59.0982,58.8459,0.0145,78.4748,134.1566,4493
2016-08-20 03:00:00,73.88,transfer,1.0,60.4756,0.0,62.7529,62.7529,60.4756,0.0144,78.55,134.1619,4494
2016-08-20 04:00:00,129.62,transfer,1.0,60.5325,0.0,61.7014,61.7014,60.5325,0.0145,78.5319,134.0687,4495
2016-08-20 05:00:00,135.38,transfer,1.0,61.7808,0.0,64.1775,64.1775,61.7808,0.0141,78.5041,133.9591,4496
2016-08-20 06:00:00,123.96,transfer,1.0,64.8785,0.0,66.3798,66.3798,64.8785,0.0131,78.3891,133.7669,4497
2016-08-20 07:00:00,126.67,transfer,1.0,68.5803,0.0,65.4892,65.4892,68.5803,0.0118,78.2837,133.5985,4498
2016-08-20 08:00:00,135.83,transfer,1.0,71.5135,0.0,82.6097,82.6097,71.5135,0.011,78.1836,133.4488,4499
2016-08-20 09:00:00,142.88,transfer,1.0,72.2482,0.0,76.0527,76.0527,72.2482,0.0097,78.1991,133.4208,4500
2016-08-20 10:00:00,151.82,transfer,1.0,71.3686,0.0,84.3811,84.3811,71.3686,0.0091,78.1543,133.3339,4501
2016-08-20 11:00:00,153.97,transfer,1.0,69.8293,0.0,66.6457,66.6457,69.8293,0.0081,78.1197,133.2576,4502
2016-08-20 12:00:00,148.86,transfer,1.0,68.4766,0.0,79.4812,79.4812,68.4766,0.0072,78.1122,133.2083,4503
2016-08-20 13:00:00,144.27,transfer,1.0,67.2221,0.0,72.1789,72.1789,67.2221,0.0067,78.0763,133.1293,4504
2016-08-20 14:00:00,144.7,transfer,1.0,66.0107,0.0,69.7314,69.7314,66.0107,0.0061,77.9566,132.9667,4505
2016-08-20 15:00:00,145.76,transfer,1.0,63.1559,0.0,61.1233,61.1233,63.1559,0.0055,77.7892,132.749,4506
2016-08-20 16:00:00,146.99,transfer,1.0,33.9856,0.0,29.1658,29.1658,33.9856,0.0052,77.7569,132.5351,4507
2016-08-20 17:00:00,129.53,transfer,1.0,32.1909,0.0,27.3479,27.3479,32.1909,0.0049,77.525,132.2775,4508
2016-08-20 18:00:00,82.15,transfer,1.0,31.5962,0.0,32.8389,32.8389,31.5962,0.0047,77.472,132.1981,4509
2016-08-20 19:00:00,67.39,transfer,1.0,30.8431,0.0,33.062,33.062,30.8431,0.0052,77.3878,132.0856,4510
2016-08-20 20:00:00,76.12,transfer,1.0,29.49,0.0,37.5103,37.5103,29.49,0.0064,77.33,131.999,4511
2016-08-20 21:00:00,72.92,transfer,1.0,27.9887,0.0,29.9708,29.9708,27.9887,0.0082,77.3099,131.951,4512
2016-08-20 22:00:00,74.85,transfer,1.0,26.941,0.0,29.8227,29.8227,26.941,0.0102,77.3005,131.9156,4513
2016-08-20 23:00:00,75.93,transfer,1.0,26.2498,0.0,24.2624,24.2624,26.2498,0.0119,77.3083,131.9,4514
2016-08-21 00:00:00,75.28,transfer,1.0,25.7825,0.0,19.0639,19.0639,25.7825,0.0133,77.306,131.8768,4515
2016-08-21 01:00:00,73.6,transfer,1.0,25.5517,0.0,22.1302,22.1302,25.5517,0.0146,77.3065,131.8582,4516
2016-08-21 02:00:00,71.33,transfer,1.0,25.5374,0.0,27.2575,27.2575,25.5374,0.0146,77.2912,131.8254,4517
2016-08-21 03:00:00,72.46,transfer,1.0,25.7335,0.0,26.9415,26.9415,25.7335,0.0143,77.2784,131.7966,4518
2016-08-21 04:00:00,135.97,transfer,1.0,26.1221,0.0,26.0906,26.0906,26.1221,0.0141,77.24,131.7426,4519
2016-08-21 05:00:00,139.76,transfer,1.0,26.8166,0.0,26.888,26.888,26.8166,0.0127,77.1587,131.6213,4520
2016-08-21 06:00:00,128.65,transfer,1.0,28.8811,0.0,31.358,31.358,28.8811,0.0108,77.148,131.4334,4521
2016-08-21 07:00:00,128.98,transfer,1.0,31.609,0.0,34.4697,34.4697,31.609,0.0089,77.2102,131.3121,4522
2016-08-21 08:00:00,126.79,transfer,1.0,37.1269,0.0,31.4426,31.4426,37.1269,0.0074,77.1925,131.126,4523
2016-08-21 09:00:00,130.92,transfer,1.0,42.0097,0.0,43.8952,43.8952,42.0097,0.006,77.1647,130.9491,4524
2016-08-21 10:00:00,135.59,transfer,1.0,48.5995,0.0,48.5681,48.5681,48.5995,0.0049,77.1457,130.8159,4525
2016-08-21 11:00:00,138.77,transfer,1.0,45.4824,0.0,43.0077,43.0077,45.4824,0.0042,77.1222,130.6556,4526
2016-08-21 12:00:00,143.36,transfer,1.0,40.4678,0.0,41.7846,41.7846,40.4678,0.0036,77.1478,130.5408,4527
2016-08-21 13:00:00,141.55,transfer,1.0,37.0236,0.0,39.6611,39.6611,37.0236,0.003,77.1095,130.4328,4528
2016-08-21 14:00:00,148.4,transfer,1.0,34.7469,0.0,38.8431,38.8431,34.7469,0.003,77.0705,130.3631,4529
2016-08-21 15:00:00,138.55,transfer,1.0,33.6737,0.0,37.89,37.89,33.6737,0.0031,76.9705,130.2368,4530
2016-08-21 16:00:00,128.81,transfer,1.0,31.844,0.0,26.7801,26.7801,31.844,0.0049,76.795,130.0299,4531
2016-08-21 17:00:00,113.24,transfer,1.0,31.7749,0.0,24.0475,24.0475,31.7749,0.0054,76.4766,129.6842,4532
2016-08-21 18:00:00,75.12,transfer,1.0,32.108,0.0,31.1224,31.1224,32.108,0.0054,76.4177,129.6028,4533
2016-08-21 19:00:00,75.71,transfer,1.0,32.3265,0.0,38.5076,38.5076,32.3265,0.0062,76.3814,129.5473,4534
2016-08-21 20:00:00,80.74,transfer,1.0,32.0133,0.0,39.6634,39.6634,32.0133,0.0082,76.3401,129.4928,4535
2016-08-21 21:00:00,61.73,transfer,1.0,31.7381,0.0,32.2052,32.2052,31.7381,0.0104,76.262,129.4095,4536
2016-08-21 22:00:00,61.18,transfer,1.0,32.0361,0.0,37.196,37.196,32.0361,0.0118,76.1769,129.3282,4537
2016-08-21 23:00:00,59.06,transfer,1.0,32.5673,0.0,32.3487,32.3487,32.5673,0.0128,76.0823,129.2478,4538
2016-08-22 00:00:00,70.51,transfer,1.0,33.4611,0.0,33.8562,33.8562,33.4611,0.0136,76.0444,129.2359,4539
2016-08-22 01:00:00,66.97,transfer,1.0,35.3095,0.0,42.0798,42.0798,35.3095,0.0147,75.9735,129.2039,4540
2016-08-22 02:00:00,66.5,transfer,1.0,34.3831,0.0,32.3983,32.3983,34.3831,0.0148,75.8991,129.1634,4541
2016-08-22 03:00:00,65.43,transfer,1.0,33.8632,0.0,35.4123,35.4123,33.8632,0.0145,75.8274,129.1216,4542
2016-08-22 04:00:00,107.12,transfer,1.0,35.2297,0.0,32.1577,32.1577,35.2297,0.0141,75.6245,128.954,4543
2016-08-22 05:00:00,102.89,transfer,1.0,47.9586,0.0,55.0998,55.0998,47.9586,0.0129,75.3062,128.6855,4544
2016-08-22 06:00:00,120.81,transfer,1.0,50.8296,0.0,59.1133,59.1133,50.8296,0.0113,75.1262,128.4613,4545
2016-08-22 07:00:00,139.25,transfer,1.0,52.3908,0.0,54.4465,54.4465,52.3908,0.0097,74.9614,128.2285,4546
2016-08-22 08:00:00,155.27,transfer,1.0,54.0519,0.0,54.6078,54.6078,54.0519,0.0083,74.7864,127.9727,4547
2016-08-22 09:00:00,167.21,transfer,1.0,55.2285,0.0,40.0092,40.0092,55.2285,0.0066,74.6344,127.7307,4548
2016-08-22 10:00:00,175.37,transfer,1.0,54.8306,0.0,62.0075,62.0075,54.8306,0.0054,74.5838,127.5795,4549
2016-08-22 11:00:00,182.44,transfer,1.0,51.7319,0.0,49.7725,49.7725,51.7319,0.0052,74.5634,127.4536,4550
2016-08-22 12:00:00,177.07,transfer,1.0,47.3013,0.0,42.6069,42.6069,47.3013,0.0049,74.403,127.2796,4551
2016-08-22 13:00:00,181.89,transfer,1.0,43.6789,0.0,49.2175,49.2175,43.6789,0.0049,74.2478,127.117,4552
2016-08-22 14:00:00,170.54,transfer,1.0,42.8276,0.0,40.1984,40.1984,42.8276,0.0044,73.9893,126.8519,4553
2016-08-22 15:00:00,169.3,transfer,1.0,42.6802,0.0,32.9347,32.9347,42.6802,0.0043,73.7631,126.6188,4554
2016-08-22 16:00:00,160.25,transfer,1.0,42.8321,0.0,41.0136,41.0136,42.8321,0.0043,73.5153,126.3652,4555
2016-08-22 17:00:00,154.46,transfer,1.0,43.0061,0.0,38.3745,38.3745,43.0061,0.0042,73.2863,126.1319,4556
2016-08-22 18:00:00,82.45,transfer,1.0,43.1233,0.0,38.7639,38.7639,43.1233,0.0039,73.1341,125.9765,4557
2016-08-22 19:00:00,75.76,transfer,1.0,42.572,0.0,40.8459,40.8459,42.572,0.004,73.0564,125.8945,4558
2016-08-22 20:00:00,73.92,transfer,1.0,40.2778,0.0,32.2618,32.2618,40.2778,0.0052,72.9873,125.8139,4559
2016-08-22 21:00:00,61.63,transfer,1.0,37.6925,0.0,40.5966,40.5966,37.6925,0.0073,72.9377,125.7491,4560
2016-08-22 22:00:00,62.35,transfer,1.0,35.4755,0.0,35.4541,35.4541,35.4755,0.0096,72.897,125.6974,4561
2016-08-22 23:00:00,60.6,transfer,1.0,34.1981,0.0,32.5983,32.5983,34.1981,0.0118,72.8552,125.6502,4562
2016-08-23 00:00:00,72.22,transfer,1.0,34.0841,0.0,33.8535,33.8535,34.0841,0.0136,72.8769,125.6732,4563
2016-08-23 01:00:00,69.68,transfer,1.0,41.7135,0.0,44.9092,44.9092,41.7135,0.0147,72.8375,125.6798,4564
2016-08-23 02:00:00,68.39,transfer,1.0,55.9828,0.0,52.4498,52.4498,55.9828,0.0148,72.876,125.6788,4565
2016-08-23 03:00:00,66.32,transfer,1.0,57.0476,0.0,44.4262,44.4262,57.0476,0.0145,72.9144,125.6636,4566
2016-08-23 04:00:00,106.37,transfer,1.0,57.9016,0.0,45.0745,45.0745,57.9016,0.0142,72.8175,125.5117,4567
2016-08-23 05:00:00,109.88,transfer,1.0,59.8353,0.0,45.8261,45.8261,59.8353,0.0137,72.6661,125.302,4568
2016-08-23 06:00:00,119.7,transfer,1.0,63.005,0.0,62.9089,62.9089,63.005,0.0129,72.4815,125.055,4569
2016-08-23 07:00:00,138.73,transfer,1.0,66.5995,0.0,69.8716,69.8716,66.5995,0.012,72.3547,124.8698,4570
2016-08-23 08:00:00,165.06,transfer,1.0,69.9616,0.0,71.3887,71.3887,69.9616,0.0113,72.2227,124.6884,4571
2016-08-23 09:00:00,167.61,transfer,1.0,72.0615,0.0,64.9669,64.9669,72.0615,0.0101,72.1111,124.5372,4572
2016-08-23 10:00:00,169.78,transfer,1.0,73.6412,0.0,72.3353,72.3353,73.6412,0.0091,71.9914,124.3864,4573
2016-08-23 11:00:00,183.05,transfer,1.0,74.9339,0.0,82.7309,82.7309,74.9339,0.0084,71.8998,124.2705,4574
2016-08-23 12:00:00,176.47,transfer,1.0,75.787,0.0,89.1647,89.1647,75.787,0.0081,71.7933,124.1438,4575
2016-08-23 13:00:00,169.24,transfer,1.0,76.3817,0.0,82.2373,82.2373,76.3817,0.0074,71.6552,123.9881,4576
2016-08-23 14:00:00,178.2,transfer,1.0,76.5167,0.0,80.222,80.222,76.5167,0.007,71.586,123.9016,4577
2016-08-23 15:00:00,173.95,transfer,1.0,59.7947,0.0,73.1818,73.1818,59.7947,0.0065,71.6354,123.8343,4578
2016-08-23 16:00:00,143.44,transfer,1.0,42.8993,0.0,45.7294,45.7294,42.8993,0.0061,71.6068,123.5945,4579
2016-08-23 17:00:00,145.63,transfer,1.0,42.5908,0.0,35.3632,35.3632,42.5908,0.0057,71.4194,123.4003,4580
2016-08-23 18:00:00,74.0,transfer,1.0,42.0452,0.0,28.4007,28.4007,42.0452,0.0048,71.2586,123.2333,4581
2016-08-23 19:00:00,70.83,transfer,1.0,40.9794,0.0,44.0733,44.0733,40.9794,0.0048,71.1411,123.1067,4582
2016-08-23 20:00:00,62.87,transfer,1.0,38.722,0.0,38.673,38.673,38.722,0.0058,70.9703,122.9213,4583
2016-08-23 21:00:00,57.37,transfer,1.0,36.1939,0.0,36.2795,36.2795,36.1939,0.0074,70.8718,122.8026,4584
2016-08-23 22:00:00,58.14,transfer,1.0,33.692,0.0,30.6227,30.6227,33.692,0.0092,70.7843,122.69,4585
2016-08-23 23:00:00,56.87,transfer,1.0,31.8157,0.0,36.7555,36.7555,31.8157,0.0111,70.696,122.5749,4586
2016-08-24 00:00:00,67.56,transfer,1.0,30.7904,0.0,32.5536,32.5536,30.7904,0.0125,70.6806,122.5335,4587
2016-08-24 01:00:00,64.43,transfer,1.0,46.2943,0.0,43.6698,43.6698,46.2943,0.0134,70.5679,122.484,4588
2016-08-24 02:00:00,64.09,transfer,1.0,58.5121,0.0,57.2297,57.2297,58.5121,0.0135,70.5322,122.4328,4589
2016-08-24 03:00:00,66.2,transfer,1.0,58.389,0.0,58.663,58.663,58.389,0.0133,70.5405,122.3929,4590
2016-08-24 04:00:00,108.85,transfer,1.0,58.7878,0.0,59.0468,59.0468,58.7878,0.0133,70.4023,122.2039,4591
2016-08-24 05:00:00,115.3,transfer,1.0,61.1977,0.0,64.3572,64.3572,61.1977,0.0132,70.2441,121.9939,4592
2016-08-24 06:00:00,110.29,transfer,1.0,65.7827,0.0,72.2463,72.2463,65.7827,0.0126,69.9432,121.645,4593
2016-08-24 07:00:00,123.28,transfer,1.0,70.0755,0.0,80.984,80.984,70.0755,0.0119,69.6838,121.3463,4594
2016-08-24 08:00:00,145.81,transfer,1.0,73.0665,0.0,58.9783,58.9783,73.0665,0.0113,69.3358,120.9672,4595
2016-08-24 09:00:00,167.32,transfer,1.0,73.7752,0.0,79.0891,79.0891,73.7752,0.0104,69.137,120.7393,4596
2016-08-24 10:00:00,181.06,transfer,1.0,74.0438,0.0,84.6167,84.6167,74.0438,0.0097,69.0333,120.6074,4597
2016-08-24 11:00:00,173.0,transfer,1.0,74.5834,0.0,80.9959,80.9959,74.5834,0.009,68.9261,120.4746,4598
2016-08-24 12:00:00,170.2,transfer,1.0,75.5961,0.0,70.8607,70.8607,75.5961,0.0089,68.778,120.3058,4599
2016-08-24 13:00:00,176.06,transfer,1.0,76.2912,0.0,77.3763,77.3763,76.2912,0.0087,68.7299,120.2406,4600
2016-08-24 14:00:00,178.95,transfer,1.0,76.6864,0.0,65.0141,65.0141,76.6864,0.0087,68.645,120.141,4601
2016-08-24 15:00:00,182.62,transfer,1.0,73.3106,0.0,71.4945,71.4945,73.3106,0.0086,68.6374,120.104,4602
2016-08-24 16:00:00,164.04,transfer,1.0,43.7833,0.0,38.7875,38.7875,43.7833,0.0087,68.5685,120.0339,4603
2016-08-24 17:00:00,144.61,transfer,1.0,43.471,0.0,43.3397,43.3397,43.471,0.0081,68.4764,119.9416,4604
2016-08-24 18:00:00,94.41,transfer,1.0,43.5186,0.0,46.2944,46.2944,43.5186,0.0078,68.3933,119.8604,4605
2016-08-24 19:00:00,70.16,transfer,1.0,42.9376,0.0,42.2556,42.2556,42.9376,0.0065,68.2421,119.7119,4606
2016-08-24 20:00:00,75.53,transfer,1.0,41.7913,0.0,54.3992,54.3992,41.7913,0.0065,68.1507,119.6237,4607
2016-08-24 21:00:00,59.07,transfer,1.0,40.5976,0.0,43.4577,43.4577,40.5976,0.0073,68.067,119.5439,4608
2016-08-24 22:00:00,59.75,transfer,1.0,39.9943,0.0,46.1245,46.1245,39.9943,0.0088,67.9855,119.4741,4609
2016-08-24 23:00:00,58.35,transfer,1.0,51.0961,0.0,56.3142,56.3142,51.0961,0.0103,67.8321,119.4119,4610
2016-08-25 00:00:00,69.33,transfer,1.0,64.4038,0.0,64.281,64.281,64.4038,0.0117,67.6535,119.4113,4611
2016-08-25 01:00:00,69.84,transfer,1.0,63.3116,0.0,70.2433,70.2433,63.3116,0.0129,67.4743,119.4074,4612
2016-08-25 02:00:00,69.05,transfer,1.0,62.6971,0.0,63.867,63.867,62.6971,0.013,67.3555,119.4005,4613
2016-08-25 03:00:00,67.97,transfer,1.0,62.7203,0.0,48.2638,48.2638,62.7203,0.0128,67.3691,119.3935,4614
2016-08-25 04:00:00,112.95,transfer,1.0,63.5787,0.0,59.7015,59.7015,63.5787,0.0125,67.321,119.3221,4615
2016-08-25 05:00:00,117.59,transfer,1.0,66.6981,0.0,57.1299,57.1299,66.6981,0.0125,67.2303,119.2069,4616
2016-08-25 06:00:00,124.04,transfer,1.0,70.5973,0.0,71.4306,71.4306,70.5973,0.0118,67.0493,118.9956,4617
2016-08-25 07:00:00,142.58,transfer,1.0,73.6823,0.0,79.1897,79.1897,73.6823,0.011,66.8663,118.7825,4618
2016-08-25 08:00:00,172.88,transfer,1.0,76.0384,0.0,81.5317,81.5317,76.0384,0.0099,66.8069,118.6988,4619
2016-08-25 09:00:00,178.07,transfer,1.0,77.4791,0.0,79.8066,79.8066,77.4791,0.0091,66.723,118.5977,4620
2016-08-25 10:00:00,185.32,transfer,1.0,78.3598,0.0,85.6171,85.6171,78.3598,0.0085,66.651,118.5162,4621
2016-08-25 11:00:00,187.53,transfer,1.0,78.6351,0.0,80.2975,80.2975,78.6351,0.0082,66.5334,118.3942,4622
2016-08-25 12:00:00,191.13,transfer,1.0,79.0022,0.0,72.4124,72.4124,79.0022,0.008,66.4655,118.325,4623
2016-08-25 13:00:00,189.06,transfer,1.0,79.5295,0.0,74.4118,74.4118,79.5295,0.0082,66.4076,118.2685,4624
2016-08-25 14:00:00,195.85,transfer,1.0,80.0749,0.0,58.5745,58.5745,80.0749,0.0088,66.4312,118.2965,4625
2016-08-25 15:00:00,188.88,transfer,1.0,80.4794,0.0,93.4079,93.4079,80.4794,0.0095,66.4789,118.3519,4626
2016-08-25 16:00:00,175.46,transfer,1.0,80.6278,0.0,84.5354,84.5354,80.6278,0.0101,66.324,118.4132,4627
2016-08-25 17:00:00,171.87,transfer,1.0,71.7317,0.0,68.8789,68.8789,71.7317,0.0099,66.2712,118.5284,4628
2016-08-25 18:00:00,100.04,transfer,1.0,75.5477,0.0,80.9057,80.9057,75.5477,0.0094,66.1474,118.598,4629
2016-08-25 19:00:00,86.13,transfer,1.0,80.4575,0.0,77.5476,77.5476,80.4575,0.0082,65.9475,118.6256,4630
2016-08-25 20:00:00,88.02,transfer,1.0,80.4838,0.0,73.6634,73.6634,80.4838,0.0079,65.7836,118.6993,4631
2016-08-25 21:00:00,73.45,transfer,1.0,79.8346,0.0,83.6941,83.6941,79.8346,0.0089,65.6265,118.7111,4632
2016-08-25 22:00:00,66.95,transfer,1.0,79.085,0.0,76.6581,76.6581,79.085,0.01,65.487,118.679,4633
2016-08-25 23:00:00,65.02,transfer,1.0,78.2388,0.0,73.5662,73.5662,78.2388,0.0109,65.3595,118.6487,4634
2016-08-26 00:00:00,83.12,transfer,1.0,77.5429,0.0,83.8905,83.8905,77.5429,0.0119,65.2167,118.731,4635
2016-08-26 01:00:00,80.68,transfer,1.0,76.8741,0.0,64.5373,64.5373,76.8741,0.0129,65.2077,118.7941,4636
2016-08-26 02:00:00,81.25,transfer,1.0,76.8327,0.0,78.746,78.746,76.8327,0.0132,65.2183,118.8723,4637
2016-08-26 03:00:00,79.1,transfer,1.0,77.2388,0.0,82.135,82.135,77.2388,0.0129,65.2208,118.9434,4638
2016-08-26 04:00:00,150.44,transfer,1.0,77.8495,0.0,71.146,71.146,77.8495,0.0126,65.3275,119.1179,4639
2016-08-26 05:00:00,139.67,transfer,1.0,78.9316,0.0,78.9381,78.9381,78.9316,0.0127,65.347,119.197,4640
2016-08-26 06:00:00,156.79,transfer,1.0,80.3446,0.0,80.3205,80.3205,80.3446,0.0122,65.4672,119.3598,4641
2016-08-26 07:00:00,160.1,transfer,1.0,81.1953,0.0,89.7222,89.7222,81.1953,0.0115,65.5145,119.4348,4642
2016-08-26 08:00:00,184.23,transfer,1.0,81.772,0.0,88.5205,88.5205,81.772,0.0109,65.5205,119.4628,4643
2016-08-26 09:00:00,193.63,transfer,1.0,82.0717,0.0,63.4442,63.4442,82.0717,0.0097,65.5014,119.4687,4644
2016-08-26 10:00:00,194.12,transfer,1.0,82.1639,0.0,80.6699,80.6699,82.1639,0.0084,65.4449,119.4401,4645
2016-08-26 11:00:00,197.22,transfer,1.0,81.8328,0.0,59.7806,59.7806,81.8328,0.0076,65.4299,119.451,4646
2016-08-26 12:00:00,198.51,transfer,1.0,81.0109,0.0,75.0712,75.0712,81.0109,0.0072,65.6043,119.6451,4647
2016-08-26 13:00:00,204.77,transfer,1.0,80.5062,0.0,95.5603,95.5603,80.5062,0.0071,65.6807,119.7373,4648
2016-08-26 14:00:00,204.49,transfer,1.0,80.3502,0.0,72.5023,72.5023,80.3502,0.0073,65.7744,119.8467,4649
2016-08-26 15:00:00,199.06,transfer,1.0,80.3761,0.0,81.2736,81.2736,80.3761,0.0077,65.8834,119.9739,4650
2016-08-26 16:00:00,181.53,transfer,1.0,80.4175,0.0,82.6684,82.6684,80.4175,0.0081,65.771,120.082,4651
2016-08-26 17:00:00,186.44,transfer,1.0,69.0064,0.0,73.4246,73.4246,69.0064,0.0083,65.7797,120.2512,4652
2016-08-26 18:00:00,97.04,transfer,1.0,48.2963,0.0,57.353,57.353,48.2963,0.008,65.7618,120.273,4653
2016-08-26 19:00:00,88.05,transfer,1.0,48.6979,0.0,46.1324,46.1324,48.6979,0.0073,65.7851,120.3436,4654
2016-08-26 20:00:00,89.63,transfer,1.0,54.7024,0.0,59.3058,59.3058,54.7024,0.0077,65.7864,120.4384,4655
2016-08-26 21:00:00,71.83,transfer,1.0,73.3985,0.0,69.1864,69.1864,73.3985,0.0091,65.5583,120.4095,4656
2016-08-26 22:00:00,67.39,transfer,1.0,76.9028,0.0,75.4669,75.4669,76.9028,0.0107,65.3514,120.3398,4657
2016-08-26 23:00:00,65.05,transfer,1.0,75.5486,0.0,79.3155,79.3155,75.5486,0.012,65.1605,120.2739,4658
2016-08-27 00:00:00,80.68,transfer,1.0,74.2381,0.0,65.4743,65.4743,74.2381,0.0132,64.9588,120.3155,4659
2016-08-27 01:00:00,80.48,transfer,1.0,72.7226,0.0,91.4543,91.4543,72.7226,0.0138,64.7893,120.3557,4660
2016-08-27 02:00:00,75.4,transfer,1.0,72.4102,0.0,76.8511,76.8511,72.4102,0.0134,64.7212,120.3683,4661
2016-08-27 03:00:00,75.77,transfer,1.0,73.2976,0.0,69.2887,69.2887,73.2976,0.0128,64.6561,120.3796,4662
2016-08-27 04:00:00,140.68,transfer,1.0,74.0218,0.0,75.8685,75.8685,74.0218,0.0124,64.6416,120.4454,4663
2016-08-27 05:00:00,145.62,transfer,1.0,75.5859,0.0,79.3816,79.3816,75.5859,0.0126,64.6204,120.5064,4664
2016-08-27 06:00:00,127.49,transfer,1.0,77.3386,0.0,67.7327,67.7327,77.3386,0.0125,64.5673,120.5274,4665
2016-08-27 07:00:00,136.75,transfer,1.0,78.671,0.0,74.515,74.515,78.671,0.0121,64.5672,120.5874,4666
2016-08-27 08:00:00,136.49,transfer,1.0,79.3637,0.0,73.9922,73.9922,79.3637,0.0116,64.5244,120.5913,4667
2016-08-27 09:00:00,140.18,transfer,1.0,79.45,0.0,83.1966,83.1966,79.45,0.0105,64.4655,120.5753,4668
2016-08-27 10:00:00,141.68,transfer,1.0,78.7346,0.0,87.735,87.735,78.7346,0.0093,64.3612,120.5149,4669
2016-08-27 11:00:00,145.38,transfer,1.0,76.9497,0.0,78.881,78.881,76.9497,0.0081,64.2677,120.4638,4670
2016-08-27 12:00:00,150.39,transfer,1.0,74.7857,0.0,85.0596,85.0596,74.7857,0.0077,64.2393,120.4729,4671
2016-08-27 13:00:00,144.9,transfer,1.0,72.6196,0.0,68.6538,68.6538,72.6196,0.0075,64.2109,120.4766,4672
2016-08-27 14:00:00,149.88,transfer,1.0,70.7594,0.0,65.1579,65.1579,70.7594,0.0075,64.2135,120.5075,4673
2016-08-27 15:00:00,151.53,transfer,1.0,68.6339,0.0,64.4475,64.4475,68.6339,0.007,64.2152,120.5418,4674
2016-08-27 16:00:00,131.33,transfer,1.0,66.1424,0.0,63.6413,63.6413,66.1424,0.0069,63.9306,120.4486,4675
2016-08-27 17:00:00,135.66,transfer,1.0,35.0727,0.0,38.3719,38.3719,35.0727,0.0067,63.9499,120.485,4676
2016-08-27 18:00:00,79.43,transfer,1.0,31.986,0.0,23.9172,23.9172,31.986,0.0068,63.9314,120.4688,4677
2016-08-27 19:00:00,65.0,transfer,1.0,30.8821,0.0,29.1844,29.1844,30.8821,0.0063,63.917,120.4546,4678
2016-08-27 20:00:00,79.85,transfer,1.0,29.6478,0.0,27.5559,27.5559,29.6478,0.0068,63.9382,120.4768,4679
2016-08-27 21:00:00,60.16,transfer,1.0,28.3781,0.0,32.5395,32.5395,28.3781,0.0083,63.8599,120.4009,4680
2016-08-27 22:00:00,59.6,transfer,1.0,28.0243,0.0,26.1998,26.1998,28.0243,0.0097,63.7627,120.3101,4681
2016-08-27 23:00:00,58.96,transfer,1.0,28.9124,0.0,31.7274,31.7274,28.9124,0.0108,63.6459,120.2091,4682
2016-08-28 00:00:00,74.44,transfer,1.0,29.8792,0.0,34.2001,34.2001,29.8792,0.0116,63.6165,120.2041,4683
2016-08-28 01:00:00,70.3,transfer,1.0,30.1471,0.0,26.7326,26.7326,30.1471,0.0121,63.5695,120.1845,4684
2016-08-28 02:00:00,68.02,transfer,1.0,30.4333,0.0,26.0528,26.0528,30.4333,0.0119,63.5206,120.1648,4685
2016-08-28 03:00:00,62.67,transfer,1.0,31.1859,0.0,30.8959,30.8959,31.1859,0.0113,63.4299,120.1065,4686
2016-08-28 04:00:00,120.58,transfer,1.0,34.1425,0.0,30.2504,30.2504,34.1425,0.0111,63.2906,120.0149,4687
2016-08-28 05:00:00,131.18,transfer,1.0,46.2744,0.0,43.8834,43.8834,46.2744,0.0111,63.1237,119.9639,4688
2016-08-28 06:00:00,125.28,transfer,1.0,47.9717,0.0,42.2789,42.2789,47.9717,0.0105,62.99,119.9438,4689
2016-08-28 07:00:00,116.62,transfer,1.0,48.9977,0.0,54.794,54.794,48.9977,0.0097,62.8129,119.8702,4690
2016-08-28 08:00:00,124.22,transfer,1.0,50.4171,0.0,47.8915,47.8915,50.4171,0.0085,62.7185,119.8549,4691
2016-08-28 09:00:00,122.29,transfer,1.0,50.0332,0.0,50.6473,50.6473,50.0332,0.0077,62.6194,119.8035,4692
2016-08-28 10:00:00,129.1,transfer,1.0,47.3837,0.0,51.0768,51.0768,47.3837,0.0071,62.588,119.7649,4693
2016-08-28 11:00:00,138.86,transfer,1.0,38.3571,0.0,39.3081,39.3081,38.3571,0.0067,62.6309,119.7654,4694
2016-08-28 12:00:00,125.7,transfer,1.0,33.4055,0.0,28.6875,28.6875,33.4055,0.0065,62.5678,119.6603,4695
2016-08-28 13:00:00,134.51,transfer,1.0,31.6607,0.0,34.0705,34.0705,31.6607,0.0064,62.5579,119.6184,4696
2016-08-28 14:00:00,126.06,transfer,1.0,31.0374,0.0,35.7547,35.7547,31.0374,0.0065,62.447,119.4854,4697
2016-08-28 15:00:00,132.64,transfer,1.0,30.1275,0.0,32.7372,32.7372,30.1275,0.0061,62.4329,119.4502,4698
2016-08-28 16:00:00,129.76,transfer,1.0,29.4819,0.0,28.1659,28.1659,29.4819,0.0053,62.4526,119.4558,4699
2016-08-28 17:00:00,128.96,transfer,1.0,29.0528,0.0,26.296,26.296,29.0528,0.0048,62.5624,119.5494,4700
2016-08-28 18:00:00,69.77,transfer,1.0,28.9363,0.0,32.4048,32.4048,28.9363,0.005,62.5494,119.5176,4701
2016-08-28 19:00:00,69.97,transfer,1.0,28.9154,0.0,30.8861,30.8861,28.9154,0.0049,62.5356,119.4834,4702
2016-08-28 20:00:00,66.36,transfer,1.0,27.9113,0.0,29.85,29.85,27.9113,0.006,62.4744,119.3978,4703
2016-08-28 21:00:00,58.46,transfer,1.0,26.7886,0.0,25.3483,25.3483,26.7886,0.0077,62.4844,119.3784,4704
2016-08-28 22:00:00,58.07,transfer,1.0,25.9826,0.0,29.7031,29.7031,25.9826,0.0094,62.5019,119.3599,4705
2016-08-28 23:00:00,57.0,transfer,1.0,25.2465,0.0,28.7105,28.7105,25.2465,0.0109,62.5332,119.3476,4706
2016-08-29 00:00:00,61.41,transfer,1.0,24.5959,0.0,21.8548,21.8548,24.5959,0.0121,62.5318,119.2935,4707
2016-08-29 01:00:00,61.26,transfer,1.0,24.4795,0.0,30.1645,30.1645,24.4795,0.0132,62.5623,119.2595,4708
2016-08-29 02:00:00,61.03,transfer,1.0,24.7684,0.0,23.8856,23.8856,24.7684,0.0138,62.587,119.2269,4709
2016-08-29 03:00:00,60.46,transfer,1.0,25.1326,0.0,25.5106,25.5106,25.1326,0.0143,62.6093,119.1973,4710
2016-08-29 04:00:00,112.07,transfer,1.0,25.8323,0.0,29.7523,29.7523,25.8323,0.0145,62.6947,119.2268,4711
2016-08-29 05:00:00,126.4,transfer,1.0,27.1635,0.0,21.3589,21.3589,27.1635,0.0135,62.9585,119.3667,4712
2016-08-29 06:00:00,137.51,transfer,1.0,29.25,0.0,27.103,27.103,29.25,0.0126,63.1863,119.4661,4713
2016-08-29 07:00:00,151.28,transfer,1.0,31.2641,0.0,32.0158,32.0158,31.2641,0.0109,63.3837,119.5377,4714
2016-08-29 08:00:00,180.66,transfer,1.0,33.5453,0.0,29.4852,29.4852,33.5453,0.0097,63.6569,119.6889,4715
2016-08-29 09:00:00,188.99,transfer,1.0,36.3574,0.0,25.8548,25.8548,36.3574,0.0089,63.8988,119.8185,4716
2016-08-29 10:00:00,204.2,transfer,1.0,39.3355,0.0,33.4115,33.4115,39.3355,0.0082,64.1627,119.9901,4717
2016-08-29 11:00:00,196.31,transfer,1.0,42.0976,0.0,34.2356,34.2356,42.0976,0.0076,64.3026,120.0726,4718
2016-08-29 12:00:00,197.23,transfer,1.0,44.561,0.0,44.9263,44.9263,44.561,0.0077,64.4389,120.1926,4719
2016-08-29 13:00:00,192.94,transfer,1.0,46.6193,0.0,39.4281,39.4281,46.6193,0.0077,64.4872,120.2584,4720
2016-08-29 14:00:00,193.83,transfer,1.0,49.3894,0.0,45.2876,45.2876,49.3894,0.0076,64.5867,120.397,4721
2016-08-29 15:00:00,184.51,transfer,1.0,55.0453,0.0,59.7173,59.7173,55.0453,0.0076,64.6037,120.4875,4722
2016-08-29 16:00:00,179.82,transfer,1.0,65.778,0.0,73.1274,73.1274,65.778,0.0078,64.5836,120.604,4723
2016-08-29 17:00:00,173.71,transfer,1.0,76.9212,0.0,81.1501,81.1501,76.9212,0.0074,64.4963,120.7185,4724
2016-08-29 18:00:00,100.36,transfer,1.0,79.7916,0.0,74.0048,74.0048,79.7916,0.0071,64.3846,120.8251,4725
2016-08-29 19:00:00,91.85,transfer,1.0,79.7275,0.0,87.7113,87.7113,79.7275,0.0068,64.2592,120.9209,4726
2016-08-29 20:00:00,94.84,transfer,1.0,78.7426,0.0,84.7224,84.7224,78.7426,0.0078,64.1548,121.0454,4727
2016-08-29 21:00:00,68.15,transfer,1.0,77.1972,0.0,73.8881,73.8881,77.1972,0.0093,64.0662,121.0842,4728
2016-08-29 22:00:00,66.84,transfer,1.0,75.4531,0.0,66.0901,66.0901,75.4531,0.011,63.9575,121.1109,4729
2016-08-29 23:00:00,66.33,transfer,1.0,73.1136,0.0,73.8201,73.8201,73.1136,0.0125,63.8407,121.145,4730
2016-08-30 00:00:00,65.62,transfer,1.0,70.9778,0.0,72.0316,72.0316,70.9778,0.0139,63.6456,121.1057,4731
2016-08-30 01:00:00,65.78,transfer,1.0,69.5702,0.0,74.6336,74.6336,69.5702,0.0143,63.5017,121.0825,4732
2016-08-30 02:00:00,69.25,transfer,1.0,68.5488,0.0,81.4295,81.4295,68.5488,0.0147,63.432,121.0876,4733
2016-08-30 03:00:00,68.55,transfer,1.0,68.4059,0.0,61.6175,61.6175,68.4059,0.0151,63.3777,121.1009,4734
2016-08-30 04:00:00,120.3,transfer,1.0,69.3276,0.0,77.6605,77.6605,69.3276,0.0156,63.3926,121.1838,4735
2016-08-30 05:00:00,131.85,transfer,1.0,72.3764,0.0,64.2951,64.2951,72.3764,0.0155,63.4487,121.3146,4736
2016-08-30 06:00:00,141.95,transfer,1.0,76.3989,0.0,84.6791,84.6791,76.3989,0.0147,63.5014,121.447,4737
2016-08-30 07:00:00,155.54,transfer,1.0,78.4487,0.0,81.3282,81.3282,78.4487,0.0135,63.5309,121.547,4738
2016-08-30 08:00:00,171.73,transfer,1.0,79.6789,0.0,86.2785,86.2785,79.6789,0.0123,63.5128,121.5867,4739
2016-08-30 09:00:00,180.79,transfer,1.0,80.1188,0.0,77.9442,77.9442,80.1188,0.0114,63.5433,121.6652,4740
2016-08-30 10:00:00,181.86,transfer,1.0,79.975,0.0,88.6399,88.6399,79.975,0.0105,63.5775,121.7371,4741
2016-08-30 11:00:00,184.84,transfer,1.0,79.7973,0.0,73.4804,73.4804,79.7973,0.0101,63.5592,121.7477,4742
2016-08-30 12:00:00,184.42,transfer,1.0,79.825,0.0,81.107,81.107,79.825,0.0097,63.5825,121.795,4743
2016-08-30 13:00:00,177.58,transfer,1.0,79.9413,0.0,62.009,62.009,79.9413,0.009,63.611,121.8447,4744
2016-08-30 14:00:00,182.55,transfer,1.0,80.0207,0.0,90.7555,90.7555,80.0207,0.0084,63.616,121.8706,4745
2016-08-30 15:00:00,173.38,transfer,1.0,79.7277,0.0,74.3681,74.3681,79.7277,0.0077,63.4939,121.8672,4746
2016-08-30 16:00:00,166.48,transfer,1.0,45.6671,0.0,57.634,57.634,45.6671,0.0069,63.6146,122.0043,4747
2016-08-30 17:00:00,163.1,transfer,1.0,44.3606,0.0,53.0737,53.0737,44.3606,0.0064,63.7081,122.1083,4748
2016-08-30 18:00:00,105.19,transfer,1.0,44.0408,0.0,37.6517,37.6517,44.0408,0.0059,63.8818,122.2939,4749
2016-08-30 19:00:00,96.26,transfer,1.0,43.5095,0.0,44.8716,44.8716,43.5095,0.0056,64.0182,122.4453,4750
2016-08-30 20:00:00,88.26,transfer,1.0,42.6115,0.0,48.7294,48.7294,42.6115,0.0071,64.1461,122.5964,4751
2016-08-30 21:00:00,64.81,transfer,1.0,41.9745,0.0,46.5262,46.5262,41.9745,0.0087,64.156,122.6407,4752
2016-08-30 22:00:00,64.16,transfer,1.0,45.7068,0.0,30.6495,30.6495,45.7068,0.0106,64.1203,122.6765,4753
2016-08-30 23:00:00,62.83,transfer,1.0,72.4475,0.0,60.175,60.175,72.4475,0.0122,64.0284,122.712,4754
2016-08-31 00:00:00,62.77,transfer,1.0,71.6239,0.0,77.9046,77.9046,71.6239,0.0137,63.8623,122.6835,4755
2016-08-31 01:00:00,61.57,transfer,1.0,70.5658,0.0,68.9137,68.9137,70.5658,0.0145,63.8079,122.6664,4756
2016-08-31 02:00:00,61.15,transfer,1.0,70.0387,0.0,68.9763,68.9763,70.0387,0.0151,63.8276,122.6489,4757
2016-08-31 03:00:00,62.64,transfer,1.0,70.8206,0.0,66.7796,66.7796,70.8206,0.0156,63.8298,122.6277,4758
2016-08-31 04:00:00,111.3,transfer,1.0,72.3783,0.0,72.1548,72.1548,72.3783,0.016,63.7635,122.6423,4759
2016-08-31 05:00:00,118.99,transfer,1.0,75.5649,0.0,78.7523,78.7523,75.5649,0.0157,63.6999,122.6642,4760
2016-08-31 06:00:00,124.49,transfer,1.0,78.4772,0.0,72.8514,72.8514,78.4772,0.0151,63.7089,122.7487,4761
2016-08-31 07:00:00,145.33,transfer,1.0,79.8947,0.0,68.1845,68.1845,79.8947,0.0145,63.7817,122.88,4762
2016-08-31 08:00:00,170.05,transfer,1.0,80.6224,0.0,95.0644,95.0644,80.6224,0.0138,63.881,123.0243,4763
2016-08-31 09:00:00,180.1,transfer,1.0,80.5773,0.0,70.8059,70.8059,80.5773,0.0128,63.9166,123.1003,4764
2016-08-31 10:00:00,186.89,transfer,1.0,79.8486,0.0,81.5061,81.5061,79.8486,0.0114,63.9167,123.135,4765
2016-08-31 11:00:00,185.04,transfer,1.0,79.3407,0.0,80.469,80.469,79.3407,0.0102,63.9601,123.2067,4766
2016-08-31 12:00:00,193.64,transfer,1.0,79.1582,0.0,52.4434,52.4434,79.1582,0.0092,64.0784,123.3462,4767
2016-08-31 13:00:00,182.11,transfer,1.0,79.2176,0.0,67.5863,67.5863,79.2176,0.0089,64.097,123.3822,4768
2016-08-31 14:00:00,197.29,transfer,1.0,79.3533,0.0,85.0778,85.0778,79.3533,0.0083,64.1903,123.4914,4769
2016-08-31 15:00:00,185.64,transfer,1.0,79.4057,0.0,78.75,78.75,79.4057,0.0081,64.172,123.5093,4770
2016-08-31 16:00:00,185.74,transfer,1.0,70.5261,0.0,84.7505,84.7505,70.5261,0.0077,64.142,123.6385,4771
2016-08-31 17:00:00,186.7,transfer,1.0,44.3775,0.0,44.4236,44.4236,44.3775,0.0073,64.3871,123.8891,4772
2016-08-31 18:00:00,135.4,transfer,1.0,43.9078,0.0,42.856,42.856,43.9078,0.0069,64.6288,124.1331,4773
2016-08-31 19:00:00,118.72,transfer,1.0,43.6075,0.0,42.5836,42.5836,43.6075,0.0065,64.9138,124.4221,4774
2016-08-31 20:00:00,115.9,transfer,1.0,43.0715,0.0,47.9876,47.9876,43.0715,0.007,65.1465,124.6624,4775
2016-08-31 21:00:00,98.8,transfer,1.0,42.6404,0.0,30.3528,30.3528,42.6404,0.0078,65.3708,124.8989,4776
2016-08-31 22:00:00,94.58,transfer,1.0,43.6752,0.0,32.1925,32.1925,43.6752,0.0088,65.5562,125.1062,4777
2016-08-31 23:00:00,88.47,transfer,1.0,60.4343,0.0,48.5914,48.5914,60.4343,0.0096,65.6799,125.2855,4778
2016-09-01 00:00:00,86.62,transfer,1.0,74.0634,0.0,63.9905,63.9905,74.0634,0.0105,65.7254,125.3884,4779
2016-09-01 01:00:00,84.86,transfer,1.0,73.4989,0.0,79.2044,79.2044,73.4989,0.0115,65.7541,125.4778,4780
2016-09-01 02:00:00,83.97,transfer,1.0,73.0541,0.0,59.863,59.863,73.0541,0.0123,65.7813,125.5666,4781
2016-09-01 03:00:00,82.94,transfer,1.0,73.2507,0.0,48.7272,48.7272,73.2507,0.013,65.8077,125.6557,4782
2016-09-01 04:00:00,138.17,transfer,1.0,74.7256,0.0,82.5106,82.5106,74.7256,0.015,65.8915,125.8059,4783
2016-09-01 05:00:00,149.06,transfer,1.0,77.4941,0.0,76.4562,76.4562,77.4941,0.0157,66.0145,125.9932,4784
2016-09-01 06:00:00,160.3,transfer,1.0,80.3724,0.0,83.1134,83.1134,80.3724,0.0151,66.1722,126.209,4785
2016-09-01 07:00:00,161.23,transfer,1.0,81.8541,0.0,100.3197,100.3197,81.8541,0.0137,66.2346,126.32,4786
2016-09-01 08:00:00,171.88,transfer,1.0,82.394,0.0,96.6082,96.6082,82.394,0.0121,66.1908,126.314,4787
2016-09-01 09:00:00,179.3,transfer,1.0,82.5864,0.0,96.2881,96.2881,82.5864,0.0091,66.1677,126.3213,4788
2016-09-01 10:00:00,182.04,transfer,1.0,82.6173,0.0,91.1787,91.1787,82.6173,0.0073,66.1228,126.3018,4789
2016-09-01 11:00:00,184.66,transfer,1.0,82.3595,0.0,89.6437,89.6437,82.3595,0.0057,66.0836,126.2847,4790
2016-09-01 12:00:00,183.54,transfer,1.0,81.7085,0.0,87.4528,87.4528,81.7085,0.0049,66.0223,126.2396,4791
2016-09-01 13:00:00,169.18,transfer,1.0,81.5638,0.0,73.6829,73.6829,81.5638,0.0042,65.8919,126.1213,4792
2016-09-01 14:00:00,176.49,transfer,1.0,81.5346,0.0,75.6304,75.6304,81.5346,0.0038,65.7679,126.0061,4793
2016-09-01 15:00:00,170.63,transfer,1.0,81.5442,0.0,89.7882,89.7882,81.5442,0.0039,65.653,125.8975,4794
2016-09-01 16:00:00,159.07,transfer,1.0,81.5662,0.0,79.7269,79.7269,81.5662,0.0038,65.5498,125.7999,4795
2016-09-01 17:00:00,162.22,transfer,1.0,81.5327,0.0,67.9077,67.9077,81.5327,0.0039,65.434,125.7425,4796
2016-09-01 18:00:00,106.54,transfer,1.0,78.4177,0.0,93.1052,93.1052,78.4177,0.0037,65.4556,125.7813,4797
2016-09-01 19:00:00,77.29,transfer,1.0,80.4592,0.0,81.1569,81.1569,80.4592,0.0042,65.4407,125.7287,4798
2016-09-01 20:00:00,84.11,transfer,1.0,81.4831,0.0,81.5027,81.5027,81.4831,0.0061,65.4115,125.7054,4799
2016-09-01 21:00:00,65.64,transfer,1.0,81.3562,0.0,78.6644,78.6644,81.3562,0.0078,65.4671,125.6589,4800
2016-09-01 22:00:00,66.09,transfer,1.0,80.7868,0.0,85.3085,85.3085,80.7868,0.0092,65.4823,125.6538,4801
2016-09-01 23:00:00,64.65,transfer,1.0,79.9802,0.0,80.4198,80.4198,79.9802,0.0106,65.4949,125.6516,4802
2016-09-02 00:00:00,72.54,transfer,1.0,79.2461,0.0,82.0475,82.0475,79.2461,0.0123,65.5016,125.5886,4803
2016-09-02 01:00:00,68.14,transfer,1.0,78.6437,0.0,91.0921,91.0921,78.6437,0.0139,65.5415,125.514,4804
2016-09-02 02:00:00,67.19,transfer,1.0,78.3945,0.0,79.38,79.38,78.3945,0.0151,65.5819,125.4303,4805
2016-09-02 03:00:00,67.55,transfer,1.0,78.3865,0.0,82.3075,82.3075,78.3865,0.0159,65.6353,125.3615,4806
2016-09-02 04:00:00,100.01,transfer,1.0,78.5751,0.0,71.281,71.281,78.5751,0.0164,65.3308,125.0613,4807
2016-09-02 05:00:00,113.69,transfer,1.0,79.1151,0.0,84.1641,84.1641,79.1151,0.0156,65.1751,124.9066,4808
2016-09-02 06:00:00,118.2,transfer,1.0,79.929,0.0,88.995,88.995,79.929,0.0138,64.9478,124.6769,4809
2016-09-02 07:00:00,125.0,transfer,1.0,80.7731,0.0,80.0085,80.0085,80.7731,0.0122,64.7414,124.468,4810
2016-09-02 08:00:00,148.16,transfer,1.0,81.3411,0.0,73.0787,73.0787,81.3411,0.0106,64.5293,124.2533,4811
2016-09-02 09:00:00,156.71,transfer,1.0,81.5986,0.0,64.0253,64.0253,81.5986,0.009,64.3123,124.0335,4812
2016-09-02 10:00:00,158.15,transfer,1.0,81.7771,0.0,74.5022,74.5022,81.7771,0.0078,64.1005,123.8194,4813
2016-09-02 11:00:00,173.18,transfer,1.0,81.784,0.0,81.622,81.622,81.784,0.0069,63.9577,123.6763,4814
2016-09-02 12:00:00,161.08,transfer,1.0,81.3347,0.0,72.4638,72.4638,81.3347,0.0064,63.733,123.4536,4815
2016-09-02 13:00:00,156.16,transfer,1.0,80.507,0.0,63.602,63.602,80.507,0.0057,63.4436,123.1642,4816
2016-09-02 14:00:00,163.13,transfer,1.0,80.124,0.0,75.296,75.296,80.124,0.0052,63.1988,122.918,4817
2016-09-02 15:00:00,154.14,transfer,1.0,79.9642,0.0,66.1917,66.1917,79.9642,0.0051,62.9339,122.6507,4818
2016-09-02 16:00:00,140.77,transfer,1.0,79.8707,0.0,70.3437,70.3437,79.8707,0.0049,62.6945,122.4081,4819
2016-09-02 17:00:00,132.47,transfer,1.0,79.6594,0.0,85.4256,85.4256,79.6594,0.0048,62.3098,122.0868,4820
2016-09-02 18:00:00,88.67,transfer,1.0,79.2636,0.0,82.8612,82.8612,79.2636,0.0047,62.0757,122.037,4821
2016-09-02 19:00:00,89.26,transfer,1.0,78.5606,0.0,78.992,78.992,78.5606,0.0052,61.9051,122.0443,4822
2016-09-02 20:00:00,79.94,transfer,1.0,77.4684,0.0,69.1512,69.1512,77.4684,0.0065,61.712,121.9866,4823
2016-09-02 21:00:00,68.52,transfer,1.0,76.4537,0.0,78.9814,78.9814,76.4537,0.0087,61.7498,121.9669,4824
2016-09-02 22:00:00,65.23,transfer,1.0,75.4106,0.0,87.6011,87.6011,75.4106,0.0108,61.7538,121.954,4825
2016-09-02 23:00:00,63.47,transfer,1.0,73.9265,0.0,81.2802,81.2802,73.9265,0.0129,61.7536,121.9446,4826
2016-09-03 00:00:00,65.89,transfer,1.0,72.5456,0.0,87.1376,87.1376,72.5456,0.0147,61.7548,121.8566,4827
2016-09-03 01:00:00,64.78,transfer,1.0,70.6969,0.0,82.1101,82.1101,70.6969,0.0156,61.7439,121.7631,4828
2016-09-03 02:00:00,63.99,transfer,1.0,69.0276,0.0,63.0759,63.0759,69.0276,0.0157,61.7561,121.6952,4829
2016-09-03 03:00:00,63.75,transfer,1.0,68.2545,0.0,60.91,60.91,68.2545,0.0157,61.7682,121.6236,4830
2016-09-03 04:00:00,95.77,transfer,1.0,67.8468,0.0,63.7646,63.7646,67.8468,0.0158,61.5376,121.3563,4831
2016-09-03 05:00:00,106.34,transfer,1.0,68.474,0.0,73.1117,73.1117,68.474,0.0141,61.3461,121.1225,4832
2016-09-03 06:00:00,91.59,transfer,1.0,69.3298,0.0,68.7014,68.7014,69.3298,0.0125,61.1801,120.9088,4833
2016-09-03 07:00:00,84.91,transfer,1.0,70.3629,0.0,65.0447,65.0447,70.3629,0.0109,60.921,120.6002,4834
2016-09-03 08:00:00,89.48,transfer,1.0,70.5571,0.0,83.3124,83.3124,70.5571,0.0093,60.6936,120.3204,4835
2016-09-03 09:00:00,87.45,transfer,1.0,69.2137,0.0,69.6959,69.6959,69.2137,0.0075,60.4406,120.0065,4836
2016-09-03 10:00:00,101.36,transfer,1.0,66.8401,0.0,65.4493,65.4493,66.8401,0.0062,60.2714,119.7666,4837
2016-09-03 11:00:00,89.48,transfer,1.0,63.9226,0.0,66.3005,66.3005,63.9226,0.0054,60.0163,119.4338,4838
2016-09-03 12:00:00,94.6,transfer,1.0,61.5616,0.0,63.503,63.503,61.5616,0.005,59.7629,119.1018,4839
2016-09-03 13:00:00,91.96,transfer,1.0,59.0686,0.0,58.0078,58.0078,59.0686,0.0047,59.5284,118.7867,4840
2016-09-03 14:00:00,95.73,transfer,1.0,56.9617,0.0,65.1945,65.1945,56.9617,0.0048,59.2882,118.4644,4841
2016-09-03 15:00:00,98.67,transfer,1.0,54.9725,0.0,37.7204,37.7204,54.9725,0.0049,59.0549,118.1497,4842
2016-09-03 16:00:00,98.63,transfer,1.0,53.1057,0.0,36.3383,36.3383,53.1057,0.0048,58.9379,117.9551,4843
2016-09-03 17:00:00,96.51,transfer,1.0,51.53,0.0,52.4234,52.4234,51.53,0.0046,58.6069,117.7221,4844
2016-09-03 18:00:00,70.88,transfer,1.0,50.3254,0.0,47.2058,47.2058,50.3254,0.0043,58.4468,117.6712,4845
2016-09-03 19:00:00,74.21,transfer,1.0,49.6331,0.0,45.2428,45.2428,49.6331,0.0045,58.39,117.726,4846
2016-09-03 20:00:00,70.98,transfer,1.0,49.1705,0.0,45.3614,45.3614,49.1705,0.0057,58.221,117.6732,4847
2016-09-03 21:00:00,64.77,transfer,1.0,48.8256,0.0,58.1049,58.1049,48.8256,0.0073,58.1267,117.7007,4848
2016-09-03 22:00:00,67.99,transfer,1.0,48.6827,0.0,43.4581,43.4581,48.6827,0.0093,58.0537,117.7506,4849
2016-09-03 23:00:00,65.59,transfer,1.0,48.6054,0.0,50.7437,50.7437,48.6054,0.0113,57.976,117.7901,4850
2016-09-04 00:00:00,67.19,transfer,1.0,48.7846,0.0,46.595,46.595,48.7846,0.0134,57.8203,117.7469,4851
2016-09-04 01:00:00,65.07,transfer,1.0,49.2931,0.0,52.862,52.862,49.2931,0.0155,57.6752,117.7158,4852
2016-09-04 02:00:00,63.37,transfer,1.0,50.0332,0.0,46.4596,46.4596,50.0332,0.0178,57.5308,117.6881,4853
2016-09-04 03:00:00,61.91,transfer,1.0,50.8369,0.0,54.554,54.554,50.8369,0.0202,57.4093,117.6835,4854
2016-09-04 04:00:00,85.53,transfer,1.0,51.4227,0.0,56.8794,56.8794,51.4227,0.0224,57.0979,117.4748,4855
2016-09-04 05:00:00,97.17,transfer,1.0,52.6644,0.0,49.1763,49.1763,52.6644,0.0195,56.8574,117.2723,4856
2016-09-04 06:00:00,85.32,transfer,1.0,54.1301,0.0,59.7252,59.7252,54.1301,0.0155,56.5829,117.0344,4857
2016-09-04 07:00:00,80.56,transfer,1.0,55.8315,0.0,56.9464,56.9464,55.8315,0.0115,56.3275,116.8198,4858
2016-09-04 08:00:00,75.14,transfer,1.0,57.3684,0.0,62.2976,62.2976,57.3684,0.0085,55.994,116.5276,4859
2016-09-04 09:00:00,86.21,transfer,1.0,57.5667,0.0,47.1487,47.1487,57.5667,0.0063,55.7344,116.3129,4860
2016-09-04 10:00:00,85.52,transfer,1.0,56.9437,0.0,56.4359,56.4359,56.9437,0.0045,55.4181,116.0535,4861
2016-09-04 11:00:00,92.85,transfer,1.0,56.3265,0.0,54.7104,54.7104,56.3265,0.0035,55.0373,115.7796,4862
2016-09-04 12:00:00,88.84,transfer,1.0,55.6247,0.0,44.5529,44.5529,55.6247,0.0026,54.6856,115.5602,4863
2016-09-04 13:00:00,91.79,transfer,1.0,55.0036,0.0,62.9163,62.9163,55.0036,0.0024,54.2924,115.306,4864
2016-09-04 14:00:00,93.84,transfer,1.0,54.2754,0.0,51.7647,51.7647,54.2754,0.0018,53.9623,115.1142,4865
2016-09-04 15:00:00,99.52,transfer,1.0,53.4341,0.0,55.9512,55.9512,53.4341,0.0021,53.6264,114.9171,4866
2016-09-04 16:00:00,97.38,transfer,1.0,52.5315,0.0,54.1553,54.1553,52.5315,0.0021,53.2965,114.7244,4867
2016-09-04 17:00:00,98.45,transfer,1.0,51.7245,0.0,51.2706,51.2706,51.7245,0.0024,52.9799,114.5428,4868
2016-09-04 18:00:00,68.84,transfer,1.0,50.9501,0.0,61.1202,61.1202,50.9501,0.0024,52.8433,114.5373,4869
2016-09-04 19:00:00,72.94,transfer,1.0,50.3754,0.0,58.3133,58.3133,50.3754,0.003,52.7333,114.555,4870
2016-09-04 20:00:00,71.94,transfer,1.0,49.6479,0.0,51.5485,51.5485,49.6479,0.0047,52.6371,114.5882,4871
2016-09-04 21:00:00,66.27,transfer,1.0,48.9286,0.0,51.9212,51.9212,48.9286,0.007,52.5518,114.6347,4872
2016-09-04 22:00:00,64.32,transfer,1.0,48.4127,0.0,48.9299,48.9299,48.4127,0.0099,52.4555,114.6719,4873
2016-09-04 23:00:00,65.05,transfer,1.0,47.9122,0.0,53.2153,53.2153,47.9122,0.0131,52.3685,114.7198,4874
2016-09-05 00:00:00,61.92,transfer,1.0,47.4749,0.0,51.688,51.688,47.4749,0.0164,52.2354,114.7228,4875
2016-09-05 01:00:00,62.91,transfer,1.0,47.5865,0.0,44.505,44.505,47.5865,0.0199,52.1076,114.7326,4876
2016-09-05 02:00:00,60.57,transfer,1.0,47.8666,0.0,48.0857,48.0857,47.8666,0.0237,51.9674,114.7298,4877
2016-09-05 03:00:00,60.45,transfer,1.0,48.1207,0.0,54.2779,54.2779,48.1207,0.4261,51.8305,114.7273,4878
2016-09-05 04:00:00,86.24,transfer,1.0,48.2349,0.0,35.6129,35.6129,48.2349,1.2984,51.5434,114.5659,4879
2016-09-05 05:00:00,91.84,transfer,1.0,49.4745,0.0,52.1897,52.1897,49.4745,1.3773,51.2049,114.352,4880
2016-09-05 06:00:00,82.66,transfer,1.0,51.7602,0.0,53.004,53.004,51.7602,0.8733,50.7444,114.0204,4881
2016-09-05 07:00:00,74.9,transfer,1.0,53.9479,0.0,55.9588,55.9588,53.9479,0.1962,50.1548,113.5647,4882
2016-09-05 08:00:00,83.96,transfer,1.0,55.6029,0.0,67.0748,67.0748,55.6029,0.017,49.4479,112.989,4883
2016-09-05 09:00:00,81.97,transfer,1.0,56.3724,0.0,55.6732,55.6732,56.3724,0.0125,48.6917,112.352,4884
2016-09-05 10:00:00,98.76,transfer,1.0,56.8615,0.0,58.828,58.828,56.8615,0.009,47.9598,111.7244,4885
2016-09-05 11:00:00,92.57,transfer,1.0,56.9333,0.0,60.9355,60.9355,56.9333,0.0058,47.254,111.1069,4886
2016-09-05 12:00:00,104.52,transfer,1.0,57.2693,0.0,50.0035,50.0035,57.2693,0.004,46.6265,110.5551,4887
2016-09-05 13:00:00,92.94,transfer,1.0,57.3355,0.0,57.1752,57.1752,57.3355,0.003,45.9674,109.9598,4888
2016-09-05 14:00:00,106.22,transfer,1.0,57.2142,0.0,64.276,64.276,57.2142,0.0025,45.3994,109.4384,4889
2016-09-05 15:00:00,99.42,transfer,1.0,56.6119,0.0,62.4565,62.4565,56.6119,0.0023,44.8836,108.9319,4890
2016-09-05 16:00:00,113.84,transfer,1.0,55.9116,0.0,72.7214,72.7214,55.9116,0.0021,44.5496,108.5392,4891
2016-09-05 17:00:00,102.58,transfer,1.0,55.069,0.0,55.0307,55.0307,55.069,0.0019,44.2562,108.1159,4892
2016-09-05 18:00:00,83.73,transfer,1.0,54.4475,0.0,49.2076,49.2076,54.4475,0.0023,44.3081,108.0169,4893
2016-09-05 19:00:00,68.58,transfer,1.0,53.5983,0.0,53.7786,53.7786,53.5983,0.0032,44.3251,107.8784,4894
2016-09-05 20:00:00,86.18,transfer,1.0,52.7336,0.0,56.1558,56.1558,52.7336,0.0051,44.4284,107.8269,4895
2016-09-05 21:00:00,62.51,transfer,1.0,51.4997,0.0,68.1272,68.1272,51.4997,0.0073,44.4401,107.7933,4896
2016-09-05 22:00:00,65.5,transfer,1.0,50.8674,0.0,55.7448,55.7448,50.8674,0.0104,44.4759,107.7854,4897
2016-09-05 23:00:00,64.81,transfer,1.0,50.183,0.0,48.4371,48.4371,50.183,0.0138,44.5226,107.7763,4898
2016-09-06 00:00:00,61.4,transfer,1.0,49.7079,0.0,44.5027,44.5027,49.7079,0.0179,44.5603,107.7512,4899
2016-09-06 01:00:00,61.21,transfer,1.0,49.7613,0.0,44.3077,44.3077,49.7613,0.0215,44.6059,107.7239,4900
2016-09-06 02:00:00,65.08,transfer,1.0,50.1354,0.0,60.9245,60.9245,50.1354,0.0263,44.6907,107.699,4901
2016-09-06 03:00:00,62.94,transfer,1.0,50.8814,0.0,51.1319,51.1319,50.8814,0.6304,44.7616,107.662,4902
2016-09-06 04:00:00,94.35,transfer,1.0,51.8522,0.0,47.2287,47.2287,51.8522,1.7686,44.7111,107.4971,4903
2016-09-06 05:00:00,108.75,transfer,1.0,53.3551,0.0,49.3414,49.3414,53.3551,1.9811,44.6869,107.3479,4904
2016-09-06 06:00:00,118.13,transfer,1.0,55.3771,0.0,46.6569,46.6569,55.3771,1.571,44.6702,107.1968,4905
2016-09-06 07:00:00,125.7,transfer,1.0,57.8628,0.0,57.6922,57.6922,57.8628,0.9157,44.6151,107.0138,4906
2016-09-06 08:00:00,167.7,transfer,1.0,59.8861,0.0,63.4692,63.4692,59.8861,0.2107,44.7089,106.9887,4907
2016-09-06 09:00:00,179.3,transfer,1.0,64.8662,0.0,64.4321,64.4321,64.8662,0.0159,44.7909,106.9798,4908
2016-09-06 10:00:00,185.48,transfer,1.0,71.0375,0.0,75.6466,75.6466,71.0375,0.0129,44.8656,107.0013,4909
2016-09-06 11:00:00,186.16,transfer,1.0,74.5044,0.0,75.9724,75.9724,74.5044,0.0106,44.905,107.0091,4910
2016-09-06 12:00:00,186.12,transfer,1.0,77.443,0.0,68.514,68.514,77.443,0.0091,44.9293,107.0193,4911
2016-09-06 13:00:00,188.79,transfer,1.0,79.8785,0.0,71.7238,71.7238,79.8785,0.0074,44.9964,107.086,4912
2016-09-06 14:00:00,194.49,transfer,1.0,81.1536,0.0,79.6437,79.6437,81.1536,0.0063,45.0607,107.1571,4913
2016-09-06 15:00:00,191.01,transfer,1.0,81.7309,0.0,100.8524,100.8524,81.7309,0.0058,45.1537,107.262,4914
2016-09-06 16:00:00,185.87,transfer,1.0,82.0233,0.0,86.8365,86.8365,82.0233,0.0051,45.0527,107.3775,4915
2016-09-06 17:00:00,172.96,transfer,1.0,82.2771,0.0,77.7661,77.7661,82.2771,0.0047,44.8857,107.4362,4916
2016-09-06 18:00:00,117.87,transfer,1.0,82.4898,0.0,72.8136,72.8136,82.4898,0.0051,44.7323,107.5117,4917
2016-09-06 19:00:00,110.81,transfer,1.0,82.5058,0.0,95.2205,95.2205,82.5058,0.0055,44.5868,107.5983,4918
2016-09-06 20:00:00,97.21,transfer,1.0,82.3426,0.0,103.2335,103.2335,82.3426,0.0078,44.4036,107.6515,4919
2016-09-06 21:00:00,72.1,transfer,1.0,82.1113,0.0,82.529,82.529,82.1113,9.251,44.3273,107.6399,4920
2016-09-06 22:00:00,71.82,transfer,1.0,81.7225,0.0,67.3119,67.3119,81.7225,0.0158,44.2764,107.6855,4921
2016-09-06 23:00:00,74.26,transfer,1.0,81.1442,0.0,88.5987,88.5987,81.1442,0.0113,44.2601,107.7535,4922
2016-09-07 00:00:00,72.33,transfer,1.0,80.535,0.0,89.0327,89.0327,80.535,0.0121,44.2562,107.8104,4923
2016-09-07 01:00:00,73.0,transfer,1.0,80.1615,0.0,63.6816,63.6816,80.1615,0.0133,44.2453,107.8785,4924
2016-09-07 02:00:00,73.8,transfer,1.0,79.9981,0.0,71.5813,71.5813,79.9981,0.0145,44.2293,107.9538,4925
2016-09-07 03:00:00,77.41,transfer,1.0,80.0923,0.0,76.3283,76.3283,80.0923,0.0155,44.1966,108.0417,4926
2016-09-07 04:00:00,118.61,transfer,1.0,80.4898,0.0,96.2523,96.2523,80.4898,0.0169,44.1918,108.0852,4927
2016-09-07 05:00:00,129.49,transfer,1.0,81.1165,0.0,78.4503,78.4503,81.1165,0.0166,44.2213,108.1477,4928
2016-09-07 06:00:00,140.36,transfer,1.0,81.793,0.0,83.2772,83.2772,81.793,0.0157,44.296,108.2422,4929
2016-09-07 07:00:00,153.39,transfer,1.0,82.2033,0.0,67.1003,67.1003,82.2033,0.0142,44.3302,108.2901,4930
2016-09-07 08:00:00,168.25,transfer,1.0,82.4622,0.0,92.8074,92.8074,82.4622,0.0125,44.3086,108.2794,4931
2016-09-07 09:00:00,180.93,transfer,1.0,82.6367,0.0,88.926,88.926,82.6367,0.0111,44.3012,108.2844,4932
2016-09-07 10:00:00,182.96,transfer,1.0,82.7295,0.0,82.0034,82.0034,82.7295,0.0097,44.2607,108.261,4933
2016-09-07 11:00:00,198.82,transfer,1.0,82.7666,0.0,81.6024,81.6024,82.7666,0.0086,44.3223,108.343,4934
2016-09-07 12:00:00,194.05,transfer,1.0,82.7081,0.0,80.9719,80.9719,82.7081,0.0076,44.3036,108.3455,4935
2016-09-07 13:00:00,197.64,transfer,1.0,82.0051,0.0,77.4958,77.4958,82.0051,0.0067,44.3795,108.4379,4936
2016-09-07 14:00:00,201.59,transfer,1.0,81.7725,0.0,88.7703,88.7703,81.7725,0.0064,44.3907,108.4635,4937
2016-09-07 15:00:00,208.47,transfer,1.0,81.7601,0.0,69.5586,69.5586,81.7601,0.0062,44.5126,108.5994,4938
2016-09-07 16:00:00,191.17,transfer,1.0,81.7915,0.0,79.4345,79.4345,81.7915,0.0058,44.4778,108.6318,4939
2016-09-07 17:00:00,192.07,transfer,1.0,81.2793,0.0,77.4856,77.4856,81.2793,0.0057,44.2901,108.6637,4940
2016-09-07 18:00:00,117.57,transfer,1.0,61.4528,0.0,61.8639,61.8639,61.4528,0.0051,44.0796,108.5576,4941
2016-09-07 19:00:00,108.2,transfer,1.0,74.9431,0.0,76.0258,76.0258,74.9431,0.0043,43.8304,108.495,4942
2016-09-07 20:00:00,98.67,transfer,1.0,81.7489,0.0,90.3265,90.3265,81.7489,0.0051,43.4977,108.3925,4943
2016-09-07 21:00:00,78.08,transfer,1.0,82.0102,0.0,100.5747,100.5747,82.0102,0.0064,43.1868,108.2691,4944
2016-09-07 22:00:00,79.35,transfer,1.0,81.9199,0.0,82.9085,82.9085,81.9199,0.0077,42.8991,108.1785,4945
2016-09-07 23:00:00,77.23,transfer,1.0,81.6187,0.0,80.9404,80.9404,81.6187,0.0094,42.7583,108.1116,4946
2016-09-08 00:00:00,81.59,transfer,1.0,81.3667,0.0,86.5497,86.5497,81.3667,0.0112,42.6849,108.0816,4947
2016-09-08 01:00:00,77.59,transfer,1.0,81.1863,0.0,83.4597,83.4597,81.1863,0.0126,42.6387,108.0384,4948
2016-09-08 02:00:00,78.59,transfer,1.0,81.194,0.0,91.201,91.201,81.194,0.0138,42.5892,108.0063,4949
2016-09-08 03:00:00,77.54,transfer,1.0,81.3343,0.0,70.6665,70.6665,81.3343,0.0151,42.5541,107.9742,4950
2016-09-08 04:00:00,132.19,transfer,1.0,81.5521,0.0,70.3936,70.3936,81.5521,0.0162,42.4779,107.9386,4951
2016-09-08 05:00:00,144.25,transfer,1.0,81.8801,0.0,87.9361,87.9361,81.8801,0.0159,42.4231,107.9099,4952
2016-09-08 06:00:00,155.27,transfer,1.0,82.2871,0.0,101.5206,101.5206,82.2871,0.0148,42.3818,107.88,4953
2016-09-08 07:00:00,163.74,transfer,1.0,82.5391,0.0,82.1369,82.1369,82.5391,0.0133,42.3927,107.8949,4954
2016-09-08 08:00:00,187.43,transfer,1.0,82.6861,0.0,71.8843,71.8843,82.6861,0.0122,42.4835,107.9875,4955
2016-09-08 09:00:00,197.66,transfer,1.0,82.7721,0.0,92.7199,92.7199,82.7721,0.0101,42.5917,108.0968,4956
2016-09-08 10:00:00,210.69,transfer,1.0,82.8264,0.0,89.3156,89.3156,82.8264,0.0086,42.761,108.2673,4957
2016-09-08 11:00:00,211.06,transfer,1.0,82.8565,0.0,88.5161,88.5161,82.8565,0.0073,42.9151,108.4244,4958
2016-09-08 12:00:00,211.76,transfer,1.0,82.8737,0.0,64.6505,64.6505,82.8737,0.0062,43.0762,108.5924,4959
2016-09-08 13:00:00,214.04,transfer,1.0,82.874,0.0,85.181,85.181,82.874,0.0055,43.3354,108.8594,4960
2016-09-08 14:00:00,205.42,transfer,1.0,82.8422,0.0,100.4988,100.4988,82.8422,0.0054,43.4998,109.0316,4961
2016-09-08 15:00:00,210.79,transfer,1.0,82.5437,0.0,86.3096,86.3096,82.5437,0.005,43.7329,109.2707,4962
2016-09-08 16:00:00,196.03,transfer,1.0,82.0368,0.0,70.0577,70.0577,82.0368,0.0048,43.9501,109.4907,4963
2016-09-08 17:00:00,188.94,transfer,1.0,81.9591,0.0,72.4701,72.4701,81.9591,0.0046,44.1066,109.6497,4964
2016-09-08 18:00:00,117.3,transfer,1.0,81.9523,0.0,85.2681,85.2681,81.9523,0.0045,44.1496,109.7137,4965
2016-09-08 19:00:00,107.28,transfer,1.0,81.9133,0.0,87.8901,87.8901,81.9133,0.0043,44.2818,109.8923,4966
2016-09-08 20:00:00,104.17,transfer,1.0,81.9215,0.0,93.3006,93.3006,81.9215,0.0054,44.3986,110.0117,4967
2016-09-08 21:00:00,82.64,transfer,1.0,82.0836,0.0,81.8809,81.8809,82.0836,0.0069,44.3083,110.1129,4968
2016-09-08 22:00:00,80.94,transfer,1.0,81.99,0.0,83.0193,83.0193,81.99,0.0084,44.2271,110.2013,4969
2016-09-08 23:00:00,87.58,transfer,1.0,81.7433,0.0,89.7651,89.7651,81.7433,0.0099,44.1706,110.3378,4970
2016-09-09 00:00:00,85.43,transfer,1.0,81.5108,0.0,86.4686,86.4686,81.5108,0.0114,44.154,110.4145,4971
2016-09-09 01:00:00,85.63,transfer,1.0,81.399,0.0,77.644,77.644,81.399,0.0127,44.1167,110.5186,4972
2016-09-09 02:00:00,83.5,transfer,1.0,81.3829,0.0,82.8323,82.8323,81.3829,0.0139,44.0626,110.6157,4973
2016-09-09 03:00:00,91.24,transfer,1.0,81.4766,0.0,81.1373,81.1373,81.4766,0.015,44.0562,110.7567,4974
2016-09-09 04:00:00,142.52,transfer,1.0,81.6424,0.0,78.6984,78.6984,81.6424,0.016,44.291,111.0097,4975
2016-09-09 05:00:00,153.42,transfer,1.0,81.9553,0.0,66.8635,66.8635,81.9553,0.0159,44.5105,111.2462,4976
2016-09-09 06:00:00,162.61,transfer,1.0,82.3086,0.0,70.233,70.233,82.3086,0.0148,44.7607,111.5106,4977
2016-09-09 07:00:00,176.32,transfer,1.0,82.5274,0.0,80.1914,80.1914,82.5274,0.0132,45.0558,111.816,4978
2016-09-09 08:00:00,193.72,transfer,1.0,82.6601,0.0,84.6868,84.6868,82.6601,0.0117,45.3191,112.0872,4979
2016-09-09 09:00:00,203.59,transfer,1.0,82.7468,0.0,72.9305,72.9305,82.7468,0.0094,45.5913,112.3663,4980
2016-09-09 10:00:00,223.97,transfer,1.0,82.7924,0.0,68.6249,68.6249,82.7924,0.0075,45.977,112.7581,4981
2016-09-09 11:00:00,226.55,transfer,1.0,82.8211,0.0,87.1777,87.1777,82.8211,0.0061,46.2886,113.0757,4982
2016-09-09 12:00:00,218.24,transfer,1.0,82.8378,0.0,98.4554,98.4554,82.8378,0.0053,46.6198,113.416,4983
2016-09-09 13:00:00,205.98,transfer,1.0,82.8247,0.0,91.1437,91.1437,82.8247,0.0052,46.9026,113.7125,4984
2016-09-09 14:00:00,213.84,transfer,1.0,82.6137,0.0,81.3627,81.3627,82.6137,0.005,47.1896,114.0144,4985
2016-09-09 15:00:00,198.62,transfer,1.0,81.8533,0.0,89.0841,89.0841,81.8533,0.005,47.4431,114.2791,4986
2016-09-09 16:00:00,192.68,transfer,1.0,81.6779,0.0,81.3745,81.3745,81.6779,0.005,47.7414,114.5881,4987
2016-09-09 17:00:00,185.56,transfer,1.0,81.5785,0.0,91.218,91.218,81.5785,0.0051,48.046,114.9041,4988
2016-09-09 18:00:00,119.23,transfer,1.0,81.4798,0.0,75.2134,75.2134,81.4798,0.0056,48.2147,115.086,4989
2016-09-09 19:00:00,105.55,transfer,1.0,79.552,0.0,84.3185,84.3185,79.552,0.0055,48.3057,115.183,4990
2016-09-09 20:00:00,99.69,transfer,1.0,81.2667,0.0,86.101,86.101,81.2667,0.0064,48.4007,115.3006,4991
2016-09-09 21:00:00,84.33,transfer,1.0,81.1585,0.0,89.2284,89.2284,81.1585,0.0078,48.3723,115.3947,4992
2016-09-09 22:00:00,86.43,transfer,1.0,81.1361,0.0,82.7478,82.7478,81.1361,0.0092,48.3433,115.5209,4993
2016-09-09 23:00:00,88.94,transfer,1.0,81.1506,0.0,77.6556,77.6556,81.1506,0.0105,48.3274,115.6725,4994
2016-09-10 00:00:00,85.29,transfer,1.0,81.0697,0.0,84.6728,84.6728,81.0697,0.0118,48.3129,115.788,4995
2016-09-10 01:00:00,100.78,transfer,1.0,80.8253,0.0,77.1908,77.1908,80.8253,0.0129,48.3964,116.0023,4996
2016-09-10 02:00:00,84.98,transfer,1.0,80.6118,0.0,71.2872,71.2872,80.6118,0.0135,48.3925,116.1272,4997
2016-09-10 03:00:00,93.19,transfer,1.0,80.657,0.0,78.8642,78.8642,80.657,0.0138,48.4402,116.3025,4998
2016-09-10 04:00:00,135.85,transfer,1.0,80.6981,0.0,87.8524,87.8524,80.6981,0.014,48.6023,116.5411,4999
2016-09-10 05:00:00,147.71,transfer,1.0,80.9361,0.0,68.7882,68.7882,80.9361,0.0135,48.7744,116.7873,5000
2016-09-10 06:00:00,140.32,transfer,1.0,81.3674,0.0,76.3164,76.3164,81.3674,0.0126,48.9928,117.0774,5001
2016-09-10 07:00:00,131.39,transfer,1.0,81.7066,0.0,50.464,50.464,81.7066,0.0115,49.2019,117.3541,5002
2016-09-10 08:00:00,138.11,transfer,1.0,81.9163,0.0,75.2007,75.2007,81.9163,0.0109,49.4238,117.6435,5003
2016-09-10 09:00:00,142.11,transfer,1.0,81.9675,0.0,81.0434,81.0434,81.9675,0.0099,49.6732,117.9689,5004
2016-09-10 10:00:00,151.93,transfer,1.0,81.9109,0.0,83.3267,83.3267,81.9109,0.0089,49.8845,118.2698,5005
2016-09-10 11:00:00,158.66,transfer,1.0,81.7202,0.0,86.5387,86.5387,81.7202,0.0079,50.1904,118.6816,5006
2016-09-10 12:00:00,161.5,transfer,1.0,80.3967,0.0,90.1159,90.1159,80.3967,0.0072,50.4765,119.0798,5007
2016-09-10 13:00:00,155.73,transfer,1.0,77.3468,0.0,77.6602,77.6602,77.3468,0.0064,50.7473,119.4594,5008
2016-09-10 14:00:00,156.5,transfer,1.0,75.6417,0.0,71.8114,71.8114,75.6417,0.006,50.9978,119.8211,5009
2016-09-10 15:00:00,158.17,transfer,1.0,74.4205,0.0,81.0752,81.0752,74.4205,0.0053,51.2362,120.1753,5010
2016-09-10 16:00:00,159.66,transfer,1.0,73.1763,0.0,79.1062,79.1062,73.1763,0.005,51.48,120.5385,5011
2016-09-10 17:00:00,158.89,transfer,1.0,64.9526,0.0,59.6956,59.6956,64.9526,0.0046,51.7714,120.9099,5012
2016-09-10 18:00:00,96.35,transfer,1.0,36.6287,0.0,37.9598,37.9598,36.6287,0.0043,52.0046,121.0615,5013
2016-09-10 19:00:00,97.9,transfer,1.0,35.9058,0.0,32.4067,32.4067,35.9058,0.0047,52.2273,121.2025,5014
2016-09-10 20:00:00,98.04,transfer,1.0,34.7416,0.0,35.8425,35.8425,34.7416,0.0064,52.4742,121.3635,5015
2016-09-10 21:00:00,79.63,transfer,1.0,33.6514,0.0,26.8187,26.8187,33.6514,0.0083,52.653,121.452,5016
2016-09-10 22:00:00,79.1,transfer,1.0,32.7249,0.0,33.5059,33.5059,32.7249,0.0099,52.8141,121.5181,5017
2016-09-10 23:00:00,74.65,transfer,1.0,31.9014,0.0,23.8466,23.8466,31.9014,0.0114,52.9675,121.572,5018
2016-09-11 00:00:00,81.07,transfer,1.0,30.9579,0.0,27.3484,27.3484,30.9579,0.0124,53.1562,121.6547,5019
2016-09-11 01:00:00,82.38,transfer,1.0,31.1151,0.0,29.3449,29.3449,31.1151,0.0133,53.3675,121.7577,5020
2016-09-11 02:00:00,82.91,transfer,1.0,41.9021,0.0,42.2709,42.2709,41.9021,0.0139,53.5322,121.8741,5021
2016-09-11 03:00:00,80.12,transfer,1.0,57.3069,0.0,58.4065,58.4065,57.3069,0.0143,53.6021,121.9825,5022
2016-09-11 04:00:00,137.04,transfer,1.0,59.7594,0.0,68.805,68.805,59.7594,0.0146,53.859,122.2891,5023
2016-09-11 05:00:00,146.11,transfer,1.0,61.0108,0.0,64.8534,64.8534,61.0108,0.0134,54.1007,122.5805,5024
2016-09-11 06:00:00,138.23,transfer,1.0,63.1699,0.0,68.6952,68.6952,63.1699,0.0118,54.3618,122.8954,5025
2016-09-11 07:00:00,124.31,transfer,1.0,65.564,0.0,76.9126,76.9126,65.564,0.0101,54.5643,123.1559,5026
2016-09-11 08:00:00,126.73,transfer,1.0,67.5047,0.0,77.8178,77.8178,67.5047,0.0085,54.811,123.4629,5027
2016-09-11 09:00:00,126.27,transfer,1.0,68.3792,0.0,70.6405,70.6405,68.3792,0.0071,54.9851,123.7014,5028
2016-09-11 10:00:00,123.41,transfer,1.0,68.5725,0.0,77.9465,77.9465,68.5725,0.0058,55.1414,123.9269,5029
2016-09-11 11:00:00,118.77,transfer,1.0,68.3026,0.0,75.2072,75.2072,68.3026,0.0049,55.2244,124.0812,5030
2016-09-11 12:00:00,108.44,transfer,1.0,67.7411,0.0,78.1577,78.1577,67.7411,0.0043,55.269,124.1979,5031
2016-09-11 13:00:00,119.16,transfer,1.0,66.5225,0.0,62.9258,62.9258,66.5225,0.004,55.3633,124.3608,5032
2016-09-11 14:00:00,118.36,transfer,1.0,64.3198,0.0,62.93,62.93,64.3198,0.004,55.4495,124.5067,5033
2016-09-11 15:00:00,113.83,transfer,1.0,60.5743,0.0,57.4343,57.4343,60.5743,0.0041,55.4922,124.5919,5034
2016-09-11 16:00:00,119.17,transfer,1.0,57.5862,0.0,49.4682,49.4682,57.5862,0.004,55.5918,124.7216,5035
2016-09-11 17:00:00,109.89,transfer,1.0,55.0912,0.0,54.8461,54.8461,55.0912,0.0037,55.6399,124.7897,5036
2016-09-11 18:00:00,83.67,transfer,1.0,54.3171,0.0,59.7497,59.7497,54.3171,0.0036,55.7081,124.8779,5037
2016-09-11 19:00:00,70.73,transfer,1.0,54.5449,0.0,54.5076,54.5076,54.5449,0.0039,55.6701,124.8648,5038
2016-09-11 20:00:00,85.1,transfer,1.0,54.8831,0.0,48.0487,48.0487,54.8831,0.0053,55.7173,124.9431,5039
2016-09-11 21:00:00,64.86,transfer,1.0,53.9264,0.0,59.3879,59.3879,53.9264,0.007,55.6791,124.9347,5040
2016-09-11 22:00:00,65.27,transfer,1.0,52.8826,0.0,66.5529,66.5529,52.8826,0.0089,55.6582,124.9404,5041
2016-09-11 23:00:00,63.8,transfer,1.0,51.618,0.0,54.0541,54.0541,51.618,0.0107,55.6287,124.9329,5042
2016-09-12 00:00:00,63.06,transfer,1.0,50.3364,0.0,37.8085,37.8085,50.3364,0.0121,55.6184,124.9397,5043
2016-09-12 01:00:00,63.74,transfer,1.0,50.1044,0.0,39.6191,39.6191,50.1044,0.0137,55.6084,124.9447,5044
2016-09-12 02:00:00,63.26,transfer,1.0,50.1681,0.0,56.1258,56.1258,50.1681,0.0152,55.6107,124.9608,5045
2016-09-12 03:00:00,61.91,transfer,1.0,50.5657,0.0,59.056,59.056,50.5657,0.0167,55.6048,124.9719,5046
2016-09-12 04:00:00,92.5,transfer,1.0,51.245,0.0,55.7176,55.7176,51.245,0.0177,55.6242,125.0168,5047
2016-09-12 05:00:00,104.12,transfer,1.0,52.6176,0.0,68.7384,68.7384,52.6176,0.0162,55.6786,125.098,5048
2016-09-12 06:00:00,114.19,transfer,1.0,54.3013,0.0,54.158,54.158,54.3013,0.0141,55.8511,125.2908,5049
2016-09-12 07:00:00,115.85,transfer,1.0,56.2246,0.0,42.5477,42.5477,56.2246,0.0118,56.0813,125.5356,5050
2016-09-12 08:00:00,143.91,transfer,1.0,58.44,0.0,60.1731,60.1731,58.44,0.0102,56.4213,125.8925,5051
2016-09-12 09:00:00,161.56,transfer,1.0,60.2913,0.0,47.339,47.339,60.2913,0.0092,56.8717,126.3663,5052
2016-09-12 10:00:00,163.5,transfer,1.0,62.3254,0.0,70.07,70.07,62.3254,0.0088,57.2245,126.7516,5053
2016-09-12 11:00:00,169.81,transfer,1.0,62.4954,0.0,48.097,48.097,62.4954,0.0086,57.6512,127.2114,5054
2016-09-12 12:00:00,166.66,transfer,1.0,60.4551,0.0,52.8158,52.8158,60.4551,0.0086,58.0021,127.5812,5055
2016-09-12 13:00:00,165.07,transfer,1.0,59.8696,0.0,74.4293,74.4293,59.8696,0.0084,58.4164,128.0106,5056
2016-09-12 14:00:00,171.85,transfer,1.0,65.599,0.0,79.5281,79.5281,65.599,0.0082,58.7571,128.4012,5057
2016-09-12 15:00:00,166.77,transfer,1.0,71.9804,0.0,60.8061,60.8061,71.9804,0.0076,59.0665,128.802,5058
2016-09-12 16:00:00,156.54,transfer,1.0,75.591,0.0,80.467,80.467,75.591,0.0073,59.2036,129.0562,5059
2016-09-12 17:00:00,153.85,transfer,1.0,76.6575,0.0,80.5019,80.5019,76.6575,0.0069,59.3802,129.3613,5060
2016-09-12 18:00:00,92.13,transfer,1.0,76.5646,0.0,66.3783,66.3783,76.5646,0.0064,59.2986,129.4113,5061
2016-09-12 19:00:00,87.41,transfer,1.0,75.8625,0.0,83.3611,83.3611,75.8625,0.0057,59.2781,129.5234,5062
2016-09-12 20:00:00,78.43,transfer,1.0,73.9018,0.0,63.7193,63.7193,73.9018,0.0065,59.106,129.4772,5063
2016-09-12 21:00:00,66.86,transfer,1.0,71.323,0.0,73.5291,73.5291,71.323,0.0077,59.067,129.5031,5064
2016-09-12 22:00:00,66.61,transfer,1.0,68.2084,0.0,80.4246,80.4246,68.2084,0.0093,58.9895,129.5097,5065
2016-09-12 23:00:00,65.8,transfer,1.0,65.0745,0.0,73.5795,73.5795,65.0745,0.0111,58.9067,129.5156,5066
2016-09-13 00:00:00,65.45,transfer,1.0,62.4694,0.0,61.3506,61.3506,62.4694,0.0123,58.8549,129.5398,5067
2016-09-13 01:00:00,65.11,transfer,1.0,60.7276,0.0,59.9247,59.9247,60.7276,0.0133,58.8128,129.563,5068
2016-09-13 02:00:00,63.81,transfer,1.0,59.6422,0.0,59.8684,59.8684,59.6422,0.014,58.7486,129.5556,5069
2016-09-13 03:00:00,65.42,transfer,1.0,59.0846,0.0,54.7067,54.7067,59.0846,0.0145,58.7146,129.574,5070
2016-09-13 04:00:00,102.99,transfer,1.0,59.1364,0.0,57.3156,57.3156,59.1364,0.015,58.7226,129.6359,5071
2016-09-13 05:00:00,113.1,transfer,1.0,60.2549,0.0,52.0091,52.0091,60.2549,0.0147,58.7075,129.6735,5072
2016-09-13 06:00:00,125.49,transfer,1.0,63.0534,0.0,61.0375,61.0375,63.0534,0.0139,58.7056,129.7265,5073
2016-09-13 07:00:00,128.15,transfer,1.0,65.9967,0.0,68.067,68.067,65.9967,0.0128,58.6718,129.7465,5074
2016-09-13 08:00:00,158.41,transfer,1.0,68.8962,0.0,72.1047,72.1047,68.8962,0.0116,58.5628,129.6924,5075
2016-09-13 09:00:00,169.53,transfer,1.0,71.2541,0.0,71.0121,71.0121,71.2541,0.01,58.4666,129.6343,5076
2016-09-13 10:00:00,180.95,transfer,1.0,73.3207,0.0,78.2053,78.2053,73.3207,0.0089,58.4261,129.6073,5077
2016-09-13 11:00:00,169.7,transfer,1.0,75.2433,0.0,84.4256,84.4256,75.2433,0.0084,58.3237,129.5094,5078
2016-09-13 12:00:00,174.3,transfer,1.0,76.8034,0.0,74.9758,74.9758,76.8034,0.0078,58.2572,129.439,5079
2016-09-13 13:00:00,182.17,transfer,1.0,77.7593,0.0,81.357,81.357,77.7593,0.0076,58.2304,129.3996,5080
2016-09-13 14:00:00,184.19,transfer,1.0,76.0249,0.0,62.4281,62.4281,76.0249,0.0073,58.1996,129.3383,5081
2016-09-13 15:00:00,178.75,transfer,1.0,47.4079,0.0,57.7116,57.7116,47.4079,0.0071,58.3309,129.2653,5082
2016-09-13 16:00:00,178.05,transfer,1.0,45.1897,0.0,57.6441,57.6441,45.1897,0.0069,58.5036,129.2187,5083
2016-09-13 17:00:00,156.94,transfer,1.0,45.092,0.0,41.1869,41.1869,45.092,0.0065,58.6296,129.1234,5084
2016-09-13 18:00:00,106.76,transfer,1.0,45.2886,0.0,43.4501,43.4501,45.2886,0.0059,58.7849,129.0572,5085
2016-09-13 19:00:00,98.17,transfer,1.0,45.522,0.0,44.7731,44.7731,45.522,0.0055,58.9298,128.982,5086
2016-09-13 20:00:00,90.8,transfer,1.0,48.4351,0.0,33.7298,33.7298,48.4351,0.0057,59.0935,128.9439,5087
2016-09-13 21:00:00,73.12,transfer,1.0,71.3865,0.0,60.9298,60.9298,71.3865,0.0066,59.0442,129.005,5088
2016-09-13 22:00:00,72.6,transfer,1.0,74.5991,0.0,80.966,80.966,74.5991,0.0078,58.9972,129.0096,5089
2016-09-13 23:00:00,72.05,transfer,1.0,72.5846,0.0,67.6043,67.6043,72.5846,0.0094,58.9594,128.9965,5090
2016-09-14 00:00:00,69.81,transfer,1.0,70.7059,0.0,67.4156,67.4156,70.7059,0.0108,58.9159,128.9815,5091
2016-09-14 01:00:00,69.45,transfer,1.0,69.4508,0.0,69.3692,69.3692,69.4508,0.0119,58.8732,128.9604,5092
2016-09-14 02:00:00,67.61,transfer,1.0,68.747,0.0,64.4745,64.4745,68.747,0.0128,58.8431,128.9235,5093
2016-09-14 03:00:00,67.34,transfer,1.0,68.83,0.0,56.4183,56.4183,68.83,0.0136,58.836,128.8636,5094
2016-09-14 04:00:00,110.54,transfer,1.0,69.4576,0.0,63.4705,63.4705,69.4576,0.0143,58.8537,128.8156,5095
2016-09-14 05:00:00,121.56,transfer,1.0,72.0456,0.0,82.9895,82.9895,72.0456,0.014,58.8605,128.7684,5096
2016-09-14 06:00:00,126.67,transfer,1.0,75.7065,0.0,88.2547,88.2547,75.7065,0.013,58.8152,128.6869,5097
2016-09-14 07:00:00,138.14,transfer,1.0,78.1052,0.0,81.1958,81.1958,78.1052,0.0119,58.7488,128.5962,5098
2016-09-14 08:00:00,150.41,transfer,1.0,79.2476,0.0,83.4053,83.4053,79.2476,0.0111,58.6618,128.49,5099
2016-09-14 09:00:00,173.62,transfer,1.0,79.3678,0.0,75.3204,75.3204,79.3678,0.01,58.6377,128.4465,5100
2016-09-14 10:00:00,183.7,transfer,1.0,78.8406,0.0,77.2578,77.2578,78.8406,0.0092,58.6653,128.4509,5101
2016-09-14 11:00:00,193.99,transfer,1.0,78.6547,0.0,74.4695,74.4695,78.6547,0.0087,58.661,128.4222,5102
2016-09-14 12:00:00,176.42,transfer,1.0,78.7352,0.0,74.5765,74.5765,78.7352,0.008,58.5797,128.3172,5103
2016-09-14 13:00:00,178.5,transfer,1.0,79.1107,0.0,68.083,68.083,79.1107,0.0077,58.483,128.2033,5104
2016-09-14 14:00:00,184.8,transfer,1.0,79.3571,0.0,71.5282,71.5282,79.3571,0.0076,58.3974,128.1033,5105
2016-09-14 15:00:00,171.34,transfer,1.0,79.2887,0.0,84.5084,84.5084,79.2887,0.0073,58.1911,127.8823,5106
2016-09-14 16:00:00,171.82,transfer,1.0,45.8189,0.0,40.1537,40.1537,45.8189,0.0068,58.2901,127.7671,5107
2016-09-14 17:00:00,163.79,transfer,1.0,44.1166,0.0,41.5881,41.5881,44.1166,0.0065,58.3429,127.5988,5108
2016-09-14 18:00:00,97.27,transfer,1.0,43.8226,0.0,51.2839,51.2839,43.8226,0.0062,58.327,127.4779,5109
2016-09-14 19:00:00,99.67,transfer,1.0,43.4903,0.0,36.6247,36.6247,43.4903,0.0058,58.4635,127.4272,5110
2016-09-14 20:00:00,90.07,transfer,1.0,42.7368,0.0,46.6872,46.6872,42.7368,0.0065,58.6445,127.376,5111
2016-09-14 21:00:00,66.95,transfer,1.0,44.8929,0.0,47.9765,47.9765,44.8929,0.0077,58.7524,127.3097,5112
2016-09-14 22:00:00,67.14,transfer,1.0,73.6072,0.0,79.9289,79.9289,73.6072,0.009,58.7756,127.237,5113
2016-09-14 23:00:00,67.88,transfer,1.0,72.9511,0.0,76.6811,76.6811,72.9511,0.0097,58.7797,127.1814,5114
2016-09-15 00:00:00,67.62,transfer,1.0,71.013,0.0,71.9621,71.9621,71.013,0.0107,58.7985,127.0982,5115
2016-09-15 01:00:00,66.94,transfer,1.0,69.4329,0.0,75.5994,75.5994,69.4329,0.0118,58.792,127.0348,5116
2016-09-15 02:00:00,66.28,transfer,1.0,68.6967,0.0,72.2162,72.2162,68.6967,0.0127,58.7909,126.9616,5117
2016-09-15 03:00:00,67.29,transfer,1.0,68.8593,0.0,78.7014,78.7014,68.8593,0.0136,58.7776,126.9006,5118
2016-09-15 04:00:00,104.95,transfer,1.0,69.7968,0.0,78.2515,78.2515,69.7968,0.014,58.6854,126.7384,5119
2016-09-15 05:00:00,116.43,transfer,1.0,72.8831,0.0,62.4517,62.4517,72.8831,0.0139,58.5734,126.5728,5120
2016-09-15 06:00:00,121.86,transfer,1.0,76.5433,0.0,85.6656,85.6656,76.5433,0.0132,58.4087,126.374,5121
2016-09-15 07:00:00,128.73,transfer,1.0,78.8184,0.0,94.6057,94.6057,78.8184,0.0119,58.2225,126.1656,5122
2016-09-15 08:00:00,146.81,transfer,1.0,80.1246,0.0,66.6802,66.6802,80.1246,0.0109,57.9959,125.9238,5123
2016-09-15 09:00:00,168.69,transfer,1.0,80.4004,0.0,89.7314,89.7314,80.4004,0.0095,57.8376,125.7514,5124
2016-09-15 10:00:00,160.54,transfer,1.0,80.294,0.0,94.5957,94.5957,80.294,0.0083,57.5542,125.4529,5125
2016-09-15 11:00:00,160.74,transfer,1.0,80.0271,0.0,84.6741,84.6741,80.0271,0.0074,57.2715,125.1533,5126
2016-09-15 12:00:00,156.24,transfer,1.0,79.8709,0.0,79.1435,79.1435,79.8709,0.0069,56.9589,124.8229,5127
2016-09-15 13:00:00,146.05,transfer,1.0,79.8705,0.0,68.1101,68.1101,79.8705,0.0063,56.5721,124.4182,5128
2016-09-15 14:00:00,157.03,transfer,1.0,79.9862,0.0,79.9785,79.9785,79.9862,0.0059,56.301,124.1301,5129
2016-09-15 15:00:00,147.54,transfer,1.0,79.8924,0.0,69.5163,69.5163,79.8924,0.0056,55.9403,123.7536,5130
2016-09-15 16:00:00,131.44,transfer,1.0,79.5196,0.0,80.534,80.534,79.5196,0.005,55.5708,123.3692,5131
2016-09-15 17:00:00,127.28,transfer,1.0,51.2446,0.0,55.904,55.904,51.2446,0.0047,55.3866,123.0021,5132
2016-09-15 18:00:00,86.49,transfer,1.0,47.6103,0.0,56.8455,56.8455,47.6103,0.0045,55.4077,122.8187,5133
2016-09-15 19:00:00,84.66,transfer,1.0,52.3278,0.0,52.7243,52.7243,52.3278,0.0047,55.4491,122.6841,5134
2016-09-15 20:00:00,79.81,transfer,1.0,74.9922,0.0,65.4655,65.4655,74.9922,0.0063,55.3454,122.5391,5135
2016-09-15 21:00:00,65.11,transfer,1.0,75.5765,0.0,60.1795,60.1795,75.5765,0.0077,55.4044,122.4347,5136
2016-09-15 22:00:00,65.75,transfer,1.0,74.4552,0.0,68.0175,68.0175,74.4552,0.0095,55.4499,122.3443,5137
2016-09-15 23:00:00,65.65,transfer,1.0,73.2296,0.0,72.4569,72.4569,73.2296,0.0111,55.4603,122.2138,5138
2016-09-16 00:00:00,66.65,transfer,1.0,72.5343,0.0,68.8741,68.8741,72.5343,0.0126,55.472,122.102,5139
2016-09-16 01:00:00,66.49,transfer,1.0,72.1126,0.0,62.4788,62.4788,72.1126,0.0143,55.4803,121.988,5140
2016-09-16 02:00:00,65.48,transfer,1.0,72.1871,0.0,81.6931,81.6931,72.1871,0.0156,55.5076,121.8808,5141
2016-09-16 03:00:00,66.53,transfer,1.0,72.4357,0.0,69.3008,69.3008,72.4357,0.0166,55.4846,121.7337,5142
2016-09-16 04:00:00,88.2,transfer,1.0,73.2017,0.0,80.4164,80.4164,73.2017,0.0172,55.2116,121.4103,5143
2016-09-16 05:00:00,99.51,transfer,1.0,74.5612,0.0,72.3416,72.3416,74.5612,0.0162,54.9347,121.0894,5144
2016-09-16 06:00:00,105.9,transfer,1.0,76.0318,0.0,87.0513,87.0513,76.0318,0.0143,54.6345,120.7519,5145
2016-09-16 07:00:00,117.9,transfer,1.0,77.2733,0.0,72.735,72.735,77.2733,0.0122,54.318,120.4042,5146
2016-09-16 08:00:00,133.53,transfer,1.0,78.1688,0.0,63.4226,63.4226,78.1688,0.0103,53.9865,120.0459,5147
2016-09-16 09:00:00,131.99,transfer,1.0,78.5211,0.0,78.5353,78.5353,78.5211,0.0083,53.5854,119.6197,5148
2016-09-16 10:00:00,134.05,transfer,1.0,78.3548,0.0,83.1707,83.1707,78.3548,0.0065,53.0766,119.0845,5149
2016-09-16 11:00:00,146.27,transfer,1.0,77.7487,0.0,69.8979,69.8979,77.7487,0.0054,52.629,118.6066,5150
2016-09-16 12:00:00,141.1,transfer,1.0,77.3107,0.0,83.6817,83.6817,77.3107,0.0045,52.2027,118.1475,5151
2016-09-16 13:00:00,134.35,transfer,1.0,77.1561,0.0,63.7029,63.7029,77.1561,0.0028,51.8101,117.7211,5152
2016-09-16 14:00:00,139.81,transfer,1.0,77.0697,0.0,60.5964,60.5964,77.0697,0.0021,51.4024,117.2805,5153
2016-09-16 15:00:00,135.21,transfer,1.0,76.7498,0.0,86.2826,86.2826,76.7498,0.002,51.0553,116.903,5154
2016-09-16 16:00:00,121.86,transfer,1.0,76.28,0.0,68.48,68.48,76.28,0.0022,50.6659,116.4815,5155
2016-09-16 17:00:00,111.08,transfer,1.0,75.6039,0.0,78.5051,78.5051,75.6039,0.0021,50.2582,116.0382,5156
2016-09-16 18:00:00,79.87,transfer,1.0,74.5437,0.0,74.2109,74.2109,74.5437,0.0022,50.0652,115.8039,5157
2016-09-16 19:00:00,79.05,transfer,1.0,72.958,0.0,81.4992,81.4992,72.958,0.0029,49.9467,115.6462,5158
2016-09-16 20:00:00,76.54,transfer,1.0,71.1777,0.0,57.7505,57.7505,71.1777,0.0047,49.8689,115.5084,5159
2016-09-16 21:00:00,62.01,transfer,1.0,69.4536,0.0,74.0244,74.0244,69.4536,0.007,49.8943,115.3756,5160
2016-09-16 22:00:00,61.95,transfer,1.0,67.8867,0.0,67.8475,67.8475,67.8867,0.0094,49.8982,115.2299,5161
2016-09-16 23:00:00,63.19,transfer,1.0,66.081,0.0,78.4109,78.4109,66.081,0.0118,49.869,115.0766,5162
2016-09-17 00:00:00,61.1,transfer,1.0,64.7561,0.0,73.6147,73.6147,64.7561,0.0141,49.8657,114.9326,5163
2016-09-17 01:00:00,62.55,transfer,1.0,63.1224,0.0,66.07,66.07,63.1224,0.0154,49.7503,114.705,5164
2016-09-17 02:00:00,61.3,transfer,1.0,61.5442,0.0,53.9934,53.9934,61.5442,0.0156,49.7257,114.564,5165
2016-09-17 03:00:00,63.31,transfer,1.0,60.4998,0.0,66.1535,66.1535,60.4998,0.0156,49.6679,114.3862,5166
2016-09-17 04:00:00,89.13,transfer,1.0,60.0708,0.0,74.918,74.918,60.0708,0.0156,49.5126,114.1081,5167
2016-09-17 05:00:00,94.13,transfer,1.0,60.3052,0.0,64.0745,64.0745,60.3052,0.0135,49.3164,113.7891,5168
2016-09-17 06:00:00,82.85,transfer,1.0,61.3436,0.0,62.964,62.964,61.3436,0.011,49.0935,113.4471,5169
2016-09-17 07:00:00,85.23,transfer,1.0,62.6383,0.0,62.1433,62.1433,62.6383,0.009,48.9323,113.1723,5170
2016-09-17 08:00:00,74.85,transfer,1.0,63.2954,0.0,63.7787,63.7787,63.2954,0.0072,48.6666,112.7958,5171
2016-09-17 09:00:00,77.86,transfer,1.0,62.9813,0.0,62.2349,62.2349,62.9813,0.0058,48.3971,112.4134,5172
2016-09-17 10:00:00,87.99,transfer,1.0,61.5715,0.0,37.8642,37.8642,61.5715,0.0044,48.1376,112.0328,5173
2016-09-17 11:00:00,82.82,transfer,1.0,59.9137,0.0,52.2066,52.2066,59.9137,0.0034,47.816,111.5814,5174
2016-09-17 12:00:00,102.63,transfer,1.0,58.5063,0.0,65.294,65.294,58.5063,0.0024,47.5959,111.231,5175
2016-09-17 13:00:00,98.35,transfer,1.0,56.903,0.0,55.5627,55.5627,56.903,0.0018,47.376,110.8895,5176
2016-09-17 14:00:00,99.76,transfer,1.0,55.8215,0.0,48.2971,48.2971,55.8215,0.0015,47.1562,110.5518,5177
2016-09-17 15:00:00,104.78,transfer,1.0,54.886,0.0,47.289,47.289,54.886,0.0013,46.9547,110.234,5178
2016-09-17 16:00:00,91.62,transfer,1.0,53.9052,0.0,51.0855,51.0855,53.9052,0.0012,46.6644,109.829,5179
2016-09-17 17:00:00,105.51,transfer,1.0,53.0522,0.0,48.5106,48.5106,53.0522,0.0011,46.4175,109.5113,5180
2016-09-17 18:00:00,75.81,transfer,1.0,52.1101,0.0,50.5808,50.5808,52.1101,0.0012,46.2031,109.3891,5181
2016-09-17 19:00:00,74.81,transfer,1.0,51.6127,0.0,45.3845,45.3845,51.6127,0.0024,45.9722,109.2516,5182
2016-09-17 20:00:00,78.55,transfer,1.0,51.1411,0.0,50.5974,50.5974,51.1411,0.0043,45.7586,109.1356,5183
2016-09-17 21:00:00,65.81,transfer,1.0,50.5701,0.0,51.1852,51.1852,50.5701,0.0065,45.5756,109.0534,5184
2016-09-17 22:00:00,64.31,transfer,1.0,50.3259,0.0,52.3348,52.3348,50.3259,0.0091,45.3828,108.9654,5185
2016-09-17 23:00:00,63.95,transfer,1.0,50.0588,0.0,50.2272,50.2272,50.0588,0.0117,45.211,108.9017,5186
2016-09-18 00:00:00,65.64,transfer,1.0,49.8434,0.0,48.6839,48.6839,49.8434,0.0144,45.0068,108.8098,5187
2016-09-18 01:00:00,65.18,transfer,1.0,49.8904,0.0,41.7341,41.7341,49.8904,0.0171,44.7926,108.7074,5188
2016-09-18 02:00:00,64.2,transfer,1.0,50.1654,0.0,47.4335,47.4335,50.1654,0.0196,44.6321,108.596,5189
2016-09-18 03:00:00,65.15,transfer,1.0,50.5123,0.0,51.0602,51.0602,50.5123,0.0223,44.5834,108.5069,5190
2016-09-18 04:00:00,98.43,transfer,1.0,50.7885,0.0,54.0717,54.0717,50.7885,0.396,44.407,108.2748,5191
2016-09-18 05:00:00,107.57,transfer,1.0,51.4947,0.0,53.937,53.937,51.4947,0.3835,44.2342,108.0432,5192
2016-09-18 06:00:00,104.2,transfer,1.0,53.1693,0.0,50.8787,50.8787,53.1693,0.024,44.0912,107.8405,5193
2016-09-18 07:00:00,86.81,transfer,1.0,55.5905,0.0,60.3792,60.3792,55.5905,0.0153,43.9273,107.6173,5194
2016-09-18 08:00:00,89.39,transfer,1.0,57.9911,0.0,48.2472,48.2472,57.9911,0.0118,43.7617,107.395,5195
2016-09-18 09:00:00,98.75,transfer,1.0,59.3506,0.0,64.4985,64.4985,59.3506,0.0086,43.6516,107.2312,5196
2016-09-18 10:00:00,87.57,transfer,1.0,59.9274,0.0,54.7245,54.7245,59.9274,0.0062,43.4898,107.0178,5197
2016-09-18 11:00:00,104.61,transfer,1.0,60.4619,0.0,65.1623,65.1623,60.4619,0.0047,43.4521,106.9336,5198
2016-09-18 12:00:00,112.46,transfer,1.0,60.306,0.0,61.0689,61.0689,60.306,0.0037,43.5203,106.9575,5199
2016-09-18 13:00:00,103.6,transfer,1.0,60.3736,0.0,66.3324,66.3324,60.3736,0.0033,43.4643,106.8649,5200
2016-09-18 14:00:00,121.49,transfer,1.0,60.5508,0.0,54.6362,54.6362,60.5508,0.0027,43.5054,106.8835,5201
2016-09-18 15:00:00,119.66,transfer,1.0,60.3029,0.0,59.4703,59.4703,60.3029,0.0026,43.5417,106.9182,5202
2016-09-18 16:00:00,111.9,transfer,1.0,60.1237,0.0,59.6661,59.6661,60.1237,0.0027,43.4833,106.875,5203
2016-09-18 17:00:00,116.76,transfer,1.0,59.8594,0.0,68.4679,68.4679,59.8594,0.0028,43.4958,106.9159,5204
2016-09-18 18:00:00,89.23,transfer,1.0,59.171,0.0,62.9414,62.9414,59.171,0.003,43.5,106.949,5205
2016-09-18 19:00:00,89.22,transfer,1.0,58.493,0.0,53.1711,53.1711,58.493,0.0039,43.5866,107.059,5206
2016-09-18 20:00:00,76.57,transfer,1.0,57.6153,0.0,48.5793,48.5793,57.6153,0.0058,43.5195,107.0082,5207
2016-09-18 21:00:00,67.97,transfer,1.0,56.6411,0.0,56.7174,56.7174,56.6411,0.0079,43.5219,107.0267,5208
2016-09-18 22:00:00,68.06,transfer,1.0,55.5618,0.0,62.4379,62.4379,55.5618,0.0102,43.5226,107.0433,5209
2016-09-18 23:00:00,65.73,transfer,1.0,54.4335,0.0,59.8797,59.8797,54.4335,0.0123,43.5173,107.0548,5210
2016-09-19 00:00:00,65.24,transfer,1.0,53.6229,0.0,44.9428,44.9428,53.6229,0.0144,43.5107,107.0678,5211
2016-09-19 01:00:00,66.25,transfer,1.0,53.7797,0.0,52.3227,52.3227,53.7797,0.0176,43.5038,107.0827,5212
2016-09-19 02:00:00,66.23,transfer,1.0,54.5992,0.0,52.3561,52.3561,54.5992,0.0213,43.4951,107.1003,5213
2016-09-19 03:00:00,67.24,transfer,1.0,56.0432,0.0,71.5467,71.5467,56.0432,0.0249,43.4942,107.132,5214
2016-09-19 04:00:00,113.73,transfer,1.0,58.1604,0.0,54.8367,54.8367,58.1604,0.1387,43.5794,107.2577,5215
2016-09-19 05:00:00,127.37,transfer,1.0,60.6259,0.0,62.3151,62.3151,60.6259,0.1692,43.6701,107.3951,5216
2016-09-19 06:00:00,147.58,transfer,1.0,64.8222,0.0,64.5093,64.5093,64.8222,0.0246,43.8062,107.5938,5217
2016-09-19 07:00:00,162.0,transfer,1.0,69.5614,0.0,71.7645,71.7645,69.5614,0.0204,44.0016,107.8685,5218
2016-09-19 08:00:00,166.06,transfer,1.0,73.9053,0.0,65.0798,65.0798,73.9053,0.0165,44.0414,108.0003,5219
2016-09-19 09:00:00,177.47,transfer,1.0,77.2915,0.0,72.4755,72.4755,77.2915,0.0124,44.0349,108.095,5220
2016-09-19 10:00:00,178.52,transfer,1.0,79.4527,0.0,84.4072,84.4072,79.4527,0.0089,44.0223,108.1844,5221
2016-09-19 11:00:00,166.56,transfer,1.0,80.6424,0.0,65.2725,65.2725,80.6424,0.0082,43.895,108.165,5222
2016-09-19 12:00:00,156.8,transfer,1.0,81.2809,0.0,85.3858,85.3858,81.2809,0.0085,43.7123,108.1063,5223
2016-09-19 13:00:00,147.06,transfer,1.0,81.579,0.0,93.2138,93.2138,81.579,0.0099,43.4759,107.9991,5224
2016-09-19 14:00:00,159.1,transfer,1.0,81.8737,0.0,95.1971,95.1971,81.8737,0.0088,43.3031,107.9232,5225
2016-09-19 15:00:00,149.4,transfer,1.0,82.0586,0.0,89.1114,89.1114,82.0586,0.0079,43.1397,107.8198,5226
2016-09-19 16:00:00,143.14,transfer,1.0,82.1731,0.0,74.574,74.574,82.1731,0.0069,43.0208,107.7401,5227
2016-09-19 17:00:00,131.62,transfer,1.0,82.1687,0.0,86.7638,86.7638,82.1687,0.006,42.8557,107.6078,5228
2016-09-19 18:00:00,85.85,transfer,1.0,82.0821,0.0,97.8577,97.8577,82.0821,0.0057,42.7854,107.5704,5229
2016-09-19 19:00:00,99.39,transfer,1.0,81.8099,0.0,76.826,76.826,81.8099,0.0063,42.8214,107.6417,5230
2016-09-19 20:00:00,81.2,transfer,1.0,81.2643,0.0,79.6279,79.6279,81.2643,0.008,42.7948,107.6582,5231
2016-09-19 21:00:00,67.89,transfer,1.0,80.7619,0.0,88.5218,88.5218,80.7619,0.0101,42.8448,107.6643,5232
2016-09-19 22:00:00,68.09,transfer,1.0,80.0808,0.0,78.8998,78.8998,80.0808,0.0122,42.9067,107.6731,5233
2016-09-19 23:00:00,68.32,transfer,1.0,79.2221,0.0,87.3275,87.3275,79.2221,0.0144,42.9673,107.6881,5234
2016-09-20 00:00:00,67.67,transfer,1.0,78.4471,0.0,83.8321,83.8321,78.4471,0.0164,43.0137,107.7013,5235
2016-09-20 01:00:00,68.97,transfer,1.0,78.0731,0.0,76.6056,76.6056,78.0731,0.0178,43.0418,107.7242,5236
2016-09-20 02:00:00,65.62,transfer,1.0,77.9865,0.0,84.278,84.278,77.9865,0.019,43.0906,107.735,5237
2016-09-20 03:00:00,66.12,transfer,1.0,78.1894,0.0,84.0617,84.0617,78.1894,0.0202,43.1247,107.7391,5238
2016-09-20 04:00:00,95.1,transfer,1.0,78.5642,0.0,81.8344,81.8344,78.5642,0.0213,42.9621,107.6921,5239
2016-09-20 05:00:00,107.61,transfer,1.0,79.2665,0.0,84.2352,84.2352,79.2665,0.0204,42.8163,107.6594,5240
2016-09-20 06:00:00,128.28,transfer,1.0,80.2231,0.0,84.0784,84.0784,80.2231,0.0187,42.7307,107.6759,5241
2016-09-20 07:00:00,127.74,transfer,1.0,81.039,0.0,74.5991,74.5991,81.039,0.0168,42.6387,107.6735,5242
2016-09-20 08:00:00,144.94,transfer,1.0,81.6186,0.0,67.7529,67.7529,81.6186,0.0151,42.4828,107.5933,5243
2016-09-20 09:00:00,156.24,transfer,1.0,81.8118,0.0,86.2441,86.2441,81.8118,0.0136,42.3408,107.5142,5244
2016-09-20 10:00:00,146.14,transfer,1.0,81.5873,0.0,81.3269,81.3269,81.5873,0.0125,42.0844,107.3069,5245
2016-09-20 11:00:00,160.81,transfer,1.0,81.3507,0.0,77.953,77.953,81.3507,0.0116,41.9952,107.254,5246
2016-09-20 12:00:00,165.14,transfer,1.0,81.3464,0.0,73.3253,73.3253,81.3464,0.0112,41.9136,107.1995,5247
2016-09-20 13:00:00,154.29,transfer,1.0,81.5226,0.0,87.5183,87.5183,81.5226,0.0107,41.7252,107.0335,5248
2016-09-20 14:00:00,155.03,transfer,1.0,81.7234,0.0,93.6005,93.6005,81.7234,0.0104,41.5177,106.8599,5249
2016-09-20 15:00:00,152.01,transfer,1.0,81.9191,0.0,91.8051,91.8051,81.9191,0.0104,41.1532,106.7007,5250
2016-09-20 16:00:00,147.29,transfer,1.0,82.0752,0.0,83.0547,83.0547,82.0752,0.01,40.7505,106.5176,5251
2016-09-20 17:00:00,123.13,transfer,1.0,82.164,0.0,90.0664,90.0664,82.164,0.0095,40.3286,106.3163,5252
2016-09-20 18:00:00,93.86,transfer,1.0,82.1904,0.0,85.8532,85.8532,82.1904,0.0089,40.0321,106.2395,5253
2016-09-20 19:00:00,95.3,transfer,1.0,81.9505,0.0,91.9707,91.9707,81.9505,0.0083,39.7982,106.2224,5254
2016-09-20 20:00:00,77.97,transfer,1.0,81.5489,0.0,74.1758,74.1758,81.5489,0.009,39.5674,106.146,5255
2016-09-20 21:00:00,69.75,transfer,1.0,81.0766,0.0,77.8587,77.8587,81.0766,0.01,39.6245,106.126,5256
2016-09-20 22:00:00,70.2,transfer,1.0,80.4326,0.0,95.0679,95.0679,80.4326,0.0119,39.6735,106.1116,5257
2016-09-20 23:00:00,69.7,transfer,1.0,79.7424,0.0,78.1912,78.1912,79.7424,0.0145,39.7301,106.0976,5258
2016-09-21 00:00:00,68.97,transfer,1.0,79.2078,0.0,73.9595,73.9595,79.2078,0.0173,39.7857,106.0926,5259
2016-09-21 01:00:00,69.16,transfer,1.0,78.8726,0.0,80.0017,80.0017,78.8726,0.0188,39.8435,106.0908,5260
2016-09-21 02:00:00,69.49,transfer,1.0,78.8031,0.0,76.9966,76.9966,78.8031,0.0201,39.8921,106.102,5261
2016-09-21 03:00:00,68.4,transfer,1.0,78.9834,0.0,75.4598,75.4598,78.9834,0.0213,39.9463,106.1082,5262
2016-09-21 04:00:00,101.33,transfer,1.0,79.4186,0.0,81.7477,81.7477,79.4186,0.0227,39.8322,106.0534,5263
2016-09-21 05:00:00,111.1,transfer,1.0,80.0716,0.0,83.8318,83.8318,80.0716,0.0221,39.7221,105.991,5264
2016-09-21 06:00:00,128.19,transfer,1.0,80.9196,0.0,87.3704,87.3704,80.9196,0.0206,39.7001,106.0001,5265
2016-09-21 07:00:00,124.86,transfer,1.0,81.5726,0.0,94.2223,94.2223,81.5726,0.0187,39.6005,105.921,5266
2016-09-21 08:00:00,142.07,transfer,1.0,82.0222,0.0,80.576,80.576,82.0222,0.0166,39.5343,105.8713,5267
2016-09-21 09:00:00,158.93,transfer,1.0,82.251,0.0,80.45,80.45,82.251,0.0144,39.4297,105.7838,5268
2016-09-21 10:00:00,156.98,transfer,1.0,82.3814,0.0,84.9911,84.9911,82.3814,0.0124,39.2496,105.6248,5269
2016-09-21 11:00:00,157.09,transfer,1.0,82.4131,0.0,87.6631,87.6631,82.4131,0.0107,39.0076,105.4051,5270
2016-09-21 12:00:00,162.73,transfer,1.0,82.3137,0.0,77.6377,77.6377,82.3137,0.0093,38.9048,105.3236,5271
2016-09-21 13:00:00,164.58,transfer,1.0,82.1475,0.0,65.0158,65.0158,82.1475,0.0086,38.8038,105.2407,5272
2016-09-21 14:00:00,163.31,transfer,1.0,82.156,0.0,65.5979,65.5979,82.156,0.0083,38.6593,105.1128,5273
2016-09-21 15:00:00,149.72,transfer,1.0,82.2875,0.0,72.9599,72.9599,82.2875,0.008,38.5127,104.9841,5274
2016-09-21 16:00:00,146.2,transfer,1.0,82.3794,0.0,71.6032,71.6032,82.3794,0.0082,38.1426,104.8316,5275
2016-09-21 17:00:00,137.31,transfer,1.0,82.3771,0.0,92.8976,92.8976,82.3771,0.0079,37.7572,104.674,5276
2016-09-21 18:00:00,89.94,transfer,1.0,82.3033,0.0,86.8245,86.8245,82.3033,0.0075,37.4846,104.6304,5277
2016-09-21 19:00:00,83.66,transfer,1.0,82.114,0.0,76.2263,76.2263,82.114,0.0074,37.1594,104.535,5278
2016-09-21 20:00:00,91.24,transfer,1.0,81.7555,0.0,84.2467,84.2467,81.7555,0.0082,36.9341,104.542,5279
2016-09-21 21:00:00,74.24,transfer,1.0,81.2382,0.0,88.7373,88.7373,81.2382,0.0097,36.8444,104.5854,5280
2016-09-21 22:00:00,69.4,transfer,1.0,80.8097,0.0,86.2849,86.2849,80.8097,0.0122,36.8738,104.5988,5281
2016-09-21 23:00:00,66.77,transfer,1.0,80.3701,0.0,69.3934,69.3934,80.3701,0.015,36.9246,104.5922,5282
2016-09-22 00:00:00,69.12,transfer,1.0,79.915,0.0,78.3283,78.3283,79.915,0.0172,36.9687,104.6011,5283
2016-09-22 01:00:00,67.72,transfer,1.0,79.4524,0.0,80.7375,80.7375,79.4524,0.0189,37.0237,104.6057,5284
2016-09-22 02:00:00,66.42,transfer,1.0,79.2489,0.0,92.4711,92.4711,79.2489,0.0208,37.0856,104.6064,5285
2016-09-22 03:00:00,64.83,transfer,1.0,79.3147,0.0,77.3261,77.3261,79.3147,0.0226,37.1625,104.5918,5286
2016-09-22 04:00:00,90.77,transfer,1.0,79.568,0.0,86.644,86.644,79.568,0.0243,37.02,104.5073,5287
2016-09-22 05:00:00,104.59,transfer,1.0,80.0863,0.0,94.0247,94.0247,80.0863,0.0233,36.9066,104.4368,5288
2016-09-22 06:00:00,106.24,transfer,1.0,80.7974,0.0,81.8375,81.8375,80.7974,0.021,36.7883,104.3437,5289
2016-09-22 07:00:00,107.87,transfer,1.0,81.4212,0.0,89.5362,89.5362,81.4212,0.0182,36.6486,104.2195,5290
2016-09-22 08:00:00,136.41,transfer,1.0,81.8008,0.0,86.0483,86.0483,81.8008,0.0149,36.5768,104.1576,5291
2016-09-22 09:00:00,155.5,transfer,1.0,81.9717,0.0,85.1291,85.1291,81.9717,0.0123,36.4889,104.0791,5292
2016-09-22 10:00:00,155.75,transfer,1.0,82.1094,0.0,82.7527,82.7527,82.1094,0.0103,36.4496,104.0505,5293
2016-09-22 11:00:00,165.07,transfer,1.0,82.1958,0.0,76.9149,76.9149,82.1958,0.009,36.4624,104.0763,5294
2016-09-22 12:00:00,169.02,transfer,1.0,82.1723,0.0,78.2323,78.2323,82.1723,0.0085,36.5248,104.1524,5295
2016-09-22 13:00:00,171.52,transfer,1.0,82.1081,0.0,96.8468,96.8468,82.1081,0.0083,36.6631,104.304,5296
2016-09-22 14:00:00,164.58,transfer,1.0,82.1033,0.0,72.6301,72.6301,82.1033,0.0083,36.6954,104.3489,5297
2016-09-22 15:00:00,153.95,transfer,1.0,82.1683,0.0,81.1166,81.1166,82.1683,0.0079,36.7201,104.387,5298
2016-09-22 16:00:00,157.86,transfer,1.0,82.2009,0.0,85.9298,85.9298,82.2009,0.0075,36.8614,104.5443,5299
2016-09-22 17:00:00,147.61,transfer,1.0,82.1826,0.0,91.2611,91.2611,82.1826,0.0077,36.7982,104.6653,5300
2016-09-22 18:00:00,96.42,transfer,1.0,82.1445,0.0,71.9218,71.9218,82.1445,0.0074,36.6518,104.7244,5301
2016-09-22 19:00:00,89.32,transfer,1.0,81.9805,0.0,79.2869,79.2869,81.9805,0.0069,36.503,104.7521,5302
2016-09-22 20:00:00,84.51,transfer,1.0,81.6067,0.0,90.2334,90.2334,81.6067,0.0074,36.4916,104.7801,5303
2016-09-22 21:00:00,65.75,transfer,1.0,81.1075,0.0,72.4866,72.4866,81.1075,0.0089,36.5207,104.7839,5304
2016-09-22 22:00:00,65.52,transfer,1.0,80.4984,0.0,73.3746,73.3746,80.4984,0.011,36.5581,104.7825,5305
2016-09-22 23:00:00,65.77,transfer,1.0,79.6873,0.0,68.1991,68.1991,79.6873,0.0133,36.5958,104.7832,5306
2016-09-23 00:00:00,64.24,transfer,1.0,78.9366,0.0,67.5359,67.5359,78.9366,0.0157,36.6482,104.7688,5307
2016-09-23 01:00:00,64.13,transfer,1.0,78.2593,0.0,73.6215,73.6215,78.2593,0.0176,36.6989,104.7548,5308
2016-09-23 02:00:00,65.4,transfer,1.0,77.7369,0.0,77.9974,77.9974,77.7369,0.0193,36.7324,104.7543,5309
2016-09-23 03:00:00,64.84,transfer,1.0,77.4574,0.0,86.6816,86.6816,77.4574,0.0209,36.7723,104.7442,5310
2016-09-23 04:00:00,96.85,transfer,1.0,77.534,0.0,58.3055,58.3055,77.534,0.0222,36.798,104.7956,5311
2016-09-23 05:00:00,116.99,transfer,1.0,78.0762,0.0,84.6276,84.6276,78.0762,0.0214,36.8811,104.8996,5312
2016-09-23 06:00:00,124.08,transfer,1.0,79.2002,0.0,72.1767,72.1767,79.2002,0.0193,36.9705,105.0078,5313
2016-09-23 07:00:00,110.62,transfer,1.0,80.3237,0.0,84.8889,84.8889,80.3237,0.0168,36.909,104.9645,5314
2016-09-23 08:00:00,138.88,transfer,1.0,81.0893,0.0,68.8573,68.8573,81.0893,0.0141,36.9235,104.9963,5315
2016-09-23 09:00:00,159.18,transfer,1.0,81.4821,0.0,97.1537,97.1537,81.4821,0.0116,37.0677,105.1581,5316
2016-09-23 10:00:00,152.99,transfer,1.0,81.6591,0.0,69.7077,69.7077,81.6591,0.0097,37.1608,105.2708,5317
2016-09-23 11:00:00,168.03,transfer,1.0,81.6445,0.0,69.4346,69.4346,81.6445,0.0086,37.2671,105.4003,5318
2016-09-23 12:00:00,167.36,transfer,1.0,81.5798,0.0,98.0561,98.0561,81.5798,0.008,37.398,105.5566,5319
2016-09-23 13:00:00,167.04,transfer,1.0,81.5786,0.0,101.8421,101.8421,81.5786,0.0075,37.5663,105.7512,5320
2016-09-23 14:00:00,173.11,transfer,1.0,81.643,0.0,55.2131,55.2131,81.643,0.0074,37.7372,105.9494,5321
2016-09-23 15:00:00,159.5,transfer,1.0,81.7453,0.0,82.3088,82.3088,81.7453,0.0072,37.8521,106.0939,5322
2016-09-23 16:00:00,158.54,transfer,1.0,81.8307,0.0,95.7447,95.7447,81.8307,0.007,38.0374,106.3122,5323
2016-09-23 17:00:00,142.94,transfer,1.0,81.8459,0.0,99.4533,99.4533,81.8459,0.0064,38.1899,106.5018,5324
2016-09-23 18:00:00,87.78,transfer,1.0,81.8165,0.0,67.6118,67.6118,81.8165,0.0061,38.1937,106.5489,5325
2016-09-23 19:00:00,94.52,transfer,1.0,81.5973,0.0,64.9976,64.9976,81.5973,0.0056,38.2343,106.641,5326
2016-09-23 20:00:00,90.9,transfer,1.0,81.0352,0.0,71.7726,71.7726,81.0352,0.0064,38.2611,106.7264,5327
2016-09-23 21:00:00,67.68,transfer,1.0,80.3917,0.0,80.9285,80.9285,80.3917,0.0081,38.2925,106.7602,5328
2016-09-23 22:00:00,66.69,transfer,1.0,79.7119,0.0,80.0755,80.0755,79.7119,0.0098,38.3347,106.7884,5329
2016-09-23 23:00:00,65.37,transfer,1.0,78.7306,0.0,79.378,79.378,78.7306,0.0118,38.397,106.8014,5330
2016-09-24 00:00:00,65.9,transfer,1.0,77.7048,0.0,76.3712,76.3712,77.7048,0.0139,38.4455,106.8299,5331
2016-09-24 01:00:00,63.97,transfer,1.0,76.3127,0.0,98.2345,98.2345,76.3127,0.015,38.5155,106.8384,5332
2016-09-24 02:00:00,64.12,transfer,1.0,74.8845,0.0,64.5069,64.5069,74.8845,0.0154,38.5782,106.8552,5333
2016-09-24 03:00:00,64.47,transfer,1.0,73.5837,0.0,83.0907,83.0907,73.5837,0.0155,38.6157,106.8621,5334
2016-09-24 04:00:00,100.76,transfer,1.0,72.6043,0.0,64.7469,64.7469,72.6043,0.0157,38.6103,106.9313,5335
2016-09-24 05:00:00,112.82,transfer,1.0,72.1393,0.0,82.0864,82.0864,72.1393,0.0147,38.6511,107.0426,5336
2016-09-24 06:00:00,105.65,transfer,1.0,72.6425,0.0,75.7333,75.7333,72.6425,0.0132,38.7196,107.1783,5337
2016-09-24 07:00:00,91.33,transfer,1.0,73.3709,0.0,82.2272,82.2272,73.3709,0.0115,38.692,107.2146,5338
2016-09-24 08:00:00,88.21,transfer,1.0,73.3978,0.0,79.0363,79.0363,73.3978,0.01,38.7114,107.2941,5339
2016-09-24 09:00:00,106.5,transfer,1.0,72.4549,0.0,76.342,76.342,72.4549,0.0084,38.8255,107.4645,5340
2016-09-24 10:00:00,91.68,transfer,1.0,69.9725,0.0,72.662,72.662,69.9725,0.0072,38.7974,107.4865,5341
2016-09-24 11:00:00,97.37,transfer,1.0,67.1251,0.0,51.8656,51.8656,67.1251,0.0062,38.8411,107.5731,5342
2016-09-24 12:00:00,93.96,transfer,1.0,64.6079,0.0,58.2638,58.2638,64.6079,0.0059,38.7532,107.5214,5343
2016-09-24 13:00:00,81.9,transfer,1.0,62.1231,0.0,57.5235,57.5235,62.1231,0.0055,38.6242,107.4235,5344
2016-09-24 14:00:00,94.36,transfer,1.0,59.8207,0.0,50.078,50.078,59.8207,0.0052,38.5683,107.3913,5345
2016-09-24 15:00:00,82.4,transfer,1.0,57.0068,0.0,58.6989,58.6989,57.0068,0.0049,38.4224,107.2581,5346
2016-09-24 16:00:00,85.35,transfer,1.0,54.2273,0.0,49.0133,49.0133,54.2273,0.0049,38.3832,107.2207,5347
2016-09-24 17:00:00,88.04,transfer,1.0,50.9141,0.0,50.9489,50.9489,50.9141,0.0048,38.2919,107.1167,5348
2016-09-24 18:00:00,64.39,transfer,1.0,49.213,0.0,39.9623,39.9623,49.213,0.0047,38.2412,107.0487,5349
2016-09-24 19:00:00,77.28,transfer,1.0,48.7836,0.0,49.9065,49.9065,48.7836,0.0052,38.2727,107.0634,5350
2016-09-24 20:00:00,71.22,transfer,1.0,48.9525,0.0,49.1272,49.1272,48.9525,0.007,38.2421,107.0198,5351
2016-09-24 21:00:00,60.72,transfer,1.0,49.0641,0.0,45.7201,45.7201,49.0641,0.0092,38.2208,106.9895,5352
2016-09-24 22:00:00,64.28,transfer,1.0,49.026,0.0,37.2711,37.2711,49.026,0.012,38.2284,106.9893,5353
2016-09-24 23:00:00,60.96,transfer,1.0,48.8584,0.0,54.3197,54.3197,48.8584,0.0156,38.2177,106.9714,5354
2016-09-25 00:00:00,60.45,transfer,1.0,48.8388,0.0,43.9598,43.9598,48.8388,0.0199,38.1928,106.9405,5355
2016-09-25 01:00:00,61.63,transfer,1.0,49.0557,0.0,56.7888,56.7888,49.0557,0.0775,38.1766,106.919,5356
2016-09-25 02:00:00,61.99,transfer,1.0,49.4422,0.0,48.6485,48.6485,49.4422,0.8424,38.1678,106.901,5357
2016-09-25 03:00:00,62.18,transfer,1.0,49.9464,0.0,65.0473,65.0473,49.9464,1.8637,38.1535,106.8723,5358
2016-09-25 04:00:00,67.49,transfer,1.0,50.8337,0.0,57.6952,57.6952,50.8337,3.3865,37.969,106.6704,5359
2016-09-25 05:00:00,70.47,transfer,1.0,51.9815,0.0,46.5447,46.5447,51.9815,3.9582,37.7453,106.4283,5360
2016-09-25 06:00:00,69.16,transfer,1.0,52.8697,0.0,60.3862,60.3862,52.8697,4.038,37.5385,106.1958,5361
2016-09-25 07:00:00,61.47,transfer,1.0,53.5524,0.0,43.0345,43.0345,53.5524,3.5475,37.3998,106.0239,5362
2016-09-25 08:00:00,69.04,transfer,1.0,54.2047,0.0,57.7883,57.7883,54.2047,2.9204,37.3012,105.8855,5363
2016-09-25 09:00:00,67.67,transfer,1.0,54.1484,0.0,48.8711,48.8711,54.1484,1.9187,37.1472,105.6891,5364
2016-09-25 10:00:00,68.62,transfer,1.0,53.6516,0.0,55.144,55.144,53.6516,0.7249,37.0717,105.5721,5365
2016-09-25 11:00:00,68.48,transfer,1.0,52.9133,0.0,51.4082,51.4082,52.9133,0.0171,36.9016,105.3569,5366
2016-09-25 12:00:00,75.08,transfer,1.0,52.1626,0.0,50.2146,50.2146,52.1626,0.0131,36.7276,105.1344,5367
2016-09-25 13:00:00,76.84,transfer,1.0,51.3731,0.0,55.2607,55.2607,51.3731,0.0107,36.6219,104.975,5368
2016-09-25 14:00:00,71.48,transfer,1.0,50.7009,0.0,57.3235,57.3235,50.7009,0.0085,36.3828,104.6773,5369
2016-09-25 15:00:00,84.12,transfer,1.0,50.0402,0.0,54.7204,54.7204,50.0402,0.0072,36.2324,104.4657,5370
2016-09-25 16:00:00,79.74,transfer,1.0,49.2895,0.0,45.4361,45.4361,49.2895,0.0064,36.1054,104.2743,5371
2016-09-25 17:00:00,81.65,transfer,1.0,48.7559,0.0,53.6346,53.6346,48.7559,0.0072,35.9625,104.0653,5372
2016-09-25 18:00:00,67.89,transfer,1.0,48.2681,0.0,45.5307,45.5307,48.2681,78.6986,35.9004,103.5985,5373
2016-09-25 19:00:00,65.71,transfer,1.0,47.9583,0.0,43.6247,43.6247,47.9583,88.059,35.8232,103.2005,5374
2016-09-25 20:00:00,68.94,transfer,1.0,47.8675,0.0,48.5542,48.5542,47.8675,88.9754,35.8358,102.864,5375
2016-09-25 21:00:00,61.35,transfer,1.0,47.8548,0.0,47.1629,47.1629,47.8548,89.8987,35.8487,102.6294,5376
2016-09-25 22:00:00,61.26,transfer,1.0,48.106,0.0,49.9331,49.9331,48.106,90.0196,35.8526,102.3955,5377
2016-09-25 23:00:00,60.51,transfer,1.0,48.4313,0.0,58.966,58.966,48.4313,10.8402,35.8572,102.3,5378
2016-09-26 00:00:00,61.29,transfer,1.0,48.9745,0.0,40.6136,40.6136,48.9745,4.2852,35.8614,102.2511,5379
2016-09-26 01:00:00,61.4,transfer,1.0,50.3146,0.0,44.6591,44.6591,50.3146,9.2233,35.8531,102.1674,5380
2016-09-26 02:00:00,60.58,transfer,1.0,52.3585,0.0,50.9717,50.9717,52.3585,17.4786,35.8329,102.0299,5381
2016-09-26 03:00:00,61.2,transfer,1.0,55.0871,0.0,56.3181,56.3181,55.0871,31.654,35.8026,101.8056,5382
2016-09-26 04:00:00,73.85,transfer,1.0,58.2411,0.0,62.5731,62.5731,58.2411,52.644,35.5647,101.2557,5383
2016-09-26 05:00:00,89.61,transfer,1.0,61.7701,0.0,60.4557,60.4557,61.7701,72.2049,35.3332,100.6022,5384
2016-09-26 06:00:00,95.83,transfer,1.0,65.4307,0.0,62.9741,62.9741,65.4307,83.5486,35.0215,99.797,5385
2016-09-26 07:00:00,105.31,transfer,1.0,69.3426,0.0,64.6671,64.6671,69.3426,88.4203,34.6854,98.9334,5386
2016-09-26 08:00:00,126.15,transfer,1.0,72.9287,0.0,85.047,85.047,72.9287,90.1592,34.4536,98.1592,5387
2016-09-26 09:00:00,128.36,transfer,1.0,75.7569,0.0,73.1115,73.1115,75.7569,90.6958,34.1704,97.3271,5388
2016-09-26 10:00:00,124.05,transfer,1.0,77.8968,0.0,83.5127,83.5127,77.8968,90.7524,33.8555,96.4628,5389
2016-09-26 11:00:00,138.04,transfer,1.0,79.3029,0.0,66.0763,66.0763,79.3029,90.7291,33.6937,95.753,5390
2016-09-26 12:00:00,123.66,transfer,1.0,80.1794,0.0,85.6135,85.6135,80.1794,90.6598,33.503,95.0161,5391
2016-09-26 13:00:00,127.79,transfer,1.0,80.7967,0.0,79.7868,79.7868,80.7967,90.6046,33.3929,94.3622,5392
2016-09-26 14:00:00,124.69,transfer,1.0,81.0328,0.0,56.944,56.944,81.0328,90.5901,33.1931,93.6182,5393
2016-09-26 15:00:00,108.61,transfer,1.0,81.0787,0.0,73.7728,73.7728,81.0787,90.5694,32.9561,92.8363,5394
2016-09-26 16:00:00,106.51,transfer,1.0,80.9265,0.0,76.6406,76.6406,80.9265,90.5722,32.7455,92.0792,5395
2016-09-26 17:00:00,92.27,transfer,1.0,80.4204,0.0,77.4626,77.4626,80.4204,90.6017,32.5217,91.3057,5396
2016-09-26 18:00:00,85.34,transfer,1.0,79.6021,0.0,73.1742,73.1742,79.6021,90.7391,32.5334,90.8269,5397
2016-09-26 19:00:00,75.91,transfer,1.0,78.353,0.0,78.2596,78.2596,78.353,90.8305,32.4433,90.3241,5398
2016-09-26 20:00:00,76.95,transfer,1.0,77.2852,0.0,71.996,71.996,77.2852,90.8589,32.4449,89.9236,5399
2016-09-26 21:00:00,61.73,transfer,1.0,76.0299,0.0,67.1463,67.1463,76.0299,90.8926,32.4534,89.6932,5400
2016-09-26 22:00:00,59.11,transfer,1.0,74.0895,0.0,72.2735,72.2735,74.0895,91.1414,32.4712,89.4786,5401
2016-09-26 23:00:00,58.49,transfer,1.0,72.4116,0.0,66.0231,66.0231,72.4116,91.2046,32.4892,89.2668,5402
2016-09-27 00:00:00,60.35,transfer,1.0,70.868,0.0,70.1877,70.1877,70.868,91.3324,32.4877,89.0485,5403
2016-09-27 01:00:00,59.26,transfer,1.0,69.8399,0.0,61.3516,61.3516,69.8399,91.3867,32.4965,88.8293,5404
2016-09-27 02:00:00,60.25,transfer,1.0,69.4695,0.0,69.2161,69.2161,69.4695,91.4188,32.4777,88.6243,5405
2016-09-27 03:00:00,60.83,transfer,1.0,68.8305,0.0,69.6656,69.6656,68.8305,8.1989,32.4535,88.5442,5406
2016-09-27 04:00:00,74.28,transfer,1.0,67.8504,0.0,72.3098,72.3098,67.8504,9.7384,32.3933,88.3624,5407
2016-09-27 05:00:00,78.95,transfer,1.0,68.1562,0.0,60.5546,60.5546,68.1562,11.5713,32.2889,88.123,5408
2016-09-27 06:00:00,92.82,transfer,1.0,69.56,0.0,73.8709,73.8709,69.56,12.5752,32.1413,87.8372,5409
2016-09-27 07:00:00,103.33,transfer,1.0,71.766,0.0,68.3927,68.3927,71.766,12.6578,32.0512,87.6167,5410
2016-09-27 08:00:00,122.76,transfer,1.0,74.262,0.0,79.2534,79.2534,74.262,12.7717,31.9629,87.4087,5411
2016-09-27 09:00:00,127.99,transfer,1.0,76.4646,0.0,57.7925,57.7925,76.4646,13.2825,31.8266,87.1616,5412
2016-09-27 10:00:00,122.05,transfer,1.0,78.2723,0.0,74.7635,74.7635,78.2723,14.6258,31.703,86.9312,5413
2016-09-27 11:00:00,129.28,transfer,1.0,79.5898,0.0,76.1046,76.1046,79.5898,17.1075,31.5258,86.6418,5414
2016-09-27 12:00:00,124.97,transfer,1.0,80.4347,0.0,85.83,85.83,80.4347,22.8412,31.2921,86.2668,5415
2016-09-27 13:00:00,125.85,transfer,1.0,80.9987,0.0,75.9824,75.9824,80.9987,35.7804,31.1259,85.8846,5416
2016-09-27 14:00:00,129.34,transfer,1.0,81.2991,0.0,80.7432,80.7432,81.2991,59.4656,30.9755,85.3778,5417
2016-09-27 15:00:00,126.67,transfer,1.0,81.4235,0.0,84.5731,84.5731,81.4235,83.2484,30.8276,84.7315,5418
2016-09-27 16:00:00,126.56,transfer,1.0,81.3887,0.0,80.5161,80.5161,81.3887,89.0651,30.7083,84.078,5419
2016-09-27 17:00:00,119.15,transfer,1.0,81.2242,0.0,76.8003,76.8003,81.2242,90.2213,30.6902,83.5173,5420
2016-09-27 18:00:00,83.97,transfer,1.0,80.9139,0.0,79.5686,79.5686,80.9139,90.4903,30.639,82.9975,5421
2016-09-27 19:00:00,80.64,transfer,1.0,80.4445,0.0,66.5849,66.5849,80.4445,90.6177,30.5607,82.4897,5422
2016-09-27 20:00:00,79.21,transfer,1.0,79.6115,0.0,79.0313,79.0313,79.6115,90.7087,30.5418,82.0941,5423
2016-09-27 21:00:00,61.59,transfer,1.0,78.4901,0.0,67.5933,67.5933,78.4901,90.7994,30.5749,81.8528,5424
2016-09-27 22:00:00,61.01,transfer,1.0,77.3012,0.0,77.702,77.702,77.3012,90.9489,30.611,81.6132,5425
2016-09-27 23:00:00,58.7,transfer,1.0,75.7247,0.0,62.3705,62.3705,75.7247,91.0268,30.6526,81.3909,5426
2016-09-28 00:00:00,59.18,transfer,1.0,74.0919,0.0,56.0904,56.0904,74.0919,90.7143,30.6804,81.1681,5427
2016-09-28 01:00:00,58.35,transfer,1.0,72.7133,0.0,69.6313,69.6313,72.7133,11.1398,30.7081,81.0376,5428
2016-09-28 02:00:00,59.94,transfer,1.0,71.6661,0.0,75.5477,75.5477,71.6661,6.5453,30.7224,80.9419,5429
2016-09-28 03:00:00,61.93,transfer,1.0,71.1203,0.0,74.4541,74.4541,71.1203,8.9132,30.7141,80.8505,5430
2016-09-28 04:00:00,84.32,transfer,1.0,71.4286,0.0,70.7945,70.7945,71.4286,12.7645,30.6604,80.6734,5431
2016-09-28 05:00:00,90.94,transfer,1.0,72.5464,0.0,71.2108,71.2108,72.5464,17.2405,30.5852,80.4509,5432
2016-09-28 06:00:00,96.74,transfer,1.0,74.4886,0.0,68.0143,68.0143,74.4886,22.5398,30.4363,80.1296,5433
2016-09-28 07:00:00,114.79,transfer,1.0,76.2862,0.0,66.0652,66.0652,76.2862,29.8584,30.4078,79.8921,5434
2016-09-28 08:00:00,130.89,transfer,1.0,77.4352,0.0,75.6003,75.6003,77.4352,38.1599,30.3686,79.5985,5435
2016-09-28 09:00:00,123.71,transfer,1.0,78.4165,0.0,60.6051,60.6051,78.4165,48.8104,30.1818,79.0984,5436
2016-09-28 10:00:00,121.31,transfer,1.0,79.1558,0.0,78.5055,78.5055,79.1558,59.4846,29.9887,78.5321,5437
2016-09-28 11:00:00,128.43,transfer,1.0,79.7645,0.0,83.5924,83.5924,79.7645,69.1488,29.8338,77.9499,5438
2016-09-28 12:00:00,125.36,transfer,1.0,80.2785,0.0,71.7753,71.7753,80.2785,78.0502,29.6235,77.263,5439
2016-09-28 13:00:00,120.21,transfer,1.0,80.6487,0.0,76.0882,76.0882,80.6487,83.6303,29.3683,76.5011,5440
2016-09-28 14:00:00,132.73,transfer,1.0,80.7733,0.0,73.4914,73.4914,80.7733,87.0071,29.1945,75.8012,5441
2016-09-28 15:00:00,106.92,transfer,1.0,80.7228,0.0,81.5872,81.5872,80.7228,88.854,28.9491,75.0176,5442
2016-09-28 16:00:00,108.09,transfer,1.0,80.6845,0.0,78.7763,78.7763,80.6845,89.713,28.7323,74.2568,5443
2016-09-28 17:00:00,104.13,transfer,1.0,80.2551,0.0,84.0057,84.0057,80.2551,90.1655,28.5474,73.5227,5444
2016-09-28 18:00:00,75.66,transfer,1.0,79.5219,0.0,90.2554,90.2554,79.5219,90.3651,28.525,73.0749,5445
2016-09-28 19:00:00,82.49,transfer,1.0,78.5203,0.0,81.2108,81.2108,78.5203,90.4424,28.5394,72.6243,5446
2016-09-28 20:00:00,73.13,transfer,1.0,77.386,0.0,71.8421,71.8421,77.386,90.5445,28.5083,72.1849,5447
2016-09-28 21:00:00,63.95,transfer,1.0,76.4016,0.0,72.1699,72.1699,76.4016,90.6183,28.5407,71.9018,5448
2016-09-28 22:00:00,62.51,transfer,1.0,74.4998,0.0,65.9911,65.9911,74.4998,90.9594,28.5442,71.6581,5449
2016-09-28 23:00:00,62.36,transfer,1.0,73.0019,0.0,70.1522,70.1522,73.0019,91.0114,28.5266,71.4313,5450
2016-09-29 00:00:00,63.34,transfer,1.0,71.9151,0.0,68.1118,68.1118,71.9151,91.1377,28.5134,71.1854,5451
2016-09-29 01:00:00,61.55,transfer,1.0,71.3423,0.0,72.7673,72.7673,71.3423,91.1822,28.5018,70.9588,5452
2016-09-29 02:00:00,61.49,transfer,1.0,70.5862,0.0,78.9344,78.9344,70.5862,90.8773,28.4796,70.7385,5453
2016-09-29 03:00:00,61.81,transfer,1.0,70.2282,0.0,78.4819,78.4819,70.2282,11.8046,28.4435,70.6504,5454
2016-09-29 04:00:00,80.11,transfer,1.0,68.9338,0.0,71.6168,71.6168,68.9338,10.6254,28.4433,70.5239,5455
2016-09-29 05:00:00,85.41,transfer,1.0,68.5447,0.0,71.7214,71.7214,68.5447,13.1916,28.3979,70.3313,5456
2016-09-29 06:00:00,91.48,transfer,1.0,70.4639,0.0,54.9934,54.9934,70.4639,16.223,28.3715,70.147,5457
2016-09-29 07:00:00,104.16,transfer,1.0,72.8185,0.0,69.027,69.027,72.8185,19.6432,28.4007,70.0081,5458
2016-09-29 08:00:00,122.62,transfer,1.0,74.8367,0.0,77.763,77.763,74.8367,24.1051,28.36,69.7826,5459
2016-09-29 09:00:00,125.71,transfer,1.0,76.8689,0.0,72.5503,72.5503,76.8689,28.7113,28.2131,69.4345,5460
2016-09-29 10:00:00,128.77,transfer,1.0,78.4981,0.0,89.3689,89.3689,78.4981,33.7332,28.074,69.0732,5461
2016-09-29 11:00:00,139.29,transfer,1.0,79.7119,0.0,85.6348,85.6348,79.7119,42.1899,27.9353,68.6686,5462
2016-09-29 12:00:00,123.11,transfer,1.0,80.5873,0.0,82.7271,82.7271,80.5873,51.4623,27.6715,68.0891,5463
2016-09-29 13:00:00,124.62,transfer,1.0,81.1843,0.0,78.4618,78.4618,81.1843,67.914,27.3978,67.4057,5464
2016-09-29 14:00:00,126.92,transfer,1.0,81.4451,0.0,86.3157,86.3157,81.4451,77.7119,27.1776,66.719,5465
2016-09-29 15:00:00,116.47,transfer,1.0,81.4965,0.0,88.204,88.204,81.4965,84.8144,26.9585,65.9911,5466
2016-09-29 16:00:00,105.9,transfer,1.0,81.4053,0.0,89.8707,89.8707,81.4053,88.3254,26.6539,65.1562,5467
2016-09-29 17:00:00,88.87,transfer,1.0,81.1594,0.0,97.4714,97.4714,81.1594,89.5846,26.3104,64.2818,5468
2016-09-29 18:00:00,75.2,transfer,1.0,80.6517,0.0,83.0968,83.0968,80.6517,90.0389,26.2578,63.7963,5469
2016-09-29 19:00:00,72.59,transfer,1.0,79.6857,0.0,83.6866,83.6866,79.6857,90.1891,26.2564,63.3694,5470
2016-09-29 20:00:00,65.74,transfer,1.0,78.5526,0.0,78.3144,78.3144,78.5526,90.5044,26.3154,63.0138,5471
2016-09-29 21:00:00,59.64,transfer,1.0,77.3735,0.0,71.2306,71.2306,77.3735,90.716,26.3295,62.8075,5472
2016-09-29 22:00:00,60.22,transfer,1.0,76.1115,0.0,70.5505,70.5505,76.1115,90.9977,26.3349,62.6007,5473
2016-09-29 23:00:00,60.26,transfer,1.0,74.65,0.0,71.5137,71.5137,74.65,91.2286,26.3378,62.3937,5474
2016-09-30 00:00:00,58.85,transfer,1.0,73.8743,0.0,75.2177,75.2177,73.8743,91.3547,26.3397,62.2049,5475
2016-09-30 01:00:00,59.3,transfer,1.0,73.4778,0.0,66.9565,66.9565,73.4778,88.7649,26.34,61.9986,5476
2016-09-30 02:00:00,59.29,transfer,1.0,73.5989,0.0,81.2248,81.2248,73.5989,25.9077,26.3517,61.8082,5477
2016-09-30 03:00:00,59.56,transfer,1.0,73.9289,0.0,66.9442,66.9442,73.9289,26.0565,26.3622,61.6218,5478
2016-09-30 04:00:00,64.1,transfer,1.0,75.2475,0.0,66.3142,66.3142,75.2475,38.1403,26.3135,61.1999,5479
2016-09-30 05:00:00,75.72,transfer,1.0,76.8261,0.0,85.8158,85.8158,76.8261,55.4273,26.0885,60.6245,5480
2016-09-30 06:00:00,68.3,transfer,1.0,78.2044,0.0,80.9985,80.9985,78.2044,70.5182,25.8803,59.8992,5481
2016-09-30 07:00:00,62.57,transfer,1.0,79.5639,0.0,88.8054,88.8054,79.5639,81.9378,25.8011,59.3561,5482
2016-09-30 08:00:00,65.08,transfer,1.0,80.4184,0.0,78.9955,78.9955,80.4184,87.1704,25.5484,58.6611,5483
2016-09-30 09:00:00,71.49,transfer,1.0,80.7094,0.0,82.6883,82.6883,80.7094,89.4185,25.1408,57.8203,5484
2016-09-30 10:00:00,73.97,transfer,1.0,80.6105,0.0,85.9833,85.9833,80.6105,90.1975,24.7558,57.0063,5485
2016-09-30 11:00:00,76.33,transfer,1.0,80.3512,0.0,95.1457,95.1457,80.3512,90.4605,24.2655,56.0903,5486
2016-09-30 12:00:00,79.42,transfer,1.0,79.896,0.0,77.1051,77.1051,79.896,90.5532,23.7577,55.1604,5487
2016-09-30 13:00:00,83.1,transfer,1.0,79.1845,0.0,90.4316,90.4316,79.1845,90.5537,23.2723,54.2106,5488
2016-09-30 14:00:00,83.09,transfer,1.0,78.2956,0.0,84.7473,84.7473,78.2956,90.6478,22.7564,53.2252,5489
2016-09-30 15:00:00,78.2,transfer,1.0,77.1002,0.0,79.8793,79.8793,77.1002,90.719,22.3002,52.3503,5490
2016-09-30 16:00:00,76.56,transfer,1.0,75.5051,0.0,82.9709,82.9709,75.5051,90.8395,21.8498,51.4917,5491
2016-09-30 17:00:00,64.03,transfer,1.0,73.2768,0.0,68.0848,68.0848,73.2768,90.9705,21.5412,50.8013,5492
2016-09-30 18:00:00,61.61,transfer,1.0,70.6739,0.0,64.1113,64.1113,70.6739,91.2195,21.5597,50.455,5493
2016-09-30 19:00:00,66.14,transfer,1.0,67.7894,0.0,71.1461,71.1461,67.7894,91.581,21.4926,50.0439,5494
2016-09-30 20:00:00,64.14,transfer,1.0,65.6443,0.0,64.6727,64.6727,65.6443,91.841,21.4428,49.6677,5495
2016-09-30 21:00:00,57.98,transfer,1.0,64.3952,0.0,52.3278,52.3278,64.3952,92.1429,21.4053,49.4683,5496
2016-09-30 22:00:00,58.7,transfer,1.0,63.5742,0.0,69.8115,69.8115,63.5742,92.356,21.3568,49.2717,5497
2016-09-30 23:00:00,58.56,transfer,1.0,63.1483,0.0,73.3886,73.3886,63.1483,92.7148,21.3046,49.086,5498
2016-10-01 00:00:00,59.37,transfer,1.0,63.199,0.0,62.4376,62.4376,63.199,93.0358,21.2571,48.8942,5499
2016-10-01 01:00:00,56.98,transfer,1.0,62.9653,0.0,72.0882,72.0882,62.9653,93.3523,21.2193,48.73,5500
2016-10-01 02:00:00,57.6,transfer,1.0,62.094,0.0,63.5247,63.5247,62.094,93.562,21.182,48.5625,5501
2016-10-01 03:00:00,57.38,transfer,1.0,62.6072,0.0,73.4944,73.4944,62.6072,93.8475,21.1588,48.3959,5502
2016-10-01 04:00:00,61.87,transfer,1.0,63.6691,0.0,47.8719,47.8719,63.6691,93.8679,21.0019,47.9867,5503
2016-10-01 05:00:00,75.42,transfer,1.0,64.8472,0.0,60.4777,60.4777,64.8472,94.1069,20.8227,47.4265,5504
2016-10-01 06:00:00,65.87,transfer,1.0,66.4179,0.0,61.7954,61.7954,66.4179,94.2368,20.6295,46.9665,5505
2016-10-01 07:00:00,64.33,transfer,1.0,68.4424,0.0,80.4813,80.4813,68.4424,94.2856,20.5471,46.6013,5506
2016-10-01 08:00:00,11.1,transfer,1.0,70.0841,0.0,58.9708,58.9708,70.0841,94.304,20.81,46.5715,5507
2016-10-01 09:00:00,28.479999999999997,transfer,1.0,67.6887,0.0,80.8144,80.8144,67.6887,94.3057,20.8408,46.3295,5508
2016-10-01 10:00:00,45.86,transfer,1.0,61.0844,0.0,66.1622,66.1622,61.0844,94.1677,20.8022,46.0714,5509
2016-10-01 11:00:00,73.82,transfer,1.0,55.8239,0.0,49.0591,49.0591,55.8239,94.2089,20.7293,45.6132,5510
2016-10-01 12:00:00,71.02,transfer,1.0,52.0384,0.0,54.0035,54.0035,52.0384,94.2314,20.6675,45.1921,5511
2016-10-01 13:00:00,70.32,transfer,1.0,49.664,0.0,47.0074,47.0074,49.664,94.2451,20.6728,44.847,5512
2016-10-01 14:00:00,69.99,transfer,1.0,47.9775,0.0,47.3715,47.3715,47.9775,94.2573,20.5982,44.4298,5513
2016-10-01 15:00:00,69.42,transfer,1.0,46.4463,0.0,52.8049,52.8049,46.4463,94.2646,20.5838,44.0873,5514
2016-10-01 16:00:00,68.13,transfer,1.0,45.1453,0.0,48.4027,48.4027,45.1453,94.2702,20.5354,43.7349,5515
2016-10-01 17:00:00,66.07,transfer,1.0,44.0357,0.0,47.8386,47.8386,44.0357,94.2779,20.4455,43.3787,5516
2016-10-01 18:00:00,66.05,transfer,1.0,43.0597,0.0,43.3609,43.3609,43.0597,94.2836,20.492,43.1636,5517
2016-10-01 19:00:00,71.68,transfer,1.0,42.3028,0.0,44.1243,44.1243,42.3028,94.2881,20.4973,42.8382,5518
2016-10-01 20:00:00,63.53,transfer,1.0,42.02,0.0,48.0225,48.0225,42.02,94.2897,20.4928,42.5974,5519
2016-10-01 21:00:00,48.09,transfer,1.0,41.9681,0.0,37.1831,37.1831,41.9681,94.2778,20.4598,42.5109,5520
2016-10-01 22:00:00,49.22,transfer,1.0,42.0685,0.0,45.5923,45.5923,42.0685,92.1622,20.4116,42.384,5521
2016-10-01 23:00:00,49.12,transfer,1.0,42.0668,0.0,47.6161,47.6161,42.0668,90.9025,20.3816,42.2699,5522
2016-10-02 00:00:00,47.61,transfer,1.0,42.1126,0.0,46.7186,46.7186,42.1126,90.8728,20.3452,42.1677,5523
2016-10-02 01:00:00,48.19,transfer,1.0,42.2624,0.0,41.7743,41.7743,42.2624,90.9633,20.3056,42.056,5524
2016-10-02 02:00:00,66.82,transfer,1.0,42.5362,0.0,47.5708,47.5708,42.5362,91.0765,20.3755,41.8364,5525
2016-10-02 03:00:00,62.44,transfer,1.0,42.6318,0.0,39.9588,39.9588,42.6318,91.144,20.4205,41.6482,5526
2016-10-02 04:00:00,70.0,transfer,1.0,42.8976,0.0,35.8153,35.8153,42.8976,88.8115,20.4827,41.3786,5527
2016-10-02 05:00:00,66.18,transfer,1.0,43.7627,0.0,50.7275,50.7275,43.7627,4.502,20.5061,41.3498,5528
2016-10-02 06:00:00,66.76,transfer,1.0,45.2278,0.0,50.4624,50.4624,45.2278,4.1022,20.5373,41.3352,5529
2016-10-02 07:00:00,57.04,transfer,1.0,47.0419,0.0,48.8013,48.8013,47.0419,3.8583,20.5497,41.3069,5530
2016-10-02 08:00:00,56.37,transfer,1.0,49.0499,0.0,56.7485,56.7485,49.0499,3.4379,20.505,41.2284,5531
2016-10-02 09:00:00,58.47,transfer,1.0,50.6478,0.0,58.1626,58.1626,50.6478,2.8742,20.471,41.168,5532
2016-10-02 10:00:00,59.44,transfer,1.0,52.9234,0.0,62.2536,62.2536,52.9234,2.4093,20.4207,41.1033,5533
2016-10-02 11:00:00,58.82,transfer,1.0,54.646,0.0,54.5002,54.5002,54.646,2.0543,20.3529,41.0337,5534
2016-10-02 12:00:00,59.23,transfer,1.0,55.7208,0.0,55.3395,55.3395,55.7208,1.6131,20.2374,40.9298,5535
2016-10-02 13:00:00,58.32,transfer,1.0,56.049,0.0,60.5063,60.5063,56.049,1.2867,20.0993,40.812,5536
2016-10-02 14:00:00,62.63,transfer,1.0,55.7195,0.0,69.695,69.695,55.7195,1.0544,20.0168,40.7531,5537
2016-10-02 15:00:00,64.61,transfer,1.0,54.8708,0.0,53.3096,53.3096,54.8708,1.0019,19.8719,40.631,5538
2016-10-02 16:00:00,66.46,transfer,1.0,53.753,0.0,52.095,52.095,53.753,1.4276,19.7663,40.5435,5539
2016-10-02 17:00:00,64.07,transfer,1.0,52.6706,0.0,45.2394,45.2394,52.6706,3.8974,19.6383,40.4157,5540
2016-10-02 18:00:00,43.81,transfer,1.0,51.6294,0.0,54.4285,54.4285,51.6294,71.318,19.5681,40.5151,5541
2016-10-02 19:00:00,48.0,transfer,1.0,50.5573,0.0,50.8949,50.8949,50.5573,87.1295,19.4776,40.615,5542
2016-10-02 20:00:00,47.86,transfer,1.0,49.6526,0.0,56.4581,56.4581,49.6526,88.3513,19.3629,40.7368,5543
2016-10-02 21:00:00,46.44,transfer,1.0,48.9034,0.0,56.0277,56.0277,48.9034,89.6353,19.2972,40.824,5544
2016-10-02 22:00:00,47.25,transfer,1.0,48.5691,0.0,54.0081,54.0081,48.5691,85.225,19.2267,40.8788,5545
2016-10-02 23:00:00,47.52,transfer,1.0,48.5963,0.0,47.9926,47.9926,48.5963,38.6047,19.1613,40.6362,5546
2016-10-03 00:00:00,47.17,transfer,1.0,48.9168,0.0,52.2632,52.2632,48.9168,29.2111,19.0983,40.4038,5547
2016-10-03 01:00:00,46.41,transfer,1.0,50.145,0.0,49.6237,49.6237,50.145,42.8586,19.0546,40.1144,5548
2016-10-03 02:00:00,64.63,transfer,1.0,52.1111,0.0,53.8078,53.8078,52.1111,64.3535,19.0802,39.8595,5549
2016-10-03 03:00:00,67.81,transfer,1.0,54.7289,0.0,63.6227,63.6227,54.7289,82.4199,19.1217,39.7706,5550
2016-10-03 04:00:00,86.28,transfer,1.0,58.618,0.0,57.3598,57.3598,58.618,90.512,19.1934,39.6695,5551
2016-10-03 05:00:00,74.12,transfer,1.0,63.3726,0.0,64.5518,64.5518,63.3726,93.0956,19.0917,39.6789,5552
2016-10-03 06:00:00,79.4,transfer,1.0,68.425,0.0,66.3568,66.3568,68.425,93.869,18.976,39.6919,5553
2016-10-03 07:00:00,94.05,transfer,1.0,72.3031,0.0,76.5378,76.5378,72.3031,94.1422,18.8914,39.5919,5554
2016-10-03 08:00:00,112.76,transfer,1.0,75.3258,0.0,76.5132,76.5132,75.3258,94.2468,18.7974,39.4879,5555
2016-10-03 09:00:00,125.85,transfer,1.0,77.6672,0.0,77.3277,77.3277,77.6672,94.2863,18.7711,39.4516,5556
2016-10-03 10:00:00,135.37,transfer,1.0,79.5504,0.0,71.4666,71.4666,79.5504,94.3007,18.8286,39.4978,5557
2016-10-03 11:00:00,134.71,transfer,1.0,80.8407,0.0,87.0045,87.0045,80.8407,94.3066,18.7997,39.4567,5558
2016-10-03 12:00:00,130.35,transfer,1.0,81.6077,0.0,86.0251,86.0251,81.6077,94.3097,18.831,39.4748,5559
2016-10-03 13:00:00,126.1,transfer,1.0,81.9812,0.0,74.2478,74.2478,81.9812,94.3112,18.8139,39.4427,5560
2016-10-03 14:00:00,126.59,transfer,1.0,82.1113,0.0,99.3196,99.3196,82.1113,94.3125,18.8188,39.4318,5561
2016-10-03 15:00:00,119.14,transfer,1.0,82.1017,0.0,94.0761,94.0761,82.1017,94.3129,18.8754,39.4722,5562
2016-10-03 16:00:00,112.11,transfer,1.0,81.9852,0.0,74.5099,74.5099,81.9852,94.3131,18.9024,39.4833,5563
2016-10-03 17:00:00,104.5,transfer,1.0,81.72,0.0,98.1729,98.1729,81.72,94.3135,18.9675,39.534,5564
2016-10-03 18:00:00,63.98,transfer,1.0,81.24,0.0,87.2236,87.2236,81.24,94.3139,19.036,39.6824,5565
2016-10-03 19:00:00,61.49,transfer,1.0,80.5206,0.0,98.5894,98.5894,80.5206,94.3148,19.1348,39.789,5566
2016-10-03 20:00:00,49.8,transfer,1.0,79.233,0.0,71.5387,71.5387,79.233,94.3147,19.308,39.9712,5567
2016-10-03 21:00:00,49.16,transfer,1.0,77.4474,0.0,86.3502,86.3502,77.4474,94.3145,19.3912,40.0664,5568
2016-10-03 22:00:00,49.03,transfer,1.0,75.1849,0.0,55.5252,55.5252,75.1849,94.3143,19.4578,40.1453,5569
2016-10-03 23:00:00,48.45,transfer,1.0,72.8823,0.0,59.968,59.968,72.8823,94.314,19.5203,40.2235,5570
2016-10-04 00:00:00,48.73,transfer,1.0,70.8944,0.0,79.2933,79.2933,70.8944,94.3141,19.5896,40.3104,5571
2016-10-04 01:00:00,47.97,transfer,1.0,69.5474,0.0,56.7235,56.7235,69.5474,94.308,19.6551,40.395,5572
2016-10-04 02:00:00,48.15,transfer,1.0,68.9443,0.0,62.2343,62.2343,68.9443,92.6766,19.724,40.4745,5573
2016-10-04 03:00:00,47.15,transfer,1.0,68.933,0.0,57.7301,57.7301,68.933,92.6553,19.806,40.4321,5574
2016-10-04 04:00:00,50.58,transfer,1.0,69.4606,0.0,55.1819,55.1819,69.4606,92.767,19.8802,40.2991,5575
2016-10-04 05:00:00,50.62,transfer,1.0,70.6336,0.0,65.913,65.913,70.6336,92.8434,19.935,40.1493,5576
2016-10-04 06:00:00,56.61,transfer,1.0,72.2836,0.0,67.4939,67.4939,72.2836,92.8787,19.8899,39.8876,5577
2016-10-04 07:00:00,66.78,transfer,1.0,74.0227,0.0,74.6575,74.6575,74.0227,92.9029,19.7451,39.5033,5578
2016-10-04 08:00:00,88.95,transfer,1.0,75.8171,0.0,76.7116,76.7116,75.8171,92.88,19.5346,38.872,5579
2016-10-04 09:00:00,99.78,transfer,1.0,77.2677,0.0,69.5571,69.5571,77.2677,92.9049,19.3619,38.2302,5580
2016-10-04 10:00:00,106.64,transfer,1.0,78.7019,0.0,76.3294,76.3294,78.7019,92.9221,19.2676,37.6724,5581
2016-10-04 11:00:00,106.12,transfer,1.0,79.8704,0.0,79.7944,79.7944,79.8704,93.0367,19.1281,37.0826,5582
2016-10-04 12:00:00,106.42,transfer,1.0,80.697,0.0,79.7252,79.7252,80.697,93.0623,19.0161,36.5542,5583
2016-10-04 13:00:00,106.41,transfer,1.0,81.1127,0.0,63.0263,63.0263,81.1127,93.0985,18.8997,36.0973,5584
2016-10-04 14:00:00,106.35,transfer,1.0,81.2274,0.0,85.4581,85.4581,81.2274,93.1545,18.7633,35.7599,5585
2016-10-04 15:00:00,99.31,transfer,1.0,81.1048,0.0,90.7007,90.7007,81.1048,93.268,18.6023,35.5374,5586
2016-10-04 16:00:00,92.97,transfer,1.0,80.7367,0.0,95.7034,95.7034,80.7367,93.4944,18.4063,35.3174,5587
2016-10-04 17:00:00,85.14,transfer,1.0,80.0028,0.0,75.8071,75.8071,80.0028,93.8184,18.2111,35.1968,5588
2016-10-04 18:00:00,63.54,transfer,1.0,78.7733,0.0,62.1547,62.1547,78.7733,94.1349,18.2836,35.3401,5589
2016-10-04 19:00:00,62.27,transfer,1.0,76.8977,0.0,66.3578,66.3578,76.8977,94.1176,18.3695,35.4703,5590
2016-10-04 20:00:00,52.96,transfer,1.0,74.6579,0.0,68.6223,68.6223,74.6579,94.0928,18.4963,35.6467,5591
2016-10-04 21:00:00,52.84,transfer,1.0,72.1129,0.0,72.7927,72.7927,72.1129,93.8953,18.5104,35.7172,5592
2016-10-04 22:00:00,51.17,transfer,1.0,69.4224,0.0,62.7076,62.7076,69.4224,93.5164,18.5221,35.7911,5593
2016-10-04 23:00:00,50.66,transfer,1.0,67.1981,0.0,69.8658,69.8658,67.1981,93.4859,18.5192,35.8536,5594
2016-10-05 00:00:00,50.86,transfer,1.0,65.543,0.0,66.0336,66.0336,65.543,93.58,18.5178,35.9201,5595
2016-10-05 01:00:00,50.59,transfer,1.0,64.5331,0.0,62.171,62.171,64.5331,93.7447,18.5153,35.896,5596
2016-10-05 02:00:00,50.88,transfer,1.0,64.3246,0.0,75.5789,75.5789,64.3246,93.9099,18.5255,35.8343,5597
2016-10-05 03:00:00,48.85,transfer,1.0,64.8866,0.0,69.109,69.109,64.8866,94.0572,18.5663,35.7878,5598
2016-10-05 04:00:00,52.34,transfer,1.0,66.2461,0.0,73.5271,73.5271,66.2461,94.1723,18.5723,35.6109,5599
2016-10-05 05:00:00,52.61,transfer,1.0,68.3351,0.0,57.8304,57.8304,68.3351,94.2487,18.5564,35.4201,5600
2016-10-05 06:00:00,61.41,transfer,1.0,70.7737,0.0,60.6034,60.6034,70.7737,94.2871,18.4797,35.1741,5601
2016-10-05 07:00:00,67.86,transfer,1.0,73.3124,0.0,92.8087,92.8087,73.3124,94.3035,18.283,34.8259,5602
2016-10-05 08:00:00,84.44,transfer,1.0,75.9168,0.0,85.1291,85.1291,75.9168,94.3105,18.0155,34.3327,5603
2016-10-05 09:00:00,95.87,transfer,1.0,77.7982,0.0,78.6756,78.6756,77.7982,94.3137,17.8535,33.8962,5604
2016-10-05 10:00:00,101.89,transfer,1.0,79.2364,0.0,63.4303,63.4303,79.2364,94.3151,17.7374,33.5732,5605
2016-10-05 11:00:00,101.66,transfer,1.0,80.2614,0.0,82.2638,82.2638,80.2614,94.3158,17.5751,33.2641,5606
2016-10-05 12:00:00,97.72,transfer,1.0,80.9685,0.0,76.7939,76.7939,80.9685,94.3158,17.4065,33.0028,5607
2016-10-05 13:00:00,99.17,transfer,1.0,81.2983,0.0,86.0225,86.0225,81.2983,94.3158,17.2774,32.8139,5608
2016-10-05 14:00:00,97.27,transfer,1.0,81.3344,0.0,95.2172,95.2172,81.3344,94.3161,17.063,32.5593,5609
2016-10-05 15:00:00,90.22,transfer,1.0,81.1624,0.0,77.9997,77.9997,81.1624,94.3159,16.961,32.4762,5610
2016-10-05 16:00:00,82.05,transfer,1.0,80.7394,0.0,87.4753,87.4753,80.7394,94.3162,16.8056,32.4398,5611
2016-10-05 17:00:00,71.01,transfer,1.0,79.9695,0.0,74.5572,74.5572,79.9695,94.3162,16.7169,32.4954,5612
2016-10-05 18:00:00,59.4,transfer,1.0,78.6593,0.0,69.4617,69.4617,78.6593,94.3163,16.8085,32.6157,5613
2016-10-05 19:00:00,59.1,transfer,1.0,76.5489,0.0,90.3148,90.3148,76.5489,94.3166,16.8887,32.778,5614
2016-10-05 20:00:00,51.91,transfer,1.0,74.3522,0.0,93.346,93.346,74.3522,94.3164,16.997,32.9268,5615
2016-10-05 21:00:00,50.79,transfer,1.0,72.0139,0.0,71.4505,71.4505,72.0139,94.3161,17.0492,33.0271,5616
2016-10-05 22:00:00,51.33,transfer,1.0,69.8874,0.0,57.2072,57.2072,69.8874,94.3163,17.0883,33.1136,5617
2016-10-05 23:00:00,51.28,transfer,1.0,68.1579,0.0,74.8994,74.8994,68.1579,94.3164,17.1254,33.1993,5618
2016-10-06 00:00:00,51.01,transfer,1.0,66.8583,0.0,68.8822,68.8822,66.8583,94.316,17.1687,33.2916,5619
2016-10-06 01:00:00,51.02,transfer,1.0,66.1113,0.0,65.5844,65.5844,66.1113,94.3159,17.2002,33.3729,5620
2016-10-06 02:00:00,51.02,transfer,1.0,66.3373,0.0,70.2039,70.2039,66.3373,94.3164,17.2373,33.4557,5621
2016-10-06 03:00:00,50.84,transfer,1.0,67.5847,0.0,56.7542,56.7542,67.5847,94.3165,17.2868,33.4168,5622
2016-10-06 04:00:00,52.91,transfer,1.0,69.9118,0.0,68.5605,68.5605,69.9118,94.3166,17.3215,33.2497,5623
2016-10-06 05:00:00,50.76,transfer,1.0,72.8506,0.0,73.8054,73.8054,72.8506,94.3167,17.3526,33.0791,5624
2016-10-06 06:00:00,60.12,transfer,1.0,75.6905,0.0,84.1581,84.1581,75.6905,94.3166,17.3202,32.8347,5625
2016-10-06 07:00:00,70.4,transfer,1.0,78.019,0.0,67.2182,67.2182,78.019,94.3167,17.179,32.474,5626
2016-10-06 08:00:00,84.65,transfer,1.0,79.8078,0.0,88.7086,88.7086,79.8078,94.3168,16.9234,31.9451,5627
2016-10-06 09:00:00,94.48,transfer,1.0,80.8522,0.0,89.2126,89.2126,80.8522,94.3167,16.7138,31.3687,5628
2016-10-06 10:00:00,94.02,transfer,1.0,81.4574,0.0,86.0608,86.0608,81.4574,94.3163,16.4893,30.8048,5629
2016-10-06 11:00:00,94.59,transfer,1.0,81.7861,0.0,87.6608,87.6608,81.7861,94.3161,16.2109,30.2284,5630
2016-10-06 12:00:00,102.14,transfer,1.0,81.8678,0.0,67.7559,67.7559,81.8678,94.3158,16.0785,29.8485,5631
2016-10-06 13:00:00,100.15,transfer,1.0,81.7658,0.0,73.2353,73.2353,81.7658,94.3154,15.9294,29.5457,5632
2016-10-06 14:00:00,101.03,transfer,1.0,81.5752,0.0,92.0674,92.0674,81.5752,94.3149,15.7745,29.2928,5633
2016-10-06 15:00:00,95.64,transfer,1.0,81.2075,0.0,79.4947,79.4947,81.2075,94.3145,15.6522,29.1123,5634
2016-10-06 16:00:00,88.16,transfer,1.0,80.6223,0.0,82.1698,82.1698,80.6223,94.3143,15.5513,29.0443,5635
2016-10-06 17:00:00,81.69,transfer,1.0,79.7093,0.0,75.3732,75.3732,79.7093,94.3142,15.5172,29.1152,5636
2016-10-06 18:00:00,65.5,transfer,1.0,78.3103,0.0,78.9741,78.9741,78.3103,94.3142,15.561,29.1984,5637
2016-10-06 19:00:00,63.34,transfer,1.0,76.4488,0.0,89.2424,89.2424,76.4488,94.3154,15.5968,29.278,5638
2016-10-06 20:00:00,58.44,transfer,1.0,74.528,0.0,74.401,74.401,74.528,94.3159,15.6163,29.3441,5639
2016-10-06 21:00:00,56.51,transfer,1.0,72.5698,0.0,69.8501,69.8501,72.5698,94.316,15.6063,29.3842,5640
2016-10-06 22:00:00,57.51,transfer,1.0,70.7925,0.0,67.7234,67.7234,70.7925,94.3163,15.5908,29.4201,5641
2016-10-06 23:00:00,55.67,transfer,1.0,69.3537,0.0,71.9829,71.9829,69.3537,94.3163,15.5866,29.4658,5642
2016-10-07 00:00:00,56.22,transfer,1.0,68.6986,0.0,68.9727,68.9727,68.6986,94.3164,15.5714,29.4991,5643
2016-10-07 01:00:00,55.91,transfer,1.0,68.536,0.0,69.4501,69.4501,68.536,94.3164,15.5622,29.5523,5644
2016-10-07 02:00:00,56.21,transfer,1.0,69.027,0.0,71.2238,71.2238,69.027,94.3165,15.5533,29.5804,5645
2016-10-07 03:00:00,57.2,transfer,1.0,70.0565,0.0,72.336,72.336,70.0565,94.3155,15.5443,29.6019,5646
2016-10-07 04:00:00,60.72,transfer,1.0,71.6272,0.0,67.0315,67.0315,71.6272,94.2786,15.5429,29.6471,5647
2016-10-07 05:00:00,57.92,transfer,1.0,73.75,0.0,71.5382,71.5382,73.75,94.293,15.6305,29.7428,5648
2016-10-07 06:00:00,68.28,transfer,1.0,76.2852,0.0,77.2245,77.2245,76.2852,94.3055,15.6192,29.8846,5649
2016-10-07 07:00:00,74.36,transfer,1.0,78.4127,0.0,81.138,81.138,78.4127,94.3115,15.5422,29.888,5650
2016-10-07 08:00:00,90.07,transfer,1.0,80.0964,0.0,84.4708,84.4708,80.0964,94.3142,15.5102,29.7818,5651
2016-10-07 09:00:00,100.22,transfer,1.0,81.1113,0.0,80.1756,80.1756,81.1113,94.3157,15.5691,29.7102,5652
2016-10-07 10:00:00,102.66,transfer,1.0,81.7233,0.0,79.9141,79.9141,81.7233,94.3159,15.6542,29.6633,5653
2016-10-07 11:00:00,109.31,transfer,1.0,82.0727,0.0,81.0071,81.0071,82.0727,94.316,15.7924,29.6684,5654
2016-10-07 12:00:00,111.49,transfer,1.0,82.2367,0.0,89.3594,89.3594,82.2367,94.3155,15.9637,29.7044,5655
2016-10-07 13:00:00,102.21,transfer,1.0,82.2929,0.0,85.6831,85.6831,82.2929,94.3153,16.0589,29.707,5656
2016-10-07 14:00:00,103.87,transfer,1.0,82.2519,0.0,76.0001,76.0001,82.2519,94.315,16.1591,29.7189,5657
2016-10-07 15:00:00,97.22,transfer,1.0,82.0578,0.0,84.5999,84.5999,82.0578,94.3145,16.2428,29.6617,5658
2016-10-07 16:00:00,89.97,transfer,1.0,81.7208,0.0,85.5138,85.5138,81.7208,94.314,16.2856,29.6026,5659
2016-10-07 17:00:00,79.01,transfer,1.0,81.1904,0.0,74.6326,74.6326,81.1904,94.314,16.2435,29.5333,5660
2016-10-07 18:00:00,60.84,transfer,1.0,80.3575,0.0,61.3389,61.3389,80.3575,94.3141,16.3058,29.5563,5661
2016-10-07 19:00:00,56.57,transfer,1.0,79.2262,0.0,75.9625,75.9625,79.2262,94.3156,16.4308,29.6295,5662
2016-10-07 20:00:00,51.92,transfer,1.0,77.9407,0.0,74.294,74.294,77.9407,94.3159,16.5767,29.717,5663
2016-10-07 21:00:00,54.11,transfer,1.0,76.317,0.0,59.9149,59.9149,76.317,94.3158,16.6707,29.753,5664
2016-10-07 22:00:00,50.97,transfer,1.0,74.7438,0.0,75.5969,75.5969,74.7438,94.3161,16.7832,29.8107,5665
2016-10-07 23:00:00,52.59,transfer,1.0,73.5261,0.0,78.1261,78.1261,73.5261,94.3161,16.8805,29.8557,5666
2016-10-08 00:00:00,51.72,transfer,1.0,72.7409,0.0,63.9822,63.9822,72.7409,94.3162,16.9829,29.9089,5667
2016-10-08 01:00:00,52.37,transfer,1.0,71.604,0.0,74.5044,74.5044,71.604,94.3155,17.0617,29.9421,5668
2016-10-08 02:00:00,51.8,transfer,1.0,70.7949,0.0,77.1733,77.1733,70.7949,94.3154,17.148,29.9811,5669
2016-10-08 03:00:00,51.79,transfer,1.0,70.6325,0.0,75.0969,75.0969,70.6325,94.3152,17.2291,30.0171,5670
2016-10-08 04:00:00,66.86,transfer,1.0,71.0134,0.0,46.3316,46.3316,71.0134,94.271,17.2431,29.9898,5671
2016-10-08 05:00:00,61.04,transfer,1.0,71.6445,0.0,89.1765,89.1765,71.6445,94.2669,17.2433,30.0764,5672
2016-10-08 06:00:00,60.61,transfer,1.0,72.9242,0.0,75.4583,75.4583,72.9242,94.2851,17.3133,30.108,5673
2016-10-08 07:00:00,54.62,transfer,1.0,74.1772,0.0,63.6392,63.6392,74.1772,94.3001,17.4053,30.1658,5674
2016-10-08 08:00:00,49.16,transfer,1.0,75.3065,0.0,90.9393,90.9393,75.3065,94.3078,17.2098,29.9393,5675
2016-10-08 09:00:00,52.15,transfer,1.0,75.5768,0.0,55.5815,55.5815,75.5768,94.3115,17.1159,29.7985,5676
2016-10-08 10:00:00,52.33,transfer,1.0,75.2511,0.0,70.5931,70.5931,75.2511,94.3129,17.1617,29.7608,5677
2016-10-08 11:00:00,50.9,transfer,1.0,74.5309,0.0,72.1576,72.1576,74.5309,94.3136,17.1952,29.8979,5678
2016-10-08 12:00:00,52.32,transfer,1.0,73.1879,0.0,82.8199,82.8199,73.1879,94.3135,17.2064,30.0097,5679
2016-10-08 13:00:00,52.2,transfer,1.0,70.8227,0.0,82.0137,82.0137,70.8227,94.3129,17.1943,30.1179,5680
2016-10-08 14:00:00,52.0,transfer,1.0,68.095,0.0,61.8729,61.8729,68.095,94.313,17.1591,30.2253,5681
2016-10-08 15:00:00,50.14,transfer,1.0,64.9794,0.0,69.7702,69.7702,64.9794,94.3126,17.1107,30.3404,5682
2016-10-08 16:00:00,50.13,transfer,1.0,62.0835,0.0,58.4305,58.4305,62.0835,94.3133,17.045,30.4478,5683
2016-10-08 17:00:00,51.5,transfer,1.0,59.6589,0.0,51.2955,51.2955,59.6589,94.3144,16.9624,30.5347,5684
2016-10-08 18:00:00,51.13,transfer,1.0,57.3415,0.0,60.241,60.241,57.3415,94.3144,16.8626,30.6237,5685
2016-10-08 19:00:00,50.48,transfer,1.0,55.6496,0.0,41.0222,41.0222,55.6496,94.3153,16.7185,30.7501,5686
2016-10-08 20:00:00,52.04,transfer,1.0,54.7272,0.0,55.4531,55.4531,54.7272,94.3153,16.6064,30.8186,5687
2016-10-08 21:00:00,52.19,transfer,1.0,54.1987,0.0,60.2252,60.2252,54.1987,94.3153,16.582,30.7944,5688
2016-10-08 22:00:00,51.84,transfer,1.0,54.127,0.0,48.4844,48.4844,54.127,94.3155,16.553,30.7917,5689
2016-10-08 23:00:00,50.08,transfer,1.0,54.499,0.0,37.0199,37.0199,54.499,94.3155,16.5373,30.8063,5690
2016-10-09 00:00:00,52.74,transfer,1.0,55.3056,0.0,56.3037,56.3037,55.3056,94.3136,16.5199,30.7962,5691
2016-10-09 01:00:00,52.23,transfer,1.0,56.5007,0.0,56.1088,56.1088,56.5007,94.2266,16.51,30.7916,5692
2016-10-09 02:00:00,50.68,transfer,1.0,58.3097,0.0,60.0261,60.0261,58.3097,94.1972,16.4109,30.9062,5693
2016-10-09 03:00:00,47.93,transfer,1.0,60.2791,0.0,61.846,61.846,60.2791,94.2556,16.3665,31.0111,5694
2016-10-09 04:00:00,51.01,transfer,1.0,62.4459,0.0,60.9927,60.9927,62.4459,94.2903,16.2732,31.1568,5695
2016-10-09 05:00:00,50.82,transfer,1.0,64.2523,0.0,56.3438,56.3438,64.2523,94.3043,16.2197,31.0485,5696
2016-10-09 06:00:00,51.09,transfer,1.0,66.1527,0.0,73.1157,73.1157,66.1527,94.3099,16.1812,30.9328,5697
2016-10-09 07:00:00,49.4,transfer,1.0,68.1843,0.0,74.4095,74.4095,68.1843,94.3132,16.2335,30.8836,5698
2016-10-09 08:00:00,43.97,transfer,1.0,70.4564,0.0,76.5689,76.5689,70.4564,94.3145,16.3476,30.8682,5699
2016-10-09 09:00:00,44.26,transfer,1.0,71.2873,0.0,88.4517,88.4517,71.2873,94.3149,16.4619,30.8352,5700
2016-10-09 10:00:00,44.56,transfer,1.0,71.318,0.0,66.1374,66.1374,71.318,94.315,16.5824,30.7919,5701
2016-10-09 11:00:00,45.3,transfer,1.0,70.9272,0.0,65.3478,65.3478,70.9272,94.3144,16.7101,30.7457,5702
2016-10-09 12:00:00,46.0,transfer,1.0,70.1463,0.0,71.2109,71.2109,70.1463,94.3136,16.8329,30.6903,5703
2016-10-09 13:00:00,45.34,transfer,1.0,68.7141,0.0,73.4688,73.4688,68.7141,94.3135,16.9586,30.6424,5704
2016-10-09 14:00:00,45.46,transfer,1.0,66.8879,0.0,61.0851,61.0851,66.8879,94.3132,17.045,30.5666,5705
2016-10-09 15:00:00,46.33,transfer,1.0,64.6701,0.0,68.0575,68.0575,64.6701,94.3129,17.0962,30.4736,5706
2016-10-09 16:00:00,47.01,transfer,1.0,62.4424,0.0,64.6527,64.6527,62.4424,94.3126,17.1124,30.3681,5707
2016-10-09 17:00:00,45.78,transfer,1.0,60.0443,0.0,64.1415,64.1415,60.0443,94.3125,17.1294,30.2988,5708
2016-10-09 18:00:00,43.33,transfer,1.0,57.8624,0.0,49.3902,49.3902,57.8624,94.3126,17.1694,30.4385,5709
2016-10-09 19:00:00,48.85,transfer,1.0,55.9796,0.0,59.8516,59.8516,55.9796,94.3138,17.1966,30.4762,5710
2016-10-09 20:00:00,49.48,transfer,1.0,54.8978,0.0,57.1797,57.1797,54.8978,94.3137,17.2182,30.5021,5711
2016-10-09 21:00:00,50.33,transfer,1.0,54.2582,0.0,48.4315,48.4315,54.2582,94.3139,17.2269,30.5068,5712
2016-10-09 22:00:00,50.69,transfer,1.0,54.1751,0.0,53.274,53.274,54.1751,94.3148,17.2398,30.5404,5713
2016-10-09 23:00:00,51.14,transfer,1.0,54.4806,0.0,55.7773,55.7773,54.4806,94.3148,17.2533,30.7443,5714
2016-10-10 00:00:00,51.99,transfer,1.0,55.2411,0.0,47.9535,47.9535,55.2411,94.3151,17.2622,30.8894,5715
2016-10-10 01:00:00,49.6,transfer,1.0,57.1869,0.0,62.0338,62.0338,57.1869,94.3155,17.2852,31.1344,5716
2016-10-10 02:00:00,47.78,transfer,1.0,59.8391,0.0,62.113,62.113,59.8391,94.3154,17.2824,31.4098,5717
2016-10-10 03:00:00,48.42,transfer,1.0,63.1225,0.0,64.1128,64.1128,63.1225,94.3155,17.2921,31.596,5718
2016-10-10 04:00:00,50.36,transfer,1.0,66.3861,0.0,56.6232,56.6232,66.3861,94.3156,17.2228,31.8324,5719
2016-10-10 05:00:00,50.79,transfer,1.0,69.5836,0.0,58.621,58.621,69.5836,94.3153,17.2707,31.9786,5720
2016-10-10 06:00:00,51.49,transfer,1.0,72.3442,0.0,74.921,74.921,72.3442,94.3152,17.3295,32.1473,5721
2016-10-10 07:00:00,45.71,transfer,1.0,74.8181,0.0,81.754,81.754,74.8181,94.3156,17.3733,32.4361,5722
2016-10-10 08:00:00,43.94,transfer,1.0,76.8288,0.0,84.9559,84.9559,76.8288,94.3155,17.3463,32.6258,5723
2016-10-10 09:00:00,43.7,transfer,1.0,77.6964,0.0,73.7657,73.7657,77.6964,94.3154,17.2618,32.7392,5724
2016-10-10 10:00:00,43.82,transfer,1.0,77.8996,0.0,78.5927,78.5927,77.8996,94.3152,17.1324,32.7953,5725
2016-10-10 11:00:00,44.4,transfer,1.0,77.5807,0.0,85.0394,85.0394,77.5807,94.3149,17.0093,32.8519,5726
2016-10-10 12:00:00,47.02,transfer,1.0,76.7347,0.0,70.504,70.504,76.7347,94.3144,16.896,32.9189,5727
2016-10-10 13:00:00,46.35,transfer,1.0,75.2184,0.0,81.8781,81.8781,75.2184,94.3142,16.8053,33.0152,5728
2016-10-10 14:00:00,45.01,transfer,1.0,73.2202,0.0,79.4569,79.4569,73.2202,94.314,16.7084,33.1165,5729
2016-10-10 15:00:00,46.48,transfer,1.0,70.5703,0.0,62.1216,62.1216,70.5703,94.3139,16.6313,33.2535,5730
2016-10-10 16:00:00,46.13,transfer,1.0,67.4317,0.0,67.031,67.031,67.4317,94.3139,16.5788,33.4343,5731
2016-10-10 17:00:00,44.89,transfer,1.0,64.0343,0.0,62.7055,62.7055,64.0343,94.3138,16.5572,33.6679,5732
2016-10-10 18:00:00,45.03,transfer,1.0,60.8512,0.0,49.3552,49.3552,60.8512,94.3139,16.5486,33.7807,5733
2016-10-10 19:00:00,50.14,transfer,1.0,58.2773,0.0,53.0733,53.0733,58.2773,94.3148,16.4838,33.8483,5734
2016-10-10 20:00:00,48.91,transfer,1.0,56.9534,0.0,49.0042,49.0042,56.9534,94.3147,16.3565,33.8536,5735
2016-10-10 21:00:00,50.0,transfer,1.0,56.4191,0.0,50.4235,50.4235,56.4191,94.3148,16.2263,33.8486,5736
2016-10-10 22:00:00,49.87,transfer,1.0,56.334,0.0,62.2311,62.2311,56.334,94.3149,16.1091,33.8436,5737
2016-10-10 23:00:00,48.12,transfer,1.0,56.8998,0.0,62.5008,62.5008,56.8998,94.3151,16.0159,33.8455,5738
2016-10-11 00:00:00,49.0,transfer,1.0,58.0198,0.0,57.3406,57.3406,58.0198,94.3152,15.9377,33.8439,5739
2016-10-11 01:00:00,48.37,transfer,1.0,59.7514,0.0,57.0115,57.0115,59.7514,94.3156,15.877,33.8416,5740
2016-10-11 02:00:00,48.58,transfer,1.0,62.1386,0.0,58.406,58.406,62.1386,94.3157,15.8339,33.8488,5741
2016-10-11 03:00:00,47.97,transfer,1.0,65.03,0.0,58.5684,58.5684,65.03,94.3158,15.8058,33.8538,5742
2016-10-11 04:00:00,51.48,transfer,1.0,68.3614,0.0,70.8862,70.8862,68.3614,94.3159,15.7939,33.8577,5743
2016-10-11 05:00:00,51.98,transfer,1.0,71.563,0.0,70.9343,70.9343,71.563,94.3156,15.7913,33.8583,5744
2016-10-11 06:00:00,52.89,transfer,1.0,74.5894,0.0,64.9588,64.9588,74.5894,94.3158,15.8272,33.889,5745
2016-10-11 07:00:00,45.73,transfer,1.0,77.1533,0.0,63.836,63.836,77.1533,94.3159,15.9711,34.0227,5746
2016-10-11 08:00:00,49.24,transfer,1.0,79.0876,0.0,70.3698,70.3698,79.0876,94.3159,16.0706,34.2676,5747
2016-10-11 09:00:00,54.1,transfer,1.0,80.0464,0.0,77.6384,77.6384,80.0464,94.316,16.0911,34.4661,5748
2016-10-11 10:00:00,61.85,transfer,1.0,80.5933,0.0,86.6833,86.6833,80.5933,94.3162,16.0363,34.5777,5749
2016-10-11 11:00:00,59.6,transfer,1.0,81.0029,0.0,103.6663,103.6663,81.0029,94.3163,16.0075,34.7065,5750
2016-10-11 12:00:00,57.04,transfer,1.0,81.3108,0.0,86.0736,86.0736,81.3108,94.3165,15.9988,34.8488,5751
2016-10-11 13:00:00,56.2,transfer,1.0,81.4488,0.0,95.3111,95.3111,81.4488,94.3167,15.9986,34.9965,5752
2016-10-11 14:00:00,56.48,transfer,1.0,81.3912,0.0,72.6845,72.6845,81.3912,94.3165,15.9973,35.1432,5753
2016-10-11 15:00:00,56.83,transfer,1.0,81.1373,0.0,83.4817,83.4817,81.1373,94.3163,16.0336,35.3303,5754
2016-10-11 16:00:00,54.66,transfer,1.0,80.6593,0.0,78.5949,78.5949,80.6593,94.3164,16.1156,35.5633,5755
2016-10-11 17:00:00,49.87,transfer,1.0,79.8744,0.0,98.0645,98.0645,79.8744,94.3161,16.2636,35.7762,5756
2016-10-11 18:00:00,49.95,transfer,1.0,78.7235,0.0,77.888,77.888,78.7235,94.3163,16.3442,35.8581,5757
2016-10-11 19:00:00,54.62,transfer,1.0,77.1407,0.0,85.3181,85.3181,77.1407,94.3166,16.3912,35.9049,5758
2016-10-11 20:00:00,53.99,transfer,1.0,75.8514,0.0,73.4301,73.4301,75.8514,94.3164,16.3921,35.9001,5759
2016-10-11 21:00:00,53.84,transfer,1.0,74.7363,0.0,76.6664,76.6664,74.7363,94.3162,16.4018,35.8966,5760
2016-10-11 22:00:00,52.93,transfer,1.0,73.9566,0.0,61.4461,61.4461,73.9566,94.3163,16.4183,35.8909,5761
2016-10-11 23:00:00,53.66,transfer,1.0,73.239,0.0,59.9646,59.9646,73.239,94.3162,16.4364,35.878,5762
2016-10-12 00:00:00,54.58,transfer,1.0,72.9057,0.0,76.1357,76.1357,72.9057,94.3162,16.4581,35.8602,5763
2016-10-12 01:00:00,53.53,transfer,1.0,73.0433,0.0,83.9113,83.9113,73.0433,94.3164,16.4913,35.8461,5764
2016-10-12 02:00:00,54.28,transfer,1.0,73.6763,0.0,64.2787,64.2787,73.6763,94.3165,16.5267,35.8283,5765
2016-10-12 03:00:00,53.24,transfer,1.0,74.7965,0.0,79.984,79.984,74.7965,94.3168,16.5595,35.8037,5766
2016-10-12 04:00:00,56.1,transfer,1.0,76.2354,0.0,75.7427,75.7427,76.2354,94.3168,16.5966,35.7822,5767
2016-10-12 05:00:00,56.5,transfer,1.0,77.7454,0.0,63.1398,63.1398,77.7454,94.3167,16.6295,35.7594,5768
2016-10-12 06:00:00,57.31,transfer,1.0,79.154,0.0,96.83,96.83,79.154,94.3168,16.7038,35.784,5769
2016-10-12 07:00:00,52.46,transfer,1.0,80.3425,0.0,92.363,92.363,80.3425,94.3171,16.8373,35.8758,5770
2016-10-12 08:00:00,49.98,transfer,1.0,81.2348,0.0,61.6435,61.6435,81.2348,94.3173,16.9726,36.0809,5771
2016-10-12 09:00:00,50.71,transfer,1.0,81.6949,0.0,85.7335,85.7335,81.6949,94.3173,17.0494,36.3312,5772
2016-10-12 10:00:00,56.65,transfer,1.0,81.8857,0.0,84.5397,84.5397,81.8857,94.317,17.0648,36.5104,5773
2016-10-12 11:00:00,60.59,transfer,1.0,81.9403,0.0,75.8631,75.8631,81.9403,94.3169,17.0645,36.6674,5774
2016-10-12 12:00:00,60.39,transfer,1.0,81.9321,0.0,73.9114,73.9114,81.9321,94.3168,17.093,36.8491,5775
2016-10-12 13:00:00,55.22,transfer,1.0,81.8574,0.0,85.1577,85.1577,81.8574,94.3168,17.1452,37.0529,5776
2016-10-12 14:00:00,52.45,transfer,1.0,81.6667,0.0,81.4801,81.4801,81.6667,94.3167,17.2243,37.2845,5777
2016-10-12 15:00:00,52.65,transfer,1.0,81.2458,0.0,71.5981,71.5981,81.2458,94.3164,17.3406,37.5082,5778
2016-10-12 16:00:00,50.02,transfer,1.0,80.5064,0.0,82.0576,82.0576,80.5064,94.3164,17.5142,37.6988,5779
2016-10-12 17:00:00,51.96,transfer,1.0,79.4293,0.0,73.9665,73.9665,79.4293,94.3164,17.6244,37.8122,5780
2016-10-12 18:00:00,50.47,transfer,1.0,77.8846,0.0,79.3178,79.3178,77.8846,94.3164,17.673,37.8654,5781
2016-10-12 19:00:00,56.2,transfer,1.0,76.115,0.0,64.95,64.95,76.115,94.317,17.6876,37.8826,5782
2016-10-12 20:00:00,55.66,transfer,1.0,74.6005,0.0,89.1849,89.1849,74.6005,94.3167,17.6668,37.8603,5783
2016-10-12 21:00:00,54.42,transfer,1.0,73.2995,0.0,80.4753,80.4753,73.2995,94.3164,17.6528,37.8387,5784
2016-10-12 22:00:00,54.86,transfer,1.0,72.2123,0.0,91.6797,91.6797,72.2123,94.3166,17.6457,37.8177,5785
2016-10-12 23:00:00,55.56,transfer,1.0,71.4005,0.0,74.6181,74.6181,71.4005,94.3167,17.6395,37.7922,5786
2016-10-13 00:00:00,55.05,transfer,1.0,71.0006,0.0,68.8632,68.8632,71.0006,94.3168,17.6401,37.7682,5787
2016-10-13 01:00:00,55.37,transfer,1.0,70.9867,0.0,72.9459,72.9459,70.9867,94.317,17.6432,37.7423,5788
2016-10-13 02:00:00,53.28,transfer,1.0,71.4439,0.0,57.0371,57.0371,71.4439,94.3171,17.6602,37.7288,5789
2016-10-13 03:00:00,53.79,transfer,1.0,72.5517,0.0,70.6226,70.6226,72.5517,94.3175,17.6722,37.7113,5790
2016-10-13 04:00:00,56.5,transfer,1.0,74.4022,0.0,90.6608,90.6608,74.4022,94.3178,17.6775,37.6899,5791
2016-10-13 05:00:00,56.91,transfer,1.0,76.5364,0.0,82.3054,82.3054,76.5364,94.3178,17.6629,37.6533,5792
2016-10-13 06:00:00,58.08,transfer,1.0,78.5463,0.0,76.7305,76.7305,78.5463,94.3178,17.692,37.6655,5793
2016-10-13 07:00:00,52.13,transfer,1.0,80.1082,0.0,102.0928,102.0928,80.1082,94.3178,17.8132,37.7742,5794
2016-10-13 08:00:00,55.01,transfer,1.0,81.1496,0.0,81.236,81.236,81.1496,94.3177,17.94,37.9507,5795
2016-10-13 09:00:00,53.73,transfer,1.0,81.6391,0.0,79.5625,79.5625,81.6391,94.3175,18.025,38.1913,5796
2016-10-13 10:00:00,54.09,transfer,1.0,81.8654,0.0,93.6014,93.6014,81.8654,94.3172,18.1155,38.429,5797
2016-10-13 11:00:00,53.24,transfer,1.0,81.9223,0.0,88.6961,88.6961,81.9223,94.317,18.21,38.6718,5798
2016-10-13 12:00:00,52.79,transfer,1.0,81.8546,0.0,92.8223,92.8223,81.8546,94.317,18.2624,38.8725,5799
2016-10-13 13:00:00,54.2,transfer,1.0,81.6541,0.0,105.3635,105.3635,81.6541,94.317,18.3164,39.0765,5800
2016-10-13 14:00:00,52.9,transfer,1.0,81.2837,0.0,76.7626,76.7626,81.2837,94.3166,18.3695,39.2831,5801
2016-10-13 15:00:00,53.28,transfer,1.0,80.7083,0.0,79.2415,79.2415,80.7083,94.3165,18.4469,39.5195,5802
2016-10-13 16:00:00,51.05,transfer,1.0,79.7845,0.0,82.9114,82.9114,79.7845,94.3163,18.573,39.7404,5803
2016-10-13 17:00:00,47.08,transfer,1.0,78.4389,0.0,66.9481,66.9481,78.4389,94.3162,18.7479,39.9464,5804
2016-10-13 18:00:00,44.33,transfer,1.0,76.4594,0.0,86.6256,86.6256,76.4594,94.3162,18.8629,40.0724,5805
2016-10-13 19:00:00,48.95,transfer,1.0,73.8496,0.0,70.6376,70.6376,73.8496,94.3164,18.9331,40.1581,5806
2016-10-13 20:00:00,47.8,transfer,1.0,71.7079,0.0,73.1192,73.1192,71.7079,94.3162,18.9796,40.2214,5807
2016-10-13 21:00:00,48.03,transfer,1.0,69.9531,0.0,63.0404,63.0404,69.9531,94.3163,19.0145,40.2719,5808
2016-10-13 22:00:00,48.23,transfer,1.0,68.6211,0.0,77.3716,77.3716,68.6211,94.3163,19.0568,40.3271,5809
2016-10-13 23:00:00,48.09,transfer,1.0,67.6275,0.0,68.9513,68.9513,67.6275,94.3164,19.0917,40.3722,5810
2016-10-14 00:00:00,48.95,transfer,1.0,67.2289,0.0,68.7718,68.7718,67.2289,94.3166,19.1262,40.4155,5811
2016-10-14 01:00:00,47.83,transfer,1.0,67.3467,0.0,72.6937,72.6937,67.3467,94.3165,19.1672,40.4636,5812
2016-10-14 02:00:00,47.67,transfer,1.0,68.1773,0.0,64.1091,64.1091,68.1773,94.3166,19.213,40.5144,5813
2016-10-14 03:00:00,47.71,transfer,1.0,69.4775,0.0,78.3302,78.3302,69.4775,94.3167,19.2661,40.5709,5814
2016-10-14 04:00:00,49.9,transfer,1.0,71.3719,0.0,59.9168,59.9168,71.3719,94.3168,19.3289,40.6356,5815
2016-10-14 05:00:00,49.94,transfer,1.0,73.6953,0.0,65.5652,65.5652,73.6953,94.3168,19.3761,40.6832,5816
2016-10-14 06:00:00,50.69,transfer,1.0,76.0814,0.0,74.4711,74.4711,76.0814,94.3166,19.4796,40.788,5817
2016-10-14 07:00:00,46.94,transfer,1.0,78.1595,0.0,90.6984,90.6984,78.1595,94.3168,19.6413,40.9512,5818
2016-10-14 08:00:00,49.24,transfer,1.0,79.7328,0.0,83.7384,83.7384,79.7328,94.3167,19.7634,41.1943,5819
2016-10-14 09:00:00,51.81,transfer,1.0,80.6016,0.0,86.0407,86.0407,80.6016,94.3168,19.8211,41.4121,5820
2016-10-14 10:00:00,55.89,transfer,1.0,81.0869,0.0,84.5093,84.5093,81.0869,94.3165,19.8464,41.5912,5821
2016-10-14 11:00:00,59.33,transfer,1.0,81.3526,0.0,97.4607,97.4607,81.3526,94.3163,19.8154,41.7102,5822
2016-10-14 12:00:00,59.76,transfer,1.0,81.5009,0.0,95.1438,95.1438,81.5009,94.3163,19.7707,41.8137,5823
2016-10-14 13:00:00,59.53,transfer,1.0,81.5572,0.0,82.5006,82.5006,81.5572,94.3164,19.7832,41.9737,5824
2016-10-14 14:00:00,55.93,transfer,1.0,81.4779,0.0,79.2239,79.2239,81.4779,94.3162,19.8066,42.1454,5825
2016-10-14 15:00:00,59.07,transfer,1.0,81.2575,0.0,67.9378,67.9378,81.2575,94.3162,19.8485,42.3379,5826
2016-10-14 16:00:00,56.87,transfer,1.0,80.8621,0.0,75.437,75.437,80.8621,94.3164,19.9422,42.5349,5827
2016-10-14 17:00:00,53.25,transfer,1.0,80.3427,0.0,75.9612,75.9612,80.3427,94.3164,20.0904,42.6882,5828
2016-10-14 18:00:00,50.12,transfer,1.0,79.6195,0.0,67.1716,67.1716,79.6195,94.3165,20.1499,42.7521,5829
2016-10-14 19:00:00,51.84,transfer,1.0,78.9376,0.0,91.5122,91.5122,78.9376,94.317,20.1763,42.7802,5830
2016-10-14 20:00:00,51.98,transfer,1.0,78.4706,0.0,79.5818,79.5818,78.4706,94.3168,20.1791,42.7799,5831
2016-10-14 21:00:00,52.21,transfer,1.0,78.1326,0.0,88.6271,88.6271,78.1326,94.3168,20.2012,42.7912,5832
2016-10-14 22:00:00,51.8,transfer,1.0,77.9887,0.0,75.0295,75.0295,77.9887,94.3169,20.2156,42.7863,5833
2016-10-14 23:00:00,50.96,transfer,1.0,78.0251,0.0,77.9363,77.9363,78.0251,94.3169,20.2521,42.796,5834
2016-10-15 00:00:00,52.88,transfer,1.0,78.2277,0.0,88.6137,88.6137,78.2277,94.317,20.2778,42.7891,5835
2016-10-15 01:00:00,49.23,transfer,1.0,78.0711,0.0,79.1766,79.1766,78.0711,94.3165,20.335,42.8078,5836
2016-10-15 02:00:00,51.13,transfer,1.0,78.0791,0.0,81.031,81.031,78.0791,94.3165,20.3824,42.8118,5837
2016-10-15 03:00:00,51.08,transfer,1.0,78.2804,0.0,71.5381,71.5381,78.2804,94.3165,20.4321,42.816,5838
2016-10-15 04:00:00,53.75,transfer,1.0,78.6722,0.0,91.7809,91.7809,78.6722,94.3163,20.5557,42.8943,5839
2016-10-15 05:00:00,54.68,transfer,1.0,79.1308,0.0,61.5212,61.5212,79.1308,94.316,20.6381,42.9324,5840
2016-10-15 06:00:00,53.8,transfer,1.0,79.6418,0.0,60.3639,60.3639,79.6418,94.3156,20.7187,42.9732,5841
2016-10-15 07:00:00,48.46,transfer,1.0,80.1747,0.0,84.2986,84.2986,80.1747,94.3157,20.791,43.0099,5842
2016-10-15 08:00:00,46.96,transfer,1.0,80.6806,0.0,90.75,90.75,80.6806,94.3157,20.8361,43.0231,5843
2016-10-15 09:00:00,48.59,transfer,1.0,80.9141,0.0,88.3274,88.3274,80.9141,94.3157,20.8891,43.0443,5844
2016-10-15 10:00:00,45.83,transfer,1.0,80.9838,0.0,72.4357,72.4357,80.9838,94.3152,20.9619,43.083,5845
2016-10-15 11:00:00,48.05,transfer,1.0,80.9804,0.0,77.6009,77.6009,80.9804,94.3152,21.0172,43.1,5846
2016-10-15 12:00:00,47.26,transfer,1.0,80.8181,0.0,89.5617,89.5617,80.8181,94.3151,21.0928,43.1301,5847
2016-10-15 13:00:00,46.27,transfer,1.0,80.5203,0.0,89.376,89.376,80.5203,94.315,21.1858,43.1654,5848
2016-10-15 14:00:00,46.29,transfer,1.0,80.0586,0.0,74.8954,74.8954,80.0586,94.315,21.291,43.1994,5849
2016-10-15 15:00:00,47.19,transfer,1.0,79.2826,0.0,80.0706,80.0706,79.2826,94.3146,21.3937,43.217,5850
2016-10-15 16:00:00,46.6,transfer,1.0,78.1704,0.0,74.5621,74.5621,78.1704,94.3145,21.5105,43.238,5851
2016-10-15 17:00:00,46.45,transfer,1.0,76.6957,0.0,73.4605,73.4605,76.6957,94.3146,21.6419,43.268,5852
2016-10-15 18:00:00,47.22,transfer,1.0,74.8105,0.0,77.4365,77.4365,74.8105,94.3148,21.7692,43.2913,5853
2016-10-15 19:00:00,52.09,transfer,1.0,72.6097,0.0,73.3236,73.3236,72.6097,94.315,21.8606,43.2817,5854
2016-10-15 20:00:00,51.34,transfer,1.0,70.774,0.0,65.3418,65.3418,70.774,94.3147,21.9602,43.2859,5855
2016-10-15 21:00:00,52.12,transfer,1.0,69.299,0.0,76.5634,76.5634,69.299,94.3147,22.0505,43.2863,5856
2016-10-15 22:00:00,51.83,transfer,1.0,68.1829,0.0,57.7962,57.7962,68.1829,94.3146,22.1343,43.2864,5857
2016-10-15 23:00:00,51.87,transfer,1.0,67.3613,0.0,64.3954,64.3954,67.3613,94.3143,22.2002,43.2757,5858
2016-10-16 00:00:00,52.65,transfer,1.0,66.8662,0.0,62.2893,62.2893,66.8662,94.3142,22.2695,43.2762,5859
2016-10-16 01:00:00,50.66,transfer,1.0,66.9856,0.0,71.248,71.248,66.9856,94.3141,22.3413,43.2861,5860
2016-10-16 02:00:00,51.18,transfer,1.0,67.6507,0.0,67.0105,67.0105,67.6507,94.3142,22.3939,43.2838,5861
2016-10-16 03:00:00,49.5,transfer,1.0,68.7048,0.0,73.7762,73.7762,68.7048,94.3144,22.4347,43.2748,5862
2016-10-16 04:00:00,54.2,transfer,1.0,70.3013,0.0,76.4491,76.4491,70.3013,94.3146,22.4625,43.256,5863
2016-10-16 05:00:00,54.34,transfer,1.0,72.0817,0.0,73.1233,73.1233,72.0817,94.3148,22.4881,43.2351,5864
2016-10-16 06:00:00,54.82,transfer,1.0,74.0716,0.0,64.0561,64.0561,74.0716,94.3152,22.5131,43.2129,5865
2016-10-16 07:00:00,49.13,transfer,1.0,75.9699,0.0,78.193,78.193,75.9699,94.3155,22.561,43.2146,5866
2016-10-16 08:00:00,46.12,transfer,1.0,77.558,0.0,64.6851,64.6851,77.558,94.3155,22.5905,43.2018,5867
2016-10-16 09:00:00,47.05,transfer,1.0,78.4253,0.0,75.3484,75.3484,78.4253,94.3157,22.6164,43.1852,5868
2016-10-16 10:00:00,47.84,transfer,1.0,78.868,0.0,70.1664,70.1664,78.868,94.3157,22.6418,43.1656,5869
2016-10-16 11:00:00,47.91,transfer,1.0,79.0919,0.0,72.0141,72.0141,79.0919,94.3156,22.6749,43.1501,5870
2016-10-16 12:00:00,47.65,transfer,1.0,79.1058,0.0,81.7753,81.7753,79.1058,94.3156,22.7184,43.1403,5871
2016-10-16 13:00:00,47.97,transfer,1.0,78.8846,0.0,69.7952,69.7952,78.8846,94.3154,22.7633,43.1247,5872
2016-10-16 14:00:00,47.44,transfer,1.0,78.3494,0.0,82.9375,82.9375,78.3494,94.3153,22.8197,43.1129,5873
2016-10-16 15:00:00,48.28,transfer,1.0,77.4424,0.0,75.0187,75.0187,77.4424,94.3148,22.8841,43.1013,5874
2016-10-16 16:00:00,47.94,transfer,1.0,76.0873,0.0,57.3334,57.3334,76.0873,94.315,22.9598,43.0958,5875
2016-10-16 17:00:00,48.01,transfer,1.0,74.2985,0.0,73.2949,73.2949,74.2985,94.315,23.0314,43.0825,5876
2016-10-16 18:00:00,47.39,transfer,1.0,72.1212,0.0,69.1848,69.1848,72.1212,94.3151,23.0921,43.0584,5877
2016-10-16 19:00:00,51.44,transfer,1.0,69.8256,0.0,79.0287,79.0287,69.8256,94.3154,23.1591,43.043,5878
2016-10-16 20:00:00,51.93,transfer,1.0,68.0904,0.0,72.439,72.439,68.0904,94.3151,23.223,43.0284,5879
2016-10-16 21:00:00,52.09,transfer,1.0,66.6411,0.0,64.2439,64.2439,66.6411,94.3151,23.2862,43.0179,5880
2016-10-16 22:00:00,52.73,transfer,1.0,65.5898,0.0,66.7755,66.7755,65.5898,94.3152,23.342,43.0058,5881
2016-10-16 23:00:00,52.16,transfer,1.0,65.0133,0.0,77.4207,77.4207,65.0133,94.3156,23.3987,42.9997,5882
2016-10-17 00:00:00,52.95,transfer,1.0,64.8738,0.0,51.4504,51.4504,64.8738,94.3157,23.4503,42.994,5883
2016-10-17 01:00:00,52.44,transfer,1.0,66.0224,0.0,72.4928,72.4928,66.0224,94.3161,23.486,42.9771,5884
2016-10-17 02:00:00,51.68,transfer,1.0,68.0025,0.0,73.5755,73.5755,68.0025,94.3161,23.5114,42.9539,5885
2016-10-17 03:00:00,53.28,transfer,1.0,70.3754,0.0,70.0668,70.0668,70.3754,94.3161,23.5256,42.925,5886
2016-10-17 04:00:00,54.68,transfer,1.0,72.9953,0.0,68.177,68.177,72.9953,94.3162,23.5392,42.8992,5887
2016-10-17 05:00:00,55.31,transfer,1.0,75.4994,0.0,72.4578,72.4578,75.4994,94.3162,23.5475,42.8723,5888
2016-10-17 06:00:00,70.6,transfer,1.0,77.7075,0.0,86.895,86.895,77.7075,94.3165,23.4657,42.7586,5889
2016-10-17 07:00:00,81.35,transfer,1.0,79.5899,0.0,64.8576,64.8576,79.5899,94.3168,23.3029,42.5465,5890
2016-10-17 08:00:00,91.31,transfer,1.0,81.0481,0.0,80.0561,80.0561,81.0481,94.3168,23.1682,42.2645,5891
2016-10-17 09:00:00,101.45,transfer,1.0,81.9382,0.0,101.2634,101.2634,81.9382,94.317,23.082,42.0057,5892
2016-10-17 10:00:00,106.17,transfer,1.0,82.419,0.0,75.2109,75.2109,82.419,94.3167,23.0205,41.7757,5893
2016-10-17 11:00:00,108.16,transfer,1.0,82.6581,0.0,85.4035,85.4035,82.6581,94.3164,22.9748,41.561,5894
2016-10-17 12:00:00,98.35,transfer,1.0,82.7667,0.0,77.1808,77.1808,82.7667,94.3164,22.8907,41.3035,5895
2016-10-17 13:00:00,102.06,transfer,1.0,82.8027,0.0,69.2526,69.2526,82.8027,94.3161,22.8335,41.0641,5896
2016-10-17 14:00:00,113.27,transfer,1.0,82.7822,0.0,80.467,80.467,82.7822,94.3161,22.8471,40.8834,5897
2016-10-17 15:00:00,104.72,transfer,1.0,82.737,0.0,98.3692,98.3692,82.737,94.316,22.8345,40.6606,5898
2016-10-17 16:00:00,94.03,transfer,1.0,82.6789,0.0,67.7209,67.7209,82.6789,94.3162,22.7753,40.3755,5899
2016-10-17 17:00:00,86.04,transfer,1.0,82.5694,0.0,90.0613,90.0613,82.5694,94.3161,22.682,40.1306,5900
2016-10-17 18:00:00,63.02,transfer,1.0,82.3542,0.0,86.6438,86.6438,82.3542,94.3159,22.7029,40.0235,5901
2016-10-17 19:00:00,59.35,transfer,1.0,82.0329,0.0,83.3682,83.3682,82.0329,94.3164,22.7895,39.9687,5902
2016-10-17 20:00:00,52.41,transfer,1.0,81.5732,0.0,90.9138,90.9138,81.5732,94.3163,22.9152,39.9479,5903
2016-10-17 21:00:00,53.69,transfer,1.0,81.0081,0.0,94.0603,94.0603,81.0081,94.3162,23.0396,39.9259,5904
2016-10-17 22:00:00,55.02,transfer,1.0,80.3963,0.0,69.0757,69.0757,80.3963,94.3161,23.1522,39.8953,5905
2016-10-17 23:00:00,52.38,transfer,1.0,79.8188,0.0,73.1651,73.1651,79.8188,94.3158,23.2632,39.8699,5906
2016-10-18 00:00:00,53.73,transfer,1.0,79.425,0.0,69.0155,69.0155,79.425,94.3158,23.3625,39.8418,5907
2016-10-18 01:00:00,52.21,transfer,1.0,79.2489,0.0,64.9101,64.9101,79.2489,94.3159,23.4557,39.8189,5908
2016-10-18 02:00:00,50.76,transfer,1.0,79.3256,0.0,75.3254,75.3254,79.3256,94.316,23.545,39.8059,5909
2016-10-18 03:00:00,52.48,transfer,1.0,79.5836,0.0,77.0945,77.0945,79.5836,94.316,23.6048,39.7791,5910
2016-10-18 04:00:00,69.92,transfer,1.0,79.9799,0.0,66.1798,66.1798,79.9799,94.3161,23.5642,39.6693,5911
2016-10-18 05:00:00,60.43,transfer,1.0,80.4802,0.0,72.649,72.649,80.4802,94.316,23.567,39.619,5912
2016-10-18 06:00:00,74.53,transfer,1.0,81.1266,0.0,83.6952,83.6952,81.1266,94.3161,23.4771,39.4902,5913
2016-10-18 07:00:00,86.59,transfer,1.0,81.5936,0.0,87.38,87.38,81.5936,94.3165,23.3198,39.247,5914
2016-10-18 08:00:00,101.5,transfer,1.0,82.0004,0.0,85.8502,85.8502,82.0004,94.3167,23.2582,39.0215,5915
2016-10-18 09:00:00,108.26,transfer,1.0,82.3276,0.0,78.9395,78.9395,82.3276,94.3167,23.2581,38.8651,5916
2016-10-18 10:00:00,117.91,transfer,1.0,82.5454,0.0,82.6926,82.6926,82.5454,94.3169,23.357,38.8123,5917
2016-10-18 11:00:00,115.75,transfer,1.0,82.6807,0.0,100.0556,100.0556,82.6807,94.317,23.4265,38.7332,5918
2016-10-18 12:00:00,115.75,transfer,1.0,82.7525,0.0,85.9337,85.9337,82.7525,94.3171,23.4784,38.6389,5919
2016-10-18 13:00:00,116.28,transfer,1.0,82.7724,0.0,71.5541,71.5541,82.7724,94.3171,23.5276,38.5427,5920
2016-10-18 14:00:00,122.07,transfer,1.0,82.7653,0.0,94.8186,94.8186,82.7653,94.3171,23.6133,38.4827,5921
2016-10-18 15:00:00,118.21,transfer,1.0,82.7391,0.0,72.3391,72.3391,82.7391,94.3167,23.6797,38.4018,5922
2016-10-18 16:00:00,114.77,transfer,1.0,82.6902,0.0,79.258,79.258,82.6902,94.3164,23.7159,38.2875,5923
2016-10-18 17:00:00,102.77,transfer,1.0,82.599,0.0,88.7321,88.7321,82.599,94.3164,23.6574,38.0733,5924
2016-10-18 18:00:00,73.36,transfer,1.0,82.4525,0.0,69.5863,69.5863,82.4525,94.3164,23.5402,37.9339,5925
2016-10-18 19:00:00,65.28,transfer,1.0,82.2004,0.0,97.4819,97.4819,82.2004,94.3166,23.5069,37.8705,5926
2016-10-18 20:00:00,63.43,transfer,1.0,81.7716,0.0,85.6556,85.6556,81.7716,94.316,23.4859,37.8143,5927
2016-10-18 21:00:00,61.69,transfer,1.0,81.1683,0.0,87.438,87.438,81.1683,94.3157,23.4775,37.7675,5928
2016-10-18 22:00:00,61.35,transfer,1.0,80.51,0.0,76.3198,76.3198,80.51,94.3157,23.4664,37.7174,5929
2016-10-18 23:00:00,61.13,transfer,1.0,79.8651,0.0,86.8638,86.8638,79.8651,94.3157,23.4614,37.6729,5930
2016-10-19 00:00:00,61.34,transfer,1.0,79.3131,0.0,71.4067,71.4067,79.3131,94.3157,23.4593,37.6327,5931
2016-10-19 01:00:00,59.67,transfer,1.0,78.9475,0.0,77.8371,77.8371,78.9475,94.3161,23.4579,37.5962,5932
2016-10-19 02:00:00,58.48,transfer,1.0,78.8435,0.0,76.5214,76.5214,78.8435,94.3164,23.4636,37.5711,5933
2016-10-19 03:00:00,57.65,transfer,1.0,79.0545,0.0,81.0819,81.0819,79.0545,94.3165,23.4627,37.5449,5934
2016-10-19 04:00:00,78.9,transfer,1.0,79.6075,0.0,85.5866,85.5866,79.6075,94.3168,23.3471,37.4092,5935
2016-10-19 05:00:00,70.98,transfer,1.0,80.2492,0.0,78.8845,78.8845,80.2492,94.3167,23.2758,37.323,5936
2016-10-19 06:00:00,84.7,transfer,1.0,81.033,0.0,91.3673,91.3673,81.033,94.3167,23.1676,37.16,5937
2016-10-19 07:00:00,95.21,transfer,1.0,81.58,0.0,75.7259,75.7259,81.58,94.3168,23.0828,36.9161,5938
2016-10-19 08:00:00,106.38,transfer,1.0,81.9844,0.0,84.9997,84.9997,81.9844,94.3168,23.0419,36.724,5939
2016-10-19 09:00:00,118.32,transfer,1.0,82.2769,0.0,75.2222,75.2222,82.2769,94.317,23.072,36.6073,5940
2016-10-19 10:00:00,123.95,transfer,1.0,82.446,0.0,83.4166,83.4166,82.446,94.3168,23.1689,36.5595,5941
2016-10-19 11:00:00,127.24,transfer,1.0,82.5569,0.0,95.9939,95.9939,82.5569,94.3167,23.3078,36.5547,5942
2016-10-19 12:00:00,127.82,transfer,1.0,82.6251,0.0,73.3859,73.3859,82.6251,94.3166,23.4486,36.5522,5943
2016-10-19 13:00:00,126.52,transfer,1.0,82.6539,0.0,93.032,93.032,82.6539,94.3168,23.5511,36.5112,5944
2016-10-19 14:00:00,129.42,transfer,1.0,82.6612,0.0,99.1688,99.1688,82.6612,94.3163,23.6555,36.4709,5945
2016-10-19 15:00:00,115.93,transfer,1.0,82.6305,0.0,90.3869,90.3869,82.6305,94.3164,23.6835,36.3515,5946
2016-10-19 16:00:00,109.05,transfer,1.0,82.5719,0.0,77.7057,77.7057,82.5719,94.3165,23.6597,36.1756,5947
2016-10-19 17:00:00,100.94,transfer,1.0,82.4416,0.0,81.2569,81.2569,82.4416,94.3168,23.6063,35.9629,5948
2016-10-19 18:00:00,71.33,transfer,1.0,82.2398,0.0,79.9291,79.9291,82.2398,94.3168,23.508,35.8387,5949
2016-10-19 19:00:00,69.86,transfer,1.0,81.936,0.0,81.3906,81.3906,81.936,94.3171,23.4614,35.7574,5950
2016-10-19 20:00:00,59.92,transfer,1.0,81.4562,0.0,70.3038,70.3038,81.4562,94.3165,23.4768,35.7321,5951
2016-10-19 21:00:00,59.29,transfer,1.0,80.9029,0.0,61.4864,61.4864,80.9029,94.3163,23.4931,35.7031,5952
2016-10-19 22:00:00,58.98,transfer,1.0,80.2681,0.0,95.3836,95.3836,80.2681,94.3165,23.5165,35.6785,5953
2016-10-19 23:00:00,58.81,transfer,1.0,79.6705,0.0,72.2482,72.2482,79.6705,94.3167,23.5464,35.6592,5954
2016-10-20 00:00:00,59.07,transfer,1.0,79.2626,0.0,73.87,73.87,79.2626,94.3167,23.5716,35.6353,5955
2016-10-20 01:00:00,59.63,transfer,1.0,79.0308,0.0,70.2761,70.2761,79.0308,94.3169,23.5942,35.6099,5956
2016-10-20 02:00:00,55.81,transfer,1.0,79.0863,0.0,77.3369,77.3369,79.0863,94.317,23.6246,35.5948,5957
2016-10-20 03:00:00,55.9,transfer,1.0,79.3271,0.0,71.2086,71.2086,79.3271,94.3166,23.6524,35.5823,5958
2016-10-20 04:00:00,79.37,transfer,1.0,79.7711,0.0,82.2126,82.2126,79.7711,94.3167,23.5482,35.4461,5959
2016-10-20 05:00:00,70.38,transfer,1.0,80.3259,0.0,82.3557,82.3557,80.3259,94.3164,23.4906,35.366,5960
2016-10-20 06:00:00,77.65,transfer,1.0,81.0814,0.0,79.1246,79.1246,81.0814,94.3165,23.3892,35.2495,5961
2016-10-20 07:00:00,85.83,transfer,1.0,81.6287,0.0,79.6001,79.6001,81.6287,94.3166,23.2476,35.0489,5962
2016-10-20 08:00:00,101.23,transfer,1.0,82.0159,0.0,61.2045,61.2045,82.0159,94.3168,23.2064,34.856,5963
2016-10-20 09:00:00,112.67,transfer,1.0,82.272,0.0,78.313,78.313,82.272,94.3171,23.2212,34.7237,5964
2016-10-20 10:00:00,120.38,transfer,1.0,82.4464,0.0,91.3533,91.3533,82.4464,94.3172,23.2817,34.6394,5965
2016-10-20 11:00:00,125.74,transfer,1.0,82.565,0.0,78.6358,78.6358,82.565,94.3173,23.368,34.5819,5966
2016-10-20 12:00:00,131.83,transfer,1.0,82.6353,0.0,66.3343,66.3343,82.6353,94.317,23.4878,34.558,5967
2016-10-20 13:00:00,129.74,transfer,1.0,82.6636,0.0,91.3977,91.3977,82.6636,94.3167,23.6046,34.5301,5968
2016-10-20 14:00:00,132.72,transfer,1.0,82.6622,0.0,86.7626,86.7626,82.6622,94.3167,23.7336,34.5121,5969
2016-10-20 15:00:00,127.25,transfer,1.0,82.623,0.0,80.4512,80.4512,82.623,94.3167,23.836,34.4639,5970
2016-10-20 16:00:00,126.56,transfer,1.0,82.5461,0.0,90.5556,90.5556,82.5461,94.3167,23.9269,34.3983,5971
2016-10-20 17:00:00,107.95,transfer,1.0,82.416,0.0,61.1537,61.1537,82.416,94.3168,23.8922,34.1983,5972
2016-10-20 18:00:00,73.53,transfer,1.0,82.2517,0.0,63.1693,63.1693,82.2517,94.317,23.7529,34.0245,5973
2016-10-20 19:00:00,68.07,transfer,1.0,81.9541,0.0,58.3184,58.3184,81.9541,94.3172,23.6873,33.9107,5974
2016-10-20 20:00:00,59.33,transfer,1.0,81.4502,0.0,81.2922,81.2922,81.4502,94.3168,23.6767,33.842,5975
2016-10-20 21:00:00,58.64,transfer,1.0,80.7978,0.0,80.1367,80.1367,80.7978,94.3167,23.6781,33.7789,5976
2016-10-20 22:00:00,55.64,transfer,1.0,80.0298,0.0,82.5738,82.5738,80.0298,94.3165,23.7019,33.7348,5977
2016-10-20 23:00:00,56.04,transfer,1.0,79.311,0.0,65.4481,65.4481,79.311,94.3168,23.7241,33.6875,5978
2016-10-21 00:00:00,55.59,transfer,1.0,78.7079,0.0,86.5612,86.5612,78.7079,94.3167,23.7529,33.6479,5979
2016-10-21 01:00:00,52.59,transfer,1.0,78.2125,0.0,66.7289,66.7289,78.2125,94.3164,23.7893,33.6196,5980
2016-10-21 02:00:00,52.0,transfer,1.0,77.8797,0.0,70.7409,70.7409,77.8797,94.3162,23.8213,33.5938,5981
2016-10-21 03:00:00,52.06,transfer,1.0,77.8402,0.0,72.7714,72.7714,77.8402,94.316,23.8451,33.5679,5982
2016-10-21 04:00:00,77.56,transfer,1.0,78.2155,0.0,79.3256,79.3256,78.2155,94.3156,23.7212,33.4033,5983
2016-10-21 05:00:00,69.1,transfer,1.0,78.9149,0.0,88.5005,88.5005,78.9149,94.3139,23.6383,33.2892,5984
2016-10-21 06:00:00,67.22,transfer,1.0,80.0192,0.0,70.1874,70.1874,80.0192,94.3122,23.5633,33.1908,5985
2016-10-21 07:00:00,64.61,transfer,1.0,80.8576,0.0,68.7401,68.7401,80.8576,94.3137,23.4742,33.0856,5986
2016-10-21 08:00:00,70.98,transfer,1.0,81.3883,0.0,90.2199,90.2199,81.3883,94.3148,23.3546,32.9562,5987
2016-10-21 09:00:00,75.73,transfer,1.0,81.6427,0.0,89.6844,89.6844,81.6427,94.3154,23.2184,32.8138,5988
2016-10-21 10:00:00,98.78,transfer,1.0,81.7467,0.0,78.979,78.979,81.7467,94.3155,23.1699,32.6116,5989
2016-10-21 11:00:00,106.12,transfer,1.0,81.7803,0.0,83.8115,83.8115,81.7803,94.3154,23.1836,32.4736,5990
2016-10-21 12:00:00,112.13,transfer,1.0,81.8732,0.0,92.2753,92.2753,81.8732,94.3155,23.2343,32.374,5991
2016-10-21 13:00:00,118.21,transfer,1.0,81.93,0.0,85.7917,85.7917,81.93,94.3154,23.3192,32.3092,5992
2016-10-21 14:00:00,106.11,transfer,1.0,81.9063,0.0,86.0139,86.0139,81.9063,94.3156,23.3112,32.1509,5993
2016-10-21 15:00:00,98.05,transfer,1.0,81.4379,0.0,72.0966,72.0966,81.4379,94.3096,23.278,31.9633,5994
2016-10-21 16:00:00,89.17,transfer,1.0,81.0612,0.0,83.1981,83.1981,81.0612,94.3158,23.1834,31.7711,5995
2016-10-21 17:00:00,79.21,transfer,1.0,80.4973,0.0,82.6419,82.6419,80.4973,94.3169,23.0298,31.6166,5996
2016-10-21 18:00:00,68.37,transfer,1.0,79.6316,0.0,75.8282,75.8282,79.6316,94.3172,22.9213,31.5079,5997
2016-10-21 19:00:00,62.91,transfer,1.0,78.4544,0.0,83.7144,83.7144,78.4544,94.3176,22.8525,31.442,5998
2016-10-21 20:00:00,68.59,transfer,1.0,77.3917,0.0,69.4026,69.4026,77.3917,94.3176,22.7472,31.3432,5999
2016-10-21 21:00:00,54.15,transfer,1.0,76.2764,0.0,76.2074,76.2074,76.2764,94.3174,22.7246,31.3316,6000
2016-10-21 22:00:00,53.03,transfer,1.0,75.584,0.0,66.1035,66.1035,75.584,94.3174,22.703,31.3243,6001
2016-10-21 23:00:00,50.19,transfer,1.0,74.936,0.0,89.9819,89.9819,74.936,94.3174,22.6892,31.3289,6002
2016-10-22 00:00:00,51.04,transfer,1.0,74.5224,0.0,66.8424,66.8424,74.5224,94.3172,22.6781,31.3399,6003
2016-10-22 01:00:00,49.97,transfer,1.0,73.7776,0.0,69.4226,69.4226,73.7776,94.3164,22.6481,31.3355,6004
2016-10-22 02:00:00,48.48,transfer,1.0,73.3497,0.0,67.0093,67.0093,73.3497,94.3163,22.6357,31.3512,6005
2016-10-22 03:00:00,48.56,transfer,1.0,73.402,0.0,70.2155,70.2155,73.402,94.3159,22.6217,31.3662,6006
2016-10-22 04:00:00,51.66,transfer,1.0,73.926,0.0,65.943,65.943,73.926,94.3155,22.6059,31.3787,6007
2016-10-22 05:00:00,51.33,transfer,1.0,74.692,0.0,73.4926,73.4926,74.692,94.3157,22.5994,31.3986,6008
2016-10-22 06:00:00,51.67,transfer,1.0,75.9498,0.0,86.4222,86.4222,75.9498,94.3159,22.5901,31.4113,6009
2016-10-22 07:00:00,49.07,transfer,1.0,77.3729,0.0,76.9696,76.9696,77.3729,94.3164,22.5698,31.4076,6010
2016-10-22 08:00:00,43.57,transfer,1.0,78.7268,0.0,85.7757,85.7757,78.7268,94.3166,22.5784,31.4278,6011
2016-10-22 09:00:00,43.53,transfer,1.0,79.4245,0.0,91.5231,91.5231,79.4245,94.3166,22.5996,31.458,6012
2016-10-22 10:00:00,43.39,transfer,1.0,79.7129,0.0,82.3986,82.3986,79.7129,94.3165,22.6066,31.4725,6013
2016-10-22 11:00:00,49.79,transfer,1.0,79.7735,0.0,83.693,83.693,79.7735,94.3165,22.589,31.4621,6014
2016-10-22 12:00:00,52.62,transfer,1.0,79.6552,0.0,84.8409,84.8409,79.6552,94.3163,22.5502,31.4302,6015
2016-10-22 13:00:00,53.24,transfer,1.0,79.3824,0.0,77.2132,77.2132,79.3824,94.3161,22.5019,31.3888,6016
2016-10-22 14:00:00,52.45,transfer,1.0,78.8104,0.0,70.5213,70.5213,78.8104,94.3161,22.4578,31.3521,6017
2016-10-22 15:00:00,51.06,transfer,1.0,78.0086,0.0,80.2151,80.2151,78.0086,94.316,22.4272,31.3291,6018
2016-10-22 16:00:00,49.99,transfer,1.0,76.7357,0.0,91.2602,91.2602,76.7357,94.3159,22.3985,31.3089,6019
2016-10-22 17:00:00,50.2,transfer,1.0,74.7862,0.0,85.5506,85.5506,74.7862,94.3157,22.3648,31.2866,6020
2016-10-22 18:00:00,52.15,transfer,1.0,72.27,0.0,76.7928,76.7928,72.27,94.3158,22.3203,31.2572,6021
2016-10-22 19:00:00,55.11,transfer,1.0,69.5275,0.0,69.4593,69.4593,69.5275,94.3162,22.284,31.2393,6022
2016-10-22 20:00:00,53.83,transfer,1.0,67.3186,0.0,72.4398,72.4398,67.3186,94.3158,22.2486,31.2245,6023
2016-10-22 21:00:00,53.71,transfer,1.0,65.4083,0.0,57.5536,57.5536,65.4083,94.316,22.216,31.215,6024
2016-10-22 22:00:00,53.33,transfer,1.0,64.0126,0.0,69.6259,69.6259,64.0126,94.3162,22.1823,31.2061,6025
2016-10-22 23:00:00,52.83,transfer,1.0,63.0033,0.0,63.0589,63.0589,63.0033,94.3162,22.1506,31.2004,6026
2016-10-23 00:00:00,54.03,transfer,1.0,62.4361,0.0,58.4196,58.4196,62.4361,94.3161,22.116,31.1922,6027
2016-10-23 01:00:00,52.76,transfer,1.0,62.6849,0.0,52.5235,52.5235,62.6849,94.3158,22.0779,31.1797,6028
2016-10-23 02:00:00,52.85,transfer,1.0,63.3777,0.0,75.0837,75.0837,63.3777,94.3158,22.0425,31.1698,6029
2016-10-23 03:00:00,52.76,transfer,1.0,64.7715,0.0,64.2256,64.2256,64.7715,94.3161,21.9997,31.1504,6030
2016-10-23 04:00:00,55.65,transfer,1.0,66.8358,0.0,67.1801,67.1801,66.8358,94.3162,21.9705,31.1417,6031
2016-10-23 05:00:00,56.04,transfer,1.0,69.2876,0.0,70.1333,70.1333,69.2876,94.3162,21.9437,31.1316,6032
2016-10-23 06:00:00,56.16,transfer,1.0,71.8414,0.0,62.5885,62.5885,71.8414,94.3161,21.9225,31.1237,6033
2016-10-23 07:00:00,51.28,transfer,1.0,74.3129,0.0,65.9455,65.9455,74.3129,94.3161,21.8998,31.1109,6034
2016-10-23 08:00:00,48.89,transfer,1.0,76.4369,0.0,76.6912,76.6912,76.4369,94.3163,21.8766,31.0944,6035
2016-10-23 09:00:00,49.15,transfer,1.0,77.597,0.0,74.9098,74.9098,77.597,94.3163,21.8592,31.0819,6036
2016-10-23 10:00:00,49.63,transfer,1.0,78.1511,0.0,86.6647,86.6647,78.1511,94.3158,21.8443,31.0712,6037
2016-10-23 11:00:00,49.61,transfer,1.0,78.5455,0.0,83.0929,83.0929,78.5455,94.3163,21.8309,31.0611,6038
2016-10-23 12:00:00,50.25,transfer,1.0,78.6276,0.0,90.6511,90.6511,78.6276,94.316,21.8126,31.0456,6039
2016-10-23 13:00:00,49.5,transfer,1.0,78.323,0.0,72.3763,72.3763,78.323,94.316,21.8002,31.0365,6040
2016-10-23 14:00:00,49.75,transfer,1.0,77.6221,0.0,85.1035,85.1035,77.6221,94.3159,21.7821,31.0228,6041
2016-10-23 15:00:00,49.47,transfer,1.0,76.4535,0.0,85.1545,85.1545,76.4535,94.3157,21.7691,31.0157,6042
2016-10-23 16:00:00,49.07,transfer,1.0,74.8442,0.0,82.0543,82.0543,74.8442,94.3155,21.755,31.009,6043
2016-10-23 17:00:00,49.59,transfer,1.0,72.7237,0.0,59.5427,59.5427,72.7237,94.3153,21.7362,30.9996,6044
2016-10-23 18:00:00,51.59,transfer,1.0,70.0562,0.0,80.5851,80.5851,70.0562,94.3153,21.6989,30.9746,6045
2016-10-23 19:00:00,54.87,transfer,1.0,67.4315,0.0,66.5337,66.5337,67.4315,94.3157,21.6642,30.9542,6046
2016-10-23 20:00:00,53.37,transfer,1.0,65.3415,0.0,65.3072,65.3072,65.3415,94.3152,21.6393,30.9456,6047
2016-10-23 21:00:00,53.42,transfer,1.0,63.6138,0.0,63.8991,63.8991,63.6138,94.3152,21.6134,30.9377,6048
2016-10-23 22:00:00,53.49,transfer,1.0,62.2261,0.0,59.8327,59.8327,62.2261,94.3153,21.5888,30.9332,6049
2016-10-23 23:00:00,53.3,transfer,1.0,61.2359,0.0,66.3912,66.3912,61.2359,94.3155,21.5596,30.9264,6050
2016-10-24 00:00:00,53.66,transfer,1.0,60.7078,0.0,59.7019,59.7019,60.7078,94.3156,21.5305,30.9222,6051
2016-10-24 01:00:00,53.4,transfer,1.0,61.6319,0.0,72.1717,72.1717,61.6319,94.3163,21.4987,30.9164,6052
2016-10-24 02:00:00,53.49,transfer,1.0,63.6221,0.0,60.5565,60.5565,63.6221,94.3165,21.4618,30.9057,6053
2016-10-24 03:00:00,53.39,transfer,1.0,66.3895,0.0,55.6568,55.6568,66.3895,94.3166,21.4375,30.905,6054
2016-10-24 04:00:00,56.75,transfer,1.0,69.732,0.0,68.7718,68.7718,69.732,94.3167,21.4057,30.8927,6055
2016-10-24 05:00:00,58.52,transfer,1.0,73.0014,0.0,80.1133,80.1133,73.0014,94.3167,21.3717,30.8736,6056
2016-10-24 06:00:00,76.4,transfer,1.0,76.0006,0.0,57.3562,57.3562,76.0006,94.3166,21.3318,30.8391,6057
2016-10-24 07:00:00,90.66,transfer,1.0,78.6158,0.0,87.0886,87.0886,78.6158,94.3167,21.393,30.7837,6058
2016-10-24 08:00:00,97.19,transfer,1.0,80.6636,0.0,82.5589,82.5589,80.6636,94.3169,21.4303,30.7829,6059
2016-10-24 09:00:00,95.07,transfer,1.0,81.8521,0.0,83.0765,83.0765,81.8521,94.3173,21.3928,30.7449,6060
2016-10-24 10:00:00,100.06,transfer,1.0,82.4094,0.0,65.0714,65.0714,82.4094,94.3172,21.3565,30.7085,6061
2016-10-24 11:00:00,94.26,transfer,1.0,82.6481,0.0,82.634,82.634,82.6481,94.3177,21.2739,30.6265,6062
2016-10-24 12:00:00,89.28,transfer,1.0,82.7629,0.0,63.4434,63.4434,82.7629,94.3174,21.2199,30.6324,6063
2016-10-24 13:00:00,84.34,transfer,1.0,82.7945,0.0,74.64,74.64,82.7945,94.3175,21.1145,30.6457,6064
2016-10-24 14:00:00,86.12,transfer,1.0,82.7852,0.0,107.2836,107.2836,82.7852,94.3176,20.9528,30.5817,6065
2016-10-24 15:00:00,80.92,transfer,1.0,82.7452,0.0,75.2732,75.2732,82.7452,94.3174,20.8328,30.5995,6066
2016-10-24 16:00:00,75.16,transfer,1.0,82.6814,0.0,83.2364,83.2364,82.6814,94.3173,20.8101,30.7118,6067
2016-10-24 17:00:00,70.71,transfer,1.0,82.5793,0.0,81.7918,81.7918,82.5793,94.3173,20.86,30.8031,6068
2016-10-24 18:00:00,64.23,transfer,1.0,82.431,0.0,87.8171,87.8171,82.431,94.3171,20.8533,30.7959,6069
2016-10-24 19:00:00,60.33,transfer,1.0,82.2252,0.0,87.218,87.218,82.2252,94.3172,20.8486,30.7901,6070
2016-10-24 20:00:00,48.09,transfer,1.0,82.0379,0.0,76.5811,76.5811,82.0379,94.3166,20.8771,30.8158,6071
2016-10-24 21:00:00,46.75,transfer,1.0,81.7743,0.0,87.6807,87.6807,81.7743,94.3163,20.923,30.8571,6072
2016-10-24 22:00:00,46.48,transfer,1.0,81.379,0.0,89.6342,89.6342,81.379,94.316,20.9796,30.9079,6073
2016-10-24 23:00:00,46.18,transfer,1.0,80.9637,0.0,74.1764,74.1764,80.9637,94.3158,21.0234,30.9448,6074
2016-10-25 00:00:00,46.9,transfer,1.0,80.6856,0.0,82.1509,82.1509,80.6856,94.3158,21.0715,30.9855,6075
2016-10-25 01:00:00,45.85,transfer,1.0,80.6583,0.0,70.9649,70.9649,80.6583,94.3164,21.1178,31.0234,6076
2016-10-25 02:00:00,45.56,transfer,1.0,80.7692,0.0,68.0259,68.0259,80.7692,94.3162,21.1573,31.0543,6077
2016-10-25 03:00:00,45.52,transfer,1.0,81.0059,0.0,85.5378,85.5378,81.0059,94.3163,21.2072,31.0957,6078
2016-10-25 04:00:00,47.54,transfer,1.0,81.3275,0.0,72.0868,72.0868,81.3275,94.3163,21.3484,31.229,6079
2016-10-25 05:00:00,53.23,transfer,1.0,81.7033,0.0,72.9781,72.9781,81.7033,94.3164,21.3986,31.2718,6080
2016-10-25 06:00:00,66.45,transfer,1.0,82.0463,0.0,83.1898,83.1898,82.0463,94.3164,21.4522,31.3199,6081
2016-10-25 07:00:00,74.73,transfer,1.0,82.3616,0.0,83.4196,83.4196,82.3616,94.3166,21.4678,31.3905,6082
2016-10-25 08:00:00,91.09,transfer,1.0,82.6159,0.0,86.4263,86.4263,82.6159,94.3171,21.4022,31.367,6083
2016-10-25 09:00:00,95.45,transfer,1.0,82.7809,0.0,68.1667,68.1667,82.7809,94.3172,21.3233,31.2907,6084
2016-10-25 10:00:00,100.78,transfer,1.0,82.8854,0.0,74.7433,74.7433,82.8854,94.3173,21.2193,31.1887,6085
2016-10-25 11:00:00,100.9,transfer,1.0,82.9413,0.0,70.9559,70.9559,82.9413,94.3176,21.1293,31.1003,6086
2016-10-25 12:00:00,97.29,transfer,1.0,82.9719,0.0,87.4829,87.4829,82.9719,94.3176,21.0181,30.9905,6087
2016-10-25 13:00:00,97.44,transfer,1.0,82.9855,0.0,95.5489,95.5489,82.9855,94.3176,20.9047,30.8783,6088
2016-10-25 14:00:00,95.73,transfer,1.0,82.9874,0.0,60.1559,60.1559,82.9874,94.3175,20.7466,30.7215,6089
2016-10-25 15:00:00,79.83,transfer,1.0,82.984,0.0,84.6061,84.6061,82.984,94.3174,20.5543,30.6655,6090
2016-10-25 16:00:00,72.84,transfer,1.0,82.9718,0.0,68.8453,68.8453,82.9718,94.3172,20.4236,30.6716,6091
2016-10-25 17:00:00,69.72,transfer,1.0,82.9385,0.0,74.3986,74.3986,82.9385,94.3172,20.3822,30.7677,6092
2016-10-25 18:00:00,71.32,transfer,1.0,82.8842,0.0,90.2725,90.2725,82.8842,94.3171,20.3969,30.7799,6093
2016-10-25 19:00:00,67.73,transfer,1.0,82.8131,0.0,81.553,81.553,82.8131,94.3171,20.386,30.7653,6094
2016-10-25 20:00:00,63.23,transfer,1.0,82.7542,0.0,73.3894,73.3894,82.7542,94.3166,20.393,30.7665,6095
2016-10-25 21:00:00,62.28,transfer,1.0,82.6886,0.0,81.508,81.508,82.6886,94.3163,20.3986,30.763,6096
2016-10-25 22:00:00,63.34,transfer,1.0,82.6139,0.0,69.8873,69.8873,82.6139,94.3162,20.3993,30.7511,6097
2016-10-25 23:00:00,60.24,transfer,1.0,82.5512,0.0,69.9879,69.9879,82.5512,94.3164,20.4206,30.7564,6098
2016-10-26 00:00:00,62.31,transfer,1.0,82.5097,0.0,88.9931,88.9931,82.5097,94.3163,20.4338,30.7507,6099
2016-10-26 01:00:00,61.0,transfer,1.0,82.4733,0.0,87.3481,87.3481,82.4733,94.3167,20.4469,30.7428,6100
2016-10-26 02:00:00,61.57,transfer,1.0,82.4725,0.0,85.434,85.434,82.4725,94.3166,20.4501,30.7244,6101
2016-10-26 03:00:00,61.28,transfer,1.0,82.4961,0.0,86.7497,86.7497,82.4961,94.3169,20.449,30.7028,6102
2016-10-26 04:00:00,63.98,transfer,1.0,82.5449,0.0,57.5766,57.5766,82.5449,94.3171,20.5553,30.7916,6103
2016-10-26 05:00:00,70.63,transfer,1.0,82.6458,0.0,76.2977,76.2977,82.6458,94.3175,20.5716,30.7937,6104
2016-10-26 06:00:00,84.13,transfer,1.0,82.7468,0.0,89.3592,89.3592,82.7468,94.3175,20.558,30.7971,6105
2016-10-26 07:00:00,89.99,transfer,1.0,82.8403,0.0,84.8137,84.8137,82.8403,94.3178,20.5194,30.8175,6106
2016-10-26 08:00:00,106.6,transfer,1.0,82.9132,0.0,95.5384,95.5384,82.9132,94.3182,20.5152,30.8188,6107
2016-10-26 09:00:00,113.52,transfer,1.0,82.9684,0.0,92.0455,92.0455,82.9684,94.3185,20.4825,30.7902,6108
2016-10-26 10:00:00,129.2,transfer,1.0,83.0043,0.0,65.0561,65.0561,83.0043,94.3187,20.5105,30.8215,6109
2016-10-26 11:00:00,126.47,transfer,1.0,83.027,0.0,74.6626,74.6626,83.027,94.3185,20.5031,30.8169,6110
2016-10-26 12:00:00,119.52,transfer,1.0,83.0419,0.0,73.2748,73.2748,83.0419,94.3184,20.4512,30.7674,6111
2016-10-26 13:00:00,113.28,transfer,1.0,83.048,0.0,89.7623,89.7623,83.048,94.3183,20.37,30.6886,6112
2016-10-26 14:00:00,115.58,transfer,1.0,83.0491,0.0,88.0958,88.0958,83.0491,94.3183,20.2853,30.6062,6113
2016-10-26 15:00:00,106.79,transfer,1.0,83.0469,0.0,88.5591,88.5591,83.0469,94.3182,20.2285,30.5518,6114
2016-10-26 16:00:00,102.39,transfer,1.0,83.0419,0.0,87.6574,87.6574,83.0419,94.3183,20.186,30.5122,6115
2016-10-26 17:00:00,97.6,transfer,1.0,83.0334,0.0,85.4425,85.4425,83.0334,94.3183,20.1626,30.4923,6116
2016-10-26 18:00:00,87.62,transfer,1.0,83.0227,0.0,84.8386,84.8386,83.0227,94.3182,20.125,30.3953,6117
2016-10-26 19:00:00,77.45,transfer,1.0,83.0072,0.0,71.57,71.57,83.0072,94.3182,20.0862,30.3502,6118
2016-10-26 20:00:00,68.55,transfer,1.0,82.9878,0.0,95.2254,95.2254,82.9878,94.318,20.044,30.2988,6119
2016-10-26 21:00:00,65.02,transfer,1.0,82.9661,0.0,69.263,69.263,82.9661,94.3177,20.0222,30.2647,6120
2016-10-26 22:00:00,67.59,transfer,1.0,82.9442,0.0,70.7679,70.7679,82.9442,94.3177,19.9868,30.2134,6121
2016-10-26 23:00:00,66.84,transfer,1.0,82.9258,0.0,87.8815,87.8815,82.9258,94.3177,19.9584,30.1657,6122
2016-10-27 00:00:00,67.66,transfer,1.0,82.9198,0.0,79.7253,79.7253,82.9198,94.3177,19.9291,30.1145,6123
2016-10-27 01:00:00,66.12,transfer,1.0,82.9161,0.0,79.5996,79.5996,82.9161,94.3179,19.9136,30.0759,6124
2016-10-27 02:00:00,67.38,transfer,1.0,82.9235,0.0,93.2107,93.2107,82.9235,94.318,19.8675,30.007,6125
2016-10-27 03:00:00,65.62,transfer,1.0,82.9334,0.0,77.2949,77.2949,82.9334,94.318,19.8311,29.9492,6126
2016-10-27 04:00:00,68.11,transfer,1.0,82.9506,0.0,57.9299,57.9299,82.9506,94.3181,19.9171,30.0162,6127
2016-10-27 05:00:00,68.14,transfer,1.0,82.9716,0.0,82.7947,82.7947,82.9716,94.3182,19.9462,30.0296,6128
2016-10-27 06:00:00,86.03,transfer,1.0,82.9902,0.0,90.1623,90.1623,82.9902,94.3183,19.9438,29.9797,6129
2016-10-27 07:00:00,95.44,transfer,1.0,83.0068,0.0,86.033,86.033,83.0068,94.3184,19.9928,29.9359,6130
2016-10-27 08:00:00,104.26,transfer,1.0,83.0233,0.0,87.172,87.172,83.0233,94.3184,20.0049,29.9539,6131
2016-10-27 09:00:00,109.86,transfer,1.0,83.038,0.0,76.9481,76.9481,83.038,94.3186,19.9836,29.9372,6132
2016-10-27 10:00:00,109.08,transfer,1.0,83.0449,0.0,82.8074,82.8074,83.0449,94.3187,19.9128,29.8699,6133
2016-10-27 11:00:00,109.94,transfer,1.0,83.0481,0.0,76.0771,76.0771,83.0481,94.3188,19.8158,29.7758,6134
2016-10-27 12:00:00,110.91,transfer,1.0,83.0467,0.0,81.8486,81.8486,83.0467,94.3189,19.6889,29.6513,6135
2016-10-27 13:00:00,117.06,transfer,1.0,83.0426,0.0,95.9606,95.9606,83.0426,94.3189,19.6111,29.5758,6136
2016-10-27 14:00:00,116.66,transfer,1.0,83.036,0.0,86.2505,86.2505,83.036,94.3186,19.5133,29.4802,6137
2016-10-27 15:00:00,112.5,transfer,1.0,83.028,0.0,80.1978,80.1978,83.028,94.3185,19.4231,29.3924,6138
2016-10-27 16:00:00,101.17,transfer,1.0,83.0153,0.0,95.2908,95.2908,83.0153,94.3186,19.2692,29.2412,6139
2016-10-27 17:00:00,96.7,transfer,1.0,82.9968,0.0,76.0515,76.0515,82.9968,94.3185,19.1988,29.1743,6140
2016-10-27 18:00:00,97.0,transfer,1.0,82.964,0.0,89.1967,89.1967,82.964,94.3185,19.2304,29.0665,6141
2016-10-27 19:00:00,95.14,transfer,1.0,82.9162,0.0,86.3083,86.3083,82.9162,94.3187,19.2205,28.9152,6142
2016-10-27 20:00:00,79.05,transfer,1.0,82.8646,0.0,76.7608,76.7608,82.8646,94.3185,19.1115,28.7978,6143
2016-10-27 21:00:00,61.28,transfer,1.0,82.812,0.0,77.4453,77.4453,82.812,94.3183,19.1078,28.7821,6144
2016-10-27 22:00:00,61.46,transfer,1.0,82.7282,0.0,53.4276,53.4276,82.7282,94.3181,19.0892,28.7474,6145
2016-10-27 23:00:00,61.45,transfer,1.0,82.5993,0.0,69.3277,69.3277,82.5993,94.3178,19.0766,28.7152,6146
2016-10-28 00:00:00,61.83,transfer,1.0,82.4699,0.0,76.98,76.98,82.4699,94.3176,19.0619,28.6781,6147
2016-10-28 01:00:00,59.71,transfer,1.0,82.3456,0.0,80.2581,80.2581,82.3456,94.3175,19.0441,28.6357,6148
2016-10-28 02:00:00,60.72,transfer,1.0,82.2529,0.0,88.9894,88.9894,82.2529,94.3174,19.0182,28.5838,6149
2016-10-28 03:00:00,57.69,transfer,1.0,82.2234,0.0,78.1253,78.1253,82.2234,94.3178,19.0108,28.5503,6150
2016-10-28 04:00:00,61.44,transfer,1.0,82.2752,0.0,76.6024,76.6024,82.2752,94.3179,19.1309,28.6463,6151
2016-10-28 05:00:00,62.62,transfer,1.0,82.3823,0.0,61.0413,61.0413,82.3823,94.3179,19.1901,28.6849,6152
2016-10-28 06:00:00,79.09,transfer,1.0,82.5111,0.0,84.0106,84.0106,82.5111,94.3179,19.1343,28.6143,6153
2016-10-28 07:00:00,87.88,transfer,1.0,82.6438,0.0,71.9987,71.9987,82.6438,94.3179,19.0688,28.4758,6154
2016-10-28 08:00:00,99.5,transfer,1.0,82.7697,0.0,92.1976,92.1976,82.7697,94.318,19.1064,28.3677,6155
2016-10-28 09:00:00,105.78,transfer,1.0,82.8608,0.0,79.6864,79.6864,82.8608,94.3184,19.2076,28.3253,6156
2016-10-28 10:00:00,99.39,transfer,1.0,82.9197,0.0,75.1923,75.1923,82.9197,94.3185,19.2043,28.3289,6157
2016-10-28 11:00:00,97.25,transfer,1.0,82.9562,0.0,87.9718,87.9718,82.9562,94.3186,19.1445,28.2761,6158
2016-10-28 12:00:00,95.6,transfer,1.0,82.9704,0.0,97.0075,97.0075,82.9704,94.3184,19.0395,28.1777,6159
2016-10-28 13:00:00,93.53,transfer,1.0,82.9734,0.0,84.3262,84.3262,82.9734,94.3184,18.8864,28.0402,6160
2016-10-28 14:00:00,87.57,transfer,1.0,82.9711,0.0,60.1191,60.1191,82.9711,94.3185,18.7697,28.0102,6161
2016-10-28 15:00:00,80.13,transfer,1.0,82.9594,0.0,84.5977,84.5977,82.9594,94.3185,18.6877,28.0723,6162
2016-10-28 16:00:00,76.23,transfer,1.0,82.9364,0.0,102.4768,102.4768,82.9364,94.3186,18.6793,28.1494,6163
2016-10-28 17:00:00,75.03,transfer,1.0,82.9037,0.0,95.3134,95.3134,82.9037,94.3184,18.7185,28.1743,6164
2016-10-28 18:00:00,69.56,transfer,1.0,82.8621,0.0,87.5917,87.5917,82.8621,94.3182,18.7307,28.1672,6165
2016-10-28 19:00:00,68.37,transfer,1.0,82.8141,0.0,66.0261,66.0261,82.8141,94.318,18.7241,28.1347,6166
2016-10-28 20:00:00,62.3,transfer,1.0,82.7564,0.0,96.3867,96.3867,82.7564,94.3174,18.7935,28.1721,6167
2016-10-28 21:00:00,60.19,transfer,1.0,82.7048,0.0,89.0637,89.0637,82.7048,94.3174,18.7958,28.1362,6168
2016-10-28 22:00:00,58.77,transfer,1.0,82.6394,0.0,83.8777,83.8777,82.6394,94.3174,18.8037,28.102,6169
2016-10-28 23:00:00,57.74,transfer,1.0,82.5797,0.0,96.7569,96.7569,82.5797,94.3173,18.8042,28.0571,6170
2016-10-29 00:00:00,58.92,transfer,1.0,82.5475,0.0,90.6379,90.6379,82.5475,94.3175,18.8051,28.0102,6171
2016-10-29 01:00:00,57.74,transfer,1.0,82.4472,0.0,98.8806,98.8806,82.4472,94.3171,18.8104,27.9639,6172
2016-10-29 02:00:00,57.39,transfer,1.0,82.3477,0.0,67.8816,67.8816,82.3477,94.3165,18.811,27.9109,6173
2016-10-29 03:00:00,57.27,transfer,1.0,82.2653,0.0,75.7946,75.7946,82.2653,94.3167,18.8119,27.8591,6174
2016-10-29 04:00:00,57.9,transfer,1.0,82.2057,0.0,66.1457,66.1457,82.2057,94.3168,18.824,27.8219,6175
2016-10-29 05:00:00,59.23,transfer,1.0,82.1844,0.0,80.5009,80.5009,82.1844,94.3167,18.8216,27.7749,6176
2016-10-29 06:00:00,58.11,transfer,1.0,82.1993,0.0,88.1225,88.1225,82.1993,94.3168,18.8204,27.7366,6177
2016-10-29 07:00:00,55.11,transfer,1.0,82.2564,0.0,94.3228,94.3228,82.2564,94.317,18.8136,27.7006,6178
2016-10-29 08:00:00,52.09,transfer,1.0,82.3024,0.0,76.2259,76.2259,82.3024,94.3169,18.7841,27.6499,6179
2016-10-29 09:00:00,52.1,transfer,1.0,82.2817,0.0,85.0574,85.0574,82.2817,94.3169,18.7501,27.5989,6180
2016-10-29 10:00:00,52.46,transfer,1.0,82.2009,0.0,72.8675,72.8675,82.2009,94.317,18.711,27.5449,6181
2016-10-29 11:00:00,53.8,transfer,1.0,82.067,0.0,87.4585,87.4585,82.067,94.3169,18.7007,27.521,6182
2016-10-29 12:00:00,53.71,transfer,1.0,81.8803,0.0,83.8216,83.8216,81.8803,94.3167,18.7075,27.5146,6183
2016-10-29 13:00:00,53.13,transfer,1.0,81.618,0.0,74.7735,74.7735,81.618,94.3167,18.7215,27.5152,6184
2016-10-29 14:00:00,53.69,transfer,1.0,81.1904,0.0,89.8785,89.8785,81.1904,94.3167,18.7282,27.5078,6185
2016-10-29 15:00:00,55.1,transfer,1.0,80.5199,0.0,80.3816,80.3816,80.5199,94.3166,18.7191,27.4838,6186
2016-10-29 16:00:00,54.72,transfer,1.0,79.5487,0.0,70.1487,70.1487,79.5487,94.3167,18.7077,27.4556,6187
2016-10-29 17:00:00,54.02,transfer,1.0,78.2669,0.0,73.743,73.743,78.2669,94.3168,18.7057,27.4329,6188
2016-10-29 18:00:00,56.62,transfer,1.0,76.5636,0.0,66.6568,66.6568,76.5636,94.3168,18.7047,27.4063,6189
2016-10-29 19:00:00,58.49,transfer,1.0,74.4014,0.0,71.1107,71.1107,74.4014,94.3168,18.7135,27.3862,6190
2016-10-29 20:00:00,58.26,transfer,1.0,72.5744,0.0,69.5726,69.5726,72.5744,94.3164,18.7185,27.3598,6191
2016-10-29 21:00:00,58.03,transfer,1.0,70.5636,0.0,72.0845,72.0845,70.5636,94.316,18.7234,27.3341,6192
2016-10-29 22:00:00,57.51,transfer,1.0,68.6332,0.0,66.8058,66.8058,68.6332,94.316,18.7261,27.3092,6193
2016-10-29 23:00:00,58.75,transfer,1.0,67.0366,0.0,65.8357,65.8357,67.0366,94.3162,18.7148,27.274,6194
2016-10-30 00:00:00,57.64,transfer,1.0,65.7796,0.0,66.0603,66.0603,65.7796,94.3165,18.7132,27.2525,6195
2016-10-30 01:00:00,57.72,transfer,1.0,65.2745,0.0,68.0065,68.0065,65.2745,94.3165,18.6991,27.223,6196
2016-10-30 02:00:00,57.37,transfer,1.0,65.6263,0.0,72.7709,72.7709,65.6263,94.3166,18.6856,27.1961,6197
2016-10-30 03:00:00,57.35,transfer,1.0,66.5013,0.0,64.0687,64.0687,66.5013,94.3167,18.6686,27.1688,6198
2016-10-30 04:00:00,61.26,transfer,1.0,68.0567,0.0,77.1938,77.1938,68.0567,94.3167,18.6425,27.1354,6199
2016-10-30 05:00:00,59.73,transfer,1.0,70.1367,0.0,73.1494,73.1494,70.1367,94.3168,18.6256,27.1134,6200
2016-10-30 06:00:00,58.94,transfer,1.0,72.5546,0.0,63.1882,63.1882,72.5546,94.3169,18.6133,27.0969,6201
2016-10-30 07:00:00,55.61,transfer,1.0,74.9378,0.0,74.9195,74.9195,74.9378,94.3171,18.5912,27.0711,6202
2016-10-30 08:00:00,51.76,transfer,1.0,76.9844,0.0,88.5104,88.5104,76.9844,94.3172,18.5774,27.054,6203
2016-10-30 09:00:00,51.62,transfer,1.0,78.2168,0.0,83.6609,83.6609,78.2168,94.3174,18.5664,27.0393,6204
2016-10-30 10:00:00,53.43,transfer,1.0,78.9088,0.0,66.57,66.57,78.9088,94.3174,18.5482,27.0167,6205
2016-10-30 11:00:00,54.55,transfer,1.0,79.289,0.0,56.7964,56.7964,79.289,94.3173,18.5233,26.9873,6206
2016-10-30 12:00:00,55.7,transfer,1.0,79.4371,0.0,77.7002,77.7002,79.4371,94.3172,18.4956,26.9549,6207
2016-10-30 13:00:00,56.38,transfer,1.0,79.3627,0.0,67.1087,67.1087,79.3627,94.3171,18.4609,26.914,6208
2016-10-30 14:00:00,57.0,transfer,1.0,79.0411,0.0,78.9467,78.9467,79.0411,94.317,18.4262,26.8708,6209
2016-10-30 15:00:00,60.84,transfer,1.0,78.4172,0.0,88.8897,88.8897,78.4172,94.3167,18.3702,26.8031,6210
2016-10-30 16:00:00,62.06,transfer,1.0,77.4983,0.0,84.9147,84.9147,77.4983,94.3167,18.3087,26.7258,6211
2016-10-30 17:00:00,60.27,transfer,1.0,76.2383,0.0,86.1325,86.1325,76.2383,94.3168,18.266,26.6623,6212
2016-10-30 18:00:00,60.82,transfer,1.0,74.7944,0.0,78.5832,78.5832,74.7944,94.3169,18.2393,26.6073,6213
2016-10-30 19:00:00,61.89,transfer,1.0,72.9645,0.0,84.2835,84.2835,72.9645,94.317,18.2304,26.5655,6214
2016-10-30 20:00:00,75.96,transfer,1.0,71.4996,0.0,71.6869,71.6869,71.4996,94.3168,18.1857,26.4311,6215
2016-10-30 21:00:00,67.74,transfer,1.0,70.3079,0.0,62.9354,62.9354,70.3079,94.3164,18.1403,26.3459,6216
2016-10-30 22:00:00,72.43,transfer,1.0,69.6407,0.0,63.0081,63.0081,69.6407,94.3163,18.1049,26.2331,6217
2016-10-30 23:00:00,83.14,transfer,1.0,68.9716,0.0,73.171,73.171,68.9716,94.3163,18.142,26.0555,6218
2016-10-31 00:00:00,89.92,transfer,1.0,68.6664,0.0,81.688,81.688,68.6664,94.3162,18.2266,25.8397,6219
2016-10-31 01:00:00,85.02,transfer,1.0,70.0473,0.0,64.7663,64.7663,70.0473,94.3167,18.2667,25.6515,6220
2016-10-31 02:00:00,84.4,transfer,1.0,72.3947,0.0,59.5557,59.5557,72.3947,94.3169,18.2779,25.4675,6221
2016-10-31 03:00:00,68.36,transfer,1.0,74.9025,0.0,86.5881,86.5881,74.9025,94.3171,18.2394,25.3784,6222
2016-10-31 04:00:00,68.89,transfer,1.0,77.3092,0.0,67.4008,67.4008,77.3092,94.3173,18.2123,25.3061,6223
2016-10-31 05:00:00,68.77,transfer,1.0,79.149,0.0,78.2383,78.2383,79.149,94.3174,18.1878,25.2451,6224
2016-10-31 06:00:00,84.24,transfer,1.0,80.5196,0.0,82.921,82.921,80.5196,94.3171,18.2076,25.1985,6225
2016-10-31 07:00:00,91.61,transfer,1.0,81.4991,0.0,90.7334,90.7334,81.4991,94.3174,18.1961,25.1928,6226
2016-10-31 08:00:00,103.1,transfer,1.0,82.174,0.0,72.6352,72.6352,82.174,94.3175,18.2223,25.228,6227
2016-10-31 09:00:00,123.83,transfer,1.0,82.5626,0.0,78.7832,78.7832,82.5626,94.3181,18.3893,25.3992,6228
2016-10-31 10:00:00,130.61,transfer,1.0,82.7841,0.0,88.9157,88.9157,82.7841,94.3181,18.5689,25.581,6229
2016-10-31 11:00:00,130.22,transfer,1.0,82.9083,0.0,84.5044,84.5044,82.9083,94.318,18.7814,25.7944,6230
2016-10-31 12:00:00,125.49,transfer,1.0,82.9671,0.0,75.2911,75.2911,82.9671,94.318,18.9957,25.9499,6231
2016-10-31 13:00:00,119.44,transfer,1.0,82.9942,0.0,67.3199,67.3199,82.9942,94.3182,19.2034,26.0401,6232
2016-10-31 14:00:00,103.86,transfer,1.0,83.0059,0.0,100.6697,100.6697,83.0059,94.3183,19.3077,26.0481,6233
2016-10-31 15:00:00,114.2,transfer,1.0,83.0112,0.0,92.6604,92.6604,83.0112,94.3182,19.4825,26.0867,6234
2016-10-31 16:00:00,101.83,transfer,1.0,83.0065,0.0,82.4703,82.4703,83.0065,94.3181,19.5498,26.0174,6235
2016-10-31 17:00:00,96.18,transfer,1.0,83.0032,0.0,98.6191,98.6191,83.0032,94.3181,19.5575,25.8879,6236
2016-10-31 18:00:00,79.34,transfer,1.0,82.9931,0.0,62.6081,62.6081,82.9931,94.3181,19.471,25.798,6237
2016-10-31 19:00:00,79.63,transfer,1.0,82.9798,0.0,77.8642,77.8642,82.9798,94.3182,19.3606,25.6831,6238
2016-10-31 20:00:00,73.95,transfer,1.0,82.9618,0.0,63.4121,63.4121,82.9618,94.3179,19.2121,25.5292,6239
2016-10-31 21:00:00,69.91,transfer,1.0,82.9519,0.0,86.803,86.803,82.9519,94.3179,19.0813,25.3913,6240
2016-10-31 22:00:00,68.3,transfer,1.0,82.9455,0.0,83.4114,83.4114,82.9455,94.3179,18.9607,25.2615,6241
2016-10-31 23:00:00,71.24,transfer,1.0,82.9445,0.0,88.406,88.406,82.9445,94.3178,18.8234,25.1123,6242
2016-11-01 00:00:00,68.61,transfer,1.0,82.951,0.0,82.2165,82.2165,82.951,94.3178,18.7076,24.9831,6243
2016-11-01 01:00:00,70.01,transfer,1.0,82.9693,0.0,90.02,90.02,82.9693,94.3181,18.5776,24.8393,6244
2016-11-01 02:00:00,69.47,transfer,1.0,82.9859,0.0,77.2599,77.2599,82.9859,94.3182,18.4484,24.697,6245
2016-11-01 03:00:00,69.0,transfer,1.0,83.0023,0.0,97.413,97.413,83.0023,94.3182,18.3206,24.5572,6246
2016-11-01 04:00:00,71.02,transfer,1.0,83.0156,0.0,90.0248,90.0248,83.0156,94.3182,18.1908,24.4175,6247
2016-11-01 05:00:00,72.23,transfer,1.0,83.0285,0.0,88.7831,88.7831,83.0285,94.3181,18.0856,24.3044,6248
2016-11-01 06:00:00,84.99,transfer,1.0,83.0399,0.0,87.5212,87.5212,83.0399,94.3182,18.0044,24.1941,6249
2016-11-01 07:00:00,99.98,transfer,1.0,83.0502,0.0,79.3389,79.3389,83.0502,94.3183,18.0598,24.1112,6250
2016-11-01 08:00:00,111.56,transfer,1.0,83.0593,0.0,89.2611,89.2611,83.0593,94.3184,18.179,24.1946,6251
2016-11-01 09:00:00,113.95,transfer,1.0,83.0679,0.0,81.0495,81.0495,83.0679,94.3187,18.2874,24.3047,6252
2016-11-01 10:00:00,114.38,transfer,1.0,83.0721,0.0,76.7331,76.7331,83.0721,94.3188,18.3672,24.3856,6253
2016-11-01 11:00:00,108.94,transfer,1.0,83.0738,0.0,90.3382,90.3382,83.0738,94.3188,18.4143,24.4335,6254
2016-11-01 12:00:00,108.76,transfer,1.0,83.0732,0.0,80.7,80.7,83.0732,94.3189,18.4819,24.5018,6255
2016-11-01 13:00:00,102.09,transfer,1.0,83.0703,0.0,85.6373,85.6373,83.0703,94.3189,18.5091,24.5294,6256
2016-11-01 14:00:00,106.36,transfer,1.0,83.0663,0.0,92.2933,92.2933,83.0663,94.3189,18.5719,24.5927,6257
2016-11-01 15:00:00,102.33,transfer,1.0,83.0609,0.0,99.9202,99.9202,83.0609,94.3188,18.6678,24.5541,6258
2016-11-01 16:00:00,92.69,transfer,1.0,83.055,0.0,90.9763,90.9763,83.055,94.3188,18.6649,24.436,6259
2016-11-01 17:00:00,87.94,transfer,1.0,83.0465,0.0,100.0449,100.0449,83.0465,94.3187,18.6153,24.3276,6260
2016-11-01 18:00:00,82.81,transfer,1.0,83.0349,0.0,83.3083,83.3083,83.0349,94.3187,18.5478,24.2592,6261
2016-11-01 19:00:00,77.9,transfer,1.0,83.0205,0.0,77.6099,77.6099,83.0205,94.3187,18.4885,24.1986,6262
2016-11-01 20:00:00,73.81,transfer,1.0,83.0046,0.0,77.7632,77.7632,83.0046,94.3185,18.4271,24.1357,6263
2016-11-01 21:00:00,69.59,transfer,1.0,82.9917,0.0,88.4597,88.4597,82.9917,94.3183,18.3853,24.0922,6264
2016-11-01 22:00:00,67.32,transfer,1.0,82.9782,0.0,93.043,93.043,82.9782,94.318,18.3638,24.0685,6265
2016-11-01 23:00:00,69.03,transfer,1.0,82.9654,0.0,88.3417,88.3417,82.9654,94.318,18.314,24.0162,6266
2016-11-02 00:00:00,69.3,transfer,1.0,82.9568,0.0,92.2067,92.2067,82.9568,94.318,18.275,23.9746,6267
2016-11-02 01:00:00,70.55,transfer,1.0,82.9536,0.0,76.2223,76.2223,82.9536,94.3184,18.221,23.9178,6268
2016-11-02 02:00:00,71.63,transfer,1.0,82.9558,0.0,93.9123,93.9123,82.9558,94.3184,18.164,23.8579,6269
2016-11-02 03:00:00,68.97,transfer,1.0,82.9632,0.0,99.7947,99.7947,82.9632,94.3184,18.121,23.8121,6270
2016-11-02 04:00:00,74.72,transfer,1.0,82.9718,0.0,89.3272,89.3272,82.9718,94.3184,18.0597,23.7482,6271
2016-11-02 05:00:00,70.74,transfer,1.0,82.9824,0.0,82.8012,82.8012,82.9824,94.3183,18.061,23.7476,6272
2016-11-02 06:00:00,86.71,transfer,1.0,82.9926,0.0,93.4346,93.4346,82.9926,94.3185,18.0749,23.7322,6273
2016-11-02 07:00:00,98.65,transfer,1.0,83.0022,0.0,83.3007,83.3007,83.0022,94.3186,18.1255,23.7322,6274
2016-11-02 08:00:00,104.69,transfer,1.0,83.0131,0.0,73.5605,73.5605,83.0131,94.3185,18.1135,23.7209,6275
2016-11-02 09:00:00,124.36,transfer,1.0,83.0245,0.0,82.1925,82.1925,83.0245,94.3186,18.1777,23.7854,6276
2016-11-02 10:00:00,130.97,transfer,1.0,83.0295,0.0,79.4273,79.4273,83.0295,94.3184,18.1881,23.7959,6277
2016-11-02 11:00:00,134.68,transfer,1.0,83.034,0.0,93.0512,93.0512,83.034,94.3181,18.2369,23.8448,6278
2016-11-02 12:00:00,130.52,transfer,1.0,83.033,0.0,90.7423,90.7423,83.033,94.318,18.3024,23.9103,6279
2016-11-02 13:00:00,134.8,transfer,1.0,83.0283,0.0,88.4415,88.4415,83.0283,94.3179,18.4307,24.0384,6280
2016-11-02 14:00:00,132.88,transfer,1.0,83.0186,0.0,86.9592,86.9592,83.0186,94.3179,18.5338,24.1413,6281
2016-11-02 15:00:00,125.65,transfer,1.0,83.0073,0.0,87.5947,87.5947,83.0073,94.3178,18.6463,24.2536,6282
2016-11-02 16:00:00,112.81,transfer,1.0,82.9886,0.0,91.7011,91.7011,82.9886,94.3179,18.7087,24.3156,6283
2016-11-02 17:00:00,102.23,transfer,1.0,82.9606,0.0,75.8028,75.8028,82.9606,94.3179,18.7366,24.3432,6284
2016-11-02 18:00:00,84.86,transfer,1.0,82.9159,0.0,80.94,80.94,82.9159,94.318,18.7209,24.3596,6285
2016-11-02 19:00:00,87.12,transfer,1.0,82.8461,0.0,61.2106,61.2106,82.8461,94.3184,18.7132,24.3021,6286
2016-11-02 20:00:00,66.48,transfer,1.0,82.7463,0.0,90.6748,90.6748,82.7463,94.3181,18.7241,24.3144,6287
2016-11-02 21:00:00,62.49,transfer,1.0,82.6515,0.0,66.6097,66.6097,82.6515,94.3181,18.7373,24.3294,6288
2016-11-02 22:00:00,62.44,transfer,1.0,82.4984,0.0,70.6284,70.6284,82.4984,94.3179,18.7653,24.3601,6289
2016-11-02 23:00:00,61.95,transfer,1.0,82.332,0.0,56.863,56.863,82.332,94.3177,18.7909,24.3892,6290
2016-11-03 00:00:00,62.55,transfer,1.0,82.2048,0.0,78.4077,78.4077,82.2048,94.3178,18.817,24.4196,6291
2016-11-03 01:00:00,60.47,transfer,1.0,82.1027,0.0,75.0842,75.0842,82.1027,94.3179,18.8458,24.4533,6292
2016-11-03 02:00:00,60.65,transfer,1.0,82.0709,0.0,85.9949,85.9949,82.0709,94.3179,18.8808,24.4933,6293
2016-11-03 03:00:00,60.59,transfer,1.0,82.1145,0.0,81.6322,81.6322,82.1145,94.3179,18.9059,24.5233,6294
2016-11-03 04:00:00,63.24,transfer,1.0,82.2191,0.0,66.2951,66.2951,82.2191,94.3179,18.9305,24.5522,6295
2016-11-03 05:00:00,65.89,transfer,1.0,82.3754,0.0,84.1686,84.1686,82.3754,94.318,18.9403,24.5656,6296
2016-11-03 06:00:00,77.75,transfer,1.0,82.5229,0.0,72.1599,72.1599,82.5229,94.318,18.9507,24.6149,6297
2016-11-03 07:00:00,92.65,transfer,1.0,82.6652,0.0,76.7837,76.7837,82.6652,94.3181,18.9361,24.6182,6298
2016-11-03 08:00:00,104.3,transfer,1.0,82.781,0.0,70.2369,70.2369,82.781,94.3182,18.9378,24.6184,6299
2016-11-03 09:00:00,110.5,transfer,1.0,82.8619,0.0,83.4235,83.4235,82.8619,94.3182,18.9426,24.6222,6300
2016-11-03 10:00:00,108.31,transfer,1.0,82.9073,0.0,88.0011,88.0011,82.9073,94.3182,18.9389,24.6176,6301
2016-11-03 11:00:00,127.88,transfer,1.0,82.9277,0.0,90.9606,90.9606,82.9277,94.318,19.0464,24.7244,6302
2016-11-03 12:00:00,119.22,transfer,1.0,82.9289,0.0,89.1637,89.1637,82.9289,94.3178,19.0965,24.7739,6303
2016-11-03 13:00:00,102.89,transfer,1.0,82.9289,0.0,83.4599,83.4599,82.9289,94.3178,19.0129,24.6896,6304
2016-11-03 14:00:00,113.63,transfer,1.0,82.9071,0.0,77.4286,77.4286,82.9071,94.3181,18.9956,24.6715,6305
2016-11-03 15:00:00,98.76,transfer,1.0,82.8604,0.0,77.7091,77.7091,82.8604,94.3179,18.9148,24.5897,6306
2016-11-03 16:00:00,98.01,transfer,1.0,82.8007,0.0,79.9563,79.9563,82.8007,94.318,18.8973,24.5709,6307
2016-11-03 17:00:00,90.8,transfer,1.0,82.6887,0.0,87.9881,87.9881,82.6887,94.3181,18.864,24.5777,6308
2016-11-03 18:00:00,86.5,transfer,1.0,82.5308,0.0,84.2668,84.2668,82.5308,94.3182,18.8041,24.6083,6309
2016-11-03 19:00:00,74.79,transfer,1.0,82.3066,0.0,86.4541,86.4541,82.3066,94.3184,18.776,24.7196,6310
2016-11-03 20:00:00,66.88,transfer,1.0,82.0986,0.0,88.5129,88.5129,82.0986,94.3183,18.8439,24.7921,6311
2016-11-03 21:00:00,62.86,transfer,1.0,81.8307,0.0,77.6677,77.6677,81.8307,94.3183,18.8287,24.7827,6312
2016-11-03 22:00:00,62.97,transfer,1.0,81.5196,0.0,84.9502,84.9502,81.5196,94.3182,18.8125,24.7737,6313
2016-11-03 23:00:00,61.62,transfer,1.0,81.2739,0.0,68.2016,68.2016,81.2739,94.3182,18.8036,24.7727,6314
2016-11-04 00:00:00,62.33,transfer,1.0,81.1615,0.0,85.4124,85.4124,81.1615,94.3182,18.7928,24.7697,6315
2016-11-04 01:00:00,61.33,transfer,1.0,81.1146,0.0,73.4735,73.4735,81.1146,94.3181,18.7759,24.7601,6316
2016-11-04 02:00:00,61.37,transfer,1.0,81.2433,0.0,78.6463,78.6463,81.2433,94.3181,18.766,24.7562,6317
2016-11-04 03:00:00,61.69,transfer,1.0,81.5122,0.0,83.3759,83.3759,81.5122,94.3181,18.7379,24.7324,6318
2016-11-04 04:00:00,63.78,transfer,1.0,81.8531,0.0,83.1131,83.1131,81.8531,94.3182,18.7215,24.7185,6319
2016-11-04 05:00:00,64.41,transfer,1.0,82.1949,0.0,79.1445,79.1445,82.1949,94.3182,18.7097,24.7078,6320
2016-11-04 06:00:00,66.66,transfer,1.0,82.4623,0.0,69.4642,69.4642,82.4623,94.318,18.7834,24.7818,6321
2016-11-04 07:00:00,70.43,transfer,1.0,82.6566,0.0,88.2109,88.2109,82.6566,94.3183,18.825,24.8857,6322
2016-11-04 08:00:00,81.76,transfer,1.0,82.7855,0.0,79.6176,79.6176,82.7855,94.3183,18.7316,24.9296,6323
2016-11-04 09:00:00,85.95,transfer,1.0,82.863,0.0,90.9139,90.9139,82.863,94.3185,18.6135,24.9112,6324
2016-11-04 10:00:00,86.36,transfer,1.0,82.9145,0.0,69.2258,69.2258,82.9145,94.3185,18.536,24.9283,6325
2016-11-04 11:00:00,86.87,transfer,1.0,82.9465,0.0,73.9738,73.9738,82.9465,94.3185,18.4742,24.9552,6326
2016-11-04 12:00:00,87.07,transfer,1.0,82.9615,0.0,58.1797,58.1797,82.9615,94.3186,18.4235,24.9908,6327
2016-11-04 13:00:00,86.56,transfer,1.0,82.9643,0.0,95.8543,95.8543,82.9643,94.3187,18.3821,25.0322,6328
2016-11-04 14:00:00,84.5,transfer,1.0,82.9604,0.0,82.4455,82.4455,82.9604,94.3184,18.3639,25.0505,6329
2016-11-04 15:00:00,82.74,transfer,1.0,82.9462,0.0,86.2446,86.2446,82.9462,94.3186,18.3483,25.035,6330
2016-11-04 16:00:00,79.89,transfer,1.0,82.9233,0.0,93.4816,93.4816,82.9233,94.3186,18.3264,25.0132,6331
2016-11-04 17:00:00,67.84,transfer,1.0,82.8923,0.0,77.258,77.258,82.8923,94.3187,18.3691,25.056,6332
2016-11-04 18:00:00,64.64,transfer,1.0,82.8531,0.0,85.689,85.689,82.8531,94.3188,18.3984,25.0853,6333
2016-11-04 19:00:00,60.88,transfer,1.0,82.792,0.0,86.5489,86.5489,82.792,94.3186,18.4428,25.1299,6334
2016-11-04 20:00:00,62.4,transfer,1.0,82.7198,0.0,67.3057,67.3057,82.7198,94.3181,18.442,25.1293,6335
2016-11-04 21:00:00,58.4,transfer,1.0,82.6483,0.0,79.3242,79.3242,82.6483,94.318,18.4523,25.1399,6336
2016-11-04 22:00:00,59.54,transfer,1.0,82.5755,0.0,64.121,64.121,82.5755,94.3179,18.4474,25.1354,6337
2016-11-04 23:00:00,58.28,transfer,1.0,82.5074,0.0,80.3631,80.3631,82.5074,94.3178,18.4437,25.1321,6338
2016-11-05 00:00:00,57.68,transfer,1.0,82.4584,0.0,80.172,80.172,82.4584,94.3178,18.4506,25.1395,6339
2016-11-05 01:00:00,56.96,transfer,1.0,82.3211,0.0,96.9013,96.9013,82.3211,94.3172,18.4545,25.1442,6340
2016-11-05 02:00:00,56.33,transfer,1.0,82.1794,0.0,87.2003,87.2003,82.1794,94.3172,18.4598,25.1505,6341
2016-11-05 03:00:00,56.65,transfer,1.0,82.0678,0.0,69.7327,69.7327,82.0678,94.3171,18.4623,25.1542,6342
2016-11-05 04:00:00,56.3,transfer,1.0,82.0135,0.0,90.8885,90.8885,82.0135,94.3172,18.4707,25.1637,6343
2016-11-05 05:00:00,57.37,transfer,1.0,82.0424,0.0,69.3852,69.3852,82.0424,94.3172,18.4809,25.1748,6344
2016-11-05 06:00:00,57.54,transfer,1.0,82.1381,0.0,71.0003,71.0003,82.1381,94.3172,18.4839,25.1782,6345
2016-11-05 07:00:00,54.37,transfer,1.0,82.2613,0.0,85.6696,85.6696,82.2613,94.3172,18.4884,25.1826,6346
2016-11-05 08:00:00,51.21,transfer,1.0,82.3708,0.0,87.911,87.911,82.3708,94.317,18.494,25.1878,6347
2016-11-05 09:00:00,49.68,transfer,1.0,82.4179,0.0,85.3368,85.3368,82.4179,94.3169,18.5092,25.2022,6348
2016-11-05 10:00:00,51.2,transfer,1.0,82.41,0.0,89.0746,89.0746,82.41,94.3167,18.518,25.2097,6349
2016-11-05 11:00:00,50.81,transfer,1.0,82.3718,0.0,79.9917,79.9917,82.3718,94.3165,18.5376,25.2275,6350
2016-11-05 12:00:00,51.83,transfer,1.0,82.2968,0.0,80.6314,80.6314,82.2968,94.316,18.5512,25.2387,6351
2016-11-05 13:00:00,51.36,transfer,1.0,82.1631,0.0,83.2207,83.2207,82.1631,94.3156,18.565,25.2492,6352
2016-11-05 14:00:00,51.22,transfer,1.0,81.9534,0.0,85.6619,85.6619,81.9534,94.3157,18.5843,25.2639,6353
2016-11-05 15:00:00,51.28,transfer,1.0,81.6052,0.0,87.0387,87.0387,81.6052,94.3155,18.6135,25.2867,6354
2016-11-05 16:00:00,51.16,transfer,1.0,81.0588,0.0,81.699,81.699,81.0588,94.3153,18.6436,25.3078,6355
2016-11-05 17:00:00,50.55,transfer,1.0,80.1749,0.0,79.9267,79.9267,80.1749,94.3152,18.6757,25.3285,6356
2016-11-05 18:00:00,55.79,transfer,1.0,78.8661,0.0,80.4059,80.4059,78.8661,94.3151,18.6943,25.3334,6357
2016-11-05 19:00:00,56.86,transfer,1.0,77.0258,0.0,78.2142,78.2142,77.0258,94.3147,18.7196,25.3431,6358
2016-11-05 20:00:00,56.84,transfer,1.0,75.2252,0.0,63.8065,63.8065,75.2252,94.3143,18.7439,25.3515,6359
2016-11-05 21:00:00,56.38,transfer,1.0,73.2826,0.0,59.3045,59.3045,73.2826,94.3145,18.7699,25.3614,6360
2016-11-05 22:00:00,56.56,transfer,1.0,71.3077,0.0,74.6532,74.6532,71.3077,94.3146,18.7914,25.367,6361
2016-11-05 23:00:00,56.21,transfer,1.0,69.3907,0.0,75.6423,75.6423,69.3907,94.3147,18.8206,25.3821,6362
2016-11-06 00:00:00,56.6,transfer,1.0,67.9472,0.0,62.4569,62.4569,67.9472,94.315,18.8397,25.3883,6363
2016-11-06 01:00:00,56.99,transfer,1.0,63.9024,0.0,69.7438,69.7438,63.9024,94.2647,18.8358,25.3923,6364
2016-11-06 02:00:00,55.79,transfer,1.0,61.7658,0.0,45.1961,45.1961,61.7658,94.3005,18.8223,25.4016,6365
2016-11-06 03:00:00,55.87,transfer,1.0,60.4405,0.0,69.111,69.111,60.4405,94.3104,18.795,25.4104,6366
2016-11-06 04:00:00,56.17,transfer,1.0,60.3827,0.0,68.2346,68.2346,60.3827,94.3139,18.7796,25.4407,6367
2016-11-06 05:00:00,56.82,transfer,1.0,61.9377,0.0,61.2537,61.2537,61.9377,94.3157,18.7481,25.458,6368
2016-11-06 06:00:00,57.35,transfer,1.0,64.6713,0.0,60.5769,60.5769,64.6713,94.3163,18.7107,25.4675,6369
2016-11-06 07:00:00,54.76,transfer,1.0,68.2145,0.0,68.6785,68.6785,68.2145,94.3164,18.6757,25.4725,6370
2016-11-06 08:00:00,50.03,transfer,1.0,72.0605,0.0,74.8693,74.8693,72.0605,94.3169,18.6567,25.4828,6371
2016-11-06 09:00:00,50.77,transfer,1.0,75.0246,0.0,75.8546,75.8546,75.0246,94.3173,18.6428,25.4879,6372
2016-11-06 10:00:00,50.89,transfer,1.0,76.9878,0.0,77.9408,77.9408,76.9878,94.3173,18.6464,25.503,6373
2016-11-06 11:00:00,50.43,transfer,1.0,78.2558,0.0,57.0656,57.0656,78.2558,94.3172,18.6648,25.5275,6374
2016-11-06 12:00:00,50.68,transfer,1.0,79.065,0.0,59.3425,59.3425,79.065,94.3172,18.6925,25.5574,6375
2016-11-06 13:00:00,50.05,transfer,1.0,79.4664,0.0,94.4608,94.4608,79.4664,94.3171,18.7308,25.5951,6376
2016-11-06 14:00:00,50.55,transfer,1.0,79.5534,0.0,88.1762,88.1762,79.5534,94.3171,18.7722,25.6335,6377
2016-11-06 15:00:00,50.71,transfer,1.0,79.4257,0.0,75.961,75.961,79.4257,94.3171,18.8385,25.6938,6378
2016-11-06 16:00:00,50.0,transfer,1.0,79.0634,0.0,76.0151,76.0151,79.0634,94.3169,18.9196,25.7656,6379
2016-11-06 17:00:00,56.61,transfer,1.0,78.4154,0.0,82.1547,82.1547,78.4154,94.3169,18.9544,25.7874,6380
2016-11-06 18:00:00,68.05,transfer,1.0,77.5311,0.0,71.8526,71.8526,77.5311,94.3168,18.9276,25.7443,6381
2016-11-06 19:00:00,65.28,transfer,1.0,76.6446,0.0,61.5795,61.5795,76.6446,94.3169,18.9293,25.7241,6382
2016-11-06 20:00:00,66.1,transfer,1.0,76.4264,0.0,79.7312,79.7312,76.4264,94.3167,18.9643,25.7828,6383
2016-11-06 21:00:00,64.01,transfer,1.0,76.249,0.0,83.4962,83.4962,76.249,94.3167,19.0218,25.805,6384
2016-11-06 22:00:00,62.07,transfer,1.0,75.9285,0.0,61.5283,61.5283,75.9285,94.3164,19.0877,25.8667,6385
2016-11-06 23:00:00,62.84,transfer,1.0,75.7363,0.0,70.967,70.967,75.7363,94.3164,19.0801,25.9875,6386
2016-11-07 00:00:00,62.6,transfer,1.0,75.5163,0.0,75.7248,75.7248,75.5163,94.3161,19.0305,26.1501,6387
2016-11-07 01:00:00,62.39,transfer,1.0,77.3031,0.0,76.6111,76.6111,77.3031,94.3168,19.0302,26.2849,6388
2016-11-07 02:00:00,61.59,transfer,1.0,78.2264,0.0,75.2416,75.2416,78.2264,94.3168,19.0577,26.4206,6389
2016-11-07 03:00:00,61.68,transfer,1.0,79.2708,0.0,71.2091,71.2091,79.2708,94.3169,19.1235,26.4604,6390
2016-11-07 04:00:00,63.66,transfer,1.0,80.3021,0.0,67.1106,67.1106,80.3021,94.317,19.1724,26.4915,6391
2016-11-07 05:00:00,65.56,transfer,1.0,81.2145,0.0,75.5933,75.5933,81.2145,94.3171,19.2038,26.5106,6392
2016-11-07 06:00:00,67.28,transfer,1.0,81.9221,0.0,81.39,81.39,81.9221,94.3172,19.2689,26.6116,6393
2016-11-07 07:00:00,80.74,transfer,1.0,82.3851,0.0,80.997,80.997,82.3851,94.3175,19.2185,26.6763,6394
2016-11-07 08:00:00,88.8,transfer,1.0,82.665,0.0,77.8229,77.8229,82.665,94.3175,19.1304,26.6568,6395
2016-11-07 09:00:00,106.43,transfer,1.0,82.8349,0.0,95.9897,95.9897,82.8349,94.3177,19.0252,26.5533,6396
2016-11-07 10:00:00,127.49,transfer,1.0,82.9348,0.0,81.6189,81.6189,82.9348,94.3177,19.0058,26.5347,6397
2016-11-07 11:00:00,126.58,transfer,1.0,82.9965,0.0,91.8514,91.8514,82.9965,94.3175,18.9836,26.513,6398
2016-11-07 12:00:00,126.09,transfer,1.0,83.0303,0.0,81.1729,81.1729,83.0303,94.3174,18.9868,26.5166,6399
2016-11-07 13:00:00,121.63,transfer,1.0,83.0447,0.0,91.7316,91.7316,83.0447,94.3173,18.9995,26.5297,6400
2016-11-07 14:00:00,117.52,transfer,1.0,83.0509,0.0,85.0879,85.0879,83.0509,94.3173,19.0805,26.611,6401
2016-11-07 15:00:00,121.71,transfer,1.0,83.051,0.0,88.274,88.274,83.051,94.3173,19.125,26.6557,6402
2016-11-07 16:00:00,112.48,transfer,1.0,83.0483,0.0,76.4809,76.4809,83.0483,94.317,19.1881,26.7191,6403
2016-11-07 17:00:00,102.68,transfer,1.0,83.0451,0.0,85.4337,85.4337,83.0451,94.3173,19.2266,26.7578,6404
2016-11-07 18:00:00,96.43,transfer,1.0,83.0392,0.0,71.0481,71.0481,83.0392,94.3174,19.2846,26.6812,6405
2016-11-07 19:00:00,80.83,transfer,1.0,83.0305,0.0,96.2092,96.2092,83.0305,94.3176,19.2777,26.674,6406
2016-11-07 20:00:00,76.39,transfer,1.0,83.0177,0.0,62.5357,62.5357,83.0177,94.3172,19.2635,26.6595,6407
2016-11-07 21:00:00,71.57,transfer,1.0,83.0037,0.0,91.3031,91.3031,83.0037,94.3172,19.2539,26.6496,6408
2016-11-07 22:00:00,68.07,transfer,1.0,82.9906,0.0,75.4913,75.4913,82.9906,94.317,19.2556,26.651,6409
2016-11-07 23:00:00,69.75,transfer,1.0,82.9803,0.0,77.7187,77.7187,82.9803,94.317,19.2647,26.6599,6410
2016-11-08 00:00:00,70.9,transfer,1.0,82.9761,0.0,77.8914,77.8914,82.9761,94.317,19.2512,26.6462,6411
2016-11-08 01:00:00,68.55,transfer,1.0,82.9803,0.0,91.6074,91.6074,82.9803,94.3174,19.2599,26.6549,6412
2016-11-08 02:00:00,70.14,transfer,1.0,82.9894,0.0,77.0913,77.0913,82.9894,94.3175,19.256,26.6509,6413
2016-11-08 03:00:00,69.52,transfer,1.0,82.9994,0.0,87.913,87.913,82.9994,94.3176,19.2529,26.6478,6414
2016-11-08 04:00:00,68.15,transfer,1.0,83.0106,0.0,78.9022,78.9022,83.0106,94.3176,19.2699,26.6649,6415
2016-11-08 05:00:00,69.66,transfer,1.0,83.0226,0.0,74.9047,74.9047,83.0226,94.3178,19.2852,26.6802,6416
2016-11-08 06:00:00,70.18,transfer,1.0,83.0318,0.0,102.4301,102.4301,83.0318,94.3179,19.3501,26.7683,6417
2016-11-08 07:00:00,77.85,transfer,1.0,83.0405,0.0,87.6575,87.6575,83.0405,94.3179,19.2802,26.8327,6418
2016-11-08 08:00:00,89.08,transfer,1.0,83.0481,0.0,71.494,71.494,83.0481,94.3182,19.1464,26.7612,6419
2016-11-08 09:00:00,109.08,transfer,1.0,83.0563,0.0,91.9406,91.9406,83.0563,94.3184,19.1175,26.7322,6420
2016-11-08 10:00:00,116.69,transfer,1.0,83.0614,0.0,78.1997,78.1997,83.0614,94.3184,19.1313,26.746,6421
2016-11-08 11:00:00,121.5,transfer,1.0,83.066,0.0,81.8301,81.8301,83.066,94.3185,19.2062,26.8208,6422
2016-11-08 12:00:00,121.45,transfer,1.0,83.0676,0.0,81.9208,81.9208,83.0676,94.3185,19.2817,26.8963,6423
2016-11-08 13:00:00,123.83,transfer,1.0,83.0672,0.0,77.6466,77.6466,83.0672,94.3188,19.4111,27.0257,6424
2016-11-08 14:00:00,119.69,transfer,1.0,83.0649,0.0,86.6365,86.6365,83.0649,94.319,19.4905,27.105,6425
2016-11-08 15:00:00,126.56,transfer,1.0,83.0621,0.0,75.757,75.757,83.0621,94.319,19.6347,27.2493,6426
2016-11-08 16:00:00,113.22,transfer,1.0,83.0579,0.0,85.8521,85.8521,83.0579,94.3189,19.7569,27.3521,6427
2016-11-08 17:00:00,104.6,transfer,1.0,83.0525,0.0,79.8835,79.8835,83.0525,94.3189,19.856,27.3753,6428
2016-11-08 18:00:00,99.6,transfer,1.0,83.0446,0.0,92.3863,92.3863,83.0446,94.3189,19.9532,27.3382,6429
2016-11-08 19:00:00,88.93,transfer,1.0,83.0348,0.0,91.1959,91.1959,83.0348,94.3188,19.9578,27.2726,6430
2016-11-08 20:00:00,87.54,transfer,1.0,83.0212,0.0,91.7695,91.7695,83.0212,94.3186,19.93,27.1909,6431
2016-11-08 21:00:00,85.11,transfer,1.0,83.0081,0.0,94.5948,94.5948,83.0081,94.3185,19.8628,27.0985,6432
2016-11-08 22:00:00,76.28,transfer,1.0,82.9967,0.0,90.7047,90.7047,82.9967,94.3184,19.8095,27.0451,6433
2016-11-08 23:00:00,68.86,transfer,1.0,82.9874,0.0,86.8773,86.8773,82.9874,94.3184,19.8107,27.0462,6434
2016-11-09 00:00:00,65.63,transfer,1.0,82.9791,0.0,88.8971,88.8971,82.9791,94.3184,19.8327,27.068,6435
2016-11-09 01:00:00,65.15,transfer,1.0,82.9696,0.0,84.0597,84.0597,82.9696,94.3185,19.8649,27.1002,6436
2016-11-09 02:00:00,65.14,transfer,1.0,82.9658,0.0,68.4093,68.4093,82.9658,94.3185,19.9036,27.1388,6437
2016-11-09 03:00:00,65.61,transfer,1.0,82.9699,0.0,90.395,90.395,82.9699,94.3186,19.9236,27.1588,6438
2016-11-09 04:00:00,64.8,transfer,1.0,82.9785,0.0,85.0919,85.0919,82.9785,94.3186,19.9827,27.2178,6439
2016-11-09 05:00:00,67.56,transfer,1.0,82.9898,0.0,79.7921,79.7921,82.9898,94.3187,20.0017,27.2368,6440
2016-11-09 06:00:00,69.32,transfer,1.0,83.0005,0.0,79.1875,79.1875,83.0005,94.3186,20.061,27.3403,6441
2016-11-09 07:00:00,81.76,transfer,1.0,83.0116,0.0,68.6315,68.6315,83.0116,94.3184,19.9753,27.3892,6442
2016-11-09 08:00:00,89.27,transfer,1.0,83.0193,0.0,69.9743,69.9743,83.0193,94.3183,19.8835,27.3576,6443
2016-11-09 09:00:00,107.38,transfer,1.0,83.0302,0.0,87.0686,87.0686,83.0302,94.3182,19.7824,27.2565,6444
2016-11-09 10:00:00,118.73,transfer,1.0,83.0363,0.0,90.6783,90.6783,83.0363,94.318,19.7095,27.1836,6445
2016-11-09 11:00:00,128.05,transfer,1.0,83.0433,0.0,72.624,72.624,83.0433,94.3186,19.6699,27.1442,6446
2016-11-09 12:00:00,129.47,transfer,1.0,83.0474,0.0,79.9987,79.9987,83.0474,94.3184,19.6636,27.1379,6447
2016-11-09 13:00:00,125.96,transfer,1.0,83.0465,0.0,73.3449,73.3449,83.0465,94.3186,19.6109,27.0853,6448
2016-11-09 14:00:00,124.88,transfer,1.0,83.0423,0.0,78.7331,78.7331,83.0423,94.3187,19.5631,27.0377,6449
2016-11-09 15:00:00,125.96,transfer,1.0,83.0342,0.0,80.4047,80.4047,83.0342,94.3189,19.5648,27.0395,6450
2016-11-09 16:00:00,116.13,transfer,1.0,83.0241,0.0,76.1614,76.1614,83.0241,94.319,19.5844,27.0593,6451
2016-11-09 17:00:00,108.08,transfer,1.0,83.0107,0.0,90.0361,90.0361,83.0107,94.3191,19.6189,27.0941,6452
2016-11-09 18:00:00,100.25,transfer,1.0,82.9908,0.0,95.9214,95.9214,82.9908,94.3189,19.71,27.0731,6453
2016-11-09 19:00:00,81.27,transfer,1.0,82.9667,0.0,86.9596,86.9596,82.9667,94.3191,19.6947,27.1079,6454
2016-11-09 20:00:00,78.14,transfer,1.0,82.9368,0.0,72.4574,72.4574,82.9368,94.319,19.6264,27.0385,6455
2016-11-09 21:00:00,64.98,transfer,1.0,82.8992,0.0,83.394,83.394,82.8992,94.3189,19.6131,27.0237,6456
2016-11-09 22:00:00,62.26,transfer,1.0,82.8668,0.0,74.5576,74.5576,82.8668,94.3187,19.6164,27.0248,6457
2016-11-09 23:00:00,63.0,transfer,1.0,82.827,0.0,73.1315,73.1315,82.827,94.3185,19.613,27.0185,6458
2016-11-10 00:00:00,62.54,transfer,1.0,82.7969,0.0,98.3751,98.3751,82.7969,94.3184,19.6166,27.0186,6459
2016-11-10 01:00:00,63.09,transfer,1.0,82.7841,0.0,91.049,91.049,82.7841,94.3186,19.6051,27.003,6460
2016-11-10 02:00:00,62.07,transfer,1.0,82.7953,0.0,74.8379,74.8379,82.7953,94.3186,19.601,26.9945,6461
2016-11-10 03:00:00,61.28,transfer,1.0,82.8271,0.0,60.1788,60.1788,82.8271,94.3183,19.6011,26.9904,6462
2016-11-10 04:00:00,60.7,transfer,1.0,82.8626,0.0,89.4571,89.4571,82.8626,94.3183,19.62,27.0056,6463
2016-11-10 05:00:00,70.25,transfer,1.0,82.9008,0.0,76.7642,76.7642,82.9008,94.3182,19.5972,26.9796,6464
2016-11-10 06:00:00,68.15,transfer,1.0,82.9389,0.0,99.6653,99.6653,82.9389,94.3183,19.6568,27.0368,6465
2016-11-10 07:00:00,80.48,transfer,1.0,82.9779,0.0,95.1232,95.1232,82.9779,94.3186,19.6123,27.1092,6466
2016-11-10 08:00:00,91.31,transfer,1.0,83.0067,0.0,88.8716,88.8716,83.0067,94.3187,19.5336,27.0677,6467
2016-11-10 09:00:00,103.27,transfer,1.0,83.0304,0.0,72.7344,72.7344,83.0304,94.3188,19.4896,27.0247,6468
2016-11-10 10:00:00,111.02,transfer,1.0,83.0455,0.0,97.577,97.577,83.0455,94.3189,19.5049,27.0408,6469
2016-11-10 11:00:00,112.59,transfer,1.0,83.0539,0.0,96.6848,96.6848,83.0539,94.319,19.4131,26.9498,6470
2016-11-10 12:00:00,121.2,transfer,1.0,83.0587,0.0,74.0541,74.0541,83.0587,94.319,19.4241,26.9615,6471
2016-11-10 13:00:00,120.64,transfer,1.0,83.0584,0.0,88.2452,88.2452,83.0584,94.3191,19.529,27.0672,6472
2016-11-10 14:00:00,116.57,transfer,1.0,83.0568,0.0,82.8722,82.8722,83.0568,94.3192,19.5456,27.0847,6473
2016-11-10 15:00:00,121.01,transfer,1.0,83.0543,0.0,74.1693,74.1693,83.0543,94.3191,19.6769,27.2171,6474
2016-11-10 16:00:00,112.84,transfer,1.0,83.0479,0.0,74.4447,74.4447,83.0479,94.3192,19.7637,27.3054,6475
2016-11-10 17:00:00,108.59,transfer,1.0,83.0405,0.0,83.5404,83.5404,83.0405,94.3192,19.8675,27.3694,6476
2016-11-10 18:00:00,98.48,transfer,1.0,83.03,0.0,86.5076,86.5076,83.03,94.3191,19.9358,27.3476,6477
2016-11-10 19:00:00,85.69,transfer,1.0,83.0176,0.0,87.0934,87.0934,83.0176,94.3189,19.907,27.2827,6478
2016-11-10 20:00:00,79.34,transfer,1.0,82.9973,0.0,93.1927,93.1927,82.9973,94.3185,19.8382,27.2086,6479
2016-11-10 21:00:00,68.41,transfer,1.0,82.9743,0.0,92.9702,92.9702,82.9743,94.3185,19.812,27.1755,6480
2016-11-10 22:00:00,60.93,transfer,1.0,82.949,0.0,86.4113,86.4113,82.949,94.3184,19.8326,27.1877,6481
2016-11-10 23:00:00,60.03,transfer,1.0,82.9216,0.0,67.4983,67.4983,82.9216,94.3183,19.8519,27.1971,6482
2016-11-11 00:00:00,59.7,transfer,1.0,82.8952,0.0,83.1626,83.1626,82.8952,94.3182,19.8779,27.2128,6483
2016-11-11 01:00:00,57.45,transfer,1.0,82.8681,0.0,97.098,97.098,82.8681,94.318,19.9114,27.2359,6484
2016-11-11 02:00:00,56.82,transfer,1.0,82.8495,0.0,81.6335,81.6335,82.8495,94.318,19.948,27.263,6485
2016-11-11 03:00:00,56.49,transfer,1.0,82.8496,0.0,75.3934,75.3934,82.8496,94.318,19.9869,27.2939,6486
2016-11-11 04:00:00,56.63,transfer,1.0,82.8597,0.0,85.0237,85.0237,82.8597,94.318,20.0355,27.3365,6487
2016-11-11 05:00:00,57.91,transfer,1.0,82.8787,0.0,93.2266,93.2266,82.8787,94.3181,20.0783,27.3752,6488
2016-11-11 06:00:00,57.99,transfer,1.0,82.9025,0.0,91.0064,91.0064,82.9025,94.3181,20.1325,27.4268,6489
2016-11-11 07:00:00,57.94,transfer,1.0,82.926,0.0,89.1347,89.1347,82.926,94.318,20.2084,27.5011,6490
2016-11-11 08:00:00,54.92,transfer,1.0,82.9495,0.0,78.3033,78.3033,82.9495,94.318,20.3692,27.6609,6491
2016-11-11 09:00:00,50.99,transfer,1.0,82.9659,0.0,94.8088,94.8088,82.9659,94.3181,20.5411,27.869,6492
2016-11-11 10:00:00,50.68,transfer,1.0,82.9672,0.0,86.8365,86.8365,82.9672,94.3184,20.7128,28.0814,6493
2016-11-11 11:00:00,51.84,transfer,1.0,82.9609,0.0,82.9852,82.9852,82.9609,94.3183,20.8747,28.2899,6494
2016-11-11 12:00:00,51.93,transfer,1.0,82.9526,0.0,76.7034,76.7034,82.9526,94.3182,21.0349,28.499,6495
2016-11-11 13:00:00,52.74,transfer,1.0,82.9386,0.0,76.4644,76.4644,82.9386,94.3183,21.1932,28.7004,6496
2016-11-11 14:00:00,52.61,transfer,1.0,82.9208,0.0,75.1458,75.1458,82.9208,94.3183,21.3645,28.8902,6497
2016-11-11 15:00:00,52.93,transfer,1.0,82.8994,0.0,92.2019,92.2019,82.8994,94.3184,21.5417,29.0676,6498
2016-11-11 16:00:00,54.28,transfer,1.0,82.8661,0.0,74.1771,74.1771,82.8661,94.3185,21.6938,29.22,6499
2016-11-11 17:00:00,54.41,transfer,1.0,82.8221,0.0,96.4295,96.4295,82.8221,94.3185,21.7733,29.3,6500
2016-11-11 18:00:00,55.81,transfer,1.0,82.7694,0.0,75.8051,75.8051,82.7694,94.3185,21.8254,29.3525,6501
2016-11-11 19:00:00,61.55,transfer,1.0,82.7004,0.0,96.9246,96.9246,82.7004,94.3185,21.8208,29.3486,6502
2016-11-11 20:00:00,61.34,transfer,1.0,82.6427,0.0,89.6979,89.6979,82.6427,94.3182,21.8267,29.3549,6503
2016-11-11 21:00:00,66.3,transfer,1.0,82.5921,0.0,72.1844,72.1844,82.5921,94.3182,21.7793,29.3078,6504
2016-11-11 22:00:00,62.7,transfer,1.0,82.5538,0.0,61.3565,61.3565,82.5538,94.3181,21.7604,29.289,6505
2016-11-11 23:00:00,63.69,transfer,1.0,82.5157,0.0,85.4114,85.4114,82.5157,94.318,21.7282,29.2568,6506
2016-11-12 00:00:00,67.4,transfer,1.0,82.4896,0.0,87.7885,87.7885,82.4896,94.3181,21.6705,29.199,6507
2016-11-12 01:00:00,55.88,transfer,1.0,82.3907,0.0,81.2901,81.2901,82.3907,94.3176,21.6774,29.2054,6508
2016-11-12 02:00:00,54.88,transfer,1.0,82.325,0.0,81.6245,81.6245,82.325,94.3176,21.6869,29.214,6509
2016-11-12 03:00:00,54.06,transfer,1.0,82.2475,0.0,68.5106,68.5106,82.2475,94.3176,21.7034,29.2295,6510
2016-11-12 04:00:00,54.16,transfer,1.0,82.1934,0.0,71.7512,71.7512,82.1934,94.3176,21.7172,29.2422,6511
2016-11-12 05:00:00,55.29,transfer,1.0,82.1928,0.0,93.1598,93.1598,82.1928,94.3176,21.7305,29.2546,6512
2016-11-12 06:00:00,55.98,transfer,1.0,82.251,0.0,86.3777,86.3777,82.251,94.3175,21.7404,29.2639,6513
2016-11-12 07:00:00,55.77,transfer,1.0,82.3624,0.0,79.5559,79.5559,82.3624,94.3175,21.7327,29.2555,6514
2016-11-12 08:00:00,52.86,transfer,1.0,82.5026,0.0,88.3609,88.3609,82.5026,94.3178,21.7237,29.2457,6515
2016-11-12 09:00:00,48.96,transfer,1.0,82.6145,0.0,86.8134,86.8134,82.6145,94.318,21.7291,29.25,6516
2016-11-12 10:00:00,48.43,transfer,1.0,82.6788,0.0,77.5676,77.5676,82.6788,94.3179,21.7472,29.2665,6517
2016-11-12 11:00:00,49.03,transfer,1.0,82.7121,0.0,87.8892,87.8892,82.7121,94.3177,21.7598,29.2771,6518
2016-11-12 12:00:00,51.46,transfer,1.0,82.727,0.0,84.6755,84.6755,82.727,94.3175,21.7646,29.2793,6519
2016-11-12 13:00:00,52.73,transfer,1.0,82.7296,0.0,90.1009,90.1009,82.7296,94.3172,21.7598,29.2712,6520
2016-11-12 14:00:00,52.57,transfer,1.0,82.715,0.0,86.8768,86.8768,82.715,94.3166,21.7563,29.2632,6521
2016-11-12 15:00:00,52.47,transfer,1.0,82.6825,0.0,86.9512,86.9512,82.6825,94.3161,21.7556,29.2561,6522
2016-11-12 16:00:00,52.48,transfer,1.0,82.6235,0.0,83.8395,83.8395,82.6235,94.3155,21.7571,29.2482,6523
2016-11-12 17:00:00,51.97,transfer,1.0,82.5376,0.0,92.6439,92.6439,82.5376,94.315,21.7627,29.2398,6524
2016-11-12 18:00:00,51.6,transfer,1.0,82.4202,0.0,83.397,83.397,82.4202,94.3148,21.8088,29.2647,6525
2016-11-12 19:00:00,54.86,transfer,1.0,82.2645,0.0,91.8194,91.8194,82.2645,94.3142,21.8519,29.2766,6526
2016-11-12 20:00:00,56.82,transfer,1.0,82.0874,0.0,84.9727,84.9727,82.0874,94.3136,21.8928,29.2767,6527
2016-11-12 21:00:00,56.31,transfer,1.0,81.8791,0.0,77.3159,77.3159,81.8791,94.3134,21.9444,29.2771,6528
2016-11-12 22:00:00,56.04,transfer,1.0,81.6508,0.0,79.7195,79.7195,81.6508,94.3137,22.0091,29.2802,6529
2016-11-12 23:00:00,55.81,transfer,1.0,81.3913,0.0,87.4876,87.4876,81.3913,94.314,22.0829,29.2826,6530
2016-11-13 00:00:00,55.95,transfer,1.0,81.0689,0.0,92.3694,92.3694,81.0689,94.3144,22.1649,29.2865,6531
2016-11-13 01:00:00,56.23,transfer,1.0,80.8005,0.0,92.9689,92.9689,80.8005,94.3149,22.27,29.2913,6532
2016-11-13 02:00:00,55.42,transfer,1.0,80.5634,0.0,67.1003,67.1003,80.5634,94.3154,22.3841,29.2936,6533
2016-11-13 03:00:00,55.33,transfer,1.0,80.447,0.0,87.2354,87.2354,80.447,94.316,22.5064,29.2968,6534
2016-11-13 04:00:00,55.32,transfer,1.0,80.4565,0.0,60.3253,60.3253,80.4565,94.3162,22.6309,29.3019,6535
2016-11-13 05:00:00,57.7,transfer,1.0,80.6607,0.0,77.412,77.412,80.6607,94.3165,22.7371,29.2967,6536
2016-11-13 06:00:00,57.53,transfer,1.0,81.0907,0.0,84.7747,84.7747,81.0907,94.3167,22.8338,29.2956,6537
2016-11-13 07:00:00,57.48,transfer,1.0,81.5703,0.0,92.3748,92.3748,81.5703,94.3169,22.8971,29.2794,6538
2016-11-13 08:00:00,53.88,transfer,1.0,81.9932,0.0,83.8582,83.8582,81.9932,94.3173,22.9333,29.2565,6539
2016-11-13 09:00:00,50.22,transfer,1.0,82.283,0.0,96.8008,96.8008,82.283,94.3174,22.9798,29.2598,6540
2016-11-13 10:00:00,50.51,transfer,1.0,82.447,0.0,78.0905,78.0905,82.447,94.3173,23.0145,29.262,6541
2016-11-13 11:00:00,51.31,transfer,1.0,82.5374,0.0,88.6915,88.6915,82.5374,94.3174,23.0348,29.2568,6542
2016-11-13 12:00:00,51.54,transfer,1.0,82.5838,0.0,62.836,62.836,82.5838,94.3174,23.0506,29.2517,6543
2016-11-13 13:00:00,52.22,transfer,1.0,82.598,0.0,74.9285,74.9285,82.598,94.3173,23.0563,29.2388,6544
2016-11-13 14:00:00,51.99,transfer,1.0,82.5798,0.0,86.4043,86.4043,82.5798,94.3171,23.0658,29.2302,6545
2016-11-13 15:00:00,52.44,transfer,1.0,82.5215,0.0,73.6452,73.6452,82.5215,94.3169,23.0739,29.2199,6546
2016-11-13 16:00:00,53.68,transfer,1.0,82.4305,0.0,89.5622,89.5622,82.4305,94.3168,23.0721,29.198,6547
2016-11-13 17:00:00,53.71,transfer,1.0,82.2767,0.0,83.5974,83.5974,82.2767,94.3167,23.1123,29.2152,6548
2016-11-13 18:00:00,55.5,transfer,1.0,82.0472,0.0,79.2461,79.2461,82.0472,94.3167,23.2139,29.2899,6549
2016-11-13 19:00:00,60.16,transfer,1.0,81.7224,0.0,75.3832,75.3832,81.7224,94.3168,23.2746,29.3204,6550
2016-11-13 20:00:00,60.68,transfer,1.0,81.3879,0.0,89.8827,89.8827,81.3879,94.3164,23.3364,29.3527,6551
2016-11-13 21:00:00,65.14,transfer,1.0,81.0047,0.0,78.8395,78.8395,81.0047,94.3163,23.358,29.346,6552
2016-11-13 22:00:00,61.73,transfer,1.0,80.5459,0.0,74.4101,74.4101,80.5459,94.3164,23.3875,29.348,6553
2016-11-13 23:00:00,62.66,transfer,1.0,80.0739,0.0,96.8842,96.8842,80.0739,94.3164,23.4144,29.349,6554
2016-11-14 00:00:00,66.43,transfer,1.0,79.565,0.0,74.4697,74.4697,79.565,94.3165,23.4157,29.3263,6555
2016-11-14 01:00:00,68.65,transfer,1.0,79.5949,0.0,95.4595,95.4595,79.5949,94.3169,23.392,29.289,6556
2016-11-14 02:00:00,66.68,transfer,1.0,79.9973,0.0,75.8193,75.8193,79.9973,94.3171,23.3723,29.2587,6557
2016-11-14 03:00:00,66.53,transfer,1.0,80.528,0.0,80.3297,80.3297,80.528,94.3172,23.3509,29.2298,6558
2016-11-14 04:00:00,61.8,transfer,1.0,81.1154,0.0,80.7321,80.7321,81.1154,94.3173,23.3668,29.2409,6559
2016-11-14 05:00:00,63.74,transfer,1.0,81.6796,0.0,77.5952,77.5952,81.6796,94.3175,23.3804,29.2517,6560
2016-11-14 06:00:00,64.86,transfer,1.0,82.1164,0.0,76.6171,76.6171,82.1164,94.3176,23.396,29.2661,6561
2016-11-14 07:00:00,80.46,transfer,1.0,82.4577,0.0,81.9573,81.9573,82.4577,94.3179,23.3981,29.2678,6562
2016-11-14 08:00:00,90.36,transfer,1.0,82.697,0.0,79.1079,79.1079,82.697,94.318,23.4072,29.2585,6563
2016-11-14 09:00:00,102.24,transfer,1.0,82.8572,0.0,83.4213,83.4213,82.8572,94.3179,23.3821,29.2336,6564
2016-11-14 10:00:00,115.46,transfer,1.0,82.9503,0.0,87.7228,87.7228,82.9503,94.3178,23.3104,29.162,6565
2016-11-14 11:00:00,119.08,transfer,1.0,83.005,0.0,89.0438,89.0438,83.005,94.3177,23.2657,29.1173,6566
2016-11-14 12:00:00,116.86,transfer,1.0,83.0341,0.0,85.1518,85.1518,83.0341,94.3179,23.2107,29.0624,6567
2016-11-14 13:00:00,112.14,transfer,1.0,83.048,0.0,83.8784,83.8784,83.048,94.3181,23.1542,29.0059,6568
2016-11-14 14:00:00,107.1,transfer,1.0,83.0534,0.0,68.1208,68.1208,83.0534,94.3182,23.0922,28.9439,6569
2016-11-14 15:00:00,103.9,transfer,1.0,83.0542,0.0,93.7026,93.7026,83.0542,94.3183,22.9862,28.8379,6570
2016-11-14 16:00:00,102.53,transfer,1.0,83.0527,0.0,84.5223,84.5223,83.0527,94.3181,22.9269,28.7786,6571
2016-11-14 17:00:00,93.22,transfer,1.0,83.0479,0.0,76.7759,76.7759,83.0479,94.3181,22.8706,28.7354,6572
2016-11-14 18:00:00,87.77,transfer,1.0,83.0422,0.0,77.4058,77.4058,83.0422,94.3182,22.819,28.7618,6573
2016-11-14 19:00:00,74.8,transfer,1.0,83.0346,0.0,71.7759,71.7759,83.0346,94.3183,22.8549,28.7977,6574
2016-11-14 20:00:00,72.12,transfer,1.0,83.0256,0.0,73.8131,73.8131,83.0256,94.3182,22.8804,28.8231,6575
2016-11-14 21:00:00,64.53,transfer,1.0,83.0172,0.0,76.2306,76.2306,83.0172,94.3182,22.9224,28.865,6576
2016-11-14 22:00:00,61.57,transfer,1.0,83.0107,0.0,95.699,95.699,83.0107,94.3181,22.9612,28.9037,6577
2016-11-14 23:00:00,61.52,transfer,1.0,83.0038,0.0,91.0746,91.0746,83.0038,94.3179,23.0103,28.9527,6578
2016-11-15 00:00:00,62.78,transfer,1.0,83.0019,0.0,63.051,63.051,83.0019,94.318,23.0588,29.001,6579
2016-11-15 01:00:00,61.36,transfer,1.0,83.0065,0.0,77.8973,77.8973,83.0065,94.3183,23.1018,29.0438,6580
2016-11-15 02:00:00,62.0,transfer,1.0,83.0141,0.0,84.1177,84.1177,83.0141,94.3184,23.1504,29.0923,6581
2016-11-15 03:00:00,61.51,transfer,1.0,83.0226,0.0,74.8893,74.8893,83.0226,94.3184,23.1982,29.14,6582
2016-11-15 04:00:00,60.89,transfer,1.0,83.0317,0.0,91.4133,91.4133,83.0317,94.3185,23.2415,29.1832,6583
2016-11-15 05:00:00,62.74,transfer,1.0,83.0394,0.0,65.8268,65.8268,83.0394,94.3185,23.2828,29.2244,6584
2016-11-15 06:00:00,65.22,transfer,1.0,83.0465,0.0,93.7803,93.7803,83.0465,94.3185,23.3124,29.2539,6585
2016-11-15 07:00:00,76.44,transfer,1.0,83.0526,0.0,77.9489,77.9489,83.0526,94.3186,23.3209,29.2623,6586
2016-11-15 08:00:00,87.94,transfer,1.0,83.0586,0.0,68.7941,68.7941,83.0586,94.3186,23.314,29.2691,6587
2016-11-15 09:00:00,103.91,transfer,1.0,83.0664,0.0,95.4094,95.4094,83.0664,94.3188,23.2832,29.2383,6588
2016-11-15 10:00:00,108.71,transfer,1.0,83.0719,0.0,80.1348,80.1348,83.0719,94.3189,23.2356,29.1908,6589
2016-11-15 11:00:00,112.22,transfer,1.0,83.0761,0.0,82.5179,82.5179,83.0761,94.3189,23.1803,29.1356,6590
2016-11-15 12:00:00,110.43,transfer,1.0,83.0778,0.0,64.7579,64.7579,83.0778,94.3189,23.1147,29.07,6591
2016-11-15 13:00:00,109.96,transfer,1.0,83.0776,0.0,84.5404,84.5404,83.0776,94.3188,23.0321,28.9874,6592
2016-11-15 14:00:00,106.42,transfer,1.0,83.0754,0.0,81.3694,81.3694,83.0754,94.3189,22.953,28.9084,6593
2016-11-15 15:00:00,109.55,transfer,1.0,83.0725,0.0,94.8376,94.8376,83.0725,94.319,22.8517,28.8072,6594
2016-11-15 16:00:00,98.47,transfer,1.0,83.0682,0.0,60.039,60.039,83.0682,94.3189,22.7638,28.7194,6595
2016-11-15 17:00:00,90.04,transfer,1.0,83.0627,0.0,83.096,83.096,83.0627,94.3189,22.6771,28.6837,6596
2016-11-15 18:00:00,85.75,transfer,1.0,83.0544,0.0,88.6868,88.6868,83.0544,94.3189,22.5946,28.7032,6597
2016-11-15 19:00:00,81.02,transfer,1.0,83.0441,0.0,79.1344,79.1344,83.0441,94.3188,22.5716,28.7503,6598
2016-11-15 20:00:00,77.72,transfer,1.0,83.0313,0.0,79.1186,79.1186,83.0313,94.3186,22.5763,28.8088,6599
2016-11-15 21:00:00,74.07,transfer,1.0,83.0219,0.0,63.8418,63.8418,83.0219,94.3184,22.6171,28.8745,6600
2016-11-15 22:00:00,69.39,transfer,1.0,83.0132,0.0,76.1461,76.1461,83.0132,94.318,22.6582,28.9155,6601
2016-11-15 23:00:00,66.51,transfer,1.0,83.0048,0.0,79.0853,79.0853,83.0048,94.3181,22.6723,28.9295,6602
2016-11-16 00:00:00,64.98,transfer,1.0,82.9977,0.0,86.6998,86.6998,82.9977,94.3181,22.6762,28.9334,6603
2016-11-16 01:00:00,64.33,transfer,1.0,82.9931,0.0,83.6266,83.6266,82.9931,94.3183,22.6813,28.9382,6604
2016-11-16 02:00:00,63.74,transfer,1.0,82.9936,0.0,89.1801,89.1801,82.9936,94.3187,22.6898,28.9466,6605
2016-11-16 03:00:00,63.91,transfer,1.0,82.9988,0.0,92.0112,92.0112,82.9988,94.3187,22.7001,28.9567,6606
2016-11-16 04:00:00,62.63,transfer,1.0,83.0066,0.0,78.5418,78.5418,83.0066,94.3188,22.7131,28.9696,6607
2016-11-16 05:00:00,72.54,transfer,1.0,83.0159,0.0,95.3206,95.3206,83.0159,94.3189,22.6837,28.94,6608
2016-11-16 06:00:00,70.79,transfer,1.0,83.0251,0.0,79.7635,79.7635,83.0251,94.319,22.6751,28.9312,6609
2016-11-16 07:00:00,85.18,transfer,1.0,83.0354,0.0,65.3053,65.3053,83.0354,94.3189,22.6804,28.9109,6610
2016-11-16 08:00:00,94.64,transfer,1.0,83.0442,0.0,68.8523,68.8523,83.0442,94.3188,22.7122,28.8827,6611
2016-11-16 09:00:00,105.9,transfer,1.0,83.0544,0.0,83.1636,83.1636,83.0544,94.3188,22.7032,28.8739,6612
2016-11-16 10:00:00,118.73,transfer,1.0,83.0605,0.0,89.102,89.102,83.0605,94.3187,22.7031,28.8739,6613
2016-11-16 11:00:00,128.05,transfer,1.0,83.0645,0.0,86.2961,86.2961,83.0645,94.3188,22.703,28.8739,6614
2016-11-16 12:00:00,129.47,transfer,1.0,83.0671,0.0,78.1255,78.1255,83.0671,94.3186,22.7028,28.8739,6615
2016-11-16 13:00:00,125.96,transfer,1.0,83.0671,0.0,89.7228,89.7228,83.0671,94.3185,22.7027,28.8739,6616
2016-11-16 14:00:00,124.88,transfer,1.0,83.0635,0.0,105.4521,105.4521,83.0635,94.3186,22.7026,28.8739,6617
2016-11-16 15:00:00,125.96,transfer,1.0,83.0575,0.0,81.1985,81.1985,83.0575,94.3186,22.7025,28.8739,6618
2016-11-16 16:00:00,116.13,transfer,1.0,83.0498,0.0,90.0963,90.0963,83.0498,94.3186,22.7023,28.8739,6619
2016-11-16 17:00:00,108.08,transfer,1.0,83.0374,0.0,102.9779,102.9779,83.0374,94.3186,22.7021,28.8739,6620
2016-11-16 18:00:00,100.25,transfer,1.0,83.0222,0.0,84.4476,84.4476,83.0222,94.3188,22.702,28.8739,6621
2016-11-16 19:00:00,81.27,transfer,1.0,83.0034,0.0,83.3813,83.3813,83.0034,94.3188,22.7022,28.8739,6622
2016-11-16 20:00:00,78.14,transfer,1.0,82.9788,0.0,73.4849,73.4849,82.9788,94.3186,22.7024,28.8739,6623
2016-11-16 21:00:00,64.98,transfer,1.0,82.9512,0.0,82.187,82.187,82.9512,94.3184,22.7027,28.8739,6624
2016-11-16 22:00:00,62.26,transfer,1.0,82.9244,0.0,101.9929,101.9929,82.9244,94.3181,22.7031,28.8739,6625
2016-11-16 23:00:00,63.0,transfer,1.0,82.8906,0.0,77.4281,77.4281,82.8906,94.318,22.7035,28.8739,6626
2016-11-17 00:00:00,62.54,transfer,1.0,82.8621,0.0,82.4646,82.4646,82.8621,94.3179,22.7038,28.8739,6627
2016-11-17 01:00:00,63.09,transfer,1.0,82.8387,0.0,67.4847,67.4847,82.8387,94.3178,22.7042,28.8739,6628
2016-11-17 02:00:00,62.07,transfer,1.0,82.8256,0.0,87.9371,87.9371,82.8256,94.3179,22.7043,28.8739,6629
2016-11-17 03:00:00,61.28,transfer,1.0,82.8263,0.0,85.4876,85.4876,82.8263,94.318,22.7043,28.8739,6630
2016-11-17 04:00:00,60.7,transfer,1.0,82.8348,0.0,85.7768,85.7768,82.8348,94.318,22.7042,28.8739,6631
2016-11-17 05:00:00,70.25,transfer,1.0,82.8504,0.0,78.8841,78.8841,82.8504,94.3179,22.7039,28.8739,6632
2016-11-17 06:00:00,68.15,transfer,1.0,82.8763,0.0,87.5032,87.5032,82.8763,94.3182,22.7035,28.8739,6633
2016-11-17 07:00:00,80.48,transfer,1.0,82.9133,0.0,78.0549,78.0549,82.9133,94.3182,22.7031,28.8739,6634
2016-11-17 08:00:00,91.31,transfer,1.0,82.9485,0.0,90.4365,90.4365,82.9485,94.3183,22.7035,28.8739,6635
2016-11-17 09:00:00,103.27,transfer,1.0,82.9814,0.0,78.3857,78.3857,82.9814,94.3183,22.7038,28.8739,6636
2016-11-17 10:00:00,111.02,transfer,1.0,83.0024,0.0,90.5514,90.5514,83.0024,94.3183,22.704,28.8739,6637
2016-11-17 11:00:00,112.59,transfer,1.0,83.0153,0.0,95.8829,95.8829,83.0153,94.3183,22.7042,28.8739,6638
2016-11-17 12:00:00,121.2,transfer,1.0,83.0219,0.0,70.1707,70.1707,83.0219,94.3184,22.7045,28.8739,6639
2016-11-17 13:00:00,120.64,transfer,1.0,83.0218,0.0,67.4969,67.4969,83.0218,94.3185,22.7047,28.8739,6640
2016-11-17 14:00:00,116.57,transfer,1.0,83.0187,0.0,61.9966,61.9966,83.0187,94.3184,22.7049,28.8739,6641
2016-11-17 15:00:00,121.01,transfer,1.0,83.0117,0.0,90.693,90.693,83.0117,94.3183,22.7052,28.8739,6642
2016-11-17 16:00:00,112.84,transfer,1.0,82.998,0.0,74.2806,74.2806,82.998,94.3184,22.7055,28.8739,6643
2016-11-17 17:00:00,108.59,transfer,1.0,82.9801,0.0,71.2392,71.2392,82.9801,94.3184,22.7058,28.8739,6644
2016-11-17 18:00:00,98.48,transfer,1.0,82.9541,0.0,86.2039,86.2039,82.9541,94.3185,22.7063,28.8739,6645
2016-11-17 19:00:00,85.69,transfer,1.0,82.9212,0.0,80.6973,80.6973,82.9212,94.3185,22.7068,28.8739,6646
2016-11-17 20:00:00,79.34,transfer,1.0,82.8733,0.0,82.6403,82.6403,82.8733,94.3184,22.7061,28.8739,6647
2016-11-17 21:00:00,68.41,transfer,1.0,82.8217,0.0,93.8369,93.8369,82.8217,94.3183,22.7052,28.8739,6648
2016-11-17 22:00:00,60.93,transfer,1.0,82.7597,0.0,94.8216,94.8216,82.7597,94.3181,22.7041,28.8739,6649
2016-11-17 23:00:00,60.03,transfer,1.0,82.6889,0.0,81.5429,81.5429,82.6889,94.318,22.7027,28.8739,6650
2016-11-18 00:00:00,59.7,transfer,1.0,82.6212,0.0,84.5907,84.5907,82.6212,94.3178,22.7011,28.8739,6651
2016-11-18 01:00:00,59.93,transfer,1.0,82.5645,0.0,91.2513,91.2513,82.5645,94.3177,22.6845,28.8591,6652
2016-11-18 02:00:00,57.87,transfer,1.0,82.5503,0.0,87.8422,87.8422,82.5503,94.3178,22.6765,28.8529,6653
2016-11-18 03:00:00,58.03,transfer,1.0,82.566,0.0,100.1771,100.1771,82.566,94.3177,22.6656,28.8437,6654
2016-11-18 04:00:00,57.16,transfer,1.0,82.6096,0.0,67.1465,67.1465,82.6096,94.3177,22.661,28.8406,6655
2016-11-18 05:00:00,67.59,transfer,1.0,82.6724,0.0,81.061,81.061,82.6724,94.3177,22.6021,28.783,6656
2016-11-18 06:00:00,65.38,transfer,1.0,82.742,0.0,89.6806,89.6806,82.742,94.3178,22.5572,28.739,6657
2016-11-18 07:00:00,70.99,transfer,1.0,82.8224,0.0,69.1905,69.1905,82.8224,94.3178,22.4789,28.6613,6658
2016-11-18 08:00:00,74.31,transfer,1.0,82.888,0.0,95.753,95.753,82.888,94.318,22.3631,28.5459,6659
2016-11-18 09:00:00,84.08,transfer,1.0,82.9362,0.0,98.0896,98.0896,82.9362,94.318,22.1796,28.3489,6660
2016-11-18 10:00:00,89.15,transfer,1.0,82.9661,0.0,90.8585,90.8585,82.9661,94.318,22.0242,28.1199,6661
2016-11-18 11:00:00,94.84,transfer,1.0,82.9869,0.0,84.8726,84.8726,82.9869,94.318,21.9095,27.8702,6662
2016-11-18 12:00:00,96.74,transfer,1.0,82.9985,0.0,71.8975,71.8975,82.9985,94.318,21.8066,27.6323,6663
2016-11-18 13:00:00,98.27,transfer,1.0,83.0032,0.0,86.7303,86.7303,83.0032,94.3179,21.7178,27.4083,6664
2016-11-18 14:00:00,99.44,transfer,1.0,83.001,0.0,81.8378,81.8378,83.001,94.318,21.6352,27.1905,6665
2016-11-18 15:00:00,92.74,transfer,1.0,82.9928,0.0,74.5065,74.5065,82.9928,94.318,21.5148,26.9536,6666
2016-11-18 16:00:00,86.97,transfer,1.0,82.9766,0.0,73.7592,73.7592,82.9766,94.3181,21.3684,26.759,6667
2016-11-18 17:00:00,81.77,transfer,1.0,82.947,0.0,60.6855,60.6855,82.947,94.3182,21.2063,26.5961,6668
2016-11-18 18:00:00,74.03,transfer,1.0,82.9005,0.0,86.0843,86.0843,82.9005,94.3184,21.0986,26.4877,6669
2016-11-18 19:00:00,67.54,transfer,1.0,82.8384,0.0,81.6725,81.6725,82.8384,94.3183,21.0638,26.452,6670
2016-11-18 20:00:00,64.06,transfer,1.0,82.7566,0.0,77.3241,77.3241,82.7566,94.318,21.0483,26.4358,6671
2016-11-18 21:00:00,64.43,transfer,1.0,82.6579,0.0,86.858,86.858,82.6579,94.3179,21.0598,26.447,6672
2016-11-18 22:00:00,57.58,transfer,1.0,82.5468,0.0,90.5769,90.5769,82.5468,94.3178,21.0903,26.4774,6673
2016-11-18 23:00:00,57.11,transfer,1.0,82.4369,0.0,70.8134,70.8134,82.4369,94.3177,21.129,26.5166,6674
2016-11-19 00:00:00,55.41,transfer,1.0,82.3176,0.0,91.5258,91.5258,82.3176,94.3177,21.1993,26.588,6675
2016-11-19 01:00:00,55.88,transfer,1.0,82.041,0.0,82.0432,82.0432,82.041,94.317,21.1972,26.588,6676
2016-11-19 02:00:00,54.88,transfer,1.0,81.7154,0.0,73.4796,73.4796,81.7154,94.317,21.1936,26.588,6677
2016-11-19 03:00:00,54.06,transfer,1.0,81.4253,0.0,94.1738,94.1738,81.4253,94.317,21.1887,26.5879,6678
2016-11-19 04:00:00,54.16,transfer,1.0,81.1928,0.0,74.5941,74.5941,81.1928,94.317,21.1827,26.5879,6679
2016-11-19 05:00:00,55.29,transfer,1.0,81.0586,0.0,85.7371,85.7371,81.0586,94.317,21.176,26.5879,6680
2016-11-19 06:00:00,55.98,transfer,1.0,81.0937,0.0,69.9544,69.9544,81.0937,94.3171,21.1691,26.5879,6681
2016-11-19 07:00:00,55.77,transfer,1.0,81.2499,0.0,92.967,92.967,81.2499,94.3171,21.1625,26.5879,6682
2016-11-19 08:00:00,52.86,transfer,1.0,81.4705,0.0,84.0975,84.0975,81.4705,94.3172,21.1563,26.5879,6683
2016-11-19 09:00:00,48.96,transfer,1.0,81.6241,0.0,92.0435,92.0435,81.6241,94.3173,21.1504,26.5879,6684
2016-11-19 10:00:00,48.43,transfer,1.0,81.6313,0.0,77.1226,77.1226,81.6313,94.317,21.1442,26.5879,6685
2016-11-19 11:00:00,49.03,transfer,1.0,81.5186,0.0,80.8724,80.8724,81.5186,94.3169,21.1371,26.5879,6686
2016-11-19 12:00:00,51.46,transfer,1.0,81.2682,0.0,86.4397,86.4397,81.2682,94.3166,21.1284,26.5879,6687
2016-11-19 13:00:00,52.73,transfer,1.0,80.8539,0.0,75.0082,75.0082,80.8539,94.3167,21.1173,26.5879,6688
2016-11-19 14:00:00,52.57,transfer,1.0,80.2535,0.0,85.4869,85.4869,80.2535,94.3167,21.1026,26.5879,6689
2016-11-19 15:00:00,52.47,transfer,1.0,79.3688,0.0,84.631,84.631,79.3688,94.3169,21.0829,26.5879,6690
2016-11-19 16:00:00,52.48,transfer,1.0,78.2123,0.0,96.1059,96.1059,78.2123,94.3171,21.0566,26.5879,6691
2016-11-19 17:00:00,51.97,transfer,1.0,76.6843,0.0,92.9585,92.9585,76.6843,94.3174,21.0218,26.5879,6692
2016-11-19 18:00:00,51.6,transfer,1.0,74.6429,0.0,58.5666,58.5666,74.6429,94.3173,20.9755,26.588,6693
2016-11-19 19:00:00,54.86,transfer,1.0,72.0588,0.0,78.4397,78.4397,72.0588,94.3171,20.9147,26.588,6694
2016-11-19 20:00:00,56.82,transfer,1.0,70.5436,0.0,75.4805,75.4805,70.5436,94.3174,20.846,26.588,6695
2016-11-19 21:00:00,56.31,transfer,1.0,69.2738,0.0,72.251,72.251,69.2738,94.3174,20.771,26.588,6696
2016-11-19 22:00:00,56.04,transfer,1.0,68.5605,0.0,61.6549,61.6549,68.5605,94.3173,20.6931,26.588,6697
2016-11-19 23:00:00,55.81,transfer,1.0,68.1732,0.0,64.8056,64.8056,68.1732,94.3173,20.6144,26.5881,6698
2016-11-20 00:00:00,55.95,transfer,1.0,68.5118,0.0,75.7674,75.7674,68.5118,94.3174,20.5396,26.5881,6699
2016-11-20 01:00:00,56.23,transfer,1.0,69.6983,0.0,78.7995,78.7995,69.6983,94.3173,20.4736,26.5881,6700
2016-11-20 02:00:00,55.42,transfer,1.0,71.6787,0.0,59.163,59.163,71.6787,94.3175,20.4207,26.5881,6701
2016-11-20 03:00:00,55.33,transfer,1.0,74.0363,0.0,74.0162,74.0162,74.0363,94.3176,20.3825,26.5881,6702
2016-11-20 04:00:00,55.32,transfer,1.0,76.5739,0.0,66.5078,66.5078,76.5739,94.3175,20.3594,26.5881,6703
2016-11-20 05:00:00,57.7,transfer,1.0,78.6301,0.0,73.8675,73.8675,78.6301,94.3174,20.3473,26.5881,6704
2016-11-20 06:00:00,57.53,transfer,1.0,80.2248,0.0,64.9572,64.9572,80.2248,94.3177,20.3422,26.5881,6705
2016-11-20 07:00:00,57.48,transfer,1.0,81.3368,0.0,81.9412,81.9412,81.3368,94.3178,20.3408,26.5881,6706
2016-11-20 08:00:00,53.88,transfer,1.0,82.0155,0.0,82.6303,82.6303,82.0155,94.318,20.3409,26.5881,6707
2016-11-20 09:00:00,50.22,transfer,1.0,82.366,0.0,80.8678,80.8678,82.366,94.3183,20.3414,26.5881,6708
2016-11-20 10:00:00,50.51,transfer,1.0,82.5505,0.0,104.52,104.52,82.5505,94.3184,20.342,26.5882,6709
2016-11-20 11:00:00,51.31,transfer,1.0,82.6461,0.0,82.5393,82.5393,82.6461,94.3183,20.3427,26.5882,6710
2016-11-20 12:00:00,51.54,transfer,1.0,82.7005,0.0,78.4108,78.4108,82.7005,94.3181,20.3434,26.5882,6711
2016-11-20 13:00:00,52.22,transfer,1.0,82.7241,0.0,72.6504,72.6504,82.7241,94.3179,20.3441,26.5882,6712
2016-11-20 14:00:00,51.99,transfer,1.0,82.722,0.0,83.3777,83.3777,82.722,94.3177,20.345,26.5882,6713
2016-11-20 15:00:00,52.44,transfer,1.0,82.6984,0.0,79.7768,79.7768,82.6984,94.3177,20.346,26.5882,6714
2016-11-20 16:00:00,53.68,transfer,1.0,82.6625,0.0,87.7913,87.7913,82.6625,94.3178,20.3474,26.5882,6715
2016-11-20 17:00:00,53.71,transfer,1.0,82.6184,0.0,91.4706,91.4706,82.6184,94.3176,20.3494,26.5882,6716
2016-11-20 18:00:00,55.5,transfer,1.0,82.5508,0.0,92.2083,92.2083,82.5508,94.3176,20.3524,26.5882,6717
2016-11-20 19:00:00,60.16,transfer,1.0,82.4791,0.0,81.9573,81.9573,82.4791,94.3175,20.3569,26.5882,6718
2016-11-20 20:00:00,60.68,transfer,1.0,82.4299,0.0,91.5767,91.5767,82.4299,94.317,20.3631,26.5882,6719
2016-11-20 21:00:00,65.14,transfer,1.0,82.3653,0.0,93.667,93.667,82.3653,94.3171,20.3712,26.5882,6720
2016-11-20 22:00:00,61.73,transfer,1.0,82.3178,0.0,55.7006,55.7006,82.3178,94.3173,20.3818,26.5882,6721
2016-11-20 23:00:00,62.66,transfer,1.0,82.3289,0.0,71.9958,71.9958,82.3289,94.3172,20.3952,26.5882,6722
2016-11-21 00:00:00,66.43,transfer,1.0,82.3234,0.0,96.5052,96.5052,82.3234,94.3173,20.4116,26.5882,6723
2016-11-21 01:00:00,68.65,transfer,1.0,82.4388,0.0,88.5788,88.5788,82.4388,94.3178,20.4285,26.5882,6724
2016-11-21 02:00:00,66.68,transfer,1.0,82.5753,0.0,89.5607,89.5607,82.5753,94.318,20.4439,26.5882,6725
2016-11-21 03:00:00,66.53,transfer,1.0,82.6992,0.0,89.9157,89.9157,82.6992,94.3182,20.4568,26.5882,6726
2016-11-21 04:00:00,61.8,transfer,1.0,82.7907,0.0,80.425,80.425,82.7907,94.3182,20.4668,26.5882,6727
2016-11-21 05:00:00,63.74,transfer,1.0,82.8617,0.0,83.8078,83.8078,82.8617,94.3183,20.4738,26.5882,6728
2016-11-21 06:00:00,64.86,transfer,1.0,82.9156,0.0,79.7854,79.7854,82.9156,94.3185,20.4786,26.5882,6729
2016-11-21 07:00:00,80.46,transfer,1.0,82.9588,0.0,85.6365,85.6365,82.9588,94.3185,20.4816,26.5883,6730
2016-11-21 08:00:00,90.36,transfer,1.0,82.9965,0.0,69.1666,69.1666,82.9965,94.3186,20.4798,26.5883,6731
2016-11-21 09:00:00,102.24,transfer,1.0,83.029,0.0,80.2914,80.2914,83.029,94.3188,20.4788,26.5883,6732
2016-11-21 10:00:00,115.46,transfer,1.0,83.0503,0.0,86.4067,86.4067,83.0503,94.3188,20.4782,26.5882,6733
2016-11-21 11:00:00,119.08,transfer,1.0,83.0654,0.0,91.6857,91.6857,83.0654,94.3186,20.4778,26.5882,6734
2016-11-21 12:00:00,116.86,transfer,1.0,83.0751,0.0,88.827,88.827,83.0751,94.3186,20.4776,26.5882,6735
2016-11-21 13:00:00,112.14,transfer,1.0,83.0792,0.0,67.3105,67.3105,83.0792,94.3187,20.4774,26.5882,6736
2016-11-21 14:00:00,107.1,transfer,1.0,83.0801,0.0,87.519,87.519,83.0801,94.3186,20.4772,26.5882,6737
2016-11-21 15:00:00,103.9,transfer,1.0,83.0789,0.0,86.6825,86.6825,83.0789,94.3185,20.4771,26.5882,6738
2016-11-21 16:00:00,102.53,transfer,1.0,83.0758,0.0,79.9495,79.9495,83.0758,94.3184,20.4769,26.5882,6739
2016-11-21 17:00:00,93.22,transfer,1.0,83.0715,0.0,68.7415,68.7415,83.0715,94.3185,20.4768,26.5882,6740
2016-11-21 18:00:00,87.77,transfer,1.0,83.067,0.0,72.2355,72.2355,83.067,94.3185,20.4766,26.5882,6741
2016-11-21 19:00:00,74.8,transfer,1.0,83.0615,0.0,80.1739,80.1739,83.0615,94.3185,20.4768,26.5882,6742
2016-11-21 20:00:00,72.12,transfer,1.0,83.0545,0.0,84.8839,84.8839,83.0545,94.3183,20.477,26.5882,6743
2016-11-21 21:00:00,64.53,transfer,1.0,83.0486,0.0,80.9546,80.9546,83.0486,94.3182,20.4772,26.5882,6744
2016-11-21 22:00:00,61.57,transfer,1.0,83.0443,0.0,76.063,76.063,83.0443,94.318,20.4774,26.5882,6745
2016-11-21 23:00:00,61.52,transfer,1.0,83.0407,0.0,81.4117,81.4117,83.0407,94.318,20.4776,26.5882,6746
2016-11-22 00:00:00,62.78,transfer,1.0,83.0395,0.0,64.3067,64.3067,83.0395,94.3179,20.4778,26.5882,6747
2016-11-22 01:00:00,61.36,transfer,1.0,83.0418,0.0,78.3305,78.3305,83.0418,94.3182,20.478,26.5882,6748
2016-11-22 02:00:00,62.0,transfer,1.0,83.0462,0.0,84.391,84.391,83.0462,94.3182,20.4782,26.5882,6749
2016-11-22 03:00:00,61.51,transfer,1.0,83.0524,0.0,93.9844,93.9844,83.0524,94.3183,20.4784,26.5882,6750
2016-11-22 04:00:00,60.89,transfer,1.0,83.0589,0.0,81.8314,81.8314,83.0589,94.3182,20.4785,26.5882,6751
2016-11-22 05:00:00,62.74,transfer,1.0,83.0652,0.0,89.2772,89.2772,83.0652,94.3183,20.4787,26.5882,6752
2016-11-22 06:00:00,65.22,transfer,1.0,83.0708,0.0,101.1794,101.1794,83.0708,94.3184,20.4788,26.5882,6753
2016-11-22 07:00:00,76.44,transfer,1.0,83.0755,0.0,75.8755,75.8755,83.0755,94.3184,20.479,26.5882,6754
2016-11-22 08:00:00,87.94,transfer,1.0,83.0799,0.0,88.4111,88.4111,83.0799,94.3187,20.4789,26.5882,6755
2016-11-22 09:00:00,103.91,transfer,1.0,83.0844,0.0,89.5125,89.5125,83.0844,94.3189,20.4787,26.5882,6756
2016-11-22 10:00:00,108.71,transfer,1.0,83.0873,0.0,89.8448,89.8448,83.0873,94.3189,20.4787,26.5882,6757
2016-11-22 11:00:00,112.22,transfer,1.0,83.0891,0.0,81.6327,81.6327,83.0891,94.3189,20.4786,26.5882,6758
2016-11-22 12:00:00,110.43,transfer,1.0,83.0894,0.0,84.9365,84.9365,83.0894,94.3191,20.4785,26.5882,6759
2016-11-22 13:00:00,109.96,transfer,1.0,83.0883,0.0,79.8665,79.8665,83.0883,94.3192,20.4784,26.5882,6760
2016-11-22 14:00:00,106.42,transfer,1.0,83.0864,0.0,73.7154,73.7154,83.0864,94.3193,20.4784,26.5882,6761
2016-11-22 15:00:00,109.55,transfer,1.0,83.0839,0.0,82.5016,82.5016,83.0839,94.3192,20.4783,26.5882,6762
2016-11-22 16:00:00,98.47,transfer,1.0,83.081,0.0,74.3496,74.3496,83.081,94.319,20.4782,26.5882,6763
2016-11-22 17:00:00,90.04,transfer,1.0,83.0775,0.0,87.9422,87.9422,83.0775,94.3191,20.4781,26.5882,6764
2016-11-22 18:00:00,85.75,transfer,1.0,83.072,0.0,90.2024,90.2024,83.072,94.3191,20.478,26.5882,6765
2016-11-22 19:00:00,81.02,transfer,1.0,83.0658,0.0,81.4823,81.4823,83.0658,94.319,20.4782,26.5882,6766
2016-11-22 20:00:00,77.72,transfer,1.0,83.059,0.0,64.9938,64.9938,83.059,94.3187,20.4783,26.5882,6767
2016-11-22 21:00:00,74.07,transfer,1.0,83.0544,0.0,88.054,88.054,83.0544,94.3186,20.4785,26.5882,6768
2016-11-22 22:00:00,69.39,transfer,1.0,83.051,0.0,103.4518,103.4518,83.051,94.3184,20.4788,26.5882,6769
2016-11-22 23:00:00,66.51,transfer,1.0,83.0485,0.0,71.032,71.032,83.0485,94.3184,20.479,26.5882,6770
2016-11-23 00:00:00,64.98,transfer,1.0,83.0475,0.0,77.5779,77.5779,83.0475,94.3182,20.4793,26.5882,6771
2016-11-23 01:00:00,64.33,transfer,1.0,83.047,0.0,83.1696,83.1696,83.047,94.3186,20.4796,26.5882,6772
2016-11-23 02:00:00,63.74,transfer,1.0,83.0494,0.0,85.1743,85.1743,83.0494,94.3185,20.48,26.5882,6773
2016-11-23 03:00:00,63.91,transfer,1.0,83.0534,0.0,68.7764,68.7764,83.0534,94.3185,20.4803,26.5882,6774
2016-11-23 04:00:00,62.63,transfer,1.0,83.0584,0.0,72.8731,72.8731,83.0584,94.3185,20.4806,26.5882,6775
2016-11-23 05:00:00,72.54,transfer,1.0,83.0638,0.0,91.6002,91.6002,83.0638,94.3186,20.4809,26.5882,6776
2016-11-23 06:00:00,70.79,transfer,1.0,83.0692,0.0,78.0894,78.0894,83.0692,94.3186,20.4811,26.5882,6777
2016-11-23 07:00:00,85.18,transfer,1.0,83.0745,0.0,82.8661,82.8661,83.0745,94.3187,20.4809,26.5882,6778
2016-11-23 08:00:00,94.64,transfer,1.0,83.0788,0.0,71.0184,71.0184,83.0788,94.3187,20.4807,26.5882,6779
2016-11-23 09:00:00,105.9,transfer,1.0,83.0836,0.0,90.8498,90.8498,83.0836,94.3188,20.4805,26.5882,6780
2016-11-23 10:00:00,118.73,transfer,1.0,83.086,0.0,80.0475,80.0475,83.086,94.3187,20.4804,26.5882,6781
2016-11-23 11:00:00,128.05,transfer,1.0,83.0879,0.0,82.5024,82.5024,83.0879,94.3186,20.4802,26.5882,6782
2016-11-23 12:00:00,129.47,transfer,1.0,83.0888,0.0,89.7342,89.7342,83.0888,94.3186,20.4801,26.5882,6783
2016-11-23 13:00:00,125.96,transfer,1.0,83.0884,0.0,92.7673,92.7673,83.0884,94.3187,20.48,26.5882,6784
2016-11-23 14:00:00,124.88,transfer,1.0,83.0866,0.0,93.1522,93.1522,83.0866,94.3188,20.4798,26.5882,6785
2016-11-23 15:00:00,125.96,transfer,1.0,83.0839,0.0,81.3772,81.3772,83.0839,94.3188,20.4797,26.5882,6786
2016-11-23 16:00:00,116.13,transfer,1.0,83.0807,0.0,80.1094,80.1094,83.0807,94.3188,20.4795,26.5882,6787
2016-11-23 17:00:00,108.08,transfer,1.0,83.0761,0.0,90.9942,90.9942,83.0761,94.319,20.4793,26.5882,6788
2016-11-23 18:00:00,100.25,transfer,1.0,83.0705,0.0,73.4152,73.4152,83.0705,94.3191,20.479,26.5882,6789
2016-11-23 19:00:00,81.27,transfer,1.0,83.0644,0.0,88.6787,88.6787,83.0644,94.3191,20.4793,26.5882,6790
2016-11-23 20:00:00,78.14,transfer,1.0,83.0553,0.0,70.2235,70.2235,83.0553,94.3189,20.4798,26.5882,6791
2016-11-23 21:00:00,64.98,transfer,1.0,83.0477,0.0,81.8096,81.8096,83.0477,94.3188,20.4804,26.5882,6792
2016-11-23 22:00:00,62.26,transfer,1.0,83.0409,0.0,95.2659,95.2659,83.0409,94.3185,20.4811,26.5882,6793
2016-11-23 23:00:00,63.0,transfer,1.0,83.0344,0.0,80.6,80.6,83.0344,94.3186,20.4819,26.5882,6794
2016-11-24 00:00:00,62.54,transfer,1.0,83.0311,0.0,78.317,78.317,83.0311,94.3184,20.4829,26.5882,6795
2016-11-24 01:00:00,57.45,transfer,1.0,83.029,0.0,94.6214,94.6214,83.029,94.3185,20.5176,26.6218,6796
2016-11-24 02:00:00,56.82,transfer,1.0,83.029,0.0,97.8983,97.8983,83.029,94.3184,20.5501,26.6531,6797
2016-11-24 03:00:00,56.49,transfer,1.0,83.0305,0.0,66.6197,66.6197,83.0305,94.3184,20.5798,26.6816,6798
2016-11-24 04:00:00,56.63,transfer,1.0,83.035,0.0,73.2521,73.2521,83.035,94.3184,20.6052,26.7058,6799
2016-11-24 05:00:00,57.91,transfer,1.0,83.0408,0.0,90.852,90.852,83.0408,94.3185,20.6798,26.7793,6800
2016-11-24 06:00:00,57.99,transfer,1.0,83.0479,0.0,87.6113,87.6113,83.0479,94.3185,20.7413,26.8397,6801
2016-11-24 07:00:00,57.94,transfer,1.0,83.0537,0.0,80.5909,80.5909,83.0537,94.3185,20.8763,26.9739,6802
2016-11-24 08:00:00,54.92,transfer,1.0,83.0602,0.0,78.9015,78.9015,83.0602,94.3186,20.9941,27.1905,6803
2016-11-24 09:00:00,50.99,transfer,1.0,83.0653,0.0,71.911,71.911,83.0653,94.3187,21.0642,27.3951,6804
2016-11-24 10:00:00,50.68,transfer,1.0,83.0661,0.0,79.6142,79.6142,83.0661,94.3186,21.0902,27.5555,6805
2016-11-24 11:00:00,51.84,transfer,1.0,83.0645,0.0,57.6756,57.6756,83.0645,94.3184,21.1,27.6996,6806
2016-11-24 12:00:00,51.93,transfer,1.0,83.0608,0.0,75.3693,75.3693,83.0608,94.3183,21.0581,27.7919,6807
2016-11-24 13:00:00,52.74,transfer,1.0,83.0555,0.0,77.1331,77.1331,83.0555,94.3182,21.0146,27.8827,6808
2016-11-24 14:00:00,52.61,transfer,1.0,83.0483,0.0,86.9646,86.9646,83.0483,94.318,20.9961,27.9985,6809
2016-11-24 15:00:00,52.93,transfer,1.0,83.0386,0.0,87.59,87.59,83.0386,94.3181,20.9491,28.086,6810
2016-11-24 16:00:00,54.28,transfer,1.0,83.0246,0.0,82.073,82.073,83.0246,94.3182,20.9426,28.214,6811
2016-11-24 17:00:00,54.41,transfer,1.0,83.0048,0.0,108.0583,108.0583,83.0048,94.3183,20.9604,28.3666,6812
2016-11-24 18:00:00,55.81,transfer,1.0,82.9807,0.0,78.0656,78.0656,82.9807,94.3183,21.0297,28.5711,6813
2016-11-24 19:00:00,61.55,transfer,1.0,82.9476,0.0,96.9557,96.9557,82.9476,94.3185,21.1406,28.7148,6814
2016-11-24 20:00:00,61.34,transfer,1.0,82.9132,0.0,81.9495,81.9495,82.9132,94.3182,21.2479,28.8219,6815
2016-11-24 21:00:00,66.3,transfer,1.0,82.8872,0.0,83.759,83.759,82.8872,94.3183,21.2609,28.8345,6816
2016-11-24 22:00:00,62.7,transfer,1.0,82.8613,0.0,67.7932,67.7932,82.8613,94.3182,21.251,28.8239,6817
2016-11-24 23:00:00,63.69,transfer,1.0,82.8474,0.0,75.3508,75.3508,82.8474,94.3183,21.2301,28.8022,6818
2016-11-25 00:00:00,67.4,transfer,1.0,82.8365,0.0,77.0958,77.0958,82.8365,94.3181,21.1856,28.7563,6819
2016-11-25 01:00:00,59.93,transfer,1.0,82.8219,0.0,75.1942,75.1942,82.8219,94.318,21.1871,28.7563,6820
2016-11-25 02:00:00,57.87,transfer,1.0,82.8204,0.0,75.6249,75.6249,82.8204,94.3181,21.1887,28.7563,6821
2016-11-25 03:00:00,58.03,transfer,1.0,82.8146,0.0,85.7905,85.7905,82.8146,94.3183,21.1902,28.7563,6822
2016-11-25 04:00:00,57.16,transfer,1.0,82.8013,0.0,92.9042,92.9042,82.8013,94.3184,21.1913,28.7563,6823
2016-11-25 05:00:00,67.59,transfer,1.0,82.7759,0.0,86.6732,86.6732,82.7759,94.3184,21.1919,28.7563,6824
2016-11-25 06:00:00,65.38,transfer,1.0,82.7626,0.0,87.4902,87.4902,82.7626,94.3185,21.1921,28.7563,6825
2016-11-25 07:00:00,70.99,transfer,1.0,82.7856,0.0,84.0889,84.0889,82.7856,94.3185,21.1919,28.7564,6826
2016-11-25 08:00:00,74.31,transfer,1.0,82.8357,0.0,96.4842,96.4842,82.8357,94.3187,21.1915,28.7564,6827
2016-11-25 09:00:00,84.08,transfer,1.0,82.8899,0.0,82.1475,82.1475,82.8899,94.3188,21.1918,28.7564,6828
2016-11-25 10:00:00,89.15,transfer,1.0,82.9357,0.0,78.0861,78.0861,82.9357,94.3188,21.192,28.7564,6829
2016-11-25 11:00:00,94.84,transfer,1.0,82.9717,0.0,85.619,85.619,82.9717,94.3187,21.1921,28.7564,6830
2016-11-25 12:00:00,96.74,transfer,1.0,82.9958,0.0,97.6355,97.6355,82.9958,94.3187,21.1921,28.7564,6831
2016-11-25 13:00:00,98.27,transfer,1.0,83.0101,0.0,82.2763,82.2763,83.0101,94.3188,21.1921,28.7563,6832
2016-11-25 14:00:00,99.44,transfer,1.0,83.0172,0.0,94.9989,94.9989,83.0172,94.3187,21.192,28.7563,6833
2016-11-25 15:00:00,92.74,transfer,1.0,83.019,0.0,83.209,83.209,83.019,94.3186,21.1918,28.7563,6834
2016-11-25 16:00:00,86.97,transfer,1.0,83.0162,0.0,65.9071,65.9071,83.0162,94.3187,21.1916,28.7564,6835
2016-11-25 17:00:00,81.77,transfer,1.0,83.0071,0.0,77.9053,77.9053,83.0071,94.3188,21.1919,28.7564,6836
2016-11-25 18:00:00,74.03,transfer,1.0,82.9935,0.0,89.0242,89.0242,82.9935,94.3188,21.1925,28.7564,6837
2016-11-25 19:00:00,67.54,transfer,1.0,82.9767,0.0,87.7122,87.7122,82.9767,94.3188,21.1933,28.7564,6838
2016-11-25 20:00:00,64.06,transfer,1.0,82.9554,0.0,78.6587,78.6587,82.9554,94.3185,21.1945,28.7564,6839
2016-11-25 21:00:00,64.43,transfer,1.0,82.9351,0.0,74.396,74.396,82.9351,94.3185,21.1961,28.7564,6840
2016-11-25 22:00:00,57.58,transfer,1.0,82.9187,0.0,76.0961,76.0961,82.9187,94.3184,21.1984,28.7564,6841
2016-11-25 23:00:00,57.11,transfer,1.0,82.9056,0.0,78.7133,78.7133,82.9056,94.3183,21.2011,28.7564,6842
2016-11-26 00:00:00,55.41,transfer,1.0,82.896,0.0,80.9769,80.9769,82.896,94.3182,21.2046,28.7564,6843
2016-11-26 01:00:00,55.88,transfer,1.0,82.8569,0.0,83.5257,83.5257,82.8569,94.3176,21.2094,28.7564,6844
2016-11-26 02:00:00,54.88,transfer,1.0,82.8236,0.0,98.2815,98.2815,82.8236,94.3175,21.216,28.7564,6845
2016-11-26 03:00:00,54.06,transfer,1.0,82.8018,0.0,92.6686,92.6686,82.8018,94.3175,21.2242,28.7564,6846
2016-11-26 04:00:00,54.16,transfer,1.0,82.7832,0.0,86.4807,86.4807,82.7832,94.3175,21.2337,28.7564,6847
2016-11-26 05:00:00,55.29,transfer,1.0,82.7705,0.0,87.5052,87.5052,82.7705,94.3175,21.2439,28.7564,6848
2016-11-26 06:00:00,55.98,transfer,1.0,82.7733,0.0,83.8322,83.8322,82.7733,94.3177,21.2539,28.7564,6849
2016-11-26 07:00:00,55.77,transfer,1.0,82.784,0.0,79.584,79.584,82.784,94.3177,21.263,28.7564,6850
2016-11-26 08:00:00,52.86,transfer,1.0,82.8029,0.0,88.8621,88.8621,82.8029,94.3177,21.271,28.7564,6851
2016-11-26 09:00:00,48.96,transfer,1.0,82.8228,0.0,78.7294,78.7294,82.8228,94.3179,21.2781,28.7564,6852
2016-11-26 10:00:00,48.43,transfer,1.0,82.8271,0.0,74.472,74.472,82.8271,94.318,21.2852,28.7564,6853
2016-11-26 11:00:00,49.03,transfer,1.0,82.8238,0.0,100.8927,100.8927,82.8238,94.3179,21.293,28.7564,6854
2016-11-26 12:00:00,51.46,transfer,1.0,82.8153,0.0,89.7465,89.7465,82.8153,94.3178,21.3022,28.7564,6855
2016-11-26 13:00:00,52.73,transfer,1.0,82.8013,0.0,88.5428,88.5428,82.8013,94.3178,21.3138,28.7564,6856
2016-11-26 14:00:00,52.57,transfer,1.0,82.7819,0.0,93.3914,93.3914,82.7819,94.3177,21.3288,28.7564,6857
2016-11-26 15:00:00,52.47,transfer,1.0,82.7466,0.0,76.2149,76.2149,82.7466,94.3176,21.3489,28.7564,6858
2016-11-26 16:00:00,52.48,transfer,1.0,82.691,0.0,84.1268,84.1268,82.691,94.3176,21.3756,28.7564,6859
2016-11-26 17:00:00,51.97,transfer,1.0,82.6113,0.0,87.224,87.224,82.6113,94.3176,21.4109,28.7564,6860
2016-11-26 18:00:00,51.6,transfer,1.0,82.4984,0.0,85.6744,85.6744,82.4984,94.3175,21.4576,28.7564,6861
2016-11-26 19:00:00,54.86,transfer,1.0,82.3336,0.0,61.1289,61.1289,82.3336,94.3174,21.5188,28.7564,6862
2016-11-26 20:00:00,56.82,transfer,1.0,82.1545,0.0,94.2706,94.2706,82.1545,94.3169,21.5879,28.7564,6863
2016-11-26 21:00:00,56.31,transfer,1.0,81.9591,0.0,79.1069,79.1069,81.9591,94.3169,21.6634,28.7564,6864
2016-11-26 22:00:00,56.04,transfer,1.0,81.7574,0.0,77.8344,77.8344,81.7574,94.3169,21.742,28.7564,6865
2016-11-26 23:00:00,55.81,transfer,1.0,81.5368,0.0,66.1558,66.1558,81.5368,94.3169,21.8215,28.7564,6866
2016-11-27 00:00:00,55.95,transfer,1.0,81.3152,0.0,84.7878,84.7878,81.3152,94.3169,21.8977,28.7564,6867
2016-11-27 01:00:00,56.23,transfer,1.0,81.2015,0.0,99.239,99.239,81.2015,94.3167,21.9662,28.7564,6868
2016-11-27 02:00:00,55.42,transfer,1.0,81.1285,0.0,78.1421,78.1421,81.1285,94.3169,22.0224,28.7564,6869
2016-11-27 03:00:00,55.33,transfer,1.0,81.1309,0.0,71.5942,71.5942,81.1309,94.3172,22.0647,28.7564,6870
2016-11-27 04:00:00,55.32,transfer,1.0,81.2383,0.0,87.6688,87.6688,81.2383,94.317,22.0924,28.7564,6871
2016-11-27 05:00:00,57.7,transfer,1.0,81.4578,0.0,72.1863,72.1863,81.4578,94.3176,22.1093,28.7564,6872
2016-11-27 06:00:00,57.53,transfer,1.0,81.7441,0.0,74.2434,74.2434,81.7441,94.3176,22.1183,28.7564,6873
2016-11-27 07:00:00,57.48,transfer,1.0,82.0364,0.0,91.9728,91.9728,82.0364,94.3175,22.1225,28.7564,6874
2016-11-27 08:00:00,53.88,transfer,1.0,82.2926,0.0,89.0084,89.0084,82.2926,94.3175,22.1241,28.7564,6875
2016-11-27 09:00:00,50.22,transfer,1.0,82.4661,0.0,94.1922,94.1922,82.4661,94.3176,22.1247,28.7564,6876
2016-11-27 10:00:00,50.51,transfer,1.0,82.567,0.0,83.305,83.305,82.567,94.3175,22.1248,28.7564,6877
2016-11-27 11:00:00,51.31,transfer,1.0,82.6272,0.0,83.645,83.645,82.6272,94.3175,22.1247,28.7564,6878
2016-11-27 12:00:00,51.54,transfer,1.0,82.6625,0.0,85.9438,85.9438,82.6625,94.3174,22.1245,28.7564,6879
2016-11-27 13:00:00,52.22,transfer,1.0,82.6741,0.0,78.7496,78.7496,82.6741,94.3174,22.1242,28.7564,6880
2016-11-27 14:00:00,51.99,transfer,1.0,82.668,0.0,72.5838,72.5838,82.668,94.3175,22.1239,28.7564,6881
2016-11-27 15:00:00,52.44,transfer,1.0,82.6398,0.0,86.7132,86.7132,82.6398,94.3173,22.1235,28.7564,6882
2016-11-27 16:00:00,53.68,transfer,1.0,82.5849,0.0,70.5308,70.5308,82.5849,94.3173,22.123,28.7564,6883
2016-11-27 17:00:00,53.71,transfer,1.0,82.508,0.0,80.0521,80.0521,82.508,94.3172,22.1224,28.7564,6884
2016-11-27 18:00:00,55.5,transfer,1.0,82.4003,0.0,80.3863,80.3863,82.4003,94.3172,22.1215,28.7564,6885
2016-11-27 19:00:00,60.16,transfer,1.0,82.2604,0.0,75.7413,75.7413,82.2604,94.3172,22.1202,28.7564,6886
2016-11-27 20:00:00,60.68,transfer,1.0,82.1196,0.0,72.0182,72.0182,82.1196,94.3166,22.1183,28.7564,6887
2016-11-27 21:00:00,65.14,transfer,1.0,81.9868,0.0,86.8418,86.8418,81.9868,94.3166,22.1161,28.7564,6888
2016-11-27 22:00:00,61.73,transfer,1.0,81.8436,0.0,73.0968,73.0968,81.8436,94.3166,22.1133,28.7564,6889
2016-11-27 23:00:00,62.66,transfer,1.0,81.7258,0.0,78.015,78.015,81.7258,94.3168,22.1097,28.7564,6890
2016-11-28 00:00:00,66.43,transfer,1.0,81.5661,0.0,94.8278,94.8278,81.5661,94.3167,22.1052,28.7564,6891
2016-11-28 01:00:00,68.65,transfer,1.0,81.7033,0.0,63.929,63.929,81.7033,94.3174,22.1008,28.7564,6892
2016-11-28 02:00:00,66.68,transfer,1.0,81.9513,0.0,77.5231,77.5231,81.9513,94.3178,22.0971,28.7564,6893
2016-11-28 03:00:00,66.53,transfer,1.0,82.2083,0.0,77.2817,77.2817,82.2083,94.3179,22.0942,28.7564,6894
2016-11-28 04:00:00,61.8,transfer,1.0,82.4414,0.0,81.6259,81.6259,82.4414,94.318,22.0921,28.7564,6895
2016-11-28 05:00:00,63.74,transfer,1.0,82.6155,0.0,85.7022,85.7022,82.6155,94.318,22.0906,28.7564,6896
2016-11-28 06:00:00,64.86,transfer,1.0,82.7514,0.0,76.945,76.945,82.7514,94.3182,22.0896,28.7564,6897
2016-11-28 07:00:00,80.46,transfer,1.0,82.8561,0.0,92.1968,92.1968,82.8561,94.3182,22.089,28.7564,6898
2016-11-28 08:00:00,90.36,transfer,1.0,82.9346,0.0,85.6057,85.6057,82.9346,94.3183,22.0894,28.7564,6899
2016-11-28 09:00:00,102.24,transfer,1.0,82.9928,0.0,85.6964,85.6964,82.9928,94.3185,22.0896,28.7564,6900
2016-11-28 10:00:00,115.46,transfer,1.0,83.0294,0.0,77.852,77.852,83.0294,94.3187,22.0897,28.7564,6901
2016-11-28 11:00:00,119.08,transfer,1.0,83.0523,0.0,84.7926,84.7926,83.0523,94.3186,22.0898,28.7564,6902
2016-11-28 12:00:00,116.86,transfer,1.0,83.0659,0.0,88.6008,88.6008,83.0659,94.3186,22.0899,28.7564,6903
2016-11-28 13:00:00,112.14,transfer,1.0,83.0725,0.0,82.3074,82.3074,83.0725,94.3186,22.0899,28.7564,6904
2016-11-28 14:00:00,107.1,transfer,1.0,83.0748,0.0,95.4202,95.4202,83.0748,94.3187,22.0899,28.7564,6905
2016-11-28 15:00:00,103.9,transfer,1.0,83.0745,0.0,77.7078,77.7078,83.0745,94.3187,22.09,28.7564,6906
2016-11-28 16:00:00,102.53,transfer,1.0,83.0722,0.0,93.087,93.087,83.0722,94.3186,22.09,28.7564,6907
2016-11-28 17:00:00,93.22,transfer,1.0,83.069,0.0,75.5494,75.5494,83.069,94.3185,22.09,28.7564,6908
2016-11-28 18:00:00,87.77,transfer,1.0,83.0647,0.0,72.5417,72.5417,83.0647,94.3185,22.09,28.7564,6909
2016-11-28 19:00:00,74.8,transfer,1.0,83.0596,0.0,83.9868,83.9868,83.0596,94.3186,22.09,28.7564,6910
2016-11-28 20:00:00,72.12,transfer,1.0,83.0529,0.0,87.6929,87.6929,83.0529,94.3184,22.09,28.7564,6911
2016-11-28 21:00:00,64.53,transfer,1.0,83.047,0.0,100.6147,100.6147,83.047,94.3182,22.09,28.7564,6912
2016-11-28 22:00:00,61.57,transfer,1.0,83.042,0.0,90.4402,90.4402,83.042,94.3181,22.09,28.7564,6913
2016-11-28 23:00:00,61.52,transfer,1.0,83.037,0.0,76.027,76.027,83.037,94.318,22.0899,28.7564,6914
2016-11-29 00:00:00,62.78,transfer,1.0,83.0349,0.0,88.6608,88.6608,83.0349,94.3179,22.0899,28.7564,6915
2016-11-29 01:00:00,61.36,transfer,1.0,83.0375,0.0,85.1659,85.1659,83.0375,94.3183,22.0899,28.7564,6916
2016-11-29 02:00:00,62.0,transfer,1.0,83.042,0.0,66.2097,66.2097,83.042,94.3184,22.0899,28.7564,6917
2016-11-29 03:00:00,61.51,transfer,1.0,83.0468,0.0,79.879,79.879,83.0468,94.3183,22.0898,28.7564,6918
2016-11-29 04:00:00,60.89,transfer,1.0,83.0529,0.0,68.6087,68.6087,83.0529,94.3185,22.0898,28.7564,6919
2016-11-29 05:00:00,62.74,transfer,1.0,83.0581,0.0,81.3808,81.3808,83.0581,94.3185,22.0898,28.7564,6920
2016-11-29 06:00:00,65.22,transfer,1.0,83.0625,0.0,95.6511,95.6511,83.0625,94.3184,22.0897,28.7564,6921
2016-11-29 07:00:00,76.44,transfer,1.0,83.0667,0.0,81.543,81.543,83.0667,94.3184,22.0897,28.7564,6922
2016-11-29 08:00:00,87.94,transfer,1.0,83.0711,0.0,59.242,59.242,83.0711,94.3185,22.0897,28.7564,6923
2016-11-29 09:00:00,103.91,transfer,1.0,83.0765,0.0,87.4204,87.4204,83.0765,94.3188,22.0898,28.7564,6924
2016-11-29 10:00:00,108.71,transfer,1.0,83.0793,0.0,100.3112,100.3112,83.0793,94.3187,22.0898,28.7564,6925
2016-11-29 11:00:00,112.22,transfer,1.0,83.081,0.0,85.3363,85.3363,83.081,94.3188,22.0899,28.7564,6926
2016-11-29 12:00:00,110.43,transfer,1.0,83.0802,0.0,82.98,82.98,83.0802,94.3186,22.0899,28.7564,6927
2016-11-29 13:00:00,109.96,transfer,1.0,83.0782,0.0,89.871,89.871,83.0782,94.3188,22.09,28.7564,6928
2016-11-29 14:00:00,106.42,transfer,1.0,83.0749,0.0,74.0146,74.0146,83.0749,94.3189,22.09,28.7564,6929
2016-11-29 15:00:00,109.55,transfer,1.0,83.0701,0.0,88.5222,88.5222,83.0701,94.3186,22.0901,28.7564,6930
2016-11-29 16:00:00,98.47,transfer,1.0,83.0645,0.0,60.9382,60.9382,83.0645,94.3186,22.0902,28.7564,6931
2016-11-29 17:00:00,90.04,transfer,1.0,83.0567,0.0,91.1255,91.1255,83.0567,94.3185,22.0903,28.7564,6932
2016-11-29 18:00:00,85.75,transfer,1.0,83.0449,0.0,88.3715,88.3715,83.0449,94.3188,22.0905,28.7564,6933
2016-11-29 19:00:00,81.02,transfer,1.0,83.0296,0.0,91.8161,91.8161,83.0296,94.3184,22.0903,28.7564,6934
2016-11-29 20:00:00,77.72,transfer,1.0,83.0104,0.0,64.4815,64.4815,83.0104,94.3185,22.09,28.7564,6935
2016-11-29 21:00:00,74.07,transfer,1.0,82.993,0.0,79.3205,79.3205,82.993,94.3182,22.0896,28.7564,6936
2016-11-29 22:00:00,69.39,transfer,1.0,82.975,0.0,77.1175,77.1175,82.975,94.3181,22.0892,28.7564,6937
2016-11-29 23:00:00,66.51,transfer,1.0,82.9579,0.0,77.8373,77.8373,82.9579,94.3181,22.0886,28.7564,6938
2016-11-30 00:00:00,64.98,transfer,1.0,82.9412,0.0,96.7841,96.7841,82.9412,94.318,22.088,28.7564,6939
2016-11-30 01:00:00,64.33,transfer,1.0,82.9259,0.0,85.7463,85.7463,82.9259,94.3182,22.0873,28.7564,6940
2016-11-30 02:00:00,63.74,transfer,1.0,82.9145,0.0,80.9289,80.9289,82.9145,94.3183,22.0865,28.7564,6941
2016-11-30 03:00:00,63.91,transfer,1.0,82.9109,0.0,90.5252,90.5252,82.9109,94.3183,22.0856,28.7564,6942
2016-11-30 04:00:00,62.63,transfer,1.0,82.9112,0.0,65.3318,65.3318,82.9112,94.3186,22.0848,28.7564,6943
2016-11-30 05:00:00,72.54,transfer,1.0,82.9157,0.0,80.3495,80.3495,82.9157,94.3186,22.0839,28.7564,6944
2016-11-30 06:00:00,70.79,transfer,1.0,82.928,0.0,85.2115,85.2115,82.928,94.3187,22.083,28.7564,6945
2016-11-30 07:00:00,85.18,transfer,1.0,82.9462,0.0,88.0174,88.0174,82.9462,94.3186,22.0838,28.7564,6946
2016-11-30 08:00:00,94.64,transfer,1.0,82.9669,0.0,91.427,91.427,82.9669,94.3187,22.0845,28.7564,6947
2016-11-30 09:00:00,105.9,transfer,1.0,82.9902,0.0,94.745,94.745,82.9902,94.3188,22.085,28.7564,6948
2016-11-30 10:00:00,118.73,transfer,1.0,83.0044,0.0,95.9335,95.9335,83.0044,94.3187,22.0855,28.7564,6949
2016-11-30 11:00:00,128.05,transfer,1.0,83.0034,0.0,84.8135,84.8135,83.0034,94.3162,22.086,28.7564,6950
2016-11-30 12:00:00,129.47,transfer,1.0,83.0095,0.0,98.6978,98.6978,83.0095,94.3181,22.0865,28.7564,6951
2016-11-30 13:00:00,125.96,transfer,1.0,83.0108,0.0,75.1766,75.1766,83.0108,94.3183,22.0869,28.7564,6952
2016-11-30 14:00:00,124.88,transfer,1.0,83.0061,0.0,71.1438,71.1438,83.0061,94.3182,22.0874,28.7564,6953
2016-11-30 15:00:00,125.96,transfer,1.0,82.9958,0.0,84.5947,84.5947,82.9958,94.3183,22.0879,28.7564,6954
2016-11-30 16:00:00,116.13,transfer,1.0,82.9812,0.0,73.0217,73.0217,82.9812,94.3181,22.0885,28.7564,6955
2016-11-30 17:00:00,108.08,transfer,1.0,82.9575,0.0,87.8428,87.8428,82.9575,94.3182,22.0892,28.7564,6956
2016-11-30 18:00:00,100.25,transfer,1.0,82.9198,0.0,89.8581,89.8581,82.9198,94.3184,22.0901,28.7564,6957
2016-11-30 19:00:00,81.27,transfer,1.0,82.8676,0.0,105.2057,105.2057,82.8676,94.3185,22.089,28.7564,6958
2016-11-30 20:00:00,78.14,transfer,1.0,82.7895,0.0,92.004,92.004,82.7895,94.3187,22.0874,28.7564,6959
2016-11-30 21:00:00,64.98,transfer,1.0,82.6978,0.0,97.0319,97.0319,82.6978,94.3186,22.0853,28.7564,6960
2016-11-30 22:00:00,62.26,transfer,1.0,82.6008,0.0,86.4713,86.4713,82.6008,94.3186,22.0827,28.7564,6961
2016-11-30 23:00:00,63.0,transfer,1.0,82.4009,0.0,86.7309,86.7309,82.4009,94.3161,22.0789,28.7564,6962
2016-12-01 00:00:00,62.54,transfer,1.0,82.2525,0.0,88.1024,88.1024,82.2525,94.3176,22.0743,28.7564,6963
2016-12-01 01:00:00,63.09,transfer,1.0,82.1885,0.0,97.8696,97.8696,82.1885,94.3182,22.0357,28.7228,6964
2016-12-01 02:00:00,62.07,transfer,1.0,82.2044,0.0,81.6979,81.6979,82.2044,94.3184,21.9995,28.6915,6965
2016-12-01 03:00:00,61.28,transfer,1.0,82.1766,0.0,78.0552,78.0552,82.1766,94.3165,21.966,28.663,6966
2016-12-01 04:00:00,60.7,transfer,1.0,82.2936,0.0,77.1089,77.1089,82.2936,94.3184,21.9373,28.6388,6967
2016-12-01 05:00:00,70.25,transfer,1.0,82.4621,0.0,84.3073,84.3073,82.4621,94.3186,21.8604,28.5653,6968
2016-12-01 06:00:00,68.15,transfer,1.0,82.6311,0.0,78.5133,78.5133,82.6311,94.3184,21.7975,28.5049,6969
2016-12-01 07:00:00,80.48,transfer,1.0,82.7735,0.0,80.0578,80.0578,82.7735,94.3182,21.6616,28.3707,6970
2016-12-01 08:00:00,91.31,transfer,1.0,82.8706,0.0,87.5067,87.5067,82.8706,94.3186,21.5444,28.1541,6971
2016-12-01 09:00:00,103.27,transfer,1.0,82.9381,0.0,90.1465,90.1465,82.9381,94.3189,21.4745,27.9495,6972
2016-12-01 10:00:00,111.02,transfer,1.0,82.981,0.0,66.528,66.528,82.981,94.3188,21.4486,27.7891,6973
2016-12-01 11:00:00,112.59,transfer,1.0,83.0093,0.0,86.6124,86.6124,83.0093,94.3189,21.4388,27.645,6974
2016-12-01 12:00:00,121.2,transfer,1.0,83.025,0.0,89.1065,89.1065,83.025,94.3191,21.4807,27.5527,6975
2016-12-01 13:00:00,120.64,transfer,1.0,83.0324,0.0,97.2481,97.2481,83.0324,94.3191,21.5241,27.4619,6976
2016-12-01 14:00:00,116.57,transfer,1.0,83.0359,0.0,96.1689,96.1689,83.0359,94.3193,21.5426,27.3461,6977
2016-12-01 15:00:00,121.01,transfer,1.0,83.0357,0.0,98.1611,98.1611,83.0357,94.3193,21.5894,27.2586,6978
2016-12-01 16:00:00,112.84,transfer,1.0,83.0319,0.0,89.6643,89.6643,83.0319,94.3193,21.5957,27.1305,6979
2016-12-01 17:00:00,108.59,transfer,1.0,83.0268,0.0,85.311,85.311,83.0268,94.3194,21.5777,26.9779,6980
2016-12-01 18:00:00,98.48,transfer,1.0,83.0188,0.0,83.0313,83.0313,83.0188,94.3194,21.508,26.7735,6981
2016-12-01 19:00:00,85.69,transfer,1.0,83.0095,0.0,100.6529,100.6529,83.0095,94.3194,21.3966,26.6298,6982
2016-12-01 20:00:00,79.34,transfer,1.0,82.9961,0.0,93.3123,93.3123,82.9961,94.3191,21.2899,26.5226,6983
2016-12-01 21:00:00,68.41,transfer,1.0,82.9851,0.0,80.996,80.996,82.9851,94.319,21.2779,26.5101,6984
2016-12-01 22:00:00,60.93,transfer,1.0,82.9754,0.0,95.1496,95.1496,82.9754,94.3189,21.2891,26.5206,6985
2016-12-01 23:00:00,60.03,transfer,1.0,82.9686,0.0,73.1602,73.1602,82.9686,94.3189,21.3117,26.5424,6986
2016-12-02 00:00:00,59.7,transfer,1.0,82.9681,0.0,82.404,82.404,82.9681,94.3188,21.3583,26.5883,6987
2016-12-02 01:00:00,59.93,transfer,1.0,82.9706,0.0,92.2341,92.2341,82.9706,94.3187,21.3592,26.5883,6988
2016-12-02 02:00:00,57.87,transfer,1.0,82.9783,0.0,78.1537,78.1537,82.9783,94.3187,21.3601,26.5883,6989
2016-12-02 03:00:00,58.03,transfer,1.0,82.9918,0.0,87.7382,87.7382,82.9918,94.3186,21.3611,26.5883,6990
2016-12-02 04:00:00,57.16,transfer,1.0,83.0047,0.0,79.682,79.682,83.0047,94.3186,21.3624,26.5883,6991
2016-12-02 05:00:00,67.59,transfer,1.0,83.0176,0.0,80.4804,80.4804,83.0176,94.3185,21.3638,26.5883,6992
2016-12-02 06:00:00,65.38,transfer,1.0,83.0316,0.0,83.53,83.53,83.0316,94.3186,21.3654,26.5883,6993
2016-12-02 07:00:00,70.99,transfer,1.0,83.0452,0.0,77.5605,77.5605,83.0452,94.3187,21.3669,26.5883,6994
2016-12-02 08:00:00,74.31,transfer,1.0,83.0554,0.0,97.1656,97.1656,83.0554,94.319,21.3683,26.5883,6995
2016-12-02 09:00:00,84.08,transfer,1.0,83.0636,0.0,85.5469,85.5469,83.0636,94.3191,21.3672,26.5883,6996
2016-12-02 10:00:00,89.15,transfer,1.0,83.0689,0.0,74.0556,74.0556,83.0689,94.3191,21.3664,26.5883,6997
2016-12-02 11:00:00,94.84,transfer,1.0,83.0723,0.0,74.0036,74.0036,83.0723,94.3191,21.3658,26.5883,6998
2016-12-02 12:00:00,96.74,transfer,1.0,83.0738,0.0,72.89,72.89,83.0738,94.319,21.3654,26.5883,6999
2016-12-02 13:00:00,98.27,transfer,1.0,83.0739,0.0,88.1555,88.1555,83.0739,94.3188,21.365,26.5883,7000
2016-12-02 14:00:00,99.44,transfer,1.0,83.0721,0.0,82.4923,82.4923,83.0721,94.3189,21.3647,26.5883,7001
2016-12-02 15:00:00,92.74,transfer,1.0,83.0689,0.0,99.822,99.822,83.0689,94.3189,21.3644,26.5883,7002
2016-12-02 16:00:00,86.97,transfer,1.0,83.0635,0.0,81.2314,81.2314,83.0635,94.3189,21.3641,26.5883,7003
2016-12-02 17:00:00,81.77,transfer,1.0,83.0554,0.0,89.2281,89.2281,83.0554,94.319,21.3644,26.5883,7004
2016-12-02 18:00:00,74.03,transfer,1.0,83.0448,0.0,84.126,84.126,83.0448,94.3191,21.3647,26.5883,7005
2016-12-02 19:00:00,67.54,transfer,1.0,83.0324,0.0,75.7758,75.7758,83.0324,94.3191,21.365,26.5883,7006
2016-12-02 20:00:00,64.06,transfer,1.0,83.019,0.0,80.3429,80.3429,83.019,94.3189,21.3654,26.5883,7007
2016-12-02 21:00:00,64.43,transfer,1.0,83.0075,0.0,78.7383,78.7383,83.0075,94.3188,21.3658,26.5883,7008
2016-12-02 22:00:00,57.58,transfer,1.0,82.998,0.0,89.0769,89.0769,82.998,94.3187,21.3663,26.5883,7009
2016-12-02 23:00:00,57.11,transfer,1.0,82.9927,0.0,84.4505,84.4505,82.9927,94.3186,21.3668,26.5883,7010
2016-12-03 00:00:00,55.41,transfer,1.0,82.9889,0.0,84.7417,84.7417,82.9889,94.3186,21.3674,26.5883,7011
2016-12-03 01:00:00,55.88,transfer,1.0,82.9686,0.0,93.5714,93.5714,82.9686,94.3179,21.368,26.5883,7012
2016-12-03 02:00:00,54.88,transfer,1.0,82.9574,0.0,77.3398,77.3398,82.9574,94.3179,21.3688,26.5883,7013
2016-12-03 03:00:00,54.06,transfer,1.0,82.9541,0.0,86.8504,86.8504,82.9541,94.3179,21.3697,26.5883,7014
2016-12-03 04:00:00,54.16,transfer,1.0,82.9552,0.0,80.1143,80.1143,82.9552,94.318,21.3707,26.5883,7015
2016-12-03 05:00:00,55.29,transfer,1.0,82.959,0.0,89.6869,89.6869,82.959,94.318,21.3719,26.5883,7016
2016-12-03 06:00:00,55.98,transfer,1.0,82.9653,0.0,70.2554,70.2554,82.9653,94.3179,21.373,26.5883,7017
2016-12-03 07:00:00,55.77,transfer,1.0,82.9689,0.0,89.9941,89.9941,82.9689,94.3178,21.3741,26.5883,7018
2016-12-03 08:00:00,52.86,transfer,1.0,82.9729,0.0,100.2566,100.2566,82.9729,94.318,21.3751,26.5883,7019
2016-12-03 09:00:00,48.96,transfer,1.0,82.9763,0.0,88.6688,88.6688,82.9763,94.3183,21.376,26.5883,7020
2016-12-03 10:00:00,48.43,transfer,1.0,82.9728,0.0,90.3664,90.3664,82.9728,94.3182,21.3769,26.5883,7021
2016-12-03 11:00:00,49.03,transfer,1.0,82.9641,0.0,88.0018,88.0018,82.9641,94.3181,21.3777,26.5883,7022
2016-12-03 12:00:00,51.46,transfer,1.0,82.953,0.0,79.055,79.055,82.953,94.3179,21.3786,26.5883,7023
2016-12-03 13:00:00,52.73,transfer,1.0,82.9383,0.0,87.6916,87.6916,82.9383,94.3178,21.3794,26.5883,7024
2016-12-03 14:00:00,52.57,transfer,1.0,82.9199,0.0,99.0673,99.0673,82.9199,94.318,21.3802,26.5883,7025
2016-12-03 15:00:00,52.47,transfer,1.0,82.8936,0.0,84.4046,84.4046,82.8936,94.3179,21.3811,26.5883,7026
2016-12-03 16:00:00,52.48,transfer,1.0,82.8557,0.0,80.3373,80.3373,82.8557,94.3178,21.382,26.5883,7027
2016-12-03 17:00:00,51.97,transfer,1.0,82.8043,0.0,74.3173,74.3173,82.8043,94.3177,21.3832,26.5883,7028
2016-12-03 18:00:00,51.6,transfer,1.0,82.7331,0.0,83.1473,83.1473,82.7331,94.3177,21.3846,26.5883,7029
2016-12-03 19:00:00,54.86,transfer,1.0,82.6394,0.0,83.73,83.73,82.6394,94.3177,21.3864,26.5883,7030
2016-12-03 20:00:00,56.82,transfer,1.0,82.534,0.0,78.9783,78.9783,82.534,94.3175,21.3887,26.5883,7031
2016-12-03 21:00:00,56.31,transfer,1.0,82.4356,0.0,78.1458,78.1458,82.4356,94.3174,21.3915,26.5883,7032
2016-12-03 22:00:00,56.04,transfer,1.0,82.3392,0.0,86.3612,86.3612,82.3392,94.3175,21.395,26.5883,7033
2016-12-03 23:00:00,55.81,transfer,1.0,82.2263,0.0,91.4977,91.4977,82.2263,94.3174,21.3991,26.5883,7034
2016-12-04 00:00:00,55.95,transfer,1.0,82.1018,0.0,90.0438,90.0438,82.1018,94.3175,21.4038,26.5883,7035
2016-12-04 01:00:00,56.23,transfer,1.0,82.0493,0.0,81.1353,81.1353,82.0493,94.3172,21.4088,26.5883,7036
2016-12-04 02:00:00,55.42,transfer,1.0,82.0214,0.0,78.0905,78.0905,82.0214,94.3173,21.4141,26.5883,7037
2016-12-04 03:00:00,55.33,transfer,1.0,82.023,0.0,76.4566,76.4566,82.023,94.3174,21.4194,26.5883,7038
2016-12-04 04:00:00,55.32,transfer,1.0,82.0617,0.0,88.9426,88.9426,82.0617,94.3175,21.4243,26.5883,7039
2016-12-04 05:00:00,57.7,transfer,1.0,82.1381,0.0,88.268,88.268,82.1381,94.3176,21.4284,26.5883,7040
2016-12-04 06:00:00,57.53,transfer,1.0,82.2764,0.0,83.2154,83.2154,82.2764,94.3177,21.4315,26.5883,7041
2016-12-04 07:00:00,57.48,transfer,1.0,82.4462,0.0,82.9558,82.9558,82.4462,94.318,21.434,26.5884,7042
2016-12-04 08:00:00,53.88,transfer,1.0,82.6023,0.0,67.5173,67.5173,82.6023,94.3182,21.4358,26.5884,7043
2016-12-04 09:00:00,50.22,transfer,1.0,82.7126,0.0,95.0097,95.0097,82.7126,94.3184,21.4373,26.5884,7044
2016-12-04 10:00:00,50.51,transfer,1.0,82.7779,0.0,68.4372,68.4372,82.7779,94.3184,21.4386,26.5884,7045
2016-12-04 11:00:00,51.31,transfer,1.0,82.8144,0.0,85.912,85.912,82.8144,94.3184,21.4397,26.5884,7046
2016-12-04 12:00:00,51.54,transfer,1.0,82.8359,0.0,85.0256,85.0256,82.8359,94.3183,21.4407,26.5884,7047
2016-12-04 13:00:00,52.22,transfer,1.0,82.8443,0.0,91.9052,91.9052,82.8443,94.3183,21.4417,26.5884,7048
2016-12-04 14:00:00,51.99,transfer,1.0,82.8401,0.0,81.091,81.091,82.8401,94.3183,21.4427,26.5884,7049
2016-12-04 15:00:00,52.44,transfer,1.0,82.8218,0.0,81.0413,81.0413,82.8218,94.3182,21.4438,26.5884,7050
2016-12-04 16:00:00,53.68,transfer,1.0,82.7928,0.0,82.9099,82.9099,82.7928,94.3182,21.4451,26.5884,7051
2016-12-04 17:00:00,53.71,transfer,1.0,82.7494,0.0,73.0845,73.0845,82.7494,94.3181,21.4465,26.5884,7052
2016-12-04 18:00:00,55.5,transfer,1.0,82.6957,0.0,72.9958,72.9958,82.6957,94.318,21.4483,26.5884,7053
2016-12-04 19:00:00,60.16,transfer,1.0,82.6287,0.0,80.5227,80.5227,82.6287,94.318,21.4504,26.5884,7054
2016-12-04 20:00:00,60.68,transfer,1.0,82.5802,0.0,87.0227,87.0227,82.5802,94.3177,21.4532,26.5884,7055
2016-12-04 21:00:00,65.14,blend,0.5534,87.8019,0.0,79.5935,79.5935,82.5439,94.3176,21.4565,26.5884,7056
2016-12-04 22:00:00,61.73,blend,0.5534,87.7849,0.0,91.6787,91.6787,82.5131,94.3176,21.4605,26.5884,7057
2016-12-04 23:00:00,62.66,blend,0.5534,87.7655,0.0,70.686,70.686,82.4782,94.3174,21.465,26.5884,7058
2016-12-05 00:00:00,66.43,blend,0.5534,87.7483,0.0,88.9736,88.9736,82.4471,94.3174,21.4702,26.5884,7059
2016-12-05 01:00:00,68.65,blend,0.5534,87.7947,0.0,77.7566,77.7566,82.531,94.3175,21.4751,26.5884,7060
2016-12-05 02:00:00,66.68,blend,0.5534,87.847,0.0,74.8637,74.8637,82.6254,94.3175,21.4792,26.5884,7061
2016-12-05 03:00:00,66.53,blend,0.5534,87.9021,0.0,70.802,70.802,82.7246,94.318,21.4822,26.5884,7062
2016-12-05 04:00:00,61.8,blend,0.5534,87.9374,0.0,95.1656,95.1656,82.7887,94.3176,21.4843,26.5884,7063
2016-12-05 05:00:00,63.74,blend,0.5534,87.9714,0.0,83.6955,83.6955,82.8497,94.3181,21.4857,26.5884,7064
2016-12-05 06:00:00,64.86,blend,0.5534,88.0023,0.0,72.9559,72.9559,82.9052,94.3185,21.4866,26.5884,7065
2016-12-05 07:00:00,80.46,blend,0.5534,88.0267,0.0,77.9159,77.9159,82.9492,94.3185,21.4872,26.5884,7066
2016-12-05 08:00:00,90.36,blend,0.5534,88.0485,0.0,77.478,77.478,82.9886,94.3186,21.4868,26.5884,7067
2016-12-05 09:00:00,102.24,blend,0.5534,88.0677,0.0,90.1216,90.1216,83.0231,94.3187,21.4867,26.5884,7068
2016-12-05 10:00:00,115.46,blend,0.5534,88.0809,0.0,74.9365,74.9365,83.0471,94.3187,21.4865,26.5884,7069
2016-12-05 11:00:00,119.08,blend,0.5534,88.0901,0.0,71.8328,71.8328,83.0638,94.3185,21.4865,26.5884,7070
2016-12-05 12:00:00,116.86,blend,0.5534,88.0957,0.0,97.5535,97.5535,83.0741,94.3183,21.4864,26.5884,7071
2016-12-05 13:00:00,112.14,blend,0.5534,88.0981,0.0,96.7375,96.7375,83.0786,94.3183,21.4864,26.5884,7072
2016-12-05 14:00:00,107.1,blend,0.5534,88.0987,0.0,79.3788,79.3788,83.0793,94.3185,21.4864,26.5884,7073
2016-12-05 15:00:00,103.9,blend,0.5534,88.0979,0.0,65.9632,65.9632,83.0779,94.3186,21.4863,26.5884,7074
2016-12-05 16:00:00,102.53,blend,0.5534,88.0963,0.0,87.109,87.109,83.075,94.3186,21.4863,26.5884,7075
2016-12-05 17:00:00,93.22,blend,0.5534,88.0942,0.0,57.7866,57.7866,83.0712,94.3185,21.4863,26.5884,7076
2016-12-05 18:00:00,87.77,blend,0.5534,88.0916,0.0,82.4747,82.4747,83.0665,94.3187,21.4863,26.5884,7077
2016-12-05 19:00:00,74.8,blend,0.5534,88.0888,0.0,87.2542,87.2542,83.0614,94.3187,21.4863,26.5884,7078
2016-12-05 20:00:00,72.12,blend,0.5534,88.085,0.0,94.0056,94.0056,83.0547,94.3185,21.4863,26.5884,7079
2016-12-05 21:00:00,64.53,blend,0.5534,88.0819,0.0,97.9038,97.9038,83.0491,94.3184,21.4863,26.5884,7080
2016-12-05 22:00:00,61.57,blend,0.5534,88.0794,0.0,88.833,88.833,83.0446,94.3184,21.4864,26.5885,7081
2016-12-05 23:00:00,61.52,blend,0.5534,88.0771,0.0,73.6604,73.6604,83.0406,94.3182,21.4864,26.5885,7082
2016-12-06 00:00:00,62.78,blend,0.5534,88.0766,0.0,87.7283,87.7283,83.0396,94.3182,21.4864,26.5885,7083
2016-12-06 01:00:00,61.36,blend,0.5534,88.0787,0.0,83.8974,83.8974,83.0432,94.3185,21.4864,26.5885,7084
2016-12-06 02:00:00,62.0,blend,0.5534,88.0816,0.0,92.4776,92.4776,83.0484,94.3186,21.4865,26.5885,7085
2016-12-06 03:00:00,61.51,blend,0.5534,88.0847,0.0,78.7507,78.7507,83.054,94.3187,21.4865,26.5885,7086
2016-12-06 04:00:00,60.89,blend,0.5534,88.088,0.0,94.3828,94.3828,83.0599,94.3187,21.4866,26.5885,7087
2016-12-06 05:00:00,62.74,blend,0.5534,88.0909,0.0,84.9898,84.9898,83.065,94.3188,21.4866,26.5885,7088
2016-12-06 06:00:00,65.22,blend,0.5534,88.0935,0.0,101.8595,101.8595,83.0697,94.3188,21.4866,26.5885,7089
2016-12-06 07:00:00,76.44,blend,0.5534,88.096,0.0,91.0062,91.0062,83.0741,94.3189,21.4867,26.5885,7090
2016-12-06 08:00:00,87.94,blend,0.5534,88.0984,0.0,95.2513,95.2513,83.0784,94.319,21.4866,26.5885,7091
2016-12-06 09:00:00,103.91,blend,0.5534,88.1011,0.0,80.5151,80.5151,83.0832,94.3192,21.4866,26.5885,7092
2016-12-06 10:00:00,108.71,blend,0.5534,88.103,0.0,93.758,93.758,83.0865,94.3193,21.4866,26.5885,7093
2016-12-06 11:00:00,112.22,blend,0.5534,88.1041,0.0,79.9742,79.9742,83.0886,94.3192,21.4865,26.5885,7094
2016-12-06 12:00:00,110.43,blend,0.5534,88.1044,0.0,88.6957,88.6957,83.0891,94.3192,21.4865,26.5885,7095
2016-12-06 13:00:00,109.96,blend,0.5534,88.104,0.0,90.2666,90.2666,83.0884,94.3191,21.4864,26.5885,7096
2016-12-06 14:00:00,106.42,blend,0.5534,88.103,0.0,82.7103,82.7103,83.0868,94.319,21.4863,26.5885,7097
2016-12-06 15:00:00,109.55,blend,0.5534,88.1,0.0,68.871,68.871,83.0823,94.3178,21.4863,26.5885,7098
2016-12-06 16:00:00,98.47,blend,0.5534,88.0942,0.0,72.6614,72.6614,83.0734,94.3159,21.4862,26.5885,7099
2016-12-06 17:00:00,90.04,blend,0.5534,88.0926,0.0,78.7032,78.7032,83.068,94.3189,21.4861,26.5885,7100
2016-12-06 18:00:00,85.75,blend,0.5534,88.0834,0.0,98.8697,98.8697,83.0534,94.3165,21.4861,26.5885,7101
2016-12-06 19:00:00,81.02,blend,0.5534,88.0759,0.0,90.8309,90.8309,83.039,94.3175,21.4861,26.5885,7102
2016-12-06 20:00:00,77.72,blend,0.5534,88.0701,0.0,87.863,87.863,83.0279,94.3183,21.4863,26.5885,7103
2016-12-06 21:00:00,74.07,blend,0.5534,88.0667,0.0,102.9857,102.9857,83.0216,94.3184,21.4864,26.5885,7104
2016-12-06 22:00:00,69.39,blend,0.5534,88.065,0.0,86.29,86.29,83.0185,94.3185,21.4867,26.5885,7105
2016-12-06 23:00:00,66.51,blend,0.5534,88.0641,0.0,78.9406,78.9406,83.0169,94.3185,21.487,26.5885,7106
2016-12-07 00:00:00,64.98,blend,0.5534,88.0648,0.0,84.1674,84.1674,83.0182,94.3186,21.4875,26.5885,7107
2016-12-07 01:00:00,64.98,blend,0.5534,88.0662,0.0,80.8906,80.8906,83.0204,94.3188,21.4842,26.5846,7108
2016-12-07 02:00:00,64.98,blend,0.5534,88.0072,0.0,73.2155,73.2155,82.9401,94.2864,21.477,26.577,7109
2016-12-07 03:00:00,64.98,blend,0.5534,87.8977,0.0,75.0491,75.0491,82.7895,94.2277,21.4699,26.5701,7110
