timestamp,actual_kwh,active_model,blend_weight_transfer,prediction_kwh,uncertainty_std,lower_ci_90,upper_ci_90,transfer_pred_kwh,pretransfer_pred_kwh,rolling_mae_transfer,rolling_mae_pretransfer,stream_hour
2016-03-27 00:00:00,46.57,blend,0.5,68.6151,0.0,54.609,54.609,52.7486,84.4817,6.1786,37.9117,0
2016-03-27 01:00:00,46.63,blend,0.5,68.9989,0.0,52.5116,52.5116,53.516,84.4817,6.5323,37.8817,1
2016-03-27 02:00:00,46.43,blend,0.5,69.4919,0.0,48.1048,48.1048,54.502,84.4817,7.0455,37.9384,2
2016-03-27 03:00:00,46.8,blend,0.5,70.0472,0.0,57.0937,57.0937,55.6127,84.4817,7.4873,37.8742,3
2016-03-27 04:00:00,60.42,blend,0.5,70.6727,0.0,57.2689,57.2689,56.8638,84.4817,6.7011,35.1117,4
2016-03-27 05:00:00,60.26,blend,0.5,71.9644,0.0,61.684,61.684,59.4471,84.4817,5.7197,33.2967,5
2016-03-27 06:00:00,60.09,blend,0.5,73.4754,0.0,72.6828,72.6828,62.469,84.4817,5.2425,32.0246,6
2016-03-27 07:00:00,54.54,blend,0.5,74.7262,0.0,51.7683,51.7683,64.9706,84.4817,5.891,31.7642,7
2016-03-27 08:00:00,50.85,blend,0.5,75.1573,0.0,70.1206,70.1206,65.8328,84.4817,6.9012,31.9717,8
2016-03-27 09:00:00,51.76,blend,0.5,73.3512,0.0,65.05,65.05,62.2207,84.4817,7.2572,32.0467,9
2016-03-27 10:00:00,52.93,blend,0.5,71.6476,0.0,62.1754,62.1754,58.8136,84.4817,7.1323,32.0017,10
2016-03-27 11:00:00,51.64,blend,0.5,70.6243,0.0,56.2153,56.2153,56.7668,84.4817,6.9652,32.0717,11
2016-03-27 12:00:00,52.46,blend,0.5,69.9856,0.0,47.7452,47.7452,55.4895,84.4817,6.6624,32.0679,12
2016-03-27 13:00:00,51.69,blend,0.5,69.4441,0.0,59.7112,59.7112,54.4065,84.4817,6.3806,32.1196,13
2016-03-27 14:00:00,51.88,blend,0.5,68.9885,0.0,61.3897,61.3897,53.4952,84.4817,6.0629,32.1517,14
2016-03-27 15:00:00,50.95,blend,0.5,68.5905,0.0,48.6236,48.6236,52.6993,84.4817,5.7933,32.2379,15
2016-03-27 16:00:00,51.77,blend,0.5,68.2811,0.0,47.6323,47.6323,52.0804,84.4817,5.4708,32.2658,16
2016-03-27 17:00:00,52.42,blend,0.5,68.0124,0.0,53.5965,53.5965,51.5431,84.4817,5.2155,32.2545,17
2016-03-27 18:00:00,44.45,blend,0.5,67.7993,0.0,43.561,43.561,51.117,84.4817,5.2919,32.6638,18
2016-03-27 19:00:00,49.86,blend,0.5,67.6935,0.0,54.1822,54.1822,50.9053,84.4817,5.0796,32.7617,19
2016-03-27 20:00:00,51.22,blend,0.5,67.8933,0.0,51.2003,51.2003,51.3048,84.4817,4.8418,32.7855,20
2016-03-27 21:00:00,51.24,blend,0.5,68.1585,0.0,56.8239,56.8239,51.8352,84.4817,4.6487,32.8062,21
2016-03-27 22:00:00,52.15,blend,0.5,68.5129,0.0,62.6214,62.6214,52.5441,84.4817,4.4637,32.7856,22
2016-03-27 23:00:00,51.24,blend,0.5,68.904,0.0,54.0361,54.0361,53.3263,84.4817,4.3647,32.8046,23
2016-03-28 00:00:00,51.07,blend,0.5,69.2832,0.0,59.9591,59.9591,54.0847,84.4817,4.3107,32.8289,24
2016-03-28 01:00:00,50.75,blend,0.5,70.5048,0.0,66.3382,66.3382,56.5279,84.4817,4.3671,32.8636,25
2016-03-28 02:00:00,50.36,blend,0.5,72.5799,0.0,51.2884,51.2884,60.678,84.4817,4.5875,32.9102,26
2016-03-28 03:00:00,50.99,blend,0.5,74.8969,0.0,76.0231,76.0231,65.3121,84.4817,4.9352,32.931,27
2016-03-28 04:00:00,64.05,blend,0.5,77.8548,0.0,71.0304,71.0304,71.2279,84.4817,5.0125,32.5,28
2016-03-28 05:00:00,66.36,blend,0.5,82.4887,0.0,62.5123,62.5123,80.4956,84.4817,5.3166,32.0207,29
2016-03-28 06:00:00,66.53,blend,0.5,87.1916,0.0,90.9284,90.9284,89.9014,84.4817,5.899,31.5669,30
2016-03-28 07:00:00,65.28,blend,0.5,89.8413,0.0,101.5534,101.5534,95.201,84.4817,6.6497,31.1804,31
2016-03-28 08:00:00,64.21,blend,0.5,91.6636,0.0,109.3403,109.3403,98.8455,84.4817,7.4978,30.8499,32
2016-03-28 09:00:00,65.69,blend,0.5,90.1739,0.0,92.0181,92.0181,95.8661,84.4817,8.1648,30.4952,33
2016-03-28 10:00:00,66.85,blend,0.5,85.8019,0.0,79.6258,79.6258,87.1222,84.4817,8.5107,30.1277,34
2016-03-28 11:00:00,67.0,blend,0.5,81.5657,0.0,86.676,86.676,78.6498,84.4817,8.5979,29.7764,35
2016-03-28 12:00:00,67.62,blend,0.5,77.9214,0.0,67.9473,67.9473,71.3612,84.4817,8.4666,29.4274,36
2016-03-28 13:00:00,66.79,blend,0.5,75.5997,0.0,68.0309,68.0309,66.7178,84.4817,8.2457,29.1185,37
2016-03-28 14:00:00,67.04,blend,0.5,73.7352,0.0,55.2437,55.2437,62.9888,84.4817,8.1382,28.8191,38
2016-03-28 15:00:00,68.52,blend,0.5,72.2816,0.0,55.7079,55.7079,60.0814,84.4817,8.1457,28.4977,39
2016-03-28 16:00:00,61.74,blend,0.5,71.344,0.0,56.3623,56.3623,58.2064,84.4817,8.0332,28.3573,40
2016-03-28 17:00:00,58.59,blend,0.5,70.4938,0.0,53.3445,53.3445,56.5058,84.4817,7.8916,28.2986,41
2016-03-28 18:00:00,46.66,blend,0.5,69.7741,0.0,52.2215,52.2215,55.0665,84.4817,7.9035,28.5201,42
2016-03-28 19:00:00,51.11,blend,0.5,69.1513,0.0,53.8923,53.8923,53.8209,84.4817,7.7855,28.6303,43
2016-03-28 20:00:00,55.72,blend,0.5,68.9327,0.0,57.6952,57.6952,53.3838,84.4817,7.6644,28.6333,44
2016-03-28 21:00:00,53.84,blend,0.5,68.868,0.0,57.6905,57.6905,53.2542,84.4817,7.5105,28.6769,45
2016-03-28 22:00:00,54.34,blend,0.5,68.9765,0.0,58.338,58.338,53.4712,84.4817,7.3692,28.7081,46
2016-03-28 23:00:00,52.05,blend,0.5,69.1999,0.0,51.7055,51.7055,53.9182,84.4817,7.2546,28.7857,47
2016-03-29 00:00:00,51.94,blend,0.5,69.5731,0.0,54.8019,54.8019,54.6645,84.4817,7.1622,28.8623,48
2016-03-29 01:00:00,54.82,blend,0.5,70.1594,0.0,48.5349,48.5349,55.837,84.4817,7.0393,28.8783,49
2016-03-29 02:00:00,54.88,blend,0.5,71.1821,0.0,47.1264,47.1264,57.8825,84.4817,6.9601,28.8925,50
2016-03-29 03:00:00,55.06,blend,0.5,72.9989,0.0,59.2085,59.2085,61.5161,84.4817,6.9504,28.9027,51
2016-03-29 04:00:00,66.95,blend,0.5,75.9697,0.0,69.8178,69.8178,67.4577,84.4817,6.8289,28.6881,52
2016-03-29 05:00:00,69.35,blend,0.5,81.0274,0.0,63.7431,63.7431,77.5731,84.4817,6.8547,28.4371,53
2016-03-29 06:00:00,68.49,blend,0.5,86.84,0.0,80.3102,80.3102,89.1983,84.4817,7.1066,28.2108,54
2016-03-29 07:00:00,62.41,blend,0.5,90.7039,0.0,121.6077,121.6077,96.926,84.4817,7.596,28.1012,55
2016-03-29 08:00:00,63.63,blend,0.5,92.8453,0.0,116.9975,116.9975,101.209,84.4817,8.122,27.974,56
2016-03-29 09:00:00,66.8,blend,0.5,91.059,0.0,105.9664,105.9664,97.6362,84.4817,8.5137,27.7965,57
2016-03-29 10:00:00,70.85,blend,0.5,85.9604,0.0,81.9339,81.9339,87.439,84.4817,8.6505,27.5564,58
2016-03-29 11:00:00,71.29,blend,0.5,81.6134,0.0,66.09,66.09,78.7451,84.4817,8.6306,27.317,59
2016-03-29 12:00:00,70.69,blend,0.5,79.0678,0.0,67.3469,67.3469,73.6539,84.4817,8.5377,27.0953,60
2016-03-29 13:00:00,69.6,blend,0.5,76.9281,0.0,68.9194,68.9194,69.3746,84.4817,8.4036,26.8983,61
2016-03-29 14:00:00,72.08,blend,0.5,74.9718,0.0,57.6617,57.6617,65.462,84.4817,8.3753,26.6682,62
2016-03-29 15:00:00,69.03,blend,0.5,73.6014,0.0,60.3231,60.3231,62.7211,84.4817,8.343,26.4929,63
2016-03-29 16:00:00,64.32,blend,0.5,72.5628,0.0,64.7488,64.7488,60.6438,84.4817,8.2712,26.3955,64
2016-03-29 17:00:00,58.95,blend,0.5,71.4682,0.0,50.1658,50.1658,58.4547,84.4817,8.1534,26.3825,65
2016-03-29 18:00:00,47.18,blend,0.5,70.5173,0.0,61.4625,61.4625,56.5529,84.4817,8.1716,26.5454,66
2016-03-29 19:00:00,49.39,blend,0.5,69.6603,0.0,56.4497,56.4497,54.839,84.4817,8.1316,26.6711,67
2016-03-29 20:00:00,55.14,blend,0.5,69.3416,0.0,52.2039,52.2039,54.2016,84.4817,8.0273,26.7098,68
2016-03-29 21:00:00,52.95,blend,0.5,69.2877,0.0,52.0082,52.0082,54.0937,84.4817,7.929,26.7787,69
2016-03-29 22:00:00,53.19,blend,0.5,69.4957,0.0,59.247,59.247,54.5097,84.4817,7.8359,26.8423,70
2016-03-29 23:00:00,52.51,blend,0.5,69.9092,0.0,54.2047,54.2047,55.3367,84.4817,7.7663,26.9135,71
2016-03-30 00:00:00,52.37,blend,0.5,70.4435,0.0,71.5939,71.5939,56.4053,84.4817,7.7152,26.9847,72
2016-03-30 01:00:00,52.85,blend,0.5,71.2011,0.0,48.0664,48.0664,57.9205,84.4817,7.6795,27.0475,73
2016-03-30 02:00:00,53.66,blend,0.5,72.7296,0.0,64.6572,64.6572,60.9774,84.4817,7.6746,27.0978,74
2016-03-30 03:00:00,55.06,blend,0.5,75.2755,0.0,72.4478,72.4478,66.0694,84.4817,7.7185,27.1284,75
2016-03-30 04:00:00,65.86,blend,0.5,79.056,0.0,72.2816,72.2816,73.6302,84.4817,7.7192,27.0179,76
2016-03-30 05:00:00,68.56,blend,0.5,84.6959,0.0,84.8206,84.8206,84.9102,84.4817,7.8298,26.8757,77
2016-03-30 06:00:00,67.0,blend,0.5,90.6993,0.0,107.9997,107.9997,96.9169,84.4817,8.1094,26.7568,78
2016-03-30 07:00:00,60.85,blend,0.5,94.5468,0.0,95.9458,95.9458,104.6119,84.4817,8.5551,26.7177,79
2016-03-30 08:00:00,66.24,blend,0.5,96.2822,0.0,107.3328,107.3328,108.0827,84.4817,8.966,26.6131,80
2016-03-30 09:00:00,66.73,blend,0.5,95.2604,0.0,108.4482,108.4482,106.039,84.4817,9.3361,26.505,81
2016-03-30 10:00:00,65.16,blend,0.5,91.5715,0.0,99.2854,99.2854,98.6612,84.4817,9.6272,26.4184,82
2016-03-30 11:00:00,67.92,blend,0.5,86.3553,0.0,89.8222,89.8222,88.2289,84.4817,9.7544,26.3011,83
2016-03-30 12:00:00,65.09,blend,0.5,81.3734,0.0,81.0593,81.0593,78.2652,84.4817,9.7946,26.2198,84
2016-03-30 13:00:00,65.92,blend,0.5,77.6631,0.0,61.9859,61.9859,70.8444,84.4817,9.738,26.1308,85
2016-03-30 14:00:00,68.19,blend,0.5,74.7004,0.0,68.2154,68.2154,64.919,84.4817,9.6637,26.0177,86
2016-03-30 15:00:00,69.22,blend,0.5,72.7821,0.0,56.2582,56.2582,61.0825,84.4817,9.6463,25.8954,87
2016-03-30 16:00:00,68.26,blend,0.5,71.6101,0.0,59.694,59.694,58.7385,84.4817,9.6449,25.7868,88
2016-03-30 17:00:00,63.36,blend,0.5,70.6637,0.0,56.977,56.977,56.8458,84.4817,9.6101,25.7349,89
2016-03-30 18:00:00,49.1,blend,0.5,69.9889,0.0,59.6219,59.6219,55.4962,84.4817,9.5748,25.8409,90
2016-03-30 19:00:00,51.78,blend,0.5,69.3399,0.0,48.5468,48.5468,54.198,84.4817,9.497,25.9155,91
2016-03-30 20:00:00,56.42,blend,0.5,69.0165,0.0,49.1642,49.1642,53.5513,84.4817,9.4258,25.9386,92
2016-03-30 21:00:00,54.49,blend,0.5,68.9369,0.0,39.4433,39.4433,53.392,84.4817,9.3372,25.9817,93
2016-03-30 22:00:00,55.48,blend,0.5,69.1469,0.0,53.6898,53.6898,53.812,84.4817,9.2564,26.0135,94
2016-03-30 23:00:00,54.65,blend,0.5,69.5964,0.0,56.8195,56.8195,54.7112,84.4817,9.1606,26.0533,95
2016-03-31 00:00:00,54.31,blend,0.5,70.2814,0.0,61.4497,61.4497,56.0811,84.4817,9.0845,26.0957,96
2016-03-31 01:00:00,54.07,blend,0.5,71.0863,0.0,65.038,65.038,57.691,84.4817,9.0287,26.1398,97
2016-03-31 02:00:00,54.61,blend,0.5,72.4753,0.0,56.286,56.286,60.4689,84.4817,8.9967,26.1775,98
2016-03-31 03:00:00,54.98,blend,0.5,74.4802,0.0,59.7551,59.7551,64.4787,84.4817,9.0017,26.2107,99
2016-03-31 04:00:00,64.98,blend,0.5,77.3654,0.0,56.4492,56.4492,70.249,84.4817,8.9648,26.1443,100
2016-03-31 05:00:00,67.26,blend,0.5,82.1421,0.0,79.3311,79.3311,79.8025,84.4817,8.9998,26.0568,101
2016-03-31 06:00:00,66.74,blend,0.5,87.6252,0.0,98.3046,98.3046,90.7686,84.4817,9.1457,25.9761,102
2016-03-31 07:00:00,60.53,blend,0.5,91.4592,0.0,82.806,82.806,98.4367,84.4817,9.4223,25.9566,103
2016-03-31 08:00:00,63.35,blend,0.5,93.5378,0.0,98.8878,98.8878,102.5939,84.4817,9.7063,25.9106,104
2016-03-31 09:00:00,67.68,blend,0.5,91.8362,0.0,87.9245,87.9245,99.1907,84.4817,9.912,25.8247,105
2016-03-31 10:00:00,72.1,blend,0.5,86.0099,0.0,98.9373,98.9373,87.5381,84.4817,9.9637,25.6991,106
2016-03-31 11:00:00,70.11,blend,0.5,80.4766,0.0,77.8556,77.8556,76.4716,84.4817,9.9303,25.5942,107
2016-03-31 12:00:00,74.82,blend,0.5,77.4377,0.0,62.1198,62.1198,70.3937,84.4817,9.8798,25.448,108
2016-03-31 13:00:00,72.28,blend,0.5,75.275,0.0,63.1964,63.1964,66.0684,84.4817,9.8465,25.3276,109
2016-03-31 14:00:00,77.05,blend,0.5,73.8166,0.0,67.1244,67.1244,63.1514,84.4817,9.883,25.1664,110
2016-03-31 15:00:00,74.85,blend,0.5,72.7233,0.0,63.6193,63.6193,60.9649,84.4817,9.9187,25.0277,111
2016-03-31 16:00:00,74.0,blend,0.5,71.8434,0.0,71.4871,71.4871,59.205,84.4817,9.9619,24.899,112
2016-03-31 17:00:00,68.85,blend,0.5,70.9181,0.0,49.4125,49.4125,57.3545,84.4817,9.9753,24.8177,113
2016-03-31 18:00:00,53.65,blend,0.5,70.1134,0.0,56.6095,56.6095,55.7452,84.4817,9.9068,24.87,114
2016-03-31 19:00:00,57.88,blend,0.5,69.4046,0.0,62.3409,62.3409,54.3275,84.4817,9.852,24.8849,115
2016-03-31 20:00:00,60.57,blend,0.5,69.1409,0.0,54.7179,54.7179,53.8001,84.4817,9.8257,24.8766,116
2016-03-31 21:00:00,57.94,blend,0.5,69.1622,0.0,50.3693,50.3693,53.8428,84.4817,9.7771,24.8907,117
2016-03-31 22:00:00,57.67,blend,0.5,69.3474,0.0,56.7914,56.7914,54.213,84.4817,9.724,24.9068,118
2016-03-31 23:00:00,55.98,blend,0.5,69.724,0.0,47.602,47.602,54.9663,84.4817,9.6514,24.9368,119
2016-04-01 00:00:00,55.54,blend,0.5,70.2582,0.0,55.2771,55.2771,56.0346,84.4817,9.5757,24.9699,120
2016-04-01 01:00:00,54.98,blend,0.5,70.9953,0.0,57.0236,57.0236,57.5088,84.4817,9.518,25.007,121
2016-04-01 02:00:00,55.43,blend,0.5,72.2865,0.0,66.6856,66.6856,60.0912,84.4817,9.4785,25.0399,122
2016-04-01 03:00:00,55.53,blend,0.5,74.3255,0.0,55.6792,55.6792,64.1692,84.4817,9.4717,25.0715,123
2016-04-01 04:00:00,70.53,blend,0.5,77.1722,0.0,62.6146,62.6146,69.8626,84.4817,9.4013,24.9825,124
2016-04-01 05:00:00,76.62,blend,0.5,81.6313,0.0,82.6069,82.6069,78.7809,84.4817,9.3438,24.8466,125
2016-04-01 06:00:00,73.68,blend,0.5,87.2281,0.0,79.4965,79.4965,89.9745,84.4817,9.3986,24.736,126
2016-04-01 07:00:00,66.61,blend,0.5,91.3575,0.0,110.5962,110.5962,98.2334,84.4817,9.5722,24.6824,127
2016-04-01 08:00:00,69.48,blend,0.5,92.9932,0.0,108.6854,108.6854,101.5047,84.4817,9.7462,24.6074,128
2016-04-01 09:00:00,69.7,blend,0.5,90.3837,0.0,90.9208,90.9208,96.2858,84.4817,9.8758,24.5318,129
2016-04-01 10:00:00,71.13,blend,0.5,85.0347,0.0,75.0525,75.0525,85.5877,84.4817,9.9108,24.4464,130
2016-04-01 11:00:00,72.44,blend,0.5,80.5956,0.0,76.7898,76.7898,76.7094,84.4817,9.868,24.3525,131
2016-04-01 12:00:00,73.71,blend,0.5,77.7115,0.0,70.2382,70.2382,70.9412,84.4817,9.8146,24.2503,132
2016-04-01 13:00:00,70.37,blend,0.5,75.8378,0.0,65.3527,65.3527,67.1938,84.4817,9.7651,24.1747,133
2016-04-01 14:00:00,71.74,blend,0.5,74.5582,0.0,64.4607,64.4607,64.6347,84.4817,9.7454,24.09,134
2016-04-01 15:00:00,71.57,blend,0.5,73.4115,0.0,64.506,64.506,62.3414,84.4817,9.7416,24.0078,135
2016-04-01 16:00:00,71.58,blend,0.5,72.3541,0.0,63.8289,63.8289,60.2264,84.4817,9.7534,23.9267,136
2016-04-01 17:00:00,65.55,blend,0.5,71.4856,0.0,65.7238,65.7238,58.4895,84.4817,9.7339,23.8905,137
2016-04-01 18:00:00,50.92,blend,0.5,70.8551,0.0,58.0759,58.0759,57.2284,84.4817,9.7092,23.9601,138
2016-04-01 19:00:00,53.85,blend,0.5,69.8796,0.0,50.1707,50.1707,55.2776,84.4817,9.6501,24.0078,139
2016-04-01 20:00:00,58.11,blend,0.5,69.417,0.0,56.6048,56.6048,54.3522,84.4817,9.6083,24.0245,140
2016-04-01 21:00:00,56.0,blend,0.5,69.2497,0.0,45.2199,45.2199,54.0177,84.4817,9.5546,24.0559,141
2016-04-01 22:00:00,55.95,blend,0.5,69.3734,0.0,56.4931,56.4931,54.2652,84.4817,9.4995,24.0872,142
2016-04-01 23:00:00,55.15,blend,0.5,69.7068,0.0,67.9335,67.9335,54.9319,84.4817,9.4351,24.1236,143
2016-04-02 00:00:00,54.47,blend,0.5,70.2244,0.0,61.6847,61.6847,55.9672,84.4817,9.3803,24.1642,144
2016-04-02 01:00:00,53.93,blend,0.5,70.4565,0.0,63.8574,63.8574,56.4313,84.4817,9.3332,24.208,145
2016-04-02 02:00:00,54.03,blend,0.5,70.7869,0.0,64.6885,64.6885,57.0921,84.4817,9.2906,24.2505,146
2016-04-02 03:00:00,53.89,blend,0.5,71.4936,0.0,62.3531,62.3531,58.5054,84.4817,9.259,24.2933,147
2016-04-02 04:00:00,67.61,blend,0.5,72.5742,0.0,66.206,66.206,60.6668,84.4817,9.2434,24.2435,148
2016-04-02 05:00:00,67.89,blend,0.5,74.279,0.0,60.3948,60.3948,64.0764,84.4817,9.2072,24.1925,149
2016-04-02 06:00:00,66.79,blend,0.5,76.4454,0.0,69.4312,69.4312,68.4092,84.4817,9.157,24.1494,150
2016-04-02 07:00:00,62.38,blend,0.5,77.9148,0.0,68.8885,68.8885,71.3478,84.4817,9.1557,24.136,151
2016-04-02 08:00:00,60.57,blend,0.5,77.9579,0.0,65.0395,65.0395,71.4342,84.4817,9.1669,24.1345,152
2016-04-02 09:00:00,63.61,blend,0.5,76.518,0.0,71.0548,71.0548,68.5543,84.4817,9.1395,24.1133,153
2016-04-02 10:00:00,64.3,blend,0.5,75.0475,0.0,61.937,61.937,65.6133,84.4817,9.089,24.088,154
2016-04-02 11:00:00,63.63,blend,0.5,74.282,0.0,58.0938,58.0938,64.0823,84.4817,9.0336,24.0672,155
2016-04-02 12:00:00,65.36,blend,0.5,73.7877,0.0,72.0612,72.0612,63.0938,84.4817,8.9905,24.0357,156
2016-04-02 13:00:00,62.28,blend,0.5,73.1472,0.0,62.3342,62.3342,61.8126,84.4817,8.9366,24.0241,157
2016-04-02 14:00:00,58.25,blend,0.5,72.5165,0.0,58.3362,58.3362,60.5512,84.4817,8.8948,24.038,158
2016-04-02 15:00:00,61.95,blend,0.5,71.8173,0.0,56.0683,56.0683,59.1529,84.4817,8.8567,24.0286,159
2016-04-02 16:00:00,61.32,blend,0.5,71.1059,0.0,52.0082,52.0082,57.7301,84.4817,8.824,24.0232,160
2016-04-02 17:00:00,61.1,blend,0.5,70.6673,0.0,64.8365,64.8365,56.8529,84.4817,8.7958,24.0192,161
2016-04-02 18:00:00,48.83,blend,0.5,70.3329,0.0,64.9399,64.9399,56.1841,84.4817,8.7869,24.0906,162
2016-04-02 19:00:00,51.58,blend,0.5,69.8851,0.0,64.1104,64.1104,55.2885,84.4817,8.7559,24.1443,163
2016-04-02 20:00:00,56.39,blend,0.5,69.8248,0.0,54.8669,54.8669,55.1678,84.4817,8.7103,24.1682,164
2016-04-02 21:00:00,54.29,blend,0.5,69.8765,0.0,67.6346,67.6346,55.2713,84.4817,8.6637,24.2045,165
2016-04-02 22:00:00,54.79,blend,0.5,70.1502,0.0,57.8018,57.8018,55.8188,84.4817,8.618,24.2374,166
2016-04-02 23:00:00,52.9,blend,0.5,70.5389,0.0,48.0465,48.0465,56.5962,84.4817,8.5887,24.2811,167
2016-04-03 00:00:00,52.68,transfer,1.0,57.0549,0.0,52.9261,52.9261,57.0549,84.4817,8.578,24.2447,168
2016-04-03 01:00:00,52.54,transfer,1.0,58.27,0.0,55.9184,55.9184,58.27,84.4817,8.5711,24.2096,169
2016-04-03 02:00:00,52.31,transfer,1.0,59.7769,0.0,69.9573,69.9573,59.7769,84.4817,8.5675,24.1746,170
2016-04-03 03:00:00,52.5,transfer,1.0,61.6576,0.0,69.5746,69.5746,61.6576,84.4817,8.5695,24.1406,171
2016-04-03 04:00:00,65.7,transfer,1.0,63.9978,0.0,68.0388,68.0388,63.9978,84.4817,8.5585,24.1092,172
2016-04-03 05:00:00,67.67,transfer,1.0,66.3878,0.0,70.2502,70.2502,66.3878,84.4817,8.5613,24.0651,173
2016-04-03 06:00:00,67.26,transfer,1.0,69.3924,0.0,86.2722,86.2722,69.3924,84.4817,8.5598,24.0224,174
2016-04-03 07:00:00,59.64,transfer,1.0,71.5349,0.0,70.5861,70.5861,71.5349,84.4817,8.5686,23.9921,175
2016-04-03 08:00:00,60.17,transfer,1.0,72.2825,0.0,71.4207,71.4207,72.2825,84.4817,8.5515,23.9366,176
2016-04-03 09:00:00,61.76,transfer,1.0,69.1421,0.0,70.3512,70.3512,69.1421,84.4817,8.5331,23.8771,177
2016-04-03 10:00:00,61.31,transfer,1.0,66.43,0.0,69.6683,69.6683,66.43,84.4817,8.5286,23.8272,178
2016-04-03 11:00:00,62.6,transfer,1.0,64.8785,0.0,70.1725,70.1725,64.8785,84.4817,8.5116,23.7619,179
2016-04-03 12:00:00,62.2,transfer,1.0,63.7619,0.0,67.0745,67.0745,63.7619,84.4817,8.5029,23.704,180
2016-04-03 13:00:00,61.25,transfer,1.0,62.9209,0.0,65.2877,65.2877,62.9209,84.4817,8.4967,23.6471,181
2016-04-03 14:00:00,60.47,transfer,1.0,62.0542,0.0,67.0714,67.0714,62.0542,84.4817,8.4965,23.5959,182
2016-04-03 15:00:00,61.21,transfer,1.0,61.2459,0.0,53.941,53.941,61.2459,84.4817,8.4863,23.5349,183
2016-04-03 16:00:00,60.41,transfer,1.0,60.4022,0.0,65.8487,65.8487,60.4022,84.4817,8.4845,23.4834,184
2016-04-03 17:00:00,58.97,transfer,1.0,59.6725,0.0,44.9497,44.9497,59.6725,84.4817,8.4835,23.4444,185
2016-04-03 18:00:00,47.74,transfer,1.0,58.9591,0.0,51.3308,51.3308,58.9591,84.4817,8.5106,23.4249,186
2016-04-03 19:00:00,48.12,transfer,1.0,57.8976,0.0,52.7725,52.7725,57.8976,84.4817,8.5625,23.4352,187
2016-04-03 20:00:00,54.59,transfer,1.0,57.6669,0.0,59.4432,59.4432,57.6669,84.4817,8.5803,23.4151,188
2016-04-03 21:00:00,54.28,transfer,1.0,57.4319,0.0,54.9606,54.9606,57.4319,84.4817,8.5956,23.3971,189
2016-04-03 22:00:00,55.08,transfer,1.0,57.6373,0.0,70.6426,70.6426,57.6373,84.4817,8.6084,23.3796,190
2016-04-03 23:00:00,54.28,transfer,1.0,58.0328,0.0,59.0807,59.0807,58.0328,84.4817,8.6184,23.3615,191
2016-04-04 00:00:00,54.04,transfer,1.0,58.4271,0.0,54.4971,54.4971,58.4271,84.4817,8.6265,23.3438,192
2016-04-04 01:00:00,54.77,transfer,1.0,60.6734,0.0,59.4591,59.4591,60.6734,84.4817,8.6273,23.3199,193
2016-04-04 02:00:00,53.78,transfer,1.0,64.797,0.0,67.2592,67.2592,64.797,84.4817,8.6314,23.2996,194
2016-04-04 03:00:00,54.09,transfer,1.0,71.1698,0.0,60.3792,60.3792,71.1698,84.4817,8.6479,23.2811,195
2016-04-04 04:00:00,67.33,transfer,1.0,79.0135,0.0,81.436,81.436,79.0135,84.4817,8.6747,23.2616,196
2016-04-04 05:00:00,70.02,transfer,1.0,89.5339,0.0,100.3627,100.3627,89.5339,84.4817,8.7067,23.2398,197
2016-04-04 06:00:00,67.56,transfer,1.0,99.5573,0.0,92.0999,92.0999,99.5573,84.4817,8.758,23.2337,198
2016-04-04 07:00:00,85.85,transfer,1.0,104.5266,0.0,92.0689,92.0689,104.5266,84.4817,8.6911,23.1275,199
2016-04-04 08:00:00,102.99,transfer,1.0,106.0363,0.0,113.6898,113.6898,106.0363,84.4817,8.5031,23.117,200
2016-04-04 09:00:00,106.82,transfer,1.0,107.6012,0.0,110.9094,110.9094,107.6012,84.4817,8.3281,23.1381,201
2016-04-04 10:00:00,110.61,transfer,1.0,106.7919,0.0,109.7539,109.7539,106.7919,84.4817,8.2302,23.1887,202
2016-04-04 11:00:00,109.79,transfer,1.0,103.5238,0.0,109.3996,109.3996,103.5238,84.4817,8.1981,23.2353,203
2016-04-04 12:00:00,109.83,transfer,1.0,99.0142,0.0,86.5446,86.5446,99.0142,84.4817,8.2402,23.2858,204
2016-04-04 13:00:00,107.92,transfer,1.0,93.1641,0.0,95.7125,95.7125,93.1641,84.4817,8.3276,23.32,205
2016-04-04 14:00:00,110.61,transfer,1.0,86.5619,0.0,94.6654,94.6654,86.5619,84.4817,8.4467,23.3717,206
2016-04-04 15:00:00,115.18,transfer,1.0,80.7463,0.0,80.632,80.632,80.7463,84.4817,8.6014,23.4594,207
2016-04-04 16:00:00,105.51,transfer,1.0,76.0755,0.0,77.5756,77.5756,76.0755,84.4817,8.7556,23.4492,208
2016-04-04 17:00:00,95.82,transfer,1.0,71.7308,0.0,64.8719,64.8719,71.7308,84.4817,8.8865,23.3626,209
2016-04-04 18:00:00,67.44,transfer,1.0,66.9797,0.0,72.4034,72.4034,66.9797,84.4817,8.8392,23.2389,210
2016-04-04 19:00:00,62.82,transfer,1.0,62.4643,0.0,58.169,58.169,62.4643,84.4817,8.8252,23.1692,211
2016-04-04 20:00:00,62.05,transfer,1.0,60.0415,0.0,59.6074,59.6074,60.0415,84.4817,8.8233,23.1315,212
2016-04-04 21:00:00,57.83,transfer,1.0,58.4319,0.0,58.7235,58.7235,58.4319,84.4817,8.8234,23.1078,213
2016-04-04 22:00:00,58.25,transfer,1.0,57.5731,0.0,57.0479,57.0479,57.5731,84.4817,8.8222,23.0845,214
2016-04-04 23:00:00,56.66,transfer,1.0,57.1437,0.0,58.4103,58.4103,57.1437,84.4817,8.814,23.0571,215
2016-04-05 00:00:00,56.27,transfer,1.0,57.3304,0.0,58.4067,58.4067,57.3304,84.4817,8.8041,23.0313,216
2016-04-05 01:00:00,55.95,transfer,1.0,58.2625,0.0,54.3289,54.3289,58.2625,84.4817,8.8118,23.0246,217
2016-04-05 02:00:00,55.87,transfer,1.0,60.5799,0.0,57.5668,57.5668,60.5799,84.4817,8.822,23.0187,218
2016-04-05 03:00:00,56.51,transfer,1.0,64.7165,0.0,61.4176,61.4176,64.7165,84.4817,8.8324,23.01,219
2016-04-05 04:00:00,69.11,transfer,1.0,71.6021,0.0,73.259,73.259,71.6021,84.4817,8.8442,22.9972,220
2016-04-05 05:00:00,73.42,transfer,1.0,83.4779,0.0,91.6075,91.6075,83.4779,84.4817,8.8551,22.973,221
2016-04-05 06:00:00,71.23,transfer,1.0,97.0053,0.0,89.3167,89.3167,97.0053,84.4817,8.8853,22.9567,222
2016-04-05 07:00:00,87.75,transfer,1.0,106.2543,0.0,106.0693,106.0693,106.2543,84.4817,8.79,22.8447,223
2016-04-05 08:00:00,106.89,transfer,1.0,111.3886,0.0,109.463,109.463,111.3886,84.4817,8.5931,22.854,224
2016-04-05 09:00:00,112.52,transfer,1.0,114.5121,0.0,133.211,133.211,114.5121,84.4817,8.4214,22.9156,225
2016-04-05 10:00:00,111.88,transfer,1.0,115.7014,0.0,116.4558,116.4558,115.7014,84.4817,8.3454,22.9976,226
2016-04-05 11:00:00,111.7,transfer,1.0,115.7792,0.0,110.3429,110.3429,115.7792,84.4817,8.3253,23.0811,227
2016-04-05 12:00:00,110.92,transfer,1.0,114.8435,0.0,106.7406,106.7406,114.8435,84.4817,8.331,23.1564,228
2016-04-05 13:00:00,107.4,transfer,1.0,112.8356,0.0,111.8837,111.8837,112.8356,84.4817,8.362,23.2042,229
2016-04-05 14:00:00,108.12,transfer,1.0,109.3625,0.0,108.8976,108.8976,109.3625,84.4817,8.33,23.2711,230
2016-04-05 15:00:00,106.28,transfer,1.0,104.7773,0.0,105.9501,105.9501,104.7773,84.4817,8.3014,23.3089,231
2016-04-05 16:00:00,97.31,transfer,1.0,99.1414,0.0,102.8595,102.8595,99.1414,84.4817,8.2904,23.2652,232
2016-04-05 17:00:00,89.56,transfer,1.0,91.1095,0.0,100.087,100.087,91.1095,84.4817,8.2967,23.1435,233
2016-04-05 18:00:00,68.78,transfer,1.0,81.8698,0.0,70.6683,70.6683,81.8698,84.4817,8.3188,23.0149,234
2016-04-05 19:00:00,60.78,transfer,1.0,71.864,0.0,73.3646,73.3646,71.864,84.4817,8.3524,22.9471,235
2016-04-05 20:00:00,63.86,transfer,1.0,66.3827,0.0,66.0959,66.0959,66.3827,84.4817,8.3618,22.8952,236
2016-04-05 21:00:00,58.99,transfer,1.0,64.216,0.0,67.5631,67.5631,64.216,84.4817,8.3861,22.8592,237
2016-04-05 22:00:00,59.71,transfer,1.0,64.0081,0.0,65.8608,65.8608,64.0081,84.4817,8.4038,22.8204,238
2016-04-05 23:00:00,57.78,transfer,1.0,64.6464,0.0,54.5245,54.5245,64.6464,84.4817,8.4279,22.7891,239
2016-04-06 00:00:00,57.4,transfer,1.0,66.2095,0.0,65.6719,65.6719,66.2095,84.4817,8.4563,22.7591,240
2016-04-06 01:00:00,57.81,transfer,1.0,68.4539,0.0,64.0407,64.0407,68.4539,84.4817,8.4894,22.7296,241
2016-04-06 02:00:00,58.16,transfer,1.0,72.8342,0.0,83.8326,83.8326,72.8342,84.4817,8.5332,22.7028,242
2016-04-06 03:00:00,57.83,transfer,1.0,80.4879,0.0,85.8005,85.8005,80.4879,84.4817,8.6026,22.6863,243
2016-04-06 04:00:00,71.02,transfer,1.0,91.5224,0.0,92.5436,92.5436,91.5224,84.4817,8.6784,22.6556,244
2016-04-06 05:00:00,74.5,transfer,1.0,104.3977,0.0,116.9819,116.9819,104.3977,84.4817,8.759,22.6202,245
2016-04-06 06:00:00,71.85,transfer,1.0,113.0443,0.0,118.1862,118.1862,113.0443,84.4817,8.8261,22.5914,246
2016-04-06 07:00:00,88.96,transfer,1.0,116.1901,0.0,122.6128,122.6128,116.1901,84.4817,8.7277,22.4774,247
2016-04-06 08:00:00,107.39,transfer,1.0,117.2591,0.0,105.8316,105.8316,117.2591,84.4817,8.5374,22.5051,248
2016-04-06 09:00:00,109.45,transfer,1.0,117.794,0.0,119.2395,119.2395,117.794,84.4817,8.3531,22.5481,249
2016-04-06 10:00:00,112.15,transfer,1.0,117.5378,0.0,77.6816,77.6816,117.5378,84.4817,8.1857,22.5978,250
2016-04-06 11:00:00,109.24,transfer,1.0,116.2879,0.0,121.6452,121.6452,116.2879,84.4817,8.1068,22.6466,251
2016-04-06 12:00:00,103.98,transfer,1.0,113.9749,0.0,108.8711,108.8711,113.9749,84.4817,8.0879,22.6472,252
2016-04-06 13:00:00,102.64,transfer,1.0,109.8402,0.0,132.1991,132.1991,109.8402,84.4817,8.1014,22.6448,253
2016-04-06 14:00:00,105.48,transfer,1.0,103.2196,0.0,97.141,97.141,103.2196,84.4817,8.0954,22.6728,254
2016-04-06 15:00:00,102.74,transfer,1.0,95.809,0.0,102.4263,102.4263,95.809,84.4817,8.0882,22.6907,255
2016-04-06 16:00:00,91.21,transfer,1.0,88.9219,0.0,96.3079,96.3079,88.9219,84.4817,8.0452,22.6341,256
2016-04-06 17:00:00,83.18,transfer,1.0,80.8327,0.0,73.0431,73.0431,80.8327,84.4817,8.0204,22.5162,257
2016-04-06 18:00:00,65.96,transfer,1.0,72.4542,0.0,58.6123,58.6123,72.4542,84.4817,8.021,22.4158,258
2016-04-06 19:00:00,64.73,transfer,1.0,65.2883,0.0,59.287,59.287,65.2883,84.4817,8.0099,22.3387,259
2016-04-06 20:00:00,64.85,transfer,1.0,62.2037,0.0,63.6345,63.6345,62.2037,84.4817,8.0086,22.2886,260
2016-04-06 21:00:00,58.71,transfer,1.0,61.456,0.0,61.6563,61.6563,61.456,84.4817,8.0184,22.2634,261
2016-04-06 22:00:00,59.49,transfer,1.0,61.5679,0.0,56.8038,56.8038,61.5679,84.4817,8.0208,22.2396,262
2016-04-06 23:00:00,58.49,transfer,1.0,62.082,0.0,51.8605,51.8605,62.082,84.4817,8.0418,22.2167,263
2016-04-07 00:00:00,58.21,transfer,1.0,63.3958,0.0,65.7622,65.7622,63.3958,84.4817,8.0622,22.1935,264
2016-04-07 01:00:00,57.83,transfer,1.0,65.1777,0.0,58.3869,58.3869,65.1777,84.4817,8.0843,22.1711,265
2016-04-07 02:00:00,57.79,transfer,1.0,68.6551,0.0,78.8082,78.8082,68.6551,84.4817,8.1141,22.1522,266
2016-04-07 03:00:00,57.81,transfer,1.0,74.545,0.0,61.321,61.321,74.545,84.4817,8.1572,22.1353,267
2016-04-07 04:00:00,67.71,transfer,1.0,83.2261,0.0,91.7913,91.7913,83.2261,84.4817,8.2182,22.1191,268
2016-04-07 05:00:00,70.55,transfer,1.0,95.442,0.0,100.8327,100.8327,95.442,84.4817,8.2917,22.0995,269
2016-04-07 06:00:00,73.36,transfer,1.0,105.6046,0.0,106.0937,106.0937,105.6046,84.4817,8.3406,22.0601,270
2016-04-07 07:00:00,89.67,transfer,1.0,110.4984,0.0,103.5682,103.5682,110.4984,84.4817,8.239,21.9484,271
2016-04-07 08:00:00,112.15,transfer,1.0,113.1076,0.0,104.0607,104.0607,113.1076,84.4817,8.0111,21.9873,272
2016-04-07 09:00:00,117.26,transfer,1.0,114.4105,0.0,121.9297,121.9297,114.4105,84.4817,7.8405,22.0824,273
2016-04-07 10:00:00,112.78,transfer,1.0,114.3185,0.0,111.6109,111.6109,114.3185,84.4817,7.7577,22.1772,274
2016-04-07 11:00:00,110.58,transfer,1.0,111.0945,0.0,95.5768,95.5768,111.0945,84.4816,7.7229,22.247,275
2016-04-07 12:00:00,104.11,transfer,1.0,107.5977,0.0,82.0514,82.0514,107.5977,84.4817,7.7173,22.3063,276
2016-04-07 13:00:00,105.57,transfer,1.0,103.1528,0.0,108.3573,108.3573,103.1528,84.4817,7.6948,22.3592,277
2016-04-07 14:00:00,104.55,transfer,1.0,96.0148,0.0,92.0143,92.0143,96.0148,84.4817,7.6628,22.4344,278
2016-04-07 15:00:00,100.95,transfer,1.0,89.4473,0.0,87.9842,87.9842,89.4473,84.4817,7.6486,22.4751,279
2016-04-07 16:00:00,92.53,transfer,1.0,82.7275,0.0,90.7074,90.7074,82.7275,84.4817,7.6189,22.4606,280
2016-04-07 17:00:00,88.72,transfer,1.0,75.2298,0.0,68.2893,68.2893,75.2298,84.4817,7.6308,22.3928,281
2016-04-07 18:00:00,66.15,transfer,1.0,68.5854,0.0,69.3098,69.3098,68.5854,84.4817,7.6328,22.3184,282
2016-04-07 19:00:00,64.9,transfer,1.0,63.8573,0.0,59.2149,59.2149,63.8573,84.4817,7.6179,22.2766,283
2016-04-07 20:00:00,65.45,transfer,1.0,61.4099,0.0,50.6248,50.6248,61.4099,84.4817,7.6016,22.2476,284
2016-04-07 21:00:00,61.51,transfer,1.0,60.2848,0.0,67.8743,67.8743,60.2848,84.4817,7.5845,22.2263,285
2016-04-07 22:00:00,62.49,transfer,1.0,59.8593,0.0,71.3331,71.3331,59.8593,84.4817,7.5796,22.1976,286
2016-04-07 23:00:00,61.15,transfer,1.0,60.2378,0.0,56.4585,56.4585,60.2378,84.4817,7.579,22.1668,287
2016-04-08 00:00:00,61.17,transfer,1.0,61.4313,0.0,66.1061,66.1061,61.4313,84.4817,7.5776,22.1333,288
2016-04-08 01:00:00,60.64,transfer,1.0,63.6945,0.0,62.3603,62.3603,63.6945,84.4817,7.5808,22.0996,289
2016-04-08 02:00:00,60.41,transfer,1.0,68.0142,0.0,70.4267,70.4267,68.0142,84.4817,7.5983,22.07,290
2016-04-08 03:00:00,60.87,transfer,1.0,74.8782,0.0,73.1056,73.1056,74.8782,84.4817,7.6302,22.0382,291
2016-04-08 04:00:00,70.69,transfer,1.0,84.7323,0.0,94.682,94.682,84.7323,84.4817,7.7099,22.0373,292
2016-04-08 05:00:00,74.63,transfer,1.0,97.6096,0.0,91.1798,91.1798,97.6096,84.4817,7.8338,22.0491,293
2016-04-08 06:00:00,72.59,transfer,1.0,107.7602,0.0,106.8517,106.8517,107.7602,84.4817,7.9461,22.0556,294
2016-04-08 07:00:00,91.89,transfer,1.0,112.6641,0.0,113.7191,113.7191,112.6641,84.4817,7.8815,21.9933,295
2016-04-08 08:00:00,105.81,transfer,1.0,114.6071,0.0,124.214,124.214,114.6071,84.4817,7.7433,22.031,296
2016-04-08 09:00:00,109.44,transfer,1.0,115.5583,0.0,130.5413,130.5413,115.5583,84.4817,7.6215,22.0915,297
2016-04-08 10:00:00,104.61,transfer,1.0,114.5083,0.0,113.5562,113.5562,114.5083,84.4817,7.5943,22.1319,298
2016-04-08 11:00:00,103.53,transfer,1.0,111.4331,0.0,113.9264,113.9264,111.4331,84.4817,7.6159,22.1736,299
2016-04-08 12:00:00,96.23,transfer,1.0,106.0304,0.0,108.9976,108.9976,106.0304,84.4817,7.6578,22.1794,300
2016-04-08 13:00:00,83.04,transfer,1.0,98.6912,0.0,85.7116,85.7116,98.6912,84.4817,7.7321,22.104,301
2016-04-08 14:00:00,79.32,transfer,1.0,90.1663,0.0,89.8599,89.8599,90.1663,84.4817,7.7543,22.0589,302
2016-04-08 15:00:00,77.81,transfer,1.0,79.9948,0.0,83.1358,83.1358,79.9948,84.4817,7.7124,22.0217,303
2016-04-08 16:00:00,80.57,transfer,1.0,71.7122,0.0,71.7389,71.7389,71.7122,84.4817,7.6975,21.9682,304
2016-04-08 17:00:00,72.22,transfer,1.0,66.9207,0.0,68.9725,68.9725,66.9207,84.4817,7.6871,21.9285,305
2016-04-08 18:00:00,54.08,transfer,1.0,64.8117,0.0,70.2803,70.2803,64.8117,84.4817,7.7134,21.9097,306
2016-04-08 19:00:00,51.5,transfer,1.0,61.4372,0.0,63.6977,63.6977,61.4372,84.4817,7.764,21.9237,307
2016-04-08 20:00:00,58.3,transfer,1.0,59.7011,0.0,63.8789,63.8789,59.7011,84.4817,7.75,21.9226,308
2016-04-08 21:00:00,56.14,transfer,1.0,59.2043,0.0,56.5461,56.5461,59.2043,84.4817,7.7565,21.9217,309
2016-04-08 22:00:00,56.44,transfer,1.0,60.0682,0.0,63.1476,63.1476,60.0682,84.4817,7.768,21.9188,310
2016-04-08 23:00:00,55.42,transfer,1.0,61.8667,0.0,60.0877,60.0877,61.8667,84.4817,7.8051,21.9172,311
2016-04-09 00:00:00,55.15,transfer,1.0,64.0817,0.0,68.4824,68.4824,64.0817,84.4817,7.8493,21.9131,312
2016-04-09 01:00:00,55.14,transfer,1.0,64.0008,0.0,62.754,62.754,64.0008,84.4817,7.8872,21.9059,313
2016-04-09 02:00:00,55.28,transfer,1.0,63.7131,0.0,55.1655,55.1655,63.7131,84.4817,7.9192,21.8985,314
2016-04-09 03:00:00,55.8,transfer,1.0,64.0741,0.0,57.6342,57.6342,64.0741,84.4817,7.941,21.8871,315
2016-04-09 04:00:00,68.78,transfer,1.0,65.2478,0.0,71.4906,71.4906,65.2478,84.4817,7.9206,21.8802,316
2016-04-09 05:00:00,71.55,transfer,1.0,67.7859,0.0,63.2114,63.2114,67.7859,84.4817,7.9204,21.8584,317
2016-04-09 06:00:00,68.64,transfer,1.0,71.427,0.0,78.2488,78.2488,71.427,84.4817,7.9273,21.8474,318
2016-04-09 07:00:00,63.87,transfer,1.0,74.9693,0.0,80.8858,80.8858,74.9693,84.4817,7.94,21.8385,319
2016-04-09 08:00:00,61.16,transfer,1.0,76.9865,0.0,76.7359,76.7359,76.9865,84.4817,7.9695,21.835,320
2016-04-09 09:00:00,64.67,transfer,1.0,73.5331,0.0,67.8465,67.8465,73.5331,84.4817,7.9929,21.8287,321
2016-04-09 10:00:00,65.98,transfer,1.0,68.0998,0.0,69.4388,69.4388,68.0998,84.4817,7.9977,21.8187,322
2016-04-09 11:00:00,66.43,transfer,1.0,64.7545,0.0,67.3211,67.3211,64.7545,84.4817,8.0049,21.802,323
2016-04-09 12:00:00,65.56,transfer,1.0,63.5648,0.0,65.1061,65.1061,63.5648,84.4817,8.0033,21.8008,324
2016-04-09 13:00:00,64.05,transfer,1.0,62.6488,0.0,64.6126,64.6126,62.6488,84.4817,8.0089,21.7903,325
2016-04-09 14:00:00,63.77,transfer,1.0,61.9305,0.0,50.8669,50.8669,61.9305,84.4817,8.0061,21.7574,326
2016-04-09 15:00:00,64.55,transfer,1.0,61.3099,0.0,52.6698,52.6698,61.3099,84.4817,8.0088,21.742,327
2016-04-09 16:00:00,63.78,transfer,1.0,60.7173,0.0,67.211,67.211,60.7173,84.4817,8.0056,21.7273,328
2016-04-09 17:00:00,64.34,transfer,1.0,60.1784,0.0,55.5035,55.5035,60.1784,84.4817,8.0051,21.708,329
2016-04-09 18:00:00,47.75,transfer,1.0,59.6538,0.0,50.6318,50.6318,59.6538,84.4817,8.0322,21.7145,330
2016-04-09 19:00:00,49.22,transfer,1.0,58.6352,0.0,61.0594,61.0594,58.6352,84.4817,8.0662,21.7285,331
2016-04-09 20:00:00,55.62,transfer,1.0,58.3167,0.0,51.2247,51.2247,58.3167,84.4817,8.075,21.7331,332
2016-04-09 21:00:00,54.01,transfer,1.0,58.1258,0.0,58.9275,58.9275,58.1258,84.4817,8.0936,21.7348,333
2016-04-09 22:00:00,55.23,transfer,1.0,58.4643,0.0,63.6915,63.6915,58.4643,84.4817,8.1067,21.7321,334
2016-04-09 23:00:00,54.39,transfer,1.0,58.7667,0.0,57.5654,57.5654,58.7667,84.4817,8.1108,21.7233,335
2016-04-10 00:00:00,54.24,transfer,1.0,59.0738,0.0,56.1857,56.1857,59.0738,84.4817,8.1135,21.714,336
2016-04-10 01:00:00,54.17,transfer,1.0,59.8695,0.0,62.2831,62.2831,59.8695,84.4817,8.1133,21.7043,337
2016-04-10 02:00:00,53.98,transfer,1.0,60.7183,0.0,53.6875,53.6875,60.7183,84.4817,8.109,21.6943,338
2016-04-10 03:00:00,54.41,transfer,1.0,61.6864,0.0,66.3317,66.3317,61.6864,84.4817,8.0978,21.683,339
2016-04-10 04:00:00,66.54,transfer,1.0,62.8476,0.0,69.3747,69.3747,62.8476,84.4817,8.1097,21.678,340
2016-04-10 05:00:00,69.01,transfer,1.0,64.6898,0.0,59.169,59.169,64.6898,84.4817,8.1277,21.67,341
2016-04-10 06:00:00,66.61,transfer,1.0,66.9061,0.0,59.3338,59.3338,66.9061,84.4817,8.1168,21.6739,342
2016-04-10 07:00:00,59.83,transfer,1.0,68.7239,0.0,67.3581,67.3581,68.7239,84.4817,8.0989,21.6727,343
2016-04-10 08:00:00,60.29,transfer,1.0,68.9832,0.0,68.7962,68.7962,68.9832,84.4817,8.0786,21.672,344
2016-04-10 09:00:00,61.96,transfer,1.0,65.8875,0.0,63.1007,63.1007,65.8875,84.4817,8.058,21.6708,345
2016-04-10 10:00:00,61.49,transfer,1.0,63.6308,0.0,59.347,59.347,63.6308,84.4817,8.0403,21.6698,346
2016-04-10 11:00:00,63.13,transfer,1.0,62.3658,0.0,56.4415,56.4415,62.3658,84.4817,8.0313,21.6666,347
2016-04-10 12:00:00,63.37,transfer,1.0,61.5084,0.0,61.117,61.117,61.5084,84.4817,8.0331,21.6596,348
2016-04-10 13:00:00,62.91,transfer,1.0,60.8783,0.0,63.0312,63.0312,60.8783,84.4817,8.0352,21.6498,349
2016-04-10 14:00:00,62.63,transfer,1.0,60.3524,0.0,57.5845,57.5845,60.3524,84.4817,8.0393,21.6369,350
2016-04-10 15:00:00,61.13,transfer,1.0,59.7664,0.0,66.2164,66.2164,59.7664,84.4817,8.0472,21.6374,351
2016-04-10 16:00:00,60.61,transfer,1.0,59.1636,0.0,65.561,65.561,59.1636,84.4817,8.0558,21.6362,352
2016-04-10 17:00:00,60.58,transfer,1.0,58.5681,0.0,71.7,71.7,58.5681,84.4817,8.0636,21.6266,353
2016-04-10 18:00:00,47.63,transfer,1.0,58.1204,0.0,54.8853,54.8853,58.1204,84.4817,8.0593,21.6273,354
2016-04-10 19:00:00,48.82,transfer,1.0,57.5084,0.0,63.2547,63.2547,57.5084,84.4817,8.0528,21.6231,355
2016-04-10 20:00:00,55.47,transfer,1.0,57.5447,0.0,59.5882,59.5882,57.5447,84.4817,8.0468,21.6179,356
2016-04-10 21:00:00,55.41,transfer,1.0,57.4944,0.0,49.623,49.623,57.4944,84.4817,8.0405,21.6111,357
2016-04-10 22:00:00,56.05,transfer,1.0,57.8898,0.0,46.7101,46.7101,57.8898,84.4817,8.0362,21.6054,358
2016-04-10 23:00:00,55.49,transfer,1.0,58.4358,0.0,49.9728,49.9728,58.4358,84.4817,8.0314,21.5981,359
2016-04-11 00:00:00,54.89,transfer,1.0,58.9471,0.0,55.7631,55.7631,58.9471,84.4817,8.0294,21.5931,360
2016-04-11 01:00:00,54.79,transfer,1.0,61.2039,0.0,64.6899,64.6899,61.2039,84.4817,8.0325,21.593,361
2016-04-11 02:00:00,54.82,transfer,1.0,64.8546,0.0,68.6922,68.6922,64.8546,84.4817,8.0266,21.5868,362
2016-04-11 03:00:00,55.33,transfer,1.0,69.5468,0.0,69.5054,69.5054,69.5468,84.4817,8.0096,21.5794,363
2016-04-11 04:00:00,70.04,transfer,1.0,75.3915,0.0,72.3506,72.3506,75.3915,84.4817,7.9719,21.5633,364
2016-04-11 05:00:00,71.28,transfer,1.0,83.6253,0.0,75.3098,75.3098,83.6253,84.4817,7.9292,21.5558,365
2016-04-11 06:00:00,70.33,transfer,1.0,92.9098,0.0,84.951,84.951,92.9098,84.4817,7.8731,21.5393,366
2016-04-11 07:00:00,86.16,transfer,1.0,97.3689,0.0,88.6827,88.6827,97.3689,84.4817,7.8287,21.5411,367
2016-04-11 08:00:00,104.31,transfer,1.0,100.1178,0.0,117.7448,117.7448,100.1178,84.4817,7.8355,21.549,368
2016-04-11 09:00:00,112.85,transfer,1.0,103.3725,0.0,93.7714,93.7714,103.3725,84.4817,7.8873,21.5849,369
2016-04-11 10:00:00,115.72,transfer,1.0,104.8421,0.0,105.9906,105.9906,104.8421,84.4817,7.9293,21.6153,370
2016-04-11 11:00:00,110.19,transfer,1.0,104.2077,0.0,118.8645,118.8645,104.2077,84.4817,7.9276,21.6177,371
2016-04-11 12:00:00,104.79,transfer,1.0,101.525,0.0,115.0406,115.0406,101.525,84.4817,7.8827,21.5877,372
2016-04-11 13:00:00,102.62,transfer,1.0,96.2221,0.0,90.0605,90.0605,96.2221,84.4817,7.8329,21.5561,373
2016-04-11 14:00:00,104.41,transfer,1.0,88.6497,0.0,90.1274,90.1274,88.6497,84.4817,7.7836,21.5192,374
2016-04-11 15:00:00,106.01,transfer,1.0,81.2115,0.0,87.4437,87.4437,81.2115,84.4817,7.7262,21.4646,375
2016-04-11 16:00:00,99.16,transfer,1.0,75.7936,0.0,81.8417,81.8417,75.7936,84.4817,7.6901,21.4268,376
2016-04-11 17:00:00,91.19,transfer,1.0,71.1591,0.0,68.413,68.413,71.1591,84.4817,7.666,21.3993,377
2016-04-11 18:00:00,69.67,transfer,1.0,66.8088,0.0,74.631,74.631,66.8088,84.4817,7.6803,21.386,378
2016-04-11 19:00:00,67.16,transfer,1.0,62.2741,0.0,72.4204,72.4204,62.2741,84.4817,7.7072,21.3602,379
2016-04-11 20:00:00,68.57,transfer,1.0,60.4072,0.0,51.1951,51.1951,60.4072,84.4817,7.7438,21.3214,380
2016-04-11 21:00:00,62.84,transfer,1.0,59.4318,0.0,64.0384,64.0384,59.4318,84.4817,7.7606,21.2915,381
2016-04-11 22:00:00,63.45,transfer,1.0,58.9798,0.0,60.0354,60.0354,58.9798,84.4817,7.7831,21.2606,382
2016-04-11 23:00:00,62.66,transfer,1.0,58.73,0.0,63.2325,63.2325,58.73,84.4817,7.8036,21.2249,383
2016-04-12 00:00:00,62.47,transfer,1.0,59.0318,0.0,50.2452,50.2452,59.0318,84.4817,7.8178,21.188,384
2016-04-12 01:00:00,62.46,transfer,1.0,60.043,0.0,66.5355,66.5355,60.043,84.4817,7.8184,21.1492,385
2016-04-12 02:00:00,62.48,transfer,1.0,62.1645,0.0,49.2128,49.2128,62.1645,84.4817,7.7923,21.1099,386
2016-04-12 03:00:00,62.72,transfer,1.0,65.7826,0.0,57.6144,57.6144,65.7826,84.4817,7.7616,21.0729,387
2016-04-12 04:00:00,77.38,transfer,1.0,73.0658,0.0,75.7222,75.7222,73.0658,84.4817,7.7725,21.0237,388
2016-04-12 05:00:00,79.68,transfer,1.0,84.523,0.0,64.0294,64.0294,84.523,84.4817,7.7415,20.9864,389
2016-04-12 06:00:00,80.55,transfer,1.0,97.7331,0.0,95.1489,95.1489,97.7331,84.4817,7.6903,20.9309,390
2016-04-12 07:00:00,90.94,transfer,1.0,105.7431,0.0,120.4947,120.4947,105.7431,84.4817,7.6683,20.9499,391
2016-04-12 08:00:00,112.93,transfer,1.0,110.1978,0.0,121.0126,121.0126,110.1978,84.4817,7.6578,20.9859,392
2016-04-12 09:00:00,117.95,transfer,1.0,112.9392,0.0,122.127,122.127,112.9392,84.4817,7.6757,21.0182,393
2016-04-12 10:00:00,116.68,transfer,1.0,114.1034,0.0,121.2455,121.2455,114.1034,84.4817,7.6683,21.0468,394
2016-04-12 11:00:00,113.83,transfer,1.0,114.0071,0.0,108.0535,108.0535,114.0071,84.4817,7.6451,21.0595,395
2016-04-12 12:00:00,110.36,transfer,1.0,112.8133,0.0,112.8303,112.8303,112.8133,84.4817,7.6363,21.0561,396
2016-04-12 13:00:00,104.91,transfer,1.0,110.4156,0.0,108.9365,108.9365,110.4156,84.4817,7.6368,21.0413,397
2016-04-12 14:00:00,106.74,transfer,1.0,106.4379,0.0,112.025,112.025,106.4379,84.4817,7.6312,21.0331,398
2016-04-12 15:00:00,104.09,transfer,1.0,100.907,0.0,119.826,119.826,100.907,84.4817,7.6412,21.0201,399
2016-04-12 16:00:00,96.26,transfer,1.0,94.7249,0.0,87.9397,87.9397,94.7249,84.4817,7.6394,21.0138,400
2016-04-12 17:00:00,88.74,transfer,1.0,87.2543,0.0,88.5065,88.5065,87.2543,84.4817,7.639,21.0089,401
2016-04-12 18:00:00,62.4,transfer,1.0,78.9681,0.0,85.0216,85.0216,78.9681,84.4817,7.6597,21.0469,402
2016-04-12 19:00:00,61.76,transfer,1.0,70.7718,0.0,79.9823,79.9823,70.7718,84.4817,7.6474,21.0411,403
2016-04-12 20:00:00,63.54,transfer,1.0,65.1634,0.0,55.5752,55.5752,65.1634,84.4817,7.642,21.043,404
2016-04-12 21:00:00,57.07,transfer,1.0,63.4159,0.0,62.7774,62.7774,63.4159,84.4817,7.6487,21.0544,405
2016-04-12 22:00:00,58.18,transfer,1.0,62.5704,0.0,65.4907,65.4907,62.5704,84.4817,7.6493,21.0635,406
2016-04-12 23:00:00,56.93,transfer,1.0,62.6491,0.0,63.2887,63.2887,62.6491,84.4817,7.6424,21.0686,407
2016-04-13 00:00:00,56.83,transfer,1.0,63.6407,0.0,62.8601,62.8601,63.6407,84.4817,7.6305,21.072,408
2016-04-13 01:00:00,56.95,transfer,1.0,65.5672,0.0,68.347,68.347,65.5672,84.4817,7.6185,21.0771,409
2016-04-13 02:00:00,56.13,transfer,1.0,69.6677,0.0,70.9079,70.9079,69.6677,84.4817,7.6117,21.0892,410
2016-04-13 03:00:00,56.3,transfer,1.0,76.5067,0.0,65.0979,65.0979,76.5067,84.4817,7.5971,21.0983,411
2016-04-13 04:00:00,68.87,transfer,1.0,86.6236,0.0,89.3431,89.3431,86.6236,84.4817,7.5807,21.1111,412
2016-04-13 05:00:00,71.29,transfer,1.0,100.4424,0.0,109.6943,109.6943,100.4424,84.4817,7.5763,21.1302,413
2016-04-13 06:00:00,68.35,transfer,1.0,111.0756,0.0,107.6021,107.6021,111.0756,84.4817,7.5854,21.151,414
2016-04-13 07:00:00,88.67,transfer,1.0,115.2774,0.0,125.4076,125.4076,115.2774,84.4817,7.5817,21.1493,415
2016-04-13 08:00:00,108.18,transfer,1.0,116.7021,0.0,114.4629,114.4629,116.7021,84.4817,7.5737,21.154,416
2016-04-13 09:00:00,111.82,transfer,1.0,117.6328,0.0,107.7458,107.7458,117.6328,84.4817,7.5586,21.1681,417
2016-04-13 10:00:00,109.01,transfer,1.0,117.7086,0.0,85.1109,85.1109,117.7086,84.4817,7.5783,21.1494,418
2016-04-13 11:00:00,113.45,transfer,1.0,117.0769,0.0,132.7574,132.7574,117.0769,84.4817,7.558,21.1745,419
2016-04-13 12:00:00,108.45,transfer,1.0,115.4648,0.0,128.7031,128.7031,115.4648,84.4817,7.5402,21.2011,420
2016-04-13 13:00:00,99.66,transfer,1.0,112.9695,0.0,86.5693,86.5693,112.9695,84.4817,7.5766,21.1833,421
2016-04-13 14:00:00,101.23,transfer,1.0,108.8498,0.0,118.0215,118.0215,108.8498,84.4817,7.6085,21.158,422
2016-04-13 15:00:00,98.46,transfer,1.0,101.9716,0.0,112.2824,112.2824,101.9716,84.4817,7.5881,21.1326,423
2016-04-13 16:00:00,90.09,transfer,1.0,94.0089,0.0,101.103,101.103,94.0089,84.4817,7.5979,21.1259,424
2016-04-13 17:00:00,82.05,transfer,1.0,85.1539,0.0,93.8389,93.8389,85.1539,84.4817,7.6024,21.1326,425
2016-04-13 18:00:00,61.51,transfer,1.0,76.4662,0.0,80.9477,80.9477,76.4662,84.4817,7.6527,21.1591,426
2016-04-13 19:00:00,58.42,transfer,1.0,67.9435,0.0,68.4923,68.4923,67.9435,84.4817,7.7061,21.1967,427
2016-04-13 20:00:00,62.44,transfer,1.0,63.1677,0.0,67.6723,67.6723,63.1677,84.4817,7.6947,21.211,428
2016-04-13 21:00:00,55.39,transfer,1.0,61.2051,0.0,61.8692,61.8692,61.2051,84.4817,7.7129,21.2308,429
2016-04-13 22:00:00,55.56,transfer,1.0,60.9903,0.0,55.0494,55.0494,60.9903,84.4817,7.7329,21.2542,430
2016-04-13 23:00:00,54.64,transfer,1.0,61.51,0.0,68.3139,68.3139,61.51,84.4817,7.7524,21.2771,431
2016-04-14 00:00:00,54.26,transfer,1.0,62.923,0.0,65.3349,65.3349,62.923,84.4817,7.7731,21.3006,432
2016-04-14 01:00:00,54.18,transfer,1.0,64.847,0.0,69.0279,69.0279,64.847,84.4817,7.7929,21.3223,433
2016-04-14 02:00:00,54.04,transfer,1.0,68.4998,0.0,61.2448,61.2448,68.4998,84.4817,7.8143,21.3446,434
2016-04-14 03:00:00,54.3,transfer,1.0,74.5929,0.0,58.8528,58.8528,74.5929,84.4817,7.8354,21.3655,435
2016-04-14 04:00:00,65.11,transfer,1.0,83.5855,0.0,95.5031,95.5031,83.5855,84.4817,7.8531,21.381,436
2016-04-14 05:00:00,68.63,transfer,1.0,96.2424,0.0,108.4025,108.4025,96.2424,84.4817,7.8692,21.3924,437
2016-04-14 06:00:00,62.19,transfer,1.0,107.6242,0.0,116.0191,116.0191,107.6242,84.4817,7.9478,21.4589,438
2016-04-14 07:00:00,84.03,transfer,1.0,113.3833,0.0,122.1011,122.1011,113.3833,84.4817,7.9985,21.4307,439
2016-04-14 08:00:00,103.43,transfer,1.0,115.496,0.0,125.7922,125.7922,115.496,84.4817,8.0646,21.3788,440
2016-04-14 09:00:00,107.32,transfer,1.0,116.8204,0.0,132.7725,132.7725,116.8204,84.4817,8.1042,21.3197,441
2016-04-14 10:00:00,104.18,transfer,1.0,116.9728,0.0,132.2392,132.2392,116.9728,84.4817,8.1712,21.2685,442
2016-04-14 11:00:00,100.82,transfer,1.0,116.168,0.0,141.0123,141.0123,116.168,84.4817,8.2595,21.2104,443
2016-04-14 12:00:00,99.64,transfer,1.0,113.8835,0.0,115.7477,115.7477,113.8835,84.4817,8.3235,21.1838,444
2016-04-14 13:00:00,96.76,transfer,1.0,109.3582,0.0,125.7502,125.7502,109.3582,84.4817,8.3841,21.1313,445
2016-04-14 14:00:00,95.45,transfer,1.0,102.5947,0.0,77.9508,77.9508,102.5947,84.4817,8.3758,21.0772,446
2016-04-14 15:00:00,91.84,transfer,1.0,94.4846,0.0,99.486,99.486,94.4846,84.4817,8.3231,21.0229,447
2016-04-14 16:00:00,78.28,transfer,1.0,85.1025,0.0,85.0969,85.0969,85.1025,84.4817,8.3054,21.0119,448
2016-04-14 17:00:00,73.06,transfer,1.0,76.1689,0.0,82.8561,82.8561,76.1689,84.4817,8.2436,21.0547,449
2016-04-14 18:00:00,56.88,transfer,1.0,68.0504,0.0,70.4482,70.4482,68.0504,84.4817,8.2956,21.1099,450
2016-04-14 19:00:00,50.51,transfer,1.0,62.4208,0.0,58.8392,58.8392,62.4208,84.4817,8.3603,21.1955,451
2016-04-14 20:00:00,56.0,transfer,1.0,59.7972,0.0,65.1894,65.1894,59.7972,84.4817,8.3588,21.2518,452
2016-04-14 21:00:00,49.81,transfer,1.0,58.5302,0.0,63.9371,63.9371,58.5302,84.4817,8.4034,21.3214,453
2016-04-14 22:00:00,50.21,transfer,1.0,58.3655,0.0,62.6396,62.6396,58.3655,84.4817,8.4363,21.3945,454
2016-04-14 23:00:00,48.78,transfer,1.0,58.7719,0.0,69.8738,69.8738,58.7719,84.4817,8.4904,21.4681,455
2016-04-15 00:00:00,47.83,transfer,1.0,59.7798,0.0,56.8178,56.8178,59.7798,84.4817,8.5599,21.5476,456
2016-04-15 01:00:00,47.36,transfer,1.0,61.3906,0.0,47.4454,47.4454,61.3906,84.4817,8.6253,21.6266,457
2016-04-15 02:00:00,47.2,transfer,1.0,64.0731,0.0,54.6495,54.6495,64.0731,84.4817,8.6804,21.7052,458
2016-04-15 03:00:00,46.97,transfer,1.0,68.5352,0.0,77.6303,77.6303,68.5352,84.4817,8.7254,21.788,459
2016-04-15 04:00:00,59.02,transfer,1.0,75.2509,0.0,66.2498,66.2498,75.2509,84.4817,8.7385,21.8574,460
2016-04-15 05:00:00,62.12,transfer,1.0,85.615,0.0,92.7044,92.7044,85.615,84.4817,8.7415,21.9319,461
2016-04-15 06:00:00,58.22,transfer,1.0,97.8375,0.0,94.1878,94.1878,97.8375,84.4817,8.768,22.0174,462
2016-04-15 07:00:00,53.57,transfer,1.0,105.3576,0.0,91.3389,91.3389,105.3576,84.4817,8.9526,22.1573,463
2016-04-15 08:00:00,53.91,transfer,1.0,109.0933,0.0,110.4461,110.4461,109.0933,84.4817,9.2287,22.2124,464
2016-04-15 09:00:00,53.62,transfer,1.0,107.458,0.0,90.2508,90.2508,107.458,84.4817,9.5128,22.2475,465
2016-04-15 10:00:00,52.27,transfer,1.0,97.724,0.0,99.1785,99.1785,97.724,84.4817,9.7244,22.3194,466
2016-04-15 11:00:00,51.69,transfer,1.0,83.011,0.0,90.2248,90.2248,83.011,84.4817,9.8638,22.4012,467
2016-04-15 12:00:00,51.15,transfer,1.0,71.6654,0.0,71.802,71.802,71.6654,84.4817,9.9276,22.5297,468
2016-04-15 13:00:00,51.78,transfer,1.0,64.6996,0.0,62.5533,62.5533,64.6996,84.4817,9.9113,22.7158,469
2016-04-15 14:00:00,51.21,transfer,1.0,60.8115,0.0,39.264,39.264,60.8115,84.4817,9.9039,22.8831,470
2016-04-15 15:00:00,52.66,transfer,1.0,58.6925,0.0,61.077,61.077,58.6925,84.4817,9.9268,23.0328,471
2016-04-15 16:00:00,52.09,transfer,1.0,57.082,0.0,63.5808,63.5808,57.082,84.4817,9.9038,23.2023,472
2016-04-15 17:00:00,52.63,transfer,1.0,55.9326,0.0,57.317,57.317,55.9326,84.4817,9.8919,23.3189,473
2016-04-15 18:00:00,40.98,transfer,1.0,54.9565,0.0,65.6587,65.6587,54.9565,84.4817,9.9112,23.3969,474
2016-04-15 19:00:00,41.5,transfer,1.0,53.7638,0.0,54.9215,54.9215,53.7638,84.4817,9.9251,23.4564,475
2016-04-15 20:00:00,49.4,transfer,1.0,53.2777,0.0,60.1859,60.1859,53.2777,84.4817,9.9398,23.5094,476
2016-04-15 21:00:00,47.89,transfer,1.0,53.0912,0.0,44.562,44.562,53.0912,84.4817,9.9525,23.5585,477
2016-04-15 22:00:00,48.49,transfer,1.0,53.4818,0.0,54.1812,54.1812,53.4818,84.4817,9.9606,23.6058,478
2016-04-15 23:00:00,47.46,transfer,1.0,54.2045,0.0,53.6601,53.6601,54.2045,84.4817,9.9624,23.6532,479
2016-04-16 00:00:00,47.06,transfer,1.0,55.2252,0.0,51.8588,51.8588,55.2252,84.4817,9.9579,23.7014,480
2016-04-16 01:00:00,46.91,transfer,1.0,55.4013,0.0,49.0202,49.0202,55.4013,84.4817,9.9557,23.7504,481
2016-04-16 02:00:00,46.9,transfer,1.0,55.508,0.0,63.1206,63.1206,55.508,84.4817,9.9567,23.8002,482
2016-04-16 03:00:00,47.08,transfer,1.0,55.9064,0.0,48.5479,48.5479,55.9064,84.4817,9.96,23.8521,483
2016-04-16 04:00:00,60.48,transfer,1.0,56.8139,0.0,55.5794,55.5794,56.8139,84.4817,9.9608,23.9015,484
2016-04-16 05:00:00,62.13,transfer,1.0,58.2279,0.0,46.2277,46.2277,58.2279,84.4817,9.9616,23.9576,485
2016-04-16 06:00:00,57.08,transfer,1.0,60.7252,0.0,66.9343,66.9343,60.7252,84.4817,9.9667,24.0264,486
2016-04-16 07:00:00,52.54,transfer,1.0,63.1823,0.0,55.8025,55.8025,63.1823,84.4817,9.964,24.0939,487
2016-04-16 08:00:00,53.19,transfer,1.0,63.6116,0.0,71.7659,71.7659,63.6116,84.4817,9.9318,24.1413,488
2016-04-16 09:00:00,53.76,transfer,1.0,60.6534,0.0,67.1357,67.1357,60.6534,84.4817,9.9201,24.2062,489
2016-04-16 10:00:00,53.42,transfer,1.0,58.1806,0.0,63.2341,63.2341,58.1806,84.4817,9.9358,24.281,490
2016-04-16 11:00:00,52.9,transfer,1.0,56.4557,0.0,58.9402,58.9402,56.4557,84.4817,9.947,24.3615,491
2016-04-16 12:00:00,51.17,transfer,1.0,55.1788,0.0,52.6215,52.6215,55.1788,84.4817,9.959,24.4472,492
2016-04-16 13:00:00,50.87,transfer,1.0,54.0555,0.0,60.9673,60.9673,54.0555,84.4817,9.9696,24.5256,493
2016-04-16 14:00:00,51.1,transfer,1.0,53.052,0.0,58.5536,58.5536,53.052,84.4817,9.9703,24.6011,494
2016-04-16 15:00:00,49.56,transfer,1.0,52.1471,0.0,52.5455,52.5455,52.1471,84.4817,9.9664,24.6903,495
2016-04-16 16:00:00,49.79,transfer,1.0,51.4127,0.0,43.0998,43.0998,51.4127,84.4817,9.9578,24.7736,496
2016-04-16 17:00:00,52.5,transfer,1.0,50.7849,0.0,58.3841,58.3841,50.7849,84.4817,9.9433,24.844,497
2016-04-16 18:00:00,40.96,transfer,1.0,50.3053,0.0,43.2429,43.2429,50.3053,84.4817,9.928,24.8845,498
2016-04-16 19:00:00,40.64,transfer,1.0,49.9493,0.0,54.3312,54.3312,49.9493,84.4817,9.9274,24.9355,499
2016-04-16 20:00:00,49.4,transfer,1.0,49.9775,0.0,46.0154,46.0154,49.9775,84.4817,9.9148,24.9726,500
2016-04-16 21:00:00,47.54,transfer,1.0,49.9817,0.0,57.4977,57.4977,49.9817,84.4817,9.9048,25.0111,501
2016-04-16 22:00:00,48.38,transfer,1.0,50.3461,0.0,49.7161,49.7161,50.3461,84.4817,9.8973,25.0518,502
2016-04-16 23:00:00,47.31,transfer,1.0,50.8033,0.0,51.466,51.466,50.8033,84.4817,9.892,25.094,503
2016-04-17 00:00:00,47.1,transfer,1.0,51.3544,0.0,57.1797,57.1797,51.3544,84.4817,9.8886,25.1365,504
2016-04-17 01:00:00,46.81,transfer,1.0,52.1915,0.0,52.112,52.112,52.1915,84.4817,9.8867,25.1803,505
2016-04-17 02:00:00,46.95,transfer,1.0,53.2294,0.0,54.0464,54.0464,53.2294,84.4817,9.8839,25.2221,506
2016-04-17 03:00:00,46.97,transfer,1.0,54.4709,0.0,55.5983,55.5983,54.4709,84.4817,9.8853,25.2664,507
2016-04-17 04:00:00,59.11,transfer,1.0,56.1441,0.0,49.0741,49.0741,56.1441,84.4817,9.881,25.3106,508
2016-04-17 05:00:00,58.24,transfer,1.0,58.2548,0.0,55.6862,55.6862,58.2548,84.4817,9.8553,25.3748,509
2016-04-17 06:00:00,55.52,transfer,1.0,61.1462,0.0,56.8131,56.8131,61.1462,84.4817,9.8871,25.4408,510
2016-04-17 07:00:00,49.67,transfer,1.0,63.3324,0.0,64.9327,64.9327,63.3324,84.4817,9.9154,25.5012,511
2016-04-17 08:00:00,50.14,transfer,1.0,63.7632,0.0,64.1856,64.1856,63.7632,84.4817,9.9448,25.5617,512
2016-04-17 09:00:00,49.33,transfer,1.0,60.962,0.0,62.5531,62.5531,60.962,84.4817,9.9906,25.6368,513
2016-04-17 10:00:00,50.04,transfer,1.0,58.6921,0.0,46.2035,46.2035,58.6921,84.4817,10.0294,25.705,514
2016-04-17 11:00:00,50.43,transfer,1.0,57.0153,0.0,59.7968,59.7968,57.0153,84.4817,10.0641,25.7806,515
2016-04-17 12:00:00,51.13,transfer,1.0,55.8161,0.0,54.3062,54.3062,55.8161,84.4817,10.0809,25.8534,516
2016-04-17 13:00:00,50.22,transfer,1.0,54.8388,0.0,54.8981,54.8981,54.8388,84.4817,10.0963,25.929,517
2016-04-17 14:00:00,49.41,transfer,1.0,53.9394,0.0,54.3742,54.3742,53.9394,84.4817,10.1097,26.0077,518
2016-04-17 15:00:00,48.68,transfer,1.0,53.0867,0.0,51.2579,51.2579,53.0867,84.4817,10.1278,26.0818,519
2016-04-17 16:00:00,52.95,transfer,1.0,52.2858,0.0,62.2405,62.2405,52.2858,84.4817,10.1231,26.1274,520
2016-04-17 17:00:00,52.33,transfer,1.0,51.5629,0.0,54.1204,54.1204,51.5629,84.4817,10.1157,26.1765,521
2016-04-17 18:00:00,39.16,transfer,1.0,51.0524,0.0,55.9401,55.9401,51.0524,84.4817,10.1241,26.2269,522
2016-04-17 19:00:00,38.48,transfer,1.0,50.5452,0.0,53.8839,53.8839,50.5452,84.4817,10.1442,26.2884,523
2016-04-17 20:00:00,46.45,transfer,1.0,50.4183,0.0,52.3066,52.3066,50.4183,84.4817,10.1554,26.3421,524
2016-04-17 21:00:00,46.95,transfer,1.0,50.3078,0.0,48.3896,48.3896,50.3078,84.4817,10.163,26.3925,525
2016-04-17 22:00:00,48.3,transfer,1.0,50.6296,0.0,49.1739,49.1739,50.6296,84.4817,10.1659,26.4386,526
2016-04-17 23:00:00,47.69,transfer,1.0,51.0769,0.0,49.9512,49.9512,51.0769,84.4817,10.1686,26.4851,527
2016-04-18 00:00:00,47.05,transfer,1.0,51.6426,0.0,48.8124,48.8124,51.6426,84.4817,10.1717,26.5317,528
2016-04-18 01:00:00,46.98,transfer,1.0,53.5491,0.0,57.0816,57.0816,53.5491,84.4817,10.1727,26.5782,529
2016-04-18 02:00:00,46.76,transfer,1.0,57.0203,0.0,51.541,51.541,57.0203,84.4817,10.174,26.6262,530
2016-04-18 03:00:00,46.85,transfer,1.0,61.8664,0.0,66.2878,66.2878,61.8664,84.4817,10.1788,26.6767,531
2016-04-18 04:00:00,56.2,transfer,1.0,68.0116,0.0,64.6979,64.6979,68.0116,84.4817,10.2172,26.759,532
2016-04-18 05:00:00,58.47,transfer,1.0,76.0819,0.0,79.3657,79.3657,76.0819,84.4817,10.2486,26.8353,533
2016-04-18 06:00:00,57.61,transfer,1.0,84.7075,0.0,70.8718,70.8718,84.7075,84.4817,10.2755,26.911,534
2016-04-18 07:00:00,70.28,transfer,1.0,90.7628,0.0,80.0686,80.0686,90.7628,84.4817,10.3307,26.9856,535
2016-04-18 08:00:00,89.05,transfer,1.0,95.5306,0.0,101.5006,101.5006,95.5306,84.4817,10.3443,26.8947,536
2016-04-18 09:00:00,98.15,transfer,1.0,99.6128,0.0,81.586,81.586,99.6128,84.4817,10.2966,26.8072,537
2016-04-18 10:00:00,96.9,transfer,1.0,101.2068,0.0,104.3514,104.3514,101.2068,84.4817,10.2575,26.6952,538
2016-04-18 11:00:00,95.38,transfer,1.0,99.0044,0.0,100.0675,100.0675,99.0044,84.4817,10.2434,26.607,539
2016-04-18 12:00:00,91.75,transfer,1.0,91.8901,0.0,91.1492,91.1492,91.8901,84.4817,10.2248,26.5294,540
2016-04-18 13:00:00,89.78,transfer,1.0,83.192,0.0,70.6754,70.6754,83.192,84.4817,10.226,26.453,541
2016-04-18 14:00:00,95.18,transfer,1.0,74.2237,0.0,82.6663,82.6663,74.2237,84.4817,10.2569,26.3981,542
2016-04-18 15:00:00,95.55,transfer,1.0,67.3269,0.0,63.9091,63.9091,67.3269,84.4817,10.2773,26.3358,543
2016-04-18 16:00:00,80.56,transfer,1.0,63.6761,0.0,53.9742,53.9742,63.6761,84.4817,10.2387,26.2718,544
2016-04-18 17:00:00,76.88,transfer,1.0,61.0347,0.0,63.7049,63.7049,61.0347,84.4817,10.2138,26.2771,545
2016-04-18 18:00:00,57.35,transfer,1.0,57.9895,0.0,58.6266,58.6266,57.9895,84.4817,10.2005,26.3504,546
2016-04-18 19:00:00,53.74,transfer,1.0,55.4772,0.0,56.5173,56.5173,55.4772,84.4817,10.1818,26.4303,547
2016-04-18 20:00:00,58.29,transfer,1.0,54.4118,0.0,49.6906,49.6906,54.4118,84.4817,10.1563,26.4915,548
2016-04-18 21:00:00,51.45,transfer,1.0,53.6181,0.0,58.0698,58.0698,53.6181,84.4817,10.1489,26.5593,549
2016-04-18 22:00:00,49.56,transfer,1.0,53.3005,0.0,54.3528,54.3528,53.3005,84.4817,10.1446,26.642,550
2016-04-18 23:00:00,48.25,transfer,1.0,53.1809,0.0,46.8706,46.8706,53.1809,84.4817,10.1505,26.7277,551
2016-04-19 00:00:00,48.52,transfer,1.0,53.1767,0.0,58.7899,58.7899,53.1767,84.4817,10.1578,26.8108,552
2016-04-19 01:00:00,47.94,transfer,1.0,53.54,0.0,50.2813,50.2813,53.54,84.4817,10.1767,26.8972,553
2016-04-19 02:00:00,47.58,transfer,1.0,54.842,0.0,59.3472,59.3472,54.842,84.4817,10.2181,26.9859,554
2016-04-19 03:00:00,47.94,transfer,1.0,57.5097,0.0,60.7068,60.7068,57.5097,84.4817,10.2568,27.0739,555
2016-04-19 04:00:00,61.7,transfer,1.0,62.5586,0.0,46.3709,46.3709,62.5586,84.4817,10.2362,27.1672,556
2016-04-19 05:00:00,63.66,transfer,1.0,71.5307,0.0,66.9981,66.9981,71.5307,84.4817,10.2543,27.2626,557
2016-04-19 06:00:00,59.53,transfer,1.0,84.5279,0.0,81.3617,81.3617,84.5279,84.4817,10.3008,27.3877,558
2016-04-19 07:00:00,81.81,transfer,1.0,95.0119,0.0,100.0195,100.0195,95.0119,84.4817,10.2913,27.3651,559
2016-04-19 08:00:00,99.48,transfer,1.0,100.9477,0.0,94.3556,94.3556,100.9477,84.4817,10.2837,27.2851,560
2016-04-19 09:00:00,113.91,transfer,1.0,106.3513,0.0,90.277,90.277,106.3513,84.4817,10.2989,27.261,561
2016-04-19 10:00:00,116.95,transfer,1.0,108.2071,0.0,108.2304,108.2304,108.2071,84.4817,10.3356,27.2626,562
2016-04-19 11:00:00,112.92,transfer,1.0,107.5368,0.0,106.0583,106.0583,107.5368,84.4817,10.3666,27.2572,563
2016-04-19 12:00:00,113.7,transfer,1.0,104.679,0.0,95.1954,95.1954,104.679,84.4817,10.4057,27.2771,564
2016-04-19 13:00:00,102.82,transfer,1.0,98.761,0.0,99.1059,99.1059,98.761,84.4817,10.3971,27.2647,565
2016-04-19 14:00:00,109.02,transfer,1.0,92.0671,0.0,81.7164,81.7164,92.0671,84.4817,10.4962,27.2782,566
2016-04-19 15:00:00,108.0,transfer,1.0,83.729,0.0,83.6427,83.6427,83.729,84.4817,10.6217,27.3015,567
2016-04-19 16:00:00,105.58,transfer,1.0,77.4073,0.0,82.5484,82.5484,77.4073,84.4817,10.7803,27.357,568
2016-04-19 17:00:00,86.92,transfer,1.0,71.2063,0.0,73.125,73.125,71.2063,84.4817,10.865,27.3461,569
2016-04-19 18:00:00,58.16,transfer,1.0,66.3533,0.0,62.2696,62.2696,66.3533,84.4817,10.8151,27.3714,570
2016-04-19 19:00:00,52.94,transfer,1.0,60.5533,0.0,63.9782,63.9782,60.5533,84.4817,10.8068,27.4239,571
2016-04-19 20:00:00,56.31,transfer,1.0,57.1642,0.0,74.5766,74.5766,57.1642,84.4817,10.8022,27.4669,572
2016-04-19 21:00:00,49.83,transfer,1.0,55.645,0.0,48.922,48.922,55.645,84.4817,10.799,27.51,573
2016-04-19 22:00:00,50.56,transfer,1.0,54.9594,0.0,45.2002,45.2002,54.9594,84.4817,10.7991,27.5554,574
2016-04-19 23:00:00,49.71,transfer,1.0,54.6672,0.0,52.7658,52.7658,54.6672,84.4817,10.7946,27.5983,575
2016-04-20 00:00:00,48.62,transfer,1.0,54.7097,0.0,60.3542,60.3542,54.7097,84.4817,10.7903,27.6472,576
2016-04-20 01:00:00,48.41,transfer,1.0,55.2299,0.0,60.8957,60.8957,55.2299,84.4817,10.7796,27.6981,577
2016-04-20 02:00:00,48.11,transfer,1.0,57.1349,0.0,63.664,63.664,57.1349,84.4817,10.7527,27.7458,578
2016-04-20 03:00:00,48.64,transfer,1.0,61.1099,0.0,62.2243,62.2243,61.1099,84.4817,10.7067,27.7914,579
2016-04-20 04:00:00,59.86,transfer,1.0,68.3162,0.0,67.6009,67.6009,68.3162,84.4817,10.6513,27.845,580
2016-04-20 05:00:00,63.19,transfer,1.0,81.638,0.0,79.9772,79.9772,81.638,84.4817,10.5876,27.8932,581
2016-04-20 06:00:00,56.4,transfer,1.0,97.2585,0.0,97.2029,97.2029,97.2585,84.4817,10.5765,27.9644,582
2016-04-20 07:00:00,76.4,transfer,1.0,106.8136,0.0,101.2124,101.2124,106.8136,84.4817,10.5991,27.9875,583
2016-04-20 08:00:00,98.78,transfer,1.0,111.2539,0.0,120.9446,120.9446,111.2539,84.4817,10.6227,27.9316,584
2016-04-20 09:00:00,107.22,transfer,1.0,113.3042,0.0,117.827,117.827,113.3042,84.4817,10.6243,27.9042,585
2016-04-20 10:00:00,107.14,transfer,1.0,113.1036,0.0,106.1869,106.1869,113.1036,84.4817,10.608,27.8931,586
2016-04-20 11:00:00,105.74,transfer,1.0,110.6712,0.0,126.6729,126.6729,110.6712,84.4817,10.6158,27.8472,587
2016-04-20 12:00:00,111.12,transfer,1.0,106.1959,0.0,91.301,91.301,106.1959,84.4817,10.6033,27.8631,588
2016-04-20 13:00:00,111.79,transfer,1.0,99.7749,0.0,108.3577,108.3577,99.7749,84.4817,10.5956,27.9353,589
2016-04-20 14:00:00,107.17,transfer,1.0,93.5198,0.0,86.5759,86.5759,93.5198,84.4817,10.6315,27.9706,590
2016-04-20 15:00:00,99.54,transfer,1.0,88.5356,0.0,87.3458,87.3458,88.5356,84.4817,10.6761,27.9771,591
2016-04-20 16:00:00,98.91,transfer,1.0,81.1413,0.0,75.5947,75.5947,81.1413,84.4817,10.7585,28.0296,592
2016-04-20 17:00:00,79.58,transfer,1.0,72.7105,0.0,82.5157,82.5157,72.7105,84.4817,10.781,28.0443,593
2016-04-20 18:00:00,58.06,transfer,1.0,66.1912,0.0,66.6893,66.6893,66.1912,84.4817,10.7403,28.0648,594
2016-04-20 19:00:00,55.2,transfer,1.0,60.4153,0.0,59.7397,59.7397,60.4153,84.4817,10.7147,28.084,595
2016-04-20 20:00:00,59.21,transfer,1.0,57.4219,0.0,64.4676,64.4676,57.4219,84.4817,10.721,28.1032,596
2016-04-20 21:00:00,49.5,transfer,1.0,56.0642,0.0,64.0943,64.0943,56.0642,84.4817,10.7255,28.1383,597
2016-04-20 22:00:00,50.06,transfer,1.0,55.5328,0.0,59.4744,59.4744,55.5328,84.4817,10.7257,28.171,598
2016-04-20 23:00:00,48.99,transfer,1.0,55.4652,0.0,53.2094,53.2094,55.4652,84.4817,10.7234,28.2046,599
2016-04-21 00:00:00,48.71,transfer,1.0,55.9296,0.0,55.4789,55.4789,55.9296,84.4817,10.7148,28.2377,600
2016-04-21 01:00:00,48.56,transfer,1.0,57.0225,0.0,61.6861,61.6861,57.0225,84.4817,10.7016,28.2711,601
2016-04-21 02:00:00,48.54,transfer,1.0,59.7723,0.0,62.3657,62.3657,59.7723,84.4817,10.6824,28.3038,602
2016-04-21 03:00:00,48.79,transfer,1.0,65.0895,0.0,61.59,61.59,65.0895,84.4817,10.6587,28.3366,603
2016-04-21 04:00:00,56.27,transfer,1.0,73.6632,0.0,80.5417,80.5417,73.6632,84.4817,10.6522,28.3893,604
2016-04-21 05:00:00,66.57,transfer,1.0,86.4637,0.0,78.2318,78.2318,86.4637,84.4817,10.6063,28.4015,605
2016-04-21 06:00:00,59.61,transfer,1.0,99.1496,0.0,96.2751,96.2751,99.1496,84.4817,10.5712,28.4169,606
2016-04-21 07:00:00,81.57,transfer,1.0,107.2057,0.0,104.7862,104.7862,107.2057,84.4817,10.5491,28.4315,607
2016-04-21 08:00:00,99.74,transfer,1.0,110.9029,0.0,124.3214,124.3214,110.9029,84.4817,10.5437,28.4096,608
2016-04-21 09:00:00,107.31,transfer,1.0,112.2349,0.0,100.2459,100.2459,112.2349,84.4817,10.5165,28.4095,609
2016-04-21 10:00:00,103.44,transfer,1.0,109.8453,0.0,91.1831,91.1831,109.8453,84.4817,10.4784,28.4051,610
2016-04-21 11:00:00,103.01,transfer,1.0,104.0903,0.0,119.1479,119.1479,104.0903,84.4817,10.3935,28.4181,611
2016-04-21 12:00:00,101.64,transfer,1.0,95.558,0.0,89.6613,89.6613,95.558,84.4817,10.3449,28.43,612
2016-04-21 13:00:00,99.92,transfer,1.0,88.3466,0.0,97.8413,97.8413,88.3466,84.4817,10.3388,28.4488,613
2016-04-21 14:00:00,102.72,transfer,1.0,81.7563,0.0,85.7771,85.7771,81.7563,84.4817,10.4211,28.4921,614
2016-04-21 15:00:00,95.68,transfer,1.0,75.8115,0.0,70.6938,70.6938,75.8115,84.4817,10.5236,28.515,615
2016-04-21 16:00:00,98.13,transfer,1.0,70.8774,0.0,61.9059,61.9059,70.8774,84.4817,10.6452,28.5593,616
2016-04-21 17:00:00,83.54,transfer,1.0,65.8475,0.0,50.0037,50.0037,65.8475,84.4817,10.732,28.4969,617
2016-04-21 18:00:00,57.04,transfer,1.0,62.2754,0.0,69.3582,69.3582,62.2754,84.4817,10.6967,28.496,618
2016-04-21 19:00:00,53.0,transfer,1.0,58.8428,0.0,54.5072,54.5072,58.8428,84.4817,10.6606,28.4811,619
2016-04-21 20:00:00,57.12,transfer,1.0,56.465,0.0,54.8644,54.8644,56.465,84.4817,10.6419,28.4745,620
2016-04-21 21:00:00,47.61,transfer,1.0,55.1281,0.0,44.5994,44.5994,55.1281,84.4817,10.6347,28.4876,621
2016-04-21 22:00:00,48.04,transfer,1.0,54.3968,0.0,48.4262,48.4262,54.3968,84.4817,10.624,28.5005,622
2016-04-21 23:00:00,47.28,transfer,1.0,53.9676,0.0,52.2449,52.2449,53.9676,84.4817,10.6043,28.5094,623
2016-04-22 00:00:00,47.31,transfer,1.0,54.0176,0.0,49.743,49.743,54.0176,84.4817,10.5731,28.5125,624
2016-04-22 01:00:00,47.13,transfer,1.0,54.8515,0.0,55.2417,55.2417,54.8515,84.4817,10.5356,28.5139,625
2016-04-22 02:00:00,47.01,transfer,1.0,56.8633,0.0,62.1421,62.1421,56.8633,84.4817,10.4938,28.515,626
2016-04-22 03:00:00,47.01,transfer,1.0,60.9293,0.0,67.1389,67.1389,60.9293,84.4817,10.4483,28.5148,627
2016-04-22 04:00:00,62.93,transfer,1.0,67.451,0.0,60.2733,60.2733,67.451,84.4817,10.3786,28.4915,628
2016-04-22 05:00:00,66.99,transfer,1.0,77.3279,0.0,89.4079,89.4079,77.3279,84.4817,10.3003,28.4625,629
2016-04-22 06:00:00,63.59,transfer,1.0,90.5292,0.0,74.0565,74.0565,90.5292,84.4817,10.2248,28.4306,630
2016-04-22 07:00:00,83.77,transfer,1.0,99.4529,0.0,110.2616,110.2616,99.4529,84.4817,10.0099,28.2508,631
2016-04-22 08:00:00,103.25,transfer,1.0,104.2737,0.0,107.0722,107.0722,104.2737,84.4817,9.6875,28.1805,632
2016-04-22 09:00:00,109.64,transfer,1.0,106.2703,0.0,105.4904,105.4904,106.2703,84.4817,9.3871,28.1466,633
2016-04-22 10:00:00,113.56,transfer,1.0,105.0516,0.0,122.4549,122.4549,105.0516,84.4817,9.1672,28.1279,634
2016-04-22 11:00:00,115.83,transfer,1.0,101.0467,0.0,97.5883,97.5883,101.0467,84.4817,9.0688,28.1193,635
2016-04-22 12:00:00,108.43,transfer,1.0,96.3896,0.0,91.6869,91.6869,96.3896,84.4817,9.0183,28.0635,636
2016-04-22 13:00:00,105.75,transfer,1.0,91.0518,0.0,78.3542,78.3542,91.0518,84.4817,9.0289,27.9954,637
2016-04-22 14:00:00,103.5,transfer,1.0,83.2856,0.0,82.0133,82.0133,83.2856,84.4817,9.0921,27.9106,638
2016-04-22 15:00:00,92.07,transfer,1.0,75.9953,0.0,63.9465,63.9465,75.9953,84.4817,9.1518,27.7663,639
2016-04-22 16:00:00,89.07,transfer,1.0,70.0309,0.0,66.6871,66.6871,70.0309,84.4817,9.2355,27.6009,640
2016-04-22 17:00:00,76.64,transfer,1.0,64.7748,0.0,57.0524,57.0524,64.7748,84.4817,9.2864,27.4579,641
2016-04-22 18:00:00,56.42,transfer,1.0,60.7974,0.0,60.6484,60.6484,60.7974,84.4817,9.2293,27.366,642
2016-04-22 19:00:00,58.54,transfer,1.0,57.4927,0.0,44.8794,44.8794,57.4927,84.4817,9.1625,27.2646,643
2016-04-22 20:00:00,65.95,transfer,1.0,55.6968,0.0,57.949,57.949,55.6968,84.4817,9.2005,27.1661,644
2016-04-22 21:00:00,49.37,transfer,1.0,54.9506,0.0,57.8069,57.8069,54.9506,84.4817,9.2027,27.1573,645
2016-04-22 22:00:00,50.64,transfer,1.0,55.0048,0.0,54.9875,54.9875,55.0048,84.4817,9.199,27.1445,646
2016-04-22 23:00:00,50.2,transfer,1.0,54.932,0.0,56.6595,56.6595,54.932,84.4817,9.187,27.1282,647
2016-04-23 00:00:00,49.13,transfer,1.0,55.4141,0.0,55.8289,55.8289,55.4141,84.4817,9.1758,27.1159,648
2016-04-23 01:00:00,49.18,transfer,1.0,55.788,0.0,55.971,55.971,55.788,84.4817,9.1646,27.1023,649
2016-04-23 02:00:00,49.22,transfer,1.0,56.4717,0.0,55.4555,55.4555,56.4717,84.4817,9.1565,27.0885,650
2016-04-23 03:00:00,49.41,transfer,1.0,57.8318,0.0,60.2048,60.2048,57.8318,84.4817,9.1541,27.0747,651
2016-04-23 04:00:00,65.57,transfer,1.0,60.2421,0.0,60.2358,60.2358,60.2421,84.4817,9.164,27.0444,652
2016-04-23 05:00:00,72.61,transfer,1.0,63.9822,0.0,60.0604,60.0604,63.9822,84.4817,9.1922,26.982,653
2016-04-23 06:00:00,66.69,transfer,1.0,69.737,0.0,57.5879,57.5879,69.737,84.4817,9.1886,26.9248,654
2016-04-23 07:00:00,61.53,transfer,1.0,75.3679,0.0,82.9829,82.9829,75.3679,84.4817,9.2076,26.8713,655
2016-04-23 08:00:00,61.71,transfer,1.0,77.9184,0.0,77.2099,77.2099,77.9184,84.4817,9.2421,26.8206,656
2016-04-23 09:00:00,61.98,transfer,1.0,74.0446,0.0,75.5317,75.5317,74.0446,84.4817,9.2728,26.7716,657
2016-04-23 10:00:00,62.55,transfer,1.0,67.7166,0.0,67.8761,67.8761,67.7166,84.4817,9.2753,26.7173,658
2016-04-23 11:00:00,63.11,transfer,1.0,64.3484,0.0,53.7488,53.7488,64.3484,84.4817,9.2615,26.6565,659
2016-04-23 12:00:00,63.29,transfer,1.0,61.8245,0.0,52.6666,52.6666,61.8245,84.4817,9.2463,26.5844,660
2016-04-23 13:00:00,63.0,transfer,1.0,60.1409,0.0,60.9636,60.9636,60.1409,84.4817,9.2444,26.5122,661
2016-04-23 14:00:00,62.56,transfer,1.0,59.0476,0.0,49.1094,49.1094,59.0476,84.4817,9.2537,26.4439,662
2016-04-23 15:00:00,64.44,transfer,1.0,57.9603,0.0,56.8027,56.8027,57.9603,84.4817,9.2768,26.3554,663
2016-04-23 16:00:00,64.28,transfer,1.0,56.9918,0.0,53.8899,53.8899,56.9918,84.4817,9.3106,26.2691,664
2016-04-23 17:00:00,65.04,transfer,1.0,56.2848,0.0,47.1979,47.1979,56.2848,84.4817,9.3525,26.1945,665
2016-04-23 18:00:00,48.37,transfer,1.0,55.6917,0.0,56.4935,56.4935,55.6917,84.4817,9.3404,26.1504,666
2016-04-23 19:00:00,47.38,transfer,1.0,55.0761,0.0,61.6584,61.6584,55.0761,84.4817,9.3308,26.1103,667
2016-04-23 20:00:00,55.77,transfer,1.0,54.7636,0.0,55.2316,55.2316,54.7636,84.4817,9.3334,26.0723,668
2016-04-23 21:00:00,50.14,transfer,1.0,54.4868,0.0,53.6697,53.6697,54.4868,84.4817,9.3447,26.0569,669
2016-04-23 22:00:00,51.12,transfer,1.0,54.794,0.0,48.3132,48.3132,54.794,84.4817,9.3549,26.0406,670
2016-04-23 23:00:00,49.65,transfer,1.0,55.1452,0.0,47.9144,47.9144,55.1452,84.4817,9.3668,26.0266,671
2016-04-24 00:00:00,49.68,transfer,1.0,55.6252,0.0,65.8707,65.8707,55.6252,84.4817,9.3769,26.0113,672
2016-04-24 01:00:00,49.21,transfer,1.0,56.6079,0.0,60.3626,60.3626,56.6079,84.4817,9.3889,25.997,673
2016-04-24 02:00:00,49.5,transfer,1.0,57.9054,0.0,59.7287,59.7287,57.9054,84.4817,9.4015,25.9818,674
2016-04-24 03:00:00,49.84,transfer,1.0,59.5069,0.0,65.2852,65.2852,59.5069,84.4817,9.4144,25.9647,675
2016-04-24 04:00:00,61.15,transfer,1.0,61.4388,0.0,68.4613,68.4613,61.4388,84.4817,9.3985,25.9526,676
2016-04-24 05:00:00,64.87,transfer,1.0,64.0807,0.0,60.5854,60.5854,64.0807,84.4817,9.4031,25.9131,677
2016-04-24 06:00:00,60.81,transfer,1.0,67.4902,0.0,67.8167,67.8167,67.4902,84.4817,9.4094,25.8816,678
2016-04-24 07:00:00,55.8,transfer,1.0,70.2567,0.0,72.9845,72.9845,70.2567,84.4817,9.4141,25.8451,679
2016-04-24 08:00:00,56.96,transfer,1.0,70.3298,0.0,75.9287,75.9287,70.3298,84.4817,9.4126,25.8045,680
2016-04-24 09:00:00,56.6,transfer,1.0,66.379,0.0,62.4471,62.4471,66.379,84.4817,9.4015,25.7613,681
2016-04-24 10:00:00,57.78,transfer,1.0,63.039,0.0,61.0767,61.0767,63.039,84.4817,9.3814,25.7152,682
2016-04-24 11:00:00,54.8,transfer,1.0,61.1224,0.0,57.544,57.544,61.1224,84.4817,9.3798,25.6892,683
2016-04-24 12:00:00,54.81,transfer,1.0,59.9233,0.0,54.8635,54.8635,59.9233,84.4817,9.3823,25.6673,684
2016-04-24 13:00:00,54.91,transfer,1.0,58.8777,0.0,57.5713,57.5713,58.8777,84.4817,9.3785,25.6394,685
2016-04-24 14:00:00,58.12,transfer,1.0,57.8802,0.0,63.3627,63.3627,57.8802,84.4817,9.3529,25.5875,686
2016-04-24 15:00:00,58.87,transfer,1.0,57.0841,0.0,57.8761,57.8761,57.0841,84.4817,9.3373,25.5269,687
2016-04-24 16:00:00,60.46,transfer,1.0,56.5006,0.0,49.6928,49.6928,56.5006,84.4817,9.3569,25.4822,688
2016-04-24 17:00:00,60.09,transfer,1.0,56.1198,0.0,55.2307,55.2307,56.1198,84.4817,9.376,25.436,689
2016-04-24 18:00:00,45.55,transfer,1.0,55.7111,0.0,62.9521,62.9521,55.7111,84.4817,9.3657,25.3979,690
2016-04-24 19:00:00,45.13,transfer,1.0,55.1161,0.0,51.4829,51.4829,55.1161,84.4817,9.3533,25.3583,691
2016-04-24 20:00:00,53.38,transfer,1.0,54.9189,0.0,57.0193,57.0193,54.9189,84.4817,9.3389,25.3171,692
2016-04-24 21:00:00,49.64,transfer,1.0,54.7605,0.0,46.2162,46.2162,54.7605,84.4817,9.3494,25.3011,693
2016-04-24 22:00:00,50.44,transfer,1.0,55.0949,0.0,58.8764,58.8764,55.0949,84.4817,9.3632,25.2883,694
2016-04-24 23:00:00,51.1,transfer,1.0,55.5568,0.0,60.0442,60.0442,55.5568,84.4817,9.3696,25.2681,695
2016-04-25 00:00:00,52.58,transfer,1.0,56.0771,0.0,48.0221,48.0221,56.0771,84.4817,9.363,25.2351,696
2016-04-25 01:00:00,49.36,transfer,1.0,58.4481,0.0,51.9155,51.9155,58.4481,84.4817,9.378,25.221,697
2016-04-25 02:00:00,49.26,transfer,1.0,62.9062,0.0,61.1724,61.1724,62.9062,84.4817,9.3982,25.2061,698
2016-04-25 03:00:00,49.37,transfer,1.0,67.9707,0.0,70.9944,70.9944,67.9707,84.4817,9.4195,25.1911,699
2016-04-25 04:00:00,60.83,transfer,1.0,74.1941,0.0,80.557,80.557,74.1941,84.4817,9.4288,25.1635,700
2016-04-25 05:00:00,66.45,transfer,1.0,82.826,0.0,78.611,78.611,82.826,84.4817,9.4214,25.116,701
2016-04-25 06:00:00,61.32,transfer,1.0,92.7397,0.0,81.9374,81.9374,92.7397,84.4817,9.4471,25.0939,702
2016-04-25 07:00:00,82.17,transfer,1.0,99.1209,0.0,84.0403,84.0403,99.1209,84.4817,9.4261,25.0232,703
2016-04-25 08:00:00,99.7,transfer,1.0,102.6041,0.0,109.6428,109.6428,102.6041,84.4817,9.4048,25.0866,704
2016-04-25 09:00:00,102.9,transfer,1.0,106.6203,0.0,91.0303,91.0303,106.6203,84.4817,9.4183,25.1148,705
2016-04-25 10:00:00,110.93,transfer,1.0,106.8181,0.0,96.202,96.202,106.8181,84.4817,9.4171,25.1983,706
2016-04-25 11:00:00,110.75,transfer,1.0,103.5141,0.0,108.0461,108.0461,103.5141,84.4817,9.4386,25.2898,707
2016-04-25 12:00:00,107.4,transfer,1.0,99.0747,0.0,108.5905,108.5905,99.0747,84.4817,9.4873,25.383,708
2016-04-25 13:00:00,105.6,transfer,1.0,93.8701,0.0,103.4248,103.4248,93.8701,84.4817,9.5179,25.4772,709
2016-04-25 14:00:00,117.19,transfer,1.0,87.6057,0.0,87.5847,87.5847,87.6057,84.4817,9.5693,25.6082,710
2016-04-25 15:00:00,106.48,transfer,1.0,81.8196,0.0,82.4431,82.4431,81.8196,84.4817,9.5481,25.6732,711
2016-04-25 16:00:00,101.28,transfer,1.0,77.9719,0.0,80.8576,80.8576,77.9719,84.4817,9.5863,25.7499,712
2016-04-25 17:00:00,84.49,transfer,1.0,71.7109,0.0,69.4387,69.4387,71.7109,84.4817,9.5681,25.7047,713
2016-04-25 18:00:00,57.71,transfer,1.0,66.3635,0.0,66.6887,66.6887,66.3635,84.4817,9.6158,25.7025,714
2016-04-25 19:00:00,54.81,transfer,1.0,60.975,0.0,73.5479,73.5479,60.975,84.4817,9.6421,25.6962,715
2016-04-25 20:00:00,60.43,transfer,1.0,58.0085,0.0,59.6966,59.6966,58.0085,84.4817,9.6335,25.6834,716
2016-04-25 21:00:00,50.13,transfer,1.0,56.578,0.0,50.6941,50.6941,56.578,84.4817,9.6589,25.6913,717
2016-04-25 22:00:00,50.98,transfer,1.0,55.8245,0.0,59.976,59.976,55.8245,84.4817,9.6655,25.6828,718
2016-04-25 23:00:00,49.68,transfer,1.0,55.3285,0.0,61.9811,61.9811,55.3285,84.4817,9.6698,25.6743,719
2016-04-26 00:00:00,49.37,transfer,1.0,55.173,0.0,60.9134,60.9134,55.173,84.4817,9.6766,25.6693,720
2016-04-26 01:00:00,49.1,transfer,1.0,55.7542,0.0,46.7986,46.7986,55.7542,84.4817,9.6829,25.6624,721
2016-04-26 02:00:00,49.07,transfer,1.0,57.3591,0.0,48.7733,48.7733,57.3591,84.4817,9.689,25.6535,722
2016-04-26 03:00:00,49.35,transfer,1.0,60.473,0.0,63.8098,63.8098,60.473,84.4817,9.6982,25.6451,723
2016-04-26 04:00:00,68.99,transfer,1.0,66.2483,0.0,61.7073,61.7073,66.2483,84.4817,9.7094,25.6017,724
2016-04-26 05:00:00,74.88,transfer,1.0,76.9229,0.0,67.3243,67.3243,76.9229,84.4817,9.6747,25.5349,725
2016-04-26 06:00:00,67.41,transfer,1.0,93.4361,0.0,96.9456,96.9456,93.4361,84.4817,9.6809,25.488,726
2016-04-26 07:00:00,95.92,transfer,1.0,105.4003,0.0,85.6581,85.6581,105.4003,84.4817,9.6587,25.5402,727
2016-04-26 08:00:00,121.57,transfer,1.0,111.1015,0.0,102.4022,102.4022,111.1015,84.4817,9.7123,25.6717,728
2016-04-26 09:00:00,123.57,transfer,1.0,114.5944,0.0,127.1548,127.1548,114.5944,84.4817,9.7207,25.7292,729
2016-04-26 10:00:00,123.83,transfer,1.0,115.7312,0.0,120.8227,120.8227,115.7312,84.4817,9.7169,25.7701,730
2016-04-26 11:00:00,125.13,transfer,1.0,115.275,0.0,118.7635,118.7635,115.275,84.4817,9.7435,25.8428,731
2016-04-26 12:00:00,117.03,transfer,1.0,113.5796,0.0,94.4904,94.4904,113.5796,84.4817,9.7104,25.8626,732
2016-04-26 13:00:00,122.49,transfer,1.0,110.6432,0.0,114.1641,114.1641,110.6432,84.4817,9.7567,25.9797,733
2016-04-26 14:00:00,142.23,transfer,1.0,104.9099,0.0,92.3969,92.3969,104.9099,84.4817,9.8779,26.1774,734
2016-04-26 15:00:00,146.4,transfer,1.0,101.0002,0.0,98.0774,98.0774,101.0002,84.4817,10.0037,26.406,735
2016-04-26 16:00:00,132.37,transfer,1.0,99.2269,0.0,97.9252,97.9252,99.2269,84.4817,10.0333,26.5654,736
2016-04-26 17:00:00,118.63,transfer,1.0,96.5644,0.0,110.9812,110.9812,96.5644,84.4817,10.0711,26.7542,737
2016-04-26 18:00:00,77.94,transfer,1.0,89.4321,0.0,96.7389,96.7389,89.4321,84.4817,10.0907,26.6364,738
2016-04-26 19:00:00,71.84,transfer,1.0,77.6953,0.0,81.0942,81.0942,77.6953,84.4817,10.0803,26.5239,739
2016-04-26 20:00:00,76.46,transfer,1.0,67.4292,0.0,75.5623,75.5623,67.4292,84.4817,10.1289,26.404,740
2016-04-26 21:00:00,53.34,transfer,1.0,62.3869,0.0,61.8743,61.8743,62.3869,84.4817,10.1482,26.3831,741
2016-04-26 22:00:00,53.37,transfer,1.0,60.2045,0.0,64.0523,64.0523,60.2045,84.4817,10.1627,26.3664,742
2016-04-26 23:00:00,52.03,transfer,1.0,58.4106,0.0,54.4237,54.4237,58.4106,84.4817,10.1711,26.3526,743
2016-04-27 00:00:00,51.69,transfer,1.0,57.5047,0.0,61.3572,61.3572,57.5047,84.4817,10.1695,26.3343,744
2016-04-27 01:00:00,52.35,transfer,1.0,57.2725,0.0,56.6109,56.6109,57.2725,84.4817,10.1582,26.3108,745
2016-04-27 02:00:00,51.3,transfer,1.0,58.3114,0.0,58.6308,58.6308,58.3114,84.4817,10.1462,26.2919,746
2016-04-27 03:00:00,51.25,transfer,1.0,61.5952,0.0,61.1287,61.1287,61.5952,84.4817,10.1336,26.2763,747
2016-04-27 04:00:00,75.38,transfer,1.0,66.6921,0.0,62.3879,62.3879,66.6921,84.4817,10.135,26.1839,748
2016-04-27 05:00:00,78.23,transfer,1.0,77.3771,0.0,64.3027,64.3027,77.3771,84.4817,10.0302,26.0944,749
2016-04-27 06:00:00,68.32,transfer,1.0,94.8637,0.0,90.4115,90.4115,94.8637,84.4817,9.945,26.0235,750
2016-04-27 07:00:00,91.0,transfer,1.0,107.087,0.0,105.3898,105.3898,107.087,84.4817,9.8597,26.0142,751
2016-04-27 08:00:00,103.63,transfer,1.0,113.1546,0.0,112.1538,112.1538,113.1546,84.4817,9.8422,26.043,752
2016-04-27 09:00:00,108.3,transfer,1.0,115.8882,0.0,123.8476,123.8476,115.8882,84.4817,9.8511,26.0495,753
2016-04-27 10:00:00,110.15,transfer,1.0,116.0025,0.0,116.9113,116.9113,116.0025,84.4817,9.8505,26.0674,754
2016-04-27 11:00:00,112.43,transfer,1.0,114.7358,0.0,113.0033,113.0033,114.7358,84.4817,9.8349,26.1072,755
2016-04-27 12:00:00,102.85,transfer,1.0,112.2712,0.0,114.6441,114.6441,112.2712,84.4817,9.8616,26.058,756
2016-04-27 13:00:00,101.74,transfer,1.0,108.4407,0.0,107.0178,107.0178,108.4407,84.4817,9.83,25.9982,757
2016-04-27 14:00:00,107.42,transfer,1.0,101.8788,0.0,83.4577,83.4577,101.8788,84.4817,9.7817,25.9996,758
2016-04-27 15:00:00,105.3,transfer,1.0,94.8128,0.0,86.3707,86.3707,94.8128,84.4817,9.7786,26.0339,759
2016-04-27 16:00:00,94.24,transfer,1.0,86.7414,0.0,71.4165,71.4165,86.7414,84.4817,9.7175,26.0061,760
2016-04-27 17:00:00,85.84,transfer,1.0,78.067,0.0,77.9341,77.9341,78.067,84.4817,9.7229,25.985,761
2016-04-27 18:00:00,62.83,transfer,1.0,69.1565,0.0,68.8897,68.8897,69.1565,84.4817,9.7121,25.9566,762
2016-04-27 19:00:00,59.56,transfer,1.0,62.449,0.0,58.3656,58.3656,62.449,84.4817,9.6983,25.9307,763
2016-04-27 20:00:00,62.05,transfer,1.0,59.167,0.0,53.5749,53.5749,59.167,84.4817,9.7048,25.9138,764
2016-04-27 21:00:00,52.03,transfer,1.0,57.6639,0.0,66.1976,66.1976,57.6639,84.4817,9.6993,25.8987,765
2016-04-27 22:00:00,52.54,transfer,1.0,56.8098,0.0,54.2426,54.2426,56.8098,84.4817,9.6921,25.884,766
2016-04-27 23:00:00,51.48,transfer,1.0,56.3209,0.0,64.2466,64.2466,56.3209,84.4817,9.6824,25.8691,767
2016-04-28 00:00:00,50.93,transfer,1.0,56.3345,0.0,50.0607,50.0607,56.3345,84.4817,9.6716,25.8559,768
2016-04-28 01:00:00,50.56,transfer,1.0,56.8351,0.0,67.6089,67.6089,56.8351,84.4817,9.6586,25.844,769
2016-04-28 02:00:00,50.61,transfer,1.0,58.6802,0.0,60.4462,60.4462,58.6802,84.4817,9.6397,25.8317,770
2016-04-28 03:00:00,50.68,transfer,1.0,62.1676,0.0,61.5428,61.5428,62.1676,84.4817,9.6111,25.8205,771
2016-04-28 04:00:00,62.42,transfer,1.0,68.5242,0.0,58.9954,58.9954,68.5242,84.4817,9.5439,25.7838,772
2016-04-28 05:00:00,70.97,transfer,1.0,79.5855,0.0,75.5407,75.5407,79.5855,84.4817,9.4768,25.7577,773
2016-04-28 06:00:00,70.15,transfer,1.0,93.8456,0.0,84.6987,84.6987,93.8456,84.4817,9.3825,25.6949,774
2016-04-28 07:00:00,85.8,transfer,1.0,103.3954,0.0,110.3503,110.3503,103.3954,84.4817,9.3346,25.6854,775
2016-04-28 08:00:00,103.6,transfer,1.0,110.0479,0.0,107.6861,107.6861,110.0479,84.4817,9.3065,25.7084,776
2016-04-28 09:00:00,107.13,transfer,1.0,112.3607,0.0,105.3664,105.3664,112.3607,84.4817,9.3084,25.7073,777
2016-04-28 10:00:00,106.75,transfer,1.0,109.7762,0.0,129.6821,129.6821,109.7762,84.4817,9.2882,25.727,778
2016-04-28 11:00:00,99.06,transfer,1.0,104.1337,0.0,110.6671,110.6671,104.1337,84.4817,9.312,25.7035,779
2016-04-28 12:00:00,95.71,transfer,1.0,96.4453,0.0,105.0884,105.0884,96.4453,84.4816,9.2802,25.6682,780
2016-04-28 13:00:00,97.78,transfer,1.0,88.8893,0.0,84.4147,84.4147,88.8893,84.4817,9.2642,25.6555,781
2016-04-28 14:00:00,104.4,transfer,1.0,82.0777,0.0,89.0283,89.0283,82.0777,84.4817,9.2723,25.6655,782
2016-04-28 15:00:00,98.11,transfer,1.0,77.1155,0.0,78.2815,78.2815,77.1155,84.4817,9.279,25.68,783
2016-04-28 16:00:00,89.89,transfer,1.0,72.976,0.0,71.214,71.214,72.976,84.4817,9.2175,25.6309,784
2016-04-28 17:00:00,78.04,transfer,1.0,67.9403,0.0,79.3393,79.3393,67.9403,84.4817,9.1723,25.6636,785
2016-04-28 18:00:00,59.51,transfer,1.0,63.1878,0.0,56.4706,56.4706,63.1878,84.4817,9.163,25.6489,786
2016-04-28 19:00:00,59.01,transfer,1.0,59.1763,0.0,57.5861,57.5861,59.1763,84.4817,9.1292,25.6132,787
2016-04-28 20:00:00,59.9,transfer,1.0,57.1489,0.0,49.0471,49.0471,57.1489,84.4817,9.1417,25.5966,788
2016-04-28 21:00:00,50.07,transfer,1.0,56.3152,0.0,62.2341,62.2341,56.3152,84.4817,9.1341,25.582,789
2016-04-28 22:00:00,50.51,transfer,1.0,55.872,0.0,57.1495,57.1495,55.872,84.4817,9.1282,25.5673,790
2016-04-28 23:00:00,49.56,transfer,1.0,55.779,0.0,55.6762,55.6762,55.779,84.4817,9.1254,25.5537,791
2016-04-29 00:00:00,49.13,transfer,1.0,56.5721,0.0,68.7919,68.7919,56.5721,84.4817,9.1298,25.5429,792
2016-04-29 01:00:00,48.97,transfer,1.0,58.3372,0.0,62.4157,62.4157,58.3372,84.4817,9.1396,25.5319,793
2016-04-29 02:00:00,49.03,transfer,1.0,61.516,0.0,59.9948,59.9948,61.516,84.4817,9.1552,25.5199,794
2016-04-29 03:00:00,49.21,transfer,1.0,66.5503,0.0,59.7698,59.7698,66.5503,84.4817,9.1756,25.5068,795
2016-04-29 04:00:00,63.84,transfer,1.0,73.5779,0.0,64.5954,64.5954,73.5779,84.4817,9.2067,25.5014,796
2016-04-29 05:00:00,70.89,transfer,1.0,83.9314,0.0,86.8131,86.8131,83.9314,84.4817,9.2228,25.4782,797
2016-04-29 06:00:00,68.54,transfer,1.0,95.704,0.0,108.5928,108.5928,95.704,84.4817,9.2241,25.4487,798
2016-04-29 07:00:00,85.72,transfer,1.0,102.9792,0.0,106.0461,106.0461,102.9792,84.4817,9.2335,25.4518,799
2016-04-29 08:00:00,104.98,transfer,1.0,107.1768,0.0,103.2395,103.2395,107.1768,84.4817,9.2405,25.4621,800
2016-04-29 09:00:00,109.34,transfer,1.0,109.3219,0.0,112.0856,112.0856,109.3219,84.4817,9.2205,25.4604,801
2016-04-29 10:00:00,113.62,transfer,1.0,108.7362,0.0,103.91,103.91,108.7362,84.4817,9.1989,25.4607,802
2016-04-29 11:00:00,109.89,transfer,1.0,105.6897,0.0,91.0505,91.0505,105.6897,84.4817,9.1359,25.4254,803
2016-04-29 12:00:00,100.48,transfer,1.0,101.1841,0.0,89.3939,89.3939,101.1841,84.4817,9.0685,25.378,804
2016-04-29 13:00:00,101.67,transfer,1.0,94.7259,0.0,84.2913,84.2913,94.7259,84.4817,9.0223,25.3537,805
2016-04-29 14:00:00,101.76,transfer,1.0,86.8685,0.0,78.5595,78.5595,86.8685,84.4817,8.9906,25.3434,806
2016-04-29 15:00:00,92.48,transfer,1.0,80.0797,0.0,69.0956,69.0956,80.0797,84.4817,8.9687,25.3458,807
2016-04-29 16:00:00,77.63,transfer,1.0,73.7183,0.0,77.8831,77.8831,73.7183,84.4817,8.8787,25.3593,808
2016-04-29 17:00:00,73.7,transfer,1.0,67.6282,0.0,60.8692,60.8692,67.6282,84.4817,8.8442,25.3768,809
2016-04-29 18:00:00,61.29,transfer,1.0,62.2384,0.0,62.3474,62.3474,62.2384,84.4817,8.8238,25.3478,810
2016-04-29 19:00:00,60.48,transfer,1.0,58.8736,0.0,64.7246,64.7246,58.8736,84.4817,8.8271,25.3363,811
2016-04-29 20:00:00,61.87,transfer,1.0,57.5443,0.0,52.7019,52.7019,57.5443,84.4817,8.7919,25.3606,812
2016-04-29 21:00:00,51.73,transfer,1.0,56.9972,0.0,59.2345,59.2345,56.9972,84.4817,8.79,25.3465,813
2016-04-29 22:00:00,52.01,transfer,1.0,56.7542,0.0,53.1969,53.1969,56.7542,84.4817,8.7922,25.3383,814
2016-04-29 23:00:00,50.83,transfer,1.0,56.7614,0.0,61.8232,61.8232,56.7614,84.4817,8.7994,25.3346,815
2016-04-30 00:00:00,50.57,transfer,1.0,57.4084,0.0,60.6276,60.6276,57.4084,84.4817,8.8027,25.326,816
2016-04-30 01:00:00,50.52,transfer,1.0,57.6522,0.0,60.8024,60.8024,57.6522,84.4817,8.8058,25.3181,817
2016-04-30 02:00:00,50.39,transfer,1.0,58.2124,0.0,62.8738,62.8738,58.2124,84.4817,8.8092,25.3111,818
2016-04-30 03:00:00,50.84,transfer,1.0,59.2774,0.0,63.3132,63.3132,59.2774,84.4817,8.8093,25.3026,819
2016-04-30 04:00:00,64.73,transfer,1.0,61.0663,0.0,62.6232,62.6232,61.0663,84.4817,8.7994,25.3076,820
2016-04-30 05:00:00,73.32,transfer,1.0,63.9356,0.0,71.7748,71.7748,63.9356,84.4817,8.8039,25.3033,821
2016-04-30 06:00:00,69.41,transfer,1.0,68.1668,0.0,66.6943,66.6943,68.1668,84.4817,8.7932,25.2872,822
2016-04-30 07:00:00,64.67,transfer,1.0,72.2168,0.0,63.9737,63.9737,72.2168,84.4817,8.7557,25.2685,823
2016-04-30 08:00:00,63.02,transfer,1.0,74.5828,0.0,76.0998,76.0998,74.5828,84.4817,8.7281,25.2607,824
2016-04-30 09:00:00,62.79,transfer,1.0,72.0845,0.0,84.4755,84.4755,72.0845,84.4817,8.7116,25.2558,825
2016-04-30 10:00:00,64.17,transfer,1.0,68.0788,0.0,60.1107,60.1107,68.0788,84.4817,8.7041,25.2462,826
2016-04-30 11:00:00,68.09,transfer,1.0,65.055,0.0,64.5215,64.5215,65.055,84.4817,8.7148,25.2166,827
2016-04-30 12:00:00,66.77,transfer,1.0,63.0293,0.0,71.8102,71.8102,63.0293,84.4817,8.7283,25.1958,828
2016-04-30 13:00:00,62.61,transfer,1.0,61.8074,0.0,77.3744,77.3744,61.8074,84.4817,8.7161,25.1982,829
2016-04-30 14:00:00,60.97,transfer,1.0,60.7204,0.0,57.3388,57.3388,60.7204,84.4817,8.6967,25.2076,830
2016-04-30 15:00:00,59.9,transfer,1.0,59.2906,0.0,57.3659,57.3659,59.2906,84.4817,8.6617,25.2347,831
2016-04-30 16:00:00,60.18,transfer,1.0,57.8304,0.0,52.104,52.104,57.8304,84.4817,8.6323,25.2591,832
2016-04-30 17:00:00,58.46,transfer,1.0,56.6674,0.0,53.869,53.869,56.6674,84.4817,8.5909,25.2982,833
2016-04-30 18:00:00,48.28,transfer,1.0,55.8541,0.0,61.2846,61.2846,55.8541,84.4817,8.5924,25.2988,834
2016-04-30 19:00:00,50.43,transfer,1.0,55.0681,0.0,47.7274,47.7274,55.0681,84.4817,8.5742,25.2806,835
2016-04-30 20:00:00,56.17,transfer,1.0,54.8205,0.0,65.3923,65.3923,54.8205,84.4817,8.5762,25.2782,836
2016-04-30 21:00:00,50.22,transfer,1.0,54.7188,0.0,58.5997,58.5997,54.7188,84.4817,8.5771,25.2778,837
2016-04-30 22:00:00,50.94,transfer,1.0,54.9351,0.0,61.6591,61.6591,54.9351,84.4817,8.579,25.2788,838
2016-04-30 23:00:00,50.1,transfer,1.0,55.128,0.0,37.779,37.779,55.128,84.4817,8.5762,25.2761,839
2016-05-01 00:00:00,49.84,transfer,1.0,55.5044,0.0,58.041,58.041,55.5044,84.4817,8.5746,25.2752,840
2016-05-01 01:00:00,50.19,transfer,1.0,56.3825,0.0,52.7309,52.7309,56.3825,84.4817,8.5674,25.2694,841
2016-05-01 02:00:00,49.71,transfer,1.0,57.527,0.0,58.4914,58.4914,57.527,84.4817,8.5639,25.2681,842
2016-05-01 03:00:00,50.06,transfer,1.0,58.8225,0.0,63.9026,63.9026,58.8225,84.4817,8.5585,25.2668,843
2016-05-01 04:00:00,62.84,transfer,1.0,60.6655,0.0,67.0313,67.0313,60.6655,84.4817,8.5697,25.2567,844
2016-05-01 05:00:00,65.1,transfer,1.0,62.7185,0.0,64.421,64.421,62.7185,84.4817,8.5792,25.2554,845
2016-05-01 06:00:00,61.63,transfer,1.0,65.2017,0.0,66.695,66.695,65.2017,84.4817,8.5607,25.2505,846
2016-05-01 07:00:00,56.95,transfer,1.0,67.4549,0.0,70.6729,70.6729,67.4549,84.4817,8.5372,25.2436,847
2016-05-01 08:00:00,56.95,transfer,1.0,68.0417,0.0,68.5589,68.5589,68.0417,84.4817,8.5236,25.2437,848
2016-05-01 09:00:00,56.22,transfer,1.0,64.9026,0.0,63.9396,63.9396,64.9026,84.4817,8.5171,25.246,849
2016-05-01 10:00:00,56.42,transfer,1.0,62.6837,0.0,59.67,59.67,62.6837,84.4817,8.5231,25.2541,850
2016-05-01 11:00:00,55.09,transfer,1.0,60.8735,0.0,62.5551,62.5551,60.8735,84.4817,8.5199,25.2523,851
2016-05-01 12:00:00,54.66,transfer,1.0,59.7499,0.0,59.3429,59.3429,59.7499,84.4817,8.5197,25.2532,852
2016-05-01 13:00:00,54.95,transfer,1.0,59.189,0.0,61.5967,61.5967,59.189,84.4817,8.5214,25.253,853
2016-05-01 14:00:00,54.06,transfer,1.0,58.5959,0.0,48.3945,48.3945,58.5959,84.4817,8.5469,25.2772,854
2016-05-01 15:00:00,53.63,transfer,1.0,57.9285,0.0,49.5168,49.5168,57.9285,84.4817,8.5619,25.3083,855
2016-05-01 16:00:00,54.67,transfer,1.0,57.1864,0.0,59.7975,59.7975,57.1864,84.4817,8.5533,25.3428,856
2016-05-01 17:00:00,54.06,transfer,1.0,56.4405,0.0,52.9356,52.9356,56.4405,84.4817,8.5438,25.3787,857
2016-05-01 18:00:00,43.04,transfer,1.0,55.8087,0.0,55.432,55.432,55.8087,84.4817,8.5593,25.3936,858
2016-05-01 19:00:00,43.76,transfer,1.0,54.8712,0.0,58.4466,58.4466,54.8712,84.4817,8.566,25.4018,859
2016-05-01 20:00:00,49.81,transfer,1.0,54.5666,0.0,58.714,58.714,54.5666,84.4817,8.5852,25.4231,860
2016-05-01 21:00:00,50.44,transfer,1.0,54.3143,0.0,52.1974,52.1974,54.3143,84.4817,8.5778,25.4183,861
2016-05-01 22:00:00,50.85,transfer,1.0,54.4972,0.0,53.08,53.08,54.4972,84.4817,8.5718,25.4158,862
2016-05-01 23:00:00,50.15,transfer,1.0,54.9249,0.0,46.4038,46.4038,54.9249,84.4817,8.5737,25.4215,863
2016-05-02 00:00:00,49.61,transfer,1.0,55.4925,0.0,51.0616,51.0616,55.4925,84.4817,8.5879,25.4392,864
2016-05-02 01:00:00,49.74,transfer,1.0,57.731,0.0,60.6735,60.6735,57.731,84.4817,8.5813,25.4369,865
2016-05-02 02:00:00,49.61,transfer,1.0,60.8694,0.0,53.5964,53.5964,60.8694,84.4817,8.5671,25.4348,866
2016-05-02 03:00:00,50.13,transfer,1.0,65.7946,0.0,65.2602,65.2602,65.7946,84.4817,8.5497,25.4303,867
2016-05-02 04:00:00,63.38,transfer,1.0,72.1592,0.0,65.0617,65.0617,72.1592,84.4817,8.5224,25.4151,868
2016-05-02 05:00:00,70.41,transfer,1.0,80.4746,0.0,93.4316,93.4316,80.4746,84.4817,8.4848,25.3916,869
2016-05-02 06:00:00,65.44,transfer,1.0,90.0682,0.0,101.5348,101.5348,90.0682,84.4817,8.4444,25.367,870
2016-05-02 07:00:00,81.62,transfer,1.0,96.3931,0.0,101.6562,101.6562,96.3931,84.4817,8.4314,25.3703,871
2016-05-02 08:00:00,100.23,transfer,1.0,100.0759,0.0,95.8065,95.8065,100.0759,84.4817,8.415,25.3735,872
2016-05-02 09:00:00,104.08,transfer,1.0,103.4385,0.0,97.3591,97.3591,103.4385,84.4817,8.3967,25.3805,873
2016-05-02 10:00:00,102.04,transfer,1.0,103.6466,0.0,119.4105,119.4105,103.6466,84.4817,8.3818,25.3276,874
2016-05-02 11:00:00,105.77,transfer,1.0,100.4212,0.0,85.3685,85.3685,100.4212,84.4817,8.3706,25.2979,875
2016-05-02 12:00:00,103.36,transfer,1.0,94.0715,0.0,97.5518,97.5518,94.0715,84.4817,8.3763,25.2739,876
2016-05-02 13:00:00,103.11,transfer,1.0,87.3742,0.0,94.3544,94.3544,87.3742,84.4817,8.4002,25.2591,877
2016-05-02 14:00:00,110.5,transfer,1.0,80.6016,0.0,93.9861,93.9861,80.6016,84.4817,8.402,25.2192,878
2016-05-02 15:00:00,111.9,transfer,1.0,76.0988,0.0,84.0761,84.0761,76.0988,84.4817,8.4683,25.2515,879
2016-05-02 16:00:00,107.61,transfer,1.0,72.4448,0.0,79.4508,79.4508,72.4448,84.4817,8.5389,25.2892,880
2016-05-02 17:00:00,101.97,transfer,1.0,68.9669,0.0,66.6123,66.6123,68.9669,84.4817,8.6593,25.3932,881
2016-05-02 18:00:00,72.13,transfer,1.0,65.4704,0.0,66.8225,66.8225,65.4704,84.4817,8.6474,25.3074,882
2016-05-02 19:00:00,73.94,transfer,1.0,61.7819,0.0,65.2924,65.2924,61.7819,84.4817,8.6831,25.1935,883
2016-05-02 20:00:00,73.31,transfer,1.0,59.14,0.0,55.3237,55.3237,59.14,84.4817,8.753,25.1169,884
2016-05-02 21:00:00,60.79,transfer,1.0,59.9131,0.0,54.7372,54.7372,59.9131,84.4814,8.7199,25.0534,885
2016-05-02 22:00:00,60.28,transfer,1.0,57.775,0.0,64.5961,64.5961,57.775,84.4816,8.7059,24.998,886
2016-05-02 23:00:00,62.67,transfer,1.0,57.4061,0.0,60.0862,60.0862,57.4061,84.4817,8.7037,24.9207,887
2016-05-03 00:00:00,59.09,transfer,1.0,57.7109,0.0,67.7474,67.7474,57.7109,84.4817,8.6773,24.8629,888
2016-05-03 01:00:00,59.08,transfer,1.0,59.0479,0.0,64.7585,64.7585,59.0479,84.4817,8.6379,24.8035,889
2016-05-03 02:00:00,59.09,transfer,1.0,61.3316,0.0,66.9081,66.9081,61.3316,84.4817,8.6019,24.7438,890
2016-05-03 03:00:00,59.07,transfer,1.0,65.188,0.0,71.8096,71.8096,65.188,84.4817,8.5721,24.686,891
2016-05-03 04:00:00,72.34,transfer,1.0,73.0352,0.0,84.5647,84.5647,73.0352,84.4817,8.5599,24.666,892
2016-05-03 05:00:00,73.15,transfer,1.0,84.1625,0.0,81.8527,81.8527,84.1625,84.4817,8.6133,24.6763,893
2016-05-03 06:00:00,66.08,transfer,1.0,97.2151,0.0,74.9664,74.9664,97.2151,84.4817,8.6437,24.6842,894
2016-05-03 07:00:00,92.67,transfer,1.0,104.7055,0.0,72.3126,72.3126,104.7055,84.4817,8.6589,24.6649,895
2016-05-03 08:00:00,108.68,transfer,1.0,109.5694,0.0,109.9713,109.9713,109.5694,84.4817,8.6019,24.5882,896
2016-05-03 09:00:00,113.08,transfer,1.0,113.3303,0.0,92.7369,92.7369,113.3303,84.4817,8.55,24.5257,897
2016-05-03 10:00:00,116.8,transfer,1.0,114.1413,0.0,127.3985,127.3985,114.1413,84.4817,8.5176,24.4839,898
2016-05-03 11:00:00,123.39,transfer,1.0,113.3273,0.0,106.729,106.729,113.3273,84.4817,8.5188,24.4735,899
2016-05-03 12:00:00,127.5,transfer,1.0,111.9123,0.0,111.4153,111.4153,111.9123,84.4817,8.5911,24.5358,900
2016-05-03 13:00:00,116.17,transfer,1.0,110.1428,0.0,127.3781,127.3781,110.1428,84.4817,8.5564,24.4982,901
2016-05-03 14:00:00,116.32,transfer,1.0,108.0804,0.0,118.7588,118.7588,108.0804,84.4817,8.3834,24.344,902
2016-05-03 15:00:00,117.68,transfer,1.0,104.4238,0.0,111.5802,111.5802,104.4238,84.4817,8.192,24.173,903
2016-05-03 16:00:00,108.06,transfer,1.0,98.9681,0.0,113.205,113.205,98.9681,84.4817,8.0489,24.0283,904
2016-05-03 17:00:00,95.48,transfer,1.0,91.5447,0.0,93.1611,93.1611,91.5447,84.4817,7.9409,23.8905,905
2016-05-03 18:00:00,71.92,transfer,1.0,82.3935,0.0,80.3581,80.3581,82.3935,84.4817,7.9349,23.9264,906
2016-05-03 19:00:00,67.01,transfer,1.0,71.23,0.0,77.1787,77.1787,71.23,84.4817,7.9251,23.9551,907
2016-05-03 20:00:00,63.14,transfer,1.0,64.909,0.0,67.1671,67.1671,64.909,84.4817,7.8819,24.0344,908
2016-05-03 21:00:00,51.34,transfer,1.0,62.0091,0.0,75.1352,75.1352,62.0091,84.4817,7.8916,24.0463,909
2016-05-03 22:00:00,52.8,transfer,1.0,59.3333,0.0,68.1902,68.1902,59.3333,84.4817,7.8898,24.0497,910
2016-05-03 23:00:00,51.56,transfer,1.0,57.8806,0.0,54.4588,54.4588,57.8806,84.4817,7.8894,24.0525,911
2016-05-04 00:00:00,51.3,transfer,1.0,57.4797,0.0,62.3813,62.3813,57.4797,84.4817,7.8916,24.0548,912
2016-05-04 01:00:00,50.85,transfer,1.0,57.5397,0.0,57.8406,57.8406,57.5397,84.4817,7.9021,24.0638,913
2016-05-04 02:00:00,50.82,transfer,1.0,58.9051,0.0,56.9316,56.9316,58.9051,84.4817,7.9085,24.0666,914
2016-05-04 03:00:00,50.95,transfer,1.0,62.5559,0.0,60.9812,60.9812,62.5559,84.4817,7.916,24.0684,915
2016-05-04 04:00:00,63.66,transfer,1.0,69.5777,0.0,77.0893,77.0893,69.5777,84.4817,7.8995,24.1382,916
2016-05-04 05:00:00,64.95,transfer,1.0,82.7372,0.0,79.8814,79.8814,82.7372,84.4817,8.0003,24.2172,917
2016-05-04 06:00:00,62.59,transfer,1.0,98.0871,0.0,106.4698,106.4698,98.0871,84.4817,8.0536,24.2513,918
2016-05-04 07:00:00,82.13,transfer,1.0,106.584,0.0,102.6354,102.6354,106.584,84.4817,8.1034,24.2265,919
2016-05-04 08:00:00,102.42,transfer,1.0,111.6694,0.0,129.0081,129.0081,111.6694,84.4817,8.1018,24.2193,920
2016-05-04 09:00:00,113.05,transfer,1.0,113.7207,0.0,112.429,112.429,113.7207,84.4817,8.0606,24.2476,921
2016-05-04 10:00:00,113.39,transfer,1.0,113.2866,0.0,108.5616,108.5616,113.2866,84.4817,8.0264,24.2669,922
2016-05-04 11:00:00,112.19,transfer,1.0,111.4511,0.0,109.1794,109.1794,111.4511,84.4817,8.0171,24.2654,923
2016-05-04 12:00:00,106.58,transfer,1.0,108.3293,0.0,110.2921,110.2921,108.3293,84.4817,7.9714,24.2877,924
2016-05-04 13:00:00,99.81,transfer,1.0,102.8168,0.0,95.1249,95.1249,102.8168,84.4817,7.9494,24.2762,925
2016-05-04 14:00:00,106.81,transfer,1.0,94.6714,0.0,95.6344,95.6344,94.6714,84.4817,7.9887,24.2725,926
2016-05-04 15:00:00,101.8,transfer,1.0,85.2908,0.0,78.3433,78.3433,85.2908,84.4817,8.0245,24.2517,927
2016-05-04 16:00:00,92.53,transfer,1.0,77.8091,0.0,70.1349,70.1349,77.8091,84.4817,8.0675,24.2415,928
2016-05-04 17:00:00,83.9,transfer,1.0,71.212,0.0,75.3858,75.3858,71.212,84.4817,8.0968,24.2369,929
2016-05-04 18:00:00,60.63,transfer,1.0,65.0713,0.0,72.5278,72.5278,65.0713,84.4817,8.0855,24.25,930
2016-05-04 19:00:00,54.55,transfer,1.0,60.4661,0.0,63.6187,63.6187,60.4661,84.4817,8.1036,24.2798,931
2016-05-04 20:00:00,53.62,transfer,1.0,57.9655,0.0,63.8733,63.8733,57.9655,84.4817,8.1123,24.33,932
2016-05-04 21:00:00,49.26,transfer,1.0,56.4958,0.0,64.148,64.148,56.4958,84.4817,8.1218,24.3465,933
2016-05-04 22:00:00,50.37,transfer,1.0,55.5084,0.0,61.4965,61.4965,55.5084,84.4817,8.127,24.3594,934
2016-05-04 23:00:00,49.14,transfer,1.0,55.1607,0.0,60.6735,60.6735,55.1607,84.4817,8.134,24.3733,935
2016-05-05 00:00:00,48.74,transfer,1.0,55.5035,0.0,48.9866,48.9866,55.5035,84.4817,8.1421,24.3864,936
2016-05-05 01:00:00,48.53,transfer,1.0,56.3615,0.0,47.2811,47.2811,56.3615,84.4817,8.1514,24.3984,937
2016-05-05 02:00:00,48.58,transfer,1.0,58.5025,0.0,57.1899,57.1899,58.5025,84.4817,8.1624,24.4105,938
2016-05-05 03:00:00,48.67,transfer,1.0,62.8922,0.0,55.0076,55.0076,62.8922,84.4817,8.1787,24.4225,939
2016-05-05 04:00:00,64.82,transfer,1.0,70.5273,0.0,57.3265,57.3265,70.5273,84.4817,8.1763,24.4082,940
2016-05-05 05:00:00,68.01,transfer,1.0,82.8944,0.0,81.5767,81.5767,82.8944,84.4817,8.2136,24.4258,941
2016-05-05 06:00:00,66.13,transfer,1.0,98.3894,0.0,89.2989,89.2989,98.3894,84.4817,8.2646,24.4498,942
2016-05-05 07:00:00,84.04,transfer,1.0,106.9038,0.0,82.4787,82.4787,106.9038,84.4817,8.2959,24.4445,943
2016-05-05 08:00:00,104.57,transfer,1.0,111.0729,0.0,110.7006,110.7006,111.0729,84.4817,8.2963,24.4503,944
2016-05-05 09:00:00,109.83,transfer,1.0,112.2677,0.0,118.5381,118.5381,112.2677,84.4817,8.2796,24.4664,945
2016-05-05 10:00:00,107.33,transfer,1.0,110.6925,0.0,111.3249,111.3249,110.6925,84.4817,8.2816,24.4698,946
2016-05-05 11:00:00,106.98,transfer,1.0,106.239,0.0,98.2239,98.2239,106.239,84.4817,8.2559,24.517,947
2016-05-05 12:00:00,102.14,transfer,1.0,99.2203,0.0,115.2854,115.2854,99.2203,84.4817,8.2689,24.5553,948
2016-05-05 13:00:00,99.47,transfer,1.0,91.7461,0.0,88.3497,88.3497,91.7461,84.4817,8.2619,24.5653,949
2016-05-05 14:00:00,102.34,transfer,1.0,83.852,0.0,81.0348,81.0348,83.852,84.4817,8.2391,24.553,950
2016-05-05 15:00:00,95.81,transfer,1.0,77.7358,0.0,86.256,86.256,77.7358,84.4817,8.2217,24.5394,951
2016-05-05 16:00:00,85.8,transfer,1.0,72.0569,0.0,77.0927,77.0927,72.0569,84.4817,8.2028,24.515,952
2016-05-05 17:00:00,81.21,transfer,1.0,66.7438,0.0,55.21,55.21,66.7438,84.4817,8.2288,24.4961,953
2016-05-05 18:00:00,64.86,transfer,1.0,62.0968,0.0,56.7523,56.7523,62.0968,84.4817,8.2234,24.4643,954
2016-05-05 19:00:00,59.08,transfer,1.0,58.7698,0.0,51.0679,51.0679,58.7698,84.4817,8.2242,24.4639,955
2016-05-05 20:00:00,59.63,transfer,1.0,57.2174,0.0,64.5216,64.5216,57.2174,84.4817,8.2222,24.4655,956
2016-05-05 21:00:00,51.02,transfer,1.0,56.304,0.0,42.4288,42.4288,56.304,84.4817,8.2165,24.4598,957
2016-05-05 22:00:00,51.67,transfer,1.0,55.8525,0.0,62.4057,62.4057,55.8525,84.4817,8.2095,24.4529,958
2016-05-05 23:00:00,50.53,transfer,1.0,55.8047,0.0,51.211,51.211,55.8047,84.4817,8.2039,24.4472,959
2016-05-06 00:00:00,49.78,transfer,1.0,56.4486,0.0,57.2694,57.2694,56.4486,84.4817,8.1993,24.4433,960
2016-05-06 01:00:00,50.02,transfer,1.0,57.907,0.0,65.1773,65.1773,57.907,84.4817,8.1904,24.437,961
2016-05-06 02:00:00,49.65,transfer,1.0,60.65,0.0,47.3135,47.3135,60.65,84.4817,8.1816,24.4333,962
2016-05-06 03:00:00,50.31,transfer,1.0,65.3175,0.0,67.846,67.846,65.3175,84.4817,8.1677,24.4268,963
2016-05-06 04:00:00,63.64,transfer,1.0,72.5182,0.0,78.5178,78.5178,72.5182,84.4817,8.1626,24.428,964
2016-05-06 05:00:00,68.42,transfer,1.0,83.8181,0.0,76.8437,76.8437,83.8181,84.4817,8.1766,24.4427,965
2016-05-06 06:00:00,67.8,transfer,1.0,96.1226,0.0,102.0391,102.0391,96.1226,84.4817,8.1835,24.4471,966
2016-05-06 07:00:00,67.26,transfer,1.0,102.4548,0.0,118.6119,118.6119,102.4548,84.4817,8.2903,24.5422,967
2016-05-06 08:00:00,70.37,transfer,1.0,106.2144,0.0,103.54,103.54,106.2144,84.4817,8.4906,24.5042,968
2016-05-06 09:00:00,70.55,transfer,1.0,104.3246,0.0,96.6835,96.6835,104.3246,84.4817,8.6915,24.4392,969
2016-05-06 10:00:00,73.81,transfer,1.0,93.6916,0.0,86.2403,86.2403,93.6916,84.4817,8.7808,24.3293,970
2016-05-06 11:00:00,72.66,transfer,1.0,81.3616,0.0,79.6516,79.6516,81.3616,84.4817,8.8076,24.2484,971
2016-05-06 12:00:00,74.45,transfer,1.0,73.4851,0.0,84.5988,84.5988,73.4851,84.4817,8.8091,24.2129,972
2016-05-06 13:00:00,78.77,transfer,1.0,67.872,0.0,70.9839,70.9839,67.872,84.4816,8.8326,24.1446,973
2016-05-06 14:00:00,79.76,transfer,1.0,64.865,0.0,59.3105,59.3105,64.865,84.4817,8.8327,24.0698,974
2016-05-06 15:00:00,80.26,transfer,1.0,63.1619,0.0,65.394,65.394,63.1619,84.4817,8.8606,24.0473,975
2016-05-06 16:00:00,72.0,transfer,1.0,61.3588,0.0,55.3797,55.3797,61.3588,84.4817,8.9007,24.0808,976
2016-05-06 17:00:00,66.55,transfer,1.0,59.6058,0.0,59.4351,59.4351,59.6058,84.4817,8.9059,24.1234,977
2016-05-06 18:00:00,51.55,transfer,1.0,57.9868,0.0,56.7957,56.7957,57.9868,84.4817,8.9385,24.1814,978
2016-05-06 19:00:00,50.11,transfer,1.0,56.537,0.0,43.3001,43.3001,56.537,84.4817,8.9672,24.2431,979
2016-05-06 20:00:00,54.24,transfer,1.0,55.768,0.0,58.6199,58.6199,55.768,84.4817,8.9506,24.2885,980
2016-05-06 21:00:00,52.17,transfer,1.0,55.4532,0.0,50.9226,50.9226,55.4532,84.4817,8.9388,24.2859,981
2016-05-06 22:00:00,53.53,transfer,1.0,55.6179,0.0,60.8268,60.8268,55.6179,84.4817,8.923,24.2769,982
2016-05-06 23:00:00,52.35,transfer,1.0,56.4327,0.0,59.0221,59.0221,56.4327,84.4817,8.912,24.2678,983
2016-05-07 00:00:00,52.05,transfer,1.0,57.7949,0.0,62.7611,62.7611,57.7949,84.4817,8.9055,24.259,984
2016-05-07 01:00:00,51.79,transfer,1.0,58.25,0.0,66.5384,66.5384,58.25,84.4817,8.9015,24.2514,985
2016-05-07 02:00:00,51.43,transfer,1.0,58.794,0.0,59.4046,59.4046,58.794,84.4817,8.8987,24.2453,986
2016-05-07 03:00:00,51.78,transfer,1.0,59.6027,0.0,44.4564,44.4564,59.6027,84.4817,8.8951,24.2397,987
2016-05-07 04:00:00,66.57,transfer,1.0,60.6716,0.0,67.6662,67.6662,60.6716,84.4817,8.9084,24.2287,988
2016-05-07 05:00:00,74.3,transfer,1.0,63.5807,0.0,57.8937,57.8937,63.5807,84.4817,8.9163,24.2229,989
2016-05-07 06:00:00,64.9,transfer,1.0,68.2034,0.0,63.3604,63.3604,68.2034,84.4817,8.9286,24.2497,990
2016-05-07 07:00:00,62.81,transfer,1.0,72.6134,0.0,76.358,76.358,72.6134,84.4817,8.942,24.2608,991
2016-05-07 08:00:00,63.32,transfer,1.0,73.3023,0.0,80.6396,80.6396,73.3023,84.4817,8.9326,24.259,992
2016-05-07 09:00:00,66.54,transfer,1.0,69.3173,0.0,66.651,66.651,69.3173,84.4817,8.8938,24.2367,993
2016-05-07 10:00:00,65.73,transfer,1.0,65.4409,0.0,71.4944,71.4944,65.4409,84.4817,8.8723,24.2274,994
2016-05-07 11:00:00,60.85,transfer,1.0,63.5418,0.0,58.4955,58.4955,63.5418,84.4817,8.8702,24.2705,995
2016-05-07 12:00:00,59.94,transfer,1.0,62.1197,0.0,54.8454,54.8454,62.1197,84.4817,8.8609,24.3111,996
2016-05-07 13:00:00,60.76,transfer,1.0,60.5578,0.0,66.3715,66.3715,60.5578,84.4817,8.8574,24.3222,997
2016-05-07 14:00:00,59.42,transfer,1.0,59.2211,0.0,61.0875,61.0875,59.2211,84.4817,8.8571,24.3314,998
2016-05-07 15:00:00,59.72,transfer,1.0,58.1038,0.0,57.9529,57.9529,58.1038,84.4817,8.863,24.3325,999
2016-05-07 16:00:00,59.13,transfer,1.0,57.147,0.0,54.3414,54.3414,57.147,84.4817,8.8609,24.3387,1000
2016-05-07 17:00:00,61.01,transfer,1.0,56.327,0.0,57.2722,57.2722,56.327,84.4817,8.8781,24.3235,1001
2016-05-07 18:00:00,51.57,transfer,1.0,55.6217,0.0,55.7402,55.7402,55.6217,84.4817,8.8571,24.3039,1002
2016-05-07 19:00:00,49.71,transfer,1.0,55.0668,0.0,54.0964,54.0964,55.0668,84.4817,8.8614,24.3082,1003
2016-05-07 20:00:00,54.38,transfer,1.0,55.0032,0.0,50.715,50.715,55.0032,84.4817,8.8571,24.3189,1004
2016-05-07 21:00:00,52.27,transfer,1.0,54.9715,0.0,56.3732,56.3732,54.9715,84.4817,8.8464,24.3067,1005
2016-05-07 22:00:00,53.2,transfer,1.0,55.3229,0.0,57.3819,57.3819,55.3229,84.4817,8.8352,24.2932,1006
2016-05-07 23:00:00,52.08,transfer,1.0,55.8567,0.0,51.78,51.78,55.8567,84.4817,8.8278,24.2814,1007
2016-05-08 00:00:00,51.87,transfer,1.0,56.5262,0.0,62.9267,62.9267,56.5262,84.4817,8.8218,24.2694,1008
2016-05-08 01:00:00,51.62,transfer,1.0,57.7076,0.0,49.5482,49.5482,57.7076,84.4817,8.8211,24.2608,1009
2016-05-08 02:00:00,51.62,transfer,1.0,59.2183,0.0,65.0546,65.0546,59.2183,84.4817,8.8198,24.2495,1010
2016-05-08 03:00:00,51.99,transfer,1.0,61.0587,0.0,59.4953,59.4953,61.0587,84.4817,8.8217,24.238,1011
2016-05-08 04:00:00,63.75,transfer,1.0,62.8568,0.0,62.7019,62.7019,62.8568,84.4817,8.814,24.2326,1012
2016-05-08 05:00:00,69.54,transfer,1.0,66.0131,0.0,66.8172,66.8172,66.0131,84.4817,8.8209,24.2061,1013
2016-05-08 06:00:00,62.98,transfer,1.0,70.362,0.0,76.1214,76.1214,70.362,84.4817,8.8435,24.1981,1014
2016-05-08 07:00:00,59.06,transfer,1.0,74.4559,0.0,81.1261,81.1261,74.4559,84.4817,8.8726,24.1855,1015
2016-05-08 08:00:00,59.38,transfer,1.0,75.466,0.0,68.0049,68.0049,75.466,84.4817,8.9024,24.1711,1016
2016-05-08 09:00:00,59.46,transfer,1.0,71.8339,0.0,77.5223,77.5223,71.8339,84.4817,8.9243,24.1518,1017
2016-05-08 10:00:00,60.7,transfer,1.0,67.1077,0.0,77.0848,77.0848,67.1077,84.4817,8.9252,24.1263,1018
2016-05-08 11:00:00,59.28,transfer,1.0,63.7017,0.0,69.1834,69.1834,63.7017,84.4817,8.9171,24.1014,1019
2016-05-08 12:00:00,58.05,transfer,1.0,61.7452,0.0,51.4769,51.4769,61.7452,84.4817,8.9088,24.0812,1020
2016-05-08 13:00:00,60.3,transfer,1.0,60.4958,0.0,59.8847,59.8847,60.4958,84.4817,8.8847,24.0494,1021
2016-05-08 14:00:00,62.59,transfer,1.0,59.6678,0.0,57.5796,57.5796,59.6678,84.4817,8.8751,23.9986,1022
2016-05-08 15:00:00,63.1,transfer,1.0,59.106,0.0,55.7542,55.7542,59.106,84.4817,8.8733,23.9422,1023
2016-05-08 16:00:00,64.18,transfer,1.0,58.6622,0.0,52.766,52.766,58.6622,84.4817,8.8912,23.8856,1024
2016-05-08 17:00:00,63.62,transfer,1.0,58.1259,0.0,51.8672,51.8672,58.1259,84.4817,8.9097,23.8287,1025
2016-05-08 18:00:00,50.23,transfer,1.0,57.7444,0.0,57.1844,57.1844,57.7444,84.4817,8.8784,23.7859,1026
2016-05-08 19:00:00,49.3,transfer,1.0,57.2951,0.0,64.1273,64.1273,57.2951,84.4817,8.8599,23.7529,1027
2016-05-08 20:00:00,52.99,transfer,1.0,57.193,0.0,62.9261,62.9261,57.193,84.4817,8.8566,23.734,1028
2016-05-08 21:00:00,51.58,transfer,1.0,56.9985,0.0,61.1882,61.1882,56.9985,84.4817,8.8658,23.7272,1029
2016-05-08 22:00:00,52.99,transfer,1.0,57.177,0.0,57.1118,57.1118,57.177,84.4817,8.869,23.7145,1030
2016-05-08 23:00:00,52.07,transfer,1.0,57.4515,0.0,55.922,55.922,57.4515,84.4817,8.8726,23.703,1031
2016-05-09 00:00:00,51.86,transfer,1.0,57.8623,0.0,60.4175,60.4175,57.8623,84.4817,8.8733,23.6897,1032
2016-05-09 01:00:00,51.82,transfer,1.0,60.1206,0.0,63.2635,63.2635,60.1206,84.4817,8.8752,23.6773,1033
2016-05-09 02:00:00,51.76,transfer,1.0,64.2812,0.0,64.3011,64.3011,64.2812,84.4817,8.8827,23.6645,1034
2016-05-09 03:00:00,51.92,transfer,1.0,69.9527,0.0,65.4265,65.4265,69.9527,84.4817,8.8968,23.6538,1035
2016-05-09 04:00:00,60.73,transfer,1.0,76.728,0.0,82.0185,82.0185,76.728,84.4817,8.9397,23.6696,1036
2016-05-09 05:00:00,62.16,transfer,1.0,84.625,0.0,99.5513,99.5513,84.625,84.4817,9.0136,23.7187,1037
2016-05-09 06:00:00,57.59,transfer,1.0,92.1274,0.0,92.3952,92.3952,92.1274,84.4817,9.0725,23.7654,1038
2016-05-09 07:00:00,72.2,transfer,1.0,95.1587,0.0,99.9821,99.9821,95.1587,84.4817,9.1213,23.8215,1039
2016-05-09 08:00:00,89.91,transfer,1.0,96.7855,0.0,95.0671,95.0671,96.7855,84.4817,9.1613,23.7601,1040
2016-05-09 09:00:00,90.39,transfer,1.0,99.2493,0.0,79.8513,79.8513,99.2493,84.4817,9.2102,23.6786,1041
2016-05-09 10:00:00,89.43,transfer,1.0,98.0809,0.0,91.8864,91.8864,98.0809,84.4817,9.2521,23.6035,1042
2016-05-09 11:00:00,91.96,transfer,1.0,92.0335,0.0,83.4924,83.4924,92.0335,84.4817,9.2207,23.5213,1043
2016-05-09 12:00:00,88.07,transfer,1.0,83.7665,0.0,78.5544,78.5544,83.7665,84.4817,9.191,23.4303,1044
2016-05-09 13:00:00,83.57,transfer,1.0,77.1473,0.0,75.9769,75.9769,77.1473,84.4817,9.1356,23.3249,1045
2016-05-09 14:00:00,85.3,transfer,1.0,72.1672,0.0,74.6959,74.6959,72.1672,84.4817,9.0358,23.1749,1046
2016-05-09 15:00:00,83.17,transfer,1.0,68.2606,0.0,60.401,60.401,68.2606,84.4817,8.9115,23.0195,1047
2016-05-09 16:00:00,73.11,transfer,1.0,64.9793,0.0,65.6722,65.6722,64.9793,84.4817,8.7505,22.9495,1048
2016-05-09 17:00:00,68.51,transfer,1.0,62.1075,0.0,63.3665,63.3665,62.1075,84.4817,8.5922,22.9404,1049
2016-05-09 18:00:00,55.38,transfer,1.0,59.207,0.0,49.5747,49.5747,59.207,84.4817,8.5753,23.0402,1050
2016-05-09 19:00:00,49.32,transfer,1.0,56.8,0.0,55.8973,55.8973,56.8,84.4817,8.5475,23.1867,1051
2016-05-09 20:00:00,49.25,transfer,1.0,55.6915,0.0,44.2728,44.2728,55.6915,84.4817,8.5015,23.3299,1052
2016-05-09 21:00:00,47.69,transfer,1.0,54.84,0.0,51.5211,51.5211,54.84,84.4817,8.5388,23.4079,1053
2016-05-09 22:00:00,48.47,transfer,1.0,54.1261,0.0,55.2862,55.2862,54.1261,84.4817,8.5576,23.4782,1054
2016-05-09 23:00:00,47.57,transfer,1.0,53.9327,0.0,57.3434,57.3434,53.9327,84.4817,8.5641,23.5681,1055
2016-05-10 00:00:00,47.53,transfer,1.0,54.2658,0.0,55.1613,55.1613,54.2658,84.4817,8.596,23.6369,1056
2016-05-10 01:00:00,47.0,transfer,1.0,55.2338,0.0,47.9733,47.9733,55.2338,84.4817,8.6448,23.7088,1057
2016-05-10 02:00:00,46.83,transfer,1.0,57.2265,0.0,67.5787,67.5787,57.2265,84.4817,8.6934,23.7818,1058
2016-05-10 03:00:00,47.06,transfer,1.0,60.345,0.0,69.4391,69.4391,60.345,84.4817,8.736,23.8532,1059
2016-05-10 04:00:00,57.45,transfer,1.0,64.8992,0.0,75.7402,75.7402,64.8992,84.4817,8.7762,23.9419,1060
2016-05-10 05:00:00,61.46,transfer,1.0,73.0621,0.0,74.5592,74.5592,73.0621,84.4817,8.7797,24.0115,1061
2016-05-10 06:00:00,58.74,transfer,1.0,83.428,0.0,75.3532,75.3532,83.428,84.4817,8.7414,24.0552,1062
2016-05-10 07:00:00,79.42,transfer,1.0,91.1778,0.0,81.2128,81.2128,91.1778,84.4817,8.7397,24.0365,1063
2016-05-10 08:00:00,101.78,transfer,1.0,98.4093,0.0,88.7605,88.7605,98.4093,84.4817,8.7545,23.9955,1064
2016-05-10 09:00:00,108.31,transfer,1.0,104.1226,0.0,95.3305,95.3305,104.1226,84.4817,8.7779,23.9671,1065
2016-05-10 10:00:00,107.03,transfer,1.0,105.4739,0.0,123.5362,123.5362,105.4739,84.4817,8.7714,23.9089,1066
2016-05-10 11:00:00,106.36,transfer,1.0,103.4561,0.0,123.4408,123.4408,103.4561,84.4817,8.7287,23.8076,1067
2016-05-10 12:00:00,100.96,transfer,1.0,98.9622,0.0,87.8984,87.8984,98.9622,84.4817,8.6479,23.6496,1068
2016-05-10 13:00:00,96.43,transfer,1.0,92.684,0.0,91.3684,91.3684,92.684,84.4817,8.6343,23.5321,1069
2016-05-10 14:00:00,104.13,transfer,1.0,84.5819,0.0,87.0222,87.0222,84.5819,84.4817,8.7016,23.4595,1070
2016-05-10 15:00:00,94.91,transfer,1.0,77.3985,0.0,70.5285,70.5285,77.3985,84.4817,8.7269,23.324,1071
2016-05-10 16:00:00,88.9,transfer,1.0,72.5784,0.0,82.8889,82.8889,72.5784,84.4817,8.77,23.2099,1072
2016-05-10 17:00:00,75.7,transfer,1.0,66.614,0.0,63.164,63.164,66.614,84.4817,8.8006,23.1967,1073
2016-05-10 18:00:00,56.66,transfer,1.0,62.0294,0.0,66.2396,66.2396,62.0294,84.4817,8.7702,23.2876,1074
2016-05-10 19:00:00,51.38,transfer,1.0,58.2067,0.0,66.2834,66.2834,58.2067,84.4817,8.7857,23.3806,1075
2016-05-10 20:00:00,51.13,transfer,1.0,56.2019,0.0,55.6308,55.6308,56.2019,84.4817,8.8054,23.4521,1076
2016-05-10 21:00:00,48.11,transfer,1.0,54.9678,0.0,72.1213,72.1213,54.9678,84.4817,8.7827,23.4713,1077
2016-05-10 22:00:00,48.54,transfer,1.0,54.1103,0.0,47.8472,47.8472,54.1103,84.4817,8.777,23.4967,1078
2016-05-10 23:00:00,47.34,transfer,1.0,53.7798,0.0,52.976,52.976,53.7798,84.4817,8.7777,23.5218,1079
2016-05-11 00:00:00,47.23,transfer,1.0,53.9028,0.0,45.7767,45.7767,53.9028,84.4817,8.7806,23.546,1080
2016-05-11 01:00:00,47.32,transfer,1.0,54.399,0.0,50.4073,50.4073,54.399,84.4817,8.7829,23.567,1081
2016-05-11 02:00:00,47.14,transfer,1.0,55.7792,0.0,58.8321,58.8321,55.7792,84.4817,8.7862,23.5889,1082
2016-05-11 03:00:00,47.4,transfer,1.0,58.3314,0.0,56.1036,56.1036,58.3314,84.4817,8.7822,23.6101,1083
2016-05-11 04:00:00,60.89,transfer,1.0,62.9569,0.0,60.0976,60.0976,62.9569,84.4817,8.7593,23.6266,1084
2016-05-11 05:00:00,62.61,transfer,1.0,71.9372,0.0,80.6946,80.6946,71.9372,84.4817,8.709,23.6405,1085
2016-05-11 06:00:00,58.58,transfer,1.0,85.7105,0.0,77.4417,77.4417,85.7105,84.4817,8.6592,23.6644,1086
2016-05-11 07:00:00,75.6,transfer,1.0,96.9935,0.0,84.881,84.881,96.9935,84.4817,8.6409,23.7032,1087
2016-05-11 08:00:00,102.63,transfer,1.0,104.8852,0.0,117.8143,117.8143,104.8852,84.4817,8.5993,23.7045,1088
2016-05-11 09:00:00,106.63,transfer,1.0,108.5622,0.0,114.3836,114.3836,108.5622,84.4817,8.6068,23.6663,1089
2016-05-11 10:00:00,105.4,transfer,1.0,108.6148,0.0,90.7093,90.7093,108.6148,84.4817,8.6253,23.6187,1090
2016-05-11 11:00:00,108.41,transfer,1.0,104.6342,0.0,114.0184,114.0184,104.6342,84.4817,8.6434,23.5962,1091
2016-05-11 12:00:00,108.84,transfer,1.0,98.2242,0.0,98.5555,98.5555,98.2242,84.4817,8.6962,23.6097,1092
2016-05-11 13:00:00,104.03,transfer,1.0,90.968,0.0,111.4428,111.4428,90.968,84.4817,8.756,23.6348,1093
2016-05-11 14:00:00,107.99,transfer,1.0,83.6836,0.0,79.9382,79.9382,83.6836,84.4817,8.8285,23.6418,1094
2016-05-11 15:00:00,102.7,transfer,1.0,77.9458,0.0,78.0802,78.0802,77.9458,84.4817,8.8775,23.6472,1095
2016-05-11 16:00:00,90.53,transfer,1.0,72.0245,0.0,69.8926,69.8926,72.0245,84.4816,8.9001,23.6353,1096
2016-05-11 17:00:00,80.25,transfer,1.0,66.5776,0.0,74.3998,74.3998,66.5776,84.4817,8.9059,23.657,1097
2016-05-11 18:00:00,62.49,transfer,1.0,62.0605,0.0,53.2505,53.2505,62.0605,84.4817,8.882,23.6459,1098
2016-05-11 19:00:00,56.11,transfer,1.0,58.3582,0.0,62.4981,62.4981,58.3582,84.4817,8.8602,23.6366,1099
2016-05-11 20:00:00,55.58,transfer,1.0,56.3487,0.0,56.5166,56.5166,56.3487,84.4817,8.8389,23.625,1100
2016-05-11 21:00:00,49.89,transfer,1.0,55.1065,0.0,50.0251,50.0251,55.1065,84.4817,8.8269,23.6212,1101
2016-05-11 22:00:00,50.59,transfer,1.0,54.4476,0.0,54.5529,54.5529,54.4476,84.4817,8.8193,23.6199,1102
2016-05-11 23:00:00,49.53,transfer,1.0,54.0679,0.0,55.7881,55.7881,54.0679,84.4817,8.8105,23.6176,1103
2016-05-12 00:00:00,49.31,transfer,1.0,54.326,0.0,66.0615,66.0615,54.326,84.4817,8.8001,23.6142,1104
2016-05-12 01:00:00,49.12,transfer,1.0,55.1906,0.0,61.0133,61.0133,55.1906,84.4817,8.7896,23.6107,1105
2016-05-12 02:00:00,49.07,transfer,1.0,57.0275,0.0,60.8618,60.8618,57.0275,84.4817,8.7779,23.6078,1106
2016-05-12 03:00:00,49.12,transfer,1.0,60.649,0.0,52.1154,52.1154,60.649,84.4817,8.7618,23.6051,1107
2016-05-12 04:00:00,60.2,transfer,1.0,67.1537,0.0,72.1957,72.1957,67.1537,84.4817,8.7693,23.6326,1108
2016-05-12 05:00:00,65.68,transfer,1.0,77.4568,0.0,80.0662,80.0662,77.4568,84.4817,8.7508,23.6464,1109
2016-05-12 06:00:00,57.64,transfer,1.0,90.4166,0.0,101.4316,101.4316,90.4166,84.4817,8.7538,23.697,1110
2016-05-12 07:00:00,80.75,transfer,1.0,100.1216,0.0,94.653,94.653,100.1216,84.4817,8.7331,23.7166,1111
2016-05-12 08:00:00,101.61,transfer,1.0,105.3499,0.0,98.3549,98.3549,105.3499,84.4817,8.7166,23.6989,1112
2016-05-12 09:00:00,106.29,transfer,1.0,108.5985,0.0,124.5452,124.5452,108.5985,84.4817,8.7158,23.6779,1113
2016-05-12 10:00:00,109.89,transfer,1.0,107.7163,0.0,123.3572,123.3572,107.7163,84.4817,8.7088,23.6931,1114
2016-05-12 11:00:00,109.11,transfer,1.0,103.2369,0.0,117.0289,117.0289,103.2369,84.4817,8.7393,23.7058,1115
2016-05-12 12:00:00,107.08,transfer,1.0,97.889,0.0,103.6432,103.6432,97.889,84.4817,8.7766,23.7352,1116
2016-05-12 13:00:00,98.71,transfer,1.0,92.0185,0.0,87.0903,87.0903,92.0185,84.4817,8.7705,23.7307,1117
2016-05-12 14:00:00,100.32,transfer,1.0,85.4687,0.0,74.4782,74.4782,85.4687,84.4817,8.7489,23.7186,1118
2016-05-12 15:00:00,99.18,transfer,1.0,78.2588,0.0,69.8194,69.8194,78.2588,84.4817,8.7658,23.7387,1119
2016-05-12 16:00:00,95.3,transfer,1.0,71.4534,0.0,79.6732,79.6732,71.4534,84.4817,8.8259,23.7953,1120
2016-05-12 17:00:00,77.64,transfer,1.0,66.1901,0.0,69.1646,69.1646,66.1901,84.4817,8.808,23.8165,1121
2016-05-12 18:00:00,58.53,transfer,1.0,62.2897,0.0,52.4974,52.4974,62.2897,84.4817,8.8139,23.8542,1122
2016-05-12 19:00:00,57.32,transfer,1.0,58.5372,0.0,67.7882,67.7882,58.5372,84.4817,8.8193,23.8647,1123
2016-05-12 20:00:00,53.82,transfer,1.0,56.3436,0.0,57.4458,57.4458,56.3436,84.4817,8.82,23.8992,1124
2016-05-12 21:00:00,48.62,transfer,1.0,55.1829,0.0,56.8271,56.8271,55.1829,84.4817,8.8276,23.9135,1125
2016-05-12 22:00:00,49.58,transfer,1.0,54.464,0.0,62.1092,62.1092,54.464,84.4817,8.8318,23.926,1126
2016-05-12 23:00:00,48.55,transfer,1.0,54.2458,0.0,54.8285,54.8285,54.2458,84.4817,8.8343,23.9378,1127
2016-05-13 00:00:00,48.16,transfer,1.0,54.7337,0.0,67.7039,67.7039,54.7337,84.4817,8.8337,23.9474,1128
2016-05-13 01:00:00,48.03,transfer,1.0,56.1312,0.0,57.107,57.107,56.1312,84.4817,8.835,23.9592,1129
2016-05-13 02:00:00,48.06,transfer,1.0,58.7172,0.0,60.6531,60.6531,58.7172,84.4817,8.8329,23.9687,1130
2016-05-13 03:00:00,48.49,transfer,1.0,63.2879,0.0,64.7724,64.7724,63.2879,84.4817,8.8317,23.9795,1131
2016-05-13 04:00:00,64.38,transfer,1.0,69.9169,0.0,65.0371,65.0371,69.9169,84.4817,8.8118,23.9751,1132
2016-05-13 05:00:00,64.5,transfer,1.0,79.752,0.0,70.5145,70.5145,79.752,84.4817,8.8109,23.9985,1133
2016-05-13 06:00:00,62.67,transfer,1.0,92.5238,0.0,103.7494,103.7494,92.5238,84.4817,8.82,24.029,1134
2016-05-13 07:00:00,85.57,transfer,1.0,99.895,0.0,114.9481,114.9481,99.895,84.4817,8.6958,23.933,1135
2016-05-13 08:00:00,106.06,transfer,1.0,103.8517,0.0,107.9432,107.9432,103.8517,84.4817,8.4956,23.9774,1136
2016-05-13 09:00:00,110.89,transfer,1.0,106.5258,0.0,109.2869,109.2869,106.5258,84.4817,8.3205,24.0517,1137
2016-05-13 10:00:00,111.98,transfer,1.0,105.75,0.0,99.9116,99.9116,105.75,84.4817,8.2393,24.1518,1138
2016-05-13 11:00:00,108.21,transfer,1.0,102.3944,0.0,105.2875,105.2875,102.3944,84.4817,8.2221,24.2227,1139
2016-05-13 12:00:00,110.74,transfer,1.0,96.8192,0.0,103.9307,103.9307,96.8192,84.4817,8.2992,24.3193,1140
2016-05-13 13:00:00,116.95,transfer,1.0,89.7574,0.0,73.0285,73.0285,89.7574,84.4817,8.3962,24.4786,1141
2016-05-13 14:00:00,121.41,transfer,1.0,84.2114,0.0,74.9018,74.9018,84.2114,84.4817,8.529,24.6703,1142
2016-05-13 15:00:00,106.34,transfer,1.0,79.8354,0.0,79.8405,79.8405,79.8354,84.4817,8.585,24.7753,1143
2016-05-13 16:00:00,95.41,transfer,1.0,75.9648,0.0,77.3275,77.3275,75.9648,84.4817,8.6374,24.766,1144
2016-05-13 17:00:00,88.31,transfer,1.0,69.8323,0.0,72.506,72.506,69.8323,84.4817,8.706,24.6821,1145
2016-05-13 18:00:00,67.54,transfer,1.0,63.7089,0.0,69.0918,69.0918,63.7089,84.4817,8.6905,24.5869,1146
2016-05-13 19:00:00,64.05,transfer,1.0,59.511,0.0,66.9171,66.9171,59.511,84.4817,8.6793,24.5039,1147
2016-05-13 20:00:00,69.98,transfer,1.0,57.3896,0.0,51.1994,51.1994,57.3896,84.4817,8.7451,24.4102,1148
2016-05-13 21:00:00,70.08,transfer,1.0,56.2316,0.0,54.5827,54.5827,56.2316,84.4817,8.808,24.3036,1149
2016-05-13 22:00:00,71.68,transfer,1.0,56.0049,0.0,52.2927,52.2927,56.0049,84.4817,8.8889,24.1956,1150
2016-05-13 23:00:00,70.7,transfer,1.0,56.7026,0.0,47.6631,47.6631,56.7026,84.4817,8.9479,24.0863,1151
2016-05-14 00:00:00,70.3,transfer,1.0,58.4657,0.0,59.9637,59.9637,58.4657,84.4817,8.9842,23.9777,1152
2016-05-14 01:00:00,69.79,transfer,1.0,59.3726,0.0,59.3444,59.3444,59.3726,84.4817,9.0077,23.8706,1153
2016-05-14 02:00:00,70.56,transfer,1.0,60.3992,0.0,55.7753,55.7753,60.3992,84.4817,9.0244,23.7567,1154
2016-05-14 03:00:00,70.5,transfer,1.0,62.1606,0.0,64.4401,64.4401,62.1606,84.4817,9.0274,23.6453,1155
2016-05-14 04:00:00,79.75,transfer,1.0,66.6122,0.0,71.6457,71.6457,66.6122,84.4817,9.0705,23.5668,1156
2016-05-14 05:00:00,76.85,transfer,1.0,72.4963,0.0,74.7996,74.7996,72.4963,84.4817,9.0326,23.5516,1157
2016-05-14 06:00:00,71.67,transfer,1.0,78.9448,0.0,66.545,66.545,78.9448,84.4817,9.0563,23.5113,1158
2016-05-14 07:00:00,72.09,transfer,1.0,83.1646,0.0,90.0771,90.0771,83.1646,84.4817,9.0638,23.4561,1159
2016-05-14 08:00:00,76.17,transfer,1.0,85.1677,0.0,76.2229,76.2229,85.1677,84.4817,9.058,23.3796,1160
2016-05-14 09:00:00,75.06,transfer,1.0,83.4299,0.0,77.5603,77.5603,83.4299,84.4817,9.0913,23.3289,1161
2016-05-14 10:00:00,78.75,transfer,1.0,79.8223,0.0,76.7848,76.7848,79.8223,84.4817,9.0959,23.2514,1162
2016-05-14 11:00:00,76.49,transfer,1.0,76.3861,0.0,75.5266,75.5266,76.3861,84.4817,9.0805,23.1583,1163
2016-05-14 12:00:00,75.02,transfer,1.0,73.8351,0.0,74.6936,74.6936,73.8351,84.4817,9.0746,23.0685,1164
2016-05-14 13:00:00,74.31,transfer,1.0,71.6982,0.0,67.109,67.109,71.6982,84.4817,9.0889,22.9879,1165
2016-05-14 14:00:00,69.96,transfer,1.0,69.9031,0.0,73.0002,73.0002,69.9031,84.4817,9.0881,22.9252,1166
2016-05-14 15:00:00,71.12,transfer,1.0,67.9362,0.0,67.278,67.278,67.9362,84.4817,9.0974,22.8573,1167
2016-05-14 16:00:00,69.88,transfer,1.0,65.5863,0.0,62.4711,62.4711,65.5863,84.4817,9.1112,22.7933,1168
2016-05-14 17:00:00,70.85,transfer,1.0,63.9686,0.0,63.7356,63.7356,63.9686,84.4817,9.1243,22.7347,1169
2016-05-14 18:00:00,58.15,transfer,1.0,63.2173,0.0,63.2027,63.2027,63.2173,84.4817,9.1303,22.6956,1170
2016-05-14 19:00:00,56.61,transfer,1.0,61.931,0.0,59.906,59.906,61.931,84.4817,9.1301,22.6545,1171
2016-05-14 20:00:00,60.93,transfer,1.0,61.2309,0.0,47.6897,47.6897,61.2309,84.4817,9.1282,22.6155,1172
2016-05-14 21:00:00,64.4,transfer,1.0,60.4339,0.0,65.5639,65.5639,60.4339,84.4817,9.1357,22.5433,1173
2016-05-14 22:00:00,65.08,transfer,1.0,60.3242,0.0,56.1083,56.1083,60.3242,84.4817,9.1514,22.4726,1174
2016-05-14 23:00:00,64.07,transfer,1.0,60.8312,0.0,60.5079,60.5079,60.8312,84.4817,9.1482,22.4012,1175
2016-05-15 00:00:00,63.82,transfer,1.0,61.592,0.0,61.759,61.759,61.592,84.4817,9.1337,22.3301,1176
2016-05-15 01:00:00,63.69,transfer,1.0,62.8198,0.0,67.2625,67.2625,62.8198,84.4817,9.1027,22.2582,1177
2016-05-15 02:00:00,61.03,transfer,1.0,64.2362,0.0,60.0917,60.0917,64.2362,84.4817,9.0765,22.2022,1178
2016-05-15 03:00:00,54.47,transfer,1.0,65.9798,0.0,69.8217,69.8217,65.9798,84.4817,9.0911,22.1875,1179
2016-05-15 04:00:00,65.27,transfer,1.0,67.3818,0.0,67.8762,67.8762,67.3818,84.4817,9.0983,22.1784,1180
2016-05-15 05:00:00,64.74,transfer,1.0,68.7428,0.0,65.9149,65.9149,68.7428,84.4817,9.1011,22.207,1181
2016-05-15 06:00:00,59.01,transfer,1.0,71.0485,0.0,72.5971,72.5971,71.0485,84.4817,9.1289,22.2306,1182
2016-05-15 07:00:00,55.12,transfer,1.0,73.25,0.0,61.4424,61.4424,73.25,84.4817,9.1451,22.2541,1183
2016-05-15 08:00:00,55.12,transfer,1.0,73.9683,0.0,80.9103,80.9103,73.9683,84.4817,9.1616,22.2794,1184
2016-05-15 09:00:00,55.5,transfer,1.0,70.6145,0.0,59.1619,59.1619,70.6145,84.4817,9.1779,22.303,1185
2016-05-15 10:00:00,56.12,transfer,1.0,67.4439,0.0,61.4616,61.4616,67.4439,84.4817,9.2072,22.3303,1186
2016-05-15 11:00:00,56.76,transfer,1.0,65.9718,0.0,70.3866,70.3866,65.9718,84.4817,9.2357,22.3453,1187
2016-05-15 12:00:00,55.98,transfer,1.0,65.1113,0.0,70.542,70.542,65.1113,84.4817,9.268,22.3576,1188
2016-05-15 13:00:00,54.18,transfer,1.0,64.7259,0.0,70.7524,70.7524,64.7259,84.4817,9.3296,22.394,1189
2016-05-15 14:00:00,54.49,transfer,1.0,64.1269,0.0,61.8177,61.8177,64.1269,84.4817,9.3696,22.4422,1190
2016-05-15 15:00:00,57.22,transfer,1.0,63.2551,0.0,55.5979,55.5979,63.2551,84.4817,9.3818,22.4772,1191
2016-05-15 16:00:00,57.22,transfer,1.0,62.6273,0.0,59.5438,59.5438,62.6273,84.4817,9.3811,22.5187,1192
2016-05-15 17:00:00,56.0,transfer,1.0,61.932,0.0,53.8617,53.8617,61.932,84.4817,9.3837,22.564,1193
2016-05-15 18:00:00,46.71,transfer,1.0,61.2785,0.0,53.4249,53.4249,61.2785,84.4817,9.4257,22.585,1194
2016-05-15 19:00:00,45.74,transfer,1.0,59.7404,0.0,63.6738,63.6738,59.7404,84.4817,9.4614,22.6062,1195
2016-05-15 20:00:00,52.02,transfer,1.0,59.1259,0.0,59.6072,59.6072,59.1259,84.4817,9.4787,22.6119,1196
2016-05-15 21:00:00,54.75,transfer,1.0,58.5472,0.0,58.8673,58.8673,58.5472,84.4817,9.4691,22.5931,1197
2016-05-15 22:00:00,55.64,transfer,1.0,58.5426,0.0,53.9689,53.9689,58.5426,84.4817,9.4614,22.5773,1198
2016-05-15 23:00:00,54.6,transfer,1.0,58.8118,0.0,62.0586,62.0586,58.8118,84.4817,9.4545,22.5622,1199
2016-05-16 00:00:00,54.42,transfer,1.0,59.061,0.0,62.1962,62.1962,59.061,84.4817,9.4464,22.547,1200
2016-05-16 01:00:00,54.37,transfer,1.0,61.1086,0.0,46.2263,46.2263,61.1086,84.4817,9.4371,22.5318,1201
2016-05-16 02:00:00,54.33,transfer,1.0,64.807,0.0,66.4252,66.4252,64.807,84.4817,9.4249,22.5165,1202
2016-05-16 03:00:00,54.67,transfer,1.0,70.1387,0.0,80.4309,80.4309,70.1387,84.4817,9.4096,22.5002,1203
2016-05-16 04:00:00,66.22,transfer,1.0,76.6264,0.0,82.0374,82.0374,76.6264,84.4817,9.3763,22.4675,1204
2016-05-16 05:00:00,67.33,transfer,1.0,84.3994,0.0,84.3984,84.3984,84.3994,84.4817,9.3442,22.4367,1205
2016-05-16 06:00:00,59.75,transfer,1.0,92.3619,0.0,97.9116,97.9116,92.3619,84.4817,9.3328,22.4238,1206
2016-05-16 07:00:00,85.22,transfer,1.0,96.3692,0.0,95.14,95.14,96.3692,84.4817,9.2625,22.3551,1207
2016-05-16 08:00:00,105.79,transfer,1.0,99.1598,0.0,108.3705,108.3705,99.1598,84.4817,9.261,22.4497,1208
2016-05-16 09:00:00,109.72,transfer,1.0,104.7438,0.0,117.5771,117.5771,104.7438,84.4817,9.2379,22.5647,1209
2016-05-16 10:00:00,104.95,transfer,1.0,106.8919,0.0,106.0832,106.0832,106.8919,84.4817,9.198,22.6571,1210
2016-05-16 11:00:00,106.73,transfer,1.0,105.3576,0.0,101.775,101.775,105.3576,84.4817,9.2057,22.745,1211
2016-05-16 12:00:00,106.94,transfer,1.0,100.7789,0.0,96.0185,96.0185,100.7789,84.4817,9.2168,22.8573,1212
2016-05-16 13:00:00,101.53,transfer,1.0,94.6724,0.0,86.1439,86.1439,94.6724,84.4817,9.2193,22.9534,1213
2016-05-16 14:00:00,107.5,transfer,1.0,88.1185,0.0,99.1685,99.1685,88.1185,84.4817,9.2565,23.0855,1214
2016-05-16 15:00:00,103.51,transfer,1.0,81.5032,0.0,73.1594,73.1594,81.5032,84.4817,9.2988,23.191,1215
2016-05-16 16:00:00,90.23,transfer,1.0,76.7955,0.0,57.2161,57.2161,76.7955,84.4817,9.3304,23.1575,1216
2016-05-16 17:00:00,83.78,transfer,1.0,71.1214,0.0,69.3312,69.3312,71.1214,84.4817,9.3676,23.0666,1217
2016-05-16 18:00:00,62.85,transfer,1.0,65.2658,0.0,64.5609,64.5609,65.2658,84.4817,9.3592,23.0222,1218
2016-05-16 19:00:00,56.8,transfer,1.0,60.846,0.0,64.2475,64.2475,60.846,84.4817,9.3388,22.9776,1219
2016-05-16 20:00:00,58.59,transfer,1.0,59.2852,0.0,48.5535,48.5535,59.2852,84.4817,9.3045,22.922,1220
2016-05-16 21:00:00,57.54,transfer,1.0,58.4218,0.0,49.4506,49.4506,58.4218,84.4817,9.2672,22.8634,1221
2016-05-16 22:00:00,58.28,transfer,1.0,58.1616,0.0,55.7599,55.7599,58.1616,84.4817,9.2343,22.805,1222
2016-05-16 23:00:00,57.18,transfer,1.0,58.1849,0.0,62.8539,62.8539,58.1849,84.4817,9.2024,22.7478,1223
2016-05-17 00:00:00,57.56,transfer,1.0,58.7171,0.0,54.6922,54.6922,58.7171,84.4817,9.1692,22.6881,1224
2016-05-17 01:00:00,57.25,transfer,1.0,59.7956,0.0,53.9437,53.9437,59.7956,84.4817,9.1353,22.6271,1225
2016-05-17 02:00:00,57.22,transfer,1.0,61.962,0.0,65.3943,65.3943,61.962,84.4817,9.1017,22.5653,1226
2016-05-17 03:00:00,57.49,transfer,1.0,65.6833,0.0,68.0992,68.0992,65.6833,84.4817,9.0714,22.5032,1227
2016-05-17 04:00:00,63.42,transfer,1.0,71.942,0.0,77.1524,77.1524,71.942,84.4817,9.0777,22.4676,1228
2016-05-17 05:00:00,64.14,transfer,1.0,81.8008,0.0,75.4495,75.4495,81.8008,84.4817,9.1138,22.4517,1229
2016-05-17 06:00:00,57.08,transfer,1.0,92.6562,0.0,93.3899,93.3899,92.6562,84.4817,9.1786,22.4616,1230
2016-05-17 07:00:00,82.78,transfer,1.0,99.9142,0.0,100.2248,100.2248,99.9142,84.4817,9.2106,22.4416,1231
2016-05-17 08:00:00,99.99,transfer,1.0,106.1212,0.0,89.5257,89.5257,106.1212,84.4817,9.227,22.4309,1232
2016-05-17 09:00:00,104.04,transfer,1.0,111.0859,0.0,99.3239,99.3239,111.0859,84.4817,9.2441,22.4055,1233
2016-05-17 10:00:00,104.85,transfer,1.0,111.8273,0.0,93.2058,93.2058,111.8273,84.4817,9.2763,22.3925,1234
2016-05-17 11:00:00,104.87,transfer,1.0,109.8205,0.0,109.0813,109.0813,109.8205,84.4817,9.2885,22.3836,1235
2016-05-17 12:00:00,102.37,transfer,1.0,106.1389,0.0,115.0311,115.0311,106.1389,84.4817,9.2991,22.392,1236
2016-05-17 13:00:00,99.89,transfer,1.0,100.6691,0.0,99.6499,99.6499,100.6691,84.4817,9.2814,22.4126,1237
2016-05-17 14:00:00,98.34,transfer,1.0,93.2992,0.0,96.4063,96.4063,93.2992,84.4817,9.195,22.3782,1238
2016-05-17 15:00:00,100.49,transfer,1.0,86.3886,0.0,77.3837,77.3837,86.3886,84.4817,9.1747,22.4114,1239
2016-05-17 16:00:00,84.62,transfer,1.0,79.1,0.0,68.7868,68.7868,79.1,84.4817,9.1104,22.3859,1240
2016-05-17 17:00:00,74.27,transfer,1.0,73.1259,0.0,80.2796,80.2796,73.1259,84.4817,9.0632,22.3944,1241
2016-05-17 18:00:00,59.13,transfer,1.0,67.1998,0.0,64.1594,64.1594,67.1998,84.4817,9.0792,22.3797,1242
2016-05-17 19:00:00,54.01,transfer,1.0,62.2506,0.0,59.214,59.214,62.2506,84.4817,9.0877,22.3641,1243
2016-05-17 20:00:00,58.36,transfer,1.0,59.6128,0.0,67.1519,67.1519,59.6128,84.4817,9.0649,22.321,1244
2016-05-17 21:00:00,55.93,transfer,1.0,58.2172,0.0,60.3536,60.3536,58.2172,84.4817,9.0377,22.2745,1245
2016-05-17 22:00:00,57.1,transfer,1.0,57.7485,0.0,61.5933,61.5933,57.7485,84.4817,9.0084,22.2235,1246
2016-05-17 23:00:00,56.29,transfer,1.0,57.6893,0.0,61.1437,61.1437,57.6893,84.4817,8.9784,22.1703,1247
2016-05-18 00:00:00,55.96,transfer,1.0,58.1707,0.0,59.5539,59.5539,58.1707,84.4817,8.9519,22.1183,1248
2016-05-18 01:00:00,55.91,transfer,1.0,59.0009,0.0,61.7514,61.7514,59.0009,84.4817,8.9281,22.0672,1249
2016-05-18 02:00:00,55.82,transfer,1.0,60.9361,0.0,53.5119,53.5119,60.9361,84.4817,8.9072,22.0155,1250
2016-05-18 03:00:00,55.73,transfer,1.0,64.5724,0.0,69.4908,69.4908,64.5724,84.4817,8.8947,21.9659,1251
2016-05-18 04:00:00,64.69,transfer,1.0,70.5001,0.0,67.9156,67.9156,70.5001,84.4817,8.917,21.9433,1252
2016-05-18 05:00:00,65.55,transfer,1.0,80.2267,0.0,73.2392,73.2392,80.2267,84.4817,8.9488,21.9258,1253
2016-05-18 06:00:00,58.57,transfer,1.0,92.1923,0.0,95.424,95.424,92.1923,84.4817,8.9875,21.9258,1254
2016-05-18 07:00:00,80.94,transfer,1.0,100.8559,0.0,108.8653,108.8653,100.8559,84.4817,8.9787,21.8941,1255
2016-05-18 08:00:00,99.28,transfer,1.0,106.7332,0.0,107.6739,107.6739,106.7332,84.4817,9.0096,21.8741,1256
2016-05-18 09:00:00,109.93,transfer,1.0,110.5562,0.0,115.9931,115.9931,110.5562,84.4817,9.0019,21.8938,1257
2016-05-18 10:00:00,108.69,transfer,1.0,110.3405,0.0,126.9905,126.9905,110.3405,84.4817,8.9925,21.9133,1258
2016-05-18 11:00:00,103.05,transfer,1.0,107.4848,0.0,117.0207,117.0207,107.4848,84.4817,8.9965,21.8814,1259
2016-05-18 12:00:00,102.01,transfer,1.0,102.6739,0.0,94.923,94.923,102.6739,84.4817,8.9372,21.8408,1260
2016-05-18 13:00:00,97.52,transfer,1.0,95.599,0.0,98.4171,98.4171,95.599,84.4817,8.8709,21.802,1261
2016-05-18 14:00:00,102.12,transfer,1.0,88.019,0.0,85.1036,85.1036,88.019,84.4817,8.8102,21.7671,1262
2016-05-18 15:00:00,99.38,transfer,1.0,80.8611,0.0,75.4036,75.4036,80.8611,84.4817,8.7731,21.7473,1263
2016-05-18 16:00:00,88.66,transfer,1.0,75.2564,0.0,80.7817,80.7817,75.2564,84.4817,8.7427,21.7362,1264
2016-05-18 17:00:00,84.64,transfer,1.0,69.7121,0.0,67.9835,67.9835,69.7121,84.4817,8.7502,21.712,1265
2016-05-18 18:00:00,66.32,transfer,1.0,64.679,0.0,67.8704,67.8704,64.679,84.4817,8.7574,21.6892,1266
2016-05-18 19:00:00,61.6,transfer,1.0,61.0147,0.0,61.5606,61.5606,61.0147,84.4817,8.7475,21.6565,1267
2016-05-18 20:00:00,63.45,transfer,1.0,58.9706,0.0,50.6185,50.6185,58.9706,84.4817,8.7696,21.6096,1268
2016-05-18 21:00:00,56.81,transfer,1.0,57.8224,0.0,60.4255,60.4255,57.8224,84.4817,8.7445,21.5684,1269
2016-05-18 22:00:00,57.6,transfer,1.0,57.2726,0.0,61.7121,61.7121,57.2726,84.4817,8.7235,21.5267,1270
2016-05-18 23:00:00,56.06,transfer,1.0,57.1169,0.0,56.9647,56.9647,57.1169,84.4817,8.7028,21.4879,1271
2016-05-19 00:00:00,55.62,transfer,1.0,57.6674,0.0,58.6233,58.6233,57.6674,84.4817,8.6851,21.4503,1272
2016-05-19 01:00:00,55.47,transfer,1.0,58.7625,0.0,68.0562,68.0562,58.7625,84.4817,8.6686,21.4125,1273
2016-05-19 02:00:00,55.46,transfer,1.0,61.2275,0.0,66.2993,66.2993,61.2275,84.4817,8.6556,21.3745,1274
2016-05-19 03:00:00,55.89,transfer,1.0,65.7409,0.0,63.3029,63.3029,65.7409,84.4817,8.6456,21.3342,1275
2016-05-19 04:00:00,64.94,transfer,1.0,73.0115,0.0,73.6939,73.6939,73.0115,84.4817,8.6522,21.3059,1276
2016-05-19 05:00:00,68.4,transfer,1.0,84.4068,0.0,84.3436,84.3436,84.4068,84.4817,8.6774,21.2898,1277
2016-05-19 06:00:00,61.14,transfer,1.0,96.6062,0.0,99.2434,99.2434,96.6062,84.4817,8.6934,21.2689,1278
2016-05-19 07:00:00,83.67,transfer,1.0,104.0799,0.0,104.9797,104.9797,104.0799,84.4817,8.6996,21.2515,1279
2016-05-19 08:00:00,107.22,transfer,1.0,108.86,0.0,106.4373,106.4373,108.86,84.4817,8.6871,21.2849,1280
2016-05-19 09:00:00,112.52,transfer,1.0,111.5718,0.0,111.2215,111.2215,111.5718,84.4817,8.679,21.322,1281
2016-05-19 10:00:00,105.79,transfer,1.0,111.4422,0.0,103.8537,103.8537,111.4422,84.4817,8.6997,21.2976,1282
2016-05-19 11:00:00,104.92,transfer,1.0,108.6141,0.0,112.8306,112.8306,108.6141,84.4817,8.6867,21.2727,1283
2016-05-19 12:00:00,107.97,transfer,1.0,102.991,0.0,93.3947,93.3947,102.991,84.4817,8.6617,21.278,1284
2016-05-19 13:00:00,101.23,transfer,1.0,96.394,0.0,99.8412,99.8412,96.394,84.4817,8.6506,21.293,1285
2016-05-19 14:00:00,108.5,transfer,1.0,90.3265,0.0,84.851,84.851,90.3265,84.4817,8.6704,21.3417,1286
2016-05-19 15:00:00,105.97,transfer,1.0,84.2399,0.0,96.3635,96.3635,84.2399,84.4817,8.6752,21.3821,1287
2016-05-19 16:00:00,96.58,transfer,1.0,79.0858,0.0,74.4309,74.4309,79.0858,84.4817,8.6374,21.3897,1288
2016-05-19 17:00:00,87.34,transfer,1.0,73.5354,0.0,83.0689,83.0689,73.5354,84.4817,8.6514,21.366,1289
2016-05-19 18:00:00,65.96,transfer,1.0,68.0129,0.0,63.9252,63.9252,68.0129,84.4817,8.6412,21.3218,1290
2016-05-19 19:00:00,61.43,transfer,1.0,63.1214,0.0,56.4258,56.4258,63.1214,84.4817,8.6441,21.2973,1291
2016-05-19 20:00:00,62.78,transfer,1.0,60.149,0.0,57.3644,57.3644,60.149,84.4817,8.6447,21.244,1292
2016-05-19 21:00:00,56.2,transfer,1.0,58.5127,0.0,56.9088,56.9088,58.5127,84.4817,8.6194,21.1988,1293
2016-05-19 22:00:00,56.87,transfer,1.0,57.8802,0.0,62.9068,62.9068,57.8802,84.4817,8.5964,21.1555,1294
2016-05-19 23:00:00,55.97,transfer,1.0,57.8718,0.0,57.4506,57.4506,57.8718,84.4817,8.5738,21.1113,1295
2016-05-20 00:00:00,55.58,transfer,1.0,58.8181,0.0,62.1198,62.1198,58.8181,84.4817,8.5539,21.0671,1296
2016-05-20 01:00:00,55.3,transfer,1.0,60.6792,0.0,56.2258,56.2258,60.6792,84.4817,8.5377,21.0238,1297
2016-05-20 02:00:00,55.96,transfer,1.0,63.652,0.0,65.0998,65.0998,63.652,84.4817,8.5201,20.9768,1298
2016-05-20 03:00:00,56.08,transfer,1.0,68.6641,0.0,68.6891,68.6891,68.6641,84.4817,8.5069,20.9316,1299
2016-05-20 04:00:00,64.84,transfer,1.0,76.0924,0.0,79.909,79.909,76.0924,84.4817,8.5409,20.9289,1300
2016-05-20 05:00:00,68.69,transfer,1.0,87.6661,0.0,74.5184,74.5184,87.6661,84.4817,8.5631,20.904,1301
2016-05-20 06:00:00,61.74,transfer,1.0,99.352,0.0,90.9232,90.9232,99.352,84.4817,8.6092,20.9095,1302
2016-05-20 07:00:00,80.48,transfer,1.0,106.5481,0.0,100.5515,100.5515,106.5481,84.4817,8.6791,20.9268,1303
2016-05-20 08:00:00,99.52,transfer,1.0,110.1964,0.0,104.0591,104.0591,110.1964,84.4817,8.7296,20.8879,1304
2016-05-20 09:00:00,112.36,transfer,1.0,111.7888,0.0,113.6006,113.6006,111.7888,84.4817,8.707,20.8967,1305
2016-05-20 10:00:00,109.91,transfer,1.0,110.5642,0.0,104.6507,104.6507,110.5642,84.4817,8.6738,20.8843,1306
2016-05-20 11:00:00,108.2,transfer,1.0,107.5185,0.0,109.6128,109.6128,107.5185,84.4817,8.6432,20.8843,1307
2016-05-20 12:00:00,105.66,transfer,1.0,102.6583,0.0,103.1649,103.1649,102.6583,84.4817,8.5782,20.854,1308
2016-05-20 13:00:00,100.06,transfer,1.0,97.1382,0.0,111.9015,111.9015,97.1382,84.4817,8.4338,20.7535,1309
2016-05-20 14:00:00,96.64,transfer,1.0,90.5416,0.0,73.4368,73.4368,90.5416,84.4817,8.2486,20.6061,1310
2016-05-20 15:00:00,91.87,transfer,1.0,83.1839,0.0,71.0617,71.0617,83.1839,84.4817,8.1426,20.5199,1311
2016-05-20 16:00:00,87.29,transfer,1.0,75.5419,0.0,88.9433,88.9433,75.5419,84.4817,8.0968,20.4716,1312
2016-05-20 17:00:00,79.62,transfer,1.0,68.8628,0.0,64.3227,64.3227,68.8628,84.4817,8.0508,20.4778,1313
2016-05-20 18:00:00,61.82,transfer,1.0,64.4851,0.0,59.5243,59.5243,64.4851,84.4817,8.0439,20.5118,1314
2016-05-20 19:00:00,57.19,transfer,1.0,61.1034,0.0,64.0113,64.0113,61.1034,84.4817,8.0401,20.5526,1315
2016-05-20 20:00:00,58.49,transfer,1.0,59.2835,0.0,55.3115,55.3115,59.2835,84.4817,7.9699,20.621,1316
2016-05-20 21:00:00,59.74,transfer,1.0,58.2588,0.0,64.4981,64.4981,58.2588,84.4817,7.8963,20.6826,1317
2016-05-20 22:00:00,60.57,transfer,1.0,57.962,0.0,58.2622,58.2622,57.962,84.4817,7.8185,20.7487,1318
2016-05-20 23:00:00,59.4,transfer,1.0,58.5272,0.0,53.8674,53.8674,58.5272,84.4817,7.7404,20.816,1319
2016-05-21 00:00:00,59.1,transfer,1.0,59.8053,0.0,58.6848,58.6848,59.8053,84.4817,7.6742,20.8826,1320
2016-05-21 01:00:00,58.71,transfer,1.0,60.1826,0.0,58.6591,58.6591,60.1826,84.4817,7.6209,20.9486,1321
2016-05-21 02:00:00,58.78,transfer,1.0,60.6695,0.0,69.6228,69.6228,60.6695,84.4817,7.5717,21.0187,1322
2016-05-21 03:00:00,59.22,transfer,1.0,61.6414,0.0,56.31,56.31,61.6414,84.4817,7.5365,21.0858,1323
2016-05-21 04:00:00,70.39,transfer,1.0,63.324,0.0,62.3178,62.3178,63.324,84.4817,7.5003,21.1416,1324
2016-05-21 05:00:00,72.62,transfer,1.0,65.9061,0.0,58.5056,58.5056,65.9061,84.4817,7.5144,21.1667,1325
2016-05-21 06:00:00,65.04,transfer,1.0,69.1273,0.0,76.6201,76.6201,69.1273,84.4817,7.4954,21.2062,1326
2016-05-21 07:00:00,65.18,transfer,1.0,71.2881,0.0,65.4753,65.4753,71.2881,84.4817,7.4658,21.2473,1327
2016-05-21 08:00:00,62.14,transfer,1.0,70.8614,0.0,62.5316,62.5316,70.8614,84.4817,7.4642,21.3308,1328
2016-05-21 09:00:00,60.35,transfer,1.0,67.8839,0.0,68.8903,68.8903,67.8839,84.4816,7.4592,21.4184,1329
2016-05-21 10:00:00,61.9,transfer,1.0,66.2254,0.0,58.8768,58.8768,66.2254,84.4817,7.4786,21.5187,1330
2016-05-21 11:00:00,62.69,transfer,1.0,65.1986,0.0,60.4785,60.4785,65.1986,84.4817,7.4929,21.6008,1331
2016-05-21 12:00:00,58.0,transfer,1.0,64.371,0.0,55.3239,55.3239,64.371,84.4817,7.5238,21.7022,1332
2016-05-21 13:00:00,61.27,transfer,1.0,63.6221,0.0,71.1493,71.1493,63.6221,84.4817,7.5222,21.7798,1333
2016-05-21 14:00:00,59.15,transfer,1.0,62.5545,0.0,60.5236,60.5236,62.5545,84.4817,7.5421,21.8441,1334
2016-05-21 15:00:00,58.09,transfer,1.0,61.5343,0.0,64.3608,64.3608,61.5343,84.4817,7.5437,21.9217,1335
2016-05-21 16:00:00,58.28,transfer,1.0,60.6528,0.0,59.3509,59.3509,60.6528,84.4817,7.5323,21.9907,1336
2016-05-21 17:00:00,61.63,transfer,1.0,59.6564,0.0,60.3839,60.3839,59.6564,84.4817,7.503,22.0456,1337
2016-05-21 18:00:00,51.21,transfer,1.0,58.885,0.0,66.6512,66.6512,58.885,84.4817,7.5186,22.0869,1338
2016-05-21 19:00:00,51.66,transfer,1.0,58.0429,0.0,61.2027,61.2027,58.0429,84.4817,7.5249,22.1164,1339
2016-05-21 20:00:00,58.34,transfer,1.0,57.7893,0.0,62.0594,62.0594,57.7893,84.4817,7.5264,22.1318,1340
2016-05-21 21:00:00,53.51,transfer,1.0,57.5633,0.0,54.8547,54.8547,57.5633,84.4817,7.5269,22.1966,1341
2016-05-21 22:00:00,54.51,transfer,1.0,57.9745,0.0,59.2763,59.2763,57.9745,84.4817,7.5192,22.2595,1342
2016-05-21 23:00:00,53.35,transfer,1.0,58.2922,0.0,56.9355,56.9355,58.2922,84.4817,7.5293,22.3233,1343
2016-05-22 00:00:00,53.18,transfer,1.0,58.6913,0.0,54.6548,54.6548,58.6913,84.4817,7.5489,22.3867,1344
2016-05-22 01:00:00,53.13,transfer,1.0,59.441,0.0,70.1452,70.1452,59.441,84.4817,7.5813,22.4495,1345
2016-05-22 02:00:00,52.86,transfer,1.0,60.488,0.0,63.746,63.746,60.488,84.4817,7.6076,22.4982,1346
2016-05-22 03:00:00,53.44,transfer,1.0,61.9612,0.0,58.7709,58.7709,61.9612,84.4817,7.5898,22.5043,1347
2016-05-22 04:00:00,63.94,transfer,1.0,63.7347,0.0,58.6054,58.6054,63.7347,84.4817,7.5785,22.5122,1348
2016-05-22 05:00:00,71.09,transfer,1.0,66.2246,0.0,69.2732,69.2732,66.2246,84.4817,7.5836,22.4744,1349
2016-05-22 06:00:00,63.66,transfer,1.0,69.3924,0.0,67.6965,67.6965,69.3924,84.4817,7.5461,22.4467,1350
2016-05-22 07:00:00,60.78,transfer,1.0,72.6107,0.0,64.6421,64.6421,72.6107,84.4817,7.5086,22.4131,1351
2016-05-22 08:00:00,61.06,transfer,1.0,73.1118,0.0,71.9109,71.9109,73.1118,84.4817,7.4681,22.3777,1352
2016-05-22 09:00:00,60.1,transfer,1.0,68.8831,0.0,62.38,62.38,68.8831,84.4817,7.4304,22.3503,1353
2016-05-22 10:00:00,60.49,transfer,1.0,65.0955,0.0,60.6577,60.6577,65.0955,84.4817,7.3904,22.3243,1354
2016-05-22 11:00:00,59.22,transfer,1.0,63.0131,0.0,57.7908,57.7908,63.0131,84.4817,7.3582,22.3097,1355
2016-05-22 12:00:00,59.87,transfer,1.0,61.6023,0.0,66.9751,66.9751,61.6023,84.4817,7.3141,22.2865,1356
2016-05-22 13:00:00,57.98,transfer,1.0,60.5449,0.0,59.9213,59.9213,60.5449,84.4817,7.2666,22.2639,1357
2016-05-22 14:00:00,60.12,transfer,1.0,59.6979,0.0,57.2767,57.2767,59.6979,84.4817,7.2118,22.2304,1358
2016-05-22 15:00:00,61.33,transfer,1.0,58.8393,0.0,53.0895,53.0895,58.8393,84.4817,7.1907,22.2059,1359
2016-05-22 16:00:00,60.21,transfer,1.0,58.1337,0.0,59.2474,59.2474,58.1337,84.4817,7.1709,22.1881,1360
2016-05-22 17:00:00,58.1,transfer,1.0,57.7696,0.0,64.6774,64.6774,57.7696,84.4817,7.1375,22.1756,1361
2016-05-22 18:00:00,51.3,transfer,1.0,57.204,0.0,69.9422,69.9422,57.204,84.4817,7.0859,22.1483,1362
2016-05-22 19:00:00,53.47,transfer,1.0,56.7401,0.0,61.8655,61.8655,56.7401,84.4817,7.0221,22.1023,1363
2016-05-22 20:00:00,58.86,transfer,1.0,56.9337,0.0,52.4805,52.4805,56.9337,84.4817,6.9912,22.0616,1364
2016-05-22 21:00:00,53.64,transfer,1.0,57.299,0.0,53.2628,53.2628,57.299,84.4817,6.9904,22.0682,1365
2016-05-22 22:00:00,54.63,transfer,1.0,57.8506,0.0,56.0017,56.0017,57.8506,84.4817,6.9923,22.0742,1366
2016-05-22 23:00:00,53.79,transfer,1.0,58.3016,0.0,66.9284,66.9284,58.3016,84.4817,6.9941,22.079,1367
2016-05-23 00:00:00,53.5,transfer,1.0,58.8726,0.0,72.683,72.683,58.8726,84.4817,6.9984,22.0845,1368
2016-05-23 01:00:00,53.26,transfer,1.0,61.3077,0.0,67.1454,67.1454,61.3077,84.4817,7.0062,22.0911,1369
2016-05-23 02:00:00,53.17,transfer,1.0,65.4273,0.0,74.4096,74.4096,65.4273,84.4817,7.0168,22.098,1370
2016-05-23 03:00:00,53.16,transfer,1.0,69.8733,0.0,66.9922,66.9922,69.8733,84.4817,7.0242,22.107,1371
2016-05-23 04:00:00,62.39,transfer,1.0,75.9927,0.0,80.8789,80.8789,75.9927,84.4817,7.0433,22.1298,1372
2016-05-23 05:00:00,65.25,transfer,1.0,83.7605,0.0,87.1519,87.1519,83.7605,84.4817,7.0518,22.1422,1373
2016-05-23 06:00:00,57.09,transfer,1.0,90.6357,0.0,92.0453,92.0453,90.6357,84.4817,7.0574,22.158,1374
2016-05-23 07:00:00,61.12,transfer,1.0,94.3097,0.0,90.4954,90.4954,94.3097,84.4817,7.1886,22.2927,1375
2016-05-23 08:00:00,76.46,transfer,1.0,96.2944,0.0,84.4,84.4,96.2944,84.4817,7.2672,22.2136,1376
2016-05-23 09:00:00,90.34,transfer,1.0,95.9506,0.0,97.5687,97.5687,95.9506,84.4817,7.271,22.0982,1377
2016-05-23 10:00:00,97.15,transfer,1.0,94.3999,0.0,92.8792,92.8792,94.3999,84.4817,7.2758,22.0518,1378
2016-05-23 11:00:00,96.33,transfer,1.0,93.3117,0.0,77.7881,77.7881,93.3117,84.4817,7.2856,21.9899,1379
2016-05-23 12:00:00,93.47,transfer,1.0,91.5754,0.0,95.8497,95.8497,91.5754,84.4817,7.2602,21.9097,1380
2016-05-23 13:00:00,100.9,transfer,1.0,87.3474,0.0,79.3166,79.3166,87.3474,84.4817,7.3,21.9059,1381
2016-05-23 14:00:00,99.85,transfer,1.0,80.992,0.0,90.31,90.31,80.992,84.4817,7.2969,21.8604,1382
2016-05-23 15:00:00,97.93,transfer,1.0,76.6096,0.0,76.8828,76.8828,76.6096,84.4817,7.2928,21.8272,1383
2016-05-23 16:00:00,92.79,transfer,1.0,71.5183,0.0,66.4741,66.4741,71.5183,84.4817,7.3395,21.8424,1384
2016-05-23 17:00:00,79.5,transfer,1.0,66.8788,0.0,67.6985,67.6985,66.8788,84.4817,7.3393,21.8679,1385
2016-05-23 18:00:00,65.44,transfer,1.0,63.4291,0.0,67.4234,67.4234,63.4291,84.4817,7.3368,21.8525,1386
2016-05-23 19:00:00,60.11,transfer,1.0,60.2525,0.0,67.3784,67.3784,60.2525,84.4817,7.3136,21.8328,1387
2016-05-23 20:00:00,58.91,transfer,1.0,58.5512,0.0,68.6951,68.6951,58.5512,84.4817,7.3116,21.8309,1388
2016-05-23 21:00:00,55.32,transfer,1.0,57.4279,0.0,62.1684,62.1684,57.4279,84.4817,7.3189,21.8441,1389
2016-05-23 22:00:00,56.28,transfer,1.0,56.8126,0.0,54.6012,54.6012,56.8126,84.4817,7.3214,21.856,1390
2016-05-23 23:00:00,55.13,transfer,1.0,56.6121,0.0,53.0337,53.0337,56.6121,84.4817,7.3242,21.8682,1391
2016-05-24 00:00:00,54.76,transfer,1.0,56.9454,0.0,61.3196,61.3196,56.9454,84.4817,7.3303,21.8849,1392
2016-05-24 01:00:00,54.62,transfer,1.0,57.9149,0.0,63.3094,63.3094,57.9149,84.4817,7.3348,21.9005,1393
2016-05-24 02:00:00,54.73,transfer,1.0,60.0682,0.0,60.3728,60.3728,60.0682,84.4817,7.3383,21.9154,1394
2016-05-24 03:00:00,54.95,transfer,1.0,63.4971,0.0,64.9709,64.9709,63.4971,84.4817,7.3404,21.9305,1395
2016-05-24 04:00:00,62.31,transfer,1.0,68.9451,0.0,70.4601,70.4601,68.9451,84.4817,7.3292,21.9371,1396
2016-05-24 05:00:00,66.97,transfer,1.0,77.3829,0.0,79.1865,79.1865,77.3829,84.4817,7.2861,21.9202,1397
2016-05-24 06:00:00,63.0,transfer,1.0,88.0439,0.0,96.6998,96.6998,88.0439,84.4817,7.2234,21.885,1398
2016-05-24 07:00:00,82.29,transfer,1.0,97.2302,0.0,91.5067,91.5067,97.2302,84.4817,7.2103,21.8879,1399
2016-05-24 08:00:00,106.17,transfer,1.0,104.7845,0.0,102.5505,102.5505,104.7845,84.4817,7.1821,21.9247,1400
2016-05-24 09:00:00,117.8,transfer,1.0,110.3249,0.0,114.3468,114.3468,110.3249,84.4817,7.1846,22.0066,1401
2016-05-24 10:00:00,122.17,transfer,1.0,112.7283,0.0,100.7575,100.7575,112.7283,84.4817,7.1993,22.1097,1402
2016-05-24 11:00:00,116.59,transfer,1.0,113.108,0.0,119.0043,119.0043,113.108,84.4817,7.1906,22.1795,1403
2016-05-24 12:00:00,110.54,transfer,1.0,112.1402,0.0,98.0099,98.0099,112.1402,84.4817,7.1776,22.2281,1404
2016-05-24 13:00:00,107.82,transfer,1.0,109.1107,0.0,106.7533,106.7533,109.1107,84.4817,7.1807,22.2753,1405
2016-05-24 14:00:00,112.86,transfer,1.0,103.5128,0.0,105.1345,105.1345,103.5128,84.4817,7.2063,22.3617,1406
2016-05-24 15:00:00,113.7,transfer,1.0,95.9835,0.0,109.5824,109.5824,95.9835,84.4817,7.2278,22.4404,1407
2016-05-24 16:00:00,103.96,transfer,1.0,89.1259,0.0,78.8972,78.8972,89.1259,84.4817,7.2833,22.5555,1408
2016-05-24 17:00:00,100.33,transfer,1.0,82.5343,0.0,90.0354,90.0354,82.5343,84.4817,7.3824,22.589,1409
2016-05-24 18:00:00,69.16,transfer,1.0,74.66,0.0,76.735,76.735,74.66,84.4817,7.3671,22.5293,1410
2016-05-24 19:00:00,64.2,transfer,1.0,68.191,0.0,64.5809,64.5809,68.191,84.4817,7.3418,22.4687,1411
2016-05-24 20:00:00,59.84,transfer,1.0,63.0217,0.0,71.3796,71.3796,63.0217,84.4817,7.3533,22.4599,1412
2016-05-24 21:00:00,60.76,transfer,1.0,60.3891,0.0,52.5993,52.5993,60.3891,84.4817,7.3419,22.4311,1413
2016-05-24 22:00:00,61.73,transfer,1.0,58.9073,0.0,58.0134,58.0134,58.9073,84.4817,7.3548,22.4035,1414
2016-05-24 23:00:00,60.13,transfer,1.0,58.5426,0.0,60.5095,60.5095,58.5426,84.4817,7.3559,22.3807,1415
2016-05-25 00:00:00,59.69,transfer,1.0,58.9561,0.0,65.1372,65.1372,58.9561,84.4817,7.3472,22.3585,1416
2016-05-25 01:00:00,60.04,transfer,1.0,59.7822,0.0,64.1825,64.1825,59.7822,84.4817,7.3303,22.3339,1417
2016-05-25 02:00:00,60.11,transfer,1.0,61.9224,0.0,70.0622,70.0622,61.9224,84.4817,7.3106,22.3084,1418
2016-05-25 03:00:00,60.4,transfer,1.0,66.5223,0.0,50.0674,50.0674,66.5223,84.4817,7.2944,22.2806,1419
2016-05-25 04:00:00,72.85,transfer,1.0,75.4129,0.0,86.8941,86.8941,75.4129,84.4817,7.2751,22.232,1420
2016-05-25 05:00:00,73.33,transfer,1.0,89.1325,0.0,103.153,103.153,89.1325,84.4817,7.2818,22.1857,1421
2016-05-25 06:00:00,65.8,transfer,1.0,103.7068,0.0,91.2816,91.2816,103.7068,84.4817,7.3073,22.1427,1422
2016-05-25 07:00:00,91.08,transfer,1.0,111.2891,0.0,90.2367,90.2367,111.2891,84.4817,7.3091,22.1608,1423
2016-05-25 08:00:00,114.52,transfer,1.0,114.7151,0.0,113.0904,113.0904,114.7151,84.4817,7.2659,22.2516,1424
2016-05-25 09:00:00,120.85,transfer,1.0,116.7401,0.0,115.3655,115.3655,116.7401,84.4817,7.2866,22.3166,1425
2016-05-25 10:00:00,128.87,transfer,1.0,117.2451,0.0,130.2196,130.2196,117.2451,84.4817,7.346,22.4367,1426
2016-05-25 11:00:00,129.16,transfer,1.0,116.8419,0.0,121.6187,121.6187,116.8419,84.4817,7.3929,22.5921,1427
2016-05-25 12:00:00,133.24,transfer,1.0,115.7799,0.0,109.8821,109.8821,115.7799,84.4817,7.4929,22.778,1428
2016-05-25 13:00:00,135.45,transfer,1.0,114.0009,0.0,103.9958,103.9958,114.0009,84.4817,7.6091,23.0038,1429
2016-05-25 14:00:00,139.57,transfer,1.0,111.5161,0.0,107.0905,107.0905,111.5161,84.4817,7.6922,23.2267,1430
2016-05-25 15:00:00,133.5,transfer,1.0,108.7737,0.0,113.9293,113.9293,108.7737,84.4816,7.7291,23.4298,1431
2016-05-25 16:00:00,131.36,transfer,1.0,105.4191,0.0,100.493,100.493,105.4191,84.4816,7.8037,23.6839,1432
2016-05-25 17:00:00,116.47,transfer,1.0,99.8429,0.0,107.5417,107.5417,99.8429,84.4817,7.8138,23.8734,1433
2016-05-25 18:00:00,73.57,transfer,1.0,93.7422,0.0,87.7304,87.7304,93.7422,84.4817,7.9241,23.8303,1434
2016-05-25 19:00:00,69.91,transfer,1.0,84.1283,0.0,82.6843,82.6843,84.1283,84.4817,8.0053,23.7808,1435
2016-05-25 20:00:00,81.96,transfer,1.0,72.7589,0.0,70.0487,70.0487,72.7589,84.4817,8.0334,23.6706,1436
2016-05-25 21:00:00,81.2,transfer,1.0,65.7977,0.0,52.244,52.244,65.7977,84.4817,8.1191,23.5254,1437
2016-05-25 22:00:00,81.02,transfer,1.0,63.403,0.0,71.2109,71.2109,63.403,84.4817,8.222,23.386,1438
2016-05-25 23:00:00,78.8,transfer,1.0,62.8385,0.0,56.8849,56.8849,62.8385,84.4817,8.3107,23.2507,1439
2016-05-26 00:00:00,78.93,transfer,1.0,63.3107,0.0,72.6931,72.6931,63.3107,84.4817,8.3915,23.1119,1440
2016-05-26 01:00:00,66.81,transfer,1.0,64.1294,0.0,74.4101,74.4101,64.1294,84.4817,8.3878,23.0444,1441
2016-05-26 02:00:00,60.62,transfer,1.0,66.5572,0.0,66.1247,66.1247,66.5572,84.4817,8.3888,23.0137,1442
2016-05-26 03:00:00,61.79,transfer,1.0,69.4853,0.0,72.9484,72.9484,69.4853,84.4817,8.376,22.9786,1443
2016-05-26 04:00:00,89.51,transfer,1.0,74.1374,0.0,83.9037,83.9037,74.1374,84.4817,8.4195,22.8922,1444
2016-05-26 05:00:00,82.55,transfer,1.0,83.6767,0.0,77.6093,77.6093,83.6767,84.4817,8.3309,22.808,1445
2016-05-26 06:00:00,75.5,transfer,1.0,99.2181,0.0,85.7677,85.7677,99.2181,84.4817,8.261,22.7225,1446
2016-05-26 07:00:00,100.2,transfer,1.0,108.5057,0.0,97.5388,97.5388,108.5057,84.4817,8.1889,22.8112,1447
2016-05-26 08:00:00,129.02,transfer,1.0,113.5254,0.0,110.8706,110.8706,113.5254,84.4817,8.2714,22.941,1448
2016-05-26 09:00:00,142.04,transfer,1.0,116.1021,0.0,116.3711,116.3711,116.1021,84.4816,8.4201,23.1167,1449
2016-05-26 10:00:00,147.96,transfer,1.0,116.9173,0.0,127.758,127.758,116.9173,84.4816,8.5713,23.3677,1450
2016-05-26 11:00:00,149.86,transfer,1.0,117.0404,0.0,118.8005,118.8005,117.0404,84.4816,8.7446,23.6352,1451
2016-05-26 12:00:00,148.75,transfer,1.0,116.8315,0.0,93.2945,93.2945,116.8315,84.4816,8.905,23.8779,1452
2016-05-26 13:00:00,155.62,transfer,1.0,116.3484,0.0,124.3209,124.3209,116.3484,84.4816,9.11,24.2017,1453
2016-05-26 14:00:00,153.65,transfer,1.0,115.459,0.0,130.2431,130.2431,115.459,84.4816,9.2291,24.4705,1454
2016-05-26 15:00:00,153.17,transfer,1.0,114.3253,0.0,95.9008,95.9008,114.3253,84.4816,9.331,24.7514,1455
2016-05-26 16:00:00,139.15,transfer,1.0,112.2707,0.0,110.8973,110.8973,112.2707,84.4816,9.3869,25.0048,1456
2016-05-26 17:00:00,139.67,transfer,1.0,109.0955,0.0,122.2315,122.2315,109.0955,84.4816,9.4867,25.3163,1457
2016-05-26 18:00:00,77.45,transfer,1.0,103.2962,0.0,119.4897,119.4897,103.2962,84.4816,9.6283,25.2479,1458
2016-05-26 19:00:00,76.09,transfer,1.0,95.0633,0.0,90.3298,90.3298,95.0633,84.4816,9.7312,25.1606,1459
2016-05-26 20:00:00,78.11,transfer,1.0,81.8933,0.0,89.8228,89.8228,81.8933,84.4817,9.738,25.0694,1460
2016-05-26 21:00:00,78.68,transfer,1.0,72.6324,0.0,77.4496,77.4496,72.6324,84.4817,9.7603,24.9356,1461
2016-05-26 22:00:00,79.19,transfer,1.0,67.6401,0.0,59.8472,59.8472,67.6401,84.4817,9.823,24.8027,1462
2016-05-26 23:00:00,67.03,transfer,1.0,65.5384,0.0,58.555,58.555,65.5384,84.4817,9.8206,24.7369,1463
2016-05-27 00:00:00,64.15,transfer,1.0,64.96,0.0,61.6858,61.6858,64.96,84.4817,9.8061,24.6859,1464
2016-05-27 01:00:00,64.08,transfer,1.0,64.6486,0.0,67.7309,67.7309,64.6486,84.4817,9.7775,24.6336,1465
2016-05-27 02:00:00,61.58,transfer,1.0,65.1833,0.0,68.6089,68.6089,65.1833,84.4817,9.7531,24.6002,1466
2016-05-27 03:00:00,61.46,transfer,1.0,67.7409,0.0,59.6652,59.6652,67.7409,84.4817,9.7156,24.5681,1467
2016-05-27 04:00:00,107.37,transfer,1.0,72.5411,0.0,74.9846,74.9846,72.5411,84.4817,9.8559,24.5875,1468
2016-05-27 05:00:00,104.69,transfer,1.0,81.9761,0.0,75.5577,75.5577,81.9761,84.4764,9.8782,24.6138,1469
2016-05-27 06:00:00,106.18,transfer,1.0,98.5984,0.0,108.8363,108.8363,98.5984,84.4769,9.6994,24.6076,1470
2016-05-27 07:00:00,125.09,transfer,1.0,109.0744,0.0,103.3782,103.3782,109.0744,84.4474,9.6396,24.8257,1471
2016-05-27 08:00:00,148.8,transfer,1.0,114.4859,0.0,110.7665,110.7665,114.4859,84.4709,9.7803,25.1191,1472
2016-05-27 09:00:00,175.26,transfer,1.0,116.8704,0.0,117.2894,117.2894,116.8704,84.4563,10.1245,25.4936,1473
2016-05-27 10:00:00,185.26,transfer,1.0,117.7805,0.0,111.1955,111.1955,117.7805,84.4752,10.5222,25.9422,1474
2016-05-27 11:00:00,182.12,transfer,1.0,118.1734,0.0,129.016,129.016,118.1734,84.4788,10.8988,26.3822,1475
2016-05-27 12:00:00,180.4,transfer,1.0,118.3075,0.0,105.4812,105.4812,118.3075,84.48,11.2505,26.8271,1476
2016-05-27 13:00:00,179.76,transfer,1.0,118.2857,0.0,139.9871,139.9871,118.2857,84.4807,11.5991,27.3015,1477
2016-05-27 14:00:00,189.16,transfer,1.0,118.1302,0.0,114.0858,114.0858,118.1302,84.4812,11.9856,27.8522,1478
2016-05-27 15:00:00,168.45,transfer,1.0,117.8252,0.0,126.2333,126.2333,117.8252,84.4815,12.2352,28.3081,1479
2016-05-27 16:00:00,161.08,transfer,1.0,117.3377,0.0,121.5079,121.5079,117.3377,84.4816,12.4256,28.7473,1480
2016-05-27 17:00:00,150.49,transfer,1.0,116.2436,0.0,124.8802,124.8802,116.2436,84.4816,12.5655,29.1113,1481
2016-05-27 18:00:00,89.83,transfer,1.0,114.2781,0.0,108.7,108.7,114.2781,84.4816,12.6951,29.0082,1482
2016-05-27 19:00:00,78.75,transfer,1.0,109.0649,0.0,105.4786,105.4786,109.0649,84.4816,12.8523,28.8799,1483
2016-05-27 20:00:00,79.74,transfer,1.0,96.5014,0.0,92.2793,92.2793,96.5014,84.4816,12.9473,28.7534,1484
2016-05-27 21:00:00,68.07,transfer,1.0,84.267,0.0,78.9527,78.9527,84.267,84.4816,13.0349,28.7038,1485
2016-05-27 22:00:00,59.58,transfer,1.0,76.6205,0.0,70.2596,70.2596,76.6205,84.4816,13.1208,28.7097,1486
2016-05-27 23:00:00,57.11,transfer,1.0,70.4834,0.0,77.1357,77.1357,70.4834,84.4816,13.1952,28.7233,1487
2016-05-28 00:00:00,59.13,transfer,1.0,65.7258,0.0,61.133,61.133,65.7258,84.4816,13.2303,28.7231,1488
2016-05-28 01:00:00,58.7,transfer,1.0,62.4915,0.0,50.8661,50.8661,62.4915,84.4666,13.2441,28.7231,1489
2016-05-28 02:00:00,58.04,transfer,1.0,61.0605,0.0,56.7418,56.7418,61.0605,84.466,13.2508,28.7274,1490
2016-05-28 03:00:00,63.42,transfer,1.0,60.6113,0.0,58.6702,58.6702,60.6113,84.4659,13.2531,28.7023,1491
2016-05-28 04:00:00,103.01,transfer,1.0,60.827,0.0,64.0926,64.0926,60.827,80.6832,13.4622,28.7514,1492
2016-05-28 05:00:00,101.29,transfer,1.0,62.9075,0.0,59.6842,59.6842,62.9075,80.5946,13.6507,28.8039,1493
2016-05-28 06:00:00,113.47,transfer,1.0,68.6721,0.0,65.4778,65.4778,68.6721,78.6102,13.893,28.8957,1494
2016-05-28 07:00:00,106.5,transfer,1.0,75.6849,0.0,80.3252,80.3252,75.6849,0.0471,14.0401,29.4145,1495
2016-05-28 08:00:00,105.59,transfer,1.0,83.8093,0.0,91.1384,91.1384,83.8093,0.0468,14.1178,29.9097,1496
2016-05-28 09:00:00,110.29,transfer,1.0,89.057,0.0,93.2679,93.2679,89.057,0.0466,14.1993,30.4223,1497
2016-05-28 10:00:00,117.26,transfer,1.0,90.6564,0.0,88.2089,88.2089,90.6564,0.0463,14.3319,30.9856,1498
2016-05-28 11:00:00,119.3,transfer,1.0,90.5648,0.0,91.9908,91.9908,90.5648,0.0461,14.4881,31.5657,1499
2016-05-28 12:00:00,128.17,transfer,1.0,89.784,0.0,88.9278,88.9278,89.784,0.0459,14.6786,32.1707,1500
2016-05-28 13:00:00,128.96,transfer,1.0,88.2773,0.0,78.9115,78.9115,88.2773,0.0457,14.9068,32.7999,1501
2016-05-28 14:00:00,130.71,transfer,1.0,86.5401,0.0,96.9919,96.9919,86.5401,0.0456,15.1494,33.4269,1502
2016-05-28 15:00:00,130.95,transfer,1.0,83.6228,0.0,82.4926,82.4926,83.6228,0.0456,15.4106,34.049,1503
2016-05-28 16:00:00,132.94,transfer,1.0,80.3512,0.0,79.4511,79.4511,80.3512,0.0455,15.7095,34.6841,1504
2016-05-28 17:00:00,128.95,transfer,1.0,77.2094,0.0,85.6159,85.6159,77.2094,0.0455,16.0058,35.3153,1505
2016-05-28 18:00:00,73.8,transfer,1.0,74.3606,0.0,67.5238,67.5238,74.3606,0.0455,15.9634,35.5563,1506
2016-05-28 19:00:00,67.66,transfer,1.0,71.3782,0.0,69.3316,69.3316,71.3782,0.0456,15.9476,35.7634,1507
2016-05-28 20:00:00,71.25,transfer,1.0,66.3186,0.0,71.6579,71.6579,66.3186,0.046,15.9736,36.0316,1508
2016-05-28 21:00:00,65.08,transfer,1.0,62.2601,0.0,62.9849,62.9849,62.2601,80.4865,15.9663,35.939,1509
2016-05-28 22:00:00,58.07,transfer,1.0,60.1947,0.0,58.1026,58.1026,60.1947,80.5607,15.9583,35.8944,1510
2016-05-28 23:00:00,52.31,transfer,1.0,58.8536,0.0,60.6793,60.6793,58.8536,80.5716,15.9679,35.8774,1511
2016-05-29 00:00:00,51.33,transfer,1.0,57.5123,0.0,67.5068,67.5068,57.5123,0.0479,15.9718,35.9963,1512
2016-05-29 01:00:00,50.6,transfer,1.0,56.769,0.0,44.2196,44.2196,56.769,0.049,15.971,36.1106,1513
2016-05-29 02:00:00,50.14,transfer,1.0,56.6111,0.0,51.7289,51.7289,56.6111,0.0504,15.9641,36.2205,1514
2016-05-29 03:00:00,50.2,transfer,1.0,56.9945,0.0,52.2096,52.2096,56.9945,0.0523,15.9538,36.3342,1515
2016-05-29 04:00:00,87.75,transfer,1.0,58.1055,0.0,53.7355,53.7355,58.1055,0.0547,16.1291,36.7339,1516
2016-05-29 05:00:00,92.5,transfer,1.0,60.2198,0.0,72.7667,72.7667,60.2198,0.0569,16.2923,37.2045,1517
2016-05-29 06:00:00,97.01,transfer,1.0,65.3483,0.0,81.3867,81.3867,65.3483,0.0579,16.4466,37.6576,1518
2016-05-29 07:00:00,98.8,transfer,1.0,71.5392,0.0,79.9758,79.9758,71.5392,0.0575,16.5384,38.1043,1519
2016-05-29 08:00:00,104.41,transfer,1.0,76.3604,0.0,54.6612,54.6612,76.3604,0.056,16.6337,38.5861,1520
2016-05-29 09:00:00,111.59,transfer,1.0,77.5175,0.0,86.2959,86.2959,77.5175,0.0539,16.7842,39.1048,1521
2016-05-29 10:00:00,116.09,transfer,1.0,76.5286,0.0,86.2212,86.2212,76.5286,0.0518,16.9923,39.6527,1522
2016-05-29 11:00:00,112.38,transfer,1.0,75.2918,0.0,75.5456,75.5456,75.2918,0.05,17.1905,40.171,1523
2016-05-29 12:00:00,118.42,transfer,1.0,74.3171,0.0,69.3162,69.3162,74.3171,0.0486,17.4427,40.7291,1524
2016-05-29 13:00:00,116.74,transfer,1.0,72.9653,0.0,82.4684,82.4684,72.9653,0.0475,17.688,41.2659,1525
2016-05-29 14:00:00,115.73,transfer,1.0,71.4682,0.0,78.1534,78.1534,71.4682,0.0467,17.9489,41.8095,1526
2016-05-29 15:00:00,119.25,transfer,1.0,69.7022,0.0,74.0376,74.0376,69.7022,0.0463,18.229,42.3813,1527
2016-05-29 16:00:00,111.62,transfer,1.0,68.0249,0.0,71.1418,71.1418,68.0249,0.0461,18.4761,42.9009,1528
2016-05-29 17:00:00,109.69,transfer,1.0,66.4001,0.0,63.7193,63.7193,66.4001,0.0463,18.7319,43.3965,1529
2016-05-29 18:00:00,66.93,transfer,1.0,64.2913,0.0,65.6224,65.6224,64.2913,80.6766,18.7124,43.2808,1530
2016-05-29 19:00:00,62.39,transfer,1.0,62.6257,0.0,66.2676,66.2676,62.6257,84.4644,18.6944,43.2276,1531
2016-05-29 20:00:00,69.23,transfer,1.0,60.5273,0.0,61.429,61.429,60.5273,84.4649,18.7347,43.1658,1532
2016-05-29 21:00:00,64.18,transfer,1.0,58.3855,0.0,59.6865,59.6865,58.3855,84.4657,18.7474,43.103,1533
2016-05-29 22:00:00,53.54,transfer,1.0,57.3305,0.0,50.589,50.589,57.3305,84.4664,18.7508,43.1094,1534
2016-05-29 23:00:00,50.0,transfer,1.0,56.686,0.0,58.4305,58.4305,56.686,84.4669,18.7637,43.1318,1535
2016-05-30 00:00:00,49.59,transfer,1.0,56.2953,0.0,51.4354,51.4354,56.2953,84.4675,18.7717,43.155,1536
2016-05-30 01:00:00,49.93,transfer,1.0,56.874,0.0,61.6578,61.6578,56.874,84.4684,18.7651,43.1748,1537
2016-05-30 02:00:00,49.92,transfer,1.0,59.0396,0.0,52.1155,52.1155,59.0396,80.8868,18.7464,43.1727,1538
2016-05-30 03:00:00,50.24,transfer,1.0,63.116,0.0,47.4964,47.4964,63.116,80.9553,18.7236,43.1691,1539
2016-05-30 04:00:00,89.37,transfer,1.0,69.248,0.0,71.9529,71.9529,69.248,0.0729,18.7624,43.5691,1540
2016-05-30 05:00:00,91.78,transfer,1.0,79.7689,0.0,88.0383,88.0383,79.7689,0.088,18.7237,44.0005,1541
2016-05-30 06:00:00,77.98,transfer,1.0,96.0251,0.0,99.934,99.934,96.0251,0.1057,18.6314,44.3009,1542
2016-05-30 07:00:00,79.74,transfer,1.0,106.7005,0.0,111.6886,111.6886,106.7005,1.1227,18.5944,44.6299,1543
2016-05-30 08:00:00,78.87,transfer,1.0,110.8058,0.0,92.758,92.758,110.8058,3.289,18.6664,45.032,1544
2016-05-30 09:00:00,82.33,transfer,1.0,111.6247,0.0,116.12,116.12,111.6247,5.2937,18.8074,45.4557,1545
2016-05-30 10:00:00,84.67,transfer,1.0,109.5415,0.0,100.1402,100.1402,109.5415,6.8652,18.939,45.8434,1546
2016-05-30 11:00:00,90.33,transfer,1.0,105.6627,0.0,88.2549,88.2549,105.6627,8.1098,19.0123,46.2623,1547
2016-05-30 12:00:00,92.83,transfer,1.0,100.1568,0.0,99.4895,99.4895,100.1568,10.062,19.0447,46.7014,1548
2016-05-30 13:00:00,93.69,transfer,1.0,94.0151,0.0,82.5922,82.5922,94.0151,17.285,18.9659,47.0585,1549
2016-05-30 14:00:00,91.8,transfer,1.0,87.8343,0.0,74.282,74.282,87.8343,54.0236,18.8773,47.1919,1550
2016-05-30 15:00:00,91.47,transfer,1.0,81.4838,0.0,89.464,89.464,81.4838,80.1305,18.8098,47.1793,1551
2016-05-30 16:00:00,95.16,transfer,1.0,74.9477,0.0,71.7703,71.7703,74.9477,82.8377,18.8035,47.2032,1552
2016-05-30 17:00:00,89.43,transfer,1.0,69.4496,0.0,73.9357,73.9357,69.4496,84.4643,18.8473,47.2031,1553
2016-05-30 18:00:00,59.01,transfer,1.0,65.6351,0.0,55.8865,55.8865,65.6351,84.4673,18.8748,47.2413,1554
2016-05-30 19:00:00,49.62,transfer,1.0,62.301,0.0,59.9088,59.9088,62.301,84.4817,18.9494,47.3037,1555
2016-05-30 20:00:00,60.05,transfer,1.0,59.5897,0.0,55.8797,55.8797,59.5897,84.4817,18.95,47.297,1556
2016-05-30 21:00:00,57.64,transfer,1.0,57.624,0.0,53.6508,53.6508,57.624,84.4817,18.9376,47.2832,1557
2016-05-30 22:00:00,57.91,transfer,1.0,57.0688,0.0,58.0834,58.0834,57.0688,84.4817,18.9394,47.2735,1558
2016-05-30 23:00:00,62.74,transfer,1.0,57.0984,0.0,47.2279,47.2279,57.0984,84.4817,18.9642,47.2282,1559
2016-05-31 00:00:00,56.22,transfer,1.0,57.7139,0.0,54.2719,54.2719,57.7139,84.4817,18.9601,47.2195,1560
2016-05-31 01:00:00,56.15,transfer,1.0,59.573,0.0,70.7163,70.7163,59.573,84.4742,18.9608,47.2103,1561
2016-05-31 02:00:00,55.93,transfer,1.0,62.2263,0.0,55.8032,55.8032,62.2263,84.4754,18.9665,47.2031,1562
2016-05-31 03:00:00,56.23,transfer,1.0,65.7962,0.0,64.4181,64.4181,65.7962,84.4769,18.9726,47.1955,1563
2016-05-31 04:00:00,98.64,transfer,1.0,71.9162,0.0,64.9455,64.9455,71.9162,84.3447,19.0922,47.1486,1564
2016-05-31 05:00:00,91.93,transfer,1.0,82.626,0.0,89.3945,89.3945,82.626,84.4586,19.0856,47.0888,1565
2016-05-31 06:00:00,98.76,transfer,1.0,99.1187,0.0,104.2782,104.2782,99.1187,84.3882,18.9386,47.0465,1566
2016-05-31 07:00:00,116.04,transfer,1.0,107.5347,0.0,111.8223,111.8223,107.5347,84.4651,18.9003,47.2214,1567
2016-05-31 08:00:00,148.01,transfer,1.0,112.3117,0.0,87.5632,87.5632,112.3117,84.4785,19.1046,47.4705,1568
2016-05-31 09:00:00,173.28,transfer,1.0,115.19,0.0,131.5852,131.5852,115.19,84.4809,19.4059,47.8007,1569
2016-05-31 10:00:00,176.04,transfer,1.0,116.717,0.0,112.2791,112.2791,116.717,84.4814,19.7028,48.1214,1570
2016-05-31 11:00:00,172.94,transfer,1.0,117.4565,0.0,116.4588,116.4588,117.4565,84.4815,20.0123,48.4568,1571
2016-05-31 12:00:00,184.19,transfer,1.0,117.7453,0.0,126.5846,126.5846,117.7453,84.4816,20.3983,48.8952,1572
2016-05-31 13:00:00,174.97,transfer,1.0,117.8062,0.0,97.0881,97.0881,117.8062,84.4816,20.7309,49.2949,1573
2016-05-31 14:00:00,181.28,transfer,1.0,117.7255,0.0,115.4343,115.4343,117.7255,84.4816,21.0535,49.7022,1574
2016-05-31 15:00:00,179.12,transfer,1.0,117.4136,0.0,114.2073,114.2073,117.4136,84.4816,21.3154,50.0916,1575
2016-05-31 16:00:00,163.53,transfer,1.0,116.9871,0.0,102.8224,102.8224,116.9871,84.4816,21.5041,50.4461,1576
2016-05-31 17:00:00,159.52,transfer,1.0,116.0672,0.0,89.1019,89.1019,116.0672,84.4816,21.6568,50.7985,1577
2016-05-31 18:00:00,88.7,transfer,1.0,114.2564,0.0,115.702,115.702,114.2564,84.4816,21.7762,50.7324,1578
2016-05-31 19:00:00,81.23,transfer,1.0,109.7195,0.0,126.2739,126.2739,109.7195,84.4816,21.922,50.631,1579
2016-05-31 20:00:00,77.2,transfer,1.0,97.4009,0.0,113.2586,113.2586,97.4009,84.4816,22.0233,50.5277,1580
2016-05-31 21:00:00,66.74,transfer,1.0,85.4032,0.0,88.5253,88.5253,85.4032,84.4816,22.1322,50.4921,1581
2016-05-31 22:00:00,55.43,transfer,1.0,76.9519,0.0,67.9766,67.9766,76.9519,84.4816,22.2435,50.5296,1582
2016-05-31 23:00:00,52.76,transfer,1.0,70.3829,0.0,78.4177,78.4177,70.3829,84.4816,22.339,50.5734,1583
2016-06-01 00:00:00,52.51,transfer,1.0,65.5135,0.0,48.8202,48.8202,65.5135,84.4816,22.412,50.6162,1584
2016-06-01 01:00:00,51.98,transfer,1.0,62.6485,0.0,69.4084,69.4084,62.6485,84.4816,22.474,50.6642,1585
2016-06-01 02:00:00,51.68,transfer,1.0,61.8013,0.0,56.0993,56.0993,61.8013,84.4659,22.5234,50.7142,1586
2016-06-01 03:00:00,51.31,transfer,1.0,62.7174,0.0,54.6891,54.6891,62.7174,84.4658,22.5549,50.7683,1587
2016-06-01 04:00:00,98.88,transfer,1.0,65.8889,0.0,58.8293,58.8293,65.8889,84.4651,22.736,50.7848,1588
2016-06-01 05:00:00,98.42,transfer,1.0,74.1337,0.0,74.5506,74.5506,74.1337,80.6104,22.7865,50.8245,1589
2016-06-01 06:00:00,105.74,transfer,1.0,90.2338,0.0,89.6847,89.6847,90.2338,80.5815,22.6532,50.863,1590
2016-06-01 07:00:00,127.46,transfer,1.0,104.005,0.0,106.3726,106.3726,104.005,0.0473,22.6725,51.5821,1591
2016-06-01 08:00:00,165.45,transfer,1.0,112.5523,0.0,118.6767,118.6767,112.5523,0.047,22.9862,52.3879,1592
2016-06-01 09:00:00,186.15,transfer,1.0,116.4906,0.0,108.3328,108.3328,116.4906,0.0467,23.3764,53.2792,1593
2016-06-01 10:00:00,189.58,transfer,1.0,117.9755,0.0,133.9805,133.9805,117.9755,0.0464,23.7334,54.1431,1594
2016-06-01 11:00:00,174.78,transfer,1.0,118.5588,0.0,118.1486,118.1486,118.5588,0.0463,23.9947,54.9173,1595
2016-06-01 12:00:00,173.54,transfer,1.0,118.793,0.0,137.9995,137.9995,118.793,0.0462,24.2167,55.6597,1596
2016-06-01 13:00:00,170.12,transfer,1.0,118.8587,0.0,94.5239,94.5239,118.8587,0.0462,24.3941,56.3687,1597
2016-06-01 14:00:00,178.55,transfer,1.0,118.7936,0.0,113.1351,113.1351,118.7936,0.0462,24.5828,57.1033,1598
2016-06-01 15:00:00,179.3,transfer,1.0,118.6167,0.0,142.4546,142.4546,118.6167,0.0462,24.7969,57.8785,1599
2016-06-01 16:00:00,159.42,transfer,1.0,118.3089,0.0,142.7405,142.7405,118.3089,0.0463,24.8872,58.5481,1600
2016-06-01 17:00:00,144.53,transfer,1.0,117.7332,0.0,103.7595,103.7595,117.7332,0.0464,24.9477,59.2178,1601
2016-06-01 18:00:00,90.87,transfer,1.0,116.3261,0.0,100.8755,100.8755,116.3261,0.0465,24.9791,59.6934,1602
2016-06-01 19:00:00,80.91,transfer,1.0,111.199,0.0,96.1092,96.1092,111.199,0.0466,25.0748,60.088,1603
2016-06-01 20:00:00,74.14,transfer,1.0,97.6593,0.0,109.583,109.583,97.6593,0.0466,25.16,60.514,1604
2016-06-01 21:00:00,68.37,transfer,1.0,85.3445,0.0,93.4168,93.4168,85.3445,0.0478,25.1694,60.9012,1605
2016-06-01 22:00:00,56.26,transfer,1.0,76.2244,0.0,77.3055,77.3055,76.2244,80.5295,25.1834,61.025,1606
2016-06-01 23:00:00,53.89,transfer,1.0,69.4558,0.0,64.5971,64.5971,69.4558,80.5039,25.181,61.1496,1607
2016-06-02 00:00:00,53.48,transfer,1.0,64.8541,0.0,71.3022,71.3022,64.8541,79.8899,25.1557,61.2738,1608
2016-06-02 01:00:00,52.3,transfer,1.0,62.1364,0.0,60.1086,60.1086,62.1364,0.047,25.1983,61.4796,1609
2016-06-02 02:00:00,51.9,transfer,1.0,61.2065,0.0,65.2823,65.2823,61.2065,0.0464,25.2184,61.6462,1610
2016-06-02 03:00:00,51.92,transfer,1.0,61.7916,0.0,58.7078,58.7078,61.7916,0.0465,25.2313,61.8199,1611
2016-06-02 04:00:00,96.94,transfer,1.0,64.9608,0.0,53.2273,53.2273,64.9608,0.0466,25.3302,62.3668,1612
2016-06-02 05:00:00,98.91,transfer,1.0,73.8832,0.0,70.9155,70.9155,73.8832,0.0467,25.4725,62.9437,1613
2016-06-02 06:00:00,100.89,transfer,1.0,90.3198,0.0,87.2761,87.2761,90.3198,0.0467,25.3942,63.4905,1614
2016-06-02 07:00:00,113.81,transfer,1.0,104.4469,0.0,102.7436,102.7436,104.4469,0.0466,25.4005,64.0741,1615
2016-06-02 08:00:00,144.25,transfer,1.0,112.7038,0.0,93.6449,93.6449,112.7038,0.0464,25.496,64.6674,1616
2016-06-02 09:00:00,148.17,transfer,1.0,116.2819,0.0,129.7738,129.7738,116.2819,0.0463,25.5315,65.2065,1617
2016-06-02 10:00:00,149.27,transfer,1.0,117.5661,0.0,117.7483,117.7483,117.5661,0.0461,25.5354,65.7169,1618
2016-06-02 11:00:00,152.1,transfer,1.0,117.9154,0.0,116.4232,116.4232,117.9154,0.046,25.5435,66.2328,1619
2016-06-02 12:00:00,151.71,transfer,1.0,117.8362,0.0,102.4669,102.4669,117.8362,0.0459,25.5552,66.753,1620
2016-06-02 13:00:00,154.34,transfer,1.0,117.4211,0.0,119.1302,119.1302,117.4211,0.0459,25.5411,67.248,1621
2016-06-02 14:00:00,160.29,transfer,1.0,116.6545,0.0,128.9662,128.9662,116.6545,0.0458,25.5736,67.7901,1622
2016-06-02 15:00:00,164.38,transfer,1.0,115.3936,0.0,114.5062,114.5062,115.3936,0.0458,25.6339,68.3594,1623
2016-06-02 16:00:00,160.2,transfer,1.0,113.2896,0.0,124.7118,124.7118,113.2896,0.0459,25.7532,68.9873,1624
2016-06-02 17:00:00,139.98,transfer,1.0,110.1189,0.0,101.6196,101.6196,110.1189,0.0459,25.7489,69.4917,1625
2016-06-02 18:00:00,86.95,transfer,1.0,105.826,0.0,114.5328,114.5328,105.826,0.0459,25.7074,69.9672,1626
2016-06-02 19:00:00,78.77,transfer,1.0,95.7913,0.0,103.6936,103.6936,95.7913,0.0459,25.6958,70.3858,1627
2016-06-02 20:00:00,78.13,transfer,1.0,81.8401,0.0,81.0077,81.0077,81.8401,0.0459,25.6954,70.8127,1628
2016-06-02 21:00:00,67.06,transfer,1.0,71.6896,0.0,62.2832,62.2832,71.6896,0.0459,25.6869,71.177,1629
2016-06-02 22:00:00,56.47,transfer,1.0,65.9809,0.0,61.6337,61.6337,65.9809,0.0459,25.6748,71.4814,1630
2016-06-02 23:00:00,53.1,transfer,1.0,62.356,0.0,67.8502,67.8502,62.356,0.0461,25.721,71.6933,1631
2016-06-03 00:00:00,52.5,transfer,1.0,59.8958,0.0,59.7267,59.7267,59.8958,0.0462,25.7602,71.8845,1632
2016-06-03 01:00:00,52.24,transfer,1.0,58.7338,0.0,56.7001,56.7001,58.7338,0.0465,25.7955,72.0737,1633
2016-06-03 02:00:00,51.93,transfer,1.0,58.7562,0.0,63.2536,63.2536,58.7562,0.0467,25.8147,72.2463,1634
2016-06-03 03:00:00,52.22,transfer,1.0,60.2303,0.0,65.446,65.446,60.2303,0.0469,25.825,72.4198,1635
2016-06-03 04:00:00,95.92,transfer,1.0,63.8491,0.0,65.4314,65.4314,63.8491,0.047,25.8085,72.8542,1636
2016-06-03 05:00:00,100.29,transfer,1.0,73.3656,0.0,70.2438,70.2438,73.3656,0.0471,25.8336,73.3306,1637
2016-06-03 06:00:00,107.13,transfer,1.0,90.2904,0.0,91.5454,91.5454,90.2904,0.047,25.8887,73.8388,1638
2016-06-03 07:00:00,123.42,transfer,1.0,104.1895,0.0,122.2459,122.2459,104.1895,0.0468,25.9078,74.3312,1639
2016-06-03 08:00:00,150.15,transfer,1.0,111.8358,0.0,113.0846,113.0846,111.8358,0.0465,25.9317,74.8418,1640
2016-06-03 09:00:00,166.36,transfer,1.0,115.0642,0.0,118.5986,118.5986,115.0642,0.0463,25.8894,75.2913,1641
2016-06-03 10:00:00,169.03,transfer,1.0,116.2533,0.0,126.039,126.039,116.2533,0.0461,25.8019,75.6972,1642
2016-06-03 11:00:00,174.3,transfer,1.0,116.6997,0.0,108.2124,108.2124,116.6997,0.0461,25.7641,76.1532,1643
2016-06-03 12:00:00,175.19,transfer,1.0,116.8304,0.0,112.5299,112.5299,116.8304,0.0461,25.7419,76.6248,1644
2016-06-03 13:00:00,178.79,transfer,1.0,116.7537,0.0,125.4756,125.4756,116.7537,0.0462,25.7453,77.1216,1645
2016-06-03 14:00:00,176.39,transfer,1.0,116.4933,0.0,123.6074,123.6074,116.4933,0.0462,25.679,77.5482,1646
2016-06-03 15:00:00,167.29,transfer,1.0,116.0548,0.0,113.6582,113.6582,116.0548,0.0463,25.6826,78.0439,1647
2016-06-03 16:00:00,137.91,transfer,1.0,115.1043,0.0,97.0923,97.0923,115.1043,0.0464,25.558,78.4086,1648
2016-06-03 17:00:00,123.78,transfer,1.0,113.4387,0.0,110.29,110.29,113.4387,0.0465,25.4157,78.7522,1649
2016-06-03 18:00:00,76.14,transfer,1.0,108.1335,0.0,92.3847,92.3847,108.1335,0.0467,25.4606,79.1733,1650
2016-06-03 19:00:00,70.72,transfer,1.0,95.9872,0.0,96.3772,96.3772,95.9872,0.0467,25.4306,79.5598,1651
2016-06-03 20:00:00,69.3,transfer,1.0,80.9545,0.0,81.7361,81.7361,80.9545,0.0466,25.4002,79.9438,1652
2016-06-03 21:00:00,64.37,transfer,1.0,71.3664,0.0,66.518,66.518,71.3664,0.0465,25.3454,80.229,1653
2016-06-03 22:00:00,56.95,transfer,1.0,65.6836,0.0,60.0402,60.0402,65.6836,0.0466,25.296,80.4195,1654
2016-06-03 23:00:00,50.94,transfer,1.0,62.2921,0.0,56.3659,56.3659,62.2921,80.5425,25.2839,80.4328,1655
2016-06-04 00:00:00,50.59,transfer,1.0,60.2834,0.0,57.1223,57.1223,60.2834,80.5284,25.3024,80.4601,1656
2016-06-04 01:00:00,50.23,transfer,1.0,58.8553,0.0,49.8158,49.8158,58.8553,80.4685,25.3311,80.4867,1657
2016-06-04 02:00:00,50.39,transfer,1.0,58.0485,0.0,61.6979,61.6979,58.0485,0.046,25.3588,80.6291,1658
2016-06-04 03:00:00,50.11,transfer,1.0,57.9191,0.0,61.8377,61.8377,57.9191,0.0459,25.3885,80.8018,1659
2016-06-04 04:00:00,87.72,transfer,1.0,58.4401,0.0,53.8171,53.8171,58.4401,0.0459,25.3117,81.1908,1660
2016-06-04 05:00:00,88.67,transfer,1.0,60.5199,0.0,62.3255,62.3255,60.5199,0.0458,25.2508,81.5951,1661
2016-06-04 06:00:00,92.33,transfer,1.0,65.6109,0.0,64.5294,64.5294,65.6109,0.0458,25.1432,81.9369,1662
2016-06-04 07:00:00,87.74,transfer,1.0,71.8827,0.0,77.0879,77.0879,71.8827,0.0457,25.0542,81.8252,1663
2016-06-04 08:00:00,89.1,transfer,1.0,77.5276,0.0,72.6932,72.6932,77.5276,0.0456,24.9934,81.7271,1664
2016-06-04 09:00:00,88.89,transfer,1.0,79.0357,0.0,79.3799,79.3799,79.0357,0.0455,24.9257,81.5997,1665
2016-06-04 10:00:00,90.62,transfer,1.0,77.6637,0.0,67.4702,67.4702,77.6637,0.0455,24.8444,81.4412,1666
2016-06-04 11:00:00,95.34,transfer,1.0,75.4811,0.0,82.3913,82.3913,75.4811,0.0455,24.7916,81.2985,1667
2016-06-04 12:00:00,97.27,transfer,1.0,73.1523,0.0,63.044,63.044,73.1523,0.0456,24.7067,81.1146,1668
2016-06-04 13:00:00,102.56,transfer,1.0,71.0613,0.0,64.415,64.415,71.0613,0.0456,24.652,80.9575,1669
2016-06-04 14:00:00,96.55,transfer,1.0,68.993,0.0,77.2036,77.2036,68.993,0.0457,24.5531,80.7541,1670
2016-06-04 15:00:00,100.49,transfer,1.0,66.9785,0.0,74.3277,74.3277,66.9785,0.0457,24.4709,80.5728,1671
2016-06-04 16:00:00,102.44,transfer,1.0,64.4396,0.0,73.4263,73.4263,64.4396,0.0458,24.384,80.3913,1672
2016-06-04 17:00:00,106.62,transfer,1.0,62.414,0.0,65.4221,65.4221,62.414,0.0459,24.3392,80.2584,1673
2016-06-04 18:00:00,65.4,transfer,1.0,60.9038,0.0,55.6209,55.6209,60.9038,0.0459,24.3626,80.2084,1674
2016-06-04 19:00:00,61.53,transfer,1.0,59.7524,0.0,61.5649,61.5649,59.7524,0.0459,24.3511,80.1719,1675
2016-06-04 20:00:00,66.49,transfer,1.0,58.1645,0.0,49.4293,49.4293,58.1645,0.046,24.3713,80.1435,1676
2016-06-04 21:00:00,62.22,transfer,1.0,56.6068,0.0,53.3479,53.3479,56.6068,0.0463,24.3879,80.4219,1677
2016-06-04 22:00:00,58.83,transfer,1.0,55.9058,0.0,55.6286,55.6286,55.9058,0.0468,24.3927,80.6379,1678
2016-06-04 23:00:00,50.51,transfer,1.0,55.5307,0.0,60.3793,60.3793,55.5307,0.0475,24.3836,80.7701,1679
2016-06-05 00:00:00,50.46,transfer,1.0,55.3523,0.0,62.7262,62.7262,55.3523,0.0486,24.3759,80.7649,1680
2016-06-05 01:00:00,50.43,transfer,1.0,55.5502,0.0,47.9544,47.9544,55.5502,0.0501,24.3697,80.7639,1681
2016-06-05 02:00:00,50.39,transfer,1.0,56.0491,0.0,60.7936,60.7936,56.0491,0.0523,24.3648,80.7654,1682
2016-06-05 03:00:00,50.65,transfer,1.0,57.1017,0.0,60.6592,60.6592,57.1017,0.0549,24.3628,80.768,1683
2016-06-05 04:00:00,89.1,transfer,1.0,59.1224,0.0,65.8153,65.8153,59.1224,0.0578,24.3648,80.776,1684
2016-06-05 05:00:00,91.36,transfer,1.0,62.8023,0.0,71.1139,71.1139,62.8023,0.0599,24.3426,80.7692,1685
2016-06-05 06:00:00,94.08,transfer,1.0,69.9516,0.0,70.686,70.686,69.9516,0.0605,24.2978,80.7518,1686
2016-06-05 07:00:00,92.43,transfer,1.0,76.8911,0.0,84.9928,84.9928,76.8911,0.0595,24.228,80.7139,1687
2016-06-05 08:00:00,90.75,transfer,1.0,81.1283,0.0,70.075,70.075,81.1283,0.0573,24.1183,80.6325,1688
2016-06-05 09:00:00,91.52,transfer,1.0,80.2775,0.0,62.7267,62.7267,80.2775,0.0548,23.9824,80.5131,1689
2016-06-05 10:00:00,95.64,transfer,1.0,76.8524,0.0,76.3665,76.3665,76.8524,0.0525,23.8588,80.3913,1690
2016-06-05 11:00:00,93.2,transfer,1.0,73.4101,0.0,71.4675,71.4675,73.4101,0.0506,23.7558,80.2772,1691
2016-06-05 12:00:00,97.08,transfer,1.0,71.0549,0.0,75.2363,75.2363,71.0549,0.0492,23.6482,80.1501,1692
2016-06-05 13:00:00,100.6,transfer,1.0,68.9349,0.0,60.6069,60.6069,68.9349,0.0482,23.5761,80.0541,1693
2016-06-05 14:00:00,102.93,transfer,1.0,67.2382,0.0,60.4115,60.4115,67.2382,0.0476,23.5251,79.9779,1694
2016-06-05 15:00:00,115.46,transfer,1.0,65.924,0.0,61.6049,61.6049,65.924,0.0472,23.525,79.9553,1695
2016-06-05 16:00:00,110.03,transfer,1.0,65.0179,0.0,64.7131,64.7131,65.0179,0.0471,23.5335,79.9458,1696
2016-06-05 17:00:00,102.24,transfer,1.0,64.8327,0.0,73.2837,73.2837,64.8327,0.0477,23.4985,79.9015,1697
2016-06-05 18:00:00,62.61,transfer,1.0,64.1469,0.0,70.7628,70.7628,64.1469,81.0295,23.4919,79.9293,1698
2016-06-05 19:00:00,61.41,transfer,1.0,62.5695,0.0,63.5114,63.5114,62.5695,84.4651,23.4974,79.9351,1699
2016-06-05 20:00:00,64.71,transfer,1.0,60.1183,0.0,49.8697,49.8697,60.1183,84.4654,23.4729,79.962,1700
2016-06-05 21:00:00,62.3,transfer,1.0,58.3584,0.0,57.9716,57.9716,58.3584,84.4658,23.4619,79.9732,1701
2016-06-05 22:00:00,55.25,transfer,1.0,57.5488,0.0,52.5421,52.5421,57.5488,84.4663,23.453,79.9631,1702
2016-06-05 23:00:00,50.27,transfer,1.0,57.0844,0.0,52.5273,52.5273,57.0844,84.4667,23.4538,79.9614,1703
2016-06-06 00:00:00,49.85,transfer,1.0,56.6899,0.0,62.2001,62.2001,56.6899,84.4673,23.4546,79.9599,1704
2016-06-06 01:00:00,49.49,transfer,1.0,57.4153,0.0,53.8841,53.8841,57.4153,81.106,23.4604,79.9425,1705
2016-06-06 02:00:00,49.47,transfer,1.0,59.7946,0.0,69.5504,69.5504,59.7946,80.7953,23.4676,79.9446,1706
2016-06-06 03:00:00,49.65,transfer,1.0,64.2001,0.0,60.5532,60.5532,64.2001,80.8668,23.4776,79.9476,1707
2016-06-06 04:00:00,82.46,transfer,1.0,71.2915,0.0,67.4778,67.4778,71.2915,0.0638,23.4243,79.9065,1708
2016-06-06 05:00:00,84.52,transfer,1.0,83.9686,0.0,69.7445,69.7445,83.9686,0.0703,23.3561,79.8634,1709
2016-06-06 06:00:00,73.71,transfer,1.0,99.7277,0.0,94.9195,94.9195,99.7277,0.0749,23.4035,79.8382,1710
2016-06-06 07:00:00,96.31,transfer,1.0,108.6947,0.0,88.666,88.666,108.6947,0.0762,23.3168,79.9431,1711
2016-06-06 08:00:00,135.35,transfer,1.0,111.5294,0.0,115.9254,115.9254,111.5294,0.0746,23.2684,80.2984,1712
2016-06-06 09:00:00,156.97,transfer,1.0,113.6776,0.0,127.1658,127.1658,113.6776,0.0707,23.3518,80.7738,1713
2016-06-06 10:00:00,161.95,transfer,1.0,115.6848,0.0,104.7364,104.7364,115.6848,0.0658,23.4791,81.2742,1714
2016-06-06 11:00:00,163.18,transfer,1.0,116.7092,0.0,117.4221,117.4221,116.7092,0.061,23.6645,81.7558,1715
2016-06-06 12:00:00,157.22,transfer,1.0,117.0651,0.0,125.8053,125.8053,117.0651,0.0569,23.8599,82.1986,1716
2016-06-06 13:00:00,159.04,transfer,1.0,117.0367,0.0,104.0419,104.0419,117.0367,0.0539,24.1079,82.6902,1717
2016-06-06 14:00:00,162.35,transfer,1.0,116.592,0.0,132.0605,132.0605,116.592,0.0519,24.3567,83.4314,1718
2016-06-06 15:00:00,157.15,transfer,1.0,115.8034,0.0,131.899,131.899,115.8034,0.0507,24.5434,84.299,1719
2016-06-06 16:00:00,148.47,transfer,1.0,114.5832,0.0,113.1131,113.1131,114.5832,0.0515,24.6248,85.1091,1720
2016-06-06 17:00:00,132.35,transfer,1.0,112.1304,0.0,109.2677,109.2677,112.1304,80.7062,24.6262,85.3869,1721
2016-06-06 18:00:00,78.24,transfer,1.0,107.3689,0.0,119.5486,119.5486,107.3689,84.4634,24.7601,85.2724,1722
2016-06-06 19:00:00,63.22,transfer,1.0,96.7355,0.0,116.687,116.687,96.7355,84.4644,24.8842,85.1914,1723
2016-06-06 20:00:00,63.91,transfer,1.0,81.1314,0.0,97.5027,97.5027,81.1314,84.4647,24.9839,85.1683,1724
2016-06-06 21:00:00,66.56,transfer,1.0,70.0461,0.0,66.2521,66.2521,70.0461,84.4649,25.0046,85.1151,1725
2016-06-06 22:00:00,66.12,transfer,1.0,64.1794,0.0,64.6451,64.6451,64.1794,84.4651,25.0111,85.0661,1726
2016-06-06 23:00:00,65.17,transfer,1.0,61.5881,0.0,49.4418,49.4418,61.5881,84.4653,24.9989,85.0516,1727
2016-06-07 00:00:00,64.31,transfer,1.0,60.6068,0.0,55.4372,55.4372,60.6068,84.4654,25.012,85.0033,1728
2016-06-07 01:00:00,64.99,transfer,1.0,60.6178,0.0,64.5518,64.5518,60.6178,84.4656,25.0177,84.9506,1729
2016-06-07 02:00:00,66.78,transfer,1.0,61.6926,0.0,62.5642,62.5642,61.6926,84.4655,25.0105,84.886,1730
2016-06-07 03:00:00,62.64,transfer,1.0,64.4677,0.0,51.5211,51.5211,64.4677,80.6364,24.9644,84.825,1731
2016-06-07 04:00:00,109.86,transfer,1.0,71.3341,0.0,71.3263,71.3263,71.3341,0.0493,25.0347,85.3935,1732
2016-06-07 05:00:00,101.73,transfer,1.0,83.7285,0.0,84.8313,84.8313,83.7285,0.0486,25.0864,85.9543,1733
2016-06-07 06:00:00,92.04,transfer,1.0,99.9584,0.0,95.7782,95.7782,99.9584,0.0487,25.1314,86.4163,1734
2016-06-07 07:00:00,128.17,transfer,1.0,109.3993,0.0,93.8184,93.8184,109.3993,0.0485,25.1925,86.991,1735
2016-06-07 08:00:00,161.49,transfer,1.0,114.0254,0.0,102.4383,102.4383,114.0254,0.0481,25.2626,87.5738,1736
2016-06-07 09:00:00,179.03,transfer,1.0,116.7445,0.0,120.3274,120.3274,116.7445,0.0478,25.2875,88.1106,1737
2016-06-07 10:00:00,184.42,transfer,1.0,117.9385,0.0,115.8855,115.8855,117.9385,0.0475,25.3302,88.6631,1738
2016-06-07 11:00:00,180.27,transfer,1.0,118.4597,0.0,135.0748,135.0748,118.4597,0.0473,25.3678,89.2093,1739
2016-06-07 12:00:00,185.21,transfer,1.0,118.6826,0.0,136.4072,136.4072,118.6826,0.0471,25.3683,89.718,1740
2016-06-07 13:00:00,161.13,transfer,1.0,118.7663,0.0,110.1991,110.1991,118.7663,0.047,25.2802,90.1382,1741
2016-06-07 14:00:00,164.95,transfer,1.0,118.7533,0.0,118.119,118.119,118.7533,0.0469,25.1769,90.5435,1742
2016-06-07 15:00:00,159.16,transfer,1.0,118.5941,0.0,108.7214,108.7214,118.5941,0.0468,25.0511,90.9273,1743
2016-06-07 16:00:00,141.56,transfer,1.0,118.2343,0.0,103.303,103.303,118.2343,0.0469,24.9129,91.2991,1744
2016-06-07 17:00:00,142.33,transfer,1.0,117.4567,0.0,113.9226,113.9226,117.4567,0.0472,24.8023,91.6994,1745
2016-06-07 18:00:00,88.82,transfer,1.0,115.7673,0.0,131.8403,131.8403,115.7673,0.0476,24.8105,92.2027,1746
2016-06-07 19:00:00,81.78,transfer,1.0,110.1454,0.0,112.4564,112.4564,110.1454,0.048,24.8098,92.6698,1747
2016-06-07 20:00:00,79.38,transfer,1.0,96.2539,0.0,94.9391,94.9391,96.2539,0.0529,24.79,93.0987,1748
2016-06-07 21:00:00,79.91,transfer,1.0,84.536,0.0,84.3223,84.3223,84.536,80.6277,24.7064,92.9974,1749
2016-06-07 22:00:00,77.89,transfer,1.0,77.059,0.0,83.4321,83.4321,77.059,80.6531,24.5833,92.8409,1750
2016-06-07 23:00:00,65.13,transfer,1.0,72.159,0.0,73.347,73.347,72.159,80.6768,24.5202,92.7446,1751
2016-06-08 00:00:00,59.68,transfer,1.0,69.7817,0.0,69.0436,69.0436,69.7817,80.6986,24.503,92.6794,1752
2016-06-08 01:00:00,58.88,transfer,1.0,67.6802,0.0,73.4206,73.4206,67.6802,80.72,24.4918,92.6159,1753
2016-06-08 02:00:00,58.71,transfer,1.0,67.2477,0.0,58.2097,58.2097,67.2477,80.7419,24.4824,92.5519,1754
2016-06-08 03:00:00,58.54,transfer,1.0,69.4538,0.0,68.7479,68.7479,69.4538,0.0555,24.4795,92.7027,1755
2016-06-08 04:00:00,87.21,transfer,1.0,74.9844,0.0,75.3749,75.3749,74.9844,0.0568,24.3559,93.1357,1756
2016-06-08 05:00:00,82.62,transfer,1.0,88.8014,0.0,98.5076,98.5076,88.8014,0.058,24.2481,93.5211,1757
2016-06-08 06:00:00,76.9,transfer,1.0,104.2551,0.0,97.4108,97.4108,104.2551,0.058,24.3186,93.8287,1758
2016-06-08 07:00:00,112.36,transfer,1.0,112.6616,0.0,125.4276,125.4276,112.6616,0.0572,24.1808,93.7388,1759
2016-06-08 08:00:00,134.12,transfer,1.0,116.3942,0.0,131.5723,131.5723,116.3942,0.0557,23.9715,93.5522,1760
2016-06-08 09:00:00,146.04,transfer,1.0,118.0257,0.0,126.3419,126.3419,118.0257,0.0541,23.7236,93.3135,1761
2016-06-08 10:00:00,143.17,transfer,1.0,118.5329,0.0,131.3779,131.3779,118.5329,0.0526,23.444,93.0372,1762
2016-06-08 11:00:00,143.37,transfer,1.0,118.6889,0.0,104.8857,104.8857,118.6889,0.0514,23.2563,92.8502,1763
2016-06-08 12:00:00,139.45,transfer,1.0,118.6047,0.0,112.9054,112.9054,118.6047,0.0505,23.0545,92.6472,1764
2016-06-08 13:00:00,132.43,transfer,1.0,118.2958,0.0,83.4636,83.4636,118.2958,0.0499,22.8335,92.4229,1765
2016-06-08 14:00:00,130.43,transfer,1.0,117.5996,0.0,126.5324,126.5324,117.5996,0.0496,22.5541,92.1364,1766
2016-06-08 15:00:00,128.12,transfer,1.0,116.1521,0.0,135.976,135.976,116.1521,0.0495,22.2642,91.8317,1767
2016-06-08 16:00:00,120.23,transfer,1.0,113.2446,0.0,105.5086,105.5086,113.2446,0.0495,22.061,91.5985,1768
2016-06-08 17:00:00,116.06,transfer,1.0,107.3748,0.0,106.3092,106.3092,107.3748,0.0497,21.9532,91.429,1769
2016-06-08 18:00:00,78.94,transfer,1.0,99.4555,0.0,106.6162,106.6162,99.4555,80.6806,21.9238,90.8987,1770
2016-06-08 19:00:00,69.6,transfer,1.0,86.5902,0.0,81.7397,81.7397,86.5902,80.7686,21.8447,90.4839,1771
2016-06-08 20:00:00,64.84,transfer,1.0,75.3222,0.0,79.9131,79.9131,75.3222,80.9503,21.7671,90.1387,1772
2016-06-08 21:00:00,64.21,transfer,1.0,68.2461,0.0,67.2677,67.2677,68.2461,83.6554,21.6901,89.8478,1773
2016-06-08 22:00:00,64.82,transfer,1.0,64.5238,0.0,66.0227,66.0227,64.5238,82.6921,21.573,89.8097,1774
2016-06-08 23:00:00,54.41,transfer,1.0,62.9815,0.0,71.7042,71.7042,62.9815,81.103,21.5314,89.8102,1775
2016-06-09 00:00:00,52.7,transfer,1.0,62.4885,0.0,75.5573,75.5573,62.4885,81.1492,21.5219,89.8223,1776
2016-06-09 01:00:00,52.91,transfer,1.0,62.2546,0.0,71.5787,71.5787,62.2546,81.2151,21.519,89.6798,1777
2016-06-09 02:00:00,53.05,transfer,1.0,63.5956,0.0,69.3616,69.3616,63.5956,81.3927,21.5264,89.5398,1778
2016-06-09 03:00:00,53.11,transfer,1.0,67.5946,0.0,76.7881,76.7881,67.5946,81.6984,21.5538,89.4012,1779
2016-06-09 04:00:00,66.28,transfer,1.0,75.5888,0.0,71.2629,71.2629,75.5888,8.5906,21.4189,89.1679,1780
2016-06-09 05:00:00,71.84,transfer,1.0,92.2534,0.0,78.7896,78.7896,92.2534,27.8996,21.3914,88.841,1781
2016-06-09 06:00:00,66.23,transfer,1.0,106.6033,0.0,109.7444,109.7444,106.6033,60.4412,21.5688,88.2752,1782
2016-06-09 07:00:00,91.17,transfer,1.0,113.6433,0.0,115.8622,115.8622,113.6433,79.4425,21.6469,87.6678,1783
2016-06-09 08:00:00,110.82,transfer,1.0,116.4062,0.0,135.7921,135.7921,116.4062,83.5667,21.4923,86.9717,1784
2016-06-09 09:00:00,129.25,transfer,1.0,117.3468,0.0,115.1885,115.1885,117.3468,84.2968,21.3734,86.3576,1785
2016-06-09 10:00:00,132.46,transfer,1.0,117.1298,0.0,105.7058,105.7058,117.1298,84.4295,21.2759,85.7552,1786
2016-06-09 11:00:00,143.63,transfer,1.0,116.4526,0.0,131.6777,131.6777,116.4526,84.4564,21.2342,85.2024,1787
2016-06-09 12:00:00,144.8,transfer,1.0,115.3191,0.0,124.6925,124.6925,115.3191,84.4629,21.208,84.6587,1788
2016-06-09 13:00:00,142.69,transfer,1.0,114.2634,0.0,122.0232,122.0232,114.2634,84.4646,21.1575,84.0869,1789
2016-06-09 14:00:00,144.76,transfer,1.0,113.0012,0.0,111.8802,111.8802,113.0012,84.4653,21.0868,83.492,1790
2016-06-09 15:00:00,141.34,transfer,1.0,111.0933,0.0,110.5988,110.5988,111.0933,84.4658,20.9753,82.8523,1791
2016-06-09 16:00:00,134.5,transfer,1.0,108.4387,0.0,126.0856,126.0856,108.4387,84.4667,20.8512,82.1968,1792
2016-06-09 17:00:00,129.89,transfer,1.0,104.6048,0.0,87.5608,87.5608,104.6048,84.4803,20.8239,81.6342,1793
2016-06-09 18:00:00,80.87,transfer,1.0,98.8096,0.0,110.222,110.222,98.8096,84.4816,20.8183,81.1384,1794
2016-06-09 19:00:00,71.41,transfer,1.0,87.7542,0.0,80.646,80.646,87.7542,84.4816,20.8143,80.7476,1795
2016-06-09 20:00:00,66.88,transfer,1.0,74.843,0.0,76.5355,76.5355,74.843,84.4816,20.8396,80.3876,1796
2016-06-09 21:00:00,65.22,transfer,1.0,66.3022,0.0,62.3892,62.3892,66.3022,84.4816,20.8185,80.1034,1797
2016-06-09 22:00:00,65.78,transfer,1.0,62.0258,0.0,55.4615,55.4615,62.0258,84.4682,20.7842,79.8787,1798
2016-06-09 23:00:00,59.53,transfer,1.0,60.244,0.0,57.1485,57.1485,60.244,84.4681,20.7334,79.7114,1799
2016-06-10 00:00:00,54.49,transfer,1.0,59.8066,0.0,67.8019,67.8019,59.8066,84.4689,20.721,79.5776,1800
2016-06-10 01:00:00,54.29,transfer,1.0,60.3676,0.0,56.249,56.249,60.3676,84.4696,20.7186,79.4466,1801
2016-06-10 02:00:00,54.56,transfer,1.0,62.17,0.0,55.2987,55.2987,62.17,84.4703,20.7232,79.3158,1802
2016-06-10 03:00:00,55.14,transfer,1.0,66.0553,0.0,70.9238,70.9238,66.0553,81.2137,20.7405,79.1604,1803
2016-06-10 04:00:00,81.62,transfer,1.0,73.3036,0.0,65.9266,65.9266,73.3036,81.3337,20.5991,78.5915,1804
2016-06-10 05:00:00,83.51,transfer,1.0,88.4793,0.0,87.3708,87.3708,88.4793,81.5707,20.4684,78.0063,1805
2016-06-10 06:00:00,76.65,transfer,1.0,104.8049,0.0,106.3503,106.3503,104.8049,3.5688,20.5358,77.8039,1806
2016-06-10 07:00:00,110.36,transfer,1.0,112.9437,0.0,102.7526,102.7526,112.9437,9.9357,20.4367,77.6673,1807
2016-06-10 08:00:00,132.55,transfer,1.0,115.6451,0.0,98.668,98.668,115.6451,19.9928,20.3093,77.4438,1808
2016-06-10 09:00:00,142.36,transfer,1.0,116.6184,0.0,131.5076,131.5076,116.6184,34.8813,20.1571,77.0936,1809
2016-06-10 10:00:00,140.03,transfer,1.0,116.6604,0.0,133.7109,133.7109,116.6604,53.7076,19.9821,76.6016,1810
2016-06-10 11:00:00,140.07,transfer,1.0,116.2409,0.0,128.55,128.55,116.2409,69.923,19.7811,75.9819,1811
2016-06-10 12:00:00,144.88,transfer,1.0,115.4321,0.0,132.7501,132.7501,115.4321,77.9118,19.609,75.338,1812
2016-06-10 13:00:00,135.0,transfer,1.0,114.0514,0.0,115.6391,115.6391,114.0514,80.6799,19.3644,74.5974,1813
2016-06-10 14:00:00,138.94,transfer,1.0,112.1139,0.0,117.3675,117.3675,112.1139,81.5422,19.1676,73.8894,1814
2016-06-10 15:00:00,138.87,transfer,1.0,108.7805,0.0,119.9618,119.9618,108.7805,82.5971,19.0417,73.2288,1815
2016-06-10 16:00:00,132.81,transfer,1.0,104.2738,0.0,123.8997,123.8997,104.2738,84.4443,19.0758,72.6961,1816
2016-06-10 17:00:00,118.95,transfer,1.0,98.563,0.0,101.7218,101.7218,98.563,84.4644,19.1356,72.1649,1817
2016-06-10 18:00:00,71.33,transfer,1.0,92.5141,0.0,78.2741,78.2741,92.5141,84.4656,19.0713,71.7901,1818
2016-06-10 19:00:00,65.45,transfer,1.0,81.3783,0.0,69.6404,69.6404,81.3783,84.4742,19.0157,71.4827,1819
2016-06-10 20:00:00,68.87,transfer,1.0,70.4192,0.0,68.8236,68.8236,70.4192,84.4816,18.9555,71.1634,1820
2016-06-10 21:00:00,62.75,transfer,1.0,64.2819,0.0,78.6596,78.6596,64.2819,84.4816,18.923,70.9099,1821
2016-06-10 22:00:00,62.74,transfer,1.0,61.6729,0.0,64.7534,64.7534,61.6729,84.469,18.8774,70.7005,1822
2016-06-10 23:00:00,56.88,transfer,1.0,60.3944,0.0,51.1831,51.1831,60.3944,84.4666,18.8307,70.6885,1823
2016-06-11 00:00:00,50.72,transfer,1.0,59.9119,0.0,47.3345,47.3345,59.9119,84.4669,18.8277,70.7112,1824
2016-06-11 01:00:00,50.69,transfer,1.0,59.0617,0.0,57.7536,57.7536,59.0617,84.4671,18.8262,70.7322,1825
2016-06-11 02:00:00,50.53,transfer,1.0,58.4798,0.0,59.2585,59.2585,58.4798,84.4672,18.828,70.6346,1826
2016-06-11 03:00:00,50.23,transfer,1.0,58.5793,0.0,56.2455,56.2455,58.5793,80.8983,18.8312,70.5191,1827
2016-06-11 04:00:00,86.67,transfer,1.0,59.5109,0.0,45.1984,45.1984,59.5109,80.676,18.8185,70.0329,1828
2016-06-11 05:00:00,85.74,transfer,1.0,62.3833,0.0,66.8754,66.8754,62.3833,0.0523,18.79,70.0155,1829
2016-06-11 06:00:00,83.47,transfer,1.0,68.7374,0.0,68.441,68.441,68.7374,0.0509,18.7187,69.9627,1830
2016-06-11 07:00:00,94.2,transfer,1.0,76.1592,0.0,70.6124,70.6124,76.1592,0.0502,18.7317,70.0011,1831
2016-06-11 08:00:00,99.84,transfer,1.0,81.3919,0.0,71.5602,71.5602,81.3919,0.0493,18.7726,70.065,1832
2016-06-11 09:00:00,103.09,transfer,1.0,82.6821,0.0,71.0037,71.0037,82.6821,0.0484,18.8354,70.1495,1833
2016-06-11 10:00:00,108.01,transfer,1.0,81.2026,0.0,81.0256,81.0256,81.2026,0.0476,18.9179,70.253,1834
2016-06-11 11:00:00,111.91,transfer,1.0,78.8975,0.0,77.7538,77.7538,78.8975,0.0469,18.9962,70.3516,1835
2016-06-11 12:00:00,111.23,transfer,1.0,76.7883,0.0,75.6514,75.6514,76.7883,0.0464,19.0576,70.4347,1836
2016-06-11 13:00:00,124.85,transfer,1.0,74.8596,0.0,70.9073,70.9073,74.8596,0.0461,19.1677,70.5674,1837
2016-06-11 14:00:00,130.56,transfer,1.0,72.8658,0.0,62.6404,62.6404,72.8658,0.0459,19.3471,70.7699,1838
2016-06-11 15:00:00,135.69,transfer,1.0,71.644,0.0,66.8549,66.8549,71.644,0.0457,19.5288,70.9794,1839
2016-06-11 16:00:00,140.46,transfer,1.0,70.7264,0.0,85.3704,85.3704,70.7264,0.0457,19.7177,71.2057,1840
2016-06-11 17:00:00,133.87,transfer,1.0,70.178,0.0,70.1553,70.1553,70.178,0.0457,19.8337,71.3679,1841
2016-06-11 18:00:00,78.26,transfer,1.0,69.6329,0.0,64.7082,64.7082,69.6329,0.0461,19.8583,71.4444,1842
2016-06-11 19:00:00,74.97,transfer,1.0,67.4591,0.0,63.5921,63.5921,67.4591,80.5699,19.8924,71.1118,1843
2016-06-11 20:00:00,76.94,transfer,1.0,63.1052,0.0,64.0394,64.0394,63.1052,80.602,19.9252,70.7381,1844
2016-06-11 21:00:00,69.42,transfer,1.0,59.8454,0.0,54.2459,54.2459,59.8454,80.681,19.9488,70.435,1845
2016-06-11 22:00:00,69.76,transfer,1.0,58.0276,0.0,47.5434,47.5434,58.0276,80.7436,20.0012,70.1505,1846
2016-06-11 23:00:00,58.49,transfer,1.0,56.778,0.0,51.935,51.935,56.778,80.6594,19.9815,69.9821,1847
2016-06-12 00:00:00,54.76,transfer,1.0,56.0002,0.0,58.1128,58.1128,56.0002,80.5905,19.9598,69.8358,1848
2016-06-12 01:00:00,53.9,transfer,1.0,55.6399,0.0,67.2387,67.2387,55.6399,80.5897,19.9397,69.6948,1849
2016-06-12 02:00:00,53.97,transfer,1.0,55.7369,0.0,59.873,59.873,55.7369,80.5929,19.9165,69.5536,1850
2016-06-12 03:00:00,53.17,transfer,1.0,56.5057,0.0,51.5614,51.5614,56.5057,0.0476,19.8979,69.5687,1851
2016-06-12 04:00:00,107.65,transfer,1.0,58.4185,0.0,65.4124,65.4124,58.4185,0.0482,20.0125,69.6791,1852
2016-06-12 05:00:00,107.8,transfer,1.0,62.1633,0.0,68.2603,68.2603,62.1633,0.0488,20.1142,69.7771,1853
2016-06-12 06:00:00,96.06,transfer,1.0,71.3467,0.0,80.2419,80.2419,71.3467,0.049,20.1177,69.7889,1854
2016-06-12 07:00:00,106.93,transfer,1.0,81.3878,0.0,79.6208,79.6208,81.3878,0.0487,20.1772,69.8753,1855
2016-06-12 08:00:00,119.24,transfer,1.0,87.0175,0.0,97.71,97.71,87.0175,0.0481,20.3118,70.0449,1856
2016-06-12 09:00:00,130.21,transfer,1.0,88.561,0.0,92.1262,92.1262,88.561,0.0475,20.4928,70.2753,1857
2016-06-12 10:00:00,141.07,transfer,1.0,88.0374,0.0,87.4448,87.4448,88.0374,0.0469,20.6966,70.5457,1858
2016-06-12 11:00:00,133.19,transfer,1.0,88.1885,0.0,72.4485,72.4485,88.1885,0.0464,20.8467,70.7838,1859
2016-06-12 12:00:00,142.92,transfer,1.0,88.3353,0.0,91.606,91.606,88.3353,0.0461,21.0167,71.0567,1860
2016-06-12 13:00:00,130.68,transfer,1.0,87.276,0.0,96.5437,96.5437,87.276,0.0459,21.0865,71.2357,1861
2016-06-12 14:00:00,137.21,transfer,1.0,86.4951,0.0,92.9239,92.9239,86.4951,0.0458,21.176,71.4398,1862
2016-06-12 15:00:00,127.76,transfer,1.0,83.7677,0.0,91.6284,91.6284,83.7677,0.0458,21.143,71.513,1863
2016-06-12 16:00:00,124.99,transfer,1.0,81.1057,0.0,80.4662,80.4662,81.1057,0.0459,21.1362,71.602,1864
2016-06-12 17:00:00,122.97,transfer,1.0,77.3611,0.0,85.3388,85.3388,77.3611,0.046,21.1851,71.7255,1865
2016-06-12 18:00:00,74.41,transfer,1.0,73.6468,0.0,69.0135,69.0135,73.6468,0.0461,21.1805,72.0585,1866
2016-06-12 19:00:00,64.8,transfer,1.0,69.1584,0.0,75.3146,75.3146,69.1584,0.0463,21.1995,72.3067,1867
2016-06-12 20:00:00,63.87,transfer,1.0,64.3022,0.0,54.2017,54.2017,64.3022,0.0466,21.1747,72.569,1868
2016-06-12 21:00:00,62.81,transfer,1.0,60.7217,0.0,64.0379,64.0379,60.7217,80.5899,21.1637,72.5429,1869
2016-06-12 22:00:00,65.63,transfer,1.0,58.8242,0.0,50.1318,50.1318,58.8242,80.6316,21.1905,72.4583,1870
2016-06-12 23:00:00,54.47,transfer,1.0,57.874,0.0,63.8977,63.8977,57.874,80.6685,21.1702,72.4106,1871
2016-06-13 00:00:00,51.12,transfer,1.0,57.5551,0.0,56.3879,56.3879,57.5551,80.6972,21.1678,72.3806,1872
2016-06-13 01:00:00,50.26,transfer,1.0,58.1242,0.0,49.1515,49.1515,58.1242,80.7304,21.1675,72.3738,1873
2016-06-13 02:00:00,50.07,transfer,1.0,60.0776,0.0,62.7443,62.7443,60.0776,80.7784,21.1656,72.3702,1874
2016-06-13 03:00:00,49.79,transfer,1.0,64.0861,0.0,73.7734,73.7734,64.0861,80.8244,21.1641,72.3691,1875
2016-06-13 04:00:00,79.82,transfer,1.0,70.9827,0.0,67.2501,67.2501,70.9827,0.0631,21.1502,72.3534,1876
2016-06-13 05:00:00,80.79,transfer,1.0,85.5302,0.0,91.342,91.342,85.5302,0.0687,21.1751,72.3312,1877
2016-06-13 06:00:00,74.24,transfer,1.0,102.4699,0.0,106.5039,106.5039,102.4699,0.0726,21.1883,72.3343,1878
2016-06-13 07:00:00,102.85,transfer,1.0,110.9671,0.0,96.4333,96.4333,110.9671,0.0738,21.1629,72.3733,1879
2016-06-13 08:00:00,121.12,transfer,1.0,114.3236,0.0,109.5541,109.5541,114.3236,0.0724,21.0616,72.2886,1880
2016-06-13 09:00:00,132.88,transfer,1.0,116.1778,0.0,106.3959,106.3959,116.1778,0.069,20.9033,72.1452,1881
2016-06-13 10:00:00,141.84,transfer,1.0,116.7383,0.0,116.6558,116.6558,116.7383,0.0647,20.7773,72.0255,1882
2016-06-13 11:00:00,136.89,transfer,1.0,116.6763,0.0,92.9129,92.9129,116.6763,0.0604,20.621,71.869,1883
2016-06-13 12:00:00,134.87,transfer,1.0,116.3777,0.0,118.7324,118.7324,116.3777,0.0565,20.4921,71.736,1884
2016-06-13 13:00:00,132.07,transfer,1.0,115.5098,0.0,128.0208,128.0208,115.5098,0.0534,20.3406,71.5755,1885
2016-06-13 14:00:00,135.11,transfer,1.0,113.578,0.0,118.8625,118.8625,113.578,0.0513,20.1964,71.4133,1886
2016-06-13 15:00:00,135.78,transfer,1.0,110.3343,0.0,124.2398,124.2398,110.3343,0.0499,20.1018,71.2861,1887
2016-06-13 16:00:00,130.28,transfer,1.0,105.8538,0.0,93.4618,93.4618,105.8538,0.0497,20.0455,71.1779,1888
2016-06-13 17:00:00,120.68,transfer,1.0,100.2333,0.0,97.9531,97.9531,100.2333,80.3451,20.0468,71.1105,1889
2016-06-13 18:00:00,72.24,transfer,1.0,93.0918,0.0,90.6011,90.6011,93.0918,84.4641,19.9975,71.1463,1890
2016-06-13 19:00:00,65.81,transfer,1.0,81.842,0.0,89.6817,89.6817,81.842,84.4647,19.8935,71.1308,1891
2016-06-13 20:00:00,63.7,transfer,1.0,70.4877,0.0,72.686,72.686,70.4877,84.4651,19.8314,71.1321,1892
2016-06-13 21:00:00,65.27,transfer,1.0,64.2775,0.0,64.7381,64.7381,64.2775,84.4655,19.8165,71.1398,1893
2016-06-13 22:00:00,66.31,transfer,1.0,61.3475,0.0,61.9255,61.9255,61.3475,84.4659,19.8345,71.1387,1894
2016-06-13 23:00:00,65.77,transfer,1.0,60.1624,0.0,65.8675,65.8675,60.1624,84.4663,19.8466,71.1351,1895
2016-06-14 00:00:00,65.3,transfer,1.0,59.8971,0.0,63.7466,63.7466,59.8971,84.4666,19.8567,71.1292,1896
2016-06-14 01:00:00,59.16,transfer,1.0,60.3376,0.0,63.8661,63.8661,60.3376,84.4671,19.8377,71.1639,1897
2016-06-14 02:00:00,62.86,transfer,1.0,61.8109,0.0,59.1407,59.1407,61.8109,84.4675,19.8136,71.1873,1898
2016-06-14 03:00:00,63.13,transfer,1.0,64.4107,0.0,61.6419,61.6419,64.4107,80.7306,19.8104,71.1849,1899
2016-06-14 04:00:00,105.05,transfer,1.0,70.7986,0.0,78.3575,78.3575,70.7986,0.0541,19.7849,71.1562,1900
2016-06-14 05:00:00,107.29,transfer,1.0,84.7167,0.0,91.7773,91.7773,84.7167,0.056,19.8121,71.1893,1901
2016-06-14 06:00:00,98.45,transfer,1.0,101.0566,0.0,103.8051,103.8051,101.0566,0.0574,19.7805,71.2274,1902
2016-06-14 07:00:00,123.37,transfer,1.0,110.1264,0.0,123.1483,123.1483,110.1264,0.0577,19.7476,71.1988,1903
2016-06-14 08:00:00,153.9,transfer,1.0,114.4135,0.0,112.633,112.633,114.4135,0.0569,19.7001,71.1535,1904
2016-06-14 09:00:00,147.4,transfer,1.0,116.6476,0.0,106.7239,106.7239,116.6476,0.0554,19.5124,70.9652,1905
2016-06-14 10:00:00,148.16,transfer,1.0,117.6174,0.0,119.2024,119.2024,117.6174,0.0535,19.2985,70.7494,1906
2016-06-14 11:00:00,142.23,transfer,1.0,117.8908,0.0,109.433,109.433,117.8908,0.0517,19.0755,70.5229,1907
2016-06-14 12:00:00,143.96,transfer,1.0,117.8853,0.0,105.4498,105.4498,117.8853,0.0501,18.8347,70.2773,1908
2016-06-14 13:00:00,135.69,transfer,1.0,117.609,0.0,117.115,117.115,117.609,0.0489,18.6901,70.1259,1909
2016-06-14 14:00:00,143.85,transfer,1.0,117.0027,0.0,108.0208,108.0208,117.0027,0.0479,18.575,70.0003,1910
2016-06-14 15:00:00,144.72,transfer,1.0,115.9224,0.0,99.8875,99.8875,115.9224,0.0473,18.5049,69.9143,1911
2016-06-14 16:00:00,139.96,transfer,1.0,114.444,0.0,102.8555,102.8555,114.444,0.0469,18.518,69.9048,1912
2016-06-14 17:00:00,133.83,transfer,1.0,112.1269,0.0,119.8206,119.8206,112.1269,0.0468,18.4991,69.8542,1913
2016-06-14 18:00:00,79.8,transfer,1.0,108.69,0.0,113.3274,113.3274,108.69,80.6026,18.5107,69.3306,1914
2016-06-14 19:00:00,76.88,transfer,1.0,99.376,0.0,109.1279,109.1279,99.376,82.1346,18.4757,68.8754,1915
2016-06-14 20:00:00,71.28,transfer,1.0,84.8465,0.0,80.3244,80.3244,84.8465,84.4643,18.456,68.4817,1916
2016-06-14 21:00:00,65.3,transfer,1.0,75.1117,0.0,87.0991,87.0991,75.1117,84.4653,18.4869,68.5915,1917
2016-06-14 22:00:00,68.14,transfer,1.0,69.1051,0.0,62.194,62.194,69.1051,84.466,18.4877,68.6722,1918
2016-06-14 23:00:00,58.1,transfer,1.0,65.4164,0.0,58.6083,58.6083,65.4164,84.4665,18.4894,68.7366,1919
2016-06-15 00:00:00,52.81,transfer,1.0,63.7506,0.0,63.2817,63.2817,63.7506,84.467,18.4944,68.7999,1920
2016-06-15 01:00:00,52.98,transfer,1.0,62.3032,0.0,58.4776,58.4776,62.3032,84.4675,18.4975,68.8574,1921
2016-06-15 02:00:00,52.79,transfer,1.0,62.1776,0.0,68.2384,68.2384,62.1776,84.4674,18.5026,68.9148,1922
2016-06-15 03:00:00,53.02,transfer,1.0,64.173,0.0,58.4297,58.4297,64.173,80.7738,18.504,68.7319,1923
2016-06-15 04:00:00,92.56,transfer,1.0,68.9606,0.0,70.6104,70.6104,68.9606,80.6542,18.5717,68.284,1924
2016-06-15 05:00:00,93.34,transfer,1.0,81.7149,0.0,77.7841,77.7841,81.7149,0.057,18.6041,68.3478,1925
2016-06-15 06:00:00,86.14,transfer,1.0,99.5442,0.0,107.4909,107.4909,99.5442,0.0573,18.5211,68.4028,1926
2016-06-15 07:00:00,115.26,transfer,1.0,110.3642,0.0,88.9887,88.9887,110.3642,0.0564,18.5484,68.42,1927
2016-06-15 08:00:00,145.05,transfer,1.0,115.0941,0.0,88.4105,88.4105,115.0941,0.0548,18.6212,68.4851,1928
2016-06-15 09:00:00,149.0,transfer,1.0,117.0034,0.0,98.8835,98.8835,117.0034,0.0528,18.6449,68.5027,1929
2016-06-15 10:00:00,149.7,transfer,1.0,117.622,0.0,128.2966,128.2966,117.622,0.051,18.6892,68.5416,1930
2016-06-15 11:00:00,147.92,transfer,1.0,117.6908,0.0,117.6804,117.6804,117.6908,0.0496,18.7222,68.5687,1931
2016-06-15 12:00:00,154.42,transfer,1.0,117.457,0.0,98.4293,98.4293,117.457,0.0484,18.8182,68.6578,1932
2016-06-15 13:00:00,155.74,transfer,1.0,116.9308,0.0,117.3682,117.3682,116.9308,0.0476,18.965,68.7966,1933
2016-06-15 14:00:00,164.66,transfer,1.0,116.1086,0.0,116.7933,116.7933,116.1086,0.047,19.1777,69.0004,1934
2016-06-15 15:00:00,151.19,transfer,1.0,115.0869,0.0,130.653,130.653,115.0869,0.0467,19.3213,69.1377,1935
2016-06-15 16:00:00,148.03,transfer,1.0,113.93,0.0,109.2623,109.2623,113.93,0.0466,19.4827,69.3032,1936
2016-06-15 17:00:00,137.39,transfer,1.0,111.4226,0.0,116.8439,116.8439,111.4226,0.0466,19.5856,69.4302,1937
2016-06-15 18:00:00,80.17,transfer,1.0,107.4672,0.0,88.311,88.311,107.4672,80.5968,19.626,69.4223,1938
2016-06-15 19:00:00,79.85,transfer,1.0,97.7098,0.0,98.6193,98.6193,97.7098,82.5741,19.6311,69.3721,1939
2016-06-15 20:00:00,75.07,transfer,1.0,82.8899,0.0,77.4818,77.4818,82.8899,84.4643,19.6153,69.3321,1940
2016-06-15 21:00:00,66.23,transfer,1.0,72.9605,0.0,74.8204,74.8204,72.9605,84.4647,19.6313,69.3249,1941
2016-06-15 22:00:00,65.67,transfer,1.0,67.0388,0.0,66.6076,66.6076,67.0388,84.4651,19.6377,69.3304,1942
2016-06-15 23:00:00,55.79,transfer,1.0,63.2977,0.0,61.5525,61.5525,63.2977,84.4655,19.6314,69.3422,1943
2016-06-16 00:00:00,52.12,transfer,1.0,61.2527,0.0,63.8176,63.8176,61.2527,84.4657,19.6275,69.3654,1944
2016-06-16 01:00:00,51.86,transfer,1.0,59.8589,0.0,59.8095,59.8095,59.8589,82.3512,19.6195,69.3784,1945
2016-06-16 02:00:00,51.64,transfer,1.0,59.6816,0.0,55.5534,55.5534,59.6816,80.6619,19.6046,69.3824,1946
2016-06-16 03:00:00,52.18,transfer,1.0,61.1635,0.0,66.3656,66.3656,61.1635,80.648,19.5718,69.3817,1947
2016-06-16 04:00:00,102.35,transfer,1.0,64.849,0.0,67.5353,67.5353,64.849,0.05,19.7396,69.6473,1948
2016-06-16 05:00:00,105.15,transfer,1.0,74.5569,0.0,66.282,66.282,74.5569,0.0504,19.8002,70.0113,1949
2016-06-16 06:00:00,98.98,transfer,1.0,92.6956,0.0,80.2724,80.2724,92.6956,0.0503,19.5973,70.5657,1950
2016-06-16 07:00:00,122.04,transfer,1.0,106.2179,0.0,108.6009,108.6009,106.2179,0.0498,19.5577,71.222,1951
2016-06-16 08:00:00,145.53,transfer,1.0,113.0931,0.0,115.8918,115.8918,113.0931,0.0492,19.7175,71.9258,1952
2016-06-16 09:00:00,150.97,transfer,1.0,116.0681,0.0,111.8986,111.8986,116.0681,0.0485,19.8544,72.5565,1953
2016-06-16 10:00:00,161.35,transfer,1.0,117.1232,0.0,127.1059,127.1059,117.1232,0.0479,20.0264,73.2308,1954
2016-06-16 11:00:00,150.32,transfer,1.0,117.3993,0.0,125.8681,125.8681,117.3993,0.0474,20.0606,73.773,1955
2016-06-16 12:00:00,158.65,transfer,1.0,117.4529,0.0,107.1997,107.1997,117.4529,0.0471,20.1304,74.358,1956
2016-06-16 13:00:00,160.12,transfer,1.0,117.1819,0.0,112.0944,112.0944,117.1819,0.0469,20.2168,74.9642,1957
2016-06-16 14:00:00,168.85,transfer,1.0,116.7505,0.0,124.952,124.952,116.7505,0.0467,20.3378,75.6101,1958
2016-06-16 15:00:00,160.66,transfer,1.0,116.063,0.0,113.4871,113.4871,116.063,0.0466,20.4232,76.2276,1959
2016-06-16 16:00:00,154.86,transfer,1.0,115.064,0.0,133.0478,133.0478,115.064,0.0466,20.505,76.8513,1960
2016-06-16 17:00:00,150.36,transfer,1.0,113.3656,0.0,130.8643,130.8643,113.3656,0.0466,20.5747,77.4757,1961
2016-06-16 18:00:00,80.37,transfer,1.0,110.2012,0.0,105.8286,105.8286,110.2012,0.0467,20.6455,77.9323,1962
2016-06-16 19:00:00,78.74,transfer,1.0,102.0313,0.0,100.7228,100.7228,102.0313,0.049,20.6868,78.3229,1963
2016-06-16 20:00:00,72.89,transfer,1.0,86.0031,0.0,75.079,75.079,86.0031,80.5935,20.7175,78.264,1964
2016-06-16 21:00:00,66.56,transfer,1.0,74.2274,0.0,71.7586,71.7586,74.2274,80.607,20.7567,78.2329,1965
2016-06-16 22:00:00,65.17,transfer,1.0,66.7818,0.0,60.4598,60.4598,66.7818,80.6181,20.7439,78.2137,1966
2016-06-16 23:00:00,52.96,transfer,1.0,62.4181,0.0,62.8377,62.8377,62.4181,80.6331,20.796,78.2299,1967
2016-06-17 00:00:00,48.72,transfer,1.0,60.7268,0.0,63.1257,63.1257,60.7268,80.6395,20.8358,78.2415,1968
2016-06-17 01:00:00,49.15,transfer,1.0,59.937,0.0,51.233,51.233,59.937,80.6381,20.8638,78.2493,1969
2016-06-17 02:00:00,48.71,transfer,1.0,60.1876,0.0,65.5421,65.5421,60.1876,80.633,20.8869,78.2613,1970
2016-06-17 03:00:00,48.96,transfer,1.0,62.2172,0.0,64.8983,64.8983,62.2172,0.0503,20.9008,78.3972,1971
2016-06-17 04:00:00,91.38,transfer,1.0,66.6279,0.0,57.5135,57.5135,66.6279,0.0502,20.9986,78.9391,1972
2016-06-17 05:00:00,91.99,transfer,1.0,78.6106,0.0,91.9353,91.9353,78.6106,0.0506,21.0487,79.4748,1973
2016-06-17 06:00:00,81.51,transfer,1.0,97.8496,0.0,92.0895,92.0895,97.8496,0.0506,20.9784,79.5247,1974
2016-06-17 07:00:00,103.26,transfer,1.0,109.7185,0.0,99.3935,99.3935,109.7185,0.0501,21.0014,79.5413,1975
2016-06-17 08:00:00,132.45,transfer,1.0,114.4136,0.0,109.3393,109.3393,114.4136,0.0494,21.0082,79.6594,1976
2016-06-17 09:00:00,136.23,transfer,1.0,116.0408,0.0,111.463,111.463,116.0408,0.0487,20.9751,79.8302,1977
2016-06-17 10:00:00,141.49,transfer,1.0,116.3445,0.0,121.3792,121.3792,116.3445,0.0481,20.9857,80.1583,1978
2016-06-17 11:00:00,142.5,transfer,1.0,115.9349,0.0,123.1544,123.1544,115.9349,0.0476,21.002,80.5887,1979
2016-06-17 12:00:00,135.79,transfer,1.0,115.1088,0.0,100.8969,100.8969,115.1088,0.0472,20.9498,80.9981,1980
2016-06-17 13:00:00,123.74,transfer,1.0,113.8911,0.0,117.55,117.55,113.8911,0.0469,20.8837,81.411,1981
2016-06-17 14:00:00,126.44,transfer,1.0,111.6981,0.0,85.3817,85.3817,111.6981,0.0467,20.8118,81.8217,1982
2016-06-17 15:00:00,122.04,transfer,1.0,107.2143,0.0,93.8594,93.8594,107.2143,0.0466,20.7209,82.2129,1983
2016-06-17 16:00:00,113.01,transfer,1.0,100.8653,0.0,109.7024,109.7024,100.8653,0.0465,20.6234,82.5974,1984
2016-06-17 17:00:00,100.58,transfer,1.0,92.9979,0.0,105.1036,105.1036,92.9979,0.0464,20.5471,82.9906,1985
2016-06-17 18:00:00,55.72,transfer,1.0,84.0515,0.0,77.3925,77.3925,84.0515,0.0463,20.5897,83.2438,1986
2016-06-17 19:00:00,51.77,transfer,1.0,72.3639,0.0,70.492,70.492,72.3639,0.0463,20.6175,83.4384,1987
2016-06-17 20:00:00,52.73,transfer,1.0,63.9439,0.0,66.4267,66.4267,63.9439,0.047,20.675,83.6591,1988
2016-06-17 21:00:00,57.43,transfer,1.0,59.6333,0.0,66.5491,66.5491,59.6333,80.4768,20.679,83.6669,1989
2016-06-17 22:00:00,57.27,transfer,1.0,57.847,0.0,43.8981,43.8981,57.847,80.5911,20.6761,83.6764,1990
2016-06-17 23:00:00,51.39,transfer,1.0,57.4154,0.0,63.7468,63.7468,57.4154,80.6137,20.691,83.6861,1991
2016-06-18 00:00:00,46.9,transfer,1.0,57.6102,0.0,53.6524,53.6524,57.6102,80.6438,20.7,83.6861,1992
2016-06-18 01:00:00,46.51,transfer,1.0,57.4048,0.0,60.3244,60.3244,57.4048,80.661,20.7151,83.6883,1993
2016-06-18 02:00:00,46.38,transfer,1.0,57.3768,0.0,50.4089,50.4089,57.3768,80.6685,20.7332,83.6904,1994
2016-06-18 03:00:00,46.62,transfer,1.0,57.7332,0.0,51.9888,51.9888,57.7332,80.6653,20.7497,83.7105,1995
2016-06-18 04:00:00,77.08,transfer,1.0,58.9117,0.0,51.3433,51.3433,58.9117,0.0519,20.6961,84.1333,1996
2016-06-18 05:00:00,75.63,transfer,1.0,61.7576,0.0,46.3103,46.3103,61.7576,0.0523,20.6397,84.0732,1997
2016-06-18 06:00:00,69.59,transfer,1.0,66.8885,0.0,74.9421,74.9421,66.8885,0.0519,20.5681,83.9905,1998
2016-06-18 07:00:00,84.22,transfer,1.0,71.7725,0.0,78.2969,78.2969,71.7725,0.0509,20.5348,83.9311,1999
2016-06-18 08:00:00,84.66,transfer,1.0,74.1055,0.0,88.6845,88.6845,74.1055,0.0498,20.4878,83.8408,2000
2016-06-18 09:00:00,87.4,transfer,1.0,73.837,0.0,80.1471,80.1471,73.837,0.0487,20.447,83.7474,2001
2016-06-18 10:00:00,88.98,transfer,1.0,71.708,0.0,77.687,77.687,71.708,0.0477,20.3903,83.6341,2002
2016-06-18 11:00:00,85.13,transfer,1.0,69.3607,0.0,60.9469,60.9469,69.3607,0.047,20.2876,83.4747,2003
2016-06-18 12:00:00,88.05,transfer,1.0,67.0604,0.0,54.5396,54.5396,67.0604,0.0465,20.2076,83.3367,2004
2016-06-18 13:00:00,89.34,transfer,1.0,64.2601,0.0,60.3096,60.3096,64.2601,0.0461,20.0593,83.1253,2005
2016-06-18 14:00:00,88.15,transfer,1.0,61.9686,0.0,72.8663,72.8663,61.9686,0.0458,19.8717,82.8729,2006
2016-06-18 15:00:00,88.31,transfer,1.0,59.8722,0.0,59.8452,59.8452,59.8722,0.0456,19.6598,82.5909,2007
2016-06-18 16:00:00,90.83,transfer,1.0,58.1622,0.0,62.9839,62.9839,58.1622,0.0456,19.4391,82.2955,2008
2016-06-18 17:00:00,91.18,transfer,1.0,56.7307,0.0,61.0812,61.0812,56.7307,0.0456,19.2651,82.0414,2009
2016-06-18 18:00:00,58.81,transfer,1.0,55.7349,0.0,63.3422,63.3422,55.7349,80.1059,19.232,81.7026,2010
2016-06-18 19:00:00,52.99,transfer,1.0,54.9528,0.0,58.7133,58.7133,54.9528,80.5879,19.199,81.8335,2011
2016-06-18 20:00:00,53.29,transfer,1.0,54.0763,0.0,59.4809,59.4809,54.0763,80.8953,19.1213,81.976,2012
2016-06-18 21:00:00,58.13,transfer,1.0,53.1349,0.0,49.7763,49.7763,53.1349,84.465,19.0941,82.0657,2013
2016-06-18 22:00:00,58.78,transfer,1.0,52.7133,0.0,47.9454,47.9454,52.7133,82.9256,19.0604,82.1441,2014
2016-06-18 23:00:00,52.25,transfer,1.0,52.8184,0.0,56.8357,56.8357,52.8184,80.9073,19.0535,82.1827,2015
2016-06-19 00:00:00,47.14,transfer,1.0,53.2103,0.0,51.3732,51.3732,53.2103,80.7995,19.0823,82.2293,2016
2016-06-19 01:00:00,46.71,transfer,1.0,53.8129,0.0,46.4654,46.4654,53.8129,80.8876,19.1142,82.2739,2017
2016-06-19 02:00:00,46.5,transfer,1.0,54.6203,0.0,54.8663,54.8663,54.6203,81.0312,19.152,82.321,2018
2016-06-19 03:00:00,46.62,transfer,1.0,55.8102,0.0,56.2399,56.2399,55.8102,0.0816,19.1869,82.2818,2019
2016-06-19 04:00:00,76.76,transfer,1.0,57.5369,0.0,58.4882,58.4882,57.5369,0.1106,19.0083,82.0975,2020
2016-06-19 05:00:00,75.15,transfer,1.0,60.488,0.0,56.2952,56.2952,60.488,5.2122,18.8239,81.8724,2021
2016-06-19 06:00:00,72.45,transfer,1.0,65.2137,0.0,62.4484,62.4484,65.2137,17.4009,18.7199,81.6286,2022
2016-06-19 07:00:00,86.42,transfer,1.0,69.0362,0.0,67.8041,67.8041,69.0362,41.1523,18.6713,81.2619,2023
2016-06-19 08:00:00,83.41,transfer,1.0,70.656,0.0,61.2945,61.2945,70.656,68.2072,18.5554,80.6429,2024
2016-06-19 09:00:00,86.51,transfer,1.0,69.5556,0.0,62.8213,62.8213,69.5556,80.3962,18.4084,79.9045,2025
2016-06-19 10:00:00,88.01,transfer,1.0,67.3719,0.0,63.4857,63.4857,67.3719,83.3444,18.2156,79.0929,2026
2016-06-19 11:00:00,94.23,transfer,1.0,65.3289,0.0,56.0969,56.0969,65.3289,84.0531,18.1198,78.3609,2027
2016-06-19 12:00:00,95.19,transfer,1.0,63.6369,0.0,70.2312,70.2312,63.6369,84.2918,17.9827,77.5753,2028
2016-06-19 13:00:00,93.57,transfer,1.0,62.5653,0.0,70.889,70.889,62.5653,84.404,17.9089,76.8523,2029
2016-06-19 14:00:00,95.0,transfer,1.0,61.5546,0.0,61.3728,61.3728,61.5546,84.4502,17.8061,76.0987,2030
2016-06-19 15:00:00,99.97,transfer,1.0,60.4463,0.0,47.9065,47.9065,60.4463,84.4619,17.7795,75.4308,2031
2016-06-19 16:00:00,96.58,transfer,1.0,59.443,0.0,57.4335,57.4335,59.443,84.4645,17.7393,74.7592,2032
2016-06-19 17:00:00,93.14,transfer,1.0,58.7562,0.0,62.6041,62.6041,58.7562,84.4655,17.6725,74.0791,2033
2016-06-19 18:00:00,57.89,transfer,1.0,58.0102,0.0,52.764,52.764,58.0102,84.4816,17.6687,73.7948,2034
2016-06-19 19:00:00,53.71,transfer,1.0,56.9648,0.0,53.0653,53.0653,56.9648,84.4816,17.6621,73.5925,2035
2016-06-19 20:00:00,55.73,transfer,1.0,55.6448,0.0,49.4877,49.4877,55.6448,84.4817,17.66,73.3837,2036
2016-06-19 21:00:00,61.53,transfer,1.0,54.3928,0.0,55.3646,55.3646,54.3928,84.4817,17.6901,73.4145,2037
2016-06-19 22:00:00,59.78,transfer,1.0,53.8569,0.0,58.548,58.548,53.8569,84.4816,17.6848,73.4722,2038
2016-06-19 23:00:00,49.61,transfer,1.0,53.9401,0.0,64.8196,64.8196,53.9401,84.4679,17.6903,73.5238,2039
2016-06-20 00:00:00,47.31,transfer,1.0,54.2217,0.0,56.8879,56.8879,54.2217,84.4681,17.6932,73.5689,2040
2016-06-20 01:00:00,47.1,transfer,1.0,55.1343,0.0,59.1386,59.1386,55.1343,84.4689,17.6942,73.61,2041
2016-06-20 02:00:00,46.75,transfer,1.0,57.2907,0.0,59.1492,59.1492,57.2907,84.4697,17.6974,73.6517,2042
2016-06-20 03:00:00,46.69,transfer,1.0,61.0964,0.0,54.4188,54.4188,61.0964,81.0906,17.698,73.6717,2043
2016-06-20 04:00:00,81.82,transfer,1.0,67.3361,0.0,62.9134,62.9134,67.3361,81.1812,17.7316,73.2008,2044
2016-06-20 05:00:00,79.09,transfer,1.0,79.374,0.0,86.1395,86.1395,79.374,0.0947,17.7051,73.1905,2045
2016-06-20 06:00:00,78.92,transfer,1.0,96.627,0.0,97.8993,97.8993,96.627,0.3201,17.6425,73.2169,2046
2016-06-20 07:00:00,81.9,transfer,1.0,106.9221,0.0,113.201,113.201,106.9221,3.375,17.7431,73.0726,2047
2016-06-20 08:00:00,87.8,transfer,1.0,112.1528,0.0,120.9492,120.9492,112.1528,7.5883,17.8476,72.8295,2048
2016-06-20 09:00:00,88.26,transfer,1.0,113.1391,0.0,92.9959,92.9959,113.1391,12.7732,17.8963,72.4883,2049
2016-06-20 10:00:00,100.17,transfer,1.0,111.1009,0.0,99.859,99.859,111.1009,19.141,17.8119,72.1267,2050
2016-06-20 11:00:00,95.87,transfer,1.0,106.5489,0.0,103.4756,103.4756,106.5489,28.3212,17.7552,71.7143,2051
2016-06-20 12:00:00,105.41,transfer,1.0,101.6748,0.0,107.0791,107.0791,101.6748,44.7328,17.6673,71.273,2052
2016-06-20 13:00:00,101.78,transfer,1.0,95.6318,0.0,101.3592,101.3592,95.6318,69.0959,17.6053,70.6817,2053
2016-06-20 14:00:00,111.02,transfer,1.0,89.9358,0.0,83.8761,83.8761,89.9358,79.5928,17.6027,70.0649,2054
2016-06-20 15:00:00,112.88,transfer,1.0,83.9248,0.0,84.3923,84.3923,83.9248,81.6182,17.6236,69.4431,2055
2016-06-20 16:00:00,112.23,transfer,1.0,79.3327,0.0,61.8755,61.8755,79.3327,84.4348,17.674,68.8333,2056
2016-06-20 17:00:00,108.32,transfer,1.0,75.0346,0.0,74.9448,74.9448,75.0346,84.4644,17.7504,68.7352,2057
2016-06-20 18:00:00,60.47,transfer,1.0,70.8596,0.0,70.9827,70.9827,70.8596,84.4672,17.6881,68.8053,2058
2016-06-20 19:00:00,55.16,transfer,1.0,65.1165,0.0,68.1806,68.1806,65.1165,84.4816,17.652,68.8688,2059
2016-06-20 20:00:00,57.86,transfer,1.0,60.1368,0.0,65.3136,65.3136,60.1368,84.4816,17.6251,68.9037,2060
2016-06-20 21:00:00,63.01,transfer,1.0,57.279,0.0,60.8548,60.8548,57.279,84.4816,17.6533,68.9172,2061
2016-06-20 22:00:00,62.93,transfer,1.0,56.2369,0.0,54.0863,54.0863,56.2369,84.4816,17.6636,68.9374,2062
2016-06-20 23:00:00,54.99,transfer,1.0,56.0841,0.0,51.3141,51.3141,56.0841,84.4714,17.6368,69.0016,2063
2016-06-21 00:00:00,61.03,transfer,1.0,56.3713,0.0,51.7312,51.7312,56.3713,84.468,17.6323,69.0271,2064
2016-06-21 01:00:00,60.45,transfer,1.0,56.8106,0.0,63.0028,63.0028,56.8106,84.4685,17.647,69.0194,2065
2016-06-21 02:00:00,59.1,transfer,1.0,58.8382,0.0,61.215,61.215,58.8382,84.4691,17.6423,69.0418,2066
2016-06-21 03:00:00,59.66,transfer,1.0,62.8285,0.0,71.6543,71.6543,62.8285,82.3508,17.6535,69.0721,2067
2016-06-21 04:00:00,99.21,transfer,1.0,70.0666,0.0,75.3996,75.3996,70.0666,81.0018,17.6231,68.5555,2068
2016-06-21 05:00:00,102.37,transfer,1.0,84.3937,0.0,72.722,72.722,84.3937,81.0875,17.5958,68.0439,2069
2016-06-21 06:00:00,95.5,transfer,1.0,100.6366,0.0,106.1294,106.1294,100.6366,0.0812,17.6108,68.0262,2070
2016-06-21 07:00:00,106.75,transfer,1.0,108.9531,0.0,104.8681,104.8681,108.9531,0.0852,17.5451,67.9271,2071
2016-06-21 08:00:00,122.06,transfer,1.0,112.5121,0.0,116.7541,116.7541,112.5121,0.0854,17.3669,67.7374,2072
2016-06-21 09:00:00,130.5,transfer,1.0,114.0821,0.0,91.7749,91.7749,114.0821,0.0816,17.2816,67.6366,2073
2016-06-21 10:00:00,130.93,transfer,1.0,114.2823,0.0,106.2508,106.2508,114.2823,0.0753,17.1989,67.5339,2074
2016-06-21 11:00:00,133.3,transfer,1.0,114.0114,0.0,116.0788,116.0788,114.0114,0.0682,17.1688,67.4807,2075
2016-06-21 12:00:00,129.36,transfer,1.0,112.9898,0.0,105.3101,105.3101,112.9898,0.0622,17.1111,67.3937,2076
2016-06-21 13:00:00,129.31,transfer,1.0,111.7409,0.0,102.4688,102.4688,111.7409,0.0577,17.108,67.3557,2077
2016-06-21 14:00:00,115.42,transfer,1.0,108.6908,0.0,106.6546,106.6546,108.6908,0.0548,16.9883,67.1864,2078
2016-06-21 15:00:00,108.5,transfer,1.0,105.1009,0.0,104.6468,104.6468,105.1009,0.0542,16.8371,66.9708,2079
2016-06-21 16:00:00,102.27,transfer,1.0,97.9195,0.0,126.7986,126.7986,97.9195,0.0803,16.7111,66.7462,2080
2016-06-21 17:00:00,100.69,transfer,1.0,87.8389,0.0,93.7548,93.7548,87.8389,83.5926,16.6584,66.0517,2081
2016-06-21 18:00:00,61.48,transfer,1.0,79.8812,0.0,78.8915,78.8915,79.8812,84.4652,16.596,66.1837,2082
2016-06-21 19:00:00,58.62,transfer,1.0,71.8601,0.0,80.6299,80.6299,71.8601,84.4671,16.5409,66.3063,2083
2016-06-21 20:00:00,60.05,transfer,1.0,65.1256,0.0,66.9551,66.9551,65.1256,84.4669,16.4903,66.3731,2084
2016-06-21 21:00:00,58.35,transfer,1.0,61.5003,0.0,45.8493,45.8493,61.5003,84.467,16.4507,66.4145,2085
2016-06-21 22:00:00,58.23,transfer,1.0,60.0678,0.0,64.1594,64.1594,60.0678,84.4672,16.4559,66.4735,2086
2016-06-21 23:00:00,47.75,transfer,1.0,59.3801,0.0,60.795,60.795,59.3801,84.4675,16.4815,66.5351,2087
2016-06-22 00:00:00,45.85,transfer,1.0,58.4282,0.0,53.006,53.006,58.4282,84.4678,16.4913,66.5766,2088
2016-06-22 01:00:00,45.03,transfer,1.0,57.737,0.0,66.2458,66.2458,57.737,84.4682,16.5114,66.6239,2089
2016-06-22 02:00:00,44.73,transfer,1.0,58.1064,0.0,62.2669,62.2669,58.1064,84.4687,16.5352,66.6719,2090
2016-06-22 03:00:00,44.54,transfer,1.0,60.4321,0.0,56.2477,56.2477,60.4321,80.9227,16.5634,66.7232,2091
2016-06-22 04:00:00,83.89,transfer,1.0,65.3288,0.0,78.0205,78.0205,65.3288,80.8899,16.5334,66.6702,2092
2016-06-22 05:00:00,85.52,transfer,1.0,77.854,0.0,91.1877,91.1877,77.854,0.0646,16.5098,66.6236,2093
2016-06-22 06:00:00,75.82,transfer,1.0,97.1533,0.0,98.5536,98.5536,97.1533,0.0658,16.557,66.5622,2094
2016-06-22 07:00:00,92.96,transfer,1.0,109.1004,0.0,111.985,111.985,109.1004,0.0652,16.624,66.4294,2095
2016-06-22 08:00:00,100.77,transfer,1.0,114.0488,0.0,117.4851,117.4851,114.0488,0.0629,16.5247,66.1657,2096
2016-06-22 09:00:00,100.8,transfer,1.0,115.7462,0.0,114.4246,114.4246,115.7462,0.0598,16.4232,65.8788,2097
2016-06-22 10:00:00,104.56,transfer,1.0,115.3565,0.0,99.3096,99.3096,115.3565,0.0566,16.2965,65.6101,2098
2016-06-22 11:00:00,102.41,transfer,1.0,112.7774,0.0,124.9201,124.9201,112.7774,0.054,16.1783,65.3392,2099
2016-06-22 12:00:00,98.9,transfer,1.0,107.9919,0.0,116.0813,116.0813,107.9919,0.0519,16.0124,65.0087,2100
2016-06-22 13:00:00,102.8,transfer,1.0,100.9555,0.0,109.9787,109.9787,100.9555,0.0505,15.7924,64.6935,2101
2016-06-22 14:00:00,99.52,transfer,1.0,91.1537,0.0,89.6756,89.6756,91.1537,0.0494,15.5532,64.3058,2102
2016-06-22 15:00:00,98.04,transfer,1.0,82.466,0.0,86.0905,86.0905,82.466,0.0488,15.431,63.9894,2103
2016-06-22 16:00:00,93.87,transfer,1.0,74.2277,0.0,70.4609,70.4609,74.2277,0.0487,15.3449,63.667,2104
2016-06-22 17:00:00,93.08,transfer,1.0,68.3234,0.0,79.117,79.117,68.3234,80.5686,15.3377,62.9239,2105
2016-06-22 18:00:00,60.82,transfer,1.0,64.1705,0.0,65.8085,65.8085,64.1705,81.7719,15.1952,63.0461,2106
2016-06-22 19:00:00,57.34,transfer,1.0,60.0038,0.0,66.7463,66.7463,60.0038,84.4661,15.1047,63.1914,2107
2016-06-22 20:00:00,58.98,transfer,1.0,57.3762,0.0,60.0754,60.0754,57.3762,84.4669,15.0677,63.2872,2108
2016-06-22 21:00:00,56.59,transfer,1.0,55.6629,0.0,49.2505,49.2505,55.6629,84.4676,15.0332,63.3446,2109
2016-06-22 22:00:00,56.59,transfer,1.0,54.826,0.0,57.2939,57.2939,54.826,84.4684,15.0355,63.3986,2110
2016-06-22 23:00:00,48.68,transfer,1.0,54.4399,0.0,57.3443,57.3443,54.4399,84.469,15.0251,63.441,2111
2016-06-23 00:00:00,44.22,transfer,1.0,54.2966,0.0,46.9826,46.9826,54.2966,84.4698,15.0308,63.488,2112
2016-06-23 01:00:00,43.71,transfer,1.0,54.5366,0.0,56.8863,56.8863,54.5366,84.4706,15.0476,63.5491,2113
2016-06-23 02:00:00,43.77,transfer,1.0,55.5921,0.0,57.2993,57.2993,55.5921,81.324,15.0701,63.5999,2114
2016-06-23 03:00:00,44.29,transfer,1.0,58.0371,0.0,60.7207,60.7207,58.0371,81.5936,15.0984,63.6525,2115
2016-06-23 04:00:00,82.78,transfer,1.0,62.8304,0.0,70.763,70.763,62.8304,6.7217,14.994,63.4963,2116
2016-06-23 05:00:00,88.39,transfer,1.0,74.1675,0.0,71.4735,71.4735,74.1675,27.3634,14.8965,63.234,2117
2016-06-23 06:00:00,85.39,transfer,1.0,90.5378,0.0,84.5269,84.5269,90.5378,62.3655,14.8898,62.7822,2118
2016-06-23 07:00:00,90.09,transfer,1.0,99.9101,0.0,93.8528,93.8528,99.9101,80.195,14.854,62.1149,2119
2016-06-23 08:00:00,90.67,transfer,1.0,103.3727,0.0,106.871,106.871,103.3727,83.7192,14.7366,61.2903,2120
2016-06-23 09:00:00,94.22,transfer,1.0,101.9871,0.0,86.6822,86.6822,101.9871,84.3297,14.575,60.4509,2121
2016-06-23 10:00:00,94.98,transfer,1.0,97.8386,0.0,94.1667,94.1667,97.8386,84.4386,14.3288,59.5535,2122
2016-06-23 11:00:00,86.23,transfer,1.0,92.5483,0.0,95.5063,95.5063,92.5483,84.4593,14.1705,58.6695,2123
2016-06-23 12:00:00,90.0,transfer,1.0,86.5968,0.0,60.572,60.572,86.5968,84.4641,13.9455,57.7584,2124
2016-06-23 13:00:00,92.17,transfer,1.0,79.5214,0.0,85.5876,85.5876,79.5214,84.4654,13.7652,56.8515,2125
2016-06-23 14:00:00,95.53,transfer,1.0,73.5064,0.0,76.0745,76.0745,73.5064,84.466,13.5862,55.9126,2126
2016-06-23 15:00:00,94.87,transfer,1.0,68.7765,0.0,52.2826,52.2826,68.7765,84.4665,13.476,55.0184,2127
2016-06-23 16:00:00,90.82,transfer,1.0,65.2475,0.0,55.8661,55.8661,65.2475,84.4682,13.3914,54.1347,2128
2016-06-23 17:00:00,89.4,transfer,1.0,62.2656,0.0,59.7142,59.7142,62.2656,84.4816,13.3327,53.2693,2129
2016-06-23 18:00:00,62.84,transfer,1.0,59.6714,0.0,57.9316,57.9316,59.6714,84.4816,13.174,52.92,2130
2016-06-23 19:00:00,58.83,transfer,1.0,56.8281,0.0,54.2303,54.2303,56.8281,84.4817,13.0473,52.6043,2131
2016-06-23 20:00:00,64.14,transfer,1.0,55.0134,0.0,61.3751,61.3751,55.0134,84.4817,13.0235,52.6795,2132
2016-06-23 21:00:00,57.62,transfer,1.0,53.7224,0.0,58.644,58.644,53.7224,84.4817,13.0011,52.7558,2133
2016-06-23 22:00:00,57.72,transfer,1.0,53.1832,0.0,50.357,50.357,53.1832,84.4817,13.0185,52.8231,2134
2016-06-23 23:00:00,48.29,transfer,1.0,53.0133,0.0,58.8803,58.8803,53.0133,84.4803,12.9903,52.8738,2135
2016-06-24 00:00:00,45.11,transfer,1.0,53.1557,0.0,51.1513,51.1513,53.1557,84.4718,12.9667,52.9181,2136
2016-06-24 01:00:00,44.23,transfer,1.0,53.6597,0.0,51.4008,51.4008,53.6597,84.473,12.9587,52.9703,2137
2016-06-24 02:00:00,44.63,transfer,1.0,54.9442,0.0,55.6005,55.6005,54.9442,84.4743,12.9517,53.0174,2138
2016-06-24 03:00:00,44.49,transfer,1.0,57.4234,0.0,53.7463,53.7463,57.4234,83.4812,12.9498,52.9584,2139
2016-06-24 04:00:00,74.26,transfer,1.0,61.6869,0.0,60.1292,60.1292,61.6869,84.054,12.8773,52.473,2140
2016-06-24 05:00:00,72.61,transfer,1.0,71.7186,0.0,73.0176,73.0176,71.7186,82.3827,12.803,51.9839,2141
2016-06-24 06:00:00,66.8,transfer,1.0,87.0296,0.0,86.1116,86.1116,87.0296,84.1427,12.8261,51.6023,2142
2016-06-24 07:00:00,83.25,transfer,1.0,97.6308,0.0,85.203,85.203,97.6308,84.4248,12.8733,50.9949,2143
2016-06-24 08:00:00,87.97,transfer,1.0,102.9941,0.0,87.2794,87.2794,102.9941,84.4712,12.8554,50.2277,2144
2016-06-24 09:00:00,90.15,transfer,1.0,104.1402,0.0,116.7857,116.7857,104.1402,84.4794,12.8185,49.4508,2145
2016-06-24 10:00:00,93.17,transfer,1.0,99.9376,0.0,93.0107,93.0107,99.9376,84.481,12.7091,48.6606,2146
2016-06-24 11:00:00,102.27,transfer,1.0,92.4945,0.0,82.5643,82.5643,92.4945,84.4814,12.6091,47.9186,2147
2016-06-24 12:00:00,103.98,transfer,1.0,85.333,0.0,87.5411,87.5411,85.333,84.4815,12.597,47.2267,2148
2016-06-24 13:00:00,106.61,transfer,1.0,80.389,0.0,86.7233,86.7233,80.389,84.4816,12.6945,46.6221,2149
2016-06-24 14:00:00,105.44,transfer,1.0,75.7741,0.0,73.1047,73.1047,75.7741,84.4816,12.7833,45.9945,2150
2016-06-24 15:00:00,109.06,transfer,1.0,71.9282,0.0,74.6459,74.6459,71.9282,84.4816,12.9161,45.4147,2151
2016-06-24 16:00:00,116.98,transfer,1.0,67.9053,0.0,64.2312,64.2312,67.9053,84.4816,13.1359,44.9357,2152
2016-06-24 17:00:00,109.78,transfer,1.0,64.9536,0.0,59.1262,59.1262,64.9536,84.4816,13.3576,44.4879,2153
2016-06-24 18:00:00,66.97,transfer,1.0,63.0064,0.0,59.5731,59.5731,63.0064,84.4816,13.2126,44.2607,2154
2016-06-24 19:00:00,61.19,transfer,1.0,59.958,0.0,56.1497,56.1497,59.958,84.4817,13.0973,44.0915,2155
2016-06-24 20:00:00,64.4,transfer,1.0,56.992,0.0,54.5695,54.5695,56.992,84.4817,13.0746,43.8974,2156
2016-06-24 21:00:00,57.93,transfer,1.0,55.0529,0.0,56.6562,56.6562,55.0529,84.4817,13.0787,43.9183,2157
2016-06-24 22:00:00,58.51,transfer,1.0,54.2099,0.0,56.1643,56.1643,54.2099,84.4817,13.1008,43.9341,2158
2016-06-24 23:00:00,46.87,transfer,1.0,53.8777,0.0,65.5171,65.5171,53.8777,84.4817,13.1067,43.984,2159
2016-06-25 00:00:00,44.7,transfer,1.0,54.0077,0.0,61.6768,61.6768,54.0077,84.4817,13.0983,44.0199,2160
2016-06-25 01:00:00,44.34,transfer,1.0,53.7946,0.0,46.4263,46.4263,53.7946,84.4817,13.0897,44.0556,2161
2016-06-25 02:00:00,44.39,transfer,1.0,54.0145,0.0,59.2616,59.2616,54.0145,84.473,13.0816,44.0901,2162
2016-06-25 03:00:00,44.23,transfer,1.0,54.9735,0.0,49.9788,49.9788,54.9735,84.474,13.0794,44.127,2163
2016-06-25 04:00:00,81.25,transfer,1.0,56.6176,0.0,49.1547,49.1547,56.6176,83.1309,13.1179,43.6797,2164
2016-06-25 05:00:00,83.01,transfer,1.0,59.7498,0.0,64.3296,64.3296,59.7498,83.9459,13.1737,43.2354,2165
2016-06-25 06:00:00,77.13,transfer,1.0,66.0166,0.0,80.6461,80.6461,66.0166,84.3607,13.2238,42.8645,2166
2016-06-25 07:00:00,85.8,transfer,1.0,72.1585,0.0,66.3401,66.3401,72.1585,84.0361,13.2309,42.374,2167
2016-06-25 08:00:00,87.74,transfer,1.0,75.6018,0.0,72.5355,72.5355,75.6018,84.4039,13.2403,41.8902,2168
2016-06-25 09:00:00,91.93,transfer,1.0,74.4716,0.0,81.3175,81.3175,74.4716,84.4654,13.2635,41.4147,2169
2016-06-25 10:00:00,94.6,transfer,1.0,71.593,0.0,70.0899,70.0899,71.593,84.4763,13.2977,40.9456,2170
2016-06-25 11:00:00,93.58,transfer,1.0,68.8606,0.0,76.0885,76.0885,68.8606,84.4789,13.3509,40.4933,2171
2016-06-25 12:00:00,95.9,transfer,1.0,66.8076,0.0,67.6195,67.6195,66.8076,84.4802,13.3992,40.0375,2172
2016-06-25 13:00:00,94.31,transfer,1.0,64.5908,0.0,70.3201,70.3201,64.5908,84.4811,13.4268,39.5645,2173
2016-06-25 14:00:00,97.41,transfer,1.0,62.4482,0.0,66.3454,66.3454,62.4482,84.4815,13.479,39.117,2174
2016-06-25 15:00:00,97.92,transfer,1.0,60.382,0.0,68.4433,68.4433,60.382,84.4816,13.5332,38.6716,2175
2016-06-25 16:00:00,100.35,transfer,1.0,58.73,0.0,64.7951,64.7951,58.73,84.4816,13.5865,38.2257,2176
2016-06-25 17:00:00,100.74,transfer,1.0,57.4126,0.0,58.8167,58.8167,57.4126,84.4816,13.6393,37.78,2177
2016-06-25 18:00:00,62.07,transfer,1.0,56.2103,0.0,57.6224,57.6224,56.2103,84.4816,13.6559,37.7866,2178
2016-06-25 19:00:00,57.18,transfer,1.0,55.1117,0.0,61.6474,61.6474,55.1117,84.4817,13.6565,37.7849,2179
2016-06-25 20:00:00,59.53,transfer,1.0,53.8054,0.0,52.3096,52.3096,53.8054,84.4817,13.6859,37.7691,2180
2016-06-25 21:00:00,57.21,transfer,1.0,52.6521,0.0,54.5205,54.5205,52.6521,84.4817,13.6833,37.7746,2181
2016-06-25 22:00:00,56.05,transfer,1.0,52.0984,0.0,54.7484,54.7484,52.0984,84.4817,13.6708,37.8002,2182
2016-06-25 23:00:00,46.27,transfer,1.0,51.9319,0.0,54.2362,54.2362,51.9319,84.4817,13.7011,37.857,2183
2016-06-26 00:00:00,43.86,transfer,1.0,52.0078,0.0,51.4417,51.4417,52.0078,84.4817,13.7134,37.8985,2184
2016-06-26 01:00:00,43.43,transfer,1.0,52.4211,0.0,47.9717,47.9717,52.4211,84.4705,13.7247,37.9393,2185
2016-06-26 02:00:00,43.1,transfer,1.0,53.0607,0.0,60.6928,60.6928,53.0607,84.4713,13.7356,37.98,2186
2016-06-26 03:00:00,43.3,transfer,1.0,54.3716,0.0,53.8855,53.8855,54.3716,84.4723,13.7468,37.9481,2187
2016-06-26 04:00:00,73.43,transfer,1.0,56.3119,0.0,54.7793,54.7793,56.3119,81.8726,13.7343,37.5421,2188
2016-06-26 05:00:00,74.3,transfer,1.0,59.7853,0.0,56.9819,56.9819,59.7853,82.4372,13.7334,37.1742,2189
2016-06-26 06:00:00,69.56,transfer,1.0,65.4445,0.0,73.3855,73.3855,65.4445,43.4072,13.7148,37.0022,2190
2016-06-26 07:00:00,81.57,transfer,1.0,70.6261,0.0,66.3576,66.3576,70.6261,72.8979,13.6765,36.7844,2191
2016-06-26 08:00:00,92.34,transfer,1.0,73.2014,0.0,82.4069,82.4069,73.2014,82.3494,13.7145,36.7534,2192
2016-06-26 09:00:00,90.67,transfer,1.0,72.1988,0.0,80.2567,80.2567,72.1988,84.0738,13.7235,36.7562,2193
2016-06-26 10:00:00,94.49,transfer,1.0,70.0545,0.0,76.7632,76.7632,70.0545,84.3864,13.7461,36.7886,2194
2016-06-26 11:00:00,91.07,transfer,1.0,67.137,0.0,71.5381,71.5381,67.137,84.4468,13.7166,36.7675,2195
2016-06-26 12:00:00,93.31,transfer,1.0,64.3317,0.0,67.4212,67.4212,64.3317,84.4601,13.7013,36.7553,2196
2016-06-26 13:00:00,99.72,transfer,1.0,61.8209,0.0,61.5103,61.5103,61.8209,84.4634,13.7423,36.7915,2197
2016-06-26 14:00:00,96.76,transfer,1.0,59.3872,0.0,66.0599,66.0599,59.3872,84.4645,13.7657,36.8019,2198
2016-06-26 15:00:00,96.22,transfer,1.0,57.6745,0.0,59.6702,59.6702,57.6745,84.465,13.7598,36.7796,2199
2016-06-26 16:00:00,100.05,transfer,1.0,56.238,0.0,50.3319,50.3319,56.238,84.4656,13.7996,36.8002,2200
2016-06-26 17:00:00,94.37,transfer,1.0,54.9782,0.0,53.5726,53.5726,54.9782,84.4712,13.8294,36.8075,2201
2016-06-26 18:00:00,58.98,transfer,1.0,54.1223,0.0,53.3521,53.3521,54.1223,84.4816,13.8576,36.801,2202
2016-06-26 19:00:00,55.08,transfer,1.0,53.3137,0.0,49.4647,49.4647,53.3137,84.4817,13.8487,36.7929,2203
2016-06-26 20:00:00,55.64,transfer,1.0,52.4003,0.0,54.5439,54.5439,52.4003,84.4817,13.8675,36.7934,2204
2016-06-26 21:00:00,54.19,transfer,1.0,51.5892,0.0,59.7309,59.7309,51.5892,84.4817,13.8405,36.8371,2205
2016-06-26 22:00:00,53.92,transfer,1.0,51.355,0.0,48.6499,48.6499,51.355,84.4817,13.8205,36.872,2206
2016-06-26 23:00:00,45.29,transfer,1.0,51.4978,0.0,55.6962,55.6962,51.4978,84.4817,13.8317,36.8978,2207
2016-06-27 00:00:00,43.94,transfer,1.0,51.8108,0.0,51.6322,51.6322,51.8108,84.47,13.8374,36.9178,2208
2016-06-27 01:00:00,43.27,transfer,1.0,52.991,0.0,47.9793,47.9793,52.991,84.4708,13.8474,36.9407,2209
2016-06-27 02:00:00,43.35,transfer,1.0,55.7453,0.0,51.6003,51.6003,55.7453,84.4722,13.8585,36.9609,2210
2016-06-27 03:00:00,43.56,transfer,1.0,60.3533,0.0,60.4583,60.4583,60.3533,82.0089,13.8727,36.985,2211
2016-06-27 04:00:00,80.17,transfer,1.0,67.2676,0.0,71.6707,71.6707,67.2676,82.5825,13.8633,36.9956,2212
2016-06-27 05:00:00,79.59,transfer,1.0,79.8043,0.0,88.2077,88.2077,79.8043,54.7198,13.8629,36.6734,2213
2016-06-27 06:00:00,72.56,transfer,1.0,96.7697,0.0,111.4977,111.4977,96.7697,78.8591,13.9016,36.243,2214
2016-06-27 07:00:00,81.09,transfer,1.0,106.0844,0.0,106.3394,106.3394,106.0844,83.5811,13.9014,35.7904,2215
2016-06-27 08:00:00,90.4,transfer,1.0,109.0699,0.0,103.0107,103.0107,109.0699,84.3324,13.8676,35.3491,2216
2016-06-27 09:00:00,95.47,transfer,1.0,108.2725,0.0,109.2093,109.2093,108.2725,84.4543,13.7957,34.9654,2217
2016-06-27 10:00:00,101.16,transfer,1.0,103.7207,0.0,117.913,117.913,103.7207,84.4753,13.7459,34.5824,2218
2016-06-27 11:00:00,98.36,transfer,1.0,97.9404,0.0,83.9303,83.9303,97.9404,84.4795,13.6848,34.2629,2219
2016-06-27 12:00:00,107.31,transfer,1.0,91.7959,0.0,98.4229,98.4229,91.7959,84.4808,13.7549,34.0376,2220
2016-06-27 13:00:00,104.29,transfer,1.0,85.89,0.0,92.5089,92.5089,85.89,84.4813,13.8278,33.961,2221
2016-06-27 14:00:00,109.47,transfer,1.0,80.9729,0.0,71.9558,71.9558,80.9729,84.4815,13.872,33.9226,2222
2016-06-27 15:00:00,107.41,transfer,1.0,76.3603,0.0,75.3748,75.3748,76.3603,84.4816,13.8844,33.873,2223
2016-06-27 16:00:00,103.57,transfer,1.0,72.4916,0.0,77.5119,77.5119,72.4916,84.4816,13.8736,33.8212,2224
2016-06-27 17:00:00,98.37,transfer,1.0,68.5573,0.0,79.8203,79.8203,68.5573,84.4816,13.8529,33.7619,2225
2016-06-27 18:00:00,54.27,transfer,1.0,64.678,0.0,61.9796,61.9796,64.678,84.4816,13.853,33.7989,2226
2016-06-27 19:00:00,51.85,transfer,1.0,60.674,0.0,57.4247,57.4247,60.674,84.4817,13.8463,33.8186,2227
2016-06-27 20:00:00,55.88,transfer,1.0,57.3277,0.0,61.344,61.344,57.3277,84.4817,13.8414,33.8304,2228
2016-06-27 21:00:00,59.15,transfer,1.0,55.2289,0.0,63.8964,63.8964,55.2289,84.4817,13.8306,33.8533,2229
2016-06-27 22:00:00,52.31,transfer,1.0,54.3925,0.0,55.3712,55.3712,54.3925,84.4817,13.8031,33.9166,2230
2016-06-27 23:00:00,57.78,transfer,1.0,54.3572,0.0,38.2701,38.2701,54.3572,84.4817,13.817,33.9,2231
2016-06-28 00:00:00,51.5,transfer,1.0,54.4274,0.0,51.6225,51.6225,54.4274,84.4817,13.8067,33.9568,2232
2016-06-28 01:00:00,56.93,transfer,1.0,55.5359,0.0,55.9492,55.9492,55.5359,84.4817,13.7933,33.9779,2233
2016-06-28 02:00:00,51.18,transfer,1.0,57.448,0.0,57.7479,57.7479,57.448,84.4705,13.8291,34.025,2234
2016-06-28 03:00:00,56.63,transfer,1.0,61.2446,0.0,67.7995,67.7995,61.2446,84.471,13.8377,34.0557,2235
2016-06-28 04:00:00,93.38,transfer,1.0,68.4122,0.0,67.8561,67.8561,68.4122,81.3706,13.8128,34.0188,2236
2016-06-28 05:00:00,94.4,transfer,1.0,82.6986,0.0,88.0681,88.0681,82.6986,81.5984,13.7755,33.9683,2237
2016-06-28 06:00:00,84.22,transfer,1.0,99.1979,0.0,107.646,107.646,99.1979,81.8737,13.8341,33.4143,2238
2016-06-28 07:00:00,97.48,transfer,1.0,106.8914,0.0,93.8447,93.8447,106.8914,13.0727,13.877,33.2818,2239
2016-06-28 08:00:00,106.48,transfer,1.0,109.2563,0.0,111.4125,111.4125,109.2563,28.2276,13.8367,33.0215,2240
2016-06-28 09:00:00,113.74,transfer,1.0,109.8214,0.0,123.5739,123.5739,109.8214,50.9125,13.7623,32.6192,2241
2016-06-28 10:00:00,114.95,transfer,1.0,108.546,0.0,105.6781,105.6781,108.546,71.0802,13.7013,32.1014,2242
2016-06-28 11:00:00,121.83,transfer,1.0,106.8115,0.0,109.5388,109.5388,106.8115,79.8942,13.6759,31.558,2243
2016-06-28 12:00:00,118.8,transfer,1.0,104.5358,0.0,94.4002,94.4002,104.5358,82.3635,13.6633,31.0053,2244
2016-06-28 13:00:00,114.56,transfer,1.0,102.222,0.0,89.8484,89.8484,102.222,83.2952,13.6322,30.422,2245
2016-06-28 14:00:00,124.22,transfer,1.0,98.3807,0.0,96.9627,96.9627,98.3807,84.1276,13.746,29.974,2246
2016-06-28 15:00:00,125.07,transfer,1.0,93.2723,0.0,89.4434,89.4434,93.2723,84.4522,13.915,29.5702,2247
2016-06-28 16:00:00,129.37,transfer,1.0,88.504,0.0,79.5843,79.5843,88.504,84.4641,14.1323,29.2293,2248
2016-06-28 17:00:00,119.92,transfer,1.0,84.2129,0.0,83.1197,83.1197,84.2129,84.4662,14.2684,29.3385,2249
2016-06-28 18:00:00,68.21,transfer,1.0,80.251,0.0,91.9527,91.9527,80.251,84.4816,14.2305,29.2986,2250
2016-06-28 19:00:00,56.95,transfer,1.0,72.6921,0.0,81.3774,81.3774,72.6921,84.4816,14.2454,29.3086,2251
2016-06-28 20:00:00,59.39,transfer,1.0,64.5096,0.0,64.9292,64.9292,64.5096,84.4817,14.2457,29.3126,2252
2016-06-28 21:00:00,54.51,transfer,1.0,59.6495,0.0,55.442,55.442,59.6495,84.4817,14.2575,29.3355,2253
2016-06-28 22:00:00,54.57,transfer,1.0,59.9436,0.0,66.1054,66.1054,59.9436,84.4814,14.2786,29.3574,2254
2016-06-28 23:00:00,47.6,transfer,1.0,58.0203,0.0,71.2708,71.2708,58.0203,84.4815,14.2714,29.3584,2255
2016-06-29 00:00:00,41.57,transfer,1.0,57.7656,0.0,56.8547,56.8547,57.7656,84.4702,14.2929,29.3839,2256
2016-06-29 01:00:00,41.55,transfer,1.0,57.4993,0.0,57.4333,57.4333,57.4993,84.471,14.3122,29.4046,2257
2016-06-29 02:00:00,41.27,transfer,1.0,58.6838,0.0,58.0064,58.0064,58.6838,84.4719,14.3362,29.4252,2258
2016-06-29 03:00:00,41.73,transfer,1.0,61.572,0.0,56.4195,56.4195,61.572,84.473,14.3598,29.4631,2259
2016-06-29 04:00:00,79.55,transfer,1.0,67.3978,0.0,71.2876,71.2876,67.3978,82.2266,14.3216,29.4612,2260
2016-06-29 05:00:00,82.17,transfer,1.0,81.3739,0.0,72.5813,72.5813,81.3739,83.0198,14.2807,28.9576,2261
2016-06-29 06:00:00,79.61,transfer,1.0,100.3461,0.0,115.0528,115.0528,100.3461,69.0312,14.2772,28.5696,2262
2016-06-29 07:00:00,94.9,transfer,1.0,110.2689,0.0,117.7027,117.7027,110.2689,81.7666,14.2726,28.0948,2263
2016-06-29 08:00:00,106.58,transfer,1.0,114.3588,0.0,122.646,122.646,114.3588,84.0134,14.2398,27.6297,2264
2016-06-29 09:00:00,107.05,transfer,1.0,115.6704,0.0,87.9751,87.9751,115.6704,84.3907,14.2022,27.1649,2265
2016-06-29 10:00:00,112.91,transfer,1.0,115.3871,0.0,113.2812,113.2812,115.3871,84.4557,14.1527,26.7123,2266
2016-06-29 11:00:00,114.07,transfer,1.0,113.9679,0.0,108.9501,108.9501,113.9679,84.4671,14.0915,26.2792,2267
2016-06-29 12:00:00,107.88,transfer,1.0,111.4562,0.0,117.4967,117.4967,111.4562,84.4689,14.0587,25.8302,2268
2016-06-29 13:00:00,106.4,transfer,1.0,107.2931,0.0,102.3483,102.3483,107.2931,84.4687,14.0531,25.3491,2269
2016-06-29 14:00:00,105.99,transfer,1.0,100.2509,0.0,108.9696,108.9696,100.2509,84.4685,14.0374,24.8851,2270
2016-06-29 15:00:00,109.58,transfer,1.0,91.8438,0.0,83.1861,83.1861,91.8438,84.4686,14.0503,24.4513,2271
2016-06-29 16:00:00,106.84,transfer,1.0,82.8988,0.0,87.0412,87.0412,82.8988,84.4698,14.0759,24.026,2272
2016-06-29 17:00:00,100.26,transfer,1.0,75.7233,0.0,79.8472,79.8472,75.7233,84.4808,14.0746,24.0455,2273
2016-06-29 18:00:00,58.98,transfer,1.0,69.3312,0.0,79.7336,79.7336,69.3312,84.4816,14.1162,24.0726,2274
2016-06-29 19:00:00,55.35,transfer,1.0,62.4149,0.0,54.8776,54.8776,62.4149,84.4816,14.1424,24.0845,2275
2016-06-29 20:00:00,57.69,transfer,1.0,58.1136,0.0,69.523,69.523,58.1136,84.4816,14.1354,24.0923,2276
2016-06-29 21:00:00,54.58,transfer,1.0,55.8918,0.0,55.7114,55.7114,55.8918,84.4817,14.1377,24.1043,2277
2016-06-29 22:00:00,52.96,transfer,1.0,54.9133,0.0,60.7857,60.7857,54.9133,84.4817,14.1388,24.126,2278
2016-06-29 23:00:00,43.9,transfer,1.0,54.6281,0.0,60.2054,60.2054,54.6281,84.4817,14.1684,24.1545,2279
2016-06-30 00:00:00,41.01,transfer,1.0,54.6889,0.0,43.3696,43.3696,54.6889,84.4816,14.1898,24.1737,2280
2016-06-30 01:00:00,41.26,transfer,1.0,54.938,0.0,52.8721,52.8721,54.938,84.4739,14.2068,24.1883,2281
2016-06-30 02:00:00,41.28,transfer,1.0,56.4539,0.0,61.5087,61.5087,56.4539,84.4752,14.2268,24.2219,2282
2016-06-30 03:00:00,41.74,transfer,1.0,59.6067,0.0,60.8888,60.8888,59.6067,84.4768,14.2513,24.2542,2283
2016-06-30 04:00:00,74.29,transfer,1.0,65.427,0.0,59.7869,59.7869,65.427,84.3193,14.1853,23.8612,2284
2016-06-30 05:00:00,78.09,transfer,1.0,79.2166,0.0,88.7933,88.7933,79.2166,84.4532,14.1073,23.5358,2285
2016-06-30 06:00:00,69.7,transfer,1.0,97.8275,0.0,83.4471,83.4471,97.8275,84.4543,14.2441,23.4866,2286
2016-06-30 07:00:00,85.85,transfer,1.0,107.8826,0.0,116.6871,116.6871,107.8826,84.4595,14.3168,23.436,2287
2016-06-30 08:00:00,92.22,transfer,1.0,110.6984,0.0,104.5216,104.5216,110.6984,84.4774,14.3512,23.4407,2288
2016-06-30 09:00:00,100.96,transfer,1.0,110.1557,0.0,108.8681,108.8681,110.1557,84.4807,14.3597,23.4799,2289
2016-06-30 10:00:00,108.16,transfer,1.0,105.8081,0.0,91.0238,91.0238,105.8081,84.4813,14.3567,23.5581,2290
2016-06-30 11:00:00,100.86,transfer,1.0,99.869,0.0,88.8634,88.8634,99.869,84.4815,14.325,23.6451,2291
2016-06-30 12:00:00,104.09,transfer,1.0,93.1186,0.0,90.3389,90.3389,93.1186,84.4816,14.37,23.7288,2292
2016-06-30 13:00:00,106.31,transfer,1.0,85.1139,0.0,77.1257,77.1257,85.1139,84.4816,14.4209,23.8129,2293
2016-06-30 14:00:00,107.98,transfer,1.0,78.5145,0.0,75.9337,75.9337,78.5145,84.4816,14.4652,23.8869,2294
2016-06-30 15:00:00,104.75,transfer,1.0,73.2259,0.0,80.5206,80.5206,73.2259,84.4816,14.4975,23.9456,2295
2016-06-30 16:00:00,108.69,transfer,1.0,68.3945,0.0,67.5051,67.5051,68.3945,84.4816,14.5852,24.0519,2296
2016-06-30 17:00:00,102.36,transfer,1.0,64.187,0.0,65.2563,65.2563,64.187,84.4816,14.6509,24.1291,2297
2016-06-30 18:00:00,62.66,transfer,1.0,61.3755,0.0,57.0274,57.0274,61.3755,84.4816,14.6397,24.1301,2298
2016-06-30 19:00:00,58.4,transfer,1.0,58.0755,0.0,53.2562,53.2562,58.0755,84.4816,14.6297,24.1327,2299
2016-06-30 20:00:00,59.16,transfer,1.0,55.5343,0.0,48.73,48.73,55.5343,84.4817,14.5969,24.1623,2300
2016-06-30 21:00:00,55.49,transfer,1.0,53.8628,0.0,37.7945,37.7945,53.8628,84.4817,14.5834,24.175,2301
2016-06-30 22:00:00,55.3,transfer,1.0,53.0583,0.0,45.0838,45.0838,53.0583,84.4817,14.5697,24.1894,2302
2016-06-30 23:00:00,46.28,transfer,1.0,52.8097,0.0,55.2021,55.2021,52.8097,84.4817,14.5805,24.2014,2303
2016-07-01 00:00:00,44.19,transfer,1.0,53.0954,0.0,45.8065,45.8065,53.0954,84.4817,14.5856,24.2069,2304
2016-07-01 01:00:00,44.23,transfer,1.0,53.7711,0.0,60.3263,60.3263,53.7711,84.4817,14.5863,24.207,2305
2016-07-01 02:00:00,44.06,transfer,1.0,55.3819,0.0,60.6694,60.6694,55.3819,84.4723,14.5923,24.2104,2306
2016-07-01 03:00:00,43.99,transfer,1.0,58.8539,0.0,60.7342,60.7342,58.8539,84.4733,14.6038,24.2192,2307
2016-07-01 04:00:00,86.27,transfer,1.0,65.1757,0.0,58.4139,58.4139,65.1757,82.4496,14.6545,24.1837,2308
2016-07-01 05:00:00,86.41,transfer,1.0,77.0029,0.0,80.2013,80.2013,77.0029,83.2848,14.7052,24.1441,2309
2016-07-01 06:00:00,80.15,transfer,1.0,94.7963,0.0,102.5881,102.5881,94.7963,75.5739,14.6719,24.0681,2310
2016-07-01 07:00:00,98.49,transfer,1.0,104.916,0.0,127.2245,127.2245,104.916,82.8313,14.6246,24.1543,2311
2016-07-01 08:00:00,107.8,transfer,1.0,108.7157,0.0,99.5762,99.5762,108.7157,84.1931,14.5406,24.274,2312
2016-07-01 09:00:00,110.6,transfer,1.0,108.7966,0.0,120.8624,120.8624,108.7966,84.4215,14.4681,24.3961,2313
2016-07-01 10:00:00,117.25,transfer,1.0,105.4199,0.0,103.8622,103.8622,105.4199,84.4603,14.4982,24.5395,2314
2016-07-01 11:00:00,122.04,transfer,1.0,100.44,0.0,123.4689,123.4689,100.44,84.4664,14.5686,24.6573,2315
2016-07-01 12:00:00,120.89,transfer,1.0,95.7366,0.0,87.0141,87.0141,95.7366,84.4668,14.6073,24.7581,2316
2016-07-01 13:00:00,123.03,transfer,1.0,91.6812,0.0,80.0579,80.0579,91.6812,84.4664,14.6378,24.8559,2317
2016-07-01 14:00:00,125.95,transfer,1.0,87.1352,0.0,92.588,92.588,87.1352,84.4661,14.6923,24.9781,2318
2016-07-01 15:00:00,123.16,transfer,1.0,82.7638,0.0,87.5529,87.5529,82.7638,84.4664,14.7117,25.0621,2319
2016-07-01 16:00:00,125.66,transfer,1.0,78.6657,0.0,83.9476,83.9476,78.6657,84.4715,14.6994,25.1138,2320
2016-07-01 17:00:00,112.98,transfer,1.0,74.7208,0.0,78.0249,78.0249,74.7208,84.4816,14.6603,25.1329,2321
2016-07-01 18:00:00,63.99,transfer,1.0,70.1162,0.0,68.0865,68.0865,70.1162,84.4816,14.6731,25.1506,2322
2016-07-01 19:00:00,59.64,transfer,1.0,64.8098,0.0,63.5218,63.5218,64.8098,84.4816,14.6966,25.1598,2323
2016-07-01 20:00:00,59.03,transfer,1.0,59.5879,0.0,59.9869,59.9869,59.5879,84.4816,14.6558,25.1918,2324
2016-07-01 21:00:00,56.68,transfer,1.0,56.6535,0.0,56.3757,56.3757,56.6535,84.4817,14.6388,25.1992,2325
2016-07-01 22:00:00,56.24,transfer,1.0,55.4066,0.0,50.8856,50.8856,55.4066,84.4817,14.6182,25.2127,2326
2016-07-01 23:00:00,50.66,transfer,1.0,55.0552,0.0,43.497,43.497,55.0552,84.4817,14.6026,25.1902,2327
2016-07-02 00:00:00,44.42,transfer,1.0,55.19,0.0,53.725,53.725,55.19,84.468,14.6114,25.1918,2328
2016-07-02 01:00:00,43.33,transfer,1.0,55.3103,0.0,57.5094,57.5094,55.3103,84.4683,14.6264,25.1977,2329
2016-07-02 02:00:00,42.82,transfer,1.0,55.4374,0.0,65.8572,65.8572,55.4374,84.4686,14.6442,25.207,2330
2016-07-02 03:00:00,42.69,transfer,1.0,56.0495,0.0,61.2532,61.2532,56.0495,80.9588,14.6598,25.1953,2331
2016-07-02 04:00:00,84.13,transfer,1.0,57.5887,0.0,51.952,51.952,57.5887,80.8878,14.6711,25.2034,2332
2016-07-02 05:00:00,86.44,transfer,1.0,61.132,0.0,55.4381,55.4381,61.132,0.0653,14.6833,25.7119,2333
2016-07-02 06:00:00,76.69,transfer,1.0,68.8022,0.0,61.8141,61.8141,68.8022,0.067,14.6641,26.125,2334
2016-07-02 07:00:00,83.03,transfer,1.0,76.5675,0.0,77.4022,77.4022,76.5675,0.0665,14.6214,26.6083,2335
2016-07-02 08:00:00,93.07,transfer,1.0,80.7719,0.0,84.2174,84.2174,80.7719,0.064,14.6223,27.1421,2336
2016-07-02 09:00:00,97.19,transfer,1.0,79.2083,0.0,73.7453,73.7453,79.2083,0.0604,14.6255,27.6758,2337
2016-07-02 10:00:00,95.67,transfer,1.0,75.8969,0.0,60.1429,60.1429,75.8969,0.0569,14.6062,28.1846,2338
2016-07-02 11:00:00,97.77,transfer,1.0,72.6287,0.0,74.3157,74.3157,72.6287,0.0537,14.6087,28.7121,2339
2016-07-02 12:00:00,92.75,transfer,1.0,69.5117,0.0,68.0324,68.0324,69.5117,0.0513,14.5739,29.1959,2340
2016-07-02 13:00:00,87.88,transfer,1.0,66.7195,0.0,72.3139,72.3139,66.7195,0.0496,14.5229,29.6602,2341
2016-07-02 14:00:00,87.94,transfer,1.0,63.8256,0.0,70.0818,70.0818,63.8256,0.0484,14.4584,30.1064,2342
2016-07-02 15:00:00,91.84,transfer,1.0,61.0341,0.0,70.1178,70.1178,61.0341,0.0477,14.4183,30.5728,2343
2016-07-02 16:00:00,91.54,transfer,1.0,58.7815,0.0,56.25,56.25,58.7815,0.0473,14.3655,31.023,2344
2016-07-02 17:00:00,94.5,transfer,1.0,57.1613,0.0,51.9908,51.9908,57.1613,0.048,14.3299,31.4884,2345
2016-07-02 18:00:00,54.94,transfer,1.0,55.8863,0.0,51.6572,51.6572,55.8863,84.4634,14.3006,31.5307,2346
2016-07-02 19:00:00,49.71,transfer,1.0,54.9322,0.0,51.9076,51.9076,54.9322,84.4653,14.3194,31.5751,2347
2016-07-02 20:00:00,52.66,transfer,1.0,53.8956,0.0,54.2794,54.2794,53.8956,84.4661,14.2927,31.6159,2348
2016-07-02 21:00:00,49.08,transfer,1.0,52.8481,0.0,48.4537,48.4537,52.8481,84.467,14.288,31.6642,2349
2016-07-02 22:00:00,49.71,transfer,1.0,52.4923,0.0,46.2468,46.2468,52.4923,84.4679,14.281,31.7019,2350
2016-07-02 23:00:00,43.84,transfer,1.0,52.5242,0.0,50.5,50.5,52.5242,84.4688,14.299,31.7162,2351
2016-07-03 00:00:00,42.19,transfer,1.0,52.8068,0.0,53.866,53.866,52.8068,84.4698,14.3137,31.7261,2352
2016-07-03 01:00:00,42.15,transfer,1.0,53.495,0.0,61.5681,61.5681,53.495,84.4708,14.3277,31.7337,2353
2016-07-03 02:00:00,41.98,transfer,1.0,54.5789,0.0,63.4368,63.4368,54.5789,81.4232,14.3434,31.7223,2354
2016-07-03 03:00:00,42.08,transfer,1.0,56.3385,0.0,50.2293,50.2293,56.3385,81.709,14.3624,31.7131,2355
2016-07-03 04:00:00,77.78,transfer,1.0,58.759,0.0,51.2049,51.2049,58.759,10.8513,14.3737,32.0612,2356
2016-07-03 05:00:00,80.77,transfer,1.0,61.9923,0.0,63.1318,63.1318,61.9923,38.3124,14.3991,32.2655,2357
2016-07-03 06:00:00,74.99,transfer,1.0,67.4425,0.0,72.7949,72.7949,67.4425,71.4547,14.4195,32.1309,2358
2016-07-03 07:00:00,74.69,transfer,1.0,71.9194,0.0,68.1983,68.1983,71.9194,82.2426,14.3709,32.1242,2359
2016-07-03 08:00:00,78.59,transfer,1.0,73.9558,0.0,66.1972,66.1972,73.9558,84.0931,14.2846,32.0975,2360
2016-07-03 09:00:00,74.6,transfer,1.0,71.2496,0.0,74.8423,74.8423,71.2496,84.4041,14.1946,32.1166,2361
2016-07-03 10:00:00,78.21,transfer,1.0,67.3939,0.0,74.7522,74.7522,67.3939,84.4578,14.1135,32.0936,2362
2016-07-03 11:00:00,77.72,transfer,1.0,63.9816,0.0,69.0451,69.0451,63.9816,84.4672,14.0528,32.0944,2363
2016-07-03 12:00:00,79.38,transfer,1.0,61.4664,0.0,61.0996,61.0996,61.4664,84.4686,13.9869,32.072,2364
2016-07-03 13:00:00,81.21,transfer,1.0,59.2707,0.0,54.967,54.967,59.2707,84.4686,13.8919,32.0006,2365
2016-07-03 14:00:00,81.94,transfer,1.0,57.4882,0.0,51.0825,51.0825,57.4882,84.4685,13.815,31.9424,2366
2016-07-03 15:00:00,82.89,transfer,1.0,56.0718,0.0,52.6206,52.6206,56.0718,84.4699,13.7452,31.8819,2367
2016-07-03 16:00:00,81.26,transfer,1.0,54.9381,0.0,53.3967,53.3967,54.9381,84.4811,13.6411,31.8083,2368
2016-07-03 17:00:00,80.05,transfer,1.0,54.0949,0.0,58.2851,58.2851,54.0949,84.4816,13.5611,31.7757,2369
2016-07-03 18:00:00,53.08,transfer,1.0,53.3367,0.0,57.5536,57.5536,53.3367,84.4816,13.5338,31.8108,2370
2016-07-03 19:00:00,49.15,transfer,1.0,52.7424,0.0,56.8018,56.8018,52.7424,84.4817,13.5446,31.8461,2371
2016-07-03 20:00:00,53.46,transfer,1.0,52.3123,0.0,57.4892,57.4892,52.3123,84.4817,13.5322,31.8591,2372
2016-07-03 21:00:00,48.14,transfer,1.0,51.8469,0.0,57.9237,57.9237,51.8469,84.4817,13.5388,31.8951,2373
2016-07-03 22:00:00,51.51,transfer,1.0,51.9061,0.0,55.5124,55.5124,51.9061,84.4817,13.5258,31.9095,2374
2016-07-03 23:00:00,42.95,transfer,1.0,52.2187,0.0,43.4105,43.4105,52.2187,84.4817,13.5441,31.9234,2375
2016-07-04 00:00:00,41.51,transfer,1.0,52.7894,0.0,47.2325,47.2325,52.7894,84.4724,13.5644,31.9379,2376
2016-07-04 01:00:00,41.22,transfer,1.0,54.3348,0.0,54.8591,54.8591,54.3348,84.4717,13.5846,31.9501,2377
2016-07-04 02:00:00,41.25,transfer,1.0,57.1555,0.0,54.251,54.251,57.1555,84.4731,13.6054,31.9626,2378
2016-07-04 03:00:00,41.28,transfer,1.0,61.6312,0.0,62.269,62.269,61.6312,82.7434,13.6266,31.9805,2379
2016-07-04 04:00:00,77.45,transfer,1.0,67.9721,0.0,68.9489,68.9489,67.9721,83.3164,13.6062,32.0011,2380
2016-07-04 05:00:00,76.8,transfer,1.0,78.6783,0.0,84.2108,84.2108,78.6783,74.7147,13.6161,31.8655,2381
2016-07-04 06:00:00,68.76,transfer,1.0,93.2493,0.0,80.1607,80.1607,93.2493,82.8948,13.6178,31.9121,2382
2016-07-04 07:00:00,64.94,transfer,1.0,101.5759,0.0,101.2181,101.2181,101.5759,84.2237,13.6871,32.0121,2383
2016-07-04 08:00:00,67.23,transfer,1.0,103.193,0.0,106.1395,106.1395,103.193,84.4375,13.79,32.0784,2384
2016-07-04 09:00:00,65.88,transfer,1.0,98.0994,0.0,78.8029,78.8029,98.0994,84.4731,13.9056,32.1235,2385
2016-07-04 10:00:00,65.07,transfer,1.0,88.5511,0.0,90.6817,90.6817,88.5511,84.4796,14.0301,32.1397,2386
2016-07-04 11:00:00,66.37,transfer,1.0,79.8228,0.0,88.1973,88.1973,79.8228,84.481,14.1077,32.1649,2387
2016-07-04 12:00:00,65.91,transfer,1.0,72.1601,0.0,59.7018,59.7018,72.1601,84.4814,14.0526,32.1395,2388
2016-07-04 13:00:00,66.91,transfer,1.0,67.42,0.0,68.0859,68.0859,67.42,84.4816,13.9461,32.1262,2389
2016-07-04 14:00:00,67.82,transfer,1.0,63.3728,0.0,64.6056,64.6056,63.3728,84.4816,13.8029,32.0767,2390
2016-07-04 15:00:00,69.59,transfer,1.0,60.6148,0.0,51.0357,51.0357,60.6148,84.4816,13.6715,32.0288,2391
2016-07-04 16:00:00,70.66,transfer,1.0,58.1083,0.0,45.4721,45.4721,58.1083,84.4816,13.5613,31.9975,2392
2016-07-04 17:00:00,69.23,transfer,1.0,56.3772,0.0,51.4395,51.4395,56.3772,84.4816,13.4603,32.0056,2393
2016-07-04 18:00:00,42.2,transfer,1.0,55.1884,0.0,50.6927,50.6927,55.1884,84.4817,13.4757,32.0774,2394
2016-07-04 19:00:00,39.82,transfer,1.0,53.9257,0.0,54.6875,54.6875,53.9257,84.4817,13.5071,32.149,2395
2016-07-04 20:00:00,44.38,transfer,1.0,52.9572,0.0,57.0452,57.0452,52.9572,84.4817,13.5495,32.2175,2396
2016-07-04 21:00:00,42.14,transfer,1.0,52.2905,0.0,48.9419,48.9419,52.2905,84.4817,13.5866,32.3187,2397
2016-07-04 22:00:00,42.54,transfer,1.0,52.2902,0.0,53.0117,53.0117,52.2902,84.4817,13.6323,32.3769,2398
2016-07-04 23:00:00,42.05,transfer,1.0,52.7371,0.0,48.8195,48.8195,52.7371,84.4817,13.6755,32.4705,2399
2016-07-05 00:00:00,42.31,transfer,1.0,53.5992,0.0,51.3536,51.3536,53.5992,84.4817,13.7253,32.5252,2400
2016-07-05 01:00:00,42.57,transfer,1.0,55.1458,0.0,56.9758,56.9758,55.1458,84.4817,13.7918,32.6107,2401
2016-07-05 02:00:00,42.32,transfer,1.0,57.8946,0.0,67.5366,67.5366,57.8946,84.4817,13.8472,32.6635,2402
2016-07-05 03:00:00,42.6,transfer,1.0,60.8895,0.0,45.104,45.104,60.8895,84.4775,13.9286,32.7471,2403
2016-07-05 04:00:00,86.75,transfer,1.0,66.1488,0.0,59.2627,59.2627,66.1488,84.4635,13.9026,32.6892,2404
2016-07-05 05:00:00,88.68,transfer,1.0,77.6704,0.0,82.704,82.704,77.6704,84.4722,13.8985,32.638,2405
2016-07-05 06:00:00,82.34,transfer,1.0,92.1836,0.0,96.2069,96.2069,92.1836,84.4782,13.868,32.6368,2406
2016-07-05 07:00:00,93.67,transfer,1.0,101.3181,0.0,97.627,97.627,101.3181,84.4801,13.8575,32.1891,2407
2016-07-05 08:00:00,104.58,transfer,1.0,104.8674,0.0,99.8308,99.8308,104.8674,84.4809,13.8426,31.8429,2408
2016-07-05 09:00:00,114.93,transfer,1.0,105.9586,0.0,88.8464,88.8464,105.9586,84.4813,13.8727,31.6502,2409
2016-07-05 10:00:00,120.16,transfer,1.0,105.1074,0.0,124.259,124.259,105.1074,84.4814,13.9242,31.6014,2410
2016-07-05 11:00:00,124.81,transfer,1.0,103.6157,0.0,96.3257,96.3257,103.6157,84.4815,13.961,31.5919,2411
2016-07-05 12:00:00,124.22,transfer,1.0,102.0052,0.0,91.4377,91.4377,102.0052,84.4816,14.0083,31.6115,2412
2016-07-05 13:00:00,124.48,transfer,1.0,99.4541,0.0,88.1466,88.1466,99.4541,84.4816,14.0838,31.6635,2413
2016-07-05 14:00:00,133.87,transfer,1.0,95.1509,0.0,103.2232,103.2232,95.1509,84.4816,14.1605,31.7188,2414
2016-07-05 15:00:00,124.7,transfer,1.0,90.9919,0.0,99.3696,99.3696,90.9919,84.4816,14.1719,31.7165,2415
2016-07-05 16:00:00,131.21,transfer,1.0,87.0923,0.0,91.408,91.408,87.0923,84.4816,14.1912,31.7273,2416
2016-07-05 17:00:00,121.06,transfer,1.0,81.4415,0.0,70.5703,70.5703,81.4415,84.4816,14.2145,31.734,2417
2016-07-05 18:00:00,69.71,transfer,1.0,76.7914,0.0,78.3429,78.3429,76.7914,84.4816,14.185,31.7251,2418
2016-07-05 19:00:00,64.27,transfer,1.0,69.0699,0.0,64.3668,64.3668,69.0699,84.4816,14.1198,31.6815,2419
2016-07-05 20:00:00,64.49,transfer,1.0,61.8693,0.0,62.5552,62.5552,61.8693,84.4817,14.105,31.6511,2420
2016-07-05 21:00:00,63.18,transfer,1.0,57.9078,0.0,60.7646,60.7646,57.9078,84.4817,14.1058,31.5995,2421
2016-07-05 22:00:00,62.08,transfer,1.0,55.9775,0.0,55.6208,55.6208,55.9775,84.4817,14.1101,31.5548,2422
2016-07-05 23:00:00,53.04,transfer,1.0,55.1512,0.0,55.2459,55.2459,55.1512,84.4817,14.0606,31.5225,2423
2016-07-06 00:00:00,48.81,transfer,1.0,54.9642,0.0,45.0864,45.0864,54.9642,84.4816,14.0009,31.4794,2424
2016-07-06 01:00:00,47.91,transfer,1.0,55.1362,0.0,55.9048,55.9048,55.1362,84.4674,13.9489,31.4416,2425
2016-07-06 02:00:00,47.64,transfer,1.0,56.1415,0.0,55.8505,55.8505,56.1415,84.4679,13.8959,31.4036,2426
2016-07-06 03:00:00,47.8,transfer,1.0,58.9751,0.0,59.525,59.525,58.9751,84.4683,13.8443,31.3675,2427
2016-07-06 04:00:00,102.54,transfer,1.0,64.8619,0.0,71.5987,71.5987,64.8619,80.7938,13.9962,31.481,2428
2016-07-06 05:00:00,110.1,transfer,1.0,78.0766,0.0,65.1086,65.1086,78.0766,0.0586,14.1821,32.1309,2429
2016-07-06 06:00:00,99.22,transfer,1.0,98.6814,0.0,108.508,108.508,98.6814,0.0595,14.0619,32.6582,2430
2016-07-06 07:00:00,115.52,transfer,1.0,110.5667,0.0,101.297,101.297,110.5667,0.0586,13.9999,33.2673,2431
2016-07-06 08:00:00,125.18,transfer,1.0,114.9035,0.0,113.0801,113.0801,114.9035,0.0567,14.0148,33.8777,2432
2016-07-06 09:00:00,127.61,transfer,1.0,116.4366,0.0,131.3135,131.3135,116.4366,0.0544,14.03,34.5021,2433
2016-07-06 10:00:00,136.79,transfer,1.0,116.5521,0.0,113.4737,113.4737,116.5521,0.0523,14.1357,35.1467,2434
2016-07-06 11:00:00,146.77,transfer,1.0,116.0524,0.0,134.3752,134.3752,116.0524,0.0504,14.3179,35.8438,2435
2016-07-06 12:00:00,133.18,transfer,1.0,115.3211,0.0,111.19,111.19,115.3211,0.049,14.4029,36.4969,2436
2016-07-06 13:00:00,138.06,transfer,1.0,114.267,0.0,129.6132,129.6132,114.267,0.0479,14.5392,37.1878,2437
2016-07-06 14:00:00,126.95,transfer,1.0,112.1111,0.0,102.2936,102.2936,112.1111,0.0472,14.5934,37.8151,2438
2016-07-06 15:00:00,133.5,transfer,1.0,109.1153,0.0,108.768,108.768,109.1153,0.0467,14.633,38.46,2439
2016-07-06 16:00:00,124.08,transfer,1.0,103.9237,0.0,113.8578,113.8578,103.9237,0.0464,14.6104,39.0651,2440
2016-07-06 17:00:00,128.71,transfer,1.0,98.5064,0.0,87.7292,87.7292,98.5064,0.0464,14.6442,39.7371,2441
2016-07-06 18:00:00,72.87,transfer,1.0,91.3888,0.0,92.4895,92.4895,91.3888,80.5893,14.6928,39.6312,2442
2016-07-06 19:00:00,66.83,transfer,1.0,82.2354,0.0,72.3911,72.3911,82.2354,81.981,14.7424,39.548,2443
2016-07-06 20:00:00,69.72,transfer,1.0,71.3826,0.0,89.9517,89.9517,71.3826,84.464,14.7498,39.4763,2444
2016-07-06 21:00:00,63.32,transfer,1.0,64.1627,0.0,61.3804,61.3804,64.1627,84.4648,14.747,39.4242,2445
2016-07-06 22:00:00,64.13,transfer,1.0,60.6024,0.0,66.1475,66.1475,60.6024,84.4653,14.7564,39.3576,2446
2016-07-06 23:00:00,56.36,transfer,1.0,58.8325,0.0,62.7171,62.7171,58.8325,84.4658,14.7073,39.2833,2447
2016-07-07 00:00:00,50.13,transfer,1.0,57.9877,0.0,63.9068,63.9068,57.9877,84.4662,14.6726,39.2289,2448
2016-07-07 01:00:00,49.59,transfer,1.0,57.569,0.0,63.5386,63.5386,57.569,84.4663,14.6387,39.1793,2449
2016-07-07 02:00:00,48.04,transfer,1.0,57.9976,0.0,56.816,56.816,57.9976,80.6963,14.6076,39.1166,2450
2016-07-07 03:00:00,51.57,transfer,1.0,60.1192,0.0,53.3683,53.3683,60.1192,80.6889,14.5522,39.0355,2451
2016-07-07 04:00:00,103.2,transfer,1.0,64.6952,0.0,66.5931,66.5931,64.6952,0.053,14.7286,39.5898,2452
2016-07-07 05:00:00,103.64,transfer,1.0,77.3689,0.0,65.4521,65.4521,77.3689,0.054,14.8783,40.1685,2453
2016-07-07 06:00:00,96.39,transfer,1.0,97.6189,0.0,116.8142,116.8142,97.6189,0.0538,14.7182,40.6541,2454
2016-07-07 07:00:00,103.17,transfer,1.0,109.444,0.0,113.6323,113.6323,109.444,0.0529,14.6244,41.2596,2455
2016-07-07 08:00:00,107.64,transfer,1.0,114.0573,0.0,114.1734,114.1734,114.0573,0.0515,14.5526,41.8539,2456
2016-07-07 09:00:00,116.37,transfer,1.0,115.3497,0.0,121.0767,121.0767,115.3497,0.0502,14.5039,42.4482,2457
2016-07-07 10:00:00,115.28,transfer,1.0,114.7109,0.0,97.0925,97.0925,114.7109,0.049,14.4933,42.9932,2458
2016-07-07 11:00:00,119.73,transfer,1.0,113.1162,0.0,123.3963,123.3963,113.1162,0.048,14.5268,43.6081,2459
2016-07-07 12:00:00,118.54,transfer,1.0,109.8862,0.0,114.6532,114.6532,109.8862,0.0473,14.513,44.1967,2460
2016-07-07 13:00:00,125.62,transfer,1.0,105.6019,0.0,116.9216,116.9216,105.6019,0.0468,14.506,44.8142,2461
2016-07-07 14:00:00,136.82,transfer,1.0,100.4444,0.0,99.8205,99.8205,100.4444,0.0464,14.5471,45.4885,2462
2016-07-07 15:00:00,138.97,transfer,1.0,95.1109,0.0,89.3622,89.3622,95.1109,0.0462,14.6205,46.1948,2463
2016-07-07 16:00:00,136.28,transfer,1.0,91.2949,0.0,72.1203,72.1203,91.2949,0.0461,14.6484,46.8616,2464
2016-07-07 17:00:00,129.52,transfer,1.0,87.0934,0.0,90.2679,90.2679,87.0934,0.0461,14.6738,47.5258,2465
2016-07-07 18:00:00,74.47,transfer,1.0,82.6412,0.0,77.0952,77.0952,82.6412,0.0466,14.7147,47.8389,2466
2016-07-07 19:00:00,68.56,transfer,1.0,74.8509,0.0,73.1908,73.1908,74.8509,80.5756,14.7503,47.7552,2467
2016-07-07 20:00:00,70.58,transfer,1.0,66.0031,0.0,62.7791,62.7791,66.0031,80.619,14.7559,47.6642,2468
2016-07-07 21:00:00,73.61,transfer,1.0,60.851,0.0,63.9481,63.9481,60.851,80.6528,14.8222,47.5336,2469
2016-07-07 22:00:00,73.9,transfer,1.0,58.3522,0.0,54.1836,54.1836,58.3522,80.693,14.9014,47.4003,2470
2016-07-07 23:00:00,60.32,transfer,1.0,57.5575,0.0,60.4104,60.4104,57.5575,80.7844,14.879,47.2948,2471
2016-07-08 00:00:00,55.29,transfer,1.0,57.4485,0.0,48.8877,48.8877,57.4485,80.6818,14.8388,47.2061,2472
2016-07-08 01:00:00,54.61,transfer,1.0,57.3838,0.0,50.5831,50.5831,57.3838,80.6572,14.7985,47.1215,2473
2016-07-08 02:00:00,54.42,transfer,1.0,58.2923,0.0,47.0036,47.0036,58.2923,80.662,14.7542,47.0372,2474
2016-07-08 03:00:00,59.81,transfer,1.0,61.0092,0.0,57.8958,57.8958,61.0092,80.4441,14.6728,46.919,2475
2016-07-08 04:00:00,106.33,transfer,1.0,66.7273,0.0,63.1928,63.1928,66.7273,0.053,14.783,47.5289,2476
2016-07-08 05:00:00,109.37,transfer,1.0,80.2779,0.0,70.131,70.131,80.2779,0.0541,14.9002,48.161,2477
2016-07-08 06:00:00,97.74,transfer,1.0,98.6381,0.0,84.2331,84.2331,98.6381,0.0541,14.8183,48.7152,2478
2016-07-08 07:00:00,114.38,transfer,1.0,109.1002,0.0,107.0586,107.0586,109.1002,0.0532,14.8115,49.3025,2479
2016-07-08 08:00:00,123.19,transfer,1.0,113.0985,0.0,114.7903,114.7903,113.0985,0.052,14.8661,49.8949,2480
2016-07-08 09:00:00,128.56,transfer,1.0,114.4484,0.0,116.3653,116.3653,114.4484,0.0506,14.9394,50.5041,2481
2016-07-08 10:00:00,132.64,transfer,1.0,114.2612,0.0,103.0449,103.0449,114.2612,0.0494,14.9784,51.0981,2482
2016-07-08 11:00:00,139.95,transfer,1.0,113.368,0.0,103.4609,103.4609,113.368,0.0484,15.008,51.7072,2483
2016-07-08 12:00:00,139.55,transfer,1.0,112.2574,0.0,110.5984,110.5984,112.2574,0.0476,15.0208,52.3208,2484
2016-07-08 13:00:00,136.45,transfer,1.0,110.7597,0.0,119.4738,119.4738,110.7597,0.047,14.9871,52.9032,2485
2016-07-08 14:00:00,137.33,transfer,1.0,108.4816,0.0,114.4259,114.4259,108.4816,0.0466,14.9278,53.4734,2486
2016-07-08 15:00:00,129.53,transfer,1.0,105.4712,0.0,92.4536,92.4536,105.4712,0.0463,14.8305,54.0138,2487
2016-07-08 16:00:00,120.83,transfer,1.0,100.2496,0.0,92.5939,92.5939,100.2496,0.0463,14.6733,54.4876,2488
2016-07-08 17:00:00,121.72,transfer,1.0,95.4796,0.0,95.7609,95.7609,95.4796,0.0463,14.6018,55.0422,2489
2016-07-08 18:00:00,70.71,transfer,1.0,88.7575,0.0,83.2101,83.2101,88.7575,0.0622,14.6727,55.3408,2490
2016-07-08 19:00:00,69.12,transfer,1.0,79.2704,0.0,85.6118,85.6118,79.2704,80.5881,14.7024,55.2611,2491
2016-07-08 20:00:00,66.38,transfer,1.0,69.7052,0.0,81.4402,81.4402,69.7052,80.6446,14.7188,55.1946,2492
2016-07-08 21:00:00,65.54,transfer,1.0,64.2051,0.0,61.4552,61.4552,64.2051,81.11,14.7266,55.1217,2493
2016-07-08 22:00:00,63.23,transfer,1.0,61.4916,0.0,60.3942,60.3942,61.4916,83.1037,14.732,55.0719,2494
2016-07-08 23:00:00,55.61,transfer,1.0,60.3818,0.0,58.7449,58.7449,60.3818,84.4651,14.7342,55.0424,2495
2016-07-09 00:00:00,49.01,transfer,1.0,59.8816,0.0,57.4313,57.4313,59.8816,81.6819,14.7349,54.9985,2496
2016-07-09 01:00:00,48.13,transfer,1.0,58.9466,0.0,61.0972,61.0972,58.9466,80.6494,14.7279,54.9472,2497
2016-07-09 02:00:00,48.47,transfer,1.0,58.2772,0.0,70.2122,70.2122,58.2772,80.6214,14.7112,54.8906,2498
2016-07-09 03:00:00,53.1,transfer,1.0,58.3654,0.0,57.8869,57.8869,58.3654,80.5782,14.663,54.8264,2499
2016-07-09 04:00:00,105.31,transfer,1.0,59.1755,0.0,49.0236,49.0236,59.1755,0.0488,14.7796,55.4337,2500
2016-07-09 05:00:00,100.57,transfer,1.0,61.9314,0.0,57.7169,57.7169,61.9314,0.0487,14.859,55.5179,2501
2016-07-09 06:00:00,93.6,transfer,1.0,68.7331,0.0,76.8752,76.8752,68.7331,0.0484,14.9601,55.6186,2502
2016-07-09 07:00:00,107.15,transfer,1.0,75.1065,0.0,78.7447,78.7447,75.1065,0.048,15.1123,55.7623,2503
2016-07-09 08:00:00,116.96,transfer,1.0,78.8626,0.0,81.2314,81.2314,78.8626,0.0474,15.2659,55.9046,2504
2016-07-09 09:00:00,113.21,transfer,1.0,80.3166,0.0,78.2627,78.2627,80.3166,0.047,15.3547,56.0001,2505
2016-07-09 10:00:00,116.55,transfer,1.0,80.4303,0.0,67.7869,67.7869,80.4303,0.0467,15.452,56.1244,2506
2016-07-09 11:00:00,119.22,transfer,1.0,79.1305,0.0,86.8557,86.8557,79.1305,0.0464,15.5409,56.2521,2507
2016-07-09 12:00:00,119.58,transfer,1.0,77.269,0.0,81.9554,81.9554,77.269,0.0463,15.6545,56.4119,2508
2016-07-09 13:00:00,122.65,transfer,1.0,75.1493,0.0,78.5679,78.5679,75.1493,0.0462,15.8113,56.6188,2509
2016-07-09 14:00:00,121.47,transfer,1.0,72.8129,0.0,79.7761,79.7761,72.8129,0.0462,15.9573,56.8184,2510
2016-07-09 15:00:00,118.61,transfer,1.0,70.7597,0.0,71.7965,71.7965,70.7597,0.0462,16.0588,56.9778,2511
2016-07-09 16:00:00,125.23,transfer,1.0,68.5305,0.0,74.4085,74.4085,68.5305,0.0463,16.2013,57.1783,2512
2016-07-09 17:00:00,122.92,transfer,1.0,67.0621,0.0,67.94,67.94,67.0621,0.0463,16.3115,57.3475,2513
2016-07-09 18:00:00,68.96,transfer,1.0,65.8504,0.0,62.0483,62.0483,65.8504,0.0463,16.3244,57.582,2514
2016-07-09 19:00:00,63.61,transfer,1.0,64.2879,0.0,70.0709,70.0709,64.2879,80.5005,16.2974,57.4756,2515
2016-07-09 20:00:00,65.5,transfer,1.0,61.1397,0.0,66.044,66.044,61.1397,80.5501,16.316,57.3759,2516
2016-07-09 21:00:00,61.21,transfer,1.0,58.3244,0.0,59.9337,59.9337,58.3244,80.5562,16.3107,57.2804,2517
2016-07-09 22:00:00,61.72,transfer,1.0,56.7983,0.0,60.272,60.272,56.7983,80.5607,16.3234,57.1857,2518
2016-07-09 23:00:00,51.0,transfer,1.0,55.9174,0.0,50.7145,50.7145,55.9174,80.5672,16.301,57.1198,2519
2016-07-10 00:00:00,46.99,transfer,1.0,55.4682,0.0,56.4545,56.4545,55.4682,0.0489,16.2883,57.1476,2520
2016-07-10 01:00:00,46.82,transfer,1.0,55.3472,0.0,53.409,53.409,55.3472,0.0472,16.2715,57.1741,2521
2016-07-10 02:00:00,45.93,transfer,1.0,55.6238,0.0,55.2114,55.2114,55.6238,0.0477,16.2542,57.2124,2522
2016-07-10 03:00:00,45.2,transfer,1.0,56.6066,0.0,57.0545,57.0545,56.6066,0.0485,16.2372,57.2453,2523
2016-07-10 04:00:00,94.18,transfer,1.0,58.3876,0.0,61.7623,61.7623,58.3876,0.0494,16.3371,57.4072,2524
2016-07-10 05:00:00,97.27,transfer,1.0,61.6808,0.0,64.1785,64.1785,61.6808,0.0499,16.4371,57.7332,2525
2016-07-10 06:00:00,86.8,transfer,1.0,68.8186,0.0,60.414,60.414,68.8186,0.0498,16.4993,58.2285,2526
2016-07-10 07:00:00,97.6,transfer,1.0,76.4259,0.0,72.1693,72.1693,76.4259,0.0492,16.6088,58.7642,2527
2016-07-10 08:00:00,102.75,transfer,1.0,80.4942,0.0,70.4681,70.4681,80.4942,0.0485,16.7137,59.3428,2528
2016-07-10 09:00:00,99.55,transfer,1.0,80.7403,0.0,60.0793,60.0793,80.7403,0.0477,16.8057,59.8767,2529
2016-07-10 10:00:00,101.9,transfer,1.0,78.5429,0.0,73.7996,73.7996,78.5429,0.047,16.8804,60.4457,2530
2016-07-10 11:00:00,100.45,transfer,1.0,75.3381,0.0,73.351,73.351,75.3381,0.0465,16.9481,61.0032,2531
2016-07-10 12:00:00,104.84,transfer,1.0,72.2174,0.0,71.416,71.416,72.2174,0.0461,17.0356,61.5967,2532
2016-07-10 13:00:00,105.62,transfer,1.0,69.5328,0.0,65.131,65.131,69.5328,0.0458,17.1198,62.2057,2533
2016-07-10 14:00:00,102.54,transfer,1.0,67.3409,0.0,64.0199,64.0199,67.3409,0.0456,17.1838,62.8008,2534
2016-07-10 15:00:00,104.09,transfer,1.0,65.3472,0.0,55.6846,55.6846,65.3472,0.0454,17.2548,63.4107,2535
2016-07-10 16:00:00,107.2,transfer,1.0,63.4095,0.0,70.1463,70.1463,63.4095,0.0454,17.3588,64.0293,2536
2016-07-10 17:00:00,106.46,transfer,1.0,61.6893,0.0,65.9332,65.9332,61.6893,0.0454,17.4708,64.6364,2537
2016-07-10 18:00:00,66.41,transfer,1.0,60.2529,0.0,49.0928,49.0928,60.2529,0.0454,17.5059,64.8445,2538
2016-07-10 19:00:00,60.1,transfer,1.0,58.9318,0.0,62.9851,62.9851,58.9318,0.0455,17.4914,64.9916,2539
2016-07-10 20:00:00,60.65,transfer,1.0,57.1946,0.0,47.307,47.307,57.1946,80.53,17.5052,64.9253,2540
2016-07-10 21:00:00,57.37,transfer,1.0,55.4698,0.0,58.1449,58.1449,55.4698,80.5557,17.4944,64.847,2541
2016-07-10 22:00:00,57.11,transfer,1.0,54.4898,0.0,48.0632,48.0632,54.4898,80.5757,17.5077,64.7904,2542
2016-07-10 23:00:00,51.48,transfer,1.0,54.0088,0.0,53.6971,53.6971,54.0088,80.6015,17.4675,64.7166,2543
2016-07-11 00:00:00,45.14,transfer,1.0,53.8705,0.0,55.1248,55.1248,53.8705,80.61,17.4524,64.672,2544
2016-07-11 01:00:00,44.67,transfer,1.0,54.7425,0.0,56.7405,56.7405,54.7425,80.6255,17.4343,64.6285,2545
2016-07-11 02:00:00,44.45,transfer,1.0,56.7801,0.0,67.3703,67.3703,56.7801,80.6545,17.413,64.5868,2546
2016-07-11 03:00:00,44.47,transfer,1.0,60.4904,0.0,65.5417,65.5417,60.4904,0.0518,17.3872,64.6043,2547
2016-07-11 04:00:00,85.76,transfer,1.0,66.7568,0.0,76.5888,76.5888,66.7568,0.0551,17.4439,65.0796,2548
2016-07-11 05:00:00,86.48,transfer,1.0,78.6873,0.0,71.6686,71.6686,78.6873,0.058,17.4791,65.5816,2549
2016-07-11 06:00:00,77.55,transfer,1.0,96.1953,0.0,100.4086,100.4086,96.1953,0.059,17.4443,65.9587,2550
2016-07-11 07:00:00,87.48,transfer,1.0,106.7504,0.0,100.2027,100.2027,106.7504,0.0584,17.341,66.3643,2551
2016-07-11 08:00:00,93.85,transfer,1.0,110.4695,0.0,102.8923,102.8923,110.4695,0.0566,17.2258,66.8201,2552
2016-07-11 09:00:00,100.81,transfer,1.0,110.9667,0.0,105.1232,105.1232,110.9667,0.0543,17.0945,67.3092,2553
2016-07-11 10:00:00,100.24,transfer,1.0,109.0608,0.0,103.656,103.656,109.0608,0.052,17.0072,67.79,2554
2016-07-11 11:00:00,103.07,transfer,1.0,106.0129,0.0,112.7785,112.7785,106.0129,0.05,16.9447,68.2954,2555
2016-07-11 12:00:00,104.05,transfer,1.0,101.5868,0.0,105.5517,105.5517,101.5868,0.0485,16.9221,68.804,2556
2016-07-11 13:00:00,104.18,transfer,1.0,96.4549,0.0,108.9697,108.9697,96.4549,0.0474,16.9651,69.3192,2557
2016-07-11 14:00:00,108.42,transfer,1.0,90.1663,0.0,94.5418,94.5418,90.1663,0.0466,17.0473,69.8651,2558
2016-07-11 15:00:00,110.06,transfer,1.0,83.5231,0.0,78.0776,78.0776,83.5231,0.0461,17.1518,70.4313,2559
2016-07-11 16:00:00,110.98,transfer,1.0,77.7751,0.0,77.3326,77.3326,77.7751,0.0458,17.2747,71.0094,2560
2016-07-11 17:00:00,101.77,transfer,1.0,72.9603,0.0,84.7512,84.7512,72.9603,0.0457,17.3697,71.5241,2561
2016-07-11 18:00:00,59.24,transfer,1.0,69.103,0.0,66.226,66.226,69.103,80.5159,17.3511,71.399,2562
2016-07-11 19:00:00,54.74,transfer,1.0,64.4017,0.0,54.0559,54.0559,64.4017,80.774,17.3246,71.2882,2563
2016-07-11 20:00:00,54.7,transfer,1.0,60.1228,0.0,64.4707,64.4707,60.1228,84.4641,17.3059,71.2266,2564
2016-07-11 21:00:00,56.28,transfer,1.0,57.6057,0.0,55.0928,55.0928,57.6057,84.4651,17.2533,71.1424,2565
2016-07-11 22:00:00,55.33,transfer,1.0,56.5313,0.0,48.8613,48.8613,56.5313,84.4657,17.2025,71.0661,2566
2016-07-11 23:00:00,57.2,transfer,1.0,56.433,0.0,65.6535,65.6535,56.433,84.4662,17.1434,70.9759,2567
2016-07-12 00:00:00,50.62,transfer,1.0,57.1308,0.0,56.4623,56.4623,57.1308,84.4667,17.115,70.9263,2568
2016-07-12 01:00:00,50.78,transfer,1.0,58.6114,0.0,57.0191,57.0191,58.6114,84.4674,17.0867,70.8774,2569
2016-07-12 02:00:00,56.04,transfer,1.0,61.2955,0.0,64.046,64.046,61.2955,80.9482,17.0253,70.7747,2570
2016-07-12 03:00:00,49.85,transfer,1.0,65.3761,0.0,77.0614,77.0614,65.3761,80.75,17.0089,70.7093,2571
2016-07-12 04:00:00,96.11,transfer,1.0,73.7284,0.0,65.5329,65.5329,73.7284,0.0568,17.0195,71.2675,2572
2016-07-12 05:00:00,90.89,transfer,1.0,86.8393,0.0,82.4841,82.4841,86.8393,0.0594,16.978,71.7831,2573
2016-07-12 06:00:00,82.44,transfer,1.0,102.2406,0.0,96.4465,96.4465,102.2406,0.0599,17.0373,72.2607,2574
2016-07-12 07:00:00,99.64,transfer,1.0,109.3556,0.0,107.3533,107.3533,109.3556,0.0587,17.0496,72.7987,2575
2016-07-12 08:00:00,111.52,transfer,1.0,111.7262,0.0,117.4291,117.4291,111.7262,0.0564,17.0491,73.3426,2576
2016-07-12 09:00:00,117.24,transfer,1.0,112.3801,0.0,119.1919,119.1919,112.3801,0.0539,17.0246,73.8589,2577
2016-07-12 10:00:00,123.54,transfer,1.0,111.749,0.0,127.6427,127.6427,111.749,0.0516,17.0052,74.3816,2578
2016-07-12 11:00:00,124.16,transfer,1.0,110.2321,0.0,114.9765,114.9765,110.2321,0.0497,16.962,74.8803,2579
2016-07-12 12:00:00,130.62,transfer,1.0,108.4512,0.0,121.7146,121.7146,108.4512,0.0483,16.9617,75.4209,2580
2016-07-12 13:00:00,122.52,transfer,1.0,105.8566,0.0,130.9908,130.9908,105.8566,0.0473,16.9119,75.9118,2581
2016-07-12 14:00:00,133.01,transfer,1.0,103.0909,0.0,111.1618,111.1618,103.0909,0.0466,16.8595,76.4093,2582
2016-07-12 15:00:00,123.27,transfer,1.0,99.0343,0.0,91.0122,91.0122,99.0343,0.0462,16.8032,76.9034,2583
2016-07-12 16:00:00,118.49,transfer,1.0,95.1321,0.0,96.7847,96.7847,95.1321,0.046,16.6796,77.3303,2584
2016-07-12 17:00:00,113.33,transfer,1.0,89.5938,0.0,94.6685,94.6685,89.5938,0.0461,16.5851,77.7869,2585
2016-07-12 18:00:00,68.79,transfer,1.0,82.6605,0.0,66.1718,66.1718,82.6605,80.7926,16.6255,77.7704,2586
2016-07-12 19:00:00,62.32,transfer,1.0,73.1965,0.0,75.0534,75.0534,73.1965,84.4635,16.6616,77.7819,2587
2016-07-12 20:00:00,63.44,transfer,1.0,65.2415,0.0,56.5237,56.5237,65.2415,84.4641,16.6568,77.788,2588
2016-07-12 21:00:00,59.39,transfer,1.0,60.5946,0.0,61.9741,61.9741,60.5946,84.4648,16.6326,77.8105,2589
2016-07-12 22:00:00,60.25,transfer,1.0,58.4483,0.0,61.3251,61.3251,58.4483,84.4654,16.607,77.8213,2590
2016-07-12 23:00:00,50.98,transfer,1.0,57.5034,0.0,62.8943,62.8943,57.5034,84.4657,16.6332,77.8334,2591
2016-07-13 00:00:00,46.82,transfer,1.0,57.2657,0.0,62.4344,62.4344,57.2657,84.4663,16.6588,77.8452,2592
2016-07-13 01:00:00,46.77,transfer,1.0,56.9435,0.0,40.5237,40.5237,56.9435,84.4667,16.6763,77.852,2593
2016-07-13 02:00:00,46.6,transfer,1.0,57.7073,0.0,57.3718,57.3718,57.7073,80.6956,16.6918,77.8357,2594
2016-07-13 03:00:00,47.4,transfer,1.0,60.2877,0.0,61.6166,61.6166,60.2877,80.6939,16.702,77.8156,2595
2016-07-13 04:00:00,106.0,transfer,1.0,65.2547,0.0,63.4423,63.4423,65.2547,0.0534,16.7203,78.3168,2596
2016-07-13 05:00:00,102.69,transfer,1.0,78.1007,0.0,76.1601,76.1601,78.1007,0.0549,16.676,78.2727,2597
2016-07-13 06:00:00,96.34,transfer,1.0,98.6865,0.0,83.7706,83.7706,98.6865,0.0549,16.6868,78.2556,2598
2016-07-13 07:00:00,108.01,transfer,1.0,109.7105,0.0,104.9323,104.9323,109.7105,0.0537,16.6674,78.2109,2599
2016-07-13 08:00:00,117.84,transfer,1.0,113.9373,0.0,115.2186,115.2186,113.9373,0.0521,16.6295,78.1673,2600
2016-07-13 09:00:00,116.67,transfer,1.0,115.2853,0.0,125.1324,125.1324,115.2853,0.0505,16.5712,78.1022,2601
2016-07-13 10:00:00,129.21,transfer,1.0,115.0944,0.0,126.8035,126.8035,115.0944,0.0491,16.5348,78.0571,2602
2016-07-13 11:00:00,124.09,transfer,1.0,114.0105,0.0,111.7353,111.7353,114.0105,0.048,16.4119,77.9221,2603
2016-07-13 12:00:00,130.79,transfer,1.0,112.6928,0.0,124.3713,124.3713,112.6928,0.0472,16.4133,77.9079,2604
2016-07-13 13:00:00,133.64,transfer,1.0,110.3245,0.0,88.6905,88.6905,110.3245,0.0467,16.4105,77.8816,2605
2016-07-13 14:00:00,131.4,transfer,1.0,107.35,0.0,114.2098,114.2098,107.35,0.0463,16.4653,77.9081,2606
2016-07-13 15:00:00,124.22,transfer,1.0,103.8091,0.0,110.3616,110.3616,103.8091,0.0461,16.4417,77.8528,2607
2016-07-13 16:00:00,133.67,transfer,1.0,99.0522,0.0,91.376,91.376,99.0522,0.046,16.5277,77.9099,2608
2016-07-13 17:00:00,131.43,transfer,1.0,92.5833,0.0,90.6419,90.6419,92.5833,0.0459,16.5792,77.9261,2609
2016-07-13 18:00:00,74.3,transfer,1.0,86.9968,0.0,79.0781,79.0781,86.9968,80.3752,16.5445,77.9163,2610
2016-07-13 19:00:00,71.78,transfer,1.0,78.4772,0.0,72.836,72.836,78.4772,80.6358,16.4927,77.8789,2611
2016-07-13 20:00:00,68.7,transfer,1.0,68.6751,0.0,70.3954,70.3954,68.6751,84.4607,16.483,77.8849,2612
2016-07-13 21:00:00,67.81,transfer,1.0,62.7994,0.0,65.756,65.756,62.7994,84.4639,16.5078,77.8582,2613
2016-07-13 22:00:00,63.98,transfer,1.0,59.6797,0.0,59.5191,59.5191,59.6797,84.4645,16.5124,77.8591,2614
2016-07-13 23:00:00,55.42,transfer,1.0,58.23,0.0,58.6241,58.6241,58.23,84.4649,16.5144,77.8647,2615
2016-07-14 00:00:00,49.84,transfer,1.0,57.3548,0.0,56.9024,56.9024,57.3548,84.4651,16.5123,77.8664,2616
2016-07-14 01:00:00,50.78,transfer,1.0,56.7241,0.0,51.9718,51.9718,56.7241,80.7117,16.5002,77.8369,2617
2016-07-14 02:00:00,54.52,transfer,1.0,56.9715,0.0,47.9688,47.9688,56.9715,80.6137,16.4555,77.7979,2618
2016-07-14 03:00:00,54.75,transfer,1.0,58.407,0.0,50.7631,50.7631,58.407,80.606,16.4264,77.7785,2619
2016-07-14 04:00:00,101.17,transfer,1.0,62.7367,0.0,67.5892,67.5892,62.7367,0.0495,16.426,77.7664,2620
2016-07-14 05:00:00,104.39,transfer,1.0,74.4364,0.0,69.1099,69.1099,74.4364,0.0501,16.4479,77.7709,2621
2016-07-14 06:00:00,93.05,transfer,1.0,93.2376,0.0,108.4422,108.4422,93.2376,0.0501,16.4417,77.751,2622
2016-07-14 07:00:00,113.17,transfer,1.0,106.2088,0.0,110.2146,110.2146,106.2088,0.0497,16.4458,77.8106,2623
2016-07-14 08:00:00,128.17,transfer,1.0,111.9356,0.0,112.7238,112.7238,111.9356,0.0491,16.5042,77.9328,2624
2016-07-14 09:00:00,130.82,transfer,1.0,114.3073,0.0,132.6172,132.6172,114.3073,0.0484,16.5965,78.0188,2625
2016-07-14 10:00:00,139.5,transfer,1.0,115.0209,0.0,117.9589,117.9589,115.0209,0.0478,16.7388,78.163,2626
2016-07-14 11:00:00,146.49,transfer,1.0,114.9257,0.0,96.4323,96.4323,114.9257,0.0472,16.8873,78.3223,2627
2016-07-14 12:00:00,142.46,transfer,1.0,114.426,0.0,119.69,119.69,114.426,0.0468,17.0027,78.4647,2628
2016-07-14 13:00:00,146.46,transfer,1.0,113.503,0.0,118.3048,118.3048,113.503,0.0465,17.0797,78.5887,2629
2016-07-14 14:00:00,148.44,transfer,1.0,111.8464,0.0,104.4715,104.4715,111.8464,0.0463,17.081,78.6579,2630
2016-07-14 15:00:00,153.4,transfer,1.0,109.675,0.0,121.6395,121.6395,109.675,0.0462,17.0802,78.7438,2631
2016-07-14 16:00:00,144.39,transfer,1.0,106.8549,0.0,100.3757,100.3757,106.8549,0.0462,17.0358,78.792,2632
2016-07-14 17:00:00,136.65,transfer,1.0,103.8007,0.0,91.1173,91.1173,103.8007,0.0463,16.9788,78.8345,2633
2016-07-14 18:00:00,78.42,transfer,1.0,99.1435,0.0,108.3014,108.3014,99.1435,0.0464,17.0535,78.858,2634
2016-07-14 19:00:00,67.14,transfer,1.0,88.9422,0.0,102.8683,102.8683,88.9422,0.0465,17.1459,79.1858,2635
2016-07-14 20:00:00,60.36,transfer,1.0,76.0608,0.0,80.252,80.252,76.0608,80.1018,17.2121,79.2436,2636
2016-07-14 21:00:00,63.88,transfer,1.0,66.9114,0.0,64.7551,64.7551,66.9114,80.5661,17.1542,79.301,2637
2016-07-14 22:00:00,63.79,transfer,1.0,61.8646,0.0,57.0388,57.0388,61.8646,80.5828,17.0731,79.3605,2638
2016-07-14 23:00:00,63.31,transfer,1.0,59.7254,0.0,56.0403,56.0403,59.7254,80.5996,17.078,79.3416,2639
2016-07-15 00:00:00,62.71,transfer,1.0,58.9939,0.0,56.5064,56.5064,58.9939,80.6081,17.0873,79.297,2640
2016-07-15 01:00:00,61.21,transfer,1.0,58.96,0.0,55.1101,55.1101,58.96,80.6007,17.0841,79.2574,2641
2016-07-15 02:00:00,69.12,transfer,1.0,60.3915,0.0,63.1048,63.1048,60.3915,80.5946,17.113,79.1695,2642
2016-07-15 03:00:00,58.54,transfer,1.0,63.2042,0.0,63.885,63.885,63.2042,0.0483,17.1337,79.3948,2643
2016-07-15 04:00:00,112.05,transfer,1.0,69.5705,0.0,66.8398,66.8398,69.5705,0.0484,17.1508,79.4289,2644
2016-07-15 05:00:00,114.95,transfer,1.0,81.6777,0.0,91.8334,91.8334,81.6777,0.0486,17.1757,79.4622,2645
2016-07-15 06:00:00,109.98,transfer,1.0,98.128,0.0,118.6881,118.6881,98.128,0.0484,17.2409,79.535,2646
2016-07-15 07:00:00,117.17,transfer,1.0,108.0702,0.0,102.2901,102.2901,108.0702,0.048,17.2636,79.5517,2647
2016-07-15 08:00:00,130.21,transfer,1.0,112.9169,0.0,121.6624,121.6624,112.9169,0.0475,17.3065,79.5935,2648
2016-07-15 09:00:00,133.53,transfer,1.0,114.8552,0.0,117.5405,117.5405,114.8552,0.0471,17.3336,79.6231,2649
2016-07-15 10:00:00,134.76,transfer,1.0,115.3004,0.0,103.2576,103.2576,115.3004,0.0466,17.3401,79.6357,2650
2016-07-15 11:00:00,130.52,transfer,1.0,115.0589,0.0,106.7673,106.7673,115.0589,0.0463,17.2739,79.5796,2651
2016-07-15 12:00:00,130.83,transfer,1.0,114.3645,0.0,115.7418,115.7418,114.3645,0.0461,17.2094,79.5277,2652
2016-07-15 13:00:00,137.53,transfer,1.0,112.8693,0.0,105.7408,105.7408,112.8693,0.046,17.2033,79.5342,2653
2016-07-15 14:00:00,142.15,transfer,1.0,110.1835,0.0,112.3147,112.3147,110.1835,0.0459,17.2219,79.5629,2654
2016-07-15 15:00:00,132.7,transfer,1.0,107.0501,0.0,121.3015,121.3015,107.0501,0.0459,17.2313,79.5817,2655
2016-07-15 16:00:00,128.58,transfer,1.0,103.0603,0.0,100.1933,100.1933,103.0603,0.0459,17.2607,79.6279,2656
2016-07-15 17:00:00,122.51,transfer,1.0,97.3373,0.0,100.0186,100.0186,97.3373,0.0459,17.2544,79.6326,2657
2016-07-15 18:00:00,72.6,transfer,1.0,90.8935,0.0,86.9681,86.9681,90.8935,0.046,17.2558,79.6439,2658
2016-07-15 19:00:00,68.02,transfer,1.0,81.7586,0.0,97.5829,97.5829,81.7586,0.0459,17.2772,79.9803,2659
2016-07-15 20:00:00,67.12,transfer,1.0,71.7891,0.0,82.7169,82.7169,71.7891,0.0459,17.2852,80.2946,2660
2016-07-15 21:00:00,65.21,transfer,1.0,65.3619,0.0,63.4119,63.4119,65.3619,0.0462,17.2782,80.5898,2661
2016-07-15 22:00:00,62.25,transfer,1.0,62.3916,0.0,51.4785,51.4785,62.3916,0.0487,17.2687,80.8417,2662
2016-07-15 23:00:00,53.42,transfer,1.0,61.0319,0.0,54.593,54.593,61.0319,80.5574,17.2856,80.8315,2663
2016-07-16 00:00:00,51.83,transfer,1.0,60.1277,0.0,53.8061,53.8061,60.1277,80.5765,17.2702,80.8082,2664
2016-07-16 01:00:00,54.63,transfer,1.0,59.0638,0.0,53.3397,53.3397,59.0638,80.5775,17.2322,80.769,2665
2016-07-16 02:00:00,53.31,transfer,1.0,58.4411,0.0,59.4676,59.4676,58.4411,0.0478,17.2044,80.8947,2666
2016-07-16 03:00:00,53.63,transfer,1.0,58.7378,0.0,55.9205,55.9205,58.7378,0.0479,17.2035,81.0501,2667
2016-07-16 04:00:00,106.65,transfer,1.0,59.5648,0.0,65.5238,65.5238,59.5648,0.0481,17.2091,81.0581,2668
2016-07-16 05:00:00,97.0,transfer,1.0,62.0,0.0,61.611,61.611,62.0,0.0482,17.1875,81.0368,2669
2016-07-16 06:00:00,94.22,transfer,1.0,67.8669,0.0,69.7409,69.7409,67.8669,0.0479,17.1963,81.0405,2670
2016-07-16 07:00:00,109.21,transfer,1.0,73.283,0.0,77.2635,77.2635,73.283,0.0475,17.2194,81.0528,2671
2016-07-16 08:00:00,120.58,transfer,1.0,76.98,0.0,77.2835,77.2835,76.98,0.047,17.2522,81.0743,2672
2016-07-16 09:00:00,122.12,transfer,1.0,79.1424,0.0,85.7171,85.7171,79.1424,0.0465,17.3122,81.1274,2673
2016-07-16 10:00:00,124.24,transfer,1.0,80.2309,0.0,76.2858,76.2858,80.2309,0.0461,17.3592,81.1731,2674
2016-07-16 11:00:00,122.42,transfer,1.0,80.4818,0.0,79.8537,79.8537,80.4818,0.0458,17.3702,81.1922,2675
2016-07-16 12:00:00,119.45,transfer,1.0,80.0028,0.0,76.196,76.196,80.0028,0.0456,17.3531,81.1914,2676
2016-07-16 13:00:00,132.17,transfer,1.0,78.256,0.0,82.609,82.609,78.256,0.0455,17.3913,81.2481,2677
2016-07-16 14:00:00,127.53,transfer,1.0,75.6931,0.0,75.3598,75.3598,75.6931,0.0454,17.4102,81.2842,2678
2016-07-16 15:00:00,130.8,transfer,1.0,73.4767,0.0,85.0491,85.0491,73.4767,0.0454,17.4666,81.3567,2679
2016-07-16 16:00:00,129.88,transfer,1.0,71.1616,0.0,75.0268,75.0268,71.1616,0.0454,17.4786,81.3844,2680
2016-07-16 17:00:00,119.52,transfer,1.0,69.2237,0.0,66.3514,66.3514,69.2237,0.0455,17.4455,81.3642,2681
2016-07-16 18:00:00,66.81,transfer,1.0,66.8204,0.0,76.564,76.564,66.8204,0.0455,17.4271,81.3514,2682
2016-07-16 19:00:00,60.24,transfer,1.0,64.3757,0.0,72.5047,72.5047,64.3757,0.0459,17.4477,81.6091,2683
2016-07-16 20:00:00,63.5,transfer,1.0,61.4327,0.0,69.9356,69.9356,61.4327,80.5502,17.434,81.621,2684
2016-07-16 21:00:00,59.98,transfer,1.0,58.7764,0.0,63.1719,63.1719,58.7764,80.5564,17.424,81.6284,2685
2016-07-16 22:00:00,58.64,transfer,1.0,57.3886,0.0,67.3098,67.3098,57.3886,80.5595,17.4022,81.6467,2686
2016-07-16 23:00:00,47.64,transfer,1.0,56.5473,0.0,57.328,57.328,56.5473,80.5559,17.4259,81.6666,2687
2016-07-17 00:00:00,46.11,transfer,1.0,55.7962,0.0,49.7421,49.7421,55.7962,0.0473,17.4331,81.6614,2688
2016-07-17 01:00:00,45.66,transfer,1.0,55.2836,0.0,51.2697,51.2697,55.2836,0.0471,17.4396,81.6545,2689
2016-07-17 02:00:00,45.65,transfer,1.0,55.2082,0.0,49.415,49.415,55.2082,0.0472,17.4388,81.6528,2690
2016-07-17 03:00:00,45.62,transfer,1.0,55.7606,0.0,57.2689,57.2689,55.7606,0.0474,17.4313,81.6553,2691
2016-07-17 04:00:00,92.01,transfer,1.0,56.9852,0.0,54.4057,54.4057,56.9852,0.0477,17.4267,81.6424,2692
2016-07-17 05:00:00,94.61,transfer,1.0,59.4311,0.0,58.5157,58.5157,59.4311,0.0478,17.4243,81.6266,2693
2016-07-17 06:00:00,85.0,transfer,1.0,64.914,0.0,61.2783,61.2783,64.914,0.0476,17.4368,81.6159,2694
2016-07-17 07:00:00,101.52,transfer,1.0,70.8189,0.0,72.3344,72.3344,70.8189,0.0472,17.4935,81.6393,2695
2016-07-17 08:00:00,105.39,transfer,1.0,74.6028,0.0,84.9301,84.9301,74.6028,0.0467,17.5443,81.655,2696
2016-07-17 09:00:00,106.33,transfer,1.0,76.0969,0.0,80.7868,80.7868,76.0969,0.0463,17.6123,81.6953,2697
2016-07-17 10:00:00,110.77,transfer,1.0,75.9573,0.0,74.595,74.595,75.9573,0.0459,17.6805,81.7482,2698
2016-07-17 11:00:00,115.78,transfer,1.0,74.7876,0.0,81.1878,81.1878,74.7876,0.0456,17.775,81.8394,2699
2016-07-17 12:00:00,109.08,transfer,1.0,73.2885,0.0,73.3466,73.3466,73.2885,0.0454,17.7939,81.8646,2700
2016-07-17 13:00:00,111.37,transfer,1.0,72.0162,0.0,76.731,76.731,72.0162,0.0453,17.8133,81.8989,2701
2016-07-17 14:00:00,117.92,transfer,1.0,69.9508,0.0,71.6334,71.6334,69.9508,0.0452,17.8893,81.9904,2702
2016-07-17 15:00:00,118.92,transfer,1.0,67.6323,0.0,72.6841,72.6841,67.6323,0.0452,17.964,82.0787,2703
2016-07-17 16:00:00,119.82,transfer,1.0,65.7818,0.0,63.9877,63.9877,65.7818,0.0451,18.025,82.1538,2704
2016-07-17 17:00:00,118.81,transfer,1.0,64.2395,0.0,61.6992,61.6992,64.2395,0.0452,18.0833,82.2273,2705
2016-07-17 18:00:00,69.63,transfer,1.0,62.8778,0.0,71.1142,71.1142,62.8778,0.0452,18.0869,82.2465,2706
2016-07-17 19:00:00,64.21,transfer,1.0,61.2077,0.0,66.9104,66.9104,61.2077,0.0451,18.0978,82.271,2707
2016-07-17 20:00:00,65.87,transfer,1.0,58.6419,0.0,60.6466,60.6466,58.6419,0.0453,18.1202,82.5445,2708
2016-07-17 21:00:00,65.0,transfer,1.0,56.2791,0.0,54.016,54.016,56.2791,80.5011,18.1608,82.4987,2709
2016-07-17 22:00:00,64.15,transfer,1.0,54.8624,0.0,60.9196,60.9196,54.8624,80.5247,18.2005,82.4565,2710
2016-07-17 23:00:00,52.68,transfer,1.0,54.1398,0.0,53.3166,53.3166,54.1398,80.5344,18.1942,82.449,2711
2016-07-18 00:00:00,49.81,transfer,1.0,53.7822,0.0,58.0586,58.0586,53.7822,80.5348,18.1658,82.4207,2712
2016-07-18 01:00:00,49.81,transfer,1.0,54.0861,0.0,61.2225,61.2225,54.0861,80.5142,18.1313,82.3895,2713
2016-07-18 02:00:00,51.53,transfer,1.0,55.4699,0.0,59.2708,59.2708,55.4699,0.0463,18.0814,82.4804,2714
2016-07-18 03:00:00,53.4,transfer,1.0,58.4875,0.0,53.9326,53.9326,58.4875,0.0468,18.0163,82.5336,2715
2016-07-18 04:00:00,108.06,transfer,1.0,64.2883,0.0,71.3217,71.3217,64.2883,0.0473,18.1638,82.6664,2716
2016-07-18 05:00:00,109.53,transfer,1.0,75.81,0.0,75.7812,75.7812,75.81,0.0477,18.3181,82.8036,2717
2016-07-18 06:00:00,99.47,transfer,1.0,94.1462,0.0,98.8575,98.8575,94.1462,0.0476,18.2388,82.9342,2718
2016-07-18 07:00:00,109.64,transfer,1.0,106.0786,0.0,97.2054,97.2054,106.0786,0.0473,18.1453,83.0662,2719
2016-07-18 08:00:00,123.61,transfer,1.0,111.1011,0.0,113.1687,113.1687,111.1011,0.0468,18.1208,83.2434,2720
2016-07-18 09:00:00,120.74,transfer,1.0,113.0701,0.0,114.8673,114.8673,113.0701,0.0463,18.106,83.362,2721
2016-07-18 10:00:00,131.77,transfer,1.0,113.4865,0.0,101.9046,101.9046,113.4865,0.0459,18.1623,83.5497,2722
2016-07-18 11:00:00,140.43,transfer,1.0,112.7891,0.0,109.3586,109.3586,112.7891,0.0455,18.3093,83.7722,2723
2016-07-18 12:00:00,140.6,transfer,1.0,111.9794,0.0,105.2169,105.2169,111.9794,0.0453,18.465,83.9897,2724
2016-07-18 13:00:00,132.86,transfer,1.0,110.765,0.0,119.1703,119.1703,110.765,0.0451,18.5506,84.1605,2725
2016-07-18 14:00:00,140.17,transfer,1.0,108.6759,0.0,104.5192,104.5192,108.6759,0.045,18.6294,84.3495,2726
2016-07-18 15:00:00,137.36,transfer,1.0,105.2786,0.0,86.4594,86.4594,105.2786,0.045,18.6624,84.512,2727
2016-07-18 16:00:00,123.04,transfer,1.0,101.2975,0.0,84.6074,84.6074,101.2975,0.045,18.5942,84.5838,2728
2016-07-18 17:00:00,102.56,transfer,1.0,95.55,0.0,93.2016,93.2016,95.55,0.0451,18.4644,84.5885,2729
2016-07-18 18:00:00,54.09,transfer,1.0,87.1781,0.0,91.4638,91.4638,87.1781,0.0452,18.6027,84.7835,2730
2016-07-18 19:00:00,51.32,transfer,1.0,76.4946,0.0,80.3202,80.3202,76.4946,0.0453,18.695,84.9338,2731
2016-07-18 20:00:00,56.9,transfer,1.0,66.9643,0.0,69.9656,69.9656,66.9643,0.0453,18.7226,85.095,2732
2016-07-18 21:00:00,62.1,transfer,1.0,61.6795,0.0,67.3234,67.3234,61.6795,0.0454,18.7172,85.2966,2733
2016-07-18 22:00:00,59.67,transfer,1.0,59.4762,0.0,56.7129,56.7129,59.4762,80.4968,18.7112,85.2472,2734
2016-07-18 23:00:00,55.56,transfer,1.0,58.8771,0.0,55.4877,55.4877,58.8771,80.5479,18.7264,85.2336,2735
2016-07-19 00:00:00,59.55,transfer,1.0,58.7688,0.0,58.1104,58.1104,58.7688,80.5605,18.6923,85.1572,2736
2016-07-19 01:00:00,52.45,transfer,1.0,59.0486,0.0,50.7665,50.7665,59.0486,80.5611,18.685,85.124,2737
2016-07-19 02:00:00,59.0,transfer,1.0,60.8972,0.0,55.504,55.504,60.8972,80.5626,18.665,85.1041,2738
2016-07-19 03:00:00,51.99,transfer,1.0,63.9609,0.0,57.7751,57.7751,63.9609,0.0471,18.6438,85.2293,2739
2016-07-19 04:00:00,102.44,transfer,1.0,69.7002,0.0,64.7453,64.7453,69.7002,0.0476,18.7055,85.2671,2740
2016-07-19 05:00:00,96.16,transfer,1.0,81.9246,0.0,80.1113,80.1113,81.9246,0.0479,18.7661,85.2985,2741
2016-07-19 06:00:00,88.85,transfer,1.0,98.689,0.0,99.6799,99.6799,98.689,0.0478,18.7068,85.3367,2742
2016-07-19 07:00:00,108.89,transfer,1.0,108.3419,0.0,103.6969,103.6969,108.3419,0.0474,18.6522,85.3919,2743
2016-07-19 08:00:00,120.39,transfer,1.0,112.7363,0.0,115.2864,115.2864,112.7363,0.047,18.6966,85.4447,2744
2016-07-19 09:00:00,123.75,transfer,1.0,115.0338,0.0,106.4322,106.4322,115.0338,0.0465,18.7195,85.4835,2745
2016-07-19 10:00:00,125.47,transfer,1.0,115.82,0.0,99.0348,99.0348,115.82,0.0461,18.7068,85.495,2746
2016-07-19 11:00:00,125.73,transfer,1.0,115.9618,0.0,128.0008,128.0008,115.9618,0.0458,18.682,85.5044,2747
2016-07-19 12:00:00,129.15,transfer,1.0,115.5866,0.0,92.9898,92.9898,115.5866,0.0456,18.6308,85.4957,2748
2016-07-19 13:00:00,127.09,transfer,1.0,114.5984,0.0,102.3317,102.3317,114.5984,0.0454,18.606,85.5229,2749
2016-07-19 14:00:00,134.7,transfer,1.0,112.7454,0.0,110.3787,110.3787,112.7454,0.0453,18.5586,85.5329,2750
2016-07-19 15:00:00,129.56,transfer,1.0,109.8212,0.0,115.6681,115.6681,109.8212,0.0452,18.5318,85.5704,2751
2016-07-19 16:00:00,126.04,transfer,1.0,105.4584,0.0,112.1239,112.1239,105.4584,0.0452,18.5153,85.6153,2752
2016-07-19 17:00:00,127.23,transfer,1.0,99.6053,0.0,81.1609,81.1609,99.6053,0.0452,18.5384,85.6981,2753
2016-07-19 18:00:00,79.78,transfer,1.0,92.7109,0.0,98.3065,98.3065,92.7109,0.0452,18.5328,86.1012,2754
2016-07-19 19:00:00,72.22,transfer,1.0,82.9663,0.0,66.2231,66.2231,82.9663,0.0452,18.532,86.3991,2755
2016-07-19 20:00:00,75.97,transfer,1.0,72.9634,0.0,71.6121,71.6121,72.9634,76.1299,18.5392,86.2749,2756
2016-07-19 21:00:00,68.57,transfer,1.0,66.1391,0.0,63.9275,63.9275,66.1391,80.522,18.5465,86.1967,2757
2016-07-19 22:00:00,68.89,transfer,1.0,62.6806,0.0,58.3819,58.3819,62.6806,80.5363,18.5727,86.1219,2758
2016-07-19 23:00:00,58.71,transfer,1.0,60.4591,0.0,65.0804,65.0804,60.4591,80.5551,18.5443,86.0526,2759
2016-07-20 00:00:00,51.34,transfer,1.0,59.2456,0.0,69.2026,69.2026,59.2456,80.5679,18.5292,86.0025,2760
2016-07-20 01:00:00,55.43,transfer,1.0,58.4726,0.0,44.5756,44.5756,58.4726,80.5704,18.4868,85.9278,2761
2016-07-20 02:00:00,56.78,transfer,1.0,58.6791,0.0,60.4567,60.4567,58.6791,80.536,18.432,85.8662,2762
2016-07-20 03:00:00,56.22,transfer,1.0,60.9457,0.0,53.1565,53.1565,60.9457,0.048,18.3834,86.0024,2763
2016-07-20 04:00:00,101.05,transfer,1.0,65.828,0.0,64.448,64.448,65.828,0.0488,18.3505,85.973,2764
2016-07-20 05:00:00,94.88,transfer,1.0,78.0833,0.0,68.7979,68.7979,78.0833,0.0493,18.3041,85.9265,2765
2016-07-20 06:00:00,87.97,transfer,1.0,95.5946,0.0,107.8167,107.8167,95.5946,0.0492,18.3355,85.8767,2766
2016-07-20 07:00:00,102.62,transfer,1.0,106.4315,0.0,92.5683,92.5683,106.4315,0.0487,18.3481,85.8447,2767
2016-07-20 08:00:00,114.68,transfer,1.0,111.8429,0.0,98.1447,98.1447,111.8429,0.0481,18.3417,85.8259,2768
2016-07-20 09:00:00,117.77,transfer,1.0,114.3339,0.0,113.6128,113.6128,114.3339,0.0475,18.354,85.8325,2769
2016-07-20 10:00:00,125.68,transfer,1.0,115.1176,0.0,114.9142,114.9142,115.1176,0.047,18.3328,85.8115,2770
2016-07-20 11:00:00,127.53,transfer,1.0,115.1146,0.0,110.3871,110.3871,115.1146,0.0465,18.3467,85.832,2771
2016-07-20 12:00:00,123.64,transfer,1.0,114.5625,0.0,128.7525,128.7525,114.5625,0.0462,18.293,85.7894,2772
2016-07-20 13:00:00,124.34,transfer,1.0,113.209,0.0,118.9445,118.9445,113.209,0.0459,18.2205,85.7341,2773
2016-07-20 14:00:00,123.58,transfer,1.0,110.5793,0.0,79.4632,79.4632,110.5793,0.0457,18.1547,85.6875,2774
2016-07-20 15:00:00,124.53,transfer,1.0,106.1144,0.0,102.6701,102.6701,106.1144,0.0456,18.1429,85.6894,2775
2016-07-20 16:00:00,123.87,transfer,1.0,99.9708,0.0,117.4141,117.4141,99.9708,0.0456,18.0791,85.631,2776
2016-07-20 17:00:00,105.08,transfer,1.0,93.4558,0.0,85.5236,85.5236,93.4558,0.0456,17.917,85.4742,2777
2016-07-20 18:00:00,65.97,transfer,1.0,87.5935,0.0,93.3692,93.3692,87.5935,0.0457,17.9701,85.8304,2778
2016-07-20 19:00:00,62.76,transfer,1.0,76.3827,0.0,75.9738,75.9738,76.3827,0.0457,18.0114,86.151,2779
2016-07-20 20:00:00,63.93,transfer,1.0,67.0007,0.0,80.4465,80.4465,67.0007,0.0472,18.0295,86.4375,2780
2016-07-20 21:00:00,61.08,transfer,1.0,62.0875,0.0,59.0318,59.0318,62.0875,80.5554,18.0057,86.4543,2781
2016-07-20 22:00:00,58.5,transfer,1.0,59.7725,0.0,65.2696,65.2696,59.7725,80.5863,17.9876,86.4638,2782
2016-07-20 23:00:00,48.55,transfer,1.0,58.6694,0.0,65.1643,65.1643,58.6694,80.5966,18.0312,86.4817,2783
2016-07-21 00:00:00,44.46,transfer,1.0,57.8871,0.0,57.0879,57.0879,57.8871,80.5913,18.0663,86.4906,2784
2016-07-21 01:00:00,43.04,transfer,1.0,57.0296,0.0,62.1865,62.1865,57.0296,80.609,18.1142,86.5361,2785
2016-07-21 02:00:00,42.84,transfer,1.0,56.8843,0.0,57.3663,57.3663,56.8843,80.6083,18.1832,86.6056,2786
2016-07-21 03:00:00,42.71,transfer,1.0,58.0873,0.0,59.1786,59.1786,58.0873,0.0492,18.253,86.7056,2787
2016-07-21 04:00:00,88.09,transfer,1.0,61.5206,0.0,58.6626,58.6626,61.5206,0.0499,18.1824,86.6277,2788
2016-07-21 05:00:00,89.19,transfer,1.0,71.0894,0.0,61.6683,61.6683,71.0894,0.0502,18.1118,86.5373,2789
2016-07-21 06:00:00,79.64,transfer,1.0,88.4679,0.0,81.4666,81.4666,88.4679,0.05,18.1633,86.4574,2790
2016-07-21 07:00:00,106.83,transfer,1.0,102.2097,0.0,99.7588,99.7588,102.2097,0.0494,18.1493,86.4197,2791
2016-07-21 08:00:00,117.09,transfer,1.0,109.2095,0.0,111.6345,111.6345,109.2095,0.0487,18.0996,86.3538,2792
2016-07-21 09:00:00,118.32,transfer,1.0,112.7243,0.0,114.1503,114.1503,112.7243,0.048,18.0346,86.2794,2793
2016-07-21 10:00:00,122.53,transfer,1.0,113.5844,0.0,119.6063,119.6063,113.5844,0.0474,17.9422,86.1783,2794
2016-07-21 11:00:00,128.21,transfer,1.0,113.0458,0.0,119.4289,119.4289,113.0458,0.0469,17.8445,86.0695,2795
2016-07-21 12:00:00,125.26,transfer,1.0,111.6289,0.0,112.0101,112.0101,111.6289,0.0465,17.7588,85.9672,2796
2016-07-21 13:00:00,128.67,transfer,1.0,109.2332,0.0,101.2646,101.2646,109.2332,0.0463,17.6783,85.8613,2797
2016-07-21 14:00:00,130.35,transfer,1.0,105.466,0.0,102.7921,102.7921,105.466,0.0461,17.6086,85.7536,2798
2016-07-21 15:00:00,132.54,transfer,1.0,100.8407,0.0,101.105,101.105,100.8407,0.046,17.5371,85.6294,2799
2016-07-21 16:00:00,127.41,transfer,1.0,95.7239,0.0,84.1043,84.1043,95.7239,0.046,17.5022,85.5284,2800
2016-07-21 17:00:00,119.83,transfer,1.0,89.8766,0.0,87.6116,87.6116,89.8766,0.046,17.485,85.4282,2801
2016-07-21 18:00:00,69.45,transfer,1.0,82.6999,0.0,81.8208,81.8208,82.6999,0.0466,17.4405,85.3748,2802
2016-07-21 19:00:00,63.61,transfer,1.0,72.71,0.0,63.6599,63.6599,72.71,80.5552,17.3649,85.0763,2803
2016-07-21 20:00:00,64.61,transfer,1.0,63.9066,0.0,70.1143,70.1143,63.9066,80.5546,17.2756,85.0537,2804
2016-07-21 21:00:00,60.06,transfer,1.0,59.0569,0.0,54.5979,54.5979,59.0569,80.5614,17.2636,85.0764,2805
2016-07-21 22:00:00,58.28,transfer,1.0,56.9642,0.0,48.1167,48.1167,56.9642,80.5715,17.2599,85.1092,2806
2016-07-21 23:00:00,48.07,transfer,1.0,55.8966,0.0,50.2903,50.2903,55.8966,80.5839,17.2852,85.1998,2807
2016-07-22 00:00:00,44.07,transfer,1.0,55.3264,0.0,53.5498,53.5498,55.3264,80.5915,17.3301,85.3106,2808
2016-07-22 01:00:00,43.7,transfer,1.0,55.0396,0.0,55.3301,55.3301,55.0396,80.5972,17.3842,85.4149,2809
2016-07-22 02:00:00,44.3,transfer,1.0,55.5193,0.0,59.2203,59.2203,55.5193,80.5703,17.399,85.5624,2810
2016-07-22 03:00:00,43.82,transfer,1.0,57.6579,0.0,54.3284,54.3284,57.6579,0.0488,17.4536,85.4748,2811
2016-07-22 04:00:00,107.44,transfer,1.0,62.0793,0.0,55.5169,55.5169,62.0793,0.0493,17.4708,85.4474,2812
2016-07-22 05:00:00,103.24,transfer,1.0,73.2473,0.0,82.7647,82.7647,73.2473,0.0496,17.4512,85.3777,2813
2016-07-22 06:00:00,97.04,transfer,1.0,94.314,0.0,95.4147,95.4147,94.314,0.0493,17.3969,85.3006,2814
2016-07-22 07:00:00,110.37,transfer,1.0,107.1641,0.0,130.8432,130.8432,107.1641,0.0487,17.3618,85.2602,2815
2016-07-22 08:00:00,125.32,transfer,1.0,112.2242,0.0,103.2072,103.2072,112.2242,0.048,17.3368,85.2311,2816
2016-07-22 09:00:00,128.26,transfer,1.0,113.5853,0.0,114.3928,114.3928,113.5853,0.0474,17.313,85.1997,2817
2016-07-22 10:00:00,134.05,transfer,1.0,113.2975,0.0,112.1855,112.1855,113.2975,0.0468,17.3207,85.1955,2818
2016-07-22 11:00:00,140.16,transfer,1.0,112.0673,0.0,109.7246,109.7246,112.0673,0.0464,17.3959,85.2528,2819
2016-07-22 12:00:00,137.57,transfer,1.0,110.6391,0.0,115.8178,115.8178,110.6391,0.0461,17.4582,85.293,2820
2016-07-22 13:00:00,140.09,transfer,1.0,108.9196,0.0,98.3814,98.3814,108.9196,0.0459,17.497,85.3082,2821
2016-07-22 14:00:00,149.72,transfer,1.0,106.3404,0.0,98.4972,98.4972,106.3404,0.0457,17.5649,85.3533,2822
2016-07-22 15:00:00,147.16,transfer,1.0,103.3207,0.0,103.7553,103.7553,103.3207,0.0457,17.6732,85.4393,2823
2016-07-22 16:00:00,139.45,transfer,1.0,100.1453,0.0,95.1088,95.1088,100.1453,0.0457,17.7552,85.504,2824
2016-07-22 17:00:00,138.58,transfer,1.0,95.4947,0.0,91.6917,91.6917,95.4947,0.0457,17.8618,85.5997,2825
2016-07-22 18:00:00,71.24,transfer,1.0,89.4395,0.0,80.324,80.324,89.4395,0.0458,17.8613,85.5916,2826
2016-07-22 19:00:00,64.79,transfer,1.0,80.0342,0.0,66.6432,66.6432,80.0342,0.0465,17.8702,85.5724,2827
2016-07-22 20:00:00,68.61,transfer,1.0,68.8325,0.0,63.3416,63.3416,68.8325,80.5408,17.8438,85.2441,2828
2016-07-22 21:00:00,61.38,transfer,1.0,61.8928,0.0,64.5507,64.5507,61.8928,80.5529,17.8459,84.9704,2829
2016-07-22 22:00:00,60.73,transfer,1.0,58.9017,0.0,55.4404,55.4404,58.9017,80.5618,17.856,84.7182,2830
2016-07-22 23:00:00,54.31,transfer,1.0,57.3861,0.0,56.447,56.447,57.3861,80.572,17.829,84.713,2831
2016-07-23 00:00:00,47.03,transfer,1.0,56.5375,0.0,49.6341,49.6341,56.5375,80.5683,17.8362,84.7415,2832
2016-07-23 01:00:00,46.43,transfer,1.0,55.818,0.0,57.1245,57.1245,55.818,80.5628,17.8657,84.7902,2833
2016-07-23 02:00:00,49.6,transfer,1.0,55.4181,0.0,50.8445,50.8445,55.4181,80.3653,17.8697,84.6563,2834
2016-07-23 03:00:00,51.12,transfer,1.0,55.5944,0.0,62.6971,62.6971,55.5944,0.0469,17.866,84.6414,2835
2016-07-23 04:00:00,112.21,transfer,1.0,57.0053,0.0,57.5137,57.5137,57.0053,0.047,17.9143,84.6745,2836
2016-07-23 05:00:00,111.28,transfer,1.0,60.5886,0.0,65.0327,65.0327,60.5886,0.0471,18.0077,84.7595,2837
2016-07-23 06:00:00,104.41,transfer,1.0,68.8388,0.0,71.929,71.929,68.8388,0.047,18.0626,84.8201,2838
2016-07-23 07:00:00,126.14,transfer,1.0,77.8192,0.0,86.8178,86.8178,77.8192,0.0468,18.1364,84.9209,2839
2016-07-23 08:00:00,126.2,transfer,1.0,84.5173,0.0,84.78,84.78,84.5173,0.0465,18.1249,84.9544,2840
2016-07-23 09:00:00,133.32,transfer,1.0,89.637,0.0,79.0342,79.0342,89.637,0.0462,18.1291,85.021,2841
2016-07-23 10:00:00,142.71,transfer,1.0,91.9461,0.0,99.5203,99.5203,91.9461,0.046,18.1693,85.131,2842
2016-07-23 11:00:00,136.99,transfer,1.0,92.9426,0.0,96.3657,96.3657,92.9426,0.0459,18.1819,85.2177,2843
2016-07-23 12:00:00,142.72,transfer,1.0,93.2802,0.0,88.1842,88.1842,93.2802,0.0457,18.2414,85.3562,2844
2016-07-23 13:00:00,150.08,transfer,1.0,92.1068,0.0,89.8981,89.8981,92.1068,0.0457,18.2655,85.4628,2845
2016-07-23 14:00:00,147.75,transfer,1.0,90.4113,0.0,93.6894,93.6894,90.4113,0.0456,18.2983,85.5832,2846
2016-07-23 15:00:00,154.55,transfer,1.0,88.5066,0.0,97.2012,97.2012,88.5066,0.0456,18.3502,85.7245,2847
2016-07-23 16:00:00,149.24,transfer,1.0,86.1439,0.0,89.2129,89.2129,86.1439,0.0456,18.3763,85.8398,2848
2016-07-23 17:00:00,154.07,transfer,1.0,83.6088,0.0,85.9232,85.9232,83.6088,0.0457,18.4963,86.0454,2849
2016-07-23 18:00:00,80.71,transfer,1.0,80.403,0.0,80.0815,80.0815,80.403,0.0457,18.498,86.1282,2850
2016-07-23 19:00:00,72.37,transfer,1.0,75.4524,0.0,62.4073,62.4073,75.4524,0.0456,18.4918,86.2004,2851
2016-07-23 20:00:00,58.72,transfer,1.0,67.8439,0.0,67.7834,67.7834,67.8439,0.0455,18.5338,86.4481,2852
2016-07-23 21:00:00,60.51,transfer,1.0,62.1179,0.0,60.9413,60.9413,62.1179,0.0455,18.5362,86.6856,2853
2016-07-23 22:00:00,61.11,transfer,1.0,58.6162,0.0,53.5285,53.5285,58.6162,0.0454,18.5436,86.9186,2854
2016-07-23 23:00:00,60.32,transfer,1.0,56.6525,0.0,55.8681,55.8681,56.6525,0.0455,18.5124,87.0814,2855
2016-07-24 00:00:00,60.03,transfer,1.0,55.5049,0.0,63.2293,63.2293,55.5049,0.0455,18.4817,87.1643,2856
2016-07-24 01:00:00,61.35,transfer,1.0,55.0177,0.0,49.2415,49.2415,55.0177,0.0456,18.4621,87.2577,2857
2016-07-24 02:00:00,71.36,transfer,1.0,55.157,0.0,52.6593,52.6593,55.157,0.0456,18.5016,87.4107,2858
2016-07-24 03:00:00,62.16,transfer,1.0,56.0942,0.0,58.1244,58.1244,56.0942,0.0457,18.4774,87.5092,2859
2016-07-24 04:00:00,123.59,transfer,1.0,58.6015,0.0,73.4489,73.4489,58.6015,0.0457,18.6557,87.6972,2860
2016-07-24 05:00:00,121.47,transfer,1.0,62.7008,0.0,66.8432,66.8432,62.7008,0.0458,18.7962,87.8571,2861
2016-07-24 06:00:00,110.12,transfer,1.0,70.5988,0.0,74.3717,74.3717,70.5988,0.0458,18.9118,88.0066,2862
2016-07-24 07:00:00,119.23,transfer,1.0,78.5694,0.0,65.0984,65.0984,78.5694,0.0457,18.9711,88.112,2863
2016-07-24 08:00:00,127.96,transfer,1.0,85.1148,0.0,92.6627,92.6627,85.1148,0.0456,19.0429,88.2464,2864
2016-07-24 09:00:00,133.13,transfer,1.0,89.5134,0.0,93.6451,93.6451,89.5134,0.0454,19.1226,88.4059,2865
2016-07-24 10:00:00,136.76,transfer,1.0,92.1366,0.0,87.6746,87.6746,92.1366,0.0453,19.181,88.5606,2866
2016-07-24 11:00:00,138.58,transfer,1.0,93.7616,0.0,85.3692,85.3692,93.7616,0.0452,19.2037,88.6963,2867
2016-07-24 12:00:00,136.77,transfer,1.0,94.3696,0.0,105.9473,105.9473,94.3696,0.0452,19.2431,88.8612,2868
2016-07-24 13:00:00,143.16,transfer,1.0,94.0689,0.0,103.2768,103.2768,94.0689,0.0452,19.301,89.0504,2869
2016-07-24 14:00:00,148.1,transfer,1.0,92.7349,0.0,101.2325,101.2325,92.7349,0.0452,19.3451,89.23,2870
2016-07-24 15:00:00,145.85,transfer,1.0,90.8459,0.0,95.5193,95.5193,90.8459,0.0452,19.3672,89.3903,2871
2016-07-24 16:00:00,153.68,transfer,1.0,88.7386,0.0,93.3356,93.3356,88.7386,0.0452,19.4321,89.5919,2872
2016-07-24 17:00:00,147.99,transfer,1.0,86.0425,0.0,63.1644,63.1644,86.0425,0.0453,19.476,89.7656,2873
2016-07-24 18:00:00,80.18,transfer,1.0,83.7073,0.0,77.5708,77.5708,83.7073,0.0453,19.4568,89.8284,2874
2016-07-24 19:00:00,67.54,transfer,1.0,79.7229,0.0,76.9556,76.9556,79.7229,0.0453,19.5114,89.8482,2875
2016-07-24 20:00:00,74.45,transfer,1.0,72.2007,0.0,72.6258,72.6258,72.2007,0.0452,19.4818,89.8993,2876
2016-07-24 21:00:00,64.32,transfer,1.0,65.8392,0.0,64.3677,64.3677,65.8392,0.0451,19.4389,90.1896,2877
2016-07-24 22:00:00,63.36,transfer,1.0,62.6949,0.0,53.602,53.602,62.6949,0.045,19.3876,90.469,2878
2016-07-24 23:00:00,52.42,transfer,1.0,60.7238,0.0,69.1686,69.1686,60.7238,0.045,19.4283,90.6149,2879
2016-07-25 00:00:00,54.23,transfer,1.0,59.0725,0.0,58.8016,58.8016,59.0725,0.0451,19.4335,90.7546,2880
2016-07-25 01:00:00,56.69,transfer,1.0,58.2839,0.0,59.7402,59.7402,58.2839,0.0452,19.4176,90.909,2881
2016-07-25 02:00:00,56.83,transfer,1.0,58.8077,0.0,60.6405,60.6405,58.8077,0.0453,19.4059,90.9405,2882
2016-07-25 03:00:00,65.75,transfer,1.0,61.0168,0.0,66.4859,66.4859,61.0168,0.0455,19.4038,91.0141,2883
2016-07-25 04:00:00,127.46,transfer,1.0,64.9062,0.0,68.3695,68.3695,64.9062,0.0456,19.5156,91.1296,2884
2016-07-25 05:00:00,133.83,transfer,1.0,74.9391,0.0,77.2805,77.2805,74.9391,0.0457,19.6654,91.2742,2885
2016-07-25 06:00:00,130.59,transfer,1.0,91.0933,0.0,90.1075,90.1075,91.0933,0.0457,19.8688,91.4595,2886
2016-07-25 07:00:00,131.39,transfer,1.0,103.2767,0.0,100.969,100.969,103.2767,0.0456,20.0149,91.5889,2887
2016-07-25 08:00:00,134.92,transfer,1.0,110.2901,0.0,127.4839,127.4839,110.2901,0.0454,20.0871,91.6563,2888
2016-07-25 09:00:00,147.07,transfer,1.0,113.7612,0.0,110.6443,110.6443,113.7612,0.0453,20.2397,91.813,2889
2016-07-25 10:00:00,152.75,transfer,1.0,115.0424,0.0,124.4953,124.4953,115.0424,0.0452,20.3553,91.9379,2890
2016-07-25 11:00:00,162.77,transfer,1.0,115.502,0.0,111.1067,111.1067,115.502,0.0451,20.4722,92.0709,2891
2016-07-25 12:00:00,172.62,transfer,1.0,115.6316,0.0,116.978,116.978,115.6316,0.0451,20.641,92.2615,2892
2016-07-25 13:00:00,154.9,transfer,1.0,115.5554,0.0,93.3696,93.3696,115.5554,0.0452,20.7437,92.3926,2893
2016-07-25 14:00:00,163.96,transfer,1.0,115.2028,0.0,116.994,116.994,115.2028,0.0453,20.8464,92.5343,2894
2016-07-25 15:00:00,169.3,transfer,1.0,114.2439,0.0,92.6306,92.6306,114.2439,0.0454,20.9832,92.7244,2895
2016-07-25 16:00:00,153.64,transfer,1.0,112.8021,0.0,103.1728,103.1728,112.8021,0.0455,21.0969,92.9065,2896
2016-07-25 17:00:00,150.68,transfer,1.0,110.8341,0.0,115.3472,115.3472,110.8341,0.0456,21.2923,93.1929,2897
2016-07-25 18:00:00,87.36,transfer,1.0,106.7875,0.0,110.1396,110.1396,106.7875,0.0457,21.211,93.391,2898
2016-07-25 19:00:00,71.4,transfer,1.0,98.6611,0.0,100.2166,100.2166,98.6611,0.0457,21.2234,93.5105,2899
2016-07-25 20:00:00,72.33,transfer,1.0,85.639,0.0,71.7411,71.7411,85.639,0.0456,21.2427,93.6023,2900
2016-07-25 21:00:00,75.2,transfer,1.0,75.0543,0.0,51.3811,51.3811,75.0543,0.0455,21.2411,93.6803,2901
2016-07-25 22:00:00,68.89,transfer,1.0,68.561,0.0,64.5059,64.5059,68.561,0.0454,21.2419,93.9661,2902
2016-07-25 23:00:00,62.53,transfer,1.0,65.1486,0.0,66.1596,66.1596,65.1486,0.0454,21.2377,94.1893,2903
2016-07-26 00:00:00,64.99,transfer,1.0,62.9172,0.0,57.7338,57.7338,62.9172,0.0454,21.2454,94.4508,2904
2016-07-26 01:00:00,65.43,transfer,1.0,61.8279,0.0,48.2143,48.2143,61.8279,0.0454,21.2276,94.6727,2905
2016-07-26 02:00:00,66.75,transfer,1.0,62.0871,0.0,63.4599,63.4599,62.0871,0.0455,21.2441,94.9414,2906
2016-07-26 03:00:00,64.05,transfer,1.0,64.4967,0.0,61.6778,61.6778,64.4967,0.0456,21.1755,95.0132,2907
2016-07-26 04:00:00,119.65,transfer,1.0,68.4315,0.0,64.1968,64.1968,68.4315,0.0457,21.2855,95.1156,2908
2016-07-26 05:00:00,123.53,transfer,1.0,77.6391,0.0,69.8336,69.8336,77.6391,0.0458,21.4739,95.2786,2909
2016-07-26 06:00:00,124.39,transfer,1.0,91.5381,0.0,85.674,85.674,91.5381,0.0459,21.6109,95.4901,2910
2016-07-26 07:00:00,133.6,transfer,1.0,102.7045,0.0,92.434,92.434,102.7045,0.0458,21.7915,95.6372,2911
2016-07-26 08:00:00,144.73,transfer,1.0,110.1296,0.0,106.5296,106.5296,110.1296,0.0458,21.9519,95.7821,2912
2016-07-26 09:00:00,160.7,transfer,1.0,114.1463,0.0,113.4148,113.4148,114.1463,0.0457,22.1771,96.0021,2913
2016-07-26 10:00:00,158.76,transfer,1.0,115.9397,0.0,104.6464,104.6464,115.9397,0.0456,22.3746,96.2002,2914
2016-07-26 11:00:00,161.07,transfer,1.0,116.8158,0.0,96.563,96.563,116.8158,0.0456,22.5798,96.4106,2915
2016-07-26 12:00:00,161.9,transfer,1.0,117.155,0.0,119.0849,119.0849,117.155,0.0456,22.7654,96.6055,2916
2016-07-26 13:00:00,167.69,transfer,1.0,117.2478,0.0,111.4921,111.4921,117.2478,0.0456,22.9913,96.8472,2917
2016-07-26 14:00:00,166.92,transfer,1.0,117.0053,0.0,100.7187,100.7187,117.0053,0.0456,23.1578,97.039,2918
2016-07-26 15:00:00,162.96,transfer,1.0,116.6125,0.0,116.6981,116.6981,116.6125,0.0457,23.3162,97.2378,2919
2016-07-26 16:00:00,164.0,transfer,1.0,115.8474,0.0,142.4525,142.4525,115.8474,0.0458,23.4803,97.4637,2920
2016-07-26 17:00:00,150.23,transfer,1.0,114.4999,0.0,118.4756,118.4756,114.4999,0.0458,23.5285,97.6006,2921
2016-07-26 18:00:00,85.78,transfer,1.0,112.6054,0.0,117.5127,117.5127,112.6054,0.0459,23.6112,97.6363,2922
2016-07-26 19:00:00,76.81,transfer,1.0,107.148,0.0,125.0162,125.0162,107.148,0.0459,23.7278,97.6637,2923
2016-07-26 20:00:00,76.53,transfer,1.0,94.5726,0.0,87.2236,87.2236,94.5726,0.0458,23.8173,98.118,2924
2016-07-26 21:00:00,77.38,transfer,1.0,83.2837,0.0,68.5593,68.5593,83.2837,0.0457,23.838,98.5071,2925
2016-07-26 22:00:00,67.1,transfer,1.0,76.1118,0.0,71.1721,71.1721,76.1118,0.0456,23.8547,98.837,2926
2016-07-26 23:00:00,55.57,transfer,1.0,71.2345,0.0,68.2858,68.2858,71.2345,0.0456,23.9375,99.0374,2927
2016-07-27 00:00:00,57.52,transfer,1.0,66.9191,0.0,66.1392,66.1392,66.9191,0.0457,23.9464,99.2056,2928
2016-07-27 01:00:00,58.64,transfer,1.0,63.8971,0.0,77.8361,77.8361,63.8971,0.0458,23.9596,99.4047,2929
2016-07-27 02:00:00,58.96,transfer,1.0,62.9073,0.0,69.2594,69.2594,62.9073,0.0459,23.9718,99.614,2930
2016-07-27 03:00:00,57.72,transfer,1.0,63.8406,0.0,64.317,64.317,63.8406,0.0461,23.9801,99.6229,2931
2016-07-27 04:00:00,130.62,transfer,1.0,66.6876,0.0,68.6482,68.6482,66.6876,0.0462,24.151,99.7989,2932
2016-07-27 05:00:00,128.01,transfer,1.0,75.452,0.0,82.6314,82.6314,75.452,0.0463,24.3638,99.9962,2933
2016-07-27 06:00:00,119.9,transfer,1.0,90.9883,0.0,100.1727,100.1727,90.9883,0.0463,24.4906,100.1862,2934
2016-07-27 07:00:00,132.08,transfer,1.0,103.179,0.0,98.1051,98.1051,103.179,0.0463,24.6399,100.3616,2935
2016-07-27 08:00:00,146.57,transfer,1.0,110.6223,0.0,111.0053,111.0053,110.6223,0.0462,24.837,100.5514,2936
2016-07-27 09:00:00,146.35,transfer,1.0,114.5936,0.0,107.2545,107.2545,114.5936,0.0461,25.0056,100.7216,2937
2016-07-27 10:00:00,155.8,transfer,1.0,116.3324,0.0,113.3927,113.3927,116.3324,0.046,25.1776,100.9009,2938
2016-07-27 11:00:00,160.86,transfer,1.0,117.0501,0.0,106.0279,106.0279,117.0501,0.046,25.3645,101.0992,2939
2016-07-27 12:00:00,156.79,transfer,1.0,117.3165,0.0,112.0894,112.0894,117.3165,0.046,25.5454,101.2966,2940
2016-07-27 13:00:00,158.79,transfer,1.0,117.2869,0.0,100.6822,100.6822,117.2869,0.046,25.7262,101.5016,2941
2016-07-27 14:00:00,168.21,transfer,1.0,116.9904,0.0,117.3134,117.3134,116.9904,0.046,25.9537,101.7673,2942
2016-07-27 15:00:00,165.18,transfer,1.0,116.3774,0.0,119.333,119.333,116.3774,0.0461,26.1346,102.0092,2943
2016-07-27 16:00:00,166.51,transfer,1.0,115.4777,0.0,127.1944,127.1944,115.4777,0.0462,26.2961,102.2631,2944
2016-07-27 17:00:00,155.99,transfer,1.0,114.1245,0.0,109.9457,109.9457,114.1245,0.0462,26.4761,102.5661,2945
2016-07-27 18:00:00,90.49,transfer,1.0,112.1326,0.0,122.9248,122.9248,112.1326,0.0463,26.4762,102.712,2946
2016-07-27 19:00:00,76.85,transfer,1.0,106.4264,0.0,81.2229,81.2229,106.4264,0.0462,26.5712,102.7959,2947
2016-07-27 20:00:00,76.32,transfer,1.0,94.247,0.0,86.4455,86.4455,94.247,0.0461,26.6596,102.8697,2948
2016-07-27 21:00:00,77.71,transfer,1.0,82.3131,0.0,89.602,89.602,82.3131,0.046,26.681,103.216,2949
2016-07-27 22:00:00,74.01,transfer,1.0,74.2781,0.0,81.1686,81.1686,74.2781,0.046,26.675,103.5248,2950
2016-07-27 23:00:00,53.07,transfer,1.0,69.0461,0.0,57.4873,57.4873,69.0461,0.046,26.7099,103.6497,2951
2016-07-28 00:00:00,58.06,transfer,1.0,65.3227,0.0,74.9271,74.9271,65.3227,0.046,26.6732,103.7799,2952
2016-07-28 01:00:00,57.76,transfer,1.0,62.3007,0.0,67.0378,67.0378,62.3007,0.0461,26.6169,103.8998,2953
2016-07-28 02:00:00,57.49,transfer,1.0,61.1986,0.0,51.7489,51.7489,61.1986,0.0462,26.5554,104.017,2954
2016-07-28 03:00:00,63.23,transfer,1.0,61.9956,0.0,55.6115,55.6115,61.9956,0.0463,26.4712,104.1391,2955
2016-07-28 04:00:00,127.62,transfer,1.0,64.4463,0.0,63.9916,63.9916,64.4463,0.0463,26.6891,104.3744,2956
2016-07-28 05:00:00,128.92,transfer,1.0,73.1152,0.0,71.7946,71.7946,73.1152,0.0464,26.9135,104.6109,2957
2016-07-28 06:00:00,120.77,transfer,1.0,88.6165,0.0,83.6532,83.6532,88.6165,0.0464,27.0524,104.8558,2958
2016-07-28 07:00:00,142.24,transfer,1.0,101.3615,0.0,93.8989,93.8989,101.3615,0.0464,27.2682,105.0666,2959
2016-07-28 08:00:00,151.88,transfer,1.0,109.5825,0.0,101.3367,101.3367,109.5825,0.0463,27.4731,105.2737,2960
2016-07-28 09:00:00,157.63,transfer,1.0,114.0495,0.0,126.3206,126.3206,114.0495,0.0462,27.6992,105.5077,2961
2016-07-28 10:00:00,156.64,transfer,1.0,115.9079,0.0,106.878,106.878,115.9079,0.0462,27.8884,105.7107,2962
2016-07-28 11:00:00,162.22,transfer,1.0,116.711,0.0,138.5438,138.5438,116.711,0.0462,28.069,105.9132,2963
2016-07-28 12:00:00,159.58,transfer,1.0,116.983,0.0,127.3712,127.3712,116.983,0.0463,28.2414,106.1175,2964
2016-07-28 13:00:00,158.23,transfer,1.0,116.8941,0.0,100.1758,100.1758,116.8941,0.0463,28.3718,106.2934,2965
2016-07-28 14:00:00,169.6,transfer,1.0,116.4819,0.0,104.9358,104.9358,116.4819,0.0464,28.5398,106.527,2966
2016-07-28 15:00:00,160.45,transfer,1.0,115.6792,0.0,117.8714,117.8714,115.6792,0.0465,28.6176,106.6932,2967
2016-07-28 16:00:00,158.46,transfer,1.0,114.5987,0.0,121.974,121.974,114.5987,0.0466,28.6901,106.878,2968
2016-07-28 17:00:00,141.79,transfer,1.0,112.5461,0.0,98.2277,98.2277,112.5461,0.0467,28.6859,107.0087,2969
2016-07-28 18:00:00,82.0,transfer,1.0,109.3689,0.0,100.2428,100.2428,109.3689,0.0467,28.7699,107.0834,2970
2016-07-28 19:00:00,74.51,transfer,1.0,100.5692,0.0,105.1838,105.1838,100.5692,0.0467,28.8709,107.4258,2971
2016-07-28 20:00:00,73.51,transfer,1.0,85.6066,0.0,97.9943,97.9943,85.6066,0.0465,28.9387,107.7681,2972
2016-07-28 21:00:00,63.56,transfer,1.0,74.684,0.0,78.8515,78.8515,74.684,0.0464,28.9989,108.0242,2973
2016-07-28 22:00:00,61.55,transfer,1.0,68.0846,0.0,57.7687,57.7687,68.0846,0.0464,29.03,108.2576,2974
2016-07-28 23:00:00,50.87,transfer,1.0,64.0969,0.0,45.1442,45.1442,64.0969,0.0464,29.0621,108.3666,2975
2016-07-29 00:00:00,50.7928,transfer,1.0,61.2968,0.0,54.5907,54.5907,61.2968,0.0465,29.0577,108.4512,2976
2016-07-29 01:00:00,50.715599999999995,transfer,1.0,59.4192,0.0,63.3821,63.3821,59.4192,0.0469,29.042,108.5332,2977
2016-07-29 02:00:00,50.6384,transfer,1.0,57.4254,0.0,59.8382,59.8382,57.4254,0.0482,29.0156,108.6184,2978
2016-07-30 00:00:00,48.94,transfer,1.0,55.0159,0.0,56.584,56.584,55.0159,0.0507,28.9694,108.6489,2979
2016-07-30 01:00:00,52.92,transfer,1.0,52.9437,0.0,42.5876,42.5876,52.9437,0.0526,28.6995,108.3244,2980
2016-07-30 02:00:00,53.64,transfer,1.0,51.1715,0.0,62.0669,62.0669,51.1715,0.0528,28.5357,108.0291,2981
2016-07-30 03:00:00,53.81,transfer,1.0,49.8809,0.0,54.2915,54.2915,49.8809,0.0517,28.5428,107.7718,2982
2016-07-30 04:00:00,105.52,transfer,1.0,49.0668,0.0,47.745,47.745,49.0668,0.0503,28.8598,107.7429,2983
2016-07-30 05:00:00,108.88,transfer,1.0,48.758,0.0,46.5194,46.5194,48.758,0.049,29.1397,107.645,2984
2016-07-30 06:00:00,101.36,transfer,1.0,50.3091,0.0,52.4589,52.4589,50.3091,0.0479,29.3562,107.4849,2985
2016-07-30 07:00:00,120.84,transfer,1.0,53.4977,0.0,54.8535,54.8535,53.4977,0.0472,29.6336,107.4063,2986
2016-07-30 08:00:00,123.85,transfer,1.0,57.2659,0.0,55.7504,55.7504,57.2659,0.0467,29.8627,107.3092,2987
2016-07-30 09:00:00,122.84,transfer,1.0,61.4521,0.0,59.0068,59.0068,61.4521,0.0464,30.0678,107.2215,2988
2016-07-30 10:00:00,126.17,transfer,1.0,65.6665,0.0,56.6659,56.6659,65.6665,0.0462,30.2424,107.1386,2989
2016-07-30 11:00:00,132.56,transfer,1.0,69.1346,0.0,65.1425,65.1425,69.1346,0.0461,30.3617,107.0365,2990
2016-07-30 12:00:00,132.07,transfer,1.0,71.0861,0.0,59.9717,59.9717,71.0861,0.0461,30.4637,106.9467,2991
2016-07-30 13:00:00,136.13,transfer,1.0,71.2851,0.0,61.4111,61.4111,71.2851,0.046,30.6158,106.9269,2992
2016-07-30 14:00:00,130.36,transfer,1.0,70.0272,0.0,72.3247,72.3247,70.0272,0.046,30.7184,106.878,2993
2016-07-30 15:00:00,132.65,transfer,1.0,69.2973,0.0,77.0433,77.0433,69.2973,0.046,30.9872,107.2435,2994
2016-07-30 16:00:00,124.09,transfer,1.0,67.3629,0.0,64.2642,64.2642,67.3629,0.0459,31.2341,107.5965,2995
2016-07-30 17:00:00,118.51,transfer,1.0,65.5866,0.0,72.9074,72.9074,65.5866,0.0456,31.5478,108.2306,2996
2016-07-30 18:00:00,69.53,transfer,1.0,63.4371,0.0,62.2733,62.2733,63.4371,0.0455,31.581,108.5301,2997
2016-07-30 19:00:00,63.11,transfer,1.0,61.2012,0.0,70.3249,70.3249,61.2012,0.0455,31.5815,108.7874,2998
2016-07-30 20:00:00,64.94,transfer,1.0,58.3087,0.0,52.808,52.808,58.3087,0.0455,31.6027,109.0174,2999
2016-07-30 21:00:00,57.24,transfer,1.0,55.7119,0.0,55.0115,55.0115,55.7119,80.5405,31.5552,108.9564,3000
2016-07-30 22:00:00,56.53,transfer,1.0,54.8457,0.0,63.2796,63.2796,54.8457,80.4528,31.5093,108.8957,3001
2016-07-30 23:00:00,46.09,transfer,1.0,54.6909,0.0,57.791,57.791,54.6909,0.0457,31.5259,108.9866,3002
2016-07-31 00:00:00,44.83,transfer,1.0,54.7934,0.0,46.2011,46.2011,54.7934,0.0458,31.5586,108.9492,3003
2016-07-31 01:00:00,44.53,transfer,1.0,54.6357,0.0,57.3298,57.3298,54.6357,0.0459,31.2901,108.5463,3004
2016-07-31 02:00:00,45.29,transfer,1.0,54.7824,0.0,52.7082,52.7082,54.7824,0.046,31.0449,108.1535,3005
2016-07-31 03:00:00,45.63,transfer,1.0,54.9537,0.0,53.1786,53.1786,54.9537,0.046,30.8886,107.8037,3006
2016-07-31 04:00:00,96.58,transfer,1.0,55.3339,0.0,55.6032,55.6032,55.3339,0.0458,30.8465,107.6277,3007
2016-07-31 05:00:00,101.1,transfer,1.0,55.9933,0.0,57.2669,57.2669,55.9933,0.0457,30.8669,107.4783,3008
2016-07-31 06:00:00,90.72,transfer,1.0,58.918,0.0,61.1997,61.1997,58.918,0.0456,30.7962,107.2248,3009
2016-07-31 07:00:00,105.13,transfer,1.0,62.6482,0.0,51.7615,51.7615,62.6482,0.0456,30.7469,107.0011,3010
2016-07-31 08:00:00,100.83,transfer,1.0,65.4175,0.0,58.1873,58.1873,65.4175,0.0455,30.6955,106.7858,3011
2016-07-31 09:00:00,108.23,transfer,1.0,67.0688,0.0,45.7232,45.7232,67.0688,0.0455,30.6462,106.5805,3012
2016-07-31 10:00:00,112.36,transfer,1.0,67.7046,0.0,64.3644,64.3644,67.7046,0.0454,30.567,106.356,3013
2016-07-31 11:00:00,109.37,transfer,1.0,67.9968,0.0,58.6601,58.6601,67.9968,0.0454,30.4719,106.1276,3014
2016-07-31 12:00:00,104.19,transfer,1.0,67.8332,0.0,66.0523,66.0523,67.8332,0.0454,30.2952,105.8278,3015
2016-07-31 13:00:00,109.16,transfer,1.0,67.1414,0.0,52.426,52.426,67.1414,0.0455,30.1698,105.5892,3016
2016-07-31 14:00:00,110.97,transfer,1.0,65.341,0.0,65.5957,65.5957,65.341,0.0455,30.0219,105.3327,3017
2016-07-31 15:00:00,111.98,transfer,1.0,63.8033,0.0,68.0899,68.0899,63.8033,0.0456,30.3069,105.5188,3018
2016-07-31 16:00:00,114.44,transfer,1.0,62.4775,0.0,62.6728,62.6728,62.4775,0.0455,30.5978,105.7692,3019
2016-07-31 17:00:00,104.92,transfer,1.0,61.1439,0.0,67.9805,67.9805,61.1439,0.0454,30.8041,106.0442,3020
2016-07-31 18:00:00,57.11,transfer,1.0,59.7108,0.0,62.1568,62.1568,59.7108,0.0453,30.81,106.024,3021
2016-07-31 19:00:00,52.72,transfer,1.0,58.1579,0.0,62.4973,62.4973,58.1579,0.0452,30.8275,105.9741,3022
2016-07-31 20:00:00,55.67,transfer,1.0,55.9242,0.0,56.305,56.305,55.9242,0.0452,30.8072,105.9464,3023
2016-07-31 21:00:00,58.31,transfer,1.0,53.9201,0.0,50.6279,50.6279,53.9201,0.0453,30.8064,105.9361,3024
2016-07-31 22:00:00,58.56,transfer,1.0,52.8445,0.0,49.4613,49.4613,52.8445,0.0454,30.8027,105.9195,3025
2016-07-31 23:00:00,57.83,transfer,1.0,52.3953,0.0,53.9123,53.9123,52.3953,0.0456,30.7386,105.839,3026
2016-08-01 00:00:00,57.74,transfer,1.0,52.3441,0.0,48.7999,48.7999,52.3441,0.0458,30.7347,105.8127,3027
2016-08-01 01:00:00,57.24,transfer,1.0,53.2469,0.0,53.0381,53.0381,53.2469,0.046,30.3716,105.4177,3028
2016-08-01 02:00:00,57.07,transfer,1.0,56.1949,0.0,68.0339,68.0339,56.1949,0.0461,30.027,105.0344,3029
2016-08-01 03:00:00,57.21,transfer,1.0,60.1045,0.0,61.6213,61.6213,60.1045,0.0462,29.809,104.7195,3030
2016-08-01 04:00:00,120.2,transfer,1.0,65.5357,0.0,65.386,65.386,65.5357,0.0462,29.8923,104.7252,3031
2016-08-01 05:00:00,110.78,transfer,1.0,72.9878,0.0,74.7794,74.7794,72.9878,0.0461,29.8622,104.623,3032
2016-08-01 06:00:00,98.45,transfer,1.0,87.3118,0.0,77.4636,77.4636,87.3118,0.0459,29.6689,104.4165,3033
2016-08-01 07:00:00,113.38,transfer,1.0,98.1649,0.0,99.555,99.555,98.1649,0.0458,29.4939,104.2774,3034
2016-08-01 08:00:00,116.64,transfer,1.0,103.8683,0.0,92.9451,92.9451,103.8683,0.0456,29.3031,104.1468,3035
2016-08-01 09:00:00,127.82,transfer,1.0,106.605,0.0,100.9129,100.9129,106.605,0.0455,29.177,104.0935,3036
2016-08-01 10:00:00,123.64,transfer,1.0,107.3783,0.0,92.6018,92.6018,107.3783,0.0453,28.9816,103.9773,3037
2016-08-01 11:00:00,130.89,transfer,1.0,107.7369,0.0,104.0286,104.0286,107.7369,0.0453,28.7899,103.8749,3038
2016-08-01 12:00:00,132.1,transfer,1.0,107.0834,0.0,119.1483,119.1483,107.0834,0.0452,28.6114,103.793,3039
2016-08-01 13:00:00,139.96,transfer,1.0,105.7807,0.0,81.8311,81.8311,105.7807,0.0452,28.4283,103.7114,3040
2016-08-01 14:00:00,146.19,transfer,1.0,103.9509,0.0,95.7628,95.7628,103.9509,0.0452,28.3109,103.7006,3041
2016-08-01 15:00:00,147.61,transfer,1.0,102.1529,0.0,113.4139,113.4139,102.1529,0.0452,28.5605,104.102,3042
2016-08-01 16:00:00,153.07,transfer,1.0,98.1997,0.0,92.5371,92.5371,98.1997,0.0452,28.8146,104.6111,3043
2016-08-01 17:00:00,150.96,transfer,1.0,94.3009,0.0,91.4714,91.4714,94.3009,0.045,29.1385,105.0665,3044
2016-08-01 18:00:00,83.57,transfer,1.0,90.8998,0.0,73.8059,73.8059,90.8998,0.045,29.1731,105.1811,3045
2016-08-01 19:00:00,73.2,transfer,1.0,86.0444,0.0,98.6364,98.6364,86.0444,0.0449,29.2456,105.2397,3046
2016-08-01 20:00:00,68.99,transfer,1.0,76.321,0.0,88.5674,88.5674,76.321,0.0449,29.2398,105.3383,3047
2016-08-01 21:00:00,69.27,transfer,1.0,68.2511,0.0,78.6838,78.6838,68.2511,0.0449,29.217,105.4278,3048
2016-08-01 22:00:00,68.51,transfer,1.0,63.7047,0.0,70.5872,70.5872,63.7047,0.045,29.2361,105.4982,3049
2016-08-01 23:00:00,67.0,transfer,1.0,61.447,0.0,54.9008,54.9008,61.447,0.0451,29.2574,105.5587,3050
2016-08-02 00:00:00,66.66,transfer,1.0,60.5233,0.0,71.8489,71.8489,60.5233,0.0452,29.2658,105.5642,3051
2016-08-02 01:00:00,66.14,transfer,1.0,60.5328,0.0,51.7841,51.7841,60.5328,0.0454,28.9268,105.1992,3052
2016-08-02 02:00:00,66.79,transfer,1.0,62.8177,0.0,56.5665,56.5665,62.8177,0.0456,28.5999,104.8001,3053
2016-08-02 03:00:00,66.34,transfer,1.0,66.1376,0.0,59.7158,59.7158,66.1376,0.0457,28.366,104.4177,3054
2016-08-02 04:00:00,119.46,transfer,1.0,71.7483,0.0,75.089,75.089,71.7483,0.0458,28.4827,104.3467,3055
2016-08-02 05:00:00,123.53,transfer,1.0,80.9074,0.0,77.3499,77.3499,80.9074,0.0458,28.5898,104.2789,3056
2016-08-02 06:00:00,112.85,transfer,1.0,94.5205,0.0,104.8231,104.8231,94.5205,0.0458,28.5006,104.0752,3057
2016-08-02 07:00:00,122.96,transfer,1.0,104.78,0.0,96.3778,96.3778,104.78,0.0457,28.3844,103.8978,3058
2016-08-02 08:00:00,136.93,transfer,1.0,110.6521,0.0,115.6045,115.6045,110.6521,0.0457,28.2594,103.744,3059
2016-08-02 09:00:00,142.51,transfer,1.0,113.83,0.0,126.9552,126.9552,113.83,0.0456,28.0909,103.5648,3060
2016-08-02 10:00:00,150.65,transfer,1.0,115.3895,0.0,114.1988,114.1988,115.3895,0.0455,28.0666,103.5395,3061
2016-08-02 11:00:00,145.21,transfer,1.0,116.0327,0.0,108.2581,108.2581,116.0327,0.0455,27.9501,103.4279,3062
2016-08-02 12:00:00,146.99,transfer,1.0,116.4129,0.0,118.8546,118.8546,116.4129,0.0455,27.8044,103.2951,3063
2016-08-02 13:00:00,165.2,transfer,1.0,116.4096,0.0,113.7531,113.7531,116.4096,0.0454,27.8517,103.3639,3064
2016-08-02 14:00:00,166.18,transfer,1.0,116.1231,0.0,96.5111,96.5111,116.1231,0.0454,27.9125,103.4562,3065
2016-08-02 15:00:00,160.97,transfer,1.0,115.7017,0.0,100.5504,100.5504,115.7017,0.0454,28.0663,103.8943,3066
2016-08-02 16:00:00,160.91,transfer,1.0,114.4251,0.0,114.5107,114.5107,114.4251,0.0454,28.1807,104.4271,3067
2016-08-02 17:00:00,148.56,transfer,1.0,112.6342,0.0,91.1695,91.1695,112.6342,0.0454,28.3153,104.8809,3068
2016-08-02 18:00:00,89.88,transfer,1.0,110.527,0.0,125.2123,125.2123,110.527,0.0454,28.4374,104.9683,3069
2016-08-02 19:00:00,76.4,transfer,1.0,105.9188,0.0,109.384,109.384,105.9188,0.0455,28.6111,105.013,3070
2016-08-02 20:00:00,80.04,transfer,1.0,94.841,0.0,86.69,86.69,94.841,0.0455,28.6836,105.1172,3071
2016-08-02 21:00:00,67.47,transfer,1.0,82.9425,0.0,71.8928,71.8928,82.9425,0.0455,28.7634,105.1319,3072
2016-08-02 22:00:00,66.38,transfer,1.0,75.5203,0.0,76.7878,76.7878,75.5203,0.0456,28.7964,105.1376,3073
2016-08-02 23:00:00,60.14,transfer,1.0,69.9548,0.0,72.2121,72.2121,69.9548,0.0458,28.827,105.0983,3074
2016-08-03 00:00:00,51.81,transfer,1.0,66.245,0.0,83.4075,83.4075,66.245,0.0459,28.9103,105.0254,3075
2016-08-03 01:00:00,51.4,transfer,1.0,63.2736,0.0,70.5597,70.5597,63.2736,0.0461,28.6761,104.6191,3076
2016-08-03 02:00:00,49.07,transfer,1.0,63.1713,0.0,52.7745,52.7745,63.1713,0.0462,28.4869,104.1759,3077
2016-08-03 03:00:00,53.76,transfer,1.0,64.2501,0.0,66.8876,66.8876,64.2501,0.0463,28.3538,103.7555,3078
2016-08-03 04:00:00,110.38,transfer,1.0,67.0031,0.0,61.0529,61.0529,67.0031,0.0463,28.4281,103.6173,3079
2016-08-03 05:00:00,103.11,transfer,1.0,74.5654,0.0,72.8133,72.8133,74.5654,0.0463,28.392,103.3695,3080
2016-08-03 06:00:00,95.18,transfer,1.0,90.4008,0.0,83.083,83.083,90.4008,0.0462,28.1434,102.9795,3081
2016-08-03 07:00:00,111.07,transfer,1.0,103.5203,0.0,78.6868,78.6868,103.5203,0.0462,27.9334,102.6957,3082
2016-08-03 08:00:00,131.61,transfer,1.0,110.5282,0.0,105.814,105.814,110.5282,0.0461,27.7955,102.5203,3083
2016-08-03 09:00:00,120.7,transfer,1.0,114.024,0.0,128.6921,128.6921,114.024,0.046,27.5689,102.2751,3084
2016-08-03 10:00:00,129.66,transfer,1.0,115.6924,0.0,110.0325,110.0325,115.6924,0.046,27.3518,102.0487,3085
2016-08-03 11:00:00,135.62,transfer,1.0,116.207,0.0,125.6803,125.6803,116.207,0.0459,27.1702,101.8624,3086
2016-08-03 12:00:00,134.94,transfer,1.0,116.2187,0.0,118.735,118.735,116.2187,0.0459,27.0058,101.6956,3087
2016-08-03 13:00:00,138.23,transfer,1.0,115.7917,0.0,105.0187,105.0187,115.7917,0.0459,26.8527,101.5422,3088
2016-08-03 14:00:00,134.86,transfer,1.0,114.9781,0.0,113.4976,113.4976,114.9781,0.0458,26.7584,101.4507,3089
2016-08-03 15:00:00,129.11,transfer,1.0,113.2628,0.0,122.6345,122.6345,113.2628,0.0458,26.693,101.7086,3090
2016-08-03 16:00:00,128.2,transfer,1.0,108.6881,0.0,108.6898,108.6898,108.6881,0.0458,26.6286,102.0145,3091
2016-08-03 17:00:00,130.63,transfer,1.0,101.6719,0.0,98.1152,98.1152,101.6719,0.0458,26.6936,102.3366,3092
2016-08-03 18:00:00,69.73,transfer,1.0,93.7427,0.0,83.0471,83.0471,93.7427,0.0457,26.8013,102.291,3093
2016-08-03 19:00:00,54.61,transfer,1.0,85.191,0.0,87.7503,87.7503,85.191,0.0457,26.9297,102.2167,3094
2016-08-03 20:00:00,54.61,transfer,1.0,73.207,0.0,71.9395,71.9395,73.207,0.0457,26.9472,102.211,3095
2016-08-03 21:00:00,56.32,transfer,1.0,64.423,0.0,59.9752,59.9752,64.423,0.0458,26.9395,102.2038,3096
2016-08-03 22:00:00,56.44,transfer,1.0,60.2135,0.0,65.9737,65.9737,60.2135,0.046,26.9306,102.1907,3097
2016-08-03 23:00:00,55.17,transfer,1.0,58.3952,0.0,54.0788,54.0788,58.3952,0.0462,26.9263,102.1682,3098
2016-08-04 00:00:00,65.47,transfer,1.0,57.7691,0.0,48.0651,48.0651,57.7691,0.0465,26.9358,102.2143,3099
2016-08-04 01:00:00,58.82,transfer,1.0,57.5531,0.0,53.1589,53.1589,57.5531,0.0468,26.5627,101.7869,3100
2016-08-04 02:00:00,57.21,transfer,1.0,60.0338,0.0,60.2558,60.2558,60.0338,0.0471,26.2667,101.3655,3101
2016-08-04 03:00:00,52.67,transfer,1.0,63.5422,0.0,70.6745,70.6745,63.5422,0.0473,26.1593,100.9653,3102
2016-08-04 04:00:00,103.43,transfer,1.0,67.8581,0.0,67.7944,67.7944,67.8581,0.0473,26.199,100.7947,3103
2016-08-04 05:00:00,93.17,transfer,1.0,75.6777,0.0,75.539,75.539,75.6777,0.0473,26.0892,100.4769,3104
2016-08-04 06:00:00,84.53,transfer,1.0,90.5147,0.0,95.8066,95.8066,90.5147,0.0472,25.9358,100.1089,3105
2016-08-04 07:00:00,97.69,transfer,1.0,101.9213,0.0,119.5926,119.5926,101.9213,0.047,25.726,99.763,3106
2016-08-04 08:00:00,113.57,transfer,1.0,108.2493,0.0,103.5672,103.5672,108.2493,0.0467,25.4969,99.4815,3107
2016-08-04 09:00:00,143.09,transfer,1.0,111.4299,0.0,98.5135,98.5135,111.4299,0.0465,25.4504,99.4,3108
2016-08-04 10:00:00,143.34,transfer,1.0,112.7528,0.0,97.3583,97.3583,112.7528,0.0463,25.3855,99.308,3109
2016-08-04 11:00:00,152.31,transfer,1.0,114.0407,0.0,130.8705,130.8705,114.0407,0.0461,25.3084,99.2133,3110
2016-08-04 12:00:00,149.09,transfer,1.0,114.8512,0.0,129.0497,129.0497,114.8512,0.046,25.2217,99.1176,3111
2016-08-04 13:00:00,144.85,transfer,1.0,115.1403,0.0,119.2675,119.2675,115.1403,0.0459,25.0948,98.9886,3112
2016-08-04 14:00:00,147.41,transfer,1.0,114.7107,0.0,113.6258,113.6258,114.7107,0.0459,25.0402,98.9376,3113
2016-08-04 15:00:00,146.12,transfer,1.0,113.2248,0.0,98.5242,98.5242,113.2248,0.0459,25.1072,99.2687,3114
2016-08-04 16:00:00,150.96,transfer,1.0,109.7818,0.0,101.7525,101.7525,109.7818,0.0459,25.1762,99.7098,3115
2016-08-04 17:00:00,143.16,transfer,1.0,105.255,0.0,98.6401,98.6401,105.255,0.0458,25.2952,100.1077,3116
2016-08-04 18:00:00,91.66,transfer,1.0,100.9135,0.0,113.589,113.589,100.9135,0.0459,25.3228,100.1907,3117
2016-08-04 19:00:00,85.54,transfer,1.0,93.8966,0.0,82.1818,82.1818,93.8966,0.0459,25.371,100.2594,3118
2016-08-04 20:00:00,81.28,transfer,1.0,82.3112,0.0,83.9641,83.9641,82.3112,0.046,25.282,100.4273,3119
2016-08-04 21:00:00,75.04,transfer,1.0,72.7351,0.0,72.6534,72.6534,72.7351,0.0461,25.2525,100.5284,3120
2016-08-04 22:00:00,69.89,transfer,1.0,66.9577,0.0,66.7375,66.7375,66.9577,0.0463,25.2429,100.6006,3121
2016-08-04 23:00:00,65.55,transfer,1.0,63.5429,0.0,64.0598,64.0598,63.5429,0.0464,25.2328,100.6485,3122
2016-08-05 00:00:00,56.91,transfer,1.0,61.5659,0.0,59.3854,59.3854,61.5659,0.0467,25.2532,100.6109,3123
2016-08-05 01:00:00,48.88,transfer,1.0,60.7979,0.0,58.2319,58.2319,60.7979,0.0469,24.9481,100.1422,3124
2016-08-05 02:00:00,49.69,transfer,1.0,61.6535,0.0,67.0465,67.0465,61.6535,0.0471,24.6871,99.6706,3125
2016-08-05 03:00:00,49.07,transfer,1.0,62.9184,0.0,76.2114,76.2114,62.9184,0.0471,24.5782,99.2438,3126
2016-08-05 04:00:00,99.4,transfer,1.0,65.1727,0.0,73.2066,73.2066,65.1727,0.047,24.5386,98.9888,3127
2016-08-05 05:00:00,102.62,transfer,1.0,71.5021,0.0,66.7875,66.7875,71.5021,0.0469,24.472,98.6956,3128
2016-08-05 06:00:00,100.83,transfer,1.0,85.24,0.0,90.6643,90.6643,85.24,0.0467,24.3054,98.3575,3129
2016-08-05 07:00:00,101.5,transfer,1.0,98.3386,0.0,98.78,98.78,98.3386,0.0465,24.0818,98.0293,3130
2016-08-05 08:00:00,118.02,transfer,1.0,106.2443,0.0,113.3622,113.3622,106.2443,0.0462,23.881,97.7662,3131
2016-08-05 09:00:00,148.38,transfer,1.0,109.4615,0.0,113.9847,113.9847,109.4615,0.0461,23.8591,97.6995,3132
2016-08-05 10:00:00,156.49,transfer,1.0,110.7173,0.0,114.2378,114.2378,110.7173,0.0459,23.8855,97.6892,3133
2016-08-05 11:00:00,151.63,transfer,1.0,112.1184,0.0,130.0546,130.0546,112.1184,0.0459,23.8045,97.5822,3134
2016-08-05 12:00:00,159.26,transfer,1.0,113.0309,0.0,117.6243,117.6243,113.0309,0.0459,23.8132,97.5751,3135
2016-08-05 13:00:00,143.96,transfer,1.0,112.9606,0.0,120.1994,120.1994,112.9606,0.0459,23.7366,97.4888,3136
2016-08-05 14:00:00,168.07,transfer,1.0,112.327,0.0,101.1484,101.1484,112.327,0.046,23.8944,97.6453,3137
2016-08-05 15:00:00,172.73,transfer,1.0,110.2518,0.0,103.9466,103.9466,110.2518,0.046,24.1034,98.1853,3138
2016-08-05 16:00:00,158.9,transfer,1.0,107.6456,0.0,102.3915,102.3915,107.6456,0.046,24.2533,98.6876,3139
2016-08-05 17:00:00,152.25,transfer,1.0,105.2313,0.0,120.3264,120.3264,105.2313,0.046,24.4612,99.1563,3140
2016-08-05 18:00:00,98.62,transfer,1.0,101.5072,0.0,106.8477,106.8477,101.5072,0.0461,24.4122,99.365,3141
2016-08-05 19:00:00,89.12,transfer,1.0,94.8684,0.0,107.1946,107.1946,94.8684,0.0461,24.4075,99.5291,3142
2016-08-05 20:00:00,84.82,transfer,1.0,83.83,0.0,80.0816,80.0816,83.83,0.0461,24.3346,99.7312,3143
2016-08-05 21:00:00,79.13,transfer,1.0,74.1279,0.0,75.5849,75.5849,74.1279,0.0461,24.3019,99.8999,3144
2016-08-05 22:00:00,77.32,transfer,1.0,68.1863,0.0,48.3302,48.3302,68.1863,0.0461,24.3045,100.0583,3145
2016-08-05 23:00:00,71.0,transfer,1.0,64.5749,0.0,63.4183,63.4183,64.5749,0.0461,24.3023,100.1795,3146
2016-08-06 00:00:00,65.75,transfer,1.0,62.6193,0.0,65.3556,65.3556,62.6193,0.0462,24.2848,100.2796,3147
2016-08-06 01:00:00,64.96,transfer,1.0,60.8275,0.0,64.0063,64.0063,60.8275,0.0462,24.3092,100.3513,3148
2016-08-06 02:00:00,64.14,transfer,1.0,60.0056,0.0,66.0079,66.0079,60.0056,0.0462,24.3191,100.4138,3149
2016-08-06 03:00:00,63.01,transfer,1.0,59.7756,0.0,66.4063,66.4063,59.7756,0.0461,24.315,100.4686,3150
2016-08-06 04:00:00,116.59,transfer,1.0,61.0055,0.0,64.4601,64.4601,61.0055,0.046,24.3098,100.5345,3151
2016-08-06 05:00:00,112.34,transfer,1.0,63.5895,0.0,66.2909,66.2909,63.5895,0.046,24.2422,100.5551,3152
2016-08-06 06:00:00,110.56,transfer,1.0,69.9837,0.0,52.0996,52.0996,69.9837,0.0459,24.1798,100.6099,3153
2016-08-06 07:00:00,105.79,transfer,1.0,76.8166,0.0,68.7754,68.7754,76.8166,0.0458,23.9514,100.5203,3154
2016-08-06 08:00:00,109.69,transfer,1.0,83.1332,0.0,72.0315,72.0315,83.1332,0.0458,23.7132,100.436,3155
2016-08-06 09:00:00,124.42,transfer,1.0,86.9319,0.0,80.7611,80.7611,86.9319,0.0457,23.5709,100.4455,3156
2016-08-06 10:00:00,141.87,transfer,1.0,88.4523,0.0,94.6021,94.6021,88.4523,0.0457,23.5287,100.5389,3157
2016-08-06 11:00:00,154.46,transfer,1.0,89.625,0.0,98.6213,98.6213,89.625,0.0456,23.5371,100.6693,3158
2016-08-06 12:00:00,167.0,transfer,1.0,91.354,0.0,85.7495,85.7495,91.354,0.0456,23.6244,100.8772,3159
2016-08-06 13:00:00,178.47,transfer,1.0,93.5151,0.0,104.324,104.324,93.5151,0.0457,23.7441,101.1292,3160
2016-08-06 14:00:00,164.0,transfer,1.0,95.7128,0.0,78.9238,78.9238,95.7128,0.0457,23.7914,101.3295,3161
2016-08-06 15:00:00,157.98,transfer,1.0,96.8929,0.0,93.4803,93.4803,96.8929,0.0458,23.778,101.4802,3162
2016-08-06 16:00:00,150.0,transfer,1.0,96.5626,0.0,93.4553,93.4553,96.5626,0.0458,23.7584,101.6345,3163
2016-08-06 17:00:00,144.21,transfer,1.0,94.6568,0.0,99.6625,99.6625,94.6568,0.0459,23.7383,101.7874,3164
2016-08-06 18:00:00,91.05,transfer,1.0,91.312,0.0,85.432,85.432,91.312,0.046,23.7036,101.9155,3165
2016-08-06 19:00:00,84.03,transfer,1.0,85.9605,0.0,89.3516,89.3516,85.9605,0.046,23.7037,102.04,3166
2016-08-06 20:00:00,84.63,transfer,1.0,77.7021,0.0,87.518,87.518,77.7021,0.0459,23.7055,102.1572,3167
2016-08-06 21:00:00,70.11,transfer,1.0,70.9773,0.0,70.551,70.551,70.9773,0.0457,23.7016,102.4356,3168
2016-08-06 22:00:00,64.8,transfer,1.0,66.975,0.0,71.9049,71.9049,66.975,0.0457,23.7045,102.6787,3169
2016-08-06 23:00:00,57.16,transfer,1.0,64.0206,0.0,57.7064,57.7064,64.0206,0.0456,23.6941,102.7445,3170
2016-08-07 00:00:00,56.97,transfer,1.0,61.465,0.0,57.4145,57.4145,61.465,0.0457,23.6616,102.8168,3171
2016-08-07 01:00:00,60.57,transfer,1.0,59.8146,0.0,58.5801,58.5801,59.8146,0.0457,23.6059,102.9123,3172
2016-08-07 02:00:00,60.6,transfer,1.0,59.1929,0.0,68.8939,68.8939,59.1929,0.0458,23.5578,103.0034,3173
2016-08-07 03:00:00,60.9,transfer,1.0,59.3612,0.0,52.3725,52.3725,59.3612,0.0459,23.5115,103.0943,3174
2016-08-07 04:00:00,108.1,transfer,1.0,60.2302,0.0,56.7935,56.7935,60.2302,0.0459,23.5509,103.1629,3175
2016-08-07 05:00:00,105.26,transfer,1.0,62.6913,0.0,54.9371,54.9371,62.6913,0.0459,23.5358,103.1876,3176
2016-08-07 06:00:00,97.13,transfer,1.0,68.3502,0.0,71.2179,71.2179,68.3502,0.0459,23.5178,103.2258,3177
2016-08-07 07:00:00,99.34,transfer,1.0,74.5254,0.0,55.9182,55.9182,74.5254,0.0458,23.4126,103.1913,3178
2016-08-07 08:00:00,107.51,transfer,1.0,79.9571,0.0,71.4169,71.4169,79.9571,0.0457,23.3658,103.2311,3179
2016-08-07 09:00:00,115.79,transfer,1.0,83.0636,0.0,85.5304,85.5304,83.0636,0.0456,23.3156,103.2761,3180
2016-08-07 10:00:00,117.61,transfer,1.0,84.6358,0.0,72.3263,72.3263,84.6358,0.0455,23.2461,103.3073,3181
2016-08-07 11:00:00,121.03,transfer,1.0,85.9145,0.0,89.522,89.522,85.9145,0.0455,23.2089,103.3767,3182
2016-08-07 12:00:00,121.45,transfer,1.0,86.0741,0.0,78.0544,78.0544,86.0741,0.0455,23.203,103.4795,3183
2016-08-07 13:00:00,129.43,transfer,1.0,85.3628,0.0,85.507,85.507,85.3628,0.0455,23.2152,103.6001,3184
2016-08-07 14:00:00,134.71,transfer,1.0,83.5028,0.0,99.6822,99.6822,83.5028,0.0455,23.2484,103.7414,3185
2016-08-07 15:00:00,135.81,transfer,1.0,81.1122,0.0,72.7188,72.7188,81.1122,0.0455,23.2872,103.8833,3186
2016-08-07 16:00:00,143.04,transfer,1.0,78.922,0.0,76.8759,76.8759,78.922,0.0455,23.3596,104.0535,3187
2016-08-07 17:00:00,137.9,transfer,1.0,76.9917,0.0,64.8829,64.8829,76.9917,0.0455,23.4616,104.2498,3188
2016-08-07 18:00:00,78.15,transfer,1.0,75.519,0.0,69.6563,69.6563,75.519,0.0455,23.4617,104.3751,3189
2016-08-07 19:00:00,71.23,transfer,1.0,73.3519,0.0,63.9036,63.9036,73.3519,0.0454,23.442,104.4853,3190
2016-08-07 20:00:00,74.01,transfer,1.0,68.4487,0.0,63.74,63.74,68.4487,0.0453,23.4736,104.5944,3191
2016-08-07 21:00:00,70.21,transfer,1.0,64.1795,0.0,67.5632,67.5632,64.1795,0.0453,23.4834,104.6653,3192
2016-08-07 22:00:00,69.42,transfer,1.0,61.7903,0.0,53.8525,53.8525,61.7903,0.0453,23.4948,104.7299,3193
2016-08-07 23:00:00,64.95,transfer,1.0,60.2698,0.0,58.9892,58.9892,60.2698,0.0453,23.4903,104.7723,3194
2016-08-08 00:00:00,61.27,transfer,1.0,59.3137,0.0,58.7685,58.7685,59.3137,0.0454,23.4698,104.7933,3195
2016-08-08 01:00:00,59.42,transfer,1.0,59.4356,0.0,66.5324,66.5324,59.4356,0.0455,23.4461,104.8063,3196
2016-08-08 02:00:00,59.42,transfer,1.0,60.6358,0.0,58.0541,58.0541,60.6358,0.0457,23.4481,104.8203,3197
2016-08-08 03:00:00,58.98,transfer,1.0,62.7061,0.0,58.3842,58.3842,62.7061,0.0458,23.4531,104.8308,3198
2016-08-08 04:00:00,107.92,transfer,1.0,65.9971,0.0,68.4837,68.4837,65.9971,0.0458,23.3772,104.7577,3199
2016-08-08 05:00:00,103.94,transfer,1.0,72.7895,0.0,69.372,69.372,72.7895,0.0459,23.3377,104.717,3200
2016-08-08 06:00:00,123.58,transfer,1.0,84.73,0.0,78.8784,78.8784,84.73,0.0458,23.5027,104.8666,3201
2016-08-08 07:00:00,142.53,transfer,1.0,95.13,0.0,106.2878,106.2878,95.13,0.0457,23.6942,105.0401,3202
2016-08-08 08:00:00,161.41,transfer,1.0,104.0469,0.0,125.4949,125.4949,104.0469,0.0455,23.9597,105.3066,3203
2016-08-08 09:00:00,174.69,transfer,1.0,110.4139,0.0,122.6605,122.6605,110.4139,0.0453,24.216,105.5856,3204
2016-08-08 10:00:00,169.57,transfer,1.0,113.9598,0.0,134.6598,134.6598,113.9598,0.0452,24.4502,105.859,3205
2016-08-08 11:00:00,166.84,transfer,1.0,115.6667,0.0,105.7021,105.7021,115.6667,0.0452,24.617,106.073,3206
2016-08-08 12:00:00,161.01,transfer,1.0,116.3388,0.0,113.0514,113.0514,116.3388,0.0452,24.734,106.245,3207
2016-08-08 13:00:00,164.41,transfer,1.0,116.4389,0.0,112.1051,112.1051,116.4389,0.0452,24.8161,106.3906,3208
2016-08-08 14:00:00,153.08,transfer,1.0,116.0845,0.0,120.2874,120.2874,116.0845,0.0452,24.7849,106.4316,3209
2016-08-08 15:00:00,151.99,transfer,1.0,115.2813,0.0,135.3863,135.3863,115.2813,0.0453,24.7328,106.4577,3210
2016-08-08 16:00:00,152.87,transfer,1.0,113.6477,0.0,106.9346,106.9346,113.6477,0.0454,24.6396,106.4565,3211
2016-08-08 17:00:00,151.3,transfer,1.0,111.4762,0.0,126.4058,126.4058,111.4762,0.0454,24.5394,106.4585,3212
2016-08-08 18:00:00,111.64,transfer,1.0,108.7071,0.0,114.4379,114.4379,108.7071,0.0455,24.5133,106.6256,3213
2016-08-08 19:00:00,92.61,transfer,1.0,102.3174,0.0,120.0375,120.0375,102.3174,0.0455,24.4946,106.7411,3214
2016-08-08 20:00:00,82.69,transfer,1.0,92.5564,0.0,85.8692,85.8692,92.5564,0.0454,24.5097,106.8226,3215
2016-08-08 21:00:00,67.52,transfer,1.0,82.9912,0.0,79.623,79.623,82.9912,0.0453,24.5957,106.8122,3216
2016-08-08 22:00:00,63.83,transfer,1.0,75.4305,0.0,65.264,65.264,75.4305,0.0452,24.6362,106.7844,3217
2016-08-08 23:00:00,63.29,transfer,1.0,69.6993,0.0,79.2327,79.2327,69.6993,0.0452,24.6413,106.7623,3218
2016-08-09 00:00:00,62.59,transfer,1.0,66.0882,0.0,72.4268,72.4268,66.0882,0.0451,24.6255,106.7381,3219
2016-08-09 01:00:00,61.89,transfer,1.0,64.4956,0.0,68.8376,68.8376,64.4956,0.0452,24.6077,106.7128,3220
2016-08-09 02:00:00,61.27,transfer,1.0,65.05,0.0,56.2748,56.2748,65.05,0.0453,24.6065,106.6799,3221
2016-08-09 03:00:00,60.87,transfer,1.0,66.8063,0.0,71.3259,71.3259,66.8063,0.0454,24.6407,106.6473,3222
2016-08-09 04:00:00,95.58,transfer,1.0,70.4018,0.0,67.9222,67.9222,70.4018,0.0454,24.5065,106.5052,3223
2016-08-09 05:00:00,102.08,transfer,1.0,78.4481,0.0,81.1795,81.1795,78.4481,0.0455,24.3935,106.3775,3224
2016-08-09 06:00:00,106.77,transfer,1.0,90.4768,0.0,76.4006,76.4006,90.4768,0.0455,24.3814,106.3413,3225
2016-08-09 07:00:00,126.38,transfer,1.0,101.6646,0.0,100.522,100.522,101.6646,0.0455,24.4203,106.3617,3226
2016-08-09 08:00:00,141.08,transfer,1.0,109.3899,0.0,116.1257,116.1257,109.3899,0.0455,24.4525,106.3864,3227
2016-08-09 09:00:00,147.0,transfer,1.0,113.8911,0.0,113.2872,113.2872,113.8911,0.0454,24.4789,106.4131,3228
2016-08-09 10:00:00,160.34,transfer,1.0,115.9252,0.0,133.2365,133.2365,115.9252,0.0454,24.5333,106.4708,3229
2016-08-09 11:00:00,165.66,transfer,1.0,116.7894,0.0,110.2786,110.2786,116.7894,0.0454,24.6506,106.5925,3230
2016-08-09 12:00:00,158.49,transfer,1.0,117.1775,0.0,109.6334,109.6334,117.1775,0.0454,24.7145,106.661,3231
2016-08-09 13:00:00,168.76,transfer,1.0,117.2935,0.0,106.8593,106.8593,117.2935,0.0455,24.7304,106.6822,3232
2016-08-09 14:00:00,158.56,transfer,1.0,117.151,0.0,111.7465,111.7465,117.151,0.0456,24.6789,106.6368,3233
2016-08-09 15:00:00,151.81,transfer,1.0,116.7945,0.0,103.147,103.147,116.7945,0.0457,24.6179,106.5823,3234
2016-08-09 16:00:00,146.88,transfer,1.0,115.9251,0.0,110.5985,110.5985,115.9251,0.0457,24.5255,106.4988,3235
2016-08-09 17:00:00,131.2,transfer,1.0,114.4112,0.0,128.4051,128.4051,114.4112,0.0457,24.4115,106.3954,3236
2016-08-09 18:00:00,96.12,transfer,1.0,111.8868,0.0,109.5384,109.5384,111.8868,0.0457,24.3825,106.4326,3237
2016-08-09 19:00:00,80.73,transfer,1.0,105.3892,0.0,104.5298,104.5298,105.3892,0.0456,24.3536,106.4584,3238
2016-08-09 20:00:00,78.47,transfer,1.0,93.8195,0.0,95.3621,95.3621,93.8195,0.0455,24.3568,106.449,3239
2016-08-09 21:00:00,67.43,transfer,1.0,83.5194,0.0,94.1846,94.1846,83.5194,0.0454,24.3605,106.4488,3240
2016-08-09 22:00:00,68.9,transfer,1.0,75.7876,0.0,85.4268,85.4268,75.7876,0.0454,24.3471,106.4638,3241
2016-08-09 23:00:00,67.89,transfer,1.0,69.994,0.0,70.5435,70.5435,69.994,0.0453,24.3012,106.5099,3242
2016-08-10 00:00:00,68.33,transfer,1.0,66.6387,0.0,59.9615,59.9615,66.6387,0.0453,24.2253,106.6082,3243
2016-08-10 01:00:00,68.21,transfer,1.0,64.7877,0.0,56.7907,56.7907,64.7877,0.0454,24.175,106.7083,3244
2016-08-10 02:00:00,57.27,transfer,1.0,65.197,0.0,65.2013,65.2013,65.197,0.0456,24.1383,106.7571,3245
2016-08-10 03:00:00,55.14,transfer,1.0,66.5503,0.0,67.644,67.644,66.5503,0.0457,24.1438,106.7653,3246
2016-08-10 04:00:00,110.07,transfer,1.0,68.4633,0.0,80.2034,80.2034,68.4633,0.0458,24.1332,106.7635,3247
2016-08-10 05:00:00,123.69,transfer,1.0,74.4636,0.0,75.6952,75.6952,74.4636,0.0458,24.2563,106.886,3248
2016-08-10 06:00:00,133.74,transfer,1.0,87.2119,0.0,89.8847,89.8847,87.2119,0.0459,24.5048,107.1155,3249
2016-08-10 07:00:00,155.22,transfer,1.0,100.0909,0.0,101.8196,101.8196,100.0909,0.0459,24.788,107.3783,3250
2016-08-10 08:00:00,173.56,transfer,1.0,108.9261,0.0,105.5596,105.5596,108.9261,0.0458,25.0473,107.628,3251
2016-08-10 09:00:00,181.1,transfer,1.0,113.9665,0.0,118.6988,118.6988,113.9665,0.0458,25.4072,107.9876,3252
2016-08-10 10:00:00,191.34,transfer,1.0,116.1918,0.0,130.4235,130.4235,116.1918,0.0458,25.7713,108.3547,3253
2016-08-10 11:00:00,190.4,transfer,1.0,117.2766,0.0,107.2141,107.2141,117.2766,0.0458,26.091,108.6808,3254
2016-08-10 12:00:00,189.4,transfer,1.0,117.7996,0.0,133.1711,133.1711,117.7996,0.0459,26.4058,109.0049,3255
2016-08-10 13:00:00,191.48,transfer,1.0,117.9962,0.0,117.7275,117.7275,117.9962,0.046,26.7096,109.3219,3256
2016-08-10 14:00:00,188.66,transfer,1.0,117.9981,0.0,135.0381,135.0381,117.9981,0.0461,27.0119,109.6421,3257
2016-08-10 15:00:00,190.26,transfer,1.0,117.848,0.0,120.9785,120.9785,117.848,0.0463,27.3486,110.0061,3258
2016-08-10 16:00:00,175.52,transfer,1.0,117.3749,0.0,125.5633,125.5633,117.3749,0.0463,27.5785,110.2878,3259
2016-08-10 17:00:00,176.46,transfer,1.0,116.6899,0.0,118.281,118.281,116.6899,0.0464,27.7619,110.5606,3260
2016-08-10 18:00:00,103.18,transfer,1.0,115.5875,0.0,117.0628,117.0628,115.5875,0.0465,27.6929,110.7597,3261
2016-08-10 19:00:00,92.4,transfer,1.0,112.9295,0.0,117.3393,117.3393,112.9295,0.0465,27.633,110.9846,3262
2016-08-10 20:00:00,91.02,transfer,1.0,104.3003,0.0,114.1222,114.1222,104.3003,0.0464,27.6014,111.2013,3263
2016-08-10 21:00:00,73.26,transfer,1.0,93.2619,0.0,88.3097,88.3097,93.2619,0.0463,27.6722,111.3022,3264
2016-08-10 22:00:00,74.07,transfer,1.0,84.7903,0.0,82.0826,82.0826,84.7903,0.0462,27.7136,111.4071,3265
2016-08-10 23:00:00,71.33,transfer,1.0,76.9402,0.0,83.965,83.965,76.9402,0.046,27.7278,111.5033,3266
2016-08-11 00:00:00,70.46,transfer,1.0,71.5761,0.0,62.3755,62.3755,71.5761,0.046,27.6886,111.533,3267
2016-08-11 01:00:00,69.96,transfer,1.0,68.0931,0.0,62.6793,62.6793,68.0931,0.0459,27.6921,111.5993,3268
2016-08-11 02:00:00,71.36,transfer,1.0,67.5413,0.0,54.0042,54.0042,67.5413,0.046,27.6981,111.6836,3269
2016-08-11 03:00:00,70.96,transfer,1.0,68.2697,0.0,67.5638,67.5638,68.2697,0.046,27.6494,111.7924,3270
2016-08-11 04:00:00,132.15,transfer,1.0,71.7479,0.0,74.8748,74.8748,71.7479,0.0459,27.7972,111.9634,3271
2016-08-11 05:00:00,138.72,transfer,1.0,80.7438,0.0,83.1241,83.1241,80.7438,0.0459,28.0381,112.2345,3272
2016-08-11 06:00:00,152.81,transfer,1.0,94.9457,0.0,88.7796,88.7796,94.9457,0.046,28.3469,112.641,3273
2016-08-11 07:00:00,167.55,transfer,1.0,105.8362,0.0,112.1804,112.1804,105.8362,0.0461,28.6891,113.0568,3274
2016-08-11 08:00:00,202.12,transfer,1.0,112.4509,0.0,118.9147,118.9147,112.4509,0.0462,29.1912,113.5839,3275
2016-08-11 09:00:00,206.07,transfer,1.0,115.8193,0.0,118.6355,118.6355,115.8193,0.0463,29.5399,113.9588,3276
2016-08-11 10:00:00,208.35,transfer,1.0,117.3551,0.0,124.9156,124.9156,117.3551,0.0465,29.8995,114.3457,3277
2016-08-11 11:00:00,203.36,transfer,1.0,118.0128,0.0,135.9962,135.9962,118.0128,0.0468,30.1797,114.6496,3278
2016-08-11 12:00:00,218.49,transfer,1.0,118.3497,0.0,133.5311,133.5311,118.3497,0.047,30.572,115.0627,3279
2016-08-11 13:00:00,215.05,transfer,1.0,118.501,0.0,137.3223,137.3223,118.501,0.0472,30.9698,115.4805,3280
2016-08-11 14:00:00,205.42,transfer,1.0,118.5569,0.0,116.9797,116.9797,118.5569,0.0473,31.2923,115.8258,3281
2016-08-11 15:00:00,196.95,transfer,1.0,118.5358,0.0,128.3484,128.3484,118.5358,0.0474,31.5632,116.1284,3282
2016-08-11 16:00:00,193.0,transfer,1.0,118.3948,0.0,127.3426,127.3426,118.3948,0.0475,31.7622,116.3786,3283
2016-08-11 17:00:00,193.29,transfer,1.0,118.1749,0.0,112.439,112.439,118.1749,0.0476,31.9837,116.677,3284
2016-08-11 18:00:00,97.35,transfer,1.0,117.8582,0.0,120.3375,120.3375,117.8582,0.0478,32.0506,116.7109,3285
2016-08-11 19:00:00,84.46,transfer,1.0,117.0972,0.0,117.7852,117.7852,117.0972,0.0478,32.1952,116.7044,3286
2016-08-11 20:00:00,84.23,transfer,1.0,114.0176,0.0,127.3439,127.3439,114.0176,0.0476,32.3663,116.722,3287
2016-08-11 21:00:00,75.79,transfer,1.0,107.0474,0.0,93.0718,93.0718,107.0474,0.0474,32.5387,116.7264,3288
2016-08-11 22:00:00,74.59,transfer,1.0,97.617,0.0,96.5304,96.5304,97.617,0.0471,32.6583,116.7544,3289
2016-08-11 23:00:00,73.72,transfer,1.0,89.7552,0.0,108.114,108.114,89.7552,0.0469,32.7418,116.803,3290
2016-08-12 00:00:00,73.44,transfer,1.0,84.0022,0.0,92.8369,92.8369,84.0022,0.0467,32.7769,116.9014,3291
2016-08-12 01:00:00,72.13,transfer,1.0,79.5005,0.0,76.8618,76.8618,79.5005,0.0465,32.7499,117.0398,3292
2016-08-12 02:00:00,71.83,transfer,1.0,78.0941,0.0,65.8389,65.8389,78.0941,0.0464,32.716,117.1716,3293
2016-08-12 03:00:00,70.36,transfer,1.0,78.3446,0.0,67.3577,67.3577,78.3446,0.0463,32.6811,117.2983,3294
2016-08-12 04:00:00,140.74,transfer,1.0,80.4323,0.0,80.8077,80.8077,80.4323,0.0462,32.8363,117.5444,3295
2016-08-12 05:00:00,149.28,transfer,1.0,87.3285,0.0,89.5497,89.5497,87.3285,0.0462,33.0198,117.8221,3296
2016-08-12 06:00:00,174.12,transfer,1.0,98.8807,0.0,100.8895,100.8895,98.8807,0.0463,33.3749,118.2584,3297
2016-08-12 07:00:00,174.51,transfer,1.0,107.4895,0.0,125.3138,125.3138,107.4895,0.0463,33.755,118.693,3298
2016-08-12 08:00:00,195.06,transfer,1.0,112.7706,0.0,103.2276,103.2276,112.7706,0.0465,34.1747,119.1516,3299
2016-08-12 09:00:00,205.41,transfer,1.0,115.5359,0.0,92.7279,92.7279,115.5359,0.0466,34.478,119.491,3300
2016-08-12 10:00:00,209.36,transfer,1.0,116.8881,0.0,142.6189,142.6189,116.8881,0.0468,34.756,119.8057,3301
2016-08-12 11:00:00,212.26,transfer,1.0,117.5001,0.0,127.7014,127.7014,117.5001,0.047,35.0849,120.1666,3302
2016-08-12 12:00:00,216.95,transfer,1.0,117.7939,0.0,104.4191,104.4191,117.7939,0.0472,35.3999,120.51,3303
2016-08-12 13:00:00,212.14,transfer,1.0,117.9229,0.0,106.0109,106.0109,117.9229,0.0474,35.7762,120.9158,3304
2016-08-12 14:00:00,215.82,transfer,1.0,117.9311,0.0,114.9922,114.9922,117.9311,0.0475,36.0271,121.2,3305
2016-08-12 15:00:00,202.48,transfer,1.0,117.8779,0.0,130.3649,130.3649,117.8779,0.0476,36.1588,121.3771,3306
2016-08-12 16:00:00,194.69,transfer,1.0,117.6812,0.0,119.3189,119.3189,117.6812,0.0477,36.3121,121.5901,3307
2016-08-12 17:00:00,189.89,transfer,1.0,117.3068,0.0,136.895,136.895,117.3068,0.0477,36.4642,121.8142,3308
2016-08-12 18:00:00,105.18,transfer,1.0,116.7697,0.0,100.45,100.45,116.7697,0.0478,36.516,121.8532,3309
2016-08-12 19:00:00,87.8,transfer,1.0,115.3218,0.0,100.4655,100.4655,115.3218,0.0477,36.6456,121.8453,3310
2016-08-12 20:00:00,90.13,transfer,1.0,110.5675,0.0,117.709,117.709,110.5675,0.0474,36.7614,121.8769,3311
2016-08-12 21:00:00,77.23,transfer,1.0,102.1445,0.0,96.3635,96.3635,102.1445,0.0471,36.8799,121.8656,3312
2016-08-12 22:00:00,76.02,transfer,1.0,93.3393,0.0,77.1976,77.1976,93.3393,0.0468,36.9286,121.8579,3313
2016-08-12 23:00:00,75.52,transfer,1.0,85.9248,0.0,81.6859,81.6859,85.9248,0.0466,36.9523,121.8848,3314
2016-08-13 00:00:00,74.68,transfer,1.0,80.4053,0.0,78.5427,78.5427,80.4053,0.0464,36.9678,121.9379,3315
2016-08-13 01:00:00,74.15,transfer,1.0,74.9654,0.0,83.1238,83.1238,74.9654,0.0463,36.948,121.9926,3316
2016-08-13 02:00:00,72.53,transfer,1.0,71.5872,0.0,67.185,67.185,71.5872,0.0462,36.929,122.0426,3317
2016-08-13 03:00:00,72.99,transfer,1.0,69.7125,0.0,72.7248,72.7248,69.7125,0.0461,36.9293,122.102,3318
2016-08-13 04:00:00,145.28,transfer,1.0,68.8917,0.0,67.1876,67.1876,68.8917,0.046,37.0531,122.2727,3319
2016-08-13 05:00:00,153.8,transfer,1.0,70.479,0.0,58.5887,58.5887,70.479,0.046,37.2589,122.5195,3320
2016-08-13 06:00:00,156.24,transfer,1.0,75.9446,0.0,68.0475,68.0475,75.9446,0.0461,37.4953,122.7914,3321
2016-08-13 07:00:00,154.96,transfer,1.0,82.6129,0.0,69.9128,69.9128,82.6129,0.0463,37.7535,123.0841,3322
2016-08-13 08:00:00,160.99,transfer,1.0,89.5974,0.0,93.2449,93.2449,89.5974,0.0464,38.0204,123.3895,3323
2016-08-13 09:00:00,147.59,transfer,1.0,95.1834,0.0,108.4829,108.4829,95.1834,0.0466,38.1092,123.5274,3324
2016-08-13 10:00:00,166.41,transfer,1.0,99.1384,0.0,105.3274,105.3274,99.1384,0.0468,38.1916,123.6734,3325
2016-08-13 11:00:00,166.8,transfer,1.0,101.3147,0.0,90.773,90.773,101.3147,0.047,38.1955,123.7469,3326
2016-08-13 12:00:00,157.14,transfer,1.0,103.0082,0.0,114.0444,114.0444,103.0082,0.0471,38.0674,123.6882,3327
2016-08-13 13:00:00,157.54,transfer,1.0,103.8588,0.0,106.6038,106.6038,103.8588,0.0473,37.8813,123.5636,3328
2016-08-13 14:00:00,172.02,transfer,1.0,103.7121,0.0,102.6898,102.6898,103.7121,0.0474,37.8814,123.6113,3329
2016-08-13 15:00:00,182.33,transfer,1.0,102.2722,0.0,106.426,106.426,102.2722,0.0475,37.9943,123.7563,3330
2016-08-13 16:00:00,182.93,transfer,1.0,100.8371,0.0,96.895,96.895,100.8371,0.0475,38.1649,123.9523,3331
2016-08-13 17:00:00,172.81,transfer,1.0,99.4839,0.0,101.3951,101.3951,99.4839,0.0474,38.3064,124.1225,3332
2016-08-13 18:00:00,95.49,transfer,1.0,97.8713,0.0,113.4688,113.4688,97.8713,0.0473,38.319,124.1489,3333
2016-08-13 19:00:00,86.29,transfer,1.0,94.1787,0.0,90.7156,90.7156,94.1787,0.0471,38.3545,124.1624,3334
2016-08-13 20:00:00,90.66,transfer,1.0,85.6181,0.0,77.834,77.834,85.6181,0.0468,38.3433,124.1982,3335
2016-08-13 21:00:00,80.98,transfer,1.0,77.4699,0.0,77.6474,77.6474,77.4699,0.0465,38.359,124.2629,3336
2016-08-13 22:00:00,80.81,transfer,1.0,72.1804,0.0,62.8052,62.8052,72.1804,0.0462,38.3974,124.3582,3337
2016-08-13 23:00:00,78.55,transfer,1.0,68.5284,0.0,63.851,63.851,68.5284,0.046,38.4162,124.4855,3338
2016-08-14 00:00:00,79.18,transfer,1.0,66.0645,0.0,69.3851,69.3851,66.0645,0.0458,38.4675,124.6178,3339
2016-08-14 01:00:00,76.72,transfer,1.0,64.7624,0.0,66.0572,66.0572,64.7624,0.0456,38.5342,124.7139,3340
2016-08-14 02:00:00,76.84,transfer,1.0,64.1243,0.0,58.2563,58.2563,64.1243,0.0455,38.6015,124.8106,3341
2016-08-14 03:00:00,77.3,transfer,1.0,63.9263,0.0,71.1135,71.1135,63.9263,0.0454,38.672,124.9082,3342
2016-08-14 04:00:00,145.04,transfer,1.0,64.3512,0.0,70.8555,70.8555,64.3512,0.0453,38.8673,125.1281,3343
2016-08-14 05:00:00,160.14,transfer,1.0,65.9763,0.0,69.3913,69.3913,65.9763,0.0454,39.1744,125.4547,3344
2016-08-14 06:00:00,160.21,transfer,1.0,70.6152,0.0,67.2712,67.2712,70.6152,0.0455,39.5364,125.8302,3345
2016-08-14 07:00:00,149.36,transfer,1.0,76.6513,0.0,71.5003,71.5003,76.6513,0.0456,39.8215,126.1279,3346
2016-08-14 08:00:00,158.07,transfer,1.0,83.2447,0.0,85.7423,85.7423,83.2447,0.0457,40.1029,126.4289,3347
2016-08-14 09:00:00,160.63,transfer,1.0,88.3051,0.0,100.4644,100.4644,88.3051,0.0459,40.3386,126.6958,3348
2016-08-14 10:00:00,157.97,transfer,1.0,92.0105,0.0,92.7318,92.7318,92.0105,0.046,40.535,126.936,3349
2016-08-14 11:00:00,165.71,transfer,1.0,94.62,0.0,78.7319,78.7319,94.62,0.0461,40.7491,127.202,3350
2016-08-14 12:00:00,162.64,transfer,1.0,95.9699,0.0,123.4372,123.4372,95.9699,0.0462,40.9354,127.4472,3351
2016-08-14 13:00:00,159.7,transfer,1.0,96.527,0.0,95.1552,95.1552,96.527,0.0463,41.0491,127.6273,3352
2016-08-14 14:00:00,160.11,transfer,1.0,96.3958,0.0,83.7843,83.7843,96.3958,0.0464,41.1235,127.7785,3353
2016-08-14 15:00:00,159.78,transfer,1.0,95.6394,0.0,84.4827,84.4827,95.6394,0.0465,41.1797,127.9212,3354
2016-08-14 16:00:00,163.57,transfer,1.0,94.6862,0.0,94.8053,94.8053,94.6862,0.0465,41.2081,128.0434,3355
2016-08-14 17:00:00,171.31,transfer,1.0,93.2306,0.0,82.0929,82.0929,93.2306,0.0465,41.3103,128.2422,3356
2016-08-14 18:00:00,88.79,transfer,1.0,91.6907,0.0,82.8334,82.8334,91.6907,0.0465,41.3119,128.3056,3357
2016-08-14 19:00:00,85.04,transfer,1.0,89.2493,0.0,89.6867,89.6867,89.2493,0.0463,41.3243,128.3878,3358
2016-08-14 20:00:00,89.9,transfer,1.0,81.7351,0.0,90.0574,90.0574,81.7351,0.046,41.3398,128.4824,3359
2016-08-14 21:00:00,75.72,transfer,1.0,74.7817,0.0,79.3899,79.3899,74.7817,0.0457,41.3095,128.5151,3360
2016-08-14 22:00:00,74.84,transfer,1.0,70.9015,0.0,84.6787,84.6787,70.9015,0.0455,41.2876,128.5474,3361
2016-08-14 23:00:00,72.57,transfer,1.0,67.8516,0.0,64.0959,64.0959,67.8516,0.0453,41.2878,128.5928,3362
2016-08-15 00:00:00,72.5,transfer,1.0,65.597,0.0,62.0886,62.0886,65.597,0.0452,41.3172,128.6596,3363
2016-08-15 01:00:00,72.35,transfer,1.0,64.8839,0.0,54.8833,54.8833,64.8839,0.0451,41.3616,128.7366,3364
2016-08-15 02:00:00,73.3,transfer,1.0,64.6763,0.0,78.3675,78.3675,64.6763,0.0451,41.4057,128.8192,3365
2016-08-15 03:00:00,72.46,transfer,1.0,65.206,0.0,61.1963,61.1963,65.206,0.045,41.4267,128.8994,3366
2016-08-15 04:00:00,135.28,transfer,1.0,66.7287,0.0,79.1936,79.1936,66.7287,0.045,41.5852,129.0623,3367
2016-08-15 05:00:00,147.99,transfer,1.0,71.1978,0.0,69.1781,69.1781,71.1978,0.0451,41.8569,129.3245,3368
2016-08-15 06:00:00,158.47,transfer,1.0,80.199,0.0,72.3267,72.3267,80.199,0.0452,42.0915,129.5322,3369
2016-08-15 07:00:00,178.37,transfer,1.0,90.9212,0.0,98.7272,98.7272,90.9212,0.0453,42.3299,129.7455,3370
2016-08-15 08:00:00,198.25,transfer,1.0,101.3477,0.0,105.6766,105.6766,101.3477,0.0454,42.5652,129.9648,3371
2016-08-15 09:00:00,207.87,transfer,1.0,109.3181,0.0,119.9698,119.9698,109.3181,0.0456,42.7693,130.1623,3372
2016-08-15 10:00:00,200.77,transfer,1.0,113.7181,0.0,114.9323,114.9323,113.7181,0.0458,42.9564,130.348,3373
2016-08-15 11:00:00,203.6,transfer,1.0,115.7388,0.0,127.1841,127.1841,115.7388,0.046,43.1748,130.5668,3374
2016-08-15 12:00:00,206.3,transfer,1.0,116.6424,0.0,116.8991,116.8991,116.6424,0.0462,43.4426,130.8364,3375
2016-08-15 13:00:00,209.21,transfer,1.0,117.0534,0.0,99.3088,99.3088,117.0534,0.0463,43.7056,131.1031,3376
2016-08-15 14:00:00,215.07,transfer,1.0,117.2059,0.0,115.7183,115.7183,117.2059,0.0465,44.0679,131.472,3377
2016-08-15 15:00:00,208.47,transfer,1.0,117.196,0.0,108.6146,108.6146,117.196,0.0466,44.3927,131.8082,3378
2016-08-15 16:00:00,202.85,transfer,1.0,117.0731,0.0,120.7253,120.7253,117.0731,0.0466,44.6698,132.1057,3379
2016-08-15 17:00:00,193.66,transfer,1.0,116.8566,0.0,125.9966,125.9966,116.8566,0.0466,44.8899,132.3579,3380
2016-08-15 18:00:00,108.55,transfer,1.0,116.5396,0.0,124.3196,124.3196,116.5396,0.0467,44.92,132.3395,3381
2016-08-15 19:00:00,89.55,transfer,1.0,115.343,0.0,102.8225,102.8225,115.343,0.0466,45.0158,132.3212,3382
2016-08-15 20:00:00,87.45,transfer,1.0,111.016,0.0,115.9318,115.9318,111.016,0.0463,45.0973,132.3496,3383
2016-08-15 21:00:00,72.53,transfer,1.0,102.3224,0.0,126.355,126.355,102.3224,0.0461,45.1826,132.3794,3384
2016-08-15 22:00:00,71.04,transfer,1.0,91.8197,0.0,73.4303,73.4303,91.8197,0.0461,45.2372,132.4223,3385
2016-08-15 23:00:00,68.53,transfer,1.0,83.0962,0.0,85.0684,85.0684,83.0962,0.0463,45.2857,132.4535,3386
2016-08-16 00:00:00,68.36,transfer,1.0,77.5566,0.0,83.121,83.121,77.5566,0.0463,45.3197,132.4878,3387
2016-08-16 01:00:00,68.56,transfer,1.0,74.4057,0.0,67.2133,67.2133,74.4057,0.0461,45.339,132.5275,3388
2016-08-16 02:00:00,68.56,transfer,1.0,72.7034,0.0,78.9683,78.9683,72.7034,0.0459,45.3411,132.5709,3389
2016-08-16 03:00:00,68.88,transfer,1.0,72.7298,0.0,72.7446,72.7446,72.7298,0.0457,45.3287,132.6186,3390
2016-08-16 04:00:00,131.89,transfer,1.0,74.2242,0.0,74.7253,74.7253,74.2242,0.0456,45.5221,132.8347,3391
2016-08-16 05:00:00,145.11,transfer,1.0,79.9593,0.0,80.2225,80.2225,79.9593,0.0456,45.7692,133.0908,3392
2016-08-16 06:00:00,161.2,transfer,1.0,90.6418,0.0,97.5514,97.5514,90.6418,0.0457,46.0922,133.4148,3393
2016-08-16 07:00:00,169.84,transfer,1.0,100.9169,0.0,114.5886,114.5886,100.9169,0.0458,46.3554,133.6735,3394
2016-08-16 08:00:00,195.54,transfer,1.0,109.0627,0.0,117.0308,117.0308,109.0627,0.046,46.6815,133.9977,3395
2016-08-16 09:00:00,193.01,transfer,1.0,113.881,0.0,115.2486,115.2486,113.881,0.0462,46.9554,134.2715,3396
2016-08-16 10:00:00,195.12,transfer,1.0,116.2079,0.0,123.9661,123.9661,116.2079,0.0465,47.1607,134.4786,3397
2016-08-16 11:00:00,202.53,transfer,1.0,117.2809,0.0,113.8765,113.8765,117.2809,0.0467,47.3773,134.698,3398
2016-08-16 12:00:00,197.76,transfer,1.0,117.7925,0.0,108.3528,108.3528,117.7925,0.0469,47.6074,134.9318,3399
2016-08-16 13:00:00,195.39,transfer,1.0,118.0159,0.0,116.2731,116.2731,118.0159,0.0471,47.7616,135.0903,3400
2016-08-16 14:00:00,192.73,transfer,1.0,118.108,0.0,123.4066,123.4066,118.108,0.0472,47.9593,135.2936,3401
2016-08-16 15:00:00,185.26,transfer,1.0,118.0849,0.0,121.4129,121.4129,118.0849,0.0473,48.1507,135.4927,3402
2016-08-16 16:00:00,183.73,transfer,1.0,117.9321,0.0,123.1897,123.1897,117.9321,0.0474,48.3581,135.7121,3403
2016-08-16 17:00:00,178.26,transfer,1.0,117.628,0.0,132.776,132.776,117.628,0.0474,48.6191,135.9922,3404
2016-08-16 18:00:00,102.06,transfer,1.0,117.1113,0.0,111.3112,111.3112,117.1113,0.0475,48.6148,136.0275,3405
2016-08-16 19:00:00,92.09,transfer,1.0,115.6412,0.0,133.034,133.034,115.6412,0.0473,48.6082,136.0951,3406
2016-08-16 20:00:00,94.03,transfer,1.0,110.455,0.0,110.5526,110.5526,110.455,0.047,48.6146,136.1877,3407
2016-08-16 21:00:00,77.3,transfer,1.0,102.2336,0.0,124.1963,124.1963,102.2336,0.0467,48.6673,136.2465,3408
2016-08-16 22:00:00,77.06,transfer,1.0,93.4611,0.0,98.9806,98.9806,93.4611,0.0463,48.7239,136.2951,3409
2016-08-16 23:00:00,76.21,transfer,1.0,85.5387,0.0,85.4519,85.4519,85.5387,0.0461,48.7669,136.3446,3410
2016-08-17 00:00:00,74.51,transfer,1.0,79.5391,0.0,91.8649,91.8649,79.5391,0.0459,48.7868,136.3814,3411
2016-08-17 01:00:00,72.75,transfer,1.0,75.6234,0.0,84.9776,84.9776,75.6234,0.0458,48.7835,136.4084,3412
2016-08-17 02:00:00,72.7,transfer,1.0,73.424,0.0,71.7398,71.7398,73.424,0.0458,48.7406,136.5002,3413
2016-08-17 03:00:00,72.9,transfer,1.0,72.4533,0.0,80.3352,80.3352,72.4533,0.0458,48.6754,136.6059,3414
2016-08-17 04:00:00,140.6,transfer,1.0,73.4127,0.0,71.2356,71.2356,73.4127,0.0458,48.8276,136.7877,3415
2016-08-17 05:00:00,150.58,transfer,1.0,79.6885,0.0,83.0512,83.0512,79.6885,0.0459,48.9566,136.9477,3416
2016-08-17 06:00:00,168.92,transfer,1.0,91.1511,0.0,93.6206,93.6206,91.1511,0.0461,49.1425,137.1571,3417
2016-08-17 07:00:00,173.45,transfer,1.0,101.8118,0.0,97.7399,97.7399,101.8118,0.0463,49.2408,137.2656,3418
2016-08-17 08:00:00,209.51,transfer,1.0,109.6951,0.0,106.12,106.12,109.6951,0.0465,49.4502,137.4796,3419
2016-08-17 09:00:00,205.6,transfer,1.0,114.1919,0.0,109.8029,109.8029,114.1919,0.0467,49.5947,137.6254,3420
2016-08-17 10:00:00,203.22,transfer,1.0,116.317,0.0,104.0292,104.0292,116.317,0.047,49.6647,137.6962,3421
2016-08-17 11:00:00,195.32,transfer,1.0,117.2902,0.0,104.8805,104.8805,117.2902,0.0472,49.6939,137.7254,3422
2016-08-17 12:00:00,198.56,transfer,1.0,117.7853,0.0,116.9489,116.9489,117.7853,0.0474,49.7485,137.7799,3423
2016-08-17 13:00:00,187.01,transfer,1.0,118.0085,0.0,114.724,114.724,118.0085,0.0475,49.7218,137.7533,3424
2016-08-17 14:00:00,195.68,transfer,1.0,118.084,0.0,126.3097,126.3097,118.084,0.0476,49.7631,137.7951,3425
2016-08-17 15:00:00,188.83,transfer,1.0,118.0196,0.0,110.8223,110.8223,118.0196,0.0477,49.7536,137.7866,3426
2016-08-17 16:00:00,175.81,transfer,1.0,117.8918,0.0,128.535,128.535,117.8918,0.0477,49.7522,137.7883,3427
2016-08-17 17:00:00,160.11,transfer,1.0,117.6328,0.0,114.3307,114.3307,117.6328,0.0477,49.6493,137.691,3428
2016-08-17 18:00:00,108.06,transfer,1.0,117.2107,0.0,119.7191,119.7191,117.2107,0.0476,49.6299,137.72,3429
2016-08-17 19:00:00,95.1,transfer,1.0,115.4604,0.0,101.9484,101.9484,115.4604,0.0474,49.6289,137.7361,3430
2016-08-17 20:00:00,90.36,transfer,1.0,110.3919,0.0,123.8619,123.8619,110.3919,0.0471,49.6691,137.7322,3431
2016-08-17 21:00:00,72.47,transfer,1.0,103.0834,0.0,101.0724,101.0724,103.0834,0.0468,49.7322,137.7274,3432
2016-08-17 22:00:00,71.47,transfer,1.0,93.7204,0.0,105.1732,105.1732,93.7204,0.0466,49.8009,137.712,3433
2016-08-17 23:00:00,68.81,transfer,1.0,84.9298,0.0,84.1547,84.1547,84.9298,0.0465,49.8634,137.697,3434
2016-08-18 00:00:00,69.43,transfer,1.0,78.8812,0.0,91.8061,91.8061,78.8812,0.0465,49.913,137.6908,3435
2016-08-18 01:00:00,70.5,transfer,1.0,74.9331,0.0,66.431,66.431,74.9331,0.0465,49.9283,137.694,3436
2016-08-18 02:00:00,70.21,transfer,1.0,72.8351,0.0,73.3471,73.3471,72.8351,0.0464,49.9212,137.6872,3437
2016-08-18 03:00:00,69.15,transfer,1.0,72.8587,0.0,77.0954,77.0954,72.8587,0.0464,49.9273,137.6764,3438
2016-08-18 04:00:00,124.94,transfer,1.0,74.6272,0.0,70.5401,70.5401,74.6272,0.0463,49.8672,137.6335,3439
2016-08-18 05:00:00,136.95,transfer,1.0,81.633,0.0,87.7014,87.7014,81.633,0.0463,49.8514,137.623,3440
2016-08-18 06:00:00,159.54,transfer,1.0,93.0675,0.0,90.6264,90.6264,93.0675,0.0464,49.9026,137.663,3441
2016-08-18 07:00:00,178.38,transfer,1.0,103.4839,0.0,93.0689,93.0689,103.4839,0.0465,49.9811,137.7275,3442
2016-08-18 08:00:00,186.95,transfer,1.0,110.7831,0.0,110.4437,110.4437,110.7831,0.0467,49.9007,137.6372,3443
2016-08-18 09:00:00,195.06,transfer,1.0,114.8567,0.0,126.4896,126.4896,114.8567,0.047,49.8409,137.5716,3444
2016-08-18 10:00:00,199.01,transfer,1.0,116.6911,0.0,109.8783,109.8783,116.6911,0.0474,49.7893,137.516,3445
2016-08-18 11:00:00,208.02,transfer,1.0,117.5179,0.0,128.0315,128.0315,117.5179,0.0477,49.82,137.5438,3446
2016-08-18 12:00:00,202.76,transfer,1.0,117.9209,0.0,109.9505,109.9505,117.9209,0.0479,49.7289,137.4501,3447
2016-08-18 13:00:00,198.56,transfer,1.0,118.1324,0.0,98.2686,98.2686,118.1324,0.0481,49.6329,137.352,3448
2016-08-18 14:00:00,191.14,transfer,1.0,118.1974,0.0,116.6878,116.6878,118.1974,0.0482,49.5501,137.267,3449
2016-08-18 15:00:00,179.57,transfer,1.0,118.1705,0.0,119.5529,119.5529,118.1705,0.0483,49.4488,137.1635,3450
2016-08-18 16:00:00,165.16,transfer,1.0,118.0471,0.0,139.7131,139.7131,118.0471,0.0483,49.2851,136.9978,3451
2016-08-18 17:00:00,152.51,transfer,1.0,117.8123,0.0,127.9139,127.9139,117.8123,0.0483,49.0446,136.7551,3452
2016-08-18 18:00:00,88.35,transfer,1.0,117.3351,0.0,105.2255,105.2255,117.3351,0.0482,49.095,136.7015,3453
2016-08-18 19:00:00,81.49,transfer,1.0,115.598,0.0,105.711,105.711,115.598,0.048,49.1038,136.6838,3454
2016-08-18 20:00:00,75.63,transfer,1.0,109.2775,0.0,105.6113,105.6113,109.2775,0.0476,49.1267,136.6326,3455
2016-08-18 21:00:00,71.46,transfer,1.0,99.1242,0.0,106.8367,106.8367,99.1242,0.0472,49.1054,136.6068,3456
2016-08-18 22:00:00,72.35,transfer,1.0,88.7651,0.0,108.2898,108.2898,88.7651,0.0469,49.066,136.5935,3457
2016-08-18 23:00:00,70.12,transfer,1.0,81.4101,0.0,80.7333,80.7333,81.4101,0.0466,49.0378,136.5721,3458
2016-08-19 00:00:00,69.29,transfer,1.0,76.3239,0.0,87.2193,87.2193,76.3239,0.0464,49.0168,136.5474,3459
2016-08-19 01:00:00,70.08,transfer,1.0,72.8493,0.0,68.3616,68.3616,72.8493,0.0463,48.9894,136.5352,3460
2016-08-19 02:00:00,68.12,transfer,1.0,71.1427,0.0,80.3387,80.3387,71.1427,0.0462,48.9701,136.5131,3461
2016-08-19 03:00:00,67.15,transfer,1.0,71.2124,0.0,73.8865,73.8865,71.2124,0.0461,48.9467,136.494,3462
2016-08-19 04:00:00,121.13,transfer,1.0,72.2002,0.0,79.9431,79.9431,72.2002,0.046,48.879,136.3773,3463
2016-08-19 05:00:00,126.38,transfer,1.0,78.2874,0.0,83.9796,83.9796,78.2874,0.046,48.7965,136.2409,3464
2016-08-19 06:00:00,129.44,transfer,1.0,89.1137,0.0,92.3708,92.3708,89.1137,0.0461,48.5887,135.975,3465
2016-08-19 07:00:00,147.51,transfer,1.0,100.0061,0.0,79.3066,79.3066,100.0061,0.0463,48.4725,135.8143,3466
2016-08-19 08:00:00,179.53,transfer,1.0,107.7075,0.0,87.669,87.669,107.7075,0.0465,48.4102,135.7218,3467
2016-08-19 09:00:00,192.63,transfer,1.0,112.2889,0.0,125.9623,125.9623,112.2889,0.0467,48.3535,135.6458,3468
2016-08-19 10:00:00,198.94,transfer,1.0,114.8682,0.0,114.5494,114.5494,114.8682,0.0469,48.3035,135.5837,3469
2016-08-19 11:00:00,195.38,transfer,1.0,116.2452,0.0,123.9934,123.9934,116.2452,0.0472,48.2105,135.4833,3470
2016-08-19 12:00:00,165.91,transfer,1.0,116.9627,0.0,110.2581,110.2581,116.9627,0.0474,47.9116,135.1795,3471
2016-08-19 13:00:00,189.27,transfer,1.0,117.2693,0.0,109.3922,109.3922,117.2693,0.0475,47.7794,135.0433,3472
2016-08-19 14:00:00,186.11,transfer,1.0,117.2254,0.0,106.6131,106.6131,117.2254,0.0476,47.6067,134.8665,3473
2016-08-19 15:00:00,177.7,transfer,1.0,117.1055,0.0,112.6283,112.6283,117.1055,0.0477,47.4638,134.719,3474
2016-08-19 16:00:00,163.36,transfer,1.0,116.7863,0.0,98.7109,98.7109,116.7863,0.0476,47.2827,134.5325,3475
2016-08-19 17:00:00,158.02,transfer,1.0,116.2673,0.0,111.2349,111.2349,116.2673,0.0476,47.0991,134.3428,3476
2016-08-19 18:00:00,93.37,transfer,1.0,115.3154,0.0,120.0407,120.0407,115.3154,0.0475,47.1608,134.2725,3477
2016-08-19 19:00:00,76.18,transfer,1.0,111.9701,0.0,116.0863,116.0863,111.9701,0.0473,47.21,134.2033,3478
2016-08-19 20:00:00,73.7,transfer,1.0,102.397,0.0,89.9755,89.9755,102.397,0.0469,47.2592,134.1055,3479
2016-08-19 21:00:00,76.7,transfer,1.0,90.0716,0.0,99.8592,99.8592,90.0716,0.0465,47.1905,134.1024,3480
2016-08-19 22:00:00,79.1,transfer,1.0,80.733,0.0,68.0045,68.0045,80.733,0.0463,47.0971,134.1207,3481
2016-08-19 23:00:00,76.11,transfer,1.0,75.2205,0.0,75.4441,75.4441,75.2205,0.0461,47.0404,134.1242,3482
2016-08-20 00:00:00,73.7,transfer,1.0,72.0979,0.0,82.5873,82.5873,72.0979,0.046,47.0159,134.1184,3483
2016-08-20 01:00:00,73.72,transfer,1.0,68.9554,0.0,61.3644,61.3644,68.9554,0.046,47.0394,134.1158,3484
2016-08-20 02:00:00,73.28,transfer,1.0,67.0968,0.0,72.9843,72.9843,67.0968,0.0459,47.0706,134.1203,3485
2016-08-20 03:00:00,73.88,transfer,1.0,66.1908,0.0,67.5714,67.5714,66.1908,0.0458,47.0969,134.1256,3486
2016-08-20 04:00:00,129.62,transfer,1.0,66.2221,0.0,71.0425,71.0425,66.2221,0.0457,47.0195,134.0324,3487
2016-08-20 05:00:00,135.38,transfer,1.0,68.0184,0.0,70.7666,70.7666,68.0184,0.0457,46.9245,133.9228,3488
2016-08-20 06:00:00,123.96,transfer,1.0,72.8257,0.0,89.3411,89.3411,72.8257,0.0459,46.751,133.7306,3489
2016-08-20 07:00:00,126.67,transfer,1.0,78.8041,0.0,70.8312,70.8312,78.8041,0.046,46.6052,133.5622,3490
2016-08-20 08:00:00,135.83,transfer,1.0,84.1821,0.0,88.909,88.909,84.1821,0.0462,46.4877,133.4125,3491
2016-08-20 09:00:00,142.88,transfer,1.0,88.4892,0.0,89.3424,89.3424,88.4892,0.0463,46.4995,133.3844,3492
2016-08-20 10:00:00,151.82,transfer,1.0,91.5828,0.0,78.9231,78.9231,91.5828,0.0465,46.4576,133.2976,3493
2016-08-20 11:00:00,153.97,transfer,1.0,94.4228,0.0,87.0918,87.0918,94.4228,0.0466,46.4223,133.2212,3494
2016-08-20 12:00:00,148.86,transfer,1.0,96.6127,0.0,94.096,94.096,96.6127,0.0468,46.4111,133.1719,3495
2016-08-20 13:00:00,144.27,transfer,1.0,97.7733,0.0,87.1712,87.1712,97.7733,0.0468,46.3683,133.093,3496
2016-08-20 14:00:00,144.7,transfer,1.0,97.7217,0.0,103.8929,103.8929,97.7217,0.0469,46.2414,132.9303,3497
2016-08-20 15:00:00,145.76,transfer,1.0,96.405,0.0,104.3475,104.3475,96.405,0.0469,46.0586,132.7127,3498
2016-08-20 16:00:00,146.99,transfer,1.0,94.429,0.0,83.8781,83.8781,94.429,0.0468,45.8828,132.4987,3499
2016-08-20 17:00:00,129.53,transfer,1.0,92.2176,0.0,95.1066,95.1066,92.2176,0.0468,45.6685,132.2411,3500
2016-08-20 18:00:00,82.15,transfer,1.0,89.7092,0.0,90.3723,90.3723,89.7092,0.0467,45.6993,132.1617,3501
2016-08-20 19:00:00,67.39,transfer,1.0,84.1718,0.0,80.6153,80.6153,84.1718,0.0465,45.7522,132.0492,3502
2016-08-20 20:00:00,76.12,transfer,1.0,75.9572,0.0,74.4124,74.4124,75.9572,0.0462,45.7232,131.9627,3503
2016-08-20 21:00:00,72.92,transfer,1.0,69.5675,0.0,58.601,58.601,69.5675,0.046,45.7222,131.9147,3504
2016-08-20 22:00:00,74.85,transfer,1.0,66.2789,0.0,59.5903,59.5903,66.2789,0.0458,45.7219,131.8792,3505
2016-08-20 23:00:00,75.93,transfer,1.0,64.3854,0.0,60.5815,60.5815,64.3854,0.0457,45.7309,131.8636,3506
2016-08-21 00:00:00,75.28,transfer,1.0,63.1837,0.0,70.1254,70.1254,63.1837,0.0457,45.7249,131.8404,3507
2016-08-21 01:00:00,73.6,transfer,1.0,62.6891,0.0,64.1237,64.1237,62.6891,0.0457,45.7186,131.8219,3508
2016-08-21 02:00:00,71.33,transfer,1.0,62.4721,0.0,69.0861,69.0861,62.4721,0.0457,45.6957,131.7891,3509
2016-08-21 03:00:00,72.46,transfer,1.0,62.5386,0.0,64.7077,64.7077,62.5386,0.0457,45.6751,131.7602,3510
2016-08-21 04:00:00,135.97,transfer,1.0,62.9786,0.0,59.4581,59.4581,62.9786,0.0456,45.6293,131.7063,3511
2016-08-21 05:00:00,139.76,transfer,1.0,64.6015,0.0,65.2652,65.2652,64.6015,0.0456,45.5162,131.5849,3512
2016-08-21 06:00:00,128.65,transfer,1.0,69.5851,0.0,74.965,74.965,69.5851,0.0457,45.3345,131.3971,3513
2016-08-21 07:00:00,128.98,transfer,1.0,75.7936,0.0,78.2433,78.2433,75.7936,0.0458,45.2183,131.2758,3514
2016-08-21 08:00:00,126.79,transfer,1.0,81.06,0.0,88.5684,88.5684,81.06,0.0459,45.0451,131.0896,3515
2016-08-21 09:00:00,130.92,transfer,1.0,84.6424,0.0,87.0787,87.0787,84.6424,0.046,44.89,130.9127,3516
2016-08-21 10:00:00,135.59,transfer,1.0,86.3423,0.0,81.2868,81.2868,86.3423,0.0461,44.7906,130.7795,3517
2016-08-21 11:00:00,138.77,transfer,1.0,87.0528,0.0,87.7007,87.7007,87.0528,0.0462,44.6752,130.6192,3518
2016-08-21 12:00:00,143.36,transfer,1.0,87.3983,0.0,75.0905,75.0905,87.3983,0.0463,44.6115,130.5044,3519
2016-08-21 13:00:00,141.55,transfer,1.0,87.649,0.0,76.609,76.609,87.649,0.0464,44.5563,130.3964,3520
2016-08-21 14:00:00,148.4,transfer,1.0,87.419,0.0,98.9971,98.9971,87.419,0.0465,44.54,130.3267,3521
2016-08-21 15:00:00,138.55,transfer,1.0,86.1832,0.0,80.961,80.961,86.1832,0.0466,44.47,130.2003,3522
2016-08-21 16:00:00,128.81,transfer,1.0,81.0261,0.0,94.8097,94.8097,81.0261,0.047,44.3444,129.9934,3523
2016-08-21 17:00:00,113.24,transfer,1.0,80.6255,0.0,85.428,85.428,80.6255,0.0476,44.0737,129.6477,3524
2016-08-21 18:00:00,75.12,transfer,1.0,79.8079,0.0,72.3219,72.3219,79.8079,0.0477,44.0844,129.5664,3525
2016-08-21 19:00:00,75.71,transfer,1.0,76.3444,0.0,75.8991,75.8991,76.3444,0.0474,44.0631,129.5108,3526
2016-08-21 20:00:00,80.74,transfer,1.0,71.7445,0.0,80.4343,80.4343,71.7445,0.0468,44.068,129.4563,3527
2016-08-21 21:00:00,61.73,transfer,1.0,68.4817,0.0,75.6715,75.6715,68.4817,0.0463,44.1026,129.373,3528
2016-08-21 22:00:00,61.18,transfer,1.0,65.9493,0.0,75.7946,75.7946,65.9493,0.0459,44.1076,129.2917,3529
2016-08-21 23:00:00,59.06,transfer,1.0,63.5317,0.0,67.3124,67.3124,63.5317,0.0457,44.1061,129.2113,3530
2016-08-22 00:00:00,70.51,transfer,1.0,61.5286,0.0,63.5528,63.5528,61.5286,0.0456,44.1185,129.1994,3531
2016-08-22 01:00:00,66.97,transfer,1.0,60.7217,0.0,66.1368,66.1368,60.7217,0.0455,44.1112,129.1674,3532
2016-08-22 02:00:00,66.5,transfer,1.0,61.23,0.0,65.7966,65.7966,61.23,0.0455,44.0913,129.1269,3533
2016-08-22 03:00:00,65.43,transfer,1.0,62.5204,0.0,65.1293,65.1293,62.5204,0.0456,44.0654,129.0851,3534
2016-08-22 04:00:00,107.12,transfer,1.0,64.7185,0.0,69.3227,69.3227,64.7185,0.0456,43.9098,128.9174,3535
2016-08-22 05:00:00,102.89,transfer,1.0,70.1515,0.0,55.0725,55.0725,70.1515,0.0456,43.6475,128.649,3536
2016-08-22 06:00:00,120.81,transfer,1.0,79.3884,0.0,74.8639,74.8639,79.3884,0.0457,43.4282,128.4248,3537
2016-08-22 07:00:00,139.25,transfer,1.0,89.1805,0.0,84.9669,84.9669,89.1805,0.0457,43.2057,128.192,3538
2016-08-22 08:00:00,155.27,transfer,1.0,98.9027,0.0,122.8173,122.8173,98.9027,0.0457,42.9644,127.9361,3539
2016-08-22 09:00:00,167.21,transfer,1.0,106.4445,0.0,102.1659,102.1659,106.4445,0.0458,42.7395,127.6941,3540
2016-08-22 10:00:00,175.37,transfer,1.0,111.2137,0.0,113.5007,113.5007,111.2137,0.046,42.6032,127.5429,3541
2016-08-22 11:00:00,182.44,transfer,1.0,113.9442,0.0,125.103,125.103,113.9442,0.0461,42.488,127.417,3542
2016-08-22 12:00:00,177.07,transfer,1.0,115.4222,0.0,116.786,116.786,115.4222,0.0463,42.3212,127.243,3543
2016-08-22 13:00:00,181.89,transfer,1.0,116.213,0.0,108.0255,108.0255,116.213,0.0463,42.1636,127.0804,3544
2016-08-22 14:00:00,170.54,transfer,1.0,116.4782,0.0,128.7576,128.7576,116.4782,0.0464,41.9029,126.8153,3545
2016-08-22 15:00:00,169.3,transfer,1.0,116.471,0.0,124.9344,124.9344,116.471,0.0465,41.674,126.5821,3546
2016-08-22 16:00:00,160.25,transfer,1.0,116.0903,0.0,123.7256,123.7256,116.0903,0.0466,41.4263,126.3286,3547
2016-08-22 17:00:00,154.46,transfer,1.0,115.3544,0.0,112.9345,112.9345,115.3544,0.0465,41.2019,126.0952,3548
2016-08-22 18:00:00,82.45,transfer,1.0,113.8856,0.0,104.0844,104.0844,113.8856,0.0465,41.3415,125.9399,3549
2016-08-22 19:00:00,75.76,transfer,1.0,109.4009,0.0,95.6845,95.6845,109.4009,0.0463,41.3882,125.8578,3550
2016-08-22 20:00:00,73.92,transfer,1.0,96.5869,0.0,106.927,106.927,96.5869,0.046,41.3829,125.7773,3551
2016-08-22 21:00:00,61.63,transfer,1.0,84.1374,0.0,64.92,64.92,84.1374,0.0457,41.3395,125.7124,3552
2016-08-22 22:00:00,62.35,transfer,1.0,75.4265,0.0,65.8822,65.8822,75.4265,0.0455,41.2936,125.6607,3553
2016-08-22 23:00:00,60.6,transfer,1.0,69.5216,0.0,68.2997,68.2997,69.5216,0.0453,41.26,125.6135,3554
2016-08-23 00:00:00,72.22,transfer,1.0,66.0466,0.0,64.542,64.542,66.0466,0.0452,41.242,125.6364,3555
2016-08-23 01:00:00,69.68,transfer,1.0,64.3484,0.0,62.2549,62.2549,64.3484,0.0451,41.239,125.6431,3556
2016-08-23 02:00:00,68.39,transfer,1.0,64.2813,0.0,58.797,58.797,64.2813,0.0451,41.2388,125.6421,3557
2016-08-23 03:00:00,66.32,transfer,1.0,65.2329,0.0,67.9043,67.9043,65.2329,0.0452,41.2223,125.6269,3558
2016-08-23 04:00:00,106.37,transfer,1.0,67.1531,0.0,71.8103,71.8103,67.1531,0.0452,41.1125,125.475,3559
2016-08-23 05:00:00,109.88,transfer,1.0,73.0686,0.0,71.3907,71.3907,73.0686,0.0453,40.9438,125.2653,3560
2016-08-23 06:00:00,119.7,transfer,1.0,83.7251,0.0,86.8561,86.8561,83.7251,0.0454,40.738,125.0183,3561
2016-08-23 07:00:00,138.73,transfer,1.0,95.7444,0.0,107.8177,107.8177,95.7444,0.0455,40.5836,124.8331,3562
2016-08-23 08:00:00,165.06,transfer,1.0,105.8425,0.0,100.9588,100.9588,105.8425,0.0456,40.4213,124.6517,3563
2016-08-23 09:00:00,167.61,transfer,1.0,112.319,0.0,102.5743,102.5743,112.319,0.0457,40.2794,124.5005,3564
2016-08-23 10:00:00,169.78,transfer,1.0,115.5532,0.0,118.6214,118.6214,115.5532,0.0458,40.1325,124.3496,3565
2016-08-23 11:00:00,183.05,transfer,1.0,117.0093,0.0,119.3863,119.3863,117.0093,0.0459,40.0182,124.2337,3566
2016-08-23 12:00:00,176.47,transfer,1.0,117.6848,0.0,106.8653,106.8653,117.6848,0.0461,39.8921,124.107,3567
2016-08-23 13:00:00,169.24,transfer,1.0,117.9628,0.0,122.015,122.015,117.9628,0.0462,39.7367,123.9513,3568
2016-08-23 14:00:00,178.2,transfer,1.0,118.0181,0.0,126.4499,126.4499,118.0181,0.0462,39.6508,123.8648,3569
2016-08-23 15:00:00,173.95,transfer,1.0,117.8647,0.0,126.9547,126.9547,117.8647,0.0463,39.5848,123.7975,3570
2016-08-23 16:00:00,143.44,transfer,1.0,117.6355,0.0,119.911,119.911,117.6355,0.0463,39.3467,123.5577,3571
2016-08-23 17:00:00,145.63,transfer,1.0,117.2558,0.0,98.3457,98.3457,117.2558,0.0462,39.1547,123.3635,3572
2016-08-23 18:00:00,74.0,transfer,1.0,116.1593,0.0,119.7224,119.7224,116.1593,0.0462,39.3161,123.1965,3573
2016-08-23 19:00:00,70.83,transfer,1.0,112.3379,0.0,112.7329,112.7329,112.3379,0.046,39.423,123.0699,3574
2016-08-23 20:00:00,62.87,transfer,1.0,99.4499,0.0,107.7624,107.7624,99.4499,0.0458,39.5429,122.8845,3575
2016-08-23 21:00:00,57.37,transfer,1.0,86.029,0.0,105.2544,105.2544,86.029,0.0456,39.5651,122.7658,3576
2016-08-23 22:00:00,58.14,transfer,1.0,75.7007,0.0,68.2803,68.2803,75.7007,0.0454,39.572,122.6532,3577
2016-08-23 23:00:00,56.87,transfer,1.0,69.3605,0.0,62.4541,62.4541,69.3605,0.0454,39.5908,122.5381,3578
2016-08-24 00:00:00,67.56,transfer,1.0,65.7517,0.0,64.5111,64.5111,65.7517,0.0454,39.5717,122.4967,3579
2016-08-24 01:00:00,64.43,transfer,1.0,64.0257,0.0,64.4287,64.4287,64.0257,0.0455,39.557,122.4472,3580
2016-08-24 02:00:00,64.09,transfer,1.0,64.0875,0.0,59.2283,59.2283,64.0875,0.0456,39.5527,122.396,3581
2016-08-24 03:00:00,66.2,transfer,1.0,65.0103,0.0,68.93,68.93,65.0103,0.0457,39.5571,122.3561,3582
2016-08-24 04:00:00,108.85,transfer,1.0,67.297,0.0,63.381,63.381,67.297,0.0457,39.4045,122.1671,3583
2016-08-24 05:00:00,115.3,transfer,1.0,75.1014,0.0,71.186,71.186,75.1014,0.0458,39.2218,121.9571,3584
2016-08-24 06:00:00,110.29,transfer,1.0,88.8566,0.0,93.7083,93.7083,88.8566,0.0459,38.8865,121.6081,3585
2016-08-24 07:00:00,123.28,transfer,1.0,102.1902,0.0,111.3439,111.3439,102.1902,0.046,38.5856,121.3095,3586
2016-08-24 08:00:00,145.81,transfer,1.0,110.3191,0.0,117.5028,117.5028,110.3191,0.0461,38.2027,120.9303,3587
2016-08-24 09:00:00,167.32,transfer,1.0,114.4632,0.0,118.8472,118.8472,114.4632,0.0462,37.9732,120.7025,3588
2016-08-24 10:00:00,181.06,transfer,1.0,116.3109,0.0,118.451,118.451,116.3109,0.0463,37.8414,120.5706,3589
2016-08-24 11:00:00,173.0,transfer,1.0,117.2381,0.0,122.2279,122.2279,117.2381,0.0464,37.7088,120.4377,3590
2016-08-24 12:00:00,170.2,transfer,1.0,117.7414,0.0,123.869,123.869,117.7414,0.0465,37.5403,120.2689,3591
2016-08-24 13:00:00,176.06,transfer,1.0,117.929,0.0,112.0424,112.0424,117.929,0.0466,37.4756,120.2037,3592
2016-08-24 14:00:00,178.95,transfer,1.0,117.8684,0.0,130.0402,130.0402,117.8684,0.0467,37.3773,120.1042,3593
2016-08-24 15:00:00,182.62,transfer,1.0,117.6796,0.0,117.0467,117.0467,117.6796,0.0468,37.3423,120.0672,3594
2016-08-24 16:00:00,164.04,transfer,1.0,117.4071,0.0,117.3915,117.3915,117.4071,0.0468,37.2752,119.9971,3595
2016-08-24 17:00:00,144.61,transfer,1.0,116.8963,0.0,115.2107,115.2107,116.8963,0.0468,37.1873,119.9049,3596
2016-08-24 18:00:00,94.41,transfer,1.0,115.8039,0.0,138.6048,138.6048,115.8039,0.0467,37.2602,119.8236,3597
2016-08-24 19:00:00,70.16,transfer,1.0,110.9995,0.0,114.1595,114.1595,110.9995,0.0465,37.3821,119.6752,3598
2016-08-24 20:00:00,75.53,transfer,1.0,99.0437,0.0,78.8229,78.8229,99.0437,0.0463,37.4028,119.5869,3599
2016-08-24 21:00:00,59.07,transfer,1.0,85.0627,0.0,72.0565,72.0565,85.0627,0.0461,37.3753,119.5072,3600
2016-08-24 22:00:00,59.75,transfer,1.0,75.6857,0.0,74.6713,74.6713,75.6857,0.046,37.3377,119.4374,3601
2016-08-24 23:00:00,58.35,transfer,1.0,68.8932,0.0,62.3105,62.3105,68.8932,0.046,37.3045,119.3752,3602
2016-08-25 00:00:00,69.33,transfer,1.0,65.0412,0.0,58.5394,58.5394,65.0412,0.046,37.2738,119.3746,3603
2016-08-25 01:00:00,69.84,transfer,1.0,63.2872,0.0,58.7401,58.7401,63.2872,0.0461,37.2864,119.3706,3604
2016-08-25 02:00:00,69.05,transfer,1.0,63.3449,0.0,72.4354,72.4354,63.3449,0.0463,37.3047,119.3637,3605
2016-08-25 03:00:00,67.97,transfer,1.0,64.7242,0.0,68.2206,68.2206,64.7242,0.0463,37.302,119.3567,3606
2016-08-25 04:00:00,112.95,transfer,1.0,67.4331,0.0,70.3424,70.3424,67.4331,0.0464,37.2734,119.2853,3607
2016-08-25 05:00:00,117.59,transfer,1.0,75.4878,0.0,63.609,63.609,75.4878,0.0464,37.1947,119.1701,3608
2016-08-25 06:00:00,124.04,transfer,1.0,89.1942,0.0,83.91,83.91,89.1942,0.0465,37.0065,118.9588,3609
2016-08-25 07:00:00,142.58,transfer,1.0,102.0606,0.0,82.9239,82.9239,102.0606,0.0465,36.8019,118.7457,3610
2016-08-25 08:00:00,172.88,transfer,1.0,110.2931,0.0,92.7639,92.7639,110.2931,0.0465,36.721,118.6619,3611
2016-08-25 09:00:00,178.07,transfer,1.0,114.4895,0.0,85.7357,85.7357,114.4895,0.0466,36.6221,118.5608,3612
2016-08-25 10:00:00,185.32,transfer,1.0,116.4655,0.0,105.8948,105.8948,116.4655,0.0468,36.5419,118.4793,3613
2016-08-25 11:00:00,187.53,transfer,1.0,117.3961,0.0,108.9142,108.9142,117.3961,0.0469,36.4207,118.3574,3614
2016-08-25 12:00:00,191.13,transfer,1.0,117.8382,0.0,111.1948,111.1948,117.8382,0.0471,36.352,118.2882,3615
2016-08-25 13:00:00,189.06,transfer,1.0,118.0079,0.0,122.5129,122.5129,118.0079,0.0473,36.2962,118.2316,3616
2016-08-25 14:00:00,195.85,transfer,1.0,118.0338,0.0,130.9218,130.9218,118.0338,0.0474,36.3252,118.2597,3617
2016-08-25 15:00:00,188.88,transfer,1.0,117.9366,0.0,110.9613,110.9613,117.9366,0.0475,36.382,118.3151,3618
2016-08-25 16:00:00,175.46,transfer,1.0,117.7797,0.0,101.7326,101.7326,117.7797,0.0475,36.4449,118.3764,3619
2016-08-25 17:00:00,171.87,transfer,1.0,117.4615,0.0,105.4462,105.4462,117.4615,0.0475,36.5622,118.4916,3620
2016-08-25 18:00:00,100.04,transfer,1.0,116.7877,0.0,122.6985,122.6985,116.7877,0.0474,36.4894,118.5612,3621
2016-08-25 19:00:00,86.13,transfer,1.0,114.2337,0.0,113.7751,113.7751,114.2337,0.0472,36.4536,118.5888,3622
2016-08-25 20:00:00,88.02,transfer,1.0,105.4277,0.0,100.6289,100.6289,105.4277,0.047,36.357,118.6626,3623
2016-08-25 21:00:00,73.45,transfer,1.0,93.7774,0.0,99.2224,99.2224,93.7774,0.0467,36.3133,118.6744,3624
2016-08-25 22:00:00,66.95,transfer,1.0,84.7638,0.0,108.1959,108.1959,84.7638,0.0465,36.3216,118.6423,3625
2016-08-25 23:00:00,65.02,transfer,1.0,77.5988,0.0,86.563,86.563,77.5988,0.0463,36.3293,118.6119,3626
2016-08-26 00:00:00,83.12,transfer,1.0,72.6216,0.0,61.207,61.207,72.6216,0.0462,36.3499,118.6943,3627
2016-08-26 01:00:00,80.68,transfer,1.0,69.663,0.0,64.2146,64.2146,69.663,0.0462,36.399,118.7574,3628
2016-08-26 02:00:00,81.25,transfer,1.0,69.7097,0.0,75.7964,75.7964,69.7097,0.0462,36.4497,118.8355,3629
2016-08-26 03:00:00,79.1,transfer,1.0,71.0493,0.0,72.1479,72.1479,71.0493,0.0462,36.4734,118.9067,3630
2016-08-26 04:00:00,150.44,transfer,1.0,73.7445,0.0,85.3899,85.3899,73.7445,0.0462,36.6387,119.0811,3631
2016-08-26 05:00:00,139.67,transfer,1.0,81.7273,0.0,82.3391,82.3391,81.7273,0.0461,36.6974,119.1602,3632
2016-08-26 06:00:00,156.79,transfer,1.0,94.9018,0.0,91.9916,91.9916,94.9018,0.0462,36.8257,119.323,3633
2016-08-26 07:00:00,160.1,transfer,1.0,105.1861,0.0,111.6624,111.6624,105.1861,0.0462,36.8698,119.398,3634
2016-08-26 08:00:00,184.23,transfer,1.0,111.8205,0.0,103.1804,103.1804,111.8205,0.0463,36.8733,119.4259,3635
2016-08-26 09:00:00,193.63,transfer,1.0,115.2144,0.0,93.6946,93.6946,115.2144,0.0464,36.8618,119.4319,3636
2016-08-26 10:00:00,194.12,transfer,1.0,116.7417,0.0,119.7523,119.7523,116.7417,0.0466,36.822,119.4032,3637
2016-08-26 11:00:00,197.22,transfer,1.0,117.4084,0.0,106.9403,106.9403,117.4084,0.0468,36.826,119.4142,3638
2016-08-26 12:00:00,198.51,transfer,1.0,117.7284,0.0,120.341,120.341,117.7284,0.047,37.0155,119.6082,3639
2016-08-26 13:00:00,204.77,transfer,1.0,117.8228,0.0,110.3424,110.3424,117.8228,0.0471,37.1045,119.7005,3640
2016-08-26 14:00:00,204.49,transfer,1.0,117.8359,0.0,91.8065,91.8065,117.8359,0.0472,37.2102,119.8099,3641
2016-08-26 15:00:00,199.06,transfer,1.0,117.7798,0.0,104.0395,104.0395,117.7798,0.0473,37.3334,119.937,3642
2016-08-26 16:00:00,181.53,transfer,1.0,117.6126,0.0,116.4192,116.4192,117.6126,0.0474,37.4366,120.0452,3643
2016-08-26 17:00:00,186.44,transfer,1.0,117.3175,0.0,117.4232,117.4232,117.3175,0.0474,37.5995,120.2143,3644
2016-08-26 18:00:00,97.04,transfer,1.0,116.8063,0.0,121.9255,121.9255,116.8063,0.0473,37.5866,120.2362,3645
2016-08-26 19:00:00,88.05,transfer,1.0,115.0508,0.0,117.0979,117.0979,115.0508,0.0471,37.5342,120.3068,3646
2016-08-26 20:00:00,89.63,transfer,1.0,108.2582,0.0,111.181,111.181,108.2582,0.0468,37.4743,120.4017,3647
2016-08-26 21:00:00,71.83,transfer,1.0,98.1197,0.0,104.1295,104.1295,98.1197,0.0465,37.5512,120.3727,3648
2016-08-26 22:00:00,67.39,transfer,1.0,89.6236,0.0,95.431,95.431,89.6236,0.0463,37.6738,120.303,3649
2016-08-26 23:00:00,65.05,transfer,1.0,81.9953,0.0,79.8672,79.8672,81.9953,0.0461,37.7694,120.2371,3650
2016-08-27 00:00:00,80.68,transfer,1.0,76.1697,0.0,71.9268,71.9268,76.1697,0.046,37.7867,120.2787,3651
2016-08-27 01:00:00,80.48,transfer,1.0,71.0535,0.0,69.062,69.062,71.0535,0.0459,37.8145,120.3189,3652
2016-08-27 02:00:00,75.4,transfer,1.0,68.7652,0.0,67.8174,67.8174,68.7652,0.0458,37.8171,120.3316,3653
2016-08-27 03:00:00,75.77,transfer,1.0,67.8775,0.0,70.3343,70.3343,67.8775,0.0457,37.8184,120.3428,3654
2016-08-27 04:00:00,140.68,transfer,1.0,67.6217,0.0,70.9687,70.9687,67.6217,0.0457,37.8759,120.4086,3655
2016-08-27 05:00:00,145.62,transfer,1.0,69.5805,0.0,66.0859,66.0859,69.5805,0.0456,37.9275,120.4696,3656
2016-08-27 06:00:00,127.49,transfer,1.0,75.5706,0.0,66.2042,66.2042,75.5706,0.0457,37.9322,120.4906,3657
2016-08-27 07:00:00,136.75,transfer,1.0,82.8409,0.0,82.7593,82.7593,82.8409,0.0459,37.9682,120.5506,3658
2016-08-27 08:00:00,136.49,transfer,1.0,89.091,0.0,77.7555,77.7555,89.091,0.046,37.9429,120.5545,3659
2016-08-27 09:00:00,140.18,transfer,1.0,93.9872,0.0,70.4008,70.4008,93.9872,0.0461,37.8941,120.5385,3660
2016-08-27 10:00:00,141.68,transfer,1.0,96.7657,0.0,114.9547,114.9547,96.7657,0.0462,37.8029,120.4781,3661
2016-08-27 11:00:00,145.38,transfer,1.0,98.4471,0.0,102.3476,102.3476,98.4471,0.0464,37.7278,120.427,3662
2016-08-27 12:00:00,150.39,transfer,1.0,99.2405,0.0,84.4367,84.4367,99.2405,0.0466,37.7212,120.4361,3663
2016-08-27 13:00:00,144.9,transfer,1.0,99.1202,0.0,94.3085,94.3085,99.1202,0.0467,37.717,120.4398,3664
2016-08-27 14:00:00,149.88,transfer,1.0,98.408,0.0,93.2536,93.2536,98.408,0.0468,37.7437,120.4707,3665
2016-08-27 15:00:00,151.53,transfer,1.0,96.3848,0.0,105.5681,105.5681,96.3848,0.0468,37.7782,120.505,3666
2016-08-27 16:00:00,131.33,transfer,1.0,94.1729,0.0,90.7443,90.7443,94.1729,0.0468,37.6865,120.4118,3667
2016-08-27 17:00:00,135.66,transfer,1.0,92.0025,0.0,99.1082,99.1082,92.0025,0.0467,37.7243,120.4483,3668
2016-08-27 18:00:00,79.43,transfer,1.0,86.9286,0.0,66.2375,66.2375,86.9286,0.0466,37.7239,120.4321,3669
2016-08-27 19:00:00,65.0,transfer,1.0,80.7813,0.0,75.5837,75.5837,80.7813,0.0463,37.7179,120.4179,3670
2016-08-27 20:00:00,79.85,transfer,1.0,73.127,0.0,85.7747,85.7747,73.127,0.046,37.757,120.4401,3671
2016-08-27 21:00:00,60.16,transfer,1.0,67.2811,0.0,66.1185,66.1185,67.2811,0.0457,37.7794,120.3641,3672
2016-08-27 22:00:00,59.6,transfer,1.0,64.1234,0.0,72.8506,72.8506,64.1234,0.0455,37.7553,120.2734,3673
2016-08-27 23:00:00,58.96,transfer,1.0,61.7213,0.0,51.6119,51.6119,61.7213,0.0453,37.7031,120.1723,3674
2016-08-28 00:00:00,74.44,transfer,1.0,59.8595,0.0,61.9006,61.9006,59.8595,0.0453,37.7178,120.1673,3675
2016-08-28 01:00:00,70.3,transfer,1.0,58.9113,0.0,53.4669,53.4669,58.9113,0.0453,37.7207,120.1477,3676
2016-08-28 02:00:00,68.02,transfer,1.0,58.6819,0.0,68.3727,68.3727,58.6819,0.0453,37.7235,120.128,3677
2016-08-28 03:00:00,62.67,transfer,1.0,58.7128,0.0,58.374,58.374,58.7128,0.0453,37.688,120.0697,3678
2016-08-28 04:00:00,120.58,transfer,1.0,58.9818,0.0,54.0294,54.0294,58.9818,0.0452,37.6202,119.9781,3679
2016-08-28 05:00:00,131.18,transfer,1.0,59.5994,0.0,73.0689,73.0689,59.5994,0.0452,37.5989,119.9271,3680
2016-08-28 06:00:00,125.28,transfer,1.0,62.7377,0.0,59.3823,59.3823,62.7377,0.0453,37.6196,119.907,3681
2016-08-28 07:00:00,116.62,transfer,1.0,67.261,0.0,70.6195,70.6195,67.261,0.0454,37.5968,119.8334,3682
2016-08-28 08:00:00,124.22,transfer,1.0,71.8311,0.0,78.5688,78.5688,71.8311,0.0454,37.6365,119.8181,3683
2016-08-28 09:00:00,122.29,transfer,1.0,74.4412,0.0,69.8715,69.8715,74.4412,0.0455,37.6458,119.7668,3684
2016-08-28 10:00:00,129.1,transfer,1.0,76.0587,0.0,72.8761,72.8761,76.0587,0.0456,37.6684,119.7281,3685
2016-08-28 11:00:00,138.86,transfer,1.0,76.9235,0.0,76.6844,76.6844,76.9235,0.0457,37.7292,119.7287,3686
2016-08-28 12:00:00,125.7,transfer,1.0,77.5851,0.0,90.7922,90.7922,77.5851,0.0458,37.6825,119.6236,3687
2016-08-28 13:00:00,134.51,transfer,1.0,78.5685,0.0,88.8273,88.8273,78.5685,0.0459,37.6947,119.5817,3688
2016-08-28 14:00:00,126.06,transfer,1.0,78.0366,0.0,69.2557,69.2557,78.0366,0.046,37.6176,119.4487,3689
2016-08-28 15:00:00,132.64,transfer,1.0,77.2067,0.0,60.9812,60.9812,77.2067,0.046,37.6358,119.4135,3690
2016-08-28 16:00:00,129.76,transfer,1.0,75.5919,0.0,77.7523,77.7523,75.5919,0.046,37.6738,119.4192,3691
2016-08-28 17:00:00,128.96,transfer,1.0,74.1219,0.0,73.9208,73.9208,74.1219,0.046,37.8061,119.5128,3692
2016-08-28 18:00:00,69.77,transfer,1.0,72.5151,0.0,70.7333,70.7333,72.5151,0.0459,37.7945,119.4809,3693
2016-08-28 19:00:00,69.97,transfer,1.0,70.5816,0.0,77.3239,77.3239,70.5816,0.0457,37.7944,119.4468,3694
2016-08-28 20:00:00,66.36,transfer,1.0,66.4,0.0,82.4731,82.4731,66.4,0.0455,37.7411,119.3612,3695
2016-08-28 21:00:00,58.46,transfer,1.0,62.9916,0.0,70.2182,70.2182,62.9916,0.0453,37.7279,119.3417,3696
2016-08-28 22:00:00,58.07,transfer,1.0,60.592,0.0,60.574,60.574,60.592,0.0452,37.7145,119.3232,3697
2016-08-28 23:00:00,57.0,transfer,1.0,58.7228,0.0,59.1732,59.1732,58.7228,0.0451,37.6981,119.311,3698
2016-08-29 00:00:00,61.41,transfer,1.0,57.352,0.0,53.0794,53.0794,57.352,0.0451,37.6688,119.2568,3699
2016-08-29 01:00:00,61.26,transfer,1.0,56.9858,0.0,53.7423,53.7423,56.9858,0.0451,37.6571,119.2228,3700
2016-08-29 02:00:00,61.03,transfer,1.0,57.572,0.0,43.3862,43.3862,57.572,0.0451,37.6463,119.1903,3701
2016-08-29 03:00:00,60.46,transfer,1.0,59.0058,0.0,56.2612,56.2612,59.0058,0.0452,37.6376,119.1607,3702
2016-08-29 04:00:00,112.07,transfer,1.0,61.4874,0.0,61.3942,61.3942,61.4874,0.0452,37.6863,119.1901,3703
2016-08-29 05:00:00,126.4,transfer,1.0,66.7382,0.0,63.8098,63.8098,66.7382,0.0452,37.8466,119.3301,3704
2016-08-29 06:00:00,137.51,transfer,1.0,76.727,0.0,63.2113,63.2113,76.727,0.0453,37.9618,119.4295,3705
2016-08-29 07:00:00,151.28,transfer,1.0,89.1938,0.0,89.3495,89.3495,89.1938,0.0454,38.0334,119.5011,3706
2016-08-29 08:00:00,180.66,transfer,1.0,101.087,0.0,98.9975,98.9975,101.087,0.0454,38.1715,119.6522,3707
2016-08-29 09:00:00,188.99,transfer,1.0,109.7511,0.0,119.8138,119.8138,109.7511,0.0455,38.2814,119.7819,3708
2016-08-29 10:00:00,204.2,transfer,1.0,114.3335,0.0,117.9117,117.9117,114.3335,0.0456,38.4345,119.9535,3709
2016-08-29 11:00:00,196.31,transfer,1.0,116.4598,0.0,111.6483,111.6483,116.4598,0.0457,38.5021,120.036,3710
2016-08-29 12:00:00,197.23,transfer,1.0,117.4682,0.0,113.0586,113.0586,117.4682,0.0459,38.6099,120.156,3711
2016-08-29 13:00:00,192.94,transfer,1.0,117.8577,0.0,94.1191,94.1191,117.8577,0.0461,38.6659,120.2218,3712
2016-08-29 14:00:00,193.83,transfer,1.0,118.0002,0.0,118.199,118.199,118.0002,0.0462,38.7954,120.3605,3713
2016-08-29 15:00:00,184.51,transfer,1.0,117.9398,0.0,125.881,125.881,117.9398,0.0464,38.8772,120.451,3714
2016-08-29 16:00:00,179.82,transfer,1.0,117.7497,0.0,120.4418,120.4418,117.7497,0.0465,38.9838,120.5675,3715
2016-08-29 17:00:00,173.71,transfer,1.0,117.3391,0.0,113.1152,113.1152,117.3391,0.0465,39.0866,120.6821,3716
2016-08-29 18:00:00,100.36,transfer,1.0,116.7328,0.0,120.4353,120.4353,116.7328,0.0466,38.997,120.7887,3717
2016-08-29 19:00:00,91.85,transfer,1.0,114.4153,0.0,102.4199,102.4199,114.4153,0.0464,38.931,120.8844,3718
2016-08-29 20:00:00,94.84,transfer,1.0,107.2443,0.0,96.6084,96.6084,107.2443,0.0461,38.8699,121.009,3719
2016-08-29 21:00:00,68.15,transfer,1.0,97.2183,0.0,107.0277,107.0277,97.2183,0.0458,38.909,121.0478,3720
2016-08-29 22:00:00,66.84,transfer,1.0,88.4253,0.0,89.2844,89.2844,88.4253,0.0456,38.9596,121.0745,3721
2016-08-29 23:00:00,66.33,transfer,1.0,80.0356,0.0,69.9398,69.9398,80.0356,0.0454,38.9881,121.1086,3722
2016-08-30 00:00:00,65.62,transfer,1.0,74.0587,0.0,78.3945,78.3945,74.0587,0.0453,39.0016,121.0693,3723
2016-08-30 01:00:00,65.78,transfer,1.0,70.5006,0.0,66.6729,66.6729,70.5006,0.0452,38.998,121.0461,3724
2016-08-30 02:00:00,69.25,transfer,1.0,68.6989,0.0,58.3388,58.3388,68.6989,0.0453,38.9768,121.0512,3725
2016-08-30 03:00:00,68.55,transfer,1.0,68.645,0.0,75.2253,75.2253,68.645,0.0453,38.9709,121.0645,3726
2016-08-30 04:00:00,120.3,transfer,1.0,70.7984,0.0,77.3932,77.3932,70.7984,0.0454,39.0321,121.1474,3727
2016-08-30 05:00:00,131.85,transfer,1.0,78.5351,0.0,83.9544,83.9544,78.5351,0.0455,39.1303,121.2782,3728
2016-08-30 06:00:00,141.95,transfer,1.0,91.6501,0.0,104.048,104.048,91.6501,0.0457,39.2156,121.4106,3729
2016-08-30 07:00:00,155.54,transfer,1.0,103.8243,0.0,108.7544,108.7544,103.8243,0.0458,39.2676,121.5107,3730
2016-08-30 08:00:00,171.73,transfer,1.0,111.7432,0.0,112.7101,112.7101,111.7432,0.046,39.2722,121.5504,3731
2016-08-30 09:00:00,180.79,transfer,1.0,115.7235,0.0,108.9545,108.9545,115.7235,0.0462,39.3303,121.6288,3732
2016-08-30 10:00:00,181.86,transfer,1.0,117.3576,0.0,122.4552,122.4552,117.3576,0.0464,39.3915,121.7007,3733
2016-08-30 11:00:00,184.84,transfer,1.0,118.0523,0.0,126.1875,126.1875,118.0523,0.0465,39.396,121.7114,3734
2016-08-30 12:00:00,184.42,transfer,1.0,118.3704,0.0,147.3353,147.3353,118.3704,0.0466,39.4392,121.7587,3735
2016-08-30 13:00:00,177.58,transfer,1.0,118.5063,0.0,146.9559,146.9559,118.5063,0.0467,39.4856,121.8083,3736
2016-08-30 14:00:00,182.55,transfer,1.0,118.5236,0.0,113.0925,113.0925,118.5236,0.0467,39.5085,121.8342,3737
2016-08-30 15:00:00,173.38,transfer,1.0,118.4508,0.0,130.984,130.984,118.4508,0.0468,39.5016,121.8308,3738
2016-08-30 16:00:00,166.48,transfer,1.0,118.2907,0.0,137.3301,137.3301,118.2907,0.0467,39.6348,121.968,3739
2016-08-30 17:00:00,163.1,transfer,1.0,117.9136,0.0,126.2513,126.2513,117.9136,0.0467,39.7349,122.072,3740
2016-08-30 18:00:00,105.19,transfer,1.0,117.2617,0.0,109.7999,109.7999,117.2617,0.0466,39.5558,122.2576,3741
2016-08-30 19:00:00,96.26,transfer,1.0,114.9772,0.0,114.3148,114.3148,114.9772,0.0465,39.4202,122.409,3742
2016-08-30 20:00:00,88.26,transfer,1.0,108.5718,0.0,96.6455,96.6455,108.5718,0.0462,39.3233,122.5601,3743
2016-08-30 21:00:00,64.81,transfer,1.0,99.7702,0.0,94.6537,94.6537,99.7702,0.0459,39.3608,122.6044,3744
2016-08-30 22:00:00,64.16,transfer,1.0,90.4042,0.0,77.6582,77.6582,90.4042,0.0458,39.4125,122.6402,3745
2016-08-30 23:00:00,62.83,transfer,1.0,81.7429,0.0,75.8398,75.8398,81.7429,0.0457,39.4508,122.6757,3746
2016-08-31 00:00:00,62.77,transfer,1.0,75.5962,0.0,69.132,69.132,75.5962,0.0456,39.5163,122.6472,3747
2016-08-31 01:00:00,61.57,transfer,1.0,72.023,0.0,74.0837,74.0837,72.023,0.0457,39.5761,122.6302,3748
2016-08-31 02:00:00,61.15,transfer,1.0,70.1038,0.0,55.2841,55.2841,70.1038,0.0457,39.6294,122.6127,3749
2016-08-31 03:00:00,62.64,transfer,1.0,70.3273,0.0,76.1847,76.1847,70.3273,0.0458,39.6681,122.5915,3750
2016-08-31 04:00:00,111.3,transfer,1.0,72.3125,0.0,72.3874,72.3874,72.3125,0.0459,39.6528,122.606,3751
2016-08-31 05:00:00,118.99,transfer,1.0,79.9485,0.0,62.3603,62.3603,79.9485,0.046,39.6459,122.628,3752
2016-08-31 06:00:00,124.49,transfer,1.0,92.7765,0.0,91.5302,91.5302,92.7765,0.0462,39.7071,122.7125,3753
2016-08-31 07:00:00,145.33,transfer,1.0,104.0986,0.0,103.7522,103.7522,104.0986,0.0463,39.827,122.8438,3754
2016-08-31 08:00:00,170.05,transfer,1.0,111.1845,0.0,132.0699,132.0699,111.1845,0.0463,39.9662,122.9881,3755
2016-08-31 09:00:00,180.1,transfer,1.0,115.024,0.0,110.2766,110.2766,115.024,0.0464,40.0389,123.0641,3756
2016-08-31 10:00:00,186.89,transfer,1.0,116.7752,0.0,123.0868,123.0868,116.7752,0.0465,40.0708,123.0988,3757
2016-08-31 11:00:00,185.04,transfer,1.0,117.6003,0.0,106.9145,106.9145,117.6003,0.0466,40.1403,123.1705,3758
2016-08-31 12:00:00,193.64,transfer,1.0,117.9826,0.0,100.3426,100.3426,117.9826,0.0467,40.2784,123.31,3759
2016-08-31 13:00:00,182.11,transfer,1.0,118.1503,0.0,111.8873,111.8873,118.1503,0.0468,40.3131,123.346,3760
2016-08-31 14:00:00,197.29,transfer,1.0,118.2011,0.0,112.0083,112.0083,118.2011,0.0469,40.4203,123.4552,3761
2016-08-31 15:00:00,185.64,transfer,1.0,118.1179,0.0,127.7352,127.7352,118.1179,0.047,40.4357,123.4732,3762
2016-08-31 16:00:00,185.74,transfer,1.0,117.9569,0.0,111.9815,111.9815,117.9569,0.0471,40.5616,123.6023,3763
2016-08-31 17:00:00,186.7,transfer,1.0,117.5307,0.0,120.1786,120.1786,117.5307,0.0472,40.8083,123.8529,3764
2016-08-31 18:00:00,135.4,transfer,1.0,116.8393,0.0,138.567,138.567,116.8393,0.0473,40.7915,124.0969,3765
2016-08-31 19:00:00,118.72,transfer,1.0,115.0806,0.0,97.2864,97.2864,115.0806,0.0471,40.57,124.3859,3766
2016-08-31 20:00:00,115.9,transfer,1.0,110.5327,0.0,117.6003,117.6003,110.5327,0.0469,40.462,124.6262,3767
2016-08-31 21:00:00,98.8,transfer,1.0,104.0371,0.0,107.2555,107.2555,104.0371,0.0466,40.3385,124.8627,3768
2016-08-31 22:00:00,94.58,transfer,1.0,96.0106,0.0,78.2544,78.2544,96.0106,0.0464,40.2521,125.07,3769
2016-08-31 23:00:00,88.47,transfer,1.0,88.6696,0.0,83.2021,83.2021,88.6696,0.0463,40.1906,125.2493,3770
2016-09-01 00:00:00,86.62,transfer,1.0,82.925,0.0,73.5935,73.5935,82.925,0.0462,40.187,125.3522,3771
2016-09-01 01:00:00,84.86,transfer,1.0,78.6855,0.0,58.9614,58.9614,78.6855,0.0462,40.1848,125.4416,3772
2016-09-01 02:00:00,83.97,transfer,1.0,76.2256,0.0,73.2119,73.2119,76.2256,0.0462,40.1969,125.5304,3773
2016-09-01 03:00:00,82.94,transfer,1.0,75.6237,0.0,81.8763,81.8763,75.6237,0.0462,40.2212,125.6195,3774
2016-09-01 04:00:00,138.17,transfer,1.0,77.8627,0.0,60.5335,60.5335,77.8627,0.0461,40.3092,125.7696,3775
2016-09-01 05:00:00,149.06,transfer,1.0,85.8187,0.0,86.8298,86.8298,85.8187,0.0462,40.435,125.957,3776
2016-09-01 06:00:00,160.3,transfer,1.0,97.5184,0.0,92.0179,92.0179,97.5184,0.0463,40.6013,126.1728,3777
2016-09-01 07:00:00,161.23,transfer,1.0,106.8187,0.0,103.1927,103.1927,106.8187,0.0465,40.684,126.2838,3778
2016-09-01 08:00:00,171.88,transfer,1.0,112.6424,0.0,109.2292,109.2292,112.6424,0.0466,40.6641,126.2779,3779
2016-09-01 09:00:00,179.3,transfer,1.0,115.6349,0.0,110.8324,110.8324,115.6349,0.0468,40.6646,126.2852,3780
2016-09-01 10:00:00,182.04,transfer,1.0,116.9232,0.0,137.6765,137.6765,116.9232,0.0471,40.6423,126.2657,3781
2016-09-01 11:00:00,184.66,transfer,1.0,117.5193,0.0,115.9488,115.9488,117.5193,0.0474,40.6245,126.2486,3782
2016-09-01 12:00:00,183.54,transfer,1.0,117.8026,0.0,132.1816,132.1816,117.8026,0.0475,40.5795,126.2034,3783
2016-09-01 13:00:00,169.18,transfer,1.0,117.9345,0.0,111.122,111.122,117.9345,0.0477,40.4616,126.0851,3784
2016-09-01 14:00:00,176.49,transfer,1.0,117.9465,0.0,123.6849,123.6849,117.9465,0.0478,40.3469,125.9698,3785
2016-09-01 15:00:00,170.63,transfer,1.0,117.8086,0.0,114.2172,114.2172,117.8086,0.0479,40.239,125.8612,3786
2016-09-01 16:00:00,159.07,transfer,1.0,117.579,0.0,126.0617,126.0617,117.579,0.0479,40.1427,125.7636,3787
2016-09-01 17:00:00,162.22,transfer,1.0,117.1404,0.0,136.3074,136.3074,117.1404,0.0479,40.0872,125.7062,3788
2016-09-01 18:00:00,106.54,transfer,1.0,116.4107,0.0,103.4945,103.4945,116.4107,0.0478,40.0462,125.7449,3789
2016-09-01 19:00:00,77.29,transfer,1.0,114.3692,0.0,105.0628,105.0628,114.3692,0.0476,40.0996,125.6922,3790
2016-09-01 20:00:00,84.11,transfer,1.0,108.8727,0.0,110.2396,110.2396,108.8727,0.0473,40.1434,125.669,3791
2016-09-01 21:00:00,65.64,transfer,1.0,99.4521,0.0,86.6428,86.6428,99.4521,0.0471,40.2237,125.6225,3792
2016-09-01 22:00:00,66.09,transfer,1.0,89.3299,0.0,93.8133,93.8133,89.3299,0.0469,40.256,125.6174,3793
2016-09-01 23:00:00,64.65,transfer,1.0,80.7494,0.0,78.8154,78.8154,80.7494,0.0468,40.2769,125.6151,3794
2016-09-02 00:00:00,72.54,transfer,1.0,74.9572,0.0,82.5032,82.5032,74.9572,0.0467,40.2288,125.5522,3795
2016-09-02 01:00:00,68.14,transfer,1.0,71.7735,0.0,74.5395,74.5395,71.7735,0.0467,40.1849,125.4775,3796
2016-09-02 02:00:00,67.19,transfer,1.0,70.9293,0.0,66.1774,66.1774,70.9293,0.0466,40.1385,125.3938,3797
2016-09-02 03:00:00,67.55,transfer,1.0,71.6252,0.0,64.6725,64.6725,71.6252,0.0466,40.1148,125.3251,3798
2016-09-02 04:00:00,100.01,transfer,1.0,73.8367,0.0,75.415,75.415,73.8367,0.0465,39.8141,125.0249,3799
2016-09-02 05:00:00,113.69,transfer,1.0,81.8908,0.0,93.3856,93.3856,81.8908,0.0466,39.6585,124.8703,3800
2016-09-02 06:00:00,118.2,transfer,1.0,92.6134,0.0,87.3828,87.3828,92.6134,0.0467,39.4424,124.6405,3801
2016-09-02 07:00:00,125.0,transfer,1.0,103.2361,0.0,109.1569,109.1569,103.2361,0.0468,39.245,124.4316,3802
2016-09-02 08:00:00,148.16,transfer,1.0,110.1341,0.0,127.3455,127.3455,110.1341,0.0468,39.0404,124.2169,3803
2016-09-02 09:00:00,156.71,transfer,1.0,113.7709,0.0,110.2612,110.2612,113.7709,0.0469,38.8292,123.9971,3804
2016-09-02 10:00:00,158.15,transfer,1.0,115.5928,0.0,135.693,135.693,115.5928,0.0469,38.6219,123.783,3805
2016-09-02 11:00:00,173.18,transfer,1.0,116.4369,0.0,116.2458,116.2458,116.4369,0.047,38.4846,123.6399,3806
2016-09-02 12:00:00,161.08,transfer,1.0,116.8186,0.0,125.9123,125.9123,116.8186,0.0471,38.2673,123.4171,3807
2016-09-02 13:00:00,156.16,transfer,1.0,116.906,0.0,91.6734,91.6734,116.906,0.0471,37.9834,123.1278,3808
2016-09-02 14:00:00,163.13,transfer,1.0,116.7049,0.0,119.8228,119.8228,116.7049,0.0471,37.7439,122.8816,3809
2016-09-02 15:00:00,154.14,transfer,1.0,116.0899,0.0,125.2007,125.2007,116.0899,0.0472,37.4866,122.6142,3810
2016-09-02 16:00:00,140.77,transfer,1.0,115.1449,0.0,135.5398,135.5398,115.1449,0.0472,37.2587,122.3716,3811
2016-09-02 17:00:00,132.47,transfer,1.0,113.2342,0.0,124.0743,124.0743,113.2342,0.0471,36.9617,122.0504,3812
2016-09-02 18:00:00,88.67,transfer,1.0,109.8798,0.0,126.3813,126.3813,109.8798,0.0471,36.9703,122.0005,3813
2016-09-02 19:00:00,89.26,transfer,1.0,101.3322,0.0,116.0265,116.0265,101.3322,0.0469,36.8814,122.0077,3814
2016-09-02 20:00:00,79.94,transfer,1.0,88.5564,0.0,94.9315,94.9315,88.5564,0.0466,36.8218,121.9501,3815
2016-09-02 21:00:00,68.52,transfer,1.0,80.2553,0.0,72.922,72.922,80.2553,0.0464,36.7352,121.9304,3816
2016-09-02 22:00:00,65.23,transfer,1.0,73.5389,0.0,82.5037,82.5037,73.5389,0.0462,36.6523,121.9175,3817
2016-09-02 23:00:00,63.47,transfer,1.0,68.7419,0.0,73.2312,73.2312,68.7419,0.0461,36.5828,121.9081,3818
2016-09-03 00:00:00,65.89,transfer,1.0,65.8744,0.0,72.9612,72.9612,65.8744,0.0461,36.5561,121.8201,3819
2016-09-03 01:00:00,64.78,transfer,1.0,63.9962,0.0,69.6492,69.6492,63.9962,0.0461,36.5046,121.7266,3820
2016-09-03 02:00:00,63.99,transfer,1.0,63.0245,0.0,65.8955,65.8955,63.0245,0.0461,36.4709,121.6587,3821
2016-09-03 03:00:00,63.75,transfer,1.0,62.6364,0.0,64.3019,64.3019,62.6364,0.046,36.4305,121.5871,3822
2016-09-03 04:00:00,95.77,transfer,1.0,62.7237,0.0,59.4064,59.4064,62.7237,0.046,36.1924,121.3198,3823
2016-09-03 05:00:00,106.34,transfer,1.0,64.1465,0.0,62.7491,62.7491,64.1465,0.046,35.9909,121.086,3824
2016-09-03 06:00:00,91.59,transfer,1.0,67.4664,0.0,63.5959,63.5959,67.4664,0.046,35.8255,120.8723,3825
2016-09-03 07:00:00,84.91,transfer,1.0,71.5037,0.0,79.8577,79.8577,71.5037,0.046,35.5844,120.5637,3826
2016-09-03 08:00:00,89.48,transfer,1.0,74.6151,0.0,65.4955,65.4955,74.6151,0.046,35.3907,120.2839,3827
2016-09-03 09:00:00,87.45,transfer,1.0,75.424,0.0,65.0739,65.0739,75.424,0.046,35.1873,119.9701,3828
2016-09-03 10:00:00,101.36,transfer,1.0,75.1907,0.0,73.1615,73.1615,75.1907,0.0462,35.0758,119.7301,3829
2016-09-03 11:00:00,89.48,transfer,1.0,74.5379,0.0,85.3154,85.3154,74.5379,0.0463,34.8854,119.3973,3830
2016-09-03 12:00:00,94.6,transfer,1.0,74.3502,0.0,80.3418,80.3418,74.3502,0.0465,34.7014,119.0652,3831
2016-09-03 13:00:00,91.96,transfer,1.0,73.2329,0.0,78.1566,78.1566,73.2329,0.0467,34.5404,118.7501,3832
2016-09-03 14:00:00,95.73,transfer,1.0,72.0282,0.0,64.5086,64.5086,72.0282,0.0468,34.3751,118.4278,3833
2016-09-03 15:00:00,98.67,transfer,1.0,70.3713,0.0,69.4016,69.4016,70.3713,0.0469,34.2153,118.1132,3834
2016-09-03 16:00:00,98.63,transfer,1.0,68.7808,0.0,59.4253,59.4253,68.7808,0.047,34.1718,117.9185,3835
2016-09-03 17:00:00,96.51,transfer,1.0,67.2574,0.0,61.5603,61.5603,67.2574,0.047,34.0861,117.6855,3836
2016-09-03 18:00:00,70.88,transfer,1.0,65.7836,0.0,68.0379,68.0379,65.7836,0.047,34.0718,117.6346,3837
2016-09-03 19:00:00,74.21,transfer,1.0,64.7014,0.0,79.951,79.951,64.7014,0.0469,34.0344,117.6894,3838
2016-09-03 20:00:00,70.98,transfer,1.0,63.4434,0.0,62.4659,62.4659,63.4434,0.0468,34.0393,117.6366,3839
2016-09-03 21:00:00,64.77,transfer,1.0,62.3546,0.0,64.5715,64.5715,62.3546,0.0467,34.0112,117.664,3840
2016-09-03 22:00:00,67.99,transfer,1.0,61.5857,0.0,63.0974,63.0974,61.5857,0.0468,34.0224,117.714,3841
2016-09-03 23:00:00,65.59,transfer,1.0,60.8651,0.0,62.8267,62.8267,60.8651,0.0471,34.0341,117.7534,3842
2016-09-04 00:00:00,67.19,transfer,1.0,60.5851,0.0,61.1268,61.1268,60.5851,0.0476,33.9867,117.7102,3843
2016-09-04 01:00:00,65.07,transfer,1.0,60.7982,0.0,44.401,44.401,60.7982,0.0481,33.9443,117.6791,3844
2016-09-04 02:00:00,63.37,transfer,1.0,61.3057,0.0,65.0254,65.0254,61.3057,0.0486,33.901,117.6514,3845
2016-09-04 03:00:00,61.91,transfer,1.0,61.9085,0.0,68.5302,68.5302,61.9085,0.0491,33.8775,117.6469,3846
2016-09-04 04:00:00,85.53,transfer,1.0,62.6108,0.0,58.2305,58.2305,62.6108,0.0496,33.6472,117.4382,3847
2016-09-04 05:00:00,97.17,transfer,1.0,63.7783,0.0,70.2654,70.2654,63.7783,0.0497,33.4199,117.2357,3848
2016-09-04 06:00:00,85.32,transfer,1.0,65.814,0.0,52.1286,52.1286,65.814,0.0495,33.1637,116.9978,3849
2016-09-04 07:00:00,80.56,transfer,1.0,68.2448,0.0,52.1912,52.1912,68.2448,0.0489,32.9432,116.7832,3850
2016-09-04 08:00:00,75.14,transfer,1.0,69.568,0.0,68.1167,68.1167,69.568,0.0482,32.6646,116.491,3851
2016-09-04 09:00:00,86.21,transfer,1.0,68.9175,0.0,71.8507,71.8507,68.9175,0.0477,32.4827,116.2762,3852
2016-09-04 10:00:00,85.52,transfer,1.0,67.4824,0.0,54.3206,54.3206,67.4824,0.0472,32.2743,116.0168,3853
2016-09-04 11:00:00,92.85,transfer,1.0,66.8637,0.0,70.4049,70.4049,66.8637,0.047,32.0603,115.743,3854
2016-09-04 12:00:00,88.84,transfer,1.0,66.4277,0.0,62.9526,62.9526,66.4277,0.0468,31.9074,115.5235,3855
2016-09-04 13:00:00,91.79,transfer,1.0,66.1845,0.0,73.3375,73.3375,66.1845,0.0466,31.7268,115.2693,3856
2016-09-04 14:00:00,93.84,transfer,1.0,65.8606,0.0,67.1769,67.1769,65.8606,0.0465,31.6075,115.0775,3857
2016-09-04 15:00:00,99.52,transfer,1.0,65.2153,0.0,58.8672,58.8672,65.2153,0.0465,31.4817,114.8803,3858
2016-09-04 16:00:00,97.38,transfer,1.0,64.6358,0.0,67.0166,67.0166,64.6358,0.0464,31.3542,114.6876,3859
2016-09-04 17:00:00,98.45,transfer,1.0,64.3097,0.0,72.0837,72.0837,64.3097,0.0464,31.231,114.506,3860
2016-09-04 18:00:00,68.84,transfer,1.0,63.8539,0.0,57.865,57.865,63.8539,0.0464,31.2443,114.5004,3861
2016-09-04 19:00:00,72.94,transfer,1.0,63.4047,0.0,70.688,70.688,63.4047,0.0465,31.2974,114.5181,3862
2016-09-04 20:00:00,71.94,transfer,1.0,62.3877,0.0,50.2346,50.2346,62.3877,80.5443,31.3541,114.1746,3863
2016-09-04 21:00:00,66.27,transfer,1.0,61.2781,0.0,66.3674,66.3674,61.2781,80.5729,31.3568,113.912,3864
2016-09-04 22:00:00,64.32,transfer,1.0,60.5,0.0,61.8039,61.8039,60.5,80.5763,31.3645,113.6634,3865
2016-09-04 23:00:00,65.05,transfer,1.0,59.7396,0.0,57.3841,57.3841,59.7396,80.5805,31.3859,113.4168,3866
2016-09-05 00:00:00,61.92,transfer,1.0,59.097,0.0,54.5327,54.5327,59.097,80.5807,31.3785,113.1626,3867
2016-09-05 01:00:00,62.91,transfer,1.0,59.3031,0.0,57.5729,57.5729,59.3031,80.5851,31.3746,112.9035,3868
2016-09-05 02:00:00,60.57,transfer,1.0,60.2085,0.0,64.6644,64.6644,60.2085,0.0483,31.3561,112.9007,3869
2016-09-05 03:00:00,60.45,transfer,1.0,61.8356,0.0,67.4799,67.4799,61.8356,0.0483,31.3557,112.9006,3870
2016-09-05 04:00:00,86.24,transfer,1.0,64.4833,0.0,63.0699,63.0699,64.4833,0.0489,31.1841,112.7469,3871
2016-09-05 05:00:00,91.84,transfer,1.0,69.4717,0.0,73.8238,73.8238,69.4717,0.0492,30.9621,112.5411,3872
2016-09-05 06:00:00,82.66,transfer,1.0,77.6348,0.0,77.9985,77.9985,77.6348,0.0491,30.6303,112.2146,3873
2016-09-05 07:00:00,74.9,transfer,1.0,86.6798,0.0,77.7683,77.7683,86.6798,0.0487,30.3308,111.76,3874
2016-09-05 08:00:00,83.96,transfer,1.0,93.1939,0.0,93.5346,93.5346,93.1939,0.0482,29.9121,111.1843,3875
2016-09-05 09:00:00,81.97,transfer,1.0,95.359,0.0,84.0566,84.0566,95.359,0.0476,29.5202,110.5473,3876
2016-09-05 10:00:00,98.76,transfer,1.0,95.2126,0.0,102.576,102.576,95.2126,0.0472,29.0064,109.9197,3877
2016-09-05 11:00:00,92.57,transfer,1.0,92.3834,0.0,96.2955,96.2955,92.3834,0.0469,28.5322,109.3022,3878
2016-09-05 12:00:00,104.52,transfer,1.0,90.7143,0.0,96.2155,96.2155,90.7143,0.0468,28.1396,108.7503,3879
2016-09-05 13:00:00,92.94,transfer,1.0,87.8215,0.0,83.743,83.743,87.8215,0.0466,27.7231,108.1551,3880
2016-09-05 14:00:00,106.22,transfer,1.0,85.2531,0.0,79.2282,79.2282,85.2531,0.0465,27.3966,107.6336,3881
2016-09-05 15:00:00,99.42,transfer,1.0,81.5017,0.0,76.4637,76.4637,81.5017,0.0465,27.107,107.1271,3882
2016-09-05 16:00:00,113.84,transfer,1.0,78.5774,0.0,66.5956,66.5956,78.5774,0.0464,26.9474,106.7344,3883
2016-09-05 17:00:00,102.58,transfer,1.0,75.3224,0.0,71.5699,71.5699,75.3224,0.0463,26.7741,106.311,3884
2016-09-05 18:00:00,83.73,transfer,1.0,73.5781,0.0,74.0414,74.0414,73.5781,0.0463,26.7371,106.212,3885
2016-09-05 19:00:00,68.58,transfer,1.0,69.6634,0.0,62.7935,62.7935,69.6634,0.0461,26.6092,106.0735,3886
2016-09-05 20:00:00,86.18,transfer,1.0,66.6537,0.0,60.594,60.594,66.6537,0.048,26.6516,106.0219,3887
2016-09-05 21:00:00,62.51,transfer,1.0,63.8048,0.0,58.935,58.935,63.8048,80.5514,26.4863,105.7239,3888
2016-09-05 22:00:00,65.5,transfer,1.0,62.6826,0.0,70.8041,70.8041,62.6826,80.5532,26.3746,105.4159,3889
2016-09-05 23:00:00,64.81,transfer,1.0,61.3731,0.0,68.8276,68.8276,61.3731,80.5659,26.3134,105.1152,3890
2016-09-06 00:00:00,61.4,transfer,1.0,60.6931,0.0,57.0616,57.0616,60.6931,80.5758,26.2674,104.839,3891
2016-09-06 01:00:00,61.21,transfer,1.0,61.0209,0.0,54.7708,54.7708,61.0209,80.5844,26.2404,104.563,3892
2016-09-06 02:00:00,65.08,transfer,1.0,61.8422,0.0,60.8188,60.8188,61.8422,80.5566,26.2564,104.2432,3893
2016-09-06 03:00:00,62.94,transfer,1.0,63.689,0.0,71.9648,71.9648,63.689,0.0485,26.2603,104.2098,3894
2016-09-06 04:00:00,94.35,transfer,1.0,67.3042,0.0,61.9846,61.9846,67.3042,0.0495,26.1267,104.0553,3895
2016-09-06 05:00:00,108.75,transfer,1.0,75.1369,0.0,72.2223,72.2223,75.1369,0.0503,26.0094,103.9178,3896
2016-09-06 06:00:00,118.13,transfer,1.0,87.3676,0.0,92.7036,92.7036,87.3676,0.0505,25.8931,103.776,3897
2016-09-06 07:00:00,125.7,transfer,1.0,99.5825,0.0,86.5618,86.5618,99.5825,0.0502,25.7407,103.5983,3898
2016-09-06 08:00:00,167.7,transfer,1.0,108.2528,0.0,101.6033,101.6033,108.2528,0.0495,25.7375,103.5743,3899
2016-09-06 09:00:00,179.3,transfer,1.0,113.7045,0.0,124.2499,124.2499,113.7045,0.0488,25.7407,103.5654,3900
2016-09-06 10:00:00,185.48,transfer,1.0,116.3867,0.0,117.8838,117.8838,116.3867,0.0481,25.768,103.587,3901
2016-09-06 11:00:00,186.16,transfer,1.0,117.5601,0.0,125.5601,125.5601,117.5601,0.0475,25.7788,103.5948,3902
2016-09-06 12:00:00,186.12,transfer,1.0,118.1004,0.0,113.555,113.555,118.1004,0.047,25.7905,103.6049,3903
2016-09-06 13:00:00,188.79,transfer,1.0,118.3255,0.0,109.1466,109.1466,118.3255,0.0467,25.8583,103.6717,3904
2016-09-06 14:00:00,194.49,transfer,1.0,118.3572,0.0,137.7505,137.7505,118.3572,0.0465,25.9304,103.7427,3905
2016-09-06 15:00:00,191.01,transfer,1.0,118.3261,0.0,121.8552,121.8552,118.3261,0.0464,26.0361,103.8477,3906
2016-09-06 16:00:00,185.87,transfer,1.0,118.1576,0.0,129.4003,129.4003,118.1576,0.0464,26.1523,103.9631,3907
2016-09-06 17:00:00,172.96,transfer,1.0,117.8288,0.0,100.7581,100.7581,117.8288,0.0465,26.2115,104.0218,3908
2016-09-06 18:00:00,117.87,transfer,1.0,117.3301,0.0,130.2003,130.2003,117.3301,0.0466,26.1428,104.0973,3909
2016-09-06 19:00:00,110.81,transfer,1.0,115.5816,0.0,116.9826,116.9826,115.5816,0.0466,26.0598,104.1839,3910
2016-09-06 20:00:00,97.21,transfer,1.0,110.6434,0.0,109.0564,109.0564,110.6434,80.5295,26.0189,103.7581,3911
2016-09-06 21:00:00,72.1,transfer,1.0,103.9796,0.0,106.3232,106.3232,103.9796,80.5813,26.0005,103.4231,3912
2016-09-06 22:00:00,71.82,transfer,1.0,94.9838,0.0,86.056,86.056,94.9838,80.5868,25.9822,103.0936,3913
2016-09-06 23:00:00,74.26,transfer,1.0,86.0594,0.0,82.6834,82.6834,86.0594,80.59,25.9398,102.7576,3914
2016-09-07 00:00:00,72.33,transfer,1.0,79.2062,0.0,81.1159,81.1159,79.2062,80.5803,25.9044,102.4333,3915
2016-09-07 01:00:00,73.0,transfer,1.0,75.3336,0.0,89.2807,89.2807,75.3336,80.5785,25.8561,102.1122,3916
2016-09-07 02:00:00,73.8,transfer,1.0,73.6288,0.0,78.1102,78.1102,73.6288,80.5637,25.8038,101.7888,3917
2016-09-07 03:00:00,77.41,transfer,1.0,74.0489,0.0,64.4011,64.4011,74.0489,0.0473,25.7781,101.8767,3918
2016-09-07 04:00:00,118.61,transfer,1.0,77.0445,0.0,86.5462,86.5462,77.0445,0.0461,25.7934,101.9202,3919
2016-09-07 05:00:00,129.49,transfer,1.0,85.8772,0.0,74.5894,74.5894,85.8772,0.0462,25.8206,101.9827,3920
2016-09-07 06:00:00,140.36,transfer,1.0,98.6105,0.0,86.8535,86.8535,98.6105,0.0463,25.8804,102.0771,3921
2016-09-07 07:00:00,153.39,transfer,1.0,108.1279,0.0,122.7674,122.7674,108.1279,0.0463,25.9044,102.1251,3922
2016-09-07 08:00:00,168.25,transfer,1.0,113.6605,0.0,116.0677,116.0677,113.6605,0.0462,25.8789,102.1144,3923
2016-09-07 09:00:00,180.93,transfer,1.0,116.5343,0.0,106.9304,106.9304,116.5343,0.0463,25.8749,102.1194,3924
2016-09-07 10:00:00,182.96,transfer,1.0,117.7528,0.0,133.9426,133.9426,117.7528,0.0463,25.8456,102.096,3925
2016-09-07 11:00:00,198.82,transfer,1.0,118.2977,0.0,106.8911,106.8911,118.2977,0.0464,25.9235,102.178,3926
2016-09-07 12:00:00,194.05,transfer,1.0,118.5422,0.0,90.361,90.361,118.5422,0.0465,25.9226,102.1804,3927
2016-09-07 13:00:00,197.64,transfer,1.0,118.67,0.0,113.5725,113.5725,118.67,0.0466,26.012,102.2729,3928
2016-09-07 14:00:00,201.59,transfer,1.0,118.7054,0.0,112.7913,112.7913,118.7054,0.0467,26.0346,102.2985,3929
2016-09-07 15:00:00,208.47,transfer,1.0,118.7098,0.0,127.5259,127.5259,118.7098,0.0468,26.1669,102.4344,3930
2016-09-07 16:00:00,191.17,transfer,1.0,118.66,0.0,95.6547,95.6547,118.66,0.0468,26.1951,102.4667,3931
2016-09-07 17:00:00,192.07,transfer,1.0,118.5499,0.0,103.5289,103.5289,118.5499,0.0469,26.221,102.4987,3932
2016-09-07 18:00:00,117.57,transfer,1.0,118.3438,0.0,119.9485,119.9485,118.3438,0.0469,26.1151,102.3925,3933
2016-09-07 19:00:00,108.2,transfer,1.0,117.6969,0.0,113.1899,113.1899,117.6969,0.0469,26.15,102.3299,3934
2016-09-07 20:00:00,98.67,transfer,1.0,115.4057,0.0,107.6806,107.6806,115.4057,0.0467,26.2176,102.2273,3935
2016-09-07 21:00:00,78.08,transfer,1.0,111.0484,0.0,109.7475,109.7475,111.0484,0.0466,26.3827,102.104,3936
2016-09-07 22:00:00,79.35,transfer,1.0,103.0876,0.0,102.0888,102.0888,103.0876,0.0465,26.5155,102.0134,3937
2016-09-07 23:00:00,77.23,transfer,1.0,94.656,0.0,101.8741,101.8741,94.656,0.0464,26.618,101.9465,3938
2016-09-08 00:00:00,81.59,transfer,1.0,89.0669,0.0,79.6866,79.6866,89.0669,0.0464,26.6405,101.9165,3939
2016-09-08 01:00:00,77.59,transfer,1.0,85.1145,0.0,73.7759,73.7759,85.1145,0.0465,26.6486,101.8732,3940
2016-09-08 02:00:00,78.59,transfer,1.0,83.5029,0.0,73.7587,73.7587,83.5029,0.0465,26.6317,101.8412,3941
2016-09-08 03:00:00,77.54,transfer,1.0,83.7287,0.0,88.585,88.585,83.7287,0.0466,26.625,101.8091,3942
2016-09-08 04:00:00,132.19,transfer,1.0,86.1345,0.0,91.743,91.743,86.1345,0.0466,26.5402,101.7735,3943
2016-09-08 05:00:00,144.25,transfer,1.0,94.3357,0.0,87.649,87.649,94.3357,0.0466,26.4608,101.7448,3944
2016-09-08 06:00:00,155.27,transfer,1.0,105.0163,0.0,91.1983,91.1983,105.0163,0.0467,26.3863,101.7149,3945
2016-09-08 07:00:00,163.74,transfer,1.0,111.8549,0.0,95.3323,95.3323,111.8549,0.0467,26.3712,101.7298,3946
2016-09-08 08:00:00,187.43,transfer,1.0,115.3376,0.0,96.5707,96.5707,115.3376,0.0467,26.4477,101.8224,3947
2016-09-08 09:00:00,197.66,transfer,1.0,117.0515,0.0,134.1181,134.1181,117.0515,0.0467,26.5486,101.9317,3948
2016-09-08 10:00:00,210.69,transfer,1.0,117.8245,0.0,144.3664,144.3664,117.8245,0.0467,26.7138,102.1022,3949
2016-09-08 11:00:00,211.06,transfer,1.0,118.1856,0.0,124.5703,124.5703,118.1856,0.0468,26.8669,102.2594,3950
2016-09-08 12:00:00,211.76,transfer,1.0,118.3783,0.0,127.3392,127.3392,118.3783,0.0469,27.0315,102.4273,3951
2016-09-08 13:00:00,214.04,transfer,1.0,118.4656,0.0,113.1553,113.1553,118.4656,0.047,27.2954,102.6944,3952
2016-09-08 14:00:00,205.42,transfer,1.0,118.4872,0.0,124.8788,124.8788,118.4872,0.0471,27.4643,102.8666,3953
2016-09-08 15:00:00,210.79,transfer,1.0,118.4739,0.0,123.2838,123.2838,118.4739,0.0471,27.6994,103.1056,3954
2016-09-08 16:00:00,196.03,transfer,1.0,118.3977,0.0,127.2148,127.2148,118.3977,0.0472,27.9146,103.3256,3955
2016-09-08 17:00:00,188.94,transfer,1.0,118.2515,0.0,123.41,123.41,118.2515,0.0472,28.067,103.4847,3956
2016-09-08 18:00:00,117.3,transfer,1.0,118.0139,0.0,104.7159,104.7159,118.0139,0.0473,28.0125,103.5487,3957
2016-09-08 19:00:00,107.28,transfer,1.0,117.2308,0.0,132.043,132.043,117.2308,0.0473,27.851,103.7272,3958
2016-09-08 20:00:00,104.17,transfer,1.0,114.5228,0.0,112.0001,112.0001,114.5228,0.0472,27.7652,103.8467,3959
2016-09-08 21:00:00,82.64,transfer,1.0,110.2516,0.0,112.7973,112.7973,110.2516,0.047,27.7283,103.9478,3960
2016-09-08 22:00:00,80.94,transfer,1.0,103.4018,0.0,115.0714,115.0714,103.4018,0.0468,27.7237,104.0362,3961
2016-09-08 23:00:00,87.58,transfer,1.0,96.0598,0.0,104.7452,104.7452,96.0598,0.0467,27.6783,104.1727,3962
2016-09-09 00:00:00,85.43,transfer,1.0,90.3114,0.0,95.9806,95.9806,90.3114,0.0466,27.693,104.2494,3963
2016-09-09 01:00:00,85.63,transfer,1.0,87.0385,0.0,84.2919,84.2919,87.0385,0.0466,27.6798,104.3536,3964
2016-09-09 02:00:00,83.5,transfer,1.0,85.0748,0.0,87.123,87.123,85.0748,0.0465,27.6669,104.4506,3965
2016-09-09 03:00:00,91.24,transfer,1.0,84.9525,0.0,90.3563,90.3563,84.9525,0.0464,27.68,104.5917,3966
2016-09-09 04:00:00,142.52,transfer,1.0,86.4857,0.0,97.2101,97.2101,86.4857,0.0463,27.8578,104.8447,3967
2016-09-09 05:00:00,153.42,transfer,1.0,93.631,0.0,102.1445,102.1445,93.631,0.0462,28.0244,105.0812,3968
2016-09-09 06:00:00,162.61,transfer,1.0,102.9737,0.0,86.2672,86.2672,102.9737,0.0463,28.2271,105.3455,3969
2016-09-09 07:00:00,176.32,transfer,1.0,109.7466,0.0,108.586,108.586,109.7466,0.0463,28.4938,105.651,3970
2016-09-09 08:00:00,193.72,transfer,1.0,113.7199,0.0,138.982,138.982,113.7199,0.0464,28.7436,105.9222,3971
2016-09-09 09:00:00,203.59,transfer,1.0,115.9819,0.0,119.3351,119.3351,115.9819,0.0465,29.0095,106.2013,3972
2016-09-09 10:00:00,223.97,transfer,1.0,117.0126,0.0,122.8389,122.8389,117.0126,0.0467,29.3929,106.593,3973
2016-09-09 11:00:00,226.55,transfer,1.0,117.5302,0.0,113.3755,113.3755,117.5302,0.0469,29.704,106.9107,3974
2016-09-09 12:00:00,218.24,transfer,1.0,117.8098,0.0,126.3539,126.3539,117.8098,0.0472,30.0384,107.251,3975
2016-09-09 13:00:00,205.98,transfer,1.0,117.9372,0.0,93.478,93.478,117.9372,0.0474,30.3288,107.5475,3976
2016-09-09 14:00:00,213.84,transfer,1.0,117.9766,0.0,95.7609,95.7609,117.9766,0.0475,30.6231,107.8493,3977
2016-09-09 15:00:00,198.62,transfer,1.0,117.9531,0.0,115.3371,115.3371,117.9531,0.0477,30.8767,108.1141,3978
2016-09-09 16:00:00,192.68,transfer,1.0,117.8582,0.0,120.3465,120.3465,117.8582,0.0478,31.1696,108.4231,3979
2016-09-09 17:00:00,185.56,transfer,1.0,117.6138,0.0,126.7552,126.7552,117.6138,0.0478,31.4595,108.7391,3980
2016-09-09 18:00:00,119.23,transfer,1.0,117.282,0.0,134.1151,134.1151,117.282,0.0478,31.3449,108.921,3981
2016-09-09 19:00:00,105.55,transfer,1.0,116.2381,0.0,119.046,119.046,116.2381,0.0476,31.3366,109.018,3982
2016-09-09 20:00:00,99.69,transfer,1.0,113.5438,0.0,114.2073,114.2073,113.5438,0.0473,31.3678,109.1355,3983
2016-09-09 21:00:00,84.33,transfer,1.0,109.1284,0.0,110.1707,110.1707,109.1284,0.047,31.4456,109.2296,3984
2016-09-09 22:00:00,86.43,transfer,1.0,102.0307,0.0,100.5764,100.5764,102.0307,0.0467,31.489,109.3558,3985
2016-09-09 23:00:00,88.94,transfer,1.0,95.0294,0.0,104.7108,104.7108,95.0294,0.0465,31.4938,109.5074,3986
2016-09-10 00:00:00,85.29,transfer,1.0,89.9703,0.0,88.8715,88.8715,89.9703,0.0463,31.5216,109.6229,3987
2016-09-10 01:00:00,100.78,transfer,1.0,84.9383,0.0,76.7129,76.7129,84.9383,0.0462,31.6112,109.8372,3988
2016-09-10 02:00:00,84.98,transfer,1.0,81.1502,0.0,89.9035,89.9035,81.1502,0.0461,31.6283,109.9621,3989
2016-09-10 03:00:00,93.19,transfer,1.0,79.6548,0.0,83.2172,83.2172,79.6548,0.0461,31.7022,110.1373,3990
2016-09-10 04:00:00,135.85,transfer,1.0,78.6236,0.0,61.8345,61.8345,78.6236,0.046,31.8461,110.3759,3991
2016-09-10 05:00:00,147.71,transfer,1.0,80.3632,0.0,88.6738,88.6738,80.3632,0.046,31.9959,110.6222,3992
2016-09-10 06:00:00,140.32,transfer,1.0,84.676,0.0,87.2079,87.2079,84.676,0.0461,32.1835,110.9122,3993
2016-09-10 07:00:00,131.39,transfer,1.0,89.3409,0.0,91.3034,91.3034,89.3409,0.0462,32.354,111.1889,3994
2016-09-10 08:00:00,138.11,transfer,1.0,93.5912,0.0,88.4021,88.4021,93.5912,0.0463,32.5305,111.4784,3995
2016-09-10 09:00:00,142.11,transfer,1.0,96.5237,0.0,104.8701,104.8701,96.5237,0.0463,32.7302,111.8037,3996
2016-09-10 10:00:00,151.93,transfer,1.0,97.9301,0.0,104.9016,104.9016,97.9301,0.0464,32.8959,112.1047,3997
2016-09-10 11:00:00,158.66,transfer,1.0,98.8134,0.0,108.7064,108.7064,98.8134,0.0465,33.1632,112.5165,3998
2016-09-10 12:00:00,161.5,transfer,1.0,99.2169,0.0,104.2549,104.2549,99.2169,0.0466,33.4134,112.9147,3999
2016-09-10 13:00:00,155.73,transfer,1.0,99.307,0.0,97.5449,97.5449,99.307,0.0467,33.6378,113.2943,4000
2016-09-10 14:00:00,156.5,transfer,1.0,98.8824,0.0,115.1806,115.1806,98.8824,0.0468,33.8396,113.656,4001
2016-09-10 15:00:00,158.17,transfer,1.0,97.6036,0.0,96.1328,96.1328,97.6036,0.0469,34.0317,114.0102,4002
2016-09-10 16:00:00,159.66,transfer,1.0,95.7339,0.0,87.7188,87.7188,95.7339,0.0469,34.2346,114.3735,4003
2016-09-10 17:00:00,158.89,transfer,1.0,93.4228,0.0,84.4404,84.4404,93.4228,0.0469,34.4501,114.7448,4004
2016-09-10 18:00:00,96.35,transfer,1.0,90.5985,0.0,89.2204,89.2204,90.5985,0.0469,34.454,114.8964,4005
2016-09-10 19:00:00,97.9,transfer,1.0,87.8596,0.0,90.2958,90.2958,87.8596,0.0467,34.4572,115.0374,4006
2016-09-10 20:00:00,98.04,transfer,1.0,81.9537,0.0,85.6615,85.6615,81.9537,0.0465,34.5081,115.1985,4007
2016-09-10 21:00:00,79.63,transfer,1.0,77.1352,0.0,62.2482,62.2482,77.1352,0.0462,34.5085,115.2869,4008
2016-09-10 22:00:00,79.1,transfer,1.0,73.5857,0.0,81.7222,81.7222,73.5857,0.046,34.5033,115.3531,4009
2016-09-10 23:00:00,74.65,transfer,1.0,70.4859,0.0,57.313,57.313,70.4859,0.0459,34.4999,115.407,4010
2016-09-11 00:00:00,81.07,transfer,1.0,68.0902,0.0,59.9777,59.9777,68.0902,0.0458,34.5379,115.4896,4011
2016-09-11 01:00:00,82.38,transfer,1.0,66.8286,0.0,69.5024,69.5024,66.8286,0.0458,34.605,115.5927,4012
2016-09-11 02:00:00,82.91,transfer,1.0,66.4838,0.0,62.6499,62.6499,66.4838,0.0458,34.6905,115.709,4013
2016-09-11 03:00:00,80.12,transfer,1.0,66.6306,0.0,56.5566,56.5566,66.6306,0.0457,34.7708,115.8174,4014
2016-09-11 04:00:00,137.04,transfer,1.0,67.2093,0.0,60.2315,60.2315,67.2093,0.0457,35.05,116.124,4015
2016-09-11 05:00:00,146.11,transfer,1.0,68.3311,0.0,76.6346,76.6346,68.3311,0.0457,35.3142,116.4154,4016
2016-09-11 06:00:00,138.23,transfer,1.0,72.3391,0.0,69.3195,69.3195,72.3391,0.0457,35.5903,116.7303,4017
2016-09-11 07:00:00,124.31,transfer,1.0,77.1442,0.0,79.6274,79.6274,77.1442,0.0458,35.7978,116.9908,4018
2016-09-11 08:00:00,126.73,transfer,1.0,81.2543,0.0,84.3049,84.3049,81.2543,0.0458,36.0353,117.2979,4019
2016-09-11 09:00:00,126.27,transfer,1.0,83.1695,0.0,84.3692,84.3692,83.1695,0.0458,36.1889,117.5363,4020
2016-09-11 10:00:00,123.41,transfer,1.0,83.7525,0.0,84.4958,84.4958,83.7525,0.0459,36.3176,117.7619,4021
2016-09-11 11:00:00,118.77,transfer,1.0,83.5451,0.0,67.0638,67.0638,83.5451,0.046,36.3726,117.9162,4022
2016-09-11 12:00:00,108.44,transfer,1.0,83.0777,0.0,86.5163,86.5163,83.0777,0.0461,36.3901,118.0328,4023
2016-09-11 13:00:00,119.16,transfer,1.0,81.9112,0.0,91.9333,91.9333,81.9112,0.0463,36.4594,118.1958,4024
2016-09-11 14:00:00,118.36,transfer,1.0,80.0462,0.0,77.368,77.368,80.0462,0.0464,36.521,118.3417,4025
2016-09-11 15:00:00,113.83,transfer,1.0,78.5277,0.0,91.2544,91.2544,78.5277,0.0465,36.5269,118.4269,4026
2016-09-11 16:00:00,119.17,transfer,1.0,77.3145,0.0,72.7507,72.7507,77.3145,0.0466,36.5811,118.5566,4027
2016-09-11 17:00:00,109.89,transfer,1.0,75.9146,0.0,74.2696,74.2696,75.9146,0.0466,36.5802,118.6247,4028
2016-09-11 18:00:00,83.67,transfer,1.0,74.6094,0.0,68.8232,68.8232,74.6094,0.0466,36.6044,118.713,4029
2016-09-11 19:00:00,70.73,transfer,1.0,73.2851,0.0,75.7222,75.7222,73.2851,0.0464,36.5629,118.6998,4030
2016-09-11 20:00:00,85.1,transfer,1.0,71.0011,0.0,68.0927,68.0927,71.0011,0.0461,36.5899,119.1549,4031
2016-09-11 21:00:00,64.86,transfer,1.0,68.3271,0.0,71.1458,71.1458,68.3271,0.0459,36.5808,119.4555,4032
2016-09-11 22:00:00,65.27,transfer,1.0,66.4857,0.0,65.8416,65.8416,66.4857,0.0458,36.5653,119.747,4033
2016-09-11 23:00:00,63.8,transfer,1.0,64.571,0.0,57.4988,57.4988,64.571,0.0457,36.5383,120.034,4034
2016-09-12 00:00:00,63.06,transfer,1.0,62.889,0.0,67.2072,67.2072,62.889,0.0457,36.5225,120.2981,4035
2016-09-12 01:00:00,63.74,transfer,1.0,62.2327,0.0,61.2671,61.2671,62.2327,0.0457,36.51,120.572,4036
2016-09-12 02:00:00,63.26,transfer,1.0,62.2838,0.0,66.8458,66.8458,62.2838,0.0457,36.5137,120.588,4037
2016-09-12 03:00:00,61.91,transfer,1.0,63.0965,0.0,69.4744,69.4744,63.0965,0.0457,36.5125,120.5967,4038
2016-09-12 04:00:00,92.5,transfer,1.0,64.7606,0.0,52.5421,52.5421,64.7606,0.0457,36.5481,120.634,4039
2016-09-12 05:00:00,104.12,transfer,1.0,68.3858,0.0,73.0854,73.0854,68.3858,0.0458,36.6277,120.7071,4040
2016-09-12 06:00:00,114.19,transfer,1.0,74.4247,0.0,69.0951,69.0951,74.4247,0.0459,36.8345,120.8948,4041
2016-09-12 07:00:00,115.85,transfer,1.0,81.2283,0.0,67.3599,67.3599,81.2283,0.0459,36.9704,121.1386,4042
2016-09-12 08:00:00,143.91,transfer,1.0,88.5474,0.0,99.2216,99.2216,88.5474,0.0459,37.245,121.4954,4043
2016-09-12 09:00:00,161.56,transfer,1.0,95.4846,0.0,105.2584,105.2584,95.4846,0.0458,37.5586,121.9692,4044
2016-09-12 10:00:00,163.5,transfer,1.0,102.5145,0.0,100.1841,100.1841,102.5145,0.0458,37.9005,122.3546,4045
2016-09-12 11:00:00,169.81,transfer,1.0,108.1006,0.0,112.2999,112.2999,108.1006,0.0458,38.2667,122.8143,4046
2016-09-12 12:00:00,166.66,transfer,1.0,111.372,0.0,109.0039,109.0039,111.372,0.0459,38.5136,123.1842,4047
2016-09-12 13:00:00,165.07,transfer,1.0,113.2164,0.0,100.2054,100.2054,113.2164,0.0459,38.7918,123.6136,4048
2016-09-12 14:00:00,171.85,transfer,1.0,113.8656,0.0,105.5723,105.5723,113.8656,0.0459,39.0122,124.0042,4049
2016-09-12 15:00:00,166.77,transfer,1.0,113.8947,0.0,118.7111,118.7111,113.8947,0.0459,39.2202,124.4051,4050
2016-09-12 16:00:00,156.54,transfer,1.0,113.3277,0.0,105.2604,105.2604,113.3277,0.046,39.2676,124.6593,4051
2016-09-12 17:00:00,153.85,transfer,1.0,112.258,0.0,109.3066,109.3066,112.258,0.046,39.3529,124.9645,4052
2016-09-12 18:00:00,92.13,transfer,1.0,109.9785,0.0,107.2264,107.2264,109.9785,0.0461,39.3987,125.0145,4053
2016-09-12 19:00:00,87.41,transfer,1.0,105.628,0.0,109.0019,109.0019,105.628,0.0459,39.5007,125.1266,4054
2016-09-12 20:00:00,78.43,transfer,1.0,95.2526,0.0,113.6944,113.6944,95.2526,0.0457,39.4846,125.0804,4055
2016-09-12 21:00:00,66.86,transfer,1.0,85.9042,0.0,91.1134,91.1134,85.9042,0.0455,39.5902,125.3708,4056
2016-09-12 22:00:00,66.61,transfer,1.0,76.9126,0.0,63.4011,63.4011,76.9126,0.0454,39.6348,125.6774,4057
2016-09-12 23:00:00,65.8,transfer,1.0,70.8317,0.0,67.2988,67.2988,70.8317,0.0453,39.6443,125.975,4058
2016-09-13 00:00:00,65.45,transfer,1.0,67.1632,0.0,68.1674,68.1674,67.1632,0.0453,39.6503,126.2502,4059
2016-09-13 01:00:00,65.11,transfer,1.0,65.2471,0.0,62.6955,62.6955,65.2471,0.0453,39.65,126.5221,4060
2016-09-13 02:00:00,63.81,transfer,1.0,64.666,0.0,71.8678,71.8678,64.666,0.0453,39.6358,126.8096,4061
2016-09-13 03:00:00,65.42,transfer,1.0,65.1633,0.0,54.6219,54.6219,65.1633,0.0454,39.6329,126.8243,4062
2016-09-13 04:00:00,102.99,transfer,1.0,66.801,0.0,73.1744,73.1744,66.801,0.0454,39.6873,126.8758,4063
2016-09-13 05:00:00,113.1,transfer,1.0,71.8513,0.0,72.5771,72.5771,71.8513,0.0455,39.7327,126.9017,4064
2016-09-13 06:00:00,125.49,transfer,1.0,81.5057,0.0,75.5507,75.5507,81.5057,0.0456,39.8114,126.9455,4065
2016-09-13 07:00:00,128.15,transfer,1.0,92.8731,0.0,82.6449,82.6449,92.8731,0.0457,39.866,126.9602,4066
2016-09-13 08:00:00,158.41,transfer,1.0,103.2572,0.0,98.5342,98.5342,103.2572,0.0457,39.8404,126.9049,4067
2016-09-13 09:00:00,169.53,transfer,1.0,110.5407,0.0,133.0686,133.0686,110.5407,0.0458,39.8011,126.8467,4068
2016-09-13 10:00:00,180.95,transfer,1.0,114.5443,0.0,102.4178,102.4178,114.5443,0.0459,39.7851,126.8198,4069
2016-09-13 11:00:00,169.7,transfer,1.0,116.5284,0.0,131.4677,131.4677,116.5284,0.0461,39.6932,126.7218,4070
2016-09-13 12:00:00,174.3,transfer,1.0,117.47,0.0,124.4574,124.4574,117.47,0.0463,39.6266,126.6515,4071
2016-09-13 13:00:00,182.17,transfer,1.0,117.8536,0.0,110.0382,110.0382,117.8536,0.0464,39.59,126.6121,4072
2016-09-13 14:00:00,184.19,transfer,1.0,117.973,0.0,138.4053,138.4053,117.973,0.0466,39.531,126.5508,4073
2016-09-13 15:00:00,178.75,transfer,1.0,117.9747,0.0,102.1542,102.1542,117.9747,0.0467,39.4601,126.4778,4074
2016-09-13 16:00:00,178.05,transfer,1.0,117.858,0.0,117.4318,117.4318,117.858,0.0468,39.4154,126.4312,4075
2016-09-13 17:00:00,156.94,transfer,1.0,117.5497,0.0,116.8814,116.8814,117.5497,0.0469,39.3217,126.3359,4076
2016-09-13 18:00:00,106.76,transfer,1.0,117.0177,0.0,115.9447,115.9447,117.0177,0.047,39.3795,126.2697,4077
2016-09-13 19:00:00,98.17,transfer,1.0,115.0161,0.0,113.0376,113.0376,115.0161,0.0469,39.4514,126.1945,4078
2016-09-13 20:00:00,90.8,transfer,1.0,109.4561,0.0,98.2889,98.2889,109.4561,0.0466,39.4825,126.6354,4079
2016-09-13 21:00:00,73.12,transfer,1.0,100.8855,0.0,112.6159,112.6159,100.8855,0.0464,39.458,127.0199,4080
2016-09-13 22:00:00,72.6,transfer,1.0,90.7947,0.0,98.6161,98.6161,90.7947,0.0462,39.4284,127.3996,4081
2016-09-13 23:00:00,72.05,transfer,1.0,82.3396,0.0,63.9398,63.9398,82.3396,0.046,39.4194,127.7905,4082
2016-09-14 00:00:00,69.81,transfer,1.0,76.1837,0.0,84.8497,84.8497,76.1837,0.046,39.4164,128.1566,4083
2016-09-14 01:00:00,69.45,transfer,1.0,72.3831,0.0,63.6115,63.6115,72.3831,0.046,39.42,128.5246,4084
2016-09-14 02:00:00,67.61,transfer,1.0,70.5981,0.0,57.0509,57.0509,70.5981,0.046,39.4368,128.8866,4085
2016-09-14 03:00:00,67.34,transfer,1.0,70.7972,0.0,68.2405,68.2405,70.7972,0.0462,39.4373,128.8266,4086
2016-09-14 04:00:00,110.54,transfer,1.0,72.7758,0.0,82.0203,82.0203,72.7758,0.0463,39.4147,128.7786,4087
2016-09-14 05:00:00,121.56,transfer,1.0,79.9613,0.0,66.8021,66.8021,79.9613,0.0464,39.4027,128.7314,4088
2016-09-14 06:00:00,126.67,transfer,1.0,92.2255,0.0,72.9628,72.9628,92.2255,0.0466,39.3592,128.6499,4089
2016-09-14 07:00:00,138.14,transfer,1.0,103.6147,0.0,107.8315,107.8315,103.6147,0.0467,39.2953,128.5591,4090
2016-09-14 08:00:00,150.41,transfer,1.0,110.9626,0.0,129.3243,129.3243,110.9626,0.0467,39.2052,128.4529,4091
2016-09-14 09:00:00,173.62,transfer,1.0,114.8439,0.0,100.1626,100.1626,114.8439,0.0467,39.1718,128.4094,4092
2016-09-14 10:00:00,183.7,transfer,1.0,116.544,0.0,99.96,99.96,116.544,0.0467,39.1834,128.4138,4093
2016-09-14 11:00:00,193.99,transfer,1.0,117.3957,0.0,115.1313,115.1313,117.3957,0.0467,39.16,128.3851,4094
2016-09-14 12:00:00,176.42,transfer,1.0,117.8516,0.0,106.465,106.465,117.8516,0.0468,39.0591,128.2801,4095
2016-09-14 13:00:00,178.5,transfer,1.0,118.1064,0.0,115.2905,115.2905,118.1064,0.0468,38.9486,128.1662,4096
2016-09-14 14:00:00,184.8,transfer,1.0,118.1628,0.0,129.1899,129.1899,118.1628,0.0469,38.8519,128.0662,4097
2016-09-14 15:00:00,171.34,transfer,1.0,118.1188,0.0,128.7849,128.7849,118.1188,0.047,38.6344,127.8452,4098
2016-09-14 16:00:00,171.82,transfer,1.0,117.9584,0.0,128.1412,128.1412,117.9584,0.047,38.5234,127.7301,4099
2016-09-14 17:00:00,163.79,transfer,1.0,117.5895,0.0,122.4815,122.4815,117.5895,0.0471,38.3607,127.5617,4100
2016-09-14 18:00:00,97.27,transfer,1.0,116.9783,0.0,116.6594,116.6594,116.9783,0.0471,38.4735,127.4409,4101
2016-09-14 19:00:00,99.67,transfer,1.0,115.2244,0.0,136.1217,136.1217,115.2244,0.047,38.5095,127.3901,4102
2016-09-14 20:00:00,90.07,transfer,1.0,109.4547,0.0,126.0419,126.0419,109.4547,0.0467,38.5253,127.3389,4103
2016-09-14 21:00:00,66.95,transfer,1.0,101.9354,0.0,109.0253,109.0253,101.9354,0.0465,38.5373,127.2727,4104
2016-09-14 22:00:00,67.14,transfer,1.0,93.1051,0.0,107.5369,107.5369,93.1051,0.0463,38.5505,127.2,4105
2016-09-14 23:00:00,67.88,transfer,1.0,84.0176,0.0,84.247,84.247,84.0176,0.0462,38.5429,127.1443,4106
2016-09-15 00:00:00,67.62,transfer,1.0,77.4196,0.0,87.8139,87.8139,77.4196,0.0462,38.5567,127.0612,4107
2016-09-15 01:00:00,66.94,transfer,1.0,73.2751,0.0,65.5942,65.5942,73.2751,0.0463,38.5496,126.9978,4108
2016-09-15 02:00:00,66.28,transfer,1.0,71.1752,0.0,78.7559,78.7559,71.1752,0.0464,38.5495,126.9245,4109
2016-09-15 03:00:00,67.29,transfer,1.0,71.1051,0.0,73.1438,73.1438,71.1051,0.0466,38.5354,126.8635,4110
2016-09-15 04:00:00,104.95,transfer,1.0,72.6602,0.0,61.3604,61.3604,72.6602,0.0467,38.4534,126.7014,4111
2016-09-15 05:00:00,116.43,transfer,1.0,80.2856,0.0,70.2721,70.2721,80.2856,0.0468,38.3715,126.5358,4112
2016-09-15 06:00:00,121.86,transfer,1.0,92.847,0.0,95.3043,95.3043,92.847,0.0469,38.2451,126.3369,4113
2016-09-15 07:00:00,128.73,transfer,1.0,104.113,0.0,110.8777,110.8777,104.113,0.047,38.0827,126.1285,4114
2016-09-15 08:00:00,146.81,transfer,1.0,111.1437,0.0,111.9178,111.9178,111.1437,0.0471,37.8659,125.8867,4115
2016-09-15 09:00:00,168.69,transfer,1.0,114.7022,0.0,116.2746,116.2746,114.7022,0.0471,37.7075,125.7143,4116
2016-09-15 10:00:00,160.54,transfer,1.0,116.3431,0.0,102.2693,102.2693,116.3431,0.0472,37.4178,125.4158,4117
2016-09-15 11:00:00,160.74,transfer,1.0,117.2076,0.0,115.6546,115.6546,117.2076,0.0473,37.1241,125.1162,4118
2016-09-15 12:00:00,156.24,transfer,1.0,117.5461,0.0,108.6321,108.6321,117.5461,0.0474,36.7985,124.7857,4119
2016-09-15 13:00:00,146.05,transfer,1.0,117.6056,0.0,107.3342,107.3342,117.6056,0.0475,36.399,124.381,4120
2016-09-15 14:00:00,157.03,transfer,1.0,117.4079,0.0,111.6413,111.6413,117.4079,0.0475,36.1174,124.093,4121
2016-09-15 15:00:00,147.54,transfer,1.0,116.7838,0.0,115.697,115.697,116.7838,0.0476,35.7509,123.7165,4122
2016-09-15 16:00:00,131.44,transfer,1.0,115.8811,0.0,123.63,123.63,115.8811,0.0475,35.3814,123.332,4123
2016-09-15 17:00:00,127.28,transfer,1.0,114.1416,0.0,128.426,128.426,114.1416,0.0475,35.0389,122.965,4124
2016-09-15 18:00:00,86.49,transfer,1.0,110.7705,0.0,111.2977,111.2977,110.7705,0.0475,35.1792,122.7816,4125
2016-09-15 19:00:00,84.66,transfer,1.0,102.484,0.0,104.702,104.702,102.484,0.0473,35.226,122.647,4126
2016-09-15 20:00:00,79.81,transfer,1.0,90.815,0.0,90.5707,90.5707,90.815,0.047,35.2299,122.502,4127
2016-09-15 21:00:00,65.11,transfer,1.0,82.1064,0.0,77.3292,77.3292,82.1064,0.0467,35.1667,122.3976,4128
2016-09-15 22:00:00,65.75,transfer,1.0,74.7255,0.0,78.5273,78.5273,74.7255,0.0465,35.0864,122.3072,4129
2016-09-15 23:00:00,65.65,transfer,1.0,69.4082,0.0,78.6562,78.6562,69.4082,0.0465,35.0583,122.1767,4130
2016-09-16 00:00:00,66.65,transfer,1.0,66.5554,0.0,64.309,64.309,66.5554,0.0466,35.0298,122.0649,4131
2016-09-16 01:00:00,66.49,transfer,1.0,65.4534,0.0,61.7377,61.7377,65.4534,0.0467,35.0276,121.951,4132
2016-09-16 02:00:00,65.48,transfer,1.0,65.5939,0.0,67.8876,67.8876,65.5939,0.0468,35.0189,121.8437,4133
2016-09-16 03:00:00,66.53,transfer,1.0,66.8681,0.0,61.7891,61.7891,66.8681,0.0468,34.9835,121.6966,4134
2016-09-16 04:00:00,88.2,transfer,1.0,69.5955,0.0,57.1023,57.1023,69.5955,0.0467,34.7607,121.3733,4135
2016-09-16 05:00:00,99.51,transfer,1.0,76.0715,0.0,77.3308,77.3308,76.0715,0.0467,34.5444,121.0524,4136
2016-09-16 06:00:00,105.9,transfer,1.0,85.5797,0.0,91.1479,91.1479,85.5797,0.0467,34.3103,120.7148,4137
2016-09-16 07:00:00,117.9,transfer,1.0,95.6231,0.0,104.4889,104.4889,95.6231,0.0466,34.0467,120.3671,4138
2016-09-16 08:00:00,133.53,transfer,1.0,103.699,0.0,99.7126,99.7126,103.699,0.0465,33.748,120.0088,4139
2016-09-16 09:00:00,131.99,transfer,1.0,108.954,0.0,113.4331,113.4331,108.954,0.0465,33.3637,119.5826,4140
2016-09-16 10:00:00,134.05,transfer,1.0,111.5435,0.0,110.6083,110.6083,111.5435,0.0466,32.861,119.0474,4141
2016-09-16 11:00:00,146.27,transfer,1.0,112.5892,0.0,100.4125,100.4125,112.5892,0.0466,32.4125,118.5695,4142
2016-09-16 12:00:00,141.1,transfer,1.0,112.6784,0.0,118.8445,118.8445,112.6784,0.0467,31.9839,118.1104,4143
2016-09-16 13:00:00,134.35,transfer,1.0,112.2477,0.0,123.8629,123.8629,112.2477,0.0468,31.5914,117.684,4144
2016-09-16 14:00:00,139.81,transfer,1.0,111.0323,0.0,112.3547,112.3547,111.0323,0.0468,31.1921,117.2434,4145
2016-09-16 15:00:00,135.21,transfer,1.0,108.8455,0.0,99.2676,99.2676,108.8455,0.0469,30.8689,116.8659,4146
2016-09-16 16:00:00,121.86,transfer,1.0,105.8835,0.0,110.6187,110.6187,105.8835,0.047,30.5186,116.4444,4147
2016-09-16 17:00:00,111.08,transfer,1.0,101.6684,0.0,110.6199,110.6199,101.6684,0.047,30.1702,116.0011,4148
2016-09-16 18:00:00,79.87,transfer,1.0,95.6876,0.0,101.8541,101.8541,95.6876,0.047,30.2527,115.7668,4149
2016-09-16 19:00:00,79.05,transfer,1.0,85.8708,0.0,70.1486,70.1486,85.8708,0.0469,30.2297,115.609,4150
2016-09-16 20:00:00,76.54,transfer,1.0,76.7644,0.0,67.869,67.869,76.7644,0.0467,30.1486,115.4712,4151
2016-09-16 21:00:00,62.01,transfer,1.0,70.9062,0.0,71.3186,71.3186,70.9062,0.0465,30.0539,115.3384,4152
2016-09-16 22:00:00,61.95,transfer,1.0,67.0712,0.0,70.9241,70.9241,67.0712,0.0465,29.9916,115.1927,4153
2016-09-16 23:00:00,63.19,transfer,1.0,64.3989,0.0,55.4265,55.4265,64.3989,0.0466,29.9625,115.0394,4154
2016-09-17 00:00:00,61.1,transfer,1.0,63.0508,0.0,60.4058,60.4058,63.0508,0.0468,29.9463,114.8954,4155
2016-09-17 01:00:00,62.55,transfer,1.0,62.0449,0.0,69.7283,69.7283,62.0449,0.0471,29.855,114.6678,4156
2016-09-17 02:00:00,61.3,transfer,1.0,61.5278,0.0,66.9924,66.9924,61.5278,0.0473,29.8335,114.5269,4157
2016-09-17 03:00:00,63.31,transfer,1.0,61.3343,0.0,68.2784,68.2784,61.3343,0.0473,29.7647,114.349,4158
2016-09-17 04:00:00,89.13,transfer,1.0,61.6718,0.0,67.435,67.435,61.6718,0.0474,29.5875,114.0709,4159
2016-09-17 05:00:00,94.13,transfer,1.0,62.7808,0.0,72.0169,72.0169,62.7808,0.0473,29.3733,113.752,4160
2016-09-17 06:00:00,82.85,transfer,1.0,65.4417,0.0,72.1087,72.1087,65.4417,0.0472,29.1457,113.4099,4161
2016-09-17 07:00:00,85.23,transfer,1.0,68.2633,0.0,74.1173,74.1173,68.2633,0.047,28.9964,113.1351,4162
2016-09-17 08:00:00,74.85,transfer,1.0,69.6819,0.0,72.5417,72.5417,69.6819,0.0468,28.7621,112.7586,4163
2016-09-17 09:00:00,77.86,transfer,1.0,69.7521,0.0,81.0639,81.0639,69.7521,0.0465,28.5391,112.3761,4164
2016-09-17 10:00:00,87.99,transfer,1.0,68.3676,0.0,73.7361,73.7361,68.3676,0.0464,28.3344,111.9955,4165
2016-09-17 11:00:00,82.82,transfer,1.0,67.2093,0.0,76.8792,76.8792,67.2093,0.0463,28.0711,111.5441,4166
2016-09-17 12:00:00,102.63,transfer,1.0,66.6459,0.0,61.4036,61.4036,66.6459,0.0464,27.9146,111.1937,4167
2016-09-17 13:00:00,98.35,transfer,1.0,66.0098,0.0,70.5986,70.5986,66.0098,0.0464,27.7712,110.8522,4168
2016-09-17 14:00:00,99.76,transfer,1.0,66.0703,0.0,46.7857,46.7857,66.0703,0.0465,27.6288,110.5144,4169
2016-09-17 15:00:00,104.78,transfer,1.0,65.8621,0.0,61.2606,61.2606,65.8621,0.0466,27.4999,110.1966,4170
2016-09-17 16:00:00,91.62,transfer,1.0,65.2589,0.0,81.2257,81.2257,65.2589,0.0466,27.2763,109.7916,4171
2016-09-17 17:00:00,105.51,transfer,1.0,64.6939,0.0,59.1237,59.1237,64.6939,0.0467,27.1296,109.4739,4172
2016-09-17 18:00:00,75.81,transfer,1.0,63.6403,0.0,59.3375,59.3375,63.6403,0.0467,27.1678,109.3516,4173
2016-09-17 19:00:00,74.81,transfer,1.0,63.1299,0.0,62.0562,62.0562,63.1299,0.0466,27.1776,109.2142,4174
2016-09-17 20:00:00,78.55,transfer,1.0,62.2695,0.0,64.1323,64.1323,62.2695,0.0466,27.1787,109.0982,4175
2016-09-17 21:00:00,65.81,transfer,1.0,61.1331,0.0,54.7131,54.7131,61.1331,0.0467,27.1917,109.0159,4176
2016-09-17 22:00:00,64.31,transfer,1.0,60.4548,0.0,55.8055,55.8055,60.4548,0.0472,27.1818,108.9279,4177
2016-09-17 23:00:00,63.95,transfer,1.0,59.6737,0.0,50.8798,50.8798,59.6737,0.0473,27.1825,108.8642,4178
2016-09-18 00:00:00,65.64,transfer,1.0,59.0577,0.0,60.4798,60.4798,59.0577,0.0478,27.1444,108.7723,4179
2016-09-18 01:00:00,65.18,transfer,1.0,59.0235,0.0,60.4627,60.4627,59.0235,0.0484,27.0885,108.6699,4180
2016-09-18 02:00:00,64.2,transfer,1.0,59.391,0.0,66.183,66.183,59.391,0.049,27.0194,108.5585,4181
2016-09-18 03:00:00,65.15,transfer,1.0,60.1727,0.0,64.7398,64.7398,60.1727,0.0496,26.9687,108.4694,4182
2016-09-18 04:00:00,98.43,transfer,1.0,61.1929,0.0,67.2945,67.2945,61.1929,0.0501,26.7747,108.2395,4183
2016-09-18 05:00:00,107.57,transfer,1.0,62.932,0.0,65.2533,65.2533,62.932,0.0504,26.5774,108.0101,4184
2016-09-18 06:00:00,104.2,transfer,1.0,66.5319,0.0,65.9754,65.9754,66.5319,0.0501,26.4094,107.8075,4185
2016-09-18 07:00:00,86.81,transfer,1.0,70.4357,0.0,75.4765,75.4765,70.4357,0.0495,26.2261,107.5843,4186
2016-09-18 08:00:00,89.39,transfer,1.0,73.1266,0.0,85.7603,85.7603,73.1266,0.0488,26.0523,107.362,4187
2016-09-18 09:00:00,98.75,transfer,1.0,72.4473,0.0,74.1495,74.1495,72.4473,0.048,25.9523,107.1982,4188
2016-09-18 10:00:00,87.57,transfer,1.0,71.1086,0.0,66.2333,66.2333,71.1086,0.0475,25.8142,106.9848,4189
2016-09-18 11:00:00,104.61,transfer,1.0,70.712,0.0,59.7044,59.7044,70.712,0.0471,25.8063,106.9006,4190
2016-09-18 12:00:00,112.46,transfer,1.0,69.735,0.0,78.6751,78.6751,69.735,0.0468,25.9096,106.9245,4191
2016-09-18 13:00:00,103.6,transfer,1.0,69.8563,0.0,76.5056,76.5056,69.8563,0.0465,25.8888,106.8319,4192
2016-09-18 14:00:00,121.49,transfer,1.0,70.3034,0.0,64.5721,64.5721,70.3034,0.0464,25.9654,106.8505,4193
2016-09-18 15:00:00,119.66,transfer,1.0,70.0244,0.0,43.8113,43.8113,70.0244,0.0463,26.0507,106.8852,4194
2016-09-18 16:00:00,111.9,transfer,1.0,70.1387,0.0,70.8402,70.8402,70.1387,0.0462,26.0502,106.8419,4195
2016-09-18 17:00:00,116.76,transfer,1.0,70.1033,0.0,61.8056,61.8056,70.1033,0.0461,26.1256,106.8828,4196
2016-09-18 18:00:00,89.23,transfer,1.0,69.2932,0.0,71.466,71.466,69.2932,0.0461,26.1904,106.9159,4197
2016-09-18 19:00:00,89.22,transfer,1.0,68.3608,0.0,63.3675,63.3675,68.3608,0.0465,26.2993,107.026,4198
2016-09-18 20:00:00,76.57,transfer,1.0,66.6577,0.0,66.9875,66.9875,66.6577,80.5579,26.2744,106.5434,4199
2016-09-18 21:00:00,67.97,transfer,1.0,65.0537,0.0,58.4832,58.4832,65.0537,80.5728,26.2711,106.2327,4200
2016-09-18 22:00:00,68.06,transfer,1.0,63.2954,0.0,61.991,61.991,63.2954,80.5709,26.2923,105.9189,4201
2016-09-18 23:00:00,65.73,transfer,1.0,61.6734,0.0,59.9861,59.9861,61.6734,80.5692,26.3118,105.6277,4202
2016-09-19 00:00:00,65.24,transfer,1.0,60.6865,0.0,67.9043,67.9043,60.6865,80.5663,26.3379,105.3439,4203
2016-09-19 01:00:00,66.25,transfer,1.0,60.7885,0.0,70.4148,70.4148,60.7885,80.5656,26.3614,105.0499,4204
2016-09-19 02:00:00,66.23,transfer,1.0,61.8269,0.0,49.6388,49.6388,61.8269,80.4838,26.3818,104.7585,4205
2016-09-19 03:00:00,67.24,transfer,1.0,63.9544,0.0,60.0977,60.0977,63.9544,0.0473,26.3943,104.7902,4206
2016-09-19 04:00:00,113.73,transfer,1.0,67.3827,0.0,69.4231,69.4231,67.3827,0.0477,26.5051,104.9166,4207
2016-09-19 05:00:00,127.37,transfer,1.0,73.3605,0.0,75.4396,75.4396,73.3605,0.0479,26.6139,105.055,4208
2016-09-19 06:00:00,147.58,transfer,1.0,85.038,0.0,91.1821,91.1821,85.038,0.0478,26.7495,105.2537,4209
2016-09-19 07:00:00,162.0,transfer,1.0,97.5522,0.0,103.4636,103.4636,97.5522,0.0474,26.927,105.5284,4210
2016-09-19 08:00:00,166.06,transfer,1.0,106.972,0.0,135.8652,135.8652,106.972,0.047,26.9492,105.6602,4211
2016-09-19 09:00:00,177.47,transfer,1.0,112.8413,0.0,107.6954,107.6954,112.8413,0.0465,26.9406,105.7549,4212
2016-09-19 10:00:00,178.52,transfer,1.0,115.5758,0.0,107.1144,107.1144,115.5758,0.0462,26.9522,105.8443,4213
2016-09-19 11:00:00,166.56,transfer,1.0,116.7312,0.0,109.7916,109.7916,116.7312,0.0461,26.8815,105.825,4214
2016-09-19 12:00:00,156.8,transfer,1.0,117.1552,0.0,106.5489,106.5489,117.1552,0.0461,26.7884,105.7663,4215
2016-09-19 13:00:00,147.06,transfer,1.0,117.0264,0.0,129.3377,129.3377,117.0264,0.0463,26.6585,105.6591,4216
2016-09-19 14:00:00,159.1,transfer,1.0,116.7276,0.0,106.2252,106.2252,116.7276,0.0464,26.5656,105.5832,4217
2016-09-19 15:00:00,149.4,transfer,1.0,116.0883,0.0,126.4825,126.4825,116.0883,0.0464,26.4491,105.4798,4218
2016-09-19 16:00:00,143.14,transfer,1.0,115.2252,0.0,88.6222,88.6222,115.2252,0.0463,26.3581,105.4,4219
2016-09-19 17:00:00,131.62,transfer,1.0,113.5838,0.0,116.806,116.806,113.5838,0.0462,26.2179,105.2677,4220
2016-09-19 18:00:00,85.85,transfer,1.0,111.0593,0.0,113.5168,113.5168,111.0593,0.046,26.2617,105.2303,4221
2016-09-19 19:00:00,99.39,transfer,1.0,104.6032,0.0,118.8848,118.8848,104.6032,0.0459,26.1843,105.3016,4222
2016-09-19 20:00:00,81.2,transfer,1.0,93.2767,0.0,93.19,93.19,93.2767,0.0457,26.156,105.3181,4223
2016-09-19 21:00:00,67.89,transfer,1.0,85.7567,0.0,94.4417,94.4417,85.7567,0.0502,26.149,105.3242,4224
2016-09-19 22:00:00,68.09,transfer,1.0,78.0722,0.0,66.0636,66.0636,78.0722,80.5177,26.1471,105.002,4225
2016-09-19 23:00:00,68.32,transfer,1.0,71.9828,0.0,77.4809,77.4809,71.9828,80.5329,26.1389,104.6833,4226
2016-09-20 00:00:00,67.67,transfer,1.0,68.4815,0.0,64.1935,64.1935,68.4815,80.538,26.1336,104.3706,4227
2016-09-20 01:00:00,68.97,transfer,1.0,67.1238,0.0,84.196,84.196,67.1238,80.5297,26.1437,104.0521,4228
2016-09-20 02:00:00,65.62,transfer,1.0,67.0501,0.0,70.6033,70.6033,67.0501,0.0458,26.1472,104.0629,4229
2016-09-20 03:00:00,66.12,transfer,1.0,68.3778,0.0,71.5341,71.5341,68.3778,0.0459,26.1591,104.067,4230
2016-09-20 04:00:00,95.1,transfer,1.0,71.0121,0.0,64.596,64.596,71.0121,0.046,26.087,104.0201,4231
2016-09-20 05:00:00,107.61,transfer,1.0,78.2311,0.0,83.1238,83.1238,78.2311,0.0461,26.0164,103.9874,4232
2016-09-20 06:00:00,128.28,transfer,1.0,89.7935,0.0,76.7667,76.7667,89.7935,0.0462,25.9837,104.004,4233
2016-09-20 07:00:00,127.74,transfer,1.0,101.7323,0.0,96.5384,96.5384,101.7323,0.0462,25.9285,104.0015,4234
2016-09-20 08:00:00,144.94,transfer,1.0,110.2975,0.0,117.7467,117.7467,110.2975,0.0461,25.8064,103.9214,4235
2016-09-20 09:00:00,156.24,transfer,1.0,114.8288,0.0,122.4728,122.4728,114.8288,0.0461,25.7018,103.8423,4236
2016-09-20 10:00:00,146.14,transfer,1.0,116.7954,0.0,121.8716,121.8716,116.7954,0.046,25.4812,103.635,4237
2016-09-20 11:00:00,160.81,transfer,1.0,117.5706,0.0,128.1532,128.1532,117.5706,0.046,25.4221,103.5821,4238
2016-09-20 12:00:00,165.14,transfer,1.0,117.7216,0.0,130.066,130.066,117.7216,0.046,25.366,103.5276,4239
2016-09-20 13:00:00,154.29,transfer,1.0,117.7107,0.0,103.3774,103.3774,117.7107,0.046,25.2009,103.3617,4240
2016-09-20 14:00:00,155.03,transfer,1.0,117.5547,0.0,116.4102,116.4102,117.5547,0.046,25.0299,103.1881,4241
2016-09-20 15:00:00,152.01,transfer,1.0,117.1416,0.0,98.6955,98.6955,117.1416,0.0461,24.8756,103.0289,4242
2016-09-20 16:00:00,147.29,transfer,1.0,116.379,0.0,114.0354,114.0354,116.379,0.0461,24.7014,102.8458,4243
2016-09-20 17:00:00,123.13,transfer,1.0,115.0772,0.0,92.9289,92.9289,115.0772,0.0461,24.5148,102.6446,4244
2016-09-20 18:00:00,93.86,transfer,1.0,112.7329,0.0,125.1399,125.1399,112.7329,0.0461,24.5661,102.5678,4245
2016-09-20 19:00:00,95.3,transfer,1.0,105.0106,0.0,99.7894,99.7894,105.0106,0.046,24.5236,102.5507,4246
2016-09-20 20:00:00,77.97,transfer,1.0,94.3344,0.0,85.4379,85.4379,94.3344,0.0459,24.51,102.4744,4247
2016-09-20 21:00:00,69.75,transfer,1.0,85.7061,0.0,77.0746,77.0746,85.7061,0.0458,24.4397,102.4543,4248
2016-09-20 22:00:00,70.2,transfer,1.0,77.3888,0.0,76.0901,76.0901,77.3888,0.0458,24.3742,102.44,4249
2016-09-20 23:00:00,69.7,transfer,1.0,71.6594,0.0,86.1447,86.1447,71.6594,0.0459,24.3246,102.426,4250
2016-09-21 00:00:00,68.97,transfer,1.0,68.6118,0.0,79.8746,79.8746,68.6118,0.0461,24.2888,102.421,4251
2016-09-21 01:00:00,69.16,transfer,1.0,67.0338,0.0,65.4008,65.4008,67.0338,0.0463,24.284,102.4193,4252
2016-09-21 02:00:00,69.49,transfer,1.0,67.0439,0.0,69.0881,69.0881,67.0439,0.0466,24.2808,102.4305,4253
2016-09-21 03:00:00,68.4,transfer,1.0,68.4606,0.0,73.6231,73.6231,68.4606,0.0469,24.2605,102.4368,4254
2016-09-21 04:00:00,101.33,transfer,1.0,71.6656,0.0,87.4587,87.4587,71.6656,0.0471,24.2123,102.382,4255
2016-09-21 05:00:00,111.1,transfer,1.0,79.7339,0.0,85.6124,85.6124,79.7339,0.0473,24.1514,102.3197,4256
2016-09-21 06:00:00,128.19,transfer,1.0,92.1935,0.0,107.9908,107.9908,92.1935,0.0473,24.1607,102.3288,4257
2016-09-21 07:00:00,124.86,transfer,1.0,103.4472,0.0,105.434,105.434,103.4472,0.0471,24.0826,102.2497,4258
2016-09-21 08:00:00,142.07,transfer,1.0,110.7147,0.0,110.3096,110.3096,110.7147,0.0469,24.0344,102.2001,4259
2016-09-21 09:00:00,158.93,transfer,1.0,114.3098,0.0,136.0135,136.0135,114.3098,0.0467,23.9502,102.1126,4260
2016-09-21 10:00:00,156.98,transfer,1.0,116.0044,0.0,117.0045,117.0045,116.0044,0.0465,23.7943,101.9536,4261
2016-09-21 11:00:00,157.09,transfer,1.0,116.8039,0.0,125.7938,125.7938,116.8039,0.0464,23.5782,101.7339,4262
2016-09-21 12:00:00,162.73,transfer,1.0,117.1583,0.0,100.929,100.929,117.1583,0.0463,23.5009,101.6524,4263
2016-09-21 13:00:00,164.58,transfer,1.0,117.1761,0.0,113.1729,113.1729,117.1761,0.0463,23.4235,101.5696,4264
2016-09-21 14:00:00,163.31,transfer,1.0,117.028,0.0,111.6261,111.6261,117.028,0.0463,23.3024,101.4417,4265
2016-09-21 15:00:00,149.72,transfer,1.0,116.7549,0.0,125.2025,125.2025,116.7549,0.0463,23.1818,101.313,4266
2016-09-21 16:00:00,146.2,transfer,1.0,116.2131,0.0,122.8779,122.8779,116.2131,0.0464,23.0397,101.1605,4267
2016-09-21 17:00:00,137.31,transfer,1.0,114.9747,0.0,103.0441,103.0441,114.9747,0.0464,22.8976,101.0029,4268
2016-09-21 18:00:00,89.94,transfer,1.0,112.7722,0.0,100.0918,100.0918,112.7722,0.0464,22.9162,100.9593,4269
2016-09-21 19:00:00,83.66,transfer,1.0,106.8942,0.0,117.2193,117.2193,106.8942,0.0464,22.962,100.864,4270
2016-09-21 20:00:00,91.24,transfer,1.0,96.7572,0.0,80.2999,80.2999,96.7572,0.0463,22.8794,100.8709,4271
2016-09-21 21:00:00,74.24,transfer,1.0,86.373,0.0,99.5458,99.5458,86.373,0.0463,22.7434,100.9143,4272
2016-09-21 22:00:00,69.4,transfer,1.0,79.5219,0.0,87.0356,87.0356,79.5219,0.0464,22.6491,100.9278,4273
2016-09-21 23:00:00,66.77,transfer,1.0,74.1797,0.0,75.1645,75.1645,74.1797,0.0466,22.5971,100.9212,4274
2016-09-22 00:00:00,69.12,transfer,1.0,70.1685,0.0,61.9576,61.9576,70.1685,0.0469,22.545,100.9301,4275
2016-09-22 01:00:00,67.72,transfer,1.0,67.7654,0.0,59.8046,59.8046,67.7654,0.0472,22.5076,100.9347,4276
2016-09-22 02:00:00,66.42,transfer,1.0,67.4426,0.0,59.5057,59.5057,67.4426,0.0476,22.4845,100.9356,4277
2016-09-22 03:00:00,64.83,transfer,1.0,68.729,0.0,74.4891,74.4891,68.729,0.048,22.485,100.9209,4278
2016-09-22 04:00:00,90.77,transfer,1.0,71.5453,0.0,73.332,73.332,71.5453,0.0483,22.4073,100.8365,4279
2016-09-22 05:00:00,104.59,transfer,1.0,79.8625,0.0,70.2916,70.2916,79.8625,0.0485,22.3393,100.766,4280
2016-09-22 06:00:00,106.24,transfer,1.0,92.4192,0.0,88.2769,88.2769,92.4192,0.0485,22.2489,100.673,4281
2016-09-22 07:00:00,107.87,transfer,1.0,104.0794,0.0,97.0116,97.0116,104.0794,0.0483,22.1249,100.5488,4282
2016-09-22 08:00:00,136.41,transfer,1.0,110.9436,0.0,100.4813,100.4813,110.9436,0.0481,22.0642,100.4869,4283
2016-09-22 09:00:00,155.5,transfer,1.0,114.2571,0.0,118.3109,118.3109,114.2571,0.0478,21.9883,100.4084,4284
2016-09-22 10:00:00,155.75,transfer,1.0,115.9238,0.0,111.5406,111.5406,115.9238,0.0476,21.9623,100.3799,4285
2016-09-22 11:00:00,165.07,transfer,1.0,116.803,0.0,117.4569,117.4569,116.803,0.0474,21.9905,100.4057,4286
2016-09-22 12:00:00,169.02,transfer,1.0,117.2008,0.0,84.0037,84.0037,117.2008,0.0473,22.0686,100.4817,4287
2016-09-22 13:00:00,171.52,transfer,1.0,117.4047,0.0,106.6933,106.6933,117.4047,0.0471,22.2214,100.6334,4288
2016-09-22 14:00:00,164.58,transfer,1.0,117.4447,0.0,112.2003,112.2003,117.4447,0.0469,22.2662,100.6783,4289
2016-09-22 15:00:00,153.95,transfer,1.0,117.3393,0.0,124.3884,124.3884,117.3393,0.0468,22.301,100.7165,4290
2016-09-22 16:00:00,157.86,transfer,1.0,116.8744,0.0,116.9015,116.9015,116.8744,0.0468,22.4524,100.8737,4291
2016-09-22 17:00:00,147.61,transfer,1.0,115.9218,0.0,113.6777,113.6777,115.9218,0.0467,22.5628,100.9947,4292
2016-09-22 18:00:00,96.42,transfer,1.0,114.5575,0.0,97.1599,97.1599,114.5575,0.0467,22.5262,101.0539,4293
2016-09-22 19:00:00,89.32,transfer,1.0,110.4346,0.0,91.2248,91.2248,110.4346,0.0465,22.5458,101.0816,4294
2016-09-22 20:00:00,84.51,transfer,1.0,101.237,0.0,111.6509,111.6509,101.237,0.0464,22.5799,101.1096,4295
2016-09-22 21:00:00,65.75,transfer,1.0,91.6145,0.0,95.9223,95.9223,91.6145,0.0466,22.6326,101.1134,4296
2016-09-22 22:00:00,65.52,transfer,1.0,83.1013,0.0,77.0694,77.0694,83.1013,0.0467,22.6839,101.112,4297
2016-09-22 23:00:00,65.77,transfer,1.0,75.6118,0.0,62.005,62.005,75.6118,0.0469,22.7201,101.1127,4298
2016-09-23 00:00:00,64.24,transfer,1.0,71.0418,0.0,69.0302,69.0302,71.0418,0.0473,22.76,101.0984,4299
2016-09-23 01:00:00,64.13,transfer,1.0,68.8264,0.0,77.5882,77.5882,68.8264,0.0476,22.7818,101.0843,4300
2016-09-23 02:00:00,65.4,transfer,1.0,68.3942,0.0,76.1711,76.1711,68.3942,0.0475,22.7989,101.0838,4301
2016-09-23 03:00:00,64.84,transfer,1.0,69.2033,0.0,59.9989,59.9989,69.2033,0.0476,22.8229,101.0738,4302
2016-09-23 04:00:00,96.85,transfer,1.0,72.1802,0.0,84.7331,84.7331,72.1802,0.0476,22.859,101.1253,4303
2016-09-23 05:00:00,116.99,transfer,1.0,79.5955,0.0,74.0799,74.0799,79.5955,0.0476,22.9421,101.2293,4304
2016-09-23 06:00:00,124.08,transfer,1.0,91.7195,0.0,94.4963,94.4963,91.7195,0.0475,23.0137,101.3375,4305
2016-09-23 07:00:00,110.62,transfer,1.0,103.6152,0.0,120.9638,120.9638,103.6152,0.0473,22.9228,101.2942,4306
2016-09-23 08:00:00,138.88,transfer,1.0,111.1179,0.0,117.0359,117.0359,111.1179,0.047,22.9105,101.326,4307
2016-09-23 09:00:00,159.18,transfer,1.0,114.542,0.0,136.2546,136.2546,114.542,0.0467,23.0391,101.4879,4308
2016-09-23 10:00:00,152.99,transfer,1.0,116.0454,0.0,131.2612,131.2612,116.0454,0.0465,23.125,101.6006,4309
2016-09-23 11:00:00,168.03,transfer,1.0,116.7849,0.0,135.714,135.714,116.7849,0.0464,23.2296,101.7301,4310
2016-09-23 12:00:00,167.36,transfer,1.0,117.0923,0.0,110.4399,110.4399,117.0923,0.0463,23.3596,101.8864,4311
2016-09-23 13:00:00,167.04,transfer,1.0,117.1977,0.0,99.0862,99.0862,117.1977,0.0463,23.5247,102.081,4312
2016-09-23 14:00:00,173.11,transfer,1.0,117.0552,0.0,136.4545,136.4545,117.0552,0.0463,23.6871,102.2792,4313
2016-09-23 15:00:00,159.5,transfer,1.0,116.7504,0.0,95.896,95.896,116.7504,0.0463,23.7846,102.4238,4314
2016-09-23 16:00:00,158.54,transfer,1.0,116.2676,0.0,109.9035,109.9035,116.2676,0.0463,23.9412,102.6422,4315
2016-09-23 17:00:00,142.94,transfer,1.0,115.1758,0.0,112.8589,112.8589,115.1758,0.0463,24.0504,102.8318,4316
2016-09-23 18:00:00,87.78,transfer,1.0,113.4339,0.0,103.6942,103.6942,113.4339,0.0463,24.1089,102.8789,4317
2016-09-23 19:00:00,94.52,transfer,1.0,108.5935,0.0,111.0734,111.0734,108.5935,0.0462,24.1521,102.971,4318
2016-09-23 20:00:00,90.9,transfer,1.0,97.914,0.0,89.0356,89.0356,97.914,0.0461,24.1925,103.0565,4319
2016-09-23 21:00:00,67.68,transfer,1.0,88.8381,0.0,87.5884,87.5884,88.8381,0.0461,24.2655,103.0902,4320
2016-09-23 22:00:00,66.69,transfer,1.0,81.2637,0.0,72.2647,72.2647,81.2637,0.0461,24.3218,103.1184,4321
2016-09-23 23:00:00,65.37,transfer,1.0,74.2615,0.0,67.6907,67.6907,74.2615,0.0462,24.3675,103.1314,4322
2016-09-24 00:00:00,65.9,transfer,1.0,69.8907,0.0,77.8803,77.8803,69.8907,0.0464,24.3797,103.16,4323
2016-09-24 01:00:00,63.97,transfer,1.0,66.757,0.0,65.9076,65.9076,66.757,0.0466,24.3932,103.1684,4324
2016-09-24 02:00:00,64.12,transfer,1.0,65.1453,0.0,71.9412,71.9412,65.1453,0.0467,24.398,103.1852,4325
2016-09-24 03:00:00,64.47,transfer,1.0,64.2379,0.0,59.894,59.894,64.2379,0.0467,24.3876,103.1921,4326
2016-09-24 04:00:00,100.76,transfer,1.0,64.2174,0.0,66.0278,66.0278,64.2174,0.0467,24.4417,103.2614,4327
2016-09-24 05:00:00,112.82,transfer,1.0,65.6696,0.0,65.3823,65.3823,65.6696,0.0466,24.5357,103.3726,4328
2016-09-24 06:00:00,105.65,transfer,1.0,69.5562,0.0,79.3439,79.3439,69.5562,0.0465,24.647,103.5083,4329
2016-09-24 07:00:00,91.33,transfer,1.0,74.5792,0.0,78.3653,78.3653,74.5792,0.0464,24.6457,103.5447,4330
2016-09-24 08:00:00,88.21,transfer,1.0,79.0036,0.0,90.8178,90.8178,79.0036,0.0463,24.6697,103.6242,4331
2016-09-24 09:00:00,106.5,transfer,1.0,80.6198,0.0,84.6966,84.6966,80.6198,0.0462,24.7755,103.7947,4332
2016-09-24 10:00:00,91.68,transfer,1.0,79.5639,0.0,82.8176,82.8176,79.5639,0.0461,24.7308,103.8166,4333
2016-09-24 11:00:00,97.37,transfer,1.0,79.1021,0.0,74.051,74.051,79.1021,0.046,24.7466,103.9032,4334
2016-09-24 12:00:00,93.96,transfer,1.0,77.5629,0.0,79.2429,79.2429,77.5629,0.046,24.63,103.8516,4335
2016-09-24 13:00:00,81.9,transfer,1.0,75.8897,0.0,79.808,79.808,75.8897,0.046,24.4733,103.7537,4336
2016-09-24 14:00:00,94.36,transfer,1.0,73.6935,0.0,74.8261,74.8261,73.6935,0.046,24.3958,103.7216,4337
2016-09-24 15:00:00,82.4,transfer,1.0,70.503,0.0,77.3524,77.3524,70.503,0.046,24.235,103.5884,4338
2016-09-24 16:00:00,85.35,transfer,1.0,68.4651,0.0,76.1694,76.1694,68.4651,0.0461,24.1786,103.5511,4339
2016-09-24 17:00:00,88.04,transfer,1.0,66.2286,0.0,58.3212,58.3212,66.2286,0.0461,24.0654,103.4471,4340
2016-09-24 18:00:00,64.39,transfer,1.0,64.2654,0.0,60.4717,60.4717,64.2654,0.0462,23.9937,103.3791,4341
2016-09-24 19:00:00,77.28,transfer,1.0,63.1486,0.0,58.1923,58.1923,63.1486,0.0462,24.0083,103.3938,4342
2016-09-24 20:00:00,71.22,transfer,1.0,62.1048,0.0,64.5853,64.5853,62.1048,0.0462,23.9657,103.3502,4343
2016-09-24 21:00:00,60.72,transfer,1.0,61.4518,0.0,68.1177,68.1177,61.4518,0.0464,23.9422,103.3199,4344
2016-09-24 22:00:00,64.28,transfer,1.0,60.6872,0.0,64.0188,64.0188,60.6872,0.0468,23.9406,103.3197,4345
2016-09-24 23:00:00,60.96,transfer,1.0,59.7472,0.0,65.1025,65.1025,59.7472,0.0475,23.9224,103.3019,4346
2016-09-25 00:00:00,60.45,transfer,1.0,59.1854,0.0,61.3086,61.3086,59.1854,0.0484,23.8907,103.271,4347
2016-09-25 01:00:00,61.63,transfer,1.0,59.0667,0.0,64.9927,64.9927,59.0667,0.0494,23.8694,103.2499,4348
2016-09-25 02:00:00,61.99,transfer,1.0,59.2085,0.0,55.0682,55.0682,59.2085,0.0503,23.8573,103.2367,4349
2016-09-25 03:00:00,62.18,transfer,1.0,59.7007,0.0,65.8064,65.8064,59.7007,0.0512,23.8424,103.219,4350
2016-09-25 04:00:00,67.49,transfer,1.0,60.5342,0.0,58.7766,58.7766,60.5342,0.052,23.6622,103.0348,4351
2016-09-25 05:00:00,70.47,transfer,1.0,61.9202,0.0,68.0622,68.0622,61.9202,0.0525,23.4474,102.814,4352
2016-09-25 06:00:00,69.16,transfer,1.0,63.2824,0.0,72.6358,72.6358,63.2824,0.0525,23.2581,102.6054,4353
2016-09-25 07:00:00,61.47,transfer,1.0,64.1956,0.0,66.9029,66.9029,64.1956,0.0519,23.1769,102.4546,4354
2016-09-25 08:00:00,69.04,transfer,1.0,64.8098,0.0,72.0848,72.0848,64.8098,0.0512,23.1053,102.3334,4355
2016-09-25 09:00:00,67.67,transfer,1.0,63.7107,0.0,68.4541,68.4541,63.7107,0.0505,22.9723,102.1484,4356
2016-09-25 10:00:00,68.62,transfer,1.0,62.799,0.0,56.6127,56.6127,62.799,0.0498,22.9089,102.0356,4357
2016-09-25 11:00:00,68.48,transfer,1.0,62.0857,0.0,63.6131,63.6131,62.0857,0.0493,22.7452,101.8205,4358
2016-09-25 12:00:00,75.08,transfer,1.0,61.3866,0.0,70.6142,70.6142,61.3866,0.0488,22.5724,101.598,4359
2016-09-25 13:00:00,76.84,transfer,1.0,60.7238,0.0,65.8387,65.8387,60.7238,0.0484,22.4675,101.4387,4360
2016-09-25 14:00:00,71.48,transfer,1.0,60.2011,0.0,57.1985,57.1985,60.2011,0.0482,22.2299,101.141,4361
2016-09-25 15:00:00,84.12,transfer,1.0,59.79,0.0,57.7032,57.7032,59.79,0.048,22.0793,100.9295,4362
2016-09-25 16:00:00,79.74,transfer,1.0,59.257,0.0,63.4711,63.4711,59.257,0.0479,21.9527,100.738,4363
2016-09-25 17:00:00,81.65,transfer,1.0,59.1384,0.0,47.9419,47.9419,59.1384,0.0479,21.8089,100.529,4364
2016-09-25 18:00:00,67.89,transfer,1.0,58.99,0.0,65.1988,65.1988,58.99,0.0561,21.7432,100.4019,4365
2016-09-25 19:00:00,65.71,transfer,1.0,59.0919,0.0,58.0498,58.0498,59.0919,80.6298,21.6585,99.9599,4366
2016-09-25 20:00:00,68.94,transfer,1.0,59.2065,0.0,54.8395,54.8395,59.2065,80.6678,21.6574,100.006,4367
2016-09-25 21:00:00,61.35,transfer,1.0,59.0121,0.0,54.5163,54.5163,59.0121,80.9141,21.654,100.0475,4368
2016-09-25 22:00:00,61.26,transfer,1.0,59.0558,0.0,65.4555,65.4555,59.0558,80.8425,21.6387,100.0895,4369
2016-09-25 23:00:00,60.51,transfer,1.0,59.0228,0.0,55.9537,55.9537,59.0228,80.8142,21.6234,100.1221,4370
2016-09-26 00:00:00,61.29,transfer,1.0,59.1282,0.0,65.0781,65.0781,59.1282,80.8967,21.6092,100.1476,4371
2016-09-26 01:00:00,61.4,transfer,1.0,60.1077,0.0,67.3858,67.3858,60.1077,81.0521,21.5844,100.1793,4372
2016-09-26 02:00:00,60.58,transfer,1.0,62.2376,0.0,65.7663,65.7663,62.2376,81.2808,21.568,100.2177,4373
2016-09-26 03:00:00,61.2,transfer,1.0,65.4058,0.0,63.4094,63.4094,65.4058,81.6394,21.5735,99.9394,4374
2016-09-26 04:00:00,73.85,transfer,1.0,69.6664,0.0,65.5321,65.5321,69.6664,8.153,21.3225,99.6538,4375
2016-09-26 05:00:00,89.61,transfer,1.0,75.5597,0.0,93.6019,93.6019,75.5597,30.2542,21.0847,99.2492,4376
2016-09-26 06:00:00,95.83,transfer,1.0,82.5903,0.0,95.2085,95.2085,82.5903,64.3651,20.7912,98.5583,4377
2016-09-26 07:00:00,105.31,transfer,1.0,91.1473,0.0,98.623,98.623,91.1473,80.5929,20.4919,97.7415,4378
2016-09-26 08:00:00,126.15,transfer,1.0,98.4671,0.0,107.6642,107.6642,98.4671,83.7682,20.305,97.0056,4379
2016-09-26 09:00:00,128.36,transfer,1.0,104.407,0.0,105.9924,105.9924,104.407,84.3302,20.0629,96.2116,4380
2016-09-26 10:00:00,124.05,transfer,1.0,108.1974,0.0,101.3798,101.3798,108.1974,84.435,19.7825,95.385,4381
2016-09-26 11:00:00,138.04,transfer,1.0,109.6141,0.0,99.5519,99.5519,109.6141,84.4566,19.6551,94.7128,4382
2016-09-26 12:00:00,123.66,transfer,1.0,109.6659,0.0,117.7728,117.7728,109.6659,84.462,19.5025,94.0131,4383
2016-09-26 13:00:00,127.79,transfer,1.0,109.4369,0.0,103.8441,103.8441,109.4369,84.4637,19.4329,93.3959,4384
2016-09-26 14:00:00,124.69,transfer,1.0,107.4672,0.0,97.1246,97.1246,107.4672,84.4644,19.2832,92.6886,4385
2016-09-26 15:00:00,108.61,transfer,1.0,104.9227,0.0,120.3781,120.3781,104.9227,84.4649,19.1069,91.9433,4386
2016-09-26 16:00:00,106.51,transfer,1.0,100.9437,0.0,88.8228,88.8228,100.9437,84.4653,18.9739,91.2228,4387
2016-09-26 17:00:00,92.27,transfer,1.0,94.0008,0.0,85.3333,85.3333,94.0008,84.468,18.8768,90.486,4388
2016-09-26 18:00:00,85.34,transfer,1.0,85.9622,0.0,83.9358,83.9358,85.9622,84.4816,18.7305,89.9804,4389
2016-09-26 19:00:00,75.91,transfer,1.0,76.0144,0.0,88.5389,88.5389,76.0144,84.4816,18.7001,89.4401,4390
2016-09-26 20:00:00,76.95,transfer,1.0,71.2798,0.0,74.4572,74.4572,71.2798,84.4816,18.6619,89.0018,4391
2016-09-26 21:00:00,61.73,transfer,1.0,67.4907,0.0,74.2297,74.2297,67.4907,84.4816,18.5899,88.7335,4392
2016-09-26 22:00:00,59.11,transfer,1.0,64.7956,0.0,54.4758,54.4758,64.7956,84.4816,18.5643,88.8105,4393
2016-09-26 23:00:00,58.49,transfer,1.0,63.1999,0.0,71.7361,71.7361,63.1999,84.4677,18.5705,88.8924,4394
2016-09-27 00:00:00,60.35,transfer,1.0,62.3665,0.0,58.5629,58.5629,62.3665,84.4666,18.5777,88.9594,4395
2016-09-27 01:00:00,59.26,transfer,1.0,62.5868,0.0,62.7538,62.7538,62.5868,84.4669,18.5865,89.0406,4396
2016-09-27 02:00:00,60.25,transfer,1.0,64.1067,0.0,64.8725,64.8725,64.1067,84.4672,18.6009,88.7945,4397
2016-09-27 03:00:00,60.83,transfer,1.0,66.0724,0.0,71.3549,71.3549,66.0724,80.7412,18.6187,88.5197,4398
2016-09-27 04:00:00,74.28,transfer,1.0,68.9729,0.0,67.4342,67.4342,68.9729,50.7938,18.5069,88.0937,4399
2016-09-27 05:00:00,78.95,transfer,1.0,75.6322,0.0,81.0036,81.0036,75.6322,0.0529,18.3518,87.923,4400
2016-09-27 06:00:00,92.82,transfer,1.0,86.548,0.0,93.5813,93.5813,86.548,0.0525,18.16,87.7119,4401
2016-09-27 07:00:00,103.33,transfer,1.0,99.0605,0.0,97.8462,97.8462,99.0605,0.0516,18.0306,87.5666,4402
2016-09-27 08:00:00,122.76,transfer,1.0,108.3778,0.0,117.065,117.065,108.3778,0.0505,17.9101,87.4346,4403
2016-09-27 09:00:00,127.99,transfer,1.0,113.6572,0.0,109.6946,109.6946,113.6572,0.0495,17.7489,87.2664,4404
2016-09-27 10:00:00,122.05,transfer,1.0,115.8047,0.0,122.2373,122.2373,115.8047,0.0487,17.6114,87.123,4405
2016-09-27 11:00:00,129.28,transfer,1.0,116.4,0.0,119.1817,119.1817,116.4,0.048,17.4307,86.9353,4406
2016-09-27 12:00:00,124.97,transfer,1.0,116.1381,0.0,106.6294,106.6294,116.1381,0.0475,17.201,86.6962,4407
2016-09-27 13:00:00,125.85,transfer,1.0,115.4279,0.0,118.822,118.822,115.4279,0.0472,17.0453,86.5269,4408
2016-09-27 14:00:00,129.34,transfer,1.0,113.8705,0.0,112.1978,112.1978,113.8705,0.0469,16.9143,86.374,4409
2016-09-27 15:00:00,126.67,transfer,1.0,111.5602,0.0,112.0441,112.0441,111.5602,0.0467,16.7967,86.2231,4410
2016-09-27 16:00:00,126.56,transfer,1.0,107.8327,0.0,124.1368,124.1368,107.8327,0.0466,16.7242,86.0997,4411
2016-09-27 17:00:00,119.15,transfer,1.0,102.8865,0.0,81.0118,81.0118,102.8865,0.0466,16.773,86.076,4412
2016-09-27 18:00:00,83.97,transfer,1.0,96.0411,0.0,103.4735,103.4735,96.0411,80.5749,16.7326,85.5378,4413
2016-09-27 19:00:00,80.64,transfer,1.0,87.1658,0.0,78.2713,78.2713,87.1658,80.5873,16.7136,84.9711,4414
2016-09-27 20:00:00,79.21,transfer,1.0,77.6376,0.0,96.0803,96.0803,77.6376,80.6196,16.6255,84.5157,4415
2016-09-27 21:00:00,61.59,transfer,1.0,70.8854,0.0,78.0094,78.0094,70.8854,80.6353,16.5859,84.2142,4416
2016-09-27 22:00:00,61.01,transfer,1.0,66.6474,0.0,66.6667,66.6667,66.6474,80.8578,16.5767,83.9147,4417
2016-09-27 23:00:00,58.7,transfer,1.0,63.7081,0.0,50.5899,50.5899,63.7081,80.6876,16.5948,83.631,4418
2016-09-28 00:00:00,59.18,transfer,1.0,62.369,0.0,60.5153,60.5153,62.369,80.6624,16.6117,83.3486,4419
2016-09-28 01:00:00,58.35,transfer,1.0,62.0325,0.0,66.6122,66.6122,62.0325,80.6741,16.6209,83.0701,4420
2016-09-28 02:00:00,59.94,transfer,1.0,62.7136,0.0,56.9616,56.9616,62.7136,0.0521,16.6229,83.0132,4421
2016-09-28 03:00:00,61.93,transfer,1.0,64.8989,0.0,64.167,64.167,64.8989,0.0538,16.6402,82.9747,4422
2016-09-28 04:00:00,84.32,transfer,1.0,69.375,0.0,73.404,73.404,69.375,0.0563,16.5526,82.8734,4423
2016-09-28 05:00:00,90.94,transfer,1.0,79.2679,0.0,75.1126,75.1126,79.2679,0.0584,16.4353,82.7533,4424
2016-09-28 06:00:00,96.74,transfer,1.0,93.294,0.0,103.3718,103.3718,93.294,0.0592,16.2416,82.566,4425
2016-09-28 07:00:00,114.79,transfer,1.0,105.025,0.0,102.633,102.633,105.025,0.0585,16.1723,82.506,4426
2016-09-28 08:00:00,130.89,transfer,1.0,111.1187,0.0,95.1656,95.1656,111.1187,0.0567,16.1033,82.4394,4427
2016-09-28 09:00:00,123.71,transfer,1.0,114.137,0.0,126.2129,126.2129,114.137,0.0546,15.8947,82.2297,4428
2016-09-28 10:00:00,121.31,transfer,1.0,115.2712,0.0,129.7619,129.7619,115.2712,0.0526,15.6867,82.0174,4429
2016-09-28 11:00:00,128.43,transfer,1.0,115.0049,0.0,127.3128,127.3128,115.0049,0.0509,15.5269,81.8467,4430
2016-09-28 12:00:00,125.36,transfer,1.0,113.8542,0.0,134.0874,134.0874,113.8542,0.0496,15.3241,81.6243,4431
2016-09-28 13:00:00,120.21,transfer,1.0,112.1218,0.0,120.3561,120.3561,112.1218,0.0486,15.0901,81.3601,4432
2016-09-28 14:00:00,132.73,transfer,1.0,109.191,0.0,115.4029,115.4029,109.191,0.048,14.9547,81.1781,4433
2016-09-28 15:00:00,106.92,transfer,1.0,104.8878,0.0,102.9682,102.9682,104.8878,0.0476,14.7706,80.9233,4434
2016-09-28 16:00:00,108.09,transfer,1.0,100.7889,0.0,108.8374,108.8374,100.7889,0.0473,14.6355,80.6965,4435
2016-09-28 17:00:00,104.13,transfer,1.0,93.1895,0.0,118.6243,118.6243,93.1895,0.0473,14.5677,80.499,4436
2016-09-28 18:00:00,75.66,transfer,1.0,84.6382,0.0,75.078,75.078,84.6382,80.5951,14.4852,79.9933,4437
2016-09-28 19:00:00,82.49,transfer,1.0,75.0908,0.0,71.1886,71.1886,75.0908,80.6502,14.391,79.5065,4438
2016-09-28 20:00:00,73.13,transfer,1.0,68.3193,0.0,54.0207,54.0207,68.3193,84.4446,14.3868,79.0311,4439
2016-09-28 21:00:00,63.95,transfer,1.0,65.0546,0.0,78.5828,78.5828,65.0546,84.4654,14.3211,78.7116,4440
2016-09-28 22:00:00,62.51,transfer,1.0,62.1097,0.0,65.195,65.195,62.1097,84.466,14.2633,78.4294,4441
2016-09-28 23:00:00,62.36,transfer,1.0,60.5764,0.0,54.7286,54.7286,60.5764,84.4666,14.2298,78.1638,4442
2016-09-29 00:00:00,63.34,transfer,1.0,59.9915,0.0,61.5338,61.5338,59.9915,84.4673,14.2435,77.8785,4443
2016-09-29 01:00:00,61.55,transfer,1.0,60.31,0.0,52.846,52.846,60.31,84.4676,14.2506,77.6121,4444
2016-09-29 02:00:00,61.49,transfer,1.0,61.3972,0.0,51.3425,51.3425,61.3972,80.8379,14.245,77.3321,4445
2016-09-29 03:00:00,61.81,transfer,1.0,63.8273,0.0,63.8992,63.8992,63.8273,80.8406,14.2338,77.0598,4446
2016-09-29 04:00:00,80.11,transfer,1.0,66.4324,0.0,65.8732,65.8732,66.4324,0.0623,14.2008,76.9963,4447
2016-09-29 05:00:00,85.41,transfer,1.0,71.5421,0.0,81.6094,81.6094,71.5421,0.0654,14.1362,76.882,4448
2016-09-29 06:00:00,91.48,transfer,1.0,83.595,0.0,93.1734,93.1734,83.595,0.0678,14.1008,76.794,4449
2016-09-29 07:00:00,104.16,transfer,1.0,96.6657,0.0,89.9884,89.9884,96.6657,0.068,14.1229,76.7718,4450
2016-09-29 08:00:00,122.62,transfer,1.0,105.1443,0.0,104.9556,104.9556,105.1443,0.0663,14.0753,76.6896,4451
2016-09-29 09:00:00,125.71,transfer,1.0,110.7822,0.0,120.4832,120.4832,110.7822,0.0632,13.9187,76.5122,4452
2016-09-29 10:00:00,128.77,transfer,1.0,113.0784,0.0,87.5793,87.5793,113.0784,0.0598,13.775,76.3516,4453
2016-09-29 11:00:00,139.29,transfer,1.0,113.457,0.0,103.1885,103.1885,113.457,0.0566,13.6415,76.1981,4454
2016-09-29 12:00:00,123.11,transfer,1.0,113.2352,0.0,141.2683,141.2683,113.2352,0.054,13.3918,75.9247,4455
2016-09-29 13:00:00,124.62,transfer,1.0,112.5938,0.0,116.7025,116.7025,112.5938,0.0521,13.1413,75.6456,4456
2016-09-29 14:00:00,126.92,transfer,1.0,110.5482,0.0,103.5549,103.5549,110.5482,0.0508,12.9582,75.4214,4457
2016-09-29 15:00:00,116.47,transfer,1.0,107.3477,0.0,126.563,126.563,107.3477,0.0499,12.7946,75.1982,4458
2016-09-29 16:00:00,105.9,transfer,1.0,102.383,0.0,92.6467,92.6467,102.383,0.0494,12.5715,74.8889,4459
2016-09-29 17:00:00,88.87,transfer,1.0,95.8544,0.0,102.31,102.31,95.8544,0.0504,12.4245,74.5393,4460
2016-09-29 18:00:00,75.2,transfer,1.0,87.1996,0.0,88.696,88.696,87.1996,80.8586,12.3879,73.9993,4461
2016-09-29 19:00:00,72.59,transfer,1.0,75.8323,0.0,76.8518,76.8518,75.8323,84.4648,12.2816,73.5386,4462
2016-09-29 20:00:00,65.74,transfer,1.0,69.0753,0.0,67.8972,67.8972,69.0753,84.466,12.2019,73.1473,4463
2016-09-29 21:00:00,59.64,transfer,1.0,65.3462,0.0,67.0776,67.0776,65.3462,84.4667,12.0819,72.904,4464
2016-09-29 22:00:00,60.22,transfer,1.0,62.6603,0.0,58.6459,58.6459,62.6603,84.4678,11.9917,72.6586,4465
2016-09-29 23:00:00,60.26,transfer,1.0,61.254,0.0,51.0878,51.0878,61.254,84.4685,11.9391,72.4115,4466
2016-09-30 00:00:00,58.85,transfer,1.0,61.2478,0.0,67.2576,67.2576,61.2478,84.4694,11.9129,72.1819,4467
2016-09-30 01:00:00,59.3,transfer,1.0,62.1234,0.0,67.364,67.364,62.1234,81.0267,11.9017,71.9298,4468
2016-09-30 02:00:00,59.29,transfer,1.0,63.9986,0.0,63.3219,63.3219,63.9986,81.1642,11.9119,71.671,4469
2016-09-30 03:00:00,59.56,transfer,1.0,66.956,0.0,68.0441,68.0441,66.956,81.3737,11.93,71.4152,4470
2016-09-30 04:00:00,64.1,transfer,1.0,72.3003,0.0,75.6547,75.6547,72.3003,2.4717,11.8319,71.2058,4471
2016-09-30 05:00:00,75.72,transfer,1.0,81.8303,0.0,87.7331,87.7331,81.8303,9.6357,11.6457,70.9031,4472
2016-09-30 06:00:00,68.3,transfer,1.0,92.6723,0.0,94.8058,94.8058,92.6723,28.8949,11.5982,70.3993,4473
2016-09-30 07:00:00,62.57,transfer,1.0,102.522,0.0,95.6121,95.6121,102.522,60.1977,11.7943,69.7553,4474
2016-09-30 08:00:00,65.08,transfer,1.0,106.9624,0.0,102.6977,102.6977,106.9624,78.9562,11.8783,69.0115,4475
2016-09-30 09:00:00,71.49,transfer,1.0,106.6612,0.0,121.4606,121.4606,106.6612,83.3797,11.822,68.135,4476
2016-09-30 10:00:00,73.97,transfer,1.0,102.1607,0.0,92.9744,92.9744,102.1607,84.2308,11.7699,67.2857,4477
2016-09-30 11:00:00,76.33,transfer,1.0,95.9189,0.0,101.1492,101.1492,95.9189,84.4073,11.5814,66.3339,4478
2016-09-30 12:00:00,79.42,transfer,1.0,89.995,0.0,104.1431,104.1431,89.995,84.4492,11.3452,65.3679,4479
2016-09-30 13:00:00,83.1,transfer,1.0,83.29,0.0,88.6544,88.6544,83.29,84.4609,11.0496,64.382,4480
2016-09-30 14:00:00,83.09,transfer,1.0,77.8989,0.0,75.0234,75.0234,77.8989,84.465,10.7469,63.3601,4481
2016-09-30 15:00:00,78.2,transfer,1.0,73.404,0.0,72.9904,72.9904,73.404,84.4665,10.521,62.4482,4482
2016-09-30 16:00:00,76.56,transfer,1.0,69.2492,0.0,59.1735,59.1735,69.2492,84.4674,10.3129,61.5519,4483
2016-09-30 17:00:00,64.03,transfer,1.0,65.5307,0.0,63.3698,63.3698,65.5307,84.4732,10.1565,60.823,4484
2016-09-30 18:00:00,61.61,transfer,1.0,62.6971,0.0,57.265,57.265,62.6971,84.4816,10.0103,60.4369,4485
2016-09-30 19:00:00,66.14,transfer,1.0,60.2341,0.0,57.0431,57.0431,60.2341,84.4817,9.9617,59.9838,4486
2016-09-30 20:00:00,64.14,transfer,1.0,59.4318,0.0,53.1074,53.1074,59.4318,84.4817,9.9479,59.564,4487
2016-09-30 21:00:00,57.98,transfer,1.0,59.3102,0.0,57.2482,57.2482,59.3102,84.4817,9.8299,59.3192,4488
2016-09-30 22:00:00,58.7,transfer,1.0,59.1952,0.0,60.6807,60.6807,59.1952,84.4817,9.7461,59.076,4489
2016-09-30 23:00:00,58.56,transfer,1.0,59.2884,0.0,59.9901,59.9901,59.2884,84.4817,9.6975,58.8414,4490
2016-10-01 00:00:00,59.37,transfer,1.0,59.9906,0.0,57.7021,57.7021,59.9906,84.4764,9.6775,58.5989,4491
2016-10-01 01:00:00,56.98,transfer,1.0,60.2931,0.0,60.6537,60.6537,60.2931,84.4775,9.6806,58.3821,4492
2016-10-01 02:00:00,57.6,transfer,1.0,60.1817,0.0,53.2096,53.2096,60.1817,84.4787,9.6899,58.1607,4493
2016-10-01 03:00:00,57.38,transfer,1.0,61.1126,0.0,63.3641,63.3641,61.1126,84.4799,9.7107,57.9385,4494
2016-10-01 04:00:00,61.87,transfer,1.0,62.3502,0.0,69.1924,69.1924,62.3502,84.4776,9.4961,57.4736,4495
2016-10-01 05:00:00,75.42,transfer,1.0,63.7209,0.0,61.6367,61.6367,63.7209,84.4806,9.285,56.8563,4496
2016-10-01 06:00:00,65.87,transfer,1.0,65.2685,0.0,68.3426,68.3426,65.2685,84.4787,9.0738,56.3384,4497
2016-10-01 07:00:00,64.33,transfer,1.0,66.9659,0.0,71.398,71.398,66.9659,84.4809,8.9897,55.915,4498
2016-10-01 08:00:00,11.1,transfer,1.0,67.2793,0.0,65.0578,65.0578,67.2793,84.4815,9.2694,55.827,4499
2016-10-01 09:00:00,28.479999999999997,transfer,1.0,61.2572,0.0,67.9428,67.9428,61.2572,84.4816,9.3104,55.5267,4500
2016-10-01 10:00:00,45.86,transfer,1.0,56.3322,0.0,65.1999,65.1999,56.3322,84.4814,9.3006,55.2112,4501
2016-10-01 11:00:00,73.82,transfer,1.0,52.7948,0.0,52.4671,52.4671,52.7948,84.4815,9.317,54.6953,4502
2016-10-01 12:00:00,71.02,transfer,1.0,50.4106,0.0,52.9087,52.9087,50.4106,84.4816,9.3421,54.2165,4503
2016-10-01 13:00:00,70.32,transfer,1.0,49.015,0.0,52.6403,52.6403,49.015,84.4816,9.4331,53.8135,4504
2016-10-01 14:00:00,69.99,transfer,1.0,47.985,0.0,42.5322,42.5322,47.985,84.4816,9.4411,53.3384,4505
2016-10-01 15:00:00,69.42,transfer,1.0,46.9811,0.0,43.6201,43.6201,46.9811,84.4816,9.5039,52.9378,4506
2016-10-01 16:00:00,68.13,transfer,1.0,46.1237,0.0,45.5558,45.5558,46.1237,84.4816,9.5343,52.5274,4507
2016-10-01 17:00:00,66.07,transfer,1.0,45.4014,0.0,40.2378,40.2378,45.4014,84.4816,9.5275,52.1132,4508
2016-10-01 18:00:00,66.05,transfer,1.0,44.7786,0.0,36.2552,36.2552,44.7786,84.4816,9.6534,51.8399,4509
2016-10-01 19:00:00,71.68,transfer,1.0,44.3569,0.0,47.4202,47.4202,44.3569,84.4816,9.7319,51.4564,4510
2016-10-01 20:00:00,63.53,transfer,1.0,44.3784,0.0,48.415,48.415,44.3784,84.4816,9.7917,51.1575,4511
2016-10-01 21:00:00,48.09,transfer,1.0,44.5239,0.0,48.2273,48.2273,44.5239,84.4816,9.8086,51.0129,4512
2016-10-01 22:00:00,49.22,transfer,1.0,44.7017,0.0,47.1147,47.1147,44.7017,84.4817,9.8141,50.8405,4513
2016-10-01 23:00:00,49.12,transfer,1.0,44.6522,0.0,41.5138,41.5138,44.6522,84.4817,9.8334,50.6884,4514
2016-10-02 00:00:00,47.61,transfer,1.0,44.6647,0.0,43.8419,43.8419,44.6647,84.4817,9.8434,50.5483,4515
2016-10-02 01:00:00,48.19,transfer,1.0,44.9519,0.0,45.5843,45.5843,44.9519,84.4817,9.8475,50.3978,4516
2016-10-02 02:00:00,66.82,transfer,1.0,45.3909,0.0,48.9938,48.9938,45.3909,84.478,9.9585,50.1342,4517
2016-10-02 03:00:00,62.44,transfer,1.0,46.1999,0.0,44.2927,44.2927,46.1999,84.4712,10.0404,49.8956,4518
2016-10-02 04:00:00,70.0,transfer,1.0,48.0304,0.0,57.5303,57.5303,48.0304,84.4713,10.1297,49.5803,4519
2016-10-02 05:00:00,66.18,transfer,1.0,50.5009,0.0,60.2082,60.2082,50.5009,84.471,10.1722,49.27,4520
2016-10-02 06:00:00,66.76,transfer,1.0,53.5864,0.0,58.6659,58.6659,53.5864,83.4593,10.2156,48.958,4521
2016-10-02 07:00:00,57.04,transfer,1.0,56.0013,0.0,65.8439,65.8439,56.0013,82.4731,10.2056,48.7438,4522
2016-10-02 08:00:00,56.37,transfer,1.0,57.4674,0.0,57.7604,57.7604,57.4674,82.5831,10.1869,48.4892,4523
2016-10-02 09:00:00,58.47,transfer,1.0,56.9389,0.0,54.4136,54.4136,56.9389,82.846,10.1725,48.2318,4524
2016-10-02 10:00:00,59.44,transfer,1.0,57.5312,0.0,60.8355,60.8355,57.5312,79.8321,10.1492,47.9451,4525
2016-10-02 11:00:00,58.82,transfer,1.0,57.6898,0.0,63.9533,63.9533,57.6898,82.4159,10.1178,47.6782,4526
2016-10-02 12:00:00,59.23,transfer,1.0,57.2996,0.0,55.1815,55.1815,57.2996,83.4999,10.0478,47.376,4527
2016-10-02 13:00:00,58.32,transfer,1.0,56.5773,0.0,63.8654,63.8654,56.5773,84.1638,9.9623,47.0728,4528
2016-10-02 14:00:00,62.63,transfer,1.0,55.7223,0.0,51.6802,51.6802,55.7223,84.4465,9.9362,46.7774,4529
2016-10-02 15:00:00,64.61,transfer,1.0,54.8274,0.0,50.679,50.679,54.8274,84.4682,9.8496,46.3952,4530
2016-10-02 16:00:00,66.46,transfer,1.0,54.194,0.0,53.7475,53.7475,54.194,84.4692,9.8007,46.0281,4531
2016-10-02 17:00:00,64.07,transfer,1.0,53.7363,0.0,57.3275,57.3275,53.7363,84.4697,9.7283,45.6638,4532
2016-10-02 18:00:00,43.81,transfer,1.0,53.3156,0.0,56.294,56.294,53.3156,84.4709,9.7319,45.502,4533
2016-10-02 19:00:00,48.0,transfer,1.0,52.7445,0.0,52.844,52.844,52.7445,84.4722,9.7207,45.6303,4534
2016-10-02 20:00:00,47.86,transfer,1.0,52.3207,0.0,55.9325,55.9325,52.3207,84.4728,9.6893,45.7784,4535
2016-10-02 21:00:00,46.44,transfer,1.0,51.9615,0.0,50.4508,50.4508,51.9615,84.4737,9.7083,45.8884,4536
2016-10-02 22:00:00,47.25,transfer,1.0,51.9188,0.0,52.4758,52.4758,51.9188,84.4738,9.7229,45.9934,4537
2016-10-02 23:00:00,47.52,transfer,1.0,52.0873,0.0,57.7288,57.7288,52.0873,84.4744,9.7413,46.0925,4538
2016-10-03 00:00:00,47.17,transfer,1.0,52.4995,0.0,52.8942,52.8942,52.4995,84.4753,9.7601,46.1978,4539
2016-10-03 01:00:00,46.41,transfer,1.0,53.9316,0.0,52.5551,52.5551,53.9316,84.4768,9.7972,46.3074,4540
2016-10-03 02:00:00,64.63,transfer,1.0,56.7382,0.0,56.6204,56.6204,56.7382,84.4782,9.8343,46.3024,4541
2016-10-03 03:00:00,67.81,transfer,1.0,60.9835,0.0,66.4379,66.4379,60.9835,84.4789,9.8499,46.2799,4542
2016-10-03 04:00:00,86.28,transfer,1.0,69.1442,0.0,64.2648,64.2648,69.1442,84.4793,9.927,45.8996,4543
2016-10-03 05:00:00,74.12,transfer,1.0,82.2273,0.0,77.9965,77.9965,82.2273,84.4809,9.8916,45.6079,4544
2016-10-03 06:00:00,79.4,transfer,1.0,96.5753,0.0,106.2905,106.2905,96.5753,84.4814,9.9151,45.4509,4545
2016-10-03 07:00:00,94.05,transfer,1.0,103.756,0.0,112.983,112.983,103.756,84.4816,9.8885,45.3607,4546
2016-10-03 08:00:00,112.76,transfer,1.0,106.9238,0.0,107.8393,107.8393,106.9238,84.4816,9.7585,45.2768,4547
2016-10-03 09:00:00,125.85,transfer,1.0,109.12,0.0,109.1816,109.1816,109.12,84.4816,9.7155,45.2609,4548
2016-10-03 10:00:00,135.37,transfer,1.0,110.9055,0.0,105.1338,105.1338,110.9055,84.4816,9.7668,45.328,4549
2016-10-03 11:00:00,134.71,transfer,1.0,111.7369,0.0,114.2199,114.2199,111.7369,84.4816,9.7343,45.3081,4550
2016-10-03 12:00:00,130.35,transfer,1.0,111.8929,0.0,108.7464,108.7464,111.8929,84.4816,9.7609,45.3478,4551
2016-10-03 13:00:00,126.1,transfer,1.0,110.4985,0.0,136.7265,136.7265,110.4985,84.4816,9.7445,45.3376,4552
2016-10-03 14:00:00,126.59,transfer,1.0,107.5003,0.0,97.4962,97.4962,107.5003,84.4816,9.7556,45.3488,4553
2016-10-03 15:00:00,119.14,transfer,1.0,103.137,0.0,102.954,102.954,103.137,84.4816,9.8289,45.4114,4554
2016-10-03 16:00:00,112.11,transfer,1.0,96.9542,0.0,116.5822,116.5822,96.9542,84.4816,9.886,45.4446,4555
2016-10-03 17:00:00,104.5,transfer,1.0,88.8704,0.0,87.6672,87.6672,88.8704,84.4816,9.9687,45.5174,4556
2016-10-03 18:00:00,63.98,transfer,1.0,79.2285,0.0,75.4033,75.4033,79.2285,84.4816,10.0558,45.6343,4557
2016-10-03 19:00:00,61.49,transfer,1.0,70.5156,0.0,77.9583,77.9583,70.5156,84.4817,10.1089,45.7201,4558
2016-10-03 20:00:00,49.8,transfer,1.0,63.5119,0.0,68.6065,68.6065,63.5119,84.4817,10.1568,45.8817,4559
2016-10-03 21:00:00,49.16,transfer,1.0,59.6479,0.0,70.817,70.817,59.6479,84.4817,10.1849,45.9565,4560
2016-10-03 22:00:00,49.03,transfer,1.0,57.344,0.0,63.8167,63.8167,57.344,84.4817,10.2005,46.0165,4561
2016-10-03 23:00:00,48.45,transfer,1.0,56.3689,0.0,67.1334,67.1334,56.3689,84.4817,10.2196,46.0764,4562
2016-10-04 00:00:00,48.73,transfer,1.0,56.1979,0.0,56.387,56.387,56.1979,84.4817,10.2521,46.1456,4563
2016-10-04 01:00:00,47.97,transfer,1.0,56.9199,0.0,63.9255,63.9255,56.9199,84.4817,10.2856,46.2129,4564
2016-10-04 02:00:00,48.15,transfer,1.0,59.0621,0.0,66.5977,66.5977,59.0621,84.4817,10.3276,46.285,4565
2016-10-04 03:00:00,47.15,transfer,1.0,63.2602,0.0,61.2878,61.2878,63.2602,84.4716,10.3922,46.3887,4566
2016-10-04 04:00:00,50.58,transfer,1.0,70.0901,0.0,69.8478,69.8478,70.0901,84.4721,10.4768,46.4506,4567
2016-10-04 05:00:00,50.62,transfer,1.0,81.9843,0.0,84.0157,84.0157,81.9843,82.3188,10.6437,46.1697,4568
2016-10-04 06:00:00,56.61,transfer,1.0,95.6247,0.0,88.8433,88.8433,95.6247,82.5994,10.8386,45.7722,4569
2016-10-04 07:00:00,66.78,transfer,1.0,107.2533,0.0,103.4461,103.4461,107.2533,83.1975,11.0541,45.2552,4570
2016-10-04 08:00:00,88.95,transfer,1.0,113.669,0.0,114.1622,114.1622,113.669,83.8523,11.1157,44.5551,4571
2016-10-04 09:00:00,99.78,transfer,1.0,116.2591,0.0,102.8672,102.8672,116.2591,82.3544,11.1284,43.8973,4572
2016-10-04 10:00:00,106.64,transfer,1.0,117.1883,0.0,107.1568,107.1568,117.1883,84.0679,11.154,43.3054,4573
2016-10-04 11:00:00,106.12,transfer,1.0,117.1296,0.0,97.7273,97.7273,117.1296,84.3931,11.1429,42.6655,4574
2016-10-04 12:00:00,106.42,transfer,1.0,116.5428,0.0,126.9668,126.9668,116.5428,84.4533,11.1506,42.0527,4575
2016-10-04 13:00:00,106.41,transfer,1.0,114.7143,0.0,95.9537,95.9537,114.7143,84.4655,11.138,41.4345,4576
2016-10-04 14:00:00,106.35,transfer,1.0,110.7404,0.0,107.0998,107.0998,110.7404,84.4681,11.072,40.7951,4577
2016-10-04 15:00:00,99.31,transfer,1.0,103.8062,0.0,97.3296,97.3296,103.8062,84.4695,11.0089,40.1297,4578
2016-10-04 16:00:00,92.97,transfer,1.0,93.9211,0.0,100.7325,100.7325,93.9211,84.4736,10.9031,39.4273,4579
2016-10-04 17:00:00,85.14,transfer,1.0,82.9361,0.0,87.4314,87.4314,82.9361,84.4816,10.8194,38.7222,4580
2016-10-04 18:00:00,63.54,transfer,1.0,72.6389,0.0,65.256,65.256,72.6389,84.4816,10.8017,38.8267,4581
2016-10-04 19:00:00,62.27,transfer,1.0,64.276,0.0,60.7121,60.7121,64.276,84.4817,10.7748,38.9586,4582
2016-10-04 20:00:00,52.96,transfer,1.0,60.2569,0.0,66.8292,66.8292,60.2569,84.4817,10.8088,39.1378,4583
2016-10-04 21:00:00,52.84,transfer,1.0,58.069,0.0,64.1691,64.1691,58.069,84.4817,10.7846,39.2128,4584
2016-10-04 22:00:00,51.17,transfer,1.0,56.6169,0.0,62.0213,62.0213,56.6169,84.4817,10.7835,39.2929,4585
2016-10-04 23:00:00,50.66,transfer,1.0,55.9909,0.0,59.4947,59.4947,55.9909,84.4817,10.7854,39.3634,4586
2016-10-05 00:00:00,50.86,transfer,1.0,55.9705,0.0,52.2221,52.2221,55.9705,84.4817,10.7969,39.4356,4587
2016-10-05 01:00:00,50.59,transfer,1.0,56.4684,0.0,52.2231,52.2231,56.4684,84.4779,10.8099,39.5045,4588
2016-10-05 02:00:00,50.88,transfer,1.0,58.3573,0.0,57.8657,57.8657,58.3573,84.4784,10.8379,39.348,4589
2016-10-05 03:00:00,48.85,transfer,1.0,62.5163,0.0,71.9879,71.9879,62.5163,84.4796,10.9016,39.1917,4590
2016-10-05 04:00:00,52.34,transfer,1.0,69.8563,0.0,78.3036,78.3036,69.8563,84.4805,10.9169,38.8815,4591
2016-10-05 05:00:00,52.61,transfer,1.0,82.405,0.0,73.562,73.562,82.405,84.4804,11.0248,38.5302,4592
2016-10-05 06:00:00,61.41,transfer,1.0,95.7851,0.0,96.6627,96.6627,95.7851,84.4812,11.2089,38.0921,4593
2016-10-05 07:00:00,67.86,transfer,1.0,106.2304,0.0,116.0737,116.0737,106.2304,84.4815,11.3792,37.5081,4594
2016-10-05 08:00:00,84.44,transfer,1.0,112.2594,0.0,108.707,108.707,112.2594,84.4816,11.4271,36.7296,4595
2016-10-05 09:00:00,95.87,transfer,1.0,114.5211,0.0,125.7101,125.7101,114.5211,84.4816,11.4811,36.0613,4596
2016-10-05 10:00:00,101.89,transfer,1.0,114.3147,0.0,127.1655,127.1655,114.3147,84.4816,11.5191,35.4432,4597
2016-10-05 11:00:00,101.66,transfer,1.0,112.5604,0.0,88.0592,88.0592,112.5604,84.4816,11.5041,34.7813,4598
2016-10-05 12:00:00,97.72,transfer,1.0,109.8461,0.0,114.8172,114.8172,109.8461,84.4816,11.5078,34.1142,4599
2016-10-05 13:00:00,99.17,transfer,1.0,105.2743,0.0,119.2935,119.2935,105.2743,84.4816,11.496,33.4863,4600
2016-10-05 14:00:00,97.27,transfer,1.0,98.1947,0.0,85.9137,85.9137,98.1947,84.4816,11.3614,32.7727,4601
2016-10-05 15:00:00,90.22,transfer,1.0,90.3534,0.0,84.5697,84.5697,90.3534,84.4816,11.3501,32.1707,4602
2016-10-05 16:00:00,82.05,transfer,1.0,80.7933,0.0,90.0082,90.0082,80.7933,84.4816,11.3141,31.5421,4603
2016-10-05 17:00:00,71.01,transfer,1.0,72.142,0.0,78.7999,78.7999,72.142,84.4816,11.2557,31.0027,4604
2016-10-05 18:00:00,59.4,transfer,1.0,65.2261,0.0,57.9032,57.9032,65.2261,84.4817,11.2369,31.1226,4605
2016-10-05 19:00:00,59.1,transfer,1.0,59.7233,0.0,56.3357,56.3357,59.7233,84.4817,11.1966,31.2628,4606
2016-10-05 20:00:00,51.91,transfer,1.0,57.5862,0.0,53.78,53.78,57.5862,84.4817,11.2017,31.3893,4607
2016-10-05 21:00:00,50.79,transfer,1.0,56.3108,0.0,54.6732,54.6732,56.3108,84.4817,11.228,31.4677,4608
2016-10-05 22:00:00,51.33,transfer,1.0,55.4625,0.0,52.3431,52.3431,55.4625,84.4817,11.2502,31.5344,4609
2016-10-05 23:00:00,51.28,transfer,1.0,55.0583,0.0,63.329,63.329,55.0583,84.4817,11.2621,31.6004,4610
2016-10-06 00:00:00,51.01,transfer,1.0,55.2711,0.0,54.2711,54.2711,55.2711,84.4817,11.2676,31.6739,4611
2016-10-06 01:00:00,51.02,transfer,1.0,56.1048,0.0,45.0155,45.0155,56.1048,84.4817,11.2904,31.7366,4612
2016-10-06 02:00:00,51.02,transfer,1.0,58.6359,0.0,64.5773,64.5773,58.6359,84.4817,11.3352,31.8207,4613
2016-10-06 03:00:00,50.84,transfer,1.0,63.4865,0.0,63.8895,63.8895,63.4865,84.4817,11.3985,31.9076,4614
2016-10-06 04:00:00,52.91,transfer,1.0,71.3446,0.0,74.7415,74.7415,71.3446,84.4817,11.4268,31.6191,4615
2016-10-06 05:00:00,50.76,transfer,1.0,83.3923,0.0,87.9281,87.9281,83.3923,84.4816,11.5385,31.3118,4616
2016-10-06 06:00:00,60.12,transfer,1.0,94.7891,0.0,106.0629,106.0629,94.7891,84.4816,11.6979,30.9127,4617
2016-10-06 07:00:00,70.4,transfer,1.0,102.4044,0.0,96.8579,96.8579,102.4044,84.4816,11.8438,30.3769,4618
2016-10-06 08:00:00,84.65,transfer,1.0,107.6945,0.0,117.6564,117.6564,107.6945,84.4816,11.877,29.6484,4619
2016-10-06 09:00:00,94.48,transfer,1.0,109.7499,0.0,104.6511,104.6511,109.7499,84.4816,11.879,28.96,4620
2016-10-06 10:00:00,94.02,transfer,1.0,108.3883,0.0,102.3485,102.3485,108.3883,84.4816,11.8711,28.2507,4621
2016-10-06 11:00:00,94.59,transfer,1.0,104.7215,0.0,91.7315,91.7315,104.7215,84.4816,11.7777,27.4821,4622
2016-10-06 12:00:00,102.14,transfer,1.0,98.7641,0.0,91.5066,91.5066,98.7641,84.4816,11.739,26.8547,4623
2016-10-06 13:00:00,100.15,transfer,1.0,91.0921,0.0,91.1223,91.1223,91.0921,84.4816,11.7213,26.2065,4624
2016-10-06 14:00:00,101.03,transfer,1.0,85.318,0.0,62.0867,62.0867,85.318,84.4816,11.7174,25.5498,4625
2016-10-06 15:00:00,95.64,transfer,1.0,78.9553,0.0,95.2261,95.2261,78.9553,84.4816,11.7624,24.9233,4626
2016-10-06 16:00:00,88.16,transfer,1.0,72.661,0.0,86.1629,86.1629,72.661,84.4816,11.8337,24.3151,4627
2016-10-06 17:00:00,81.69,transfer,1.0,67.1691,0.0,69.6133,69.6133,67.1691,84.4816,11.8786,23.803,4628
2016-10-06 18:00:00,65.5,transfer,1.0,62.5958,0.0,55.307,55.307,62.5958,84.4816,11.8244,23.8823,4629
2016-10-06 19:00:00,63.34,transfer,1.0,59.202,0.0,61.5801,61.5801,59.202,84.4817,11.8298,23.9375,4630
2016-10-06 20:00:00,58.44,transfer,1.0,57.3439,0.0,56.4924,56.4924,57.3439,84.4817,11.8164,23.9811,4631
2016-10-06 21:00:00,56.51,transfer,1.0,56.0594,0.0,49.5751,49.5751,56.0594,84.4817,11.7852,23.9998,4632
2016-10-06 22:00:00,57.51,transfer,1.0,55.2962,0.0,52.0764,52.0764,55.2962,84.4817,11.7838,24.016,4633
2016-10-06 23:00:00,55.67,transfer,1.0,55.0575,0.0,52.03,52.03,55.0575,84.4817,11.7815,24.0434,4634
2016-10-07 00:00:00,56.22,transfer,1.0,55.6832,0.0,51.2173,51.2173,55.6832,84.4817,11.7705,24.0591,4635
2016-10-07 01:00:00,55.91,transfer,1.0,57.117,0.0,66.6324,66.6324,57.117,84.4817,11.7608,24.0999,4636
2016-10-07 02:00:00,56.21,transfer,1.0,59.7346,0.0,61.3435,61.3435,59.7346,84.4817,11.7538,24.1379,4637
2016-10-07 03:00:00,57.2,transfer,1.0,63.3413,0.0,63.2948,63.2948,63.3413,84.4817,11.7463,24.1705,4638
2016-10-07 04:00:00,60.72,transfer,1.0,69.0365,0.0,76.1536,76.1536,69.0365,84.4817,11.747,23.9451,4639
2016-10-07 05:00:00,57.92,transfer,1.0,78.1431,0.0,84.536,84.536,78.1431,84.4817,11.831,23.7098,4640
2016-10-07 06:00:00,68.28,transfer,1.0,90.2697,0.0,92.4964,92.4964,90.2697,84.4816,11.8168,23.5717,4641
2016-10-07 07:00:00,74.36,transfer,1.0,99.0077,0.0,107.3664,107.3664,99.0077,84.4816,11.7257,23.6178,4642
2016-10-07 08:00:00,90.07,transfer,1.0,104.6201,0.0,107.4724,107.4724,104.6201,84.4816,11.5631,23.5685,4643
2016-10-07 09:00:00,100.22,transfer,1.0,106.8219,0.0,86.3787,86.3787,106.8219,84.4816,11.393,23.5914,4644
2016-10-07 10:00:00,102.66,transfer,1.0,106.1413,0.0,108.0212,108.0212,106.1413,84.4816,11.2459,23.6386,4645
2016-10-07 11:00:00,109.31,transfer,1.0,103.2791,0.0,98.5255,98.5255,103.2791,84.4816,11.1652,23.7383,4646
2016-10-07 12:00:00,111.49,transfer,1.0,99.1381,0.0,106.3847,106.3847,99.1381,84.4816,11.1758,23.8691,4647
2016-10-07 13:00:00,102.21,transfer,1.0,94.9742,0.0,97.5313,97.5313,94.9742,84.4816,11.2177,23.9665,4648
2016-10-07 14:00:00,103.87,transfer,1.0,89.872,0.0,88.1424,88.1424,89.872,84.4816,11.2702,24.0737,4649
2016-10-07 15:00:00,97.22,transfer,1.0,82.4943,0.0,91.7493,91.7493,82.4943,84.4816,11.3293,24.1123,4650
2016-10-07 16:00:00,89.97,transfer,1.0,75.5051,0.0,87.2443,87.2443,75.5051,84.4816,11.3718,24.0979,4651
2016-10-07 17:00:00,79.01,transfer,1.0,69.7452,0.0,66.173,66.173,69.7452,84.4816,11.4181,24.0087,4652
2016-10-07 18:00:00,60.84,transfer,1.0,64.8865,0.0,62.65,62.65,64.8865,84.4816,11.4357,24.0133,4653
2016-10-07 19:00:00,56.57,transfer,1.0,61.2912,0.0,62.8947,62.8947,61.2912,84.4817,11.4286,24.0703,4654
2016-10-07 20:00:00,51.92,transfer,1.0,59.2129,0.0,62.3826,62.3826,59.2129,84.4817,11.444,24.143,4655
2016-10-07 21:00:00,54.11,transfer,1.0,57.5234,0.0,46.5436,46.5436,57.5234,84.4817,11.4564,24.1661,4656
2016-10-07 22:00:00,50.97,transfer,1.0,56.5081,0.0,55.0239,55.0239,56.5081,84.4817,11.4864,24.2121,4657
2016-10-07 23:00:00,52.59,transfer,1.0,56.2637,0.0,60.0235,60.0235,56.2637,84.4817,11.504,24.2476,4658
2016-10-08 00:00:00,51.72,transfer,1.0,56.6272,0.0,58.7917,58.7917,56.6272,84.4817,11.5295,24.2932,4659
2016-10-08 01:00:00,52.37,transfer,1.0,56.959,0.0,58.2414,58.2414,56.959,84.4817,11.5371,24.3206,4660
2016-10-08 02:00:00,51.8,transfer,1.0,57.4996,0.0,60.8785,60.8785,57.4996,84.4817,11.5556,24.3552,4661
2016-10-08 03:00:00,51.79,transfer,1.0,58.566,0.0,64.5237,64.5237,58.566,84.4817,11.5737,24.3885,4662
2016-10-08 04:00:00,66.86,transfer,1.0,60.1835,0.0,61.1975,61.1975,60.1835,84.4817,11.6106,24.3588,4663
2016-10-08 05:00:00,61.04,transfer,1.0,62.2717,0.0,64.2273,64.2273,62.2717,84.4817,11.5483,24.4444,4664
2016-10-08 06:00:00,60.61,transfer,1.0,65.9049,0.0,62.3714,62.3714,65.9049,84.4816,11.5763,24.4757,4665
2016-10-08 07:00:00,54.62,transfer,1.0,68.5234,0.0,69.2748,69.2748,68.5234,84.4816,11.6433,24.5335,4666
2016-10-08 08:00:00,49.16,transfer,1.0,69.8176,0.0,72.6335,72.6335,69.8176,84.4816,11.4319,24.307,4667
2016-10-08 09:00:00,52.15,transfer,1.0,66.757,0.0,54.4073,54.4073,66.757,84.4816,11.3237,24.1661,4668
2016-10-08 10:00:00,52.33,transfer,1.0,63.939,0.0,65.9103,65.9103,63.939,84.4816,11.3305,24.1276,4669
2016-10-08 11:00:00,50.9,transfer,1.0,61.5644,0.0,71.6055,71.6055,61.5644,84.4816,11.2688,24.264,4670
2016-10-08 12:00:00,52.32,transfer,1.0,59.6475,0.0,59.4693,59.4693,59.6475,84.4816,11.1898,24.3753,4671
2016-10-08 13:00:00,52.2,transfer,1.0,57.6506,0.0,57.6512,57.6512,57.6506,84.4816,11.0954,24.4832,4672
2016-10-08 14:00:00,52.0,transfer,1.0,56.1153,0.0,61.2534,61.2534,56.1153,84.4816,10.9889,24.5903,4673
2016-10-08 15:00:00,50.14,transfer,1.0,54.925,0.0,61.9803,61.9803,54.925,84.4816,10.8838,24.705,4674
2016-10-08 16:00:00,50.13,transfer,1.0,53.9615,0.0,48.3759,48.3759,53.9615,84.4817,10.7756,24.8122,4675
2016-10-08 17:00:00,51.5,transfer,1.0,53.1722,0.0,51.3157,51.3157,53.1722,84.4817,10.6626,24.8989,4676
2016-10-08 18:00:00,51.13,transfer,1.0,52.3993,0.0,36.5086,36.5086,52.3993,84.4817,10.5435,24.9877,4677
2016-10-08 19:00:00,50.48,transfer,1.0,51.9845,0.0,50.9262,50.9262,51.9845,84.4817,10.3898,25.1139,4678
2016-10-08 20:00:00,52.04,transfer,1.0,52.1896,0.0,56.1283,56.1283,52.1896,84.4817,10.2767,25.1823,4679
2016-10-08 21:00:00,52.19,transfer,1.0,52.3449,0.0,55.8063,55.8063,52.3449,84.4817,10.2564,25.1579,4680
2016-10-08 22:00:00,51.84,transfer,1.0,52.7086,0.0,51.6536,51.6536,52.7086,84.4817,10.2347,25.1423,4681
2016-10-08 23:00:00,50.08,transfer,1.0,53.2193,0.0,53.0581,53.0581,53.2193,84.4817,10.2268,25.1366,4682
2016-10-09 00:00:00,52.74,transfer,1.0,53.8612,0.0,43.3742,43.3742,53.8612,84.4817,10.2159,25.106,4683
2016-10-09 01:00:00,52.23,transfer,1.0,54.8612,0.0,57.1437,57.1437,54.8612,84.4817,10.2123,25.082,4684
2016-10-09 02:00:00,50.68,transfer,1.0,56.2934,0.0,57.7893,57.7893,56.2934,84.4817,10.1182,25.1781,4685
2016-10-09 03:00:00,47.93,transfer,1.0,58.0742,0.0,63.2898,63.2898,58.0742,84.4817,10.0819,25.2645,4686
2016-10-09 04:00:00,51.01,transfer,1.0,59.6575,0.0,64.8152,64.8152,59.6575,84.4817,10.0026,25.3776,4687
2016-10-09 05:00:00,50.82,transfer,1.0,60.7457,0.0,62.9414,62.9414,60.7457,84.4817,9.9683,25.4691,4688
2016-10-09 06:00:00,51.09,transfer,1.0,61.8342,0.0,74.7541,74.7541,61.8342,84.4817,9.9539,25.5685,4689
2016-10-09 07:00:00,49.4,transfer,1.0,62.9237,0.0,60.5934,60.5934,62.9237,84.4817,10.0282,25.6259,4690
2016-10-09 08:00:00,43.97,transfer,1.0,63.4016,0.0,56.7818,56.7818,63.4016,84.4817,10.1373,25.711,4691
2016-10-09 09:00:00,44.26,transfer,1.0,61.1358,0.0,60.4097,60.4097,61.1358,84.4817,10.2287,25.8053,4692
2016-10-09 10:00:00,44.56,transfer,1.0,59.0974,0.0,53.6118,53.6118,59.0974,84.4817,10.3038,25.9216,4693
2016-10-09 11:00:00,45.3,transfer,1.0,57.4717,0.0,63.7,63.7,57.4717,84.4817,10.3696,26.0143,4694
2016-10-09 12:00:00,46.0,transfer,1.0,56.2858,0.0,55.9016,55.9016,56.2858,84.4817,10.4193,26.0989,4695
2016-10-09 13:00:00,45.34,transfer,1.0,55.3427,0.0,50.365,50.365,55.3427,84.4817,10.4685,26.1781,4696
2016-10-09 14:00:00,45.46,transfer,1.0,54.5786,0.0,52.8412,52.8412,54.5786,84.4817,10.4816,26.2805,4697
2016-10-09 15:00:00,46.33,transfer,1.0,53.7752,0.0,57.6281,57.6281,53.7752,84.4817,10.4677,26.3894,4698
2016-10-09 16:00:00,47.01,transfer,1.0,53.1316,0.0,49.5623,49.5623,53.1316,84.4817,10.4311,26.5052,4699
2016-10-09 17:00:00,45.78,transfer,1.0,52.4936,0.0,40.5379,40.5379,52.4936,84.4817,10.4096,26.6142,4700
2016-10-09 18:00:00,43.33,transfer,1.0,51.9767,0.0,63.4056,63.4056,51.9767,84.4817,10.4045,26.6171,4701
2016-10-09 19:00:00,48.85,transfer,1.0,51.6294,0.0,58.3911,58.3911,51.6294,84.4817,10.3928,26.6121,4702
2016-10-09 20:00:00,49.48,transfer,1.0,51.8751,0.0,52.2299,52.2299,51.8751,84.4817,10.3805,26.6025,4703
2016-10-09 21:00:00,50.33,transfer,1.0,52.2546,0.0,58.5497,58.5497,52.2546,84.4817,10.3591,26.5794,4704
2016-10-09 22:00:00,50.69,transfer,1.0,52.9113,0.0,57.4666,57.4666,52.9113,84.4817,10.3445,26.559,4705
2016-10-09 23:00:00,51.14,transfer,1.0,53.5437,0.0,52.3491,52.3491,53.5437,84.4817,10.3316,26.5375,4706
2016-10-10 00:00:00,51.99,transfer,1.0,54.296,0.0,48.0838,48.0838,54.296,84.4817,10.3136,26.5088,4707
2016-10-10 01:00:00,49.6,transfer,1.0,56.3058,0.0,62.3754,62.3754,56.3058,84.4817,10.3088,26.4899,4708
2016-10-10 02:00:00,47.78,transfer,1.0,59.3827,0.0,50.928,50.928,59.3827,84.4817,10.3309,26.5902,4709
2016-10-10 03:00:00,48.42,transfer,1.0,63.8688,0.0,62.1422,62.1422,63.8688,84.4817,10.3822,26.7056,4710
2016-10-10 04:00:00,50.36,transfer,1.0,69.1158,0.0,66.17,66.17,69.1158,84.4817,10.3918,26.898,4711
2016-10-10 05:00:00,50.79,transfer,1.0,75.2802,0.0,66.6327,66.6327,75.2802,84.4817,10.4893,27.0369,4712
2016-10-10 06:00:00,51.49,transfer,1.0,80.5648,0.0,71.2513,71.2513,80.5648,84.4817,10.5602,27.203,4713
2016-10-10 07:00:00,45.71,transfer,1.0,86.1908,0.0,79.6852,79.6852,86.1908,84.4817,10.7434,27.3768,4714
2016-10-10 08:00:00,43.94,transfer,1.0,91.2423,0.0,91.4191,91.4191,91.2423,84.4817,10.9902,27.4498,4715
2016-10-10 09:00:00,43.7,transfer,1.0,89.7075,0.0,91.3013,91.3013,89.7075,84.4817,11.1644,27.4463,4716
2016-10-10 10:00:00,43.82,transfer,1.0,82.0469,0.0,61.9034,61.9034,82.0469,84.4817,11.2464,27.3855,4717
2016-10-10 11:00:00,44.4,transfer,1.0,73.1963,0.0,75.4168,75.4168,73.1963,84.4817,11.281,27.3251,4718
2016-10-10 12:00:00,47.02,transfer,1.0,66.5406,0.0,67.038,67.038,66.5406,84.4817,11.2874,27.275,4719
2016-10-10 13:00:00,46.35,transfer,1.0,62.0582,0.0,59.5643,59.5643,62.0582,84.4817,11.288,27.2543,4720
2016-10-10 14:00:00,45.01,transfer,1.0,59.4268,0.0,59.7224,59.7224,59.4268,84.4817,11.2602,27.2386,4721
2016-10-10 15:00:00,46.48,transfer,1.0,57.465,0.0,60.6683,60.6683,57.465,84.4817,11.2303,27.2585,4722
2016-10-10 16:00:00,46.13,transfer,1.0,55.7403,0.0,55.6623,55.6623,55.7403,84.4817,11.1973,27.3223,4723
2016-10-10 17:00:00,44.89,transfer,1.0,54.4538,0.0,54.9758,54.9758,54.4538,84.4817,11.1612,27.4388,4724
2016-10-10 18:00:00,45.03,transfer,1.0,53.4012,0.0,53.4385,53.4385,53.4012,84.4817,11.1203,27.5516,4725
2016-10-10 19:00:00,50.14,transfer,1.0,52.7557,0.0,59.0035,59.0035,52.7557,84.4817,11.0821,27.6192,4726
2016-10-10 20:00:00,48.91,transfer,1.0,53.0709,0.0,61.306,61.306,53.0709,84.4817,11.0253,27.6245,4727
2016-10-10 21:00:00,50.0,transfer,1.0,53.7342,0.0,49.3818,49.3818,53.7342,84.4817,10.9851,27.6195,4728
2016-10-10 22:00:00,49.87,transfer,1.0,54.7599,0.0,56.0917,56.0917,54.7599,84.4817,10.9647,27.6145,4729
2016-10-10 23:00:00,48.12,transfer,1.0,56.0063,0.0,52.4543,52.4543,56.0063,84.4817,10.9645,27.6164,4730
2016-10-11 00:00:00,49.0,transfer,1.0,57.6394,0.0,52.9184,52.9184,57.6394,84.4817,10.9714,27.6148,4731
2016-10-11 01:00:00,48.37,transfer,1.0,59.635,0.0,50.7424,50.7424,59.635,84.4817,10.9852,27.6124,4732
2016-10-11 02:00:00,48.58,transfer,1.0,62.5138,0.0,67.0231,67.0231,62.5138,84.4817,11.0032,27.6099,4733
2016-10-11 03:00:00,47.97,transfer,1.0,66.5701,0.0,76.8705,76.8705,66.5701,84.4817,11.018,27.6051,4734
2016-10-11 04:00:00,51.48,transfer,1.0,72.2244,0.0,67.8928,67.8928,72.2244,84.4817,11.0254,27.5998,4735
2016-10-11 05:00:00,51.98,transfer,1.0,79.0157,0.0,94.2665,94.2665,79.0157,84.4817,10.9996,27.6045,4736
2016-10-11 06:00:00,52.89,transfer,1.0,86.2113,0.0,78.4943,78.4943,86.2113,84.4817,10.9657,27.6379,4737
2016-10-11 07:00:00,45.73,transfer,1.0,93.5165,0.0,100.1183,100.1183,93.5165,84.4817,11.0093,27.7708,4738
2016-10-11 08:00:00,49.24,transfer,1.0,98.8172,0.0,102.0728,102.0728,98.8172,84.4817,11.1572,27.9503,4739
2016-10-11 09:00:00,54.1,transfer,1.0,98.5178,0.0,83.0651,83.0651,98.5178,84.4817,11.3235,28.0274,4740
2016-10-11 10:00:00,61.85,transfer,1.0,93.7695,0.0,86.6322,86.6322,93.7695,84.4817,11.4507,28.0277,4741
2016-10-11 11:00:00,59.6,transfer,1.0,88.0273,0.0,94.6661,94.6661,88.0273,84.4817,11.5544,28.0465,4742
2016-10-11 12:00:00,57.04,transfer,1.0,82.4719,0.0,85.3812,85.3812,82.4719,84.4817,11.6455,28.0791,4743
2016-10-11 13:00:00,56.2,transfer,1.0,75.4439,0.0,67.1052,67.1052,75.4439,84.4817,11.7107,28.1168,4744
2016-10-11 14:00:00,56.48,transfer,1.0,68.3089,0.0,65.5114,65.5114,68.3089,84.4817,11.7549,28.1533,4745
2016-10-11 15:00:00,56.83,transfer,1.0,62.8949,0.0,59.965,59.965,62.8949,84.4817,11.7643,28.2295,4746
2016-10-11 16:00:00,54.66,transfer,1.0,59.1583,0.0,53.3519,53.3519,59.1583,84.4817,11.7854,28.3564,4747
2016-10-11 17:00:00,49.87,transfer,1.0,56.8343,0.0,51.6764,51.6764,56.8343,84.4817,11.8137,28.5585,4748
2016-10-11 18:00:00,49.95,transfer,1.0,55.0317,0.0,52.7258,52.7258,55.0317,84.4817,11.7898,28.6394,4749
2016-10-11 19:00:00,54.62,transfer,1.0,53.5653,0.0,40.2015,40.2015,53.5653,84.4817,11.7841,28.685,4750
2016-10-11 20:00:00,53.99,transfer,1.0,53.1884,0.0,49.2053,49.2053,53.1884,84.4817,11.7455,28.6788,4751
2016-10-11 21:00:00,53.84,transfer,1.0,53.0466,0.0,51.5306,51.5306,53.0466,84.4817,11.7191,28.6729,4752
2016-10-11 22:00:00,52.93,transfer,1.0,53.2296,0.0,55.9474,55.9474,53.2296,84.4817,11.6884,28.6624,4753
2016-10-11 23:00:00,53.66,transfer,1.0,53.885,0.0,65.2589,65.2589,53.885,84.4817,11.6581,28.6446,4754
2016-10-12 00:00:00,54.58,transfer,1.0,55.1675,0.0,54.1742,54.1742,55.1675,84.4817,11.6311,28.6224,4755
2016-10-12 01:00:00,53.53,transfer,1.0,56.9764,0.0,50.369,50.369,56.9764,84.4817,11.6167,28.6049,4756
2016-10-12 02:00:00,54.28,transfer,1.0,60.0418,0.0,64.4457,64.4457,60.0418,84.4817,11.6064,28.5847,4757
2016-10-12 03:00:00,53.24,transfer,1.0,64.7963,0.0,61.5158,61.5158,64.7963,84.4817,11.5939,28.5586,4758
2016-10-12 04:00:00,56.1,transfer,1.0,71.4609,0.0,72.0246,72.0246,71.4609,84.4817,11.5811,28.5362,4759
2016-10-12 05:00:00,56.5,transfer,1.0,80.5566,0.0,85.9685,85.9685,80.5566,84.4817,11.5469,28.5131,4760
2016-10-12 06:00:00,57.31,transfer,1.0,90.5195,0.0,93.4403,93.4403,90.5195,84.4817,11.54,28.5375,4761
2016-10-12 07:00:00,52.46,transfer,1.0,98.9046,0.0,96.5528,96.5528,98.9046,84.4817,11.588,28.6292,4762
2016-10-12 08:00:00,49.98,transfer,1.0,104.4892,0.0,116.6559,116.6559,104.4892,84.4817,11.7469,28.8343,4763
2016-10-12 09:00:00,50.71,transfer,1.0,104.1793,0.0,104.0161,104.0161,104.1793,84.4817,11.9541,28.9675,4764
2016-10-12 10:00:00,56.65,transfer,1.0,97.03,0.0,100.2341,100.2341,97.03,84.4817,12.1205,29.0296,4765
2016-10-12 11:00:00,60.59,transfer,1.0,87.0321,0.0,96.9683,96.9683,87.0321,84.4817,12.213,29.0695,4766
2016-10-12 12:00:00,60.39,transfer,1.0,78.0547,0.0,71.1179,71.1179,78.0547,84.4817,12.246,29.1341,4767
2016-10-12 13:00:00,55.22,transfer,1.0,70.7835,0.0,78.7403,78.7403,70.7835,84.4817,12.3023,29.2209,4768
2016-10-12 14:00:00,52.45,transfer,1.0,65.3532,0.0,71.8061,71.8061,65.3532,84.4817,12.3736,29.3354,4769
2016-10-12 15:00:00,52.65,transfer,1.0,61.1979,0.0,62.8866,62.8866,61.1979,84.4817,12.4237,29.4907,4770
2016-10-12 16:00:00,50.02,transfer,1.0,57.9739,0.0,61.1126,61.1126,57.9739,84.4817,12.4636,29.6814,4771
2016-10-12 17:00:00,51.96,transfer,1.0,56.1088,0.0,61.9538,61.9538,56.1088,84.4817,12.4815,29.7948,4772
2016-10-12 18:00:00,50.47,transfer,1.0,54.4661,0.0,61.0093,61.0093,54.4661,84.4817,12.4706,29.8479,4773
2016-10-12 19:00:00,56.2,transfer,1.0,53.3948,0.0,52.5998,52.5998,53.3948,84.4817,12.4836,29.8652,4774
2016-10-12 20:00:00,55.66,transfer,1.0,53.1786,0.0,56.1747,56.1747,53.1786,84.4817,12.4646,29.8429,4775
2016-10-12 21:00:00,54.42,transfer,1.0,53.3774,0.0,51.6556,51.6556,53.3774,84.4817,12.438,29.8213,4776
2016-10-12 22:00:00,54.86,transfer,1.0,53.9867,0.0,48.1623,48.1623,53.9867,84.4817,12.4186,29.8002,4777
2016-10-12 23:00:00,55.56,transfer,1.0,54.9852,0.0,54.2772,54.2772,54.9852,84.4817,12.3995,29.7748,4778
2016-10-13 00:00:00,55.05,transfer,1.0,56.5552,0.0,54.8821,54.8821,56.5552,84.4817,12.3831,29.7507,4779
2016-10-13 01:00:00,55.37,transfer,1.0,58.6978,0.0,56.0303,56.0303,58.6978,84.4817,12.3726,29.7248,4780
2016-10-13 02:00:00,53.28,transfer,1.0,61.8614,0.0,55.952,55.952,61.8614,84.4817,12.3784,29.7114,4781
2016-10-13 03:00:00,53.79,transfer,1.0,67.2807,0.0,68.8267,68.8267,67.2807,84.4817,12.3834,29.6938,4782
2016-10-13 04:00:00,56.5,transfer,1.0,74.3247,0.0,72.5476,72.5476,74.3247,84.4817,12.3798,29.6725,4783
2016-10-13 05:00:00,56.91,transfer,1.0,83.0271,0.0,82.6332,82.6332,83.0271,84.4817,12.341,29.6358,4784
2016-10-13 06:00:00,58.08,transfer,1.0,91.2287,0.0,101.9743,101.9743,91.2287,84.4817,12.3319,29.648,4785
2016-10-13 07:00:00,52.13,transfer,1.0,97.121,0.0,103.9376,103.9376,97.121,84.4817,12.4092,29.7567,4786
2016-10-13 08:00:00,55.01,transfer,1.0,100.1455,0.0,108.022,108.022,100.1455,84.4817,12.5407,29.9312,4787
2016-10-13 09:00:00,53.73,transfer,1.0,96.7754,0.0,106.3165,106.3165,96.7754,84.4817,12.7061,30.0547,4788
2016-10-13 10:00:00,54.09,transfer,1.0,88.6917,0.0,99.9896,99.9896,88.6917,84.4817,12.8265,30.1788,4789
2016-10-13 11:00:00,53.24,transfer,1.0,79.1287,0.0,72.9692,72.9692,79.1287,84.4817,12.9203,30.3046,4790
2016-10-13 12:00:00,52.79,transfer,1.0,71.7468,0.0,74.6181,74.6181,71.7468,84.4817,13.013,30.3881,4791
2016-10-13 13:00:00,54.2,transfer,1.0,65.6754,0.0,62.0059,62.0059,65.6754,84.4817,13.0274,30.4751,4792
2016-10-13 14:00:00,52.9,transfer,1.0,61.6648,0.0,52.5207,52.5207,61.6648,84.4817,12.9861,30.5646,4793
2016-10-13 15:00:00,53.28,transfer,1.0,58.6321,0.0,71.7299,71.7299,58.6321,84.4817,12.9186,30.6839,4794
2016-10-13 16:00:00,51.05,transfer,1.0,56.2935,0.0,44.7571,44.7571,56.2935,84.4817,12.8576,30.861,4795
2016-10-13 17:00:00,47.08,transfer,1.0,54.6175,0.0,64.3994,64.3994,54.6175,84.4817,12.816,31.067,4796
2016-10-13 18:00:00,44.33,transfer,1.0,53.1723,0.0,67.751,67.751,53.1723,84.4817,12.8513,31.193,4797
2016-10-13 19:00:00,48.95,transfer,1.0,51.9333,0.0,53.7475,53.7475,51.9333,84.4817,12.8445,31.2787,4798
2016-10-13 20:00:00,47.8,transfer,1.0,51.4307,0.0,54.9081,54.9081,51.4307,84.4817,12.8596,31.342,4799
2016-10-13 21:00:00,48.03,transfer,1.0,51.2941,0.0,46.709,46.709,51.2941,84.4817,12.8763,31.3925,4800
2016-10-13 22:00:00,48.23,transfer,1.0,51.5242,0.0,49.2662,49.2662,51.5242,84.4817,12.8827,31.4477,4801
2016-10-13 23:00:00,48.09,transfer,1.0,52.2314,0.0,57.7322,57.7322,52.2314,84.4817,12.9037,31.4929,4802
2016-10-14 00:00:00,48.95,transfer,1.0,53.509,0.0,56.8745,56.8745,53.509,84.4817,12.9277,31.5361,4803
2016-10-14 01:00:00,47.83,transfer,1.0,55.4222,0.0,61.0712,61.0712,55.4222,84.4817,12.9657,31.5842,4804
2016-10-14 02:00:00,47.67,transfer,1.0,58.1766,0.0,54.8998,54.8998,58.1766,84.4817,13.0073,31.6351,4805
2016-10-14 03:00:00,47.71,transfer,1.0,61.9513,0.0,63.6033,63.6033,61.9513,84.4817,13.0555,31.6916,4806
2016-10-14 04:00:00,49.9,transfer,1.0,67.1563,0.0,69.5599,69.5599,67.1563,84.4817,13.1087,31.756,4807
2016-10-14 05:00:00,49.94,transfer,1.0,73.6619,0.0,79.562,79.562,73.6619,84.4817,13.1295,31.8035,4808
2016-10-14 06:00:00,50.69,transfer,1.0,80.3941,0.0,76.8319,76.8319,80.3941,84.4817,13.1754,31.9082,4809
2016-10-14 07:00:00,46.94,transfer,1.0,86.3196,0.0,85.5461,85.5461,86.3196,84.4817,13.2631,32.0714,4810
2016-10-14 08:00:00,49.24,transfer,1.0,89.6631,0.0,106.2588,106.2588,89.6631,84.4817,13.4171,32.2479,4811
2016-10-14 09:00:00,51.81,transfer,1.0,87.6865,0.0,78.2945,78.2945,87.6865,84.4817,13.5914,32.3487,4812
2016-10-14 10:00:00,55.89,transfer,1.0,81.9901,0.0,70.5356,70.5356,81.9901,84.4817,13.726,32.4107,4813
2016-10-14 11:00:00,59.33,transfer,1.0,75.6284,0.0,73.9122,73.9122,75.6284,84.4817,13.7871,32.4126,4814
2016-10-14 12:00:00,59.76,transfer,1.0,70.125,0.0,57.6124,57.6124,70.125,84.4817,13.7753,32.399,4815
2016-10-14 13:00:00,59.53,transfer,1.0,65.8591,0.0,67.9969,67.9969,65.8591,84.4817,13.7699,32.442,4816
2016-10-14 14:00:00,55.93,transfer,1.0,62.3216,0.0,61.2255,61.2255,62.3216,84.4817,13.7246,32.4965,4817
2016-10-14 15:00:00,59.07,transfer,1.0,59.4921,0.0,62.2222,62.2222,59.4921,84.4817,13.6395,32.572,4818
2016-10-14 16:00:00,56.87,transfer,1.0,57.1532,0.0,51.0137,51.0137,57.1532,84.4817,13.5551,32.7036,4819
2016-10-14 17:00:00,53.25,transfer,1.0,55.434,0.0,42.9488,42.9488,55.434,84.4817,13.5129,32.857,4820
2016-10-14 18:00:00,50.12,transfer,1.0,54.0042,0.0,57.265,57.265,54.0042,84.4817,13.512,32.9208,4821
2016-10-14 19:00:00,51.84,transfer,1.0,53.1925,0.0,57.1189,57.1189,53.1925,84.4817,13.4919,32.9489,4822
2016-10-14 20:00:00,51.98,transfer,1.0,53.1639,0.0,51.3461,51.3461,53.1639,84.4817,13.4555,32.9486,4823
2016-10-14 21:00:00,52.21,transfer,1.0,53.4541,0.0,49.301,49.301,53.4541,84.4817,13.4426,32.9599,4824
2016-10-14 22:00:00,51.8,transfer,1.0,54.295,0.0,49.2219,49.2219,54.295,84.4817,13.4245,32.955,4825
2016-10-14 23:00:00,50.96,transfer,1.0,55.4436,0.0,42.0881,42.0881,55.4436,84.4817,13.4293,32.9647,4826
2016-10-15 00:00:00,52.88,transfer,1.0,56.9709,0.0,55.3005,55.3005,56.9709,84.4817,13.4245,32.9578,4827
2016-10-15 01:00:00,49.23,transfer,1.0,57.511,0.0,58.0347,58.0347,57.511,84.4817,13.4465,32.9764,4828
2016-10-15 02:00:00,51.13,transfer,1.0,58.0416,0.0,62.2812,62.2812,58.0416,84.4817,13.4537,32.9804,4829
2016-10-15 03:00:00,51.08,transfer,1.0,58.4591,0.0,50.2955,50.2955,58.4591,84.4817,13.4573,32.9847,4830
2016-10-15 04:00:00,53.75,transfer,1.0,59.3051,0.0,61.0248,61.0248,59.3051,84.4817,13.4506,33.0627,4831
2016-10-15 05:00:00,54.68,transfer,1.0,60.2982,0.0,55.4652,55.4652,60.2982,84.4817,13.4767,33.1006,4832
2016-10-15 06:00:00,53.8,transfer,1.0,61.3245,0.0,61.0115,61.0115,61.3245,84.4817,13.49,33.1411,4833
2016-10-15 07:00:00,48.46,transfer,1.0,62.4469,0.0,64.9275,64.9275,62.4469,84.4817,13.4905,33.1778,4834
2016-10-15 08:00:00,46.96,transfer,1.0,63.2859,0.0,64.5253,64.5253,63.2859,84.4817,13.4647,33.1908,4835
2016-10-15 09:00:00,48.59,transfer,1.0,61.2866,0.0,66.8849,66.8849,61.2866,84.4817,13.4533,33.212,4836
2016-10-15 10:00:00,45.83,transfer,1.0,59.7377,0.0,64.0372,64.0372,59.7377,84.4817,13.467,33.2507,4837
2016-10-15 11:00:00,48.05,transfer,1.0,58.4658,0.0,62.1664,62.1664,58.4658,84.4817,13.4655,33.2677,4838
2016-10-15 12:00:00,47.26,transfer,1.0,57.2249,0.0,61.3577,61.3577,57.2249,84.4817,13.4812,33.2978,4839
2016-10-15 13:00:00,46.27,transfer,1.0,56.1035,0.0,51.1229,51.1229,56.1035,84.4817,13.5073,33.3331,4840
2016-10-15 14:00:00,46.29,transfer,1.0,55.0782,0.0,58.7212,58.7212,55.0782,84.4817,13.5351,33.3671,4841
2016-10-15 15:00:00,47.19,transfer,1.0,54.0099,0.0,54.2348,54.2348,54.0099,84.4817,13.5472,33.3847,4842
2016-10-15 16:00:00,46.6,transfer,1.0,53.076,0.0,57.0436,57.0436,53.076,84.4817,13.563,33.4057,4843
2016-10-15 17:00:00,46.45,transfer,1.0,52.3005,0.0,53.3006,53.3006,52.3005,84.4817,13.5878,33.4357,4844
2016-10-15 18:00:00,47.22,transfer,1.0,51.6356,0.0,53.5481,53.5481,51.6356,84.4817,13.6066,33.459,4845
2016-10-15 19:00:00,52.09,transfer,1.0,51.2081,0.0,54.0272,54.0272,51.2081,84.4817,13.6029,33.4494,4846
2016-10-15 20:00:00,51.34,transfer,1.0,51.462,0.0,45.7368,45.7368,51.462,84.4817,13.6027,33.4536,4847
2016-10-15 21:00:00,52.12,transfer,1.0,51.8458,0.0,52.5679,52.5679,51.8458,84.4817,13.6034,33.454,4848
2016-10-15 22:00:00,51.83,transfer,1.0,52.2997,0.0,44.5667,44.5667,52.2997,84.4817,13.601,33.4541,4849
2016-10-15 23:00:00,51.87,transfer,1.0,52.7763,0.0,59.6359,59.6359,52.7763,84.4817,13.5877,33.4434,4850
2016-10-16 00:00:00,52.65,transfer,1.0,53.356,0.0,53.4822,53.4822,53.356,84.4817,13.5853,33.4439,4851
2016-10-16 01:00:00,50.66,transfer,1.0,54.3547,0.0,49.9185,49.9185,54.3547,84.4817,13.5916,33.4533,4852
2016-10-16 02:00:00,51.18,transfer,1.0,55.6134,0.0,67.4443,67.4443,55.6134,84.4817,13.5846,33.4503,4853
2016-10-16 03:00:00,49.5,transfer,1.0,57.1732,0.0,60.1116,60.1116,57.1732,84.4817,13.5699,33.441,4854
2016-10-16 04:00:00,54.2,transfer,1.0,58.9703,0.0,60.4283,60.4283,58.9703,84.4817,13.5468,33.422,4855
2016-10-16 05:00:00,54.34,transfer,1.0,60.8211,0.0,53.7958,53.7958,60.8211,84.4817,13.5263,33.401,4856
2016-10-16 06:00:00,54.82,transfer,1.0,63.1133,0.0,67.0902,67.0902,63.1133,84.4817,13.5117,33.3788,4857
2016-10-16 07:00:00,49.13,transfer,1.0,65.2987,0.0,58.3396,58.3396,65.2987,84.4817,13.5274,33.3804,4858
2016-10-16 08:00:00,46.12,transfer,1.0,66.7409,0.0,74.8788,74.8788,66.7409,84.4817,13.5345,33.3676,4859
2016-10-16 09:00:00,47.05,transfer,1.0,64.9532,0.0,64.4191,64.4191,64.9532,84.4817,13.5406,33.351,4860
2016-10-16 10:00:00,47.84,transfer,1.0,62.8563,0.0,57.8298,57.8298,62.8563,84.4817,13.5435,33.3315,4861
2016-10-16 11:00:00,47.91,transfer,1.0,61.0125,0.0,63.7458,63.7458,61.0125,84.4817,13.549,33.316,4862
2016-10-16 12:00:00,47.65,transfer,1.0,59.4984,0.0,63.7931,63.7931,59.4984,84.4817,13.5583,33.3062,4863
2016-10-16 13:00:00,47.97,transfer,1.0,58.0487,0.0,54.13,54.13,58.0487,84.4817,13.5588,33.2905,4864
2016-10-16 14:00:00,47.44,transfer,1.0,56.8085,0.0,49.3611,49.3611,56.8085,84.4817,13.5603,33.2787,4865
2016-10-16 15:00:00,48.28,transfer,1.0,55.6312,0.0,59.2725,59.2725,55.6312,84.4817,13.5597,33.2671,4866
2016-10-16 16:00:00,47.94,transfer,1.0,54.6502,0.0,58.2942,58.2942,54.6502,84.4817,13.5632,33.2616,4867
2016-10-16 17:00:00,48.01,transfer,1.0,53.8121,0.0,48.2852,48.2852,53.8121,84.4817,13.5578,33.2483,4868
2016-10-16 18:00:00,47.39,transfer,1.0,53.0601,0.0,56.8025,56.8025,53.0601,84.4817,13.5401,33.2241,4869
2016-10-16 19:00:00,51.44,transfer,1.0,52.4831,0.0,53.74,53.74,52.4831,84.4817,13.5297,33.2087,4870
2016-10-16 20:00:00,51.93,transfer,1.0,52.6575,0.0,58.1526,58.1526,52.6575,84.4817,13.5198,33.1941,4871
2016-10-16 21:00:00,52.09,transfer,1.0,52.953,0.0,55.6544,55.6544,52.953,84.4817,13.5135,33.1837,4872
2016-10-16 22:00:00,52.73,transfer,1.0,53.4833,0.0,44.7606,44.7606,53.4833,84.4817,13.5047,33.1715,4873
2016-10-16 23:00:00,52.16,transfer,1.0,54.2545,0.0,52.8516,52.8516,54.2545,84.4817,13.5029,33.1654,4874
2016-10-17 00:00:00,52.95,transfer,1.0,55.0277,0.0,57.5763,57.5763,55.0277,84.4817,13.5015,33.1597,4875
2016-10-17 01:00:00,52.44,transfer,1.0,57.279,0.0,54.4663,54.4663,57.279,84.4817,13.4904,33.1428,4876
2016-10-17 02:00:00,51.68,transfer,1.0,60.8907,0.0,58.6156,58.6156,60.8907,84.4817,13.4762,33.1196,4877
2016-10-17 03:00:00,53.28,transfer,1.0,66.6759,0.0,68.511,68.511,66.6759,84.4817,13.464,33.0907,4878
2016-10-17 04:00:00,54.68,transfer,1.0,73.8571,0.0,66.1544,66.1544,73.8571,84.4817,13.4665,33.065,4879
2016-10-17 05:00:00,55.31,transfer,1.0,82.4674,0.0,80.9927,80.9927,82.4674,84.4817,13.4824,33.0381,4880
2016-10-17 06:00:00,70.6,transfer,1.0,90.0401,0.0,86.9511,86.9511,90.0401,84.4817,13.425,32.9243,4881
2016-10-17 07:00:00,81.35,transfer,1.0,97.6115,0.0,97.3592,97.3592,97.6115,84.4817,13.2809,32.7122,4882
2016-10-17 08:00:00,91.31,transfer,1.0,105.1667,0.0,100.8155,100.8155,105.1667,84.4817,13.0818,32.5115,4883
2016-10-17 09:00:00,101.45,transfer,1.0,109.7786,0.0,134.9336,134.9336,109.7786,84.4817,12.8575,32.3697,4884
2016-10-17 10:00:00,106.17,transfer,1.0,111.1234,0.0,109.3009,109.3009,111.1234,84.4817,12.6594,32.2568,4885
2016-10-17 11:00:00,108.16,transfer,1.0,110.8028,0.0,110.7709,110.7709,110.8028,84.4817,12.5038,32.1592,4886
2016-10-17 12:00:00,98.35,transfer,1.0,109.0365,0.0,99.5963,99.5963,109.0365,84.4817,12.4512,32.0187,4887
2016-10-17 13:00:00,102.06,transfer,1.0,105.165,0.0,86.5303,86.5303,105.165,84.4817,12.3762,31.8964,4888
2016-10-17 14:00:00,113.27,transfer,1.0,97.4693,0.0,100.1363,100.1363,97.4693,84.4817,12.3844,31.8328,4889
2016-10-17 15:00:00,104.72,transfer,1.0,89.5311,0.0,87.5401,87.5401,89.5311,84.4817,12.4094,31.7271,4890
2016-10-17 16:00:00,94.03,transfer,1.0,83.9452,0.0,78.811,78.811,83.9452,84.4817,12.4122,31.5556,4891
2016-10-17 17:00:00,86.04,transfer,1.0,76.9705,0.0,71.5194,71.5194,76.9705,84.4817,12.4093,31.3292,4892
2016-10-17 18:00:00,63.02,transfer,1.0,69.4947,0.0,69.204,69.204,69.4947,84.4817,12.398,31.2221,4893
2016-10-17 19:00:00,59.35,transfer,1.0,64.2135,0.0,62.3341,62.3341,64.2135,84.4817,12.4114,31.1673,4894
2016-10-17 20:00:00,52.41,transfer,1.0,60.8846,0.0,61.3753,61.3753,60.8846,84.4817,12.4371,31.1465,4895
2016-10-17 21:00:00,53.69,transfer,1.0,58.7587,0.0,54.3708,54.3708,58.7587,84.4817,12.445,31.1245,4896
2016-10-17 22:00:00,55.02,transfer,1.0,57.7087,0.0,56.0244,56.0244,57.7087,84.4817,12.4319,31.0939,4897
2016-10-17 23:00:00,52.38,transfer,1.0,57.4698,0.0,60.111,60.111,57.4698,84.4817,12.4153,31.0685,4898
2016-10-18 00:00:00,53.73,transfer,1.0,58.1255,0.0,44.3683,44.3683,58.1255,84.4817,12.39,31.0404,4899
2016-10-18 01:00:00,52.21,transfer,1.0,59.6646,0.0,66.6887,66.6887,59.6646,84.4817,12.3673,31.0175,4900
2016-10-18 02:00:00,50.76,transfer,1.0,62.7634,0.0,60.7493,60.7493,62.7634,84.4817,12.3558,31.0045,4901
2016-10-18 03:00:00,52.48,transfer,1.0,68.0066,0.0,64.5241,64.5241,68.0066,84.4817,12.3375,30.9777,4902
2016-10-18 04:00:00,69.92,transfer,1.0,76.0227,0.0,83.3458,83.3458,76.0227,84.4817,12.2504,30.8679,4903
2016-10-18 05:00:00,60.43,transfer,1.0,87.2527,0.0,81.4612,81.4612,87.2527,84.4817,12.2491,30.8176,4904
2016-10-18 06:00:00,74.53,transfer,1.0,101.4984,0.0,86.8229,86.8229,101.4984,84.4817,12.2113,30.6888,4905
2016-10-18 07:00:00,86.59,transfer,1.0,110.534,0.0,123.8812,123.8812,110.534,84.4817,12.0694,30.4707,4906
2016-10-18 08:00:00,101.5,transfer,1.0,115.2207,0.0,104.7566,104.7566,115.2207,84.4817,11.8559,30.3622,4907
2016-10-18 09:00:00,108.26,transfer,1.0,117.3346,0.0,110.7394,110.7394,117.3346,84.4817,11.6456,30.3229,4908
2016-10-18 10:00:00,117.91,transfer,1.0,118.0195,0.0,131.8334,131.8334,118.0195,84.4817,11.4562,30.3872,4909
2016-10-18 11:00:00,115.75,transfer,1.0,118.1053,0.0,117.7656,117.7656,118.1053,84.4817,11.301,30.4252,4910
2016-10-18 12:00:00,115.75,transfer,1.0,117.7754,0.0,129.457,129.457,117.7754,84.4817,11.1617,30.448,4911
2016-10-18 13:00:00,116.28,transfer,1.0,116.6358,0.0,106.6269,106.6269,116.6358,84.4817,11.0493,30.4689,4912
2016-10-18 14:00:00,122.07,transfer,1.0,114.3894,0.0,110.8861,110.8861,114.3894,84.4817,11.0246,30.526,4913
2016-10-18 15:00:00,118.21,transfer,1.0,110.5639,0.0,122.1803,122.1803,110.5639,84.4817,11.034,30.5621,4914
2016-10-18 16:00:00,114.77,transfer,1.0,104.8938,0.0,104.4337,104.4337,104.8938,84.4817,11.066,30.5649,4915
2016-10-18 17:00:00,102.77,transfer,1.0,97.083,0.0,98.563,98.563,97.083,84.4817,11.0584,30.4678,4916
2016-10-18 18:00:00,73.36,transfer,1.0,88.0147,0.0,85.7114,85.7114,88.0147,84.4817,11.1154,30.3284,4917
2016-10-18 19:00:00,65.28,transfer,1.0,77.9302,0.0,72.6263,72.6263,77.9302,84.4817,11.1844,30.265,4918
2016-10-18 20:00:00,63.43,transfer,1.0,68.9018,0.0,58.3674,58.3674,68.9018,84.4817,11.2122,30.2088,4919
2016-10-18 21:00:00,61.69,transfer,1.0,63.187,0.0,61.053,61.053,63.187,84.4817,11.2164,30.162,4920
2016-10-18 22:00:00,61.35,transfer,1.0,60.6861,0.0,66.6623,66.6623,60.6861,84.4817,11.2186,30.1119,4921
2016-10-18 23:00:00,61.13,transfer,1.0,59.7707,0.0,69.6501,69.6501,59.7707,84.4817,11.2253,30.0675,4922
2016-10-19 00:00:00,61.34,transfer,1.0,59.9206,0.0,51.7717,51.7717,59.9206,84.4817,11.2303,30.0272,4923
2016-10-19 01:00:00,59.67,transfer,1.0,60.8985,0.0,59.9633,59.9633,60.8985,84.4817,11.2171,29.9907,4924
2016-10-19 02:00:00,58.48,transfer,1.0,63.5365,0.0,58.2188,58.2188,63.5365,84.4817,11.2129,29.9657,4925
2016-10-19 03:00:00,57.65,transfer,1.0,68.5645,0.0,66.9281,66.9281,68.5645,84.4817,11.2091,29.9394,4926
2016-10-19 04:00:00,78.9,transfer,1.0,77.2528,0.0,82.3955,82.3955,77.2528,84.4817,11.1274,29.8037,4927
2016-10-19 05:00:00,70.98,transfer,1.0,89.1656,0.0,75.478,75.478,89.1656,84.4817,11.0925,29.7175,4928
2016-10-19 06:00:00,84.7,transfer,1.0,102.8035,0.0,80.2825,80.2825,102.8035,84.4817,11.0026,29.5571,4929
2016-10-19 07:00:00,95.21,transfer,1.0,111.2284,0.0,128.1924,128.1924,111.2284,84.4817,10.8214,29.4303,4930
2016-10-19 08:00:00,106.38,transfer,1.0,115.2772,0.0,121.3169,121.3169,115.2772,84.4817,10.5499,29.3553,4931
2016-10-19 09:00:00,118.32,transfer,1.0,117.0257,0.0,123.4589,123.4589,117.0257,84.4817,10.2394,29.3557,4932
2016-10-19 10:00:00,123.95,transfer,1.0,117.4909,0.0,118.2644,118.2644,117.4909,84.4816,10.0375,29.425,4933
2016-10-19 11:00:00,127.24,transfer,1.0,117.504,0.0,121.1822,121.1822,117.504,84.4816,9.938,29.5373,4934
2016-10-19 12:00:00,127.82,transfer,1.0,117.162,0.0,118.3541,118.3541,117.162,84.4816,9.8963,29.6518,4935
2016-10-19 13:00:00,126.52,transfer,1.0,116.3254,0.0,106.9246,106.9246,116.3254,84.4816,9.8644,29.7279,4936
2016-10-19 14:00:00,129.42,transfer,1.0,114.9579,0.0,133.1242,133.1242,114.9579,84.4816,9.8736,29.8047,4937
2016-10-19 15:00:00,115.93,transfer,1.0,112.5675,0.0,115.6741,115.6741,112.5675,84.4816,9.8428,29.8024,4938
2016-10-19 16:00:00,109.05,transfer,1.0,108.8555,0.0,111.1678,111.1678,108.8555,84.4816,9.7966,29.7436,4939
2016-10-19 17:00:00,100.94,transfer,1.0,102.1439,0.0,103.4034,103.4034,102.1439,84.4816,9.7791,29.6479,4940
2016-10-19 18:00:00,71.33,transfer,1.0,93.2087,0.0,103.1643,103.1643,93.2087,84.4817,9.8855,29.5238,4941
2016-10-19 19:00:00,69.86,transfer,1.0,83.0601,0.0,80.9837,80.9837,83.0601,84.4817,9.9474,29.4425,4942
2016-10-19 20:00:00,59.92,transfer,1.0,73.0375,0.0,69.1709,69.1709,73.0375,84.4817,10.0107,29.4171,4943
2016-10-19 21:00:00,59.29,transfer,1.0,66.7239,0.0,72.9714,72.9714,66.7239,84.4817,10.0487,29.3881,4944
2016-10-19 22:00:00,58.98,transfer,1.0,63.0233,0.0,70.5433,70.5433,63.0233,84.4817,10.0676,29.3636,4945
2016-10-19 23:00:00,58.81,transfer,1.0,61.2358,0.0,72.3296,72.3296,61.2358,84.4817,10.0786,29.3442,4946
2016-10-20 00:00:00,59.07,transfer,1.0,60.956,0.0,64.1148,64.1148,60.956,84.4817,10.0809,29.3203,4947
2016-10-20 01:00:00,59.63,transfer,1.0,61.4265,0.0,63.4075,63.4075,61.4265,84.4817,10.0718,29.295,4948
2016-10-20 02:00:00,55.81,transfer,1.0,63.1509,0.0,54.0702,54.0702,63.1509,84.4817,10.0644,29.2799,4949
2016-10-20 03:00:00,55.9,transfer,1.0,66.2912,0.0,70.2108,70.2108,66.2912,84.4817,10.0459,29.2673,4950
2016-10-20 04:00:00,79.37,transfer,1.0,71.3805,0.0,68.6651,68.6651,71.3805,84.4817,9.9874,29.1312,4951
2016-10-20 05:00:00,70.38,transfer,1.0,80.0538,0.0,75.9038,75.9038,80.0538,84.4817,9.8895,29.051,4952
2016-10-20 06:00:00,77.65,transfer,1.0,93.6592,0.0,101.1361,101.1361,93.6592,84.4816,9.7875,28.9345,4953
2016-10-20 07:00:00,85.83,transfer,1.0,105.4063,0.0,124.0661,124.0661,105.4063,84.4816,9.6362,28.75,4954
2016-10-20 08:00:00,101.23,transfer,1.0,112.4353,0.0,94.3641,94.3641,112.4353,84.4816,9.4343,28.6743,4955
2016-10-20 09:00:00,112.67,transfer,1.0,115.6728,0.0,122.3293,122.3293,115.6728,84.4816,9.1959,28.659,4956
2016-10-20 10:00:00,120.38,transfer,1.0,116.7711,0.0,142.0832,142.0832,116.7711,84.4816,9.0114,28.6918,4957
2016-10-20 11:00:00,125.74,transfer,1.0,116.9713,0.0,127.0491,127.0491,116.9713,84.4816,8.9095,28.7514,4958
2016-10-20 12:00:00,131.83,transfer,1.0,116.5818,0.0,137.234,137.234,116.5818,84.4816,8.8875,28.8446,4959
2016-10-20 13:00:00,129.74,transfer,1.0,115.6575,0.0,107.9859,107.9859,115.6575,84.4816,8.903,28.9337,4960
2016-10-20 14:00:00,132.72,transfer,1.0,114.1228,0.0,119.6819,119.6819,114.1228,84.4816,8.9615,29.0329,4961
2016-10-20 15:00:00,127.25,transfer,1.0,111.6156,0.0,114.3543,114.3543,111.6156,84.4816,9.0227,29.1017,4962
2016-10-20 16:00:00,126.56,transfer,1.0,107.5171,0.0,104.891,104.891,107.5171,84.4816,9.1048,29.1532,4963
2016-10-20 17:00:00,107.95,transfer,1.0,101.1635,0.0,111.806,111.806,101.1635,84.4816,9.1004,29.0703,4964
2016-10-20 18:00:00,73.53,transfer,1.0,93.9984,0.0,91.3284,91.3284,93.9984,84.4816,9.1696,28.8965,4965
2016-10-20 19:00:00,68.07,transfer,1.0,83.674,0.0,95.329,95.329,83.674,84.4817,9.2447,28.7827,4966
2016-10-20 20:00:00,59.33,transfer,1.0,72.9975,0.0,68.4846,68.4846,72.9975,84.4817,9.3044,28.714,4967
2016-10-20 21:00:00,58.64,transfer,1.0,65.803,0.0,74.0278,74.0278,65.803,84.4817,9.3276,28.6509,4968
2016-10-20 22:00:00,55.64,transfer,1.0,61.9095,0.0,69.4204,69.4204,61.9095,84.4817,9.3454,28.6068,4969
2016-10-20 23:00:00,56.04,transfer,1.0,60.3813,0.0,50.0117,50.0117,60.3813,84.4817,9.3465,28.5594,4970
2016-10-21 00:00:00,55.59,transfer,1.0,59.9752,0.0,59.4891,59.4891,59.9752,84.4817,9.3455,28.5199,4971
2016-10-21 01:00:00,52.59,transfer,1.0,60.6674,0.0,49.2728,49.2728,60.6674,84.4817,9.3484,28.4916,4972
2016-10-21 02:00:00,52.0,transfer,1.0,62.2489,0.0,65.4772,65.4772,62.2489,84.4817,9.3469,28.4658,4973
2016-10-21 03:00:00,52.06,transfer,1.0,65.4923,0.0,72.1659,72.1659,65.4923,84.4817,9.342,28.4399,4974
2016-10-21 04:00:00,77.56,transfer,1.0,71.5801,0.0,63.6343,63.6343,71.5801,84.4817,9.2749,28.2753,4975
2016-10-21 05:00:00,69.1,transfer,1.0,81.8546,0.0,80.8595,80.8595,81.8546,84.4815,9.2096,28.1612,4976
2016-10-21 06:00:00,67.22,transfer,1.0,96.5562,0.0,89.9175,89.9175,96.5562,84.4815,9.2075,28.0628,4977
2016-10-21 07:00:00,64.61,transfer,1.0,107.4361,0.0,120.0527,120.0527,107.4361,84.4816,9.228,27.9577,4978
2016-10-21 08:00:00,70.98,transfer,1.0,112.5894,0.0,102.0545,102.0545,112.5894,84.4816,9.235,27.8282,4979
2016-10-21 09:00:00,75.73,transfer,1.0,114.4497,0.0,124.648,124.648,114.4497,84.4816,9.252,27.6859,4980
2016-10-21 10:00:00,98.78,transfer,1.0,114.2325,0.0,103.8302,103.8302,114.2325,84.4816,9.1886,27.6008,4981
2016-10-21 11:00:00,106.12,transfer,1.0,112.678,0.0,112.1711,112.1711,112.678,84.4816,9.1306,27.5799,4982
2016-10-21 12:00:00,112.13,transfer,1.0,111.4124,0.0,100.789,100.789,111.4124,84.4816,9.0732,27.5973,4983
2016-10-21 13:00:00,118.21,transfer,1.0,109.2724,0.0,109.1141,109.1141,109.2724,84.4816,9.0887,27.6495,4984
2016-10-21 14:00:00,106.11,transfer,1.0,105.4473,0.0,113.0728,113.0728,105.4473,84.4816,9.0546,27.6083,4985
2016-10-21 15:00:00,98.05,transfer,1.0,97.0944,0.0,77.6855,77.6855,97.0944,84.4816,9.0578,27.5378,4986
2016-10-21 16:00:00,89.17,transfer,1.0,88.7495,0.0,60.2287,60.2287,88.7495,84.4816,9.0586,27.4014,4987
2016-10-21 17:00:00,79.21,transfer,1.0,79.315,0.0,91.8495,91.8495,79.315,84.4816,9.0462,27.2469,4988
2016-10-21 18:00:00,68.37,transfer,1.0,70.9731,0.0,62.0997,62.0997,70.9731,84.4816,9.0386,27.1382,4989
2016-10-21 19:00:00,62.91,transfer,1.0,64.8199,0.0,65.7752,65.7752,64.8199,84.4817,9.0419,27.0723,4990
2016-10-21 20:00:00,68.59,transfer,1.0,61.9311,0.0,60.6896,60.6896,61.9311,84.4817,9.0745,26.9735,4991
2016-10-21 21:00:00,54.15,transfer,1.0,60.2126,0.0,62.1123,62.1123,60.2126,84.4817,9.1032,26.9619,4992
2016-10-21 22:00:00,53.03,transfer,1.0,60.0904,0.0,62.2122,62.2122,60.0904,84.4817,9.1304,26.9546,4993
2016-10-21 23:00:00,50.19,transfer,1.0,59.9339,0.0,58.637,58.637,59.9339,84.4817,9.1617,26.9592,4994
2016-10-22 00:00:00,51.04,transfer,1.0,60.2765,0.0,58.544,58.544,60.2765,84.4817,9.1923,26.9701,4995
2016-10-22 01:00:00,49.97,transfer,1.0,60.1024,0.0,67.1059,67.1059,60.1024,84.4817,9.2033,26.9657,4996
2016-10-22 02:00:00,48.48,transfer,1.0,60.4053,0.0,65.2413,65.2413,60.4053,84.4817,9.2332,26.9815,4997
2016-10-22 03:00:00,48.56,transfer,1.0,61.3043,0.0,59.7668,59.7668,61.3043,84.4817,9.2651,26.9965,4998
2016-10-22 04:00:00,51.66,transfer,1.0,62.9094,0.0,67.6114,67.6114,62.9094,84.4817,9.299,27.0089,4999
2016-10-22 05:00:00,51.33,transfer,1.0,65.8632,0.0,54.798,54.798,65.8632,84.4816,9.3521,27.0289,5000
2016-10-22 06:00:00,51.67,transfer,1.0,68.6662,0.0,65.5863,65.5863,68.6662,84.4817,9.4084,27.0416,5001
2016-10-22 07:00:00,49.07,transfer,1.0,71.6209,0.0,72.3506,72.3506,71.6209,84.4817,9.4594,27.0379,5002
2016-10-22 08:00:00,43.57,transfer,1.0,73.8126,0.0,76.6471,76.6471,73.8126,84.4817,9.5423,27.0581,5003
2016-10-22 09:00:00,43.53,transfer,1.0,71.0026,0.0,61.0363,61.0363,71.0026,84.4817,9.6302,27.0882,5004
2016-10-22 10:00:00,43.39,transfer,1.0,67.1491,0.0,59.782,59.782,67.1491,84.4817,9.6888,27.1028,5005
2016-10-22 11:00:00,49.79,transfer,1.0,64.6442,0.0,62.441,62.441,64.6442,84.4817,9.7153,27.0924,5006
2016-10-22 12:00:00,52.62,transfer,1.0,62.7029,0.0,65.3433,65.3433,62.7029,84.4817,9.716,27.0605,5007
2016-10-22 13:00:00,53.24,transfer,1.0,61.3801,0.0,55.5616,55.5616,61.3801,84.4817,9.7059,27.019,5008
2016-10-22 14:00:00,52.45,transfer,1.0,60.16,0.0,54.2477,54.2477,60.16,84.4817,9.6995,26.9823,5009
2016-10-22 15:00:00,51.06,transfer,1.0,58.9222,0.0,63.3269,63.3269,58.9222,84.4817,9.7057,26.9593,5010
2016-10-22 16:00:00,49.99,transfer,1.0,57.7596,0.0,48.0265,48.0265,57.7596,84.4817,9.7134,26.9391,5011
2016-10-22 17:00:00,50.2,transfer,1.0,56.5882,0.0,49.8843,49.8843,56.5882,84.4817,9.7166,26.9168,5012
2016-10-22 18:00:00,52.15,transfer,1.0,55.5729,0.0,53.0476,53.0476,55.5729,84.4817,9.7107,26.8875,5013
2016-10-22 19:00:00,55.11,transfer,1.0,54.8815,0.0,53.4961,53.4961,54.8815,84.4817,9.7068,26.8695,5014
2016-10-22 20:00:00,53.83,transfer,1.0,54.9607,0.0,52.7966,52.7966,54.9607,84.4817,9.7128,26.8547,5015
2016-10-22 21:00:00,53.71,transfer,1.0,55.0986,0.0,60.7175,60.7175,55.0986,84.4817,9.7194,26.8452,5016
2016-10-22 22:00:00,53.33,transfer,1.0,55.3645,0.0,53.6316,53.6316,55.3645,84.4817,9.7287,26.8363,5017
2016-10-22 23:00:00,52.83,transfer,1.0,55.6765,0.0,56.8281,56.8281,55.6765,84.4817,9.7403,26.8305,5018
2016-10-23 00:00:00,54.03,transfer,1.0,56.0313,0.0,49.9519,49.9519,56.0313,84.4817,9.748,26.8223,5019
2016-10-23 01:00:00,52.76,transfer,1.0,56.9468,0.0,55.6279,55.6279,56.9468,84.4817,9.7509,26.8098,5020
2016-10-23 02:00:00,52.85,transfer,1.0,58.0798,0.0,58.8514,58.8514,58.0798,84.4817,9.7557,26.7999,5021
2016-10-23 03:00:00,52.76,transfer,1.0,59.5332,0.0,63.8824,63.8824,59.5332,84.4817,9.7503,26.7805,5022
2016-10-23 04:00:00,55.65,transfer,1.0,61.3486,0.0,65.6628,65.6628,61.3486,84.4817,9.7558,26.7719,5023
2016-10-23 05:00:00,56.04,transfer,1.0,63.2177,0.0,65.3055,65.3055,63.2177,84.4817,9.76,26.7617,5024
2016-10-23 06:00:00,56.16,transfer,1.0,64.8969,0.0,68.5094,68.5094,64.8969,84.4817,9.7626,26.7538,5025
2016-10-23 07:00:00,51.28,transfer,1.0,66.4475,0.0,63.2399,63.2399,66.4475,84.4817,9.7566,26.741,5026
2016-10-23 08:00:00,48.89,transfer,1.0,67.7368,0.0,71.0957,71.0957,67.7368,84.4817,9.7461,26.7245,5027
2016-10-23 09:00:00,49.15,transfer,1.0,65.5744,0.0,58.1867,58.1867,65.5744,84.4817,9.7373,26.712,5028
2016-10-23 10:00:00,49.63,transfer,1.0,63.051,0.0,75.8827,75.8827,63.051,84.4817,9.7278,26.7013,5029
2016-10-23 11:00:00,49.61,transfer,1.0,61.9463,0.0,58.5202,58.5202,61.9463,84.4817,9.7232,26.6912,5030
2016-10-23 12:00:00,50.25,transfer,1.0,60.8587,0.0,60.8735,60.8735,60.8587,84.4817,9.7158,26.6757,5031
2016-10-23 13:00:00,49.5,transfer,1.0,59.84,0.0,55.6567,55.6567,59.84,84.4817,9.7174,26.6666,5032
2016-10-23 14:00:00,49.75,transfer,1.0,58.8911,0.0,64.5367,64.5367,58.8911,84.4817,9.716,26.6529,5033
2016-10-23 15:00:00,49.47,transfer,1.0,57.936,0.0,62.6527,62.6527,57.936,84.4817,9.7227,26.6458,5034
2016-10-23 16:00:00,49.07,transfer,1.0,57.105,0.0,60.0773,60.0773,57.105,84.4817,9.7306,26.6391,5035
2016-10-23 17:00:00,49.59,transfer,1.0,56.3293,0.0,51.221,51.221,56.3293,84.4817,9.7361,26.6297,5036
2016-10-23 18:00:00,51.59,transfer,1.0,55.6049,0.0,54.3306,54.3306,55.6049,84.4817,9.7263,26.6047,5037
2016-10-23 19:00:00,54.87,transfer,1.0,55.1714,0.0,55.4643,55.4643,55.1714,84.4817,9.7219,26.5842,5038
2016-10-23 20:00:00,53.37,transfer,1.0,55.3602,0.0,55.7335,55.7335,55.3602,84.4817,9.7294,26.5757,5039
2016-10-23 21:00:00,53.42,transfer,1.0,55.5757,0.0,61.2553,61.2553,55.5757,84.4817,9.7371,26.5677,5040
2016-10-23 22:00:00,53.49,transfer,1.0,55.9183,0.0,65.4193,65.4193,55.9183,84.4817,9.7471,26.5632,5041
2016-10-23 23:00:00,53.3,transfer,1.0,56.271,0.0,54.2748,54.2748,56.271,84.4817,9.7523,26.5564,5042
2016-10-24 00:00:00,53.66,transfer,1.0,56.7809,0.0,60.0331,60.0331,56.7809,84.4817,9.7585,26.5522,5043
2016-10-24 01:00:00,53.4,transfer,1.0,58.9311,0.0,59.7794,59.7794,58.9311,84.4817,9.7626,26.5465,5044
2016-10-24 02:00:00,53.49,transfer,1.0,62.7516,0.0,64.842,64.842,62.7516,84.4817,9.7629,26.5357,5045
2016-10-24 03:00:00,53.39,transfer,1.0,68.3119,0.0,58.4354,58.4354,68.3119,84.4817,9.772,26.5351,5046
2016-10-24 04:00:00,56.75,transfer,1.0,75.7528,0.0,79.2459,79.2459,75.7528,84.4817,9.771,26.5227,5047
2016-10-24 05:00:00,58.52,transfer,1.0,84.6609,0.0,82.8531,82.8531,84.6609,84.4817,9.7649,26.5036,5048
2016-10-24 06:00:00,76.4,transfer,1.0,93.5641,0.0,96.5032,96.5032,93.5641,84.4817,9.7514,26.4691,5049
2016-10-24 07:00:00,90.66,transfer,1.0,102.8935,0.0,104.5284,104.5284,102.8935,84.4817,9.7274,26.4872,5050
2016-10-24 08:00:00,97.19,transfer,1.0,111.2678,0.0,92.7529,92.7529,111.2678,84.4817,9.7287,26.5222,5051
2016-10-24 09:00:00,95.07,transfer,1.0,115.3191,0.0,99.916,99.916,115.3191,84.4817,9.7997,26.4843,5052
2016-10-24 10:00:00,100.06,transfer,1.0,116.1169,0.0,126.2829,126.2829,116.1169,84.4817,9.8657,26.4479,5053
2016-10-24 11:00:00,94.26,transfer,1.0,115.2489,0.0,125.67,125.67,115.2489,84.4817,9.975,26.3652,5054
2016-10-24 12:00:00,89.28,transfer,1.0,112.9649,0.0,95.7341,95.7341,112.9649,84.4817,10.0523,26.3112,5055
2016-10-24 13:00:00,84.34,transfer,1.0,107.4848,0.0,102.5544,102.5544,107.4848,84.4817,10.1716,26.2074,5056
2016-10-24 14:00:00,86.12,transfer,1.0,98.8286,0.0,100.4253,100.4253,98.8286,84.4817,10.1532,26.0458,5057
2016-10-24 15:00:00,80.92,transfer,1.0,87.8983,0.0,84.6753,84.6753,87.8983,84.4817,10.1043,25.9465,5058
2016-10-24 16:00:00,75.16,transfer,1.0,78.4035,0.0,83.042,83.042,78.4035,84.4817,10.0636,25.9452,5059
2016-10-24 17:00:00,70.71,transfer,1.0,70.5379,0.0,71.8535,71.8535,70.5379,84.4817,10.0106,26.0179,5060
2016-10-24 18:00:00,64.23,transfer,1.0,65.3355,0.0,72.539,72.539,65.3355,84.4817,9.9787,26.0107,5061
2016-10-24 19:00:00,60.33,transfer,1.0,62.5309,0.0,70.2621,70.2621,62.5309,84.4817,9.9628,26.0048,5062
2016-10-24 20:00:00,48.09,transfer,1.0,61.5737,0.0,66.3972,66.3972,61.5737,84.4817,9.9927,26.0305,5063
2016-10-24 21:00:00,46.75,transfer,1.0,60.6054,0.0,57.9994,57.9994,60.6054,84.4817,10.045,26.0719,5064
2016-10-24 22:00:00,46.48,transfer,1.0,59.8057,0.0,55.9305,55.9305,59.8057,84.4817,10.1083,26.1227,5065
2016-10-24 23:00:00,46.18,transfer,1.0,59.801,0.0,58.9291,58.9291,59.801,84.4817,10.1591,26.1596,5066
2016-10-25 00:00:00,46.9,transfer,1.0,60.7353,0.0,56.478,56.478,60.7353,84.4817,10.2152,26.2002,5067
2016-10-25 01:00:00,45.85,transfer,1.0,63.131,0.0,61.0385,61.0385,63.131,84.4817,10.2737,26.2381,5068
2016-10-25 02:00:00,45.56,transfer,1.0,67.3082,0.0,74.7192,74.7192,67.3082,84.4817,10.3317,26.2691,5069
2016-10-25 03:00:00,45.52,transfer,1.0,73.691,0.0,71.8827,71.8827,73.691,84.4817,10.407,26.3105,5070
2016-10-25 04:00:00,47.54,transfer,1.0,82.9345,0.0,78.5311,78.5311,82.9345,84.4817,10.5814,26.4437,5071
2016-10-25 05:00:00,53.23,transfer,1.0,95.3316,0.0,78.8499,78.8499,95.3316,84.4817,10.6723,26.4866,5072
2016-10-25 06:00:00,66.45,transfer,1.0,105.6197,0.0,89.3292,89.3292,105.6197,84.4817,10.7449,26.5347,5073
2016-10-25 07:00:00,74.73,transfer,1.0,113.1382,0.0,127.0031,127.0031,113.1382,84.4817,10.831,26.5801,5074
2016-10-25 08:00:00,91.09,transfer,1.0,116.7495,0.0,115.0892,115.0892,116.7495,84.4817,10.9021,26.5182,5075
2016-10-25 09:00:00,95.45,transfer,1.0,117.9767,0.0,109.2821,109.2821,117.9767,84.4817,10.9822,26.4419,5076
2016-10-25 10:00:00,100.78,transfer,1.0,118.3087,0.0,131.615,131.615,118.3087,84.4817,11.0858,26.34,5077
2016-10-25 11:00:00,100.9,transfer,1.0,118.1865,0.0,140.4137,140.4137,118.1865,84.4817,11.1747,26.2516,5078
2016-10-25 12:00:00,97.29,transfer,1.0,117.3819,0.0,133.8741,133.8741,117.3819,84.4817,11.2823,26.1417,5079
2016-10-25 13:00:00,97.44,transfer,1.0,115.3811,0.0,107.0149,107.0149,115.3811,84.4817,11.3869,26.0296,5080
2016-10-25 14:00:00,95.73,transfer,1.0,110.8932,0.0,101.7724,101.7724,110.8932,84.4817,11.4315,25.8728,5081
2016-10-25 15:00:00,79.83,transfer,1.0,104.3337,0.0,106.7678,106.7678,104.3337,84.4817,11.5318,25.6997,5082
2016-10-25 16:00:00,72.84,transfer,1.0,94.503,0.0,94.9502,94.9502,94.503,84.4817,11.602,25.5887,5083
2016-10-25 17:00:00,69.72,transfer,1.0,80.5399,0.0,87.7218,87.7218,80.5399,84.4817,11.6325,25.5677,5084
2016-10-25 18:00:00,71.32,transfer,1.0,69.2736,0.0,78.4136,78.4136,69.2736,84.4817,11.5575,25.5798,5085
2016-10-25 19:00:00,67.73,transfer,1.0,62.9757,0.0,61.9688,61.9688,62.9757,84.4817,11.5105,25.5653,5086
2016-10-25 20:00:00,63.23,transfer,1.0,61.3981,0.0,69.1272,69.1272,61.3981,84.4817,11.4888,25.5665,5087
2016-10-25 21:00:00,62.28,transfer,1.0,60.8003,0.0,52.2876,52.2876,60.8003,84.4817,11.4887,25.5629,5088
2016-10-25 22:00:00,63.34,transfer,1.0,60.906,0.0,60.6469,60.6469,60.906,84.4817,11.4992,25.5511,5089
2016-10-25 23:00:00,60.24,transfer,1.0,61.822,0.0,60.6495,60.6495,61.822,84.4817,11.5006,25.5564,5090
2016-10-26 00:00:00,62.31,transfer,1.0,63.9508,0.0,48.1627,48.1627,63.9508,84.4817,11.5019,25.5506,5091
2016-10-26 01:00:00,61.0,transfer,1.0,66.7506,0.0,61.7249,61.7249,66.7506,84.4817,11.5288,25.5427,5092
2016-10-26 02:00:00,61.57,transfer,1.0,71.4122,0.0,75.9522,75.9522,71.4122,84.4817,11.5573,25.5243,5093
2016-10-26 03:00:00,61.28,transfer,1.0,77.9435,0.0,79.4831,79.4831,77.9435,84.4817,11.5915,25.5027,5094
2016-10-26 04:00:00,63.98,transfer,1.0,87.9605,0.0,103.6066,103.6066,87.9605,84.4817,11.7245,25.5915,5095
2016-10-26 05:00:00,70.63,transfer,1.0,101.0374,0.0,100.8985,100.8985,101.0374,84.4817,11.7972,25.5936,5096
2016-10-26 06:00:00,84.13,transfer,1.0,110.6464,0.0,105.5673,105.5673,110.6464,84.4817,11.8473,25.5944,5097
2016-10-26 07:00:00,89.99,transfer,1.0,115.722,0.0,104.8403,104.8403,115.722,84.4817,11.9051,25.5633,5098
2016-10-26 08:00:00,106.6,transfer,1.0,117.7313,0.0,105.774,105.774,117.7313,84.4817,11.9184,25.5646,5099
2016-10-26 09:00:00,113.52,transfer,1.0,118.3959,0.0,113.664,113.664,118.3959,84.4817,11.9397,25.5361,5100
2016-10-26 10:00:00,129.2,transfer,1.0,118.5144,0.0,91.431,91.431,118.5144,84.4817,11.9649,25.5673,5101
2016-10-26 11:00:00,126.47,transfer,1.0,118.4361,0.0,120.8947,120.8947,118.4361,84.4817,11.9547,25.5627,5102
2016-10-26 12:00:00,119.52,transfer,1.0,118.2487,0.0,126.4171,126.4171,118.2487,84.4817,11.8989,25.5133,5103
2016-10-26 13:00:00,113.28,transfer,1.0,117.7664,0.0,89.8783,89.8783,117.7664,84.4817,11.8649,25.4345,5104
2016-10-26 14:00:00,115.58,transfer,1.0,116.6734,0.0,124.7116,124.7116,116.6734,84.4817,11.7853,25.3521,5105
2016-10-26 15:00:00,106.79,transfer,1.0,114.3997,0.0,116.4856,116.4856,114.3997,84.4817,11.8106,25.2977,5106
2016-10-26 16:00:00,102.39,transfer,1.0,110.0833,0.0,122.8605,122.8605,110.0833,84.4817,11.8552,25.2581,5107
2016-10-26 17:00:00,97.6,transfer,1.0,102.7792,0.0,106.0622,106.0622,102.7792,84.4817,11.8789,25.2382,5108
2016-10-26 18:00:00,87.62,transfer,1.0,93.9574,0.0,100.4758,100.4758,93.9574,84.4817,11.7864,25.1786,5109
2016-10-26 19:00:00,77.45,transfer,1.0,84.581,0.0,87.8124,87.8124,84.581,84.4817,11.7503,25.1334,5110
2016-10-26 20:00:00,68.55,transfer,1.0,77.5424,0.0,91.093,91.093,77.5424,84.4817,11.7257,25.0821,5111
2016-10-26 21:00:00,65.02,transfer,1.0,72.017,0.0,73.0596,73.0596,72.017,84.4817,11.7231,25.0479,5112
2016-10-26 22:00:00,67.59,transfer,1.0,68.7196,0.0,74.2445,74.2445,68.7196,84.4817,11.7058,24.9967,5113
2016-10-26 23:00:00,66.84,transfer,1.0,67.5179,0.0,74.0632,74.0632,67.5179,84.4817,11.6954,24.9489,5114
2016-10-27 00:00:00,67.66,transfer,1.0,68.4436,0.0,72.0742,72.0742,68.4436,84.4817,11.6888,24.8978,5115
2016-10-27 01:00:00,66.12,transfer,1.0,70.4428,0.0,79.1329,79.1329,70.4428,84.4817,11.7038,24.8591,5116
2016-10-27 02:00:00,67.38,transfer,1.0,74.2786,0.0,72.745,72.745,74.2786,84.4817,11.7012,24.7903,5117
2016-10-27 03:00:00,65.62,transfer,1.0,79.9774,0.0,89.3553,89.3553,79.9774,84.4817,11.7248,24.7324,5118
2016-10-27 04:00:00,68.11,transfer,1.0,88.8244,0.0,105.3895,105.3895,88.8244,84.4817,11.8006,24.7994,5119
2016-10-27 05:00:00,68.14,transfer,1.0,99.8794,0.0,89.3169,89.3169,99.8794,84.4817,11.9319,24.8128,5120
2016-10-27 06:00:00,86.03,transfer,1.0,108.5033,0.0,125.5471,125.5471,108.5033,84.4817,11.9704,24.7813,5121
2016-10-27 07:00:00,95.44,transfer,1.0,113.9247,0.0,126.786,126.786,113.9247,84.4817,11.9639,24.8385,5122
2016-10-27 08:00:00,104.26,transfer,1.0,116.8312,0.0,136.9944,136.9944,116.8312,84.4817,11.972,24.8566,5123
2016-10-27 09:00:00,109.86,transfer,1.0,118.0608,0.0,113.1217,113.1217,118.0608,84.4817,12.0029,24.8398,5124
2016-10-27 10:00:00,109.08,transfer,1.0,118.34,0.0,122.2467,122.2467,118.34,84.4817,12.0366,24.7726,5125
2016-10-27 11:00:00,109.94,transfer,1.0,118.2803,0.0,123.9017,123.9017,118.2803,84.4817,12.034,24.6785,5126
2016-10-27 12:00:00,110.91,transfer,1.0,117.7654,0.0,119.4483,119.4483,117.7654,84.4817,11.9841,24.554,5127
2016-10-27 13:00:00,117.06,transfer,1.0,116.6187,0.0,122.0355,122.0355,116.6187,84.4817,11.9029,24.4785,5128
2016-10-27 14:00:00,116.66,transfer,1.0,114.5319,0.0,105.4116,105.4116,114.5319,84.4817,11.8048,24.3829,5129
2016-10-27 15:00:00,112.5,transfer,1.0,111.6517,0.0,122.3053,122.3053,111.6517,84.4817,11.7168,24.2951,5130
2016-10-27 16:00:00,101.17,transfer,1.0,107.068,0.0,118.9497,118.9497,107.068,84.4817,11.6386,24.144,5131
2016-10-27 17:00:00,96.7,transfer,1.0,100.7353,0.0,85.2616,85.2616,100.7353,84.4817,11.6222,24.077,5132
2016-10-27 18:00:00,97.0,transfer,1.0,91.467,0.0,82.169,82.169,91.467,84.4817,11.5333,24.0864,5133
2016-10-27 19:00:00,95.14,transfer,1.0,82.0539,0.0,85.7593,85.7593,82.0539,84.4817,11.5183,24.0521,5134
2016-10-27 20:00:00,79.05,transfer,1.0,76.649,0.0,92.6963,92.6963,76.649,84.4817,11.4513,23.9347,5135
2016-10-27 21:00:00,61.28,transfer,1.0,73.0399,0.0,72.2393,72.2393,73.0399,84.4817,11.4786,23.919,5136
2016-10-27 22:00:00,61.46,transfer,1.0,69.3195,0.0,61.1203,61.1203,69.3195,84.4817,11.4881,23.8844,5137
2016-10-27 23:00:00,61.45,transfer,1.0,66.1036,0.0,83.6081,83.6081,66.1036,84.4817,11.4899,23.8522,5138
2016-10-28 00:00:00,61.83,transfer,1.0,64.8858,0.0,58.3515,58.3515,64.8858,84.4817,11.482,23.815,5139
2016-10-28 01:00:00,59.71,transfer,1.0,65.0613,0.0,70.8708,70.8708,65.0613,84.4817,11.4658,23.7726,5140
2016-10-28 02:00:00,60.72,transfer,1.0,66.3708,0.0,67.7655,67.7655,66.3708,84.4817,11.4384,23.7207,5141
2016-10-28 03:00:00,57.69,transfer,1.0,69.8208,0.0,75.7451,75.7451,69.8208,84.4817,11.4307,23.6872,5142
2016-10-28 04:00:00,61.44,transfer,1.0,75.5455,0.0,76.5764,76.5764,75.5455,84.4817,11.4791,23.7832,5143
2016-10-28 05:00:00,62.62,transfer,1.0,84.641,0.0,68.6984,68.6984,84.641,84.4817,11.5342,23.8218,5144
2016-10-28 06:00:00,79.09,transfer,1.0,94.9376,0.0,97.0685,97.0685,94.9376,84.4817,11.4539,23.7511,5145
2016-10-28 07:00:00,87.88,transfer,1.0,104.6738,0.0,108.9291,108.9291,104.6738,84.4817,11.299,23.653,5146
2016-10-28 08:00:00,99.5,transfer,1.0,112.0099,0.0,104.6274,104.6274,112.0099,84.4817,11.1258,23.6621,5147
2016-10-28 09:00:00,105.78,transfer,1.0,115.4953,0.0,116.0224,116.0224,115.4953,84.4817,10.9531,23.7368,5148
2016-10-28 10:00:00,99.39,transfer,1.0,116.608,0.0,117.1699,117.1699,116.608,84.4817,10.9636,23.7404,5149
2016-10-28 11:00:00,97.25,transfer,1.0,116.6538,0.0,120.5495,120.5495,116.6538,84.4817,11.0401,23.6876,5150
2016-10-28 12:00:00,95.6,transfer,1.0,115.269,0.0,123.9636,123.9636,115.269,84.4817,11.1529,23.5892,5151
2016-10-28 13:00:00,93.53,transfer,1.0,112.1929,0.0,118.8623,118.8623,112.1929,84.4817,11.2108,23.4423,5152
2016-10-28 14:00:00,87.57,transfer,1.0,107.3747,0.0,98.2704,98.2704,107.3747,84.4817,11.3247,23.3319,5153
2016-10-28 15:00:00,80.13,transfer,1.0,99.3458,0.0,103.2264,103.2264,99.3458,84.4817,11.4334,23.2771,5154
2016-10-28 16:00:00,76.23,transfer,1.0,89.2081,0.0,96.9603,96.9603,89.2081,84.4817,11.5082,23.2983,5155
2016-10-28 17:00:00,75.03,transfer,1.0,79.3119,0.0,73.3669,73.3669,79.3119,84.4817,11.533,23.3232,5156
2016-10-28 18:00:00,69.56,transfer,1.0,72.3992,0.0,74.3623,74.3623,72.3992,84.4817,11.5344,23.3161,5157
2016-10-28 19:00:00,68.37,transfer,1.0,68.79,0.0,74.2009,74.2009,68.79,84.4817,11.5256,23.2836,5158
2016-10-28 20:00:00,62.3,transfer,1.0,67.1824,0.0,58.6301,58.6301,67.1824,84.4817,11.515,23.321,5159
2016-10-28 21:00:00,60.19,transfer,1.0,66.25,0.0,68.1215,68.1215,66.25,84.4817,11.515,23.2851,5160
2016-10-28 22:00:00,58.77,transfer,1.0,65.3156,0.0,51.1768,51.1768,65.3156,84.4817,11.5119,23.2509,5161
2016-10-28 23:00:00,57.74,transfer,1.0,65.1404,0.0,67.6587,67.6587,65.1404,84.4817,11.498,23.206,5162
2016-10-29 00:00:00,58.92,transfer,1.0,65.8008,0.0,66.2724,66.2724,65.8008,84.4817,11.4839,23.1591,5163
2016-10-29 01:00:00,57.74,transfer,1.0,65.7531,0.0,51.9875,51.9875,65.7531,84.4817,11.4713,23.1128,5164
2016-10-29 02:00:00,57.39,transfer,1.0,65.5044,0.0,72.2401,72.2401,65.5044,84.4817,11.4486,23.0598,5165
2016-10-29 03:00:00,57.27,transfer,1.0,65.6407,0.0,69.8089,69.8089,65.6407,84.4817,11.4226,23.0079,5166
2016-10-29 04:00:00,57.9,transfer,1.0,66.2434,0.0,69.1777,69.1777,66.2434,84.4817,11.4053,22.9708,5167
2016-10-29 05:00:00,59.23,transfer,1.0,67.2899,0.0,78.9629,78.9629,67.2899,84.4817,11.3668,22.9238,5168
2016-10-29 06:00:00,58.11,transfer,1.0,68.7129,0.0,71.5949,71.5949,68.7129,84.4817,11.3287,22.8854,5169
2016-10-29 07:00:00,55.11,transfer,1.0,70.6365,0.0,90.787,90.787,70.6365,84.4817,11.2869,22.8495,5170
2016-10-29 08:00:00,52.09,transfer,1.0,71.6188,0.0,63.9245,63.9245,71.6188,84.4817,11.2231,22.7988,5171
2016-10-29 09:00:00,52.1,transfer,1.0,69.9491,0.0,77.9099,77.9099,69.9491,84.4817,11.1659,22.7477,5172
2016-10-29 10:00:00,52.46,transfer,1.0,67.7471,0.0,74.3468,74.3468,67.7471,84.4817,11.1154,22.6938,5173
2016-10-29 11:00:00,53.8,transfer,1.0,65.7711,0.0,73.8935,73.8935,65.7711,84.4817,11.0983,22.6699,5174
2016-10-29 12:00:00,53.71,transfer,1.0,64.125,0.0,68.7689,68.7689,64.125,84.4817,11.1002,22.6634,5175
2016-10-29 13:00:00,53.13,transfer,1.0,62.8721,0.0,68.1828,68.1828,62.8721,84.4817,11.1098,22.6641,5176
2016-10-29 14:00:00,53.69,transfer,1.0,61.5702,0.0,59.0565,59.0565,61.5702,84.4817,11.1108,22.6567,5177
2016-10-29 15:00:00,55.1,transfer,1.0,60.2104,0.0,55.8899,55.8899,60.2104,84.4817,11.0944,22.6326,5178
2016-10-29 16:00:00,54.72,transfer,1.0,58.99,0.0,69.5748,69.5748,58.99,84.4817,11.0736,22.6045,5179
2016-10-29 17:00:00,54.02,transfer,1.0,57.9967,0.0,63.9257,63.9257,57.9967,84.4817,11.0592,22.5817,5180
2016-10-29 18:00:00,56.62,transfer,1.0,57.1358,0.0,51.435,51.435,57.1358,84.4817,11.0419,22.5551,5181
2016-10-29 19:00:00,58.49,transfer,1.0,56.3513,0.0,52.4577,52.4577,56.3513,84.4817,11.0533,22.535,5182
2016-10-29 20:00:00,58.26,transfer,1.0,56.3913,0.0,51.9479,51.9479,56.3913,84.4817,11.0577,22.5086,5183
2016-10-29 21:00:00,58.03,transfer,1.0,56.3001,0.0,47.2875,47.2875,56.3001,84.4817,11.0597,22.4829,5184
2016-10-29 22:00:00,57.51,transfer,1.0,56.3437,0.0,37.7302,37.7302,56.3437,84.4817,11.0545,22.458,5185
2016-10-29 23:00:00,58.75,transfer,1.0,56.5648,0.0,60.6371,60.6371,56.5648,84.4817,11.0506,22.4228,5186
2016-10-30 00:00:00,57.64,transfer,1.0,56.996,0.0,54.0773,54.0773,56.996,84.4817,11.0425,22.4013,5187
2016-10-30 01:00:00,57.72,transfer,1.0,57.9996,0.0,55.4491,55.4491,57.9996,84.4817,11.0193,22.3718,5188
2016-10-30 02:00:00,57.37,transfer,1.0,59.316,0.0,59.6947,59.6947,59.316,84.4817,10.9997,22.3449,5189
2016-10-30 03:00:00,57.35,transfer,1.0,60.892,0.0,62.2578,62.2578,60.892,84.4817,10.9805,22.3176,5190
2016-10-30 04:00:00,61.26,transfer,1.0,62.7758,0.0,61.6259,61.6259,62.7758,84.4817,10.9556,22.2842,5191
2016-10-30 05:00:00,59.73,transfer,1.0,65.0844,0.0,64.2044,64.2044,65.0844,84.4817,10.9447,22.2622,5192
2016-10-30 06:00:00,58.94,transfer,1.0,67.7687,0.0,82.2355,82.2355,67.7687,84.4817,10.9453,22.2457,5193
2016-10-30 07:00:00,55.61,transfer,1.0,70.2902,0.0,64.6647,64.6647,70.2902,84.4817,10.9424,22.2199,5194
2016-10-30 08:00:00,51.76,transfer,1.0,71.8572,0.0,75.811,75.811,71.8572,84.4817,10.9498,22.2028,5195
2016-10-30 09:00:00,51.62,transfer,1.0,70.244,0.0,73.1964,73.1964,70.244,84.4817,10.9629,22.1881,5196
2016-10-30 10:00:00,53.43,transfer,1.0,67.7325,0.0,70.1182,70.1182,67.7325,84.4817,10.9682,22.1655,5197
2016-10-30 11:00:00,54.55,transfer,1.0,65.7362,0.0,59.5016,59.5016,65.7362,84.4817,10.9613,22.1361,5198
2016-10-30 12:00:00,55.7,transfer,1.0,64.4262,0.0,62.8545,62.8545,64.4262,84.4817,10.9501,22.1036,5199
2016-10-30 13:00:00,56.38,transfer,1.0,63.3975,0.0,75.0036,75.0036,63.3975,84.4817,10.9303,22.0627,5200
2016-10-30 14:00:00,57.0,transfer,1.0,62.4014,0.0,67.2722,67.2722,62.4014,84.4817,10.9081,22.0195,5201
2016-10-30 15:00:00,60.84,transfer,1.0,61.3871,0.0,55.6259,55.6259,61.3871,84.4817,10.8609,21.9519,5202
2016-10-30 16:00:00,62.06,transfer,1.0,60.4201,0.0,64.0946,64.0946,60.4201,84.4817,10.8229,21.8745,5203
2016-10-30 17:00:00,60.27,transfer,1.0,59.6576,0.0,47.8404,47.8404,59.6576,84.4817,10.7864,21.811,5204
2016-10-30 18:00:00,60.82,transfer,1.0,59.0477,0.0,69.9542,69.9542,59.0477,84.4817,10.7731,21.756,5205
2016-10-30 19:00:00,61.89,transfer,1.0,58.3295,0.0,54.2137,54.2137,58.3295,84.4817,10.7925,21.7142,5206
2016-10-30 20:00:00,75.96,transfer,1.0,58.4454,0.0,62.4882,62.4882,58.4454,84.4817,10.8849,21.5798,5207
2016-10-30 21:00:00,67.74,transfer,1.0,58.5326,0.0,67.567,67.567,58.5326,84.4817,10.9268,21.4945,5208
2016-10-30 22:00:00,72.43,transfer,1.0,59.1852,0.0,45.516,45.516,59.1852,84.4817,10.9912,21.3818,5209
2016-10-30 23:00:00,83.14,transfer,1.0,59.6119,0.0,61.8434,61.8434,59.6119,84.4817,11.1136,21.2042,5210
2016-10-31 00:00:00,89.92,transfer,1.0,60.1824,0.0,60.984,60.984,60.1824,84.4817,11.272,21.0531,5211
2016-10-31 01:00:00,85.02,transfer,1.0,63.3539,0.0,64.0369,64.0369,63.3539,84.4817,11.3681,20.8713,5212
2016-10-31 02:00:00,84.4,transfer,1.0,69.2187,0.0,56.8803,56.8803,69.2187,84.4817,11.4033,20.6873,5213
2016-10-31 03:00:00,68.36,transfer,1.0,76.3221,0.0,76.9251,76.9251,76.3221,84.4817,11.3619,20.5982,5214
2016-10-31 04:00:00,68.89,transfer,1.0,84.6758,0.0,76.2664,76.2664,84.6758,84.4817,11.3427,20.5259,5215
2016-10-31 05:00:00,68.77,transfer,1.0,91.4894,0.0,82.0859,82.0859,91.4894,84.4817,11.3224,20.4649,5216
2016-10-31 06:00:00,84.24,transfer,1.0,98.2927,0.0,88.336,88.336,98.2927,84.4817,11.3038,20.4182,5217
2016-10-31 07:00:00,91.61,transfer,1.0,106.3334,0.0,99.9564,99.9564,106.3334,84.4817,11.3187,20.4239,5218
2016-10-31 08:00:00,103.1,transfer,1.0,113.1389,0.0,119.6926,119.6926,113.1389,84.4817,11.2946,20.4591,5219
2016-10-31 09:00:00,123.83,transfer,1.0,116.3858,0.0,109.359,109.359,116.3858,84.4817,11.2184,20.6303,5220
2016-10-31 10:00:00,130.61,transfer,1.0,117.5761,0.0,102.8764,102.8764,117.5761,84.4817,11.2004,20.8121,5221
2016-10-31 11:00:00,130.22,transfer,1.0,118.1001,0.0,120.3015,120.3015,118.1001,84.4817,11.1476,21.0262,5222
2016-10-31 12:00:00,125.49,transfer,1.0,118.1019,0.0,107.8812,107.8812,118.1019,84.4817,11.0506,21.2417,5223
2016-10-31 13:00:00,119.44,transfer,1.0,117.6677,0.0,112.9951,112.9951,117.6677,84.4817,10.9234,21.4489,5224
2016-10-31 14:00:00,103.86,transfer,1.0,116.6512,0.0,118.9322,118.9322,116.6512,84.4817,10.9239,21.5545,5225
2016-10-31 15:00:00,114.2,transfer,1.0,114.7322,0.0,113.2824,113.2824,114.7322,84.4817,10.8855,21.7102,5226
2016-10-31 16:00:00,101.83,transfer,1.0,109.6132,0.0,124.5648,124.5648,109.6132,84.4817,10.9125,21.758,5227
2016-10-31 17:00:00,96.18,transfer,1.0,102.9166,0.0,109.7034,109.7034,102.9166,84.4817,10.9516,21.7457,5228
2016-10-31 18:00:00,79.34,transfer,1.0,93.8812,0.0,87.3918,87.3918,93.8812,84.4817,11.0316,21.6557,5229
2016-10-31 19:00:00,79.63,transfer,1.0,84.2779,0.0,77.3739,77.3739,84.2779,84.4817,11.0462,21.5408,5230
2016-10-31 20:00:00,73.95,transfer,1.0,77.2056,0.0,74.8886,74.8886,77.2056,84.4817,10.9853,21.3869,5231
2016-10-31 21:00:00,69.91,transfer,1.0,73.2321,0.0,65.3831,65.3831,73.2321,84.4817,10.9226,21.2491,5232
2016-10-31 22:00:00,68.3,transfer,1.0,71.0023,0.0,63.5232,63.5232,71.0023,84.4817,10.8593,21.1192,5233
2016-10-31 23:00:00,71.24,transfer,1.0,70.0543,0.0,65.7411,65.7411,70.0543,84.4817,10.7853,20.97,5234
2016-11-01 00:00:00,68.61,transfer,1.0,70.2061,0.0,66.3237,66.3237,70.2061,84.4817,10.7125,20.8408,5235
2016-11-01 01:00:00,70.01,transfer,1.0,72.2421,0.0,69.2912,69.2912,72.2421,84.4817,10.6229,20.697,5236
2016-11-01 02:00:00,69.47,transfer,1.0,74.9276,0.0,75.8168,75.8168,74.9276,84.4817,10.5259,20.5547,5237
2016-11-01 03:00:00,69.0,transfer,1.0,79.0429,0.0,79.0575,79.0575,79.0429,84.4817,10.418,20.4149,5238
2016-11-01 04:00:00,71.02,transfer,1.0,84.6322,0.0,92.5219,92.5219,84.6322,84.4817,10.2884,20.2751,5239
2016-11-01 05:00:00,72.23,transfer,1.0,93.1048,0.0,82.9053,82.9053,93.1048,84.4817,10.162,20.162,5240
2016-11-01 06:00:00,84.99,transfer,1.0,102.285,0.0,101.3445,101.3445,102.285,84.4817,10.0318,20.0577,5241
2016-11-01 07:00:00,99.98,transfer,1.0,110.6574,0.0,102.5679,102.5679,110.6574,84.4817,9.8667,20.0919,5242
2016-11-01 08:00:00,111.56,transfer,1.0,115.6358,0.0,120.7056,120.7056,115.6358,84.4817,9.7383,20.2138,5243
2016-11-01 09:00:00,113.95,transfer,1.0,117.8505,0.0,132.0606,132.0606,117.8505,84.4817,9.6274,20.3239,5244
2016-11-01 10:00:00,114.38,transfer,1.0,118.5581,0.0,121.2331,121.2331,118.5581,84.4817,9.5479,20.4048,5245
2016-11-01 11:00:00,108.94,transfer,1.0,118.7377,0.0,111.7058,111.7058,118.7377,84.4817,9.5034,20.4527,5246
2016-11-01 12:00:00,108.76,transfer,1.0,118.6038,0.0,116.1559,116.1559,118.6038,84.4817,9.4424,20.521,5247
2016-11-01 13:00:00,102.09,transfer,1.0,118.0444,0.0,83.1371,83.1371,118.0444,84.4817,9.4305,20.5487,5248
2016-11-01 14:00:00,106.36,transfer,1.0,116.7598,0.0,112.6793,112.6793,116.7598,84.4817,9.4022,20.6119,5249
2016-11-01 15:00:00,102.33,transfer,1.0,113.6803,0.0,102.6416,102.6416,113.6803,84.4817,9.3239,20.6905,5250
2016-11-01 16:00:00,92.69,transfer,1.0,108.6183,0.0,86.5116,86.5116,108.6183,84.4817,9.2897,20.67,5251
2016-11-01 17:00:00,87.94,transfer,1.0,100.8078,0.0,106.4656,106.4656,100.8078,84.4817,9.3019,20.6028,5252
2016-11-01 18:00:00,82.81,transfer,1.0,90.7224,0.0,85.5922,85.5922,90.7224,84.4817,9.3368,20.5344,5253
2016-11-01 19:00:00,77.9,transfer,1.0,81.2519,0.0,84.0269,84.0269,81.2519,84.4817,9.3285,20.4738,5254
2016-11-01 20:00:00,73.81,transfer,1.0,75.3836,0.0,78.5761,78.5761,75.3836,84.4817,9.327,20.4109,5255
2016-11-01 21:00:00,69.59,transfer,1.0,71.4269,0.0,60.7959,60.7959,71.4269,84.4817,9.3291,20.3673,5256
2016-11-01 22:00:00,67.32,transfer,1.0,68.9241,0.0,84.617,84.617,68.9241,84.4817,9.3242,20.3437,5257
2016-11-01 23:00:00,69.03,transfer,1.0,67.7228,0.0,65.4248,65.4248,67.7228,84.4817,9.3225,20.2913,5258
2016-11-02 00:00:00,69.3,transfer,1.0,67.5075,0.0,81.0277,81.0277,67.5075,84.4817,9.3234,20.2497,5259
2016-11-02 01:00:00,70.55,transfer,1.0,68.1838,0.0,67.8487,67.8487,68.1838,84.4817,9.3033,20.1929,5260
2016-11-02 02:00:00,71.63,transfer,1.0,70.2364,0.0,78.5082,78.5082,70.2364,84.4817,9.253,20.133,5261
2016-11-02 03:00:00,68.97,transfer,1.0,73.8377,0.0,76.8345,76.8345,73.8377,84.4817,9.1828,20.0872,5262
2016-11-02 04:00:00,74.72,transfer,1.0,79.4924,0.0,83.6969,83.6969,79.4924,84.4817,9.0684,20.0233,5263
2016-11-02 05:00:00,70.74,transfer,1.0,87.8995,0.0,90.0455,90.0455,87.8995,84.4817,8.9896,20.0226,5264
2016-11-02 06:00:00,86.71,transfer,1.0,98.2842,0.0,88.3555,88.3555,98.2842,84.4817,8.9006,20.0338,5265
2016-11-02 07:00:00,98.65,transfer,1.0,107.7765,0.0,109.6578,109.6578,107.7765,84.4817,8.8018,20.0854,5266
2016-11-02 08:00:00,104.69,transfer,1.0,114.0109,0.0,115.9371,115.9371,114.0109,84.4817,8.791,20.074,5267
2016-11-02 09:00:00,124.36,transfer,1.0,116.7459,0.0,133.9655,133.9655,116.7459,84.4817,8.8073,20.1385,5268
2016-11-02 10:00:00,130.97,transfer,1.0,117.491,0.0,116.8171,116.8171,117.491,84.4817,8.8239,20.1491,5269
2016-11-02 11:00:00,134.68,transfer,1.0,117.7667,0.0,98.568,98.568,117.7667,84.4817,8.8768,20.1979,5270
2016-11-02 12:00:00,130.52,transfer,1.0,117.688,0.0,96.2925,96.2925,117.688,84.4816,8.9456,20.2634,5271
2016-11-02 13:00:00,134.8,transfer,1.0,117.3645,0.0,100.8341,100.8341,117.3645,84.4816,9.0227,20.3915,5272
2016-11-02 14:00:00,132.88,transfer,1.0,116.585,0.0,112.9279,112.9279,116.585,84.4816,9.1132,20.4945,5273
2016-11-02 15:00:00,125.65,transfer,1.0,115.5097,0.0,130.5074,130.5074,115.5097,84.4816,9.1282,20.6067,5274
2016-11-02 16:00:00,112.81,transfer,1.0,113.4676,0.0,119.9294,119.9294,113.4676,84.4816,9.0864,20.6688,5275
2016-11-02 17:00:00,102.23,transfer,1.0,109.6361,0.0,94.9593,94.9593,109.6361,84.4816,9.0996,20.6963,5276
2016-11-02 18:00:00,84.86,transfer,1.0,102.7798,0.0,114.3134,114.3134,102.7798,84.4817,9.1686,20.6799,5277
2016-11-02 19:00:00,87.12,transfer,1.0,93.0831,0.0,93.8936,93.8936,93.0831,84.4817,9.1616,20.6537,5278
2016-11-02 20:00:00,66.48,transfer,1.0,83.5505,0.0,75.6903,75.6903,83.5505,84.4817,9.2097,20.6661,5279
2016-11-02 21:00:00,62.49,transfer,1.0,77.1819,0.0,62.922,62.922,77.1819,84.4817,9.2555,20.6811,5280
2016-11-02 22:00:00,62.44,transfer,1.0,70.544,0.0,71.3976,71.3976,70.544,84.4817,9.297,20.7118,5281
2016-11-02 23:00:00,61.95,transfer,1.0,66.6809,0.0,66.9642,66.9642,66.6809,84.4817,9.3211,20.7409,5282
2016-11-03 00:00:00,62.55,transfer,1.0,65.2631,0.0,64.701,64.701,65.2631,84.4817,9.3326,20.7713,5283
2016-11-03 01:00:00,60.47,transfer,1.0,65.1567,0.0,69.9328,69.9328,65.1567,84.4817,9.3348,20.8049,5284
2016-11-03 02:00:00,60.65,transfer,1.0,66.6024,0.0,56.1351,56.1351,66.6024,84.4817,9.3292,20.845,5285
2016-11-03 03:00:00,60.59,transfer,1.0,69.8428,0.0,74.2427,74.2427,69.8428,84.4817,9.2988,20.8749,5286
2016-11-03 04:00:00,63.24,transfer,1.0,75.3503,0.0,55.9719,55.9719,75.3503,84.4817,9.2476,20.9039,5287
2016-11-03 05:00:00,65.89,transfer,1.0,85.1143,0.0,78.1806,78.1806,85.1143,84.4817,9.1731,20.9173,5288
2016-11-03 06:00:00,77.75,transfer,1.0,96.7852,0.0,105.6206,105.6206,96.7852,84.4817,9.1526,20.9482,5289
2016-11-03 07:00:00,92.65,transfer,1.0,108.3161,0.0,98.5444,98.5444,108.3161,84.4817,9.1358,20.9316,5290
2016-11-03 08:00:00,104.3,transfer,1.0,114.9663,0.0,119.2507,119.2507,114.9663,84.4817,9.1245,20.9318,5291
2016-11-03 09:00:00,110.5,transfer,1.0,117.5269,0.0,143.9773,143.9773,117.5269,84.4817,9.1175,20.9356,5292
2016-11-03 10:00:00,108.31,transfer,1.0,118.2866,0.0,102.1054,102.1054,118.2866,84.4816,9.1218,20.931,5293
2016-11-03 11:00:00,127.88,transfer,1.0,118.4177,0.0,127.7503,127.7503,118.4177,84.4816,9.1284,21.0378,5294
2016-11-03 12:00:00,119.22,transfer,1.0,118.2185,0.0,135.1418,135.1418,118.2185,84.4816,9.0936,21.0873,5295
2016-11-03 13:00:00,102.89,transfer,1.0,117.9525,0.0,108.9279,108.9279,117.9525,84.4816,9.1806,21.0029,5296
2016-11-03 14:00:00,113.63,transfer,1.0,117.1358,0.0,113.8864,113.8864,117.1358,84.4816,9.1888,20.9849,5297
2016-11-03 15:00:00,98.76,transfer,1.0,114.8079,0.0,117.4902,117.4902,114.8079,84.4816,9.2793,20.9031,5298
2016-11-03 16:00:00,98.01,transfer,1.0,110.591,0.0,121.3231,121.3231,110.591,84.4816,9.3191,20.8843,5299
2016-11-03 17:00:00,90.8,transfer,1.0,101.7097,0.0,111.2791,111.2791,101.7097,84.4816,9.36,20.8492,5300
2016-11-03 18:00:00,86.5,transfer,1.0,90.7788,0.0,96.8788,96.8788,90.7788,84.4817,9.3525,20.7867,5301
2016-11-03 19:00:00,74.79,transfer,1.0,80.2475,0.0,79.4794,79.4794,80.2475,84.4817,9.3071,20.7809,5302
2016-11-03 20:00:00,66.88,transfer,1.0,73.9596,0.0,75.1923,75.1923,73.9596,84.4817,9.335,20.8534,5303
2016-11-03 21:00:00,62.86,transfer,1.0,68.2127,0.0,62.7129,62.7129,68.2127,84.4817,9.2968,20.844,5304
2016-11-03 22:00:00,62.97,transfer,1.0,64.5286,0.0,55.2431,55.2431,64.5286,84.4817,9.2593,20.835,5305
2016-11-03 23:00:00,61.62,transfer,1.0,62.7961,0.0,60.5948,60.5948,62.7961,84.4817,9.2386,20.834,5306
2016-11-04 00:00:00,62.33,transfer,1.0,62.6214,0.0,65.1685,65.1685,62.6214,84.4817,9.2222,20.831,5307
2016-11-04 01:00:00,61.33,transfer,1.0,63.4702,0.0,59.6773,59.6773,63.4702,84.4817,9.2031,20.8213,5308
2016-11-04 02:00:00,61.37,transfer,1.0,65.6695,0.0,74.3643,74.3643,65.6695,84.4817,9.195,20.8175,5309
2016-11-04 03:00:00,61.69,transfer,1.0,69.5951,0.0,63.6112,63.6112,69.5951,84.4817,9.1699,20.7937,5310
2016-11-04 04:00:00,63.78,transfer,1.0,75.8868,0.0,79.8345,79.8345,75.8868,84.4817,9.158,20.7797,5311
2016-11-04 05:00:00,64.41,transfer,1.0,85.9502,0.0,93.4169,93.4169,85.9502,84.4817,9.1551,20.7691,5312
2016-11-04 06:00:00,66.66,transfer,1.0,96.8095,0.0,107.0139,107.0139,96.8095,84.4817,9.2402,20.8431,5313
2016-11-04 07:00:00,70.43,transfer,1.0,107.0664,0.0,115.0644,115.0644,107.0664,84.4817,9.3583,20.9065,5314
2016-11-04 08:00:00,81.76,transfer,1.0,113.0561,0.0,128.4836,128.4836,113.0561,84.4817,9.4702,20.8333,5315
2016-11-04 09:00:00,85.95,transfer,1.0,115.4766,0.0,119.5415,119.5415,115.4766,84.4817,9.5881,20.7152,5316
2016-11-04 10:00:00,86.36,transfer,1.0,116.0258,0.0,100.3514,100.3514,116.0258,84.4817,9.6622,20.6377,5317
2016-11-04 11:00:00,86.87,transfer,1.0,115.5138,0.0,132.8267,132.8267,115.5138,84.4817,9.7172,20.5759,5318
2016-11-04 12:00:00,87.07,transfer,1.0,113.6922,0.0,120.6974,120.6974,113.6922,84.4817,9.7586,20.5251,5319
2016-11-04 13:00:00,86.56,transfer,1.0,109.4927,0.0,114.9846,114.9846,109.4927,84.4817,9.784,20.4836,5320
2016-11-04 14:00:00,84.5,transfer,1.0,102.688,0.0,88.1715,88.1715,102.688,84.4817,9.7744,20.4654,5321
2016-11-04 15:00:00,82.74,transfer,1.0,93.9845,0.0,101.5574,101.5574,93.9845,84.4817,9.7269,20.4498,5322
2016-11-04 16:00:00,79.89,transfer,1.0,85.1129,0.0,98.1796,98.1796,85.1129,84.4817,9.6808,20.428,5323
2016-11-04 17:00:00,67.84,transfer,1.0,78.0529,0.0,72.0119,72.0119,78.0529,84.4817,9.7161,20.4708,5324
2016-11-04 18:00:00,64.64,transfer,1.0,73.047,0.0,70.0249,70.0249,73.047,84.4817,9.7492,20.5001,5325
2016-11-04 19:00:00,60.88,transfer,1.0,68.9873,0.0,80.2984,80.2984,68.9873,84.4817,9.795,20.5447,5326
2016-11-04 20:00:00,62.4,transfer,1.0,66.9932,0.0,53.2433,53.2433,66.9932,84.4817,9.7932,20.5441,5327
2016-11-04 21:00:00,58.4,transfer,1.0,65.9104,0.0,56.7799,56.7799,65.9104,84.4817,9.8019,20.5548,5328
2016-11-04 22:00:00,59.54,transfer,1.0,65.2707,0.0,66.671,66.671,65.2707,84.4817,9.797,20.5502,5329
2016-11-04 23:00:00,58.28,transfer,1.0,65.2358,0.0,55.2202,55.2202,65.2358,84.4817,9.7944,20.547,5330
2016-11-05 00:00:00,57.68,transfer,1.0,65.8687,0.0,73.8959,73.8959,65.8687,84.4817,9.8022,20.5544,5331
2016-11-05 01:00:00,56.96,transfer,1.0,65.6932,0.0,58.8036,58.8036,65.6932,84.4817,9.8064,20.559,5332
2016-11-05 02:00:00,56.33,transfer,1.0,65.3728,0.0,61.8059,61.8059,65.3728,84.4817,9.812,20.5653,5333
2016-11-05 03:00:00,56.65,transfer,1.0,65.4475,0.0,61.1324,61.1324,65.4475,84.4817,9.8145,20.569,5334
2016-11-05 04:00:00,56.3,transfer,1.0,65.9547,0.0,72.2561,72.2561,65.9547,84.4817,9.8223,20.5785,5335
2016-11-05 05:00:00,57.37,transfer,1.0,67.0069,0.0,66.7181,66.7181,67.0069,84.4817,9.8317,20.5896,5336
2016-11-05 06:00:00,57.54,transfer,1.0,68.3442,0.0,69.5125,69.5125,68.3442,84.4817,9.8329,20.593,5337
2016-11-05 07:00:00,54.37,transfer,1.0,69.7946,0.0,75.1756,75.1756,69.7946,84.4817,9.8323,20.5974,5338
2016-11-05 08:00:00,51.21,transfer,1.0,70.583,0.0,65.5955,65.5955,70.583,84.4817,9.8314,20.6026,5339
2016-11-05 09:00:00,49.68,transfer,1.0,68.945,0.0,80.0328,80.0328,68.945,84.4817,9.8398,20.617,5340
2016-11-05 10:00:00,51.2,transfer,1.0,66.7703,0.0,81.6311,81.6311,66.7703,84.4817,9.8415,20.6245,5341
2016-11-05 11:00:00,50.81,transfer,1.0,64.9124,0.0,62.6704,62.6704,64.9124,84.4817,9.8542,20.6423,5342
2016-11-05 12:00:00,51.83,transfer,1.0,63.4474,0.0,58.1831,58.1831,63.4474,84.4817,9.8613,20.6535,5343
2016-11-05 13:00:00,51.36,transfer,1.0,62.0945,0.0,65.5784,65.5784,62.0945,84.4817,9.8672,20.6641,5344
2016-11-05 14:00:00,51.22,transfer,1.0,60.8758,0.0,58.0188,58.0188,60.8758,84.4817,9.8778,20.6788,5345
2016-11-05 15:00:00,51.28,transfer,1.0,59.6551,0.0,50.6748,50.6748,59.6551,84.4817,9.8972,20.7015,5346
2016-11-05 16:00:00,51.16,transfer,1.0,58.5401,0.0,69.6714,69.6714,58.5401,84.4817,9.9157,20.7227,5347
2016-11-05 17:00:00,50.55,transfer,1.0,57.4605,0.0,64.0353,64.0353,57.4605,84.4817,9.9332,20.7433,5348
2016-11-05 18:00:00,55.79,transfer,1.0,56.4837,0.0,66.6664,66.6664,56.4837,84.4817,9.9343,20.7483,5349
2016-11-05 19:00:00,56.86,transfer,1.0,55.6294,0.0,52.5009,52.5009,55.6294,84.4817,9.9289,20.758,5350
2016-11-05 20:00:00,56.84,transfer,1.0,55.5947,0.0,45.6222,45.6222,55.5947,84.4817,9.9252,20.7664,5351
2016-11-05 21:00:00,56.38,transfer,1.0,55.6233,0.0,51.0431,51.0431,55.6233,84.4817,9.9194,20.7763,5352
2016-11-05 22:00:00,56.56,transfer,1.0,55.7148,0.0,55.7638,55.7638,55.7148,84.4817,9.9174,20.7819,5353
2016-11-05 23:00:00,56.21,transfer,1.0,55.8213,0.0,67.728,67.728,55.8213,84.4817,9.9068,20.797,5354
2016-11-06 00:00:00,56.6,transfer,1.0,56.0911,0.0,63.5081,63.5081,56.0911,84.4817,9.9059,20.8032,5355
2016-11-06 01:00:00,56.99,transfer,1.0,55.4772,0.0,59.9549,59.9549,55.4772,84.4816,9.9133,20.8076,5356
2016-11-06 02:00:00,55.79,transfer,1.0,55.4051,0.0,56.626,56.626,55.4051,84.4817,9.904,20.817,5357
2016-11-06 03:00:00,55.87,transfer,1.0,54.9036,0.0,52.583,52.583,54.9036,84.4817,9.8887,20.8258,5358
2016-11-06 04:00:00,56.17,transfer,1.0,55.4396,0.0,55.5156,55.5156,55.4396,84.4817,9.884,20.8561,5359
2016-11-06 05:00:00,56.82,transfer,1.0,56.9552,0.0,63.627,63.627,56.9552,84.4817,9.8529,20.8734,5360
2016-11-06 06:00:00,57.35,transfer,1.0,59.1499,0.0,49.0325,49.0325,59.1499,84.4817,9.8111,20.8829,5361
2016-11-06 07:00:00,54.76,transfer,1.0,61.5691,0.0,61.3998,61.3998,61.5691,84.4817,9.7642,20.8879,5362
2016-11-06 08:00:00,50.03,transfer,1.0,64.0377,0.0,50.0318,50.0318,64.0377,84.4817,9.728,20.8982,5363
2016-11-06 09:00:00,50.77,transfer,1.0,63.7487,0.0,65.4579,65.4579,63.7487,84.4817,9.6944,20.9033,5364
2016-11-06 10:00:00,50.89,transfer,1.0,62.5859,0.0,70.7645,70.7645,62.5859,84.4817,9.6789,20.9184,5365
2016-11-06 11:00:00,50.43,transfer,1.0,61.6406,0.0,65.5723,65.5723,61.6406,84.4817,9.679,20.9429,5366
2016-11-06 12:00:00,50.68,transfer,1.0,60.9354,0.0,67.6601,67.6601,60.9354,84.4817,9.6881,20.9728,5367
2016-11-06 13:00:00,50.05,transfer,1.0,60.297,0.0,62.1013,62.1013,60.297,84.4817,9.7073,21.0105,5368
2016-11-06 14:00:00,50.55,transfer,1.0,59.7082,0.0,54.2855,54.2855,59.7082,84.4817,9.7297,21.0489,5369
2016-11-06 15:00:00,50.71,transfer,1.0,59.122,0.0,64.0724,64.0724,59.122,84.4817,9.7765,21.1092,5370
2016-11-06 16:00:00,50.0,transfer,1.0,58.6077,0.0,57.8054,57.8054,58.6077,84.4817,9.818,21.181,5371
2016-11-06 17:00:00,56.61,transfer,1.0,58.0871,0.0,45.5883,45.5883,58.0871,84.4817,9.8231,21.2027,5372
2016-11-06 18:00:00,68.05,transfer,1.0,57.5699,0.0,64.0369,64.0369,57.5699,84.4817,9.875,21.1597,5373
2016-11-06 19:00:00,65.28,transfer,1.0,57.4777,0.0,67.0775,67.0775,57.4777,84.4817,9.9002,21.1395,5374
2016-11-06 20:00:00,66.1,transfer,1.0,58.6437,0.0,54.9424,54.9424,58.6437,84.4817,9.8403,21.1982,5375
2016-11-06 21:00:00,64.01,transfer,1.0,59.4335,0.0,55.087,55.087,59.4335,84.4817,9.8128,21.2204,5376
2016-11-06 22:00:00,62.07,transfer,1.0,59.7516,0.0,60.4211,60.4211,59.7516,84.4817,9.7477,21.2821,5377
2016-11-06 23:00:00,62.84,transfer,1.0,59.8974,0.0,60.445,60.445,59.8974,84.4817,9.6252,21.4029,5378
2016-11-07 00:00:00,62.6,transfer,1.0,59.9555,0.0,63.4547,63.4547,59.9555,84.4817,9.4639,21.5008,5379
2016-11-07 01:00:00,62.39,transfer,1.0,61.777,0.0,73.086,73.086,61.777,84.4817,9.3386,21.6291,5380
2016-11-07 02:00:00,61.59,transfer,1.0,64.5633,0.0,71.2125,71.2125,64.5633,84.4817,9.266,21.7649,5381
2016-11-07 03:00:00,61.68,transfer,1.0,68.5786,0.0,77.5032,77.5032,68.5786,84.4817,9.2596,21.8046,5382
2016-11-07 04:00:00,63.66,transfer,1.0,73.6487,0.0,74.6013,74.6013,73.6487,84.4817,9.2251,21.8358,5383
2016-11-07 05:00:00,65.56,transfer,1.0,80.558,0.0,84.9926,84.9926,80.558,84.4817,9.1792,21.8549,5384
2016-11-07 06:00:00,67.28,transfer,1.0,89.3716,0.0,104.7661,104.7661,89.3716,84.4817,9.227,21.9558,5385
2016-11-07 07:00:00,80.74,transfer,1.0,99.8594,0.0,88.0911,88.0911,99.8594,84.4817,9.2532,21.9357,5386
2016-11-07 08:00:00,88.8,transfer,1.0,108.4044,0.0,110.6973,110.6973,108.4044,84.4817,9.3101,21.8505,5387
2016-11-07 09:00:00,106.43,transfer,1.0,113.4662,0.0,134.7384,134.7384,113.4662,84.4817,9.3077,21.747,5388
2016-11-07 10:00:00,127.49,transfer,1.0,115.6182,0.0,125.2103,125.2103,115.6182,84.4817,9.3008,21.7284,5389
2016-11-07 11:00:00,126.58,transfer,1.0,116.7961,0.0,97.9588,97.9588,116.7961,84.4817,9.2869,21.7067,5390
2016-11-07 12:00:00,126.09,transfer,1.0,117.3203,0.0,119.6235,119.6235,117.3203,84.4817,9.2951,21.7103,5391
2016-11-07 13:00:00,121.63,transfer,1.0,117.1189,0.0,97.7308,97.7308,117.1189,84.4817,9.3114,21.7233,5392
2016-11-07 14:00:00,117.52,transfer,1.0,116.3906,0.0,111.6737,111.6737,116.3906,84.4817,9.242,21.8047,5393
2016-11-07 15:00:00,121.71,transfer,1.0,114.697,0.0,104.6746,104.6746,114.697,84.4817,9.2806,21.8494,5394
2016-11-07 16:00:00,112.48,transfer,1.0,111.9226,0.0,110.2513,110.2513,111.9226,84.4817,9.2375,21.9127,5395
2016-11-07 17:00:00,102.68,transfer,1.0,108.4925,0.0,97.9164,97.9164,108.4925,84.4817,9.232,21.9514,5396
2016-11-07 18:00:00,96.43,transfer,1.0,103.5279,0.0,112.2757,112.2757,103.5279,84.4817,9.1877,21.992,5397
2016-11-07 19:00:00,80.83,transfer,1.0,95.8106,0.0,92.5658,92.5658,95.8106,84.4817,9.2492,21.9848,5398
2016-11-07 20:00:00,76.39,transfer,1.0,87.8179,0.0,86.7465,86.7465,87.8179,84.4817,9.2979,21.9703,5399
2016-11-07 21:00:00,71.57,transfer,1.0,79.8862,0.0,80.9527,80.9527,79.8862,84.4817,9.3276,21.9604,5400
2016-11-07 22:00:00,68.07,transfer,1.0,74.1471,0.0,75.0337,75.0337,74.1471,84.4817,9.3477,21.9618,5401
2016-11-07 23:00:00,69.75,transfer,1.0,71.0867,0.0,82.793,82.793,71.0867,84.4817,9.3486,21.9706,5402
2016-11-08 00:00:00,70.9,transfer,1.0,70.1062,0.0,50.6308,50.6308,70.1062,84.4817,9.3438,21.957,5403
2016-11-08 01:00:00,68.55,transfer,1.0,71.2206,0.0,62.357,62.357,71.2206,84.4817,9.3464,21.9657,5404
2016-11-08 02:00:00,70.14,transfer,1.0,74.4903,0.0,73.6255,73.6255,74.4903,84.4817,9.3398,21.9617,5405
2016-11-08 03:00:00,69.52,transfer,1.0,79.6069,0.0,76.092,76.092,79.6069,84.4817,9.3401,21.9586,5406
2016-11-08 04:00:00,68.15,transfer,1.0,87.7626,0.0,85.5632,85.5632,87.7626,84.4817,9.3758,21.9757,5407
2016-11-08 05:00:00,69.66,transfer,1.0,98.0405,0.0,95.2465,95.2465,98.0405,84.4817,9.4205,21.991,5408
2016-11-08 06:00:00,70.18,transfer,1.0,107.5582,0.0,113.8278,113.8278,107.5582,84.4817,9.54,22.0731,5409
2016-11-08 07:00:00,77.85,transfer,1.0,114.0494,0.0,116.9356,116.9356,114.0494,84.4817,9.692,22.0203,5410
2016-11-08 08:00:00,89.08,transfer,1.0,117.1237,0.0,133.0085,133.0085,117.1237,84.4817,9.8346,21.8865,5411
2016-11-08 09:00:00,109.08,transfer,1.0,118.3912,0.0,117.3909,117.3909,118.3912,84.4817,9.8668,21.8575,5412
2016-11-08 10:00:00,116.69,transfer,1.0,118.8292,0.0,125.1442,125.1442,118.8292,84.4817,9.8547,21.8713,5413
2016-11-08 11:00:00,121.5,transfer,1.0,119.0324,0.0,99.4322,99.4322,119.0324,84.4817,9.8111,21.946,5414
2016-11-08 12:00:00,121.45,transfer,1.0,119.0474,0.0,112.2119,112.2119,119.0474,84.4817,9.7668,22.0216,5415
2016-11-08 13:00:00,123.83,transfer,1.0,118.9242,0.0,105.0143,105.0143,118.9242,84.4817,9.701,22.151,5416
2016-11-08 14:00:00,119.69,transfer,1.0,118.5858,0.0,142.212,142.212,118.5858,84.4817,9.6457,22.2303,5417
2016-11-08 15:00:00,126.56,transfer,1.0,117.907,0.0,110.9414,110.9414,117.907,84.4817,9.6296,22.3746,5418
2016-11-08 16:00:00,113.22,transfer,1.0,116.4115,0.0,110.4655,110.4655,116.4115,84.4817,9.5538,22.4968,5419
2016-11-08 17:00:00,104.6,transfer,1.0,113.7233,0.0,110.28,110.28,113.7233,84.4817,9.5315,22.5959,5420
2016-11-08 18:00:00,99.6,transfer,1.0,108.3044,0.0,112.2254,112.2254,108.3044,84.4817,9.5362,22.676,5421
2016-11-08 19:00:00,88.93,transfer,1.0,100.1823,0.0,100.4862,100.4862,100.1823,84.4817,9.5833,22.6633,5422
2016-11-08 20:00:00,87.54,transfer,1.0,91.0851,0.0,81.0936,81.0936,91.0851,84.4817,9.595,22.6179,5423
2016-11-08 21:00:00,85.11,transfer,1.0,83.7218,0.0,78.0894,78.0894,83.7218,84.4817,9.5923,22.533,5424
2016-11-08 22:00:00,76.28,transfer,1.0,78.3489,0.0,80.5509,80.5509,78.3489,84.4817,9.5951,22.4797,5425
2016-11-08 23:00:00,68.86,transfer,1.0,75.0886,0.0,70.8841,70.8841,75.0886,84.4817,9.6244,22.4807,5426
2016-11-09 00:00:00,65.63,transfer,1.0,73.0954,0.0,75.3177,75.3177,73.0954,84.4817,9.6581,22.5026,5427
2016-11-09 01:00:00,65.15,transfer,1.0,71.8333,0.0,63.8082,63.8082,71.8333,84.4817,9.6838,22.5347,5428
2016-11-09 02:00:00,65.14,transfer,1.0,72.6445,0.0,63.1372,63.1372,72.6445,84.4817,9.7202,22.5733,5429
2016-11-09 03:00:00,65.61,transfer,1.0,76.2079,0.0,82.4126,82.4126,76.2079,84.4817,9.7543,22.5933,5430
2016-11-09 04:00:00,64.8,transfer,1.0,82.7284,0.0,80.3024,80.3024,82.7284,84.4817,9.8326,22.6524,5431
2016-11-09 05:00:00,67.56,transfer,1.0,92.5034,0.0,94.427,94.427,92.5034,84.4817,9.879,22.6713,5432
2016-11-09 06:00:00,69.32,transfer,1.0,103.1153,0.0,112.5382,112.5382,103.1153,84.4817,10.0112,22.7483,5433
2016-11-09 07:00:00,81.76,transfer,1.0,111.4701,0.0,113.0245,113.0245,111.4701,84.4817,10.1338,22.6802,5434
2016-11-09 08:00:00,89.27,transfer,1.0,115.6702,0.0,101.9727,101.9727,115.6702,84.4817,10.2354,22.5884,5435
2016-11-09 09:00:00,107.38,transfer,1.0,117.5486,0.0,105.4169,105.4169,117.5486,84.4817,10.2506,22.4873,5436
2016-11-09 10:00:00,118.73,transfer,1.0,118.1641,0.0,111.4545,111.4545,118.1641,84.4817,10.1738,22.4145,5437
2016-11-09 11:00:00,128.05,transfer,1.0,118.4121,0.0,113.0333,113.0333,118.4121,84.4817,10.1305,22.375,5438
2016-11-09 12:00:00,129.47,transfer,1.0,118.4303,0.0,131.6872,131.6872,118.4303,84.4817,10.1198,22.3687,5439
2016-11-09 13:00:00,125.96,transfer,1.0,118.2531,0.0,116.2404,116.2404,118.2531,84.4817,10.0619,22.3161,5440
2016-11-09 14:00:00,124.88,transfer,1.0,117.8595,0.0,130.0223,130.0223,117.8595,84.4817,10.0067,22.2685,5441
2016-11-09 15:00:00,125.96,transfer,1.0,116.9357,0.0,93.0665,93.0665,116.9357,84.4817,10.0,22.2703,5442
2016-11-09 16:00:00,116.13,transfer,1.0,115.1632,0.0,113.5189,113.5189,115.1632,84.4817,10.0019,22.2901,5443
2016-11-09 17:00:00,108.08,transfer,1.0,111.7713,0.0,105.5703,105.5703,111.7713,84.4817,9.9798,22.3249,5444
2016-11-09 18:00:00,100.25,transfer,1.0,105.6063,0.0,90.6723,90.6723,105.6063,84.4817,9.905,22.4165,5445
2016-11-09 19:00:00,81.27,transfer,1.0,96.4972,0.0,88.7425,88.7425,96.4972,84.4817,9.9601,22.42,5446
2016-11-09 20:00:00,78.14,transfer,1.0,87.5266,0.0,92.2162,92.2162,87.5266,84.4817,9.9144,22.3505,5447
2016-11-09 21:00:00,64.98,transfer,1.0,78.2314,0.0,78.7951,78.7951,78.2314,84.4817,9.9058,22.3357,5448
2016-11-09 22:00:00,62.26,transfer,1.0,72.25,0.0,79.9676,79.9676,72.25,84.4817,9.917,22.3368,5449
2016-11-09 23:00:00,63.0,transfer,1.0,67.8807,0.0,63.5812,63.5812,67.8807,84.4817,9.9179,22.3305,5450
2016-11-10 00:00:00,62.54,transfer,1.0,66.4241,0.0,73.5848,73.5848,66.4241,84.4817,9.9249,22.3306,5451
2016-11-10 01:00:00,63.09,transfer,1.0,67.0923,0.0,70.6832,70.6832,67.0923,84.4817,9.9208,22.315,5452
2016-11-10 02:00:00,62.07,transfer,1.0,70.0672,0.0,61.9736,61.9736,70.0672,84.4817,9.933,22.3066,5453
2016-11-10 03:00:00,61.28,transfer,1.0,75.412,0.0,68.609,68.609,75.412,84.4817,9.962,22.3025,5454
2016-11-10 04:00:00,60.7,transfer,1.0,83.9073,0.0,75.4415,75.4415,83.9073,84.4817,10.0281,22.3176,5455
2016-11-10 05:00:00,70.25,transfer,1.0,95.5278,0.0,83.4934,83.4934,95.5278,84.4817,10.0641,22.2916,5456
2016-11-10 06:00:00,68.15,transfer,1.0,106.9602,0.0,77.1972,77.1972,106.9602,84.4817,10.1818,22.3488,5457
2016-11-10 07:00:00,80.48,transfer,1.0,114.8277,0.0,123.4643,123.4643,114.8277,84.4817,10.293,22.324,5458
2016-11-10 08:00:00,91.31,transfer,1.0,117.7292,0.0,104.0387,104.0387,117.7292,84.4817,10.3868,22.2466,5459
2016-11-10 09:00:00,103.27,transfer,1.0,118.7102,0.0,119.439,119.439,118.7102,84.4817,10.4369,22.2036,5460
2016-11-10 10:00:00,111.02,transfer,1.0,118.9933,0.0,120.8143,120.8143,118.9933,84.4817,10.425,22.2197,5461
2016-11-10 11:00:00,112.59,transfer,1.0,119.0032,0.0,128.306,128.306,119.0032,84.4817,10.4068,22.1287,5462
2016-11-10 12:00:00,121.2,transfer,1.0,118.9042,0.0,121.7211,121.7211,118.9042,84.4817,10.4145,22.1405,5463
2016-11-10 13:00:00,120.64,transfer,1.0,118.5912,0.0,107.072,107.072,118.5912,84.4817,10.337,22.2462,5464
2016-11-10 14:00:00,116.57,transfer,1.0,118.1099,0.0,136.851,136.851,118.1099,84.4817,10.3253,22.2637,5465
2016-11-10 15:00:00,121.01,transfer,1.0,117.3998,0.0,113.1828,113.1828,117.3998,84.4817,10.2513,22.3961,5466
2016-11-10 16:00:00,112.84,transfer,1.0,115.7369,0.0,98.7179,98.7179,115.7369,84.4817,10.1937,22.4844,5467
2016-11-10 17:00:00,108.59,transfer,1.0,112.7545,0.0,125.0099,125.0099,112.7545,84.4817,10.1535,22.5903,5468
2016-11-10 18:00:00,98.48,transfer,1.0,106.9799,0.0,103.1877,103.1877,106.9799,84.4817,10.1786,22.6616,5469
2016-11-10 19:00:00,85.69,transfer,1.0,98.8854,0.0,113.1508,113.1508,98.8854,84.4817,10.2247,22.6111,5470
2016-11-10 20:00:00,79.34,transfer,1.0,88.7922,0.0,94.988,94.988,88.7922,84.4817,10.2388,22.5369,5471
2016-11-10 21:00:00,68.41,transfer,1.0,80.2962,0.0,74.6959,74.6959,80.2962,84.4817,10.2777,22.5039,5472
2016-11-10 22:00:00,60.93,transfer,1.0,73.8523,0.0,70.0845,70.0845,73.8523,84.4817,10.3454,22.516,5473
2016-11-10 23:00:00,60.03,transfer,1.0,70.177,0.0,60.669,60.669,70.177,84.4817,10.3988,22.5255,5474
2016-11-11 00:00:00,59.7,transfer,1.0,68.6914,0.0,70.9103,70.9103,68.6914,84.4817,10.4505,22.5411,5475
2016-11-11 01:00:00,57.45,transfer,1.0,69.1715,0.0,69.6369,69.6369,69.1715,84.4817,10.5076,22.5642,5476
2016-11-11 02:00:00,56.82,transfer,1.0,71.4001,0.0,68.6409,68.6409,71.4001,84.4817,10.5688,22.5913,5477
2016-11-11 03:00:00,56.49,transfer,1.0,75.8294,0.0,84.0074,84.0074,75.8294,84.4817,10.6368,22.6223,5478
2016-11-11 04:00:00,56.63,transfer,1.0,82.9492,0.0,89.4098,89.4098,82.9492,84.4817,10.7214,22.6648,5479
2016-11-11 05:00:00,57.91,transfer,1.0,93.0003,0.0,89.9213,89.9213,93.0003,84.4817,10.8021,22.7035,5480
2016-11-11 06:00:00,57.99,transfer,1.0,104.0683,0.0,114.4846,114.4846,104.0683,84.4817,10.8969,22.7551,5481
2016-11-11 07:00:00,57.94,transfer,1.0,112.2068,0.0,111.6146,111.6146,112.2068,84.4817,11.0018,22.8295,5482
2016-11-11 08:00:00,54.92,transfer,1.0,116.1792,0.0,129.602,129.602,116.1792,84.4817,11.1802,22.9892,5483
2016-11-11 09:00:00,50.99,transfer,1.0,117.5553,0.0,123.6103,123.6103,117.5553,84.4817,11.4007,23.1799,5484
2016-11-11 10:00:00,50.68,transfer,1.0,117.4255,0.0,103.7251,103.7251,117.4255,84.4817,11.6214,23.3699,5485
2016-11-11 11:00:00,51.84,transfer,1.0,115.7898,0.0,100.142,100.142,115.7898,84.4817,11.8315,23.5499,5486
2016-11-11 12:00:00,51.93,transfer,1.0,111.6315,0.0,107.8385,107.8385,111.6315,84.4817,12.0284,23.7283,5487
2016-11-11 13:00:00,52.74,transfer,1.0,103.6829,0.0,101.8172,101.8172,103.6829,84.4817,12.1952,23.9049,5488
2016-11-11 14:00:00,52.61,transfer,1.0,92.6683,0.0,101.2934,101.2934,92.6683,84.4817,12.3253,24.0945,5489
2016-11-11 15:00:00,52.93,transfer,1.0,81.8523,0.0,84.0866,84.0866,81.8523,84.4817,12.4306,24.2719,5490
2016-11-11 16:00:00,54.28,transfer,1.0,73.121,0.0,70.0343,70.0343,73.121,84.4817,12.5116,24.4244,5491
2016-11-11 17:00:00,54.41,transfer,1.0,67.4841,0.0,62.2284,62.2284,67.4841,84.4817,12.5287,24.5043,5492
2016-11-11 18:00:00,55.81,transfer,1.0,64.3682,0.0,74.9025,74.9025,64.3682,84.4817,12.5296,24.5569,5493
2016-11-11 19:00:00,61.55,transfer,1.0,62.4028,0.0,62.1416,62.1416,62.4028,84.4817,12.4864,24.5529,5494
2016-11-11 20:00:00,61.34,transfer,1.0,62.0283,0.0,50.2021,50.2021,62.0283,84.4817,12.4631,24.5592,5495
2016-11-11 21:00:00,66.3,transfer,1.0,62.1657,0.0,54.8454,54.8454,62.1657,84.4817,12.443,24.5122,5496
2016-11-11 22:00:00,62.7,transfer,1.0,62.5843,0.0,65.6072,65.6072,62.5843,84.4817,12.4096,24.4933,5497
2016-11-11 23:00:00,63.69,transfer,1.0,63.4268,0.0,53.7208,53.7208,63.4268,84.4817,12.3698,24.4611,5498
2016-11-12 00:00:00,67.4,transfer,1.0,64.6849,0.0,63.73,63.73,64.6849,84.4817,12.3372,24.4033,5499
2016-11-12 01:00:00,55.88,transfer,1.0,64.7564,0.0,58.6858,58.6858,64.7564,84.4817,12.338,24.4097,5500
2016-11-12 02:00:00,54.88,transfer,1.0,65.1906,0.0,52.0278,52.0278,65.1906,84.4817,12.3456,24.4183,5501
2016-11-12 03:00:00,54.06,transfer,1.0,64.9794,0.0,65.3157,65.3157,64.9794,84.4817,12.3582,24.4338,5502
2016-11-12 04:00:00,54.16,transfer,1.0,65.0935,0.0,58.4252,58.4252,65.0935,84.4817,12.3658,24.4465,5503
2016-11-12 05:00:00,55.29,transfer,1.0,65.835,0.0,54.4661,54.4661,65.835,84.4817,12.3712,24.4589,5504
2016-11-12 06:00:00,55.98,transfer,1.0,66.7954,0.0,58.123,58.123,66.7954,84.4817,12.3713,24.4682,5505
2016-11-12 07:00:00,55.77,transfer,1.0,68.0064,0.0,74.324,74.324,68.0064,84.4817,12.3523,24.4598,5506
2016-11-12 08:00:00,52.86,transfer,1.0,69.3356,0.0,68.0253,68.0253,69.3356,84.4817,12.3351,24.45,5507
2016-11-12 09:00:00,48.96,transfer,1.0,68.4239,0.0,65.3844,65.3844,68.4239,84.4817,12.3363,24.4543,5508
2016-11-12 10:00:00,48.43,transfer,1.0,66.8357,0.0,63.5916,63.5916,66.8357,84.4817,12.3531,24.4708,5509
2016-11-12 11:00:00,49.03,transfer,1.0,65.1982,0.0,67.1334,67.1334,65.1982,84.4817,12.3654,24.4814,5510
2016-11-12 12:00:00,51.46,transfer,1.0,63.8804,0.0,58.8855,58.8855,63.8804,84.4817,12.3702,24.4836,5511
2016-11-12 13:00:00,52.73,transfer,1.0,62.8667,0.0,70.0004,70.0004,62.8667,84.4817,12.3667,24.4754,5512
2016-11-12 14:00:00,52.57,transfer,1.0,61.988,0.0,60.9139,60.9139,61.988,84.4817,12.3652,24.4674,5513
2016-11-12 15:00:00,52.47,transfer,1.0,61.2139,0.0,60.9205,60.9205,61.2139,84.4817,12.3674,24.4603,5514
2016-11-12 16:00:00,52.48,transfer,1.0,60.3979,0.0,59.8231,59.8231,60.3979,84.4817,12.3706,24.4525,5515
2016-11-12 17:00:00,51.97,transfer,1.0,59.5943,0.0,59.7129,59.7129,59.5943,84.4817,12.3749,24.444,5516
2016-11-12 18:00:00,51.6,transfer,1.0,58.8595,0.0,63.8462,63.8462,58.8595,84.4817,12.414,24.4689,5517
2016-11-12 19:00:00,54.86,transfer,1.0,58.1719,0.0,59.2711,59.2711,58.1719,84.4817,12.4264,24.4808,5518
2016-11-12 20:00:00,56.82,transfer,1.0,58.1166,0.0,60.6172,60.6172,58.1166,84.4817,12.4267,24.481,5519
2016-11-12 21:00:00,56.31,transfer,1.0,57.9291,0.0,59.216,59.216,57.9291,84.4817,12.4318,24.4814,5520
2016-11-12 22:00:00,56.04,transfer,1.0,57.9639,0.0,56.9074,56.9074,57.9639,84.4817,12.4382,24.4845,5521
2016-11-12 23:00:00,55.81,transfer,1.0,58.0356,0.0,59.7195,59.7195,58.0356,84.4817,12.4492,24.4869,5522
2016-11-13 00:00:00,55.95,transfer,1.0,58.2022,0.0,51.073,51.073,58.2022,84.4817,12.4595,24.4907,5523
2016-11-13 01:00:00,56.23,transfer,1.0,58.7921,0.0,48.4694,48.4694,58.7921,84.4817,12.4658,24.4952,5524
2016-11-13 02:00:00,55.42,transfer,1.0,59.5772,0.0,60.5203,60.5203,59.5772,84.4817,12.4882,24.4975,5525
2016-11-13 03:00:00,55.33,transfer,1.0,60.7566,0.0,66.5902,66.5902,60.7566,84.4817,12.5148,24.5007,5526
2016-11-13 04:00:00,55.32,transfer,1.0,62.0439,0.0,65.6309,65.6309,62.0439,84.4817,12.5505,24.5057,5527
2016-11-13 05:00:00,57.7,transfer,1.0,63.6535,0.0,64.1843,64.1843,63.6535,84.4817,12.5851,24.5005,5528
2016-11-13 06:00:00,57.53,transfer,1.0,65.5162,0.0,59.7285,59.7285,65.5162,84.4817,12.6219,24.4994,5529
2016-11-13 07:00:00,57.48,transfer,1.0,67.5977,0.0,74.6177,74.6177,67.5977,84.4817,12.6416,24.4832,5530
2016-11-13 08:00:00,53.88,transfer,1.0,69.5872,0.0,76.7204,76.7204,69.5872,84.4817,12.6517,24.4603,5531
2016-11-13 09:00:00,50.22,transfer,1.0,69.107,0.0,50.3384,50.3384,69.107,84.4817,12.6869,24.4636,5532
2016-11-13 10:00:00,50.51,transfer,1.0,67.8375,0.0,68.4881,68.4881,67.8375,84.4817,12.7204,24.4658,5533
2016-11-13 11:00:00,51.31,transfer,1.0,66.3325,0.0,78.818,78.818,66.3325,84.4817,12.7431,24.4606,5534
2016-11-13 12:00:00,51.54,transfer,1.0,65.0948,0.0,64.9127,64.9127,65.0948,84.4817,12.7627,24.4555,5535
2016-11-13 13:00:00,52.22,transfer,1.0,64.0902,0.0,54.0882,54.0882,64.0902,84.4817,12.7724,24.4426,5536
2016-11-13 14:00:00,51.99,transfer,1.0,63.0673,0.0,66.2766,66.2766,63.0673,84.4817,12.7838,24.434,5537
2016-11-13 15:00:00,52.44,transfer,1.0,62.0258,0.0,62.9936,62.9936,62.0258,84.4817,12.7908,24.4237,5538
2016-11-13 16:00:00,53.68,transfer,1.0,61.0781,0.0,65.435,65.435,61.0781,84.4817,12.7836,24.4018,5539
2016-11-13 17:00:00,53.71,transfer,1.0,60.1515,0.0,51.8809,51.8809,60.1515,84.4817,12.8132,24.4191,5540
2016-11-13 18:00:00,55.5,transfer,1.0,59.3475,0.0,51.8865,51.8865,59.3475,84.4817,12.7737,24.4938,5541
2016-11-13 19:00:00,60.16,transfer,1.0,58.6186,0.0,56.9871,56.9871,58.6186,84.4817,12.7364,24.5242,5542
2016-11-13 20:00:00,60.68,transfer,1.0,58.7822,0.0,52.9278,52.9278,58.7822,84.4817,12.7033,24.5565,5543
2016-11-13 21:00:00,65.14,transfer,1.0,58.9813,0.0,66.9402,66.9402,58.9813,84.4817,12.7127,24.5498,5544
2016-11-13 22:00:00,61.73,transfer,1.0,59.1723,0.0,63.1356,63.1356,59.1723,84.4817,12.7142,24.5518,5545
2016-11-13 23:00:00,62.66,transfer,1.0,59.5582,0.0,52.9587,52.9587,59.5582,84.4817,12.7151,24.5529,5546
2016-11-14 00:00:00,66.43,transfer,1.0,59.9941,0.0,53.2043,53.2043,59.9941,84.4817,12.7377,24.5301,5547
2016-11-14 01:00:00,68.65,transfer,1.0,62.0207,0.0,50.3269,50.3269,62.0207,84.4817,12.7735,24.4928,5548
2016-11-14 02:00:00,66.68,transfer,1.0,66.0286,0.0,63.3099,63.3099,66.0286,84.4817,12.7597,24.4625,5549
2016-11-14 03:00:00,66.53,transfer,1.0,72.1866,0.0,62.9241,62.9241,72.1866,84.4817,12.7523,24.4336,5550
2016-11-14 04:00:00,61.8,transfer,1.0,79.7939,0.0,75.3942,75.3942,79.7939,84.4817,12.7999,24.4447,5551
2016-11-14 05:00:00,63.74,transfer,1.0,89.1586,0.0,85.3349,85.3349,89.1586,84.4817,12.862,24.4555,5552
2016-11-14 06:00:00,64.86,transfer,1.0,98.382,0.0,97.1175,97.1175,98.382,84.4817,12.93,24.47,5553
2016-11-14 07:00:00,80.46,transfer,1.0,106.7906,0.0,103.6739,103.6739,106.7906,84.4817,12.9729,24.4716,5554
2016-11-14 08:00:00,90.36,transfer,1.0,112.7398,0.0,124.8729,124.8729,112.7398,84.4817,12.9894,24.4809,5555
2016-11-14 09:00:00,102.24,transfer,1.0,115.9395,0.0,110.5124,110.5124,115.9395,84.4817,13.0291,24.456,5556
2016-11-14 10:00:00,115.46,transfer,1.0,117.1867,0.0,107.3253,107.3253,117.1867,84.4817,12.9687,24.3844,5557
2016-11-14 11:00:00,119.08,transfer,1.0,117.6266,0.0,115.2986,115.2986,117.6266,84.4817,12.9191,24.3397,5558
2016-11-14 12:00:00,116.86,transfer,1.0,117.5136,0.0,88.7152,88.7152,117.5136,84.4817,12.8708,24.2848,5559
2016-11-14 13:00:00,112.14,transfer,1.0,116.7105,0.0,113.6897,113.6897,116.7105,84.4817,12.8712,24.2283,5560
2016-11-14 14:00:00,107.1,transfer,1.0,114.6147,0.0,94.1566,94.1566,114.6147,84.4817,12.9092,24.1663,5561
2016-11-14 15:00:00,103.9,transfer,1.0,109.7422,0.0,94.645,94.645,109.7422,84.4817,12.9022,24.0602,5562
2016-11-14 16:00:00,102.53,transfer,1.0,102.7271,0.0,117.9286,117.9286,102.7271,84.4817,12.9001,24.001,5563
2016-11-14 17:00:00,93.22,transfer,1.0,92.9854,0.0,104.4445,104.4445,92.9854,84.4817,12.8669,23.9447,5564
2016-11-14 18:00:00,87.77,transfer,1.0,84.2096,0.0,85.4182,85.4182,84.2096,84.4817,12.8458,23.8932,5565
2016-11-14 19:00:00,74.8,transfer,1.0,76.7471,0.0,84.6256,84.6256,76.7471,84.4817,12.7682,23.9291,5566
2016-11-14 20:00:00,72.12,transfer,1.0,71.6201,0.0,82.1209,82.1209,71.6201,84.4817,12.7032,23.9545,5567
2016-11-14 21:00:00,64.53,transfer,1.0,67.7175,0.0,75.914,75.914,67.7175,84.4817,12.6727,23.9964,5568
2016-11-14 22:00:00,61.57,transfer,1.0,65.6817,0.0,57.5565,57.5565,65.6817,84.4817,12.661,24.0351,5569
2016-11-14 23:00:00,61.52,transfer,1.0,64.3279,0.0,66.7904,66.7904,64.3279,84.4817,12.6697,24.0841,5570
2016-11-15 00:00:00,62.78,transfer,1.0,63.8414,0.0,63.0819,63.0819,63.8414,84.4817,12.6713,24.1324,5571
2016-11-15 01:00:00,61.36,transfer,1.0,64.7579,0.0,71.607,71.607,64.7579,84.4817,12.6756,24.1752,5572
2016-11-15 02:00:00,62.0,transfer,1.0,67.1323,0.0,62.1568,62.1568,67.1323,84.4817,12.6803,24.2236,5573
2016-11-15 03:00:00,61.51,transfer,1.0,71.2656,0.0,71.338,71.338,71.2656,84.4817,12.6783,24.2713,5574
2016-11-15 04:00:00,60.89,transfer,1.0,78.2014,0.0,82.5568,82.5568,78.2014,84.4817,12.6646,24.3145,5575
2016-11-15 05:00:00,62.74,transfer,1.0,87.9929,0.0,94.2669,94.2669,87.9929,84.4817,12.646,24.3557,5576
2016-11-15 06:00:00,65.22,transfer,1.0,99.562,0.0,107.0703,107.0703,99.562,84.4817,12.6279,24.3852,5577
2016-11-15 07:00:00,76.44,transfer,1.0,109.3845,0.0,116.6468,116.6468,109.3845,84.4817,12.6086,24.3936,5578
2016-11-15 08:00:00,87.94,transfer,1.0,115.0541,0.0,113.5051,113.5051,115.0541,84.4817,12.603,24.3869,5579
2016-11-15 09:00:00,103.91,transfer,1.0,117.3728,0.0,105.4088,105.4088,117.3728,84.4817,12.6277,24.3561,5580
2016-11-15 10:00:00,108.71,transfer,1.0,118.1069,0.0,107.6714,107.6714,118.1069,84.4817,12.6709,24.3086,5581
2016-11-15 11:00:00,112.22,transfer,1.0,118.3579,0.0,131.5621,131.5621,118.3579,84.4817,12.6928,24.2533,5582
2016-11-15 12:00:00,110.43,transfer,1.0,118.2308,0.0,116.9078,116.9078,118.2308,84.4817,12.7249,24.1877,5583
2016-11-15 13:00:00,109.96,transfer,1.0,117.7324,0.0,121.5378,121.5378,117.7324,84.4817,12.742,24.1052,5584
2016-11-15 14:00:00,106.42,transfer,1.0,116.583,0.0,125.585,125.585,116.583,84.4817,12.7959,24.0262,5585
2016-11-15 15:00:00,109.55,transfer,1.0,114.2377,0.0,107.2458,107.2458,114.2377,84.4817,12.7723,23.925,5586
2016-11-15 16:00:00,98.47,transfer,1.0,110.0409,0.0,104.6205,104.6205,110.0409,84.4817,12.8222,23.8372,5587
2016-11-15 17:00:00,90.04,transfer,1.0,103.5949,0.0,101.9215,101.9215,103.5949,84.4817,12.8486,23.7505,5588
2016-11-15 18:00:00,85.75,transfer,1.0,93.6811,0.0,88.6109,88.6109,93.6811,84.4817,12.844,23.668,5589
2016-11-15 19:00:00,81.02,transfer,1.0,83.1701,0.0,84.7269,84.7269,83.1701,84.4817,12.7898,23.6622,5590
2016-11-15 20:00:00,77.72,transfer,1.0,75.2298,0.0,79.4865,79.4865,75.2298,84.4817,12.7835,23.6842,5591
2016-11-15 21:00:00,74.07,transfer,1.0,70.6442,0.0,61.4153,61.4153,70.6442,84.4817,12.7956,23.7425,5592
2016-11-15 22:00:00,69.39,transfer,1.0,67.7039,0.0,64.2061,64.2061,67.7039,84.4817,12.7933,23.7835,5593
2016-11-15 23:00:00,66.51,transfer,1.0,66.3996,0.0,71.3077,71.3077,66.3996,84.4817,12.7569,23.7975,5594
2016-11-16 00:00:00,64.98,transfer,1.0,66.1837,0.0,65.6046,65.6046,66.1837,84.4817,12.7197,23.8013,5595
2016-11-16 01:00:00,64.33,transfer,1.0,66.9366,0.0,69.1823,69.1823,66.9366,84.4817,12.6954,23.8062,5596
2016-11-16 02:00:00,63.74,transfer,1.0,69.8782,0.0,83.3629,83.3629,69.8782,84.4817,12.6873,23.8145,5597
2016-11-16 03:00:00,63.91,transfer,1.0,75.5493,0.0,78.4459,78.4459,75.5493,84.4817,12.6935,23.8247,5598
2016-11-16 04:00:00,62.63,transfer,1.0,84.4365,0.0,76.7661,76.7661,84.4365,84.4817,12.7165,23.8376,5599
2016-11-16 05:00:00,72.54,transfer,1.0,96.5976,0.0,107.237,107.237,96.5976,84.4817,12.7113,23.8079,5600
2016-11-16 06:00:00,70.79,transfer,1.0,107.2728,0.0,98.0497,98.0497,107.2728,84.4817,12.7273,23.7992,5601
2016-11-16 07:00:00,85.18,transfer,1.0,114.4718,0.0,124.0498,124.0498,114.4718,84.4817,12.7248,23.7871,5602
2016-11-16 08:00:00,94.64,transfer,1.0,117.3159,0.0,136.5627,136.5627,117.3159,84.4817,12.7026,23.8191,5603
2016-11-16 09:00:00,105.9,transfer,1.0,118.3679,0.0,119.5216,119.5216,118.3679,84.4817,12.7163,23.8103,5604
2016-11-16 10:00:00,118.73,transfer,1.0,118.6896,0.0,75.2573,75.2573,118.6896,84.4817,12.7132,23.8103,5605
2016-11-16 11:00:00,128.05,transfer,1.0,118.6827,0.0,112.1466,112.1466,118.6827,84.4817,12.7115,23.8103,5606
2016-11-16 12:00:00,129.47,transfer,1.0,118.5509,0.0,128.7061,128.7061,118.5509,84.4817,12.7108,23.8103,5607
2016-11-16 13:00:00,125.96,transfer,1.0,118.2828,0.0,120.7132,120.7132,118.2828,84.4817,12.7107,23.8103,5608
2016-11-16 14:00:00,124.88,transfer,1.0,117.731,0.0,127.6492,127.6492,117.731,84.4817,12.7114,23.8103,5609
2016-11-16 15:00:00,125.96,transfer,1.0,116.5774,0.0,117.5765,117.5765,116.5774,84.4817,12.7136,23.8103,5610
2016-11-16 16:00:00,116.13,transfer,1.0,114.5275,0.0,116.709,116.709,114.5275,84.4817,12.7173,23.8103,5611
2016-11-16 17:00:00,108.08,transfer,1.0,110.5248,0.0,108.2522,108.2522,110.5248,84.4817,12.7099,23.8103,5612
2016-11-16 18:00:00,100.25,transfer,1.0,103.3023,0.0,100.5823,100.5823,103.3023,84.4817,12.6962,23.8103,5613
2016-11-16 19:00:00,81.27,transfer,1.0,94.0442,0.0,89.9254,89.9254,94.0442,84.4817,12.6816,23.8103,5614
2016-11-16 20:00:00,78.14,transfer,1.0,85.473,0.0,82.855,82.855,85.473,84.4817,12.6694,23.8103,5615
2016-11-16 21:00:00,64.98,transfer,1.0,76.9719,0.0,89.5696,89.5696,76.9719,84.4817,12.6619,23.8103,5616
2016-11-16 22:00:00,62.26,transfer,1.0,71.2031,0.0,77.8692,77.8692,71.2031,84.4817,12.6556,23.8103,5617
2016-11-16 23:00:00,63.0,transfer,1.0,67.5648,0.0,60.21,60.21,67.5648,84.4817,12.6538,23.8103,5618
2016-11-17 00:00:00,62.54,transfer,1.0,66.4898,0.0,59.7443,59.7443,66.4898,84.4817,12.6542,23.8103,5619
2016-11-17 01:00:00,63.09,transfer,1.0,67.4412,0.0,74.7719,74.7719,67.4412,84.4817,12.6562,23.8103,5620
2016-11-17 02:00:00,62.07,transfer,1.0,70.6399,0.0,66.515,66.515,70.6399,84.4817,12.6596,23.8103,5621
2016-11-17 03:00:00,61.28,transfer,1.0,76.604,0.0,84.9661,84.9661,76.604,84.4817,12.6667,23.8103,5622
2016-11-17 04:00:00,60.7,transfer,1.0,85.5652,0.0,83.2132,83.2132,85.5652,84.4817,12.6766,23.8103,5623
2016-11-17 05:00:00,70.25,transfer,1.0,96.5743,0.0,88.2567,88.2567,96.5743,84.4817,12.6828,23.8103,5624
2016-11-17 06:00:00,68.15,transfer,1.0,107.3544,0.0,101.2478,101.2478,107.3544,84.4817,12.6852,23.8103,5625
2016-11-17 07:00:00,80.48,transfer,1.0,114.3792,0.0,111.138,111.138,114.3792,84.4817,12.6825,23.8103,5626
2016-11-17 08:00:00,91.31,transfer,1.0,117.3845,0.0,124.8387,124.8387,117.3845,84.4817,12.6805,23.8103,5627
2016-11-17 09:00:00,103.27,transfer,1.0,118.5215,0.0,91.1268,91.1268,118.5215,84.4817,12.6793,23.8103,5628
2016-11-17 10:00:00,111.02,transfer,1.0,118.8479,0.0,126.0425,126.0425,118.8479,84.4817,12.6785,23.8103,5629
2016-11-17 11:00:00,112.59,transfer,1.0,118.885,0.0,111.0393,111.0393,118.885,84.4816,12.6778,23.8103,5630
2016-11-17 12:00:00,121.2,transfer,1.0,118.7881,0.0,118.6,118.6,118.7881,84.4816,12.6785,23.8103,5631
2016-11-17 13:00:00,120.64,transfer,1.0,118.4607,0.0,120.8939,120.8939,118.4607,84.4816,12.6792,23.8103,5632
2016-11-17 14:00:00,116.57,transfer,1.0,117.891,0.0,116.7586,116.7586,117.891,84.4816,12.6779,23.8103,5633
2016-11-17 15:00:00,121.01,transfer,1.0,116.9484,0.0,127.8767,127.8767,116.9484,84.4816,12.6806,23.8103,5634
2016-11-17 16:00:00,112.84,transfer,1.0,114.9518,0.0,106.0332,106.0332,114.9518,84.4816,12.6759,23.8103,5635
2016-11-17 17:00:00,108.59,transfer,1.0,111.5071,0.0,110.3463,110.3463,111.5071,84.4817,12.6685,23.8103,5636
2016-11-17 18:00:00,98.48,transfer,1.0,105.4222,0.0,117.0158,117.0158,105.4222,84.4817,12.6593,23.8103,5637
2016-11-17 19:00:00,85.69,transfer,1.0,97.4043,0.0,97.3936,97.3936,97.4043,84.4817,12.6504,23.8103,5638
2016-11-17 20:00:00,79.34,transfer,1.0,87.8308,0.0,94.3133,94.3133,87.8308,84.4817,12.6447,23.8103,5639
2016-11-17 21:00:00,68.41,transfer,1.0,79.9532,0.0,71.8771,71.8771,79.9532,84.4817,12.6427,23.8103,5640
2016-11-17 22:00:00,60.93,transfer,1.0,73.7569,0.0,69.8718,69.8718,73.7569,84.4817,12.6421,23.8103,5641
2016-11-17 23:00:00,60.03,transfer,1.0,69.9216,0.0,80.9495,80.9495,69.9216,84.4817,12.6406,23.8103,5642
2016-11-18 00:00:00,59.7,transfer,1.0,68.2392,0.0,53.5544,53.5544,68.2392,84.4817,12.6379,23.8103,5643
2016-11-18 01:00:00,59.93,transfer,1.0,68.2861,0.0,67.4039,67.4039,68.2861,84.4817,12.6179,23.7955,5644
2016-11-18 02:00:00,57.87,transfer,1.0,70.1743,0.0,72.1577,72.1577,70.1743,84.4817,12.6043,23.7893,5645
2016-11-18 03:00:00,58.03,transfer,1.0,74.0862,0.0,71.9901,71.9901,74.0862,84.4817,12.5848,23.7801,5646
2016-11-18 04:00:00,57.16,transfer,1.0,80.3775,0.0,83.2504,83.2504,80.3775,84.4817,12.5663,23.777,5647
2016-11-18 05:00:00,67.59,transfer,1.0,89.0467,0.0,84.9335,84.9335,89.0467,84.4817,12.4852,23.7193,5648
2016-11-18 06:00:00,65.38,transfer,1.0,99.3394,0.0,90.6672,90.6672,99.3394,84.4817,12.413,23.6753,5649
2016-11-18 07:00:00,70.99,transfer,1.0,108.8677,0.0,109.8265,109.8265,108.8677,84.4817,12.3155,23.5977,5650
2016-11-18 08:00:00,74.31,transfer,1.0,114.255,0.0,128.0112,128.0112,114.255,84.4817,12.1886,23.4823,5651
2016-11-18 09:00:00,84.08,transfer,1.0,116.5665,0.0,111.0605,111.0605,116.5665,84.4817,11.9857,23.2853,5652
2016-11-18 10:00:00,89.15,transfer,1.0,117.154,0.0,135.4647,135.4647,117.154,84.4817,11.7551,23.1119,5653
2016-11-18 11:00:00,94.84,transfer,1.0,117.0998,0.0,128.3489,128.3489,117.0998,84.4817,11.507,22.9792,5654
2016-11-18 12:00:00,96.74,transfer,1.0,116.4138,0.0,128.6411,128.6411,116.4138,84.4817,11.2687,22.8584,5655
2016-11-18 13:00:00,98.27,transfer,1.0,114.9833,0.0,132.0141,132.0141,114.9833,84.4817,11.065,22.7516,5656
2016-11-18 14:00:00,99.44,transfer,1.0,112.1685,0.0,97.8732,97.8732,112.1685,84.4817,10.9023,22.6509,5657
2016-11-18 15:00:00,92.74,transfer,1.0,107.0645,0.0,107.9695,107.9695,107.0645,84.4817,10.8154,22.5123,5658
2016-11-18 16:00:00,86.97,transfer,1.0,99.9143,0.0,104.9413,104.9413,99.9143,84.4817,10.7803,22.3473,5659
2016-11-18 17:00:00,81.77,transfer,1.0,90.3016,0.0,103.9613,103.9613,90.3016,84.4817,10.7533,22.1844,5660
2016-11-18 18:00:00,74.03,transfer,1.0,80.3193,0.0,74.402,74.402,80.3193,84.4817,10.7398,22.076,5661
2016-11-18 19:00:00,67.54,transfer,1.0,73.0277,0.0,74.4519,74.4519,73.0277,84.4817,10.7674,22.0403,5662
2016-11-18 20:00:00,64.06,transfer,1.0,68.8562,0.0,75.0934,75.0934,68.8562,84.4817,10.7918,22.0241,5663
2016-11-18 21:00:00,64.43,transfer,1.0,66.3005,0.0,69.0877,69.0877,66.3005,84.4817,10.7783,22.0353,5664
2016-11-18 22:00:00,57.58,transfer,1.0,64.8107,0.0,59.0553,59.0553,64.8107,84.4817,10.8207,22.0657,5665
2016-11-18 23:00:00,57.11,transfer,1.0,64.3413,0.0,55.5025,55.5025,64.3413,84.4817,10.8622,22.1049,5666
2016-11-19 00:00:00,55.41,transfer,1.0,64.4105,0.0,58.5986,58.5986,64.4105,84.4817,10.8996,22.1763,5667
2016-11-19 01:00:00,55.88,transfer,1.0,63.8471,0.0,71.3723,71.3723,63.8471,84.4817,10.8942,22.1763,5668
2016-11-19 02:00:00,54.88,transfer,1.0,63.4461,0.0,69.5473,69.5473,63.4461,84.4817,10.8838,22.1763,5669
2016-11-19 03:00:00,54.06,transfer,1.0,63.6512,0.0,58.8288,58.8288,63.6512,84.4817,10.8759,22.1763,5670
2016-11-19 04:00:00,54.16,transfer,1.0,64.4087,0.0,56.9045,56.9045,64.4087,84.4817,10.8718,22.1763,5671
2016-11-19 05:00:00,55.29,transfer,1.0,65.4692,0.0,68.338,68.338,65.4692,84.4817,10.8696,22.1763,5672
2016-11-19 06:00:00,55.98,transfer,1.0,67.3984,0.0,63.4752,63.4752,67.3984,84.4817,10.8732,22.1763,5673
2016-11-19 07:00:00,55.77,transfer,1.0,69.6062,0.0,70.4408,70.4408,69.6062,84.4817,10.8827,22.1763,5674
2016-11-19 08:00:00,52.86,transfer,1.0,71.8466,0.0,73.1396,73.1396,71.8466,84.4817,10.8977,22.1763,5675
2016-11-19 09:00:00,48.96,transfer,1.0,71.6364,0.0,79.6469,79.6469,71.6364,84.4817,10.9168,22.1763,5676
2016-11-19 10:00:00,48.43,transfer,1.0,69.5417,0.0,74.4166,74.4166,69.5417,84.4817,10.9329,22.1763,5677
2016-11-19 11:00:00,49.03,transfer,1.0,66.8781,0.0,72.9378,72.9378,66.8781,84.4817,10.9429,22.1763,5678
2016-11-19 12:00:00,51.46,transfer,1.0,64.5944,0.0,63.2125,63.2125,64.5944,84.4817,10.9472,22.1763,5679
2016-11-19 13:00:00,52.73,transfer,1.0,62.6729,0.0,67.5879,67.5879,62.6729,84.4817,10.946,22.1763,5680
2016-11-19 14:00:00,52.57,transfer,1.0,61.1238,0.0,50.5986,50.5986,61.1238,84.4817,10.9409,22.1763,5681
2016-11-19 15:00:00,52.47,transfer,1.0,59.7121,0.0,65.922,65.922,59.7121,84.4817,10.9319,22.1763,5682
2016-11-19 16:00:00,52.48,transfer,1.0,58.4553,0.0,61.3572,61.3572,58.4553,84.4817,10.9204,22.1763,5683
2016-11-19 17:00:00,51.97,transfer,1.0,57.3624,0.0,51.5753,51.5753,57.3624,84.4817,10.9071,22.1763,5684
2016-11-19 18:00:00,51.6,transfer,1.0,56.5993,0.0,48.19,48.19,56.5993,84.4817,10.8936,22.1763,5685
2016-11-19 19:00:00,54.86,transfer,1.0,56.1099,0.0,42.9847,42.9847,56.1099,84.4817,10.8813,22.1763,5686
2016-11-19 20:00:00,56.82,transfer,1.0,56.5706,0.0,61.6012,61.6012,56.5706,84.4817,10.8751,22.1763,5687
2016-11-19 21:00:00,56.31,transfer,1.0,56.979,0.0,60.6555,60.6555,56.979,84.4817,10.8694,22.1763,5688
2016-11-19 22:00:00,56.04,transfer,1.0,57.5541,0.0,53.8161,53.8161,57.5541,84.4817,10.867,22.1763,5689
2016-11-19 23:00:00,55.81,transfer,1.0,57.9928,0.0,62.3945,62.3945,57.9928,84.4817,10.8668,22.1763,5690
2016-11-20 00:00:00,55.95,transfer,1.0,58.6594,0.0,58.5425,58.5425,58.6594,84.4817,10.8695,22.1763,5691
2016-11-20 01:00:00,56.23,transfer,1.0,59.7988,0.0,60.7492,60.7492,59.7988,84.4817,10.8755,22.1763,5692
2016-11-20 02:00:00,55.42,transfer,1.0,61.3137,0.0,61.9476,61.9476,61.3137,84.4817,10.8858,22.1763,5693
2016-11-20 03:00:00,55.33,transfer,1.0,62.9078,0.0,69.1324,69.1324,62.9078,84.4817,10.8986,22.1763,5694
2016-11-20 04:00:00,55.32,transfer,1.0,64.7081,0.0,58.0455,58.0455,64.7081,84.4817,10.9145,22.1763,5695
2016-11-20 05:00:00,57.7,transfer,1.0,66.1473,0.0,74.7739,74.7739,66.1473,84.4817,10.9293,22.1763,5696
2016-11-20 06:00:00,57.53,transfer,1.0,68.0608,0.0,53.7408,53.7408,68.0608,84.4817,10.9445,22.1763,5697
2016-11-20 07:00:00,57.48,transfer,1.0,70.3145,0.0,58.3275,58.3275,70.3145,84.4817,10.9606,22.1763,5698
2016-11-20 08:00:00,53.88,transfer,1.0,72.2149,0.0,85.0032,85.0032,72.2149,84.4817,10.9763,22.1763,5699
2016-11-20 09:00:00,50.22,transfer,1.0,71.0077,0.0,69.0801,69.0801,71.0077,84.4817,10.9876,22.1763,5700
2016-11-20 10:00:00,50.51,transfer,1.0,68.9265,0.0,67.2654,67.2654,68.9265,84.4817,10.9941,22.1763,5701
2016-11-20 11:00:00,51.31,transfer,1.0,66.9218,0.0,70.0462,70.0462,66.9218,84.4817,10.9976,22.1763,5702
2016-11-20 12:00:00,51.54,transfer,1.0,65.7739,0.0,56.5486,56.5486,65.7739,84.4817,11.0016,22.1763,5703
2016-11-20 13:00:00,52.22,transfer,1.0,65.119,0.0,73.3896,73.3896,65.119,84.4817,11.0077,22.1763,5704
2016-11-20 14:00:00,51.99,transfer,1.0,64.4761,0.0,63.1373,63.1373,64.4761,84.4817,11.0161,22.1763,5705
2016-11-20 15:00:00,52.44,transfer,1.0,63.8045,0.0,56.0411,56.0411,63.8045,84.4817,11.0267,22.1763,5706
2016-11-20 16:00:00,53.68,transfer,1.0,63.2128,0.0,70.9817,70.9817,63.2128,84.4817,11.0394,22.1763,5707
2016-11-20 17:00:00,53.71,transfer,1.0,62.763,0.0,57.121,57.121,62.763,84.4817,11.055,22.1763,5708
2016-11-20 18:00:00,55.5,transfer,1.0,62.228,0.0,57.9035,57.9035,62.228,84.4817,11.0721,22.1763,5709
2016-11-20 19:00:00,60.16,transfer,1.0,61.8482,0.0,67.591,67.591,61.8482,84.4817,11.073,22.1763,5710
2016-11-20 20:00:00,60.68,transfer,1.0,62.5179,0.0,68.0868,68.0868,62.5179,84.4817,11.0726,22.1763,5711
2016-11-20 21:00:00,65.14,transfer,1.0,62.6501,0.0,53.6398,53.6398,62.6501,84.4817,11.0508,22.1763,5712
2016-11-20 22:00:00,61.73,transfer,1.0,62.9406,0.0,65.4704,65.4704,62.9406,84.4817,11.0428,22.1763,5713
2016-11-20 23:00:00,62.66,transfer,1.0,63.638,0.0,66.0401,66.0401,63.638,84.4817,11.0301,22.1763,5714
2016-11-21 00:00:00,66.43,transfer,1.0,64.0736,0.0,67.3107,67.3107,64.0736,84.4817,11.0058,22.1763,5715
2016-11-21 01:00:00,68.65,transfer,1.0,66.3436,0.0,66.0718,66.0718,66.3436,84.4817,10.9801,22.1763,5716
2016-11-21 02:00:00,66.68,transfer,1.0,70.995,0.0,71.7707,71.7707,70.995,84.4817,11.0019,22.1763,5717
2016-11-21 03:00:00,66.53,transfer,1.0,77.3937,0.0,61.1825,61.1825,77.3937,84.4817,11.0329,22.1763,5718
2016-11-21 04:00:00,61.8,transfer,1.0,84.6489,0.0,72.312,72.312,84.6489,84.4817,11.0618,22.1763,5719
2016-11-21 05:00:00,63.74,transfer,1.0,92.6836,0.0,101.1443,101.1443,92.6836,84.4817,11.0828,22.1763,5720
2016-11-21 06:00:00,64.86,transfer,1.0,100.7153,0.0,102.2629,102.2629,100.7153,84.4817,11.0967,22.1763,5721
2016-11-21 07:00:00,80.46,transfer,1.0,107.5373,0.0,99.4717,99.4717,107.5373,84.4817,11.1011,22.1763,5722
2016-11-21 08:00:00,90.36,transfer,1.0,113.0338,0.0,125.6536,125.6536,113.0338,84.4817,11.1029,22.1763,5723
2016-11-21 09:00:00,102.24,transfer,1.0,115.9728,0.0,95.8351,95.8351,115.9728,84.4817,11.1031,22.1763,5724
2016-11-21 10:00:00,115.46,transfer,1.0,117.02,0.0,109.3381,109.3381,117.02,84.4817,11.1021,22.1763,5725
2016-11-21 11:00:00,119.08,transfer,1.0,117.4622,0.0,126.9075,126.9075,117.4622,84.4817,11.1031,22.1763,5726
2016-11-21 12:00:00,116.86,transfer,1.0,117.4794,0.0,120.112,120.112,117.4794,84.4817,11.1029,22.1763,5727
2016-11-21 13:00:00,112.14,transfer,1.0,117.0459,0.0,133.3144,133.3144,117.0459,84.4817,11.1049,22.1763,5728
2016-11-21 14:00:00,107.1,transfer,1.0,115.8679,0.0,111.1671,111.1671,115.8679,84.4817,11.1123,22.1763,5729
2016-11-21 15:00:00,103.9,transfer,1.0,113.4841,0.0,113.9948,113.9948,113.4841,84.4817,11.1346,22.1763,5730
2016-11-21 16:00:00,102.53,transfer,1.0,109.6512,0.0,105.9709,105.9709,109.6512,84.4817,11.1758,22.1763,5731
2016-11-21 17:00:00,93.22,transfer,1.0,103.6171,0.0,108.1943,108.1943,103.6171,84.4817,11.2363,22.1763,5732
2016-11-21 18:00:00,87.77,transfer,1.0,96.0504,0.0,96.3303,96.3303,96.0504,84.4817,11.2644,22.1763,5733
2016-11-21 19:00:00,74.8,transfer,1.0,88.5606,0.0,81.9224,81.9224,88.5606,84.4817,11.3347,22.1763,5734
2016-11-21 20:00:00,72.12,transfer,1.0,81.6908,0.0,81.5154,81.5154,81.6908,84.4817,11.3887,22.1763,5735
2016-11-21 21:00:00,64.53,transfer,1.0,76.852,0.0,82.6199,82.6199,76.852,84.4817,11.4431,22.1763,5736
2016-11-21 22:00:00,61.57,transfer,1.0,74.1657,0.0,78.4841,78.4841,74.1657,84.4817,11.4936,22.1763,5737
2016-11-21 23:00:00,61.52,transfer,1.0,72.833,0.0,66.05,66.05,72.833,84.4817,11.5442,22.1763,5738
2016-11-22 00:00:00,62.78,transfer,1.0,73.3817,0.0,78.3519,78.3519,73.3817,84.4817,11.601,22.1763,5739
2016-11-22 01:00:00,61.36,transfer,1.0,76.1577,0.0,78.3899,78.3899,76.1577,84.4817,11.6688,22.1763,5740
2016-11-22 02:00:00,62.0,transfer,1.0,80.8341,0.0,70.6332,70.6332,80.8341,84.4817,11.7504,22.1763,5741
2016-11-22 03:00:00,61.51,transfer,1.0,87.638,0.0,98.0378,98.0378,87.638,84.4817,11.8479,22.1763,5742
2016-11-22 04:00:00,60.89,transfer,1.0,96.7675,0.0,103.5058,103.5058,96.7675,84.4817,11.9584,22.1763,5743
2016-11-22 05:00:00,62.74,transfer,1.0,106.0262,0.0,100.3383,100.3383,106.0262,84.4817,12.0657,22.1763,5744
2016-11-22 06:00:00,65.22,transfer,1.0,112.8987,0.0,120.1817,120.1817,112.8987,84.4817,12.1451,22.1763,5745
2016-11-22 07:00:00,76.44,transfer,1.0,116.4348,0.0,113.4618,113.4618,116.4348,84.4817,12.1871,22.1763,5746
2016-11-22 08:00:00,87.94,transfer,1.0,118.0956,0.0,125.3233,125.3233,118.0956,84.4817,12.2052,22.1763,5747
2016-11-22 09:00:00,103.91,transfer,1.0,118.8071,0.0,123.2073,123.2073,118.8071,84.4817,12.2137,22.1763,5748
2016-11-22 10:00:00,108.71,transfer,1.0,119.0801,0.0,123.8344,123.8344,119.0801,84.4817,12.2195,22.1763,5749
2016-11-22 11:00:00,112.22,transfer,1.0,119.1651,0.0,114.4421,114.4421,119.1651,84.4817,12.2243,22.1763,5750
2016-11-22 12:00:00,110.43,transfer,1.0,119.0975,0.0,128.6435,128.6435,119.0975,84.4817,12.2295,22.1763,5751
2016-11-22 13:00:00,109.96,transfer,1.0,118.8538,0.0,132.5786,132.5786,118.8538,84.4817,12.2361,22.1763,5752
2016-11-22 14:00:00,106.42,transfer,1.0,118.2951,0.0,126.5956,126.5956,118.2951,84.4817,12.2463,22.1763,5753
2016-11-22 15:00:00,109.55,transfer,1.0,117.0567,0.0,95.4836,95.4836,117.0567,84.4817,12.2631,22.1763,5754
2016-11-22 16:00:00,98.47,transfer,1.0,114.5596,0.0,118.0154,118.0154,114.5596,84.4817,12.29,22.1763,5755
2016-11-22 17:00:00,90.04,transfer,1.0,109.9272,0.0,121.0421,121.0421,109.9272,84.4817,12.3277,22.1763,5756
2016-11-22 18:00:00,85.75,transfer,1.0,100.9706,0.0,109.6557,109.6557,100.9706,84.4817,12.3711,22.1763,5757
2016-11-22 19:00:00,81.02,transfer,1.0,89.6232,0.0,87.5172,87.5172,89.6232,84.4817,12.4095,22.1763,5758
2016-11-22 20:00:00,77.72,transfer,1.0,80.4788,0.0,70.3896,70.3896,80.4788,84.4817,12.4111,22.1763,5759
2016-11-22 21:00:00,74.07,transfer,1.0,75.5816,0.0,80.3861,80.3861,75.5816,84.4817,12.3997,22.1763,5760
2016-11-22 22:00:00,69.39,transfer,1.0,72.598,0.0,69.2349,69.2349,72.598,84.4817,12.4088,22.1763,5761
2016-11-22 23:00:00,66.51,transfer,1.0,71.2114,0.0,70.813,70.813,71.2114,84.4817,12.4361,22.1763,5762
2016-11-23 00:00:00,64.98,transfer,1.0,71.0771,0.0,77.489,77.489,71.0771,84.4817,12.4652,22.1763,5763
2016-11-23 01:00:00,64.33,transfer,1.0,72.4171,0.0,72.1734,72.1734,72.4171,84.4817,12.4978,22.1763,5764
2016-11-23 02:00:00,63.74,transfer,1.0,75.8699,0.0,76.7373,76.7373,75.8699,84.4817,12.5335,22.1763,5765
2016-11-23 03:00:00,63.91,transfer,1.0,82.027,0.0,79.3297,79.3297,82.027,84.4817,12.5721,22.1763,5766
2016-11-23 04:00:00,62.63,transfer,1.0,91.2382,0.0,96.5533,96.5533,91.2382,84.4817,12.6125,22.1763,5767
2016-11-23 05:00:00,72.54,transfer,1.0,102.1659,0.0,113.8878,113.8878,102.1659,84.4817,12.6457,22.1763,5768
2016-11-23 06:00:00,70.79,transfer,1.0,111.0373,0.0,113.8416,113.8416,111.0373,84.4817,12.6681,22.1763,5769
2016-11-23 07:00:00,85.18,transfer,1.0,115.8932,0.0,110.7821,110.7821,115.8932,84.4817,12.6766,22.1763,5770
2016-11-23 08:00:00,94.64,transfer,1.0,117.8465,0.0,112.728,112.728,117.8465,84.4817,12.6797,22.1763,5771
2016-11-23 09:00:00,105.9,transfer,1.0,118.6337,0.0,117.3462,117.3462,118.6337,84.4817,12.6813,22.1763,5772
2016-11-23 10:00:00,118.73,transfer,1.0,118.8904,0.0,118.8499,118.8499,118.8904,84.4817,12.682,22.1763,5773
2016-11-23 11:00:00,128.05,transfer,1.0,118.9493,0.0,134.8675,134.8675,118.9493,84.4817,12.6804,22.1763,5774
2016-11-23 12:00:00,129.47,transfer,1.0,118.9304,0.0,113.1701,113.1701,118.9304,84.4817,12.6782,22.1763,5775
2016-11-23 13:00:00,125.96,transfer,1.0,118.8111,0.0,101.6243,101.6243,118.8111,84.4817,12.675,22.1763,5776
2016-11-23 14:00:00,124.88,transfer,1.0,118.5287,0.0,131.8115,131.8115,118.5287,84.4817,12.6703,22.1763,5777
2016-11-23 15:00:00,125.96,transfer,1.0,117.937,0.0,133.1486,133.1486,117.937,84.4817,12.6622,22.1763,5778
2016-11-23 16:00:00,116.13,transfer,1.0,116.8994,0.0,109.7251,109.7251,116.8994,84.4817,12.6572,22.1763,5779
2016-11-23 17:00:00,108.08,transfer,1.0,114.8277,0.0,130.5344,130.5344,114.8277,84.4817,12.6828,22.1763,5780
2016-11-23 18:00:00,100.25,transfer,1.0,110.2711,0.0,103.0067,103.0067,110.2711,84.4817,12.7243,22.1763,5781
2016-11-23 19:00:00,81.27,transfer,1.0,102.5556,0.0,100.1665,100.1665,102.5556,84.4817,12.775,22.1763,5782
2016-11-23 20:00:00,78.14,transfer,1.0,92.5697,0.0,94.5323,94.5323,92.5697,84.4817,12.8172,22.1763,5783
2016-11-23 21:00:00,64.98,transfer,1.0,83.6444,0.0,77.3122,77.3122,83.6444,84.4817,12.8569,22.1763,5784
2016-11-23 22:00:00,62.26,transfer,1.0,76.9794,0.0,83.3418,83.3418,76.9794,84.4817,12.8913,22.1763,5785
2016-11-23 23:00:00,63.0,transfer,1.0,72.3254,0.0,67.1448,67.1448,72.3254,84.4817,12.9197,22.1763,5786
2016-11-24 00:00:00,62.54,transfer,1.0,70.9939,0.0,77.111,77.111,70.9939,84.4817,12.9465,22.1763,5787
2016-11-24 01:00:00,57.45,transfer,1.0,71.8319,0.0,63.5257,63.5257,71.8319,84.4817,13.0062,22.2099,5788
2016-11-24 02:00:00,56.82,transfer,1.0,74.5195,0.0,78.6053,78.6053,74.5195,84.4817,13.0605,22.2411,5789
2016-11-24 03:00:00,56.49,transfer,1.0,79.3762,0.0,80.5779,80.5779,79.3762,84.4817,13.1055,22.2696,5790
2016-11-24 04:00:00,56.63,transfer,1.0,87.3954,0.0,85.4363,85.4363,87.3954,84.4817,13.1407,22.2938,5791
2016-11-24 05:00:00,57.91,transfer,1.0,97.5924,0.0,104.318,104.318,97.5924,84.4817,13.2202,22.3673,5792
2016-11-24 06:00:00,57.99,transfer,1.0,108.2204,0.0,94.1185,94.1185,108.2204,84.4817,13.2858,22.4278,5793
2016-11-24 07:00:00,57.94,transfer,1.0,114.1148,0.0,106.4032,106.4032,114.1148,84.4817,13.4184,22.5619,5794
2016-11-24 08:00:00,54.92,transfer,1.0,117.0132,0.0,114.9282,114.9282,117.0132,84.4817,13.6328,22.6973,5795
2016-11-24 09:00:00,50.99,transfer,1.0,117.9617,0.0,92.4592,92.4592,117.9617,84.4817,13.9406,22.7848,5796
2016-11-24 10:00:00,50.68,transfer,1.0,117.8346,0.0,115.6725,115.6725,117.8346,84.4817,14.2938,22.828,5797
2016-11-24 11:00:00,51.84,transfer,1.0,116.7883,0.0,112.9694,112.9694,116.7883,84.4817,14.6429,22.855,5798
2016-11-24 12:00:00,51.93,transfer,1.0,114.0176,0.0,124.5685,124.5685,114.0176,84.4817,14.9981,22.8302,5799
2016-11-24 13:00:00,52.74,transfer,1.0,108.214,0.0,106.8691,106.8691,108.214,84.4817,15.3154,22.8039,5800
2016-11-24 14:00:00,52.61,transfer,1.0,98.0591,0.0,106.0333,106.0333,98.0591,84.4817,15.578,22.8026,5801
2016-11-24 15:00:00,52.93,transfer,1.0,85.8029,0.0,83.5865,83.5865,85.8029,84.4817,15.7495,22.773,5802
2016-11-24 16:00:00,54.28,transfer,1.0,75.075,0.0,60.8379,60.8379,75.075,84.4817,15.8607,22.784,5803
2016-11-24 17:00:00,54.41,transfer,1.0,66.7723,0.0,51.2527,51.2527,66.7723,84.4817,15.9169,22.8195,5804
2016-11-24 18:00:00,55.81,transfer,1.0,62.4292,0.0,60.1569,60.1569,62.4292,84.4817,15.915,22.9068,5805
2016-11-24 19:00:00,61.55,transfer,1.0,59.8577,0.0,64.5243,64.5243,59.8577,84.4817,15.8554,23.0361,5806
2016-11-24 20:00:00,61.34,transfer,1.0,58.9759,0.0,55.4069,55.4069,58.9759,84.4817,15.8189,23.1432,5807
2016-11-24 21:00:00,66.3,transfer,1.0,58.7477,0.0,55.5789,55.5789,58.7477,84.4817,15.7951,23.1558,5808
2016-11-24 22:00:00,62.7,transfer,1.0,58.7337,0.0,56.9713,56.9713,58.7337,84.4817,15.7424,23.1453,5809
2016-11-24 23:00:00,63.69,transfer,1.0,59.5302,0.0,66.2711,66.2711,59.5302,84.4817,15.7083,23.1235,5810
2016-11-25 00:00:00,67.4,transfer,1.0,60.5961,0.0,61.7224,61.7224,60.5961,84.4817,15.698,23.0776,5811
2016-11-25 01:00:00,59.93,transfer,1.0,62.5039,0.0,73.3227,73.3227,62.5039,84.4817,15.6635,23.0776,5812
2016-11-25 02:00:00,57.87,transfer,1.0,65.6299,0.0,77.0985,77.0985,65.6299,84.4817,15.6365,23.0776,5813
2016-11-25 03:00:00,58.03,transfer,1.0,69.1413,0.0,70.2322,70.2322,69.1413,84.4817,15.6071,23.0776,5814
2016-11-25 04:00:00,57.16,transfer,1.0,73.7654,0.0,63.4921,63.4921,73.7654,84.4817,15.5677,23.0776,5815
2016-11-25 05:00:00,67.59,transfer,1.0,80.6138,0.0,78.9134,78.9134,80.6138,84.4817,15.5175,23.0777,5816
2016-11-25 06:00:00,65.38,transfer,1.0,89.2599,0.0,85.8701,85.8701,89.2599,84.4817,15.4575,23.0777,5817
2016-11-25 07:00:00,70.99,transfer,1.0,98.4656,0.0,112.8154,112.8154,98.4656,84.4817,15.3956,23.0777,5818
2016-11-25 08:00:00,74.31,transfer,1.0,104.5426,0.0,85.2788,85.2788,104.5426,84.4817,15.3378,23.0777,5819
2016-11-25 09:00:00,84.08,transfer,1.0,105.78,0.0,104.6138,104.6138,105.78,84.4817,15.2736,23.0777,5820
2016-11-25 10:00:00,89.15,transfer,1.0,104.1207,0.0,114.3608,114.3608,104.1207,84.4817,15.196,23.0777,5821
2016-11-25 11:00:00,94.84,transfer,1.0,101.7828,0.0,104.2293,104.2293,101.7828,84.4817,15.1048,23.0777,5822
2016-11-25 12:00:00,96.74,transfer,1.0,98.8622,0.0,107.7444,107.7444,98.8622,84.4817,15.0003,23.0777,5823
2016-11-25 13:00:00,98.27,transfer,1.0,95.1529,0.0,93.8023,93.8023,95.1529,84.4817,14.9194,23.0777,5824
2016-11-25 14:00:00,99.44,transfer,1.0,90.6029,0.0,88.9311,88.9311,90.6029,84.4817,14.8963,23.0776,5825
2016-11-25 15:00:00,92.74,transfer,1.0,85.2341,0.0,75.3189,75.3189,85.2341,84.4817,14.8557,23.0776,5826
2016-11-25 16:00:00,86.97,transfer,1.0,79.9689,0.0,94.3884,94.3884,79.9689,84.4817,14.8203,23.0776,5827
2016-11-25 17:00:00,81.77,transfer,1.0,73.8836,0.0,81.0489,81.0489,73.8836,84.4817,14.8164,23.0776,5828
2016-11-25 18:00:00,74.03,transfer,1.0,68.8503,0.0,68.3316,68.3316,68.8503,84.4817,14.8098,23.0776,5829
2016-11-25 19:00:00,67.54,transfer,1.0,65.5978,0.0,64.5557,64.5557,65.5978,84.4817,14.7887,23.0777,5830
2016-11-25 20:00:00,64.06,transfer,1.0,64.1925,0.0,57.6206,57.6206,64.1925,84.4817,14.761,23.0777,5831
2016-11-25 21:00:00,64.43,transfer,1.0,63.1473,0.0,50.2641,50.2641,63.1473,84.4817,14.7575,23.0777,5832
2016-11-25 22:00:00,57.58,transfer,1.0,62.7941,0.0,69.7642,69.7642,62.7941,84.4817,14.7455,23.0777,5833
2016-11-25 23:00:00,57.11,transfer,1.0,63.0685,0.0,61.8332,61.8332,63.0685,84.4817,14.7379,23.0777,5834
2016-11-26 00:00:00,55.41,transfer,1.0,63.789,0.0,63.7846,63.7846,63.789,84.4817,14.7342,23.0777,5835
2016-11-26 01:00:00,55.88,transfer,1.0,63.5416,0.0,70.5177,70.5177,63.5416,84.4817,14.7324,23.0777,5836
2016-11-26 02:00:00,54.88,transfer,1.0,63.3515,0.0,66.7704,66.7704,63.3515,84.4817,14.7318,23.0777,5837
2016-11-26 03:00:00,54.06,transfer,1.0,63.6895,0.0,60.8652,60.8652,63.6895,84.4817,14.732,23.0777,5838
2016-11-26 04:00:00,54.16,transfer,1.0,64.5292,0.0,65.1317,65.1317,64.5292,84.4817,14.7328,23.0777,5839
2016-11-26 05:00:00,55.29,transfer,1.0,65.7926,0.0,79.5784,79.5784,65.7926,84.4817,14.7347,23.0777,5840
2016-11-26 06:00:00,55.98,transfer,1.0,67.9007,0.0,59.3243,59.3243,67.9007,84.4817,14.7377,23.0777,5841
2016-11-26 07:00:00,55.77,transfer,1.0,69.9821,0.0,76.04,76.04,69.9821,84.4817,14.7399,23.0777,5842
2016-11-26 08:00:00,52.86,transfer,1.0,71.8701,0.0,57.3523,57.3523,71.8701,84.4817,14.7401,23.0777,5843
2016-11-26 09:00:00,48.96,transfer,1.0,71.2637,0.0,58.8495,58.8495,71.2637,84.4817,14.7378,23.0777,5844
2016-11-26 10:00:00,48.43,transfer,1.0,69.3145,0.0,54.1378,54.1378,69.3145,84.4817,14.7365,23.0777,5845
2016-11-26 11:00:00,49.03,transfer,1.0,67.4737,0.0,73.4992,73.4992,67.4737,84.4817,14.74,23.0777,5846
2016-11-26 12:00:00,51.46,transfer,1.0,66.1246,0.0,72.4955,72.4955,66.1246,84.4817,14.7491,23.0777,5847
2016-11-26 13:00:00,52.73,transfer,1.0,65.0312,0.0,71.8012,71.8012,65.0312,84.4817,14.7632,23.0777,5848
2016-11-26 14:00:00,52.57,transfer,1.0,64.0872,0.0,65.3633,65.3633,64.0872,84.4817,14.7808,23.0777,5849
2016-11-26 15:00:00,52.47,transfer,1.0,63.0092,0.0,71.684,71.684,63.0092,84.4817,14.8004,23.0777,5850
2016-11-26 16:00:00,52.48,transfer,1.0,61.8265,0.0,61.3982,61.3982,61.8265,84.4817,14.8205,23.0777,5851
2016-11-26 17:00:00,51.97,transfer,1.0,60.7249,0.0,72.714,72.714,60.7249,84.4817,14.8405,23.0777,5852
2016-11-26 18:00:00,51.6,transfer,1.0,59.6751,0.0,51.0738,51.0738,59.6751,84.4817,14.8588,23.0777,5853
2016-11-26 19:00:00,54.86,transfer,1.0,58.6389,0.0,51.8083,51.8083,58.6389,84.4817,14.8739,23.0777,5854
2016-11-26 20:00:00,56.82,transfer,1.0,58.435,0.0,57.2984,57.2984,58.435,84.4817,14.882,23.0777,5855
2016-11-26 21:00:00,56.31,transfer,1.0,58.2984,0.0,62.5503,62.5503,58.2984,84.4817,14.8899,23.0777,5856
2016-11-26 22:00:00,56.04,transfer,1.0,58.3794,0.0,75.0215,75.0215,58.3794,84.4817,14.8948,23.0777,5857
2016-11-26 23:00:00,55.81,transfer,1.0,58.4361,0.0,54.0094,54.0094,58.4361,84.4817,14.8974,23.0777,5858
2016-11-27 00:00:00,55.95,transfer,1.0,58.6031,0.0,46.8114,46.8114,58.6031,84.4817,14.8971,23.0777,5859
2016-11-27 01:00:00,56.23,transfer,1.0,59.287,0.0,73.2356,73.2356,59.287,84.4817,14.894,23.0777,5860
2016-11-27 02:00:00,55.42,transfer,1.0,60.2242,0.0,56.941,56.941,60.2242,84.4817,14.8876,23.0777,5861
2016-11-27 03:00:00,55.33,transfer,1.0,61.4268,0.0,58.9603,58.9603,61.4268,84.4817,14.8787,23.0777,5862
2016-11-27 04:00:00,55.32,transfer,1.0,62.6607,0.0,69.2322,69.2322,62.6607,84.4817,14.8665,23.0777,5863
2016-11-27 05:00:00,57.7,transfer,1.0,64.4981,0.0,64.2119,64.2119,64.4981,84.4817,14.8567,23.0777,5864
2016-11-27 06:00:00,57.53,transfer,1.0,66.3091,0.0,62.4345,62.4345,66.3091,84.4817,14.8463,23.0777,5865
2016-11-27 07:00:00,57.48,transfer,1.0,67.7879,0.0,68.0184,68.0184,67.7879,84.4817,14.8313,23.0777,5866
2016-11-27 08:00:00,53.88,transfer,1.0,68.7767,0.0,70.6346,70.6346,68.7767,84.4817,14.8108,23.0777,5867
2016-11-27 09:00:00,50.22,transfer,1.0,67.2341,0.0,85.1397,85.1397,67.2341,84.4817,14.7883,23.0777,5868
2016-11-27 10:00:00,50.51,transfer,1.0,65.2377,0.0,74.4922,74.4922,65.2377,84.4817,14.7664,23.0777,5869
2016-11-27 11:00:00,51.31,transfer,1.0,63.7377,0.0,58.8028,58.8028,63.7377,84.4817,14.7474,23.0777,5870
2016-11-27 12:00:00,51.54,transfer,1.0,62.8571,0.0,66.5105,66.5105,62.8571,84.4817,14.7301,23.0777,5871
2016-11-27 13:00:00,52.22,transfer,1.0,62.1184,0.0,68.6742,68.6742,62.1184,84.4817,14.7122,23.0777,5872
2016-11-27 14:00:00,51.99,transfer,1.0,61.4322,0.0,71.111,71.111,61.4322,84.4817,14.6941,23.0777,5873
2016-11-27 15:00:00,52.44,transfer,1.0,60.673,0.0,64.7982,64.7982,60.673,84.4817,14.6754,23.0777,5874
2016-11-27 16:00:00,53.68,transfer,1.0,59.9039,0.0,61.56,61.56,59.9039,84.4817,14.6558,23.0777,5875
2016-11-27 17:00:00,53.71,transfer,1.0,59.2096,0.0,57.4802,57.4802,59.2096,84.4817,14.6346,23.0777,5876
2016-11-27 18:00:00,55.5,transfer,1.0,58.5881,0.0,58.8489,58.8489,58.5881,84.4817,14.6129,23.0777,5877
2016-11-27 19:00:00,60.16,transfer,1.0,58.0638,0.0,52.7396,52.7396,58.0638,84.4817,14.6154,23.0777,5878
2016-11-27 20:00:00,60.68,transfer,1.0,58.3292,0.0,58.9418,58.9418,58.3292,84.4817,14.6184,23.0777,5879
2016-11-27 21:00:00,65.14,transfer,1.0,58.6045,0.0,62.0367,62.0367,58.6045,84.4817,14.6425,23.0777,5880
2016-11-27 22:00:00,61.73,transfer,1.0,58.9756,0.0,58.0309,58.0309,58.9756,84.4817,14.6517,23.0777,5881
2016-11-27 23:00:00,62.66,transfer,1.0,59.4451,0.0,70.8615,70.8615,59.4451,84.4817,14.665,23.0777,5882
2016-11-28 00:00:00,66.43,transfer,1.0,59.8153,0.0,63.2135,63.2135,59.8153,84.4817,14.6903,23.0777,5883
2016-11-28 01:00:00,68.65,transfer,1.0,62.0093,0.0,56.955,56.955,62.0093,84.4817,14.7161,23.0777,5884
2016-11-28 02:00:00,66.68,transfer,1.0,66.5008,0.0,66.0084,66.0084,66.5008,84.4817,14.6915,23.0777,5885
2016-11-28 03:00:00,66.53,transfer,1.0,72.8359,0.0,75.5832,75.5832,72.8359,84.4817,14.6644,23.0777,5886
2016-11-28 04:00:00,61.8,transfer,1.0,80.4388,0.0,83.3576,83.3576,80.4388,84.4817,14.6393,23.0777,5887
2016-11-28 05:00:00,63.74,transfer,1.0,88.5435,0.0,93.8122,93.8122,88.5435,84.4817,14.6147,23.0777,5888
2016-11-28 06:00:00,64.86,transfer,1.0,96.6186,0.0,101.1044,101.1044,96.6186,84.4817,14.5903,23.0777,5889
2016-11-28 07:00:00,80.46,transfer,1.0,103.9777,0.0,124.371,124.371,103.9777,84.4817,14.5691,23.0777,5890
2016-11-28 08:00:00,90.36,transfer,1.0,110.6024,0.0,104.0386,104.0386,110.6024,84.4817,14.5547,23.0777,5891
2016-11-28 09:00:00,102.24,transfer,1.0,114.5515,0.0,122.382,122.382,114.5515,84.4817,14.5462,23.0777,5892
2016-11-28 10:00:00,115.46,transfer,1.0,116.148,0.0,108.7602,108.7602,116.148,84.4817,14.541,23.0777,5893
2016-11-28 11:00:00,119.08,transfer,1.0,116.7455,0.0,119.7092,119.7092,116.7455,84.4817,14.5453,23.0777,5894
2016-11-28 12:00:00,116.86,transfer,1.0,116.7253,0.0,123.8422,123.8422,116.7253,84.4817,14.5424,23.0777,5895
2016-11-28 13:00:00,112.14,transfer,1.0,115.9671,0.0,135.7209,135.7209,115.9671,84.4817,14.536,23.0777,5896
2016-11-28 14:00:00,107.1,transfer,1.0,114.0744,0.0,114.2524,114.2524,114.0744,84.4817,14.5253,23.0777,5897
2016-11-28 15:00:00,103.9,transfer,1.0,110.2189,0.0,117.4759,117.4759,110.2189,84.4817,14.5058,23.0777,5898
2016-11-28 16:00:00,102.53,transfer,1.0,103.6253,0.0,104.8308,104.8308,103.6253,84.4817,14.47,23.0777,5899
2016-11-28 17:00:00,93.22,transfer,1.0,95.2897,0.0,95.8445,95.8445,95.2897,84.4817,14.4204,23.0777,5900
2016-11-28 18:00:00,87.77,transfer,1.0,86.5804,0.0,80.7836,80.7836,86.5804,84.4817,14.3782,23.0777,5901
2016-11-28 19:00:00,74.8,transfer,1.0,78.7888,0.0,93.6291,93.6291,78.7888,84.4817,14.32,23.0777,5902
2016-11-28 20:00:00,72.12,transfer,1.0,72.9706,0.0,73.3941,73.3941,72.9706,84.4817,14.2681,23.0777,5903
2016-11-28 21:00:00,64.53,transfer,1.0,68.9542,0.0,66.1916,66.1916,68.9542,84.4817,14.2211,23.0777,5904
2016-11-28 22:00:00,61.57,transfer,1.0,66.6618,0.0,78.9277,78.9277,66.6618,84.4817,14.1765,23.0777,5905
2016-11-28 23:00:00,61.52,transfer,1.0,65.3358,0.0,60.6991,60.6991,65.3358,84.4817,14.1318,23.0777,5906
2016-11-29 00:00:00,62.78,transfer,1.0,65.3892,0.0,64.8348,64.8348,65.3892,84.4817,14.0843,23.0777,5907
2016-11-29 01:00:00,61.36,transfer,1.0,67.2323,0.0,74.964,74.964,67.2323,84.4817,14.0311,23.0777,5908
2016-11-29 02:00:00,62.0,transfer,1.0,71.1897,0.0,83.1034,83.1034,71.1897,84.4817,13.9737,23.0777,5909
2016-11-29 03:00:00,61.51,transfer,1.0,77.44,0.0,86.1216,86.1216,77.44,84.4817,13.913,23.0777,5910
2016-11-29 04:00:00,60.89,transfer,1.0,86.1727,0.0,86.2876,86.2876,86.1727,84.4817,13.85,23.0777,5911
2016-11-29 05:00:00,62.74,transfer,1.0,96.2314,0.0,99.8898,99.8898,96.2314,84.4817,13.7917,23.0777,5912
2016-11-29 06:00:00,65.22,transfer,1.0,105.9605,0.0,110.6782,110.6782,105.9605,84.4817,13.7504,23.0777,5913
2016-11-29 07:00:00,76.44,transfer,1.0,112.5954,0.0,108.6469,108.6469,112.5954,84.4817,13.7275,23.0777,5914
2016-11-29 08:00:00,87.94,transfer,1.0,116.287,0.0,101.4153,101.4153,116.287,84.4817,13.7167,23.0777,5915
2016-11-29 09:00:00,103.91,transfer,1.0,117.8627,0.0,124.9046,124.9046,117.8627,84.4817,13.7111,23.0777,5916
2016-11-29 10:00:00,108.71,transfer,1.0,118.3362,0.0,93.3705,93.3705,118.3362,84.4817,13.7067,23.0777,5917
2016-11-29 11:00:00,112.22,transfer,1.0,118.4215,0.0,111.6294,111.6294,118.4215,84.4817,13.7023,23.0777,5918
2016-11-29 12:00:00,110.43,transfer,1.0,118.1648,0.0,116.2862,116.2862,118.1648,84.4817,13.6967,23.0777,5919
2016-11-29 13:00:00,109.96,transfer,1.0,117.4529,0.0,142.167,142.167,117.4529,84.4817,13.6884,23.0777,5920
2016-11-29 14:00:00,106.42,transfer,1.0,115.9511,0.0,103.8182,103.8182,115.9511,84.4817,13.6744,23.0777,5921
2016-11-29 15:00:00,109.55,transfer,1.0,112.9431,0.0,115.3923,115.3923,112.9431,84.4817,13.6499,23.0777,5922
2016-11-29 16:00:00,98.47,transfer,1.0,107.9709,0.0,91.8215,91.8215,107.9709,84.4817,13.6107,23.0777,5923
2016-11-29 17:00:00,90.04,transfer,1.0,101.0224,0.0,96.8148,96.8148,101.0224,84.4817,13.5577,23.0777,5924
2016-11-29 18:00:00,85.75,transfer,1.0,90.7558,0.0,93.7487,93.7487,90.7558,84.4817,13.4969,23.0777,5925
2016-11-29 19:00:00,81.02,transfer,1.0,80.8055,0.0,75.2722,75.2722,80.8055,84.4817,13.447,23.0777,5926
2016-11-29 20:00:00,77.72,transfer,1.0,73.2708,0.0,84.6164,84.6164,73.2708,84.4817,13.457,23.0777,5927
2016-11-29 21:00:00,74.07,transfer,1.0,68.7926,0.0,67.8877,67.8877,68.7926,84.4817,13.4795,23.0777,5928
2016-11-29 22:00:00,69.39,transfer,1.0,66.1278,0.0,61.1563,61.1563,66.1278,84.4817,13.4798,23.0777,5929
2016-11-29 23:00:00,66.51,transfer,1.0,64.5087,0.0,73.2819,73.2819,64.5087,84.4817,13.4637,23.0777,5930
2016-11-30 00:00:00,64.98,transfer,1.0,63.8472,0.0,65.8596,65.8596,63.8472,84.4817,13.4342,23.0777,5931
2016-11-30 01:00:00,64.33,transfer,1.0,63.7557,0.0,67.397,67.397,63.7557,84.4817,13.3894,23.0777,5932
2016-11-30 02:00:00,63.74,transfer,1.0,65.134,0.0,67.5147,67.5147,65.134,84.4817,13.3255,23.0777,5933
2016-11-30 03:00:00,63.91,transfer,1.0,68.194,0.0,71.8331,71.8331,68.194,84.4817,13.2432,23.0777,5934
2016-11-30 04:00:00,62.63,transfer,1.0,73.5597,0.0,67.4997,67.4997,73.5597,84.4817,13.138,23.0777,5935
2016-11-30 05:00:00,72.54,transfer,1.0,82.305,0.0,69.6484,69.6484,82.305,84.4817,13.0197,23.0777,5936
2016-11-30 06:00:00,70.79,transfer,1.0,94.4154,0.0,90.4144,90.4144,94.4154,84.4817,12.9208,23.0777,5937
2016-11-30 07:00:00,85.18,transfer,1.0,106.0577,0.0,112.3688,112.3688,106.0577,84.4817,12.8623,23.0777,5938
2016-11-30 08:00:00,94.64,transfer,1.0,113.2063,0.0,123.768,123.768,113.2063,84.4817,12.8346,23.0777,5939
2016-11-30 09:00:00,105.9,transfer,1.0,116.3548,0.0,116.7354,116.7354,116.3548,84.4817,12.8211,23.0777,5940
2016-11-30 10:00:00,118.73,transfer,1.0,117.193,0.0,87.9787,87.9787,117.193,84.4817,12.8293,23.0777,5941
2016-11-30 11:00:00,128.05,transfer,1.0,117.0631,0.0,115.3278,115.3278,117.0631,84.4816,12.8405,23.0777,5942
2016-11-30 12:00:00,129.47,transfer,1.0,116.8933,0.0,104.8675,104.8675,116.8933,84.4817,12.8526,23.0777,5943
2016-11-30 13:00:00,125.96,transfer,1.0,116.4744,0.0,106.0287,106.0287,116.4744,84.4816,12.8665,23.0777,5944
2016-11-30 14:00:00,124.88,transfer,1.0,115.6067,0.0,125.4791,125.4791,115.6067,84.4816,12.8839,23.0777,5945
2016-11-30 15:00:00,125.96,transfer,1.0,113.9104,0.0,108.5338,108.5338,113.9104,84.4817,12.9079,23.0777,5946
2016-11-30 16:00:00,116.13,transfer,1.0,111.2276,0.0,105.4971,105.4971,111.2276,84.4817,12.9325,23.0777,5947
2016-11-30 17:00:00,108.08,transfer,1.0,106.6978,0.0,102.2462,102.2462,106.6978,84.4817,12.9005,23.0777,5948
2016-11-30 18:00:00,100.25,transfer,1.0,99.3949,0.0,104.8813,104.8813,99.3949,84.4817,12.846,23.0777,5949
2016-11-30 19:00:00,81.27,transfer,1.0,90.773,0.0,81.2813,81.2813,90.773,84.4817,12.7759,23.0777,5950
2016-11-30 20:00:00,78.14,transfer,1.0,81.4559,0.0,90.5576,90.5576,81.4559,84.4817,12.7097,23.0777,5951
2016-11-30 21:00:00,64.98,transfer,1.0,73.8688,0.0,77.2341,77.2341,73.8688,84.4817,12.6515,23.0777,5952
2016-11-30 22:00:00,62.26,transfer,1.0,68.5886,0.0,73.4999,73.4999,68.5886,84.4817,12.6016,23.0777,5953
2016-11-30 23:00:00,63.0,transfer,1.0,65.0693,0.0,64.1079,64.1079,65.0693,84.4817,12.5584,23.0777,5954
2016-12-01 00:00:00,62.54,transfer,1.0,63.6441,0.0,62.3377,62.3377,63.6441,84.4817,12.5146,23.0777,5955
2016-12-01 01:00:00,63.09,transfer,1.0,64.0827,0.0,58.179,58.179,64.0827,84.4817,12.4349,23.0441,5956
2016-12-01 02:00:00,62.07,transfer,1.0,66.3909,0.0,60.187,60.187,66.3909,84.4817,12.3553,23.0128,5957
2016-12-01 03:00:00,61.28,transfer,1.0,70.0919,0.0,59.8917,59.8917,70.0919,84.4817,12.2715,22.9843,5958
2016-12-01 04:00:00,60.7,transfer,1.0,77.0455,0.0,80.9086,80.9086,77.0455,84.4817,12.1857,22.9601,5959
2016-12-01 05:00:00,70.25,transfer,1.0,87.8915,0.0,87.2638,87.2638,87.8915,84.4817,12.0545,22.8866,5960
2016-12-01 06:00:00,68.15,transfer,1.0,101.5574,0.0,101.5628,101.5628,101.5574,84.4817,11.9544,22.8262,5961
2016-12-01 07:00:00,80.48,transfer,1.0,112.1949,0.0,99.4012,99.4012,112.1949,84.4817,11.8088,22.692,5962
2016-12-01 08:00:00,91.31,transfer,1.0,116.777,0.0,126.7389,126.7389,116.777,84.4817,11.5907,22.5567,5963
2016-12-01 09:00:00,103.27,transfer,1.0,118.3098,0.0,120.1467,120.1467,118.3098,84.4817,11.2816,22.4692,5964
2016-12-01 10:00:00,111.02,transfer,1.0,118.7599,0.0,113.2659,113.2659,118.7599,84.4817,10.928,22.4259,5965
2016-12-01 11:00:00,112.59,transfer,1.0,118.8984,0.0,122.32,122.32,118.8984,84.4817,10.5789,22.3989,5966
2016-12-01 12:00:00,121.2,transfer,1.0,118.8834,0.0,103.244,103.244,118.8834,84.4817,10.2231,22.4237,5967
2016-12-01 13:00:00,120.64,transfer,1.0,118.6795,0.0,104.1157,104.1157,118.6795,84.4817,9.9046,22.45,5968
2016-12-01 14:00:00,116.57,transfer,1.0,118.319,0.0,123.9543,123.9543,118.319,84.4817,9.6445,22.4513,5969
2016-12-01 15:00:00,121.01,transfer,1.0,117.5609,0.0,126.4307,126.4307,117.5609,84.4817,9.4693,22.4809,5970
2016-12-01 16:00:00,112.84,transfer,1.0,115.9114,0.0,119.5815,119.5815,115.9114,84.4817,9.3639,22.47,5971
2016-12-01 17:00:00,108.59,transfer,1.0,112.8294,0.0,86.8228,86.8228,112.8294,84.4817,9.3155,22.4345,5972
2016-12-01 18:00:00,98.48,transfer,1.0,106.8246,0.0,101.9438,101.9438,106.8246,84.4817,9.3258,22.3471,5973
2016-12-01 19:00:00,85.69,transfer,1.0,98.373,0.0,108.2373,108.2373,98.373,84.4817,9.3912,22.2178,5974
2016-12-01 20:00:00,79.34,transfer,1.0,88.7879,0.0,86.8663,86.8663,88.7879,84.4817,9.4334,22.1107,5975
2016-12-01 21:00:00,68.41,transfer,1.0,81.305,0.0,86.4633,86.4633,81.305,84.4817,9.4652,22.0981,5976
2016-12-01 22:00:00,60.93,transfer,1.0,75.5817,0.0,79.6174,79.6174,75.5817,84.4817,9.5288,22.1087,5977
2016-12-01 23:00:00,60.03,transfer,1.0,72.3641,0.0,79.6697,79.6697,72.3641,84.4817,9.5774,22.1304,5978
2016-12-02 00:00:00,59.7,transfer,1.0,71.6017,0.0,72.2418,72.2418,71.6017,84.4817,9.6078,22.1763,5979
2016-12-02 01:00:00,59.93,transfer,1.0,72.7387,0.0,68.659,68.659,72.7387,84.4817,9.6687,22.1763,5980
2016-12-02 02:00:00,57.87,transfer,1.0,75.7159,0.0,69.8727,69.8727,75.7159,84.4817,9.7287,22.1763,5981
2016-12-02 03:00:00,58.03,transfer,1.0,80.3326,0.0,73.5733,73.5733,80.3326,84.4817,9.7953,22.1763,5982
2016-12-02 04:00:00,57.16,transfer,1.0,87.0592,0.0,79.3659,79.3659,87.0592,84.4817,9.8745,22.1763,5983
2016-12-02 05:00:00,67.59,transfer,1.0,95.5173,0.0,77.9305,77.9305,95.5173,84.4817,9.9632,22.1763,5984
2016-12-02 06:00:00,65.38,transfer,1.0,105.6519,0.0,114.8862,114.8862,105.6519,84.4817,10.0607,22.1763,5985
2016-12-02 07:00:00,70.99,transfer,1.0,112.964,0.0,126.9015,126.9015,112.964,84.4817,10.147,22.1763,5986
2016-12-02 08:00:00,74.31,transfer,1.0,116.347,0.0,116.5708,116.5708,116.347,84.4817,10.2173,22.1763,5987
2016-12-02 09:00:00,84.08,transfer,1.0,117.5223,0.0,119.2982,119.2982,117.5223,84.4817,10.2872,22.1763,5988
2016-12-02 10:00:00,89.15,transfer,1.0,117.6765,0.0,136.3759,136.3759,117.6765,84.4817,10.3679,22.1763,5989
2016-12-02 11:00:00,94.84,transfer,1.0,117.2202,0.0,132.8397,132.8397,117.2202,84.4817,10.4598,22.1763,5990
2016-12-02 12:00:00,96.74,transfer,1.0,116.0019,0.0,94.2773,94.2773,116.0019,84.4817,10.5618,22.1763,5991
2016-12-02 13:00:00,98.27,transfer,1.0,113.9242,0.0,118.6051,118.6051,113.9242,84.4817,10.6364,22.1763,5992
2016-12-02 14:00:00,99.44,transfer,1.0,110.4361,0.0,110.8177,110.8177,110.4361,84.4817,10.6493,22.1763,5993
2016-12-02 15:00:00,92.74,transfer,1.0,104.8969,0.0,99.006,99.006,104.8969,84.4817,10.677,22.1763,5994
2016-12-02 16:00:00,86.97,transfer,1.0,97.0435,0.0,94.7766,94.7766,97.0435,84.4817,10.6953,22.1763,5995
2016-12-02 17:00:00,81.77,transfer,1.0,87.1733,0.0,85.264,85.264,87.1733,84.4817,10.6805,22.1763,5996
2016-12-02 18:00:00,74.03,transfer,1.0,78.0245,0.0,81.6529,81.6529,78.0245,84.4817,10.6734,22.1763,5997
2016-12-02 19:00:00,67.54,transfer,1.0,71.6323,0.0,67.4008,67.4008,71.6323,84.4817,10.6862,22.1763,5998
2016-12-02 20:00:00,64.06,transfer,1.0,68.5408,0.0,76.0388,76.0388,68.5408,84.4817,10.7121,22.1763,5999
2016-12-02 21:00:00,64.43,transfer,1.0,67.2184,0.0,65.3613,65.3613,67.2184,84.4817,10.7211,22.1763,6000
2016-12-02 22:00:00,57.58,transfer,1.0,66.7242,0.0,60.7815,60.7815,66.7242,84.4817,10.7445,22.1763,6001
2016-12-02 23:00:00,57.11,transfer,1.0,67.0929,0.0,74.9309,74.9309,67.0929,84.4817,10.7684,22.1763,6002
2016-12-03 00:00:00,55.41,transfer,1.0,67.8438,0.0,71.6803,71.6803,67.8438,84.4817,10.7925,22.1763,6003
2016-12-03 01:00:00,55.88,transfer,1.0,67.1042,0.0,64.6964,64.6964,67.1042,84.4817,10.8138,22.1763,6004
2016-12-03 02:00:00,54.88,transfer,1.0,66.7989,0.0,62.4265,62.4265,66.7989,84.4817,10.8343,22.1763,6005
2016-12-03 03:00:00,54.06,transfer,1.0,66.9764,0.0,60.7718,60.7718,66.9764,84.4817,10.8538,22.1763,6006
2016-12-03 04:00:00,54.16,transfer,1.0,67.5538,0.0,76.1408,76.1408,67.5538,84.4817,10.8718,22.1763,6007
2016-12-03 05:00:00,55.29,transfer,1.0,68.5144,0.0,61.7802,61.7802,68.5144,84.4817,10.888,22.1763,6008
2016-12-03 06:00:00,55.98,transfer,1.0,69.8884,0.0,70.8897,70.8897,69.8884,84.4817,10.8999,22.1763,6009
2016-12-03 07:00:00,55.77,transfer,1.0,71.1344,0.0,71.4614,71.4614,71.1344,84.4817,10.9067,22.1763,6010
2016-12-03 08:00:00,52.86,transfer,1.0,72.4911,0.0,73.1807,73.1807,72.4911,84.4817,10.9104,22.1763,6011
2016-12-03 09:00:00,48.96,transfer,1.0,71.436,0.0,71.7495,71.7495,71.436,84.4817,10.9115,22.1763,6012
2016-12-03 10:00:00,48.43,transfer,1.0,69.2533,0.0,84.6113,84.6113,69.2533,84.4817,10.9111,22.1763,6013
2016-12-03 11:00:00,49.03,transfer,1.0,67.3535,0.0,72.7016,72.7016,67.3535,84.4817,10.9104,22.1763,6014
2016-12-03 12:00:00,51.46,transfer,1.0,65.7062,0.0,61.6807,61.6807,65.7062,84.4817,10.9079,22.1763,6015
2016-12-03 13:00:00,52.73,transfer,1.0,64.5204,0.0,66.8846,66.8846,64.5204,84.4817,10.9048,22.1763,6016
2016-12-03 14:00:00,52.57,transfer,1.0,63.7232,0.0,73.8447,73.8447,63.7232,84.4817,10.9027,22.1763,6017
2016-12-03 15:00:00,52.47,transfer,1.0,62.7883,0.0,67.2103,67.2103,62.7883,84.4817,10.9014,22.1763,6018
2016-12-03 16:00:00,52.48,transfer,1.0,61.8659,0.0,72.8807,72.8807,61.8659,84.4817,10.9016,22.1763,6019
2016-12-03 17:00:00,51.97,transfer,1.0,60.957,0.0,67.0625,67.0625,60.957,84.4817,10.903,22.1763,6020
2016-12-03 18:00:00,51.6,transfer,1.0,60.1334,0.0,53.1778,53.1778,60.1334,84.4817,10.9057,22.1763,6021
2016-12-03 19:00:00,54.86,transfer,1.0,59.3198,0.0,58.8929,58.8929,59.3198,84.4817,10.9098,22.1763,6022
2016-12-03 20:00:00,56.82,transfer,1.0,59.2905,0.0,63.8526,63.8526,59.2905,84.4817,10.9149,22.1763,6023
2016-12-03 21:00:00,56.31,transfer,1.0,59.2812,0.0,63.9466,63.9466,59.2812,84.4817,10.9207,22.1763,6024
2016-12-03 22:00:00,56.04,transfer,1.0,59.434,0.0,59.2725,59.2725,59.434,84.4817,10.927,22.1763,6025
2016-12-03 23:00:00,55.81,transfer,1.0,59.5029,0.0,55.3724,55.3724,59.5029,84.4817,10.9333,22.1763,6026
2016-12-04 00:00:00,55.95,transfer,1.0,59.5787,0.0,59.6187,59.6187,59.5787,84.4817,10.9391,22.1763,6027
2016-12-04 01:00:00,56.23,transfer,1.0,60.0902,0.0,61.6087,61.6087,60.0902,84.4817,10.9439,22.1763,6028
2016-12-04 02:00:00,55.42,transfer,1.0,60.7923,0.0,61.4666,61.4666,60.7923,84.4817,10.9473,22.1763,6029
2016-12-04 03:00:00,55.33,transfer,1.0,61.6892,0.0,66.7499,66.7499,61.6892,84.4817,10.9489,22.1763,6030
2016-12-04 04:00:00,55.32,transfer,1.0,62.8099,0.0,61.9008,61.9008,62.8099,84.4817,10.9498,22.1763,6031
2016-12-04 05:00:00,57.7,transfer,1.0,64.1694,0.0,64.0755,64.0755,64.1694,84.4817,10.9478,22.1763,6032
2016-12-04 06:00:00,57.53,transfer,1.0,65.7855,0.0,61.437,61.437,65.7855,84.4817,10.9447,22.1763,6033
2016-12-04 07:00:00,57.48,transfer,1.0,67.5891,0.0,58.3382,58.3382,67.5891,84.4817,10.9435,22.1763,6034
2016-12-04 08:00:00,53.88,transfer,1.0,69.0835,0.0,70.2515,70.2515,69.0835,84.4817,10.9453,22.1763,6035
2016-12-04 09:00:00,50.22,transfer,1.0,67.6403,0.0,60.3263,60.3263,67.6403,84.4817,10.9477,22.1763,6036
2016-12-04 10:00:00,50.51,transfer,1.0,65.518,0.0,70.0289,70.0289,65.518,84.4817,10.9494,22.1763,6037
2016-12-04 11:00:00,51.31,transfer,1.0,63.798,0.0,62.4716,62.4716,63.798,84.4817,10.9498,22.1763,6038
2016-12-04 12:00:00,51.54,transfer,1.0,62.7944,0.0,65.2713,65.2713,62.7944,84.4817,10.9494,22.1763,6039
2016-12-04 13:00:00,52.22,transfer,1.0,61.9932,0.0,72.1227,72.1227,61.9932,84.4817,10.9486,22.1763,6040
2016-12-04 14:00:00,51.99,transfer,1.0,61.1785,0.0,61.5507,61.5507,61.1785,84.4817,10.9471,22.1763,6041
2016-12-04 15:00:00,52.44,transfer,1.0,60.4018,0.0,74.9356,74.9356,60.4018,84.4817,10.9455,22.1763,6042
2016-12-04 16:00:00,53.68,transfer,1.0,59.6611,0.0,64.972,64.972,59.6611,84.4817,10.9441,22.1763,6043
2016-12-04 17:00:00,53.71,transfer,1.0,59.0208,0.0,58.8388,58.8388,59.0208,84.4817,10.943,22.1763,6044
2016-12-04 18:00:00,55.5,transfer,1.0,58.5909,0.0,66.3931,66.3931,58.5909,84.4817,10.943,22.1763,6045
2016-12-04 19:00:00,60.16,transfer,1.0,58.2183,0.0,56.9363,56.9363,58.2183,84.4817,10.9421,22.1763,6046
2016-12-04 20:00:00,60.68,transfer,1.0,58.796,0.0,49.4544,49.4544,58.796,84.4817,10.9393,22.1763,6047
2016-12-04 21:00:00,65.14,transfer,1.0,59.359,0.0,60.2656,60.2656,59.359,84.4817,10.9348,22.1763,6048
2016-12-04 22:00:00,61.73,transfer,1.0,59.9854,0.0,64.5618,64.5618,59.9854,84.4817,10.9288,22.1763,6049
2016-12-04 23:00:00,62.66,transfer,1.0,60.5259,0.0,38.0173,38.0173,60.5259,84.4817,10.9223,22.1763,6050
2016-12-05 00:00:00,66.43,transfer,1.0,60.9582,0.0,58.1495,58.1495,60.9582,84.4817,10.9155,22.1763,6051
2016-12-05 01:00:00,68.65,transfer,1.0,63.036,0.0,63.2764,63.2764,63.036,84.4817,10.9094,22.1763,6052
2016-12-05 02:00:00,66.68,transfer,1.0,66.869,0.0,68.4543,68.4543,66.869,84.4817,10.9095,22.1763,6053
2016-12-05 03:00:00,66.53,transfer,1.0,72.6031,0.0,83.678,83.678,72.6031,84.4817,10.9081,22.1763,6054
2016-12-05 04:00:00,61.8,transfer,1.0,78.6257,0.0,84.7255,84.7255,78.6257,84.4817,10.8973,22.1763,6055
2016-12-05 05:00:00,63.74,transfer,1.0,85.3936,0.0,93.9125,93.9125,85.3936,84.4817,10.8786,22.1763,6056
2016-12-05 06:00:00,64.86,transfer,1.0,93.2206,0.0,90.388,90.388,93.2206,84.4817,10.8583,22.1763,6057
2016-12-05 07:00:00,80.46,transfer,1.0,101.0158,0.0,107.067,107.067,101.0158,84.4817,10.8407,22.1763,6058
2016-12-05 08:00:00,90.36,transfer,1.0,108.6404,0.0,103.5669,103.5669,108.6404,84.4817,10.829,22.1763,6059
2016-12-05 09:00:00,102.24,transfer,1.0,113.343,0.0,113.5653,113.5653,113.343,84.4817,10.8218,22.1763,6060
2016-12-05 10:00:00,115.46,transfer,1.0,115.1779,0.0,119.3835,119.3835,115.1779,84.4817,10.8194,22.1763,6061
2016-12-05 11:00:00,119.08,transfer,1.0,116.0007,0.0,93.1715,93.1715,116.0007,84.4817,10.8238,22.1763,6062
2016-12-05 12:00:00,116.86,transfer,1.0,116.187,0.0,103.7017,103.7017,116.187,84.4817,10.827,22.1763,6063
2016-12-05 13:00:00,112.14,transfer,1.0,115.6384,0.0,132.0493,132.0493,115.6384,84.4817,10.8251,22.1763,6064
2016-12-05 14:00:00,107.1,transfer,1.0,113.8481,0.0,125.7084,125.7084,113.8481,84.4817,10.8237,22.1763,6065
2016-12-05 15:00:00,103.9,transfer,1.0,110.0379,0.0,91.238,91.238,110.0379,84.4817,10.8227,22.1763,6066
2016-12-05 16:00:00,102.53,transfer,1.0,103.7259,0.0,103.4051,103.4051,103.7259,84.4817,10.8233,22.1763,6067
2016-12-05 17:00:00,93.22,transfer,1.0,95.5801,0.0,103.0458,103.0458,95.5801,84.4817,10.825,22.1763,6068
2016-12-05 18:00:00,87.77,transfer,1.0,86.5596,0.0,94.581,94.581,86.5596,84.4817,10.8251,22.1763,6069
2016-12-05 19:00:00,74.8,transfer,1.0,78.5376,0.0,78.0275,78.0275,78.5376,84.4817,10.8236,22.1763,6070
2016-12-05 20:00:00,72.12,transfer,1.0,72.5173,0.0,68.9939,68.9939,72.5173,84.4817,10.8209,22.1763,6071
2016-12-05 21:00:00,64.53,transfer,1.0,68.4073,0.0,74.1333,74.1333,68.4073,84.4817,10.8177,22.1763,6072
2016-12-05 22:00:00,61.57,transfer,1.0,66.0107,0.0,64.0462,64.0462,66.0107,84.4817,10.8138,22.1763,6073
2016-12-05 23:00:00,61.52,transfer,1.0,64.6372,0.0,67.4951,67.4951,64.6372,84.4817,10.8096,22.1763,6074
2016-12-06 00:00:00,62.78,transfer,1.0,64.4999,0.0,63.127,63.127,64.4999,84.4817,10.8043,22.1763,6075
2016-12-06 01:00:00,61.36,transfer,1.0,65.9855,0.0,59.2206,59.2206,65.9855,84.4817,10.7969,22.1763,6076
2016-12-06 02:00:00,62.0,transfer,1.0,69.3282,0.0,68.1046,68.1046,69.3282,84.4817,10.7858,22.1763,6077
2016-12-06 03:00:00,61.51,transfer,1.0,74.638,0.0,75.0099,75.0099,74.638,84.4817,10.7692,22.1763,6078
2016-12-06 04:00:00,60.89,transfer,1.0,82.8523,0.0,81.5779,81.5779,82.8523,84.4817,10.7494,22.1763,6079
2016-12-06 05:00:00,62.74,transfer,1.0,93.3087,0.0,112.3659,112.3659,93.3087,84.4817,10.732,22.1763,6080
2016-12-06 06:00:00,65.22,transfer,1.0,104.4454,0.0,99.6678,99.6678,104.4454,84.4817,10.723,22.1763,6081
2016-12-06 07:00:00,76.44,transfer,1.0,112.4186,0.0,106.2724,106.2724,112.4186,84.4817,10.7219,22.1763,6082
2016-12-06 08:00:00,87.94,transfer,1.0,116.5465,0.0,100.7492,100.7492,116.5465,84.4817,10.7235,22.1763,6083
2016-12-06 09:00:00,103.91,transfer,1.0,118.1384,0.0,136.6519,136.6519,118.1384,84.4817,10.7251,22.1763,6084
2016-12-06 10:00:00,108.71,transfer,1.0,118.6661,0.0,140.0648,140.0648,118.6661,84.4817,10.7271,22.1763,6085
2016-12-06 11:00:00,112.22,transfer,1.0,118.8316,0.0,121.2903,121.2903,118.8316,84.4817,10.7295,22.1763,6086
2016-12-06 12:00:00,110.43,transfer,1.0,118.7302,0.0,108.9197,108.9197,118.7302,84.4817,10.7329,22.1763,6087
2016-12-06 13:00:00,109.96,transfer,1.0,118.3294,0.0,109.0651,109.0651,118.3294,84.4817,10.7381,22.1763,6088
2016-12-06 14:00:00,106.42,transfer,1.0,117.4026,0.0,112.1186,112.1186,117.4026,84.4817,10.7467,22.1763,6089
2016-12-06 15:00:00,109.55,transfer,1.0,115.3135,0.0,116.7523,116.7523,115.3135,84.4817,10.7609,22.1763,6090
2016-12-06 16:00:00,98.47,transfer,1.0,111.0914,0.0,128.0127,128.0127,111.0914,84.4817,10.7794,22.1763,6091
2016-12-06 17:00:00,90.04,transfer,1.0,103.5448,0.0,97.3445,97.3445,103.5448,84.4817,10.7944,22.1763,6092
2016-12-06 18:00:00,85.75,transfer,1.0,93.1431,0.0,96.731,96.731,93.1431,84.4817,10.8087,22.1763,6093
2016-12-06 19:00:00,81.02,transfer,1.0,81.8531,0.0,85.3742,85.3742,81.8531,84.4817,10.8123,22.1763,6094
2016-12-06 20:00:00,77.72,transfer,1.0,74.4554,0.0,85.2564,85.2564,74.4554,84.4817,10.8053,22.1763,6095
2016-12-06 21:00:00,74.07,transfer,1.0,70.7614,0.0,68.0369,68.0369,70.7614,84.4817,10.7936,22.1763,6096
2016-12-06 22:00:00,69.39,transfer,1.0,68.608,0.0,67.72,67.72,68.608,84.4817,10.7788,22.1763,6097
2016-12-06 23:00:00,66.51,transfer,1.0,67.585,0.0,76.6485,76.6485,67.585,84.4817,10.7733,22.1763,6098
2016-12-07 00:00:00,64.98,transfer,1.0,67.5642,0.0,71.9247,71.9247,67.5642,84.4817,10.7819,22.1763,6099
2016-12-07 01:00:00,64.98,transfer,1.0,68.3191,0.0,66.557,66.557,68.3191,84.4817,10.7984,22.1724,6100
2016-12-07 02:00:00,64.98,transfer,1.0,68.2685,0.0,68.3265,68.3265,68.2685,84.4816,10.8097,22.165,6101
2016-12-07 03:00:00,64.98,transfer,1.0,66.4982,0.0,67.3153,67.3153,66.4982,84.4815,10.7932,22.1587,6102
