timestamp,actual_kwh,active_model,blend_weight_transfer,prediction_kwh,uncertainty_std,lower_ci_90,upper_ci_90,transfer_pred_kwh,pretransfer_pred_kwh,rolling_mae_transfer,rolling_mae_pretransfer,stream_hour
2016-02-07 00:00:00,59.29,blend,0.5,69.117,0.0,58.7121,58.7121,60.937,77.297,1.647,18.007,0
2016-02-07 01:00:00,59.16,blend,0.5,69.0518,0.0,51.9402,51.9402,60.8066,77.2969,1.6468,18.0719,1
2016-02-07 02:00:00,59.0,blend,0.5,68.997,0.0,54.2422,54.2422,60.6972,77.2969,1.6636,18.1469,2
2016-02-07 03:00:00,59.14,blend,0.5,68.9672,0.0,57.4533,57.4533,60.6376,77.2969,1.6221,18.1494,3
2016-02-07 04:00:00,59.66,blend,0.5,68.9328,0.0,53.1615,53.1615,60.5686,77.2969,1.4794,18.0469,4
2016-02-07 05:00:00,58.83,blend,0.5,68.9142,0.0,62.9876,62.9876,60.5314,77.2969,1.5164,18.1169,5
2016-02-07 06:00:00,59.32,blend,0.5,68.9306,0.0,54.9702,54.9702,60.5644,77.2968,1.4775,18.0969,6
2016-02-07 07:00:00,59.13,blend,0.5,68.9618,0.0,70.047,70.047,60.6269,77.2968,1.48,18.1056,7
2016-02-07 08:00:00,52.61,blend,0.5,69.0293,0.0,65.3235,65.3235,60.7617,77.2968,2.2213,18.8369,8
2016-02-07 09:00:00,66.68,blend,0.5,69.1052,0.0,71.745,71.745,60.9138,77.2965,2.5758,18.0148,9
2016-02-07 10:00:00,67.73,blend,0.5,69.1493,0.0,65.3398,65.3398,61.0023,77.2963,2.9532,17.2468,10
2016-02-07 11:00:00,66.46,blend,0.5,69.1966,0.0,66.7512,66.7512,61.0969,77.2963,3.154,16.7126,11
2016-02-07 12:00:00,66.19,blend,0.5,69.2284,0.0,63.8182,63.8182,61.1605,77.2963,3.2983,16.2813,12
2016-02-07 13:00:00,66.52,blend,0.5,69.2335,0.0,53.6376,53.6376,61.1707,77.2963,3.4448,15.8881,13
2016-02-07 14:00:00,66.57,blend,0.5,69.2129,0.0,61.3311,61.3311,61.1294,77.2963,3.5778,15.544,14
2016-02-07 15:00:00,66.23,blend,0.5,69.169,0.0,65.2383,65.2383,61.0415,77.2964,3.6785,15.2641,15
2016-02-07 16:00:00,66.74,blend,0.5,69.0973,0.0,54.5168,54.5168,60.8983,77.2964,3.8058,14.9872,16
2016-02-07 17:00:00,65.09,blend,0.5,68.9937,0.0,53.1825,53.1825,60.6909,77.2965,3.8387,14.8327,17
2016-02-07 18:00:00,55.09,blend,0.5,68.8579,0.0,53.9493,53.9493,60.4192,77.2965,3.9172,15.2208,18
2016-02-07 19:00:00,59.08,blend,0.5,68.6612,0.0,53.0301,53.0301,60.0259,77.2966,3.7686,15.3706,19
2016-02-07 20:00:00,58.84,blend,0.5,68.4197,0.0,51.074,51.074,59.5428,77.2967,3.6226,15.5176,20
2016-02-07 21:00:00,59.09,blend,0.5,68.1362,0.0,53.6129,53.6129,58.9758,77.2967,3.4631,15.6398,21
2016-02-07 22:00:00,59.4,blend,0.5,67.8361,0.0,57.0714,57.0714,58.3754,77.2967,3.3571,15.7379,22
2016-02-07 23:00:00,58.61,blend,0.5,67.4892,0.0,48.2351,48.2351,57.6815,77.2968,3.2559,15.8608,23
2016-02-08 00:00:00,58.79,blend,0.5,67.1858,0.0,59.9014,59.9014,57.0749,77.2968,3.1943,15.9666,24
2016-02-08 01:00:00,58.63,blend,0.5,67.3057,0.0,62.6752,62.6752,57.3145,77.297,3.122,16.0705,25
2016-02-08 02:00:00,58.82,blend,0.5,67.6149,0.0,59.6554,59.6554,57.9328,77.2969,3.0393,16.1596,26
2016-02-08 03:00:00,59.26,blend,0.5,68.0314,0.0,61.1194,61.1194,58.7658,77.2969,2.9484,16.2267,27
2016-02-08 04:00:00,59.06,blend,0.5,68.4693,0.0,60.328,60.328,59.6418,77.2969,2.8668,16.296,28
2016-02-08 05:00:00,72.83,blend,0.5,68.8529,0.0,56.4516,56.4516,60.4089,77.2969,3.1852,15.9017,29
2016-02-08 06:00:00,77.36,blend,0.5,69.1469,0.0,62.3682,62.3682,60.9971,77.2968,3.6103,15.3908,30
2016-02-08 07:00:00,78.56,blend,0.5,69.3603,0.0,58.5252,58.5252,61.4239,77.2968,4.033,14.9493,31
2016-02-08 08:00:00,106.54,blend,0.5,69.4828,0.0,57.5409,57.5409,61.6689,77.2968,5.2705,15.3824,32
2016-02-08 09:00:00,112.57,blend,0.5,69.5554,0.0,65.6077,65.6077,61.8143,77.2965,6.6083,15.9675,33
2016-02-08 10:00:00,114.43,blend,0.5,69.5985,0.0,58.0536,58.0536,61.9007,77.2963,7.9203,16.5722,34
2016-02-08 11:00:00,117.57,blend,0.5,69.6197,0.0,63.3712,63.3712,61.9431,77.2963,9.2455,17.2306,35
2016-02-08 12:00:00,117.33,blend,0.5,69.6307,0.0,66.308,66.308,61.9651,77.2962,10.492,17.8469,36
2016-02-08 13:00:00,115.12,blend,0.5,69.6365,0.0,66.5333,66.5333,61.9768,77.2962,11.6144,18.3726,37
2016-02-08 14:00:00,108.31,blend,0.5,69.6381,0.0,59.0514,59.0514,61.9801,77.2962,12.5045,18.6967,38
2016-02-08 15:00:00,110.8,blend,0.5,69.6369,0.0,62.3041,62.3041,61.9777,77.2962,13.4125,19.0669,39
2016-02-08 16:00:00,106.91,blend,0.5,69.6341,0.0,62.2121,62.2121,61.972,77.2962,14.1814,19.3242,40
2016-02-08 17:00:00,96.66,blend,0.5,69.6303,0.0,65.1022,65.1022,61.9642,77.2963,14.6698,19.3251,41
2016-02-08 18:00:00,92.14,blend,0.5,69.6256,0.0,62.0941,62.0941,61.9549,77.2964,15.0307,19.2209,42
2016-02-08 19:00:00,87.68,blend,0.5,69.6197,0.0,51.1563,51.1563,61.943,77.2964,15.274,19.02,43
2016-02-08 20:00:00,80.98,blend,0.5,69.6144,0.0,45.3383,45.3383,61.9323,77.2965,15.3578,18.6792,44
2016-02-08 21:00:00,78.49,blend,0.5,69.6101,0.0,60.9412,60.9412,61.9237,77.2966,15.3841,18.2991,45
2016-02-08 22:00:00,61.3,blend,0.5,69.6066,0.0,60.259,60.259,61.9166,77.2966,15.0699,18.2501,46
2016-02-08 23:00:00,60.18,blend,0.5,69.6039,0.0,46.2271,46.2271,61.9112,77.2967,14.792,18.2265,47
2016-02-09 00:00:00,59.65,blend,0.5,69.6001,0.0,64.0905,64.0905,61.9036,77.2967,14.5361,18.2147,48
2016-02-09 01:00:00,59.87,blend,0.5,69.6009,0.0,64.3198,64.3198,61.905,77.2968,14.2861,18.1989,49
2016-02-09 02:00:00,59.77,blend,0.5,69.6042,0.0,58.6152,58.6152,61.9117,77.2968,14.048,18.1857,50
2016-02-09 03:00:00,60.05,blend,0.5,69.6092,0.0,58.6083,58.6083,61.9216,77.2968,13.8138,18.1677,51
2016-02-09 04:00:00,60.03,blend,0.5,69.6147,0.0,69.1862,69.1862,61.9327,77.2968,13.5891,18.1507,52
2016-02-09 05:00:00,74.51,blend,0.5,69.6205,0.0,57.6779,57.6779,61.9443,77.2967,13.5701,17.8661,53
2016-02-09 06:00:00,76.89,blend,0.5,69.6272,0.0,52.8211,52.8211,61.9579,77.2966,13.5949,17.5487,54
2016-02-09 07:00:00,77.01,blend,0.5,69.6341,0.0,58.9981,58.9981,61.9718,77.2964,13.6207,17.2404,55
2016-02-09 08:00:00,102.27,blend,0.5,69.6387,0.0,58.3098,58.3098,61.9807,77.2966,14.0885,17.3761,56
2016-02-09 09:00:00,110.52,blend,0.5,69.6435,0.0,59.7621,59.7621,61.9906,77.2964,14.6823,17.6493,57
2016-02-09 10:00:00,116.1,blend,0.5,69.6477,0.0,65.8704,65.8704,61.999,77.2963,15.3505,18.0079,58
2016-02-09 11:00:00,115.78,blend,0.5,69.6493,0.0,63.6595,63.6595,62.0023,77.2963,15.9909,18.3492,59
2016-02-09 12:00:00,114.76,blend,0.5,69.6496,0.0,57.131,57.131,62.003,77.2963,16.5936,18.6625,60
2016-02-09 13:00:00,116.64,blend,0.5,69.6482,0.0,68.8117,68.8117,62.0002,77.2962,17.2073,18.9961,61
2016-02-09 14:00:00,112.29,blend,0.5,69.6455,0.0,75.5396,75.5396,61.9946,77.2964,17.7325,19.25,62
2016-02-09 15:00:00,112.49,blend,0.5,69.6423,0.0,59.6939,59.6939,61.9882,77.2964,18.2445,19.4991,63
2016-02-09 16:00:00,111.83,blend,0.5,69.6382,0.0,62.6479,62.6479,61.9799,77.2964,18.7308,19.7304,64
2016-02-09 17:00:00,100.25,blend,0.5,69.6342,0.0,57.0848,57.0848,61.9719,77.2964,19.0269,19.7793,65
2016-02-09 18:00:00,89.64,blend,0.5,69.6296,0.0,57.8562,57.8562,61.9627,77.2965,19.156,19.6683,66
2016-02-09 19:00:00,90.91,blend,0.5,69.6235,0.0,56.7548,56.7548,61.9505,77.2966,19.3002,19.5792,67
2016-02-09 20:00:00,87.38,blend,0.5,69.6166,0.0,72.821,72.821,61.9366,77.2967,19.3892,19.4416,68
2016-02-09 21:00:00,83.49,blend,0.5,69.6139,0.0,67.1869,67.1869,61.931,77.2967,19.4202,19.2524,69
2016-02-09 22:00:00,61.7,blend,0.5,69.6124,0.0,74.1079,74.1079,61.928,77.2968,19.1499,19.2009,70
2016-02-09 23:00:00,59.29,blend,0.5,69.6097,0.0,68.2211,68.2211,61.9225,77.2969,18.9205,19.1843,71
2016-02-10 00:00:00,59.21,blend,0.5,69.6054,0.0,63.1792,63.1792,61.9139,77.2969,18.6984,19.1692,72
2016-02-10 01:00:00,59.26,blend,0.5,69.6035,0.0,65.1628,65.1628,61.9101,77.297,18.4815,19.1539,73
2016-02-10 02:00:00,59.44,blend,0.5,69.6057,0.0,58.8925,58.8925,61.9144,77.297,18.2681,19.1367,74
2016-02-10 03:00:00,59.64,blend,0.5,69.6096,0.0,62.2427,62.2427,61.9223,77.297,18.0577,19.1172,75
2016-02-10 04:00:00,59.36,blend,0.5,69.6155,0.0,61.4084,61.4084,61.934,77.297,17.8566,19.1019,76
2016-02-10 05:00:00,74.82,blend,0.5,69.6218,0.0,71.9659,71.9659,61.9467,77.297,17.7928,18.8887,77
2016-02-10 06:00:00,81.6,blend,0.5,69.6288,0.0,71.4245,71.4245,61.9607,77.2969,17.8161,18.7041,78
2016-02-10 07:00:00,82.16,blend,0.5,69.6359,0.0,60.6856,60.6856,61.9749,77.2968,17.8457,18.5311,79
2016-02-10 08:00:00,100.17,blend,0.5,69.6404,0.0,51.2843,51.2843,61.984,77.2968,18.0969,18.5847,80
2016-02-10 09:00:00,113.97,blend,0.5,69.6451,0.0,70.7512,70.7512,61.9937,77.2966,18.51,18.8053,81
2016-02-10 10:00:00,116.43,blend,0.5,69.6487,0.0,61.4458,61.4458,62.0009,77.2964,18.9428,19.0502,82
2016-02-10 11:00:00,116.16,blend,0.5,69.6499,0.0,72.3158,72.3158,62.0035,77.2963,19.362,19.2861,83
2016-02-10 12:00:00,117.76,blend,0.5,69.6496,0.0,57.2926,57.2926,62.0029,77.2963,19.7902,19.5352,84
2016-02-10 13:00:00,118.4,blend,0.5,69.6484,0.0,72.2539,72.2539,62.0005,77.2963,20.2159,19.786,85
2016-02-10 14:00:00,111.2,blend,0.5,69.6472,0.0,64.0906,64.0906,61.998,77.2963,20.549,19.9483,86
2016-02-10 15:00:00,114.82,blend,0.5,69.6449,0.0,69.4035,69.4035,61.9935,77.2964,20.9158,20.148,87
2016-02-10 16:00:00,109.77,blend,0.5,69.6417,0.0,68.0634,68.0634,61.9871,77.2964,21.2177,20.2865,88
2016-02-10 17:00:00,99.94,blend,0.5,69.6378,0.0,65.02,65.02,61.9792,77.2965,21.4037,20.3127,89
2016-02-10 18:00:00,97.93,blend,0.5,69.6323,0.0,62.3097,62.3097,61.9681,77.2966,21.5637,20.3162,90
2016-02-10 19:00:00,97.13,blend,0.5,69.6263,0.0,51.7238,51.7238,61.9559,77.2967,21.7116,20.311,91
2016-02-10 20:00:00,92.47,blend,0.5,69.6213,0.0,72.8395,72.8395,61.9457,77.2969,21.8064,20.2557,92
2016-02-10 21:00:00,85.19,blend,0.5,69.6192,0.0,50.7962,50.7962,61.9415,77.2969,21.8218,20.1242,93
2016-02-10 22:00:00,63.45,blend,0.5,69.6174,0.0,66.9569,66.9569,61.9378,77.297,21.608,20.0581,94
2016-02-10 23:00:00,61.3,blend,0.5,69.6145,0.0,55.3613,55.3613,61.9319,77.2971,21.3895,20.0158,95
2016-02-11 00:00:00,61.12,blend,0.5,69.6115,0.0,59.9747,59.9747,61.9259,77.2971,21.1773,19.9762,96
2016-02-11 01:00:00,61.51,blend,0.5,69.6094,0.0,64.5182,64.5182,61.9218,77.297,20.9654,19.9335,97
2016-02-11 02:00:00,61.97,blend,0.5,69.6115,0.0,75.4214,75.4214,61.926,77.2971,20.754,19.887,98
2016-02-11 03:00:00,61.83,blend,0.5,69.615,0.0,56.7541,56.7541,61.9329,77.297,20.5475,19.8428,99
2016-02-11 04:00:00,62.69,blend,0.5,69.6201,0.0,55.3374,55.3374,61.9431,77.297,20.3515,19.7909,100
2016-02-11 05:00:00,77.2,blend,0.5,69.626,0.0,54.8365,54.8365,61.9549,77.2971,20.3014,19.5979,101
2016-02-11 06:00:00,82.56,blend,0.5,69.6328,0.0,61.7608,61.7608,61.9687,77.297,20.3042,19.4587,102
2016-02-11 07:00:00,82.76,blend,0.5,69.6398,0.0,58.8217,58.8217,61.9826,77.2969,20.3088,19.3241,103
2016-02-11 08:00:00,105.8,blend,0.5,69.6445,0.0,59.8463,59.8463,61.9921,77.2969,20.5326,19.4115,104
2016-02-11 09:00:00,118.84,blend,0.5,69.6485,0.0,61.3843,61.3843,62.0004,77.2966,20.8751,19.6203,105
2016-02-11 10:00:00,123.7,blend,0.5,69.6504,0.0,57.4891,57.4891,62.0044,77.2965,21.2566,19.8706,106
2016-02-11 11:00:00,122.4,blend,0.5,69.6511,0.0,54.3952,54.3952,62.0058,77.2964,21.619,20.1043,107
2016-02-11 12:00:00,120.1,blend,0.5,69.6505,0.0,74.5723,74.5723,62.0046,77.2964,21.9536,20.3125,108
2016-02-11 13:00:00,120.78,blend,0.5,69.649,0.0,54.1153,54.1153,62.0016,77.2964,22.2884,20.5232,109
2016-02-11 14:00:00,117.99,blend,0.5,69.6469,0.0,70.6243,70.6243,61.9974,77.2965,22.5921,20.7049,110
2016-02-11 15:00:00,118.64,blend,0.5,69.6442,0.0,59.2397,59.2397,61.9918,77.2965,22.8961,20.8892,111
2016-02-11 16:00:00,118.22,blend,0.5,69.6413,0.0,60.1652,60.1652,61.986,77.2965,23.1912,21.0664,112
2016-02-11 17:00:00,107.81,blend,0.5,69.6383,0.0,69.3093,69.3093,61.9801,77.2966,23.3897,21.1493,113
2016-02-11 18:00:00,102.45,blend,0.5,69.6353,0.0,55.3005,55.3005,61.974,77.2967,23.5383,21.1841,114
2016-02-11 19:00:00,105.47,blend,0.5,69.6315,0.0,71.9727,71.9727,61.9663,77.2967,23.7104,21.2444,115
2016-02-11 20:00:00,99.61,blend,0.5,69.6274,0.0,67.7963,67.7963,61.958,77.2969,23.8296,21.2535,116
2016-02-11 21:00:00,92.9,blend,0.5,69.6264,0.0,54.3923,54.3923,61.9559,77.2969,23.8899,21.2056,117
2016-02-11 22:00:00,73.18,blend,0.5,69.6256,0.0,56.9844,56.9844,61.9543,77.2969,23.7835,21.062,118
2016-02-11 23:00:00,85.8,blend,0.5,69.6238,0.0,60.9754,60.9754,61.9504,77.2971,23.784,20.9574,119
2016-02-12 00:00:00,83.95,blend,0.5,69.622,0.0,54.2064,54.2064,61.9468,77.2971,23.7693,20.8392,120
2016-02-12 01:00:00,84.83,blend,0.5,69.6234,0.0,58.5839,58.5839,61.9496,77.2971,23.762,20.7301,121
2016-02-12 02:00:00,83.49,blend,0.5,69.6264,0.0,76.5773,76.5773,61.9557,77.2971,23.7439,20.6119,122
2016-02-12 03:00:00,82.4,blend,0.5,69.6306,0.0,66.7318,66.7318,61.9641,77.2971,23.7172,20.4868,123
2016-02-12 04:00:00,82.58,blend,0.5,69.635,0.0,59.3888,59.3888,61.9729,77.2972,23.6923,20.3652,124
2016-02-12 05:00:00,82.4,blend,0.5,69.6398,0.0,51.6346,51.6346,61.9824,77.2973,23.6663,20.2441,125
2016-02-12 06:00:00,84.41,blend,0.5,69.6448,0.0,66.0655,66.0655,61.9925,77.2972,23.6565,20.1407,126
2016-02-12 07:00:00,83.72,blend,0.5,69.6478,0.0,70.3122,70.3122,61.9985,77.2971,23.6414,20.0335,127
2016-02-12 08:00:00,87.11,blend,0.5,69.6499,0.0,63.1119,63.1119,62.0026,77.2971,23.6528,19.9543,128
2016-02-12 09:00:00,95.08,blend,0.5,69.6521,0.0,67.1843,67.1843,62.0075,77.2968,23.7252,19.9376,129
2016-02-12 10:00:00,95.2,blend,0.5,69.6522,0.0,75.6384,75.6384,62.0077,77.2966,23.7975,19.922,130
2016-02-12 11:00:00,95.84,blend,0.5,69.6514,0.0,73.0925,73.0925,62.0062,77.2966,23.8735,19.9116,131
2016-02-12 12:00:00,96.56,blend,0.5,69.6498,0.0,66.6571,66.6571,62.0029,77.2966,23.9538,19.9067,132
2016-02-12 13:00:00,97.62,blend,0.5,69.6473,0.0,48.8374,48.8374,61.9981,77.2966,24.0409,19.9098,133
2016-02-12 14:00:00,96.96,blend,0.5,69.6446,0.0,63.8404,63.8404,61.9926,77.2966,24.1219,19.908,134
2016-02-12 15:00:00,93.08,blend,0.5,69.6408,0.0,64.5757,64.5757,61.9849,77.2966,24.1731,19.8777,135
2016-02-12 16:00:00,88.49,blend,0.5,69.6367,0.0,55.8202,55.8202,61.9768,77.2966,24.1902,19.8143,136
2016-02-12 17:00:00,81.14,blend,0.5,69.6317,0.0,65.2104,65.2104,61.9667,77.2967,24.1539,19.6986,137
2016-02-12 18:00:00,75.0,blend,0.5,69.6261,0.0,61.8053,61.8053,61.9553,77.2968,24.0739,19.5734,138
2016-02-12 19:00:00,78.84,blend,0.5,69.6195,0.0,65.591,65.591,61.9422,77.2968,24.0227,19.4446,139
2016-02-12 20:00:00,75.24,blend,0.5,69.613,0.0,67.8514,67.8514,61.929,77.2969,23.9467,19.3213,140
2016-02-12 21:00:00,75.17,blend,0.5,69.6091,0.0,57.927,57.927,61.9212,77.297,23.8714,19.2002,141
2016-02-12 22:00:00,73.25,blend,0.5,69.606,0.0,57.4923,57.4923,61.9149,77.2971,23.7837,19.0942,142
2016-02-12 23:00:00,73.11,blend,0.5,69.603,0.0,62.24,62.24,61.9087,77.2973,23.6963,18.9907,143
2016-02-13 00:00:00,73.38,blend,0.5,69.6031,0.0,65.4731,65.4731,61.909,77.2972,23.612,18.8867,144
2016-02-13 01:00:00,74.7,blend,0.5,69.5955,0.0,50.411,50.411,61.8939,77.2971,23.538,18.7752,145
2016-02-13 02:00:00,73.42,blend,0.5,69.5929,0.0,55.0682,55.0682,61.8888,77.297,23.4563,18.6738,146
2016-02-13 03:00:00,75.46,blend,0.5,69.5946,0.0,50.8782,50.8782,61.8922,77.297,23.3895,18.56,147
2016-02-13 04:00:00,74.46,blend,0.5,69.5978,0.0,65.9554,65.9554,61.8986,77.297,23.3168,18.4545,148
2016-02-13 05:00:00,75.11,blend,0.5,69.6016,0.0,67.0543,67.0543,61.9062,77.297,23.2494,18.3461,149
2016-02-13 06:00:00,77.32,blend,0.5,69.606,0.0,47.863,47.863,61.9151,77.297,23.1975,18.2247,150
2016-02-13 07:00:00,78.62,blend,0.5,69.61,0.0,77.2973,77.2973,61.9231,77.2969,23.1547,18.1135,151
2016-02-13 08:00:00,73.06,blend,0.5,69.6134,0.0,64.2689,64.2689,61.9298,77.297,23.0761,18.0228,152
2016-02-13 09:00:00,70.76,blend,0.5,69.6171,0.0,53.2366,53.2366,61.9373,77.2968,22.9836,17.9483,153
2016-02-13 10:00:00,69.89,blend,0.5,69.6172,0.0,55.435,55.435,61.9378,77.2966,22.8866,17.8802,154
2016-02-13 11:00:00,71.27,blend,0.5,69.6136,0.0,58.5504,58.5504,61.9306,77.2965,22.7997,17.8043,155
2016-02-13 12:00:00,70.83,blend,0.5,69.6098,0.0,70.5868,70.5868,61.923,77.2966,22.7112,17.732,156
2016-02-13 13:00:00,70.88,blend,0.5,69.6051,0.0,55.5557,55.5557,61.9136,77.2966,22.6243,17.6604,157
2016-02-13 14:00:00,70.16,blend,0.5,69.5993,0.0,65.1312,65.1312,61.9019,77.2967,22.5339,17.5942,158
2016-02-13 15:00:00,70.8,blend,0.5,69.591,0.0,48.5382,48.5382,61.8853,77.2967,22.4488,17.5249,159
2016-02-13 16:00:00,70.25,blend,0.5,69.5801,0.0,61.9896,61.9896,61.8636,77.2967,22.3614,17.4598,160
2016-02-13 17:00:00,70.79,blend,0.5,69.567,0.0,65.3718,65.3718,61.8372,77.2967,22.2787,17.3922,161
2016-02-13 18:00:00,71.05,blend,0.5,69.5525,0.0,57.9456,57.9456,61.8082,77.2968,22.1987,17.3238,162
2016-02-13 19:00:00,78.81,blend,0.5,69.5378,0.0,65.934,65.934,61.7787,77.2969,22.1672,17.2274,163
2016-02-13 20:00:00,79.47,blend,0.5,69.5251,0.0,60.2721,60.2721,61.7533,77.297,22.1402,17.1362,164
2016-02-13 21:00:00,79.13,blend,0.5,69.5197,0.0,57.6945,57.6945,61.7423,77.297,22.1116,17.044,165
2016-02-13 22:00:00,77.6,blend,0.5,69.5168,0.0,67.2514,67.2514,61.7366,77.2971,22.0742,16.9437,166
2016-02-13 23:00:00,74.69,blend,0.5,69.5162,0.0,60.6513,60.6513,61.7352,77.2972,22.0199,16.8584,167
2016-02-14 00:00:00,76.14,pretransfer,0.0,77.2972,0.0,60.5776,60.5776,61.7399,77.2972,22.0958,16.7581,168
2016-02-14 01:00:00,75.66,pretransfer,0.0,77.2971,0.0,75.885,75.885,61.7628,77.2971,22.1687,16.6599,169
2016-02-14 02:00:00,75.99,pretransfer,0.0,77.2971,0.0,66.9491,66.9491,61.7899,77.2971,22.2431,16.5588,170
2016-02-14 03:00:00,78.12,pretransfer,0.0,77.2971,0.0,80.3955,80.3955,61.8148,77.2971,22.3313,16.4556,171
2016-02-14 04:00:00,76.43,pretransfer,0.0,77.2971,0.0,101.228,101.228,61.8413,77.2971,22.4127,16.3558,172
2016-02-14 05:00:00,77.15,pretransfer,0.0,77.2971,0.0,79.8633,79.8633,61.8672,77.2971,22.4935,16.2467,173
2016-02-14 06:00:00,74.32,pretransfer,0.0,77.2971,0.0,70.5859,70.5859,61.8887,77.2971,22.5601,16.1574,174
2016-02-14 07:00:00,74.44,pretransfer,0.0,77.2971,0.0,80.8129,80.8129,61.905,77.2971,22.6258,16.0663,175
2016-02-14 08:00:00,65.2,pretransfer,0.0,77.2971,0.0,70.5204,70.5204,61.9174,77.2971,22.5969,15.9914,176
2016-02-14 09:00:00,67.36,pretransfer,0.0,77.2968,0.0,67.8595,67.8595,61.9267,77.2968,22.5949,15.9873,177
2016-02-14 10:00:00,66.0,pretransfer,0.0,77.2967,0.0,90.4303,90.4303,61.9276,77.2967,22.5791,15.9976,178
2016-02-14 11:00:00,65.36,pretransfer,0.0,77.2967,0.0,36.8686,36.8686,61.9254,77.2967,22.5676,16.0042,179
2016-02-14 12:00:00,69.7,pretransfer,0.0,77.2967,0.0,79.9674,79.9674,61.9211,77.2967,22.584,15.9833,180
2016-02-14 13:00:00,69.01,pretransfer,0.0,77.2967,0.0,67.6416,67.6416,61.9143,77.2967,22.5943,15.9685,181
2016-02-14 14:00:00,69.22,pretransfer,0.0,77.2967,0.0,80.8311,80.8311,61.9076,77.2967,22.6055,15.9527,182
2016-02-14 15:00:00,68.27,pretransfer,0.0,77.2968,0.0,59.2688,59.2688,61.8982,77.2968,22.6125,15.9405,183
2016-02-14 16:00:00,67.18,pretransfer,0.0,77.2968,0.0,82.4129,82.4129,61.8853,77.2968,22.6093,15.9379,184
2016-02-14 17:00:00,66.2,pretransfer,0.0,77.2968,0.0,18.1008,18.1008,61.8694,77.2968,22.6089,15.9313,185
2016-02-14 18:00:00,68.06,pretransfer,0.0,77.2969,0.0,68.2271,68.2271,61.8498,77.2969,22.6141,15.8541,186
2016-02-14 19:00:00,73.11,pretransfer,0.0,77.2969,0.0,72.4961,72.4961,61.8274,77.2969,22.6756,15.7706,187
2016-02-14 20:00:00,72.12,pretransfer,0.0,77.297,0.0,71.3028,71.3028,61.8119,77.297,22.7328,15.6916,188
2016-02-14 21:00:00,73.28,pretransfer,0.0,77.297,0.0,98.7159,98.7159,61.8035,77.297,22.8004,15.6071,189
2016-02-14 22:00:00,73.11,pretransfer,0.0,77.2971,0.0,89.5584,89.5584,61.7951,77.2971,22.8617,15.5255,190
2016-02-14 23:00:00,73.78,pretransfer,0.0,77.2971,0.0,69.5371,69.5371,61.7901,77.2971,22.9275,15.4352,191
2016-02-15 00:00:00,71.9,pretransfer,0.0,77.2971,0.0,90.3645,90.3645,61.7923,77.2971,22.9775,15.3572,192
2016-02-15 01:00:00,74.38,pretransfer,0.0,77.2972,0.0,90.6238,90.6238,61.8386,77.2972,23.0443,15.2634,193
2016-02-15 02:00:00,75.75,pretransfer,0.0,77.2971,0.0,90.6237,90.6237,61.8695,77.2971,23.1217,15.1626,194
2016-02-15 03:00:00,76.92,pretransfer,0.0,77.2971,0.0,89.6206,89.6206,61.8959,77.2971,23.2081,15.0575,195
2016-02-15 04:00:00,77.23,pretransfer,0.0,77.2972,0.0,110.391,110.391,61.9184,77.2972,23.2958,14.9494,196
2016-02-15 05:00:00,76.06,pretransfer,0.0,77.2971,0.0,69.654,69.654,61.9359,77.2971,23.306,14.9301,197
2016-02-15 06:00:00,76.45,pretransfer,0.0,77.2971,0.0,89.6093,89.6093,61.9507,77.2971,23.2949,14.9348,198
2016-02-15 07:00:00,76.76,pretransfer,0.0,77.2971,0.0,56.1176,56.1176,61.962,77.2971,23.281,14.9305,199
2016-02-15 08:00:00,72.47,pretransfer,0.0,77.2971,0.0,49.7593,49.7593,61.971,77.2971,23.0764,14.7852,200
2016-02-15 09:00:00,69.37,pretransfer,0.0,77.2969,0.0,91.3673,91.3673,61.9794,77.2969,22.8182,14.6224,201
2016-02-15 10:00:00,69.5,pretransfer,0.0,77.2968,0.0,70.4354,70.4354,61.9821,77.2968,22.5503,14.4478,202
2016-02-15 11:00:00,67.02,pretransfer,0.0,77.2967,0.0,89.5816,89.5816,61.9816,77.2967,22.2492,14.2692,203
2016-02-15 12:00:00,70.57,pretransfer,0.0,77.2967,0.0,49.9535,49.9535,61.9805,77.2967,21.9708,14.0709,204
2016-02-15 13:00:00,70.26,pretransfer,0.0,77.2967,0.0,82.0997,82.0997,61.9781,77.2967,21.7037,13.8877,205
2016-02-15 14:00:00,67.48,pretransfer,0.0,77.2968,0.0,91.3672,91.3672,61.9743,77.2968,21.4607,13.7615,206
2016-02-15 15:00:00,69.34,pretransfer,0.0,77.2968,0.0,89.421,89.421,61.969,77.2968,21.214,13.6095,207
2016-02-15 16:00:00,69.06,pretransfer,0.0,77.2968,0.0,78.9023,78.9023,61.9621,77.2968,20.9888,13.4822,208
2016-02-15 17:00:00,68.74,pretransfer,0.0,77.2968,0.0,68.8003,68.8003,61.9537,77.2968,20.8226,13.4179,209
2016-02-15 18:00:00,72.73,pretransfer,0.0,77.2969,0.0,82.3467,82.3467,61.9445,77.2969,20.7072,13.3567,210
2016-02-15 19:00:00,78.1,pretransfer,0.0,77.2969,0.0,79.6739,79.6739,61.9343,77.2969,20.6502,13.2997,211
2016-02-15 20:00:00,77.51,pretransfer,0.0,77.2969,0.0,81.6028,81.6028,61.9261,77.2969,20.6296,13.279,212
2016-02-15 21:00:00,76.82,pretransfer,0.0,77.297,0.0,81.2014,81.2014,61.9223,77.297,20.6196,13.2748,213
2016-02-15 22:00:00,75.82,pretransfer,0.0,77.2971,0.0,69.7102,69.7102,61.9212,77.2971,20.6987,13.1883,214
2016-02-15 23:00:00,74.22,pretransfer,0.0,77.297,0.0,101.3886,101.3886,61.9171,77.297,20.7616,13.1048,215
2016-02-16 00:00:00,72.83,pretransfer,0.0,77.2971,0.0,78.671,78.671,61.9196,77.2971,20.8131,13.0263,216
2016-02-16 01:00:00,73.35,pretransfer,0.0,77.2972,0.0,91.3676,91.3676,61.9268,77.2972,20.869,12.9461,217
2016-02-16 02:00:00,73.34,pretransfer,0.0,77.2972,0.0,68.6683,68.6683,61.9356,77.2972,20.9242,12.8653,218
2016-02-16 03:00:00,73.65,pretransfer,0.0,77.2972,0.0,79.5533,79.5533,61.9452,77.2972,20.9827,12.7844,219
2016-02-16 04:00:00,73.66,pretransfer,0.0,77.2971,0.0,68.7257,68.7257,61.9542,77.2971,21.041,12.7032,220
2016-02-16 05:00:00,72.78,pretransfer,0.0,77.2971,0.0,61.0107,61.0107,61.9617,77.2971,21.0306,12.7135,221
2016-02-16 06:00:00,74.04,pretransfer,0.0,77.297,0.0,92.3681,92.3681,61.9698,77.297,21.0136,12.7305,222
2016-02-16 07:00:00,73.6,pretransfer,0.0,77.2969,0.0,49.7793,49.7793,61.9748,77.2969,20.9933,12.7508,223
2016-02-16 08:00:00,73.64,pretransfer,0.0,77.2968,0.0,91.2064,91.2064,61.9746,77.2968,20.8229,12.6239,224
2016-02-16 09:00:00,74.81,pretransfer,0.0,77.2964,0.0,110.3899,110.3899,61.9765,77.2964,20.6104,12.441,225
2016-02-16 10:00:00,87.41,pretransfer,0.0,77.296,0.0,99.5783,99.5783,61.9706,77.296,20.4398,12.2702,226
2016-02-16 11:00:00,102.37,pretransfer,0.0,77.2952,0.0,91.7067,91.7067,61.9641,77.2952,20.3602,12.1904,227
2016-02-16 12:00:00,110.44,pretransfer,0.0,77.2954,0.0,81.266,81.266,61.961,77.2954,20.3348,12.1647,228
2016-02-16 13:00:00,109.84,pretransfer,0.0,77.2962,0.0,92.2811,92.2811,61.9646,77.2962,20.2945,12.1242,229
2016-02-16 14:00:00,105.82,pretransfer,0.0,77.2963,0.0,80.6924,80.6924,61.9659,77.2963,20.2562,12.0857,230
2016-02-16 15:00:00,105.4,pretransfer,0.0,77.2964,0.0,90.4299,90.4299,61.9621,77.2964,20.2141,12.0435,231
2016-02-16 16:00:00,104.45,pretransfer,0.0,77.2964,0.0,91.433,91.433,61.956,77.2964,20.1703,11.9995,232
2016-02-16 17:00:00,93.16,pretransfer,0.0,77.2964,0.0,61.7836,61.7836,61.9494,77.2964,20.1283,11.9573,233
2016-02-16 18:00:00,86.98,pretransfer,0.0,77.2965,0.0,99.579,99.579,61.9411,77.2965,20.1126,11.9415,234
2016-02-16 19:00:00,90.28,pretransfer,0.0,77.2966,0.0,61.5475,61.5475,61.9289,77.2966,20.1089,11.9378,235
2016-02-16 20:00:00,85.09,pretransfer,0.0,77.2968,0.0,67.077,67.077,61.9174,77.2968,20.0954,11.9241,236
2016-02-16 21:00:00,81.16,pretransfer,0.0,77.2968,0.0,73.5252,73.5252,61.9154,77.2968,20.0816,11.9103,237
2016-02-16 22:00:00,74.74,pretransfer,0.0,77.2968,0.0,62.3528,62.3528,61.9135,77.2968,20.1566,11.8326,238
2016-02-16 23:00:00,75.17,pretransfer,0.0,77.297,0.0,89.6952,89.6952,61.9118,77.297,20.2199,11.7381,239
2016-02-17 00:00:00,74.33,pretransfer,0.0,77.297,0.0,87.7729,87.7729,61.9135,77.297,20.2777,11.6481,240
2016-02-17 01:00:00,74.89,pretransfer,0.0,77.2971,0.0,48.8926,48.8926,61.9171,77.2971,20.3391,11.5551,241
2016-02-17 02:00:00,73.95,pretransfer,0.0,77.2971,0.0,79.9023,79.9023,61.9254,77.2971,20.396,11.4687,242
2016-02-17 03:00:00,75.35,pretransfer,0.0,77.2971,0.0,66.949,66.949,61.9366,77.2971,20.4622,11.3752,243
2016-02-17 04:00:00,74.17,pretransfer,0.0,77.2971,0.0,90.4167,90.4167,61.9487,77.2971,20.5197,11.287,244
2016-02-17 05:00:00,74.39,pretransfer,0.0,77.2971,0.0,58.9745,58.9745,61.9605,77.2971,20.517,11.2896,245
2016-02-17 06:00:00,76.67,pretransfer,0.0,77.297,0.0,71.0757,71.0757,61.9725,77.297,20.4876,11.2677,246
2016-02-17 07:00:00,78.04,pretransfer,0.0,77.297,0.0,58.0003,58.0003,61.9816,77.297,20.4631,11.2432,247
2016-02-17 08:00:00,100.05,pretransfer,0.0,77.297,0.0,52.49,52.49,61.9885,77.297,20.4623,11.2425,248
2016-02-17 09:00:00,116.5,pretransfer,0.0,77.2969,0.0,70.81,70.81,61.9961,77.2969,20.4774,11.2575,249
2016-02-17 10:00:00,117.76,pretransfer,0.0,77.2968,0.0,100.3693,100.3693,62.0028,77.2968,20.4853,11.2655,250
2016-02-17 11:00:00,112.71,pretransfer,0.0,77.2968,0.0,80.6704,80.6704,62.0058,77.2968,20.4647,11.2449,251
2016-02-17 12:00:00,117.91,pretransfer,0.0,77.2968,0.0,57.7522,57.7522,62.0045,77.2968,20.4656,11.2458,252
2016-02-17 13:00:00,116.61,pretransfer,0.0,77.2968,0.0,92.2918,92.2918,62.002,77.2968,20.4549,11.2351,253
2016-02-17 14:00:00,111.17,pretransfer,0.0,77.2968,0.0,59.7287,59.7287,61.9987,77.2968,20.4548,11.235,254
2016-02-17 15:00:00,112.16,pretransfer,0.0,77.2968,0.0,58.6496,58.6496,61.9934,77.2968,20.4389,11.2191,255
2016-02-17 16:00:00,108.11,pretransfer,0.0,77.2968,0.0,58.7714,58.7714,61.9885,77.2968,20.429,11.2092,256
2016-02-17 17:00:00,96.14,pretransfer,0.0,77.2968,0.0,60.7003,60.7003,61.9826,77.2968,20.4064,11.1866,257
2016-02-17 18:00:00,94.41,pretransfer,0.0,77.2969,0.0,59.4397,59.4397,61.975,77.2969,20.3854,11.1657,258
2016-02-17 19:00:00,96.1,pretransfer,0.0,77.2969,0.0,39.9578,39.9578,61.966,77.2969,20.3792,11.1595,259
2016-02-17 20:00:00,85.82,pretransfer,0.0,77.2969,0.0,99.5795,99.5795,61.9577,77.2969,20.3395,11.12,260
2016-02-17 21:00:00,81.64,pretransfer,0.0,77.297,0.0,66.7782,66.7782,61.9546,77.297,20.3183,11.0988,261
2016-02-17 22:00:00,73.24,pretransfer,0.0,77.297,0.0,80.4517,80.4517,61.9513,77.297,20.3765,11.0405,262
2016-02-17 23:00:00,74.23,pretransfer,0.0,77.2972,0.0,101.4552,101.4552,61.9475,77.2972,20.4459,10.9636,263
2016-02-18 00:00:00,74.06,pretransfer,0.0,77.2971,0.0,92.453,92.453,61.947,77.2971,20.5132,10.8866,264
2016-02-18 01:00:00,72.56,pretransfer,0.0,77.2972,0.0,91.7091,91.7091,61.9483,77.2972,20.5739,10.8208,265
2016-02-18 02:00:00,72.36,pretransfer,0.0,77.2972,0.0,71.4312,71.4312,61.9543,77.2972,20.6356,10.7589,266
2016-02-18 03:00:00,72.3,pretransfer,0.0,77.2972,0.0,68.8781,68.8781,61.9617,77.2972,20.6965,10.6966,267
2016-02-18 04:00:00,74.99,pretransfer,0.0,77.2972,0.0,79.5533,79.5533,61.9703,77.2972,20.7696,10.6234,268
2016-02-18 05:00:00,71.15,pretransfer,0.0,77.2972,0.0,57.933,57.933,61.9784,77.2972,20.7334,10.6594,269
2016-02-18 06:00:00,76.51,pretransfer,0.0,77.2971,0.0,81.2393,81.2393,61.9868,77.2971,20.6973,10.6328,270
2016-02-18 07:00:00,77.73,pretransfer,0.0,77.2971,0.0,71.4311,71.4311,61.992,77.2971,20.6673,10.6028,271
2016-02-18 08:00:00,97.03,pretransfer,0.0,77.2971,0.0,79.6741,79.6741,61.9966,77.2971,20.6151,10.5506,272
2016-02-18 09:00:00,116.37,pretransfer,0.0,77.2968,0.0,66.9488,66.9488,62.0018,77.2968,20.6003,10.5359,273
2016-02-18 10:00:00,120.78,pretransfer,0.0,77.2967,0.0,88.5549,88.5549,62.0049,77.2967,20.583,10.5186,274
2016-02-18 11:00:00,120.39,pretransfer,0.0,77.2966,0.0,98.5837,98.5837,62.0068,77.2966,20.571,10.5066,275
2016-02-18 12:00:00,119.58,pretransfer,0.0,77.2966,0.0,71.3981,71.3981,62.0054,77.2966,20.5679,10.5035,276
2016-02-18 13:00:00,116.76,pretransfer,0.0,77.2966,0.0,91.367,91.367,62.003,77.2966,20.544,10.4796,277
2016-02-18 14:00:00,110.11,pretransfer,0.0,77.2966,0.0,63.5038,63.5038,61.9985,77.2966,20.497,10.4327,278
2016-02-18 15:00:00,110.35,pretransfer,0.0,77.2967,0.0,89.7797,89.7797,61.9931,77.2967,20.4477,10.3833,279
2016-02-18 16:00:00,104.43,pretransfer,0.0,77.2967,0.0,71.3506,71.3506,61.9869,77.2967,20.3656,10.3012,280
2016-02-18 17:00:00,95.82,pretransfer,0.0,77.2967,0.0,78.7705,78.7705,61.981,77.2967,20.2942,10.2299,281
2016-02-18 18:00:00,92.76,pretransfer,0.0,77.2968,0.0,89.8333,89.8333,61.9729,77.2968,20.2366,10.1722,282
2016-02-18 19:00:00,91.06,pretransfer,0.0,77.2969,0.0,56.9811,56.9811,61.9648,77.2969,20.1508,10.0864,283
2016-02-18 20:00:00,86.59,pretransfer,0.0,77.297,0.0,79.8174,79.8174,61.9572,77.297,20.0733,10.0089,284
2016-02-18 21:00:00,79.0,pretransfer,0.0,77.2971,0.0,39.9579,39.9579,61.9539,77.2971,19.9906,9.9262,285
2016-02-18 22:00:00,71.87,pretransfer,0.0,77.297,0.0,57.3498,57.3498,61.9511,77.297,19.9828,9.934,286
2016-02-18 23:00:00,59.41,pretransfer,0.0,77.2972,0.0,101.389,101.389,61.9478,77.2972,19.8559,9.9898,287
2016-02-19 00:00:00,59.07,pretransfer,0.0,77.2971,0.0,69.9482,69.9482,61.9454,77.2971,19.7421,10.0587,288
2016-02-19 01:00:00,59.13,pretransfer,0.0,77.297,0.0,69.8419,69.8419,61.939,77.297,19.6226,10.122,289
2016-02-19 02:00:00,59.07,pretransfer,0.0,77.297,0.0,68.1424,68.1424,61.9391,77.297,19.5115,10.1936,290
2016-02-19 03:00:00,59.14,pretransfer,0.0,77.297,0.0,80.4753,80.4753,61.9445,77.297,19.4066,10.2713,291
2016-02-19 04:00:00,59.51,pretransfer,0.0,77.297,0.0,62.415,62.415,61.953,77.297,19.2984,10.3458,292
2016-02-19 05:00:00,73.64,pretransfer,0.0,77.297,0.0,91.2629,91.2629,61.9624,77.297,19.2464,10.3372,293
2016-02-19 06:00:00,80.53,pretransfer,0.0,77.2969,0.0,81.3239,81.3239,61.9719,77.2969,19.2234,10.3141,294
2016-02-19 07:00:00,79.29,pretransfer,0.0,77.2969,0.0,87.5597,87.5597,61.9834,77.2969,19.1972,10.2877,295
2016-02-19 08:00:00,95.58,pretransfer,0.0,77.297,0.0,89.4775,89.4775,61.9932,77.297,19.2476,10.3381,296
2016-02-19 09:00:00,115.61,pretransfer,0.0,77.2968,0.0,101.4547,101.4547,61.9995,77.2968,19.3699,10.4603,297
2016-02-19 10:00:00,122.18,pretransfer,0.0,77.2967,0.0,62.4623,62.4623,62.0028,77.2967,19.5305,10.6209,298
2016-02-19 11:00:00,121.08,pretransfer,0.0,77.2966,0.0,101.4545,101.4545,62.0048,77.2966,19.6808,10.7712,299
2016-02-19 12:00:00,120.01,pretransfer,0.0,77.2966,0.0,90.6433,90.6433,62.0037,77.2966,19.8203,10.9107,300
2016-02-19 13:00:00,115.05,pretransfer,0.0,77.2966,0.0,92.1208,92.1208,62.0005,77.2966,19.9241,11.0145,301
2016-02-19 14:00:00,108.97,pretransfer,0.0,77.2966,0.0,76.7481,76.7481,61.9961,77.2966,19.9955,11.086,302
2016-02-19 15:00:00,110.12,pretransfer,0.0,77.2966,0.0,92.2916,92.2916,61.9899,77.2966,20.0969,11.1874,303
2016-02-19 16:00:00,96.35,pretransfer,0.0,77.2966,0.0,72.5144,72.5144,61.9824,77.2966,20.1437,11.2342,304
2016-02-19 17:00:00,87.13,pretransfer,0.0,77.2966,0.0,73.439,73.439,61.9738,77.2966,20.1793,11.2698,305
2016-02-19 18:00:00,84.63,pretransfer,0.0,77.2967,0.0,51.4943,51.4943,61.962,77.2967,20.2366,11.2998,306
2016-02-19 19:00:00,71.72,pretransfer,0.0,77.2968,0.0,80.6169,80.6169,61.9504,77.2968,20.1942,11.3238,307
2016-02-19 20:00:00,67.98,pretransfer,0.0,77.2968,0.0,37.9524,37.9524,61.9406,77.2968,20.1509,11.367,308
2016-02-19 21:00:00,65.06,pretransfer,0.0,77.2969,0.0,60.1357,60.1357,61.9302,77.2969,20.0906,11.4272,309
2016-02-19 22:00:00,59.86,pretransfer,0.0,77.2969,0.0,79.5316,79.5316,61.9205,77.2969,20.0354,11.5069,310
2016-02-19 23:00:00,58.9,pretransfer,0.0,77.297,0.0,68.6449,68.6449,61.912,77.297,19.9867,11.5915,311
2016-02-20 00:00:00,58.56,pretransfer,0.0,77.2969,0.0,89.6091,89.6091,61.9061,77.2969,19.9383,11.6797,312
2016-02-20 01:00:00,58.93,pretransfer,0.0,77.2967,0.0,100.6443,100.6443,61.8828,77.2967,19.8797,11.7736,313
2016-02-20 02:00:00,56.87,pretransfer,0.0,77.2966,0.0,88.6942,88.6942,61.8722,77.2966,19.8408,11.8721,314
2016-02-20 03:00:00,58.39,pretransfer,0.0,77.2966,0.0,88.5548,88.5548,61.8684,77.2966,19.7808,11.9737,315
2016-02-20 04:00:00,58.6,pretransfer,0.0,77.2965,0.0,53.1189,53.1189,61.8692,77.2965,19.7254,12.0681,316
2016-02-20 05:00:00,71.71,pretransfer,0.0,77.2965,0.0,99.3659,99.3659,61.8763,77.2965,19.7054,12.0883,317
2016-02-20 06:00:00,78.47,pretransfer,0.0,77.2965,0.0,71.4549,71.4549,61.8903,77.2965,19.7124,12.0952,318
2016-02-20 07:00:00,80.15,pretransfer,0.0,77.2965,0.0,83.2046,83.2046,61.9107,77.2965,19.7216,12.1043,319
2016-02-20 08:00:00,71.49,pretransfer,0.0,77.2965,0.0,81.6872,81.6872,61.9261,77.2965,19.7122,12.1136,320
2016-02-20 09:00:00,71.04,pretransfer,0.0,77.2963,0.0,90.345,90.345,61.9359,77.2963,19.7139,12.112,321
2016-02-20 10:00:00,71.41,pretransfer,0.0,77.2961,0.0,69.7953,69.7953,61.9342,77.2961,19.723,12.1029,322
2016-02-20 11:00:00,69.91,pretransfer,0.0,77.296,0.0,64.5224,64.5224,61.9258,77.296,19.7149,12.111,323
2016-02-20 12:00:00,72.33,pretransfer,0.0,77.296,0.0,98.7146,98.7146,61.9118,77.296,19.7239,12.1021,324
2016-02-20 13:00:00,72.3,pretransfer,0.0,77.2959,0.0,92.347,92.347,61.8885,77.2959,19.7325,12.0936,325
2016-02-20 14:00:00,70.95,pretransfer,0.0,77.2959,0.0,80.5365,80.5365,61.8551,77.2959,19.7375,12.0889,326
2016-02-20 15:00:00,71.78,pretransfer,0.0,77.296,0.0,69.7764,69.7764,61.802,77.296,19.7438,12.0831,327
2016-02-20 16:00:00,70.26,pretransfer,0.0,77.296,0.0,89.4201,89.4201,61.7183,77.296,19.7447,12.083,328
2016-02-20 17:00:00,70.6,pretransfer,0.0,77.2961,0.0,90.5579,90.5579,61.5824,77.2961,19.7451,12.0841,329
2016-02-20 18:00:00,70.26,pretransfer,0.0,77.2962,0.0,69.7529,69.7529,61.3695,77.2962,19.743,12.0888,330
2016-02-20 19:00:00,62.56,pretransfer,0.0,77.2963,0.0,72.4956,72.4956,61.0545,77.2963,19.6506,12.1676,331
2016-02-20 20:00:00,62.34,pretransfer,0.0,77.2963,0.0,71.5959,71.5959,60.6179,77.2963,19.5554,12.2436,332
2016-02-20 21:00:00,63.08,pretransfer,0.0,77.2964,0.0,91.206,91.206,59.9521,77.2964,19.4705,12.3174,333
2016-02-20 22:00:00,59.28,pretransfer,0.0,77.2964,0.0,92.3476,92.3476,58.9804,77.2964,19.3779,12.4228,334
2016-02-20 23:00:00,58.18,pretransfer,0.0,77.2965,0.0,62.2677,62.2677,57.7242,77.2965,19.3035,12.5211,335
2016-02-21 00:00:00,58.21,pretransfer,0.0,77.2966,0.0,72.0758,72.0758,56.2725,77.2966,19.2293,12.6278,336
2016-02-21 01:00:00,57.65,pretransfer,0.0,77.2965,0.0,91.3483,91.3483,55.1041,77.2965,19.1617,12.735,337
2016-02-21 02:00:00,57.96,pretransfer,0.0,77.2965,0.0,82.4311,82.4311,54.031,77.2965,19.1006,12.8423,338
2016-02-21 03:00:00,58.26,pretransfer,0.0,77.2965,0.0,82.3746,82.3746,53.2186,77.2965,19.0336,12.9507,339
2016-02-21 04:00:00,58.67,pretransfer,0.0,77.2965,0.0,87.7722,87.7722,52.7331,77.2965,18.9821,13.0564,340
2016-02-21 05:00:00,74.28,pretransfer,0.0,77.2966,0.0,90.3639,90.3639,52.8182,77.2966,19.0188,13.0735,341
2016-02-21 06:00:00,76.17,pretransfer,0.0,77.2965,0.0,90.203,90.203,53.3056,77.2965,19.0809,13.0625,342
2016-02-21 07:00:00,74.75,pretransfer,0.0,77.2964,0.0,78.7411,78.7411,54.4682,77.2964,19.1271,13.0606,343
2016-02-21 08:00:00,66.71,pretransfer,0.0,77.2965,0.0,57.7521,57.7521,55.9306,77.2965,19.1717,13.0516,344
2016-02-21 09:00:00,67.61,pretransfer,0.0,77.2964,0.0,71.3022,71.3022,57.2082,77.2964,19.2013,13.0502,345
2016-02-21 10:00:00,66.1,pretransfer,0.0,77.2962,0.0,79.5523,79.5523,58.0767,77.2962,19.2248,13.0496,346
2016-02-21 11:00:00,67.67,pretransfer,0.0,77.2962,0.0,68.5172,68.5172,58.6109,77.2962,19.2583,13.0358,347
2016-02-21 12:00:00,65.9,pretransfer,0.0,77.2962,0.0,110.3897,110.3897,58.8857,77.2962,19.2537,13.0584,348
2016-02-21 13:00:00,66.88,pretransfer,0.0,77.2962,0.0,38.7972,38.7972,58.9531,77.2962,19.2586,13.0711,349
2016-02-21 14:00:00,66.71,pretransfer,0.0,77.2962,0.0,82.3262,82.3262,58.8336,77.2962,19.262,13.086,350
2016-02-21 15:00:00,66.96,pretransfer,0.0,77.2962,0.0,100.3686,100.3686,58.5154,77.2962,19.2743,13.0938,351
2016-02-21 16:00:00,66.06,pretransfer,0.0,77.2962,0.0,68.602,68.602,57.9384,77.2962,19.2912,13.1005,352
2016-02-21 17:00:00,65.8,pretransfer,0.0,77.2963,0.0,70.9267,70.9267,57.157,77.2963,19.3168,13.1029,353
2016-02-21 18:00:00,69.56,pretransfer,0.0,77.2964,0.0,87.5591,87.5591,56.1363,77.2964,19.3598,13.0939,354
2016-02-21 19:00:00,59.55,pretransfer,0.0,77.2964,0.0,54.3307,54.3307,54.8258,77.2964,19.3207,13.1747,355
2016-02-21 20:00:00,59.05,pretransfer,0.0,77.2965,0.0,81.4601,81.4601,53.7689,77.2965,19.2908,13.2524,356
2016-02-21 21:00:00,59.3,pretransfer,0.0,77.2965,0.0,99.5789,99.5789,52.4739,77.2965,19.2631,13.3357,357
2016-02-21 22:00:00,58.84,pretransfer,0.0,77.2965,0.0,92.4338,92.4338,51.1369,77.2965,19.2416,13.4206,358
2016-02-21 23:00:00,58.72,pretransfer,0.0,77.2966,0.0,101.2274,101.2274,50.007,77.2966,19.2221,13.5102,359
2016-02-22 00:00:00,58.86,pretransfer,0.0,77.2967,0.0,46.05,46.05,49.2664,77.2967,19.2191,13.5879,360
2016-02-22 01:00:00,58.52,pretransfer,0.0,77.2969,0.0,62.4625,62.4625,49.9172,77.2969,19.1956,13.6823,361
2016-02-22 02:00:00,58.26,pretransfer,0.0,77.2969,0.0,78.809,78.809,51.541,77.2969,19.153,13.7864,362
2016-02-22 03:00:00,58.69,pretransfer,0.0,77.2969,0.0,89.6203,89.6203,53.8384,77.2969,19.0924,13.8949,363
2016-02-22 04:00:00,58.36,pretransfer,0.0,77.2969,0.0,110.3906,110.3906,56.318,77.2969,19.0135,14.0072,364
2016-02-22 05:00:00,72.96,pretransfer,0.0,77.2969,0.0,79.553,79.553,58.455,77.2969,19.0157,14.0256,365
2016-02-22 06:00:00,79.31,pretransfer,0.0,77.2968,0.0,71.6823,71.6823,60.011,77.2968,19.0443,14.0326,366
2016-02-22 07:00:00,77.73,pretransfer,0.0,77.2968,0.0,82.375,82.375,60.9895,77.2968,19.0559,14.032,367
2016-02-22 08:00:00,81.74,pretransfer,0.0,77.2968,0.0,101.2839,101.2839,61.4854,77.2968,19.1139,14.0297,368
2016-02-22 09:00:00,92.02,pretransfer,0.0,77.2967,0.0,90.6231,90.6231,61.7139,77.2967,19.2503,14.0701,369
2016-02-22 10:00:00,95.46,pretransfer,0.0,77.2966,0.0,81.6024,81.6024,61.8273,77.2966,19.4058,14.1318,370
2016-02-22 11:00:00,99.34,pretransfer,0.0,77.2965,0.0,67.8669,67.8669,61.8918,77.2965,19.5987,14.2019,371
2016-02-22 12:00:00,97.22,pretransfer,0.0,77.2965,0.0,79.3918,79.3918,61.928,77.2965,19.7576,14.2804,372
2016-02-22 13:00:00,101.95,pretransfer,0.0,77.2965,0.0,55.9103,55.9103,61.9479,77.2965,19.9464,14.3853,373
2016-02-22 14:00:00,100.83,pretransfer,0.0,77.2965,0.0,58.974,58.974,61.9583,77.2965,20.1451,14.4669,374
2016-02-22 15:00:00,99.72,pretransfer,0.0,77.2965,0.0,71.3023,71.3023,61.962,77.2965,20.3259,14.5531,375
2016-02-22 16:00:00,98.31,pretransfer,0.0,77.2965,0.0,89.3447,89.3447,61.9628,77.2965,20.5,14.6291,376
2016-02-22 17:00:00,90.75,pretransfer,0.0,77.2966,0.0,80.4512,80.4512,61.9592,77.2966,20.631,14.6582,377
2016-02-22 18:00:00,82.04,pretransfer,0.0,77.2966,0.0,100.3691,100.3691,61.9534,77.2966,20.6864,14.6593,378
2016-02-22 19:00:00,68.36,pretransfer,0.0,77.2967,0.0,71.7569,71.7569,61.9459,77.2967,20.6283,14.7077,379
2016-02-22 20:00:00,65.3,pretransfer,0.0,77.2968,0.0,101.2276,101.2276,61.9346,77.2968,20.5556,14.7779,380
2016-02-22 21:00:00,59.39,pretransfer,0.0,77.2968,0.0,90.4727,90.4727,61.924,77.2968,20.482,14.8816,381
2016-02-22 22:00:00,57.79,pretransfer,0.0,77.2968,0.0,69.7855,69.7855,61.9174,77.2968,20.4238,14.9889,382
2016-02-22 23:00:00,57.32,pretransfer,0.0,77.2968,0.0,59.9842,59.9842,61.9113,77.2968,20.3779,15.0895,383
2016-02-23 00:00:00,56.8,pretransfer,0.0,77.2969,0.0,71.2364,71.2364,61.9093,77.2969,20.3434,15.1849,384
2016-02-23 01:00:00,56.8,pretransfer,0.0,77.297,0.0,78.837,78.837,61.9148,77.297,20.3059,15.2834,385
2016-02-23 02:00:00,57.09,pretransfer,0.0,77.297,0.0,71.3984,71.3984,61.924,77.297,20.2668,15.3802,386
2016-02-23 03:00:00,56.95,pretransfer,0.0,77.297,0.0,68.8104,68.8104,61.9351,77.297,20.2268,15.4796,387
2016-02-23 04:00:00,57.76,pretransfer,0.0,77.297,0.0,87.6915,87.6915,61.9463,77.297,20.182,15.5742,388
2016-02-23 05:00:00,69.59,pretransfer,0.0,77.2969,0.0,86.9091,86.9091,61.9564,77.2969,20.163,15.5932,389
2016-02-23 06:00:00,73.16,pretransfer,0.0,77.2969,0.0,92.4342,92.4342,61.9677,77.2969,20.1578,15.5984,390
2016-02-23 07:00:00,71.15,pretransfer,0.0,77.2969,0.0,91.2065,91.2065,61.9793,77.2969,20.1432,15.613,391
2016-02-23 08:00:00,95.84,pretransfer,0.0,77.2967,0.0,69.3944,69.3944,61.9862,77.2967,20.2753,15.7016,392
2016-02-23 09:00:00,110.07,pretransfer,0.0,77.2965,0.0,88.5547,88.5547,61.9904,77.2965,20.4851,15.8819,393
2016-02-23 10:00:00,114.43,pretransfer,0.0,77.2964,0.0,75.8843,75.8843,61.997,77.2964,20.6458,16.0427,394
2016-02-23 11:00:00,108.67,pretransfer,0.0,77.2964,0.0,89.4768,89.4768,62.0015,77.2964,20.683,16.0802,395
2016-02-23 12:00:00,112.92,pretransfer,0.0,77.2964,0.0,39.5922,39.5922,62.0022,77.2964,20.6975,16.095,396
2016-02-23 13:00:00,113.04,pretransfer,0.0,77.2965,0.0,60.0071,60.0071,62.0,77.2965,20.7164,16.114,397
2016-02-23 14:00:00,108.44,pretransfer,0.0,77.2964,0.0,77.9064,77.9064,61.9983,77.2964,20.7318,16.1296,398
2016-02-23 15:00:00,105.89,pretransfer,0.0,77.2964,0.0,81.5162,81.5162,61.9935,77.2964,20.7345,16.1325,399
2016-02-23 16:00:00,107.86,pretransfer,0.0,77.2965,0.0,59.8363,59.8363,61.987,77.2965,20.7546,16.1528,400
2016-02-23 17:00:00,93.68,pretransfer,0.0,77.2965,0.0,62.1591,62.1591,61.9791,77.2965,20.7575,16.1559,401
2016-02-23 18:00:00,88.36,pretransfer,0.0,77.2966,0.0,70.567,70.567,61.9706,77.2966,20.7656,16.1642,402
2016-02-23 19:00:00,71.26,pretransfer,0.0,77.2967,0.0,91.3485,91.3485,61.9596,77.2967,20.6522,16.1228,403
2016-02-23 20:00:00,66.71,pretransfer,0.0,77.2968,0.0,91.7087,91.7087,61.9481,77.2968,20.5426,16.1394,404
2016-02-23 21:00:00,63.1,pretransfer,0.0,77.2968,0.0,80.6223,80.6223,61.9368,77.2968,20.435,16.2009,405
2016-02-23 22:00:00,57.59,pretransfer,0.0,77.2968,0.0,70.3792,70.3792,61.9266,77.2968,20.3844,16.303,406
2016-02-23 23:00:00,56.34,pretransfer,0.0,77.2969,0.0,71.8954,71.8954,61.9183,77.2969,20.3387,16.4151,407
2016-02-24 00:00:00,56.47,pretransfer,0.0,77.2969,0.0,82.461,82.461,61.9143,77.2969,20.2972,16.5214,408
2016-02-24 01:00:00,56.82,pretransfer,0.0,77.2969,0.0,50.628,50.628,61.9125,77.2969,20.2503,16.629,409
2016-02-24 02:00:00,56.65,pretransfer,0.0,77.2969,0.0,80.4462,80.4462,61.9173,77.2969,20.2101,16.732,410
2016-02-24 03:00:00,56.72,pretransfer,0.0,77.2969,0.0,53.6259,53.6259,61.9262,77.2969,20.1612,16.8428,411
2016-02-24 04:00:00,56.83,pretransfer,0.0,77.2969,0.0,50.9868,50.9868,61.9367,77.2969,20.1189,16.9461,412
2016-02-24 05:00:00,71.14,pretransfer,0.0,77.2968,0.0,110.3906,110.3906,61.9469,77.2968,20.0996,16.9654,413
2016-02-24 06:00:00,73.82,pretransfer,0.0,77.2968,0.0,63.4376,63.4376,61.9587,77.2968,20.0827,16.9824,414
2016-02-24 07:00:00,73.7,pretransfer,0.0,77.2967,0.0,69.5979,69.5979,61.972,77.2967,20.057,16.9994,415
2016-02-24 08:00:00,90.22,pretransfer,0.0,77.2967,0.0,60.871,60.871,61.9802,77.2967,19.9985,16.9408,416
2016-02-24 09:00:00,111.13,pretransfer,0.0,77.2965,0.0,87.6909,87.6909,61.9882,77.2965,19.9666,16.9089,417
2016-02-24 10:00:00,115.6,pretransfer,0.0,77.2963,0.0,87.6908,87.6908,61.9946,77.2963,19.9538,16.896,418
2016-02-24 11:00:00,112.09,pretransfer,0.0,77.2963,0.0,82.2038,82.2038,61.999,77.2963,19.9501,16.8923,419
2016-02-24 12:00:00,111.63,pretransfer,0.0,77.2963,0.0,92.3475,92.3475,61.9983,77.2963,19.9128,16.855,420
2016-02-24 13:00:00,106.08,pretransfer,0.0,77.2961,0.0,57.7908,57.7908,61.9959,77.2961,19.8501,16.7923,421
2016-02-24 14:00:00,101.39,pretransfer,0.0,77.2961,0.0,88.5542,88.5542,61.9906,77.2961,19.792,16.7341,422
2016-02-24 15:00:00,106.37,pretransfer,0.0,77.2961,0.0,61.4222,61.4222,61.9793,77.2961,19.7576,16.6996,423
2016-02-24 16:00:00,101.14,pretransfer,0.0,77.296,0.0,62.3758,62.3758,61.9621,77.296,19.7163,16.6581,424
2016-02-24 17:00:00,85.91,pretransfer,0.0,77.295,0.0,68.7808,68.7808,61.9389,77.295,19.6556,16.5972,425
2016-02-24 18:00:00,91.48,pretransfer,0.0,77.2956,0.0,72.4774,72.4774,61.9001,77.2956,19.6386,16.5798,426
2016-02-24 19:00:00,76.22,pretransfer,0.0,77.2959,0.0,70.4632,70.4632,61.8492,77.2959,19.521,16.4743,427
2016-02-24 20:00:00,69.94,pretransfer,0.0,77.2953,0.0,72.6654,72.6654,61.7983,77.2953,19.4274,16.4673,428
2016-02-24 21:00:00,64.93,pretransfer,0.0,77.2959,0.0,68.9466,68.9466,61.7333,77.2959,19.3293,16.5151,429
2016-02-24 22:00:00,59.76,pretransfer,0.0,77.2961,0.0,81.182,81.182,61.6683,77.2961,19.2734,16.5953,430
2016-02-24 23:00:00,58.45,pretransfer,0.0,77.2962,0.0,82.5351,82.5351,61.6035,77.2962,19.2191,16.6893,431
2016-02-25 00:00:00,58.28,pretransfer,0.0,77.2962,0.0,69.8412,69.8412,61.5509,77.2962,19.1665,16.7832,432
2016-02-25 01:00:00,57.92,pretransfer,0.0,77.2962,0.0,80.8305,80.8305,61.4929,77.2962,19.1246,16.8703,433
2016-02-25 02:00:00,57.37,pretransfer,0.0,77.2962,0.0,110.3896,110.3896,61.462,77.2962,19.087,16.9595,434
2016-02-25 03:00:00,57.37,pretransfer,0.0,77.2962,0.0,101.2269,101.2269,61.4634,77.2962,19.0498,17.0484,435
2016-02-25 04:00:00,57.8,pretransfer,0.0,77.2963,0.0,101.3878,101.3878,61.4914,77.2963,18.9943,17.1507,436
2016-02-25 05:00:00,68.59,pretransfer,0.0,77.2964,0.0,69.8158,69.8158,61.5348,77.2964,18.9817,17.1659,437
2016-02-25 06:00:00,71.5,pretransfer,0.0,77.2963,0.0,91.3666,91.3666,61.5861,77.2963,18.9543,17.1958,438
2016-02-25 07:00:00,73.64,pretransfer,0.0,77.2963,0.0,61.6421,61.6421,61.6499,77.2963,18.932,17.215,439
2016-02-25 08:00:00,86.86,pretransfer,0.0,77.2964,0.0,101.3694,101.3694,61.7164,77.2964,18.8731,17.1544,440
2016-02-25 09:00:00,107.07,pretransfer,0.0,77.2962,0.0,89.6083,89.6083,61.7817,77.2962,18.819,17.0991,441
2016-02-25 10:00:00,115.84,pretransfer,0.0,77.2961,0.0,68.8804,68.8804,61.8274,77.2961,18.7907,17.0697,442
2016-02-25 11:00:00,112.59,pretransfer,0.0,77.2961,0.0,68.8856,68.8856,61.8696,77.2961,18.7451,17.0232,443
2016-02-25 12:00:00,112.6,pretransfer,0.0,77.2962,0.0,100.3685,100.3685,61.895,77.2962,18.7042,16.9817,444
2016-02-25 13:00:00,107.28,pretransfer,0.0,77.2962,0.0,80.6453,80.6453,61.9079,77.2962,18.6483,16.9253,445
2016-02-25 14:00:00,104.7,pretransfer,0.0,77.2962,0.0,92.2248,92.2248,61.9091,77.2962,18.6167,16.8931,446
2016-02-25 15:00:00,106.06,pretransfer,0.0,77.2963,0.0,58.6102,58.6102,61.9073,77.2963,18.5916,16.8675,447
2016-02-25 16:00:00,103.07,pretransfer,0.0,77.2963,0.0,56.117,56.117,61.8996,77.2963,18.5841,16.8594,448
2016-02-25 17:00:00,89.12,pretransfer,0.0,77.2963,0.0,89.713,89.713,61.8904,77.2963,18.5447,16.8196,449
2016-02-25 18:00:00,82.33,pretransfer,0.0,77.2965,0.0,58.9496,58.9496,61.878,77.2965,18.4832,16.7575,450
2016-02-25 19:00:00,70.24,pretransfer,0.0,77.2965,0.0,71.4549,71.4549,61.862,77.2965,18.3599,16.7176,451
2016-02-25 20:00:00,67.67,pretransfer,0.0,77.2967,0.0,70.293,70.293,61.845,77.2967,18.2479,16.7196,452
2016-02-25 21:00:00,63.16,pretransfer,0.0,77.2967,0.0,60.2019,60.2019,61.8291,77.2967,18.1544,16.7936,453
2016-02-25 22:00:00,57.76,pretransfer,0.0,77.2968,0.0,48.9261,48.9261,61.8201,77.2968,18.1195,16.8775,454
2016-02-25 23:00:00,56.67,pretransfer,0.0,77.2968,0.0,82.6881,82.6881,61.8102,77.2968,18.135,16.8939,455
2016-02-26 00:00:00,56.19,pretransfer,0.0,77.2969,0.0,77.8136,77.8136,61.8089,77.2969,18.1513,16.911,456
2016-02-26 01:00:00,55.96,pretransfer,0.0,77.2968,0.0,79.599,79.599,61.8083,77.2968,18.1694,16.9299,457
2016-02-26 02:00:00,56.15,pretransfer,0.0,77.2968,0.0,71.5963,71.5963,61.8231,77.2968,18.1861,16.9472,458
2016-02-26 03:00:00,56.33,pretransfer,0.0,77.2968,0.0,91.4335,91.4335,61.8434,77.2968,18.2022,16.964,459
2016-02-26 04:00:00,56.57,pretransfer,0.0,77.2968,0.0,59.5864,59.5864,61.8664,77.2968,18.2192,16.9815,460
2016-02-26 05:00:00,71.8,pretransfer,0.0,77.2969,0.0,91.3488,91.3488,61.8905,77.2969,18.2087,16.9924,461
2016-02-26 06:00:00,74.19,pretransfer,0.0,77.2968,0.0,50.7127,50.7127,61.9149,77.2968,18.1713,16.9917,462
2016-02-26 07:00:00,72.81,pretransfer,0.0,77.2968,0.0,75.8846,75.8846,61.9402,77.2968,18.133,17.0065,463
2016-02-26 08:00:00,97.91,pretransfer,0.0,77.2968,0.0,69.862,69.862,61.9552,77.2968,18.1471,17.0204,464
2016-02-26 09:00:00,112.98,pretransfer,0.0,77.2965,0.0,89.6087,89.6087,61.9655,77.2965,18.1316,17.0047,465
2016-02-26 10:00:00,114.66,pretransfer,0.0,77.2963,0.0,65.863,65.863,61.9764,77.2963,18.087,16.96,466
2016-02-26 11:00:00,113.86,pretransfer,0.0,77.2962,0.0,99.3655,99.3655,61.9811,77.2962,18.0442,16.917,467
2016-02-26 12:00:00,112.37,pretransfer,0.0,77.2962,0.0,71.2172,71.2172,61.981,77.2962,17.9988,16.8715,468
2016-02-26 13:00:00,109.69,pretransfer,0.0,77.2962,0.0,98.5831,98.5831,61.9789,77.2962,17.9671,16.8396,469
2016-02-26 14:00:00,107.85,pretransfer,0.0,77.2962,0.0,91.262,91.262,61.9758,77.2962,17.9605,16.833,470
2016-02-26 15:00:00,97.05,pretransfer,0.0,77.2963,0.0,88.8372,88.8372,61.9705,77.2963,17.8828,16.7552,471
2016-02-26 16:00:00,95.49,pretransfer,0.0,77.2963,0.0,88.5544,88.5544,61.9627,77.2963,17.8778,16.75,472
2016-02-26 17:00:00,89.8,pretransfer,0.0,77.2964,0.0,80.5607,80.5607,61.9507,77.2964,17.8939,16.7659,473
2016-02-26 18:00:00,86.52,pretransfer,0.0,77.2965,0.0,72.3029,72.3029,61.9381,77.2965,17.9053,16.7772,474
2016-02-26 19:00:00,73.13,pretransfer,0.0,77.2966,0.0,90.6433,90.6433,61.9264,77.2966,17.9138,16.7688,475
2016-02-26 20:00:00,70.66,pretransfer,0.0,77.2969,0.0,92.4527,92.4527,61.9149,77.2969,17.9299,16.7528,476
2016-02-26 21:00:00,63.89,pretransfer,0.0,77.2969,0.0,59.9842,59.9842,61.9045,77.2969,17.9231,16.7598,477
2016-02-26 22:00:00,58.69,pretransfer,0.0,77.297,0.0,99.5795,99.5795,61.8963,77.297,17.9299,16.7668,478
2016-02-26 23:00:00,56.87,pretransfer,0.0,77.297,0.0,72.2894,72.2894,61.889,77.297,17.9419,16.7789,479
2016-02-27 00:00:00,56.43,pretransfer,0.0,77.297,0.0,77.8885,77.8885,61.8861,77.297,17.9544,16.7915,480
2016-02-27 01:00:00,56.56,pretransfer,0.0,77.2968,0.0,67.1619,67.1619,61.8664,77.2968,17.9684,16.8056,481
2016-02-27 02:00:00,56.52,pretransfer,0.0,77.2968,0.0,101.4547,101.4547,61.8598,77.2968,17.9704,16.8077,482
2016-02-27 03:00:00,57.32,pretransfer,0.0,77.2968,0.0,58.7605,58.7605,61.861,77.2968,17.9768,16.8141,483
2016-02-27 04:00:00,57.3,pretransfer,0.0,77.2968,0.0,80.2384,80.2384,61.8682,77.2968,17.9845,16.8218,484
2016-02-27 05:00:00,71.41,pretransfer,0.0,77.2968,0.0,101.2839,101.2839,61.8836,77.2968,17.9827,16.8236,485
2016-02-27 06:00:00,74.85,pretransfer,0.0,77.2967,0.0,78.6659,78.6659,61.9009,77.2967,17.9611,16.8312,486
2016-02-27 07:00:00,73.69,pretransfer,0.0,77.2967,0.0,70.663,70.663,61.9208,77.2967,17.9225,16.8357,487
2016-02-27 08:00:00,70.94,pretransfer,0.0,77.2967,0.0,69.503,69.503,61.9356,77.2967,17.9192,16.839,488
2016-02-27 09:00:00,72.76,pretransfer,0.0,77.2964,0.0,80.6166,80.6166,61.9443,77.2964,17.9294,16.8287,489
2016-02-27 10:00:00,72.51,pretransfer,0.0,77.2963,0.0,81.6869,81.6869,61.9449,77.2963,17.9359,16.8222,490
2016-02-27 11:00:00,72.39,pretransfer,0.0,77.2962,0.0,69.7849,69.7849,61.9407,77.2962,17.9506,16.8074,491
2016-02-27 12:00:00,73.45,pretransfer,0.0,77.2962,0.0,81.5362,81.5362,61.9342,77.2962,17.9571,16.8008,492
2016-02-27 13:00:00,72.73,pretransfer,0.0,77.2962,0.0,78.5568,78.5568,61.9231,77.2962,17.9594,16.7982,493
2016-02-27 14:00:00,74.53,pretransfer,0.0,77.2963,0.0,99.5786,99.5786,61.9065,77.2963,17.9805,16.7769,494
2016-02-27 15:00:00,72.28,pretransfer,0.0,77.2963,0.0,101.227,101.227,61.8827,77.2963,17.9829,16.7739,495
2016-02-27 16:00:00,69.65,pretransfer,0.0,77.2963,0.0,69.8158,69.8158,61.8529,77.2963,17.9785,16.7775,496
2016-02-27 17:00:00,66.39,pretransfer,0.0,77.2963,0.0,80.4847,80.4847,61.8101,77.2963,17.9521,16.8026,497
2016-02-27 18:00:00,66.26,pretransfer,0.0,77.2965,0.0,88.5623,88.5623,61.7518,77.2965,17.926,16.8264,498
2016-02-27 19:00:00,58.59,pretransfer,0.0,77.2965,0.0,51.7642,51.7642,61.6648,77.2965,17.9354,16.85,499
2016-02-27 20:00:00,58.62,pretransfer,0.0,77.2967,0.0,110.3903,110.3903,61.5529,77.2967,17.9426,16.8722,500
2016-02-27 21:00:00,58.89,pretransfer,0.0,77.2967,0.0,99.5791,99.5791,61.3989,77.2967,17.9389,16.8971,501
2016-02-27 22:00:00,58.49,pretransfer,0.0,77.2967,0.0,81.4142,81.4142,61.1878,77.2967,17.9532,16.9018,502
2016-02-27 23:00:00,56.99,pretransfer,0.0,77.2968,0.0,79.863,79.863,60.9233,77.2968,17.9739,16.9089,503
2016-02-28 00:00:00,56.9,blend,0.4847,69.2052,0.0,62.2819,62.2819,60.6029,77.2968,17.9844,16.9167,504
2016-02-28 01:00:00,56.98,blend,0.4847,69.0909,0.0,71.3506,71.3506,60.3671,77.2967,17.9894,16.9207,505
2016-02-28 02:00:00,56.79,blend,0.4847,68.9666,0.0,110.3905,110.3905,60.1108,77.2967,17.9857,16.9277,506
2016-02-28 03:00:00,58.01,blend,0.4847,68.8498,0.0,89.4772,89.4772,59.8698,77.2968,17.9668,16.9292,507
2016-02-28 04:00:00,58.36,blend,0.4847,68.7719,0.0,71.18,71.18,59.7089,77.2968,17.9395,16.931,508
2016-02-28 05:00:00,70.49,blend,0.4847,68.6979,0.0,91.2064,91.2064,59.5564,77.2968,17.8768,16.9536,509
2016-02-28 06:00:00,72.75,blend,0.4847,68.7039,0.0,70.7389,70.7389,59.5689,77.2966,17.8192,16.9739,510
2016-02-28 07:00:00,70.29,blend,0.4847,68.813,0.0,78.4527,78.4527,59.794,77.2966,17.7609,17.0005,511
2016-02-28 08:00:00,67.81,blend,0.4847,68.9751,0.0,70.8707,70.8707,60.1283,77.2967,17.7425,16.9939,512
2016-02-28 09:00:00,66.54,blend,0.4847,69.1363,0.0,59.8641,59.8641,60.4612,77.2964,17.7168,17.0003,513
2016-02-28 10:00:00,67.95,blend,0.4847,69.2461,0.0,69.4604,69.4604,60.6878,77.2963,17.7122,16.9893,514
2016-02-28 11:00:00,67.86,blend,0.4847,69.3066,0.0,89.6083,89.6083,60.8127,77.2962,17.7003,16.9882,515
2016-02-28 12:00:00,67.35,blend,0.4847,69.3294,0.0,50.6111,50.6111,60.8598,77.2961,17.6971,16.9795,516
2016-02-28 13:00:00,66.61,blend,0.4847,69.312,0.0,91.537,91.537,60.824,77.2961,17.6844,16.9811,517
2016-02-28 14:00:00,67.29,blend,0.4847,69.2505,0.0,67.7242,67.7242,60.6972,77.2961,17.6768,16.9777,518
2016-02-28 15:00:00,67.07,blend,0.4847,69.1378,0.0,98.583,98.583,60.4645,77.2961,17.6658,16.977,519
2016-02-28 16:00:00,68.78,blend,0.4847,68.9565,0.0,67.7805,67.7805,60.0907,77.2961,17.6692,16.9608,520
2016-02-28 17:00:00,66.23,blend,0.4847,68.6945,0.0,49.9571,49.9571,59.5501,77.2961,17.6575,16.9583,521
2016-02-28 18:00:00,63.78,blend,0.4847,68.3572,0.0,90.2026,90.2026,58.854,77.2962,17.6069,16.9927,522
2016-02-28 19:00:00,56.38,blend,0.4847,67.8596,0.0,81.3091,81.3091,57.8275,77.2962,17.5874,17.0115,523
2016-02-28 20:00:00,56.76,blend,0.4847,67.2885,0.0,83.3456,83.3456,56.649,77.2964,17.5567,17.0252,524
2016-02-28 21:00:00,57.06,blend,0.4847,66.5694,0.0,92.3673,92.3673,55.1654,77.2964,17.5273,17.0385,525
2016-02-28 22:00:00,58.2,blend,0.4847,65.7853,0.0,90.2592,90.2592,53.5477,77.2964,17.5091,17.0423,526
2016-02-28 23:00:00,56.92,blend,0.4847,65.061,0.0,39.9559,39.9559,52.0533,77.2965,17.4862,17.053,527
2016-02-29 00:00:00,56.58,blend,0.4847,64.4316,0.0,87.7723,87.7723,50.7547,77.2965,17.4638,17.0666,528
2016-02-29 01:00:00,56.72,blend,0.4847,64.3959,0.0,80.8125,80.8125,50.6809,77.2967,17.4486,17.0773,529
2016-02-29 02:00:00,56.48,blend,0.4847,64.705,0.0,67.1618,67.1618,51.3186,77.2967,17.4393,17.0879,530
2016-02-29 03:00:00,56.8,blend,0.4847,65.3426,0.0,81.6227,81.6227,52.6342,77.2966,17.4352,17.0992,531
2016-02-29 04:00:00,56.47,blend,0.4847,66.1999,0.0,59.7285,59.7285,54.4029,77.2966,17.4353,17.1104,532
2016-02-29 05:00:00,71.01,blend,0.4847,67.1629,0.0,71.455,71.455,56.3896,77.2966,17.436,17.122,533
2016-02-29 06:00:00,72.77,blend,0.4847,68.0777,0.0,59.718,59.718,58.277,77.2965,17.4074,17.137,534
2016-02-29 07:00:00,70.95,blend,0.4847,68.824,0.0,83.2709,83.2709,59.8168,77.2965,17.3741,17.1722,535
2016-02-29 08:00:00,98.21,blend,0.4847,69.2871,0.0,83.2047,83.2047,60.7722,77.2966,17.4763,17.2702,536
2016-02-29 09:00:00,115.24,blend,0.4847,69.5462,0.0,101.3879,101.3879,61.3068,77.2964,17.617,17.4084,537
2016-02-29 10:00:00,119.98,blend,0.4847,69.7035,0.0,48.3286,48.3286,61.6316,77.2962,17.7641,17.5544,538
2016-02-29 11:00:00,114.64,blend,0.4847,69.7855,0.0,89.6473,89.6473,61.8009,77.2961,17.8557,17.6455,539
2016-02-29 12:00:00,111.59,blend,0.4847,69.8233,0.0,81.5159,81.5159,61.879,77.296,17.9415,17.731,540
2016-02-29 13:00:00,110.63,blend,0.4847,69.8379,0.0,89.5518,89.5518,61.9092,77.296,17.9934,17.7827,541
2016-02-29 14:00:00,103.38,blend,0.4847,69.8439,0.0,59.0027,59.0027,61.9215,77.296,18.0088,17.7978,542
2016-02-29 15:00:00,105.77,blend,0.4847,69.8443,0.0,83.2041,83.2041,61.9222,77.296,18.0451,17.8339,543
2016-02-29 16:00:00,101.04,blend,0.4847,69.8426,0.0,90.4155,90.4155,61.9188,77.2961,18.0616,17.8501,544
2016-02-29 17:00:00,92.26,blend,0.4847,69.8412,0.0,59.9262,59.9262,61.9158,77.2961,18.0708,17.8591,545
2016-02-29 18:00:00,85.38,blend,0.4847,69.8379,0.0,89.6195,89.6195,61.909,77.2962,18.091,17.879,546
2016-02-29 19:00:00,73.73,blend,0.4847,69.8331,0.0,91.2621,91.2621,61.8989,77.2963,18.1232,17.847,547
2016-02-29 20:00:00,69.47,blend,0.4847,69.8272,0.0,79.3994,79.3994,61.8866,77.2965,18.1483,17.8222,548
2016-02-29 21:00:00,62.97,blend,0.4847,69.8227,0.0,67.8854,67.8854,61.8771,77.2965,18.1397,17.8009,549
2016-02-29 22:00:00,59.43,blend,0.4847,69.8196,0.0,91.2624,91.2624,61.8708,77.2965,18.1297,17.7911,550
2016-02-29 23:00:00,58.27,blend,0.4847,69.8179,0.0,98.7153,98.7153,61.8672,77.2966,18.1238,17.7855,551
2016-03-01 00:00:00,57.34,blend,0.4847,69.8189,0.0,101.2836,101.2836,61.8693,77.2966,18.1203,17.7822,552
2016-03-01 01:00:00,57.66,blend,0.4847,69.8254,0.0,68.9524,68.9524,61.8826,77.2966,18.115,17.7771,553
2016-03-01 02:00:00,56.99,blend,0.4847,69.8334,0.0,54.4157,54.4157,61.8992,77.2966,18.1155,17.7777,554
2016-03-01 03:00:00,57.65,blend,0.4847,69.8421,0.0,50.5418,50.5418,61.9172,77.2966,18.1112,17.7736,555
2016-03-01 04:00:00,57.64,blend,0.4847,69.8504,0.0,57.4157,57.4157,61.9343,77.2966,18.1118,17.7743,556
2016-03-01 05:00:00,70.68,blend,0.4847,69.8581,0.0,98.7154,98.7154,61.9502,77.2966,18.1184,17.7678,557
2016-03-01 06:00:00,75.33,blend,0.4847,69.8662,0.0,66.8587,66.8587,61.9669,77.2966,18.1313,17.7549,558
2016-03-01 07:00:00,70.04,blend,0.4847,69.8736,0.0,80.5558,80.5558,61.982,77.2966,18.1247,17.7615,559
2016-03-01 08:00:00,92.48,blend,0.4847,69.8782,0.0,90.2594,90.2594,61.9915,77.2966,18.1046,17.7415,560
2016-03-01 09:00:00,107.99,blend,0.4847,69.8818,0.0,79.5339,79.5339,61.9992,77.2964,18.0922,17.7291,561
2016-03-01 10:00:00,106.16,blend,0.4847,69.8847,0.0,86.9083,86.9083,62.0054,77.2963,18.0429,17.6799,562
2016-03-01 11:00:00,111.04,blend,0.4847,69.8859,0.0,89.5626,89.5626,62.0078,77.2962,18.057,17.694,563
2016-03-01 12:00:00,112.12,blend,0.4847,69.8848,0.0,48.0534,48.0534,62.0055,77.2962,18.0522,17.6892,564
2016-03-01 13:00:00,111.19,blend,0.4847,69.8831,0.0,101.3876,101.3876,62.0022,77.2962,18.0412,17.6782,565
2016-03-01 14:00:00,107.06,blend,0.4847,69.8806,0.0,69.5363,69.5363,61.997,77.2962,18.033,17.67,566
2016-03-01 15:00:00,109.11,blend,0.4847,69.8771,0.0,38.7338,38.7338,61.9897,77.2962,18.0522,17.6891,567
2016-03-01 16:00:00,107.36,blend,0.4847,69.8724,0.0,87.9038,87.9038,61.98,77.2963,18.0492,17.6862,568
2016-03-01 17:00:00,95.6,blend,0.4847,69.8677,0.0,80.6839,80.6839,61.9702,77.2963,18.0607,17.6976,569
2016-03-01 18:00:00,87.72,blend,0.4847,69.8613,0.0,63.2867,63.2867,61.957,77.2964,18.057,17.6938,570
2016-03-01 19:00:00,74.71,blend,0.4847,69.8538,0.0,71.3119,71.3119,61.9415,77.2964,18.0776,17.6733,571
2016-03-01 20:00:00,68.45,blend,0.4847,69.8442,0.0,79.9487,79.9487,61.9215,77.2966,18.0881,17.6629,572
2016-03-01 21:00:00,64.07,blend,0.4847,69.8346,0.0,81.5164,81.5164,61.9017,77.2966,18.0941,17.6571,573
2016-03-01 22:00:00,59.58,blend,0.4847,69.8242,0.0,80.5318,80.5318,61.8802,77.2965,18.082,17.6453,574
2016-03-01 23:00:00,57.86,blend,0.4847,69.8132,0.0,69.7206,69.7206,61.8575,77.2965,18.0726,17.6362,575
2016-03-02 00:00:00,57.61,blend,0.4847,69.8048,0.0,90.6431,90.6431,61.8403,77.2965,18.0654,17.6294,576
2016-03-02 01:00:00,57.32,blend,0.4847,69.799,0.0,47.1674,47.1674,61.8283,77.2965,18.0619,17.6265,577
2016-03-02 02:00:00,57.59,blend,0.4847,69.7985,0.0,89.5577,89.5577,61.8274,77.2965,18.0558,17.6209,578
2016-03-02 03:00:00,57.74,blend,0.4847,69.8003,0.0,89.6476,89.6476,61.8311,77.2964,18.0491,17.6148,579
2016-03-02 04:00:00,57.61,blend,0.4847,69.807,0.0,100.6441,100.6441,61.8448,77.2965,18.0439,17.6101,580
2016-03-02 05:00:00,67.21,blend,0.4847,69.8176,0.0,91.2061,91.2061,61.8666,77.2965,18.021,17.6335,581
2016-03-02 06:00:00,70.1,blend,0.4847,69.8258,0.0,81.4702,81.4702,61.8837,77.2964,17.9993,17.6557,582
2016-03-02 07:00:00,70.82,blend,0.4847,69.837,0.0,98.5834,98.5834,61.9067,77.2964,17.9826,17.6728,583
2016-03-02 08:00:00,89.15,blend,0.4847,69.8463,0.0,77.7511,77.7511,61.9258,77.2965,17.9765,17.6664,584
2016-03-02 09:00:00,111.56,blend,0.4847,69.8539,0.0,79.9669,79.9669,61.9418,77.2963,17.9794,17.669,585
2016-03-02 10:00:00,118.43,blend,0.4847,69.8613,0.0,52.468,52.468,61.9571,77.2962,17.9964,17.6859,586
2016-03-02 11:00:00,112.13,blend,0.4847,69.8678,0.0,80.6163,80.6163,61.9705,77.2962,17.9968,17.6861,587
2016-03-02 12:00:00,111.3,blend,0.4847,69.8682,0.0,80.6836,80.6836,61.9715,77.2961,17.995,17.6841,588
2016-03-02 13:00:00,109.26,blend,0.4847,69.8682,0.0,81.2006,81.2006,61.9714,77.2962,18.0141,17.7031,589
2016-03-02 14:00:00,105.64,blend,0.4847,69.8673,0.0,76.7478,76.7478,61.9696,77.2962,18.0395,17.7284,590
2016-03-02 15:00:00,107.25,blend,0.4847,69.8656,0.0,78.6701,78.6701,61.9659,77.2962,18.0448,17.7336,591
2016-03-02 16:00:00,104.89,blend,0.4847,69.8626,0.0,40.0144,40.0144,61.9598,77.2962,18.0672,17.7559,592
2016-03-02 17:00:00,94.15,blend,0.4847,69.8591,0.0,71.3881,71.3881,61.9526,77.2963,18.1161,17.805,593
2016-03-02 18:00:00,92.67,blend,0.4847,69.8539,0.0,99.3657,99.3657,61.9418,77.2964,18.123,17.812,594
2016-03-02 19:00:00,81.19,blend,0.4847,69.8491,0.0,67.8854,67.8854,61.9317,77.2965,18.1521,17.8288,595
2016-03-02 20:00:00,75.21,blend,0.4847,69.8447,0.0,71.8767,71.8767,61.9224,77.2967,18.1827,17.7974,596
2016-03-02 21:00:00,67.41,blend,0.4847,69.8417,0.0,52.329,52.329,61.9162,77.2968,18.1964,17.7827,597
2016-03-02 22:00:00,60.8,blend,0.4847,69.8395,0.0,69.1563,69.1563,61.9115,77.2968,18.1916,17.7765,598
2016-03-02 23:00:00,57.64,blend,0.4847,69.8377,0.0,80.6733,80.6733,61.9078,77.2969,18.1983,17.7813,599
2016-03-03 00:00:00,57.16,blend,0.4847,69.8384,0.0,87.9045,87.9045,61.9091,77.2969,18.2071,17.788,600
2016-03-03 01:00:00,57.03,blend,0.4847,69.8384,0.0,80.2385,80.2385,61.9092,77.2969,18.2148,17.7933,601
2016-03-03 02:00:00,56.75,blend,0.4847,69.8415,0.0,68.7879,68.7879,61.9156,77.2969,18.2212,17.797,602
2016-03-03 03:00:00,57.3,blend,0.4847,69.8468,0.0,90.6235,90.6235,61.9265,77.2969,18.2244,17.7974,603
2016-03-03 04:00:00,57.25,blend,0.4847,69.853,0.0,74.2692,74.2692,61.9392,77.297,18.2303,17.8007,604
2016-03-03 05:00:00,72.96,blend,0.4847,69.8597,0.0,81.324,81.324,61.9531,77.297,18.2539,17.7747,605
2016-03-03 06:00:00,76.56,blend,0.4847,69.8663,0.0,91.4818,91.4818,61.9667,77.297,18.2817,17.7446,606
2016-03-03 07:00:00,76.73,blend,0.4847,69.8732,0.0,101.3887,101.3887,61.9809,77.297,18.2981,17.7262,607
2016-03-03 08:00:00,90.05,blend,0.4847,69.8775,0.0,82.3752,82.3752,61.9897,77.297,18.3155,17.7452,608
2016-03-03 09:00:00,109.54,blend,0.4847,69.8812,0.0,61.7033,61.7033,61.9978,77.2967,18.3289,17.7599,609
2016-03-03 10:00:00,114.38,blend,0.4847,69.8841,0.0,70.3973,70.3973,62.0039,77.2965,18.3192,17.7512,610
2016-03-03 11:00:00,102.91,blend,0.4847,69.8854,0.0,98.5834,98.5834,62.0066,77.2964,18.2607,17.6936,611
2016-03-03 12:00:00,104.07,blend,0.4847,69.8847,0.0,80.5992,80.5992,62.0051,77.2965,18.2093,17.6428,612
2016-03-03 13:00:00,105.52,blend,0.4847,69.8829,0.0,101.3695,101.3695,62.0014,77.2965,18.1983,17.6323,613
2016-03-03 14:00:00,103.01,blend,0.4847,69.8807,0.0,86.9086,86.9086,61.9969,77.2965,18.1877,17.6222,614
2016-03-03 15:00:00,108.57,blend,0.4847,69.8783,0.0,99.579,99.579,61.992,77.2965,18.2021,17.6372,615
2016-03-03 16:00:00,102.76,blend,0.4847,69.8752,0.0,100.6442,100.6442,61.9854,77.2965,18.1998,17.6353,616
2016-03-03 17:00:00,94.4,blend,0.4847,69.8716,0.0,47.1814,47.1814,61.978,77.2966,18.2307,17.6668,617
2016-03-03 18:00:00,86.9,blend,0.4847,69.8669,0.0,90.6232,90.6232,61.9682,77.2967,18.2574,17.694,618
2016-03-03 19:00:00,74.29,blend,0.4847,69.8613,0.0,71.5777,71.5777,61.9565,77.2968,18.2809,17.6698,619
2016-03-03 20:00:00,70.05,blend,0.4847,69.8549,0.0,91.6241,91.6241,61.9432,77.297,18.2945,17.6557,620
2016-03-03 21:00:00,64.87,blend,0.4847,69.8488,0.0,78.6099,78.6099,61.9305,77.297,18.3041,17.6455,621
2016-03-03 22:00:00,59.92,blend,0.4847,69.8439,0.0,57.8424,57.8424,61.9204,77.297,18.2918,17.6327,622
2016-03-03 23:00:00,57.99,blend,0.4847,69.8404,0.0,89.5584,89.5584,61.9131,77.2971,18.2846,17.6248,623
2016-03-04 00:00:00,57.92,blend,0.4847,69.8385,0.0,82.3469,82.3469,61.9093,77.2971,18.2749,17.6145,624
2016-03-04 01:00:00,57.91,blend,0.4847,69.8368,0.0,60.8142,60.8142,61.9059,77.297,18.2638,17.6029,625
2016-03-04 02:00:00,57.6,blend,0.4847,69.839,0.0,101.2278,101.2278,61.9103,77.297,18.2557,17.5943,626
2016-03-04 03:00:00,57.97,blend,0.4847,69.8434,0.0,92.2635,92.2635,61.9193,77.297,18.2464,17.5845,627
2016-03-04 04:00:00,58.35,blend,0.4847,69.8483,0.0,101.2279,101.2279,61.9294,77.297,18.2362,17.5739,628
2016-03-04 05:00:00,72.77,blend,0.4847,69.8531,0.0,82.2707,82.2707,61.9395,77.2969,18.2417,17.5681,629
2016-03-04 06:00:00,77.25,blend,0.4847,69.8592,0.0,100.6445,100.6445,61.9522,77.2968,18.2597,17.5499,630
2016-03-04 07:00:00,75.15,blend,0.4847,69.8659,0.0,58.1598,58.1598,61.966,77.2968,18.2734,17.536,631
2016-03-04 08:00:00,90.39,blend,0.4847,69.8704,0.0,90.5587,90.5587,61.9752,77.2969,18.2286,17.4912,632
2016-03-04 09:00:00,108.52,blend,0.4847,69.8738,0.0,77.9728,77.9728,61.9825,77.2965,18.2019,17.4647,633
2016-03-04 10:00:00,114.88,blend,0.4847,69.8758,0.0,67.773,67.773,61.9871,77.2963,18.2031,17.466,634
2016-03-04 11:00:00,115.23,blend,0.4847,69.8769,0.0,73.2679,73.2679,61.9893,77.2962,18.2113,17.4741,635
2016-03-04 12:00:00,113.15,blend,0.4847,69.8766,0.0,78.6091,78.6091,61.9888,77.2962,18.2159,17.4788,636
2016-03-04 13:00:00,106.61,blend,0.4847,69.8755,0.0,83.2606,83.2606,61.9863,77.2963,18.1975,17.4605,637
2016-03-04 14:00:00,101.85,blend,0.4847,69.8728,0.0,73.4387,73.4387,61.9809,77.2963,18.1617,17.4247,638
2016-03-04 15:00:00,104.4,blend,0.4847,69.8689,0.0,68.5881,68.5881,61.9728,77.2963,18.2055,17.4685,639
2016-03-04 16:00:00,96.42,blend,0.4847,69.8639,0.0,81.4278,81.4278,61.9624,77.2963,18.211,17.474,640
2016-03-04 17:00:00,88.73,blend,0.4847,69.8587,0.0,68.8622,68.8622,61.9516,77.2964,18.2046,17.4677,641
2016-03-04 18:00:00,84.83,blend,0.4847,69.8524,0.0,69.8054,69.8054,61.9386,77.2965,18.1946,17.4576,642
2016-03-04 19:00:00,72.66,blend,0.4847,69.8453,0.0,72.0944,72.0944,61.9238,77.2966,18.1918,17.4604,643
2016-03-04 20:00:00,66.85,blend,0.4847,69.8377,0.0,77.8883,77.8883,61.9079,77.2968,18.1691,17.4831,644
2016-03-04 21:00:00,63.79,blend,0.4847,69.8312,0.0,73.3544,73.3544,61.8943,77.2969,18.1686,17.4837,645
2016-03-04 22:00:00,59.66,blend,0.4847,69.8244,0.0,77.163,77.163,61.8804,77.2969,18.1627,17.4779,646
2016-03-04 23:00:00,58.0,blend,0.4847,69.8203,0.0,92.1212,92.1212,61.8717,77.297,18.1559,17.4712,647
2016-03-05 00:00:00,57.5,blend,0.4847,69.8196,0.0,99.3665,99.3665,61.8704,77.297,18.1495,17.4648,648
2016-03-05 01:00:00,57.67,blend,0.4847,69.8092,0.0,89.5581,89.5581,61.8491,77.2968,18.1427,17.4582,649
2016-03-05 02:00:00,57.4,blend,0.4847,69.8054,0.0,90.6434,90.6434,61.8413,77.2968,18.1374,17.453,650
2016-03-05 03:00:00,57.67,blend,0.4847,69.8068,0.0,80.4461,80.4461,61.8442,77.2968,18.1352,17.4509,651
2016-03-05 04:00:00,57.57,blend,0.4847,69.8113,0.0,65.0734,65.0734,61.8534,77.2968,18.1335,17.4493,652
2016-03-05 05:00:00,71.16,blend,0.4847,69.818,0.0,69.5926,69.5926,61.8673,77.2968,18.1321,17.4508,653
2016-03-05 06:00:00,76.16,blend,0.4847,69.8263,0.0,79.5988,79.5988,61.8845,77.2966,18.14,17.443,654
2016-03-05 07:00:00,75.04,blend,0.4847,69.8363,0.0,92.2068,92.2068,61.9051,77.2966,18.1481,17.4349,655
2016-03-05 08:00:00,71.13,blend,0.4847,69.8441,0.0,61.6847,61.6847,61.9212,77.2966,18.1494,17.4338,656
2016-03-05 09:00:00,69.36,blend,0.4847,69.8488,0.0,92.2251,92.2251,61.9312,77.2964,18.1292,17.454,657
2016-03-05 10:00:00,68.56,blend,0.4847,69.8496,0.0,78.6091,78.6091,61.9331,77.2962,18.1058,17.4775,658
2016-03-05 11:00:00,68.51,blend,0.4847,69.8474,0.0,70.3708,70.3708,61.9286,77.2961,18.0827,17.5006,659
2016-03-05 12:00:00,70.24,blend,0.4847,69.8438,0.0,90.3633,90.3633,61.9211,77.2961,18.0637,17.5197,660
2016-03-05 13:00:00,68.03,blend,0.4847,69.8374,0.0,82.4307,82.4307,61.9081,77.2961,18.0358,17.5477,661
2016-03-05 14:00:00,64.8,blend,0.4847,69.8277,0.0,81.5362,81.5362,61.888,77.2962,17.978,17.6056,662
2016-03-05 15:00:00,64.74,blend,0.4847,69.8133,0.0,69.4603,69.4603,61.858,77.2962,17.9333,17.6505,663
2016-03-05 16:00:00,64.44,blend,0.4847,69.7908,0.0,58.8421,58.8421,61.8117,77.2962,17.9025,17.6815,664
2016-03-05 17:00:00,62.11,blend,0.4847,69.7607,0.0,58.9739,58.9739,61.7494,77.2963,17.8774,17.707,665
2016-03-05 18:00:00,62.79,blend,0.4847,69.7209,0.0,67.002,67.002,61.6673,77.2965,17.8573,17.7277,666
2016-03-05 19:00:00,57.8,blend,0.4847,69.6631,0.0,46.3066,46.3066,61.5479,77.2965,17.8613,17.7324,667
2016-03-05 20:00:00,57.36,blend,0.4847,69.5906,0.0,71.5636,71.5636,61.3982,77.2967,17.8678,17.7399,668
2016-03-05 21:00:00,57.71,blend,0.4847,69.4988,0.0,98.7156,98.7156,61.2087,77.2968,17.8737,17.7469,669
2016-03-05 22:00:00,56.87,blend,0.4847,69.3691,0.0,80.4573,80.4573,60.9411,77.2968,17.8819,17.7565,670
2016-03-05 23:00:00,55.78,blend,0.4847,69.22,0.0,59.5429,59.5429,60.6334,77.2969,17.8874,17.7637,671
2016-03-06 00:00:00,55.4,blend,0.4983,68.8107,0.0,49.7022,49.7022,60.2664,77.2969,17.8943,17.7727,672
2016-03-06 01:00:00,55.24,blend,0.4983,68.6902,0.0,62.282,62.282,60.0246,77.2969,17.9026,17.783,673
2016-03-06 02:00:00,55.06,blend,0.4983,68.5921,0.0,98.7157,98.7157,59.8278,77.2968,17.9112,17.7933,674
2016-03-06 03:00:00,55.3,blend,0.4983,68.4955,0.0,91.7087,91.7087,59.6339,77.2968,17.926,17.8094,675
2016-03-06 04:00:00,55.35,blend,0.4983,68.4146,0.0,101.4547,101.4547,59.4715,77.2968,17.9425,17.8274,676
2016-03-06 05:00:00,69.49,blend,0.4983,68.3992,0.0,89.4772,89.4772,59.4406,77.2968,17.9372,17.8333,677
2016-03-06 06:00:00,71.28,blend,0.4983,68.4776,0.0,70.4538,70.4538,59.5982,77.2967,17.9283,17.8421,678
2016-03-06 07:00:00,69.98,blend,0.4983,68.6546,0.0,91.2062,91.2062,59.9533,77.2966,17.9255,17.8439,679
2016-03-06 08:00:00,63.55,blend,0.4983,68.8593,0.0,87.9042,87.9042,60.3642,77.2967,17.8987,17.8693,680
2016-03-06 09:00:00,62.93,blend,0.4983,69.0212,0.0,81.641,81.641,60.6893,77.2964,17.8759,17.8908,681
2016-03-06 10:00:00,62.53,blend,0.4983,69.1118,0.0,58.4784,58.4784,60.8713,77.2963,17.8425,17.923,682
2016-03-06 11:00:00,61.46,blend,0.4983,69.1546,0.0,52.6823,52.6823,60.9572,77.2963,17.8036,17.9611,683
2016-03-06 12:00:00,61.6,blend,0.4983,69.1643,0.0,100.6438,100.6438,60.9767,77.2963,17.7686,17.9953,684
2016-03-06 13:00:00,62.92,blend,0.4983,69.1429,0.0,110.3898,110.3898,60.9337,77.2963,17.746,18.0173,685
2016-03-06 14:00:00,60.72,blend,0.4983,69.0863,0.0,80.8306,80.8306,60.8201,77.2963,17.7074,18.0564,686
2016-03-06 15:00:00,61.68,blend,0.4983,68.9906,0.0,58.4784,58.4784,60.628,77.2963,17.6743,18.0885,687
2016-03-06 16:00:00,60.79,blend,0.4983,68.8356,0.0,38.9291,38.9291,60.317,77.2964,17.6254,18.1361,688
2016-03-06 17:00:00,59.45,blend,0.4983,68.6185,0.0,57.1126,57.1126,59.8811,77.2964,17.5882,18.1764,689
2016-03-06 18:00:00,59.48,blend,0.4983,68.3159,0.0,70.7911,70.7911,59.2739,77.2965,17.5601,18.202,690
2016-03-06 19:00:00,54.9,blend,0.4983,67.905,0.0,98.7153,98.7153,58.4491,77.2966,17.5726,18.2108,691
2016-03-06 20:00:00,55.41,blend,0.4983,67.4815,0.0,68.5885,68.5885,57.599,77.2968,17.585,18.2189,692
2016-03-06 21:00:00,55.89,blend,0.4983,66.9204,0.0,91.6424,91.6424,56.473,77.2968,17.5772,18.2258,693
2016-03-06 22:00:00,56.53,blend,0.4983,66.28,0.0,80.4573,80.4573,55.1878,77.2968,17.5575,18.2358,694
2016-03-06 23:00:00,55.58,blend,0.4983,65.6036,0.0,80.5996,80.5996,53.8303,77.2968,17.5389,18.2437,695
2016-03-07 00:00:00,55.4,blend,0.4983,64.971,0.0,59.7908,59.7908,52.5607,77.2968,17.5212,18.2508,696
2016-03-07 01:00:00,55.28,blend,0.4983,65.0247,0.0,90.6235,90.6235,52.6684,77.297,17.5008,18.2593,697
2016-03-07 02:00:00,55.15,blend,0.4983,65.5451,0.0,60.6895,60.6895,53.7129,77.297,17.4786,18.2673,698
2016-03-07 03:00:00,55.67,blend,0.4983,66.4091,0.0,90.4166,90.4166,55.4467,77.297,17.4551,18.274,699
2016-03-07 04:00:00,55.72,blend,0.4983,67.4089,0.0,59.5615,59.5615,57.4531,77.297,17.4531,18.2785,700
2016-03-07 05:00:00,69.88,blend,0.4983,68.2785,0.0,101.2278,101.2278,59.1982,77.297,17.4297,18.2852,701
2016-03-07 06:00:00,73.87,blend,0.4983,68.8937,0.0,88.8378,88.8378,60.433,77.2968,17.4234,18.2786,702
2016-03-07 07:00:00,69.33,blend,0.4983,69.2691,0.0,82.7065,82.7065,61.1866,77.2968,17.4056,18.2883,703
2016-03-07 08:00:00,91.57,blend,0.4983,69.4589,0.0,90.3641,90.3641,61.5673,77.2968,17.3614,18.2488,704
2016-03-07 09:00:00,111.58,blend,0.4983,69.5519,0.0,90.2592,90.2592,61.7543,77.2965,17.3369,18.227,705
2016-03-07 10:00:00,111.24,blend,0.4983,69.6059,0.0,50.6216,50.6216,61.863,77.2962,17.2835,18.175,706
2016-03-07 11:00:00,111.26,blend,0.4983,69.6356,0.0,80.6452,80.6452,61.9226,77.2961,17.2627,18.1548,707
2016-03-07 12:00:00,108.88,blend,0.4983,69.6494,0.0,72.6847,72.6847,61.9505,77.2961,17.2461,18.1387,708
2016-03-07 13:00:00,103.21,blend,0.4983,69.6555,0.0,98.583,98.583,61.9626,77.2961,17.2016,18.0945,709
2016-03-07 14:00:00,94.49,blend,0.4983,69.6572,0.0,99.5785,99.5785,61.9659,77.2962,17.1484,18.0416,710
2016-03-07 15:00:00,100.57,blend,0.4983,69.6561,0.0,73.268,73.268,61.9636,77.2962,17.1172,18.0107,711
2016-03-07 16:00:00,102.03,blend,0.4983,69.6522,0.0,89.4765,89.4765,61.9559,77.2962,17.1229,18.0166,712
2016-03-07 17:00:00,90.11,blend,0.4983,69.6479,0.0,90.4297,90.4297,61.9473,77.2962,17.1099,18.0038,713
2016-03-07 18:00:00,83.72,blend,0.4983,69.6441,0.0,69.4504,69.4504,61.9396,77.2963,17.0999,17.9939,714
2016-03-07 19:00:00,71.89,blend,0.4983,69.638,0.0,80.8122,80.8122,61.9272,77.2964,17.0888,18.0048,715
2016-03-07 20:00:00,67.28,blend,0.4983,69.631,0.0,99.366,99.366,61.913,77.2966,17.0756,18.0179,716
2016-03-07 21:00:00,60.73,blend,0.4983,69.6255,0.0,76.8876,76.8876,61.9019,77.2967,17.076,18.0312,717
2016-03-07 22:00:00,57.53,blend,0.4983,69.6209,0.0,50.982,50.982,61.8925,77.2967,17.0875,18.0425,718
2016-03-07 23:00:00,56.53,blend,0.4983,69.6171,0.0,70.5125,70.5125,61.885,77.2967,17.0979,18.0529,719
2016-03-08 00:00:00,55.78,blend,0.4983,69.616,0.0,58.1134,58.1134,61.8827,77.2967,17.1073,18.0622,720
2016-03-08 01:00:00,55.59,blend,0.4983,69.6201,0.0,80.4515,80.4515,61.8908,77.2968,17.1197,18.0745,721
2016-03-08 02:00:00,55.14,blend,0.4983,69.626,0.0,79.8172,79.8172,61.9028,77.2968,17.1307,18.0855,722
2016-03-08 03:00:00,55.52,blend,0.4983,69.6331,0.0,81.6027,81.6027,61.9169,77.2968,17.1434,18.0982,723
2016-03-08 04:00:00,55.58,blend,0.4983,69.6398,0.0,91.6424,91.6424,61.9304,77.2968,17.1556,18.1104,724
2016-03-08 05:00:00,66.03,blend,0.4983,69.6464,0.0,60.0596,60.0596,61.9437,77.2968,17.128,18.1381,725
2016-03-08 06:00:00,68.3,blend,0.4983,69.6544,0.0,52.7674,52.7674,61.9598,77.2967,17.0862,18.18,726
2016-03-08 07:00:00,64.26,blend,0.4983,69.6615,0.0,78.9684,78.9684,61.9742,77.2966,17.0518,18.2144,727
2016-03-08 08:00:00,84.26,blend,0.4983,69.6656,0.0,110.3904,110.3904,61.9824,77.2967,17.0029,18.1654,728
2016-03-08 09:00:00,105.03,blend,0.4983,69.6691,0.0,80.3241,80.3241,61.9896,77.2965,16.9854,18.1478,729
2016-03-08 10:00:00,115.23,blend,0.4983,69.6722,0.0,70.5953,70.5953,61.9958,77.2964,17.0394,18.2018,730
2016-03-08 11:00:00,117.25,blend,0.4983,69.6744,0.0,78.8085,78.8085,62.0002,77.2963,17.0764,18.2388,731
2016-03-08 12:00:00,117.55,blend,0.4983,69.6753,0.0,62.2676,62.2676,62.0021,77.2963,17.1088,18.2711,732
2016-03-08 13:00:00,116.62,blend,0.4983,69.675,0.0,48.8642,48.8642,62.0017,77.2962,17.1411,18.3034,733
2016-03-08 14:00:00,110.53,blend,0.4983,69.6737,0.0,89.7129,89.7129,61.999,77.2962,17.1617,18.3241,734
2016-03-08 15:00:00,114.37,blend,0.4983,69.6715,0.0,101.2831,101.2831,61.9946,77.2962,17.193,18.3554,735
2016-03-08 16:00:00,111.83,blend,0.4983,69.6683,0.0,110.3896,110.3896,61.9881,77.2962,17.2196,18.382,736
2016-03-08 17:00:00,98.19,blend,0.4983,69.6645,0.0,83.289,83.289,61.9806,77.2962,17.2349,18.3974,737
2016-03-08 18:00:00,92.42,blend,0.4983,69.6587,0.0,90.3635,90.3635,61.9688,77.2963,17.2628,18.4254,738
2016-03-08 19:00:00,73.05,blend,0.4983,69.6511,0.0,68.9428,68.9428,61.9534,77.2964,17.2529,18.4353,739
2016-03-08 20:00:00,67.45,blend,0.4983,69.6421,0.0,80.485,80.485,61.9352,77.2967,17.2469,18.4412,740
2016-03-08 21:00:00,64.69,blend,0.4983,69.6336,0.0,100.6443,100.6443,61.9181,77.2967,17.2504,18.4375,741
2016-03-08 22:00:00,59.96,blend,0.4983,69.6264,0.0,60.5719,60.5719,61.9036,77.2967,17.2483,18.4353,742
2016-03-08 23:00:00,58.89,blend,0.4983,69.6215,0.0,90.6433,90.6433,61.8939,77.2967,17.2424,18.4291,743
2016-03-09 00:00:00,58.19,blend,0.4983,69.6195,0.0,68.8001,68.8001,61.8898,77.2967,17.2393,18.4257,744
2016-03-09 01:00:00,58.21,blend,0.4983,69.6201,0.0,92.2633,92.2633,61.8909,77.2968,17.2343,18.4204,745
2016-03-09 02:00:00,57.96,blend,0.4983,69.6245,0.0,91.4335,91.4335,61.8996,77.2968,17.2326,18.4182,746
2016-03-09 03:00:00,58.54,blend,0.4983,69.6305,0.0,89.7797,89.7797,61.9118,77.2968,17.2283,18.4134,747
2016-03-09 04:00:00,58.27,blend,0.4983,69.6374,0.0,81.5166,81.5166,61.9256,77.2967,17.2248,18.4095,748
2016-03-09 05:00:00,69.3,blend,0.4983,69.6454,0.0,51.3284,51.3284,61.9416,77.2967,17.2368,18.3971,749
2016-03-09 06:00:00,68.91,blend,0.4983,69.6538,0.0,50.7126,50.7126,61.9587,77.2966,17.2293,18.4041,750
2016-03-09 07:00:00,66.77,blend,0.4983,69.6612,0.0,61.8791,61.8791,61.9734,77.2966,17.2048,18.4282,751
2016-03-09 08:00:00,90.77,blend,0.4983,69.6652,0.0,50.8201,50.8201,61.9815,77.2967,17.2141,18.4379,752
2016-03-09 09:00:00,111.21,blend,0.4983,69.6691,0.0,88.8373,88.8373,61.9896,77.2964,17.2117,18.4358,753
2016-03-09 10:00:00,112.2,blend,0.4983,69.6729,0.0,99.5784,99.5784,61.9975,77.2961,17.1744,18.3987,754
2016-03-09 11:00:00,114.58,blend,0.4983,69.6747,0.0,56.7562,56.7562,62.0012,77.296,17.1888,18.4133,755
2016-03-09 12:00:00,115.73,blend,0.4983,69.6736,0.0,69.6732,69.6732,61.9991,77.296,17.215,18.4397,756
2016-03-09 13:00:00,114.54,blend,0.4983,69.6718,0.0,66.0759,66.0759,61.9953,77.2961,17.2463,18.4711,757
2016-03-09 14:00:00,108.03,blend,0.4983,69.6681,0.0,92.291,92.291,61.9879,77.2961,17.2604,18.4853,758
2016-03-09 15:00:00,111.73,blend,0.4983,69.6638,0.0,79.8623,79.8623,61.9792,77.2961,17.287,18.512,759
2016-03-09 16:00:00,105.19,blend,0.4983,69.6588,0.0,110.3894,110.3894,61.9692,77.296,17.2887,18.5138,760
2016-03-09 17:00:00,99.66,blend,0.4983,69.6527,0.0,69.6023,69.6023,61.9572,77.296,17.3215,18.5466,761
2016-03-09 18:00:00,88.17,blend,0.4983,69.6435,0.0,110.3896,110.3896,61.9385,77.2962,17.2947,18.5198,762
2016-03-09 19:00:00,73.84,blend,0.4983,69.6333,0.0,71.0127,71.0127,61.9179,77.2963,17.2511,18.5172,763
2016-03-09 20:00:00,69.38,blend,0.4983,69.6184,0.0,68.6393,68.6393,61.8876,77.2966,17.2166,18.5519,764
2016-03-09 21:00:00,62.11,blend,0.4983,69.6058,0.0,70.5293,70.5293,61.8623,77.2966,17.1853,18.5834,765
2016-03-09 22:00:00,59.94,blend,0.4983,69.5947,0.0,50.6255,50.6255,61.8401,77.2967,17.19,18.5886,766
2016-03-09 23:00:00,58.02,blend,0.4983,69.5849,0.0,91.4334,91.4334,61.8202,77.2967,17.1873,18.5863,767
2016-03-10 00:00:00,57.45,blend,0.4983,69.5801,0.0,81.6228,81.6228,61.8106,77.2967,17.1849,18.5846,768
2016-03-10 01:00:00,57.4,blend,0.4983,69.5746,0.0,68.7308,68.7308,61.7996,77.2968,17.1821,18.5824,769
2016-03-10 02:00:00,57.41,blend,0.4983,69.5753,0.0,71.6823,71.6823,61.801,77.2968,17.1775,18.5784,770
2016-03-10 03:00:00,57.21,blend,0.4983,69.5831,0.0,80.3143,80.3143,61.8166,77.2968,17.1774,18.579,771
2016-03-10 04:00:00,57.39,blend,0.4983,69.5928,0.0,110.3905,110.3905,61.8362,77.2968,17.1759,18.5781,772
2016-03-10 05:00:00,70.99,blend,0.4983,69.6025,0.0,71.7908,71.7908,61.8556,77.2968,17.1648,18.5899,773
2016-03-10 06:00:00,72.75,blend,0.4983,69.6152,0.0,100.6443,100.6443,61.8812,77.2967,17.1426,18.6125,774
2016-03-10 07:00:00,69.54,blend,0.4983,69.6274,0.0,70.6169,70.6169,61.9057,77.2966,17.1003,18.6553,775
2016-03-10 08:00:00,90.16,blend,0.4983,69.6352,0.0,110.3903,110.3903,61.9212,77.2967,17.1013,18.656,776
2016-03-10 09:00:00,109.21,blend,0.4983,69.6428,0.0,76.7478,76.7478,61.9369,77.2963,17.0997,18.654,777
2016-03-10 10:00:00,112.82,blend,0.4983,69.6499,0.0,87.5587,87.5587,61.9515,77.2961,17.0907,18.6448,778
2016-03-10 11:00:00,116.72,blend,0.4983,69.6538,0.0,60.7744,60.7744,61.9592,77.296,17.1732,18.727,779
2016-03-10 12:00:00,116.14,blend,0.4983,69.6531,0.0,59.5423,59.5423,61.9579,77.296,17.2453,18.7988,780
2016-03-10 13:00:00,109.96,blend,0.4983,69.6514,0.0,78.7547,78.7547,61.9544,77.296,17.2721,18.8252,781
2016-03-10 14:00:00,103.59,blend,0.4983,69.648,0.0,78.6699,78.6699,61.9476,77.296,17.2758,18.8287,782
2016-03-10 15:00:00,107.23,blend,0.4983,69.6408,0.0,101.2829,101.2829,61.9332,77.2961,17.2682,18.8207,783
2016-03-10 16:00:00,109.21,blend,0.4983,69.6321,0.0,110.3894,110.3894,61.9157,77.296,17.307,18.8591,784
2016-03-10 17:00:00,100.82,blend,0.4983,69.6208,0.0,51.6867,51.6867,61.8932,77.296,17.3457,18.8973,785
2016-03-10 18:00:00,92.13,blend,0.4983,69.6066,0.0,91.5371,91.5371,61.8645,77.2961,17.3775,18.9285,786
2016-03-10 19:00:00,69.13,blend,0.4983,69.5912,0.0,78.7409,78.7409,61.8334,77.2962,17.3475,18.9592,787
2016-03-10 20:00:00,62.21,blend,0.4983,69.57,0.0,59.9746,59.9746,61.7905,77.2965,17.3017,19.0058,788
2016-03-10 21:00:00,58.89,blend,0.4983,69.5429,0.0,58.0,58.0,61.7361,77.2965,17.3012,19.0414,789
2016-03-10 22:00:00,55.05,blend,0.4983,69.5092,0.0,76.0974,76.0974,61.6685,77.2965,17.3286,19.0704,790
2016-03-10 23:00:00,53.42,blend,0.4983,69.475,0.0,83.3457,83.3457,61.6,77.2966,17.354,19.0976,791
2016-03-11 00:00:00,53.0,blend,0.4983,69.4486,0.0,91.5376,91.5376,61.5469,77.2966,17.3811,19.1269,792
2016-03-11 01:00:00,52.94,blend,0.4983,69.421,0.0,82.2703,82.2703,61.4916,77.2965,17.4082,19.1565,793
2016-03-11 02:00:00,52.67,blend,0.4983,69.4085,0.0,90.6431,90.6431,61.4665,77.2965,17.4349,19.1858,794
2016-03-11 03:00:00,52.75,blend,0.4983,69.4142,0.0,71.4068,71.4068,61.4779,77.2965,17.4634,19.2169,795
2016-03-11 04:00:00,53.12,blend,0.4983,69.4306,0.0,65.0731,65.0731,61.5108,77.2965,17.492,19.248,796
2016-03-11 05:00:00,69.2,blend,0.4983,69.4505,0.0,89.7795,89.7795,61.5507,77.2965,17.4731,19.2693,797
2016-03-11 06:00:00,70.99,blend,0.4983,69.4812,0.0,57.0316,57.0316,61.6125,77.2964,17.4378,19.3065,798
2016-03-11 07:00:00,66.33,blend,0.4983,69.5117,0.0,89.5575,89.5575,61.6737,77.2963,17.3871,19.359,799
2016-03-11 08:00:00,88.7,blend,0.4983,69.5363,0.0,92.2066,92.2066,61.723,77.2964,17.3785,19.349,800
2016-03-11 09:00:00,98.26,blend,0.4983,69.5634,0.0,82.1851,82.1851,61.7777,77.2961,17.3187,19.2879,801
2016-03-11 10:00:00,102.89,blend,0.4983,69.5892,0.0,69.6529,69.6529,61.8297,77.2959,17.2482,19.2165,802
2016-03-11 11:00:00,104.34,blend,0.4983,69.6057,0.0,91.7075,91.7075,61.8629,77.2958,17.1842,19.1517,803
2016-03-11 12:00:00,99.16,blend,0.4983,69.6141,0.0,59.9881,59.9881,61.8799,77.2958,17.1015,19.0684,804
2016-03-11 13:00:00,99.67,blend,0.4983,69.615,0.0,90.363,90.363,61.8817,77.2958,17.0609,19.0271,805
2016-03-11 14:00:00,97.59,blend,0.4983,69.6102,0.0,81.3088,81.3088,61.872,77.2959,17.0361,19.0018,806
2016-03-11 15:00:00,96.75,blend,0.4983,69.6034,0.0,110.3894,110.3894,61.8581,77.296,16.9913,18.9562,807
2016-03-11 16:00:00,88.61,blend,0.4983,69.5941,0.0,60.2636,60.2636,61.8395,77.296,16.9455,18.9098,808
2016-03-11 17:00:00,78.72,blend,0.4983,69.5786,0.0,87.6905,87.6905,61.8083,77.2961,16.8868,18.8502,809
2016-03-11 18:00:00,75.28,blend,0.4983,69.5565,0.0,110.3897,110.3897,61.7638,77.2962,16.831,18.8173,810
2016-03-11 19:00:00,59.53,blend,0.4983,69.5269,0.0,70.3972,70.3972,61.7043,77.2963,16.78,18.8955,811
2016-03-11 20:00:00,59.25,blend,0.4983,69.4983,0.0,66.3515,66.3515,61.6467,77.2966,16.7649,18.9407,812
2016-03-11 21:00:00,56.34,blend,0.4983,69.4664,0.0,88.6943,88.6943,61.5826,77.2967,16.7848,18.9851,813
2016-03-11 22:00:00,51.52,blend,0.4983,69.4401,0.0,100.6444,100.6444,61.5296,77.2967,16.8312,19.0335,814
2016-03-11 23:00:00,50.19,blend,0.4983,69.4229,0.0,100.6445,100.6445,61.495,77.2968,16.8754,19.08,815
2016-03-12 00:00:00,49.44,blend,0.4983,69.4122,0.0,90.2033,90.2033,61.4737,77.2968,16.921,19.128,816
2016-03-12 01:00:00,49.34,blend,0.4983,69.3542,0.0,90.4301,90.4301,61.3576,77.2965,16.9677,19.1776,817
2016-03-12 02:00:00,49.26,blend,0.4983,69.3008,0.0,68.6445,68.6445,61.2504,77.2965,17.0126,19.226,818
2016-03-12 03:00:00,47.77,blend,0.4983,69.2597,0.0,81.6411,81.6411,61.1678,77.2965,17.0675,19.2849,819
2016-03-12 04:00:00,48.15,blend,0.4983,69.2193,0.0,68.8662,68.8662,61.0868,77.2965,17.119,19.341,820
2016-03-12 05:00:00,57.94,blend,0.4983,69.1857,0.0,59.5676,59.5676,61.0193,77.2965,17.0821,19.4197,821
2016-03-12 06:00:00,65.37,blend,0.4983,69.1727,0.0,72.3933,72.3933,60.9934,77.2964,17.0231,19.4839,822
2016-03-12 07:00:00,68.21,blend,0.4983,69.1651,0.0,99.3656,99.3656,60.9781,77.2963,16.988,19.5246,823
2016-03-12 08:00:00,65.26,blend,0.4983,69.1747,0.0,91.5374,91.5374,60.9974,77.2964,16.9586,19.5595,824
2016-03-12 09:00:00,67.45,blend,0.4983,69.2124,0.0,47.874,47.874,61.0733,77.2961,16.9523,19.5709,825
2016-03-12 10:00:00,66.66,blend,0.4983,69.2231,0.0,59.3999,59.3999,61.0951,77.2959,16.946,19.5822,826
2016-03-12 11:00:00,65.86,blend,0.4983,69.2152,0.0,101.2264,101.2264,61.0793,77.2958,16.9353,19.598,827
2016-03-12 12:00:00,67.11,blend,0.4983,69.1754,0.0,71.5147,71.5147,60.9995,77.2958,16.9221,19.6166,828
2016-03-12 13:00:00,64.5,blend,0.4983,69.1011,0.0,51.3329,51.3329,60.8504,77.2957,16.9074,19.6376,829
2016-03-12 14:00:00,62.1,blend,0.4983,68.9823,0.0,73.3053,73.3053,60.612,77.2957,16.8989,19.6537,830
2016-03-12 15:00:00,58.63,blend,0.4983,68.7836,0.0,88.6932,88.6932,60.2132,77.2958,16.8912,19.69,831
2016-03-12 16:00:00,55.37,blend,0.4983,68.4546,0.0,69.4263,69.4263,59.5529,77.2958,16.9004,19.744,832
2016-03-12 17:00:00,54.5,blend,0.4983,67.8989,0.0,66.3509,66.3509,58.4376,77.2959,16.9217,19.7893,833
2016-03-12 18:00:00,53.92,blend,0.4983,67.0514,0.0,53.5545,53.5545,56.7366,77.296,16.9318,19.8421,834
2016-03-12 19:00:00,52.1,blend,0.4983,65.86,0.0,48.9763,48.9763,54.3455,77.2961,16.9229,19.876,835
2016-03-12 20:00:00,51.72,blend,0.4983,64.5801,0.0,78.5385,78.5385,51.7768,77.2964,16.8992,19.9096,836
2016-03-12 21:00:00,50.95,blend,0.4983,63.2512,0.0,69.7345,69.7345,49.1098,77.2964,16.8893,19.9498,837
2016-03-12 22:00:00,50.77,blend,0.4983,61.9313,0.0,67.002,67.002,46.4609,77.2965,16.8907,19.9862,838
2016-03-12 23:00:00,48.39,blend,0.4983,60.8447,0.0,58.9845,58.9845,44.2803,77.2965,16.8863,20.0301,839
2016-03-13 00:00:00,47.4,blend,0.5432,58.443,0.0,44.5267,44.5267,42.5867,77.2965,16.886,20.0778,840
2016-03-13 01:00:00,47.43,blend,0.5432,57.9508,0.0,35.0756,35.0756,41.6806,77.2964,16.8917,20.1242,841
2016-03-13 02:00:00,47.475,blend,0.5432,57.6542,0.0,45.1627,45.1627,41.1345,77.2964,16.9011,20.1694,842
2016-03-13 03:00:00,47.52,blend,0.5432,56.2271,0.0,42.5493,42.5493,38.5375,77.2603,16.9287,20.2155,843
2016-03-13 04:00:00,60.59,blend,0.5432,55.5323,0.0,44.8237,44.8237,37.234,77.2893,17.0432,20.1842,844
2016-03-13 05:00:00,61.01,blend,0.5432,55.1319,0.0,34.9289,34.9289,36.4924,77.2946,17.1294,20.2347,845
2016-03-13 06:00:00,62.27,blend,0.5432,55.2918,0.0,38.3597,38.3597,36.7859,77.2957,17.2115,20.2883,846
2016-03-13 07:00:00,62.23,blend,0.5432,55.9066,0.0,35.775,35.775,37.9176,77.296,17.2965,20.3345,847
2016-03-13 08:00:00,53.95,blend,0.5432,56.9132,0.0,42.047,42.047,39.7706,77.2962,17.362,20.3916,848
2016-03-13 09:00:00,53.76,blend,0.5432,57.7643,0.0,47.4549,47.4549,41.3376,77.296,17.4226,20.4462,849
2016-03-13 10:00:00,52.9,blend,0.5432,58.3609,0.0,43.7504,43.7504,42.4361,77.2959,17.475,20.5035,850
2016-03-13 11:00:00,53.21,blend,0.5432,58.6767,0.0,45.1941,45.1941,43.0174,77.2959,17.5327,20.5526,851
2016-03-13 12:00:00,50.77,blend,0.5432,58.781,0.0,40.2903,40.2903,43.2095,77.2959,17.574,20.6171,852
2016-03-13 13:00:00,50.13,blend,0.5432,58.6877,0.0,45.8857,45.8857,43.0376,77.2959,17.6044,20.6932,853
2016-03-13 14:00:00,53.76,blend,0.5432,58.3994,0.0,41.8825,41.8825,42.5067,77.296,17.6708,20.7346,854
2016-03-13 15:00:00,57.68,blend,0.5432,57.9439,0.0,41.8599,41.8599,41.6681,77.296,17.7598,20.7584,855
2016-03-13 16:00:00,59.37,blend,0.5432,57.3827,0.0,47.5072,47.5072,40.6351,77.296,17.8685,20.7669,856
2016-03-13 17:00:00,58.67,blend,0.5432,56.7474,0.0,43.5967,43.5967,39.4656,77.2959,17.9802,20.7715,857
2016-03-13 18:00:00,46.64,blend,0.5432,56.3169,0.0,40.3031,40.3031,38.6728,77.2962,18.0264,20.8479,858
2016-03-13 19:00:00,52.9,blend,0.5432,55.9001,0.0,37.8551,37.8551,37.9053,77.2963,18.0946,20.8599,859
2016-03-13 20:00:00,53.7,blend,0.5432,55.6396,0.0,41.2591,41.2591,37.4256,77.2965,18.1784,20.87,860
2016-03-13 21:00:00,52.94,blend,0.5432,55.4408,0.0,30.2344,30.2344,37.0596,77.2965,18.2695,20.8876,861
2016-03-13 22:00:00,54.44,blend,0.5432,55.3611,0.0,42.8347,42.8347,36.9128,77.2965,18.3658,20.9,862
2016-03-13 23:00:00,53.02,blend,0.5432,55.3248,0.0,45.5488,45.5488,36.8461,77.2964,18.4517,20.9153,863
2016-03-14 00:00:00,52.92,blend,0.5432,55.3241,0.0,30.0166,30.0166,36.8449,77.2963,18.5305,20.93,864
2016-03-14 01:00:00,52.49,blend,0.5432,56.0023,0.0,44.5322,44.5322,38.0931,77.2967,18.6006,20.9466,865
2016-03-14 02:00:00,52.45,blend,0.5432,57.1239,0.0,39.7522,39.7522,40.1581,77.2966,18.6652,20.9627,866
2016-03-14 03:00:00,52.6,blend,0.5432,58.498,0.0,36.3966,36.3966,42.6883,77.2959,18.7229,20.981,867
2016-03-14 04:00:00,66.75,blend,0.5432,60.1867,0.0,47.9823,47.9823,45.7968,77.2965,18.8373,20.9153,868
2016-03-14 05:00:00,69.39,blend,0.5432,62.3402,0.0,60.2145,60.2145,49.7614,77.2966,18.8905,20.9182,869
2016-03-14 06:00:00,71.67,blend,0.5432,64.684,0.0,56.229,56.229,54.0765,77.2965,18.9153,20.9313,870
2016-03-14 07:00:00,97.93,blend,0.5432,66.5447,0.0,64.8751,64.8751,57.5021,77.2965,19.1075,21.0067,871
2016-03-14 08:00:00,105.06,blend,0.5432,67.7514,0.0,66.219,66.219,59.7238,77.2964,19.1987,21.087,872
2016-03-14 09:00:00,110.87,blend,0.5432,68.4069,0.0,60.1657,60.1657,60.9308,77.2961,19.1994,21.0828,873
2016-03-14 10:00:00,112.84,blend,0.5432,68.7039,0.0,72.1284,72.1284,61.4778,77.2959,19.2112,21.0923,874
2016-03-14 11:00:00,109.14,blend,0.5432,68.8309,0.0,55.3689,55.3689,61.7117,77.2959,19.1999,21.0797,875
2016-03-14 12:00:00,106.9,blend,0.5432,68.8878,0.0,52.6601,52.6601,61.8163,77.2959,19.1889,21.0679,876
2016-03-14 13:00:00,102.42,blend,0.5432,68.912,0.0,68.3831,68.3831,61.8609,77.2959,19.1848,21.0632,877
2016-03-14 14:00:00,106.99,blend,0.5432,68.9215,0.0,75.404,75.404,61.8784,77.2959,19.2597,21.1376,878
2016-03-14 15:00:00,99.16,blend,0.5432,68.9236,0.0,62.4325,62.4325,61.8822,77.296,19.2518,21.1292,879
2016-03-14 16:00:00,86.36,blend,0.5432,68.9254,0.0,70.0451,70.0451,61.8855,77.296,19.1589,21.0359,880
2016-03-14 17:00:00,76.09,blend,0.5432,68.9209,0.0,54.3296,54.3296,61.8771,77.296,19.0759,20.9669,881
2016-03-14 18:00:00,66.02,blend,0.5432,68.9074,0.0,36.2248,36.2248,61.8523,77.2961,18.9711,20.9957,882
2016-03-14 19:00:00,67.94,blend,0.5432,68.8934,0.0,47.4363,47.4363,61.8264,77.2962,18.9482,21.0192,883
2016-03-14 20:00:00,65.54,blend,0.5432,68.8778,0.0,61.775,61.775,61.7976,77.2964,18.9385,21.0296,884
2016-03-14 21:00:00,58.38,blend,0.5432,68.8703,0.0,65.3827,65.3827,61.7837,77.2965,18.9518,21.0436,885
2016-03-14 22:00:00,58.98,blend,0.5432,68.8645,0.0,55.909,55.909,61.773,77.2965,18.9424,21.035,886
2016-03-14 23:00:00,57.27,blend,0.5432,68.857,0.0,54.9272,54.9272,61.7592,77.2965,18.9373,21.0306,887
2016-03-15 00:00:00,56.92,blend,0.5432,68.8594,0.0,55.631,55.631,61.7635,77.2965,18.9298,21.0238,888
2016-03-15 01:00:00,56.59,blend,0.5432,68.8706,0.0,58.4974,58.4974,61.7842,77.2966,18.9232,21.0178,889
2016-03-15 02:00:00,56.97,blend,0.5432,68.8859,0.0,52.5338,52.5338,61.8123,77.2966,18.9118,21.0069,890
2016-03-15 03:00:00,57.2,blend,0.5432,68.8995,0.0,68.7409,68.7409,61.8373,77.2966,18.9013,20.9969,891
2016-03-15 04:00:00,61.91,blend,0.5432,68.9142,0.0,63.6997,63.6997,61.8643,77.2966,18.8638,20.9592,892
2016-03-15 05:00:00,62.52,blend,0.5432,68.9286,0.0,60.6893,60.6893,61.8908,77.2966,18.8432,20.9801,893
2016-03-15 06:00:00,65.99,blend,0.5432,68.9433,0.0,67.2964,67.2964,61.9179,77.2966,18.8297,20.9939,894
2016-03-15 07:00:00,92.46,blend,0.5432,68.9535,0.0,63.7089,63.7089,61.9367,77.2965,18.9978,21.0065,895
2016-03-15 08:00:00,102.89,blend,0.5432,68.9616,0.0,64.7246,64.7246,61.9517,77.2965,19.1088,21.1174,896
2016-03-15 09:00:00,107.15,blend,0.5432,68.9719,0.0,67.0648,67.0648,61.9707,77.2964,19.1216,21.1301,897
2016-03-15 10:00:00,106.35,blend,0.5432,68.9783,0.0,48.6867,48.6867,61.9827,77.2962,19.0688,21.0772,898
2016-03-15 11:00:00,104.32,blend,0.5432,68.9813,0.0,61.3201,61.3201,61.9882,77.2962,18.9919,21.0002,899
2016-03-15 12:00:00,101.08,blend,0.5432,68.982,0.0,58.9332,58.9332,61.9895,77.2962,18.8939,20.9022,900
2016-03-15 13:00:00,96.05,blend,0.5432,68.9809,0.0,59.6428,59.6428,61.9875,77.2962,18.7716,20.7798,901
2016-03-15 14:00:00,99.33,blend,0.5432,68.978,0.0,72.3495,72.3495,61.9822,77.2962,18.705,20.7131,902
2016-03-15 15:00:00,97.62,blend,0.5432,68.9733,0.0,69.7149,69.7149,61.9735,77.2962,18.6054,20.6134,903
2016-03-15 16:00:00,89.9,blend,0.5432,68.9689,0.0,43.8984,43.8984,61.9654,77.2962,18.475,20.4829,904
2016-03-15 17:00:00,79.91,blend,0.5432,68.9626,0.0,66.6468,66.6468,61.9538,77.2962,18.3664,20.374,905
2016-03-15 18:00:00,65.79,blend,0.5432,68.9531,0.0,62.6818,62.6818,61.9362,77.2962,18.2081,20.3525,906
2016-03-15 19:00:00,66.01,blend,0.5432,68.9409,0.0,54.7047,54.7047,61.9138,77.2962,18.1664,20.3944,907
2016-03-15 20:00:00,67.84,blend,0.5432,68.9237,0.0,68.2518,68.2518,61.8821,77.2964,18.169,20.3921,908
2016-03-15 21:00:00,60.24,blend,0.5432,68.9121,0.0,54.3269,54.3269,61.8607,77.2964,18.1622,20.4186,909
2016-03-15 22:00:00,60.47,blend,0.5432,68.9043,0.0,63.0353,63.0353,61.8462,77.2964,18.1588,20.4155,910
2016-03-15 23:00:00,58.69,blend,0.5432,68.8954,0.0,55.5462,55.5462,61.8298,77.2964,18.1596,20.4167,911
2016-03-16 00:00:00,58.69,blend,0.5432,68.8919,0.0,63.4931,63.4931,61.8234,77.2964,18.1562,20.4137,912
2016-03-16 01:00:00,58.52,blend,0.5432,68.8922,0.0,60.935,60.935,61.824,77.2965,18.154,20.4119,913
2016-03-16 02:00:00,58.13,blend,0.5432,68.8981,0.0,69.7409,69.7409,61.8348,77.2965,18.1526,20.4109,914
2016-03-16 03:00:00,57.72,blend,0.5432,68.9074,0.0,62.7654,62.7654,61.8518,77.2966,18.1571,20.4158,915
2016-03-16 04:00:00,62.03,blend,0.5432,68.9172,0.0,58.1426,58.1426,61.87,77.2966,18.1363,20.3934,916
2016-03-16 05:00:00,63.32,blend,0.5432,68.9276,0.0,77.7612,77.7612,61.8891,77.2965,18.101,20.429,917
2016-03-16 06:00:00,69.06,blend,0.5432,68.9381,0.0,62.9676,62.9676,61.9085,77.2965,18.1022,20.4281,918
2016-03-16 07:00:00,86.48,blend,0.5432,68.9451,0.0,51.4511,51.4511,61.9213,77.2966,18.2199,20.4201,919
2016-03-16 08:00:00,98.07,blend,0.5432,68.9527,0.0,72.3395,72.3395,61.9353,77.2965,18.2636,20.4635,920
2016-03-16 09:00:00,103.03,blend,0.5432,68.961,0.0,54.9908,54.9908,61.9508,77.2963,18.2151,20.4149,921
2016-03-16 10:00:00,102.12,blend,0.5432,68.9645,0.0,64.596,64.596,61.9573,77.2961,18.1554,20.3549,922
2016-03-16 11:00:00,102.19,blend,0.5432,68.9634,0.0,58.2498,58.2498,61.9553,77.2961,18.0819,20.2811,923
2016-03-16 12:00:00,99.56,blend,0.5432,68.9599,0.0,60.0512,60.0512,61.9489,77.2961,17.9859,20.1849,924
2016-03-16 13:00:00,94.05,blend,0.5432,68.9551,0.0,58.2376,58.2376,61.9401,77.2961,17.8643,20.0629,925
2016-03-16 14:00:00,97.98,blend,0.5432,68.948,0.0,62.5448,62.5448,61.927,77.296,17.8048,20.0031,926
2016-03-16 15:00:00,98.06,blend,0.5432,68.937,0.0,57.648,57.648,61.9068,77.2961,17.7239,19.9217,927
2016-03-16 16:00:00,87.1,blend,0.5432,68.9251,0.0,52.0304,52.0304,61.8849,77.2961,17.6167,19.814,928
2016-03-16 17:00:00,75.79,blend,0.5432,68.91,0.0,68.9743,68.9743,61.857,77.2962,17.4752,19.6899,929
2016-03-16 18:00:00,61.19,blend,0.5432,68.8847,0.0,60.2533,60.2533,61.8103,77.2962,17.3228,19.721,930
2016-03-16 19:00:00,62.15,blend,0.5432,68.8472,0.0,63.8684,63.8684,61.7411,77.2963,17.2543,19.7906,931
2016-03-16 20:00:00,62.49,blend,0.5432,68.7962,0.0,65.0105,65.0105,61.6472,77.2964,17.2147,19.8316,932
2016-03-16 21:00:00,56.55,blend,0.5432,68.7552,0.0,64.2496,64.2496,61.5719,77.2964,17.2431,19.8647,933
2016-03-16 22:00:00,57.54,blend,0.5432,68.7215,0.0,66.8592,66.8592,61.5098,77.2964,17.2554,19.879,934
2016-03-16 23:00:00,54.73,blend,0.5432,68.6898,0.0,52.5902,52.5902,61.4513,77.2964,17.2728,19.8986,935
2016-03-17 00:00:00,54.09,blend,0.5432,68.6709,0.0,62.8735,62.8735,61.4165,77.2964,17.2905,19.9186,936
2016-03-17 01:00:00,53.93,blend,0.5432,68.6469,0.0,51.0855,51.0855,61.3724,77.2965,17.3086,19.9392,937
2016-03-17 02:00:00,53.56,blend,0.5432,68.6369,0.0,55.9446,55.9446,61.3539,77.2965,17.3288,19.9621,938
2016-03-17 03:00:00,53.76,blend,0.5432,68.6404,0.0,56.3662,56.3662,61.3604,77.2965,17.3466,19.9827,939
2016-03-17 04:00:00,58.52,blend,0.5432,68.6601,0.0,58.9936,58.9936,61.3967,77.2965,17.3373,19.9759,940
2016-03-17 05:00:00,60.01,blend,0.5432,68.6964,0.0,64.8354,64.8354,61.4634,77.2965,17.2916,20.0413,941
2016-03-17 06:00:00,60.87,blend,0.5432,68.7443,0.0,65.667,65.667,61.5516,77.2966,17.2309,20.112,942
2016-03-17 07:00:00,81.25,blend,0.5432,68.7848,0.0,66.5197,66.5197,61.6261,77.2965,17.3023,20.0894,943
2016-03-17 08:00:00,98.73,blend,0.5432,68.8263,0.0,55.8014,55.8014,61.7027,77.2965,17.3546,20.1404,944
2016-03-17 09:00:00,104.57,blend,0.5432,68.8706,0.0,49.9677,49.9677,61.7844,77.2962,17.3279,20.1128,945
2016-03-17 10:00:00,105.85,blend,0.5432,68.9038,0.0,66.6791,66.6791,61.8458,77.296,17.2871,20.0713,946
2016-03-17 11:00:00,105.18,blend,0.5432,68.9215,0.0,38.1073,38.1073,61.8784,77.296,17.2188,20.0026,947
2016-03-17 12:00:00,105.84,blend,0.5432,68.9294,0.0,68.7767,68.7767,61.8929,77.296,17.1579,19.9413,948
2016-03-17 13:00:00,99.01,blend,0.5432,68.9313,0.0,41.0276,41.0276,61.8963,77.2961,17.0931,19.8761,949
2016-03-17 14:00:00,100.41,blend,0.5432,68.9294,0.0,62.4541,62.4541,61.8927,77.2961,17.0745,19.8572,950
2016-03-17 15:00:00,99.76,blend,0.5432,68.924,0.0,63.6058,63.6058,61.8828,77.2961,17.0303,19.8127,951
2016-03-17 16:00:00,90.16,blend,0.5432,68.9174,0.0,66.7992,66.7992,61.8706,77.2961,16.9172,19.6993,952
2016-03-17 17:00:00,79.24,blend,0.5432,68.9068,0.0,68.3429,68.3429,61.851,77.2962,16.789,19.5709,953
2016-03-17 18:00:00,62.78,blend,0.5432,68.8896,0.0,64.3054,64.3054,61.8193,77.2963,16.6146,19.569,954
2016-03-17 19:00:00,64.83,blend,0.5432,68.8661,0.0,66.3968,66.3968,61.7759,77.2965,16.5893,19.5946,955
2016-03-17 20:00:00,65.24,blend,0.5432,68.8352,0.0,71.4498,71.4498,61.7189,77.2966,16.6078,19.5765,956
2016-03-17 21:00:00,57.0,blend,0.5432,68.8183,0.0,60.819,60.819,61.6877,77.2967,16.6187,19.5878,957
2016-03-17 22:00:00,57.52,blend,0.5432,68.811,0.0,63.591,63.591,61.6742,77.2967,16.6041,19.5731,958
2016-03-17 23:00:00,55.95,blend,0.5432,68.8084,0.0,55.3327,55.3327,61.6695,77.2968,16.5894,19.558,959
2016-03-18 00:00:00,55.69,blend,0.5432,68.8141,0.0,57.1053,57.1053,61.68,77.2968,16.5742,19.542,960
2016-03-18 01:00:00,55.23,blend,0.5432,68.8158,0.0,51.2537,51.2537,61.6832,77.2967,16.5617,19.5284,961
2016-03-18 02:00:00,55.46,blend,0.5432,68.8264,0.0,52.795,52.795,61.7027,77.2967,16.5465,19.5118,962
2016-03-18 03:00:00,55.62,blend,0.5432,68.8419,0.0,67.2792,67.2792,61.7313,77.2966,16.5309,19.4947,963
2016-03-18 04:00:00,65.43,blend,0.5432,68.8629,0.0,63.5374,63.5374,61.7699,77.2967,16.5028,19.4214,964
2016-03-18 05:00:00,69.18,blend,0.5432,68.8834,0.0,63.9503,63.9503,61.8077,77.2966,16.5011,19.4215,965
2016-03-18 06:00:00,69.14,blend,0.5432,68.9068,0.0,39.0029,39.0029,61.8508,77.2966,16.4887,19.4326,966
2016-03-18 07:00:00,87.74,blend,0.5432,68.926,0.0,60.7069,60.7069,61.8861,77.2966,16.6149,19.4294,967
2016-03-18 08:00:00,107.04,blend,0.5432,68.9404,0.0,57.3522,57.3522,61.9126,77.2965,16.7229,19.5386,968
2016-03-18 09:00:00,108.28,blend,0.5432,68.9557,0.0,71.7724,71.7724,61.9411,77.2962,16.7816,19.5982,969
2016-03-18 10:00:00,110.89,blend,0.5432,68.965,0.0,60.6548,60.6548,61.9584,77.296,16.8284,19.6459,970
2016-03-18 11:00:00,108.47,blend,0.5432,68.9682,0.0,60.8237,60.8237,61.9643,77.296,16.8524,19.6704,971
2016-03-18 12:00:00,106.21,blend,0.5432,68.9683,0.0,56.8556,56.8556,61.9645,77.296,16.8939,19.7124,972
2016-03-18 13:00:00,101.16,blend,0.5432,68.965,0.0,66.1108,66.1108,61.9584,77.2961,16.9023,19.7213,973
2016-03-18 14:00:00,105.91,blend,0.5432,68.9604,0.0,59.7006,59.7006,61.9499,77.2961,16.9513,19.7708,974
2016-03-18 15:00:00,94.81,blend,0.5432,68.9542,0.0,59.1845,59.1845,61.9384,77.2961,16.9393,19.7593,975
2016-03-18 16:00:00,92.08,blend,0.5432,68.9491,0.0,73.3709,73.3709,61.929,77.2961,16.9594,19.7799,976
2016-03-18 17:00:00,87.63,blend,0.5432,68.9376,0.0,70.8405,70.8405,61.9077,77.2962,17.0119,19.8329,977
2016-03-18 18:00:00,66.38,blend,0.5432,68.9259,0.0,59.0889,59.0889,61.8861,77.2963,16.9582,19.8859,978
2016-03-18 19:00:00,62.56,blend,0.5432,68.913,0.0,62.8741,62.8741,61.8623,77.2964,16.9494,19.8679,979
2016-03-18 20:00:00,61.24,blend,0.5432,68.893,0.0,51.9939,51.9939,61.8254,77.2966,16.9386,19.856,980
2016-03-18 21:00:00,56.3,blend,0.5432,68.8766,0.0,44.7764,44.7764,61.7951,77.2966,16.9401,19.8563,981
2016-03-18 22:00:00,57.28,blend,0.5432,68.8655,0.0,59.3184,59.3184,61.7747,77.2967,16.9073,19.822,982
2016-03-18 23:00:00,55.99,blend,0.5432,68.8569,0.0,72.5469,72.5469,61.7589,77.2967,16.8743,19.7875,983
2016-03-19 00:00:00,55.46,blend,0.5432,68.8566,0.0,59.5152,59.5152,61.7582,77.2967,16.8402,19.7516,984
2016-03-19 01:00:00,55.36,blend,0.5432,68.8321,0.0,65.4476,65.4476,61.7132,77.2965,16.8065,19.7158,985
2016-03-19 02:00:00,54.98,blend,0.5432,68.8171,0.0,43.7985,43.7985,61.6856,77.2966,16.775,19.6818,986
2016-03-19 03:00:00,55.05,blend,0.5432,68.8099,0.0,66.647,66.647,61.6724,77.2966,16.7347,19.6384,987
2016-03-19 04:00:00,65.45,blend,0.5432,68.8083,0.0,64.3383,64.3383,61.6694,77.2965,16.6802,19.5354,988
2016-03-19 05:00:00,67.31,blend,0.5432,68.816,0.0,53.7234,53.7234,61.6837,77.2965,16.6954,19.4797,989
2016-03-19 06:00:00,68.06,blend,0.5432,68.8362,0.0,76.2097,76.2097,61.7208,77.2965,16.707,19.4637,990
2016-03-19 07:00:00,65.41,blend,0.5432,68.854,0.0,34.6353,34.6353,61.7536,77.2965,16.6858,19.4803,991
2016-03-19 08:00:00,59.74,blend,0.5432,68.8674,0.0,45.6589,45.6589,61.7783,77.2964,16.6725,19.5132,992
2016-03-19 09:00:00,58.99,blend,0.5432,68.8724,0.0,60.0865,60.0865,61.7878,77.2962,16.6512,19.5635,993
2016-03-19 10:00:00,60.8,blend,0.5432,68.862,0.0,54.0964,54.0964,61.7688,77.2961,16.6239,19.5984,994
2016-03-19 11:00:00,60.62,blend,0.5432,68.8463,0.0,57.7786,57.7786,61.7399,77.2961,16.6021,19.6296,995
2016-03-19 12:00:00,59.49,blend,0.5432,68.8274,0.0,70.3807,70.3807,61.705,77.2961,16.5789,19.675,996
2016-03-19 13:00:00,61.76,blend,0.5432,68.7921,0.0,63.2569,63.2569,61.6402,77.2959,16.5579,19.6913,997
2016-03-19 14:00:00,59.44,blend,0.5432,68.7519,0.0,65.0888,65.0888,61.5661,77.2961,16.5617,19.7071,998
2016-03-19 15:00:00,60.32,blend,0.5432,68.6895,0.0,50.5715,50.5715,61.4511,77.2961,16.559,19.6971,999
2016-03-19 16:00:00,60.37,blend,0.5432,68.6001,0.0,70.0712,70.0712,61.2865,77.2962,16.5395,19.6673,1000
2016-03-19 17:00:00,61.71,blend,0.5432,68.4681,0.0,68.7107,68.7107,61.0433,77.2963,16.5201,19.6244,1001
2016-03-19 18:00:00,49.93,blend,0.5432,68.2789,0.0,64.3148,64.3148,60.6949,77.2965,16.5674,19.6481,1002
2016-03-19 19:00:00,55.25,blend,0.5432,67.9751,0.0,62.1247,62.1247,60.1356,77.2965,16.5831,19.6294,1003
2016-03-19 20:00:00,57.16,blend,0.5432,67.6311,0.0,61.6488,61.6488,59.5021,77.2967,16.5967,19.597,1004
2016-03-19 21:00:00,55.03,blend,0.5432,67.2462,0.0,71.7891,71.7891,58.7934,77.2967,16.6081,19.5727,1005
2016-03-19 22:00:00,56.45,blend,0.5432,66.809,0.0,51.1014,51.1014,57.9884,77.2968,16.5916,19.5389,1006
2016-03-19 23:00:00,54.99,blend,0.5432,66.2921,0.0,50.1429,50.1429,57.0369,77.2968,16.5794,19.4996,1007
2016-03-20 00:00:00,54.88,blend,0.5402,65.8753,0.0,59.2463,59.2463,56.1545,77.2968,16.5583,19.4551,1008
2016-03-20 01:00:00,54.45,blend,0.5402,65.5956,0.0,51.8664,51.8664,55.6367,77.2968,16.5311,19.4133,1009
2016-03-20 02:00:00,54.48,blend,0.5402,65.3657,0.0,64.4863,64.4863,55.2111,77.2968,16.4978,19.3716,1010
2016-03-20 03:00:00,54.31,blend,0.5402,65.2723,0.0,54.0111,54.0111,55.0383,77.2967,16.4486,19.3314,1011
2016-03-20 04:00:00,68.39,blend,0.5402,65.3771,0.0,66.0157,66.0157,55.2322,77.2967,16.3879,19.2851,1012
2016-03-20 05:00:00,67.11,blend,0.5402,65.6858,0.0,62.7933,62.7933,55.8037,77.2967,16.3093,19.2488,1013
2016-03-20 06:00:00,68.38,blend,0.5402,66.2315,0.0,53.6485,53.6485,56.814,77.2966,16.2264,19.2124,1014
2016-03-20 07:00:00,61.96,blend,0.5402,66.8488,0.0,62.4065,62.4065,57.9566,77.2966,16.1055,19.214,1015
2016-03-20 08:00:00,57.87,blend,0.5402,67.4119,0.0,59.8941,59.8941,58.999,77.2966,16.0279,19.1907,1016
2016-03-20 09:00:00,60.6,blend,0.5402,67.7447,0.0,54.9742,54.9742,59.6153,77.2964,15.9598,19.15,1017
2016-03-20 10:00:00,58.78,blend,0.5402,67.9249,0.0,59.0554,59.0554,59.9489,77.2963,15.9045,19.115,1018
2016-03-20 11:00:00,57.78,blend,0.5402,68.0365,0.0,59.1184,59.1184,60.1555,77.2962,15.8579,19.0878,1019
2016-03-20 12:00:00,60.24,blend,0.5402,68.0855,0.0,57.3911,57.3911,60.2462,77.2962,15.813,19.0314,1020
2016-03-20 13:00:00,58.49,blend,0.5402,68.0813,0.0,70.025,70.025,60.2384,77.2963,15.7811,18.9816,1021
2016-03-20 14:00:00,58.32,blend,0.5402,68.0388,0.0,55.7822,55.7822,60.1597,77.2963,15.7251,18.9545,1022
2016-03-20 15:00:00,59.87,blend,0.5402,67.9318,0.0,61.1019,61.1019,59.9617,77.2963,15.6304,18.9415,1023
2016-03-20 16:00:00,57.33,blend,0.5402,67.7472,0.0,73.2087,73.2087,59.62,77.2963,15.5325,18.9536,1024
2016-03-20 17:00:00,57.99,blend,0.5402,67.5005,0.0,69.3925,69.3925,59.1632,77.2964,15.4251,18.9577,1025
2016-03-20 18:00:00,47.22,blend,0.5402,67.148,0.0,63.6733,63.6733,58.5107,77.2965,15.4449,18.9542,1026
2016-03-20 19:00:00,53.84,blend,0.5402,66.6394,0.0,49.6927,49.6927,57.569,77.2966,15.3779,18.9486,1027
2016-03-20 20:00:00,55.06,blend,0.5402,66.0729,0.0,61.3801,61.3801,56.5204,77.2967,15.2897,18.9405,1028
2016-03-20 21:00:00,54.98,blend,0.5402,65.4551,0.0,56.1563,56.1563,55.3766,77.2967,15.1975,18.9284,1029
2016-03-20 22:00:00,55.43,blend,0.5402,64.8513,0.0,50.4367,50.4367,54.259,77.2967,15.1002,18.9225,1030
2016-03-20 23:00:00,53.0,blend,0.5402,64.2626,0.0,49.1777,49.1777,53.1692,77.2967,15.0049,18.9226,1031
2016-03-21 00:00:00,52.81,blend,0.5402,63.6696,0.0,60.7424,60.7424,52.0715,77.2967,14.9136,18.9233,1032
2016-03-21 01:00:00,57.58,blend,0.5402,63.7859,0.0,51.5475,51.5475,52.2868,77.2968,14.8594,18.893,1033
2016-03-21 02:00:00,61.35,blend,0.5402,64.3291,0.0,51.5047,51.5047,53.2923,77.2968,14.8342,18.84,1034
2016-03-21 03:00:00,61.14,blend,0.5402,65.2558,0.0,65.494,65.494,55.0077,77.2968,14.8117,18.7892,1035
2016-03-21 04:00:00,74.54,blend,0.5402,66.3785,0.0,52.5584,52.5584,57.0859,77.2968,14.7909,18.7428,1036
2016-03-21 05:00:00,73.89,blend,0.5402,67.3976,0.0,54.9535,54.9535,58.9724,77.2967,14.7628,18.716,1037
2016-03-21 06:00:00,73.18,blend,0.5402,68.144,0.0,60.0975,60.0975,60.3543,77.2966,14.7345,18.707,1038
2016-03-21 07:00:00,95.94,blend,0.5402,68.5522,0.0,55.1274,55.1274,61.1098,77.2966,14.7011,18.6952,1039
2016-03-21 08:00:00,109.76,blend,0.5402,68.772,0.0,64.5469,64.5469,61.5169,77.2964,14.7184,18.7232,1040
2016-03-21 09:00:00,112.04,blend,0.5402,68.8963,0.0,58.2782,58.2782,61.7472,77.2961,14.7206,18.7301,1041
2016-03-21 10:00:00,114.84,blend,0.5402,68.958,0.0,65.5757,65.5757,61.8615,77.296,14.7302,18.742,1042
2016-03-21 11:00:00,110.61,blend,0.5402,68.9872,0.0,62.1472,62.1472,61.9156,77.2959,14.7377,18.7508,1043
2016-03-21 12:00:00,109.8,blend,0.5402,69.001,0.0,51.516,51.516,61.9412,77.2959,14.7542,18.768,1044
2016-03-21 13:00:00,104.56,blend,0.5402,69.0077,0.0,59.51,59.51,61.9535,77.296,14.7664,18.7808,1045
2016-03-21 14:00:00,105.27,blend,0.5402,69.01,0.0,62.4451,62.4451,61.9578,77.296,14.7557,18.7705,1046
2016-03-21 15:00:00,104.19,blend,0.5402,69.009,0.0,55.6528,55.6528,61.9558,77.296,14.7852,18.8005,1047
2016-03-21 16:00:00,90.66,blend,0.5402,69.0078,0.0,66.2756,66.2756,61.9537,77.2961,14.8104,18.8261,1048
2016-03-21 17:00:00,85.47,blend,0.5402,69.0042,0.0,65.6929,65.6929,61.9469,77.2962,14.8658,18.8675,1049
2016-03-21 18:00:00,65.07,blend,0.5402,68.9974,0.0,45.3262,45.3262,61.9342,77.2963,14.8597,18.8732,1050
2016-03-21 19:00:00,62.65,blend,0.5402,68.9906,0.0,65.1094,65.1094,61.9214,77.2964,14.8276,18.9047,1051
2016-03-21 20:00:00,61.72,blend,0.5402,68.9807,0.0,64.6837,64.6837,61.9031,77.2966,14.8064,18.9274,1052
2016-03-21 21:00:00,55.91,blend,0.5402,68.9747,0.0,71.0608,71.0608,61.8919,77.2966,14.8218,18.9421,1053
2016-03-21 22:00:00,56.67,blend,0.5402,68.9712,0.0,65.1478,65.1478,61.8854,77.2966,14.8362,18.9559,1054
2016-03-21 23:00:00,55.38,blend,0.5402,68.9704,0.0,63.9251,63.9251,61.8838,77.2967,14.8482,18.9671,1055
2016-03-22 00:00:00,55.3,blend,0.5402,68.9728,0.0,73.6178,73.6178,61.8883,77.2967,14.8586,18.9768,1056
2016-03-22 01:00:00,55.41,blend,0.5402,68.9808,0.0,57.0188,57.0188,61.9029,77.2968,14.8663,18.9838,1057
2016-03-22 02:00:00,56.46,blend,0.5402,68.9892,0.0,62.6741,62.6741,61.9186,77.2968,14.87,18.9868,1058
2016-03-22 03:00:00,56.58,blend,0.5402,68.9977,0.0,65.3031,65.3031,61.9343,77.2968,14.8742,18.9905,1059
2016-03-22 04:00:00,71.51,blend,0.5402,69.0057,0.0,51.667,51.667,61.9491,77.2968,14.9309,18.9334,1060
2016-03-22 05:00:00,72.14,blend,0.5402,69.0142,0.0,66.4694,66.4694,61.9649,77.2967,14.9877,18.8761,1061
2016-03-22 06:00:00,71.62,blend,0.5402,69.0232,0.0,63.5332,63.5332,61.9815,77.2967,15.0208,18.8426,1062
2016-03-22 07:00:00,90.63,blend,0.5402,69.0288,0.0,68.6326,68.6326,61.9919,77.2968,15.0096,18.8317,1063
2016-03-22 08:00:00,111.58,blend,0.5402,69.0332,0.0,60.7627,60.7627,62.0002,77.2967,15.0611,18.8834,1064
2016-03-22 09:00:00,116.17,blend,0.5402,69.0375,0.0,69.7539,69.7539,62.0082,77.2965,15.1145,18.9371,1065
2016-03-22 10:00:00,116.87,blend,0.5402,69.0396,0.0,69.1026,69.1026,62.0122,77.2965,15.177,18.9998,1066
2016-03-22 11:00:00,116.69,blend,0.5402,69.0403,0.0,63.5495,63.5495,62.0134,77.2964,15.2504,19.0734,1067
2016-03-22 12:00:00,110.68,blend,0.5402,69.0398,0.0,60.6042,60.6042,62.0125,77.2964,15.3074,19.1305,1068
2016-03-22 13:00:00,100.96,blend,0.5402,69.0385,0.0,66.7391,66.7391,62.0102,77.2964,15.3365,19.1598,1069
2016-03-22 14:00:00,102.87,blend,0.5402,69.036,0.0,62.2674,62.2674,62.0056,77.2964,15.3575,19.1808,1070
2016-03-22 15:00:00,100.1,blend,0.5402,69.0323,0.0,60.8871,60.8871,61.9988,77.2963,15.3721,19.1956,1071
2016-03-22 16:00:00,91.96,blend,0.5402,69.0286,0.0,65.9853,65.9853,61.992,77.2963,15.3842,19.2078,1072
2016-03-22 17:00:00,87.3,blend,0.5402,69.0229,0.0,61.6726,61.6726,61.9814,77.2964,15.428,19.2518,1073
2016-03-22 18:00:00,67.43,blend,0.5402,69.0164,0.0,67.4626,67.4626,61.9693,77.2964,15.4376,19.2421,1074
2016-03-22 19:00:00,65.16,blend,0.5402,69.0085,0.0,66.4029,66.4029,61.9545,77.2965,15.4323,19.2471,1075
2016-03-22 20:00:00,62.15,blend,0.5402,68.9972,0.0,59.0215,59.0215,61.9335,77.2967,15.3981,19.281,1076
2016-03-22 21:00:00,57.32,blend,0.5402,68.9893,0.0,70.7271,70.7271,61.9189,77.2967,15.4158,19.2984,1077
2016-03-22 22:00:00,58.23,blend,0.5402,68.9821,0.0,61.246,61.246,61.9056,77.2967,15.4295,19.3117,1078
2016-03-22 23:00:00,56.87,blend,0.5402,68.9769,0.0,64.2573,64.2573,61.8958,77.2967,15.4407,19.3226,1079
2016-03-23 00:00:00,56.66,blend,0.5402,68.9751,0.0,72.5584,72.5584,61.8925,77.2967,15.4532,19.3346,1080
2016-03-23 01:00:00,56.49,blend,0.5402,68.9748,0.0,68.8655,68.8655,61.8918,77.2968,15.4657,19.3467,1081
2016-03-23 02:00:00,56.56,blend,0.5402,68.9787,0.0,57.9143,57.9143,61.8991,77.2968,15.4754,19.3561,1082
2016-03-23 03:00:00,56.62,blend,0.5402,68.9854,0.0,77.4239,77.4239,61.9115,77.2968,15.4824,19.3626,1083
2016-03-23 04:00:00,68.29,blend,0.5402,68.9932,0.0,57.173,57.173,61.9259,77.2968,15.5193,19.3254,1084
2016-03-23 05:00:00,70.05,blend,0.5402,69.0021,0.0,63.9695,63.9695,61.9425,77.2968,15.559,19.2853,1085
2016-03-23 06:00:00,70.22,blend,0.5402,69.0113,0.0,66.6647,66.6647,61.9596,77.2967,15.5656,19.2784,1086
2016-03-23 07:00:00,90.5,blend,0.5402,69.0178,0.0,54.1892,54.1892,61.9716,77.2967,15.5893,19.3023,1087
2016-03-23 08:00:00,112.13,blend,0.5402,69.0234,0.0,63.0146,63.0146,61.9821,77.2967,15.6727,19.386,1088
2016-03-23 09:00:00,116.09,blend,0.5402,69.0296,0.0,54.4282,54.4282,61.9937,77.2965,15.7501,19.4638,1089
2016-03-23 10:00:00,114.43,blend,0.5402,69.033,0.0,59.703,59.703,62.0001,77.2963,15.8232,19.537,1090
2016-03-23 11:00:00,113.19,blend,0.5402,69.0333,0.0,54.8386,54.8386,62.0006,77.2963,15.8884,19.6025,1091
2016-03-23 12:00:00,110.66,blend,0.5402,69.0319,0.0,59.3517,59.3517,61.9981,77.2963,15.9542,19.6686,1092
2016-03-23 13:00:00,110.14,blend,0.5402,69.0296,0.0,49.6689,49.6689,61.9937,77.2963,16.0496,19.7643,1093
2016-03-23 14:00:00,107.59,blend,0.5402,69.0253,0.0,61.1866,61.1866,61.9858,77.2963,16.1065,19.8215,1094
2016-03-23 15:00:00,108.14,blend,0.5402,69.021,0.0,52.9428,52.9428,61.9779,77.2962,16.166,19.8815,1095
2016-03-23 16:00:00,95.71,blend,0.5402,69.0165,0.0,47.4774,47.4774,61.9697,77.2962,16.2168,19.9328,1096
2016-03-23 17:00:00,87.21,blend,0.5402,69.0089,0.0,52.5,52.5,61.9556,77.2963,16.2842,19.9828,1097
2016-03-23 18:00:00,63.67,blend,0.5402,68.9998,0.0,44.3905,44.3905,61.9386,77.2963,16.2908,19.9681,1098
2016-03-23 19:00:00,57.98,blend,0.5402,68.9876,0.0,62.158,62.158,61.9159,77.2965,16.3118,19.9929,1099
2016-03-23 20:00:00,56.4,blend,0.5402,68.9704,0.0,63.3764,63.3764,61.884,77.2966,16.3394,20.0292,1100
2016-03-23 21:00:00,50.98,blend,0.5402,68.9562,0.0,69.4672,69.4672,61.8576,77.2966,16.3743,20.0623,1101
2016-03-23 22:00:00,51.11,blend,0.5402,68.9399,0.0,63.0651,63.0651,61.8276,77.2966,16.4144,20.1006,1102
2016-03-23 23:00:00,48.83,blend,0.5402,68.9274,0.0,59.9955,59.9955,61.8045,77.2965,16.4516,20.1357,1103
2016-03-24 00:00:00,48.5,blend,0.5402,68.9187,0.0,61.5619,61.5619,61.7884,77.2965,16.4871,20.169,1104
2016-03-24 01:00:00,48.42,blend,0.5402,68.9109,0.0,51.2742,51.2742,61.7738,77.2966,16.5223,20.2018,1105
2016-03-24 02:00:00,49.31,blend,0.5402,68.9112,0.0,66.241,66.241,61.7744,77.2965,16.5501,20.2271,1106
2016-03-24 03:00:00,49.53,blend,0.5402,68.9207,0.0,54.3556,54.3556,61.7919,77.2966,16.5779,20.2523,1107
2016-03-24 04:00:00,61.45,blend,0.5402,68.9363,0.0,69.1078,69.1078,61.8209,77.2966,16.563,20.2348,1108
2016-03-24 05:00:00,62.57,blend,0.5402,68.9537,0.0,58.8341,58.8341,61.8531,77.2965,16.5586,20.2196,1109
2016-03-24 06:00:00,63.66,blend,0.5402,68.9705,0.0,65.6242,65.6242,61.8841,77.2965,16.5651,20.203,1110
2016-03-24 07:00:00,82.0,blend,0.5402,68.9823,0.0,54.5647,54.5647,61.906,77.2965,16.5679,20.2074,1111
2016-03-24 08:00:00,98.67,blend,0.5402,68.9934,0.0,64.9036,64.9036,61.9268,77.2964,16.5662,20.2071,1112
2016-03-24 09:00:00,100.74,blend,0.5402,69.0043,0.0,62.4493,62.4493,61.9472,77.296,16.5424,20.1843,1113
2016-03-24 10:00:00,96.21,blend,0.5402,69.0092,0.0,64.7309,64.7309,61.9564,77.2959,16.4844,20.1269,1114
2016-03-24 11:00:00,102.4,blend,0.5402,69.0089,0.0,64.604,64.604,61.9559,77.2958,16.4674,20.1103,1115
2016-03-24 12:00:00,105.27,blend,0.5402,69.0051,0.0,60.8296,60.8296,61.9488,77.2959,16.4636,20.107,1116
2016-03-24 13:00:00,100.65,blend,0.5402,69.0007,0.0,54.8523,54.8523,61.9407,77.2959,16.4731,20.1167,1117
2016-03-24 14:00:00,100.27,blend,0.5402,68.9937,0.0,53.6666,53.6666,61.9276,77.2959,16.4721,20.1159,1118
2016-03-24 15:00:00,99.43,blend,0.5402,68.9836,0.0,52.6099,52.6099,61.909,77.2959,16.47,20.1139,1119
2016-03-24 16:00:00,93.06,blend,0.5402,68.9686,0.0,73.3105,73.3105,61.8812,77.2959,16.4872,20.1312,1120
2016-03-24 17:00:00,79.59,blend,0.5402,68.9467,0.0,57.8482,57.8482,61.8407,77.2959,16.4893,20.1333,1121
2016-03-24 18:00:00,53.14,blend,0.5402,68.9183,0.0,76.1539,76.1539,61.7881,77.296,16.5351,20.1907,1122
2016-03-24 19:00:00,52.96,blend,0.5402,68.8724,0.0,67.7301,67.7301,61.703,77.2961,16.5689,20.2613,1123
2016-03-24 20:00:00,56.81,blend,0.5402,68.8009,0.0,56.6202,56.6202,61.5704,77.2963,16.5763,20.3115,1124
2016-03-24 21:00:00,47.1,blend,0.5402,68.7231,0.0,57.9727,57.9727,61.4264,77.2963,16.6337,20.3704,1125
2016-03-24 22:00:00,52.7,blend,0.5402,68.6556,0.0,51.2728,51.2728,61.3016,77.2963,16.6602,20.3991,1126
2016-03-24 23:00:00,49.12,blend,0.5402,68.5872,0.0,57.1822,57.1822,61.1747,77.2964,16.6979,20.4397,1127
2016-03-25 00:00:00,48.48,blend,0.5402,68.5397,0.0,52.4422,52.4422,61.0869,77.2964,16.7373,20.4827,1128
2016-03-25 01:00:00,47.83,blend,0.5402,68.4767,0.0,64.0804,64.0804,60.9702,77.2963,16.7771,20.5267,1129
2016-03-25 02:00:00,47.69,blend,0.5402,68.4375,0.0,55.2171,55.2171,60.8977,77.2963,16.8185,20.573,1130
2016-03-25 03:00:00,47.67,blend,0.5402,68.4172,0.0,53.2666,53.2666,60.8602,77.2963,16.8607,20.6203,1131
2016-03-25 04:00:00,64.64,blend,0.5402,68.4124,0.0,56.5539,56.5539,60.8514,77.2962,16.8614,20.625,1132
2016-03-25 05:00:00,65.0,blend,0.5402,68.4337,0.0,53.8972,53.8972,60.8909,77.2961,16.842,20.6499,1133
2016-03-25 06:00:00,67.13,blend,0.5402,68.5036,0.0,59.6486,59.6486,61.0204,77.296,16.835,20.6618,1134
2016-03-25 07:00:00,87.12,blend,0.5402,68.5851,0.0,55.676,55.676,61.1712,77.2961,16.8355,20.6581,1135
2016-03-25 08:00:00,98.42,blend,0.5402,68.6753,0.0,54.7221,54.7221,61.3383,77.2959,16.7877,20.6068,1136
2016-03-25 09:00:00,102.94,blend,0.5402,68.7599,0.0,77.7933,77.7933,61.4951,77.2955,16.7585,20.575,1137
2016-03-25 10:00:00,103.83,blend,0.5402,68.8073,0.0,61.8133,61.8133,61.5831,77.2954,16.7187,20.533,1138
2016-03-25 11:00:00,105.78,blend,0.5402,68.8358,0.0,58.7686,58.7686,61.6358,77.2954,16.7047,20.517,1139
2016-03-25 12:00:00,95.24,blend,0.5402,68.8505,0.0,59.4894,59.4894,61.663,77.2953,16.6412,20.4517,1140
2016-03-25 13:00:00,93.77,blend,0.5402,68.8543,0.0,65.9927,65.9927,61.67,77.2956,16.5989,20.4077,1141
2016-03-25 14:00:00,87.38,blend,0.5402,68.8408,0.0,58.8034,58.8034,61.6449,77.2957,16.4904,20.2974,1142
2016-03-25 15:00:00,81.93,blend,0.5402,68.8174,0.0,51.3459,51.3459,61.6015,77.2957,16.4158,20.2208,1143
2016-03-25 16:00:00,71.04,blend,0.5402,68.7699,0.0,57.0193,57.0193,61.5134,77.2958,16.293,20.17,1144
2016-03-25 17:00:00,74.8,blend,0.5402,68.7037,0.0,68.4773,68.4773,61.3908,77.2959,16.2197,20.1234,1145
2016-03-25 18:00:00,50.51,blend,0.5402,68.606,0.0,61.9461,61.9461,61.2099,77.2961,16.2566,20.2178,1146
2016-03-25 19:00:00,50.21,blend,0.5402,68.5046,0.0,74.9298,74.9298,61.0219,77.2963,16.3169,20.2913,1147
2016-03-25 20:00:00,52.7,blend,0.5402,68.3981,0.0,59.3587,59.3587,60.8247,77.2965,16.3617,20.3422,1148
2016-03-25 21:00:00,49.5,blend,0.5402,68.3027,0.0,74.5154,74.5154,60.6481,77.2966,16.3954,20.3826,1149
2016-03-25 22:00:00,49.55,blend,0.5402,68.2591,0.0,57.0682,57.0682,60.5672,77.2967,16.4342,20.4287,1150
2016-03-25 23:00:00,46.89,blend,0.5402,68.2465,0.0,67.1639,67.1639,60.5439,77.2967,16.4811,20.4828,1151
2016-03-26 00:00:00,46.65,blend,0.5402,68.2552,0.0,56.5893,56.5893,60.5599,77.2967,16.5264,20.5353,1152
2016-03-26 01:00:00,46.51,blend,0.5402,68.1413,0.0,63.0128,63.0128,60.3493,77.2965,16.571,20.5879,1153
2016-03-26 02:00:00,46.37,blend,0.5402,68.0403,0.0,65.0267,65.0267,60.1624,77.2965,16.6132,20.6392,1154
2016-03-26 03:00:00,46.68,blend,0.5402,67.9938,0.0,58.5409,58.5409,60.0763,77.2965,16.6535,20.689,1155
2016-03-26 04:00:00,60.03,blend,0.5402,67.9921,0.0,59.3765,59.3765,60.0732,77.2965,16.6313,20.7213,1156
2016-03-26 05:00:00,62.83,blend,0.5402,68.0655,0.0,56.7729,56.7729,60.209,77.2964,16.6134,20.7479,1157
2016-03-26 06:00:00,63.18,blend,0.5402,68.2211,0.0,73.4539,73.4539,60.4971,77.2964,16.5916,20.777,1158
2016-03-26 07:00:00,55.83,blend,0.5402,68.3895,0.0,61.6734,61.6734,60.8089,77.2964,16.5995,20.834,1159
2016-03-26 08:00:00,54.06,blend,0.5402,68.5369,0.0,56.7672,56.7672,61.0817,77.2963,16.6291,20.8678,1160
2016-03-26 09:00:00,56.33,blend,0.5402,68.6091,0.0,52.9995,52.9995,61.2156,77.296,16.6416,20.8836,1161
2016-03-26 10:00:00,55.93,blend,0.5402,68.6375,0.0,67.946,67.946,61.2682,77.2959,16.6676,20.9126,1162
2016-03-26 11:00:00,55.66,blend,0.5402,68.6518,0.0,65.7784,65.7784,61.2948,77.2958,16.6945,20.9422,1163
2016-03-26 12:00:00,55.65,blend,0.5402,68.6374,0.0,68.8437,68.8437,61.2682,77.2958,16.7147,20.965,1164
2016-03-26 13:00:00,53.18,blend,0.5402,68.5875,0.0,73.6064,73.6064,61.1759,77.2958,16.7616,21.0161,1165
2016-03-26 14:00:00,53.31,blend,0.5402,68.5003,0.0,67.0406,67.0406,61.0144,77.2958,16.7948,21.0526,1166
2016-03-26 15:00:00,52.87,blend,0.5402,68.3485,0.0,60.1598,60.1598,60.7333,77.2959,16.8349,21.0969,1167
2016-03-26 16:00:00,54.84,blend,0.5402,68.0915,0.0,76.7546,76.7546,60.2575,77.296,16.8617,21.1298,1168
2016-03-26 17:00:00,52.61,blend,0.5402,67.6936,0.0,52.2036,52.2036,59.5208,77.2961,16.8988,21.184,1169
2016-03-26 18:00:00,41.24,blend,0.5402,67.0721,0.0,49.8839,49.8839,58.3703,77.2962,16.9367,21.2357,1170
2016-03-26 19:00:00,44.85,blend,0.5402,66.0517,0.0,48.5717,48.5717,56.4812,77.2965,16.9769,21.2976,1171
2016-03-26 20:00:00,49.59,blend,0.5402,64.641,0.0,50.5113,50.5113,53.8698,77.2966,16.9884,21.3427,1172
2016-03-26 21:00:00,47.17,blend,0.5402,62.9743,0.0,42.489,42.489,50.7846,77.2966,16.9875,21.3895,1173
2016-03-26 22:00:00,47.88,blend,0.5402,61.3705,0.0,45.9363,45.9363,47.8156,77.2966,16.9787,21.4405,1174
2016-03-26 23:00:00,46.95,blend,0.5402,59.9155,0.0,42.6713,42.6713,45.1224,77.2966,16.9774,21.4883,1175
2016-03-27 00:00:00,46.57,transfer,1.0,43.0269,0.0,38.8667,38.8667,43.0269,77.2966,16.9909,21.5378,1176
2016-03-27 01:00:00,46.63,transfer,1.0,41.8559,0.0,42.9172,42.9172,41.8559,77.2966,17.0123,21.5843,1177
2016-03-27 02:00:00,46.43,transfer,1.0,41.1869,0.0,34.6861,34.6861,41.1869,77.2966,17.0392,21.6323,1178
2016-03-27 03:00:00,46.8,transfer,1.0,40.9188,0.0,39.1611,39.1611,40.9188,77.2965,17.0698,21.677,1179
2016-03-27 04:00:00,60.42,transfer,1.0,41.1156,0.0,41.8608,41.8608,41.1156,77.2965,17.1064,21.7244,1180
2016-03-27 05:00:00,60.26,transfer,1.0,41.9865,0.0,34.4003,34.4003,41.9865,77.2964,17.1479,21.7652,1181
2016-03-27 06:00:00,60.09,transfer,1.0,43.6372,0.0,39.7284,39.7284,43.6372,77.2964,17.177,21.8145,1182
2016-03-27 07:00:00,54.54,transfer,1.0,45.8156,0.0,45.4177,45.4177,45.8156,77.2964,17.2051,21.8587,1183
2016-03-27 08:00:00,50.85,transfer,1.0,48.1712,0.0,39.6441,39.6441,48.1712,77.2963,17.2143,21.9005,1184
2016-03-27 09:00:00,51.76,transfer,1.0,49.5141,0.0,43.9153,43.9153,49.5141,77.2961,17.2218,21.9531,1185
2016-03-27 10:00:00,52.93,transfer,1.0,50.131,0.0,44.5286,44.5286,50.131,77.296,17.2315,21.9879,1186
2016-03-27 11:00:00,51.64,transfer,1.0,50.2576,0.0,51.9072,51.9072,50.2576,77.296,17.2256,22.0244,1187
2016-03-27 12:00:00,52.46,transfer,1.0,49.9783,0.0,48.0164,48.0164,49.9783,77.2959,17.2403,22.0708,1188
2016-03-27 13:00:00,51.69,transfer,1.0,49.3201,0.0,47.1928,47.1928,49.3201,77.296,17.244,22.1112,1189
2016-03-27 14:00:00,51.88,transfer,1.0,48.2459,0.0,48.166,48.166,48.2459,77.296,17.2547,22.1496,1190
2016-03-27 15:00:00,50.95,transfer,1.0,46.8409,0.0,44.5621,44.5621,46.8409,77.296,17.2786,22.2027,1191
2016-03-27 16:00:00,51.77,transfer,1.0,45.1934,0.0,41.6009,41.6009,45.1934,77.2961,17.3041,22.2358,1192
2016-03-27 17:00:00,52.42,transfer,1.0,43.423,0.0,35.3025,35.3025,43.423,77.2961,17.3507,22.2689,1193
2016-03-27 18:00:00,44.45,transfer,1.0,41.6638,0.0,33.5416,33.5416,41.6638,77.2962,17.3001,22.2854,1194
2016-03-27 19:00:00,49.86,transfer,1.0,40.1983,0.0,36.5237,36.5237,40.1983,77.2964,17.3354,22.3091,1195
2016-03-27 20:00:00,51.22,transfer,1.0,39.1962,0.0,45.4654,45.4654,39.1962,77.2965,17.3983,22.3319,1196
2016-03-27 21:00:00,51.24,transfer,1.0,38.4648,0.0,37.4688,37.4688,38.4648,77.2965,17.472,22.3542,1197
2016-03-27 22:00:00,52.15,transfer,1.0,38.0186,0.0,34.5786,34.5786,38.0186,77.2966,17.5491,22.3737,1198
2016-03-27 23:00:00,51.24,transfer,1.0,37.8167,0.0,41.5105,41.5105,37.8167,77.2965,17.628,22.3842,1199
2016-03-28 00:00:00,51.07,transfer,1.0,37.7963,0.0,39.7293,39.7293,37.7963,77.2965,17.7026,22.3946,1200
2016-03-28 01:00:00,50.75,transfer,1.0,38.7852,0.0,46.8446,46.8446,38.7852,77.2967,17.7423,22.4352,1201
2016-03-28 02:00:00,50.36,transfer,1.0,40.6318,0.0,47.6396,47.6396,40.6318,77.2966,17.7523,22.5006,1202
2016-03-28 03:00:00,50.99,transfer,1.0,42.684,0.0,36.0807,36.0807,42.684,77.2962,17.7652,22.561,1203
2016-03-28 04:00:00,64.05,transfer,1.0,45.7573,0.0,43.9575,43.9575,45.7573,77.2965,17.7702,22.6235,1204
2016-03-28 05:00:00,66.36,transfer,1.0,49.2843,0.0,53.8949,53.8949,49.2843,77.2963,17.783,22.6683,1205
2016-03-28 06:00:00,66.53,transfer,1.0,53.1261,0.0,47.9816,47.9816,53.1261,77.2962,17.7865,22.7079,1206
2016-03-28 07:00:00,65.28,transfer,1.0,56.3434,0.0,49.5912,49.5912,56.3434,77.2961,17.6324,22.6684,1207
2016-03-28 08:00:00,64.21,transfer,1.0,58.6198,0.0,54.105,54.105,58.6198,77.296,17.3785,22.5531,1208
2016-03-28 09:00:00,65.69,transfer,1.0,59.8352,0.0,52.736,52.736,59.8352,77.2959,17.114,22.4154,1209
2016-03-28 10:00:00,66.85,transfer,1.0,60.4634,0.0,63.4276,63.4276,60.4634,77.2957,16.8366,22.2541,1210
2016-03-28 11:00:00,67.0,transfer,1.0,60.783,0.0,50.8668,50.8668,60.783,77.2957,16.5838,22.117,1211
2016-03-28 12:00:00,67.62,transfer,1.0,60.9135,0.0,62.2132,62.2132,60.9135,77.2956,16.3388,21.9812,1212
2016-03-28 13:00:00,66.79,transfer,1.0,60.9184,0.0,65.251,65.251,60.9184,77.2956,16.1202,21.8814,1213
2016-03-28 14:00:00,67.04,transfer,1.0,60.8358,0.0,70.4958,70.4958,60.8358,77.2956,15.8993,21.7759,1214
2016-03-28 15:00:00,68.52,transfer,1.0,60.6556,0.0,61.8089,61.8089,60.6556,77.2958,15.6947,21.6681,1215
2016-03-28 16:00:00,61.74,transfer,1.0,60.4208,0.0,65.0918,65.0918,60.4208,77.2957,15.5317,21.6811,1216
2016-03-28 17:00:00,58.59,transfer,1.0,60.0943,0.0,64.841,64.841,60.0943,77.2959,15.4006,21.7438,1217
2016-03-28 18:00:00,46.66,transfer,1.0,59.6165,0.0,48.7111,48.7111,59.6165,77.2961,15.4591,21.8534,1218
2016-03-28 19:00:00,51.11,transfer,1.0,58.9925,0.0,54.4456,54.4456,58.9925,77.2964,15.5017,21.9221,1219
2016-03-28 20:00:00,55.72,transfer,1.0,58.5065,0.0,54.6791,54.6791,58.5065,77.2966,15.5172,21.9578,1220
2016-03-28 21:00:00,53.84,transfer,1.0,58.1384,0.0,60.1874,60.1874,58.1384,77.2965,15.5071,21.9701,1221
2016-03-28 22:00:00,54.34,transfer,1.0,57.8361,0.0,47.8666,47.8666,57.8361,77.2966,15.4969,21.984,1222
2016-03-28 23:00:00,52.05,transfer,1.0,57.6353,0.0,66.0478,66.0478,57.6353,77.2966,15.4914,22.0038,1223
2016-03-29 00:00:00,51.94,transfer,1.0,57.5533,0.0,64.5795,64.5795,57.5533,77.2966,15.4856,22.0238,1224
2016-03-29 01:00:00,54.82,transfer,1.0,57.6423,0.0,52.5605,52.5605,57.6423,77.2967,15.4638,22.0273,1225
2016-03-29 02:00:00,54.88,transfer,1.0,58.0268,0.0,65.469,65.469,58.0268,77.2967,15.45,22.0367,1226
2016-03-29 03:00:00,55.06,transfer,1.0,58.7233,0.0,64.2783,64.2783,58.7233,77.2967,15.44,22.0458,1227
2016-03-29 04:00:00,66.95,transfer,1.0,59.4811,0.0,47.3101,47.3101,59.4811,77.2968,15.4275,22.0729,1228
2016-03-29 05:00:00,69.35,transfer,1.0,60.2745,0.0,66.3284,66.3284,60.2745,77.2967,15.421,22.0895,1229
2016-03-29 06:00:00,68.49,transfer,1.0,60.9309,0.0,64.8531,64.8531,60.9309,77.2967,15.4086,22.1082,1230
2016-03-29 07:00:00,62.41,transfer,1.0,61.3494,0.0,66.6168,66.6168,61.3494,77.2967,15.2444,22.1174,1231
2016-03-29 08:00:00,63.63,transfer,1.0,61.5901,0.0,53.8652,53.8652,61.5901,77.2966,14.9615,21.9947,1232
2016-03-29 09:00:00,66.8,transfer,1.0,61.7023,0.0,50.4757,50.4757,61.7023,77.2964,14.6694,21.8258,1233
2016-03-29 10:00:00,70.85,transfer,1.0,61.7562,0.0,64.5089,64.5089,61.7562,77.2963,14.397,21.6286,1234
2016-03-29 11:00:00,71.29,transfer,1.0,61.7959,0.0,65.172,65.172,61.7959,77.2963,14.1281,21.4299,1235
2016-03-29 12:00:00,70.69,transfer,1.0,61.8239,0.0,68.8966,68.8966,61.8239,77.2963,13.8911,21.2705,1236
2016-03-29 13:00:00,69.6,transfer,1.0,61.8374,0.0,58.2541,58.2541,61.8374,77.2964,13.7055,21.1754,1237
2016-03-29 14:00:00,72.08,transfer,1.0,61.841,0.0,61.5384,61.5384,61.841,77.2964,13.5232,21.0543,1238
2016-03-29 15:00:00,69.03,transfer,1.0,61.8349,0.0,51.8565,51.8565,61.8349,77.2963,13.3393,20.9677,1239
2016-03-29 16:00:00,64.32,transfer,1.0,61.8242,0.0,59.6905,59.6905,61.8242,77.2964,13.1757,20.9577,1240
2016-03-29 17:00:00,58.95,transfer,1.0,61.8032,0.0,62.4266,62.4266,61.8032,77.2964,13.042,21.0073,1241
2016-03-29 18:00:00,47.18,transfer,1.0,61.7687,0.0,72.8074,72.8074,61.7687,77.2965,13.0963,21.1279,1242
2016-03-29 19:00:00,49.39,transfer,1.0,61.7183,0.0,46.8398,46.8398,61.7183,77.2966,13.1506,21.2218,1243
2016-03-29 20:00:00,55.14,transfer,1.0,61.6666,0.0,57.0552,57.0552,61.6666,77.2968,13.1882,21.2635,1244
2016-03-29 21:00:00,52.95,transfer,1.0,61.6302,0.0,66.3081,66.3081,61.6302,77.2968,13.2125,21.2895,1245
2016-03-29 22:00:00,53.19,transfer,1.0,61.6179,0.0,66.1226,66.1226,61.6179,77.2968,13.2408,21.3195,1246
2016-03-29 23:00:00,52.51,transfer,1.0,61.6181,0.0,58.4123,58.4123,61.6181,77.2969,13.2651,21.3454,1247
2016-03-30 00:00:00,52.37,transfer,1.0,61.6202,0.0,73.5121,73.5121,61.6202,77.2968,13.289,21.371,1248
2016-03-30 01:00:00,52.85,transfer,1.0,61.6341,0.0,51.2967,51.2967,61.6341,77.2969,13.3091,21.3926,1249
2016-03-30 02:00:00,53.66,transfer,1.0,61.6581,0.0,64.3468,64.3468,61.6581,77.297,13.325,21.4099,1250
2016-03-30 03:00:00,55.06,transfer,1.0,61.6933,0.0,47.2825,47.2825,61.6933,77.2969,13.3329,21.4192,1251
2016-03-30 04:00:00,65.86,transfer,1.0,61.7255,0.0,74.454,74.454,61.7255,77.2969,13.3197,21.4337,1252
2016-03-30 05:00:00,68.56,transfer,1.0,61.7656,0.0,75.8812,75.8812,61.7656,77.2969,13.3119,21.4425,1253
2016-03-30 06:00:00,67.0,transfer,1.0,61.813,0.0,58.1745,58.1745,61.813,77.2969,13.2936,21.4617,1254
2016-03-30 07:00:00,60.85,transfer,1.0,61.8526,0.0,64.071,64.071,61.8526,77.2969,13.1297,21.481,1255
2016-03-30 08:00:00,66.24,transfer,1.0,61.8852,0.0,59.918,59.918,61.8852,77.2969,12.8571,21.3395,1256
2016-03-30 09:00:00,66.73,transfer,1.0,61.9047,0.0,61.6442,61.6442,61.9047,77.2966,12.5639,21.1715,1257
2016-03-30 10:00:00,65.16,transfer,1.0,61.9159,0.0,63.5072,63.5072,61.9159,77.2965,12.2711,21.0227,1258
2016-03-30 11:00:00,67.92,transfer,1.0,61.9228,0.0,67.887,67.887,61.9228,77.2965,12.0021,20.8648,1259
2016-03-30 12:00:00,65.09,transfer,1.0,61.9231,0.0,56.4599,56.4599,61.9231,77.2965,11.7313,20.7389,1260
2016-03-30 13:00:00,65.92,transfer,1.0,61.921,0.0,61.5171,61.5171,61.921,77.2966,11.4685,20.6111,1261
2016-03-30 14:00:00,68.19,transfer,1.0,61.9112,0.0,58.1633,58.1633,61.9112,77.2966,11.2344,20.485,1262
2016-03-30 15:00:00,69.22,transfer,1.0,61.8983,0.0,66.3998,66.3998,61.8983,77.2966,11.0032,20.3495,1263
2016-03-30 16:00:00,68.26,transfer,1.0,61.8828,0.0,66.1409,66.1409,61.8828,77.2966,10.8404,20.2937,1264
2016-03-30 17:00:00,63.36,transfer,1.0,61.8607,0.0,72.8012,72.8012,61.8607,77.2967,10.699,20.3176,1265
2016-03-30 18:00:00,49.1,transfer,1.0,61.8331,0.0,65.2839,65.2839,61.8331,77.2967,10.7644,20.4043,1266
2016-03-30 19:00:00,51.78,transfer,1.0,61.7967,0.0,45.2433,45.2433,61.7967,77.2969,10.8006,20.4412,1267
2016-03-30 20:00:00,56.42,transfer,1.0,61.7547,0.0,68.6811,68.6811,61.7547,77.297,10.7997,20.4411,1268
2016-03-30 21:00:00,54.49,transfer,1.0,61.723,0.0,68.6041,68.6041,61.723,77.297,10.7781,20.4202,1269
2016-03-30 22:00:00,55.48,transfer,1.0,61.7043,0.0,75.332,75.332,61.7043,77.2971,10.7513,20.3942,1270
2016-03-30 23:00:00,54.65,transfer,1.0,61.6882,0.0,74.29,74.29,61.6882,77.297,10.716,20.3596,1271
2016-03-31 00:00:00,54.31,transfer,1.0,61.681,0.0,50.6755,50.6755,61.681,77.297,10.6807,20.325,1272
2016-03-31 01:00:00,54.07,transfer,1.0,61.6654,0.0,42.9783,42.9783,61.6654,77.297,10.6465,20.2914,1273
2016-03-31 02:00:00,54.61,transfer,1.0,61.6588,0.0,69.2316,69.2316,61.6588,77.297,10.6142,20.2598,1274
2016-03-31 03:00:00,54.98,transfer,1.0,61.658,0.0,55.1785,55.1785,61.658,77.2969,10.581,20.2274,1275
2016-03-31 04:00:00,64.98,transfer,1.0,61.6656,0.0,55.007,55.007,61.6656,77.2969,10.5985,20.2064,1276
2016-03-31 05:00:00,67.26,transfer,1.0,61.6844,0.0,65.6188,65.6188,61.6844,77.2968,10.6274,20.1785,1277
2016-03-31 06:00:00,66.74,transfer,1.0,61.709,0.0,58.6048,58.6048,61.709,77.2968,10.6468,20.1601,1278
2016-03-31 07:00:00,60.53,transfer,1.0,61.7324,0.0,72.1721,72.1721,61.7324,77.2968,10.5344,20.2319,1279
2016-03-31 08:00:00,63.35,transfer,1.0,61.7592,0.0,67.4382,67.4382,61.7592,77.2968,10.3251,20.1877,1280
2016-03-31 09:00:00,67.68,transfer,1.0,61.773,0.0,65.959,65.959,61.773,77.2965,10.1294,20.1054,1281
2016-03-31 10:00:00,72.1,transfer,1.0,61.7668,0.0,54.9701,54.9701,61.7668,77.2964,9.987,20.0238,1282
2016-03-31 11:00:00,70.11,transfer,1.0,61.7603,0.0,54.1437,54.1437,61.7603,77.2964,9.796,19.9171,1283
2016-03-31 12:00:00,74.82,transfer,1.0,61.7567,0.0,79.4382,79.4382,61.7567,77.2963,9.6158,19.7654,1284
2016-03-31 13:00:00,72.28,transfer,1.0,61.7421,0.0,58.5481,58.5481,61.7421,77.2963,9.4482,19.6562,1285
2016-03-31 14:00:00,77.05,transfer,1.0,61.7242,0.0,58.9415,58.9415,61.7242,77.2964,9.3112,19.5209,1286
2016-03-31 15:00:00,74.85,transfer,1.0,61.6881,0.0,60.667,60.667,61.6881,77.2963,9.1662,19.4037,1287
2016-03-31 16:00:00,74.0,transfer,1.0,61.6419,0.0,63.1939,63.1939,61.6419,77.2963,9.0541,19.3295,1288
2016-03-31 17:00:00,68.85,transfer,1.0,61.5726,0.0,62.7766,62.7766,61.5726,77.2964,8.9918,19.3661,1289
2016-03-31 18:00:00,53.65,transfer,1.0,61.4808,0.0,65.4488,65.4488,61.4808,77.2965,8.9869,19.3631,1290
2016-03-31 19:00:00,57.88,transfer,1.0,61.3671,0.0,68.2745,68.2745,61.3671,77.2967,8.9557,19.3338,1291
2016-03-31 20:00:00,60.57,transfer,1.0,61.2493,0.0,70.9055,70.9055,61.2493,77.2968,8.9314,19.3114,1292
2016-03-31 21:00:00,57.94,transfer,1.0,61.1456,0.0,71.3514,71.3514,61.1456,77.2968,8.8652,19.2469,1293
2016-03-31 22:00:00,57.67,transfer,1.0,61.0543,0.0,63.618,63.618,61.0543,77.2968,8.8341,19.2173,1294
2016-03-31 23:00:00,55.98,transfer,1.0,60.964,0.0,72.5958,72.5958,60.964,77.2968,8.792,19.1765,1295
2016-04-01 00:00:00,55.54,transfer,1.0,60.8851,0.0,60.8741,60.8741,60.8851,77.2968,8.7488,19.1345,1296
2016-04-01 01:00:00,54.98,transfer,1.0,60.7541,0.0,63.4685,63.4685,60.7541,77.2966,8.705,19.0919,1297
2016-04-01 02:00:00,55.43,transfer,1.0,60.6507,0.0,67.1276,67.1276,60.6507,77.2966,8.6574,19.0459,1298
2016-04-01 03:00:00,55.53,transfer,1.0,60.6152,0.0,67.0215,67.0215,60.6152,77.2966,8.6092,18.9991,1299
2016-04-01 04:00:00,70.53,transfer,1.0,60.6548,0.0,54.8457,54.8457,60.6548,77.2965,8.6454,18.964,1300
2016-04-01 05:00:00,76.62,transfer,1.0,60.7446,0.0,59.7143,59.7143,60.7446,77.2964,8.7154,18.8949,1301
2016-04-01 06:00:00,73.68,transfer,1.0,60.9359,0.0,61.8913,61.8913,60.9359,77.2964,8.7549,18.8559,1302
2016-04-01 07:00:00,66.61,transfer,1.0,61.1381,0.0,57.4612,57.4612,61.1381,77.2964,8.633,18.861,1303
2016-04-01 08:00:00,69.48,transfer,1.0,61.2946,0.0,65.1586,65.1586,61.2946,77.2963,8.461,18.7818,1304
2016-04-01 09:00:00,69.7,transfer,1.0,61.3459,0.0,49.3871,49.3871,61.3459,77.2959,8.2641,18.6744,1305
2016-04-01 10:00:00,71.13,transfer,1.0,61.3722,0.0,63.1648,63.1648,61.3722,77.296,8.0707,18.5531,1306
2016-04-01 11:00:00,72.44,transfer,1.0,61.3646,0.0,39.1732,39.1732,61.3646,77.2959,7.8738,18.4125,1307
2016-04-01 12:00:00,73.71,transfer,1.0,61.3346,0.0,67.3328,67.3328,61.3346,77.2959,7.7476,18.327,1308
2016-04-01 13:00:00,70.37,transfer,1.0,61.2729,0.0,45.105,45.105,61.2729,77.2958,7.6107,18.2702,1309
2016-04-01 14:00:00,71.74,transfer,1.0,61.1681,0.0,65.9659,65.9659,61.1681,77.2958,7.5205,18.2432,1310
2016-04-01 15:00:00,71.57,transfer,1.0,60.9901,0.0,62.4942,62.4942,60.9901,77.2958,7.4624,18.2497,1311
2016-04-01 16:00:00,71.58,transfer,1.0,60.7325,0.0,64.0358,64.0358,60.7325,77.2958,7.4703,18.2465,1312
2016-04-01 17:00:00,65.55,transfer,1.0,60.3777,0.0,61.6716,61.6716,60.3777,77.296,7.4213,18.3015,1313
2016-04-01 18:00:00,50.92,transfer,1.0,59.9243,0.0,52.6707,52.6707,59.9243,77.2961,7.4112,18.2991,1314
2016-04-01 19:00:00,53.85,transfer,1.0,59.252,0.0,53.8079,53.8079,59.252,77.2962,7.379,18.2774,1315
2016-04-01 20:00:00,58.11,transfer,1.0,58.5159,0.0,47.4712,47.4712,58.5159,77.2964,7.333,18.2452,1316
2016-04-01 21:00:00,56.0,transfer,1.0,57.7979,0.0,54.4055,54.4055,57.7979,77.2964,7.2774,18.2065,1317
2016-04-01 22:00:00,55.95,transfer,1.0,57.2213,0.0,53.4329,53.4329,57.2213,77.2964,7.2194,18.1685,1318
2016-04-01 23:00:00,55.15,transfer,1.0,56.7864,0.0,48.2344,48.2344,56.7864,77.2965,7.1478,18.1193,1319
2016-04-02 00:00:00,54.47,transfer,1.0,56.56,0.0,57.7206,57.7206,56.56,77.2966,7.0775,18.0727,1320
2016-04-02 01:00:00,53.93,transfer,1.0,55.8867,0.0,53.5384,53.5384,55.8867,77.2964,7.0067,18.0286,1321
2016-04-02 02:00:00,54.03,transfer,1.0,55.3021,0.0,58.9678,58.9678,55.3021,77.2964,6.9322,17.983,1322
2016-04-02 03:00:00,53.89,transfer,1.0,54.936,0.0,50.2604,50.2604,54.936,77.2964,6.8587,17.9401,1323
2016-04-02 04:00:00,67.61,transfer,1.0,54.8905,0.0,41.2138,41.2138,54.8905,77.2964,6.9342,17.8949,1324
2016-04-02 05:00:00,67.89,transfer,1.0,55.2012,0.0,57.3591,57.3591,55.2012,77.2963,6.9941,17.8648,1325
2016-04-02 06:00:00,66.79,transfer,1.0,55.9275,0.0,53.4719,53.4719,55.9275,77.2963,7.0428,17.8433,1326
2016-04-02 07:00:00,62.38,transfer,1.0,56.819,0.0,63.525,63.525,56.819,77.2963,7.0462,17.8043,1327
2016-04-02 08:00:00,60.57,transfer,1.0,57.6331,0.0,50.3679,50.3679,57.6331,77.2963,7.0219,17.7656,1328
2016-04-02 09:00:00,63.61,transfer,1.0,58.152,0.0,64.4764,64.4764,58.152,77.2962,7.0253,17.7223,1329
2016-04-02 10:00:00,64.3,transfer,1.0,58.4587,0.0,50.4894,50.4894,58.4587,77.2961,7.0283,17.6724,1330
2016-04-02 11:00:00,63.63,transfer,1.0,58.6835,0.0,49.6286,49.6286,58.6835,77.2961,7.0242,17.625,1331
2016-04-02 12:00:00,65.36,transfer,1.0,58.7711,0.0,69.6173,69.6173,58.7711,77.296,7.03,17.5672,1332
2016-04-02 13:00:00,62.28,transfer,1.0,58.687,0.0,49.5058,49.5058,58.687,77.296,7.0038,17.513,1333
2016-04-02 14:00:00,58.25,transfer,1.0,58.4173,0.0,60.8727,60.8727,58.4173,77.296,6.9589,17.4836,1334
2016-04-02 15:00:00,61.95,transfer,1.0,57.8931,0.0,59.4874,59.4874,57.8931,77.296,6.9363,17.4296,1335
2016-04-02 16:00:00,61.32,transfer,1.0,56.9832,0.0,51.7197,51.7197,56.9832,77.2959,6.9298,17.391,1336
2016-04-02 17:00:00,61.1,transfer,1.0,55.7393,0.0,54.3629,54.3629,55.7393,77.2959,6.9206,17.3405,1337
2016-04-02 18:00:00,48.83,transfer,1.0,54.3057,0.0,45.1661,45.1661,54.3057,77.296,6.8512,17.2953,1338
2016-04-02 19:00:00,51.58,transfer,1.0,52.5767,0.0,49.7184,49.7184,52.5767,77.2961,6.7879,17.2552,1339
2016-04-02 20:00:00,56.39,transfer,1.0,50.8965,0.0,53.6363,53.6363,50.8965,77.2962,6.7952,17.2148,1340
2016-04-02 21:00:00,54.29,transfer,1.0,49.2026,0.0,53.7624,53.7624,49.2026,77.2962,6.8039,17.1724,1341
2016-04-02 22:00:00,54.79,transfer,1.0,47.97,0.0,47.672,47.672,47.97,77.2963,6.8441,17.1312,1342
2016-04-02 23:00:00,52.9,transfer,1.0,47.3057,0.0,49.0143,49.0143,47.3057,77.2963,6.8666,17.0958,1343
2016-04-03 00:00:00,52.68,transfer,1.0,46.498,0.0,46.6913,46.6913,46.498,77.2964,6.8823,17.0594,1344
2016-04-03 01:00:00,52.54,transfer,1.0,46.3703,0.0,44.5944,44.5944,46.3703,77.2964,6.8906,17.0243,1345
2016-04-03 02:00:00,52.31,transfer,1.0,46.6963,0.0,39.6779,39.6779,46.6963,77.2964,6.8928,16.9893,1346
2016-04-03 03:00:00,52.5,transfer,1.0,47.5759,0.0,48.98,48.98,47.5759,77.2965,6.8871,16.9553,1347
2016-04-03 04:00:00,65.7,transfer,1.0,49.3092,0.0,52.3531,52.3531,49.3092,77.2963,6.8697,16.9239,1348
2016-04-03 05:00:00,67.67,transfer,1.0,50.95,0.0,39.4206,39.4206,50.95,77.2964,6.8605,16.8798,1349
2016-04-03 06:00:00,67.26,transfer,1.0,53.2105,0.0,50.8626,50.8626,53.2105,77.2964,6.8462,16.8371,1350
2016-04-03 07:00:00,59.64,transfer,1.0,55.5217,0.0,69.0987,69.0987,55.5217,77.2964,6.8188,16.8068,1351
2016-04-03 08:00:00,60.17,transfer,1.0,57.4676,0.0,49.4749,49.4749,57.4676,77.2966,6.8189,16.7513,1352
2016-04-03 09:00:00,61.76,transfer,1.0,58.7038,0.0,45.792,45.792,58.7038,77.2964,6.8237,16.6918,1353
2016-04-03 10:00:00,61.31,transfer,1.0,59.5333,0.0,61.7587,61.7587,59.5333,77.2964,6.8177,16.6419,1354
2016-04-03 11:00:00,62.6,transfer,1.0,60.0497,0.0,52.213,52.213,60.0497,77.2964,6.8246,16.5767,1355
2016-04-03 12:00:00,62.2,transfer,1.0,60.3641,0.0,62.6388,62.6388,60.3641,77.2963,6.8208,16.5187,1356
2016-04-03 13:00:00,61.25,transfer,1.0,60.5037,0.0,55.7674,55.7674,60.5037,77.2963,6.8111,16.4618,1357
2016-04-03 14:00:00,60.47,transfer,1.0,60.5274,0.0,61.2731,61.2731,60.5274,77.2963,6.7898,16.4106,1358
2016-04-03 15:00:00,61.21,transfer,1.0,60.4578,0.0,65.0858,65.0858,60.4578,77.2963,6.7698,16.3496,1359
2016-04-03 16:00:00,60.41,transfer,1.0,60.2655,0.0,67.296,67.296,60.2655,77.2962,6.7315,16.2982,1360
2016-04-03 17:00:00,58.97,transfer,1.0,59.9788,0.0,56.1306,56.1306,59.9788,77.2963,6.684,16.2592,1361
2016-04-03 18:00:00,47.74,transfer,1.0,59.5564,0.0,68.4513,68.4513,59.5564,77.2964,6.7377,16.2396,1362
2016-04-03 19:00:00,48.12,transfer,1.0,58.9077,0.0,72.4979,72.4979,58.9077,77.2965,6.7444,16.2499,1363
2016-04-03 20:00:00,54.59,transfer,1.0,58.1943,0.0,72.0124,72.0124,58.1943,77.2966,6.6943,16.2299,1364
2016-04-03 21:00:00,54.28,transfer,1.0,57.3022,0.0,56.1871,56.1871,57.3022,77.2966,6.6363,16.2118,1365
2016-04-03 22:00:00,55.08,transfer,1.0,56.3908,0.0,54.6327,54.6327,56.3908,77.2966,6.56,16.1943,1366
2016-04-03 23:00:00,54.28,transfer,1.0,55.4041,0.0,42.4413,42.4413,55.4041,77.2966,6.4868,16.1763,1367
2016-04-04 00:00:00,54.04,transfer,1.0,54.4343,0.0,52.8841,52.8841,54.4343,77.2965,6.4101,16.1586,1368
2016-04-04 01:00:00,54.77,transfer,1.0,54.3866,0.0,48.3097,48.3097,54.3866,77.2967,6.3412,16.1346,1369
2016-04-04 02:00:00,53.78,transfer,1.0,54.8559,0.0,44.4443,44.4443,54.8559,77.2966,6.2897,16.1143,1370
2016-04-04 03:00:00,54.09,transfer,1.0,55.7645,0.0,50.0747,50.0747,55.7645,77.2966,6.2502,16.0958,1371
2016-04-04 04:00:00,67.33,transfer,1.0,56.8089,0.0,56.9707,56.9707,56.8089,77.2966,6.2039,16.0763,1372
2016-04-04 05:00:00,70.02,transfer,1.0,58.0783,0.0,67.4698,67.4698,58.0783,77.2965,6.1734,16.0545,1373
2016-04-04 06:00:00,67.56,transfer,1.0,59.3323,0.0,52.0239,52.0239,59.3323,77.2964,6.1426,16.0484,1374
2016-04-04 07:00:00,85.85,transfer,1.0,60.2858,0.0,62.583,62.583,60.2858,77.2964,6.2415,16.0278,1375
2016-04-04 08:00:00,102.99,transfer,1.0,60.9225,0.0,48.6632,48.6632,60.9225,77.2964,6.4587,16.1028,1376
2016-04-04 09:00:00,106.82,transfer,1.0,61.3562,0.0,49.8162,49.8162,61.3562,77.2962,6.6944,16.2095,1377
2016-04-04 10:00:00,110.61,transfer,1.0,61.6128,0.0,56.8251,56.8251,61.6128,77.2961,6.9481,16.3456,1378
2016-04-04 11:00:00,109.79,transfer,1.0,61.7495,0.0,71.1276,71.1276,61.7495,77.2961,7.197,16.4777,1379
2016-04-04 12:00:00,109.83,transfer,1.0,61.8192,0.0,69.2694,69.2694,61.8192,77.296,7.4429,16.6138,1380
2016-04-04 13:00:00,107.92,transfer,1.0,61.849,0.0,58.1884,58.1884,61.849,77.2959,7.6821,16.7336,1381
2016-04-04 14:00:00,110.61,transfer,1.0,61.8616,0.0,58.0952,58.0952,61.8616,77.2959,7.9354,16.8708,1382
2016-04-04 15:00:00,115.18,transfer,1.0,61.8641,0.0,57.2465,57.2465,61.8641,77.2959,8.2059,17.0441,1383
2016-04-04 16:00:00,105.51,transfer,1.0,61.8571,0.0,73.3825,73.3825,61.8571,77.2959,8.4579,17.1194,1384
2016-04-04 17:00:00,95.82,transfer,1.0,61.8484,0.0,72.0409,72.0409,61.8484,77.296,8.6512,17.1183,1385
2016-04-04 18:00:00,67.44,transfer,1.0,61.8311,0.0,50.8223,50.8223,61.8311,77.296,8.6074,16.9946,1386
2016-04-04 19:00:00,62.82,transfer,1.0,61.8035,0.0,60.3038,60.3038,61.8035,77.296,8.5666,16.9249,1387
2016-04-04 20:00:00,62.05,transfer,1.0,61.7671,0.0,49.8048,49.8048,61.7671,77.2963,8.5517,16.8873,1388
2016-04-04 21:00:00,57.83,transfer,1.0,61.733,0.0,50.6021,50.6021,61.733,77.2964,8.5493,16.8635,1389
2016-04-04 22:00:00,58.25,transfer,1.0,61.7022,0.0,67.3563,67.3563,61.7022,77.2964,8.549,16.8402,1390
2016-04-04 23:00:00,56.66,transfer,1.0,61.6838,0.0,63.0416,63.0416,61.6838,77.2965,8.5457,16.8128,1391
2016-04-05 00:00:00,56.27,transfer,1.0,61.6919,0.0,63.5243,63.5243,61.6919,77.2966,8.5446,16.787,1392
2016-04-05 01:00:00,55.95,transfer,1.0,61.7213,0.0,63.6456,63.6456,61.7213,77.2967,8.5621,16.7803,1393
2016-04-05 02:00:00,55.87,transfer,1.0,61.762,0.0,57.1653,57.1653,61.762,77.2968,8.5785,16.7744,1394
2016-04-05 03:00:00,56.51,transfer,1.0,61.8035,0.0,46.6208,46.6208,61.8035,77.2967,8.5882,16.7658,1395
2016-04-05 04:00:00,69.11,transfer,1.0,61.8457,0.0,48.7193,48.7193,61.8457,77.2968,8.5869,16.7529,1396
2016-04-05 05:00:00,73.42,transfer,1.0,61.8887,0.0,60.5984,60.5984,61.8887,77.2967,8.6016,16.7287,1397
2016-04-05 06:00:00,71.23,transfer,1.0,61.9263,0.0,53.6223,53.6223,61.9263,77.2966,8.6119,16.7124,1398
2016-04-05 07:00:00,87.75,transfer,1.0,61.953,0.0,53.4241,53.4241,61.953,77.2967,8.7592,16.686,1399
2016-04-05 08:00:00,106.89,transfer,1.0,61.9703,0.0,63.1414,63.1414,61.9703,77.2966,9.0144,16.7808,1400
2016-04-05 09:00:00,112.52,transfer,1.0,61.9846,0.0,54.5745,54.5745,61.9846,77.2964,9.2849,16.928,1401
2016-04-05 10:00:00,111.88,transfer,1.0,61.9954,0.0,63.748,63.748,61.9954,77.2964,9.5277,17.0955,1402
2016-04-05 11:00:00,111.7,transfer,1.0,62.002,0.0,61.5617,61.5617,62.002,77.2964,9.767,17.2645,1403
2016-04-05 12:00:00,110.92,transfer,1.0,62.0043,0.0,65.3147,65.3147,62.0043,77.2964,10.0054,17.4253,1404
2016-04-05 13:00:00,107.4,transfer,1.0,62.0045,0.0,59.8685,59.8685,62.0045,77.2964,10.2294,17.5587,1405
2016-04-05 14:00:00,108.12,transfer,1.0,62.0034,0.0,74.2809,74.2809,62.0034,77.2965,10.443,17.7111,1406
2016-04-05 15:00:00,106.28,transfer,1.0,62.0006,0.0,66.1352,66.1352,62.0006,77.2964,10.6637,17.8344,1407
2016-04-05 16:00:00,97.31,transfer,1.0,61.9964,0.0,66.9875,66.9875,61.9964,77.2965,10.859,17.8763,1408
2016-04-05 17:00:00,89.56,transfer,1.0,61.9906,0.0,63.1519,63.1519,61.9906,77.2965,11.0062,17.8401,1409
2016-04-05 18:00:00,68.78,transfer,1.0,61.9824,0.0,75.5853,75.5853,61.9824,77.2965,10.9598,17.7115,1410
2016-04-05 19:00:00,60.78,transfer,1.0,61.971,0.0,65.5577,65.5577,61.971,77.2967,10.8935,17.6437,1411
2016-04-05 20:00:00,63.86,transfer,1.0,61.9556,0.0,62.699,62.699,61.9556,77.2968,10.866,17.5918,1412
2016-04-05 21:00:00,58.99,transfer,1.0,61.944,0.0,76.1031,76.1031,61.944,77.2968,10.8319,17.5559,1413
2016-04-05 22:00:00,59.71,transfer,1.0,61.9361,0.0,48.176,48.176,61.9361,77.2968,10.795,17.5171,1414
2016-04-05 23:00:00,57.78,transfer,1.0,61.931,0.0,71.7776,71.7776,61.931,77.2968,10.7655,17.4857,1415
2016-04-06 00:00:00,57.4,transfer,1.0,61.9305,0.0,61.5597,61.5597,61.9305,77.2968,10.7374,17.4558,1416
2016-04-06 01:00:00,57.81,transfer,1.0,61.9318,0.0,65.2629,65.2629,61.9318,77.2969,10.7096,17.4262,1417
2016-04-06 02:00:00,58.16,transfer,1.0,61.9374,0.0,64.5681,64.5681,61.9374,77.2969,10.6845,17.3994,1418
2016-04-06 03:00:00,57.83,transfer,1.0,61.9465,0.0,48.2468,48.2468,61.9465,77.2969,10.6695,17.383,1419
2016-04-06 04:00:00,71.02,transfer,1.0,61.9575,0.0,64.8536,64.8536,61.9575,77.2969,10.6989,17.3522,1420
2016-04-06 05:00:00,74.5,transfer,1.0,61.9708,0.0,59.6383,59.6383,61.9708,77.2968,10.733,17.3169,1421
2016-04-06 06:00:00,71.85,transfer,1.0,61.9844,0.0,53.045,53.045,61.9844,77.2968,10.7608,17.288,1422
2016-04-06 07:00:00,88.96,transfer,1.0,61.9936,0.0,54.2064,54.2064,61.9936,77.2968,10.9154,17.2595,1423
2016-04-06 08:00:00,107.39,transfer,1.0,61.9994,0.0,74.4247,74.4247,61.9994,77.2969,11.1596,17.3729,1424
2016-04-06 09:00:00,109.45,transfer,1.0,62.0073,0.0,64.5626,64.5626,62.0073,77.2966,11.4133,17.5013,1425
2016-04-06 10:00:00,112.15,transfer,1.0,62.0103,0.0,60.6313,60.6313,62.0103,77.2965,11.6925,17.6366,1426
2016-04-06 11:00:00,109.24,transfer,1.0,62.0101,0.0,58.9515,58.9515,62.0101,77.2965,11.9379,17.7709,1427
2016-04-06 12:00:00,103.98,transfer,1.0,62.008,0.0,48.9981,48.9981,62.008,77.2965,12.1689,17.8571,1428
2016-04-06 13:00:00,102.64,transfer,1.0,62.0033,0.0,64.2722,64.2722,62.0033,77.2964,12.387,17.9402,1429
2016-04-06 14:00:00,105.48,transfer,1.0,61.997,0.0,64.1172,64.1172,61.997,77.2964,12.6084,18.0538,1430
2016-04-06 15:00:00,102.74,transfer,1.0,61.9901,0.0,68.0496,68.0496,61.9901,77.2964,12.8074,18.1571,1431
2016-04-06 16:00:00,91.21,transfer,1.0,61.982,0.0,66.233,66.233,61.982,77.2964,12.9434,18.1862,1432
2016-04-06 17:00:00,83.18,transfer,1.0,61.9717,0.0,58.2743,58.2743,61.9717,77.2964,13.0607,18.1382,1433
2016-04-06 18:00:00,65.96,transfer,1.0,61.9549,0.0,56.2203,56.2203,61.9549,77.2965,13.0088,18.0379,1434
2016-04-06 19:00:00,64.73,transfer,1.0,61.9339,0.0,71.3945,71.3945,61.9339,77.2967,12.9658,17.9608,1435
2016-04-06 20:00:00,64.85,transfer,1.0,61.9077,0.0,54.355,54.355,61.9077,77.2968,12.9515,17.9106,1436
2016-04-06 21:00:00,58.71,transfer,1.0,61.8916,0.0,64.5391,64.5391,61.8916,77.2968,12.9274,17.8855,1437
2016-04-06 22:00:00,59.49,transfer,1.0,61.8782,0.0,67.8945,67.8945,61.8782,77.2968,12.9046,17.8616,1438
2016-04-06 23:00:00,58.49,transfer,1.0,61.8678,0.0,57.4673,57.4673,61.8678,77.2968,12.8828,17.8388,1439
2016-04-07 00:00:00,58.21,transfer,1.0,61.863,0.0,53.055,53.055,61.863,77.2968,12.8607,17.8155,1440
2016-04-07 01:00:00,57.83,transfer,1.0,61.8554,0.0,74.0058,74.0058,61.8554,77.2967,12.8394,17.7932,1441
2016-04-07 02:00:00,57.79,transfer,1.0,61.856,0.0,55.3196,55.3196,61.856,77.2967,12.8217,17.7742,1442
2016-04-07 03:00:00,57.81,transfer,1.0,61.8654,0.0,50.0439,50.0439,61.8654,77.2967,12.8061,17.7574,1443
2016-04-07 04:00:00,67.71,transfer,1.0,61.879,0.0,63.0814,63.0814,61.879,77.2966,12.821,17.7411,1444
2016-04-07 05:00:00,70.55,transfer,1.0,61.8975,0.0,72.9945,72.9945,61.8975,77.2965,12.8394,17.7215,1445
2016-04-07 06:00:00,73.36,transfer,1.0,61.9154,0.0,57.2138,57.2138,61.9154,77.2964,12.8775,17.6821,1446
2016-04-07 07:00:00,89.67,transfer,1.0,61.9274,0.0,50.7781,50.7781,61.9274,77.2964,13.0355,17.656,1447
2016-04-07 08:00:00,112.15,transfer,1.0,61.9387,0.0,70.259,70.259,61.9387,77.2962,13.3249,17.7804,1448
2016-04-07 09:00:00,117.26,transfer,1.0,61.9542,0.0,62.5268,62.5268,61.9542,77.2958,13.619,17.9611,1449
2016-04-07 10:00:00,112.78,transfer,1.0,61.9639,0.0,69.2304,69.2304,61.9639,77.2956,13.8599,18.1414,1450
2016-04-07 11:00:00,110.58,transfer,1.0,61.9539,0.0,64.1529,64.1529,61.9539,77.2937,14.0997,18.2967,1451
2016-04-07 12:00:00,104.11,transfer,1.0,61.9413,0.0,50.7957,50.7957,61.9413,77.2955,14.2729,18.4416,1452
2016-04-07 13:00:00,105.57,transfer,1.0,61.934,0.0,59.4974,59.4974,61.934,77.2956,14.4699,18.58,1453
2016-04-07 14:00:00,104.55,transfer,1.0,61.9172,0.0,52.2055,52.2055,61.9172,77.2957,14.6325,18.7408,1454
2016-04-07 15:00:00,100.95,transfer,1.0,61.8975,0.0,71.7702,71.7702,61.8975,77.2956,14.7866,18.867,1455
2016-04-07 16:00:00,92.53,transfer,1.0,61.8723,0.0,62.0272,62.0272,61.8723,77.2956,14.8955,18.9381,1456
2016-04-07 17:00:00,88.72,transfer,1.0,61.8348,0.0,65.5059,65.5059,61.8348,77.2957,15.0122,18.9558,1457
2016-04-07 18:00:00,66.15,transfer,1.0,61.7754,0.0,43.3593,43.3593,61.7754,77.2951,14.9916,18.8814,1458
2016-04-07 19:00:00,64.9,transfer,1.0,61.7032,0.0,67.8444,67.8444,61.7032,77.296,14.9899,18.8396,1459
2016-04-07 20:00:00,65.45,transfer,1.0,61.6189,0.0,69.3662,69.3662,61.6189,77.2963,15.0087,18.8106,1460
2016-04-07 21:00:00,61.51,transfer,1.0,61.5502,0.0,67.034,67.034,61.5502,77.2963,14.9898,18.7893,1461
2016-04-07 22:00:00,62.49,transfer,1.0,61.497,0.0,59.9549,59.9549,61.497,77.2964,14.9756,18.7606,1462
2016-04-07 23:00:00,61.15,transfer,1.0,61.4646,0.0,48.5089,48.5089,61.4646,77.2965,14.9478,18.7298,1463
2016-04-08 00:00:00,61.17,transfer,1.0,61.4578,0.0,51.9857,51.9857,61.4578,77.2965,14.9177,18.6963,1464
2016-04-08 01:00:00,60.64,transfer,1.0,61.4515,0.0,56.7774,56.7774,61.4515,77.2964,14.8882,18.6626,1465
2016-04-08 02:00:00,60.41,transfer,1.0,61.4817,0.0,57.7543,57.7543,61.4817,77.2965,14.8635,18.633,1466
2016-04-08 03:00:00,60.87,transfer,1.0,61.5398,0.0,61.2304,61.2304,61.5398,77.2965,14.8372,18.6012,1467
2016-04-08 04:00:00,70.69,transfer,1.0,61.6166,0.0,70.3516,70.3516,61.6166,77.2965,14.8324,18.6003,1468
2016-04-08 05:00:00,74.63,transfer,1.0,61.6993,0.0,56.1894,56.1894,61.6993,77.2964,14.8149,18.6121,1469
2016-04-08 06:00:00,72.59,transfer,1.0,61.7761,0.0,70.815,70.815,61.7761,77.2964,14.8034,18.6186,1470
2016-04-08 07:00:00,91.89,transfer,1.0,61.8361,0.0,55.9148,55.9148,61.8361,77.2964,14.9497,18.6418,1471
2016-04-08 08:00:00,105.81,transfer,1.0,61.8766,0.0,63.3768,63.3768,61.8766,77.2964,15.1625,18.765,1472
2016-04-08 09:00:00,109.44,transfer,1.0,61.9146,0.0,51.8984,51.8984,61.9146,77.2961,15.3957,18.9112,1473
2016-04-08 10:00:00,104.61,transfer,1.0,61.9353,0.0,58.461,58.461,61.9353,77.296,15.5916,19.037,1474
2016-04-08 11:00:00,103.53,transfer,1.0,61.9446,0.0,64.1308,64.1308,61.9446,77.296,15.7732,19.1643,1475
2016-04-08 12:00:00,96.23,transfer,1.0,61.9469,0.0,49.6736,49.6736,61.9469,77.296,15.9036,19.2556,1476
2016-04-08 13:00:00,83.04,transfer,1.0,61.9437,0.0,58.9081,58.9081,61.9437,77.2961,15.975,19.2486,1477
2016-04-08 14:00:00,79.32,transfer,1.0,61.9346,0.0,67.614,67.614,61.9346,77.2961,16.0156,19.2276,1478
2016-04-08 15:00:00,77.81,transfer,1.0,61.9175,0.0,56.0796,56.0796,61.9175,77.2961,16.0472,19.1966,1479
2016-04-08 16:00:00,80.57,transfer,1.0,61.8955,0.0,47.1972,47.1972,61.8955,77.2961,16.0938,19.182,1480
2016-04-08 17:00:00,72.22,transfer,1.0,61.873,0.0,68.2228,68.2228,61.873,77.2962,16.1246,19.1423,1481
2016-04-08 18:00:00,54.08,transfer,1.0,61.8526,0.0,59.2224,59.2224,61.8526,77.2962,16.1173,19.1235,1482
2016-04-08 19:00:00,51.5,transfer,1.0,61.8101,0.0,61.4869,61.4869,61.8101,77.2964,16.1465,19.1375,1483
2016-04-08 20:00:00,58.3,transfer,1.0,61.7523,0.0,63.9272,63.9272,61.7523,77.2965,16.1646,19.1364,1484
2016-04-08 21:00:00,56.14,transfer,1.0,61.7018,0.0,49.9108,49.9108,61.7018,77.2965,16.187,19.1355,1485
2016-04-08 22:00:00,56.44,transfer,1.0,61.682,0.0,70.0219,70.0219,61.682,77.2966,16.2107,19.1326,1486
2016-04-08 23:00:00,55.42,transfer,1.0,61.68,0.0,55.6243,55.6243,61.68,77.2966,16.2382,19.131,1487
2016-04-09 00:00:00,55.15,transfer,1.0,61.6854,0.0,68.7298,68.7298,61.6854,77.2966,16.2646,19.127,1488
2016-04-09 01:00:00,55.14,transfer,1.0,61.6346,0.0,68.2884,68.2884,61.6346,77.2963,16.2917,19.1198,1489
2016-04-09 02:00:00,55.28,transfer,1.0,61.596,0.0,61.0029,61.0029,61.596,77.2963,16.3217,19.1123,1490
2016-04-09 03:00:00,55.8,transfer,1.0,61.5731,0.0,74.4804,74.4804,61.5731,77.2963,16.3498,19.101,1491
2016-04-09 04:00:00,68.78,transfer,1.0,61.566,0.0,55.8965,55.8965,61.566,77.2962,16.317,19.094,1492
2016-04-09 05:00:00,71.55,transfer,1.0,61.5714,0.0,69.0693,69.0693,61.5714,77.2961,16.3009,19.0722,1493
2016-04-09 06:00:00,68.64,transfer,1.0,61.5929,0.0,64.0619,64.0619,61.5929,77.2959,16.2782,19.0612,1494
2016-04-09 07:00:00,63.87,transfer,1.0,61.6161,0.0,73.0188,73.0188,61.6161,77.2959,16.2585,19.0523,1495
2016-04-09 08:00:00,61.16,transfer,1.0,61.6194,0.0,48.9899,48.9899,61.6194,77.2958,16.2438,19.0488,1496
2016-04-09 09:00:00,64.67,transfer,1.0,61.5789,0.0,60.9643,60.9643,61.5789,77.2953,16.2297,19.0425,1497
2016-04-09 10:00:00,65.98,transfer,1.0,61.4807,0.0,60.9148,60.9148,61.4807,77.295,16.2217,19.0325,1498
2016-04-09 11:00:00,66.43,transfer,1.0,61.2822,0.0,74.6637,74.6637,61.2822,77.2938,16.2229,19.0158,1499
2016-04-09 12:00:00,65.56,transfer,1.0,61.1016,0.0,64.0379,64.0379,61.1016,77.2944,16.2102,19.0146,1500
2016-04-09 13:00:00,64.05,transfer,1.0,60.8665,0.0,48.0611,48.0611,60.8665,77.2947,16.2078,19.0041,1501
2016-04-09 14:00:00,63.77,transfer,1.0,60.5686,0.0,64.8218,64.8218,60.5686,77.2949,16.2258,18.9712,1502
2016-04-09 15:00:00,64.55,transfer,1.0,60.175,0.0,70.0795,70.0795,60.175,77.2952,16.2277,18.9557,1503
2016-04-09 16:00:00,63.78,transfer,1.0,59.6422,0.0,60.2014,60.2014,59.6422,77.2954,16.2265,18.9411,1504
2016-04-09 17:00:00,64.34,transfer,1.0,58.9467,0.0,56.5787,56.5787,58.9467,77.2956,16.2267,18.9218,1505
2016-04-09 18:00:00,47.75,transfer,1.0,58.0384,0.0,64.0627,64.0627,58.0384,77.2959,16.2554,18.9282,1506
2016-04-09 19:00:00,49.22,transfer,1.0,56.7191,0.0,64.0898,64.0898,56.7191,77.2962,16.2941,18.9423,1507
2016-04-09 20:00:00,55.62,transfer,1.0,55.1977,0.0,60.3095,60.3095,55.1977,77.2964,16.2639,18.9468,1508
2016-04-09 21:00:00,54.01,transfer,1.0,53.504,0.0,61.8782,61.8782,53.504,77.2965,16.2366,18.9485,1509
2016-04-09 22:00:00,55.23,transfer,1.0,52.0335,0.0,60.8991,60.8991,52.0335,77.2965,16.2151,18.9459,1510
2016-04-09 23:00:00,54.39,transfer,1.0,50.6732,0.0,49.7787,49.7787,50.6732,77.2965,16.2039,18.937,1511
2016-04-10 00:00:00,54.24,blend,0.5389,62.353,0.0,43.1243,43.1243,49.567,77.2966,16.1949,18.9277,1512
2016-04-10 01:00:00,54.17,blend,0.5389,62.1699,0.0,44.0713,44.0713,49.2272,77.2966,16.1876,18.918,1513
2016-04-10 02:00:00,53.98,blend,0.5389,62.1867,0.0,47.1205,47.1205,49.2585,77.2966,16.1823,18.9081,1514
2016-04-10 03:00:00,54.41,blend,0.5389,62.456,0.0,48.2439,48.2439,49.7581,77.2966,16.1807,18.8967,1515
2016-04-10 04:00:00,66.54,blend,0.5389,63.0431,0.0,52.2992,52.2992,50.8475,77.2966,16.1765,18.8917,1516
2016-04-10 05:00:00,69.01,blend,0.5389,63.8728,0.0,46.7973,46.7973,52.3873,77.2965,16.1759,18.8838,1517
2016-04-10 06:00:00,66.61,blend,0.5389,64.9725,0.0,55.8736,55.8736,54.428,77.2964,16.1648,18.8876,1518
2016-04-10 07:00:00,59.83,blend,0.5389,66.1055,0.0,55.1794,55.1794,56.5303,77.2965,16.16,18.8865,1519
2016-04-10 08:00:00,60.29,blend,0.5389,67.0087,0.0,54.2161,54.2161,58.2063,77.2965,16.1563,18.8858,1520
2016-04-10 09:00:00,61.96,blend,0.5389,67.5065,0.0,63.9446,63.9446,59.1302,77.2962,16.1549,18.8846,1521
2016-04-10 10:00:00,61.49,blend,0.5389,67.793,0.0,77.8623,77.8623,59.662,77.296,16.1552,18.8835,1522
2016-04-10 11:00:00,63.13,blend,0.5389,67.9735,0.0,48.2225,48.2225,59.9969,77.2961,16.1587,18.8804,1523
2016-04-10 12:00:00,63.37,blend,0.5389,68.0518,0.0,65.9459,65.9459,60.1423,77.2961,16.167,18.8734,1524
2016-04-10 13:00:00,62.91,blend,0.5389,68.0662,0.0,67.6859,67.6859,60.1689,77.2962,16.1789,18.8635,1525
2016-04-10 14:00:00,62.63,blend,0.5389,68.0213,0.0,71.1215,71.1215,60.0855,77.2962,16.1937,18.8507,1526
2016-04-10 15:00:00,61.13,blend,0.5389,67.9093,0.0,71.0517,71.0517,59.8776,77.2963,16.1966,18.8511,1527
2016-04-10 16:00:00,60.61,blend,0.5389,67.711,0.0,58.1557,58.1557,59.5096,77.2963,16.2023,18.8499,1528
2016-04-10 17:00:00,60.58,blend,0.5389,67.4045,0.0,65.8968,65.8968,58.9409,77.2963,16.2061,18.8404,1529
2016-04-10 18:00:00,47.63,blend,0.5389,66.9838,0.0,59.1236,59.1236,58.1602,77.2964,16.1984,18.841,1530
2016-04-10 19:00:00,48.82,blend,0.5389,66.3908,0.0,56.9932,56.9932,57.0597,77.2965,16.1833,18.8369,1531
2016-04-10 20:00:00,55.47,blend,0.5389,65.6984,0.0,59.9901,59.9901,55.7747,77.2967,16.1636,18.8316,1532
2016-04-10 21:00:00,55.41,blend,0.5389,64.8357,0.0,55.6614,55.6614,54.174,77.2966,16.153,18.8249,1533
2016-04-10 22:00:00,56.05,blend,0.5389,63.9804,0.0,61.3367,61.3367,52.5869,77.2966,16.1658,18.8191,1534
2016-04-10 23:00:00,55.49,blend,0.5389,63.2694,0.0,49.0259,49.0259,51.2675,77.2966,16.1842,18.8119,1535
2016-04-11 00:00:00,54.89,blend,0.5389,62.6466,0.0,43.3967,43.3967,50.1118,77.2966,16.2103,18.8069,1536
2016-04-11 01:00:00,54.79,blend,0.5389,62.8034,0.0,49.9014,49.9014,50.4026,77.2967,16.2342,18.8067,1537
2016-04-11 02:00:00,54.82,blend,0.5389,63.4835,0.0,48.9305,48.9305,51.6646,77.2967,16.2465,18.8005,1538
2016-04-11 03:00:00,55.33,blend,0.5389,64.4892,0.0,56.9094,56.9094,53.5309,77.2967,16.2473,18.7932,1539
2016-04-11 04:00:00,70.04,blend,0.5389,65.6519,0.0,70.9031,70.9031,55.6883,77.2967,16.2701,18.777,1540
2016-04-11 05:00:00,71.28,blend,0.5389,66.7947,0.0,63.2214,63.2214,57.8091,77.2966,16.2792,18.7695,1541
2016-04-11 06:00:00,70.33,blend,0.5389,67.7373,0.0,67.3159,67.3159,59.5582,77.2965,16.2943,18.753,1542
2016-04-11 07:00:00,86.16,blend,0.5389,68.3098,0.0,66.6249,66.6249,60.6206,77.2965,16.2942,18.7549,1543
2016-04-11 08:00:00,104.31,blend,0.5389,68.6349,0.0,66.9733,66.9733,61.2239,77.2964,16.3002,18.7627,1544
2016-04-11 09:00:00,112.85,blend,0.5389,68.8214,0.0,62.8625,62.8625,61.5703,77.296,16.3349,18.7986,1545
2016-04-11 10:00:00,115.72,blend,0.5389,68.9244,0.0,69.7824,69.7824,61.7615,77.296,16.3644,18.8291,1546
2016-04-11 11:00:00,110.19,blend,0.5389,68.9755,0.0,64.7105,64.7105,61.8563,77.2959,16.3661,18.8314,1547
2016-04-11 12:00:00,104.79,blend,0.5389,68.9994,0.0,58.1306,58.1306,61.9008,77.2958,16.3357,18.8014,1548
2016-04-11 13:00:00,102.62,blend,0.5389,69.0102,0.0,65.0412,65.0412,61.9209,77.2958,16.3037,18.7699,1549
2016-04-11 14:00:00,104.41,blend,0.5389,69.0127,0.0,64.2657,64.2657,61.9257,77.2957,16.2664,18.733,1550
2016-04-11 15:00:00,106.01,blend,0.5389,69.0091,0.0,49.4623,49.4623,61.9189,77.2956,16.2115,18.6784,1551
2016-04-11 16:00:00,99.16,blend,0.5389,69.0037,0.0,70.3399,70.3399,61.909,77.2956,16.1734,18.6406,1552
2016-04-11 17:00:00,91.19,blend,0.5389,68.9951,0.0,72.5518,72.5518,61.8929,77.2956,16.1456,18.6131,1553
2016-04-11 18:00:00,69.67,blend,0.5389,68.983,0.0,57.0897,57.0897,61.8704,77.2958,16.1586,18.5998,1554
2016-04-11 19:00:00,67.16,blend,0.5389,68.9634,0.0,76.4177,76.4177,61.8338,77.296,16.1842,18.5739,1555
2016-04-11 20:00:00,68.57,blend,0.5389,68.9413,0.0,70.666,70.666,61.7926,77.2962,16.2229,18.5351,1556
2016-04-11 21:00:00,62.84,blend,0.5389,68.9252,0.0,61.0107,61.0107,61.7628,77.2963,16.2061,18.5053,1557
2016-04-11 22:00:00,63.45,blend,0.5389,68.9104,0.0,55.96,55.96,61.7354,77.2962,16.1957,18.4744,1558
2016-04-11 23:00:00,62.66,blend,0.5389,68.8971,0.0,63.0948,63.0948,61.7106,77.2963,16.1715,18.4386,1559
2016-04-12 00:00:00,62.47,blend,0.5389,68.8915,0.0,45.3531,45.3531,61.7003,77.2963,16.1438,18.4017,1560
2016-04-12 01:00:00,62.46,blend,0.5389,68.8934,0.0,57.8898,57.8898,61.7037,77.2964,16.1139,18.363,1561
2016-04-12 02:00:00,62.48,blend,0.5389,68.898,0.0,61.3331,61.3331,61.7122,77.2964,16.0834,18.3236,1562
2016-04-12 03:00:00,62.72,blend,0.5389,68.9065,0.0,52.743,52.743,61.728,77.2963,16.0578,18.2867,1563
2016-04-12 04:00:00,77.38,blend,0.5389,68.926,0.0,69.1662,69.1662,61.7641,77.2964,16.1076,18.2384,1564
2016-04-12 05:00:00,79.68,blend,0.5389,68.9494,0.0,63.6674,63.6674,61.8076,77.2963,16.1453,18.2296,1565
2016-04-12 06:00:00,80.55,blend,0.5389,68.9715,0.0,62.6984,62.6984,61.8487,77.2963,16.2012,18.2128,1566
2016-04-12 07:00:00,90.94,blend,0.5389,68.9871,0.0,67.2432,67.2432,61.8775,77.2963,16.2207,18.2318,1567
2016-04-12 08:00:00,112.93,blend,0.5389,69.0004,0.0,64.7297,64.7297,61.9024,77.2963,16.257,18.2678,1568
2016-04-12 09:00:00,117.95,blend,0.5389,69.0139,0.0,56.7348,56.7348,61.9274,77.2961,16.2897,18.3001,1569
2016-04-12 10:00:00,116.68,blend,0.5389,69.0246,0.0,67.8586,67.8586,61.9474,77.296,16.3185,18.3286,1570
2016-04-12 11:00:00,113.83,blend,0.5389,69.0291,0.0,60.5846,60.5846,61.9556,77.2961,16.3315,18.3413,1571
2016-04-12 12:00:00,110.36,blend,0.5389,69.0319,0.0,62.7568,62.7568,61.9608,77.2962,16.3284,18.338,1572
2016-04-12 13:00:00,104.91,blend,0.5389,69.0329,0.0,63.892,63.892,61.9627,77.2961,16.3139,18.3232,1573
2016-04-12 14:00:00,106.74,blend,0.5389,69.0327,0.0,59.2264,59.2264,61.9623,77.2962,16.3059,18.315,1574
2016-04-12 15:00:00,104.09,blend,0.5389,69.0311,0.0,52.345,52.345,61.9593,77.2962,16.2931,18.3019,1575
2016-04-12 16:00:00,96.26,blend,0.5389,69.0284,0.0,75.4194,75.4194,61.9543,77.2962,16.2871,18.2957,1576
2016-04-12 17:00:00,88.74,blend,0.5389,69.0244,0.0,65.5477,65.5477,61.9469,77.2963,16.2825,18.2908,1577
2016-04-12 18:00:00,62.4,blend,0.5389,69.0183,0.0,61.2091,61.2091,61.9356,77.2963,16.2448,18.3288,1578
2016-04-12 19:00:00,61.76,blend,0.5389,69.0091,0.0,59.7334,59.7334,61.9182,77.2965,16.2386,18.3229,1579
2016-04-12 20:00:00,63.54,blend,0.5389,68.9958,0.0,63.0085,63.0085,61.8935,77.2966,16.2371,18.3248,1580
2016-04-12 21:00:00,57.07,blend,0.5389,68.9886,0.0,56.5405,56.5405,61.8801,77.2966,16.2481,18.3363,1581
2016-04-12 22:00:00,58.18,blend,0.5389,68.9834,0.0,68.3217,68.3217,61.8704,77.2967,16.2569,18.3454,1582
2016-04-12 23:00:00,56.93,blend,0.5389,68.9814,0.0,60.0858,60.0858,61.8667,77.2966,16.2615,18.3504,1583
2016-04-13 00:00:00,56.83,blend,0.5389,68.9834,0.0,72.5232,72.5232,61.8705,77.2966,16.2646,18.3538,1584
2016-04-13 01:00:00,56.95,blend,0.5389,68.9878,0.0,59.6214,59.6214,61.8786,77.2967,16.2694,18.359,1585
2016-04-13 02:00:00,56.13,blend,0.5389,68.9951,0.0,58.8478,58.8478,61.8921,77.2967,16.2812,18.371,1586
2016-04-13 03:00:00,56.3,blend,0.5389,69.0036,0.0,56.285,56.285,61.908,77.2967,16.2901,18.3801,1587
2016-04-13 04:00:00,68.87,blend,0.5389,69.013,0.0,59.7389,59.7389,61.9253,77.2967,16.2775,18.3929,1588
2016-04-13 05:00:00,71.29,blend,0.5389,69.0238,0.0,54.0195,54.0195,61.9455,77.2966,16.2585,18.412,1589
2016-04-13 06:00:00,68.35,blend,0.5389,69.0342,0.0,72.1092,72.1092,61.9647,77.2966,16.2378,18.4329,1590
2016-04-13 07:00:00,88.67,blend,0.5389,69.0414,0.0,65.0996,65.0996,61.9781,77.2966,16.2362,18.4311,1591
2016-04-13 08:00:00,108.18,blend,0.5389,69.0465,0.0,62.162,62.162,61.9877,77.2964,16.2409,18.4359,1592
2016-04-13 09:00:00,111.82,blend,0.5389,69.0525,0.0,69.4433,69.4433,61.9991,77.2961,16.2551,18.45,1593
2016-04-13 10:00:00,109.01,blend,0.5389,69.0555,0.0,67.0758,67.0758,62.0048,77.296,16.2364,18.4313,1594
2016-04-13 11:00:00,113.45,blend,0.5389,69.0561,0.0,63.8763,63.8763,62.0058,77.2961,16.2615,18.4563,1595
2016-04-13 12:00:00,108.45,blend,0.5389,69.0557,0.0,62.1859,62.1859,62.0051,77.2961,16.2881,18.4829,1596
2016-04-13 13:00:00,99.66,blend,0.5389,69.0545,0.0,62.7932,62.7932,62.0027,77.2961,16.2704,18.4652,1597
2016-04-13 14:00:00,101.23,blend,0.5389,69.0519,0.0,65.131,65.131,61.9979,77.2962,16.2451,18.4399,1598
2016-04-13 15:00:00,98.46,blend,0.5389,69.0483,0.0,74.2963,74.2963,61.9914,77.2961,16.2196,18.4144,1599
2016-04-13 16:00:00,90.09,blend,0.5389,69.044,0.0,59.5554,59.5554,61.9833,77.2962,16.2129,18.4078,1600
2016-04-13 17:00:00,82.05,blend,0.5389,69.0386,0.0,48.7882,48.7882,61.9733,77.2963,16.2062,18.4011,1601
2016-04-13 18:00:00,61.51,blend,0.5389,69.0318,0.0,53.6343,53.6343,61.9604,77.2964,16.185,18.4275,1602
2016-04-13 19:00:00,58.42,blend,0.5389,69.0213,0.0,66.1959,66.1959,61.9409,77.2966,16.1894,18.4651,1603
2016-04-13 20:00:00,62.44,blend,0.5389,69.0078,0.0,68.006,68.006,61.9156,77.2967,16.175,18.4794,1604
2016-04-13 21:00:00,55.39,blend,0.5389,68.9983,0.0,64.7407,64.7407,61.898,77.2967,16.1948,18.4992,1605
2016-04-13 22:00:00,55.56,blend,0.5389,68.9928,0.0,69.2628,69.2628,61.8879,77.2968,16.2182,18.5226,1606
2016-04-13 23:00:00,54.64,blend,0.5389,68.9887,0.0,61.4335,61.4335,61.8802,77.2967,16.2412,18.5455,1607
2016-04-14 00:00:00,54.26,blend,0.5389,68.9877,0.0,72.851,72.851,61.8784,77.2967,16.2648,18.569,1608
2016-04-14 01:00:00,54.18,blend,0.5389,68.9864,0.0,58.0816,58.0816,61.876,77.2967,16.2867,18.5907,1609
2016-04-14 02:00:00,54.04,blend,0.5389,68.9888,0.0,57.5511,57.5511,61.8804,77.2967,16.3091,18.6131,1610
2016-04-14 03:00:00,54.3,blend,0.5389,68.9942,0.0,49.1769,49.1769,61.8906,77.2967,16.3302,18.634,1611
2016-04-14 04:00:00,65.11,blend,0.5389,69.002,0.0,57.0222,57.0222,61.905,77.2967,16.3145,18.6494,1612
2016-04-14 05:00:00,68.63,blend,0.5389,69.012,0.0,40.3552,40.3552,61.9237,77.2965,16.303,18.6609,1613
2016-04-14 06:00:00,62.19,blend,0.5389,69.0225,0.0,72.0459,72.0459,61.9432,77.2965,16.2363,18.7274,1614
2016-04-14 07:00:00,84.03,blend,0.5389,69.0304,0.0,75.0811,75.0811,61.9578,77.2965,16.2025,18.6938,1615
2016-04-14 08:00:00,103.43,blend,0.5389,69.0355,0.0,67.9819,67.9819,61.9674,77.2963,16.1505,18.6419,1616
2016-04-14 09:00:00,107.32,blend,0.5389,69.0423,0.0,82.3784,82.3784,61.9804,77.2959,16.0912,18.5827,1617
2016-04-14 10:00:00,104.18,blend,0.5389,69.0459,0.0,59.704,59.704,61.9872,77.2958,16.0398,18.5315,1618
2016-04-14 11:00:00,100.82,blend,0.5389,69.0458,0.0,68.4128,68.4128,61.987,77.2958,15.9815,18.4734,1619
2016-04-14 12:00:00,99.64,blend,0.5389,69.0437,0.0,71.5678,71.5678,61.9831,77.2959,15.9547,18.4468,1620
2016-04-14 13:00:00,96.76,blend,0.5389,69.04,0.0,49.4403,49.4403,61.9761,77.2959,15.902,18.3944,1621
2016-04-14 14:00:00,95.45,blend,0.5389,69.036,0.0,52.5254,52.5254,61.9686,77.2961,15.8475,18.3402,1622
2016-04-14 15:00:00,91.84,blend,0.5389,69.0308,0.0,62.9039,62.9039,61.959,77.2961,15.7929,18.286,1623
2016-04-14 16:00:00,78.28,blend,0.5389,69.023,0.0,72.1145,72.1145,61.9444,77.296,15.7077,18.2011,1624
2016-04-14 17:00:00,73.06,blend,0.5389,69.0133,0.0,56.5208,56.5208,61.9263,77.2961,15.6139,18.1584,1625
2016-04-14 18:00:00,56.88,blend,0.5389,68.9986,0.0,71.8334,71.8334,61.8989,77.2962,15.6177,18.2135,1626
2016-04-14 19:00:00,50.51,blend,0.5389,68.978,0.0,57.1399,57.1399,61.8605,77.2965,15.6663,18.2992,1627
2016-04-14 20:00:00,56.0,blend,0.5389,68.9507,0.0,65.4578,65.4578,61.8098,77.2966,15.6781,18.3554,1628
2016-04-14 21:00:00,49.81,blend,0.5389,68.9229,0.0,56.4196,56.4196,61.7582,77.2966,15.7489,18.4251,1629
2016-04-14 22:00:00,50.21,blend,0.5389,68.9035,0.0,66.5879,66.5879,61.7223,77.2966,15.8116,18.4982,1630
2016-04-14 23:00:00,48.78,blend,0.5389,68.8879,0.0,65.1708,65.1708,61.6933,77.2966,15.8865,18.5718,1631
2016-04-15 00:00:00,47.83,blend,0.5389,68.8763,0.0,45.0003,45.0003,61.6717,77.2966,15.9672,18.6512,1632
2016-04-15 01:00:00,47.36,blend,0.5389,68.8582,0.0,57.3331,57.3331,61.6383,77.2965,16.0474,18.7303,1633
2016-04-15 02:00:00,47.2,blend,0.5389,68.8477,0.0,54.2216,54.2216,61.6188,77.2965,16.1268,18.8089,1634
2016-04-15 03:00:00,46.97,blend,0.5389,68.8489,0.0,51.2437,51.2437,61.621,77.2965,16.21,18.8916,1635
2016-04-15 04:00:00,59.02,blend,0.5389,68.8566,0.0,62.9053,62.9053,61.6354,77.2965,16.1716,18.9611,1636
2016-04-15 05:00:00,62.12,blend,0.5389,68.8739,0.0,51.0851,51.0851,61.6676,77.2963,16.0973,19.0356,1637
2016-04-15 06:00:00,58.22,blend,0.5389,68.8999,0.0,74.2204,74.2204,61.7159,77.2963,16.0538,19.1211,1638
2016-04-15 07:00:00,53.57,blend,0.5389,68.9208,0.0,72.0028,72.0028,61.7545,77.2963,15.9236,19.1755,1639
2016-04-15 08:00:00,53.91,blend,0.5389,68.941,0.0,68.2279,68.2279,61.7921,77.2962,15.709,19.1449,1640
2016-04-15 09:00:00,53.62,blend,0.5389,68.9502,0.0,58.2375,58.2375,61.8097,77.2958,15.4749,19.0945,1641
2016-04-15 10:00:00,52.27,blend,0.5389,68.9476,0.0,60.1466,60.1466,61.8048,77.2957,15.2776,19.0809,1642
2016-04-15 11:00:00,51.69,blend,0.5389,68.9381,0.0,66.6041,66.6041,61.7871,77.2958,15.0902,19.0772,1643
2016-04-15 12:00:00,51.15,blend,0.5389,68.9255,0.0,67.7096,67.7096,61.7637,77.2958,14.9493,19.1201,1644
2016-04-15 13:00:00,51.78,blend,0.5389,68.9082,0.0,59.9145,59.9145,61.7315,77.2959,14.8829,19.2378,1645
2016-04-15 14:00:00,51.21,blend,0.5389,68.8838,0.0,71.1361,71.1361,61.6861,77.296,14.8418,19.381,1646
2016-04-15 15:00:00,52.66,blend,0.5389,68.8516,0.0,58.5514,58.5514,61.6264,77.296,14.8006,19.5246,1647
2016-04-15 16:00:00,52.09,blend,0.5389,68.8007,0.0,55.512,55.512,61.5319,77.2961,14.7456,19.6552,1648
2016-04-15 17:00:00,52.63,blend,0.5389,68.7334,0.0,56.788,56.788,61.4069,77.2963,14.7363,19.7718,1649
2016-04-15 18:00:00,40.98,blend,0.5389,68.6342,0.0,57.1554,57.1554,61.2227,77.2964,14.8105,19.8497,1650
2016-04-15 19:00:00,41.5,blend,0.5389,68.4749,0.0,54.5272,54.5272,60.9269,77.2966,14.8648,19.9093,1651
2016-04-15 20:00:00,49.4,blend,0.5389,68.2665,0.0,68.4549,68.4549,60.5401,77.2967,14.9105,19.9622,1652
2016-04-15 21:00:00,47.89,blend,0.5389,67.9945,0.0,57.5299,57.5299,60.0355,77.2966,14.9497,20.0114,1653
2016-04-15 22:00:00,48.49,blend,0.5389,67.6896,0.0,57.1594,57.1594,59.4696,77.2967,14.9839,20.0587,1654
2016-04-15 23:00:00,47.46,blend,0.5389,67.2778,0.0,65.4482,65.4482,58.7055,77.2967,15.0136,20.1061,1655
2016-04-16 00:00:00,47.06,blend,0.5389,66.7846,0.0,45.8496,45.8496,57.7902,77.2967,15.0385,20.1542,1656
2016-04-16 01:00:00,46.91,blend,0.5389,65.8613,0.0,49.5639,49.5639,56.0773,77.2964,15.0544,20.2032,1657
2016-04-16 02:00:00,46.9,blend,0.5389,64.6669,0.0,56.545,56.545,53.8609,77.2964,15.0583,20.2531,1658
2016-04-16 03:00:00,47.08,blend,0.5389,63.4241,0.0,47.3173,47.3173,51.5547,77.2964,15.0506,20.305,1659
2016-04-16 04:00:00,60.48,blend,0.5389,62.3646,0.0,51.9958,51.9958,49.5886,77.2964,15.0724,20.3544,1660
2016-04-16 05:00:00,62.13,blend,0.5389,61.6514,0.0,49.2615,49.2615,48.2654,77.2963,15.0956,20.4105,1661
2016-04-16 06:00:00,57.08,blend,0.5389,61.44,0.0,53.8449,53.8449,47.8731,77.2962,15.1084,20.4793,1662
2016-04-16 07:00:00,52.54,blend,0.5389,61.6686,0.0,50.1242,50.1242,48.2971,77.2963,15.1203,20.5467,1663
2016-04-16 08:00:00,53.19,blend,0.5389,62.1402,0.0,50.348,50.348,49.1725,77.2962,15.1414,20.5942,1664
2016-04-16 09:00:00,53.76,blend,0.5389,62.2486,0.0,52.3325,52.3325,49.3739,77.2958,15.1492,20.6591,1665
2016-04-16 10:00:00,53.42,blend,0.5389,62.0844,0.0,44.5755,44.5755,49.0692,77.2957,15.1483,20.7339,1666
2016-04-16 11:00:00,52.9,blend,0.5389,61.7053,0.0,52.4387,52.4387,48.3659,77.2956,15.1446,20.8144,1667
2016-04-16 12:00:00,51.17,blend,0.5389,61.1447,0.0,39.5094,39.5094,47.3257,77.2957,15.141,20.9001,1668
2016-04-16 13:00:00,50.87,blend,0.5389,60.3968,0.0,41.4428,41.4428,45.9379,77.2957,15.1514,20.9785,1669
2016-04-16 14:00:00,51.1,blend,0.5389,59.4715,0.0,44.1124,44.1124,44.2207,77.2958,15.1733,21.054,1670
2016-04-16 15:00:00,49.56,blend,0.5389,58.4849,0.0,39.0297,39.0297,42.39,77.2958,15.1899,21.1432,1671
2016-04-16 16:00:00,49.79,blend,0.5389,57.491,0.0,41.0909,41.0909,40.5456,77.2958,15.2203,21.2265,1672
2016-04-16 17:00:00,52.5,blend,0.5389,56.5256,0.0,39.7341,39.7341,38.7541,77.2959,15.27,21.2969,1673
2016-04-16 18:00:00,40.96,blend,0.5389,55.6583,0.0,35.9957,35.9957,37.1448,77.296,15.2315,21.3374,1674
2016-04-16 19:00:00,40.64,blend,0.5389,54.9278,0.0,39.175,39.175,35.7889,77.2963,15.2157,21.3884,1675
2016-04-16 20:00:00,49.4,blend,0.5389,54.3416,0.0,38.3947,38.3947,34.7011,77.2964,15.3007,21.4255,1676
2016-04-16 21:00:00,47.54,blend,0.5389,53.8491,0.0,28.2033,28.2033,33.7873,77.2963,15.3796,21.464,1677
2016-04-16 22:00:00,48.38,blend,0.5389,53.5266,0.0,39.8733,39.8733,33.1888,77.2964,15.4509,21.5047,1678
2016-04-16 23:00:00,47.31,blend,0.5389,53.3266,0.0,30.3551,30.3551,32.8176,77.2964,15.5151,21.5469,1679
2016-04-17 00:00:00,47.1,transfer,1.0,32.7345,0.0,31.1571,31.1571,32.7345,77.2964,15.5728,21.5894,1680
2016-04-17 01:00:00,46.81,transfer,1.0,32.8881,0.0,32.5002,32.5002,32.8881,77.2963,15.6262,21.6332,1681
2016-04-17 02:00:00,46.95,transfer,1.0,33.217,0.0,29.7155,29.7155,33.217,77.2963,15.6799,21.675,1682
2016-04-17 03:00:00,46.97,transfer,1.0,33.7158,0.0,26.3344,26.3344,33.7158,77.2963,15.7311,21.7193,1683
2016-04-17 04:00:00,59.11,transfer,1.0,34.4798,0.0,28.6897,28.6897,34.4798,77.2963,15.7843,21.7635,1684
2016-04-17 05:00:00,58.24,transfer,1.0,35.3916,0.0,34.3789,34.3789,35.3916,77.2961,15.8213,21.8277,1685
2016-04-17 06:00:00,55.52,transfer,1.0,36.7138,0.0,37.579,37.579,36.7138,77.2961,15.8608,21.8937,1686
2016-04-17 07:00:00,49.67,transfer,1.0,38.2905,0.0,41.0034,41.0034,38.2905,77.2962,15.9089,21.9541,1687
2016-04-17 08:00:00,50.14,transfer,1.0,40.1783,0.0,39.3796,39.3796,40.1783,77.2961,15.9557,22.0146,1688
2016-04-17 09:00:00,49.33,transfer,1.0,41.3301,0.0,33.9919,33.9919,41.3301,77.2958,15.9865,22.0897,1689
2016-04-17 10:00:00,50.04,transfer,1.0,41.8549,0.0,41.8379,41.8379,41.8549,77.2957,16.0244,22.1579,1690
2016-04-17 11:00:00,50.43,transfer,1.0,41.9571,0.0,35.1185,35.1185,41.9571,77.2958,16.0561,22.2335,1691
2016-04-17 12:00:00,51.13,transfer,1.0,41.6604,0.0,40.6614,40.6614,41.6604,77.2958,16.0933,22.3063,1692
2016-04-17 13:00:00,50.22,transfer,1.0,41.0562,0.0,38.1462,38.1462,41.0562,77.2959,16.1315,22.3819,1693
2016-04-17 14:00:00,49.41,transfer,1.0,40.1925,0.0,43.9603,43.9603,40.1925,77.2958,16.1713,22.4606,1694
2016-04-17 15:00:00,48.68,transfer,1.0,39.0994,0.0,38.1609,38.1609,39.0994,77.2959,16.2208,22.5347,1695
2016-04-17 16:00:00,52.95,transfer,1.0,37.9028,0.0,33.8518,33.8518,37.9028,77.2958,16.3038,22.5802,1696
2016-04-17 17:00:00,52.33,transfer,1.0,36.6472,0.0,40.5705,40.5705,36.6472,77.2959,16.3874,22.6294,1697
2016-04-17 18:00:00,39.16,transfer,1.0,35.4325,0.0,33.9814,33.9814,35.4325,77.2959,16.3469,22.6798,1698
2016-04-17 19:00:00,38.48,transfer,1.0,34.3594,0.0,33.4189,33.4189,34.3594,77.2961,16.3224,22.7413,1699
2016-04-17 20:00:00,46.45,transfer,1.0,33.5581,0.0,25.1683,25.1683,33.5581,77.2963,16.3973,22.795,1700
2016-04-17 21:00:00,46.95,transfer,1.0,32.8623,0.0,28.1079,28.1079,32.8623,77.2962,16.4738,22.8454,1701
2016-04-17 22:00:00,48.3,transfer,1.0,32.4112,0.0,31.9675,31.9675,32.4112,77.2962,16.5478,22.8915,1702
2016-04-17 23:00:00,47.69,transfer,1.0,32.1637,0.0,35.6142,35.6142,32.1637,77.2962,16.6151,22.9379,1703
2016-04-18 00:00:00,47.05,transfer,1.0,32.0205,0.0,32.7141,32.7141,32.0205,77.2962,16.6761,22.9846,1704
2016-04-18 01:00:00,46.98,transfer,1.0,32.5469,0.0,30.6546,30.6546,32.5469,77.2964,16.7359,23.0311,1705
2016-04-18 02:00:00,46.76,transfer,1.0,33.6876,0.0,38.6877,38.6877,33.6876,77.2964,16.7949,23.079,1706
2016-04-18 03:00:00,46.85,transfer,1.0,35.3269,0.0,29.7954,29.7954,35.3269,77.2964,16.8528,23.1295,1707
2016-04-18 04:00:00,56.2,transfer,1.0,37.5231,0.0,37.3902,37.3902,37.5231,77.2964,16.8786,23.2119,1708
2016-04-18 05:00:00,58.47,transfer,1.0,40.2741,0.0,39.8037,39.8037,40.2741,77.2962,16.9067,23.2881,1709
2016-04-18 06:00:00,57.61,transfer,1.0,43.7518,0.0,45.9412,45.9412,43.7518,77.2961,16.9251,23.3638,1710
2016-04-18 07:00:00,70.28,transfer,1.0,47.6965,0.0,44.622,44.622,47.6965,77.2962,16.9075,23.3529,1711
2016-04-18 08:00:00,89.05,transfer,1.0,51.6956,0.0,41.9494,41.9494,51.6956,77.296,16.8733,23.262,1712
2016-04-18 09:00:00,98.15,transfer,1.0,55.1283,0.0,42.9753,42.9753,55.1283,77.2957,16.8242,23.1745,1713
2016-04-18 10:00:00,96.9,transfer,1.0,57.9188,0.0,53.1726,53.1726,57.9188,77.2956,16.735,23.0625,1714
2016-04-18 11:00:00,95.38,transfer,1.0,59.6583,0.0,51.3029,51.3029,59.6583,77.2956,16.66,22.9743,1715
2016-04-18 12:00:00,91.75,transfer,1.0,60.5424,0.0,59.9716,59.9716,60.5424,77.2957,16.5904,22.8967,1716
2016-04-18 13:00:00,89.78,transfer,1.0,60.9478,0.0,50.0123,50.0123,60.9478,77.2957,16.5198,22.8203,1717
2016-04-18 14:00:00,95.18,transfer,1.0,61.0866,0.0,62.495,62.495,61.0866,77.2957,16.4699,22.7654,1718
2016-04-18 15:00:00,95.55,transfer,1.0,61.0906,0.0,60.7253,60.7253,61.0906,77.2957,16.4125,22.7031,1719
2016-04-18 16:00:00,80.56,transfer,1.0,61.0527,0.0,66.5411,66.5411,61.0527,77.2957,16.3069,22.5924,1720
2016-04-18 17:00:00,76.88,transfer,1.0,60.9599,0.0,59.9728,59.9728,60.9599,77.2957,16.2273,22.5122,1721
2016-04-18 18:00:00,57.35,transfer,1.0,60.6968,0.0,60.167,60.167,60.6968,77.2958,16.2008,22.5855,1722
2016-04-18 19:00:00,53.74,transfer,1.0,60.2791,0.0,55.3433,55.3433,60.2791,77.296,16.208,22.6654,1723
2016-04-18 20:00:00,58.29,transfer,1.0,59.9302,0.0,57.7651,57.7651,59.9302,77.2962,16.1774,22.7266,1724
2016-04-18 21:00:00,51.45,transfer,1.0,59.548,0.0,61.5391,61.5391,59.548,77.2963,16.2192,22.7944,1725
2016-04-18 22:00:00,49.56,transfer,1.0,59.3026,0.0,57.9467,57.9467,59.3026,77.2963,16.267,22.877,1726
2016-04-18 23:00:00,48.25,transfer,1.0,59.0575,0.0,70.1859,70.1859,59.0575,77.2962,16.3257,22.9628,1727
2016-04-19 00:00:00,48.52,transfer,1.0,58.8474,0.0,60.6995,60.6995,58.8474,77.2963,16.3826,23.0458,1728
2016-04-19 01:00:00,47.94,transfer,1.0,58.7951,0.0,60.9369,60.9369,58.7951,77.2964,16.4427,23.1323,1729
2016-04-19 02:00:00,47.58,transfer,1.0,58.9125,0.0,69.0933,69.0933,58.9125,77.2964,16.5056,23.221,1730
2016-04-19 03:00:00,47.94,transfer,1.0,59.245,0.0,46.4256,46.4256,59.245,77.2964,16.5669,23.3089,1731
2016-04-19 04:00:00,61.7,transfer,1.0,59.723,0.0,64.2126,64.2126,59.723,77.2964,16.4858,23.4013,1732
2016-04-19 05:00:00,63.66,transfer,1.0,60.2796,0.0,71.5956,71.5956,60.2796,77.2962,16.3995,23.4683,1733
2016-04-19 06:00:00,59.53,transfer,1.0,60.8213,0.0,67.1851,67.1851,60.8213,77.2962,16.2959,23.5546,1734
2016-04-19 07:00:00,81.81,transfer,1.0,61.1961,0.0,62.3366,62.3366,61.1961,77.2962,16.2456,23.5003,1735
2016-04-19 08:00:00,99.48,transfer,1.0,61.4461,0.0,57.4025,57.4025,61.4461,77.2962,16.1682,23.4202,1736
2016-04-19 09:00:00,113.91,transfer,1.0,61.6407,0.0,55.2625,55.2625,61.6407,77.2959,16.1459,23.3962,1737
2016-04-19 10:00:00,116.95,transfer,1.0,61.7721,0.0,64.2686,64.2686,61.7721,77.2958,16.1485,23.3978,1738
2016-04-19 11:00:00,112.92,transfer,1.0,61.8419,0.0,66.9455,66.9455,61.8419,77.2958,16.1438,23.3924,1739
2016-04-19 12:00:00,113.7,transfer,1.0,61.8747,0.0,63.6981,63.6981,61.8747,77.2958,16.1642,23.4123,1740
2016-04-19 13:00:00,102.82,transfer,1.0,61.8817,0.0,57.009,57.009,61.8817,77.2957,16.1522,23.3998,1741
2016-04-19 14:00:00,109.02,transfer,1.0,61.8845,0.0,68.8576,68.8576,61.8845,77.2958,16.1663,23.4134,1742
2016-04-19 15:00:00,108.0,transfer,1.0,61.8722,0.0,54.3369,54.3369,61.8722,77.2958,16.1901,23.4367,1743
2016-04-19 16:00:00,105.58,transfer,1.0,61.8597,0.0,51.7493,51.7493,61.8597,77.2958,16.2461,23.4922,1744
2016-04-19 17:00:00,86.92,transfer,1.0,61.8373,0.0,58.1998,58.1998,61.8373,77.2959,16.2359,23.4813,1745
2016-04-19 18:00:00,58.16,transfer,1.0,61.8108,0.0,54.9349,54.9349,61.8108,77.296,16.2549,23.5066,1746
2016-04-19 19:00:00,52.94,transfer,1.0,61.7526,0.0,64.7324,64.7324,61.7526,77.2962,16.3064,23.5591,1747
2016-04-19 20:00:00,56.31,transfer,1.0,61.6676,0.0,56.1559,56.1559,61.6676,77.2964,16.3285,23.6021,1748
2016-04-19 21:00:00,49.83,transfer,1.0,61.5963,0.0,56.4767,56.4767,61.5963,77.2964,16.3699,23.6452,1749
2016-04-19 22:00:00,50.56,transfer,1.0,61.5556,0.0,62.5687,62.5687,61.5556,77.2964,16.4134,23.6905,1750
2016-04-19 23:00:00,49.71,transfer,1.0,61.5371,0.0,68.626,68.626,61.5371,77.2964,16.4544,23.7335,1751
2016-04-20 00:00:00,48.62,transfer,1.0,61.5379,0.0,65.2358,65.2358,61.5379,77.2964,16.5013,23.7824,1752
2016-04-20 01:00:00,48.41,transfer,1.0,61.5591,0.0,60.2575,60.2575,61.5591,77.2965,16.5502,23.8332,1753
2016-04-20 02:00:00,48.11,transfer,1.0,61.6023,0.0,61.6915,61.6915,61.6023,77.2966,16.5962,23.881,1754
2016-04-20 03:00:00,48.64,transfer,1.0,61.6596,0.0,64.7814,64.7814,61.6596,77.2966,16.6404,23.9266,1755
2016-04-20 04:00:00,59.86,transfer,1.0,61.723,0.0,60.9217,60.9217,61.723,77.2966,16.6101,23.9802,1756
2016-04-20 05:00:00,63.19,transfer,1.0,61.791,0.0,66.188,66.188,61.791,77.2965,16.5628,24.0284,1757
2016-04-20 06:00:00,56.4,transfer,1.0,61.8518,0.0,57.116,57.116,61.8518,77.2964,16.5573,24.0995,1758
2016-04-20 07:00:00,76.4,transfer,1.0,61.8932,0.0,66.7646,66.7646,61.8932,77.2965,16.4847,24.0372,1759
2016-04-20 08:00:00,98.78,transfer,1.0,61.921,0.0,71.3249,71.3249,61.921,77.2963,16.4292,23.9812,1760
2016-04-20 09:00:00,107.22,transfer,1.0,61.9489,0.0,60.8378,60.8378,61.9489,77.2958,16.4021,23.9538,1761
2016-04-20 10:00:00,107.14,transfer,1.0,61.9687,0.0,63.9146,63.9146,61.9687,77.2958,16.3912,23.9427,1762
2016-04-20 11:00:00,105.74,transfer,1.0,61.9782,0.0,49.5278,49.5278,61.9782,77.2958,16.3454,23.8968,1763
2016-04-20 12:00:00,111.12,transfer,1.0,61.9819,0.0,69.6056,69.6056,61.9819,77.2958,16.3615,23.9127,1764
2016-04-20 13:00:00,111.79,transfer,1.0,61.9808,0.0,63.4612,63.4612,61.9808,77.2958,16.4338,23.9849,1765
2016-04-20 14:00:00,107.17,transfer,1.0,61.9777,0.0,58.0383,58.0383,61.9777,77.2959,16.4693,24.0203,1766
2016-04-20 15:00:00,99.54,transfer,1.0,61.9733,0.0,58.6871,58.6871,61.9733,77.296,16.4758,24.0267,1767
2016-04-20 16:00:00,98.91,transfer,1.0,61.9646,0.0,60.6453,60.6453,61.9646,77.2961,16.5284,24.0792,1768
2016-04-20 17:00:00,79.58,transfer,1.0,61.9507,0.0,54.9734,54.9734,61.9507,77.2962,16.5139,24.0645,1769
2016-04-20 18:00:00,58.06,transfer,1.0,61.9356,0.0,59.6832,59.6832,61.9356,77.2963,16.5343,24.085,1770
2016-04-20 19:00:00,55.2,transfer,1.0,61.9051,0.0,52.6353,52.6353,61.9051,77.2965,16.5532,24.1042,1771
2016-04-20 20:00:00,59.21,transfer,1.0,61.8651,0.0,61.3413,61.3413,61.8651,77.2967,16.5659,24.1234,1772
2016-04-20 21:00:00,49.5,transfer,1.0,61.834,0.0,64.7289,64.7289,61.834,77.2966,16.6006,24.1585,1773
2016-04-20 22:00:00,50.06,transfer,1.0,61.813,0.0,69.2046,69.2046,61.813,77.2966,16.6329,24.1912,1774
2016-04-20 23:00:00,48.99,transfer,1.0,61.7942,0.0,62.2541,62.2541,61.7942,77.2967,16.666,24.2249,1775
2016-04-21 00:00:00,48.71,transfer,1.0,61.7815,0.0,64.2779,64.2779,61.7815,77.2966,16.6984,24.2579,1776
2016-04-21 01:00:00,48.56,transfer,1.0,61.7663,0.0,57.996,57.996,61.7663,77.2966,16.7312,24.2913,1777
2016-04-21 02:00:00,48.54,transfer,1.0,61.7636,0.0,70.535,70.535,61.7636,77.2966,16.7633,24.3241,1778
2016-04-21 03:00:00,48.79,transfer,1.0,61.7747,0.0,61.3879,61.3879,61.7747,77.2966,16.7954,24.3569,1779
2016-04-21 04:00:00,56.27,transfer,1.0,61.7956,0.0,68.7763,68.7763,61.7956,77.2967,16.8092,24.4095,1780
2016-04-21 05:00:00,66.57,transfer,1.0,61.8249,0.0,49.9516,49.9516,61.8249,77.2965,16.7975,24.4218,1781
2016-04-21 06:00:00,59.61,transfer,1.0,61.8568,0.0,52.8899,52.8899,61.8568,77.2965,16.8094,24.4371,1782
2016-04-21 07:00:00,81.57,transfer,1.0,61.8844,0.0,60.774,60.774,61.8844,77.2966,16.7952,24.4225,1783
2016-04-21 08:00:00,99.74,transfer,1.0,61.9069,0.0,70.1388,70.1388,61.9069,77.2964,16.7736,24.4005,1784
2016-04-21 09:00:00,107.31,transfer,1.0,61.9309,0.0,68.4713,68.4713,61.9309,77.296,16.7739,24.4004,1785
2016-04-21 10:00:00,103.44,transfer,1.0,61.9465,0.0,61.463,61.463,61.9465,77.2959,16.7697,24.396,1786
2016-04-21 11:00:00,103.01,transfer,1.0,61.9532,0.0,65.3201,65.3201,61.9532,77.2959,16.7829,24.4091,1787
2016-04-21 12:00:00,101.64,transfer,1.0,61.9514,0.0,57.0432,57.0432,61.9514,77.2958,16.795,24.421,1788
2016-04-21 13:00:00,99.92,transfer,1.0,61.9456,0.0,50.4191,50.4191,61.9456,77.2958,16.814,24.4398,1789
2016-04-21 14:00:00,102.72,transfer,1.0,61.9333,0.0,70.0976,70.0976,61.9333,77.2958,16.8575,24.4831,1790
2016-04-21 15:00:00,95.68,transfer,1.0,61.9153,0.0,55.1034,55.1034,61.9153,77.2957,16.8806,24.5059,1791
2016-04-21 16:00:00,98.13,transfer,1.0,61.8935,0.0,69.8039,69.8039,61.8935,77.2958,16.9991,24.6241,1792
2016-04-21 17:00:00,83.54,transfer,1.0,61.8578,0.0,52.521,52.521,61.8578,77.2959,17.0619,24.636,1793
2016-04-21 18:00:00,57.04,transfer,1.0,61.8187,0.0,67.4256,67.4256,61.8187,77.296,17.0604,24.6351,1794
2016-04-21 19:00:00,53.0,transfer,1.0,61.7565,0.0,59.4772,59.4772,61.7565,77.2963,17.045,24.6203,1795
2016-04-21 20:00:00,57.12,transfer,1.0,61.6591,0.0,60.9949,60.9949,61.6591,77.2964,17.0374,24.6136,1796
2016-04-21 21:00:00,47.61,transfer,1.0,61.558,0.0,59.497,59.497,61.558,77.2964,17.0493,24.6267,1797
2016-04-21 22:00:00,48.04,transfer,1.0,61.4632,0.0,42.6177,42.6177,61.4632,77.2964,17.0607,24.6396,1798
2016-04-21 23:00:00,47.28,transfer,1.0,61.3531,0.0,59.6354,59.6354,61.3531,77.2964,17.0676,24.6485,1799
2016-04-22 00:00:00,47.31,transfer,1.0,61.255,0.0,58.3129,58.3129,61.255,77.2964,17.0682,24.6516,1800
2016-04-22 01:00:00,47.13,transfer,1.0,61.139,0.0,60.7519,60.7519,61.139,77.2962,17.0666,24.653,1801
2016-04-22 02:00:00,47.01,transfer,1.0,61.0451,0.0,78.5437,78.5437,61.0451,77.2962,17.0643,24.6541,1802
2016-04-22 03:00:00,47.01,transfer,1.0,60.9951,0.0,59.7459,59.7459,60.9951,77.2962,17.0604,24.6539,1803
2016-04-22 04:00:00,62.93,transfer,1.0,60.9787,0.0,59.0319,59.0319,60.9787,77.2962,17.0564,24.6306,1804
2016-04-22 05:00:00,66.99,transfer,1.0,61.0031,0.0,61.3414,61.3414,61.0031,77.296,17.0894,24.6016,1805
2016-04-22 06:00:00,63.59,transfer,1.0,61.1111,0.0,71.9369,71.9369,61.1111,77.296,17.0833,24.5696,1806
2016-04-22 07:00:00,83.77,transfer,1.0,61.2246,0.0,67.0539,67.0539,61.2246,77.296,17.1688,24.467,1807
2016-04-22 08:00:00,103.25,transfer,1.0,61.3406,0.0,66.417,66.417,61.3406,77.2959,17.3713,24.4822,1808
2016-04-22 09:00:00,109.64,transfer,1.0,61.4587,0.0,57.7953,57.7953,61.4587,77.2955,17.6094,24.5338,1809
2016-04-22 10:00:00,113.56,transfer,1.0,61.5706,0.0,62.1558,62.1558,61.5706,77.2954,17.8621,24.6007,1810
2016-04-22 11:00:00,115.83,transfer,1.0,61.6493,0.0,76.1355,76.1355,61.6493,77.2954,18.1245,24.6777,1811
2016-04-22 12:00:00,108.43,transfer,1.0,61.6922,0.0,58.0488,58.0488,61.6922,77.2954,18.3395,24.7074,1812
2016-04-22 13:00:00,105.75,transfer,1.0,61.708,0.0,67.1,67.1,61.708,77.2954,18.5424,24.7249,1813
2016-04-22 14:00:00,103.5,transfer,1.0,61.691,0.0,53.0345,53.0345,61.691,77.2956,18.7289,24.7256,1814
2016-04-22 15:00:00,92.07,transfer,1.0,61.6566,0.0,63.5986,63.5986,61.6566,77.2956,18.8566,24.6669,1815
2016-04-22 16:00:00,89.07,transfer,1.0,61.6023,0.0,66.2861,66.2861,61.6023,77.2955,18.9639,24.5869,1816
2016-04-22 17:00:00,76.64,transfer,1.0,61.4966,0.0,52.8827,52.8827,61.4966,77.2955,19.0018,24.444,1817
2016-04-22 18:00:00,56.42,transfer,1.0,61.3448,0.0,54.5577,54.5577,61.3448,77.2957,18.9106,24.3521,1818
2016-04-22 19:00:00,58.54,transfer,1.0,61.112,0.0,53.2643,53.2643,61.112,77.296,18.8103,24.2507,1819
2016-04-22 20:00:00,65.95,transfer,1.0,60.8243,0.0,72.4281,72.4281,60.8243,77.2962,18.7745,24.1522,1820
2016-04-22 21:00:00,49.37,transfer,1.0,60.5609,0.0,66.2746,66.2746,60.5609,77.2961,18.7688,24.1433,1821
2016-04-22 22:00:00,50.64,transfer,1.0,60.3741,0.0,53.113,53.113,60.3741,77.2962,18.7614,24.1305,1822
2016-04-22 23:00:00,50.2,transfer,1.0,60.0878,0.0,53.1248,53.1248,60.0878,77.2961,18.7533,24.1142,1823
2016-04-23 00:00:00,49.13,transfer,1.0,59.8264,0.0,62.0412,62.0412,59.8264,77.2961,18.7531,24.1019,1824
2016-04-23 01:00:00,49.18,transfer,1.0,59.2202,0.0,60.2138,60.2138,59.2202,77.2958,18.7583,24.0884,1825
2016-04-23 02:00:00,49.22,transfer,1.0,58.5593,0.0,53.6326,53.6326,58.5593,77.2957,18.7725,24.0746,1826
2016-04-23 03:00:00,49.41,transfer,1.0,57.9584,0.0,59.8242,59.8242,57.9584,77.2957,18.7967,24.0607,1827
2016-04-23 04:00:00,65.57,transfer,1.0,57.5421,0.0,71.4287,71.4287,57.5421,77.2957,18.7797,24.0304,1828
2016-04-23 05:00:00,72.61,transfer,1.0,57.2945,0.0,62.4779,62.4779,57.2945,77.2956,18.7883,23.968,1829
2016-04-23 06:00:00,66.69,transfer,1.0,57.4932,0.0,60.337,60.337,57.4932,77.2955,18.7882,23.9108,1830
2016-04-23 07:00:00,61.53,transfer,1.0,57.9445,0.0,62.4663,62.4663,57.9445,77.2956,18.7843,23.8573,1831
2016-04-23 08:00:00,61.71,transfer,1.0,58.3598,0.0,54.1522,54.1522,58.3598,77.2954,18.7804,23.8066,1832
2016-04-23 09:00:00,61.98,transfer,1.0,58.3241,0.0,45.1647,45.1647,58.3241,77.2949,18.776,23.7576,1833
2016-04-23 10:00:00,62.55,transfer,1.0,57.7092,0.0,42.0735,42.0735,57.7092,77.2938,18.7789,23.7033,1834
2016-04-23 11:00:00,63.11,transfer,1.0,57.1707,0.0,47.5278,47.5278,57.1707,77.2943,18.7873,23.6425,1835
2016-04-23 12:00:00,63.29,transfer,1.0,56.3376,0.0,34.1069,34.1069,56.3376,77.294,18.8058,23.5703,1836
2016-04-23 13:00:00,63.0,transfer,1.0,55.3224,0.0,58.9862,58.9862,55.3224,77.294,18.8221,23.4981,1837
2016-04-23 14:00:00,62.56,transfer,1.0,54.1275,0.0,57.7918,57.7918,54.1275,77.2941,18.8314,23.4299,1838
2016-04-23 15:00:00,64.44,transfer,1.0,52.6031,0.0,58.0141,58.0141,52.6031,77.2944,18.8592,23.3413,1839
2016-04-23 16:00:00,64.28,transfer,1.0,50.8356,0.0,43.7784,43.7784,50.8356,77.2947,18.8842,23.2551,1840
2016-04-23 17:00:00,65.04,transfer,1.0,48.8489,0.0,53.3586,53.3586,48.8489,77.295,18.8987,23.1804,1841
2016-04-23 18:00:00,48.37,transfer,1.0,46.8327,0.0,48.0824,48.0824,46.8327,77.2954,18.8851,23.1363,1842
2016-04-23 19:00:00,47.38,transfer,1.0,44.8841,0.0,40.6879,40.6879,44.8841,77.2959,18.8711,23.0962,1843
2016-04-23 20:00:00,55.77,transfer,1.0,43.1069,0.0,47.9403,47.9403,43.1069,77.2961,18.859,23.0583,1844
2016-04-23 21:00:00,50.14,transfer,1.0,41.402,0.0,41.7195,41.7195,41.402,77.2961,18.8292,23.0428,1845
2016-04-23 22:00:00,51.12,transfer,1.0,40.2642,0.0,32.0839,32.0839,40.2642,77.2962,18.8034,23.0265,1846
2016-04-23 23:00:00,49.65,transfer,1.0,39.3672,0.0,47.7886,47.7886,39.3672,77.2963,18.7783,23.0126,1847
2016-04-24 00:00:00,49.68,blend,0.5508,56.0656,0.0,37.8052,37.8052,38.7486,77.2963,18.7579,22.9972,1848
2016-04-24 01:00:00,49.21,blend,0.5508,55.9888,0.0,46.0988,46.0988,38.6092,77.2963,18.7381,22.9829,1849
2016-04-24 02:00:00,49.5,blend,0.5508,56.1136,0.0,45.4941,45.4941,38.8357,77.2963,18.7198,22.9677,1850
2016-04-24 03:00:00,49.84,blend,0.5508,56.4683,0.0,45.7402,45.7402,39.4798,77.2963,18.7026,22.9507,1851
2016-04-24 04:00:00,61.15,blend,0.5508,57.0663,0.0,41.05,41.05,40.5655,77.2963,18.6785,22.9385,1852
2016-04-24 05:00:00,64.87,blend,0.5508,57.9165,0.0,43.5287,43.5287,42.1093,77.2962,18.678,22.899,1853
2016-04-24 06:00:00,60.81,blend,0.5508,59.0913,0.0,50.5952,50.5952,44.2422,77.2962,18.6647,22.8676,1854
2016-04-24 07:00:00,55.8,blend,0.5508,60.5489,0.0,52.2526,52.2526,46.8888,77.2963,18.65,22.8311,1855
2016-04-24 08:00:00,56.96,blend,0.5508,61.9941,0.0,43.3669,43.3669,49.5127,77.2962,18.635,22.7905,1856
2016-04-24 09:00:00,56.6,blend,0.5508,62.8852,0.0,50.3158,50.3158,51.131,77.296,18.6199,22.7472,1857
2016-04-24 10:00:00,57.78,blend,0.5508,63.4631,0.0,56.5345,56.5345,52.1804,77.2958,18.6046,22.7011,1858
2016-04-24 11:00:00,54.8,blend,0.5508,63.7477,0.0,56.5745,56.5745,52.6972,77.2958,18.5666,22.6751,1859
2016-04-24 12:00:00,54.81,blend,0.5508,63.7822,0.0,50.0994,50.0994,52.7597,77.2957,18.5225,22.6532,1860
2016-04-24 13:00:00,54.91,blend,0.5508,63.578,0.0,56.2935,56.2935,52.389,77.2958,18.4829,22.6253,1861
2016-04-24 14:00:00,58.12,blend,0.5508,63.1133,0.0,49.5212,49.5212,51.5452,77.2958,18.4672,22.5735,1862
2016-04-24 15:00:00,58.87,blend,0.5508,62.4265,0.0,49.0966,49.0966,50.2983,77.2958,18.4612,22.5128,1863
2016-04-24 16:00:00,60.46,blend,0.5508,61.6099,0.0,52.698,52.698,48.8154,77.2959,18.4409,22.4681,1864
2016-04-24 17:00:00,60.09,blend,0.5508,60.7054,0.0,51.9897,51.9897,47.1732,77.296,18.4245,22.4219,1865
2016-04-24 18:00:00,45.55,blend,0.5508,59.748,0.0,50.2233,50.2233,45.4347,77.296,18.403,22.3839,1866
2016-04-24 19:00:00,45.13,blend,0.5508,58.7807,0.0,42.1454,42.1454,43.6784,77.2963,18.3871,22.3443,1867
2016-04-24 20:00:00,53.38,blend,0.5508,57.9743,0.0,49.5416,49.5416,42.2141,77.2964,18.3768,22.303,1868
2016-04-24 21:00:00,49.64,blend,0.5508,57.2268,0.0,40.2568,40.2568,40.857,77.2963,18.3452,22.287,1869
2016-04-24 22:00:00,50.44,blend,0.5508,56.6697,0.0,41.8083,41.8083,39.8454,77.2964,18.3137,22.2743,1870
2016-04-24 23:00:00,51.1,blend,0.5508,56.3305,0.0,43.3409,43.3409,39.2296,77.2964,18.292,22.254,1871
2016-04-25 00:00:00,52.58,blend,0.5508,56.1397,0.0,35.8593,35.8593,38.8831,77.2964,18.284,22.2211,1872
2016-04-25 01:00:00,49.36,blend,0.5508,56.5164,0.0,46.3696,46.3696,39.5669,77.2966,18.2564,22.2069,1873
2016-04-25 02:00:00,49.26,blend,0.5508,57.4756,0.0,46.8334,46.8334,41.3084,77.2966,18.2259,22.192,1874
2016-04-25 03:00:00,49.37,blend,0.5508,58.7229,0.0,45.6276,45.6276,43.5733,77.2964,18.1919,22.177,1875
2016-04-25 04:00:00,60.83,blend,0.5508,60.218,0.0,54.8048,54.8048,46.2879,77.2964,18.1672,22.1495,1876
2016-04-25 05:00:00,66.45,blend,0.5508,61.8464,0.0,53.3772,53.3772,49.2446,77.2962,18.1613,22.102,1877
2016-04-25 06:00:00,61.32,blend,0.5508,63.6854,0.0,54.6045,54.6045,52.5836,77.2962,18.1309,22.0799,1878
2016-04-25 07:00:00,82.17,blend,0.5508,65.4255,0.0,49.123,49.123,55.743,77.2963,18.1537,22.0671,1879
2016-04-25 08:00:00,99.7,blend,0.5508,66.751,0.0,66.7139,66.7139,58.1498,77.2962,18.1787,22.1305,1880
2016-04-25 09:00:00,102.9,blend,0.5508,67.6752,0.0,71.4484,71.4484,59.8282,77.2957,18.179,22.1588,1881
2016-04-25 10:00:00,110.93,blend,0.5508,68.2197,0.0,49.2936,49.2936,60.8169,77.2956,18.2453,22.2423,1882
2016-04-25 11:00:00,110.75,blend,0.5508,68.4888,0.0,51.9437,51.9437,61.3056,77.2955,18.327,22.3338,1883
2016-04-25 12:00:00,107.4,blend,0.5508,68.6174,0.0,49.7666,49.7666,61.5391,77.2954,18.4142,22.427,1884
2016-04-25 13:00:00,105.6,blend,0.5508,68.676,0.0,63.7672,63.7672,61.6454,77.2954,18.5042,22.5211,1885
2016-04-25 14:00:00,117.19,blend,0.5508,68.696,0.0,59.1107,59.1107,61.6819,77.2954,18.6317,22.6521,1886
2016-04-25 15:00:00,106.48,blend,0.5508,68.7,0.0,65.7512,65.7512,61.6891,77.2954,18.6932,22.7172,1887
2016-04-25 16:00:00,101.28,blend,0.5508,68.7004,0.0,61.7377,61.7377,61.6898,77.2954,18.8127,22.8405,1888
2016-04-25 17:00:00,84.49,blend,0.5508,68.6782,0.0,65.9056,65.9056,61.6495,77.2954,18.8539,22.8809,1889
2016-04-25 18:00:00,57.71,blend,0.5508,68.6387,0.0,69.2097,69.2097,61.5777,77.2955,18.857,22.8787,1890
2016-04-25 19:00:00,54.81,blend,0.5508,68.5514,0.0,50.7602,50.7602,61.4191,77.2957,18.8574,22.8724,1891
2016-04-25 20:00:00,60.43,blend,0.5508,68.423,0.0,70.3008,70.3008,61.1858,77.2959,18.8521,22.8596,1892
2016-04-25 21:00:00,50.13,blend,0.5508,68.2859,0.0,62.0602,62.0602,60.937,77.2958,18.8683,22.8675,1893
2016-04-25 22:00:00,50.98,blend,0.5508,68.1657,0.0,53.9273,53.9273,60.7186,77.2959,18.8682,22.859,1894
2016-04-25 23:00:00,49.68,blend,0.5508,68.0198,0.0,70.3283,70.3283,60.4537,77.2959,18.868,22.8505,1895
2016-04-26 00:00:00,49.37,blend,0.5508,67.8796,0.0,64.0345,64.0345,60.1991,77.2959,18.871,22.8455,1896
2016-04-26 01:00:00,49.1,blend,0.5508,67.7943,0.0,58.2895,58.2895,60.0441,77.296,18.8716,22.8386,1897
2016-04-26 02:00:00,49.07,blend,0.5508,67.7575,0.0,63.2048,63.2048,59.9773,77.296,18.869,22.8297,1898
2016-04-26 03:00:00,49.35,blend,0.5508,67.8068,0.0,60.0452,60.0452,60.0669,77.2959,18.8655,22.8213,1899
2016-04-26 04:00:00,68.99,blend,0.5508,67.9178,0.0,44.2857,44.2857,60.2685,77.2959,18.9057,22.7779,1900
2016-04-26 05:00:00,74.88,blend,0.5508,68.0749,0.0,56.3706,56.3706,60.5538,77.2957,18.9708,22.7111,1901
2016-04-26 06:00:00,67.41,blend,0.5508,68.2764,0.0,66.8968,66.8968,60.9197,77.2957,19.0018,22.6642,1902
2016-04-26 07:00:00,95.92,blend,0.5508,68.4335,0.0,66.2043,66.2043,61.2049,77.2957,19.0857,22.7482,1903
2016-04-26 08:00:00,121.57,blend,0.5508,68.5346,0.0,59.3871,59.3871,61.3885,77.2957,19.2175,22.8797,1904
2016-04-26 09:00:00,123.57,blend,0.5508,68.6386,0.0,59.4242,59.4242,61.5776,77.2954,19.2754,22.9372,1905
2016-04-26 10:00:00,123.83,blend,0.5508,68.7079,0.0,59.7551,59.7551,61.7036,77.2952,19.3168,22.9781,1906
2016-04-26 11:00:00,125.13,blend,0.5508,68.744,0.0,67.0798,67.0798,61.7692,77.2952,19.3899,23.0508,1907
2016-04-26 12:00:00,117.03,blend,0.5508,68.7585,0.0,68.8631,68.8631,61.7955,77.2952,19.4102,23.0706,1908
2016-04-26 13:00:00,122.49,blend,0.5508,68.7623,0.0,63.1285,63.1285,61.8023,77.2952,19.5277,23.1877,1909
2016-04-26 14:00:00,142.23,blend,0.5508,68.7534,0.0,60.4742,60.4742,61.7862,77.2952,19.726,23.3854,1910
2016-04-26 15:00:00,146.4,blend,0.5508,68.7494,0.0,63.2471,63.2471,61.7791,77.295,19.9551,23.614,1911
2016-04-26 16:00:00,132.37,blend,0.5508,68.7502,0.0,55.4764,55.4764,61.7806,77.295,20.1151,23.7735,1912
2016-04-26 17:00:00,118.63,blend,0.5508,68.7426,0.0,50.3986,50.3986,61.7669,77.2949,20.3042,23.9622,1913
2016-04-26 18:00:00,77.94,blend,0.5508,68.7238,0.0,63.6836,63.6836,61.7326,77.295,20.379,23.8521,1914
2016-04-26 19:00:00,71.84,blend,0.5508,68.6811,0.0,73.7158,73.7158,61.6548,77.2953,20.3871,23.7396,1915
2016-04-26 20:00:00,76.46,blend,0.5508,68.6021,0.0,64.2482,64.2482,61.5113,77.2955,20.4442,23.6197,1916
2016-04-26 21:00:00,53.34,blend,0.5508,68.5225,0.0,56.8443,56.8443,61.3666,77.2955,20.422,23.5988,1917
2016-04-26 22:00:00,53.37,blend,0.5508,68.4579,0.0,66.0745,66.0745,61.2492,77.2956,20.4034,23.5821,1918
2016-04-26 23:00:00,52.03,blend,0.5508,68.3613,0.0,66.8637,66.8637,61.0739,77.2956,20.3869,23.5683,1919
2016-04-27 00:00:00,51.69,blend,0.5508,68.2785,0.0,52.5637,52.5637,60.9236,77.2956,20.3649,23.55,1920
2016-04-27 01:00:00,52.35,blend,0.5508,68.232,0.0,63.9541,63.9541,60.8392,77.2957,20.3372,23.5265,1921
2016-04-27 02:00:00,51.3,blend,0.5508,68.2345,0.0,61.0391,61.0391,60.8436,77.2958,20.3137,23.5075,1922
2016-04-27 03:00:00,51.25,blend,0.5508,68.2956,0.0,65.6019,65.6019,60.9546,77.2957,20.294,23.492,1923
2016-04-27 04:00:00,75.38,blend,0.5508,68.365,0.0,60.0225,60.0225,61.0805,77.2959,20.368,23.3996,1924
2016-04-27 05:00:00,78.23,blend,0.5508,68.4617,0.0,52.2399,52.2399,61.2561,77.2958,20.4607,23.3212,1925
2016-04-27 06:00:00,68.32,blend,0.5508,68.5788,0.0,72.0157,72.0157,61.4687,77.2958,20.469,23.2502,1926
2016-04-27 07:00:00,91.0,blend,0.5508,68.6677,0.0,59.0039,59.0039,61.63,77.2959,20.5575,23.3265,1927
2016-04-27 08:00:00,103.63,blend,0.5508,68.7268,0.0,43.7157,43.7157,61.7373,77.2959,20.5875,23.3553,1928
2016-04-27 09:00:00,108.3,blend,0.5508,68.7743,0.0,60.7833,60.7833,61.8238,77.2956,20.5946,23.3618,1929
2016-04-27 10:00:00,110.15,blend,0.5508,68.8011,0.0,61.0434,61.0434,61.8725,77.2955,20.6131,23.3797,1930
2016-04-27 11:00:00,112.43,blend,0.5508,68.8171,0.0,48.4065,48.4065,61.9016,77.2955,20.6534,23.4195,1931
2016-04-27 12:00:00,102.85,blend,0.5508,68.8257,0.0,63.0544,63.0544,61.9171,77.2956,20.6046,23.3703,1932
2016-04-27 13:00:00,101.74,blend,0.5508,68.83,0.0,64.1875,64.1875,61.925,77.2956,20.5451,23.3105,1933
2016-04-27 14:00:00,107.42,blend,0.5508,68.8296,0.0,66.1447,66.1447,61.9242,77.2956,20.5469,23.312,1934
2016-04-27 15:00:00,105.3,blend,0.5508,68.8281,0.0,59.6624,59.6624,61.9216,77.2956,20.5815,23.3462,1935
2016-04-27 16:00:00,94.24,blend,0.5508,68.8211,0.0,71.8148,71.8148,61.9087,77.2957,20.554,23.3185,1936
2016-04-27 17:00:00,85.84,blend,0.5508,68.8091,0.0,72.407,72.407,61.8868,77.2959,20.5916,23.3557,1937
2016-04-27 18:00:00,62.83,blend,0.5508,68.7892,0.0,54.8137,54.8137,61.8505,77.2961,20.5744,23.3273,1938
2016-04-27 19:00:00,59.56,blend,0.5508,68.7623,0.0,65.2359,65.2359,61.8014,77.2964,20.5478,23.3014,1939
2016-04-27 20:00:00,62.05,blend,0.5508,68.7301,0.0,60.5634,60.5634,61.7428,77.2965,20.5339,23.2845,1940
2016-04-27 21:00:00,52.03,blend,0.5508,68.7061,0.0,62.2487,62.2487,61.6994,77.2964,20.518,23.2694,1941
2016-04-27 22:00:00,52.54,blend,0.5508,68.6884,0.0,64.3174,64.3174,61.6672,77.2965,20.5024,23.2546,1942
2016-04-27 23:00:00,51.48,blend,0.5508,68.6726,0.0,59.6759,59.6759,61.6386,77.2965,20.4866,23.2398,1943
2016-04-28 00:00:00,50.93,blend,0.5508,68.6657,0.0,67.971,67.971,61.626,77.2965,20.4725,23.2266,1944
2016-04-28 01:00:00,50.56,blend,0.5508,68.6591,0.0,56.8105,56.8105,61.614,77.2964,20.4597,23.2147,1945
2016-04-28 02:00:00,50.61,blend,0.5508,68.667,0.0,61.2178,61.2178,61.6283,77.2964,20.4465,23.2024,1946
2016-04-28 03:00:00,50.68,blend,0.5508,68.6834,0.0,72.2313,72.2313,61.6581,77.2964,20.4346,23.1911,1947
2016-04-28 04:00:00,62.42,blend,0.5508,68.7017,0.0,59.7679,59.7679,61.6914,77.2964,20.406,23.1545,1948
2016-04-28 05:00:00,70.97,blend,0.5508,68.7259,0.0,61.9072,61.9072,61.7353,77.2963,20.4328,23.1283,1949
2016-04-28 06:00:00,70.15,blend,0.5508,68.7518,0.0,49.901,49.901,61.7824,77.2962,20.4692,23.0656,1950
2016-04-28 07:00:00,85.8,blend,0.5508,68.7724,0.0,48.3366,48.3366,61.8198,77.2963,20.4948,23.0908,1951
2016-04-28 08:00:00,103.6,blend,0.5508,68.7909,0.0,59.3492,59.3492,61.8535,77.2961,20.5181,23.1137,1952
2016-04-28 09:00:00,107.13,blend,0.5508,68.8076,0.0,44.8673,44.8673,61.8841,77.2958,20.5173,23.1127,1953
2016-04-28 10:00:00,106.75,blend,0.5508,68.8129,0.0,50.5036,50.5036,61.8945,77.2949,20.5373,23.1324,1954
2016-04-28 11:00:00,99.06,blend,0.5508,68.8153,0.0,48.7356,48.7356,61.8986,77.2952,20.5141,23.1089,1955
2016-04-28 12:00:00,95.71,blend,0.5508,68.8076,0.0,53.7491,53.7491,61.885,77.2948,20.4792,23.0736,1956
2016-04-28 13:00:00,97.78,blend,0.5508,68.8023,0.0,60.4193,60.4193,61.8746,77.2956,20.4669,23.0608,1957
2016-04-28 14:00:00,104.4,blend,0.5508,68.7973,0.0,59.4636,59.4636,61.8654,77.2958,20.4773,23.0708,1958
2016-04-28 15:00:00,98.11,blend,0.5508,68.7914,0.0,48.2193,48.2193,61.8548,77.2957,20.4921,23.0853,1959
2016-04-28 16:00:00,89.89,blend,0.5508,68.7841,0.0,49.5496,49.5496,61.8414,77.2958,20.4434,23.0363,1960
2016-04-28 17:00:00,78.04,blend,0.5508,68.7679,0.0,62.8279,62.8279,61.8119,77.296,20.4109,23.0035,1961
2016-04-28 18:00:00,59.51,blend,0.5508,68.743,0.0,56.833,56.833,61.7666,77.2962,20.3959,22.9888,1962
2016-04-28 19:00:00,59.01,blend,0.5508,68.7076,0.0,72.3465,72.3465,61.702,77.2965,20.3598,22.953,1963
2016-04-28 20:00:00,59.9,blend,0.5508,68.6645,0.0,59.6846,59.6846,61.6237,77.2966,20.343,22.9365,1964
2016-04-28 21:00:00,50.07,blend,0.5508,68.6314,0.0,67.5885,67.5885,61.5636,77.2965,20.3284,22.9219,1965
2016-04-28 22:00:00,50.51,blend,0.5508,68.5773,0.0,71.0441,71.0441,61.4659,77.2959,20.3137,22.9072,1966
2016-04-28 23:00:00,49.56,blend,0.5508,68.5426,0.0,61.4574,61.4574,61.4024,77.2965,20.3005,22.8936,1967
2016-04-29 00:00:00,49.13,blend,0.5508,68.5272,0.0,58.084,58.084,61.3744,77.2966,20.2903,22.8828,1968
2016-04-29 01:00:00,48.97,blend,0.5508,68.5084,0.0,60.4529,60.4529,61.3404,77.2965,20.2806,22.8718,1969
2016-04-29 02:00:00,49.03,blend,0.5508,68.5077,0.0,64.6344,64.6344,61.3391,77.2965,20.2703,22.8598,1970
2016-04-29 03:00:00,49.21,blend,0.5508,68.518,0.0,54.1369,54.1369,61.3578,77.2964,20.2594,22.8467,1971
2016-04-29 04:00:00,63.84,blend,0.5508,68.5424,0.0,54.3135,54.3135,61.402,77.2964,20.2623,22.8413,1972
2016-04-29 05:00:00,70.89,blend,0.5508,68.583,0.0,65.478,65.478,61.476,77.2962,20.2827,22.8181,1973
2016-04-29 06:00:00,68.54,blend,0.5508,68.6409,0.0,67.1879,67.1879,61.5811,77.2962,20.3093,22.7886,1974
2016-04-29 07:00:00,85.72,blend,0.5508,68.6905,0.0,63.2161,63.2161,61.6711,77.2963,20.3183,22.8002,1975
2016-04-29 08:00:00,104.98,blend,0.5508,68.7329,0.0,61.5361,61.5361,61.7482,77.2961,20.3262,22.8105,1976
2016-04-29 09:00:00,109.34,blend,0.5508,68.7702,0.0,63.85,63.85,61.8162,77.2958,20.3222,22.8087,1977
2016-04-29 10:00:00,113.62,blend,0.5508,68.7985,0.0,62.3795,62.3795,61.8677,77.2957,20.3208,22.8091,1978
2016-04-29 11:00:00,109.89,blend,0.5508,68.8148,0.0,62.4235,62.4235,61.8973,77.2956,20.284,22.7737,1979
2016-04-29 12:00:00,100.48,blend,0.5508,68.8238,0.0,60.159,60.159,61.9137,77.2957,20.2354,22.7264,1980
2016-04-29 13:00:00,101.67,blend,0.5508,68.8257,0.0,56.3757,56.3757,61.917,77.2958,20.2098,22.7021,1981
2016-04-29 14:00:00,101.76,blend,0.5508,68.8247,0.0,74.6707,74.6707,61.9151,77.2957,20.1981,22.6917,1982
2016-04-29 15:00:00,92.48,blend,0.5508,68.8194,0.0,61.3087,61.3087,61.9057,77.2957,20.1991,22.6942,1983
2016-04-29 16:00:00,77.63,blend,0.5508,68.8114,0.0,55.9246,55.9246,61.8912,77.2957,20.1293,22.6261,1984
2016-04-29 17:00:00,73.7,blend,0.5508,68.7969,0.0,63.7243,63.7243,61.8647,77.2958,20.1096,22.6436,1985
2016-04-29 18:00:00,61.29,blend,0.5508,68.7698,0.0,69.3844,69.3844,61.8154,77.2959,20.0834,22.6146,1986
2016-04-29 19:00:00,60.48,blend,0.5508,68.7365,0.0,63.3662,63.3662,61.7546,77.2963,20.0757,22.603,1987
2016-04-29 20:00:00,61.87,blend,0.5508,68.7015,0.0,51.1404,51.1404,61.691,77.2964,20.0462,22.6273,1988
2016-04-29 21:00:00,51.73,blend,0.5508,68.673,0.0,49.4317,49.4317,61.6393,77.2963,20.0386,22.6133,1989
2016-04-29 22:00:00,52.01,blend,0.5508,68.6491,0.0,57.9225,57.9225,61.5958,77.2965,20.0377,22.6051,1990
2016-04-29 23:00:00,50.83,blend,0.5508,68.6196,0.0,56.4862,56.4862,61.5423,77.2964,20.0426,22.6014,1991
2016-04-30 00:00:00,50.57,blend,0.5508,68.5975,0.0,63.84,63.84,61.5021,77.2964,20.044,22.5928,1992
2016-04-30 01:00:00,50.52,blend,0.5508,68.5242,0.0,59.0919,59.0919,61.3692,77.2961,20.0488,22.5848,1993
2016-04-30 02:00:00,50.39,blend,0.5508,68.4543,0.0,65.1951,65.1951,61.2425,77.2961,20.0579,22.5779,1994
2016-04-30 03:00:00,50.84,blend,0.5508,68.3892,0.0,56.5957,56.5957,61.1242,77.296,20.0682,22.5694,1995
2016-04-30 04:00:00,64.73,blend,0.5508,68.335,0.0,61.4693,61.4693,61.0259,77.296,20.0424,22.5744,1996
2016-04-30 05:00:00,73.32,blend,0.5508,68.294,0.0,74.1371,74.1371,60.9516,77.2958,20.0249,22.5701,1997
2016-04-30 06:00:00,69.41,blend,0.5508,68.2822,0.0,54.7604,54.7604,60.9303,77.2957,20.0206,22.554,1998
2016-04-30 07:00:00,64.67,blend,0.5508,68.2861,0.0,62.1066,62.1066,60.9373,77.2957,20.0215,22.5353,1999
2016-04-30 08:00:00,63.02,blend,0.5508,68.3003,0.0,45.5576,45.5576,60.9632,77.2956,20.0138,22.5275,2000
2016-04-30 09:00:00,62.79,blend,0.5508,68.2779,0.0,60.8783,60.8783,60.9228,77.2953,20.0032,22.5227,2001
2016-04-30 10:00:00,64.17,blend,0.5508,68.2092,0.0,65.9335,65.9335,60.7983,77.2951,19.9944,22.513,2002
2016-04-30 11:00:00,68.09,blend,0.5508,68.1101,0.0,61.1195,61.1195,60.6185,77.295,20.0035,22.4834,2003
2016-04-30 12:00:00,66.77,blend,0.5508,67.975,0.0,75.4305,75.4305,60.3731,77.295,20.0002,22.4627,2004
2016-04-30 13:00:00,62.61,blend,0.5508,67.8179,0.0,75.1418,75.1418,60.0877,77.2951,19.9695,22.465,2005
2016-04-30 14:00:00,60.97,blend,0.5508,67.6104,0.0,59.9918,59.9918,59.7108,77.2952,19.9269,22.4745,2006
2016-04-30 15:00:00,59.9,blend,0.5508,67.2219,0.0,48.3197,48.3197,59.0055,77.2953,19.8617,22.5015,2007
2016-04-30 16:00:00,60.18,blend,0.5508,66.6059,0.0,50.4048,50.4048,57.8867,77.2956,19.7953,22.5259,2008
2016-04-30 17:00:00,58.46,blend,0.5508,65.728,0.0,56.7473,56.7473,56.2927,77.2958,19.7119,22.5651,2009
2016-04-30 18:00:00,48.28,blend,0.5508,64.5798,0.0,56.6946,56.6946,54.2078,77.2959,19.738,22.5656,2010
2016-04-30 19:00:00,50.43,blend,0.5508,63.2196,0.0,57.2879,57.2879,51.7379,77.2962,19.7309,22.5475,2011
2016-04-30 20:00:00,56.17,blend,0.5508,61.8754,0.0,52.4978,52.4978,49.2972,77.2963,19.6965,22.5451,2012
2016-04-30 21:00:00,50.22,blend,0.5508,60.5857,0.0,39.9452,39.9452,46.9556,77.2963,19.6639,22.5446,2013
2016-04-30 22:00:00,50.94,blend,0.5508,59.5083,0.0,52.5634,52.5634,44.9994,77.2963,19.6346,22.5457,2014
2016-04-30 23:00:00,50.1,blend,0.5508,58.6135,0.0,41.7816,41.7816,43.3748,77.2963,19.6134,22.543,2015
2016-05-01 00:00:00,49.84,blend,0.535,58.4995,0.0,38.5494,38.5494,42.1608,77.2963,19.5941,22.5421,2016
2016-05-01 01:00:00,50.19,blend,0.535,58.1651,0.0,45.9623,45.9623,41.5359,77.2961,19.5825,22.5362,2017
2016-05-01 02:00:00,49.71,blend,0.535,58.0276,0.0,43.6933,43.6933,41.2791,77.2961,19.5692,22.535,2018
2016-05-01 03:00:00,50.06,blend,0.535,57.9804,0.0,43.7035,43.7035,41.1909,77.296,19.5603,22.5337,2019
2016-05-01 04:00:00,62.84,blend,0.535,58.2266,0.0,43.5808,43.5808,41.6509,77.296,19.5639,22.5236,2020
2016-05-01 05:00:00,65.1,blend,0.535,58.5239,0.0,46.5525,46.5525,42.2071,77.2956,19.5647,22.5222,2021
2016-05-01 06:00:00,61.63,blend,0.535,59.0333,0.0,32.6467,32.6467,43.1594,77.2954,19.576,22.5173,2022
2016-05-01 07:00:00,56.95,blend,0.535,59.8198,0.0,45.7667,45.7667,44.6295,77.2955,19.5963,22.5105,2023
2016-05-01 08:00:00,56.95,blend,0.535,60.6311,0.0,52.425,52.425,46.1461,77.2955,19.6163,22.5105,2024
2016-05-01 09:00:00,56.22,blend,0.535,60.8125,0.0,40.0332,40.0332,46.4855,77.295,19.6417,22.5128,2025
2016-05-01 10:00:00,56.42,blend,0.535,60.8591,0.0,41.0141,41.0141,46.5726,77.2951,19.667,22.5209,2026
2016-05-01 11:00:00,55.09,blend,0.535,60.5141,0.0,40.7784,40.7784,45.928,77.2946,19.709,22.5192,2027
2016-05-01 12:00:00,54.66,blend,0.535,60.0171,0.0,45.0911,45.0911,44.9992,77.2945,19.7543,22.52,2028
2016-05-01 13:00:00,54.95,blend,0.535,59.5985,0.0,48.3999,48.3999,44.2161,77.2952,19.8032,22.5198,2029
2016-05-01 14:00:00,54.06,blend,0.535,59.0699,0.0,45.7502,45.7502,43.228,77.2953,19.8285,22.544,2030
2016-05-01 15:00:00,53.63,blend,0.535,58.4294,0.0,47.2999,47.2999,42.0308,77.2953,19.8466,22.5751,2031
2016-05-01 16:00:00,54.67,blend,0.535,57.7349,0.0,47.1242,47.1242,40.7324,77.2954,19.8602,22.6096,2032
2016-05-01 17:00:00,54.06,blend,0.535,57.0035,0.0,43.2104,43.2104,39.3653,77.2955,19.8708,22.6455,2033
2016-05-01 18:00:00,43.04,blend,0.535,56.319,0.0,31.8359,31.8359,38.0857,77.2956,19.8996,22.6604,2034
2016-05-01 19:00:00,43.76,blend,0.535,55.6395,0.0,40.3083,40.3083,36.8154,77.2958,19.9323,22.6686,2035
2016-05-01 20:00:00,49.81,blend,0.535,55.1473,0.0,37.4538,37.4538,35.8952,77.2959,19.9487,22.6898,2036
2016-05-01 21:00:00,50.44,blend,0.535,54.7196,0.0,27.8003,27.8003,35.0958,77.2958,19.9877,22.6851,2037
2016-05-01 22:00:00,50.85,blend,0.535,54.4531,0.0,30.3466,30.3466,34.5976,77.2959,20.0214,22.6826,2038
2016-05-01 23:00:00,50.15,blend,0.535,54.3043,0.0,29.6089,29.6089,34.3195,77.2959,20.045,22.6883,2039
2016-05-02 00:00:00,49.61,blend,0.535,54.2749,0.0,35.2651,35.2651,34.2646,77.2959,20.0548,22.706,2040
2016-05-02 01:00:00,49.74,blend,0.535,54.5618,0.0,41.1243,41.1243,34.8007,77.296,20.0854,22.7037,2041
2016-05-02 02:00:00,49.61,blend,0.535,55.0378,0.0,40.9362,40.9362,35.6906,77.2958,20.1209,22.7016,2042
2016-05-02 03:00:00,50.13,blend,0.535,55.934,0.0,31.3645,31.3645,37.3656,77.296,20.1624,22.6971,2043
2016-05-02 04:00:00,63.38,blend,0.535,57.2225,0.0,37.2828,37.2828,39.7741,77.296,20.2164,22.6819,2044
2016-05-02 05:00:00,70.41,blend,0.535,58.7986,0.0,48.0051,48.0051,42.7203,77.2958,20.2788,22.6583,2045
2016-05-02 06:00:00,65.44,blend,0.535,60.7728,0.0,41.3223,41.3223,46.4107,77.2957,20.34,22.6338,2046
2016-05-02 07:00:00,81.62,blend,0.535,62.938,0.0,56.9087,56.9087,50.4579,77.2957,20.3682,22.6305,2047
2016-05-02 08:00:00,100.23,blend,0.535,64.8831,0.0,65.1855,65.1855,54.0938,77.2956,20.3955,22.6337,2048
2016-05-02 09:00:00,104.08,blend,0.535,66.4001,0.0,40.1505,40.1505,56.9299,77.2952,20.4198,22.6407,2049
2016-05-02 10:00:00,102.04,blend,0.535,67.4866,0.0,71.5176,71.5176,58.9609,77.2951,20.3779,22.5878,2050
2016-05-02 11:00:00,105.77,blend,0.535,68.1093,0.0,52.972,52.972,60.1249,77.2949,20.3553,22.5582,2051
2016-05-02 12:00:00,103.36,blend,0.535,68.4065,0.0,54.6889,54.6889,60.6804,77.2949,20.3364,22.5341,2052
2016-05-02 13:00:00,103.11,blend,0.535,68.5423,0.0,55.5905,55.5905,60.9344,77.2949,20.3258,22.5193,2053
2016-05-02 14:00:00,110.5,blend,0.535,68.582,0.0,58.5668,58.5668,61.0085,77.2949,20.29,22.4795,2054
2016-05-02 15:00:00,111.9,blend,0.535,68.5762,0.0,66.867,66.867,60.9978,77.2947,20.3263,22.5117,2055
2016-05-02 16:00:00,107.61,blend,0.535,68.5419,0.0,58.6578,58.6578,60.9337,77.2947,20.3685,22.5494,2056
2016-05-02 17:00:00,101.97,blend,0.535,68.4766,0.0,64.8393,64.8393,60.8116,77.2948,20.4776,22.6535,2057
2016-05-02 18:00:00,72.13,blend,0.535,68.3625,0.0,65.968,65.968,60.5984,77.2949,20.5232,22.5676,2058
2016-05-02 19:00:00,73.94,blend,0.535,68.1572,0.0,53.2064,53.2064,60.2144,77.295,20.5655,22.4538,2059
2016-05-02 20:00:00,73.31,blend,0.535,67.7974,0.0,49.9644,49.9644,59.5422,77.2946,20.643,22.3771,2060
2016-05-02 21:00:00,60.79,blend,0.535,67.3262,0.0,55.2656,55.2656,58.6843,77.2683,20.5912,22.3135,2061
2016-05-02 22:00:00,60.28,blend,0.535,66.743,0.0,53.364,53.364,57.5752,77.2901,20.5493,22.2581,2062
2016-05-02 23:00:00,62.67,blend,0.535,66.3153,0.0,49.6987,49.6987,56.7723,77.294,20.5203,22.1807,2063
2016-05-03 00:00:00,59.09,blend,0.535,66.0577,0.0,57.4019,57.4019,56.2899,77.295,20.4725,22.1229,2064
2016-05-03 01:00:00,59.08,blend,0.535,66.084,0.0,59.8632,59.8632,56.3388,77.2955,20.4237,22.0635,2065
2016-05-03 02:00:00,59.09,blend,0.535,66.2773,0.0,56.7748,56.7748,56.6999,77.2956,20.373,22.0038,2066
2016-05-03 03:00:00,59.07,blend,0.535,66.6196,0.0,59.0347,59.0347,57.3396,77.2957,20.3195,21.946,2067
2016-05-03 04:00:00,72.34,blend,0.535,67.1806,0.0,55.2108,55.2108,58.3882,77.2959,20.3506,21.926,2068
2016-05-03 05:00:00,73.15,blend,0.535,67.7108,0.0,61.756,61.756,59.3794,77.2956,20.3473,21.9363,2069
2016-05-03 06:00:00,66.08,blend,0.535,68.1778,0.0,43.5657,43.5657,60.2525,77.2956,20.3434,21.9442,2070
2016-05-03 07:00:00,92.67,blend,0.535,68.4757,0.0,62.0593,62.0593,60.8092,77.2956,20.3264,21.9249,2071
2016-05-03 08:00:00,108.68,blend,0.535,68.6691,0.0,60.1702,60.1702,61.1709,77.2954,20.2509,21.8482,2072
2016-05-03 09:00:00,113.08,blend,0.535,68.8125,0.0,53.0421,53.0421,61.4391,77.2952,20.1893,21.7857,2073
2016-05-03 10:00:00,116.8,blend,0.535,68.8983,0.0,57.2697,57.2697,61.5996,77.2951,20.1481,21.7439,2074
2016-05-03 11:00:00,123.39,blend,0.535,68.9444,0.0,67.9517,67.9517,61.6857,77.2951,20.1382,21.7335,2075
2016-05-03 12:00:00,127.5,blend,0.535,68.9742,0.0,61.1145,61.1145,61.7415,77.2951,20.2009,21.7959,2076
2016-05-03 13:00:00,116.17,blend,0.535,68.991,0.0,58.6262,58.6262,61.7728,77.2951,20.1634,21.7582,2077
2016-05-03 14:00:00,116.32,blend,0.535,68.999,0.0,64.3285,64.3285,61.7879,77.2951,20.0092,21.604,2078
2016-05-03 15:00:00,117.68,blend,0.535,68.9939,0.0,70.6997,70.6997,61.7783,77.295,19.8383,21.4331,2079
2016-05-03 16:00:00,108.06,blend,0.535,68.9805,0.0,59.2058,59.2058,61.7534,77.2949,19.6937,21.2884,2080
2016-05-03 17:00:00,95.48,blend,0.535,68.9533,0.0,56.1434,56.1434,61.7024,77.2951,19.5563,21.1506,2081
2016-05-03 18:00:00,71.92,blend,0.535,68.9119,0.0,75.4911,75.4911,61.6248,77.2952,19.5211,21.1787,2082
2016-05-03 19:00:00,67.01,blend,0.535,68.8306,0.0,53.5912,53.5912,61.4726,77.2956,19.4934,21.2075,2083
2016-05-03 20:00:00,63.14,blend,0.535,68.7334,0.0,53.3528,53.3528,61.2907,77.2958,19.4155,21.2868,2084
2016-05-03 21:00:00,51.34,blend,0.535,68.6396,0.0,70.615,70.615,61.1155,77.2958,19.4259,21.2987,2085
2016-05-03 22:00:00,52.8,blend,0.535,68.5042,0.0,55.2397,55.2397,60.8623,77.2959,19.427,21.3021,2086
2016-05-03 23:00:00,51.56,blend,0.535,68.3685,0.0,68.7298,68.7298,60.6086,77.2959,19.427,21.3049,2087
2016-05-04 00:00:00,51.3,blend,0.535,68.2789,0.0,62.4481,62.4481,60.4412,77.2958,19.4265,21.3072,2088
2016-05-04 01:00:00,50.85,blend,0.535,68.2348,0.0,43.2317,43.2317,60.3587,77.2958,19.4325,21.3161,2089
2016-05-04 02:00:00,50.82,blend,0.535,68.2553,0.0,72.1605,72.1605,60.3971,77.2958,19.4327,21.319,2090
2016-05-04 03:00:00,50.95,blend,0.535,68.3428,0.0,56.5649,56.5649,60.5605,77.2959,19.4322,21.3208,2091
2016-05-04 04:00:00,63.66,blend,0.535,68.4639,0.0,61.5779,61.5779,60.7869,77.2959,19.3641,21.3905,2092
2016-05-04 05:00:00,64.95,blend,0.535,68.5964,0.0,69.4536,69.4536,61.0347,77.2957,19.2864,21.4584,2093
2016-05-04 06:00:00,62.59,blend,0.535,68.7281,0.0,60.2723,60.2723,61.281,77.2957,19.2534,21.4925,2094
2016-05-04 07:00:00,82.13,blend,0.535,68.8194,0.0,59.9758,59.9758,61.4515,77.2958,19.2017,21.4398,2095
2016-05-04 08:00:00,102.42,blend,0.535,68.8924,0.0,54.1398,54.1398,61.5883,77.2955,19.1954,21.4326,2096
2016-05-04 09:00:00,113.05,blend,0.535,68.9487,0.0,64.189,64.189,61.6937,77.2952,19.2244,21.4608,2097
2016-05-04 10:00:00,113.39,blend,0.535,68.988,0.0,60.5729,60.5729,61.7672,77.2951,19.2443,21.4801,2098
2016-05-04 11:00:00,112.19,blend,0.535,69.0138,0.0,57.6202,57.6202,61.8155,77.295,19.2434,21.4787,2099
2016-05-04 12:00:00,106.58,blend,0.535,69.0257,0.0,60.0914,60.0914,61.8379,77.295,19.2661,21.5009,2100
2016-05-04 13:00:00,99.81,blend,0.535,69.0253,0.0,52.2041,52.2041,61.8371,77.295,19.2551,21.4894,2101
2016-05-04 14:00:00,106.81,blend,0.535,69.0151,0.0,60.9296,60.9296,61.8179,77.2951,19.2521,21.4858,2102
2016-05-04 15:00:00,101.8,blend,0.535,68.9943,0.0,58.7807,58.7807,61.7792,77.295,19.2321,21.465,2103
2016-05-04 16:00:00,92.53,blend,0.535,68.9668,0.0,65.1844,65.1844,61.7277,77.2951,19.223,21.4548,2104
2016-05-04 17:00:00,83.9,blend,0.535,68.9247,0.0,65.5791,65.5791,61.6488,77.2952,19.2129,21.4432,2105
2016-05-04 18:00:00,60.63,blend,0.535,68.8578,0.0,49.6156,49.6156,61.5237,77.2954,19.2124,21.4563,2106
2016-05-04 19:00:00,54.55,blend,0.535,68.7581,0.0,58.0372,58.0372,61.337,77.2958,19.2395,21.4861,2107
2016-05-04 20:00:00,53.62,blend,0.535,68.6362,0.0,69.1025,69.1025,61.1089,77.296,19.2822,21.5363,2108
2016-05-04 21:00:00,49.26,blend,0.535,68.502,0.0,69.8648,69.8648,60.8581,77.296,19.2937,21.5528,2109
2016-05-04 22:00:00,50.37,blend,0.535,68.3608,0.0,55.0692,55.0692,60.594,77.296,19.3002,21.5657,2110
2016-05-04 23:00:00,49.14,blend,0.535,68.2372,0.0,47.1403,47.1403,60.363,77.296,19.3066,21.5796,2111
2016-05-05 00:00:00,48.74,blend,0.535,68.1613,0.0,61.6121,61.6121,60.2212,77.296,19.3112,21.5927,2112
2016-05-05 01:00:00,48.53,blend,0.535,68.102,0.0,75.0991,75.0991,60.1103,77.296,19.3144,21.6048,2113
2016-05-05 02:00:00,48.58,blend,0.535,68.0977,0.0,59.3561,59.3561,60.1023,77.296,19.3174,21.6168,2114
2016-05-05 03:00:00,48.67,blend,0.535,68.1506,0.0,57.8256,57.8256,60.2012,77.296,19.3207,21.6288,2115
2016-05-05 04:00:00,64.82,blend,0.535,68.2542,0.0,71.5184,71.5184,60.3948,77.296,19.3427,21.6145,2116
2016-05-05 05:00:00,68.01,blend,0.535,68.3914,0.0,75.1679,75.1679,60.6515,77.2958,19.3315,21.6321,2117
2016-05-05 06:00:00,66.13,blend,0.535,68.5642,0.0,73.3499,73.3499,60.9745,77.2957,19.3124,21.6561,2118
2016-05-05 07:00:00,84.04,blend,0.535,68.701,0.0,65.1384,65.1384,61.2302,77.2958,19.3054,21.6456,2119
2016-05-05 08:00:00,104.57,blend,0.535,68.8026,0.0,62.5213,62.5213,61.4204,77.2955,19.3138,21.6514,2120
2016-05-05 09:00:00,109.83,blend,0.535,68.877,0.0,60.3277,60.3277,61.5599,77.2951,19.3318,21.6674,2121
2016-05-05 10:00:00,107.33,blend,0.535,68.9291,0.0,54.6731,54.6731,61.6573,77.2949,19.3366,21.6709,2122
2016-05-05 11:00:00,106.98,blend,0.535,68.9579,0.0,69.3216,69.3216,61.7111,77.2949,19.3849,21.718,2123
2016-05-05 12:00:00,102.14,blend,0.535,68.9672,0.0,61.8921,61.8921,61.7285,77.295,19.4241,21.7563,2124
2016-05-05 13:00:00,99.47,blend,0.535,68.9668,0.0,72.4765,72.4765,61.7278,77.295,19.435,21.7664,2125
2016-05-05 14:00:00,102.34,blend,0.535,68.9539,0.0,52.1817,52.1817,61.7036,77.2951,19.4237,21.7541,2126
2016-05-05 15:00:00,95.81,blend,0.535,68.9338,0.0,65.6559,65.6559,61.666,77.2949,19.4112,21.7404,2127
2016-05-05 16:00:00,85.8,blend,0.535,68.8991,0.0,58.3282,58.3282,61.6012,77.295,19.3882,21.7161,2128
2016-05-05 17:00:00,81.21,blend,0.535,68.8417,0.0,55.6251,55.6251,61.4938,77.2952,19.409,21.735,2129
2016-05-05 18:00:00,64.86,blend,0.535,68.7498,0.0,57.2595,57.2595,61.3218,77.2953,19.4166,21.7031,2130
2016-05-05 19:00:00,59.08,blend,0.535,68.626,0.0,67.2385,67.2385,61.09,77.2958,19.4126,21.7027,2131
2016-05-05 20:00:00,59.63,blend,0.535,68.4894,0.0,69.7289,69.7289,60.8346,77.2959,19.4095,21.7043,2132
2016-05-05 21:00:00,51.02,blend,0.535,68.3442,0.0,61.9295,61.9295,60.5632,77.2959,19.3979,21.6986,2133
2016-05-05 22:00:00,51.67,blend,0.535,68.2138,0.0,44.7249,44.7249,60.3193,77.296,19.3841,21.6917,2134
2016-05-05 23:00:00,50.53,blend,0.535,68.0764,0.0,59.747,59.747,60.0626,77.296,19.3704,21.686,2135
2016-05-06 00:00:00,49.78,blend,0.535,67.9732,0.0,71.22,71.22,59.8696,77.296,19.3576,21.6821,2136
2016-05-06 01:00:00,50.02,blend,0.535,67.8572,0.0,56.299,56.299,59.6529,77.2959,19.3413,21.6758,2137
2016-05-06 02:00:00,49.65,blend,0.535,67.7936,0.0,51.5962,51.5962,59.534,77.2959,19.3268,21.6721,2138
2016-05-06 03:00:00,50.31,blend,0.535,67.8138,0.0,65.0519,65.0519,59.5717,77.2959,19.3097,21.6656,2139
2016-05-06 04:00:00,63.64,blend,0.535,67.9177,0.0,63.3305,63.3305,59.766,77.2958,19.3182,21.6668,2140
2016-05-06 05:00:00,68.42,blend,0.535,68.0851,0.0,65.3657,65.3657,60.0791,77.2956,19.3118,21.6815,2141
2016-05-06 06:00:00,67.8,blend,0.535,68.3034,0.0,58.0239,58.0239,60.4873,77.2956,19.3139,21.6859,2142
2016-05-06 07:00:00,67.26,blend,0.535,68.4793,0.0,59.6398,59.6398,60.8161,77.2953,19.2091,21.6955,2143
2016-05-06 08:00:00,70.37,blend,0.535,68.6212,0.0,49.74,49.74,61.0817,77.295,19.0071,21.5719,2144
2016-05-06 09:00:00,70.55,blend,0.535,68.6872,0.0,53.4666,53.4666,61.2056,77.2945,18.7798,21.4213,2145
2016-05-06 10:00:00,73.81,blend,0.535,68.684,0.0,57.2179,57.2179,61.2001,77.2939,18.5468,21.2258,2146
2016-05-06 11:00:00,72.66,blend,0.535,68.6474,0.0,58.9802,58.9802,61.1318,77.2936,18.3298,21.0594,2147
2016-05-06 12:00:00,74.45,blend,0.535,68.5818,0.0,65.0222,65.0222,61.0094,77.2934,18.1802,20.9383,2148
2016-05-06 13:00:00,78.77,blend,0.535,68.4375,0.0,63.9125,63.9125,60.7407,77.2924,18.0509,20.802,2149
2016-05-06 14:00:00,79.76,blend,0.535,68.2805,0.0,59.3391,59.3391,60.4468,77.2928,17.9287,20.6711,2150
2016-05-06 15:00:00,80.26,blend,0.535,68.1012,0.0,62.8767,62.8767,60.1111,77.2934,17.8667,20.5984,2151
2016-05-06 16:00:00,72.0,blend,0.535,67.859,0.0,51.952,51.952,59.6577,77.2942,17.8464,20.6279,2152
2016-05-06 17:00:00,66.55,blend,0.535,67.474,0.0,58.7671,58.7671,58.9378,77.2945,17.8213,20.6704,2153
2016-05-06 18:00:00,51.55,blend,0.535,66.9305,0.0,72.9347,72.9347,57.9214,77.295,17.8561,20.7284,2154
2016-05-06 19:00:00,50.11,blend,0.535,66.2912,0.0,49.594,49.594,56.7258,77.2957,17.8879,20.7901,2155
2016-05-06 20:00:00,54.24,blend,0.535,65.6222,0.0,44.3713,44.3713,55.475,77.296,17.8942,20.8355,2156
2016-05-06 21:00:00,52.17,blend,0.535,64.8955,0.0,66.4825,66.4825,54.1168,77.296,17.8468,20.8329,2157
2016-05-06 22:00:00,53.53,blend,0.535,64.3327,0.0,56.7996,56.7996,53.0645,77.2962,17.7925,20.8239,2158
2016-05-06 23:00:00,52.35,blend,0.535,63.9277,0.0,47.589,47.589,52.3076,77.2962,17.729,20.8148,2159
2016-05-07 00:00:00,52.05,blend,0.535,63.6443,0.0,55.9242,55.9242,51.7778,77.2961,17.6655,20.806,2160
2016-05-07 01:00:00,51.79,blend,0.535,63.1137,0.0,51.1825,51.1825,50.7863,77.2959,17.6069,20.7985,2161
2016-05-07 02:00:00,51.43,blend,0.535,62.6084,0.0,49.5757,49.5757,49.8418,77.2958,17.5518,20.7923,2162
2016-05-07 03:00:00,51.78,blend,0.535,62.1756,0.0,46.7233,46.7233,49.0328,77.2957,17.5069,20.7867,2163
2016-05-07 04:00:00,66.57,blend,0.535,61.7691,0.0,46.0403,46.0403,48.2734,77.2953,17.5938,20.7757,2164
2016-05-07 05:00:00,74.3,blend,0.535,61.8072,0.0,52.1856,52.1856,48.3444,77.2955,17.6747,20.7699,2165
2016-05-07 06:00:00,64.9,blend,0.535,62.2371,0.0,50.9677,50.9677,49.148,77.2954,17.7179,20.7967,2166
2016-05-07 07:00:00,62.81,blend,0.535,63.0004,0.0,42.3536,42.3536,50.5747,77.2954,17.7686,20.8078,2167
2016-05-07 08:00:00,63.32,blend,0.535,63.6894,0.0,52.6269,52.6269,51.8629,77.2953,17.8245,20.806,2168
2016-05-07 09:00:00,66.54,blend,0.535,63.8839,0.0,50.0615,50.0615,52.2268,77.2949,17.8986,20.7837,2169
2016-05-07 10:00:00,65.73,blend,0.535,63.824,0.0,53.1059,53.1059,52.115,77.2947,17.9596,20.7744,2170
2016-05-07 11:00:00,60.85,blend,0.535,63.6376,0.0,51.9625,51.9625,51.7666,77.2946,17.9692,20.8175,2171
2016-05-07 12:00:00,59.94,blend,0.535,63.286,0.0,50.6352,50.6352,51.1093,77.2946,17.9836,20.8581,2172
2016-05-07 13:00:00,60.76,blend,0.535,62.6986,0.0,47.9039,47.9039,50.0112,77.2947,18.0326,20.8691,2173
2016-05-07 14:00:00,59.42,blend,0.535,61.9349,0.0,38.5419,38.5419,48.5836,77.2948,18.0896,20.8784,2174
2016-05-07 15:00:00,59.72,blend,0.535,61.0092,0.0,48.0025,48.0025,46.8534,77.2948,18.1609,20.8794,2175
2016-05-07 16:00:00,59.13,blend,0.535,60.0025,0.0,39.1686,39.1686,44.9715,77.2949,18.2315,20.8857,2176
2016-05-07 17:00:00,61.01,blend,0.535,58.9643,0.0,37.9684,37.9684,43.0308,77.2951,18.3256,20.8705,2177
2016-05-07 18:00:00,51.57,blend,0.535,57.9712,0.0,44.5704,44.5704,41.1743,77.2952,18.3522,20.8509,2178
2016-05-07 19:00:00,49.71,blend,0.535,57.1143,0.0,41.9289,41.9289,39.5723,77.2956,18.4048,20.8552,2179
2016-05-07 20:00:00,54.38,blend,0.535,56.4405,0.0,36.2063,36.2063,38.3125,77.2958,18.4595,20.8658,2180
2016-05-07 21:00:00,52.27,blend,0.535,55.8595,0.0,34.8954,34.8954,37.2267,77.2958,18.5296,20.8536,2181
2016-05-07 22:00:00,53.2,blend,0.535,55.476,0.0,36.2035,36.2035,36.5096,77.2959,18.5936,20.8402,2182
2016-05-07 23:00:00,52.08,blend,0.535,55.2736,0.0,40.6575,40.6575,36.1314,77.2959,18.6485,20.8284,2183
2016-05-08 00:00:00,51.87,blend,0.5268,55.5409,0.0,35.3466,35.3466,36.0006,77.2959,18.6973,20.8163,2184
2016-05-08 01:00:00,51.62,blend,0.5268,55.6528,0.0,34.6238,34.6238,36.2131,77.2958,18.7375,20.8078,2185
2016-05-08 02:00:00,51.62,blend,0.5268,55.9051,0.0,40.0037,40.0037,36.6919,77.2957,18.7761,20.7964,2186
2016-05-08 03:00:00,51.99,blend,0.5268,56.2587,0.0,37.8021,37.8021,37.3632,77.2957,18.8104,20.7849,2187
2016-05-08 04:00:00,63.75,blend,0.5268,56.6509,0.0,34.2999,34.2999,38.1079,77.2955,18.8369,20.7795,2188
2016-05-08 05:00:00,69.54,blend,0.5268,57.1545,0.0,37.3838,37.3838,39.0639,77.2953,18.882,20.7531,2189
2016-05-08 06:00:00,62.98,blend,0.5268,57.8441,0.0,43.2187,43.2187,40.373,77.2953,18.9067,20.745,2190
2016-05-08 07:00:00,59.06,blend,0.5268,58.7669,0.0,52.6505,52.6505,42.1246,77.2953,18.9341,20.7325,2191
2016-05-08 08:00:00,59.38,blend,0.5268,59.6498,0.0,40.7894,40.7894,43.8007,77.2951,18.9626,20.718,2192
2016-05-08 09:00:00,59.46,blend,0.5268,60.0353,0.0,44.6941,44.6941,44.5328,77.2948,18.9935,20.6987,2193
2016-05-08 10:00:00,60.7,blend,0.5268,60.1366,0.0,41.3053,41.3053,44.725,77.2949,19.0299,20.6733,2194
2016-05-08 11:00:00,59.28,blend,0.5268,60.0834,0.0,48.866,48.866,44.6238,77.2951,19.0626,20.6483,2195
2016-05-08 12:00:00,58.05,blend,0.5268,59.972,0.0,39.6868,39.6868,44.4123,77.2951,19.0863,20.6281,2196
2016-05-08 13:00:00,60.3,blend,0.5268,59.779,0.0,43.9174,43.9174,44.0459,77.2952,19.1192,20.5963,2197
2016-05-08 14:00:00,62.59,blend,0.5268,59.4469,0.0,41.6888,41.6888,43.4155,77.2953,19.1688,20.5455,2198
2016-05-08 15:00:00,63.1,blend,0.5268,59.0657,0.0,39.4293,39.4293,42.6918,77.2953,19.2213,20.4892,2199
2016-05-08 16:00:00,64.18,blend,0.5268,58.6955,0.0,42.0242,42.0242,41.9891,77.2954,19.2704,20.4326,2200
2016-05-08 17:00:00,63.62,blend,0.5268,58.2306,0.0,43.0756,43.0756,41.1064,77.2955,19.3169,20.3756,2201
2016-05-08 18:00:00,50.23,blend,0.5268,57.7726,0.0,41.1777,41.1777,40.237,77.2956,19.3469,20.3328,2202
2016-05-08 19:00:00,49.3,blend,0.5268,57.36,0.0,43.4047,43.4047,39.4535,77.2959,19.3642,20.2999,2203
2016-05-08 20:00:00,52.99,blend,0.5268,57.0605,0.0,33.2369,33.2369,38.8849,77.2961,19.3653,20.2809,2204
2016-05-08 21:00:00,51.58,blend,0.5268,56.7378,0.0,40.349,40.349,38.2723,77.296,19.3532,20.2742,2205
2016-05-08 22:00:00,52.99,blend,0.5268,56.5246,0.0,39.2236,39.2236,37.8676,77.2961,19.3465,20.2614,2206
2016-05-08 23:00:00,52.07,blend,0.5268,56.4119,0.0,33.9153,33.9153,37.6537,77.2961,19.3381,20.25,2207
2016-05-09 00:00:00,51.86,blend,0.5268,56.4284,0.0,27.366,27.366,37.685,77.2961,19.3311,20.2366,2208
2016-05-09 01:00:00,51.82,blend,0.5268,56.8664,0.0,42.1069,42.1069,38.5162,77.2963,19.3214,20.2242,2209
2016-05-09 02:00:00,51.76,blend,0.5268,57.7357,0.0,37.8129,37.8129,40.1663,77.2963,19.3075,20.2114,2210
2016-05-09 03:00:00,51.92,blend,0.5268,58.9866,0.0,37.7932,37.7932,42.5407,77.2963,19.2874,20.2008,2211
2016-05-09 04:00:00,60.73,blend,0.5268,60.6006,0.0,50.7664,50.7664,45.6045,77.2963,19.2369,20.2166,2212
2016-05-09 05:00:00,62.16,blend,0.5268,62.3752,0.0,52.3487,52.3487,48.9733,77.2961,19.1506,20.2657,2213
2016-05-09 06:00:00,57.59,blend,0.5268,64.2011,0.0,51.2137,51.2137,52.4392,77.296,19.068,20.3124,2214
2016-05-09 07:00:00,72.2,blend,0.5268,65.8208,0.0,61.4343,61.4343,55.5136,77.2961,18.9818,20.317,2215
2016-05-09 08:00:00,89.91,blend,0.5268,67.0224,0.0,57.8619,57.8619,57.7946,77.296,18.8983,20.2556,2216
2016-05-09 09:00:00,90.39,blend,0.5268,67.8555,0.0,62.5424,62.5424,59.3763,77.2956,18.8023,20.1741,2217
2016-05-09 10:00:00,89.43,blend,0.5268,68.3951,0.0,63.7848,63.7848,60.4007,77.2956,18.7187,20.099,2218
2016-05-09 11:00:00,91.96,blend,0.5268,68.6791,0.0,59.1722,59.1722,60.9397,77.2957,18.6316,20.0168,2219
2016-05-09 12:00:00,88.07,blend,0.5268,68.8147,0.0,59.4953,59.4953,61.1972,77.2956,18.5375,19.9258,2220
2016-05-09 13:00:00,83.57,blend,0.5268,68.8807,0.0,57.4836,57.4836,61.3224,77.2956,18.4189,19.8095,2221
2016-05-09 14:00:00,85.3,blend,0.5268,68.9043,0.0,71.3275,71.3275,61.3673,77.2955,18.2668,19.6595,2222
2016-05-09 15:00:00,83.17,blend,0.5268,68.8907,0.0,55.9289,55.9289,61.3415,77.2955,18.0937,19.4884,2223
2016-05-09 16:00:00,73.11,blend,0.5268,68.8433,0.0,73.2585,73.2585,61.2516,77.2955,17.8865,19.3329,2224
2016-05-09 17:00:00,68.51,blend,0.5268,68.7569,0.0,61.0559,61.0559,61.0874,77.2956,17.6856,19.2383,2225
2016-05-09 18:00:00,55.38,blend,0.5268,68.5938,0.0,58.8866,58.8866,60.7778,77.2957,17.6491,19.338,2226
2016-05-09 19:00:00,49.32,blend,0.5268,68.3539,0.0,53.1512,53.1512,60.3221,77.296,17.6329,19.4846,2227
2016-05-09 20:00:00,49.25,blend,0.5268,68.1087,0.0,59.6256,59.6256,59.8566,77.2961,17.6141,19.6278,2228
2016-05-09 21:00:00,47.69,blend,0.5268,67.814,0.0,54.0686,54.0686,59.2971,77.2961,17.6707,19.706,2229
2016-05-09 22:00:00,48.47,blend,0.5268,67.4826,0.0,40.4049,40.4049,58.6681,77.2961,17.7153,19.7763,2230
2016-05-09 23:00:00,47.57,blend,0.5268,67.1492,0.0,60.5876,60.5876,58.0354,77.296,17.7425,19.8662,2231
2016-05-10 00:00:00,47.53,blend,0.5268,66.8624,0.0,51.9964,51.9964,57.4908,77.296,17.7851,19.935,2232
2016-05-10 01:00:00,47.0,blend,0.5268,66.6996,0.0,66.9662,66.9662,57.1817,77.2961,17.8294,20.0069,2233
2016-05-10 02:00:00,46.83,blend,0.5268,66.6507,0.0,50.5686,50.5686,57.089,77.2961,17.8762,20.0799,2234
2016-05-10 03:00:00,47.06,blend,0.5268,66.7233,0.0,65.3603,65.3603,57.2268,77.2962,17.9264,20.1514,2235
2016-05-10 04:00:00,57.45,blend,0.5268,66.9466,0.0,50.4852,50.4852,57.6506,77.2962,17.8446,20.24,2236
2016-05-10 05:00:00,61.46,blend,0.5268,67.2912,0.0,46.0511,46.0511,58.305,77.2959,17.7814,20.3096,2237
2016-05-10 06:00:00,58.74,blend,0.5268,67.7324,0.0,65.2971,65.2971,59.1423,77.2959,17.7491,20.3533,2238
2016-05-10 07:00:00,79.42,blend,0.5268,68.1329,0.0,52.6105,52.6105,59.9025,77.296,17.6756,20.2744,2239
2016-05-10 08:00:00,101.78,blend,0.5268,68.4587,0.0,67.2478,67.2478,60.5211,77.296,17.6384,20.2333,2240
2016-05-10 09:00:00,108.31,blend,0.5268,68.7237,0.0,70.399,70.399,61.0243,77.2957,17.6125,20.2049,2241
2016-05-10 10:00:00,107.03,blend,0.5268,68.9137,0.0,54.7973,54.7973,61.3851,77.2956,17.5556,20.1468,2242
2016-05-10 11:00:00,106.36,blend,0.5268,69.0222,0.0,63.8064,63.8064,61.5911,77.2955,17.4548,20.0454,2243
2016-05-10 12:00:00,100.96,blend,0.5268,69.0757,0.0,56.0848,56.0848,61.6926,77.2956,17.2971,19.8874,2244
2016-05-10 13:00:00,96.43,blend,0.5268,69.1009,0.0,60.2769,60.2769,61.7405,77.2955,17.1798,19.7699,2245
2016-05-10 14:00:00,104.13,blend,0.5268,69.1071,0.0,69.2555,69.2555,61.7522,77.2956,17.1075,19.6974,2246
2016-05-10 15:00:00,94.91,blend,0.5268,69.1021,0.0,71.0511,71.0511,61.7427,77.2956,16.9721,19.5618,2247
2016-05-10 16:00:00,88.9,blend,0.5268,69.0927,0.0,52.6639,52.6639,61.725,77.2955,16.8583,19.4478,2248
2016-05-10 17:00:00,75.7,blend,0.5268,69.0634,0.0,67.9352,67.9352,61.6692,77.2956,16.7407,19.349,2249
2016-05-10 18:00:00,56.66,blend,0.5268,69.0172,0.0,54.765,54.765,61.5813,77.2957,16.7087,19.4399,2250
2016-05-10 19:00:00,51.38,blend,0.5268,68.9381,0.0,58.9753,58.9753,61.4311,77.296,16.7356,19.5329,2251
2016-05-10 20:00:00,51.13,blend,0.5268,68.8431,0.0,51.5893,51.5893,61.2505,77.2962,16.7848,19.6044,2252
2016-05-10 21:00:00,48.11,blend,0.5268,68.7453,0.0,66.5195,66.5195,61.065,77.2962,16.8038,19.6236,2253
2016-05-10 22:00:00,48.54,blend,0.5268,68.6584,0.0,77.3417,77.3417,60.8999,77.2963,16.8293,19.649,2254
2016-05-10 23:00:00,47.34,blend,0.5268,68.5949,0.0,55.6163,55.6163,60.7794,77.2962,16.8555,19.6741,2255
2016-05-11 00:00:00,47.23,blend,0.5268,68.5498,0.0,62.9782,62.9782,60.6938,77.2962,16.8812,19.6983,2256
2016-05-11 01:00:00,47.32,blend,0.5268,68.546,0.0,62.64,62.64,60.6864,77.2963,16.9042,19.7193,2257
2016-05-11 02:00:00,47.14,blend,0.5268,68.5277,0.0,73.2583,73.2583,60.6522,77.2959,16.9276,19.7413,2258
2016-05-11 03:00:00,47.4,blend,0.5268,68.5384,0.0,63.5149,63.5149,60.6725,77.2959,16.9494,19.7624,2259
2016-05-11 04:00:00,60.89,blend,0.5268,68.5856,0.0,70.9373,70.9373,60.7619,77.296,16.9331,19.7789,2260
2016-05-11 05:00:00,62.61,blend,0.5268,68.6827,0.0,57.8624,57.8624,60.9463,77.2958,16.9196,19.7928,2261
2016-05-11 06:00:00,58.58,blend,0.5268,68.8039,0.0,56.68,56.68,61.1764,77.2959,16.9273,19.8167,2262
2016-05-11 07:00:00,75.6,blend,0.5268,68.9021,0.0,62.7065,62.7065,61.3627,77.296,16.889,19.798,2263
2016-05-11 08:00:00,102.63,blend,0.5268,68.9807,0.0,72.7705,72.7705,61.512,77.2959,16.8907,19.7992,2264
2016-05-11 09:00:00,106.63,blend,0.5268,69.0462,0.0,48.2386,48.2386,61.6367,77.2955,16.8528,19.761,2265
2016-05-11 10:00:00,105.4,blend,0.5268,69.0984,0.0,57.8816,57.8816,61.7358,77.2954,16.8054,19.7135,2266
2016-05-11 11:00:00,108.41,blend,0.5268,69.1279,0.0,59.6227,59.6227,61.7918,77.2954,16.7831,19.691,2267
2016-05-11 12:00:00,108.84,blend,0.5268,69.1426,0.0,73.0002,73.0002,61.8196,77.2954,16.7966,19.7044,2268
2016-05-11 13:00:00,104.03,blend,0.5268,69.1487,0.0,69.1656,69.1656,61.8313,77.2954,16.8218,19.7295,2269
2016-05-11 14:00:00,107.99,blend,0.5268,69.1454,0.0,52.9561,52.9561,61.825,77.2955,16.8288,19.7365,2270
2016-05-11 15:00:00,102.7,blend,0.5268,69.1406,0.0,57.4048,57.4048,61.8159,77.2954,16.8339,19.7419,2271
2016-05-11 16:00:00,90.53,blend,0.5268,69.1146,0.0,61.9739,61.9739,61.7677,77.2942,16.8218,19.73,2272
2016-05-11 17:00:00,80.25,blend,0.5268,69.0817,0.0,63.9022,63.9022,61.704,77.2955,16.7997,19.7083,2273
2016-05-11 18:00:00,62.49,blend,0.5268,69.0392,0.0,75.429,75.429,61.6232,77.2957,16.7995,19.6972,2274
2016-05-11 19:00:00,56.11,blend,0.5268,68.9747,0.0,55.2572,55.2572,61.5004,77.2961,16.7912,19.6879,2275
2016-05-11 20:00:00,55.58,blend,0.5268,68.8986,0.0,63.4667,63.4667,61.3558,77.2962,16.781,19.6763,2276
2016-05-11 21:00:00,49.89,blend,0.5268,68.8203,0.0,61.028,61.028,61.2071,77.2962,16.7794,19.6725,2277
2016-05-11 22:00:00,50.59,blend,0.5268,68.7449,0.0,50.6625,50.6625,61.0641,77.2962,16.7809,19.6712,2278
2016-05-11 23:00:00,49.53,blend,0.5268,68.6642,0.0,66.1336,66.1336,60.9109,77.2963,16.7818,19.6689,2279
2016-05-12 00:00:00,49.31,blend,0.5268,68.6004,0.0,60.8768,60.8768,60.7898,77.2962,16.7818,19.6655,2280
2016-05-12 01:00:00,49.12,blend,0.5268,68.5327,0.0,60.1672,60.1672,60.6614,77.2962,16.7816,19.662,2281
2016-05-12 02:00:00,49.07,blend,0.5268,68.5077,0.0,55.9563,55.9563,60.6138,77.2962,16.7817,19.6591,2282
2016-05-12 03:00:00,49.12,blend,0.5268,68.5192,0.0,43.3708,43.3708,60.6356,77.2962,16.7816,19.6564,2283
2016-05-12 04:00:00,60.2,blend,0.5268,68.5769,0.0,67.3802,67.3802,60.7453,77.2962,16.7585,19.6839,2284
2016-05-12 05:00:00,65.68,blend,0.5268,68.6636,0.0,68.6076,68.6076,60.9099,77.2961,16.7431,19.6978,2285
2016-05-12 06:00:00,57.64,blend,0.5268,68.7699,0.0,67.694,67.694,61.1116,77.296,16.7331,19.7483,2286
2016-05-12 07:00:00,80.75,blend,0.5268,68.8703,0.0,68.8746,68.8746,61.3023,77.296,16.7131,19.7287,2287
2016-05-12 08:00:00,101.61,blend,0.5268,68.9469,0.0,64.1653,64.1653,61.4478,77.2958,16.6953,19.7111,2288
2016-05-12 09:00:00,106.29,blend,0.5268,69.0182,0.0,66.594,66.594,61.5837,77.2954,16.6741,19.69,2289
2016-05-12 10:00:00,109.89,blend,0.5268,69.0696,0.0,69.2201,69.2201,61.6814,77.2952,16.6892,19.7053,2290
2016-05-12 11:00:00,109.11,blend,0.5268,69.0986,0.0,65.6199,65.6199,61.7363,77.2953,16.7017,19.7179,2291
2016-05-12 12:00:00,107.08,blend,0.5268,69.115,0.0,61.3201,61.3201,61.7675,77.2952,16.7309,19.7473,2292
2016-05-12 13:00:00,98.71,blend,0.5268,69.1195,0.0,59.5798,59.5798,61.776,77.2953,16.726,19.7428,2293
2016-05-12 14:00:00,100.32,blend,0.5268,69.1118,0.0,57.5383,57.5383,61.7612,77.2954,16.7137,19.7308,2294
2016-05-12 15:00:00,99.18,blend,0.5268,69.0928,0.0,62.291,62.291,61.7252,77.2954,16.7334,19.7508,2295
2016-05-12 16:00:00,95.3,blend,0.5268,69.0625,0.0,71.382,71.382,61.6677,77.2955,16.7895,19.8074,2296
2016-05-12 17:00:00,77.64,blend,0.5268,69.0194,0.0,48.3675,48.3675,61.5856,77.2956,16.7677,19.7861,2297
2016-05-12 18:00:00,58.53,blend,0.5268,68.9608,0.0,68.7181,68.7181,61.4743,77.2958,16.7642,19.8238,2298
2016-05-12 19:00:00,57.32,blend,0.5268,68.8541,0.0,64.8322,64.8322,61.2716,77.2961,16.7758,19.8343,2299
2016-05-12 20:00:00,53.82,blend,0.5268,68.7136,0.0,71.855,71.855,61.0047,77.2962,16.8114,19.8689,2300
2016-05-12 21:00:00,48.62,blend,0.5268,68.5708,0.0,65.6503,65.6503,60.7336,77.2962,16.8267,19.8832,2301
2016-05-12 22:00:00,49.58,blend,0.5268,68.4191,0.0,67.0987,67.0987,60.4456,77.2962,16.8398,19.8956,2302
2016-05-12 23:00:00,48.55,blend,0.5268,68.2545,0.0,55.9232,55.9232,60.1332,77.2962,16.8521,19.9074,2303
2016-05-13 00:00:00,48.16,blend,0.5268,68.1179,0.0,50.4393,50.4393,59.874,77.2962,16.8617,19.917,2304
2016-05-13 01:00:00,48.03,blend,0.5268,67.9699,0.0,62.035,62.035,59.5931,77.296,16.8732,19.9289,2305
2016-05-13 02:00:00,48.06,blend,0.5268,67.8611,0.0,60.3755,60.3755,59.3867,77.296,16.8818,19.9383,2306
2016-05-13 03:00:00,48.49,blend,0.5268,67.8344,0.0,46.3339,46.3339,59.336,77.2959,16.8912,19.9492,2307
2016-05-13 04:00:00,64.38,blend,0.5268,67.8981,0.0,52.5108,52.5108,59.4569,77.2959,16.8975,19.9448,2308
2016-05-13 05:00:00,64.5,blend,0.5268,68.0271,0.0,49.8291,49.8291,59.7019,77.2957,16.8764,19.9681,2309
2016-05-13 06:00:00,62.67,blend,0.5268,68.2582,0.0,64.2262,64.2262,60.1407,77.2956,16.8479,19.9986,2310
2016-05-13 07:00:00,85.57,blend,0.5268,68.4677,0.0,55.1993,55.1993,60.5385,77.2956,16.9586,19.9882,2311
2016-05-13 08:00:00,106.06,blend,0.5268,68.6322,0.0,54.0629,54.0629,60.8508,77.2954,17.1724,20.1182,2312
2016-05-13 09:00:00,110.89,blend,0.5268,68.7723,0.0,56.9403,56.9403,61.1172,77.2949,17.413,20.278,2313
2016-05-13 10:00:00,111.98,blend,0.5268,68.881,0.0,57.5754,57.5754,61.3238,77.2948,17.6395,20.4637,2314
2016-05-13 11:00:00,108.21,blend,0.5268,68.947,0.0,50.4763,50.4763,61.4489,77.2948,17.8492,20.6201,2315
2016-05-13 12:00:00,110.74,blend,0.5268,68.9743,0.0,59.1893,59.1893,61.5009,77.2948,18.0623,20.8023,2316
2016-05-13 13:00:00,116.95,blend,0.5268,68.9688,0.0,62.0646,62.0646,61.4905,77.2947,18.2851,21.0295,2317
2016-05-13 14:00:00,121.41,blend,0.5268,68.9508,0.0,61.5745,61.5745,61.4562,77.2948,18.527,21.2774,2318
2016-05-13 15:00:00,106.34,blend,0.5268,68.918,0.0,54.9765,54.9765,61.3939,77.2948,18.6746,21.4327,2319
2016-05-13 16:00:00,95.41,blend,0.5268,68.8767,0.0,53.8199,53.8199,61.3154,77.2949,18.8041,21.509,2320
2016-05-13 17:00:00,88.31,blend,0.5268,68.789,0.0,60.2844,60.2844,61.1489,77.2951,18.9204,21.5106,2321
2016-05-13 18:00:00,67.54,blend,0.5268,68.6338,0.0,65.5996,65.5996,60.8541,77.2952,18.9223,21.4154,2322
2016-05-13 19:00:00,64.05,blend,0.5268,68.415,0.0,63.5613,63.5613,60.4385,77.2955,18.9044,21.3324,2323
2016-05-13 20:00:00,69.98,blend,0.5268,68.1567,0.0,66.2116,66.2116,59.9481,77.2957,18.9568,21.2388,2324
2016-05-13 21:00:00,70.08,blend,0.5268,67.8619,0.0,63.6117,63.6117,59.3884,77.2957,19.0088,21.1321,2325
2016-05-13 22:00:00,71.68,blend,0.5268,67.6253,0.0,59.1856,59.1856,58.9393,77.2958,19.0819,21.0241,2326
2016-05-13 23:00:00,70.7,blend,0.5268,67.4572,0.0,51.0586,51.0586,58.6201,77.2958,19.1536,20.9149,2327
2016-05-14 00:00:00,70.3,blend,0.5268,67.3619,0.0,67.8657,67.8657,58.4392,77.2958,19.2225,20.8062,2328
2016-05-14 01:00:00,69.79,blend,0.5268,67.0618,0.0,47.7749,47.7749,57.8699,77.2955,19.2875,20.6991,2329
2016-05-14 02:00:00,70.56,blend,0.5268,66.7463,0.0,66.8476,66.8476,57.2709,77.2955,19.3572,20.5852,2330
2016-05-14 03:00:00,70.5,blend,0.5268,66.5138,0.0,68.1912,68.1912,56.8297,77.2955,19.4222,20.4738,2331
2016-05-14 04:00:00,79.75,blend,0.5268,66.5948,0.0,61.7468,61.7468,56.9832,77.2957,19.4488,20.4246,2332
2016-05-14 05:00:00,76.85,blend,0.5268,66.7766,0.0,50.5104,50.5104,57.3286,77.2955,19.4105,20.4094,2333
2016-05-14 06:00:00,71.67,blend,0.5268,67.0477,0.0,58.3579,58.3579,57.8432,77.2955,19.399,20.3691,2334
2016-05-14 07:00:00,72.09,blend,0.5268,67.3126,0.0,73.9338,73.9338,58.346,77.2955,19.408,20.3139,2335
2016-05-14 08:00:00,76.17,blend,0.5268,67.5226,0.0,46.9898,46.9898,58.7448,77.2953,19.4435,20.2374,2336
2016-05-14 09:00:00,75.06,blend,0.5268,67.5909,0.0,55.9923,55.9923,58.8749,77.2948,19.4547,20.1867,2337
2016-05-14 10:00:00,78.75,blend,0.5268,67.5473,0.0,50.6245,50.6245,58.7922,77.2946,19.4924,20.1265,2338
2016-05-14 11:00:00,76.49,blend,0.5268,67.4263,0.0,53.6079,53.6079,58.5627,77.2945,19.5451,20.0334,2339
2016-05-14 12:00:00,75.02,blend,0.5268,67.2687,0.0,58.9608,58.9608,58.2635,77.2944,19.5923,19.9436,2340
2016-05-14 13:00:00,74.31,blend,0.5268,67.0551,0.0,58.0855,58.0855,57.8581,77.2944,19.6262,19.863,2341
2016-05-14 14:00:00,69.96,blend,0.5268,66.7642,0.0,68.1044,68.1044,57.306,77.2944,19.637,19.8002,2342
2016-05-14 15:00:00,71.12,blend,0.5268,66.3003,0.0,55.7975,55.7975,56.4251,77.2946,19.6479,19.7324,2343
2016-05-14 16:00:00,69.88,blend,0.5268,65.5675,0.0,54.7057,54.7057,55.034,77.2948,19.652,19.6684,2344
2016-05-14 17:00:00,70.85,blend,0.5268,64.6081,0.0,54.545,54.545,53.2133,77.2944,19.65,19.6098,2345
2016-05-14 18:00:00,58.15,blend,0.5268,63.6978,0.0,48.7273,48.7273,51.4846,77.2952,19.6278,19.5706,2346
2016-05-14 19:00:00,56.61,blend,0.5268,62.6748,0.0,48.1676,48.1676,49.5424,77.2955,19.6095,19.5296,2347
2016-05-14 20:00:00,60.93,blend,0.5268,61.8353,0.0,51.2146,51.2146,47.9486,77.2959,19.5911,19.4906,2348
2016-05-14 21:00:00,64.4,blend,0.5268,60.9192,0.0,43.1104,43.1104,46.2096,77.296,19.6098,19.4184,2349
2016-05-14 22:00:00,65.08,blend,0.5268,60.2276,0.0,41.0399,41.0399,44.8966,77.296,19.6306,19.3477,2350
2016-05-14 23:00:00,64.07,blend,0.5268,59.774,0.0,47.2377,47.2377,44.0357,77.2961,19.655,19.2763,2351
2016-05-15 00:00:00,63.82,blend,0.4939,60.663,0.0,78.7408,78.7408,43.6181,77.2961,19.6807,19.2052,2352
2016-05-15 01:00:00,63.69,blend,0.4939,60.6582,0.0,89.6194,89.6194,43.6083,77.2961,19.7086,19.1333,2353
2016-05-15 02:00:00,61.03,blend,0.4939,60.8288,0.0,90.4718,90.4718,43.9537,77.2961,19.7214,19.0773,2354
2016-05-15 03:00:00,54.47,blend,0.4939,61.1989,0.0,80.6062,80.6062,44.7031,77.2961,19.6924,19.0626,2355
2016-05-15 04:00:00,65.27,blend,0.4939,61.6446,0.0,80.3996,80.3996,45.6055,77.2961,19.6568,19.0535,2356
2016-05-15 05:00:00,64.74,blend,0.4939,62.163,0.0,90.3631,90.3631,46.6553,77.2959,19.5831,19.0821,2357
2016-05-15 06:00:00,59.01,blend,0.4939,62.8751,0.0,80.3993,80.3993,48.0972,77.2958,19.5135,19.1057,2358
2016-05-15 07:00:00,55.12,blend,0.4939,63.7549,0.0,78.6883,78.6883,49.8786,77.2959,19.4439,19.1292,2359
2016-05-15 08:00:00,55.12,blend,0.4939,64.6405,0.0,68.6386,68.6386,51.6717,77.2959,19.3717,19.1545,2360
2016-05-15 09:00:00,55.5,blend,0.4939,65.141,0.0,71.0306,71.0306,52.6854,77.2956,19.2996,19.1781,2361
2016-05-15 10:00:00,56.12,blend,0.4939,65.4651,0.0,73.438,73.438,53.3418,77.2955,19.221,19.2054,2362
2016-05-15 11:00:00,56.76,blend,0.4939,65.6771,0.0,71.3014,71.3014,53.7709,77.2955,19.1516,19.2204,2363
2016-05-15 12:00:00,55.98,blend,0.4939,65.7522,0.0,82.5345,82.5345,53.923,77.2956,19.0826,19.2327,2364
2016-05-15 13:00:00,54.18,blend,0.4939,65.7307,0.0,59.0347,59.0347,53.8795,77.2956,18.9877,19.2691,2365
2016-05-15 14:00:00,54.49,blend,0.4939,65.5484,0.0,92.2904,92.2904,53.5103,77.2956,18.8794,19.3173,2366
2016-05-15 15:00:00,57.22,blend,0.4939,65.1067,0.0,70.6481,70.6481,52.6159,77.2956,18.7853,19.3524,2367
2016-05-15 16:00:00,57.22,blend,0.4939,64.5758,0.0,81.3945,81.3945,51.5411,77.2956,18.687,19.3938,2368
2016-05-15 17:00:00,56.0,blend,0.4939,63.8478,0.0,73.3238,73.3238,50.0668,77.2958,18.5883,19.4391,2369
2016-05-15 18:00:00,46.71,blend,0.4939,63.0771,0.0,70.4454,70.4454,48.5063,77.2959,18.5395,19.4601,2370
2016-05-15 19:00:00,45.74,blend,0.4939,62.1353,0.0,91.4807,91.4807,46.599,77.296,18.486,19.4813,2371
2016-05-15 20:00:00,52.02,blend,0.4939,61.2754,0.0,68.0557,68.0557,44.8578,77.2962,18.4447,19.4871,2372
2016-05-15 21:00:00,54.75,blend,0.4939,60.4958,0.0,70.6056,70.6056,43.2793,77.2962,18.4338,19.4682,2373
2016-05-15 22:00:00,55.64,blend,0.4939,59.9103,0.0,60.7098,60.7098,42.0939,77.2962,18.4244,19.4524,2374
2016-05-15 23:00:00,54.6,blend,0.4939,59.5024,0.0,58.0548,58.0548,41.268,77.2962,18.4179,19.4374,2375
2016-05-16 00:00:00,54.42,blend,0.4939,59.1822,0.0,78.9016,78.9016,40.6198,77.2961,18.4157,19.4221,2376
2016-05-16 01:00:00,54.37,blend,0.4939,59.3452,0.0,73.3539,73.3539,40.9496,77.2963,18.4164,19.4069,2377
2016-05-16 02:00:00,54.33,blend,0.4939,59.8705,0.0,69.6072,69.6072,42.0132,77.2963,18.4207,19.3916,2378
2016-05-16 03:00:00,54.67,blend,0.4939,60.7208,0.0,100.3687,100.3687,43.7349,77.2963,18.43,19.3753,2379
2016-05-16 04:00:00,66.22,blend,0.4939,61.9252,0.0,69.7297,69.7297,46.1735,77.2963,18.4593,19.3426,2380
2016-05-16 05:00:00,67.33,blend,0.4939,63.399,0.0,80.456,80.456,49.1576,77.2962,18.4889,19.3118,2381
2016-05-16 06:00:00,59.75,blend,0.4939,65.116,0.0,82.27,82.27,52.6342,77.2962,18.5006,19.299,2382
2016-05-16 07:00:00,85.22,blend,0.4939,66.6826,0.0,69.5258,69.5258,55.8061,77.2962,18.5764,19.3158,2383
2016-05-16 08:00:00,105.79,blend,0.4939,67.845,0.0,98.5829,98.5829,58.16,77.296,18.6687,19.4103,2384
2016-05-16 09:00:00,109.72,blend,0.4939,68.6795,0.0,50.2474,50.2474,59.85,77.2956,18.781,19.5254,2385
2016-05-16 10:00:00,104.95,blend,0.4939,69.185,0.0,77.7448,77.7448,60.8737,77.2955,18.8705,19.6178,2386
2016-05-16 11:00:00,106.73,blend,0.4939,69.4324,0.0,110.3887,110.3887,61.3746,77.2955,18.9559,19.7057,2387
2016-05-16 12:00:00,106.94,blend,0.4939,69.5406,0.0,69.0896,69.0896,61.5936,77.2954,19.0658,19.818,2388
2016-05-16 13:00:00,101.53,blend,0.4939,69.5891,0.0,60.1149,60.1149,61.692,77.2954,19.1705,19.9249,2389
2016-05-16 14:00:00,107.5,blend,0.4939,69.6082,0.0,70.3964,70.3964,61.7305,77.2954,19.3005,20.0571,2390
2016-05-16 15:00:00,103.51,blend,0.4939,69.6139,0.0,68.733,68.733,61.7421,77.2954,19.4192,20.1781,2391
2016-05-16 16:00:00,90.23,blend,0.4939,69.6166,0.0,82.5443,82.5443,61.7476,77.2954,19.5182,20.2302,2392
2016-05-16 17:00:00,83.78,blend,0.4939,69.6058,0.0,68.5624,68.5624,61.7257,77.2955,19.6052,20.2165,2393
2016-05-16 18:00:00,62.85,blend,0.4939,69.5778,0.0,98.7141,98.7141,61.6689,77.2956,19.5801,20.172,2394
2016-05-16 19:00:00,56.8,blend,0.4939,69.5359,0.0,82.2596,82.2596,61.5837,77.2959,19.5431,20.1275,2395
2016-05-16 20:00:00,58.59,blend,0.4939,69.4977,0.0,91.3665,91.3665,61.5062,77.2962,19.4974,20.0719,2396
2016-05-16 21:00:00,57.54,blend,0.4939,69.4656,0.0,83.2705,83.2705,61.441,77.2962,19.4515,20.0133,2397
2016-05-16 22:00:00,58.28,blend,0.4939,69.4433,0.0,67.8589,67.8589,61.3961,77.2961,19.4093,19.9549,2398
2016-05-16 23:00:00,57.18,blend,0.4939,69.4311,0.0,60.7845,60.7845,61.3712,77.2962,19.372,19.8977,2399
2016-05-17 00:00:00,57.56,blend,0.4939,69.4339,0.0,78.396,78.396,61.377,77.2962,19.3354,19.838,2400
2016-05-17 01:00:00,57.25,blend,0.4939,69.4515,0.0,68.8152,68.8152,61.4125,77.2963,19.2996,19.777,2401
2016-05-17 02:00:00,57.22,blend,0.4939,69.4768,0.0,81.4093,81.4093,61.4637,77.2963,19.2638,19.7151,2402
2016-05-17 03:00:00,57.49,blend,0.4939,69.5069,0.0,79.9484,79.9484,61.5246,77.2963,19.2273,19.6531,2403
2016-05-17 04:00:00,63.42,blend,0.4939,69.5416,0.0,80.5554,80.5554,61.595,77.2963,19.2369,19.6175,2404
2016-05-17 05:00:00,64.14,blend,0.4939,69.5766,0.0,91.5371,91.5371,61.6659,77.2961,19.2329,19.6016,2405
2016-05-17 06:00:00,57.08,blend,0.4939,69.607,0.0,90.6427,90.6427,61.7275,77.2961,19.2582,19.6115,2406
2016-05-17 07:00:00,82.78,blend,0.4939,69.6289,0.0,78.396,78.396,61.7718,77.2962,19.267,19.6315,2407
2016-05-17 08:00:00,99.99,blend,0.4939,69.6484,0.0,69.5024,69.5024,61.8114,77.2961,19.2487,19.6208,2408
2016-05-17 09:00:00,104.04,blend,0.4939,69.672,0.0,91.5366,91.5366,61.8594,77.2957,19.2183,19.5954,2409
2016-05-17 10:00:00,104.85,blend,0.4939,69.6865,0.0,78.6225,78.6225,61.8889,77.2956,19.2023,19.5824,2410
2016-05-17 11:00:00,104.87,blend,0.4939,69.6953,0.0,83.2698,83.2698,61.907,77.2955,19.1916,19.5735,2411
2016-05-17 12:00:00,102.37,blend,0.4939,69.7002,0.0,69.4596,69.4596,61.9169,77.2954,19.1986,19.5819,2412
2016-05-17 13:00:00,99.89,blend,0.4939,69.6995,0.0,61.603,61.603,61.9156,77.2954,19.2182,19.6025,2413
2016-05-17 14:00:00,98.34,blend,0.4939,69.695,0.0,83.2599,83.2599,61.9062,77.2956,19.1828,19.5681,2414
2016-05-17 15:00:00,100.49,blend,0.4939,69.6898,0.0,110.3888,110.3888,61.8957,77.2956,19.2151,19.6013,2415
2016-05-17 16:00:00,84.62,blend,0.4939,69.681,0.0,91.7073,91.7073,61.8779,77.2956,19.1887,19.5758,2416
2016-05-17 17:00:00,74.27,blend,0.4939,69.6701,0.0,82.374,82.374,61.8555,77.2958,19.1791,19.5843,2417
2016-05-17 18:00:00,59.13,blend,0.4939,69.6524,0.0,73.3721,73.3721,61.8196,77.296,19.1658,19.5696,2418
2016-05-17 19:00:00,54.01,blend,0.4939,69.6232,0.0,99.3655,99.3655,61.7601,77.2962,19.1521,19.554,2419
2016-05-17 20:00:00,58.36,blend,0.4939,69.5857,0.0,75.8842,75.8842,61.684,77.2964,19.1117,19.5109,2420
2016-05-17 21:00:00,55.93,blend,0.4939,69.5517,0.0,80.8121,80.8121,61.6153,77.2963,19.0684,19.4644,2421
2016-05-17 22:00:00,57.1,blend,0.4939,69.5313,0.0,88.6939,88.6939,61.574,77.2963,19.0215,19.4134,2422
2016-05-17 23:00:00,56.29,blend,0.4939,69.5153,0.0,72.4578,72.4578,61.5415,77.2963,18.9727,19.3602,2423
2016-05-18 00:00:00,55.96,blend,0.4939,69.5067,0.0,56.0709,56.0709,61.5243,77.2963,18.9257,19.3082,2424
2016-05-18 01:00:00,55.91,blend,0.4939,69.5034,0.0,100.3687,100.3687,61.5174,77.2964,18.8795,19.2571,2425
2016-05-18 02:00:00,55.82,blend,0.4939,69.506,0.0,110.3899,110.3899,61.5227,77.2964,18.833,19.2054,2426
2016-05-18 03:00:00,55.73,blend,0.4939,69.5166,0.0,81.267,81.267,61.5441,77.2964,18.7886,19.1558,2427
2016-05-18 04:00:00,64.69,blend,0.4939,69.5325,0.0,100.6439,100.6439,61.5764,77.2964,18.8064,19.1332,2428
2016-05-18 05:00:00,65.55,blend,0.4939,69.5535,0.0,89.7792,89.7792,61.619,77.2962,18.8199,19.1157,2429
2016-05-18 06:00:00,58.57,blend,0.4939,69.5784,0.0,71.8763,71.8763,61.6694,77.2962,18.8229,19.1158,2430
2016-05-18 07:00:00,80.94,blend,0.4939,69.5965,0.0,89.8326,89.8326,61.7061,77.2963,18.8526,19.1274,2431
2016-05-18 08:00:00,99.28,blend,0.4939,69.6158,0.0,58.7037,58.7037,61.7454,77.2961,18.8313,19.1074,2432
2016-05-18 09:00:00,109.93,blend,0.4939,69.6415,0.0,76.0967,76.0967,61.7978,77.2958,18.85,19.1271,2433
2016-05-18 10:00:00,108.69,blend,0.4939,69.661,0.0,39.9281,39.9281,61.8374,77.2956,18.869,19.1466,2434
2016-05-18 11:00:00,103.05,blend,0.4939,69.6733,0.0,89.7785,89.7785,61.8623,77.2957,18.8367,19.1147,2435
2016-05-18 12:00:00,102.01,blend,0.4939,69.6799,0.0,50.6271,50.6271,61.8755,77.2956,18.7957,19.0741,2436
2016-05-18 13:00:00,97.52,blend,0.4939,69.6792,0.0,52.8474,52.8474,61.8742,77.2957,18.7567,19.0353,2437
2016-05-18 14:00:00,102.12,blend,0.4939,69.6752,0.0,91.7074,91.7074,61.8659,77.2957,18.7215,19.0004,2438
2016-05-18 15:00:00,99.38,blend,0.4939,69.6661,0.0,65.0724,65.0724,61.8476,77.2957,18.7015,18.9806,2439
2016-05-18 16:00:00,88.66,blend,0.4939,69.6546,0.0,100.3678,100.3678,61.8243,77.2957,18.6901,18.9695,2440
2016-05-18 17:00:00,84.64,blend,0.4939,69.6362,0.0,78.8828,78.8828,61.787,77.2958,18.7157,18.9956,2441
2016-05-18 18:00:00,66.32,blend,0.4939,69.6081,0.0,61.3687,61.3687,61.7299,77.296,18.7379,18.9728,2442
2016-05-18 19:00:00,61.6,blend,0.4939,69.5689,0.0,67.1335,67.1335,61.6503,77.2962,18.7061,18.9401,2443
2016-05-18 20:00:00,63.45,blend,0.4939,69.5231,0.0,101.3694,101.3694,61.5574,77.2964,18.683,18.8933,2444
2016-05-18 21:00:00,56.81,blend,0.4939,69.4834,0.0,82.2416,82.2416,61.477,77.2964,18.6434,18.8521,2445
2016-05-18 22:00:00,57.6,blend,0.4939,69.4535,0.0,59.8079,59.8079,61.4162,77.2965,18.6037,18.8104,2446
2016-05-18 23:00:00,56.06,blend,0.4939,69.4233,0.0,86.9086,86.9086,61.3552,77.2965,18.5675,18.7715,2447
2016-05-19 00:00:00,55.62,blend,0.4939,69.408,0.0,92.2914,92.2914,61.3243,77.2964,18.5331,18.7339,2448
2016-05-19 01:00:00,55.47,blend,0.4939,69.3951,0.0,86.9085,86.9085,61.298,77.2964,18.4991,18.6961,2449
2016-05-19 02:00:00,55.46,blend,0.4939,69.3992,0.0,58.9217,58.9217,61.3064,77.2964,18.4652,18.6581,2450
2016-05-19 03:00:00,55.89,blend,0.4939,69.4192,0.0,101.3694,101.3694,61.347,77.2964,18.4292,18.6178,2451
2016-05-19 04:00:00,64.94,blend,0.4939,69.4518,0.0,80.451,80.451,61.4129,77.2964,18.4469,18.5896,2452
2016-05-19 05:00:00,68.4,blend,0.4939,69.4938,0.0,80.5369,80.5369,61.4982,77.2963,18.4596,18.5734,2453
2016-05-19 06:00:00,61.14,blend,0.4939,69.5373,0.0,101.3691,101.3691,61.5862,77.2962,18.4416,18.5526,2454
2016-05-19 07:00:00,83.67,blend,0.4939,69.5739,0.0,82.6015,82.6015,61.6602,77.2963,18.4568,18.57,2455
2016-05-19 08:00:00,107.22,blend,0.4939,69.6054,0.0,100.6435,100.6435,61.7244,77.296,18.4886,18.6034,2456
2016-05-19 09:00:00,112.52,blend,0.4939,69.6372,0.0,72.4065,72.4065,61.7892,77.2956,18.5244,18.6404,2457
2016-05-19 10:00:00,105.79,blend,0.4939,69.6613,0.0,100.3675,100.3675,61.8381,77.2954,18.4991,18.616,2458
2016-05-19 11:00:00,104.92,blend,0.4939,69.6732,0.0,58.0264,58.0264,61.8623,77.2954,18.4734,18.5911,2459
2016-05-19 12:00:00,107.97,blend,0.4939,69.6759,0.0,68.885,68.885,61.8676,77.2954,18.4781,18.5964,2460
2016-05-19 13:00:00,101.23,blend,0.4939,69.6738,0.0,79.3906,79.3906,61.8635,77.2954,18.4926,18.6114,2461
2016-05-19 14:00:00,108.5,blend,0.4939,69.6686,0.0,92.2903,92.2903,61.8528,77.2955,18.5407,18.6601,2462
2016-05-19 15:00:00,105.97,blend,0.4939,69.6576,0.0,79.5406,79.5406,61.8308,77.2954,18.5805,18.7005,2463
2016-05-19 16:00:00,96.58,blend,0.4939,69.6446,0.0,71.6513,71.6513,61.8043,77.2954,18.5873,18.7081,2464
2016-05-19 17:00:00,87.34,blend,0.4939,69.623,0.0,78.4517,78.4517,61.7605,77.2956,18.644,18.7659,2465
2016-05-19 18:00:00,65.96,blend,0.4939,69.5885,0.0,91.2052,91.2052,61.6903,77.2958,18.6519,18.7216,2466
2016-05-19 19:00:00,61.43,blend,0.4939,69.5353,0.0,71.4064,71.4064,61.5823,77.2961,18.6293,18.6972,2467
2016-05-19 20:00:00,62.78,blend,0.4939,69.4642,0.0,58.9879,58.9879,61.4382,77.2963,18.5945,18.6438,2468
2016-05-19 21:00:00,56.2,blend,0.4939,69.3893,0.0,88.8372,88.8372,61.2866,77.2962,18.5527,18.5987,2469
2016-05-19 22:00:00,56.87,blend,0.4939,69.3129,0.0,101.3877,101.3877,61.1318,77.2962,18.5134,18.5553,2470
2016-05-19 23:00:00,55.97,blend,0.4939,69.2308,0.0,71.5209,71.5209,60.9657,77.2962,18.4742,18.5111,2471
2016-05-20 00:00:00,55.58,blend,0.4939,69.1651,0.0,62.372,62.372,60.8326,77.2963,18.4357,18.467,2472
2016-05-20 01:00:00,55.3,blend,0.4939,69.0935,0.0,73.6854,73.6854,60.6878,77.2962,18.399,18.4237,2473
2016-05-20 02:00:00,55.96,blend,0.4939,69.0411,0.0,81.3951,81.3951,60.5817,77.2961,18.3591,18.3767,2474
2016-05-20 03:00:00,56.08,blend,0.4939,69.0228,0.0,101.283,101.283,60.5446,77.2961,18.3211,18.3315,2475
2016-05-20 04:00:00,64.84,blend,0.4939,69.0467,0.0,78.8159,78.8159,60.593,77.2961,18.317,18.3288,2476
2016-05-20 05:00:00,68.69,blend,0.4939,69.1198,0.0,72.4492,72.4492,60.741,77.2961,18.3358,18.3038,2477
2016-05-20 06:00:00,61.74,blend,0.4939,69.2275,0.0,99.5783,99.5783,60.9591,77.296,18.3254,18.3094,2478
2016-05-20 07:00:00,80.48,blend,0.4939,69.331,0.0,46.3912,46.3912,61.1687,77.2961,18.2913,18.2791,2479
2016-05-20 08:00:00,99.52,blend,0.4939,69.4159,0.0,80.5311,80.5311,61.3408,77.2959,18.2495,18.2401,2480
2016-05-20 09:00:00,112.36,blend,0.4939,69.4879,0.0,87.6897,87.6897,61.487,77.2954,18.256,18.2489,2481
2016-05-20 10:00:00,109.91,blend,0.4939,69.5398,0.0,80.4076,80.4076,61.5923,77.2952,18.2421,18.2366,2482
2016-05-20 11:00:00,108.2,blend,0.4939,69.5752,0.0,77.9053,77.9053,61.664,77.2953,18.2408,18.2365,2483
2016-05-20 12:00:00,105.66,blend,0.4939,69.5932,0.0,89.6463,89.6463,61.7004,77.2953,18.2094,18.2063,2484
2016-05-20 13:00:00,100.06,blend,0.4939,69.5991,0.0,88.5532,88.5532,61.7124,77.2953,18.1075,18.1057,2485
2016-05-20 14:00:00,96.64,blend,0.4939,69.5906,0.0,58.941,58.941,61.6951,77.2953,17.9586,17.9583,2486
2016-05-20 15:00:00,91.87,blend,0.4939,69.5678,0.0,61.4705,61.4705,61.6489,77.2953,17.871,17.8721,2487
2016-05-20 16:00:00,87.29,blend,0.4939,69.5274,0.0,68.9698,68.9698,61.5669,77.2954,17.8212,17.8238,2488
2016-05-20 17:00:00,79.62,blend,0.4939,69.4651,0.0,80.2372,80.2372,61.4406,77.2956,17.7677,17.7721,2489
2016-05-20 18:00:00,61.82,blend,0.4939,69.3843,0.0,62.352,62.352,61.2769,77.2958,17.7311,17.8061,2490
2016-05-20 19:00:00,57.19,blend,0.4939,69.2736,0.0,90.6427,90.6427,61.0523,77.2961,17.7326,17.847,2491
2016-05-20 20:00:00,58.49,blend,0.4939,69.1456,0.0,83.0998,83.0998,60.7931,77.2962,17.6866,17.9154,2492
2016-05-20 21:00:00,59.74,blend,0.4939,69.0097,0.0,51.0572,51.0572,60.5181,77.2962,17.6276,17.9769,2493
2016-05-20 22:00:00,60.57,blend,0.4939,68.8962,0.0,77.8878,77.8878,60.2881,77.2963,17.5535,18.043,2494
2016-05-20 23:00:00,59.4,blend,0.4939,68.8175,0.0,48.7888,48.7888,60.1289,77.2962,17.4859,18.1103,2495
2016-05-21 00:00:00,59.1,blend,0.4939,68.7724,0.0,89.4203,89.4203,60.0375,77.2962,17.4209,18.177,2496
2016-05-21 01:00:00,58.71,blend,0.4939,68.5804,0.0,78.5379,78.5379,59.6491,77.2958,17.3555,18.2429,2497
2016-05-21 02:00:00,58.78,blend,0.4939,68.3866,0.0,79.6181,79.6181,59.2568,77.2958,17.2792,18.3131,2498
2016-05-21 03:00:00,59.22,blend,0.4939,68.231,0.0,99.5779,99.5779,58.9418,77.2957,17.1995,18.3802,2499
2016-05-21 04:00:00,70.39,blend,0.4939,68.1355,0.0,72.4774,72.4774,58.7485,77.2957,17.1333,18.4067,2500
2016-05-21 05:00:00,72.62,blend,0.4939,68.0932,0.0,67.9431,67.9431,58.6632,77.2954,17.1002,18.4319,2501
2016-05-21 06:00:00,65.04,blend,0.4939,68.1332,0.0,58.5636,58.5636,58.7443,77.2952,17.0554,18.4713,2502
2016-05-21 07:00:00,65.18,blend,0.4939,68.1721,0.0,89.561,89.561,58.8234,77.2949,17.0114,18.5125,2503
2016-05-21 08:00:00,62.14,blend,0.4939,68.0904,0.0,82.0961,82.0961,58.6596,77.2933,16.9284,18.596,2504
2016-05-21 09:00:00,60.35,blend,0.4939,67.7267,0.0,70.8936,70.8936,57.9267,77.29,16.8465,18.6835,2505
2016-05-21 10:00:00,61.9,blend,0.4939,67.4126,0.0,92.4466,92.4466,57.2888,77.2917,16.7551,18.7664,2506
2016-05-21 11:00:00,62.69,blend,0.4939,67.0716,0.0,69.6977,69.6977,56.5985,77.2916,16.6847,18.8486,2507
2016-05-21 12:00:00,58.0,blend,0.4939,66.6912,0.0,79.8117,79.8117,55.8285,77.2914,16.5979,18.9499,2508
2016-05-21 13:00:00,61.27,blend,0.4939,66.2505,0.0,59.8388,59.8388,54.9363,77.2913,16.5376,19.0275,2509
2016-05-21 14:00:00,59.15,blend,0.4939,65.6434,0.0,69.5029,69.5029,53.7069,77.2914,16.4947,19.0918,2510
2016-05-21 15:00:00,58.09,blend,0.4939,64.8837,0.0,87.7666,87.7666,52.1685,77.2915,16.4425,19.1693,2511
2016-05-21 16:00:00,58.28,blend,0.4939,64.0213,0.0,101.382,101.382,50.4221,77.2919,16.4009,19.2384,2512
2016-05-21 17:00:00,61.63,blend,0.4939,62.9849,0.0,101.2781,101.2781,48.3232,77.2924,16.3751,19.2932,2513
2016-05-21 18:00:00,51.21,blend,0.4939,61.8994,0.0,51.7405,51.7405,46.1245,77.293,16.3657,19.3345,2514
2016-05-21 19:00:00,51.66,blend,0.4939,60.8703,0.0,89.5787,89.5787,44.0397,77.2942,16.369,19.364,2515
2016-05-21 20:00:00,58.34,blend,0.4939,60.0818,0.0,89.5611,89.5611,42.4424,77.2949,16.3864,19.3794,2516
2016-05-21 21:00:00,53.51,blend,0.4939,59.3921,0.0,89.778,89.778,41.0455,77.2953,16.3523,19.4442,2517
2016-05-21 22:00:00,54.51,blend,0.4939,58.9286,0.0,68.8375,68.8375,40.1069,77.2955,16.3179,19.5071,2518
2016-05-21 23:00:00,53.35,blend,0.4939,58.5853,0.0,89.5514,89.5514,39.4116,77.2956,16.2816,19.5709,2519
2016-05-22 00:00:00,53.18,blend,0.5472,56.3396,0.0,35.0865,35.0865,39.0002,77.2957,16.2457,19.6343,2520
2016-05-22 01:00:00,53.13,blend,0.5472,56.2618,0.0,42.9697,42.9697,38.858,77.2956,16.2112,19.6971,2521
2016-05-22 02:00:00,52.86,blend,0.5472,56.3387,0.0,41.4905,41.4905,38.9986,77.2956,16.192,19.7458,2522
2016-05-22 03:00:00,53.44,blend,0.5472,56.5973,0.0,44.065,44.065,39.4711,77.2956,16.217,19.7519,2523
2016-05-22 04:00:00,63.94,blend,0.5472,57.0198,0.0,31.7514,31.7514,40.2432,77.2956,16.241,19.7598,2524
2016-05-22 05:00:00,71.09,blend,0.5472,57.5501,0.0,42.2284,42.2284,41.2125,77.2954,16.3112,19.722,2525
2016-05-22 06:00:00,63.66,blend,0.5472,58.3272,0.0,49.0747,49.0747,42.6325,77.2954,16.3714,19.6943,2526
2016-05-22 07:00:00,60.78,blend,0.5472,59.4115,0.0,41.1676,41.1676,44.6139,77.2955,16.4365,19.6606,2527
2016-05-22 08:00:00,61.06,blend,0.5472,60.4152,0.0,42.5345,42.5345,46.4483,77.2954,16.5029,19.6253,2528
2016-05-22 09:00:00,60.1,blend,0.5472,60.7692,0.0,46.4555,46.4555,47.0955,77.2949,16.5636,19.5979,2529
2016-05-22 10:00:00,60.49,blend,0.5472,60.7727,0.0,50.1667,50.1667,47.1021,77.2947,16.6267,19.5719,2530
2016-05-22 11:00:00,59.22,blend,0.5472,60.6235,0.0,50.6955,50.6955,46.8294,77.2947,16.6827,19.5572,2531
2016-05-22 12:00:00,59.87,blend,0.5472,60.2781,0.0,47.5422,47.5422,46.1983,77.2946,16.7518,19.534,2532
2016-05-22 13:00:00,57.98,blend,0.5472,59.8064,0.0,41.4698,41.4698,45.3363,77.2947,16.8253,19.5114,2533
2016-05-22 14:00:00,60.12,blend,0.5472,59.2576,0.0,37.7355,37.7355,44.3332,77.2949,16.9134,19.4779,2534
2016-05-22 15:00:00,61.33,blend,0.5472,58.6176,0.0,48.7484,48.7484,43.1637,77.2949,16.9941,19.4534,2535
2016-05-22 16:00:00,60.21,blend,0.5472,57.8549,0.0,40.5926,40.5926,41.7699,77.2949,17.0701,19.4356,2536
2016-05-22 17:00:00,58.1,blend,0.5472,57.2235,0.0,35.1629,35.1629,40.6158,77.2951,17.1389,19.4231,2537
2016-05-22 18:00:00,51.3,blend,0.5472,56.4883,0.0,41.4405,41.4405,39.2724,77.295,17.1998,19.3958,2538
2016-05-22 19:00:00,53.47,blend,0.5472,55.849,0.0,30.5693,30.5693,38.1039,77.2953,17.2861,19.3498,2539
2016-05-22 20:00:00,58.86,blend,0.5472,55.4379,0.0,40.5937,40.5937,37.3525,77.2956,17.3715,19.3091,2540
2016-05-22 21:00:00,53.64,blend,0.5472,55.1832,0.0,42.6268,42.6268,36.887,77.2957,17.4029,19.3157,2541
2016-05-22 22:00:00,54.63,blend,0.5472,54.9977,0.0,38.2004,38.2004,36.548,77.2956,17.4299,19.3217,2542
2016-05-22 23:00:00,53.79,blend,0.5472,54.9219,0.0,30.1309,30.1309,36.4094,77.2957,17.454,19.3265,2543
2016-05-23 00:00:00,53.5,blend,0.5472,54.9503,0.0,29.3345,29.3345,36.4613,77.2958,17.4733,19.332,2544
2016-05-23 01:00:00,53.26,blend,0.5472,55.4309,0.0,34.3179,34.3179,37.3393,77.296,17.4882,19.3386,2545
2016-05-23 02:00:00,53.17,blend,0.5472,56.2586,0.0,37.1821,37.1821,38.8518,77.296,17.5001,19.3455,2546
2016-05-23 03:00:00,53.16,blend,0.5472,57.1793,0.0,34.9791,34.9791,40.5346,77.2958,17.5102,19.3545,2547
2016-05-23 04:00:00,62.39,blend,0.5472,58.5589,0.0,49.9061,49.9061,43.0556,77.296,17.5059,19.3773,2548
2016-05-23 05:00:00,65.25,blend,0.5472,60.1809,0.0,52.6846,52.6846,46.0198,77.2958,17.5122,19.3896,2549
2016-05-23 06:00:00,57.09,blend,0.5472,61.949,0.0,51.1829,51.1829,49.2508,77.2958,17.5165,19.4055,2550
2016-05-23 07:00:00,61.12,blend,0.5472,63.7635,0.0,50.1619,50.1619,52.5666,77.2959,17.3924,19.4546,2551
2016-05-23 08:00:00,76.46,blend,0.5472,65.2053,0.0,54.2506,54.2506,55.2015,77.2957,17.2354,19.29,2552
2016-05-23 09:00:00,90.34,blend,0.5472,66.1242,0.0,52.82,52.82,56.881,77.2953,17.1377,19.1746,2553
2016-05-23 10:00:00,97.15,blend,0.5472,66.8686,0.0,65.3654,65.3654,58.2415,77.2951,17.107,19.1282,2554
2016-05-23 11:00:00,96.33,blend,0.5472,67.4693,0.0,51.7971,51.7971,59.3392,77.2951,17.0572,19.0663,2555
2016-05-23 12:00:00,93.47,blend,0.5472,67.859,0.0,58.9189,58.9189,60.0515,77.2951,16.9862,18.9861,2556
2016-05-23 13:00:00,100.9,blend,0.5472,68.0607,0.0,46.184,46.184,60.4201,77.2951,16.99,18.9824,2557
2016-05-23 14:00:00,99.85,blend,0.5472,68.1246,0.0,72.6119,72.6119,60.5367,77.2952,16.9516,18.9368,2558
2016-05-23 15:00:00,97.93,blend,0.5472,68.1375,0.0,60.9113,60.9113,60.5604,77.2952,16.9254,18.9036,2559
2016-05-23 16:00:00,92.79,blend,0.5472,68.0697,0.0,62.0517,62.0517,60.4364,77.2952,16.9484,18.9188,2560
2016-05-23 17:00:00,79.5,blend,0.5472,67.9395,0.0,61.8528,61.8528,60.1984,77.2953,16.932,18.8934,2561
2016-05-23 18:00:00,65.44,blend,0.5472,67.7324,0.0,71.0567,71.0567,59.8198,77.2954,16.9585,18.878,2562
2016-05-23 19:00:00,60.11,blend,0.5472,67.4063,0.0,63.2261,63.2261,59.2236,77.2957,16.9353,18.8583,2563
2016-05-23 20:00:00,58.91,blend,0.5472,67.0758,0.0,67.9222,67.9222,58.6195,77.2959,16.9196,18.8563,2564
2016-05-23 21:00:00,55.32,blend,0.5472,66.7255,0.0,57.5012,57.5012,57.9794,77.2959,16.9122,18.8696,2565
2016-05-23 22:00:00,56.28,blend,0.5472,66.3967,0.0,50.6363,50.6363,57.3784,77.2959,16.9002,18.8815,2566
2016-05-23 23:00:00,55.13,blend,0.5472,66.1084,0.0,53.7152,53.7152,56.8517,77.2959,16.8855,18.8937,2567
2016-05-24 00:00:00,54.76,blend,0.5472,65.9535,0.0,58.8617,58.8617,56.5686,77.2959,16.8736,18.9103,2568
2016-05-24 01:00:00,54.62,blend,0.5472,65.9972,0.0,51.8724,51.8724,56.6483,77.2961,16.8609,18.926,2569
2016-05-24 02:00:00,54.73,blend,0.5472,66.2042,0.0,52.5184,52.5184,57.0267,77.296,16.8493,18.9408,2570
2016-05-24 03:00:00,54.95,blend,0.5472,66.5496,0.0,50.2175,50.2175,57.6579,77.296,16.8414,18.9559,2571
2016-05-24 04:00:00,62.31,blend,0.5472,66.9735,0.0,55.1631,55.1631,58.4325,77.296,16.8536,18.9625,2572
2016-05-24 05:00:00,66.97,blend,0.5472,67.4134,0.0,56.4332,56.4332,59.2364,77.2959,16.8849,18.9457,2573
2016-05-24 06:00:00,63.0,blend,0.5472,67.8234,0.0,66.5103,66.5103,59.9857,77.2958,16.8752,18.9104,2574
2016-05-24 07:00:00,82.29,blend,0.5472,68.1432,0.0,68.4648,68.4648,60.57,77.2959,16.8794,18.9075,2575
2016-05-24 08:00:00,106.17,blend,0.5472,68.372,0.0,55.4547,55.4547,60.9883,77.2958,16.9211,18.9443,2576
2016-05-24 09:00:00,117.8,blend,0.5472,68.542,0.0,66.444,66.444,61.2992,77.2955,17.0063,19.0262,2577
2016-05-24 10:00:00,122.17,blend,0.5472,68.6673,0.0,60.4416,60.4416,61.5282,77.2953,17.1116,19.1293,2578
2016-05-24 11:00:00,116.59,blend,0.5472,68.7452,0.0,64.9982,64.9982,61.6707,77.2952,17.1828,19.1991,2579
2016-05-24 12:00:00,110.54,blend,0.5472,68.7827,0.0,67.8824,67.8824,61.7393,77.2952,17.2324,19.2477,2580
2016-05-24 13:00:00,107.82,blend,0.5472,68.7956,0.0,63.2742,63.2742,61.7629,77.2952,17.2806,19.2949,2581
2016-05-24 14:00:00,112.86,blend,0.5472,68.7904,0.0,62.1248,62.1248,61.7533,77.2953,17.3679,19.3813,2582
2016-05-24 15:00:00,113.7,blend,0.5472,68.7748,0.0,63.5308,63.5308,61.7249,77.2953,17.4475,19.46,2583
2016-05-24 16:00:00,103.96,blend,0.5472,68.7554,0.0,56.8678,56.8678,61.6893,77.2953,17.5638,19.5751,2584
2016-05-24 17:00:00,100.33,blend,0.5472,68.7281,0.0,71.137,71.137,61.6394,77.2954,17.7202,19.6942,2585
2016-05-24 18:00:00,69.16,blend,0.5472,68.6791,0.0,58.3384,58.3384,61.5498,77.2955,17.7495,19.6345,2586
2016-05-24 19:00:00,64.2,blend,0.5472,68.6131,0.0,74.5681,74.5681,61.4289,77.2957,17.7198,19.5738,2587
2016-05-24 20:00:00,59.84,blend,0.5472,68.5018,0.0,72.7682,72.7682,61.2254,77.2959,17.7083,19.565,2588
2016-05-24 21:00:00,60.76,blend,0.5472,68.3802,0.0,57.0516,57.0516,61.0032,77.2959,17.6759,19.5363,2589
2016-05-24 22:00:00,61.73,blend,0.5472,68.2535,0.0,61.4409,61.4409,60.7717,77.2959,17.655,19.5087,2590
2016-05-24 23:00:00,60.13,blend,0.5472,68.156,0.0,59.6163,59.6163,60.5935,77.2959,17.6265,19.4858,2591
2016-05-25 00:00:00,59.69,blend,0.5472,68.0935,0.0,62.5329,62.5329,60.4792,77.2959,17.5981,19.4636,2592
2016-05-25 01:00:00,60.04,blend,0.5472,68.0606,0.0,60.8979,60.8979,60.4191,77.296,17.5669,19.4391,2593
2016-05-25 02:00:00,60.11,blend,0.5472,68.0735,0.0,58.1859,58.1859,60.4427,77.296,17.535,19.4135,2594
2016-05-25 03:00:00,60.4,blend,0.5472,68.1345,0.0,56.5604,56.5604,60.5542,77.2959,17.5013,19.3857,2595
2016-05-25 04:00:00,72.85,blend,0.5472,68.2502,0.0,58.3747,58.3747,60.7655,77.296,17.5547,19.3371,2596
2016-05-25 05:00:00,73.33,blend,0.5472,68.3793,0.0,62.7914,62.7914,61.0016,77.2958,17.6047,19.2908,2597
2016-05-25 06:00:00,65.8,blend,0.5472,68.5132,0.0,51.8454,51.8454,61.2462,77.2958,17.6133,19.2478,2598
2016-05-25 07:00:00,91.08,blend,0.5472,68.6037,0.0,63.4461,63.4461,61.4115,77.296,17.6754,19.3082,2599
2016-05-25 08:00:00,114.52,blend,0.5472,68.6703,0.0,64.9026,64.9026,61.5335,77.2958,17.7674,19.3989,2600
2016-05-25 09:00:00,120.85,blend,0.5472,68.7343,0.0,60.7079,60.7079,61.6508,77.2954,17.8333,19.4639,2601
2016-05-25 10:00:00,128.87,blend,0.5472,68.7772,0.0,67.2156,67.2156,61.7292,77.2952,17.954,19.584,2602
2016-05-25 11:00:00,129.16,blend,0.5472,68.7997,0.0,63.6115,63.6115,61.7704,77.2951,18.11,19.7394,2603
2016-05-25 12:00:00,133.24,blend,0.5472,68.8108,0.0,67.3142,67.3142,61.7906,77.2952,18.2964,19.9253,2604
2016-05-25 13:00:00,135.45,blend,0.5472,68.8157,0.0,57.0622,57.0622,61.7996,77.2952,18.5226,20.1511,2605
2016-05-25 14:00:00,139.57,blend,0.5472,68.8148,0.0,62.7092,62.7092,61.7979,77.2952,18.7459,20.374,2606
2016-05-25 15:00:00,133.5,blend,0.5472,68.8122,0.0,41.1258,41.1258,61.7934,77.295,18.9494,20.5771,2607
2016-05-25 16:00:00,131.36,blend,0.5472,68.8043,0.0,60.1915,60.1915,61.7789,77.2951,19.2038,20.8313,2608
2016-05-25 17:00:00,116.47,blend,0.5472,68.7869,0.0,69.4365,69.4365,61.7471,77.2952,19.3935,21.0207,2609
2016-05-25 18:00:00,73.57,blend,0.5472,68.7653,0.0,63.8174,63.8174,61.7075,77.2953,19.4368,20.9776,2610
2016-05-25 19:00:00,69.91,blend,0.5472,68.7203,0.0,67.3847,67.3847,61.6249,77.2957,19.4858,20.9281,2611
2016-05-25 20:00:00,81.96,blend,0.5472,68.6312,0.0,58.1042,58.1042,61.462,77.2959,19.5966,20.8735,2612
2016-05-25 21:00:00,81.2,blend,0.5472,68.5363,0.0,67.4831,67.4831,61.2885,77.2959,19.6873,20.7748,2613
2016-05-25 22:00:00,81.02,blend,0.5472,68.4861,0.0,50.2706,50.2706,61.1967,77.296,19.7826,20.6797,2614
2016-05-25 23:00:00,78.8,blend,0.5472,68.4655,0.0,60.5943,60.5943,61.159,77.2959,19.8561,20.5622,2615
2016-05-26 00:00:00,78.93,blend,0.5472,68.4611,0.0,68.0682,68.0682,61.1509,77.296,19.9279,20.4429,2616
2016-05-26 01:00:00,66.81,blend,0.5472,68.4507,0.0,68.703,68.703,61.1319,77.296,19.927,20.3754,2617
2016-05-26 02:00:00,60.62,blend,0.5472,68.4721,0.0,54.2498,54.2498,61.1711,77.296,19.8955,20.3447,2618
2016-05-26 03:00:00,61.79,blend,0.5472,68.4924,0.0,69.3026,69.3026,61.2081,77.296,19.8665,20.3096,2619
2016-05-26 04:00:00,89.51,blend,0.5472,68.5214,0.0,61.8421,61.8421,61.2611,77.296,20.0137,20.3087,2620
2016-05-26 05:00:00,82.55,blend,0.5472,68.5782,0.0,61.2244,61.2244,61.3651,77.2958,20.0987,20.2871,2621
2016-05-26 06:00:00,75.5,blend,0.5472,68.6693,0.0,51.2523,51.2523,61.5316,77.2958,20.1792,20.2016,2622
2016-05-26 07:00:00,100.2,blend,0.5472,68.7201,0.0,66.403,66.403,61.6243,77.2959,20.2778,20.3,2623
2016-05-26 08:00:00,129.02,blend,0.5472,68.7595,0.0,49.1183,49.1183,61.6965,77.2956,20.4077,20.4297,2624
2016-05-26 09:00:00,142.04,blend,0.5472,68.7978,0.0,68.7281,68.7281,61.767,77.2951,20.5836,20.6055,2625
2016-05-26 10:00:00,147.96,blend,0.5472,68.823,0.0,71.7623,71.7623,61.8133,77.2949,20.8347,20.8565,2626
2016-05-26 11:00:00,149.86,blend,0.5472,68.8369,0.0,45.8284,45.8284,61.8388,77.2947,21.1023,21.124,2627
2016-05-26 12:00:00,148.75,blend,0.5472,68.8438,0.0,60.2564,60.2564,61.8514,77.2945,21.3452,21.3667,2628
2016-05-26 13:00:00,155.62,blend,0.5472,68.8438,0.0,55.9139,55.9139,61.8516,77.2945,21.669,21.6905,2629
2016-05-26 14:00:00,153.65,blend,0.5472,68.8394,0.0,70.3939,70.3939,61.8437,77.2943,21.9378,21.9592,2630
2016-05-26 15:00:00,153.17,blend,0.5472,68.8339,0.0,48.3954,48.3954,61.8338,77.294,22.2187,22.2402,2631
2016-05-26 16:00:00,139.15,blend,0.5472,68.8198,0.0,57.4424,57.4424,61.8082,77.2938,22.4721,22.4936,2632
2016-05-26 17:00:00,139.67,blend,0.5472,68.7989,0.0,70.3731,70.3731,61.77,77.2939,22.7835,22.8051,2633
2016-05-26 18:00:00,77.45,blend,0.5472,68.767,0.0,61.0588,61.0588,61.7115,77.2942,22.8518,22.7385,2634
2016-05-26 19:00:00,76.09,blend,0.5472,68.7238,0.0,67.7069,67.7069,61.6321,77.2948,22.937,22.6513,2635
2016-05-26 20:00:00,78.11,blend,0.5472,68.621,0.0,54.7417,54.7417,61.4439,77.2951,23.0282,22.5697,2636
2016-05-26 21:00:00,78.68,blend,0.5472,68.5082,0.0,67.2074,67.2074,61.2377,77.2952,23.1017,22.4524,2637
2016-05-26 22:00:00,79.19,blend,0.5472,68.4072,0.0,51.4921,51.4921,61.0529,77.2954,23.1843,22.3421,2638
2016-05-26 23:00:00,67.03,blend,0.5472,68.3422,0.0,67.5712,67.5712,60.9342,77.2954,23.1909,22.2762,2639
2016-05-27 00:00:00,64.15,blend,0.5472,68.3013,0.0,53.5999,53.5999,60.8593,77.2955,23.1792,22.2252,2640
2016-05-27 01:00:00,64.08,blend,0.5472,68.2197,0.0,75.1232,75.1232,60.7103,77.2954,23.1672,22.173,2641
2016-05-27 02:00:00,61.58,blend,0.5472,68.1554,0.0,62.046,62.046,60.5928,77.2954,23.1455,22.1395,2642
2016-05-27 03:00:00,61.46,blend,0.5472,68.1621,0.0,59.2757,59.2757,60.605,77.2954,23.1241,22.1075,2643
2016-05-27 04:00:00,107.37,blend,0.5472,68.2166,0.0,57.6853,57.6853,60.7047,77.2954,23.3765,22.2124,2644
2016-05-27 05:00:00,104.69,blend,0.5472,68.3167,0.0,65.6049,65.6049,60.8878,77.2952,23.59,22.3242,2645
2016-05-27 06:00:00,106.18,blend,0.5472,68.5096,0.0,68.2854,68.2854,61.2404,77.2951,23.8528,22.4035,2646
2016-05-27 07:00:00,125.09,blend,0.5472,68.6283,0.0,70.883,70.883,61.4572,77.2951,24.1166,22.6691,2647
2016-05-27 08:00:00,148.8,blend,0.5472,68.7103,0.0,51.4133,51.4133,61.6074,77.2947,24.4084,22.9624,2648
2016-05-27 09:00:00,175.26,blend,0.5472,68.7677,0.0,62.1867,62.1867,61.7129,77.2939,24.7814,23.3368,2649
2016-05-27 10:00:00,185.26,blend,0.5472,68.8037,0.0,58.5218,58.5218,61.7792,77.2933,25.2288,23.7853,2650
2016-05-27 11:00:00,182.12,blend,0.5472,68.8269,0.0,58.6418,58.6418,61.8221,77.2928,25.6679,24.2254,2651
2016-05-27 12:00:00,180.4,blend,0.5472,68.8386,0.0,61.3098,61.3098,61.8437,77.2925,26.1119,24.6703,2652
2016-05-27 13:00:00,179.76,blend,0.5472,68.8441,0.0,46.9286,46.9286,61.8539,77.2922,26.5855,25.1447,2653
2016-05-27 14:00:00,189.16,blend,0.5472,68.8445,0.0,60.2663,60.2663,61.855,77.2919,27.1352,25.6954,2654
2016-05-27 15:00:00,168.45,blend,0.5472,68.8411,0.0,59.8973,59.8973,61.8492,77.2914,27.5899,26.1513,2655
2016-05-27 16:00:00,161.08,blend,0.5472,68.8329,0.0,61.4543,61.4543,61.8344,77.2912,28.0275,26.5905,2656
2016-05-27 17:00:00,150.49,blend,0.5472,68.8148,0.0,60.3343,60.3343,61.8012,77.2914,28.4472,27.0124,2657
2016-05-27 18:00:00,89.83,blend,0.5472,68.7912,0.0,60.5326,60.5326,61.7578,77.2917,28.6111,26.9949,2658
2016-05-27 19:00:00,78.75,blend,0.5472,68.7454,0.0,57.742,57.742,61.6732,77.2928,28.6897,26.8839,2659
2016-05-27 20:00:00,79.74,blend,0.5472,68.6494,0.0,53.2582,53.2582,61.4972,77.2935,28.7846,26.7865,2660
2016-05-27 21:00:00,68.07,blend,0.5472,68.5261,0.0,49.1313,49.1313,61.2716,77.2937,28.8205,26.7369,2661
2016-05-27 22:00:00,59.58,blend,0.5472,68.4013,0.0,56.3424,56.3424,61.0434,77.2939,28.8275,26.7428,2662
2016-05-27 23:00:00,57.11,blend,0.5472,68.2463,0.0,50.217,50.217,60.7601,77.294,28.8449,26.7564,2663
2016-05-28 00:00:00,59.13,blend,0.5472,68.0478,0.0,52.4163,52.4163,60.3974,77.2939,28.8468,26.7562,2664
2016-05-28 01:00:00,58.7,blend,0.5472,67.6675,0.0,63.3866,63.3866,59.7031,77.2931,28.8472,26.7563,2665
2016-05-28 02:00:00,58.04,blend,0.5472,67.3076,0.0,67.273,67.273,59.0463,77.2921,28.8504,26.7607,2666
2016-05-28 03:00:00,63.42,blend,0.5472,67.0181,0.0,56.7886,56.7886,58.5216,77.2868,28.8779,26.7356,2667
2016-05-28 04:00:00,103.01,blend,0.5472,66.5707,0.0,72.9776,72.9776,58.1368,76.7639,29.0757,26.8507,2668
2016-05-28 05:00:00,101.29,blend,0.5472,66.3097,0.0,55.4389,55.4389,58.0791,76.2569,29.2498,26.9719,2669
2016-05-28 06:00:00,113.47,blend,0.5472,66.5176,0.0,51.3197,51.3197,58.6957,75.9709,29.5384,27.1222,2670
2016-05-28 07:00:00,106.5,blend,0.5472,66.7317,0.0,42.6632,42.6632,59.3124,75.6985,29.7814,27.2334,2671
2016-05-28 08:00:00,105.59,blend,0.5472,66.9358,0.0,69.657,69.657,59.904,75.4343,30.0326,27.3227,2672
2016-05-28 09:00:00,110.29,blend,0.5472,66.9709,0.0,61.6407,61.6407,60.1696,75.1909,30.3166,27.4308,2673
2016-05-28 10:00:00,117.26,blend,0.5472,66.8973,0.0,62.7154,62.7154,60.2014,74.9898,30.6287,27.5908,2674
2016-05-28 11:00:00,119.3,blend,0.5472,66.7925,0.0,50.7007,50.7007,60.1424,74.8298,30.9446,27.7686,2675
2016-05-28 12:00:00,128.17,blend,0.5472,66.6754,0.0,63.1526,63.1526,60.0411,74.6936,31.3372,27.972,2676
2016-05-28 13:00:00,128.96,blend,0.5472,66.5332,0.0,60.2412,60.2412,59.8702,74.586,31.7108,28.2003,2677
2016-05-28 14:00:00,130.71,blend,0.5472,66.3611,0.0,61.9033,61.9033,59.6239,74.5036,32.1015,28.4269,2678
2016-05-28 15:00:00,130.95,blend,0.5472,66.0891,0.0,69.1159,69.1159,59.1553,74.4691,32.4936,28.6488,2679
2016-05-28 16:00:00,132.94,blend,0.5472,65.6817,0.0,59.2482,59.2482,58.4328,74.4427,32.8903,28.8838,2680
2016-05-28 17:00:00,128.95,blend,0.5472,65.2145,0.0,57.6541,57.6541,57.5851,74.4352,33.2359,29.1151,2681
2016-05-28 18:00:00,73.8,blend,0.5472,64.7217,0.0,58.8732,58.8732,56.6934,74.4246,33.3075,28.9636,2682
2016-05-28 19:00:00,67.66,blend,0.5472,64.2141,0.0,58.6903,58.6903,55.6884,74.5182,33.3334,28.8518,2683
2016-05-28 20:00:00,71.25,blend,0.5472,63.2534,0.0,52.0545,52.0545,53.8381,74.6324,33.3424,28.7591,2684
2016-05-28 21:00:00,65.08,blend,0.5472,61.9522,0.0,55.3909,55.3909,51.3706,74.741,33.3498,28.675,2685
2016-05-28 22:00:00,58.07,blend,0.5472,60.6728,0.0,47.3212,47.3212,49.0805,74.6829,33.3176,28.6383,2686
2016-05-28 23:00:00,52.31,blend,0.5472,27.8916,0.0,39.0472,39.0472,46.7205,5.1354,33.2679,28.7766,2687
2016-05-29 00:00:00,51.33,blend,0.4652,23.8664,0.0,7.7704,7.7704,44.2679,6.1196,33.2255,28.9021,2688
2016-05-29 01:00:00,50.6,blend,0.4652,23.7964,0.0,8.933,8.933,42.4867,7.5382,33.1888,29.0146,2689
2016-05-29 02:00:00,50.14,blend,0.4652,23.8813,0.0,9.2822,9.2822,41.0525,8.9445,33.1604,29.1144,2690
2016-05-29 03:00:00,50.2,blend,0.4652,24.172,0.0,9.8175,9.8175,39.9073,10.4842,33.1385,29.2088,2691
2016-05-29 04:00:00,87.75,blend,0.4652,24.9463,0.0,12.8636,12.8636,39.3463,12.42,33.2856,29.5777,2692
2016-05-29 05:00:00,92.5,blend,0.4652,25.7267,0.0,19.9864,19.9864,39.1917,14.0139,33.4251,30.0079,2693
2016-05-29 06:00:00,97.01,blend,0.4652,26.573,0.0,13.5113,13.5113,39.6358,15.21,33.6414,30.4137,2694
2016-05-29 07:00:00,98.8,blend,0.4652,27.597,0.0,13.0714,13.0714,40.738,16.166,33.8908,30.8072,2695
2016-05-29 08:00:00,104.41,blend,0.4652,28.7685,0.0,19.7211,19.7211,42.3071,16.9915,34.1735,31.2309,2696
2016-05-29 09:00:00,111.59,blend,0.4652,29.8604,0.0,16.9346,16.9346,43.5889,17.9183,34.5008,31.6861,2697
2016-05-29 10:00:00,116.09,blend,0.4652,30.8919,0.0,27.1063,27.1063,44.5651,18.9979,34.8469,32.164,2698
2016-05-29 11:00:00,112.38,blend,0.4652,32.8473,0.0,22.6389,22.6389,45.4195,21.911,35.1717,32.595,2699
2016-05-29 12:00:00,118.42,blend,0.4652,37.7795,0.0,38.919,38.919,46.1606,30.489,35.5205,33.0146,2700
2016-05-29 13:00:00,116.74,blend,0.4652,49.065,0.0,59.9868,59.9868,46.5875,51.2202,35.8628,33.2897,2701
2016-05-29 14:00:00,115.73,blend,0.4652,57.612,0.0,70.6924,70.6924,46.693,67.1101,36.1797,33.4769,2702
2016-05-29 15:00:00,119.25,blend,0.4652,59.89,0.0,73.7912,73.7912,46.5011,71.5367,36.5046,33.6658,2703
2016-05-29 16:00:00,111.62,blend,0.4652,60.4409,0.0,83.6974,83.6974,46.0721,72.9401,36.785,33.7944,2704
2016-05-29 17:00:00,109.69,blend,0.4652,60.3935,0.0,79.0755,79.0755,45.4442,73.3976,37.0634,33.8961,2705
2016-05-29 18:00:00,66.93,blend,0.4652,59.9974,0.0,95.9912,95.9912,44.2232,73.719,37.1269,33.7818,2706
2016-05-29 19:00:00,62.39,blend,0.4652,59.5137,0.0,96.0144,96.0144,42.9188,73.9493,37.1514,33.7088,2707
2016-05-29 20:00:00,69.23,blend,0.4652,58.8055,0.0,76.9511,76.9511,41.4319,73.9184,37.1888,33.627,2708
2016-05-29 21:00:00,64.18,blend,0.4652,57.7898,0.0,68.0017,68.0017,39.7137,73.5139,37.2347,33.5417,2709
2016-05-29 22:00:00,53.54,blend,0.4652,18.7484,0.0,1.7511,1.7511,38.3256,1.7185,37.2177,33.7153,2710
2016-05-29 23:00:00,50.0,blend,0.4652,18.2221,0.0,1.8891,1.8891,37.0905,1.8089,37.1911,33.8622,2711
2016-05-30 00:00:00,49.59,blend,0.4652,18.2685,0.0,2.6731,2.6731,36.1347,2.7272,37.1697,33.9995,2712
2016-05-30 01:00:00,49.93,blend,0.4652,18.9929,0.0,4.4205,4.4205,35.845,4.3336,37.1588,34.1279,2713
2016-05-30 02:00:00,49.92,blend,0.4652,20.3806,0.0,6.9812,6.9812,36.1218,6.6876,37.1557,34.2416,2714
2016-05-30 03:00:00,50.24,blend,0.4652,22.5193,0.0,8.0463,8.0463,36.9662,9.9522,37.1596,34.3377,2715
2016-05-30 04:00:00,89.37,blend,0.4652,25.6742,0.0,14.6117,14.6117,38.4086,14.5968,37.3478,34.6941,2716
2016-05-30 05:00:00,91.78,blend,0.4652,29.3065,0.0,15.3603,15.3603,40.5054,19.5648,37.5386,35.0522,2717
2016-05-30 06:00:00,77.98,blend,0.4652,33.9432,0.0,26.451,26.451,44.0901,25.1166,37.6936,35.2466,2718
2016-05-30 07:00:00,79.74,blend,0.4652,39.2804,0.0,33.6814,33.6814,48.18,31.5388,37.8306,35.4372,2719
2016-05-30 08:00:00,78.87,blend,0.4652,44.8128,0.0,34.5508,34.5508,51.7066,38.8159,37.8657,35.6707,2720
2016-05-30 09:00:00,82.33,blend,0.4652,50.092,0.0,42.7168,42.7168,54.0353,46.6618,37.835,35.8054,2721
2016-05-30 10:00:00,84.67,blend,0.4652,54.7547,0.0,41.5299,41.5299,55.2682,54.308,37.7784,35.8679,2722
2016-05-30 11:00:00,90.33,blend,0.4652,58.5713,0.0,48.5261,48.5261,55.8634,60.9269,37.7634,35.9296,2723
2016-05-30 12:00:00,92.83,blend,0.4652,61.3645,0.0,86.5748,86.5748,56.003,66.0284,37.7837,35.9929,2724
2016-05-30 13:00:00,93.69,blend,0.4652,63.1473,0.0,63.1574,63.1574,55.8608,69.4857,37.7679,35.9964,2725
2016-05-30 14:00:00,91.8,blend,0.4652,64.1667,0.0,74.6887,74.6887,55.486,71.7178,37.75,35.9817,2726
2016-05-30 15:00:00,91.47,blend,0.4652,64.5879,0.0,87.4139,87.4139,54.781,73.1188,37.746,35.9681,2727
2016-05-30 16:00:00,95.16,blend,0.4652,64.4575,0.0,68.2566,68.2566,53.6674,73.8436,37.8004,36.0028,2728
2016-05-30 17:00:00,89.43,blend,0.4652,63.9378,0.0,65.5991,65.5991,52.1992,74.1488,37.9071,36.0806,2729
2016-05-30 18:00:00,59.01,blend,0.4652,63.255,0.0,77.1934,77.1934,50.5839,74.2773,37.9238,36.1009,2730
2016-05-30 19:00:00,49.62,blend,0.4652,62.5402,0.0,78.0735,78.0735,48.8922,74.4124,37.9228,36.1462,2731
2016-05-30 20:00:00,60.05,blend,0.4652,61.727,0.0,57.7412,57.7412,46.9443,74.5861,37.9991,36.1233,2732
2016-05-30 21:00:00,57.64,blend,0.4652,60.7968,0.0,66.5551,66.5551,44.7259,74.7765,38.0602,36.0945,2733
2016-05-30 22:00:00,57.91,blend,0.4652,60.1516,0.0,98.221,98.221,43.12,74.967,38.1417,36.0709,2734
2016-05-30 23:00:00,62.74,blend,0.4652,59.7394,0.0,69.6122,69.6122,41.9935,75.1763,38.2549,36.013,2735
2016-05-31 00:00:00,56.22,blend,0.4652,59.535,0.0,77.6156,77.6156,41.2935,75.4029,38.333,35.993,2736
2016-05-31 01:00:00,56.15,blend,0.4652,59.429,0.0,38.1161,38.1161,41.001,75.4592,38.4111,35.973,2737
2016-05-31 02:00:00,55.93,blend,0.4652,37.025,0.0,31.9363,31.9363,41.1141,33.4681,38.4856,35.9724,2738
2016-05-31 03:00:00,56.23,blend,0.4652,42.3455,0.0,31.8887,31.8887,41.6343,42.9642,38.5564,35.9183,2739
2016-05-31 04:00:00,98.64,blend,0.4652,51.5985,0.0,56.3448,56.3448,42.7082,59.332,38.8662,36.0631,2740
2016-05-31 05:00:00,91.93,blend,0.4652,58.128,0.0,72.8052,72.8052,44.5866,69.9074,39.102,36.1327,2741
2016-05-31 06:00:00,98.76,blend,0.4652,62.0737,0.0,77.5753,77.5753,47.9887,74.3259,39.3863,36.1931,2742
2016-05-31 07:00:00,116.04,blend,0.4652,64.5703,0.0,59.7973,59.7973,51.4592,75.9754,39.6414,36.4018,2743
2016-05-31 08:00:00,148.01,blend,0.4652,66.5038,0.0,81.8916,81.8916,54.8616,76.6311,39.9269,36.6548,2744
2016-05-31 09:00:00,173.28,blend,0.4652,67.9837,0.0,71.2369,71.2369,57.7573,76.8795,40.2782,36.9875,2745
2016-05-31 10:00:00,176.04,blend,0.4652,68.9739,0.0,80.2852,80.2852,59.7745,76.9762,40.6093,37.3101,2746
2016-05-31 11:00:00,172.94,blend,0.4652,69.4994,0.0,88.5132,88.5132,60.8605,77.0142,40.9496,37.6472,2747
2016-05-31 12:00:00,184.19,blend,0.4652,69.7453,0.0,78.2722,78.2722,61.3554,77.0435,41.3902,38.0871,2748
2016-05-31 13:00:00,174.97,blend,0.4652,69.8665,0.0,91.1671,91.1671,61.5833,77.0719,41.791,38.4881,2749
2016-05-31 14:00:00,181.28,blend,0.4652,69.9415,0.0,82.2935,82.2935,61.6867,77.1222,42.1987,38.8964,2750
2016-05-31 15:00:00,179.12,blend,0.4652,69.9991,0.0,41.6316,41.6316,61.725,77.1965,42.5881,39.2864,2751
2016-05-31 16:00:00,163.53,blend,0.4652,70.0356,0.0,78.5765,78.5765,61.7419,77.2502,42.9423,39.6412,2752
2016-05-31 17:00:00,159.52,blend,0.4652,70.0382,0.0,81.2459,81.2459,61.7177,77.2761,43.2942,39.9937,2753
2016-05-31 18:00:00,88.7,blend,0.4652,70.0179,0.0,79.547,79.547,61.6652,77.2837,43.4098,40.0132,2754
2016-05-31 19:00:00,81.23,blend,0.4652,69.9694,0.0,99.5637,99.5637,61.5598,77.2847,43.5104,39.9587,2755
2016-05-31 20:00:00,77.2,blend,0.4652,69.8481,0.0,87.8914,87.8914,61.2981,77.2855,43.5968,39.8553,2756
2016-05-31 21:00:00,66.74,blend,0.4652,69.6969,0.0,110.3757,110.3757,60.9721,77.2864,43.6297,39.8197,2757
2016-05-31 22:00:00,55.43,blend,0.4652,69.5169,0.0,32.921,32.921,60.5982,77.275,43.6548,39.8571,2758
2016-05-31 23:00:00,52.76,blend,0.4652,68.5408,0.0,99.304,99.304,60.163,75.8284,43.6961,39.8922,2759
2016-06-01 00:00:00,52.51,blend,0.4652,68.0212,0.0,61.5407,61.5407,59.6267,75.3234,43.7337,39.9232,2760
2016-06-01 01:00:00,51.98,blend,0.4652,67.7276,0.0,88.778,88.778,59.0879,75.243,43.7738,39.959,2761
2016-06-01 02:00:00,51.68,blend,0.4652,67.5766,0.0,71.5272,71.5272,58.748,75.2563,43.8139,39.997,2762
2016-06-01 03:00:00,51.31,blend,0.4652,67.5457,0.0,75.7732,75.7732,58.6776,75.2598,43.8568,40.039,2763
2016-06-01 04:00:00,98.88,blend,0.4652,66.6576,0.0,76.4654,76.4654,58.8516,73.4478,44.0231,40.1639,2764
2016-06-01 05:00:00,98.42,blend,0.4652,38.6388,0.0,18.3605,18.3605,59.2607,20.7003,44.1828,40.6029,2765
2016-06-01 06:00:00,105.74,blend,0.4652,37.6365,0.0,20.9513,20.9513,60.1204,18.0782,44.4273,41.0563,2766
2016-06-01 07:00:00,127.46,blend,0.4652,38.0317,0.0,18.5597,18.5597,60.7107,18.3038,44.648,41.624,2767
2016-06-01 08:00:00,165.45,blend,0.4652,39.0838,0.0,25.3978,25.3978,61.1082,19.9254,44.9537,42.2686,2768
2016-06-01 09:00:00,186.15,blend,0.4652,40.6483,0.0,25.8993,25.8993,61.3798,22.6145,45.344,42.9828,2769
2016-06-01 10:00:00,189.58,blend,0.4652,42.8139,0.0,23.3916,23.3916,61.5563,26.5104,45.7064,43.6465,2770
2016-06-01 11:00:00,174.78,blend,0.4652,45.5257,0.0,37.1638,37.1638,61.6626,31.4887,45.9786,44.1907,2771
2016-06-01 12:00:00,173.54,blend,0.4652,48.385,0.0,37.4162,37.4162,61.7225,36.783,46.2189,44.6717,2772
2016-06-01 13:00:00,170.12,blend,0.4652,53.1987,0.0,48.0782,48.0782,61.7486,45.7614,46.4255,45.0658,2773
2016-06-01 14:00:00,178.55,blend,0.4652,58.834,0.0,58.7277,58.7277,61.7398,56.3064,46.6579,45.4227,2774
2016-06-01 15:00:00,179.3,blend,0.4652,64.0717,0.0,78.1375,78.1375,61.7206,66.1169,46.931,45.7619,2775
2016-06-01 16:00:00,159.42,blend,0.4652,67.3527,0.0,49.1938,49.1938,61.6973,72.2722,47.0985,45.9588,2776
2016-06-01 17:00:00,144.53,blend,0.4652,68.1163,0.0,75.1737,75.1737,61.6585,73.7338,47.266,46.147,2777
2016-06-01 18:00:00,90.87,blend,0.4652,68.3729,0.0,66.6704,66.6704,61.5728,74.2881,47.3698,46.2235,2778
2016-06-01 19:00:00,80.91,blend,0.4652,68.328,0.0,40.34,40.34,61.4073,74.3482,47.4366,46.2186,2779
2016-06-01 20:00:00,74.14,blend,0.4652,67.9113,0.0,50.3302,50.3302,61.0917,73.8435,47.3922,46.1926,2780
2016-06-01 21:00:00,68.37,blend,0.4652,67.2151,0.0,76.0049,76.0049,60.6916,72.8897,47.3194,46.1963,2781
2016-06-01 22:00:00,56.26,blend,0.4652,63.4509,0.0,59.7918,59.7918,60.1851,66.2917,47.2248,46.2338,2782
2016-06-01 23:00:00,53.89,blend,0.4652,36.9903,0.0,18.2967,18.2967,59.6306,17.2961,47.1539,46.4427,2783
2016-06-02 00:00:00,53.48,blend,0.4652,31.1254,0.0,5.5237,5.5237,59.025,6.8561,47.0811,46.7105,2784
2016-06-02 01:00:00,52.3,blend,0.4652,29.5572,0.0,4.7267,4.7267,58.377,4.4874,47.0835,46.9327,2785
2016-06-02 02:00:00,51.9,blend,0.4652,28.849,0.0,4.6643,4.6643,57.9298,3.5522,47.1161,47.1212,2786
2016-06-02 03:00:00,51.92,blend,0.4652,28.6646,0.0,2.273,2.273,57.759,3.3561,47.1474,47.318,2787
2016-06-02 04:00:00,96.94,blend,0.4652,28.6692,0.0,3.7037,3.7037,57.9871,3.1661,47.2111,47.8035,2788
2016-06-02 05:00:00,98.91,blend,0.4652,28.8363,0.0,4.0132,4.0132,58.5225,3.0129,47.3254,48.343,2789
2016-06-02 06:00:00,100.89,blend,0.4652,29.3039,0.0,4.2753,4.2753,59.5486,2.9947,47.4884,48.915,2790
2016-06-02 07:00:00,113.81,blend,0.4652,29.6964,0.0,2.9876,2.9876,60.3407,3.0396,47.577,49.438,2791
2016-06-02 08:00:00,144.25,blend,0.4652,29.945,0.0,2.7038,2.7038,60.8658,3.0477,47.6726,49.9706,2792
2016-06-02 09:00:00,148.17,blend,0.4652,29.9767,0.0,2.0009,2.0009,61.1869,2.8277,47.7125,50.4504,2793
2016-06-02 10:00:00,149.27,blend,0.4652,29.8509,0.0,2.923,2.923,61.386,2.4191,47.7229,50.9039,2794
2016-06-02 11:00:00,152.1,blend,0.4652,29.6677,0.0,1.9812,1.9812,61.4813,1.9938,47.7384,51.3654,2795
2016-06-02 12:00:00,151.71,blend,0.4652,29.4586,0.0,1.0901,1.0901,61.5158,1.5728,47.758,51.8338,2796
2016-06-02 13:00:00,154.34,blend,0.4652,29.2447,0.0,1.279,1.279,61.5173,1.1714,47.7523,52.2793,2797
2016-06-02 14:00:00,160.29,blend,0.4652,29.0758,0.0,0.8609,0.8609,61.494,0.8759,47.7939,52.7737,2798
2016-06-02 15:00:00,164.38,blend,0.4652,28.9498,0.0,0.8349,0.8349,61.4453,0.6827,47.863,53.2964,2799
2016-06-02 16:00:00,160.2,blend,0.4652,28.8443,0.0,0.5717,0.5717,61.3704,0.5506,47.9909,53.8785,2800
2016-06-02 17:00:00,139.98,blend,0.4652,28.7677,0.0,0.151,0.151,61.2832,0.4832,47.9956,54.3376,2801
2016-06-02 18:00:00,86.95,blend,0.4652,28.7108,0.0,0.4926,0.4926,61.1801,0.4665,48.0553,54.8514,2802
2016-06-02 19:00:00,78.77,blend,0.4652,28.6399,0.0,0.4682,0.4682,60.9277,0.5535,48.0755,55.3098,2803
2016-06-02 20:00:00,78.13,blend,0.4652,28.7322,0.0,1.4539,1.4539,60.4056,1.1802,48.0818,55.763,2804
2016-06-02 21:00:00,67.06,blend,0.4652,28.9489,0.0,2.2199,2.2199,59.6984,2.2006,48.0218,56.1408,2805
2016-06-02 22:00:00,56.47,blend,0.4652,29.3691,0.0,2.6349,2.6349,59.0256,3.5715,47.929,56.4444,2806
2016-06-02 23:00:00,53.1,blend,0.4652,29.9878,0.0,3.5224,3.5224,58.2969,5.3624,47.9237,56.6675,2807
2016-06-03 00:00:00,52.5,blend,0.4652,30.9958,0.0,6.6113,6.6113,57.4345,7.9974,47.9335,56.8541,2808
2016-06-03 01:00:00,52.24,blend,0.4652,32.2785,0.0,13.4267,13.4267,56.5107,11.1994,47.9388,57.0198,2809
2016-06-03 02:00:00,51.93,blend,0.4652,34.2061,0.0,12.4204,12.4204,55.8406,15.3868,47.9562,57.1437,2810
2016-06-03 03:00:00,52.22,blend,0.4652,37.1177,0.0,22.5236,22.5236,55.598,21.042,47.9712,57.2351,2811
2016-06-03 04:00:00,95.92,blend,0.4652,41.3252,0.0,26.1563,26.1563,55.8454,28.6944,47.932,57.4562,2812
2016-06-03 05:00:00,100.29,blend,0.4652,46.1521,0.0,39.2598,39.2598,56.4816,37.1668,47.9321,57.6689,2813
2016-06-03 06:00:00,107.13,blend,0.4652,51.3573,0.0,35.5479,35.5479,57.935,45.6355,47.9574,57.863,2814
2016-06-03 07:00:00,123.42,blend,0.4652,55.8885,0.0,55.9422,55.9422,59.1806,53.0248,47.961,57.9975,2815
2016-06-03 08:00:00,150.15,blend,0.4652,59.6324,0.0,77.7182,77.7182,60.0562,59.2637,47.9783,58.1129,2816
2016-06-03 09:00:00,166.36,blend,0.4652,62.3981,0.0,59.311,59.311,60.5694,63.9888,47.9321,58.1391,2817
2016-06-03 10:00:00,169.03,blend,0.4652,64.3618,0.0,59.2003,59.2003,60.8827,67.3882,47.8408,58.1014,2818
2016-06-03 11:00:00,174.3,blend,0.4652,65.6348,0.0,66.7091,66.7091,61.0964,69.5827,47.7986,58.1008,2819
2016-06-03 12:00:00,175.19,blend,0.4652,66.5332,0.0,72.6097,72.6097,61.2316,71.1449,47.7712,58.1064,2820
2016-06-03 13:00:00,178.79,blend,0.4652,67.1678,0.0,75.339,75.339,61.3102,72.2633,47.7687,58.1305,2821
2016-06-03 14:00:00,176.39,blend,0.4652,67.5794,0.0,78.5696,78.5696,61.3605,72.9891,47.6956,58.0801,2822
2016-06-03 15:00:00,167.29,blend,0.4652,67.8767,0.0,85.8605,85.8605,61.3817,73.5265,47.6915,58.0956,2823
2016-06-03 16:00:00,137.91,blend,0.4652,68.0424,0.0,76.8742,76.8742,61.3514,73.8627,47.5565,57.9781,2824
2016-06-03 17:00:00,123.78,blend,0.4652,68.1246,0.0,55.2174,55.2174,61.2791,74.0795,47.4006,57.8382,2825
2016-06-03 18:00:00,76.14,blend,0.4652,68.0884,0.0,87.0089,87.0089,60.9836,74.2687,47.3237,57.7747,2826
2016-06-03 19:00:00,70.72,blend,0.4652,67.8704,0.0,86.1218,86.1218,60.45,74.3252,47.2832,57.7875,2827
2016-06-03 20:00:00,69.3,blend,0.4652,67.5057,0.0,86.2504,86.2504,59.6008,74.3819,47.2323,57.8032,2828
2016-06-03 21:00:00,64.37,blend,0.4652,67.0526,0.0,76.9332,76.9332,58.5435,74.4546,47.2265,57.8083,2829
2016-06-03 22:00:00,56.95,blend,0.4652,66.5433,0.0,68.548,68.548,57.4788,74.4282,47.221,57.8069,2830
2016-06-03 23:00:00,50.94,blend,0.4652,65.7573,0.0,88.099,88.099,56.4488,73.8545,47.232,57.8232,2831
2016-06-04 00:00:00,50.59,blend,0.4652,27.1916,0.0,1.1675,1.1675,55.4146,2.6409,47.2532,58.0005,2832
2016-06-04 01:00:00,50.23,blend,0.4652,26.2026,0.0,2.7232,2.7232,53.7315,2.2557,47.2681,58.1754,2833
2016-06-04 02:00:00,50.39,blend,0.4652,25.3153,0.0,2.2108,2.2108,52.0533,2.0565,47.272,58.3485,2834
2016-06-04 03:00:00,50.11,blend,0.4652,24.5271,0.0,2.1429,2.1429,50.7035,1.7568,47.2464,58.5538,2835
2016-06-04 04:00:00,87.72,blend,0.4652,23.8663,0.0,1.2841,1.2841,49.7154,1.3808,47.2055,58.9114,2836
2016-06-04 05:00:00,88.67,blend,0.4652,23.1928,0.0,0.5307,0.5307,49.0219,0.7247,47.1843,59.2859,2837
2016-06-04 06:00:00,92.33,blend,0.4652,23.1314,0.0,0.1596,0.1596,49.5416,0.1577,47.1129,59.6114,2838
2016-06-04 07:00:00,87.74,blend,0.4652,23.4839,0.0,-0.0006,-0.0006,50.4852,-0.004,47.0538,59.9503,2839
2016-06-04 08:00:00,89.1,blend,0.4652,23.9099,0.0,0.0066,0.0066,51.407,-0.0092,47.0062,60.3012,2840
2016-06-04 09:00:00,88.89,blend,0.4652,23.8485,0.0,-0.0318,-0.0318,51.2786,-0.0124,46.9318,60.6215,2841
2016-06-04 10:00:00,90.62,blend,0.4652,23.3919,0.0,-0.0553,-0.0553,50.3006,-0.0153,46.8321,60.9094,2842
2016-06-04 11:00:00,95.34,blend,0.4652,22.6345,0.0,-0.0337,-0.0337,48.6738,-0.0165,46.7578,61.2123,2843
2016-06-04 12:00:00,97.27,blend,0.4652,21.6344,0.0,0.0073,0.0073,46.5247,-0.0172,46.6543,61.473,2844
2016-06-04 13:00:00,102.56,blend,0.4652,20.547,0.0,-0.0178,-0.0178,44.1881,-0.0179,46.5905,61.76,2845
2016-06-04 14:00:00,96.55,blend,0.4652,19.5102,0.0,-0.02,-0.02,41.9597,-0.0181,46.4923,62.0002,2846
2016-06-04 15:00:00,100.49,blend,0.4652,18.6244,0.0,-0.0517,-0.0517,40.0556,-0.0182,46.4247,62.2623,2847
2016-06-04 16:00:00,102.44,blend,0.4652,17.7617,0.0,-0.0103,-0.0103,38.2016,-0.0186,46.3636,62.524,2848
2016-06-04 17:00:00,106.62,blend,0.4652,17.0096,0.0,-0.0437,-0.0437,36.5869,-0.0203,46.3557,62.8342,2849
2016-06-04 18:00:00,65.4,blend,0.4652,16.4637,0.0,-0.0079,-0.0079,35.4147,-0.0213,46.4323,63.2199,2850
2016-06-04 19:00:00,61.53,blend,0.4652,16.0882,0.0,-0.0248,-0.0248,34.6059,-0.02,46.5213,63.5455,2851
2016-06-04 20:00:00,66.49,blend,0.4652,15.726,0.0,0.0006,0.0006,33.8224,-0.0156,46.6121,63.9212,2852
2016-06-04 21:00:00,62.22,blend,0.4652,15.3154,0.0,-0.0174,-0.0174,32.9352,-0.0117,46.7048,64.2341,2853
2016-06-04 22:00:00,58.83,blend,0.4652,14.9827,0.0,-0.0183,-0.0183,32.2155,-0.0077,46.8097,64.4855,2854
2016-06-04 23:00:00,50.51,blend,0.4652,14.661,0.0,-0.0053,-0.0053,31.5187,-0.0031,46.8895,64.5053,2855
2016-06-05 00:00:00,50.46,transfer,1.0,30.7821,0.0,29.6671,29.6671,30.7821,0.0025,46.9646,64.5366,2856
2016-06-05 01:00:00,50.43,transfer,1.0,30.4464,0.0,25.9111,25.9111,30.4464,0.0058,47.0353,64.5804,2857
2016-06-05 02:00:00,50.39,transfer,1.0,29.9665,0.0,29.7126,29.7126,29.9665,0.0093,47.1027,64.6351,2858
2016-06-05 03:00:00,50.65,transfer,1.0,29.1659,0.0,24.4927,24.4927,29.1659,0.0634,47.1694,64.6998,2859
2016-06-05 04:00:00,89.1,transfer,1.0,27.7778,0.0,27.3985,27.3985,27.7778,0.1551,47.2463,64.7808,2860
2016-06-05 05:00:00,91.36,transfer,1.0,28.4624,0.0,26.7262,26.7262,28.4624,0.0537,47.3033,64.8571,2861
2016-06-05 06:00:00,94.08,transfer,1.0,28.5291,0.0,32.323,32.323,28.5291,0.0023,47.352,64.9302,2862
2016-06-05 07:00:00,92.43,transfer,1.0,28.34,0.0,30.6107,30.6107,28.34,-0.0051,47.3879,64.9885,2863
2016-06-05 08:00:00,90.75,transfer,1.0,28.9996,0.0,28.8499,28.8499,28.9996,-0.0117,47.3858,65.0084,2864
2016-06-05 09:00:00,91.52,transfer,1.0,30.0904,0.0,28.5427,28.5427,30.0904,-0.0179,47.3467,64.9957,2865
2016-06-05 10:00:00,95.64,transfer,1.0,30.8331,0.0,30.3124,30.3124,30.8331,-0.0233,47.3067,64.9872,2866
2016-06-05 11:00:00,93.2,transfer,1.0,31.9162,0.0,33.1537,33.1537,31.9162,-0.0274,47.2729,65.0036,2867
2016-06-05 12:00:00,97.08,transfer,1.0,33.0416,0.0,29.2838,29.2838,33.0416,-0.0299,47.224,65.0583,2868
2016-06-05 13:00:00,100.6,transfer,1.0,33.7077,0.0,33.6949,33.6949,33.7077,-0.0318,47.2046,65.2673,2869
2016-06-05 14:00:00,102.93,transfer,1.0,34.1651,0.0,36.0274,36.0274,34.1651,-0.0329,47.2029,65.5908,2870
2016-06-05 15:00:00,115.46,transfer,1.0,34.5565,0.0,30.4964,30.4964,34.5565,-0.034,47.2515,65.9942,2871
2016-06-05 16:00:00,110.03,transfer,1.0,34.7943,0.0,42.684,42.684,34.7943,-0.0345,47.3091,66.4191,2872
2016-06-05 17:00:00,102.24,transfer,1.0,35.0599,0.0,27.9787,27.9787,35.0599,-0.0343,47.3266,66.8119,2873
2016-06-05 18:00:00,62.61,transfer,1.0,35.0188,0.0,41.8094,41.8094,35.0188,-0.0333,47.3557,67.1443,2874
2016-06-05 19:00:00,61.41,transfer,1.0,34.6289,0.0,35.9514,35.9514,34.6289,-0.0307,47.3992,67.4412,2875
2016-06-05 20:00:00,64.71,transfer,1.0,33.7261,0.0,34.7979,34.7979,33.7261,-0.0243,47.4182,67.7987,2876
2016-06-05 21:00:00,62.3,transfer,1.0,32.8563,0.0,34.4206,34.4206,32.8563,-0.0215,47.4478,68.1141,2877
2016-06-05 22:00:00,55.25,transfer,1.0,32.1945,0.0,36.2074,36.2074,32.1945,-0.0202,47.4945,68.1346,2878
2016-06-05 23:00:00,50.27,transfer,1.0,31.6554,0.0,33.8053,33.8053,31.6554,-0.0194,47.5284,68.1471,2879
2016-06-06 00:00:00,49.85,transfer,1.0,31.0797,0.0,29.9427,29.9427,31.0797,-0.0182,47.56,68.165,2880
2016-06-06 01:00:00,49.49,transfer,1.0,30.802,0.0,33.2016,33.2016,30.802,-0.0167,47.5874,68.1883,2881
2016-06-06 02:00:00,49.47,transfer,1.0,30.7272,0.0,35.7017,35.7017,30.7272,-0.0141,47.6169,68.2255,2882
2016-06-06 03:00:00,49.65,transfer,1.0,30.883,0.0,35.5798,35.5798,30.883,-0.0127,47.6496,68.2813,2883
2016-06-06 04:00:00,82.46,transfer,1.0,31.2676,0.0,29.6874,29.6874,31.2676,-0.0109,47.651,68.3271,2884
2016-06-06 05:00:00,84.52,transfer,1.0,32.6774,0.0,36.8428,36.8428,32.6774,-0.0124,47.6543,68.4004,2885
2016-06-06 06:00:00,73.71,transfer,1.0,34.8944,0.0,36.81,36.81,34.8944,-0.0164,47.6837,68.5246,2886
2016-06-06 07:00:00,96.31,transfer,1.0,37.5759,0.0,45.6422,45.6422,37.5759,-0.0196,47.8454,68.8111,2887
2016-06-06 08:00:00,135.35,transfer,1.0,40.2187,0.0,41.6652,41.6652,40.2187,-0.0219,48.25,69.3784,2888
2016-06-06 09:00:00,156.97,transfer,1.0,43.5382,0.0,42.9214,42.9214,43.5382,-0.0249,48.7567,70.1006,2889
2016-06-06 10:00:00,161.95,transfer,1.0,48.266,0.0,46.1104,46.1104,48.266,-0.0284,49.2584,70.884,2890
2016-06-06 11:00:00,163.18,transfer,1.0,52.969,0.0,53.9676,53.9676,52.969,-0.0309,49.7093,71.6805,2891
2016-06-06 12:00:00,157.22,transfer,1.0,56.5834,0.0,50.779,50.779,56.5834,-0.0323,50.0891,72.457,2892
2016-06-06 13:00:00,159.04,transfer,1.0,58.7155,0.0,47.7315,47.7315,58.7155,-0.0327,50.4611,73.2598,2893
2016-06-06 14:00:00,162.35,transfer,1.0,59.8123,0.0,59.9387,59.9387,59.8123,-0.0325,50.8553,74.1068,2894
2016-06-06 15:00:00,157.15,transfer,1.0,60.4005,0.0,49.5388,49.5388,60.4005,-0.0319,51.2128,74.9332,2895
2016-06-06 16:00:00,148.47,transfer,1.0,60.6887,0.0,59.0918,59.0918,60.6887,-0.0309,51.4883,75.6903,2896
2016-06-06 17:00:00,132.35,transfer,1.0,60.7433,0.0,72.5691,72.5691,60.7433,-0.0301,51.6929,76.3873,2897
2016-06-06 18:00:00,78.24,transfer,1.0,60.6169,0.0,55.1804,55.1804,60.6169,-0.0296,51.7477,76.7623,2898
2016-06-06 19:00:00,63.22,transfer,1.0,60.215,0.0,65.0292,65.0292,60.215,-0.0289,51.7612,76.9912,2899
2016-06-06 20:00:00,63.91,transfer,1.0,59.2812,0.0,45.524,45.524,59.2812,-0.027,51.7108,77.2852,2900
2016-06-06 21:00:00,66.56,transfer,1.0,57.8474,0.0,60.816,60.816,57.8474,-0.0252,51.6858,77.5796,2901
2016-06-06 22:00:00,66.12,transfer,1.0,56.2759,0.0,58.3675,58.3675,56.2759,-0.0239,51.6563,77.8718,2902
2016-06-06 23:00:00,65.17,transfer,1.0,54.921,0.0,60.6786,60.6786,54.921,-0.023,51.5938,78.1858,2903
2016-06-07 00:00:00,64.31,transfer,1.0,53.8686,0.0,59.9556,59.9556,53.8686,-0.0225,51.5671,78.4545,2904
2016-06-07 01:00:00,64.99,transfer,1.0,53.2375,0.0,65.8037,65.8037,53.2375,-0.0207,51.5469,78.7266,2905
2016-06-07 02:00:00,66.78,transfer,1.0,52.9521,0.0,66.543,66.543,52.9521,-0.0185,51.541,78.9905,2906
2016-06-07 03:00:00,62.64,transfer,1.0,53.1352,0.0,47.9768,47.9768,53.1352,-0.017,51.5107,79.2845,2907
2016-06-07 04:00:00,109.86,transfer,1.0,54.2383,0.0,65.5614,65.5614,54.2383,-0.0144,51.5089,79.7045,2908
2016-06-07 05:00:00,101.73,transfer,1.0,55.6377,0.0,66.8309,66.8309,55.6377,-0.013,51.5015,80.179,2909
2016-06-07 06:00:00,92.04,transfer,1.0,57.5743,0.0,67.988,67.988,57.5743,-0.013,51.4044,80.5815,2910
2016-06-07 07:00:00,128.17,transfer,1.0,58.8916,0.0,47.8204,47.8204,58.8916,-0.0141,51.4324,81.1061,2911
2016-06-07 08:00:00,161.49,transfer,1.0,59.739,0.0,71.7524,71.7524,59.739,-0.0139,51.4836,81.6425,2912
2016-06-07 09:00:00,179.03,transfer,1.0,60.487,0.0,70.8902,70.8902,60.487,-0.014,51.5015,82.1344,2913
2016-06-07 10:00:00,184.42,transfer,1.0,60.9605,0.0,72.0462,72.0462,60.9605,-0.0132,51.5444,82.6426,2914
2016-06-07 11:00:00,180.27,transfer,1.0,61.2027,0.0,59.7296,59.7296,61.2027,-0.0114,51.586,83.1447,2915
2016-06-07 12:00:00,185.21,transfer,1.0,61.2989,0.0,63.4494,63.4494,61.2989,-0.0081,51.5924,83.6094,2916
2016-06-07 13:00:00,161.13,transfer,1.0,61.3902,0.0,67.1306,67.1306,61.3902,-0.0042,51.5111,83.9858,2917
2016-06-07 14:00:00,164.95,transfer,1.0,61.5005,0.0,64.1789,64.1789,61.5005,0.0003,51.415,84.3477,2918
2016-06-07 15:00:00,159.16,transfer,1.0,61.5587,0.0,65.7316,65.7316,61.5587,0.021,51.2972,84.6883,2919
2016-06-07 16:00:00,141.56,transfer,1.0,61.5548,0.0,65.7232,65.7232,61.5548,0.1072,51.1676,85.0167,2920
2016-06-07 17:00:00,142.33,transfer,1.0,61.514,0.0,55.1504,55.1504,61.514,0.2677,51.0664,85.3727,2921
2016-06-07 18:00:00,88.82,transfer,1.0,61.435,0.0,51.3149,51.3149,61.435,0.3488,51.0685,85.8314,2922
2016-06-07 19:00:00,81.78,transfer,1.0,61.2704,0.0,46.2665,46.2665,61.2704,0.5581,51.0735,86.2914,2923
2016-06-07 20:00:00,79.38,transfer,1.0,60.9086,0.0,58.3134,58.3134,60.9086,0.9382,51.0888,86.7578,2924
2016-06-07 21:00:00,79.91,transfer,1.0,60.4715,0.0,53.82,53.82,60.4715,1.2014,51.1702,87.1635,2925
2016-06-07 22:00:00,77.89,transfer,1.0,60.0121,0.0,52.8652,52.8652,60.0121,1.4475,51.2459,87.4885,2926
2016-06-07 23:00:00,65.13,transfer,1.0,59.6419,0.0,68.3135,68.3135,59.6419,1.7298,51.2345,87.7286,2927
2016-06-08 00:00:00,59.68,transfer,1.0,59.449,0.0,48.8416,48.8416,59.449,1.8863,51.1935,87.9368,2928
2016-06-08 01:00:00,58.88,transfer,1.0,59.1696,0.0,54.4199,54.4199,59.1696,2.1508,51.1529,88.136,2929
2016-06-08 02:00:00,58.71,transfer,1.0,58.9525,0.0,59.992,59.992,58.9525,2.519,51.1123,88.3301,2930
2016-06-08 03:00:00,58.54,transfer,1.0,58.9656,0.0,57.2677,57.2677,58.9656,2.9263,51.0709,88.5186,2931
2016-06-08 04:00:00,87.21,transfer,1.0,59.2139,0.0,66.9454,66.9454,59.2139,3.2776,50.9993,88.8668,2932
2016-06-08 05:00:00,82.62,transfer,1.0,59.7179,0.0,59.253,59.253,59.7179,3.3224,50.9025,88.8762,2933
2016-06-08 06:00:00,76.9,transfer,1.0,60.3153,0.0,66.5251,66.5251,60.3153,3.175,50.7297,88.7932,2934
2016-06-08 07:00:00,112.36,transfer,1.0,60.7225,0.0,55.2623,55.2623,60.7225,2.8744,50.6398,88.7952,2935
2016-06-08 08:00:00,134.12,transfer,1.0,60.9915,0.0,63.6222,63.6222,60.9915,2.5492,50.454,88.7121,2936
2016-06-08 09:00:00,146.04,transfer,1.0,61.2278,0.0,55.9623,55.9623,61.2278,2.0551,50.2161,88.5958,2937
2016-06-08 10:00:00,143.17,transfer,1.0,61.371,0.0,77.1059,77.1059,61.371,1.5198,49.941,88.4683,2938
2016-06-08 11:00:00,143.37,transfer,1.0,61.4739,0.0,61.1204,61.1204,61.4739,1.0644,49.7551,88.4624,2939
2016-06-08 12:00:00,139.45,transfer,1.0,61.5164,0.0,59.062,59.062,61.5164,0.7319,49.5534,88.4741,2940
2016-06-08 13:00:00,132.43,transfer,1.0,61.5092,0.0,71.0655,71.0655,61.5092,0.5657,49.3305,88.5188,2941
2016-06-08 14:00:00,130.43,transfer,1.0,61.4685,0.0,64.7966,64.7966,61.4685,0.5454,49.0457,88.5642,2942
2016-06-08 15:00:00,128.12,transfer,1.0,61.3904,0.0,63.7958,63.7958,61.3904,0.601,48.743,88.6496,2943
2016-06-08 16:00:00,120.23,transfer,1.0,61.2705,0.0,38.8425,38.8425,61.2705,0.6268,48.5123,88.8428,2944
2016-06-08 17:00:00,116.06,transfer,1.0,61.0797,0.0,58.6839,58.6839,61.0797,0.8036,48.3463,89.1074,2945
2016-06-08 18:00:00,78.94,transfer,1.0,60.8724,0.0,59.6169,59.6169,60.8724,1.4801,48.2794,89.4698,2946
2016-06-08 19:00:00,69.6,transfer,1.0,60.548,0.0,57.9816,57.9816,60.548,1.8227,48.2172,89.8341,2947
2016-06-08 20:00:00,64.84,transfer,1.0,60.064,0.0,60.3849,60.3849,60.064,2.8444,48.168,90.2014,2948
2016-06-08 21:00:00,64.21,transfer,1.0,59.4543,0.0,48.5654,48.5654,59.4543,4.8118,48.1506,90.5281,2949
2016-06-08 22:00:00,64.82,transfer,1.0,58.7972,0.0,58.361,58.361,58.7972,6.8848,48.1631,90.8132,2950
2016-06-08 23:00:00,54.41,transfer,1.0,58.2307,0.0,65.5208,65.5208,58.2307,9.1548,48.1517,90.8648,2951
2016-06-09 00:00:00,52.7,transfer,1.0,57.7271,0.0,44.9831,44.9831,57.7271,12.1514,48.1486,90.8286,2952
2016-06-09 01:00:00,52.91,transfer,1.0,57.0608,0.0,49.4672,49.4672,57.0608,15.5233,48.1371,90.7665,2953
2016-06-09 02:00:00,53.05,transfer,1.0,56.5894,0.0,59.3764,59.3764,56.5894,20.0519,48.1223,90.6752,2954
2016-06-09 03:00:00,53.11,transfer,1.0,56.5334,0.0,50.0788,50.0788,56.5334,26.2957,48.1079,90.5457,2955
2016-06-09 04:00:00,66.28,transfer,1.0,56.9129,0.0,55.7741,55.7741,56.9129,34.6005,47.9318,90.1761,2956
2016-06-09 05:00:00,71.84,transfer,1.0,57.6368,0.0,69.2895,69.2895,57.6368,43.7993,47.7759,89.7722,2957
2016-06-09 06:00:00,66.23,transfer,1.0,58.4568,0.0,63.6067,63.6067,58.4568,52.7947,47.5761,89.2694,2958
2016-06-09 07:00:00,91.17,transfer,1.0,59.2781,0.0,69.6042,69.6042,59.2781,60.1562,47.4477,88.7947,2959
2016-06-09 08:00:00,110.82,transfer,1.0,59.8426,0.0,60.7134,60.7134,59.8426,65.3539,47.2548,88.2248,2960
2016-06-09 09:00:00,129.25,transfer,1.0,60.1542,0.0,54.7435,54.7435,60.1542,69.0302,47.1483,87.7182,2961
2016-06-09 10:00:00,132.46,transfer,1.0,60.3374,0.0,52.7603,52.7603,60.3374,71.2601,47.0545,87.2083,2962
2016-06-09 11:00:00,143.63,transfer,1.0,60.4885,0.0,55.6124,55.6124,60.4885,72.5362,47.01,86.738,2963
2016-06-09 12:00:00,144.8,transfer,1.0,60.5617,0.0,54.4758,54.4758,60.5617,73.259,46.9745,86.2702,2964
2016-06-09 13:00:00,142.69,transfer,1.0,60.6642,0.0,55.081,55.081,60.6642,73.6067,46.9103,85.7697,2965
2016-06-09 14:00:00,144.76,transfer,1.0,60.7222,0.0,60.4037,60.4037,60.7222,73.8569,46.8224,85.2428,2966
2016-06-09 15:00:00,141.34,transfer,1.0,60.7208,0.0,58.1472,58.1472,60.7208,74.0429,46.6896,84.669,2967
2016-06-09 16:00:00,134.5,transfer,1.0,60.6716,0.0,51.3812,51.3812,60.6716,74.1952,46.5408,84.0777,2968
2016-06-09 17:00:00,129.89,transfer,1.0,60.5456,0.0,69.7771,69.7771,60.5456,74.2573,46.4851,83.5785,2969
2016-06-09 18:00:00,80.87,transfer,1.0,60.3273,0.0,67.9118,67.9118,60.3273,74.305,46.454,83.1028,2970
2016-06-09 19:00:00,71.41,transfer,1.0,59.9321,0.0,52.4741,52.4741,59.9321,74.3279,46.4161,82.6546,2971
2016-06-09 20:00:00,66.88,transfer,1.0,59.1531,0.0,53.1991,53.1991,59.1531,74.4095,46.3566,82.2414,2972
2016-06-09 21:00:00,65.22,transfer,1.0,58.0385,0.0,68.6727,68.6727,58.0385,74.4125,46.3555,81.91,2973
2016-06-09 22:00:00,65.78,transfer,1.0,56.8391,0.0,47.6994,47.6994,56.8391,74.4301,46.3935,81.6466,2974
2016-06-09 23:00:00,59.53,transfer,1.0,55.7408,0.0,61.2878,61.2878,55.7408,73.6712,46.3852,81.4467,2975
2016-06-10 00:00:00,54.49,transfer,1.0,54.8806,0.0,49.1158,49.1158,54.8806,32.3313,46.3581,81.3137,2976
2016-06-10 01:00:00,54.29,transfer,1.0,54.0857,0.0,55.168,55.168,54.0857,4.6252,46.3339,81.365,2977
2016-06-10 02:00:00,54.56,transfer,1.0,53.5981,0.0,61.1574,61.1574,53.5981,6.292,46.3164,81.4348,2978
2016-06-10 03:00:00,55.14,transfer,1.0,53.6411,0.0,55.5714,55.5714,53.6411,9.6843,46.3052,81.5198,2979
2016-06-10 04:00:00,81.62,transfer,1.0,54.3249,0.0,42.2619,42.2619,54.3249,15.2133,46.2291,81.5149,2980
2016-06-10 05:00:00,83.51,transfer,1.0,55.5676,0.0,41.1092,41.1092,55.5676,21.6806,46.1347,81.5072,2981
2016-06-10 06:00:00,76.65,transfer,1.0,57.2737,0.0,50.3961,50.3961,57.2737,29.327,45.9572,81.4228,2982
2016-06-10 07:00:00,110.36,transfer,1.0,58.7607,0.0,45.4835,45.4835,58.7607,37.8247,45.8819,81.4356,2983
2016-06-10 08:00:00,132.55,transfer,1.0,59.7222,0.0,59.5067,59.5067,59.7222,46.1828,45.7792,81.4087,2984
2016-06-10 09:00:00,142.36,transfer,1.0,60.3534,0.0,68.3566,68.3566,60.3534,53.5912,45.6376,81.3277,2985
2016-06-10 10:00:00,140.03,transfer,1.0,60.7756,0.0,60.2955,60.2955,60.7756,59.5995,45.4656,81.2015,2986
2016-06-10 11:00:00,140.07,transfer,1.0,61.0134,0.0,60.8479,60.8479,61.0134,64.2998,45.2624,81.0291,2987
2016-06-10 12:00:00,144.88,transfer,1.0,61.1305,0.0,70.7228,70.7228,61.1305,67.715,45.0825,80.8691,2988
2016-06-10 13:00:00,135.0,transfer,1.0,61.1579,0.0,70.8792,70.8792,61.1579,70.1331,44.8228,80.6212,2989
2016-06-10 14:00:00,138.94,transfer,1.0,61.1424,0.0,60.4885,60.4885,61.1424,71.7348,44.6012,80.4057,2990
2016-06-10 15:00:00,138.87,transfer,1.0,61.0505,0.0,53.1755,53.1755,61.0505,72.8729,44.434,80.2404,2991
2016-06-10 16:00:00,132.81,transfer,1.0,60.9139,0.0,57.5685,57.5685,60.9139,73.616,44.4062,80.2116,2992
2016-06-10 17:00:00,118.95,transfer,1.0,60.7396,0.0,59.438,59.438,60.7396,74.0979,44.3807,80.1827,2993
2016-06-10 18:00:00,71.33,transfer,1.0,60.525,0.0,63.2627,63.2627,60.525,74.4125,44.3548,80.1899,2994
2016-06-10 19:00:00,65.45,transfer,1.0,60.0871,0.0,58.6154,58.6154,60.0871,74.5404,44.3256,80.2226,2995
2016-06-10 20:00:00,68.87,transfer,1.0,59.233,0.0,65.2493,65.2493,59.233,74.6624,44.3252,80.2268,2996
2016-06-10 21:00:00,62.75,transfer,1.0,58.0978,0.0,56.1884,56.1884,58.0978,74.8062,44.3182,80.2385,2997
2016-06-10 22:00:00,62.74,transfer,1.0,57.0636,0.0,48.0972,48.0972,57.0636,74.9503,44.3489,80.2072,2998
2016-06-10 23:00:00,56.88,transfer,1.0,56.0519,0.0,52.6604,52.6604,56.0519,75.1103,44.321,80.1793,2999
2016-06-11 00:00:00,50.72,transfer,1.0,55.1977,0.0,54.2925,54.2925,55.1977,75.2647,44.3189,80.04,3000
2016-06-11 01:00:00,50.69,transfer,1.0,53.5939,0.0,51.8063,51.8063,53.5939,75.2055,44.3154,79.9003,3001
2016-06-11 02:00:00,50.53,transfer,1.0,51.7907,0.0,60.6535,60.6535,51.7907,72.1442,44.313,79.7413,3002
2016-06-11 03:00:00,50.23,transfer,1.0,50.217,0.0,46.7058,46.7058,50.217,7.5343,44.3095,79.7076,3003
2016-06-11 04:00:00,86.67,transfer,1.0,48.9621,0.0,47.6804,47.6804,48.9621,6.8283,44.3078,79.6689,3004
2016-06-11 05:00:00,85.74,transfer,1.0,48.0692,0.0,55.9573,55.9573,48.0692,5.7704,44.296,79.6215,3005
2016-06-11 06:00:00,83.47,transfer,1.0,48.3093,0.0,54.5182,54.5182,48.3093,4.2402,44.2506,79.5444,3006
2016-06-11 07:00:00,94.2,transfer,1.0,49.0217,0.0,45.3427,45.3427,49.0217,2.6704,44.2977,79.567,3007
2016-06-11 08:00:00,99.84,transfer,1.0,49.6371,0.0,49.2159,49.2159,49.6371,1.4319,44.3722,79.6223,3008
2016-06-11 09:00:00,103.09,transfer,1.0,49.5743,0.0,44.2335,44.2335,49.5743,0.4887,44.4669,79.7039,3009
2016-06-11 10:00:00,108.01,transfer,1.0,49.0489,0.0,55.7141,55.7141,49.0489,0.0454,44.5778,79.807,3010
2016-06-11 11:00:00,111.91,transfer,1.0,48.0996,0.0,55.8365,55.8365,48.0996,-0.0061,44.6799,79.9056,3011
2016-06-11 12:00:00,111.23,transfer,1.0,47.1032,0.0,50.6911,50.6911,47.1032,-0.0117,44.7595,79.9886,3012
2016-06-11 13:00:00,124.85,transfer,1.0,46.1036,0.0,35.6363,35.6363,46.1036,-0.0152,44.8808,80.1213,3013
2016-06-11 14:00:00,130.56,transfer,1.0,45.0101,0.0,37.3369,37.3369,45.0101,-0.018,45.0651,80.3237,3014
2016-06-11 15:00:00,135.69,transfer,1.0,44.3331,0.0,38.1308,38.1308,44.3331,-0.0179,45.2492,80.5333,3015
2016-06-11 16:00:00,140.46,transfer,1.0,43.8493,0.0,38.973,38.973,43.8493,-0.0003,45.4419,80.7595,3016
2016-06-11 17:00:00,133.87,transfer,1.0,43.509,0.0,38.5993,38.5993,43.509,47.4301,45.5629,80.6392,3017
2016-06-11 18:00:00,78.26,transfer,1.0,43.3846,0.0,57.1931,57.1931,43.3846,72.3455,45.592,80.285,3018
2016-06-11 19:00:00,74.97,transfer,1.0,43.0261,0.0,46.8729,46.8729,43.0261,60.7707,45.6218,80.0032,3019
2016-06-11 20:00:00,76.94,transfer,1.0,41.7126,0.0,47.6304,47.6304,41.7126,-0.0229,45.6371,80.0654,3020
2016-06-11 21:00:00,69.42,transfer,1.0,40.0763,0.0,46.5565,46.5565,40.0763,-0.0236,45.6374,80.1083,3021
2016-06-11 22:00:00,69.76,transfer,1.0,38.6075,0.0,43.6008,43.6008,38.6075,-0.0241,45.6644,80.1735,3022
2016-06-11 23:00:00,58.49,transfer,1.0,37.192,0.0,37.1977,37.1977,37.192,-0.0242,45.6782,80.2211,3023
2016-06-12 00:00:00,54.76,transfer,1.0,35.9543,0.0,41.1145,41.1145,35.9543,-0.0235,45.673,80.2469,3024
2016-06-12 01:00:00,53.9,transfer,1.0,35.0048,0.0,41.6602,41.6602,35.0048,-0.0234,45.6665,80.2677,3025
2016-06-12 02:00:00,53.97,transfer,1.0,34.1984,0.0,34.4997,34.4997,34.1984,-0.0229,45.6626,80.2892,3026
2016-06-12 03:00:00,53.17,transfer,1.0,33.6212,0.0,28.3576,28.3576,33.6212,-0.0222,45.6511,80.3047,3027
2016-06-12 04:00:00,107.65,transfer,1.0,33.4138,0.0,35.6578,35.6578,33.4138,-0.0206,45.728,80.4162,3028
2016-06-12 05:00:00,107.8,transfer,1.0,33.8564,0.0,35.9313,35.9313,33.8564,-0.0214,45.7937,80.5145,3029
2016-06-12 06:00:00,96.06,transfer,1.0,35.3621,0.0,33.2302,33.2302,35.3621,-0.0228,45.7648,80.5264,3030
2016-06-12 07:00:00,106.93,transfer,1.0,37.5847,0.0,36.6805,36.6805,37.5847,-0.023,45.7961,80.6128,3031
2016-06-12 08:00:00,119.24,transfer,1.0,39.7246,0.0,43.1735,43.1735,39.7246,-0.0243,45.9019,80.7825,3032
2016-06-12 09:00:00,130.21,transfer,1.0,41.3639,0.0,43.7024,43.7024,41.3639,-0.027,46.0651,81.0128,3033
2016-06-12 10:00:00,141.07,transfer,1.0,42.7188,0.0,54.6666,54.6666,42.7188,-0.0301,46.2647,81.2833,3034
2016-06-12 11:00:00,133.19,transfer,1.0,44.1787,0.0,41.0395,41.0395,44.1787,-0.0318,46.4298,81.5214,3035
2016-06-12 12:00:00,142.92,transfer,1.0,45.7617,0.0,48.6229,48.6229,45.7617,-0.033,46.6269,81.7942,3036
2016-06-12 13:00:00,130.68,transfer,1.0,47.097,0.0,48.2136,48.2136,47.097,-0.0334,46.7263,81.9733,3037
2016-06-12 14:00:00,137.21,transfer,1.0,48.3623,0.0,49.6299,49.6299,48.3623,-0.033,46.8458,82.1773,3038
2016-06-12 15:00:00,127.76,transfer,1.0,48.9061,0.0,52.8461,52.8461,48.9061,-0.0327,46.8336,82.2505,3039
2016-06-12 16:00:00,124.99,transfer,1.0,49.0415,0.0,42.324,42.324,49.0415,-0.0322,46.8378,82.3396,3040
2016-06-12 17:00:00,122.97,transfer,1.0,48.681,0.0,51.5842,51.5842,48.681,-0.0315,46.8802,82.463,3041
2016-06-12 18:00:00,74.41,transfer,1.0,47.9013,0.0,34.9923,34.9923,47.9013,-0.0304,46.8737,82.5332,3042
2016-06-12 19:00:00,64.8,transfer,1.0,46.8532,0.0,41.1198,41.1198,46.8532,-0.0297,46.8211,82.5533,3043
2016-06-12 20:00:00,63.87,transfer,1.0,45.0438,0.0,38.2421,38.2421,45.0438,-0.0272,46.7488,82.5484,3044
2016-06-12 21:00:00,62.81,transfer,1.0,42.7963,0.0,46.7114,46.7114,42.7963,-0.0249,46.6926,82.5514,3045
2016-06-12 22:00:00,65.63,transfer,1.0,40.8463,0.0,44.1915,44.1915,40.8463,-0.0244,46.7029,82.6132,3046
2016-06-12 23:00:00,54.47,transfer,1.0,39.2486,0.0,41.8406,41.8406,39.2486,-0.0248,46.6827,82.6383,3047
2016-06-13 00:00:00,51.12,transfer,1.0,37.9958,0.0,43.2495,43.2495,37.9958,-0.0255,46.6491,82.6459,3048
2016-06-13 01:00:00,50.26,transfer,1.0,37.3681,0.0,41.0756,41.0756,37.3681,-0.0252,46.6146,82.6505,3049
2016-06-13 02:00:00,50.07,transfer,1.0,37.2258,0.0,39.7607,39.7607,37.2258,-0.0219,46.5795,82.6541,3050
2016-06-13 03:00:00,49.79,transfer,1.0,37.6597,0.0,34.1229,34.1229,37.6597,-0.0181,46.54,82.655,3051
2016-06-13 04:00:00,79.82,transfer,1.0,38.7802,0.0,43.3993,43.3993,38.7802,-0.015,46.4796,82.6393,3052
2016-06-13 05:00:00,80.79,transfer,1.0,40.6856,0.0,41.9016,41.9016,40.6856,-0.0159,46.4097,82.6171,3053
2016-06-13 06:00:00,74.24,transfer,1.0,43.6902,0.0,36.764,36.764,43.6902,-0.0194,46.3605,82.6203,3054
2016-06-13 07:00:00,102.85,transfer,1.0,47.1925,0.0,60.0336,60.0336,47.1925,-0.022,46.3422,82.6592,3055
2016-06-13 08:00:00,121.12,transfer,1.0,50.5811,0.0,57.8324,57.8324,50.5811,-0.0231,46.1958,82.5745,3056
2016-06-13 09:00:00,132.88,transfer,1.0,53.7061,0.0,47.9531,47.9531,53.7061,-0.0243,45.9919,82.4311,3057
2016-06-13 10:00:00,141.84,transfer,1.0,56.3487,0.0,49.2536,49.2536,56.3487,-0.0247,45.8241,82.3114,3058
2016-06-13 11:00:00,136.89,transfer,1.0,58.3161,0.0,53.7626,53.7626,58.3161,-0.0242,45.6357,82.1549,3059
2016-06-13 12:00:00,134.87,transfer,1.0,59.6215,0.0,53.0991,53.0991,59.6215,-0.0236,45.4846,82.0218,3060
2016-06-13 13:00:00,132.07,transfer,1.0,60.3058,0.0,57.4953,57.4953,60.3058,-0.0218,45.3146,81.8612,3061
2016-06-13 14:00:00,135.11,transfer,1.0,60.5982,0.0,70.4038,70.4038,60.5982,-0.0206,45.1478,81.699,3062
2016-06-13 15:00:00,135.78,transfer,1.0,60.6675,0.0,47.7251,47.7251,60.6675,-0.0198,45.019,81.5717,3063
2016-06-13 16:00:00,130.28,transfer,1.0,60.608,0.0,54.765,54.765,60.608,-0.0199,44.9112,81.4634,3064
2016-06-13 17:00:00,120.68,transfer,1.0,60.4331,0.0,61.7336,61.7336,60.4331,-0.0212,44.8436,81.3939,3065
2016-06-13 18:00:00,72.24,transfer,1.0,60.1285,0.0,59.237,59.237,60.1285,-0.0225,44.8108,81.3581,3066
2016-06-13 19:00:00,65.81,transfer,1.0,59.5729,0.0,50.8686,50.8686,59.5729,-0.0231,44.83,81.3735,3067
2016-06-13 20:00:00,63.7,transfer,1.0,58.4885,0.0,45.7679,45.7679,58.4885,-0.0217,44.8335,81.3722,3068
2016-06-13 21:00:00,65.27,transfer,1.0,57.0553,0.0,59.6019,59.6019,57.0553,-0.02,44.8305,81.3645,3069
2016-06-13 22:00:00,66.31,transfer,1.0,55.5731,0.0,49.5962,49.5962,55.5731,-0.0186,44.8359,81.3656,3070
2016-06-13 23:00:00,65.77,transfer,1.0,54.2878,0.0,51.5239,51.5239,54.2878,-0.0173,44.8432,81.3691,3071
2016-06-14 00:00:00,65.3,transfer,1.0,53.2898,0.0,53.654,53.654,53.2898,-0.0155,44.8525,81.375,3072
2016-06-14 01:00:00,59.16,transfer,1.0,52.7364,0.0,52.5715,52.5715,52.7364,-0.01,44.8208,81.3402,3073
2016-06-14 02:00:00,62.86,transfer,1.0,52.5717,0.0,60.3106,60.3106,52.5717,-0.0023,44.7997,81.3168,3074
2016-06-14 03:00:00,63.13,transfer,1.0,52.7154,0.0,58.5965,58.5965,52.7154,0.1385,44.8052,81.3188,3075
2016-06-14 04:00:00,105.05,transfer,1.0,53.8195,0.0,56.6177,56.6177,53.8195,1.3079,44.779,81.2823,3076
2016-06-14 05:00:00,107.29,transfer,1.0,55.4795,0.0,56.7615,56.7615,55.4795,2.2435,44.8131,81.3019,3077
2016-06-14 06:00:00,98.45,transfer,1.0,57.5897,0.0,68.0494,68.0494,57.5897,2.9251,44.8511,81.3226,3078
2016-06-14 07:00:00,123.37,transfer,1.0,59.1628,0.0,63.222,63.222,59.1628,3.5276,44.8209,81.2729,3079
2016-06-14 08:00:00,153.9,transfer,1.0,60.1891,0.0,72.6737,72.6737,60.1891,3.8001,44.7731,81.2051,3080
2016-06-14 09:00:00,147.4,transfer,1.0,60.8642,0.0,56.7139,56.7139,60.8642,3.6264,44.5826,80.9951,3081
2016-06-14 10:00:00,148.16,transfer,1.0,61.2697,0.0,52.9374,52.9374,61.2697,3.1561,44.3649,80.7604,3082
2016-06-14 11:00:00,142.23,transfer,1.0,61.4651,0.0,55.4734,55.4734,61.4651,2.6564,44.1369,80.5181,3083
2016-06-14 12:00:00,143.96,transfer,1.0,61.5837,0.0,61.0432,61.0432,61.5837,2.204,43.8897,80.2594,3084
2016-06-14 13:00:00,135.69,transfer,1.0,61.639,0.0,62.337,62.337,61.639,1.7649,43.7368,80.0975,3085
2016-06-14 14:00:00,143.85,transfer,1.0,61.6524,0.0,66.1316,66.1316,61.6524,1.3748,43.6103,79.9637,3086
2016-06-14 15:00:00,144.72,transfer,1.0,61.6317,0.0,59.2312,59.2312,61.6317,1.0535,43.5239,79.8716,3087
2016-06-14 16:00:00,139.96,transfer,1.0,61.5939,0.0,59.9571,59.9571,61.5939,0.8222,43.5141,79.8578,3088
2016-06-14 17:00:00,133.83,transfer,1.0,61.5332,0.0,58.767,58.767,61.5332,0.7431,43.4634,79.8044,3089
2016-06-14 18:00:00,79.8,transfer,1.0,61.4406,0.0,54.7719,54.7719,61.4406,0.9868,43.4097,79.7469,3090
2016-06-14 19:00:00,76.88,transfer,1.0,61.2711,0.0,74.0311,74.0311,61.2711,1.2064,43.3805,79.7139,3091
2016-06-14 20:00:00,71.28,transfer,1.0,60.8848,0.0,72.9361,72.9361,60.8848,1.697,43.3324,79.6611,3092
2016-06-14 21:00:00,65.3,transfer,1.0,60.3885,0.0,59.8267,59.8267,60.3885,4.348,43.246,79.5554,3093
2016-06-14 22:00:00,68.14,transfer,1.0,59.8499,0.0,67.4929,67.4929,59.8499,48.1376,43.1889,79.2195,3094
2016-06-14 23:00:00,58.1,transfer,1.0,59.29,0.0,58.5574,58.5574,59.29,73.2916,43.1633,78.9325,3095
2016-06-15 00:00:00,52.81,transfer,1.0,58.8746,0.0,47.3997,47.3997,58.8746,74.6029,43.198,78.7182,3096
2016-06-15 01:00:00,52.98,transfer,1.0,58.3966,0.0,62.3411,62.3411,58.3966,74.1594,43.2285,78.5066,3097
2016-06-15 02:00:00,52.79,transfer,1.0,58.0433,0.0,56.6579,56.6579,58.0433,20.3114,43.2584,78.3655,3098
2016-06-15 03:00:00,53.02,transfer,1.0,58.0276,0.0,65.9163,65.9163,58.0276,14.4188,43.2856,78.2642,3099
2016-06-15 04:00:00,92.56,transfer,1.0,58.3221,0.0,63.2076,63.2076,58.3221,20.1745,43.3228,78.1955,3100
2016-06-15 05:00:00,93.34,transfer,1.0,58.9019,0.0,59.7733,59.7733,58.9019,29.7452,43.3915,78.102,3101
2016-06-15 06:00:00,86.14,transfer,1.0,59.8,0.0,54.7597,54.7597,59.8,41.026,43.4495,77.9317,3102
2016-06-15 07:00:00,115.26,transfer,1.0,60.4641,0.0,63.5609,63.5609,60.4641,52.1342,43.4683,77.6558,3103
2016-06-15 08:00:00,145.05,transfer,1.0,60.8745,0.0,61.9089,61.9089,60.8745,60.7891,43.5341,77.3742,3104
2016-06-15 09:00:00,149.0,transfer,1.0,61.1427,0.0,72.9965,72.9965,61.1427,66.3067,43.5522,77.0093,3105
2016-06-15 10:00:00,149.7,transfer,1.0,61.3149,0.0,62.9055,62.9055,61.3149,69.4382,43.5914,76.6439,3106
2016-06-15 11:00:00,147.92,transfer,1.0,61.41,0.0,69.0068,69.0068,61.41,71.2023,43.6189,76.2535,3107
2016-06-15 12:00:00,154.42,transfer,1.0,61.4657,0.0,68.3567,68.3567,61.4657,72.252,43.7083,75.9169,3108
2016-06-15 13:00:00,155.74,transfer,1.0,61.4813,0.0,63.5649,63.5649,61.4813,72.9676,43.8472,75.6247,3109
2016-06-15 14:00:00,164.66,transfer,1.0,61.4826,0.0,60.9758,60.9758,61.4826,73.4267,44.0509,75.3946,3110
2016-06-15 15:00:00,151.19,transfer,1.0,61.4804,0.0,61.6417,61.6417,61.4804,73.7561,44.1877,75.0965,3111
2016-06-15 16:00:00,148.03,transfer,1.0,61.4764,0.0,63.8078,63.8078,61.4764,73.9916,44.3519,74.8253,3112
2016-06-15 17:00:00,137.39,transfer,1.0,61.4102,0.0,61.8966,61.8966,61.4102,74.1649,44.4769,74.5156,3113
2016-06-15 18:00:00,80.17,transfer,1.0,61.3012,0.0,66.7341,66.7341,61.3012,74.3187,44.4817,74.0893,3114
2016-06-15 19:00:00,79.85,transfer,1.0,61.0786,0.0,38.694,38.694,61.0786,74.4478,44.5395,73.718,3115
2016-06-15 20:00:00,75.07,transfer,1.0,60.5952,0.0,60.459,60.459,60.5952,74.6167,44.5973,73.3517,3116
2016-06-15 21:00:00,66.23,transfer,1.0,60.003,0.0,59.2038,59.2038,60.003,74.825,44.606,73.0493,3117
2016-06-15 22:00:00,65.67,transfer,1.0,59.3981,0.0,69.532,69.532,59.3981,74.9895,44.6075,72.7599,3118
2016-06-15 23:00:00,55.79,transfer,1.0,58.7545,0.0,40.8961,40.8961,58.7545,75.1268,44.6024,72.6057,3119
2016-06-16 00:00:00,52.12,transfer,1.0,58.1839,0.0,50.84,50.84,58.1839,75.2506,44.6086,72.502,3120
2016-06-16 01:00:00,51.86,transfer,1.0,57.5335,0.0,59.1947,59.1947,57.5335,75.3619,44.6176,72.4193,3121
2016-06-16 02:00:00,51.64,transfer,1.0,57.0498,0.0,69.471,69.471,57.0498,75.2648,44.6288,72.3635,3122
2016-06-16 03:00:00,52.18,transfer,1.0,56.869,0.0,57.7445,57.7445,56.869,17.5608,44.6363,72.41,3123
2016-06-16 04:00:00,102.35,transfer,1.0,57.0444,0.0,57.4213,57.4213,57.0444,20.2696,44.8502,72.71,3124
2016-06-16 05:00:00,105.15,transfer,1.0,57.5991,0.0,48.7756,48.7756,57.5991,26.1836,45.0487,73.0131,3125
2016-06-16 06:00:00,98.98,transfer,1.0,58.8787,0.0,60.2456,60.2456,58.8787,32.6269,45.2412,73.3281,3126
2016-06-16 07:00:00,122.04,transfer,1.0,59.8687,0.0,55.5954,55.5954,59.8687,39.4977,45.4214,73.6348,3127
2016-06-16 08:00:00,145.53,transfer,1.0,60.5064,0.0,66.8444,66.8444,60.5064,46.8015,45.624,73.9519,3128
2016-06-16 09:00:00,150.97,transfer,1.0,60.9171,0.0,60.5427,60.5427,60.9171,53.614,45.7488,74.1729,3129
2016-06-16 10:00:00,161.35,transfer,1.0,61.1644,0.0,57.7647,57.7647,61.1644,59.6722,45.9158,74.4139,3130
2016-06-16 11:00:00,150.32,transfer,1.0,61.2957,0.0,67.9497,67.9497,61.2957,64.4146,45.9508,74.502,3131
2016-06-16 12:00:00,158.65,transfer,1.0,61.3953,0.0,41.0898,41.0898,61.3953,67.8181,46.0283,74.6169,3132
2016-06-16 13:00:00,160.12,transfer,1.0,61.4305,0.0,60.0198,60.0198,61.4305,70.2293,46.1275,74.7407,3133
2016-06-16 14:00:00,168.85,transfer,1.0,61.4416,0.0,54.9578,54.9578,61.4416,71.8185,46.2666,74.8962,3134
2016-06-16 15:00:00,160.66,transfer,1.0,61.4205,0.0,75.2615,75.2615,61.4205,72.9085,46.3775,75.018,3135
2016-06-16 16:00:00,154.86,transfer,1.0,61.3873,0.0,60.924,60.924,61.3873,73.5861,46.4944,75.1428,3136
2016-06-16 17:00:00,150.36,transfer,1.0,61.3273,0.0,67.7317,67.7317,61.3273,73.9649,46.6116,75.2664,3137
2016-06-16 18:00:00,80.37,transfer,1.0,61.2014,0.0,63.0947,63.0947,61.2014,74.1707,46.6034,75.2642,3138
2016-06-16 19:00:00,78.74,transfer,1.0,60.9779,0.0,59.5147,59.5147,60.9779,74.2504,46.6408,75.2736,3139
2016-06-16 20:00:00,72.89,transfer,1.0,60.412,0.0,69.9276,69.9276,60.412,74.3477,46.6691,75.2374,3140
2016-06-16 21:00:00,66.56,transfer,1.0,59.6362,0.0,70.9185,70.9185,59.6362,74.4898,46.6676,75.2299,3141
2016-06-16 22:00:00,65.17,transfer,1.0,58.596,0.0,65.8219,65.8219,58.596,74.6283,46.6535,75.2347,3142
2016-06-16 23:00:00,52.96,transfer,1.0,57.3567,0.0,65.5579,65.5579,57.3567,74.6426,46.6571,75.2796,3143
2016-06-17 00:00:00,48.72,transfer,1.0,56.3489,0.0,41.2443,41.2443,56.3489,68.3993,46.7002,75.2649,3144
2016-06-17 01:00:00,49.15,transfer,1.0,55.3323,0.0,56.6896,56.6896,55.3323,7.1719,46.7358,75.2191,3145
2016-06-17 02:00:00,48.71,transfer,1.0,54.5348,0.0,54.2805,54.2805,54.5348,8.5553,46.7647,75.1708,3146
2016-06-17 03:00:00,48.96,transfer,1.0,54.2179,0.0,50.0758,50.0758,54.2179,10.6847,46.7871,75.1281,3147
2016-06-17 04:00:00,91.38,transfer,1.0,54.3967,0.0,58.9111,58.9111,54.3967,13.3362,46.8447,75.1973,3148
2016-06-17 05:00:00,91.99,transfer,1.0,55.0769,0.0,48.3781,48.3781,55.0769,15.5497,46.8981,75.2843,3149
2016-06-17 06:00:00,81.51,transfer,1.0,56.8181,0.0,61.2799,61.2799,56.8181,17.1818,46.9298,75.3855,3150
2016-06-17 07:00:00,103.26,transfer,1.0,58.3886,0.0,62.6983,62.6983,58.3886,18.2899,46.8897,75.4595,3151
2016-06-17 08:00:00,132.45,transfer,1.0,59.3664,0.0,60.194,60.194,59.3664,18.8829,46.8913,75.6215,3152
2016-06-17 09:00:00,136.23,transfer,1.0,59.9251,0.0,71.7457,71.7457,59.9251,19.248,46.8573,75.7894,3153
2016-06-17 10:00:00,141.49,transfer,1.0,60.3406,0.0,58.1888,58.1888,60.3406,19.5113,46.8686,76.0367,3154
2016-06-17 11:00:00,142.5,transfer,1.0,60.603,0.0,61.2654,61.2654,60.603,19.9437,46.8855,76.3152,3155
2016-06-17 12:00:00,135.79,transfer,1.0,60.758,0.0,59.9137,59.9137,60.758,21.1096,46.8336,76.5385,3156
2016-06-17 13:00:00,123.74,transfer,1.0,60.8509,0.0,63.942,63.942,60.8509,24.1847,46.7684,76.745,3157
2016-06-17 14:00:00,126.44,transfer,1.0,60.8595,0.0,64.8573,64.8573,60.8595,32.7955,46.6957,76.9023,3158
2016-06-17 15:00:00,122.04,transfer,1.0,60.677,0.0,65.537,65.537,60.677,50.0927,46.5977,76.9378,3159
2016-06-17 16:00:00,113.01,transfer,1.0,60.3611,0.0,54.5451,54.5451,60.3611,66.8343,46.4832,76.8603,3160
2016-06-17 17:00:00,100.58,transfer,1.0,59.9036,0.0,72.1136,72.1136,59.9036,72.1164,46.3788,76.7627,3161
2016-06-17 18:00:00,55.72,transfer,1.0,59.1882,0.0,51.6311,51.6311,59.1882,73.4151,46.3351,76.8497,3162
2016-06-17 19:00:00,51.77,transfer,1.0,57.9872,0.0,54.952,54.952,57.9872,73.4463,46.3402,76.9246,3163
2016-06-17 20:00:00,52.73,transfer,1.0,56.0588,0.0,52.4018,52.4018,56.0588,73.4032,46.3027,77.0132,3164
2016-06-17 21:00:00,57.43,transfer,1.0,53.5553,0.0,50.6332,50.6332,53.5553,73.2978,46.298,77.0359,3165
2016-06-17 22:00:00,57.27,transfer,1.0,51.1702,0.0,44.3606,44.3606,51.1702,68.6119,46.3006,77.0307,3166
2016-06-17 23:00:00,51.39,transfer,1.0,49.2558,0.0,44.777,44.777,49.2558,-0.0093,46.3083,77.2282,3167
2016-06-18 00:00:00,46.9,transfer,1.0,47.8563,0.0,51.7941,51.7941,47.8563,-0.0055,46.2874,77.3613,3168
2016-06-18 01:00:00,46.51,transfer,1.0,45.9938,0.0,54.4686,54.4686,45.9938,-0.0011,46.2732,77.4922,3169
2016-06-18 02:00:00,46.38,transfer,1.0,44.2066,0.0,33.4027,33.4027,44.2066,0.0017,46.2786,77.6396,3170
2016-06-18 03:00:00,46.62,transfer,1.0,42.7495,0.0,39.7546,39.7546,42.7495,0.0022,46.3016,77.6629,3171
2016-06-18 04:00:00,77.08,transfer,1.0,41.6585,0.0,36.675,36.675,41.6585,0.002,46.2879,77.6465,3172
2016-06-18 05:00:00,75.63,transfer,1.0,40.8149,0.0,38.1077,38.1077,40.8149,-0.0042,46.2709,77.6207,3173
2016-06-18 06:00:00,69.59,transfer,1.0,40.6807,0.0,45.1364,45.1364,40.6807,-0.011,46.2337,77.5634,3174
2016-06-18 07:00:00,84.22,transfer,1.0,40.7899,0.0,42.6036,42.6036,40.7899,-0.0161,46.2233,77.5199,3175
2016-06-18 08:00:00,84.66,transfer,1.0,40.8195,0.0,42.0424,42.0424,40.8195,-0.0202,46.1855,77.4382,3176
2016-06-18 09:00:00,87.4,transfer,1.0,40.3908,0.0,38.2136,38.2136,40.3908,-0.0223,46.1467,77.3479,3177
2016-06-18 10:00:00,88.98,transfer,1.0,39.3031,0.0,32.6822,32.6822,39.3031,-0.0246,46.0915,77.235,3178
2016-06-18 11:00:00,85.13,transfer,1.0,37.979,0.0,41.6932,41.6932,37.979,-0.0265,45.9923,77.0757,3179
2016-06-18 12:00:00,88.05,transfer,1.0,36.5345,0.0,40.3257,40.3257,36.5345,-0.0265,45.9172,76.9379,3180
2016-06-18 13:00:00,89.34,transfer,1.0,34.7853,0.0,38.9053,38.9053,34.7853,-0.0271,45.7732,76.7266,3181
2016-06-18 14:00:00,88.15,transfer,1.0,32.7755,0.0,30.0148,30.0148,32.7755,-0.0277,45.5936,76.4742,3182
2016-06-18 15:00:00,88.31,transfer,1.0,31.2049,0.0,34.5319,34.5319,31.2049,-0.0284,45.3897,76.1922,3183
2016-06-18 16:00:00,90.83,transfer,1.0,30.1007,0.0,30.7044,30.7044,30.1007,-0.0289,45.1762,75.897,3184
2016-06-18 17:00:00,91.18,transfer,1.0,29.3741,0.0,28.8905,28.8905,29.3741,-0.0294,45.0062,75.9254,3185
2016-06-18 18:00:00,58.81,transfer,1.0,28.963,0.0,30.9476,30.9476,28.963,-0.0302,44.9763,76.2404,3186
2016-06-18 19:00:00,52.99,transfer,1.0,28.5401,0.0,28.1693,28.1693,28.5401,-0.0297,44.9317,76.4715,3187
2016-06-18 20:00:00,53.29,transfer,1.0,28.0641,0.0,30.492,30.492,28.0641,-0.0264,44.8721,76.3307,3188
2016-06-18 21:00:00,58.13,transfer,1.0,27.3999,0.0,24.6064,24.6064,27.3999,-0.0229,44.8804,76.2635,3189
2016-06-18 22:00:00,58.78,transfer,1.0,26.69,0.0,27.3027,27.3027,26.69,-0.0185,44.886,76.1981,3190
2016-06-18 23:00:00,52.25,transfer,1.0,25.9268,0.0,27.1216,27.1216,25.9268,-0.0136,44.9159,76.1609,3191
2016-06-19 00:00:00,47.14,transfer,1.0,24.7094,0.0,30.0058,30.0058,24.7094,-0.0073,44.9374,76.1154,3192
2016-06-19 01:00:00,46.71,transfer,1.0,23.6754,0.0,25.3277,25.3277,23.6754,-0.0043,44.9621,76.0725,3193
2016-06-19 02:00:00,46.5,transfer,1.0,22.5043,0.0,23.4459,23.4459,22.5043,-0.0009,44.9872,76.0279,3194
2016-06-19 03:00:00,46.62,transfer,1.0,21.5917,0.0,16.783,16.783,21.5917,0.0023,45.0198,75.9888,3195
2016-06-19 04:00:00,76.76,transfer,1.0,21.3201,0.0,25.7566,25.7566,21.3201,0.0059,44.908,75.8048,3196
2016-06-19 05:00:00,75.15,transfer,1.0,21.7163,0.0,22.6649,22.6649,21.7163,0.002,44.7859,75.6103,3197
2016-06-19 06:00:00,72.45,transfer,1.0,22.3795,0.0,22.4798,22.4798,22.3795,-0.0046,44.7226,75.4697,3198
2016-06-19 07:00:00,86.42,transfer,1.0,23.2966,0.0,25.7428,25.7428,23.2966,-0.0101,44.6856,75.3475,3199
2016-06-19 08:00:00,83.41,transfer,1.0,24.274,0.0,21.2721,21.2721,24.274,-0.015,44.5643,75.1342,3200
2016-06-19 09:00:00,86.51,transfer,1.0,25.0239,0.0,23.6249,23.6249,25.0239,-0.0203,44.4014,74.874,3201
2016-06-19 10:00:00,88.01,transfer,1.0,25.5271,0.0,25.5293,25.5293,25.5271,-0.0233,44.1879,74.5581,3202
2016-06-19 11:00:00,94.23,transfer,1.0,26.0361,0.0,29.9349,29.9349,26.0361,-0.0259,44.064,74.3262,3203
2016-06-19 12:00:00,95.19,transfer,1.0,26.6783,0.0,30.2713,30.2713,26.6783,-0.029,43.8935,74.0421,3204
2016-06-19 13:00:00,93.57,transfer,1.0,27.4644,0.0,25.3212,25.3212,27.4644,-0.031,43.7895,73.8212,3205
2016-06-19 14:00:00,95.0,transfer,1.0,28.4957,0.0,30.7578,30.7578,28.4957,-0.0319,43.6565,73.5699,3206
2016-06-19 15:00:00,99.97,transfer,1.0,29.1366,0.0,28.7696,28.7696,29.1366,-0.0321,43.6087,73.4045,3207
2016-06-19 16:00:00,96.58,transfer,1.0,29.6627,0.0,21.5456,21.5456,29.6627,-0.0326,43.555,73.2354,3208
2016-06-19 17:00:00,93.14,transfer,1.0,29.8998,0.0,31.8574,31.8574,29.8998,-0.0329,43.4892,73.0578,3209
2016-06-19 18:00:00,57.89,transfer,1.0,29.9081,0.0,37.4434,37.4434,29.9081,-0.0325,43.498,72.9595,3210
2016-06-19 19:00:00,53.71,transfer,1.0,29.617,0.0,26.9542,26.9542,29.617,-0.0313,43.5346,72.8935,3211
2016-06-19 20:00:00,55.73,transfer,1.0,29.0536,0.0,31.6778,31.6778,29.0536,-0.0287,43.5813,72.8451,3212
2016-06-19 21:00:00,61.53,transfer,1.0,28.3669,0.0,29.0736,29.0736,28.3669,-0.0268,43.6595,72.8374,3213
2016-06-19 22:00:00,59.78,transfer,1.0,27.6996,0.0,27.8708,27.8708,27.6996,-0.0253,43.703,72.8026,3214
2016-06-19 23:00:00,49.61,transfer,1.0,27.1067,0.0,28.6962,28.6962,27.1067,-0.0242,43.7463,72.7737,3215
2016-06-20 00:00:00,47.31,transfer,1.0,26.3596,0.0,25.6307,25.6307,26.3596,-0.0236,43.7929,72.751,3216
2016-06-20 01:00:00,47.1,transfer,1.0,25.7886,0.0,28.1648,28.1648,25.7886,-0.023,43.843,72.7322,3217
2016-06-20 02:00:00,46.75,transfer,1.0,24.9784,0.0,24.0025,24.0025,24.9784,-0.0214,43.8962,72.7124,3218
2016-06-20 03:00:00,46.69,transfer,1.0,24.3148,0.0,29.1574,29.1574,24.3148,-0.0204,43.9571,72.694,3219
2016-06-20 04:00:00,81.82,transfer,1.0,24.1082,0.0,22.893,22.893,24.1082,-0.0194,44.0564,72.7059,3220
2016-06-20 05:00:00,79.09,transfer,1.0,25.1916,0.0,25.7242,25.7242,25.1916,-0.0201,44.1385,72.6958,3221
2016-06-20 06:00:00,78.92,transfer,1.0,27.24,0.0,25.1507,25.1507,27.24,-0.0228,44.2643,72.7237,3222
2016-06-20 07:00:00,81.9,transfer,1.0,29.6604,0.0,34.2744,34.2744,29.6604,-0.0238,44.2439,72.599,3223
2016-06-20 08:00:00,87.8,transfer,1.0,32.9521,0.0,27.3092,27.3092,32.9521,-0.0245,44.1505,72.4007,3224
2016-06-20 09:00:00,88.26,transfer,1.0,36.0733,0.0,45.0145,45.0145,36.0733,-0.0248,43.9899,72.1351,3225
2016-06-20 10:00:00,100.17,transfer,1.0,39.7369,0.0,45.6411,45.6411,39.7369,-0.0255,43.8407,71.8871,3226
2016-06-20 11:00:00,95.87,transfer,1.0,43.4931,0.0,44.2526,44.2526,43.4931,-0.0262,43.6848,71.6429,3227
2016-06-20 12:00:00,105.41,transfer,1.0,46.4111,0.0,54.0207,54.0207,46.4111,-0.027,43.5881,71.4676,3228
2016-06-20 13:00:00,101.78,transfer,1.0,47.8323,0.0,49.4814,49.4814,47.8323,-0.0272,43.482,71.2873,3229
2016-06-20 14:00:00,111.02,transfer,1.0,48.2901,0.0,47.0957,47.0957,48.2901,-0.0274,43.4119,71.1439,3230
2016-06-20 15:00:00,112.88,transfer,1.0,48.1699,0.0,48.3734,48.3734,48.1699,-0.0272,43.35,71.0077,3231
2016-06-20 16:00:00,112.23,transfer,1.0,47.8683,0.0,51.4619,51.4619,47.8683,-0.0273,43.3184,70.9003,3232
2016-06-20 17:00:00,108.32,transfer,1.0,47.4106,0.0,46.1573,46.1573,47.4106,-0.0276,43.3223,70.8268,3233
2016-06-20 18:00:00,60.47,transfer,1.0,46.688,0.0,52.5888,52.5888,46.688,-0.0281,43.3323,70.7567,3234
2016-06-20 19:00:00,55.16,transfer,1.0,45.6511,0.0,48.9514,48.9514,45.6511,-0.0278,43.3517,70.6934,3235
2016-06-20 20:00:00,57.86,transfer,1.0,43.864,0.0,42.5119,42.5119,43.864,-0.0248,43.404,70.6586,3236
2016-06-20 21:00:00,63.01,transfer,1.0,41.7919,0.0,39.4937,39.4937,41.7919,-0.0221,43.4814,70.6452,3237
2016-06-20 22:00:00,62.93,transfer,1.0,40.1859,0.0,34.403,34.403,40.1859,-0.0204,43.5529,70.6251,3238
2016-06-20 23:00:00,54.99,transfer,1.0,39.0963,0.0,35.4295,35.4295,39.0963,-0.0196,43.5791,70.5609,3239
2016-06-21 00:00:00,61.03,transfer,1.0,38.3863,0.0,31.0987,31.0987,38.3863,-0.0189,43.6424,70.5355,3240
2016-06-21 01:00:00,60.45,transfer,1.0,37.8606,0.0,45.0799,45.0799,37.8606,-0.0143,43.7387,70.5432,3241
2016-06-21 02:00:00,59.1,transfer,1.0,37.9212,0.0,44.5272,44.5272,37.9212,-0.008,43.8035,70.5209,3242
2016-06-21 03:00:00,59.66,transfer,1.0,38.5931,0.0,47.3352,47.3352,38.5931,-0.0006,43.8669,70.501,3243
2016-06-21 04:00:00,99.21,transfer,1.0,40.1853,0.0,45.8172,45.8172,40.1853,0.0671,43.9133,70.4737,3244
2016-06-21 05:00:00,102.37,transfer,1.0,42.5299,0.0,37.9738,37.9738,42.5299,0.3387,43.9611,70.4557,3245
2016-06-21 06:00:00,95.5,transfer,1.0,46.1197,0.0,41.4422,41.4422,46.1197,0.4787,44.0118,70.4527,3246
2016-06-21 07:00:00,106.75,transfer,1.0,50.005,0.0,49.0096,49.0096,50.005,0.636,43.9674,70.371,3247
2016-06-21 08:00:00,122.06,transfer,1.0,53.4352,0.0,56.7989,56.7989,53.4352,0.6083,43.8181,70.2005,3248
2016-06-21 09:00:00,130.5,transfer,1.0,56.0443,0.0,58.5761,58.5761,56.0443,0.3891,43.7462,70.1192,3249
2016-06-21 10:00:00,130.93,transfer,1.0,57.9303,0.0,52.126,52.126,57.9303,0.153,43.6635,70.0345,3250
2016-06-21 11:00:00,133.3,transfer,1.0,59.2358,0.0,62.1606,62.1606,59.2358,0.0318,43.6236,69.9969,3251
2016-06-21 12:00:00,129.36,transfer,1.0,60.0213,0.0,68.2539,68.2539,60.0213,-0.0014,43.546,69.9232,3252
2016-06-21 13:00:00,129.31,transfer,1.0,60.5043,0.0,49.2865,49.2865,60.5043,-0.0042,43.5148,69.8957,3253
2016-06-21 14:00:00,115.42,transfer,1.0,60.6729,0.0,59.905,59.905,60.6729,-0.0049,43.3514,69.7347,3254
2016-06-21 15:00:00,108.5,transfer,1.0,60.737,0.0,68.5971,68.5971,60.737,-0.0043,43.1411,69.5254,3255
2016-06-21 16:00:00,102.27,transfer,1.0,60.5272,0.0,70.6432,70.6432,60.5272,0.0073,42.9231,69.3059,3256
2016-06-21 17:00:00,100.69,transfer,1.0,59.9008,0.0,73.4117,73.4117,59.9008,0.6286,42.7356,69.1093,3257
2016-06-21 18:00:00,61.48,transfer,1.0,59.1599,0.0,70.3813,70.3813,59.1599,1.119,42.6401,68.9995,3258
2016-06-21 19:00:00,58.62,transfer,1.0,57.9121,0.0,61.1178,61.1178,57.9121,3.329,42.5514,68.8782,3259
2016-06-21 20:00:00,60.05,transfer,1.0,56.4289,0.0,62.2648,62.2648,56.4289,5.0132,42.5111,68.7916,3260
2016-06-21 21:00:00,58.35,transfer,1.0,54.8252,0.0,60.2447,60.2447,54.8252,6.8947,42.5028,68.7351,3261
2016-06-21 22:00:00,58.23,transfer,1.0,53.4069,0.0,47.0595,47.0595,53.4069,8.9306,42.4822,68.9094,3262
2016-06-21 23:00:00,47.75,transfer,1.0,52.1311,0.0,56.393,56.393,52.1311,12.2156,42.5012,69.0305,3263
2016-06-22 00:00:00,45.85,transfer,1.0,50.6921,0.0,49.862,49.862,50.6921,20.3083,42.4939,69.0528,3264
2016-06-22 01:00:00,45.03,transfer,1.0,49.2644,0.0,58.3783,58.3783,49.2644,15.7798,42.4869,69.1009,3265
2016-06-22 02:00:00,44.73,transfer,1.0,48.1082,0.0,36.2659,36.2659,48.1082,15.4323,42.4757,69.082,3266
2016-06-22 03:00:00,44.54,transfer,1.0,47.4567,0.0,52.0446,52.0446,47.4567,15.7152,42.4632,69.0238,3267
2016-06-22 04:00:00,83.89,transfer,1.0,47.2777,0.0,33.4071,33.4071,47.2777,15.74,42.4774,68.9986,3268
2016-06-22 05:00:00,85.52,transfer,1.0,47.7864,0.0,52.5269,52.5269,47.7864,16.9341,42.497,69.0283,3269
2016-06-22 06:00:00,75.82,transfer,1.0,49.5963,0.0,51.4166,51.4166,49.5963,17.8301,42.4963,69.1049,3270
2016-06-22 07:00:00,92.96,transfer,1.0,51.6591,0.0,43.0767,43.0767,51.6591,17.5148,42.416,69.1782,3271
2016-06-22 08:00:00,100.77,transfer,1.0,53.516,0.0,49.574,49.574,53.516,18.8579,42.1962,69.1643,3272
2016-06-22 09:00:00,100.8,transfer,1.0,54.9671,0.0,48.9444,48.9444,54.9671,23.0062,41.9461,69.1351,3273
2016-06-22 10:00:00,104.56,transfer,1.0,55.8266,0.0,55.3149,55.3149,55.8266,33.562,41.71,69.0799,3274
2016-06-22 11:00:00,102.41,transfer,1.0,56.1987,0.0,48.736,48.736,56.1987,50.5984,41.4702,68.9317,3275
2016-06-22 12:00:00,98.9,transfer,1.0,56.4856,0.0,70.3101,70.3101,56.4856,64.6603,41.1693,68.6464,3276
2016-06-22 13:00:00,102.8,transfer,1.0,56.5943,0.0,62.5102,62.5102,56.5943,71.1803,40.8833,68.3419,3277
2016-06-22 14:00:00,99.52,transfer,1.0,56.2408,0.0,63.9751,63.9751,56.2408,72.6666,40.5268,67.9587,3278
2016-06-22 15:00:00,98.04,transfer,1.0,55.6038,0.0,54.7826,54.7826,55.6038,73.1375,40.2454,67.646,3279
2016-06-22 16:00:00,93.87,transfer,1.0,54.6213,0.0,48.1191,48.1191,54.6213,73.2554,39.9638,67.328,3280
2016-06-22 17:00:00,93.08,transfer,1.0,53.359,0.0,48.6673,48.6673,53.359,70.0733,39.748,67.0886,3281
2016-06-22 18:00:00,60.82,transfer,1.0,51.7838,0.0,46.407,46.407,51.7838,72.422,39.6894,67.1229,3282
2016-06-22 19:00:00,57.34,transfer,1.0,49.9031,0.0,48.9165,48.9165,49.9031,-0.0022,39.622,67.432,3283
2016-06-22 20:00:00,58.98,transfer,1.0,48.0072,0.0,36.9415,36.9415,48.0072,0.0141,39.6011,67.7803,3284
2016-06-22 21:00:00,56.59,transfer,1.0,45.9425,0.0,40.2787,40.2787,45.9425,0.2614,39.6274,68.0644,3285
2016-06-22 22:00:00,56.59,transfer,1.0,44.315,0.0,48.0196,48.0196,44.315,0.8342,39.6632,68.3409,3286
2016-06-22 23:00:00,48.68,transfer,1.0,42.9925,0.0,33.5291,33.5291,42.9925,1.4913,39.6794,68.5066,3287
2016-06-23 00:00:00,44.22,transfer,1.0,41.8799,0.0,44.7634,44.7634,41.8799,2.1218,39.6572,68.6195,3288
2016-06-23 01:00:00,43.71,transfer,1.0,40.8646,0.0,42.0896,42.0896,40.8646,3.0603,39.6404,68.7216,3289
2016-06-23 02:00:00,43.77,transfer,1.0,40.1777,0.0,28.9209,28.9209,40.1777,4.6113,39.6296,68.8141,3290
2016-06-23 03:00:00,44.29,transfer,1.0,40.0043,0.0,37.1139,37.1139,40.0043,7.1172,39.6272,68.8293,3291
2016-06-23 04:00:00,82.78,transfer,1.0,40.4472,0.0,38.0008,38.0008,40.4472,10.8359,39.6095,68.7689,3292
2016-06-23 05:00:00,88.39,transfer,1.0,41.6804,0.0,45.7873,45.7873,41.6804,14.761,39.6045,68.7372,3293
2016-06-23 06:00:00,85.39,transfer,1.0,43.8633,0.0,43.8141,43.8141,43.8633,19.3989,39.6129,68.735,3294
2016-06-23 07:00:00,90.09,transfer,1.0,46.236,0.0,51.2583,51.2583,46.236,25.4846,39.5039,68.6282,3295
2016-06-23 08:00:00,90.67,transfer,1.0,48.4182,0.0,57.8724,57.8724,48.4182,33.1932,39.2493,68.3827,3296
2016-06-23 09:00:00,94.22,transfer,1.0,49.6945,0.0,42.737,42.737,49.6945,41.9031,38.9783,68.1146,3297
2016-06-23 10:00:00,94.98,transfer,1.0,50.7131,0.0,48.7331,48.7331,50.7131,50.7377,38.6455,67.7727,3298
2016-06-23 11:00:00,86.23,transfer,1.0,51.3039,0.0,61.1167,61.1167,51.3039,58.6301,38.3235,67.4257,3299
2016-06-23 12:00:00,90.0,transfer,1.0,51.5221,0.0,48.5066,48.5066,51.5221,64.7733,37.9736,67.0352,3300
2016-06-23 13:00:00,92.17,transfer,1.0,51.0358,0.0,55.3526,55.3526,51.0358,68.924,37.631,66.6385,3301
2016-06-23 14:00:00,95.53,transfer,1.0,50.109,0.0,44.6934,44.6934,50.109,71.3201,37.262,66.205,3302
2016-06-23 15:00:00,94.87,transfer,1.0,48.8588,0.0,47.5621,47.5621,48.8588,72.9062,36.9452,65.8134,3303
2016-06-23 16:00:00,90.82,transfer,1.0,47.4602,0.0,46.0147,46.0147,47.4602,73.6939,36.6469,65.4316,3304
2016-06-23 17:00:00,89.4,transfer,1.0,45.9527,0.0,38.9677,38.9677,45.9527,74.1483,36.3756,65.0676,3305
2016-06-23 18:00:00,62.84,transfer,1.0,44.3078,0.0,41.9345,41.9345,44.3078,74.3777,36.3718,65.0994,3306
2016-06-23 19:00:00,58.83,transfer,1.0,42.7647,0.0,39.4506,39.4506,42.7647,74.4948,36.3617,65.1659,3307
2016-06-23 20:00:00,64.14,transfer,1.0,41.3496,0.0,32.8019,32.8019,41.3496,74.6989,36.4231,65.2201,3308
2016-06-23 21:00:00,57.62,transfer,1.0,40.0609,0.0,36.1322,36.1322,40.0609,74.9665,36.4864,65.2762,3309
2016-06-23 22:00:00,57.72,transfer,1.0,39.2424,0.0,38.7985,38.7985,39.2424,75.2467,36.5572,65.3242,3310
2016-06-23 23:00:00,48.29,transfer,1.0,38.6489,0.0,40.0052,40.0052,38.6489,75.4933,36.5884,65.357,3311
2016-06-24 00:00:00,45.11,transfer,1.0,38.3683,0.0,37.444,37.444,38.3683,75.7635,36.5832,65.4224,3312
2016-06-24 01:00:00,44.23,transfer,1.0,38.1288,0.0,29.4341,29.4341,38.1288,75.963,36.5827,65.3614,3313
2016-06-24 02:00:00,44.63,transfer,1.0,38.1239,0.0,36.1815,36.1815,38.1239,76.0452,36.5867,65.3094,3314
2016-06-24 03:00:00,44.49,transfer,1.0,38.5104,0.0,48.7429,48.7429,38.5104,60.6011,36.591,65.1774,3315
2016-06-24 04:00:00,74.26,transfer,1.0,39.3973,0.0,30.0498,30.0498,39.3973,64.9879,36.5784,64.7681,3316
2016-06-24 05:00:00,72.61,transfer,1.0,40.6463,0.0,42.2639,42.2639,40.6463,71.267,36.5489,64.3211,3317
2016-06-24 06:00:00,66.8,transfer,1.0,42.7398,0.0,36.463,36.463,42.7398,73.8179,36.5452,63.9799,3318
2016-06-24 07:00:00,83.25,transfer,1.0,45.1969,0.0,45.9707,45.9707,45.1969,74.8841,36.5046,63.524,3319
2016-06-24 08:00:00,87.97,transfer,1.0,47.262,0.0,40.2224,40.2224,47.262,75.2393,36.3119,62.9237,3320
2016-06-24 09:00:00,90.15,transfer,1.0,48.4368,0.0,51.5835,51.5835,48.4368,75.2045,36.106,62.3164,3321
2016-06-24 10:00:00,93.17,transfer,1.0,49.0224,0.0,42.6318,42.6318,49.0224,75.0425,35.8857,61.6982,3322
2016-06-24 11:00:00,102.27,transfer,1.0,49.0564,0.0,55.936,55.936,49.0564,74.8794,35.715,61.1318,3323
2016-06-24 12:00:00,103.98,transfer,1.0,48.7954,0.0,54.845,54.845,48.7954,74.7313,35.5969,60.6232,3324
2016-06-24 13:00:00,106.61,transfer,1.0,48.5254,0.0,58.3553,58.3553,48.5254,74.6247,35.5683,60.221,3325
2016-06-24 14:00:00,105.44,transfer,1.0,48.1587,0.0,42.5006,42.5006,48.1587,74.5568,35.5189,59.8475,3326
2016-06-24 15:00:00,109.06,transfer,1.0,47.648,0.0,46.3496,46.3496,47.648,74.5286,35.5192,59.6247,3327
2016-06-24 16:00:00,116.98,transfer,1.0,46.8939,0.0,52.0354,52.0354,46.8939,74.5746,35.623,59.6023,3328
2016-06-24 17:00:00,109.78,transfer,1.0,46.1179,0.0,47.2842,47.2842,46.1179,74.6656,35.7598,59.6419,3329
2016-06-24 18:00:00,66.97,transfer,1.0,45.4885,0.0,46.9892,46.9892,45.4885,75.025,35.867,59.5845,3330
2016-06-24 19:00:00,61.19,transfer,1.0,44.7748,0.0,44.1781,44.1781,44.7748,74.852,35.9277,59.5368,3331
2016-06-24 20:00:00,64.4,transfer,1.0,43.5601,0.0,42.2698,42.2698,43.5601,74.968,36.0319,59.4767,3332
2016-06-24 21:00:00,57.93,transfer,1.0,42.1232,0.0,39.645,39.645,42.1232,75.1596,36.103,59.4848,3333
2016-06-24 22:00:00,58.51,transfer,1.0,41.0606,0.0,41.1301,41.1301,41.0606,75.3677,36.1705,59.5176,3334
2016-06-24 23:00:00,46.87,transfer,1.0,40.2873,0.0,41.0717,41.0717,40.2873,75.5776,36.197,59.3825,3335
2016-06-25 00:00:00,44.7,transfer,1.0,39.8735,0.0,38.6298,38.6298,39.8735,75.793,36.22,59.2884,3336
2016-06-25 01:00:00,44.34,transfer,1.0,38.9997,0.0,40.1828,40.1828,38.9997,75.6959,36.2487,59.1982,3337
2016-06-25 02:00:00,44.39,transfer,1.0,38.2393,0.0,38.7171,38.7171,38.2393,31.6144,36.2724,58.9982,3338
2016-06-25 03:00:00,44.23,transfer,1.0,37.8569,0.0,30.8966,30.8966,37.8569,44.806,36.2873,58.7241,3339
2016-06-25 04:00:00,81.25,transfer,1.0,37.8629,0.0,39.8468,39.8468,37.8629,58.4062,36.3347,58.4013,3340
2016-06-25 05:00:00,83.01,transfer,1.0,37.9911,0.0,38.0829,38.0829,37.9911,66.9031,36.3955,58.047,3341
2016-06-25 06:00:00,77.13,transfer,1.0,39.0647,0.0,38.3816,38.3816,39.0647,71.0876,36.45,57.6686,3342
2016-06-25 07:00:00,85.8,transfer,1.0,40.7193,0.0,31.3658,31.3658,40.7193,73.0037,36.4598,57.2434,3343
2016-06-25 08:00:00,87.74,transfer,1.0,42.2783,0.0,36.8917,36.8917,42.2783,73.7991,36.4694,56.8223,3344
2016-06-25 09:00:00,91.93,transfer,1.0,43.1541,0.0,50.6112,50.6112,43.1541,74.0448,36.48,56.4084,3345
2016-06-25 10:00:00,94.6,transfer,1.0,43.5745,0.0,49.3637,49.3637,43.5745,74.0537,36.488,56.0009,3346
2016-06-25 11:00:00,93.58,transfer,1.0,43.6435,0.0,47.7386,47.7386,43.6435,74.0127,36.5046,55.6105,3347
2016-06-25 12:00:00,95.9,transfer,1.0,43.4823,0.0,46.784,46.784,43.4823,73.9803,36.5099,55.2167,3348
2016-06-25 13:00:00,94.31,transfer,1.0,42.927,0.0,37.4466,37.4466,42.927,73.9636,36.4911,54.8059,3349
2016-06-25 14:00:00,97.41,transfer,1.0,42.0581,0.0,42.0487,42.0487,42.0581,73.9511,36.4909,54.4207,3350
2016-06-25 15:00:00,97.92,transfer,1.0,40.9183,0.0,41.6559,41.6559,40.9183,73.9483,36.4903,54.0375,3351
2016-06-25 16:00:00,100.35,transfer,1.0,39.6394,0.0,38.2414,38.2414,39.6394,73.9719,36.4902,53.6537,3352
2016-06-25 17:00:00,100.74,transfer,1.0,38.3456,0.0,31.3472,31.3472,38.3456,74.0637,36.4937,53.2696,3353
2016-06-25 18:00:00,62.07,transfer,1.0,37.0605,0.0,44.2733,44.2733,37.0605,74.2057,36.4649,52.9916,3354
2016-06-25 19:00:00,57.18,transfer,1.0,35.8836,0.0,38.2874,38.2874,35.8836,73.9603,36.4461,52.7759,3355
2016-06-25 20:00:00,59.53,transfer,1.0,34.6165,0.0,42.0251,42.0251,34.6165,73.8703,36.4443,52.5439,3356
2016-06-25 21:00:00,57.21,transfer,1.0,33.3212,0.0,35.44,35.44,33.3212,73.8707,36.4035,52.2969,3357
2016-06-25 22:00:00,56.05,transfer,1.0,32.2611,0.0,33.1977,33.1977,32.2611,73.8321,36.3541,52.0528,3358
2016-06-25 23:00:00,46.27,transfer,1.0,31.3923,0.0,31.7524,31.7524,31.3923,73.7258,36.286,51.9051,3359
2016-06-26 00:00:00,43.86,transfer,1.0,30.6754,0.0,24.5573,24.5573,30.6754,1.497,36.231,51.8766,3360
2016-06-26 01:00:00,43.43,transfer,1.0,30.1707,0.0,34.9917,34.9917,30.1707,-0.0173,36.1728,51.8572,3361
2016-06-26 02:00:00,43.1,transfer,1.0,29.6779,0.0,27.8681,27.8681,29.6779,-0.0172,36.1098,51.837,3362
2016-06-26 03:00:00,43.3,transfer,1.0,29.2676,0.0,34.8398,34.8398,29.2676,-0.0161,36.0444,51.8174,3363
2016-06-26 04:00:00,73.43,transfer,1.0,28.7222,0.0,28.8181,28.8181,28.7222,-0.0152,35.9805,51.7977,3364
2016-06-26 05:00:00,74.3,transfer,1.0,28.4909,0.0,24.6375,24.6375,28.4909,-0.0171,35.9351,51.7927,3365
2016-06-26 06:00:00,69.56,transfer,1.0,28.1905,0.0,25.8746,25.8746,28.1905,-0.0202,35.8833,51.7756,3366
2016-06-26 07:00:00,81.57,transfer,1.0,27.4177,0.0,29.6582,29.6582,27.4177,-0.0216,35.8299,51.7468,3367
2016-06-26 08:00:00,92.34,transfer,1.0,27.0565,0.0,25.351,25.351,27.0565,-0.0235,35.8665,51.8,3368
2016-06-26 09:00:00,90.67,transfer,1.0,27.2058,0.0,24.5908,24.5908,27.2058,-0.0256,35.8783,51.8248,3369
2016-06-26 10:00:00,94.49,transfer,1.0,27.6828,0.0,26.0209,26.0209,27.6828,-0.0282,35.904,51.8634,3370
2016-06-26 11:00:00,91.07,transfer,1.0,28.1778,0.0,27.5603,27.5603,28.1778,-0.03,35.8725,51.8446,3371
2016-06-26 12:00:00,93.31,transfer,1.0,28.9018,0.0,33.3255,33.3255,28.9018,-0.0317,35.8481,51.8335,3372
2016-06-26 13:00:00,99.72,transfer,1.0,29.2466,0.0,28.9603,28.9603,29.2466,-0.0324,35.8741,51.8701,3373
2016-06-26 14:00:00,96.76,transfer,1.0,29.6472,0.0,27.2057,27.2057,29.6472,-0.0336,35.8777,51.8806,3374
2016-06-26 15:00:00,96.22,transfer,1.0,30.0086,0.0,27.5267,27.5267,30.0086,-0.0342,35.8502,51.8583,3375
2016-06-26 16:00:00,100.05,transfer,1.0,30.2679,0.0,30.5576,30.5576,30.2679,-0.0344,35.8672,51.8789,3376
2016-06-26 17:00:00,94.37,transfer,1.0,30.3004,0.0,22.8473,22.8473,30.3004,-0.0345,35.8722,51.8863,3377
2016-06-26 18:00:00,58.98,transfer,1.0,30.2012,0.0,30.7303,30.7303,30.2012,-0.0341,35.8769,51.8927,3378
2016-06-26 19:00:00,55.08,transfer,1.0,29.8508,0.0,30.1483,30.1483,29.8508,-0.0327,35.8837,51.9009,3379
2016-06-26 20:00:00,55.64,transfer,1.0,29.3653,0.0,27.4173,27.4173,29.3653,-0.029,35.8813,51.9004,3380
2016-06-26 21:00:00,54.19,transfer,1.0,28.7882,0.0,29.5473,29.5473,28.7882,-0.0265,35.8351,51.8567,3381
2016-06-26 22:00:00,53.92,transfer,1.0,28.3289,0.0,29.8455,29.8455,28.3289,-0.0249,35.7965,51.8218,3382
2016-06-26 23:00:00,45.29,transfer,1.0,27.876,0.0,30.2394,30.2394,27.876,-0.0245,35.7662,51.7961,3383
2016-06-27 00:00:00,43.94,transfer,1.0,27.2974,0.0,31.9606,31.9606,27.2974,-0.0246,35.7405,51.776,3384
2016-06-27 01:00:00,43.27,transfer,1.0,26.7284,0.0,24.2551,24.2551,26.7284,-0.024,35.7121,51.7532,3385
2016-06-27 02:00:00,43.35,transfer,1.0,26.4578,0.0,26.6692,26.6692,26.4578,-0.0195,35.6831,51.733,3386
2016-06-27 03:00:00,43.56,transfer,1.0,26.0322,0.0,16.61,16.61,26.0322,-0.0142,35.6542,51.7143,3387
2016-06-27 04:00:00,80.17,transfer,1.0,26.1039,0.0,24.2548,24.2548,26.1039,-0.0103,35.6325,51.7045,3388
2016-06-27 05:00:00,79.59,transfer,1.0,27.3879,0.0,24.522,24.522,27.3879,-0.0108,35.6224,51.7074,3389
2016-06-27 06:00:00,72.56,transfer,1.0,29.4335,0.0,31.3299,31.3299,29.4335,-0.0145,35.5715,51.6695,3390
2016-06-27 07:00:00,81.09,transfer,1.0,32.0257,0.0,31.9167,31.9167,32.0257,-0.0178,35.5526,51.6646,3391
2016-06-27 08:00:00,90.4,transfer,1.0,35.5869,0.0,36.6604,36.6604,35.5869,-0.0204,35.5524,51.6801,3392
2016-06-27 09:00:00,95.47,transfer,1.0,39.8541,0.0,41.1692,41.1692,39.8541,-0.0226,35.5728,51.723,3393
2016-06-27 10:00:00,101.16,transfer,1.0,44.1068,0.0,44.3823,44.3823,44.1068,-0.0252,35.5527,51.7289,3394
2016-06-27 11:00:00,98.36,transfer,1.0,47.633,0.0,48.1755,48.1755,47.633,-0.0273,35.5429,51.7437,3395
2016-06-27 12:00:00,107.31,transfer,1.0,49.7516,0.0,51.3912,51.3912,49.7516,-0.0294,35.5343,51.755,3396
2016-06-27 13:00:00,104.29,transfer,1.0,50.7019,0.0,62.3625,62.3625,50.7019,-0.0308,35.5322,51.77,3397
2016-06-27 14:00:00,109.47,transfer,1.0,50.9759,0.0,50.8787,50.8787,50.9759,-0.0319,35.507,51.7608,3398
2016-06-27 15:00:00,107.41,transfer,1.0,50.7003,0.0,62.4589,62.4589,50.7003,-0.0323,35.4593,51.7282,3399
2016-06-27 16:00:00,103.57,transfer,1.0,50.0687,0.0,43.7774,43.7774,50.0687,-0.0326,35.3947,51.6767,3400
2016-06-27 17:00:00,98.37,transfer,1.0,49.0219,0.0,54.5228,54.5228,49.0219,-0.0322,35.3259,51.6175,3401
2016-06-27 18:00:00,54.27,transfer,1.0,47.5756,0.0,44.516,44.516,47.5756,-0.0321,35.2837,51.5806,3402
2016-06-27 19:00:00,51.85,transfer,1.0,45.9772,0.0,53.3038,53.3038,45.9772,-0.0318,35.262,51.561,3403
2016-06-27 20:00:00,55.88,transfer,1.0,43.8238,0.0,43.6716,43.6716,43.8238,-0.0284,35.2505,51.5492,3404
2016-06-27 21:00:00,59.15,transfer,1.0,41.6456,0.0,32.3092,32.3092,41.6456,-0.0256,35.2284,51.5262,3405
2016-06-27 22:00:00,52.31,transfer,1.0,40.0251,0.0,38.0019,38.0019,40.0251,-0.0233,35.1661,51.4631,3406
2016-06-27 23:00:00,57.78,transfer,1.0,38.9838,0.0,45.2138,45.2138,38.9838,-0.0208,35.1834,51.4797,3407
2016-06-28 00:00:00,51.5,transfer,1.0,38.1459,0.0,38.6108,38.6108,38.1459,-0.0145,35.1281,51.4229,3408
2016-06-28 01:00:00,56.93,transfer,1.0,37.7438,0.0,34.724,34.724,37.7438,-0.002,35.1079,51.4019,3409
2016-06-28 02:00:00,51.18,transfer,1.0,37.5892,0.0,32.3293,32.3293,37.5892,0.0915,35.0627,51.3542,3410
2016-06-28 03:00:00,56.63,transfer,1.0,38.1574,0.0,42.5724,42.5724,38.1574,0.8464,35.0472,51.3311,3411
2016-06-28 04:00:00,93.38,transfer,1.0,39.7214,0.0,38.4816,38.4816,39.7214,2.2972,35.0153,51.2831,3412
2016-06-28 05:00:00,94.4,transfer,1.0,42.0072,0.0,44.9037,44.9037,42.0072,3.3246,34.971,51.2179,3413
2016-06-28 06:00:00,84.22,transfer,1.0,45.5274,0.0,45.0178,45.0178,45.5274,3.8686,34.9074,51.1306,3414
2016-06-28 07:00:00,97.48,transfer,1.0,49.31,0.0,50.2819,50.2819,49.31,4.1958,34.8563,51.0542,3415
2016-06-28 08:00:00,106.48,transfer,1.0,52.4748,0.0,53.2697,53.2697,52.4748,4.101,34.7693,50.9407,3416
2016-06-28 09:00:00,113.74,transfer,1.0,54.8508,0.0,52.1825,52.1825,54.8508,3.4742,34.6766,50.8225,3417
2016-06-28 10:00:00,114.95,transfer,1.0,56.5374,0.0,59.4237,59.4237,56.5374,2.6111,34.5898,50.7128,3418
2016-06-28 11:00:00,121.83,transfer,1.0,57.7729,0.0,59.7077,59.7077,57.7729,1.6851,34.5302,50.6347,3419
2016-06-28 12:00:00,118.8,transfer,1.0,58.6076,0.0,45.1139,45.1139,58.6076,0.8884,34.4758,50.5665,3420
2016-06-28 13:00:00,114.56,transfer,1.0,59.1727,0.0,34.8458,34.8458,59.1727,0.2991,34.3959,50.4769,3421
2016-06-28 14:00:00,124.22,transfer,1.0,59.4299,0.0,60.901,60.901,59.4299,0.0521,34.4557,50.529,3422
2016-06-28 15:00:00,125.07,transfer,1.0,59.4533,0.0,60.5217,60.5217,59.4533,0.0013,34.562,50.6276,3423
2016-06-28 16:00:00,129.37,transfer,1.0,59.3743,0.0,55.989,55.989,59.3743,-0.0017,34.7302,50.7889,3424
2016-06-28 17:00:00,119.92,transfer,1.0,59.2416,0.0,61.5533,61.5533,59.2416,-0.0029,34.8485,50.9071,3425
2016-06-28 18:00:00,68.21,transfer,1.0,59.0605,0.0,53.9862,53.9862,59.0605,0.0474,34.8892,50.9536,3426
2016-06-28 19:00:00,56.95,transfer,1.0,58.6188,0.0,64.3779,64.3779,58.6188,0.8051,34.8949,50.9587,3427
2016-06-28 20:00:00,59.39,transfer,1.0,57.5131,0.0,60.0706,60.0706,57.5131,3.9573,34.8845,50.961,3428
2016-06-28 21:00:00,54.51,transfer,1.0,55.8896,0.0,60.2218,60.2218,55.8896,68.8379,34.8718,50.74,3429
2016-06-28 22:00:00,54.57,transfer,1.0,54.3553,0.0,47.0996,47.0996,54.3553,74.4136,34.8443,50.5647,3430
2016-06-28 23:00:00,47.6,transfer,1.0,52.389,0.0,45.6411,45.6411,52.389,75.0839,34.8468,50.5168,3431
2016-06-29 00:00:00,41.57,transfer,1.0,50.9673,0.0,42.8374,42.8374,50.9673,75.2986,34.8739,50.5655,3432
2016-06-29 01:00:00,41.55,transfer,1.0,49.6216,0.0,43.4184,43.4184,49.6216,27.5653,34.8967,50.4746,3433
2016-06-29 02:00:00,41.27,transfer,1.0,48.6539,0.0,52.5673,52.5673,48.6539,23.0555,34.9206,50.4087,3434
2016-06-29 03:00:00,41.73,transfer,1.0,48.2259,0.0,55.8348,55.8348,48.2259,33.2371,34.9419,50.2876,3435
2016-06-29 04:00:00,79.55,transfer,1.0,48.271,0.0,51.3785,51.3785,48.271,44.8607,34.9101,50.0885,3436
2016-06-29 05:00:00,82.17,transfer,1.0,48.9335,0.0,57.8654,57.8654,48.9335,55.2833,34.8833,49.8403,3437
2016-06-29 06:00:00,79.61,transfer,1.0,50.7123,0.0,42.8454,42.8454,50.7123,62.584,34.8993,49.5964,3438
2016-06-29 07:00:00,94.9,transfer,1.0,52.7201,0.0,47.385,47.385,52.7201,67.1856,34.9045,49.3123,3439
2016-06-29 08:00:00,106.58,transfer,1.0,54.7614,0.0,41.9746,41.9746,54.7614,69.8545,34.9317,49.0434,3440
2016-06-29 09:00:00,107.05,transfer,1.0,56.4343,0.0,59.5636,59.5636,56.4343,71.3931,34.9601,48.7925,3441
2016-06-29 10:00:00,112.91,transfer,1.0,57.7477,0.0,63.848,63.848,57.7477,72.2698,34.9984,48.6118,3442
2016-06-29 11:00:00,114.07,transfer,1.0,58.6442,0.0,64.7179,64.7179,58.6442,72.8284,35.0532,48.5489,3443
2016-06-29 12:00:00,107.88,transfer,1.0,59.2168,0.0,63.1778,63.1778,59.2168,73.2251,35.0904,48.5514,3444
2016-06-29 13:00:00,106.4,transfer,1.0,59.5271,0.0,66.1721,66.1721,59.5271,73.5038,35.0944,48.559,3445
2016-06-29 14:00:00,105.99,transfer,1.0,59.5296,0.0,65.4919,65.4919,59.5296,73.7228,35.1134,48.5912,3446
2016-06-29 15:00:00,109.58,transfer,1.0,59.3069,0.0,52.975,52.975,59.3069,73.8895,35.16,48.6554,3447
2016-06-29 16:00:00,106.84,transfer,1.0,58.8647,0.0,51.9546,51.9546,58.8647,74.0295,35.2119,48.728,3448
2016-06-29 17:00:00,100.26,transfer,1.0,58.2645,0.0,64.2998,64.2998,58.2645,74.1283,35.2255,48.7466,3449
2016-06-29 18:00:00,58.98,transfer,1.0,57.4236,0.0,59.8476,59.8476,57.4236,74.2076,35.181,48.7682,3450
2016-06-29 19:00:00,55.35,transfer,1.0,56.1953,0.0,65.3457,65.3457,56.1953,74.3359,35.1417,48.5399,3451
2016-06-29 20:00:00,57.69,transfer,1.0,54.3151,0.0,52.9042,52.9042,54.3151,74.5063,35.0965,48.289,3452
2016-06-29 21:00:00,54.58,transfer,1.0,51.9679,0.0,64.8496,64.8496,51.9679,74.6627,35.0487,48.0733,3453
2016-06-29 22:00:00,52.96,transfer,1.0,49.684,0.0,47.3816,47.3816,49.684,74.5773,34.9951,47.87,3454
2016-06-29 23:00:00,43.9,transfer,1.0,47.8058,0.0,58.1951,58.1951,47.8058,73.9349,34.9845,47.7679,3455
2016-06-30 00:00:00,41.01,transfer,1.0,46.2125,0.0,48.2532,48.2532,46.2125,1.0594,35.0015,47.7552,3456
2016-06-30 01:00:00,41.26,transfer,1.0,44.771,0.0,36.5497,36.5497,44.771,1.4035,35.0055,47.7504,3457
2016-06-30 02:00:00,41.28,transfer,1.0,43.7367,0.0,49.3492,49.3492,43.7367,2.8195,34.9987,47.7463,3458
2016-06-30 03:00:00,41.74,transfer,1.0,43.348,0.0,44.7319,44.7319,43.348,5.2173,34.9828,47.7424,3459
2016-06-30 04:00:00,74.29,transfer,1.0,43.6695,0.0,45.9273,45.9273,43.6695,8.5905,34.9131,47.7052,3460
2016-06-30 05:00:00,78.09,transfer,1.0,44.6347,0.0,36.1802,36.1802,44.6347,11.372,34.8342,47.6641,3461
2016-06-30 06:00:00,69.7,transfer,1.0,46.7912,0.0,48.5217,48.5217,46.7912,13.7782,34.7234,47.6042,3462
2016-06-30 07:00:00,85.85,transfer,1.0,49.4063,0.0,38.9937,38.9937,49.4063,15.8738,34.6793,47.6361,3463
2016-06-30 08:00:00,92.22,transfer,1.0,51.8329,0.0,53.2104,53.2104,51.8329,17.5127,34.6682,47.7387,3464
2016-06-30 09:00:00,100.96,transfer,1.0,53.6733,0.0,50.3064,50.3064,53.6733,18.5568,34.6846,47.9178,3465
2016-06-30 10:00:00,108.16,transfer,1.0,54.896,0.0,67.0906,67.0906,54.896,19.3385,34.7381,48.1831,3466
2016-06-30 11:00:00,100.86,transfer,1.0,55.723,0.0,62.3778,62.3778,55.723,20.5961,34.7989,48.4966,3467
2016-06-30 12:00:00,104.09,transfer,1.0,56.2337,0.0,47.3977,47.3977,56.2337,22.8939,34.8548,48.8298,3468
2016-06-30 13:00:00,106.31,transfer,1.0,56.1699,0.0,61.207,61.207,56.1699,29.4262,34.9084,49.149,3469
2016-06-30 14:00:00,107.98,transfer,1.0,55.7832,0.0,50.49,50.49,55.7832,44.8749,34.9487,49.3806,3470
2016-06-30 15:00:00,104.75,transfer,1.0,55.0876,0.0,66.2573,66.2573,55.0876,64.3224,34.9704,49.4905,3471
2016-06-30 16:00:00,108.69,transfer,1.0,54.0613,0.0,53.5317,53.5317,54.0613,71.4995,35.0375,49.6099,3472
2016-06-30 17:00:00,102.36,transfer,1.0,52.7153,0.0,52.6161,52.6161,52.7153,73.2927,35.0744,49.6921,3473
2016-06-30 18:00:00,62.66,transfer,1.0,51.2767,0.0,43.4462,43.4462,51.2767,73.8025,35.0318,49.6898,3474
2016-06-30 19:00:00,58.4,transfer,1.0,49.6171,0.0,59.2791,59.2791,49.6171,73.8201,34.9885,49.6883,3475
2016-06-30 20:00:00,59.16,transfer,1.0,47.4235,0.0,48.6565,48.6565,47.4235,73.957,34.9227,49.7135,3476
2016-06-30 21:00:00,55.49,transfer,1.0,45.0364,0.0,58.097,58.097,45.0364,74.188,34.8804,49.7216,3477
2016-06-30 22:00:00,55.3,transfer,1.0,43.1936,0.0,42.8461,42.8461,43.1936,74.4547,34.8425,49.7313,3478
2016-06-30 23:00:00,46.28,transfer,1.0,41.655,0.0,45.0359,45.0359,41.655,74.6332,34.8126,49.7381,3479
2016-07-01 00:00:00,44.19,transfer,1.0,40.5965,0.0,35.807,35.807,40.5965,74.8406,34.7939,49.7381,3480
2016-07-01 01:00:00,44.23,transfer,1.0,39.5707,0.0,36.3971,36.3971,39.5707,74.7772,34.7853,49.731,3481
2016-07-01 02:00:00,44.06,transfer,1.0,38.68,0.0,39.4079,39.4079,38.68,2.3063,34.7786,49.7926,3482
2016-07-01 03:00:00,43.99,transfer,1.0,38.3606,0.0,42.9899,42.9899,38.3606,3.0414,34.7765,49.9404,3483
2016-07-01 04:00:00,86.27,transfer,1.0,38.8998,0.0,35.3772,35.3772,38.8998,4.2153,34.851,50.3737,3484
2016-07-01 05:00:00,86.41,transfer,1.0,40.0669,0.0,43.8492,43.8492,40.0669,4.7491,34.9365,50.8517,3485
2016-07-01 06:00:00,80.15,transfer,1.0,42.6571,0.0,43.8542,43.8542,42.6571,4.5615,35.0165,51.2599,3486
2016-07-01 07:00:00,98.49,transfer,1.0,45.9048,0.0,43.8477,43.8477,45.9048,3.9633,35.103,51.7728,3487
2016-07-01 08:00:00,107.8,transfer,1.0,48.9186,0.0,54.7926,54.7926,48.9186,2.9666,35.2112,52.321,3488
2016-07-01 09:00:00,110.6,transfer,1.0,51.2177,0.0,42.8989,42.8989,51.2177,1.683,35.3164,52.8803,3489
2016-07-01 10:00:00,117.25,transfer,1.0,52.9197,0.0,47.7685,47.7685,52.9197,0.4822,35.4365,53.4675,3490
2016-07-01 11:00:00,122.04,transfer,1.0,54.0835,0.0,55.1534,55.1534,54.0835,0.0117,35.5242,54.0308,3491
2016-07-01 12:00:00,120.89,transfer,1.0,54.8984,0.0,54.5969,54.5969,54.8984,-0.0099,35.5886,54.5764,3492
2016-07-01 13:00:00,123.03,transfer,1.0,55.4904,0.0,57.6824,57.6824,55.4904,-0.0161,35.6448,55.1184,3493
2016-07-01 14:00:00,125.95,transfer,1.0,55.7782,0.0,56.5943,56.5943,55.7782,-0.0198,35.7216,55.6844,3494
2016-07-01 15:00:00,123.16,transfer,1.0,55.8146,0.0,58.287,58.287,55.8146,-0.0214,35.7569,56.212,3495
2016-07-01 16:00:00,125.66,transfer,1.0,55.6171,0.0,58.0287,58.0287,55.6171,-0.0212,35.7566,56.7077,3496
2016-07-01 17:00:00,112.98,transfer,1.0,55.1249,0.0,61.0656,61.0656,55.1249,0.1494,35.7221,57.1703,3497
2016-07-01 18:00:00,63.99,transfer,1.0,54.1493,0.0,51.6797,51.6797,54.1493,73.239,35.6528,57.1774,3498
2016-07-01 19:00:00,59.64,transfer,1.0,52.9894,0.0,34.6849,34.6849,52.9894,73.5148,35.5947,57.1787,3499
2016-07-01 20:00:00,59.03,transfer,1.0,50.9491,0.0,53.3523,53.3523,50.9491,73.5806,35.5187,57.2024,3500
2016-07-01 21:00:00,56.68,transfer,1.0,48.471,0.0,50.6796,50.6796,48.471,73.7477,35.4735,57.2015,3501
2016-07-01 22:00:00,56.24,transfer,1.0,46.3097,0.0,51.4833,51.4833,46.3097,73.1006,35.4287,57.2015,3502
2016-07-01 23:00:00,50.66,transfer,1.0,44.5358,0.0,44.8826,44.8826,44.5358,-0.0054,35.426,57.3322,3503
2016-07-02 00:00:00,44.42,transfer,1.0,43.1438,0.0,43.0909,43.0909,43.1438,-0.0052,35.4049,57.4115,3504
2016-07-02 01:00:00,43.33,transfer,1.0,41.4724,0.0,35.4499,35.4499,41.4724,-0.0042,35.3841,57.4828,3505
2016-07-02 02:00:00,42.82,transfer,1.0,39.8163,0.0,45.677,45.677,39.8163,-0.0068,35.3654,57.6617,3506
2016-07-02 03:00:00,42.69,transfer,1.0,38.3645,0.0,39.7741,39.7741,38.3645,-0.011,35.3532,57.9124,3507
2016-07-02 04:00:00,84.13,transfer,1.0,37.2477,0.0,33.8147,33.8147,37.2477,-0.0144,35.374,58.2773,3508
2016-07-02 05:00:00,86.44,transfer,1.0,36.4805,0.0,40.5508,40.5508,36.4805,-0.0189,35.4034,58.6961,3509
2016-07-02 06:00:00,76.69,transfer,1.0,36.6112,0.0,27.3195,27.3195,36.6112,-0.0239,35.4154,59.1168,3510
2016-07-02 07:00:00,83.03,transfer,1.0,37.4118,0.0,39.5168,39.5168,37.4118,-0.0262,35.4186,59.535,3511
2016-07-02 08:00:00,93.07,transfer,1.0,38.3019,0.0,44.8437,44.8437,38.3019,-0.0276,35.474,60.0061,3512
2016-07-02 09:00:00,97.19,transfer,1.0,38.6148,0.0,48.0467,48.0467,38.6148,-0.0289,35.5323,60.4784,3513
2016-07-02 10:00:00,95.67,transfer,1.0,38.7467,0.0,36.722,36.722,38.7467,-0.0307,35.5674,60.9257,3514
2016-07-02 11:00:00,97.77,transfer,1.0,38.7698,0.0,32.655,32.655,38.7698,-0.0319,35.6214,61.3914,3515
2016-07-02 12:00:00,92.75,transfer,1.0,38.5305,0.0,45.4965,45.4965,38.5305,-0.0318,35.6321,61.8132,3516
2016-07-02 13:00:00,87.88,transfer,1.0,38.0541,0.0,37.4187,37.4187,38.0541,-0.0319,35.6229,62.2154,3517
2016-07-02 14:00:00,87.94,transfer,1.0,37.2502,0.0,45.3703,45.3703,37.2502,-0.0313,35.5951,62.5994,3518
2016-07-02 15:00:00,91.84,transfer,1.0,36.2663,0.0,34.8896,34.8896,36.2663,-0.0305,35.5866,63.0035,3519
2016-07-02 16:00:00,91.54,transfer,1.0,35.2353,0.0,33.5381,33.5381,35.2353,-0.0297,35.5604,63.3916,3520
2016-07-02 17:00:00,94.5,transfer,1.0,34.2806,0.0,37.2766,37.2766,34.2806,-0.0293,35.5474,63.7955,3521
2016-07-02 18:00:00,54.94,transfer,1.0,33.4334,0.0,32.8837,32.8837,33.4334,-0.0289,35.5266,64.0504,3522
2016-07-02 19:00:00,49.71,transfer,1.0,32.7595,0.0,31.9421,31.9421,32.7595,-0.0267,35.5007,64.2466,3523
2016-07-02 20:00:00,52.66,transfer,1.0,31.9821,0.0,26.0878,26.0878,31.9821,-0.022,35.4755,64.4748,3524
2016-07-02 21:00:00,49.08,transfer,1.0,31.1364,0.0,29.5973,29.5973,31.1364,-0.0177,35.4401,64.6679,3525
2016-07-02 22:00:00,49.71,transfer,1.0,30.5393,0.0,32.5942,32.5942,30.5393,-0.013,35.4126,64.858,3526
2016-07-02 23:00:00,43.84,transfer,1.0,30.1124,0.0,24.2421,24.2421,30.1124,-0.007,35.4058,64.9556,3527
2016-07-03 00:00:00,42.19,transfer,1.0,29.8254,0.0,24.8556,24.8556,29.8254,0.0013,35.4009,64.9545,3528
2016-07-03 01:00:00,42.15,transfer,1.0,29.7355,0.0,26.1582,26.1582,29.7355,0.0073,35.3959,64.9468,3529
2016-07-03 02:00:00,41.98,transfer,1.0,29.7472,0.0,24.7072,24.7072,29.7472,0.0342,35.3888,64.9398,3530
2016-07-03 03:00:00,42.08,transfer,1.0,29.7468,0.0,24.3115,24.3115,29.7468,0.1605,35.3787,64.9315,3531
2016-07-03 04:00:00,77.78,transfer,1.0,29.8319,0.0,33.6794,33.6794,29.8319,0.3134,35.398,64.9554,3532
2016-07-03 05:00:00,80.77,transfer,1.0,30.4516,0.0,29.0873,29.0873,30.4516,0.163,35.4248,64.9929,3533
2016-07-03 06:00:00,74.99,transfer,1.0,31.4571,0.0,36.939,36.939,31.4571,0.009,35.4377,65.025,3534
2016-07-03 07:00:00,74.69,transfer,1.0,32.295,0.0,33.2574,33.2574,32.295,-0.0018,35.3677,64.984,3535
2016-07-03 08:00:00,78.59,transfer,1.0,33.5312,0.0,30.7193,30.7193,33.5312,-0.0086,35.2473,64.902,3536
2016-07-03 09:00:00,74.6,transfer,1.0,34.5312,0.0,35.3932,35.3932,34.5312,-0.0154,35.1081,64.8063,3537
2016-07-03 10:00:00,78.21,transfer,1.0,34.8802,0.0,42.5178,42.5178,34.8802,-0.0211,34.9683,64.7094,3538
2016-07-03 11:00:00,77.72,transfer,1.0,34.7566,0.0,43.0299,43.0299,34.7566,-0.0252,34.8497,64.6299,3539
2016-07-03 12:00:00,79.38,transfer,1.0,34.4753,0.0,37.3759,37.3759,34.4753,-0.0282,34.7336,64.5469,3540
2016-07-03 13:00:00,81.21,transfer,1.0,33.9604,0.0,35.5314,35.5314,33.9604,-0.031,34.5954,64.4367,3541
2016-07-03 14:00:00,81.94,transfer,1.0,33.2833,0.0,33.9293,33.9293,33.2833,-0.0329,34.4855,64.3485,3542
2016-07-03 15:00:00,82.89,transfer,1.0,32.5767,0.0,28.892,28.892,32.5767,-0.0342,34.3909,64.2692,3543
2016-07-03 16:00:00,81.26,transfer,1.0,31.8805,0.0,24.3466,24.3466,31.8805,-0.0349,34.2694,64.1573,3544
2016-07-03 17:00:00,80.05,transfer,1.0,31.2158,0.0,39.2336,39.2336,31.2158,-0.0354,34.1787,64.0721,3545
2016-07-03 18:00:00,53.08,transfer,1.0,30.5714,0.0,28.876,28.876,30.5714,-0.0352,34.1414,64.037,3546
2016-07-03 19:00:00,49.15,transfer,1.0,30.0153,0.0,32.108,32.108,30.0153,-0.0332,34.1051,64.0017,3547
2016-07-03 20:00:00,53.46,transfer,1.0,29.5545,0.0,32.8002,32.8002,29.5545,-0.0306,34.091,63.9887,3548
2016-07-03 21:00:00,48.14,transfer,1.0,29.0643,0.0,29.7255,29.7255,29.0643,-0.0282,34.0534,63.9527,3549
2016-07-03 22:00:00,51.51,transfer,1.0,28.7211,0.0,30.9512,30.9512,28.7211,-0.0259,34.0367,63.9384,3550
2016-07-03 23:00:00,42.95,transfer,1.0,28.4514,0.0,31.6671,31.6671,28.4514,-0.023,34.0193,63.9244,3551
2016-07-04 00:00:00,41.51,transfer,1.0,28.1812,0.0,31.4364,31.4364,28.1812,-0.019,33.9996,63.9099,3552
2016-07-04 01:00:00,41.22,transfer,1.0,28.1736,0.0,26.0579,26.0579,28.1736,-0.0125,33.9788,63.8977,3553
2016-07-04 02:00:00,41.25,transfer,1.0,28.2564,0.0,32.6289,32.6289,28.2564,-0.0033,33.9556,63.8851,3554
2016-07-04 03:00:00,41.28,transfer,1.0,28.4327,0.0,28.0728,28.0728,28.4327,0.0085,33.9277,63.8714,3555
2016-07-04 04:00:00,77.45,transfer,1.0,28.7342,0.0,26.2866,26.2866,28.7342,0.2137,33.8959,63.8538,3556
2016-07-04 05:00:00,76.8,transfer,1.0,30.134,0.0,33.9296,33.9296,30.134,0.3683,33.8629,63.835,3557
2016-07-04 06:00:00,68.76,transfer,1.0,32.4517,0.0,36.884,36.884,32.4517,0.1903,33.8224,63.8111,3558
2016-07-04 07:00:00,64.94,transfer,1.0,35.344,0.0,28.7791,28.7791,35.344,0.036,33.7065,63.7147,3559
2016-07-04 08:00:00,67.23,transfer,1.0,39.1358,0.0,38.9303,38.9303,39.1358,0.0023,33.5474,63.5766,3560
2016-07-04 09:00:00,65.88,transfer,1.0,42.4062,0.0,49.5403,49.5403,42.4062,-0.0039,33.3561,63.4004,3561
2016-07-04 10:00:00,65.07,transfer,1.0,44.6094,0.0,41.4573,41.4573,44.6094,-0.0103,33.1383,63.1855,3562
2016-07-04 11:00:00,66.37,transfer,1.0,45.5854,0.0,50.4316,50.4316,45.5854,-0.0154,32.9601,62.995,3563
2016-07-04 12:00:00,65.91,transfer,1.0,45.4227,0.0,43.6427,43.6427,45.4227,-0.0197,32.7394,62.7485,3564
2016-07-04 13:00:00,66.91,transfer,1.0,44.511,0.0,49.393,49.393,44.511,-0.0228,32.5538,62.526,3565
2016-07-04 14:00:00,67.82,transfer,1.0,42.9922,0.0,44.6454,44.6454,42.9922,-0.0242,32.3534,62.278,3566
2016-07-04 15:00:00,69.59,transfer,1.0,41.204,0.0,36.0739,36.0739,41.204,-0.0248,32.1848,62.0528,3567
2016-07-04 16:00:00,70.66,transfer,1.0,39.1029,0.0,37.5445,37.5445,39.1029,-0.022,32.0542,61.8569,3568
2016-07-04 17:00:00,69.23,transfer,1.0,37.2896,0.0,36.809,36.809,37.2896,-0.0208,31.9505,61.6834,3569
2016-07-04 18:00:00,42.2,transfer,1.0,35.916,0.0,38.1421,38.1421,35.916,-0.0218,31.9481,61.6115,3570
2016-07-04 19:00:00,39.82,transfer,1.0,34.8764,0.0,32.454,32.454,34.8764,-0.02,31.9426,61.5398,3571
2016-07-04 20:00:00,44.38,transfer,1.0,33.9008,0.0,35.3689,35.3689,33.9008,-0.0145,31.9332,61.4712,3572
2016-07-04 21:00:00,42.14,transfer,1.0,33.1981,0.0,37.1808,37.1808,33.1981,-0.0095,31.8822,61.3699,3573
2016-07-04 22:00:00,42.54,transfer,1.0,32.7591,0.0,23.9333,23.9333,32.7591,-0.0045,31.8673,61.3116,3574
2016-07-04 23:00:00,42.05,transfer,1.0,32.5392,0.0,26.8317,26.8317,32.5392,0.0018,31.812,61.2179,3575
2016-07-05 00:00:00,42.31,transfer,1.0,32.5263,0.0,33.0776,33.0776,32.5263,0.0081,31.7908,61.163,3576
2016-07-05 01:00:00,42.57,transfer,1.0,32.715,0.0,24.3059,24.3059,32.715,0.0416,31.7352,61.0773,3577
2016-07-05 02:00:00,42.32,transfer,1.0,33.2078,0.0,30.9671,30.9671,33.2078,0.5617,31.7086,61.0218,3578
2016-07-05 03:00:00,42.6,transfer,1.0,33.4735,0.0,26.2205,26.2205,33.4735,1.8143,31.653,60.9325,3579
2016-07-05 04:00:00,86.75,transfer,1.0,34.3553,0.0,32.2318,32.2318,34.3553,2.82,31.6454,60.8899,3580
2016-07-05 05:00:00,88.68,transfer,1.0,35.6149,0.0,37.9985,37.9985,35.6149,2.8423,31.6494,60.8587,3581
2016-07-05 06:00:00,82.34,transfer,1.0,37.2713,0.0,34.1444,34.1444,37.2713,2.6258,31.6874,60.8549,3582
2016-07-05 07:00:00,93.67,transfer,1.0,39.5085,0.0,35.6364,35.6364,39.5085,1.9263,31.723,60.8458,3583
2016-07-05 08:00:00,104.58,transfer,1.0,41.9918,0.0,45.5406,45.5406,41.9918,1.1059,31.7741,60.8523,3584
2016-07-05 09:00:00,114.93,transfer,1.0,44.8294,0.0,50.9892,50.9892,44.8294,0.3056,31.8409,60.8782,3585
2016-07-05 10:00:00,120.16,transfer,1.0,47.8247,0.0,50.3553,50.3553,47.8247,0.0087,31.9237,60.9247,3586
2016-07-05 11:00:00,124.81,transfer,1.0,50.6745,0.0,41.5429,41.5429,50.6745,-0.0081,31.9837,60.9526,3587
2016-07-05 12:00:00,124.22,transfer,1.0,52.9979,0.0,60.2507,60.2507,52.9979,-0.0151,32.0494,60.9902,3588
2016-07-05 13:00:00,124.48,transfer,1.0,54.7026,0.0,61.6493,61.6493,54.7026,-0.0203,32.135,61.0511,3589
2016-07-05 14:00:00,133.87,transfer,1.0,55.7262,0.0,46.8183,46.8183,55.7262,-0.0236,32.2145,61.109,3590
2016-07-05 15:00:00,124.7,transfer,1.0,56.4019,0.0,56.0226,56.0226,56.4019,-0.0262,32.2305,61.107,3591
2016-07-05 16:00:00,131.21,transfer,1.0,56.8146,0.0,64.3275,64.3275,56.8146,-0.0282,32.2567,61.1181,3592
2016-07-05 17:00:00,121.06,transfer,1.0,56.7678,0.0,57.0402,57.0402,56.7678,-0.0285,32.2782,61.125,3593
2016-07-05 18:00:00,69.71,transfer,1.0,56.5693,0.0,62.1895,62.1895,56.5693,-0.0171,32.3019,61.1344,3594
2016-07-05 19:00:00,64.27,transfer,1.0,55.8832,0.0,45.9084,45.9084,55.8832,-0.0267,32.3419,61.1829,3595
2016-07-05 20:00:00,64.49,transfer,1.0,54.4,0.0,56.0114,56.0114,54.4,-0.0264,32.3908,61.2369,3596
2016-07-05 21:00:00,63.18,transfer,1.0,52.3697,0.0,45.9736,45.9736,52.3697,-0.0259,32.447,61.5279,3597
2016-07-05 22:00:00,62.08,transfer,1.0,50.3572,0.0,47.6725,47.6725,50.3572,-0.0252,32.5155,61.7794,3598
2016-07-05 23:00:00,53.04,transfer,1.0,48.5768,0.0,43.7511,43.7511,48.5768,-0.0249,32.5135,61.9317,3599
2016-07-06 00:00:00,48.81,transfer,1.0,47.0895,0.0,51.1495,51.1495,47.0895,-0.024,32.4678,62.0216,3600
2016-07-06 01:00:00,47.91,transfer,1.0,45.8501,0.0,32.5675,32.5675,45.8501,-0.0204,32.432,62.2237,3601
2016-07-06 02:00:00,47.64,transfer,1.0,44.8459,0.0,44.3056,44.3056,44.8459,-0.0152,32.4047,62.3989,3602
2016-07-06 03:00:00,47.8,transfer,1.0,44.3923,0.0,41.0169,41.0169,44.3923,-0.0096,32.3863,62.633,3603
2016-07-06 04:00:00,102.54,transfer,1.0,44.6754,0.0,48.7184,48.7184,44.6754,-0.0022,32.5446,63.0368,3604
2016-07-06 05:00:00,110.1,transfer,1.0,45.9026,0.0,50.2678,50.2678,45.9026,0.0003,32.7289,63.5322,3605
2016-07-06 06:00:00,99.22,transfer,1.0,48.9065,0.0,63.0797,63.0797,48.9065,-0.0018,32.8564,64.0214,3606
2016-07-06 07:00:00,115.52,transfer,1.0,52.0992,0.0,58.0936,58.0936,52.0992,-0.0023,32.9828,64.5441,3607
2016-07-06 08:00:00,125.18,transfer,1.0,54.8085,0.0,60.8459,60.8459,54.8085,-0.0018,33.0932,65.0706,3608
2016-07-06 09:00:00,127.61,transfer,1.0,56.9305,0.0,70.3008,70.3008,56.9305,-0.0028,33.2126,65.618,3609
2016-07-06 10:00:00,136.79,transfer,1.0,58.3589,0.0,52.7384,52.7384,58.3589,-0.004,33.3512,66.1903,3610
2016-07-06 11:00:00,146.77,transfer,1.0,59.3341,0.0,58.8313,58.8313,59.3341,-0.0053,33.5417,66.8185,3611
2016-07-06 12:00:00,133.18,transfer,1.0,60.0316,0.0,59.9879,59.9879,60.0316,-0.0067,33.6874,67.405,3612
2016-07-06 13:00:00,138.06,transfer,1.0,60.4928,0.0,66.248,66.248,60.4928,-0.0074,33.8701,68.031,3613
2016-07-06 14:00:00,126.95,transfer,1.0,60.698,0.0,66.7179,66.7179,60.698,-0.0072,33.9879,68.5946,3614
2016-07-06 15:00:00,133.5,transfer,1.0,60.7715,0.0,58.3566,58.3566,60.7715,-0.0073,34.1216,69.1769,3615
2016-07-06 16:00:00,124.08,transfer,1.0,60.6757,0.0,66.4333,66.4333,60.6757,-0.0073,34.2134,69.7202,3616
2016-07-06 17:00:00,128.71,transfer,1.0,60.533,0.0,57.8862,57.8862,60.533,-0.0076,34.3693,70.3308,3617
2016-07-06 18:00:00,72.87,transfer,1.0,60.2615,0.0,59.1585,59.1585,60.2615,-0.0077,34.4351,70.674,3618
2016-07-06 19:00:00,66.83,transfer,1.0,59.9025,0.0,60.3475,60.3475,59.9025,-0.0065,34.4713,70.9588,3619
2016-07-06 20:00:00,69.72,transfer,1.0,59.1454,0.0,58.0629,58.0629,59.1454,-0.002,34.5141,71.2737,3620
2016-07-06 21:00:00,63.32,transfer,1.0,58.1128,0.0,61.1032,61.1032,58.1128,0.002,34.5296,71.5311,3621
2016-07-06 22:00:00,64.13,transfer,1.0,57.1115,0.0,61.1783,61.1783,57.1115,0.0249,34.5519,71.784,3622
2016-07-06 23:00:00,56.36,transfer,1.0,56.1217,0.0,61.5387,61.5387,56.1217,0.0662,34.53,71.9403,3623
2016-07-07 00:00:00,50.13,transfer,1.0,55.2278,0.0,50.7898,50.7898,55.2278,0.1595,34.5294,71.9999,3624
2016-07-07 01:00:00,49.59,transfer,1.0,54.2766,0.0,49.6443,49.6443,54.2766,0.2743,34.5364,72.0562,3625
2016-07-07 02:00:00,48.04,transfer,1.0,53.398,0.0,50.092,50.092,53.398,0.4119,34.5537,72.1108,3626
2016-07-07 03:00:00,51.57,transfer,1.0,52.8624,0.0,58.8524,58.8524,52.8624,0.5401,34.5518,72.1971,3627
2016-07-07 04:00:00,103.2,transfer,1.0,52.7051,0.0,46.9,46.9,52.7051,0.6794,34.6701,72.4163,3628
2016-07-07 05:00:00,103.64,transfer,1.0,53.244,0.0,51.3658,51.3658,53.244,0.5031,34.7709,72.6331,3629
2016-07-07 06:00:00,96.39,transfer,1.0,55.0934,0.0,48.4394,48.4394,55.0934,0.2227,34.8804,72.8727,3630
2016-07-07 07:00:00,103.17,transfer,1.0,56.71,0.0,54.0259,54.0259,56.71,0.0557,34.94,73.0699,3631
2016-07-07 08:00:00,107.64,transfer,1.0,57.8418,0.0,51.5096,51.5096,57.8418,-0.0003,34.996,73.2659,3632
2016-07-07 09:00:00,116.37,transfer,1.0,58.4502,0.0,42.7377,42.7377,58.4502,-0.0053,35.0593,73.4682,3633
2016-07-07 10:00:00,115.28,transfer,1.0,58.6495,0.0,66.885,66.885,58.6495,-0.0099,35.0794,73.6257,3634
2016-07-07 11:00:00,119.73,transfer,1.0,58.8277,0.0,60.589,60.589,58.8277,-0.0137,35.1732,73.8607,3635
2016-07-07 12:00:00,118.54,transfer,1.0,58.8708,0.0,64.2441,64.2441,58.8708,-0.0166,35.2435,74.0831,3636
2016-07-07 13:00:00,125.62,transfer,1.0,58.894,0.0,55.858,55.858,58.894,-0.0189,35.3422,74.3733,3637
2016-07-07 14:00:00,136.82,transfer,1.0,58.8875,0.0,49.057,49.057,58.8875,-0.0199,35.4954,74.8122,3638
2016-07-07 15:00:00,138.97,transfer,1.0,58.8378,0.0,50.4426,50.4426,58.8378,-0.0204,35.6768,75.3989,3639
2016-07-07 16:00:00,136.28,transfer,1.0,58.8918,0.0,52.8952,52.8952,58.8918,-0.0201,35.8123,75.9888,3640
2016-07-07 17:00:00,129.52,transfer,1.0,58.8755,0.0,54.7484,54.7484,58.8755,-0.0185,35.9373,76.5869,3641
2016-07-07 18:00:00,74.47,transfer,1.0,58.7927,0.0,55.5544,55.5544,58.7927,-0.0163,35.9628,76.9639,3642
2016-07-07 19:00:00,68.56,transfer,1.0,58.4349,0.0,48.8461,48.8461,58.4349,-0.0111,35.9708,77.2803,3643
2016-07-07 20:00:00,70.58,transfer,1.0,57.4559,0.0,57.3735,57.3735,57.4559,-0.0035,35.9791,77.6123,3644
2016-07-07 21:00:00,73.61,transfer,1.0,56.1058,0.0,58.3014,58.3014,56.1058,0.003,36.021,77.9392,3645
2016-07-07 22:00:00,73.9,transfer,1.0,54.7807,0.0,60.9487,60.9487,54.7807,0.1422,36.0628,78.2642,3646
2016-07-07 23:00:00,60.32,transfer,1.0,53.7806,0.0,68.2859,68.2859,53.7806,0.6252,36.0742,78.4508,3647
2016-07-08 00:00:00,55.29,transfer,1.0,53.0441,0.0,55.5406,55.5406,53.0441,1.571,36.0662,78.5881,3648
2016-07-08 01:00:00,54.61,transfer,1.0,52.0903,0.0,47.8924,47.8924,52.0903,2.8268,36.0534,78.7145,3649
2016-07-08 02:00:00,54.42,transfer,1.0,51.2827,0.0,44.5686,44.5686,51.2827,4.148,36.0401,78.7652,3650
2016-07-08 03:00:00,59.81,transfer,1.0,50.9848,0.0,47.3123,47.3123,50.9848,5.6493,36.0591,78.8438,3651
2016-07-08 04:00:00,106.33,transfer,1.0,51.2997,0.0,49.5022,49.5022,51.2997,6.7868,36.1047,78.9479,3652
2016-07-08 05:00:00,109.37,transfer,1.0,52.2702,0.0,41.9819,41.9819,52.2702,6.9072,36.1687,79.0717,3653
2016-07-08 06:00:00,97.74,transfer,1.0,54.1344,0.0,57.8085,57.8085,54.1344,6.4174,36.2051,79.1654,3654
2016-07-08 07:00:00,114.38,transfer,1.0,55.8539,0.0,51.3526,51.3526,55.8539,5.5758,36.2405,79.2504,3655
2016-07-08 08:00:00,123.19,transfer,1.0,57.1489,0.0,53.5406,53.5406,57.1489,4.4531,36.2831,79.3331,3656
2016-07-08 09:00:00,128.56,transfer,1.0,58.1414,0.0,58.2053,58.2053,58.1414,3.0454,36.3488,79.4319,3657
2016-07-08 10:00:00,132.64,transfer,1.0,58.8382,0.0,50.9912,50.9912,58.8382,1.6725,36.4052,79.5165,3658
2016-07-08 11:00:00,139.95,transfer,1.0,59.3649,0.0,50.8417,50.8417,59.3649,0.5279,36.4803,79.62,3659
2016-07-08 12:00:00,139.55,transfer,1.0,59.7867,0.0,68.9677,68.9677,59.7867,0.0251,36.5623,79.7308,3660
2016-07-08 13:00:00,136.45,transfer,1.0,60.0679,0.0,54.066,54.066,60.0679,-0.0088,36.6149,79.8107,3661
2016-07-08 14:00:00,137.33,transfer,1.0,60.1896,0.0,64.5475,64.5475,60.1896,-0.0122,36.6564,79.8784,3662
2016-07-08 15:00:00,129.53,transfer,1.0,60.2021,0.0,67.844,67.844,60.2021,-0.0107,36.6682,79.9162,3663
2016-07-08 16:00:00,120.83,transfer,1.0,60.0175,0.0,57.9384,57.9384,60.0175,0.2187,36.6133,79.8861,3664
2016-07-08 17:00:00,121.72,transfer,1.0,59.8153,0.0,66.2488,66.2488,59.8153,40.7799,36.6374,79.6962,3665
2016-07-08 18:00:00,70.71,transfer,1.0,59.4063,0.0,69.7364,69.7364,59.4063,72.8366,36.6461,79.6538,3666
2016-07-08 19:00:00,69.12,transfer,1.0,58.7987,0.0,63.3703,63.3703,58.7987,71.1163,36.6679,79.5831,3667
2016-07-08 20:00:00,66.38,transfer,1.0,57.7125,0.0,34.0883,34.0883,57.7125,13.0543,36.6714,79.8139,3668
2016-07-08 21:00:00,65.54,transfer,1.0,56.3629,0.0,61.2285,61.2285,56.3629,3.5422,36.6772,80.0814,3669
2016-07-08 22:00:00,63.23,transfer,1.0,54.9987,0.0,57.3442,57.3442,54.9987,-0.0028,36.6671,80.3574,3670
2016-07-08 23:00:00,55.61,transfer,1.0,53.7498,0.0,51.1218,51.1218,53.7498,-0.0012,36.6417,80.3868,3671
2016-07-09 00:00:00,49.01,transfer,1.0,52.6167,0.0,51.7314,51.7314,52.6167,0.0222,36.6556,80.414,3672
2016-07-09 01:00:00,48.13,transfer,1.0,50.7106,0.0,43.1441,43.1441,50.7106,0.0525,36.6599,80.4422,3673
2016-07-09 02:00:00,48.47,transfer,1.0,48.6188,0.0,40.3602,40.3602,48.6188,0.017,36.6429,80.4757,3674
2016-07-09 03:00:00,53.1,transfer,1.0,46.745,0.0,49.6206,49.6206,46.745,0.0032,36.655,80.5376,3675
2016-07-09 04:00:00,105.31,transfer,1.0,45.3228,0.0,38.5627,38.5627,45.3228,0.0005,36.733,80.6636,3676
2016-07-09 05:00:00,100.57,transfer,1.0,44.2106,0.0,39.8231,39.8231,44.2106,-0.0056,36.7711,80.7476,3677
2016-07-09 06:00:00,93.6,transfer,1.0,44.2229,0.0,51.1098,51.1098,44.2229,-0.0104,36.8264,80.8482,3678
2016-07-09 07:00:00,107.15,transfer,1.0,44.5259,0.0,46.2094,46.2094,44.5259,-0.0122,36.9276,80.9917,3679
2016-07-09 08:00:00,116.96,transfer,1.0,44.6704,0.0,45.1705,45.1705,44.6704,-0.0129,37.0319,81.1338,3680
2016-07-09 09:00:00,113.21,transfer,1.0,44.6101,0.0,38.6049,38.6049,44.6101,-0.0125,37.0916,81.229,3681
2016-07-09 10:00:00,116.55,transfer,1.0,44.5439,0.0,59.3882,59.3882,44.5439,-0.0115,37.1814,81.3532,3682
2016-07-09 11:00:00,119.22,transfer,1.0,44.3327,0.0,45.53,45.53,44.3327,-0.0095,37.2759,81.4808,3683
2016-07-09 12:00:00,119.58,transfer,1.0,44.0692,0.0,43.1484,43.1484,44.0692,-0.0069,37.4027,81.6403,3684
2016-07-09 13:00:00,122.65,transfer,1.0,43.6412,0.0,42.3654,42.3654,43.6412,-0.0047,37.5764,81.8471,3685
2016-07-09 14:00:00,121.47,transfer,1.0,43.0315,0.0,42.8259,42.8259,43.0315,-0.0026,37.7416,82.0465,3686
2016-07-09 15:00:00,118.61,transfer,1.0,42.3565,0.0,42.372,42.372,42.3565,0.0001,37.8646,82.2057,3687
2016-07-09 16:00:00,125.23,transfer,1.0,41.3169,0.0,40.6012,40.6012,41.3169,0.0026,38.029,82.406,3688
2016-07-09 17:00:00,122.92,transfer,1.0,40.6401,0.0,41.7607,41.7607,40.6401,-0.0041,38.1603,82.5751,3689
2016-07-09 18:00:00,68.96,transfer,1.0,40.1408,0.0,37.1218,37.1218,40.1408,-0.0104,38.2038,82.6584,3690
2016-07-09 19:00:00,63.61,transfer,1.0,39.5775,0.0,37.2816,37.2816,39.5775,-0.0158,38.246,82.7411,3691
2016-07-09 20:00:00,65.5,transfer,1.0,38.3323,0.0,41.791,41.791,38.3323,-0.0194,38.2846,82.8175,3692
2016-07-09 21:00:00,61.21,transfer,1.0,36.7437,0.0,38.9398,38.9398,36.7437,-0.0228,38.3234,82.8897,3693
2016-07-09 22:00:00,61.72,transfer,1.0,35.3654,0.0,30.8833,30.8833,35.3654,-0.026,38.3662,82.9613,3694
2016-07-09 23:00:00,51.0,transfer,1.0,34.2057,0.0,38.7701,38.7701,34.2057,-0.0285,38.3844,83.004,3695
2016-07-10 00:00:00,46.99,transfer,1.0,33.256,0.0,37.4887,37.4887,33.256,-0.0299,38.3926,83.0328,3696
2016-07-10 01:00:00,46.82,transfer,1.0,32.5182,0.0,36.7534,36.7534,32.5182,-0.0314,38.4038,83.0608,3697
2016-07-10 02:00:00,45.93,transfer,1.0,31.896,0.0,28.4011,28.4011,31.896,-0.0327,38.4146,83.0847,3698
2016-07-10 03:00:00,45.2,transfer,1.0,31.4717,0.0,31.1906,31.1906,31.4717,-0.0335,38.4229,83.1045,3699
2016-07-10 04:00:00,94.18,transfer,1.0,31.1743,0.0,25.2314,25.2314,31.1743,-0.0341,38.5125,83.2041,3700
2016-07-10 05:00:00,97.27,transfer,1.0,31.1659,0.0,28.9957,28.9957,31.1659,-0.035,38.6064,83.3035,3701
2016-07-10 06:00:00,86.8,transfer,1.0,31.7033,0.0,37.4476,37.4476,31.7033,-0.037,38.6753,83.3741,3702
2016-07-10 07:00:00,97.6,transfer,1.0,32.4985,0.0,36.3007,36.3007,32.4985,-0.0372,38.8104,83.5107,3703
2016-07-10 08:00:00,102.75,transfer,1.0,33.0355,0.0,35.4853,35.4853,33.0355,-0.037,38.9572,83.6547,3704
2016-07-10 09:00:00,99.55,transfer,1.0,33.1924,0.0,34.1218,34.1218,33.1924,-0.0373,39.1137,83.8033,3705
2016-07-10 10:00:00,101.9,transfer,1.0,32.7323,0.0,34.8746,34.8746,32.7323,-0.0379,39.2675,83.9444,3706
2016-07-10 11:00:00,100.45,transfer,1.0,32.1057,0.0,28.8744,28.8744,32.1057,-0.0384,39.4186,84.0798,3707
2016-07-10 12:00:00,104.84,transfer,1.0,31.857,0.0,32.1822,32.1822,31.857,-0.0389,39.5857,84.2314,3708
2016-07-10 13:00:00,105.62,transfer,1.0,31.6046,0.0,33.8308,33.8308,31.6046,-0.0389,39.745,84.3767,3709
2016-07-10 14:00:00,102.54,transfer,1.0,31.5741,0.0,33.1063,33.1063,31.5741,-0.0384,39.8778,84.4994,3710
2016-07-10 15:00:00,104.09,transfer,1.0,32.2015,0.0,33.4033,33.4033,32.2015,-0.0382,40.0062,84.6256,3711
2016-07-10 16:00:00,107.2,transfer,1.0,32.6732,0.0,35.734,35.734,32.6732,-0.0377,40.1559,84.78,3712
2016-07-10 17:00:00,106.46,transfer,1.0,32.7525,0.0,30.4765,30.4765,32.7525,-0.0373,40.304,84.9373,3713
2016-07-10 18:00:00,66.41,transfer,1.0,32.581,0.0,36.2411,36.2411,32.581,-0.0372,40.3713,85.0166,3714
2016-07-10 19:00:00,60.1,transfer,1.0,32.2463,0.0,29.477,29.477,32.2463,-0.0378,40.4232,85.0818,3715
2016-07-10 20:00:00,60.65,transfer,1.0,31.5846,0.0,33.5231,33.5231,31.5846,-0.037,40.454,85.1246,3716
2016-07-10 21:00:00,57.37,transfer,1.0,30.7462,0.0,34.4879,34.4879,30.7462,-0.0369,40.4989,85.1796,3717
2016-07-10 22:00:00,57.11,transfer,1.0,30.0115,0.0,29.7934,29.7934,30.0115,-0.0375,40.5245,85.213,3718
2016-07-10 23:00:00,51.48,transfer,1.0,29.3945,0.0,27.0665,27.0665,29.3945,-0.0381,40.5697,85.2639,3719
2016-07-11 00:00:00,45.14,transfer,1.0,28.809,0.0,28.0147,28.0147,28.809,-0.038,40.5876,85.2856,3720
2016-07-11 01:00:00,44.67,transfer,1.0,28.5439,0.0,28.8362,28.8362,28.5439,-0.0374,40.6059,85.3063,3721
2016-07-11 02:00:00,44.45,transfer,1.0,28.3758,0.0,35.5761,35.5761,28.3758,-0.0357,40.6242,85.3256,3722
2016-07-11 03:00:00,44.47,transfer,1.0,28.2964,0.0,26.7903,26.7903,28.2964,-0.0333,40.644,85.3448,3723
2016-07-11 04:00:00,85.76,transfer,1.0,28.3845,0.0,32.2362,32.2362,28.3845,-0.0309,40.6956,85.3957,3724
2016-07-11 05:00:00,86.48,transfer,1.0,30.1336,0.0,31.7596,31.7596,30.1336,-0.0314,40.7532,85.4557,3725
2016-07-11 06:00:00,77.55,transfer,1.0,32.2774,0.0,33.2114,33.2114,32.2774,-0.0336,40.8066,85.5094,3726
2016-07-11 07:00:00,87.48,transfer,1.0,34.2083,0.0,26.9585,26.9585,34.2083,-0.0351,40.9475,85.644,3727
2016-07-11 08:00:00,93.85,transfer,1.0,36.8515,0.0,34.1291,34.1291,36.8515,-0.0356,41.1195,85.8026,3728
2016-07-11 09:00:00,100.81,transfer,1.0,39.7973,0.0,28.5701,28.5701,39.7973,-0.0358,41.343,86.0107,3729
2016-07-11 10:00:00,100.24,transfer,1.0,42.5757,0.0,36.7191,36.7191,42.5757,-0.036,41.5644,86.2202,3730
2016-07-11 11:00:00,103.07,transfer,1.0,45.4381,0.0,43.9656,43.9656,45.4381,-0.0366,41.7838,86.4388,3731
2016-07-11 12:00:00,104.05,transfer,1.0,48.0624,0.0,49.8824,49.8824,48.0624,-0.037,41.9951,86.6659,3732
2016-07-11 13:00:00,104.18,transfer,1.0,49.9038,0.0,36.9714,36.9714,49.9038,-0.0373,42.1848,86.8879,3733
2016-07-11 14:00:00,108.42,transfer,1.0,50.5068,0.0,49.1632,49.1632,50.5068,-0.0378,42.3818,87.1296,3734
2016-07-11 15:00:00,110.06,transfer,1.0,50.2911,0.0,51.2162,51.2162,50.2911,-0.0382,42.5686,87.3706,3735
2016-07-11 16:00:00,110.98,transfer,1.0,49.6375,0.0,47.9948,47.9948,49.6375,-0.0388,42.7459,87.6107,3736
2016-07-11 17:00:00,101.77,transfer,1.0,48.6494,0.0,57.3371,57.3371,48.6494,-0.0392,42.8719,87.8045,3737
2016-07-11 18:00:00,59.24,transfer,1.0,47.4554,0.0,42.5821,42.5821,47.4554,-0.0395,42.9047,87.906,3738
2016-07-11 19:00:00,54.74,transfer,1.0,45.8856,0.0,53.7751,53.7751,45.8856,-0.0405,42.928,87.995,3739
2016-07-11 20:00:00,54.7,transfer,1.0,43.7336,0.0,41.2457,41.2457,43.7336,-0.0399,42.9309,88.0565,3740
2016-07-11 21:00:00,56.28,transfer,1.0,41.4741,0.0,32.8856,32.8856,41.4741,-0.0392,42.9658,88.1409,3741
2016-07-11 22:00:00,55.33,transfer,1.0,39.6493,0.0,48.1409,48.1409,39.6493,-0.0389,43.0009,88.2172,3742
2016-07-11 23:00:00,57.2,transfer,1.0,38.3157,0.0,37.1454,37.1454,38.3157,-0.0381,43.0567,88.3076,3743
2016-07-12 00:00:00,50.62,transfer,1.0,37.3906,0.0,35.2258,35.2258,37.3906,-0.0363,43.0772,88.3574,3744
2016-07-12 01:00:00,50.78,transfer,1.0,36.8408,0.0,38.8944,38.8944,36.8408,-0.0322,43.1015,88.4067,3745
2016-07-12 02:00:00,56.04,transfer,1.0,36.6707,0.0,33.8339,33.8339,36.6707,-0.0267,43.1625,88.4918,3746
2016-07-12 03:00:00,49.85,transfer,1.0,36.9583,0.0,42.1624,42.1624,36.9583,-0.0205,43.185,88.5459,3747
2016-07-12 04:00:00,96.11,transfer,1.0,38.293,0.0,42.4357,42.4357,38.293,-0.0132,43.2172,88.6185,3748
2016-07-12 05:00:00,90.89,transfer,1.0,40.1166,0.0,37.9756,37.9756,40.1166,-0.013,43.2036,88.6486,3749
2016-07-12 06:00:00,82.44,transfer,1.0,43.2356,0.0,45.5099,45.5099,43.2356,-0.0177,43.1687,88.665,3750
2016-07-12 07:00:00,99.64,transfer,1.0,46.4266,0.0,42.92,42.92,46.4266,-0.0204,43.163,88.7121,3751
2016-07-12 08:00:00,111.52,transfer,1.0,49.2606,0.0,55.9606,55.9606,49.2606,-0.0218,43.1611,88.7601,3752
2016-07-12 09:00:00,117.24,transfer,1.0,51.6222,0.0,57.7198,57.7198,51.6222,-0.0231,43.1344,88.7758,3753
2016-07-12 10:00:00,123.54,transfer,1.0,53.621,0.0,39.5088,39.5088,53.621,-0.0242,43.12,88.7961,3754
2016-07-12 11:00:00,124.16,transfer,1.0,55.2457,0.0,54.9924,54.9924,55.2457,-0.0252,43.0889,88.7924,3755
2016-07-12 12:00:00,130.62,transfer,1.0,56.6201,0.0,68.639,68.639,56.6201,-0.026,43.1055,88.8305,3756
2016-07-12 13:00:00,122.52,transfer,1.0,57.5984,0.0,53.8072,53.8072,57.5984,-0.0267,43.0766,88.8189,3757
2016-07-12 14:00:00,133.01,transfer,1.0,58.2957,0.0,69.676,69.676,58.2957,-0.0274,43.0562,88.8138,3758
2016-07-12 15:00:00,123.27,transfer,1.0,58.5841,0.0,59.2521,59.2521,58.5841,-0.0271,43.0347,88.8053,3759
2016-07-12 16:00:00,118.49,transfer,1.0,58.7355,0.0,45.2812,45.2812,58.7355,-0.0274,42.9475,88.7296,3760
2016-07-12 17:00:00,113.33,transfer,1.0,58.5554,0.0,53.6502,53.6502,58.5554,-0.027,42.8909,88.6836,3761
2016-07-12 18:00:00,68.79,transfer,1.0,58.0707,0.0,57.9327,57.9327,58.0707,-0.0271,42.8764,88.6781,3762
2016-07-12 19:00:00,62.32,transfer,1.0,57.2376,0.0,57.3452,57.3452,57.2376,-0.0281,42.8568,88.6665,3763
2016-07-12 20:00:00,63.44,transfer,1.0,55.8,0.0,53.2172,53.2172,55.8,-0.0261,42.8422,88.6603,3764
2016-07-12 21:00:00,59.39,transfer,1.0,53.9554,0.0,59.9596,59.9596,53.9554,-0.0239,42.8102,88.6377,3765
2016-07-12 22:00:00,60.25,transfer,1.0,52.1799,0.0,53.1707,53.1707,52.1799,-0.0223,42.7884,88.6268,3766
2016-07-12 23:00:00,50.98,transfer,1.0,50.4482,0.0,53.7525,53.7525,50.4482,-0.0202,42.765,88.6145,3767
2016-07-13 00:00:00,46.82,transfer,1.0,49.0803,0.0,44.9858,44.9858,49.0803,-0.016,42.7683,88.6026,3768
2016-07-13 01:00:00,46.77,transfer,1.0,47.7219,0.0,34.8578,34.8578,47.7219,-0.0059,42.7617,88.5958,3769
2016-07-13 02:00:00,46.6,transfer,1.0,46.7778,0.0,38.9335,38.9335,46.7778,0.0356,42.7461,88.5893,3770
2016-07-13 03:00:00,47.4,transfer,1.0,46.3973,0.0,42.9334,42.9334,46.3973,1.0236,42.7318,88.5807,3771
2016-07-13 04:00:00,106.0,transfer,1.0,46.6884,0.0,50.5592,50.5592,46.6884,2.7159,42.7404,88.5852,3772
2016-07-13 05:00:00,102.69,transfer,1.0,47.9586,0.0,44.8733,44.8733,47.9586,3.494,42.684,88.5202,3773
2016-07-13 06:00:00,96.34,transfer,1.0,51.0409,0.0,47.2323,47.2323,51.0409,3.2965,42.6542,88.4835,3774
2016-07-13 07:00:00,108.01,transfer,1.0,53.7536,0.0,41.8149,41.8149,53.7536,2.828,42.5996,88.4219,3775
2016-07-13 08:00:00,117.84,transfer,1.0,55.9374,0.0,49.3194,49.3194,55.9374,2.0775,42.5492,88.3659,3776
2016-07-13 09:00:00,116.67,transfer,1.0,57.4863,0.0,49.6806,49.6806,57.4863,1.2122,42.4808,88.2935,3777
2016-07-13 10:00:00,129.21,transfer,1.0,58.5093,0.0,59.4911,59.4911,58.5093,0.3983,42.4348,88.246,3778
2016-07-13 11:00:00,124.09,transfer,1.0,59.1635,0.0,62.706,62.706,59.1635,0.0334,42.3008,88.1108,3779
2016-07-13 12:00:00,130.79,transfer,1.0,59.6466,0.0,72.9633,72.9633,59.6466,-0.0042,42.2889,88.0965,3780
2016-07-13 13:00:00,133.64,transfer,1.0,59.8946,0.0,65.0558,65.0558,59.8946,-0.0091,42.2661,88.0702,3781
2016-07-13 14:00:00,131.4,transfer,1.0,60.0066,0.0,65.5334,65.5334,60.0066,-0.0133,42.2967,88.0967,3782
2016-07-13 15:00:00,124.22,transfer,1.0,60.0431,0.0,61.2757,61.2757,60.0431,-0.0161,42.2458,88.0416,3783
2016-07-13 16:00:00,133.67,transfer,1.0,59.9353,0.0,56.3448,56.3448,59.9353,-0.0174,42.3073,88.0987,3784
2016-07-13 17:00:00,131.43,transfer,1.0,59.6477,0.0,69.3176,69.3176,59.6477,-0.0182,42.3288,88.115,3785
2016-07-13 18:00:00,74.3,transfer,1.0,59.3457,0.0,55.6833,55.6833,59.3457,-0.0174,42.3427,88.1235,3786
2016-07-13 19:00:00,71.78,transfer,1.0,58.9121,0.0,59.7378,59.7378,58.9121,-0.0146,42.3781,88.153,3787
2016-07-13 20:00:00,68.7,transfer,1.0,57.9255,0.0,61.5357,61.5357,57.9255,-0.0116,42.3793,88.147,3788
2016-07-13 21:00:00,67.81,transfer,1.0,56.6408,0.0,49.8597,49.8597,56.6408,0.104,42.4148,88.1731,3789
2016-07-13 22:00:00,63.98,transfer,1.0,55.2819,0.0,40.6811,40.6811,55.2819,72.2858,42.4248,87.841,3790
2016-07-13 23:00:00,55.42,transfer,1.0,54.0081,0.0,47.4886,47.4886,54.0081,73.7645,42.4318,87.6151,3791
2016-07-14 00:00:00,49.84,transfer,1.0,52.7353,0.0,56.3382,56.3382,52.7353,73.5368,42.4187,87.4587,3792
2016-07-14 01:00:00,50.78,transfer,1.0,51.316,0.0,55.4158,55.4158,51.316,-0.0042,42.3939,87.4675,3793
2016-07-14 02:00:00,54.52,transfer,1.0,50.0596,0.0,58.3743,58.3743,50.0596,0.0024,42.3886,87.5085,3794
2016-07-14 03:00:00,54.75,transfer,1.0,49.1351,0.0,46.3077,46.3077,49.1351,0.0489,42.4143,87.5303,3795
2016-07-14 04:00:00,101.17,transfer,1.0,48.8961,0.0,52.7936,52.7936,48.8961,0.2916,42.4249,87.5206,3796
2016-07-14 05:00:00,104.39,transfer,1.0,49.5125,0.0,52.719,52.719,49.5125,0.1854,42.4516,87.5269,3797
2016-07-14 06:00:00,93.05,transfer,1.0,51.2635,0.0,38.7916,38.7916,51.2635,0.0145,42.4545,87.5083,3798
2016-07-14 07:00:00,113.17,transfer,1.0,52.8973,0.0,47.7614,47.7614,52.8973,-0.0016,42.5367,87.5681,3799
2016-07-14 08:00:00,128.17,transfer,1.0,54.2578,0.0,49.2008,49.2008,54.2578,-0.0061,42.6803,87.6904,3800
2016-07-14 09:00:00,130.82,transfer,1.0,55.4578,0.0,59.0639,59.0639,55.4578,-0.0116,42.7841,87.7764,3801
2016-07-14 10:00:00,139.5,transfer,1.0,56.583,0.0,56.7001,56.7001,56.583,-0.0166,42.9406,87.9206,3802
2016-07-14 11:00:00,146.49,transfer,1.0,57.5876,0.0,63.3595,63.3595,57.5876,-0.0198,43.1072,88.0799,3803
2016-07-14 12:00:00,142.46,transfer,1.0,58.4321,0.0,70.9562,70.9562,58.4321,-0.022,43.2522,88.2224,3804
2016-07-14 13:00:00,146.46,transfer,1.0,59.1175,0.0,58.9858,58.9858,59.1175,-0.0234,43.3749,88.3464,3805
2016-07-14 14:00:00,148.44,transfer,1.0,59.561,0.0,56.2476,56.2476,59.561,-0.0234,43.4401,88.4156,3806
2016-07-14 15:00:00,153.4,transfer,1.0,59.8605,0.0,54.7258,54.7258,59.8605,-0.0232,43.5199,88.5015,3807
2016-07-14 16:00:00,144.39,transfer,1.0,60.0357,0.0,70.3191,70.3191,60.0357,-0.0229,43.5614,88.5498,3808
2016-07-14 17:00:00,136.65,transfer,1.0,60.1298,0.0,64.1426,64.1426,60.1298,-0.022,43.5963,88.5923,3809
2016-07-14 18:00:00,78.42,transfer,1.0,60.0625,0.0,63.3146,63.3146,60.0625,-0.0209,43.6123,88.6158,3810
2016-07-14 19:00:00,67.14,transfer,1.0,59.7321,0.0,62.406,62.406,59.7321,-0.0202,43.5961,88.6074,3811
2016-07-14 20:00:00,60.36,transfer,1.0,58.9381,0.0,56.428,56.428,58.9381,-0.0184,43.5265,88.5467,3812
2016-07-14 21:00:00,63.88,transfer,1.0,57.7121,0.0,50.6814,50.6814,57.7121,-0.0168,43.459,88.4889,3813
2016-07-14 22:00:00,63.79,transfer,1.0,56.2404,0.0,50.4233,50.4233,56.2404,-0.0147,43.3901,88.4296,3814
2016-07-14 23:00:00,63.31,transfer,1.0,54.8961,0.0,55.6239,55.6239,54.8961,-0.0125,43.4013,88.4512,3815
2016-07-15 00:00:00,62.71,transfer,1.0,53.8362,0.0,46.3377,46.3377,53.8362,-0.0092,43.4407,88.5048,3816
2016-07-15 01:00:00,61.21,transfer,1.0,52.8265,0.0,49.8167,49.8167,52.8265,-0.0048,43.4756,88.5609,3817
2016-07-15 02:00:00,69.12,transfer,1.0,52.3034,0.0,50.1623,50.1623,52.3034,0.0086,43.5571,88.6731,3818
2016-07-15 03:00:00,58.54,transfer,1.0,52.2211,0.0,51.9393,51.9393,52.2211,0.1624,43.5421,88.6982,3819
2016-07-15 04:00:00,112.05,transfer,1.0,52.8948,0.0,56.7463,56.7463,52.8948,0.4574,43.5667,88.7699,3820
2016-07-15 05:00:00,114.95,transfer,1.0,54.0266,0.0,48.0464,48.0464,54.0266,0.3182,43.5894,88.8423,3821
2016-07-15 06:00:00,109.98,transfer,1.0,55.8024,0.0,54.5534,54.5534,55.8024,0.0934,43.6524,88.9528,3822
2016-07-15 07:00:00,117.17,transfer,1.0,57.3042,0.0,55.0982,55.0982,57.3042,0.0016,43.6603,89.0026,3823
2016-07-15 08:00:00,130.21,transfer,1.0,58.4541,0.0,51.8293,51.8293,58.4541,-0.0039,43.6944,89.0709,3824
2016-07-15 09:00:00,133.53,transfer,1.0,59.1938,0.0,65.7632,65.7632,59.1938,-0.0077,43.7177,89.1187,3825
2016-07-15 10:00:00,134.76,transfer,1.0,59.6521,0.0,58.1268,58.1268,59.6521,-0.0117,43.7255,89.1413,3826
2016-07-15 11:00:00,130.52,transfer,1.0,59.9807,0.0,58.5341,58.5341,59.9807,-0.0146,43.6657,89.0884,3827
2016-07-15 12:00:00,130.83,transfer,1.0,60.2084,0.0,67.2246,67.2246,60.2084,-0.0159,43.6112,89.0368,3828
2016-07-15 13:00:00,137.53,transfer,1.0,60.3074,0.0,49.9763,49.9763,60.3074,-0.017,43.6163,89.0433,3829
2016-07-15 14:00:00,142.15,transfer,1.0,60.2975,0.0,40.7162,40.7162,60.2975,-0.0182,43.6443,89.072,3830
2016-07-15 15:00:00,132.7,transfer,1.0,60.272,0.0,49.7952,49.7952,60.272,-0.0186,43.6628,89.0909,3831
2016-07-15 16:00:00,128.58,transfer,1.0,60.1852,0.0,69.5721,69.5721,60.1852,-0.0182,43.7079,89.1384,3832
2016-07-15 17:00:00,122.51,transfer,1.0,59.9625,0.0,71.8976,71.8976,59.9625,-0.0176,43.7117,89.386,3833
2016-07-15 18:00:00,72.6,transfer,1.0,59.6377,0.0,46.3905,46.3905,59.6377,-0.0172,43.7216,89.8056,3834
2016-07-15 19:00:00,68.02,transfer,1.0,59.1546,0.0,62.3415,62.3415,59.1546,-0.016,43.7129,90.1987,3835
2016-07-15 20:00:00,67.12,transfer,1.0,58.2108,0.0,58.8084,58.8084,58.2108,-0.0121,43.7144,90.2808,3836
2016-07-15 21:00:00,65.21,transfer,1.0,56.9558,0.0,60.9797,60.9797,56.9558,-0.0077,43.7089,90.3,3837
2016-07-15 22:00:00,62.25,transfer,1.0,55.7532,0.0,61.2149,61.2149,55.7532,-0.0036,43.6985,90.2942,3838
2016-07-15 23:00:00,53.42,transfer,1.0,54.6547,0.0,46.3296,46.3296,54.6547,0.0014,43.6948,90.2811,3839
2016-07-16 00:00:00,51.83,transfer,1.0,53.5155,0.0,53.5342,53.5342,53.5155,0.0716,43.6834,90.2976,3840
2016-07-16 01:00:00,54.63,transfer,1.0,51.6701,0.0,59.7033,59.7033,51.6701,0.0769,43.6856,90.3362,3841
2016-07-16 02:00:00,53.31,transfer,1.0,49.7629,0.0,54.9838,54.9838,49.7629,0.012,43.7059,90.365,3842
2016-07-16 03:00:00,53.63,transfer,1.0,48.3162,0.0,38.4917,38.4917,48.3162,0.0006,43.6997,90.3682,3843
2016-07-16 04:00:00,106.65,transfer,1.0,47.1094,0.0,42.5518,42.5518,47.1094,-0.0049,43.697,90.3762,3844
2016-07-16 05:00:00,97.0,transfer,1.0,46.2041,0.0,55.0828,55.0828,46.2041,-0.0115,43.6639,90.355,3845
2016-07-16 06:00:00,94.22,transfer,1.0,46.3979,0.0,47.8117,47.8117,46.3979,-0.0185,43.6546,90.3587,3846
2016-07-16 07:00:00,109.21,transfer,1.0,46.6914,0.0,41.0649,41.0649,46.6914,-0.0222,43.654,90.371,3847
2016-07-16 08:00:00,120.58,transfer,1.0,46.6687,0.0,50.5902,50.5902,46.6687,-0.0249,43.6637,90.3927,3848
2016-07-16 09:00:00,122.12,transfer,1.0,46.3988,0.0,45.4655,45.4655,46.3988,-0.0263,43.7061,90.4458,3849
2016-07-16 10:00:00,124.24,transfer,1.0,45.9623,0.0,38.8002,38.8002,45.9623,-0.0278,43.7434,90.4916,3850
2016-07-16 11:00:00,122.42,transfer,1.0,45.6013,0.0,55.8299,55.8299,45.6013,-0.0279,43.7549,90.5108,3851
2016-07-16 12:00:00,119.45,transfer,1.0,45.3341,0.0,38.8182,38.8182,45.3341,-0.0281,43.7466,90.5102,3852
2016-07-16 13:00:00,132.17,transfer,1.0,45.0785,0.0,42.2705,42.2705,45.0785,-0.0286,43.7947,90.567,3853
2016-07-16 14:00:00,127.53,transfer,1.0,44.532,0.0,43.98,43.98,44.532,-0.0287,43.8218,90.6032,3854
2016-07-16 15:00:00,130.8,transfer,1.0,44.0266,0.0,54.8195,54.8195,44.0266,-0.0289,43.8844,90.6759,3855
2016-07-16 16:00:00,129.88,transfer,1.0,43.2889,0.0,46.8607,46.8607,43.2889,-0.0292,43.9004,90.7038,3856
2016-07-16 17:00:00,119.52,transfer,1.0,42.5546,0.0,37.2933,37.2933,42.5546,-0.029,43.8688,90.6837,3857
2016-07-16 18:00:00,66.81,transfer,1.0,41.6299,0.0,39.1875,39.1875,41.6299,-0.0286,43.8471,90.671,3858
2016-07-16 19:00:00,60.24,transfer,1.0,40.3025,0.0,47.2215,47.2215,40.3025,-0.0046,43.8227,90.6509,3859
2016-07-16 20:00:00,63.5,transfer,1.0,38.7615,0.0,45.1153,45.1153,38.7615,-0.0003,43.8083,90.6389,3860
2016-07-16 21:00:00,59.98,transfer,1.0,37.058,0.0,37.6594,37.6594,37.058,-0.0015,43.7991,90.6314,3861
2016-07-16 22:00:00,58.64,transfer,1.0,35.7503,0.0,34.8094,34.8094,35.7503,-0.0042,43.7784,90.613,3862
2016-07-16 23:00:00,47.64,transfer,1.0,34.6512,0.0,37.6533,37.6533,34.6512,-0.0063,43.7558,90.5928,3863
2016-07-17 00:00:00,46.11,transfer,1.0,33.6121,0.0,39.0684,39.0684,33.6121,-0.0085,43.7484,90.5875,3864
2016-07-17 01:00:00,45.66,transfer,1.0,32.7889,0.0,29.2651,29.2651,32.7889,-0.0126,43.7399,90.5804,3865
2016-07-17 02:00:00,45.65,transfer,1.0,32.0482,0.0,29.474,29.474,32.0482,-0.0169,43.7373,90.5787,3866
2016-07-17 03:00:00,45.62,transfer,1.0,31.4351,0.0,31.7513,31.7513,31.4351,-0.021,43.7401,90.5811,3867
2016-07-17 04:00:00,92.01,transfer,1.0,31.2006,0.0,28.7694,28.7694,31.2006,-0.0247,43.727,90.5681,3868
2016-07-17 05:00:00,94.61,transfer,1.0,31.9292,0.0,30.9083,30.9083,31.9292,-0.0284,43.7066,90.5523,3869
2016-07-17 06:00:00,85.0,transfer,1.0,32.487,0.0,31.8346,31.8346,32.487,-0.0318,43.6912,90.5415,3870
2016-07-17 07:00:00,101.52,transfer,1.0,33.1618,0.0,23.008,23.008,33.1618,-0.0342,43.7106,90.5648,3871
2016-07-17 08:00:00,105.39,transfer,1.0,33.6606,0.0,37.266,37.266,33.6606,-0.0348,43.7226,90.5805,3872
2016-07-17 09:00:00,106.33,transfer,1.0,33.9847,0.0,35.8461,35.8461,33.9847,-0.0349,43.7583,90.6209,3873
2016-07-17 10:00:00,110.77,transfer,1.0,33.2781,0.0,35.0804,35.0804,33.2781,-0.035,43.8078,90.6737,3874
2016-07-17 11:00:00,115.78,transfer,1.0,32.701,0.0,31.1148,31.1148,32.701,-0.0355,43.8955,90.7649,3875
2016-07-17 12:00:00,109.08,transfer,1.0,32.2024,0.0,39.0001,39.0001,32.2024,-0.0354,43.9187,90.7901,3876
2016-07-17 13:00:00,111.37,transfer,1.0,31.6506,0.0,31.5813,31.5813,31.6506,-0.0353,43.9526,90.8243,3877
2016-07-17 14:00:00,117.92,transfer,1.0,31.4778,0.0,32.0374,32.0374,31.4778,-0.0347,44.0448,90.9158,3878
2016-07-17 15:00:00,118.92,transfer,1.0,31.2876,0.0,31.8633,31.8633,31.2876,-0.0347,44.1385,91.0041,3879
2016-07-17 16:00:00,119.82,transfer,1.0,31.3795,0.0,28.873,28.873,31.3795,-0.0347,44.2213,91.0792,3880
2016-07-17 17:00:00,118.81,transfer,1.0,31.7667,0.0,25.0465,25.0465,31.7667,-0.0344,44.3007,91.1527,3881
2016-07-17 18:00:00,69.63,transfer,1.0,31.5315,0.0,34.7522,34.7522,31.5315,-0.0346,44.3261,91.1718,3882
2016-07-17 19:00:00,64.21,transfer,1.0,31.4377,0.0,29.7656,29.7656,31.4377,-0.036,44.3554,91.1963,3883
2016-07-17 20:00:00,65.87,transfer,1.0,30.567,0.0,36.1425,36.1425,30.567,-0.0361,44.3925,91.2274,3884
2016-07-17 21:00:00,65.0,transfer,1.0,29.4403,0.0,24.5171,24.5171,29.4403,-0.0364,44.4457,91.2728,3885
2016-07-17 22:00:00,64.15,transfer,1.0,28.2356,0.0,26.4142,26.4142,28.2356,-0.0374,44.4982,91.3147,3886
2016-07-17 23:00:00,52.68,transfer,1.0,26.8856,0.0,23.4583,23.4583,26.8856,-0.0378,44.5202,91.3218,3887
2016-07-18 00:00:00,49.81,transfer,1.0,25.0785,0.0,27.8412,27.8412,25.0785,-0.0379,44.5702,91.3496,3888
2016-07-18 01:00:00,49.81,transfer,1.0,23.4258,0.0,18.4503,18.4503,23.4258,-0.0376,44.6313,91.3802,3889
2016-07-18 02:00:00,51.53,transfer,1.0,22.1609,0.0,22.1137,22.1137,22.1609,-0.0362,44.7104,91.4224,3890
2016-07-18 03:00:00,53.4,transfer,1.0,21.6848,0.0,24.2585,24.2585,21.6848,-0.0341,44.8029,91.4755,3891
2016-07-18 04:00:00,108.06,transfer,1.0,21.9799,0.0,23.9037,23.9037,21.9799,-0.0314,44.9738,91.6083,3892
2016-07-18 05:00:00,109.53,transfer,1.0,23.6597,0.0,18.287,18.287,23.6597,-0.0307,45.1495,91.7454,3893
2016-07-18 06:00:00,99.47,transfer,1.0,26.7088,0.0,23.4135,23.4135,26.7088,-0.032,45.3132,91.8759,3894
2016-07-18 07:00:00,109.64,transfer,1.0,29.7145,0.0,27.6447,27.6447,29.7145,-0.0328,45.4718,92.0078,3895
2016-07-18 08:00:00,123.61,transfer,1.0,33.1535,0.0,29.3295,29.3295,33.1535,-0.033,45.671,92.1849,3896
2016-07-18 09:00:00,120.74,transfer,1.0,37.0647,0.0,38.3093,38.3093,37.0647,-0.033,45.8059,92.3035,3897
2016-07-18 10:00:00,131.77,transfer,1.0,42.0487,0.0,37.7996,37.7996,42.0487,-0.0336,45.9967,92.4912,3898
2016-07-18 11:00:00,140.43,transfer,1.0,48.0482,0.0,45.1376,45.1376,48.0482,-0.0339,46.2035,92.7136,3899
2016-07-18 12:00:00,140.6,transfer,1.0,53.596,0.0,65.1532,65.1532,53.596,-0.0341,46.3882,92.9311,3900
2016-07-18 13:00:00,132.86,transfer,1.0,56.8152,0.0,65.9353,65.9353,56.8152,-0.0342,46.5177,93.1018,3901
2016-07-18 14:00:00,140.17,transfer,1.0,58.1633,0.0,62.7421,62.7421,58.1633,-0.0345,46.6611,93.2908,3902
2016-07-18 15:00:00,137.36,transfer,1.0,58.7401,0.0,51.5309,51.5309,58.7401,-0.0342,46.7733,93.4533,3903
2016-07-18 16:00:00,123.04,transfer,1.0,59.0239,0.0,52.1568,52.1568,59.0239,-0.0342,46.7893,93.525,3904
2016-07-18 17:00:00,102.56,transfer,1.0,58.9999,0.0,64.7116,64.7116,58.9999,-0.0337,46.7324,93.5297,3905
2016-07-18 18:00:00,54.09,transfer,1.0,58.47,0.0,64.1684,64.1684,58.47,-0.0272,46.6883,93.499,3906
2016-07-18 19:00:00,51.32,transfer,1.0,57.4865,0.0,64.6373,64.6373,57.4865,-0.0263,46.6723,93.4785,3907
2016-07-18 20:00:00,56.9,transfer,1.0,55.7168,0.0,46.7822,46.7822,55.7168,-0.0257,46.614,93.4915,3908
2016-07-18 21:00:00,62.1,transfer,1.0,53.4821,0.0,47.0976,47.0976,53.4821,-0.0253,46.5772,93.5261,3909
2016-07-18 22:00:00,59.67,transfer,1.0,51.4942,0.0,62.1316,62.1316,51.4942,-0.0258,46.5325,93.5518,3910
2016-07-18 23:00:00,55.56,transfer,1.0,50.0118,0.0,56.9248,56.9248,50.0118,-0.0263,46.4532,93.542,3911
2016-07-19 00:00:00,59.55,transfer,1.0,48.8229,0.0,54.2021,54.2021,48.8229,-0.0268,46.4383,93.5951,3912
2016-07-19 01:00:00,52.45,transfer,1.0,47.883,0.0,39.3155,39.3155,47.883,-0.0241,46.3825,93.605,3913
2016-07-19 02:00:00,59.0,transfer,1.0,47.579,0.0,43.0058,43.0058,47.579,-0.0197,46.3352,93.6226,3914
2016-07-19 03:00:00,51.99,transfer,1.0,47.5667,0.0,51.8999,51.8999,47.5667,-0.0149,46.2848,93.6353,3915
2016-07-19 04:00:00,102.44,transfer,1.0,48.1953,0.0,43.1031,43.1031,48.1953,-0.0109,46.2635,93.673,3916
2016-07-19 05:00:00,96.16,transfer,1.0,49.515,0.0,47.3443,47.3443,49.515,-0.0108,46.2389,93.7043,3917
2016-07-19 06:00:00,88.85,transfer,1.0,51.9367,0.0,58.5112,58.5112,51.9367,-0.0142,46.2253,93.7424,3918
2016-07-19 07:00:00,108.89,transfer,1.0,53.9921,0.0,43.4458,43.4458,53.9921,-0.017,46.2353,93.7975,3919
2016-07-19 08:00:00,120.39,transfer,1.0,55.6524,0.0,51.8247,51.8247,55.6524,-0.0198,46.2501,93.8503,3920
2016-07-19 09:00:00,123.75,transfer,1.0,57.0926,0.0,51.7755,51.7755,57.0926,-0.022,46.2563,93.889,3921
2016-07-19 10:00:00,125.47,transfer,1.0,58.1698,0.0,58.8608,58.8608,58.1698,-0.0244,46.2407,93.9005,3922
2016-07-19 11:00:00,125.73,transfer,1.0,58.9825,0.0,63.4767,63.4767,58.9825,-0.0256,46.2278,93.9098,3923
2016-07-19 12:00:00,129.15,transfer,1.0,59.5448,0.0,50.8907,50.8907,59.5448,-0.026,46.2016,93.9011,3924
2016-07-19 13:00:00,127.09,transfer,1.0,59.8821,0.0,60.4807,60.4807,59.8821,-0.0257,46.2152,93.9283,3925
2016-07-19 14:00:00,134.7,transfer,1.0,60.0359,0.0,58.915,58.915,60.0359,-0.026,46.2149,93.9383,3926
2016-07-19 15:00:00,129.56,transfer,1.0,60.0383,0.0,56.7053,56.7053,60.0383,-0.0259,46.2437,93.9758,3927
2016-07-19 16:00:00,126.04,transfer,1.0,59.9307,0.0,57.2386,57.2386,59.9307,-0.026,46.2815,94.0207,3928
2016-07-19 17:00:00,127.23,transfer,1.0,59.6894,0.0,51.4806,51.4806,59.6894,-0.026,46.3575,94.1034,3929
2016-07-19 18:00:00,79.78,transfer,1.0,59.3428,0.0,59.1604,59.1604,59.3428,-0.0266,46.4154,94.1689,3930
2016-07-19 19:00:00,72.22,transfer,1.0,58.8353,0.0,65.542,65.542,58.8353,-0.0275,46.4648,94.2278,3931
2016-07-19 20:00:00,75.97,transfer,1.0,57.924,0.0,42.8983,42.8983,57.924,-0.0257,46.5267,94.3024,3932
2016-07-19 21:00:00,68.57,transfer,1.0,56.6868,0.0,58.9542,58.9542,56.6868,-0.0238,46.5651,94.357,3933
2016-07-19 22:00:00,68.89,transfer,1.0,55.494,0.0,41.6231,41.6231,55.494,-0.0226,46.5968,94.4084,3934
2016-07-19 23:00:00,58.71,transfer,1.0,54.1832,0.0,50.0822,50.0822,54.1832,-0.0198,46.6206,94.4544,3935
2016-07-20 00:00:00,51.34,transfer,1.0,52.9575,0.0,61.1709,61.1709,52.9575,-0.015,46.6168,94.4813,3936
2016-07-20 01:00:00,55.43,transfer,1.0,51.5649,0.0,60.6165,60.6165,51.5649,-0.0015,46.6341,94.5329,3937
2016-07-20 02:00:00,56.78,transfer,1.0,50.5744,0.0,51.2163,51.2163,50.5744,0.0349,46.67,94.5935,3938
2016-07-20 03:00:00,56.22,transfer,1.0,50.3201,0.0,59.7357,59.7357,50.3201,0.6005,46.6991,94.6485,3939
2016-07-20 04:00:00,101.05,transfer,1.0,50.7298,0.0,55.5744,55.5744,50.7298,1.6199,46.6456,94.6255,3940
2016-07-20 05:00:00,94.88,transfer,1.0,51.8903,0.0,56.4825,56.4825,51.8903,1.6636,46.5757,94.5899,3941
2016-07-20 06:00:00,87.97,transfer,1.0,53.7362,0.0,54.046,54.046,53.7362,1.1689,46.5099,94.5528,3942
2016-07-20 07:00:00,102.62,transfer,1.0,55.0637,0.0,52.2684,52.2684,55.0637,0.5949,46.47,94.534,3943
2016-07-20 08:00:00,114.68,transfer,1.0,56.2101,0.0,43.6227,43.6227,56.2101,0.1323,46.4495,94.5268,3944
2016-07-20 09:00:00,117.77,transfer,1.0,57.1252,0.0,56.9006,56.9006,57.1252,-0.0013,46.4582,94.5405,3945
2016-07-20 10:00:00,125.68,transfer,1.0,57.8316,0.0,58.4009,58.4009,57.8316,-0.0076,46.4413,94.5219,3946
2016-07-20 11:00:00,127.53,transfer,1.0,58.4603,0.0,56.664,56.664,58.4603,-0.012,46.4659,94.5427,3947
2016-07-20 12:00:00,123.64,transfer,1.0,59.0076,0.0,73.1194,73.1194,59.0076,-0.016,46.4272,94.5002,3948
2016-07-20 13:00:00,124.34,transfer,1.0,59.406,0.0,63.0441,63.0441,59.406,-0.0186,46.3747,94.4449,3949
2016-07-20 14:00:00,123.58,transfer,1.0,59.6027,0.0,68.9015,68.9015,59.6027,-0.0197,46.3306,94.3984,3950
2016-07-20 15:00:00,124.53,transfer,1.0,59.6101,0.0,59.0435,59.0435,59.6101,-0.0202,46.335,94.4003,3951
2016-07-20 16:00:00,123.87,transfer,1.0,59.4531,0.0,68.2005,68.2005,59.4531,-0.0205,46.2795,94.3419,3952
2016-07-20 17:00:00,105.08,transfer,1.0,59.194,0.0,59.5251,59.5251,59.194,-0.0199,46.1254,94.1851,3953
2016-07-20 18:00:00,65.97,transfer,1.0,58.8791,0.0,53.0387,53.0387,58.8791,-0.018,46.0786,94.1355,3954
2016-07-20 19:00:00,62.76,transfer,1.0,58.075,0.0,40.7607,40.7607,58.075,-0.013,46.0299,94.0818,3955
2016-07-20 20:00:00,63.93,transfer,1.0,56.7565,0.0,59.8216,59.8216,56.7565,-0.0055,46.0084,94.0534,3956
2016-07-20 21:00:00,61.08,transfer,1.0,55.2018,0.0,57.8759,57.8759,55.2018,0.0004,45.9769,94.014,3957
2016-07-20 22:00:00,58.5,transfer,1.0,53.7177,0.0,55.5381,55.5381,53.7177,0.0341,45.9536,94.3125,3958
2016-07-20 23:00:00,48.55,transfer,1.0,52.2247,0.0,52.9492,52.9492,52.2247,0.0632,45.9671,94.492,3959
2016-07-21 00:00:00,44.46,transfer,1.0,50.6599,0.0,68.953,68.953,50.6599,0.0022,45.9868,94.6155,3960
2016-07-21 01:00:00,43.04,transfer,1.0,48.7328,0.0,49.082,49.082,48.7328,0.0011,46.0175,94.5694,3961
2016-07-21 02:00:00,42.84,transfer,1.0,46.8963,0.0,40.1089,40.1089,46.8963,0.0009,46.0151,94.4999,3962
2016-07-21 03:00:00,42.71,transfer,1.0,45.371,0.0,39.2215,39.2215,45.371,-0.0005,45.9975,94.4285,3963
2016-07-21 04:00:00,88.09,transfer,1.0,44.3925,0.0,45.4923,45.4923,44.3925,-0.0022,45.9464,94.3524,3964
2016-07-21 05:00:00,89.19,transfer,1.0,44.3468,0.0,45.8841,45.8841,44.3468,-0.0065,45.8867,94.2631,3965
2016-07-21 06:00:00,79.64,transfer,1.0,45.199,0.0,40.622,40.622,45.199,-0.0137,45.843,94.1834,3966
2016-07-21 07:00:00,106.83,transfer,1.0,46.3682,0.0,60.8522,60.8522,46.3682,-0.0188,45.8441,94.1458,3967
2016-07-21 08:00:00,117.09,transfer,1.0,47.6042,0.0,55.8186,55.8186,47.6042,-0.0222,45.8178,94.0799,3968
2016-07-21 09:00:00,118.32,transfer,1.0,48.8092,0.0,46.6155,46.6155,48.8092,-0.0248,45.7829,94.0056,3969
2016-07-21 10:00:00,122.53,transfer,1.0,49.8906,0.0,50.1242,50.1242,49.8906,-0.0264,45.7218,93.9047,3970
2016-07-21 11:00:00,128.21,transfer,1.0,50.9082,0.0,43.4944,43.4944,50.9082,-0.0268,45.6527,93.7959,3971
2016-07-21 12:00:00,125.26,transfer,1.0,51.7118,0.0,61.2874,61.2874,51.7118,-0.0267,45.5903,93.6935,3972
2016-07-21 13:00:00,128.67,transfer,1.0,52.3354,0.0,56.0184,56.0184,52.3354,-0.0268,45.5248,93.5877,3973
2016-07-21 14:00:00,130.35,transfer,1.0,52.6477,0.0,57.5509,57.5509,52.6477,-0.0264,45.4583,93.48,3974
2016-07-21 15:00:00,132.54,transfer,1.0,52.737,0.0,45.1941,45.1941,52.737,-0.0261,45.3765,93.3559,3975
2016-07-21 16:00:00,127.41,transfer,1.0,52.6771,0.0,62.0544,62.0544,52.6771,-0.0254,45.3192,93.2548,3976
2016-07-21 17:00:00,119.83,transfer,1.0,52.4404,0.0,48.1031,48.1031,52.4404,-0.0248,45.2649,93.1547,3977
2016-07-21 18:00:00,69.45,transfer,1.0,51.9291,0.0,49.4172,49.4172,51.9291,-0.0244,45.2599,93.1013,3978
2016-07-21 19:00:00,63.61,transfer,1.0,50.8063,0.0,38.2317,38.2317,50.8063,-0.0241,45.292,93.0803,3979
2016-07-21 20:00:00,64.61,transfer,1.0,48.7362,0.0,43.1067,43.1067,48.7362,-0.0201,45.378,93.1057,3980
2016-07-21 21:00:00,60.06,transfer,1.0,46.3937,0.0,41.1699,41.1699,46.3937,-0.0169,45.4227,93.0829,3981
2016-07-21 22:00:00,58.28,transfer,1.0,44.4539,0.0,43.1552,43.1552,44.4539,-0.015,45.46,93.0501,3982
2016-07-21 23:00:00,48.07,transfer,1.0,42.8969,0.0,44.7525,44.7525,42.8969,-0.0138,45.4408,92.9594,3983
2016-07-22 00:00:00,44.07,transfer,1.0,41.6728,0.0,36.9826,36.9826,41.6728,-0.0125,45.4022,92.8485,3984
2016-07-22 01:00:00,43.7,transfer,1.0,40.3145,0.0,46.3887,46.3887,40.3145,-0.0122,45.3725,92.7443,3985
2016-07-22 02:00:00,44.3,transfer,1.0,39.2084,0.0,37.6952,37.6952,39.2084,-0.0128,45.3027,92.5967,3986
2016-07-22 03:00:00,43.82,transfer,1.0,38.6994,0.0,37.1672,37.1672,38.6994,-0.0142,45.2955,92.5101,3987
2016-07-22 04:00:00,107.44,transfer,1.0,38.7849,0.0,48.6237,48.6237,38.7849,-0.0155,45.3521,92.4855,3988
2016-07-22 05:00:00,103.24,transfer,1.0,39.4671,0.0,43.707,43.707,39.4671,-0.0199,45.369,92.4178,3989
2016-07-22 06:00:00,97.04,transfer,1.0,41.8722,0.0,35.1328,35.1328,41.8722,-0.0249,45.3749,92.3415,3990
2016-07-22 07:00:00,110.37,transfer,1.0,45.0408,0.0,50.5942,50.5942,45.0408,-0.0268,45.4074,92.3012,3991
2016-07-22 08:00:00,125.32,transfer,1.0,48.2311,0.0,50.0612,50.0612,48.2311,-0.0272,45.4392,92.2722,3992
2016-07-22 09:00:00,128.26,transfer,1.0,50.7705,0.0,58.9467,58.9467,50.7705,-0.0275,45.458,92.241,3993
2016-07-22 10:00:00,134.05,transfer,1.0,52.9614,0.0,55.3545,55.3545,52.9614,-0.0275,45.4936,92.2368,3994
2016-07-22 11:00:00,140.16,transfer,1.0,54.7489,0.0,42.6646,42.6646,54.7489,-0.0273,45.5821,92.2943,3995
2016-07-22 12:00:00,137.57,transfer,1.0,56.2515,0.0,54.1307,54.1307,56.2515,-0.027,45.6458,92.3345,3996
2016-07-22 13:00:00,140.09,transfer,1.0,57.3727,0.0,56.786,56.786,57.3727,-0.0267,45.6785,92.3498,3997
2016-07-22 14:00:00,149.72,transfer,1.0,58.0647,0.0,61.8747,61.8747,58.0647,-0.0261,45.7368,92.3949,3998
2016-07-22 15:00:00,147.16,transfer,1.0,58.4664,0.0,59.0676,59.0676,58.4664,-0.0256,45.8336,92.481,3999
2016-07-22 16:00:00,139.45,transfer,1.0,58.7546,0.0,54.3475,54.3475,58.7546,-0.0254,45.9068,92.5457,4000
2016-07-22 17:00:00,138.58,transfer,1.0,58.7938,0.0,71.126,71.126,58.7938,-0.025,46.0095,92.6414,4001
2016-07-22 18:00:00,71.24,transfer,1.0,58.6012,0.0,59.5049,59.5049,58.6012,-0.0243,46.0075,92.6334,4002
2016-07-22 19:00:00,64.79,transfer,1.0,58.1485,0.0,35.4435,35.4435,58.1485,-0.0238,45.9943,92.6142,4003
2016-07-22 20:00:00,68.61,transfer,1.0,56.826,0.0,60.4367,60.4367,56.826,-0.0224,46.0114,92.6231,4004
2016-07-22 21:00:00,61.38,transfer,1.0,54.8289,0.0,52.1832,52.1832,54.8289,-0.0227,46.0013,92.6004,4005
2016-07-22 22:00:00,60.73,transfer,1.0,52.8786,0.0,50.0591,50.0591,52.8786,-0.0243,46.0093,92.5915,4006
2016-07-22 23:00:00,54.31,transfer,1.0,50.9606,0.0,46.357,46.357,50.9606,-0.0258,46.0219,92.597,4007
2016-07-23 00:00:00,47.03,transfer,1.0,49.1874,0.0,45.5344,45.5344,49.1874,-0.0271,46.0247,92.569,4008
2016-07-23 01:00:00,46.43,transfer,1.0,46.9321,0.0,53.5659,53.5659,46.9321,-0.0284,46.0101,92.5208,4009
2016-07-23 02:00:00,49.6,transfer,1.0,44.705,0.0,44.6602,44.6602,44.705,-0.0302,46.0181,92.499,4010
2016-07-23 03:00:00,51.12,transfer,1.0,42.8223,0.0,48.9619,48.9619,42.8223,-0.0317,46.0359,92.4842,4011
2016-07-23 04:00:00,112.21,transfer,1.0,41.6294,0.0,34.7813,34.7813,41.6294,-0.0324,46.1016,92.5175,4012
2016-07-23 05:00:00,111.28,transfer,1.0,40.9514,0.0,37.3237,37.3237,40.9514,-0.0324,46.2179,92.6026,4013
2016-07-23 06:00:00,104.41,transfer,1.0,41.3761,0.0,44.2216,44.2216,41.3761,-0.0338,46.3084,92.6633,4014
2016-07-23 07:00:00,126.14,transfer,1.0,42.142,0.0,45.7787,45.7787,42.142,-0.0335,46.4363,92.7642,4015
2016-07-23 08:00:00,126.2,transfer,1.0,42.8895,0.0,35.519,35.519,42.8895,-0.0333,46.4922,92.7977,4016
2016-07-23 09:00:00,133.32,transfer,1.0,43.6485,0.0,47.3007,47.3007,43.6485,-0.0329,46.5753,92.8644,4017
2016-07-23 10:00:00,142.71,transfer,1.0,44.2415,0.0,34.2271,34.2271,44.2415,-0.0323,46.6954,92.9744,4018
2016-07-23 11:00:00,136.99,transfer,1.0,44.8428,0.0,47.6007,47.6007,44.8428,-0.0318,46.7867,93.0611,4019
2016-07-23 12:00:00,142.72,transfer,1.0,45.5856,0.0,48.4111,48.4111,45.5856,-0.0312,46.9237,93.1996,4020
2016-07-23 13:00:00,150.08,transfer,1.0,46.142,0.0,42.4886,42.4886,46.142,-0.0303,47.024,93.3062,4021
2016-07-23 14:00:00,147.75,transfer,1.0,46.5792,0.0,47.398,47.398,46.5792,-0.0295,47.1321,93.4266,4022
2016-07-23 15:00:00,154.55,transfer,1.0,46.9192,0.0,42.7745,42.7745,46.9192,-0.0286,47.2563,93.568,4023
2016-07-23 16:00:00,149.24,transfer,1.0,47.0372,0.0,44.1067,44.1067,47.0372,-0.028,47.3492,93.6832,4024
2016-07-23 17:00:00,154.07,transfer,1.0,46.9548,0.0,51.1753,51.1753,46.9548,-0.0278,47.5287,93.8889,4025
2016-07-23 18:00:00,80.71,transfer,1.0,46.7745,0.0,41.7074,41.7074,46.7745,-0.0275,47.5808,93.9716,4026
2016-07-23 19:00:00,72.37,transfer,1.0,46.3867,0.0,46.704,46.704,46.3867,-0.0289,47.6168,94.0439,4027
2016-07-23 20:00:00,58.72,transfer,1.0,44.7483,0.0,51.109,51.109,44.7483,-0.0297,47.5527,94.0157,4028
2016-07-23 21:00:00,60.51,transfer,1.0,42.4135,0.0,46.8142,46.8142,42.4135,-0.0311,47.524,94.019,4029
2016-07-23 22:00:00,61.11,transfer,1.0,40.0488,0.0,44.6138,44.6138,40.0488,-0.0327,47.5131,94.0339,4030
2016-07-23 23:00:00,60.32,transfer,1.0,37.9708,0.0,36.9827,36.9827,37.9708,-0.0339,47.5688,94.1095,4031
2016-07-24 00:00:00,60.03,transfer,1.0,36.298,0.0,30.32,30.32,36.298,-0.0343,47.6357,94.1925,4032
2016-07-24 01:00:00,61.35,transfer,1.0,35.2041,0.0,34.627,34.627,35.2041,-0.0348,47.7147,94.286,4033
2016-07-24 02:00:00,71.36,transfer,1.0,34.4867,0.0,34.402,34.402,34.4867,-0.0352,47.8532,94.4392,4034
2016-07-24 03:00:00,62.16,transfer,1.0,34.1768,0.0,35.9641,35.9641,34.1768,-0.0345,47.9353,94.5377,4035
2016-07-24 04:00:00,123.59,transfer,1.0,34.52,0.0,40.668,40.668,34.52,-0.033,48.1036,94.7257,4036
2016-07-24 05:00:00,121.47,transfer,1.0,35.6929,0.0,38.9181,38.9181,35.6929,-0.0319,48.241,94.8856,4037
2016-07-24 06:00:00,110.12,transfer,1.0,37.5031,0.0,29.8646,29.8646,37.5031,-0.0322,48.3607,95.0352,4038
2016-07-24 07:00:00,119.23,transfer,1.0,39.8252,0.0,49.3039,49.3039,39.8252,-0.0318,48.4265,95.1406,4039
2016-07-24 08:00:00,127.96,transfer,1.0,42.1911,0.0,35.1882,35.1882,42.1911,-0.0305,48.51,95.2749,4040
2016-07-24 09:00:00,133.13,transfer,1.0,44.2488,0.0,48.9469,48.9469,44.2488,-0.03,48.6085,95.4344,4041
2016-07-24 10:00:00,136.76,transfer,1.0,46.0635,0.0,42.9291,42.9291,46.0635,-0.0299,48.6871,95.5891,4042
2016-07-24 11:00:00,138.58,transfer,1.0,47.6405,0.0,49.3054,49.3054,47.6405,-0.0298,48.7338,95.7247,4043
2016-07-24 12:00:00,136.77,transfer,1.0,48.5705,0.0,55.8845,55.8845,48.5705,-0.0298,48.8012,95.8895,4044
2016-07-24 13:00:00,143.16,transfer,1.0,48.9061,0.0,37.7808,37.7808,48.9061,-0.0297,48.8878,96.0787,4045
2016-07-24 14:00:00,148.1,transfer,1.0,48.1434,0.0,42.8368,42.8368,48.1434,-0.0293,48.9682,96.2583,4046
2016-07-24 15:00:00,145.85,transfer,1.0,47.8388,0.0,52.1247,52.1247,47.8388,-0.0291,49.03,96.4186,4047
2016-07-24 16:00:00,153.68,transfer,1.0,49.5856,0.0,47.6532,47.6532,49.5856,-0.0284,49.1231,96.6201,4048
2016-07-24 17:00:00,147.99,transfer,1.0,50.4233,0.0,49.2864,49.2864,50.4233,-0.0277,49.1858,96.7938,4049
2016-07-24 18:00:00,80.18,transfer,1.0,50.8958,0.0,46.1419,46.1419,50.8958,-0.0272,49.1333,96.8565,4050
2016-07-24 19:00:00,67.54,transfer,1.0,50.6973,0.0,38.319,38.319,50.6973,-0.0281,49.0385,96.8763,4051
2016-07-24 20:00:00,74.45,transfer,1.0,49.1519,0.0,49.0158,49.0158,49.1519,-0.0285,48.979,96.9273,4052
2016-07-24 21:00:00,64.32,transfer,1.0,46.7741,0.0,46.3561,46.3561,46.7741,-0.0288,48.8717,96.9232,4053
2016-07-24 22:00:00,63.36,transfer,1.0,44.7676,0.0,42.9993,42.9993,44.7676,-0.0286,48.7686,96.9185,4054
2016-07-24 23:00:00,52.42,transfer,1.0,43.0221,0.0,40.7477,40.7477,43.0221,-0.0277,48.671,96.9169,4055
2016-07-25 00:00:00,54.23,transfer,1.0,41.3333,0.0,38.6056,38.6056,41.3333,-0.0275,48.6006,96.9431,4056
2016-07-25 01:00:00,56.69,transfer,1.0,40.3475,0.0,39.3964,39.3964,40.3475,-0.0288,48.5408,96.984,4057
2016-07-25 02:00:00,56.83,transfer,1.0,39.919,0.0,48.2493,48.2493,39.919,-0.0286,48.4666,97.0155,4058
2016-07-25 03:00:00,65.75,transfer,1.0,40.1283,0.0,39.4655,39.4655,40.1283,-0.0278,48.4304,97.089,4059
2016-07-25 04:00:00,127.46,transfer,1.0,40.7797,0.0,42.7734,42.7734,40.7797,-0.0269,48.4339,97.2044,4060
2016-07-25 05:00:00,133.83,transfer,1.0,42.5527,0.0,51.5328,51.5328,42.5527,-0.0271,48.4661,97.349,4061
2016-07-25 06:00:00,130.59,transfer,1.0,45.5964,0.0,46.0825,46.0825,45.5964,-0.029,48.5389,97.5343,4062
2016-07-25 07:00:00,131.39,transfer,1.0,48.8699,0.0,54.2943,54.2943,48.8699,-0.0301,48.5544,97.6637,4063
2016-07-25 08:00:00,134.92,transfer,1.0,52.0512,0.0,59.0935,59.0935,52.0512,-0.0305,48.5092,97.731,4064
2016-07-25 09:00:00,147.07,transfer,1.0,54.4682,0.0,41.1984,41.1984,54.4682,-0.0305,48.5624,97.8877,4065
2016-07-25 10:00:00,152.75,transfer,1.0,56.1044,0.0,60.923,60.923,56.1044,-0.0308,48.6036,98.0126,4066
2016-07-25 11:00:00,162.77,transfer,1.0,57.3025,0.0,62.5602,62.5602,57.3025,-0.0312,48.6815,98.1456,4067
2016-07-25 12:00:00,172.62,transfer,1.0,58.2254,0.0,62.9165,62.9165,58.2254,-0.0312,48.8445,98.3361,4068
2016-07-25 13:00:00,154.9,transfer,1.0,58.9468,0.0,48.8079,48.8079,58.9468,-0.0313,48.963,98.4673,4069
2016-07-25 14:00:00,163.96,transfer,1.0,59.5607,0.0,67.2683,67.2683,59.5607,-0.0314,49.0963,98.6089,4070
2016-07-25 15:00:00,169.3,transfer,1.0,59.926,0.0,59.4598,59.4598,59.926,-0.0307,49.2794,98.799,4071
2016-07-25 16:00:00,153.64,transfer,1.0,60.1628,0.0,57.7992,57.7992,60.1628,-0.0305,49.4547,98.9811,4072
2016-07-25 17:00:00,150.68,transfer,1.0,60.3379,0.0,46.5984,46.5984,60.3379,-0.0304,49.7332,99.2675,4073
2016-07-25 18:00:00,87.36,transfer,1.0,60.3016,0.0,50.6394,50.6394,60.3016,-0.0308,49.8682,99.4656,4074
2016-07-25 19:00:00,71.4,transfer,1.0,60.0868,0.0,58.229,58.229,60.0868,-0.0325,49.8988,99.5851,4075
2016-07-25 20:00:00,72.33,transfer,1.0,59.4322,0.0,58.2186,58.2186,59.4322,-0.033,49.9685,99.677,4076
2016-07-25 21:00:00,75.2,transfer,1.0,58.4231,0.0,56.0369,56.0369,58.4231,-0.0319,50.0171,99.755,4077
2016-07-25 22:00:00,68.89,transfer,1.0,57.3217,0.0,53.9137,53.9137,57.3217,-0.0315,50.0373,99.81,4078
2016-07-25 23:00:00,62.53,transfer,1.0,56.3943,0.0,68.9191,68.9191,56.3943,-0.0316,50.0408,99.8515,4079
2016-07-26 00:00:00,64.99,transfer,1.0,55.5666,0.0,60.7884,60.7884,55.5666,-0.0322,50.033,99.8839,4080
2016-07-26 01:00:00,65.43,transfer,1.0,54.9782,0.0,50.5623,50.5623,54.9782,-0.0308,50.0681,99.9612,4081
2016-07-26 02:00:00,66.75,transfer,1.0,54.7478,0.0,49.9255,49.9255,54.7478,-0.0277,50.0715,100.0074,4082
2016-07-26 03:00:00,64.05,transfer,1.0,55.1669,0.0,60.3558,60.3558,55.1669,-0.0232,50.0981,100.0792,4083
2016-07-26 04:00:00,119.65,transfer,1.0,55.885,0.0,56.0557,56.0557,55.885,-0.0184,50.1547,100.1817,4084
2016-07-26 05:00:00,123.53,transfer,1.0,56.9859,0.0,49.7551,49.7551,56.9859,-0.0157,50.2732,100.3446,4085
2016-07-26 06:00:00,124.39,transfer,1.0,58.3638,0.0,54.5663,54.5663,58.3638,-0.0159,50.4465,100.5562,4086
2016-07-26 07:00:00,133.6,transfer,1.0,59.3253,0.0,66.8298,66.8298,59.3253,-0.0159,50.5618,100.7033,4087
2016-07-26 08:00:00,144.73,transfer,1.0,59.9898,0.0,58.7054,58.7054,59.9898,-0.0162,50.6809,100.8481,4088
2016-07-26 09:00:00,160.7,transfer,1.0,60.3401,0.0,63.664,63.664,60.3401,-0.0169,50.8815,101.068,4089
2016-07-26 10:00:00,158.76,transfer,1.0,60.5035,0.0,45.7577,45.7577,60.5035,-0.0176,51.0658,101.2662,4090
2016-07-26 11:00:00,161.07,transfer,1.0,60.5588,0.0,51.1119,51.1119,60.5588,-0.0176,51.2667,101.4765,4091
2016-07-26 12:00:00,161.9,transfer,1.0,60.5528,0.0,66.3425,66.3425,60.5528,-0.0171,51.4557,101.6714,4092
2016-07-26 13:00:00,167.69,transfer,1.0,60.6114,0.0,51.6194,51.6194,60.6114,-0.0153,51.693,101.913,4093
2016-07-26 14:00:00,166.92,transfer,1.0,60.69,0.0,54.6684,54.6684,60.69,-0.0154,51.8809,102.1047,4094
2016-07-26 15:00:00,162.96,transfer,1.0,60.8377,0.0,64.4257,64.4257,60.8377,-0.0155,52.0749,102.3034,4095
2016-07-26 16:00:00,164.0,transfer,1.0,60.9466,0.0,58.2582,58.2582,60.9466,-0.0155,52.2948,102.5293,4096
2016-07-26 17:00:00,150.23,transfer,1.0,60.9897,0.0,65.622,65.622,60.9897,-0.0159,52.424,102.6662,4097
2016-07-26 18:00:00,85.78,transfer,1.0,61.0083,0.0,61.2441,61.2441,61.0083,-0.0163,52.4498,102.7018,4098
2016-07-26 19:00:00,76.81,transfer,1.0,60.8857,0.0,62.615,62.615,60.8857,-0.0169,52.4649,102.7291,4099
2016-07-26 20:00:00,76.53,transfer,1.0,60.4355,0.0,55.9019,55.9019,60.4355,-0.0156,52.4533,102.7324,4100
2016-07-26 21:00:00,77.38,transfer,1.0,59.8125,0.0,51.9933,51.9933,59.8125,-0.0136,52.4871,102.7847,4101
2016-07-26 22:00:00,67.1,transfer,1.0,59.207,0.0,45.2108,45.2108,59.207,-0.0118,52.4544,102.774,4102
2016-07-26 23:00:00,55.57,transfer,1.0,58.667,0.0,71.9363,71.9363,58.667,-0.0091,52.4459,102.7553,4103
2016-07-27 00:00:00,57.52,transfer,1.0,57.9802,0.0,54.3476,54.3476,57.9802,-0.0069,52.439,102.792,4104
2016-07-27 01:00:00,58.64,transfer,1.0,57.2651,0.0,62.9784,62.9784,57.2651,-0.0027,52.4242,102.8111,4105
2016-07-27 02:00:00,58.96,transfer,1.0,56.8268,0.0,55.808,55.808,56.8268,0.0363,52.3999,102.8241,4106
2016-07-27 03:00:00,57.72,transfer,1.0,56.7718,0.0,58.804,58.804,56.7718,0.2155,52.3705,102.8353,4107
2016-07-27 04:00:00,130.62,transfer,1.0,57.051,0.0,48.8081,48.8081,57.051,0.5203,52.5088,103.0179,4108
2016-07-27 05:00:00,128.01,transfer,1.0,57.644,0.0,46.002,46.002,57.644,0.3374,52.6718,103.223,4109
2016-07-27 06:00:00,119.9,transfer,1.0,59.0161,0.0,59.0625,59.0625,59.0161,0.0558,52.8304,103.4196,4110
2016-07-27 07:00:00,132.08,transfer,1.0,59.9548,0.0,57.4445,57.4445,59.9548,-0.0045,52.9767,103.5986,4111
2016-07-27 08:00:00,146.57,transfer,1.0,60.5337,0.0,56.8795,56.8795,60.5337,-0.009,53.1408,103.7892,4112
2016-07-27 09:00:00,146.35,transfer,1.0,60.8777,0.0,52.4742,52.4742,60.8777,-0.0123,53.2885,103.9594,4113
2016-07-27 10:00:00,155.8,transfer,1.0,61.0732,0.0,66.2302,66.2302,61.0732,-0.0149,53.4485,104.1387,4114
2016-07-27 11:00:00,160.86,transfer,1.0,61.1473,0.0,64.1043,64.1043,61.1473,-0.0167,53.6309,104.3372,4115
2016-07-27 12:00:00,156.79,transfer,1.0,61.1332,0.0,72.2606,72.2606,61.1332,-0.0182,53.8156,104.5345,4116
2016-07-27 13:00:00,158.79,transfer,1.0,61.0665,0.0,64.9857,64.9857,61.0665,-0.0195,54.0108,104.7396,4117
2016-07-27 14:00:00,168.21,transfer,1.0,60.9665,0.0,61.7629,61.7629,60.9665,-0.0197,54.2683,105.0052,4118
2016-07-27 15:00:00,165.18,transfer,1.0,60.9263,0.0,53.9422,53.9422,60.9263,-0.0197,54.5024,105.2472,4119
2016-07-27 16:00:00,166.51,transfer,1.0,60.9458,0.0,68.5981,68.5981,60.9458,-0.0196,54.7474,105.501,4120
2016-07-27 17:00:00,155.99,transfer,1.0,60.951,0.0,72.1327,72.1327,60.951,-0.0186,55.0399,105.804,4121
2016-07-27 18:00:00,90.49,transfer,1.0,60.9342,0.0,48.444,48.444,60.9342,-0.0177,55.1737,105.95,4122
2016-07-27 19:00:00,76.85,transfer,1.0,60.7657,0.0,65.7363,65.7363,60.7657,-0.0175,55.2415,106.0339,4123
2016-07-27 20:00:00,76.32,transfer,1.0,60.2988,0.0,61.7285,61.7285,60.2988,-0.0155,55.2942,106.1077,4124
2016-07-27 21:00:00,77.71,transfer,1.0,59.5904,0.0,62.5831,62.5831,59.5904,-0.0132,55.367,106.2067,4125
2016-07-27 22:00:00,74.01,transfer,1.0,58.837,0.0,46.8656,46.8656,58.837,-0.0122,55.4289,106.2993,4126
2016-07-27 23:00:00,53.07,transfer,1.0,58.1557,0.0,62.4484,62.4484,58.1557,-0.0111,55.4373,106.3267,4127
2016-07-28 00:00:00,58.06,transfer,1.0,57.5166,0.0,45.28,45.28,57.5166,-0.0116,55.4036,106.4077,4128
2016-07-28 01:00:00,57.76,transfer,1.0,56.5673,0.0,49.6066,49.6066,56.5673,-0.0106,55.3768,106.4954,4129
2016-07-28 02:00:00,57.49,transfer,1.0,55.8478,0.0,56.077,56.077,55.8478,-0.0094,55.3625,106.5827,4130
2016-07-28 03:00:00,63.23,transfer,1.0,55.5845,0.0,46.8125,46.8125,55.5845,-0.009,55.3921,106.7049,4131
2016-07-28 04:00:00,127.62,transfer,1.0,55.6358,0.0,47.0605,47.0605,55.6358,-0.008,55.5605,106.9402,4132
2016-07-28 05:00:00,128.92,transfer,1.0,56.3033,0.0,65.109,65.109,56.3033,-0.0081,55.7258,107.1767,4133
2016-07-28 06:00:00,120.77,transfer,1.0,57.8458,0.0,67.0551,67.0551,57.8458,-0.0108,55.8954,107.4215,4134
2016-07-28 07:00:00,142.24,transfer,1.0,59.0233,0.0,57.6752,57.6752,59.0233,-0.0134,56.0308,107.6322,4135
2016-07-28 08:00:00,151.88,transfer,1.0,59.8292,0.0,57.9929,57.9929,59.8292,-0.0156,56.1651,107.8393,4136
2016-07-28 09:00:00,157.63,transfer,1.0,60.3362,0.0,63.254,63.254,60.3362,-0.0172,56.3305,108.0732,4137
2016-07-28 10:00:00,156.64,transfer,1.0,60.5718,0.0,58.1963,58.1963,60.5718,-0.0189,56.47,108.2762,4138
2016-07-28 11:00:00,162.22,transfer,1.0,60.6324,0.0,63.1439,63.1439,60.6324,-0.0197,56.6145,108.4786,4139
2016-07-28 12:00:00,159.58,transfer,1.0,60.5205,0.0,65.3295,65.3295,60.5205,-0.0196,56.7664,108.6829,4140
2016-07-28 13:00:00,158.23,transfer,1.0,60.3541,0.0,62.8393,62.8393,60.3541,-0.0197,56.8946,108.8588,4141
2016-07-28 14:00:00,169.6,transfer,1.0,60.3222,0.0,62.3083,62.3083,60.3222,-0.0196,57.0825,109.0924,4142
2016-07-28 15:00:00,160.45,transfer,1.0,60.3361,0.0,54.2984,54.2984,60.3361,-0.019,57.2034,109.2584,4143
2016-07-28 16:00:00,158.46,transfer,1.0,60.3864,0.0,65.7658,65.7658,60.3864,-0.0183,57.3424,109.4432,4144
2016-07-28 17:00:00,141.79,transfer,1.0,60.3375,0.0,76.345,76.345,60.3375,-0.0178,57.4261,109.5739,4145
2016-07-28 18:00:00,82.0,transfer,1.0,60.2749,0.0,66.8485,66.8485,60.2749,-0.0171,57.4511,109.6486,4146
2016-07-28 19:00:00,74.51,transfer,1.0,59.9402,0.0,76.1137,76.1137,59.9402,-0.0167,57.4616,109.7134,4147
2016-07-28 20:00:00,73.51,transfer,1.0,59.1328,0.0,57.2043,57.2043,59.1328,-0.0147,57.4527,109.7663,4148
2016-07-28 21:00:00,63.56,transfer,1.0,58.0641,0.0,62.2954,62.2954,58.0641,-0.0122,57.4041,109.7871,4149
2016-07-28 22:00:00,61.55,transfer,1.0,56.8582,0.0,54.7469,54.7469,56.8582,-0.006,57.3497,109.8065,4150
2016-07-28 23:00:00,50.87,transfer,1.0,55.6859,0.0,59.6184,59.6184,55.6859,-0.004,57.3476,109.8232,4151
2016-07-29 00:00:00,50.7928,transfer,1.0,54.1794,0.0,52.6232,52.6232,54.1794,0.0352,57.3535,109.8629,4152
2016-07-29 01:00:00,50.715599999999995,transfer,1.0,51.2961,0.0,50.9318,50.9318,51.2961,0.438,57.3368,109.902,4153
2016-07-29 02:00:00,50.6384,transfer,1.0,48.5122,0.0,52.9068,52.9068,48.5122,0.8292,57.3191,109.9347,4154
2016-07-30 00:00:00,48.94,transfer,1.0,45.7052,0.0,42.3724,42.3724,45.7052,1.0381,57.3079,109.9589,4155
2016-07-30 01:00:00,52.92,transfer,1.0,43.5187,0.0,42.9019,42.9019,43.5187,0.6746,56.9552,109.6303,4156
2016-07-30 02:00:00,53.64,transfer,1.0,41.3062,0.0,50.5732,50.5732,41.3062,0.1027,56.649,109.3343,4157
2016-07-30 03:00:00,53.81,transfer,1.0,39.0357,0.0,38.2152,38.2152,39.0357,-0.0023,56.4086,109.0768,4158
2016-07-30 04:00:00,105.52,transfer,1.0,36.8918,0.0,39.7839,39.7839,36.8918,-0.0094,56.4282,109.0479,4159
2016-07-30 05:00:00,108.88,transfer,1.0,34.9823,0.0,30.0375,30.0375,34.9823,-0.0141,56.4092,108.9499,4160
2016-07-30 06:00:00,101.36,transfer,1.0,33.7173,0.0,29.8793,29.8793,33.7173,-0.0186,56.3506,108.7898,4161
2016-07-30 07:00:00,120.84,transfer,1.0,32.7554,0.0,34.4849,34.4849,32.7554,-0.0209,56.3922,108.7111,4162
2016-07-30 08:00:00,123.85,transfer,1.0,31.7458,0.0,28.6402,28.6402,31.7458,-0.0223,56.4321,108.614,4163
2016-07-30 09:00:00,122.84,transfer,1.0,30.9941,0.0,38.1886,38.1886,30.9941,-0.0232,56.4947,108.5263,4164
2016-07-30 10:00:00,126.17,transfer,1.0,30.5022,0.0,30.2534,30.2534,30.5022,-0.0237,56.5718,108.4434,4165
2016-07-30 11:00:00,132.56,transfer,1.0,29.9108,0.0,31.8994,31.8994,29.9108,-0.0239,56.6373,108.3412,4166
2016-07-30 12:00:00,132.07,transfer,1.0,28.2692,0.0,27.6575,27.6575,28.2692,-0.0242,56.7272,108.2514,4167
2016-07-30 13:00:00,136.13,transfer,1.0,24.2084,0.0,32.2849,32.2849,24.2084,-0.0245,56.9131,108.2317,4168
2016-07-30 14:00:00,130.36,transfer,1.0,21.7873,0.0,25.4296,25.4296,21.7873,-0.025,57.0844,108.1827,4169
2016-07-30 15:00:00,132.65,transfer,1.0,21.4078,0.0,18.1479,18.1479,21.4078,-0.0259,57.6713,108.5483,4170
2016-07-30 16:00:00,124.09,transfer,1.0,21.3541,0.0,25.0083,25.0083,21.3541,-0.0283,58.2433,108.9013,4171
2016-07-30 17:00:00,118.51,transfer,1.0,21.4561,0.0,21.5302,21.5302,21.4561,-0.0291,58.7509,109.1983,4172
2016-07-30 18:00:00,69.53,transfer,1.0,21.4422,0.0,22.6635,22.6635,21.4422,-0.0295,58.9981,109.2469,4173
2016-07-30 19:00:00,63.11,transfer,1.0,21.2922,0.0,23.6802,23.6802,21.2922,-0.0295,59.2003,109.2611,4174
2016-07-30 20:00:00,64.94,transfer,1.0,20.6454,0.0,22.3373,22.3373,20.6454,-0.0269,59.444,109.3244,4175
2016-07-30 21:00:00,57.24,transfer,1.0,19.8694,0.0,20.1073,20.1073,19.8694,-0.0207,59.6536,109.3851,4176
2016-07-30 22:00:00,56.53,transfer,1.0,19.2576,0.0,15.7016,15.7016,19.2576,-0.0144,59.8725,109.4451,4177
2016-07-30 23:00:00,46.09,transfer,1.0,19.0006,0.0,16.1005,16.1005,19.0006,-0.0155,60.0046,109.4242,4178
2016-07-31 00:00:00,44.83,transfer,1.0,18.9317,0.0,20.4383,20.4383,18.9317,-0.018,60.1094,109.3866,4179
2016-07-31 01:00:00,44.53,transfer,1.0,18.7505,0.0,17.9284,17.9284,18.7505,-0.0216,59.8427,108.9837,4180
2016-07-31 02:00:00,45.29,transfer,1.0,18.697,0.0,24.0893,24.0893,18.697,-0.0269,59.5824,108.5909,4181
2016-07-31 03:00:00,45.63,transfer,1.0,18.8553,0.0,19.2929,19.2929,18.8553,-0.031,59.3665,108.241,4182
2016-07-31 04:00:00,96.58,transfer,1.0,19.4776,0.0,20.1497,20.1497,19.4776,-0.0334,59.3255,108.065,4183
2016-07-31 05:00:00,101.1,transfer,1.0,21.4803,0.0,22.6519,22.6519,21.4803,-0.0339,59.3035,107.9156,4184
2016-07-31 06:00:00,90.72,transfer,1.0,24.2661,0.0,27.09,27.09,24.2661,-0.0345,59.1653,107.6621,4185
2016-07-31 07:00:00,105.13,transfer,1.0,25.5649,0.0,24.0449,24.0449,25.5649,-0.0342,59.0528,107.4384,4186
2016-07-31 08:00:00,100.83,transfer,1.0,26.2428,0.0,27.9548,27.9548,26.2428,-0.033,58.9483,107.2232,4187
2016-07-31 09:00:00,108.23,transfer,1.0,25.9184,0.0,27.0358,27.0358,25.9184,-0.0324,58.8601,107.0179,4188
2016-07-31 10:00:00,112.36,transfer,1.0,24.7839,0.0,27.8496,27.8496,24.7839,-0.0318,58.7627,106.7934,4189
2016-07-31 11:00:00,109.37,transfer,1.0,23.939,0.0,20.2175,20.2175,23.939,-0.0314,58.669,106.5649,4190
2016-07-31 12:00:00,104.19,transfer,1.0,22.9989,0.0,23.5486,23.5486,22.9989,-0.0312,58.5116,106.2652,4191
2016-07-31 13:00:00,109.16,transfer,1.0,21.9451,0.0,18.7494,18.7494,21.9451,-0.0305,58.4224,106.0266,4192
2016-07-31 14:00:00,110.97,transfer,1.0,21.234,0.0,19.6342,19.6342,21.234,-0.0302,58.3189,105.7701,4193
2016-07-31 15:00:00,111.98,transfer,1.0,20.9194,0.0,22.7464,22.7464,20.9194,-0.0301,58.659,105.9562,4194
2016-07-31 16:00:00,114.44,transfer,1.0,20.5263,0.0,21.3366,21.3366,20.5263,-0.0306,59.0633,106.2066,4195
2016-07-31 17:00:00,104.92,transfer,1.0,20.2479,0.0,19.5651,19.5651,20.2479,-0.0315,59.4842,106.4817,4196
2016-07-31 18:00:00,57.11,transfer,1.0,19.9196,0.0,21.4251,21.4251,19.9196,-0.0322,59.5978,106.4614,4197
2016-07-31 19:00:00,52.72,transfer,1.0,19.5697,0.0,23.6332,23.6332,19.5697,-0.0326,59.6698,106.4115,4198
2016-07-31 20:00:00,55.67,transfer,1.0,19.0451,0.0,15.9531,15.9531,19.0451,-0.0334,59.7547,106.3838,4199
2016-07-31 21:00:00,58.31,transfer,1.0,18.4777,0.0,20.8909,20.8909,18.4777,-0.0344,59.8506,106.3736,4200
2016-07-31 22:00:00,58.56,transfer,1.0,18.0976,0.0,12.5333,12.5333,18.0976,-0.0352,59.9358,106.357,4201
2016-07-31 23:00:00,57.83,transfer,1.0,17.8653,0.0,18.1916,18.1916,17.8653,-0.0365,59.9542,106.2764,4202
2016-08-01 00:00:00,57.74,transfer,1.0,17.7467,0.0,20.3953,20.3953,17.7467,-0.0378,60.0257,106.2501,4203
2016-08-01 01:00:00,57.24,transfer,1.0,17.8854,0.0,14.3889,14.3889,17.8854,-0.039,59.7298,105.8552,4204
2016-08-01 02:00:00,57.07,transfer,1.0,18.2163,0.0,21.9618,21.9618,18.2163,-0.0384,59.4505,105.4719,4205
2016-08-01 03:00:00,57.21,transfer,1.0,18.5736,0.0,18.6799,18.6799,18.5736,-0.0382,59.2482,105.157,4206
2016-08-01 04:00:00,120.2,transfer,1.0,19.1503,0.0,17.9073,17.9073,19.1503,-0.0381,59.377,105.1629,4207
2016-08-01 05:00:00,110.78,transfer,1.0,19.8513,0.0,18.5885,18.5885,19.8513,-0.0371,59.4077,105.0606,4208
2016-08-01 06:00:00,98.45,transfer,1.0,21.5795,0.0,19.4511,19.4511,21.5795,-0.0368,59.3362,104.8542,4209
2016-08-01 07:00:00,113.38,transfer,1.0,23.612,0.0,23.7205,23.7205,23.612,-0.0356,59.3307,104.7151,4210
2016-08-01 08:00:00,116.64,transfer,1.0,25.4135,0.0,31.2728,31.2728,25.4135,-0.0342,59.3324,104.5845,4211
2016-08-01 09:00:00,127.82,transfer,1.0,26.7667,0.0,27.8536,27.8536,26.7667,-0.0337,59.4089,104.5313,4212
2016-08-01 10:00:00,123.64,transfer,1.0,28.0231,0.0,27.3836,27.3836,28.0231,-0.0336,59.4171,104.4151,4213
2016-08-01 11:00:00,130.89,transfer,1.0,29.3045,0.0,27.8947,27.8947,29.3045,-0.0335,59.4267,104.3127,4214
2016-08-01 12:00:00,132.1,transfer,1.0,30.417,0.0,32.8758,32.8758,30.417,-0.0328,59.4486,104.2309,4215
2016-08-01 13:00:00,139.96,transfer,1.0,31.7351,0.0,38.0342,38.0342,31.7351,-0.0328,59.4732,104.1492,4216
2016-08-01 14:00:00,146.19,transfer,1.0,33.4986,0.0,36.2023,36.2023,33.4986,-0.0326,59.5632,104.1386,4217
2016-08-01 15:00:00,147.61,transfer,1.0,37.4144,0.0,38.0942,38.0942,37.4144,-0.0326,60.0448,104.54,4218
2016-08-01 16:00:00,153.07,transfer,1.0,42.9877,0.0,37.5048,37.5048,42.9877,-0.0345,60.5998,105.0491,4219
2016-08-01 17:00:00,150.96,transfer,1.0,48.7922,0.0,51.4875,51.4875,48.7922,-0.0352,61.0574,105.5046,4220
2016-08-01 18:00:00,83.57,transfer,1.0,51.8361,0.0,57.3142,57.3142,51.8361,-0.0354,61.1418,105.6192,4221
2016-08-01 19:00:00,73.2,transfer,1.0,53.2764,0.0,47.5474,47.5474,53.2764,-0.0353,61.1498,105.6778,4222
2016-08-01 20:00:00,68.99,transfer,1.0,52.5121,0.0,58.7849,58.7849,52.5121,-0.034,61.1919,105.7765,4223
2016-08-01 21:00:00,69.27,transfer,1.0,50.8032,0.0,43.0425,43.0425,50.8032,-0.0327,61.2251,105.866,4224
2016-08-01 22:00:00,68.51,transfer,1.0,48.9918,0.0,41.8301,41.8301,48.9918,-0.0315,61.244,105.9364,4225
2016-08-01 23:00:00,67.0,transfer,1.0,47.4574,0.0,44.493,44.493,47.4574,-0.0306,61.2596,105.9969,4226
2016-08-02 00:00:00,66.66,transfer,1.0,46.3628,0.0,37.9118,37.9118,46.3628,-0.0296,61.2279,106.0024,4227
2016-08-02 01:00:00,66.14,transfer,1.0,45.7423,0.0,45.3867,45.3867,45.7423,-0.0267,60.8334,105.6374,4228
2016-08-02 02:00:00,66.79,transfer,1.0,45.7153,0.0,42.3839,42.3839,45.7153,-0.0245,60.4155,105.2383,4229
2016-08-02 03:00:00,66.34,transfer,1.0,45.9221,0.0,46.0127,46.0127,45.9221,-0.024,60.0311,104.8558,4230
2016-08-02 04:00:00,119.46,transfer,1.0,46.8133,0.0,51.6158,51.6158,46.8133,-0.0238,59.9724,104.7848,4231
2016-08-02 05:00:00,123.53,transfer,1.0,48.1314,0.0,57.3041,57.3041,48.1314,-0.0231,59.9279,104.7169,4232
2016-08-02 06:00:00,112.85,transfer,1.0,50.4857,0.0,55.4959,55.4959,50.4857,-0.024,59.7479,104.5132,4233
2016-08-02 07:00:00,122.96,transfer,1.0,52.7295,0.0,55.9695,55.9695,52.7295,-0.0237,59.5907,104.3358,4234
2016-08-02 08:00:00,136.93,transfer,1.0,54.6906,0.0,53.0609,53.0609,54.6906,-0.0225,59.4524,104.182,4235
2016-08-02 09:00:00,142.51,transfer,1.0,56.1231,0.0,58.6563,58.6563,56.1231,-0.0215,59.2857,104.0027,4236
2016-08-02 10:00:00,150.65,transfer,1.0,57.2726,0.0,56.9602,56.9602,57.2726,-0.0206,59.2704,103.9773,4237
2016-08-02 11:00:00,145.21,transfer,1.0,58.1669,0.0,45.2503,45.2503,58.1669,-0.0202,59.1671,103.8657,4238
2016-08-02 12:00:00,146.99,transfer,1.0,58.9436,0.0,53.7526,53.7526,58.9436,-0.019,59.0401,103.7328,4239
2016-08-02 13:00:00,165.2,transfer,1.0,59.4664,0.0,53.9257,53.9257,59.4664,-0.0171,59.1131,103.8015,4240
2016-08-02 14:00:00,166.18,transfer,1.0,59.8432,0.0,70.6513,70.6513,59.8432,-0.0152,59.2083,103.8937,4241
2016-08-02 15:00:00,160.97,transfer,1.0,60.1599,0.0,61.2334,61.2334,60.1599,-0.0143,59.6473,104.3318,4242
2016-08-02 16:00:00,160.91,transfer,1.0,60.3529,0.0,65.5671,65.5671,60.3529,-0.013,60.1785,104.8644,4243
2016-08-02 17:00:00,148.56,transfer,1.0,60.5112,0.0,55.6689,55.6689,60.5112,-0.0103,60.6258,105.3181,4244
2016-08-02 18:00:00,89.88,transfer,1.0,60.6682,0.0,63.0428,63.0428,60.6682,-0.0065,60.6998,105.4053,4245
2016-08-02 19:00:00,76.4,transfer,1.0,60.6949,0.0,67.2303,67.2303,60.6949,-0.0026,60.7245,105.4498,4246
2016-08-02 20:00:00,80.04,transfer,1.0,60.3499,0.0,60.3839,60.3839,60.3499,0.0315,60.8051,105.5537,4247
2016-08-02 21:00:00,67.47,transfer,1.0,59.7354,0.0,65.6707,65.6707,59.7354,0.1783,60.7951,105.5672,4248
2016-08-02 22:00:00,66.38,transfer,1.0,59.1294,0.0,62.7565,62.7565,59.1294,0.5594,60.776,105.5693,4249
2016-08-02 23:00:00,60.14,transfer,1.0,58.4604,0.0,63.88,63.88,58.4604,1.2687,60.7146,105.5223,4250
2016-08-03 00:00:00,51.81,transfer,1.0,57.7791,0.0,63.9937,63.9937,57.7791,1.8606,60.6973,105.4382,4251
2016-08-03 01:00:00,51.4,transfer,1.0,56.9323,0.0,53.3326,53.3326,56.9323,2.4748,60.3506,105.0171,4252
2016-08-03 02:00:00,49.07,transfer,1.0,56.2433,0.0,70.0107,70.0107,56.2433,2.2884,59.9972,104.5602,4253
2016-08-03 03:00:00,53.76,transfer,1.0,55.611,0.0,56.7076,56.7076,55.611,1.6239,59.6152,104.13,4254
2016-08-03 04:00:00,110.38,transfer,1.0,55.278,0.0,46.7633,46.7633,55.278,0.8248,59.5011,103.9868,4255
2016-08-03 05:00:00,103.11,transfer,1.0,55.4625,0.0,45.1812,45.1812,55.4625,0.132,59.2803,103.7381,4256
2016-08-03 06:00:00,95.18,transfer,1.0,57.0548,0.0,47.6289,47.6289,57.0548,-0.007,58.9099,103.3481,4257
2016-08-03 07:00:00,111.07,transfer,1.0,58.3881,0.0,52.8305,52.8305,58.3881,-0.0131,58.6386,103.0642,4258
2016-08-03 08:00:00,131.61,transfer,1.0,59.1872,0.0,60.4603,60.4603,59.1872,-0.0171,58.4714,102.8888,4259
2016-08-03 09:00:00,120.7,transfer,1.0,59.6903,0.0,58.8553,58.8553,59.6903,-0.0203,58.2313,102.6436,4260
2016-08-03 10:00:00,129.66,transfer,1.0,60.0965,0.0,54.9436,54.9436,60.0965,-0.0224,58.008,102.4173,4261
2016-08-03 11:00:00,135.62,transfer,1.0,60.2226,0.0,59.5414,59.5414,60.2226,-0.0225,57.8245,102.231,4262
2016-08-03 12:00:00,134.94,transfer,1.0,60.1653,0.0,66.3762,66.3762,60.1653,-0.0227,57.6617,102.0643,4263
2016-08-03 13:00:00,138.23,transfer,1.0,60.1593,0.0,59.7382,59.7382,60.1593,-0.0228,57.513,101.9109,4264
2016-08-03 14:00:00,134.86,transfer,1.0,60.2307,0.0,50.1295,50.1295,60.2307,-0.0219,57.426,101.8195,4265
2016-08-03 15:00:00,129.11,transfer,1.0,60.2504,0.0,61.7173,61.7173,60.2504,-0.021,57.6884,102.0774,4266
2016-08-03 16:00:00,128.2,transfer,1.0,60.1551,0.0,73.1326,73.1326,60.1551,-0.0202,57.9987,102.3833,4267
2016-08-03 17:00:00,130.63,transfer,1.0,59.9617,0.0,61.2413,61.2413,59.9617,-0.018,58.3235,102.7054,4268
2016-08-03 18:00:00,69.73,transfer,1.0,59.6833,0.0,63.4001,63.4001,59.6833,-0.0158,58.2788,102.6598,4269
2016-08-03 19:00:00,54.61,transfer,1.0,59.341,0.0,52.989,52.989,59.341,-0.0126,58.2599,102.5855,4270
2016-08-03 20:00:00,54.61,transfer,1.0,58.3565,0.0,60.5828,60.5828,58.3565,-0.0092,58.2638,102.5798,4271
2016-08-03 21:00:00,56.32,transfer,1.0,56.7357,0.0,63.8156,63.8156,56.7357,-0.0075,58.2635,102.5727,4272
2016-08-03 22:00:00,56.44,transfer,1.0,54.9131,0.0,57.2344,57.2344,54.9131,-0.0073,58.2644,102.5596,4273
2016-08-03 23:00:00,55.17,transfer,1.0,53.2059,0.0,47.7525,47.7525,53.2059,-0.0089,58.2634,102.5373,4274
2016-08-04 00:00:00,65.47,transfer,1.0,51.7304,0.0,47.9689,47.9689,51.7304,-0.0115,58.3396,102.5848,4275
2016-08-04 01:00:00,58.82,transfer,1.0,50.2455,0.0,47.962,47.962,50.2455,-0.0133,57.9527,102.1606,4276
2016-08-04 02:00:00,57.21,transfer,1.0,49.5187,0.0,45.6878,45.6878,49.5187,-0.0166,57.5796,101.7413,4277
2016-08-04 03:00:00,52.67,transfer,1.0,48.9313,0.0,44.7217,44.7217,48.9313,-0.0201,57.2395,101.3415,4278
2016-08-04 04:00:00,103.43,transfer,1.0,48.3797,0.0,52.0455,52.0455,48.3797,-0.0229,57.1379,101.1711,4279
2016-08-04 05:00:00,93.17,transfer,1.0,48.0973,0.0,43.4691,43.4691,48.0973,-0.0241,56.894,100.8533,4280
2016-08-04 06:00:00,84.53,transfer,1.0,49.266,0.0,43.6765,43.6765,49.266,-0.026,56.5952,100.4854,4281
2016-08-04 07:00:00,97.69,transfer,1.0,50.5849,0.0,40.5588,40.5588,50.5849,-0.0259,56.3117,100.1396,4282
2016-08-04 08:00:00,113.57,transfer,1.0,51.5144,0.0,41.2504,41.2504,51.5144,-0.0254,56.0875,99.8582,4283
2016-08-04 09:00:00,143.09,transfer,1.0,51.8716,0.0,56.4054,56.4054,51.8716,-0.0248,56.0611,99.7767,4284
2016-08-04 10:00:00,143.34,transfer,1.0,52.0766,0.0,41.0422,41.0422,52.0766,-0.0249,56.0227,99.6847,4285
2016-08-04 11:00:00,152.31,transfer,1.0,53.2782,0.0,52.9896,52.9896,53.2782,-0.0248,55.9738,99.5901,4286
2016-08-04 12:00:00,149.09,transfer,1.0,54.9134,0.0,49.1742,49.1742,54.9134,-0.0229,55.9138,99.4944,4287
2016-08-04 13:00:00,144.85,transfer,1.0,56.4958,0.0,60.326,60.326,56.4958,-0.0213,55.8114,99.3654,4288
2016-08-04 14:00:00,147.41,transfer,1.0,57.7252,0.0,56.5941,56.5941,57.7252,-0.0202,55.7795,99.3144,4289
2016-08-04 15:00:00,146.12,transfer,1.0,58.4732,0.0,60.9797,60.9797,58.4732,-0.0198,56.1253,99.6455,4290
2016-08-04 16:00:00,150.96,transfer,1.0,58.8785,0.0,57.3464,57.3464,58.8785,-0.0198,56.5776,100.0867,4291
2016-08-04 17:00:00,143.16,transfer,1.0,59.1419,0.0,58.2909,58.2909,59.1419,-0.0187,56.9824,100.4846,4292
2016-08-04 18:00:00,91.66,transfer,1.0,59.3774,0.0,51.0641,51.0641,59.3774,-0.0168,57.0667,100.5676,4293
2016-08-04 19:00:00,85.54,transfer,1.0,59.3679,0.0,45.2112,45.2112,59.3679,-0.0137,57.1322,100.6362,4294
2016-08-04 20:00:00,81.28,transfer,1.0,58.8402,0.0,57.5919,57.5919,58.8402,-0.0107,57.2355,100.8042,4295
2016-08-04 21:00:00,75.04,transfer,1.0,58.0433,0.0,65.4004,65.4004,58.0433,-0.0077,57.3334,100.9052,4296
2016-08-04 22:00:00,69.89,transfer,1.0,57.1988,0.0,61.4162,61.4162,57.1988,-0.0037,57.4018,100.9774,4297
2016-08-04 23:00:00,65.55,transfer,1.0,56.3558,0.0,60.7303,60.7303,56.3558,0.0054,57.4468,101.0253,4298
2016-08-05 00:00:00,56.91,transfer,1.0,55.5649,0.0,64.8409,64.8409,55.5649,0.1419,57.4093,100.9867,4299
2016-08-05 01:00:00,48.88,transfer,1.0,54.7282,0.0,50.4406,50.4406,54.7282,0.4306,57.0156,100.5154,4300
2016-08-05 02:00:00,49.69,transfer,1.0,53.8465,0.0,39.2238,39.2238,53.8465,0.3038,56.6081,100.042,4301
2016-08-05 03:00:00,49.07,transfer,1.0,52.7264,0.0,55.5593,55.5593,52.7264,0.0567,56.2553,99.6148,4302
2016-08-05 04:00:00,99.4,transfer,1.0,51.8566,0.0,49.8985,49.8985,51.8566,-0.0022,56.043,99.3597,4303
2016-08-05 05:00:00,102.62,transfer,1.0,51.5046,0.0,51.6246,51.6246,51.5046,-0.0092,55.7993,99.0665,4304
2016-08-05 06:00:00,100.83,transfer,1.0,52.6786,0.0,52.0369,52.0369,52.6786,-0.0163,55.5068,98.7284,4305
2016-08-05 07:00:00,101.5,transfer,1.0,54.2823,0.0,56.4947,56.4947,54.2823,-0.0205,55.216,98.4002,4306
2016-08-05 08:00:00,118.02,transfer,1.0,55.6625,0.0,51.4023,51.4023,55.6625,-0.0235,54.9825,98.1371,4307
2016-08-05 09:00:00,148.38,transfer,1.0,56.3751,0.0,50.8717,50.8717,56.3751,-0.0255,54.9405,98.0705,4308
2016-08-05 10:00:00,156.49,transfer,1.0,56.8539,0.0,57.3108,57.3108,56.8539,-0.026,54.951,98.0601,4309
2016-08-05 11:00:00,151.63,transfer,1.0,57.4617,0.0,61.6371,61.6371,57.4617,-0.026,54.8611,97.9532,4310
2016-08-05 12:00:00,159.26,transfer,1.0,58.0766,0.0,67.9254,67.9254,58.0766,-0.0247,54.8674,97.9462,4311
2016-08-05 13:00:00,143.96,transfer,1.0,58.5856,0.0,51.1123,51.1123,58.5856,-0.0232,54.7919,97.8599,4312
2016-08-05 14:00:00,168.07,transfer,1.0,59.1096,0.0,51.3747,51.3747,59.1096,-0.0222,54.9556,98.0163,4313
2016-08-05 15:00:00,172.73,transfer,1.0,59.3951,0.0,56.6594,56.6594,59.3951,-0.0211,55.5009,98.5564,4314
2016-08-05 16:00:00,158.9,transfer,1.0,59.7159,0.0,54.5878,54.5878,59.7159,-0.0215,56.0045,99.0588,4315
2016-08-05 17:00:00,152.25,transfer,1.0,60.0056,0.0,59.7121,59.7121,60.0056,-0.0204,56.468,99.5275,4316
2016-08-05 18:00:00,98.62,transfer,1.0,60.1033,0.0,57.2764,57.2764,60.1033,-0.0191,56.6646,99.7362,4317
2016-08-05 19:00:00,89.12,transfer,1.0,60.0052,0.0,65.6568,65.6568,60.0052,-0.017,56.81,99.9004,4318
2016-08-05 20:00:00,84.82,transfer,1.0,59.5281,0.0,60.8486,60.8486,59.5281,-0.0148,56.9319,100.1025,4319
2016-08-05 21:00:00,79.13,transfer,1.0,58.7822,0.0,58.2794,58.2794,58.7822,-0.0125,57.0328,100.2715,4320
2016-08-05 22:00:00,77.32,transfer,1.0,57.9943,0.0,62.8072,62.8072,57.9943,-0.0102,57.1444,100.4325,4321
2016-08-05 23:00:00,71.0,transfer,1.0,57.1925,0.0,54.7314,54.7314,57.1925,-0.008,57.2139,100.5587,4322
2016-08-06 00:00:00,65.75,transfer,1.0,56.464,0.0,62.8817,62.8817,56.464,-0.0055,57.2499,100.665,4323
2016-08-06 01:00:00,64.96,transfer,1.0,55.1547,0.0,46.1797,46.1797,55.1547,-0.0045,57.2523,100.7407,4324
2016-08-06 02:00:00,64.14,transfer,1.0,53.7356,0.0,57.7112,57.7112,53.7356,-0.0081,57.2409,100.8039,4325
2016-08-06 03:00:00,63.01,transfer,1.0,52.4397,0.0,54.156,54.156,52.4397,-0.0132,57.2158,100.8587,4326
2016-08-06 04:00:00,116.59,transfer,1.0,51.8959,0.0,45.9064,45.9064,51.8959,-0.0161,57.1924,100.9246,4327
2016-08-06 05:00:00,112.34,transfer,1.0,51.6284,0.0,48.6466,48.6466,51.6284,-0.0183,57.1139,100.9452,4328
2016-08-06 06:00:00,110.56,transfer,1.0,52.7819,0.0,60.0198,60.0198,52.7819,-0.0205,57.0552,101.0,4329
2016-08-06 07:00:00,105.79,transfer,1.0,54.0072,0.0,55.6206,55.6206,54.0072,-0.0218,56.8391,100.9104,4330
2016-08-06 08:00:00,109.69,transfer,1.0,54.9723,0.0,59.1644,59.1644,54.9723,-0.0225,56.6166,100.8261,4331
2016-08-06 09:00:00,124.42,transfer,1.0,55.3261,0.0,68.7519,68.7519,55.3261,-0.0233,56.4812,100.8356,4332
2016-08-06 10:00:00,141.87,transfer,1.0,55.212,0.0,59.3259,59.3259,55.212,-0.0241,56.4275,100.929,4333
2016-08-06 11:00:00,154.46,transfer,1.0,54.8002,0.0,62.2895,62.2895,54.8002,-0.0241,56.4097,101.0594,4334
2016-08-06 12:00:00,167.0,transfer,1.0,54.3439,0.0,49.6689,49.6689,54.3439,-0.024,56.4625,101.2673,4335
2016-08-06 13:00:00,178.47,transfer,1.0,54.1814,0.0,50.9063,50.9063,54.1814,-0.0229,56.5361,101.5193,4336
2016-08-06 14:00:00,164.0,transfer,1.0,54.4147,0.0,48.4555,48.4555,54.4147,-0.022,56.5421,101.7195,4337
2016-08-06 15:00:00,157.98,transfer,1.0,54.8076,0.0,52.7162,52.7162,54.8076,-0.018,56.4941,101.8702,4338
2016-08-06 16:00:00,150.0,transfer,1.0,55.0662,0.0,59.7623,59.7623,55.0662,-0.0184,56.4476,102.0244,4339
2016-08-06 17:00:00,144.21,transfer,1.0,55.1221,0.0,55.7005,55.7005,55.1221,-0.0195,56.4002,102.1773,4340
2016-08-06 18:00:00,91.05,transfer,1.0,54.8783,0.0,54.9758,54.9758,54.8783,-0.0207,56.3293,102.3054,4341
2016-08-06 19:00:00,84.03,transfer,1.0,54.2991,0.0,50.0853,50.0853,54.2991,-0.0218,56.2573,102.4298,4342
2016-08-06 20:00:00,84.63,transfer,1.0,52.879,0.0,45.8307,45.8307,52.879,-0.0215,56.1827,102.547,4343
2016-08-06 21:00:00,70.11,transfer,1.0,50.9419,0.0,48.4856,48.4856,50.9419,-0.0211,56.0743,102.6236,4344
2016-08-06 22:00:00,64.8,transfer,1.0,49.1064,0.0,38.1744,38.1744,49.1064,-0.0209,55.9459,102.6729,4345
2016-08-06 23:00:00,57.16,transfer,1.0,47.1536,0.0,45.9188,45.9188,47.1536,-0.0208,55.8442,102.7388,4346
2016-08-07 00:00:00,56.97,transfer,1.0,44.9543,0.0,46.6425,46.6425,44.9543,-0.0215,55.7615,102.8111,4347
2016-08-07 01:00:00,60.57,transfer,1.0,42.9822,0.0,42.9021,42.9021,42.9822,-0.0236,55.7128,102.9066,4348
2016-08-07 02:00:00,60.6,transfer,1.0,41.4185,0.0,45.1544,45.1544,41.4185,-0.0256,55.6687,102.9977,4349
2016-08-07 03:00:00,60.9,transfer,1.0,40.3124,0.0,32.7987,32.7987,40.3124,-0.0277,55.6318,103.0886,4350
2016-08-07 04:00:00,108.1,transfer,1.0,39.5797,0.0,41.0774,41.0774,39.5797,-0.0294,55.5808,103.1571,4351
2016-08-07 05:00:00,105.26,transfer,1.0,39.3482,0.0,39.3197,39.3197,39.3482,-0.0296,55.4992,103.1819,4352
2016-08-07 06:00:00,97.13,transfer,1.0,40.2935,0.0,48.609,48.609,40.2935,-0.0306,55.4419,103.22,4353
2016-08-07 07:00:00,99.34,transfer,1.0,41.4966,0.0,45.1545,45.1545,41.4966,-0.0311,55.3126,103.1855,4354
2016-08-07 08:00:00,107.51,transfer,1.0,42.6499,0.0,30.5874,30.5874,42.6499,-0.0309,55.2547,103.2253,4355
2016-08-07 09:00:00,115.79,transfer,1.0,43.3572,0.0,40.2686,40.2686,43.3572,-0.0312,55.1959,103.2703,4356
2016-08-07 10:00:00,117.61,transfer,1.0,43.8132,0.0,32.8204,32.8204,43.8132,-0.0315,55.1139,103.3015,4357
2016-08-07 11:00:00,121.03,transfer,1.0,44.0979,0.0,38.048,38.048,44.0979,-0.031,55.0633,103.3709,4358
2016-08-07 12:00:00,121.45,transfer,1.0,43.9706,0.0,38.1648,38.1648,43.9706,-0.0302,55.0412,103.4736,4359
2016-08-07 13:00:00,129.43,transfer,1.0,43.5728,0.0,41.1222,41.1222,43.5728,-0.0294,55.0331,103.5943,4360
2016-08-07 14:00:00,134.71,transfer,1.0,42.2529,0.0,41.1476,41.1476,42.2529,-0.0285,55.0493,103.7356,4361
2016-08-07 15:00:00,135.81,transfer,1.0,34.553,0.0,27.4538,27.4538,34.553,-0.0288,55.11,103.8774,4362
2016-08-07 16:00:00,143.04,transfer,1.0,27.6475,0.0,33.913,33.913,27.6475,-0.0299,55.2379,104.0477,4363
2016-08-07 17:00:00,137.9,transfer,1.0,27.8236,0.0,25.5503,25.5503,27.8236,-0.0303,55.3891,104.244,4364
2016-08-07 18:00:00,78.15,transfer,1.0,29.0603,0.0,28.6474,28.6474,29.0603,-0.0302,55.4599,104.3692,4365
2016-08-07 19:00:00,71.23,transfer,1.0,30.6311,0.0,21.2995,21.2995,30.6311,-0.031,55.5043,104.4794,4366
2016-08-07 20:00:00,74.01,transfer,1.0,31.3933,0.0,31.7679,31.7679,31.3933,-0.0317,55.5399,104.5885,4367
2016-08-07 21:00:00,70.21,transfer,1.0,31.8727,0.0,32.3622,32.3622,31.8727,-0.0321,55.531,104.6593,4368
2016-08-07 22:00:00,69.42,transfer,1.0,32.1672,0.0,31.2161,31.2161,32.1672,-0.0328,55.5119,104.724,4369
2016-08-07 23:00:00,64.95,transfer,1.0,32.2769,0.0,34.4544,34.4544,32.2769,-0.033,55.4685,104.7663,4370
2016-08-08 00:00:00,61.27,transfer,1.0,31.6323,0.0,28.9357,28.9357,31.6323,-0.0329,55.4069,104.7873,4371
2016-08-08 01:00:00,59.42,transfer,1.0,31.4817,0.0,33.9186,33.9186,31.4817,-0.033,55.3389,104.8002,4372
2016-08-08 02:00:00,59.42,transfer,1.0,30.6469,0.0,25.2272,25.2272,30.6469,-0.0326,55.2789,104.8142,4373
2016-08-08 03:00:00,58.98,transfer,1.0,30.2342,0.0,30.0907,30.0907,30.2342,-0.0329,55.22,104.8247,4374
2016-08-08 04:00:00,107.92,transfer,1.0,28.6211,0.0,30.5404,30.5404,28.6211,-0.0336,55.0906,104.7516,4375
2016-08-08 05:00:00,103.94,transfer,1.0,32.9862,0.0,32.6819,32.6819,32.9862,-0.0331,54.9717,104.7108,4376
2016-08-08 06:00:00,123.58,transfer,1.0,35.4063,0.0,36.0376,36.0376,35.4063,-0.0335,55.039,104.8604,4377
2016-08-08 07:00:00,142.53,transfer,1.0,35.4026,0.0,37.0757,37.0757,35.4026,-0.0335,55.1423,105.0339,4378
2016-08-08 08:00:00,161.41,transfer,1.0,36.7599,0.0,33.8345,33.8345,36.7599,-0.0336,55.3412,105.3004,4379
2016-08-08 09:00:00,174.69,transfer,1.0,40.1748,0.0,40.9673,40.9673,40.1748,-0.0331,55.5404,105.5794,4380
2016-08-08 10:00:00,169.57,transfer,1.0,44.073,0.0,40.425,40.425,44.073,-0.0323,55.7183,105.8528,4381
2016-08-08 11:00:00,166.84,transfer,1.0,48.7538,0.0,50.6678,50.6678,48.7538,-0.0314,55.8165,106.0667,4382
2016-08-08 12:00:00,161.01,transfer,1.0,50.6973,0.0,56.5228,56.5228,50.6973,-0.0308,55.8679,106.2388,4383
2016-08-08 13:00:00,164.41,transfer,1.0,54.3169,0.0,62.3036,62.3036,54.3169,-0.0306,55.879,106.3843,4384
2016-08-08 14:00:00,153.08,transfer,1.0,57.5241,0.0,56.3285,56.3285,57.5241,-0.0301,55.777,106.4253,4385
2016-08-08 15:00:00,151.99,transfer,1.0,59.5503,0.0,49.168,49.168,59.5503,-0.0297,55.6713,106.4514,4386
2016-08-08 16:00:00,152.87,transfer,1.0,60.3127,0.0,57.1667,57.1667,60.3127,-0.0295,55.567,106.4502,4387
2016-08-08 17:00:00,151.3,transfer,1.0,60.5622,0.0,55.579,55.579,60.5622,-0.0285,55.4989,106.4521,4388
2016-08-08 18:00:00,111.64,transfer,1.0,60.6321,0.0,65.0846,65.0846,60.6321,-0.0277,55.6137,106.6192,4389
2016-08-08 19:00:00,92.61,transfer,1.0,60.4846,0.0,60.2027,60.2027,60.4846,-0.0286,55.6863,106.7347,4390
2016-08-08 20:00:00,82.69,transfer,1.0,60.1428,0.0,64.2895,64.2895,60.1428,-0.0289,55.7224,106.8162,4391
2016-08-08 21:00:00,67.52,transfer,1.0,59.621,0.0,68.4714,68.4714,59.621,-0.0287,55.6595,106.8058,4392
2016-08-08 22:00:00,63.83,transfer,1.0,58.9577,0.0,68.9685,68.9685,58.9577,-0.0282,55.5723,106.7779,4393
2016-08-08 23:00:00,63.29,transfer,1.0,58.1017,0.0,52.7768,52.7768,58.1017,-0.0269,55.4869,106.7558,4394
2016-08-09 00:00:00,62.59,transfer,1.0,57.2468,0.0,63.5671,63.5671,57.2468,-0.0262,55.3979,106.7315,4395
2016-08-09 01:00:00,61.89,transfer,1.0,56.7061,0.0,64.6117,64.6117,56.7061,-0.0252,55.3073,106.7062,4396
2016-08-09 02:00:00,61.27,transfer,1.0,56.476,0.0,57.3591,57.3591,56.476,-0.0247,55.2104,106.6734,4397
2016-08-09 03:00:00,60.87,transfer,1.0,56.413,0.0,56.8362,56.8362,56.413,-0.0258,55.1154,106.6408,4398
2016-08-09 04:00:00,95.58,transfer,1.0,56.6591,0.0,59.6038,59.6038,56.6591,-0.0266,54.9147,106.4987,4399
2016-08-09 05:00:00,102.08,transfer,1.0,57.195,0.0,52.5871,52.5871,57.195,-0.0264,54.733,106.371,4400
2016-08-09 06:00:00,106.77,transfer,1.0,58.1638,0.0,63.9904,63.9904,58.1638,-0.0272,54.6511,106.3349,4401
2016-08-09 07:00:00,126.38,transfer,1.0,59.1052,0.0,43.9152,43.9152,59.1052,-0.0274,54.6336,106.3552,4402
2016-08-09 08:00:00,141.08,transfer,1.0,59.8353,0.0,48.1913,48.1913,59.8353,-0.0266,54.6276,106.38,4403
2016-08-09 09:00:00,147.0,transfer,1.0,60.3464,0.0,52.6519,52.6519,60.3464,-0.0256,54.6292,106.4067,4404
2016-08-09 10:00:00,160.34,transfer,1.0,60.6649,0.0,63.4287,63.4287,60.6649,-0.0241,54.6667,106.4644,4405
2016-08-09 11:00:00,165.66,transfer,1.0,60.8225,0.0,74.0713,74.0713,60.8225,-0.0219,54.7726,106.5862,4406
2016-08-09 12:00:00,158.49,transfer,1.0,60.8393,0.0,47.7932,47.7932,60.8393,-0.02,54.8298,106.6546,4407
2016-08-09 13:00:00,168.76,transfer,1.0,60.7227,0.0,52.6065,52.6065,60.7227,-0.018,54.8435,106.6758,4408
2016-08-09 14:00:00,158.56,transfer,1.0,60.6859,0.0,56.9576,56.9576,60.6859,-0.0156,54.7931,106.6305,4409
2016-08-09 15:00:00,151.81,transfer,1.0,60.7507,0.0,57.7003,57.7003,60.7507,-0.0149,54.7351,106.5759,4410
2016-08-09 16:00:00,146.88,transfer,1.0,60.8552,0.0,66.5437,66.5437,60.8552,-0.0137,54.6486,106.4924,4411
2016-08-09 17:00:00,131.2,transfer,1.0,60.9145,0.0,68.697,68.697,60.9145,-0.0126,54.5429,106.3891,4412
2016-08-09 18:00:00,96.12,transfer,1.0,60.89,0.0,48.6763,48.6763,60.89,-0.0114,54.5787,106.4263,4413
2016-08-09 19:00:00,80.73,transfer,1.0,60.6868,0.0,56.6076,56.6076,60.6868,-0.0094,54.6045,106.4521,4414
2016-08-09 20:00:00,78.47,transfer,1.0,60.2548,0.0,62.2099,62.2099,60.2548,-0.0072,54.5957,106.443,4415
2016-08-09 21:00:00,67.43,transfer,1.0,59.6597,0.0,52.8409,52.8409,59.6597,-0.0059,54.5959,106.4438,4416
2016-08-09 22:00:00,68.9,transfer,1.0,58.9934,0.0,63.9118,63.9118,58.9934,-0.0057,54.6117,106.4622,4417
2016-08-09 23:00:00,67.89,transfer,1.0,58.2374,0.0,60.432,60.432,58.2374,-0.0055,54.6592,106.5159,4418
2016-08-10 00:00:00,68.33,transfer,1.0,57.6212,0.0,47.7319,47.7319,57.6212,-0.0047,54.6874,106.6254,4419
2016-08-10 01:00:00,68.21,transfer,1.0,57.2453,0.0,63.0174,63.0174,57.2453,0.0115,54.7198,106.7401,4420
2016-08-10 02:00:00,57.27,transfer,1.0,57.2137,0.0,58.9064,58.9064,57.2137,0.0583,54.6774,106.8022,4421
2016-08-10 03:00:00,55.14,transfer,1.0,57.2866,0.0,65.2003,65.2003,57.2866,0.0718,54.6791,106.8196,4422
2016-08-10 04:00:00,110.07,transfer,1.0,57.3034,0.0,44.0097,44.0097,57.3034,0.0463,54.6652,106.8224,4423
2016-08-10 05:00:00,123.69,transfer,1.0,57.5141,0.0,59.2949,59.2949,57.5141,-0.0005,54.7755,106.9457,4424
2016-08-10 06:00:00,133.74,transfer,1.0,58.6157,0.0,60.418,60.418,58.6157,-0.0074,54.9958,107.1752,4425
2016-08-10 07:00:00,155.22,transfer,1.0,59.6964,0.0,53.6066,53.6066,59.6964,-0.0128,55.2508,107.438,4426
2016-08-10 08:00:00,173.56,transfer,1.0,60.4499,0.0,66.9212,66.9212,60.4499,-0.0166,55.493,107.6877,4427
2016-08-10 09:00:00,181.1,transfer,1.0,60.9596,0.0,57.759,57.759,60.9596,-0.0187,55.8449,108.0472,4428
2016-08-10 10:00:00,191.34,transfer,1.0,61.2602,0.0,44.8705,44.8705,61.2602,-0.0204,56.2052,108.4144,4429
2016-08-10 11:00:00,190.4,transfer,1.0,61.449,0.0,58.8178,58.8178,61.449,-0.0207,56.5239,108.7404,4430
2016-08-10 12:00:00,189.4,transfer,1.0,61.546,0.0,51.0174,51.0174,61.546,-0.0202,56.8399,109.0646,4431
2016-08-10 13:00:00,191.48,transfer,1.0,61.5748,0.0,55.7195,55.7195,61.5748,-0.0195,57.1484,109.3815,4432
2016-08-10 14:00:00,188.66,transfer,1.0,61.5863,0.0,62.5742,62.5742,61.5863,-0.0187,57.4606,109.7017,4433
2016-08-10 15:00:00,190.26,transfer,1.0,61.6043,0.0,68.7986,68.7986,61.6043,-0.018,57.8165,110.0657,4434
2016-08-10 16:00:00,175.52,transfer,1.0,61.6004,0.0,61.3116,61.3116,61.6004,-0.0179,58.0896,110.3474,4435
2016-08-10 17:00:00,176.46,transfer,1.0,61.5856,0.0,74.4805,74.4805,61.5856,-0.0176,58.3527,110.6201,4436
2016-08-10 18:00:00,103.18,transfer,1.0,61.5468,0.0,47.6444,47.6444,61.5468,-0.0176,58.5407,110.8193,4437
2016-08-10 19:00:00,92.4,transfer,1.0,61.4516,0.0,62.0457,62.0457,61.4516,-0.0181,58.6968,111.0442,4438
2016-08-10 20:00:00,91.02,transfer,1.0,61.1702,0.0,70.5398,70.5398,61.1702,-0.0179,58.8521,111.261,4439
2016-08-10 21:00:00,73.26,transfer,1.0,60.7999,0.0,59.1332,59.1332,60.7999,-0.0166,58.9238,111.3619,4440
2016-08-10 22:00:00,74.07,transfer,1.0,60.4124,0.0,51.9734,51.9734,60.4124,-0.015,58.996,111.4669,4441
2016-08-10 23:00:00,71.33,transfer,1.0,59.9115,0.0,62.7059,62.7059,59.9115,-0.0117,59.0523,111.5631,4442
2016-08-11 00:00:00,70.46,transfer,1.0,59.4901,0.0,47.7478,47.7478,59.4901,-0.0078,59.0358,111.5928,4443
2016-08-11 01:00:00,69.96,transfer,1.0,59.11,0.0,57.6857,57.6857,59.11,-0.0035,59.0494,111.659,4444
2016-08-11 02:00:00,71.36,transfer,1.0,58.9343,0.0,48.3956,48.3956,58.9343,-0.0003,59.0776,111.7432,4445
2016-08-11 03:00:00,70.96,transfer,1.0,58.855,0.0,49.1996,49.1996,58.855,-0.0035,59.1274,111.8519,4446
2016-08-11 04:00:00,132.15,transfer,1.0,59.2102,0.0,59.9493,59.9493,59.2102,-0.0022,59.2338,112.0228,4447
2016-08-11 05:00:00,138.72,transfer,1.0,59.7814,0.0,53.6953,53.6953,59.7814,-0.0007,59.4354,112.2938,4448
2016-08-11 06:00:00,152.81,transfer,1.0,60.5712,0.0,54.6949,54.6949,60.5712,-0.0008,59.7746,112.7,4449
2016-08-11 07:00:00,167.55,transfer,1.0,61.0393,0.0,48.2964,48.2964,61.0393,-0.0007,60.1282,113.1157,4450
2016-08-11 08:00:00,202.12,transfer,1.0,61.3438,0.0,57.6225,57.6225,61.3438,-0.0004,60.5967,113.6426,4451
2016-08-11 09:00:00,206.07,transfer,1.0,61.5262,0.0,53.9559,53.9559,61.5262,0.0002,60.9142,114.0174,4452
2016-08-11 10:00:00,208.35,transfer,1.0,61.6404,0.0,67.5709,67.5709,61.6404,0.0009,61.2442,114.4042,4453
2016-08-11 11:00:00,203.36,transfer,1.0,61.6969,0.0,61.2315,61.2315,61.6969,0.0016,61.498,114.7079,4454
2016-08-11 12:00:00,218.49,transfer,1.0,61.7355,0.0,54.116,54.116,61.7355,0.0025,61.8704,115.1208,4455
2016-08-11 13:00:00,215.05,transfer,1.0,61.7474,0.0,63.4105,63.4105,61.7474,0.0029,62.257,115.5386,4456
2016-08-11 14:00:00,205.42,transfer,1.0,61.7379,0.0,62.3891,62.3891,61.7379,0.0028,62.5785,115.8837,4457
2016-08-11 15:00:00,196.95,transfer,1.0,61.7131,0.0,68.1914,68.1914,61.7131,0.0029,62.8617,116.1861,4458
2016-08-11 16:00:00,193.0,transfer,1.0,61.6869,0.0,72.9551,72.9551,61.6869,0.003,63.0952,116.4362,4459
2016-08-11 17:00:00,193.29,transfer,1.0,61.6691,0.0,62.7716,62.7716,61.6691,0.0064,63.3786,116.7345,4460
2016-08-11 18:00:00,97.35,transfer,1.0,61.6516,0.0,54.0521,54.0521,61.6516,0.0224,63.3989,116.7681,4461
2016-08-11 19:00:00,84.46,transfer,1.0,61.5942,0.0,62.864,62.864,61.5942,0.0462,63.3793,116.7613,4462
2016-08-11 20:00:00,84.23,transfer,1.0,61.3858,0.0,71.6997,71.6997,61.3858,0.084,63.3817,116.7783,4463
2016-08-11 21:00:00,75.79,transfer,1.0,61.0774,0.0,61.7416,61.7416,61.0774,0.1885,63.3681,116.7816,4464
2016-08-11 22:00:00,74.59,transfer,1.0,60.6946,0.0,72.9772,72.9772,60.6946,0.3606,63.3752,116.8074,4465
2016-08-11 23:00:00,73.72,transfer,1.0,60.3071,0.0,69.6656,69.6656,60.3071,0.6189,63.4003,116.8524,4466
2016-08-12 00:00:00,73.44,transfer,1.0,59.9941,0.0,70.3005,70.3005,59.9941,0.9194,63.4724,116.9462,4467
2016-08-12 01:00:00,72.13,transfer,1.0,59.7295,0.0,63.1754,63.1754,59.7295,1.0491,63.5114,117.0809,4468
2016-08-12 02:00:00,71.83,transfer,1.0,59.6341,0.0,55.4762,55.4762,59.6341,0.8389,63.5592,117.2095,4469
2016-08-12 03:00:00,70.36,transfer,1.0,59.6412,0.0,65.9384,65.9384,59.6412,0.4434,63.6013,117.3339,4470
2016-08-12 04:00:00,140.74,transfer,1.0,59.7543,0.0,59.2345,59.2345,59.7543,0.1588,63.8003,117.579,4471
2016-08-12 05:00:00,149.28,transfer,1.0,60.0255,0.0,64.1047,64.1047,60.0255,0.0354,64.0273,117.8565,4472
2016-08-12 06:00:00,174.12,transfer,1.0,60.6457,0.0,69.5474,69.5474,60.6457,0.0004,64.4162,118.2927,4473
2016-08-12 07:00:00,174.51,transfer,1.0,61.0553,0.0,57.3225,57.3225,61.0553,-0.0024,64.8104,118.7271,4474
2016-08-12 08:00:00,195.06,transfer,1.0,61.3328,0.0,54.6926,54.6926,61.3328,-0.0041,65.2353,119.1856,4475
2016-08-12 09:00:00,205.41,transfer,1.0,61.4942,0.0,50.0201,50.0201,61.4942,-0.0046,65.5443,119.5249,4476
2016-08-12 10:00:00,209.36,transfer,1.0,61.5927,0.0,66.6488,66.6488,61.5927,-0.0052,65.8307,119.8395,4477
2016-08-12 11:00:00,212.26,transfer,1.0,61.6447,0.0,69.0525,69.0525,61.6447,-0.0056,66.1667,120.2003,4478
2016-08-12 12:00:00,216.95,transfer,1.0,61.6681,0.0,59.6946,59.6946,61.6681,-0.0058,66.4888,120.5436,4479
2016-08-12 13:00:00,212.14,transfer,1.0,61.6715,0.0,63.1328,63.1328,61.6715,-0.0056,66.8762,120.9493,4480
2016-08-12 14:00:00,215.82,transfer,1.0,61.6091,0.0,65.0894,65.0894,61.6091,-0.0057,67.1456,121.2334,4481
2016-08-12 15:00:00,202.48,transfer,1.0,61.0381,0.0,66.2838,66.2838,61.0381,-0.0054,67.3129,121.4104,4482
2016-08-12 16:00:00,194.69,transfer,1.0,60.8541,0.0,56.1928,56.1928,60.8541,-0.0064,67.5191,121.6234,4483
2016-08-12 17:00:00,189.89,transfer,1.0,60.8014,0.0,51.7748,51.7748,60.8014,-0.0072,67.7384,121.8473,4484
2016-08-12 18:00:00,105.18,transfer,1.0,60.7829,0.0,71.7315,71.7315,60.7829,-0.0076,67.7734,121.8863,4485
2016-08-12 19:00:00,87.8,transfer,1.0,60.2942,0.0,62.3873,62.3873,60.2942,-0.0088,67.7639,121.8784,4486
2016-08-12 20:00:00,90.13,transfer,1.0,60.4798,0.0,64.1186,64.1186,60.4798,-0.0096,67.7898,121.91,4487
2016-08-12 21:00:00,77.23,transfer,1.0,60.307,0.0,67.4173,67.4173,60.307,-0.0086,67.7694,121.8986,4488
2016-08-12 22:00:00,76.02,transfer,1.0,60.0068,0.0,48.685,48.685,60.0068,-0.008,67.7497,121.8909,4489
2016-08-12 23:00:00,75.52,transfer,1.0,59.5779,0.0,61.5673,61.5673,59.5779,-0.0074,67.7624,121.9178,4490
2016-08-13 00:00:00,74.68,transfer,1.0,59.2124,0.0,67.0689,67.0689,59.2124,-0.0069,67.7992,121.971,4491
2016-08-13 01:00:00,74.15,transfer,1.0,58.6101,0.0,60.1393,60.1393,58.6101,-0.0065,67.8333,122.0257,4492
2016-08-13 02:00:00,72.53,transfer,1.0,58.0651,0.0,50.2178,50.2178,58.0651,-0.0076,67.8575,122.0756,4493
2016-08-13 03:00:00,72.99,transfer,1.0,57.6932,0.0,49.4392,49.4392,57.6932,-0.0095,67.8856,122.135,4494
2016-08-13 04:00:00,145.28,transfer,1.0,57.4827,0.0,53.9677,53.9677,57.4827,-0.0113,68.0232,122.3057,4495
2016-08-13 05:00:00,153.8,transfer,1.0,57.5581,0.0,57.2603,57.2603,57.5581,-0.0111,68.2347,122.5525,4496
2016-08-13 06:00:00,156.24,transfer,1.0,58.4933,0.0,57.1271,57.1271,58.4933,-0.0114,68.4726,122.8243,4497
2016-08-13 07:00:00,154.96,transfer,1.0,59.3298,0.0,63.2299,63.2299,59.3298,-0.012,68.7336,123.1169,4498
2016-08-13 08:00:00,160.99,transfer,1.0,59.9143,0.0,69.5985,69.5985,59.9143,-0.0122,69.0095,123.4222,4499
2016-08-13 09:00:00,147.59,transfer,1.0,60.207,0.0,71.5128,71.5128,60.207,-0.0122,69.1184,123.5601,4500
2016-08-13 10:00:00,166.41,transfer,1.0,60.3294,0.0,60.0939,60.0939,60.3294,-0.012,69.234,123.7061,4501
2016-08-13 11:00:00,166.8,transfer,1.0,60.2241,0.0,62.7205,62.7205,60.2241,-0.0111,69.2751,123.7795,4502
2016-08-13 12:00:00,157.14,transfer,1.0,59.7353,0.0,55.4679,55.4679,59.7353,-0.0102,69.1844,123.7207,4503
2016-08-13 13:00:00,157.54,transfer,1.0,57.735,0.0,51.5881,51.5881,57.735,-0.0093,69.0386,123.596,4504
2016-08-13 14:00:00,172.02,transfer,1.0,55.7953,0.0,59.8275,59.8275,55.7953,-0.0082,69.0781,123.6437,4505
2016-08-13 15:00:00,182.33,transfer,1.0,54.4593,0.0,53.5334,53.5334,54.4593,-0.0077,69.2252,123.7886,4506
2016-08-13 16:00:00,182.93,transfer,1.0,53.4398,0.0,51.71,51.71,53.4398,-0.0079,69.4309,123.9845,4507
2016-08-13 17:00:00,172.81,transfer,1.0,40.1347,0.0,26.2699,26.2699,40.1347,-0.0086,69.6903,124.1547,4508
2016-08-13 18:00:00,95.49,transfer,1.0,29.5487,0.0,31.2672,31.2672,29.5487,-0.0089,69.8675,124.181,4509
2016-08-13 19:00:00,86.29,transfer,1.0,29.0941,0.0,22.89,22.89,29.0941,-0.0113,70.031,124.1944,4510
2016-08-13 20:00:00,90.66,transfer,1.0,27.9562,0.0,24.3481,24.3481,27.9562,-0.0134,70.2152,124.2303,4511
2016-08-13 21:00:00,80.98,transfer,1.0,26.5278,0.0,31.2696,31.2696,26.5278,-0.0143,70.4253,124.2949,4512
2016-08-13 22:00:00,80.81,transfer,1.0,25.3351,0.0,24.7802,24.7802,25.3351,-0.015,70.662,124.3902,4513
2016-08-13 23:00:00,78.55,transfer,1.0,24.2824,0.0,27.3724,27.3724,24.2824,-0.015,70.9255,124.5175,4514
2016-08-14 00:00:00,79.18,transfer,1.0,23.4423,0.0,18.8431,18.8431,23.4423,-0.0142,71.1858,124.6497,4515
2016-08-14 01:00:00,76.72,transfer,1.0,22.9194,0.0,20.9481,20.9481,22.9194,-0.0144,71.4013,124.7457,4516
2016-08-14 02:00:00,76.84,transfer,1.0,22.6473,0.0,14.9253,14.9253,22.6473,-0.015,71.6097,124.8423,4517
2016-08-14 03:00:00,77.3,transfer,1.0,22.7859,0.0,25.3028,25.3028,22.7859,-0.016,71.8117,124.9399,4518
2016-08-14 04:00:00,145.04,transfer,1.0,28.618,0.0,27.833,27.833,28.618,-0.0165,72.0968,125.1597,4519
2016-08-14 05:00:00,160.14,transfer,1.0,42.2542,0.0,51.3383,51.3383,42.2542,-0.0156,72.4061,125.4863,4520
2016-08-14 06:00:00,160.21,transfer,1.0,44.3693,0.0,54.9696,54.9696,44.3693,-0.0155,72.7574,125.8617,4521
2016-08-14 07:00:00,149.36,transfer,1.0,46.6981,0.0,47.4229,47.4229,46.6981,-0.0161,73.0241,126.1593,4522
2016-08-14 08:00:00,158.07,transfer,1.0,48.9012,0.0,41.8545,41.8545,48.9012,-0.0164,73.2879,126.4602,4523
2016-08-14 09:00:00,160.63,transfer,1.0,50.2511,0.0,51.0372,51.0372,50.2511,-0.0159,73.5138,126.727,4524
2016-08-14 10:00:00,157.97,transfer,1.0,51.1179,0.0,46.458,46.458,51.1179,-0.0162,73.7105,126.9671,4525
2016-08-14 11:00:00,165.71,transfer,1.0,51.7951,0.0,47.166,47.166,51.7951,-0.016,73.9306,127.233,4526
2016-08-14 12:00:00,162.64,transfer,1.0,51.7096,0.0,53.915,53.915,51.7096,-0.0164,74.1298,127.4781,4527
2016-08-14 13:00:00,159.7,transfer,1.0,50.665,0.0,55.5322,55.5322,50.665,-0.0163,74.2677,127.6582,4528
2016-08-14 14:00:00,160.11,transfer,1.0,39.1496,0.0,41.3186,41.3186,39.1496,-0.0162,74.4374,127.8093,4529
2016-08-14 15:00:00,159.78,transfer,1.0,30.8209,0.0,28.1712,28.1712,30.8209,-0.0155,74.6023,127.9519,4530
2016-08-14 16:00:00,163.57,transfer,1.0,29.7589,0.0,30.4286,30.4286,29.7589,-0.0146,74.7119,128.074,4531
2016-08-14 17:00:00,171.31,transfer,1.0,29.261,0.0,28.1193,28.1193,29.261,-0.0135,74.9022,128.2728,4532
2016-08-14 18:00:00,88.79,transfer,1.0,28.9486,0.0,20.9082,20.9082,28.9486,-0.0124,74.9662,128.336,4533
2016-08-14 19:00:00,85.04,transfer,1.0,28.6867,0.0,28.9783,28.9783,28.6867,-0.0142,75.06,128.4181,4534
2016-08-14 20:00:00,89.9,transfer,1.0,27.5107,0.0,27.5175,27.5175,27.5107,-0.0156,75.1777,128.5126,4535
2016-08-14 21:00:00,75.72,transfer,1.0,26.0884,0.0,29.0046,29.0046,26.0884,-0.0147,75.2449,128.5453,4536
2016-08-14 22:00:00,74.84,transfer,1.0,25.0279,0.0,26.9038,26.9038,25.0279,-0.0142,75.3197,128.5774,4537
2016-08-14 23:00:00,72.57,transfer,1.0,23.9917,0.0,24.9836,24.9836,23.9917,-0.014,75.4144,128.6227,4538
2016-08-15 00:00:00,72.5,transfer,1.0,23.0826,0.0,22.9923,22.9923,23.0826,-0.0145,75.5321,128.6894,4539
2016-08-15 01:00:00,72.35,transfer,1.0,22.8828,0.0,22.2905,22.2905,22.8828,-0.0163,75.6602,128.7663,4540
2016-08-15 02:00:00,73.3,transfer,1.0,22.9275,0.0,24.8002,24.8002,22.9275,-0.0182,75.7888,128.8488,4541
2016-08-15 03:00:00,72.46,transfer,1.0,23.5237,0.0,24.9651,24.9651,23.5237,-0.0207,75.909,128.929,4542
2016-08-15 04:00:00,135.28,transfer,1.0,28.1429,0.0,31.6396,31.6396,28.1429,-0.0223,76.0747,129.0918,4543
2016-08-15 05:00:00,147.99,transfer,1.0,43.8046,0.0,44.9012,44.9012,43.8046,-0.0215,76.2725,129.3539,4544
2016-08-15 06:00:00,158.47,transfer,1.0,46.4471,0.0,44.3675,44.3675,46.4471,-0.0212,76.4145,129.5615,4545
2016-08-15 07:00:00,178.37,transfer,1.0,49.2533,0.0,53.8998,53.8998,49.2533,-0.0204,76.5453,129.7748,4546
2016-08-15 08:00:00,198.25,transfer,1.0,51.9015,0.0,49.4437,49.4437,51.9015,-0.0192,76.6745,129.994,4547
2016-08-15 09:00:00,207.87,transfer,1.0,54.0804,0.0,52.7816,52.7816,54.0804,-0.017,76.7892,130.1914,4548
2016-08-15 10:00:00,200.77,transfer,1.0,55.7211,0.0,58.9886,58.9886,55.7211,-0.0145,76.9056,130.377,4549
2016-08-15 11:00:00,203.6,transfer,1.0,56.755,0.0,58.534,58.534,56.755,-0.0124,77.0768,130.5957,4550
2016-08-15 12:00:00,206.3,transfer,1.0,56.6995,0.0,58.8945,58.8945,56.6995,-0.0103,77.3107,130.8651,4551
2016-08-15 13:00:00,209.21,transfer,1.0,49.4494,0.0,47.263,47.263,49.4494,-0.0085,77.6063,131.1317,4552
2016-08-15 14:00:00,215.07,transfer,1.0,36.0153,0.0,38.6767,38.6767,36.0153,-0.0073,78.1033,131.5005,4553
2016-08-15 15:00:00,208.47,transfer,1.0,35.3522,0.0,38.971,38.971,35.3522,-0.0071,78.5835,131.8366,4554
2016-08-15 16:00:00,202.85,transfer,1.0,35.3271,0.0,24.8786,24.8786,35.3271,-0.0082,79.0298,132.134,4555
2016-08-15 17:00:00,193.66,transfer,1.0,35.3697,0.0,37.5269,37.5269,35.3697,-0.0089,79.4319,132.386,4556
2016-08-15 18:00:00,108.55,transfer,1.0,35.4592,0.0,30.2025,30.2025,35.4592,-0.009,79.5633,132.3675,4557
2016-08-15 19:00:00,89.55,transfer,1.0,35.3784,0.0,39.5055,39.5055,35.3784,-0.0114,79.6945,132.3492,4558
2016-08-15 20:00:00,87.45,transfer,1.0,34.9063,0.0,34.1306,34.1306,34.9063,-0.0133,79.8731,132.3774,4559
2016-08-15 21:00:00,72.53,transfer,1.0,34.0579,0.0,28.6517,28.6517,34.0579,-0.0106,80.0551,132.4071,4560
2016-08-15 22:00:00,71.04,transfer,1.0,32.9589,0.0,31.7161,31.7161,32.9589,0.0061,80.2527,132.4498,4561
2016-08-15 23:00:00,68.53,transfer,1.0,32.3734,0.0,36.8383,36.8383,32.3734,0.0266,80.4371,132.4807,4562
2016-08-16 00:00:00,68.36,transfer,1.0,51.4395,0.0,61.2166,61.2166,51.4395,0.0069,80.506,132.5149,4563
2016-08-16 01:00:00,68.56,transfer,1.0,55.1247,0.0,45.5191,45.5191,55.1247,0.0011,80.5551,132.5544,4564
2016-08-16 02:00:00,68.56,transfer,1.0,55.8899,0.0,52.4564,52.4564,55.8899,-0.0022,80.602,132.5977,4565
2016-08-16 03:00:00,68.88,transfer,1.0,57.2175,0.0,59.3295,59.3295,57.2175,-0.0049,80.6449,132.6452,4566
2016-08-16 04:00:00,131.89,transfer,1.0,58.1747,0.0,65.5857,65.5857,58.1747,-0.0073,80.852,132.8612,4567
2016-08-16 05:00:00,145.11,transfer,1.0,59.0388,0.0,61.3709,61.3709,59.0388,-0.0085,81.0971,133.1173,4568
2016-08-16 06:00:00,161.2,transfer,1.0,60.0014,0.0,68.4219,68.4219,60.0014,-0.0104,81.4102,133.4411,4569
2016-08-16 07:00:00,169.84,transfer,1.0,60.6243,0.0,62.3617,62.3617,60.6243,-0.0126,81.6598,133.6997,4570
2016-08-16 08:00:00,195.54,transfer,1.0,61.0494,0.0,61.2993,61.2993,61.0494,-0.0133,81.9768,134.0238,4571
2016-08-16 09:00:00,193.01,transfer,1.0,61.2906,0.0,57.5311,57.5311,61.2906,-0.0129,82.245,134.2976,4572
2016-08-16 10:00:00,195.12,transfer,1.0,61.432,0.0,61.7088,61.7088,61.432,-0.0124,82.4475,134.5046,4573
2016-08-16 11:00:00,202.53,transfer,1.0,61.4661,0.0,55.8315,55.8315,61.4661,-0.0113,82.6631,134.724,4574
2016-08-16 12:00:00,197.76,transfer,1.0,61.2276,0.0,52.875,52.875,61.2276,-0.0101,82.8946,134.9577,4575
2016-08-16 13:00:00,195.39,transfer,1.0,60.6148,0.0,50.3493,50.3493,60.6148,-0.0098,83.0537,135.1161,4576
2016-08-16 14:00:00,192.73,transfer,1.0,60.3311,0.0,67.9836,67.9836,60.3311,-0.0095,83.2592,135.3195,4577
2016-08-16 15:00:00,185.26,transfer,1.0,60.2002,0.0,60.8505,60.8505,60.2002,-0.009,83.4616,135.5186,4578
2016-08-16 16:00:00,183.73,transfer,1.0,60.0846,0.0,74.5666,74.5666,60.0846,-0.009,83.6855,135.7379,4579
2016-08-16 17:00:00,178.26,transfer,1.0,59.9487,0.0,66.8161,66.8161,59.9487,-0.0092,83.9714,136.018,4580
2016-08-16 18:00:00,102.06,transfer,1.0,40.5593,0.0,40.3744,40.3744,40.5593,-0.0093,84.1278,136.0533,4581
2016-08-16 19:00:00,92.09,transfer,1.0,35.3433,0.0,29.6674,29.6674,35.3433,-0.0109,84.3462,136.1209,4582
2016-08-16 20:00:00,94.03,transfer,1.0,35.0516,0.0,44.0207,44.0207,35.0516,-0.0128,84.5889,136.2136,4583
2016-08-16 21:00:00,77.3,transfer,1.0,35.9639,0.0,33.5904,33.5904,35.9639,-0.0135,84.7887,136.2724,4584
2016-08-16 22:00:00,77.06,transfer,1.0,45.8588,0.0,53.3284,53.3284,45.8588,-0.0145,84.9154,136.321,4585
2016-08-16 23:00:00,76.21,transfer,1.0,56.3103,0.0,59.0259,59.0259,56.3103,-0.0152,84.9764,136.3706,4586
2016-08-17 00:00:00,74.51,transfer,1.0,55.7108,0.0,61.5019,61.5019,55.7108,-0.0153,85.0246,136.4075,4587
2016-08-17 01:00:00,72.75,transfer,1.0,55.5932,0.0,54.6402,54.6402,55.5932,-0.014,85.0614,136.4346,4588
2016-08-17 02:00:00,72.7,transfer,1.0,55.9362,0.0,42.3964,42.3964,55.9362,-0.012,85.1609,136.5269,4589
2016-08-17 03:00:00,72.9,transfer,1.0,56.7809,0.0,42.0475,42.0475,56.7809,-0.0104,85.2441,136.6331,4590
2016-08-17 04:00:00,140.6,transfer,1.0,57.8927,0.0,56.6588,56.6588,57.8927,-0.0085,85.4223,136.8151,4591
2016-08-17 05:00:00,150.58,transfer,1.0,59.0643,0.0,55.2832,55.2832,59.0643,-0.0061,85.5731,136.9752,4592
2016-08-17 06:00:00,168.92,transfer,1.0,60.079,0.0,64.6777,64.6777,60.079,-0.0052,85.7738,137.1846,4593
2016-08-17 07:00:00,173.45,transfer,1.0,60.6765,0.0,46.9169,46.9169,60.6765,-0.0049,85.8765,137.2931,4594
2016-08-17 08:00:00,209.51,transfer,1.0,61.0669,0.0,66.7566,66.7566,61.0669,-0.0048,86.0868,137.507,4595
2016-08-17 09:00:00,205.6,transfer,1.0,61.2914,0.0,61.4907,61.4907,61.2914,-0.0036,86.2307,137.6528,4596
2016-08-17 10:00:00,203.22,transfer,1.0,61.4114,0.0,66.5448,66.5448,61.4114,-0.0032,86.3005,137.7234,4597
2016-08-17 11:00:00,195.32,transfer,1.0,61.3752,0.0,45.0814,45.0814,61.3752,-0.002,86.3302,137.7525,4598
2016-08-17 12:00:00,198.56,transfer,1.0,60.6657,0.0,63.6692,63.6692,60.6657,-0.0008,86.39,137.807,4599
2016-08-17 13:00:00,187.01,transfer,1.0,60.1002,0.0,68.323,68.323,60.1002,0.0002,86.3721,137.7802,4600
2016-08-17 14:00:00,195.68,transfer,1.0,59.9188,0.0,61.8852,61.8852,59.9188,0.0005,86.4238,137.8219,4601
2016-08-17 15:00:00,188.83,transfer,1.0,59.9036,0.0,58.2229,58.2229,59.9036,0.0007,86.4254,137.8133,4602
2016-08-17 16:00:00,175.81,transfer,1.0,59.8899,0.0,54.5431,54.5431,59.8899,0.0003,86.4374,137.8149,4603
2016-08-17 17:00:00,160.11,transfer,1.0,35.6909,0.0,39.958,39.958,35.6909,0.001,86.4942,137.7175,4604
2016-08-17 18:00:00,108.06,transfer,1.0,35.421,0.0,33.8473,33.8473,35.421,0.0022,86.6787,137.7464,4605
2016-08-17 19:00:00,95.1,transfer,1.0,35.1368,0.0,39.6376,39.6376,35.1368,0.0015,86.8514,137.7623,4606
2016-08-17 20:00:00,90.36,transfer,1.0,34.6437,0.0,28.4073,28.4073,34.6437,0.0018,87.0054,137.7583,4607
2016-08-17 21:00:00,72.47,transfer,1.0,34.2242,0.0,37.4226,37.4226,34.2242,0.0221,87.1589,137.7534,4608
2016-08-17 22:00:00,71.47,transfer,1.0,33.9398,0.0,33.6847,33.6847,33.9398,0.1842,87.301,137.7367,4609
2016-08-17 23:00:00,68.81,transfer,1.0,46.0284,0.0,39.338,39.338,46.0284,0.723,87.3686,137.7173,4610
2016-08-18 00:00:00,69.43,transfer,1.0,56.3468,0.0,54.5995,54.5995,56.3468,1.0123,87.3812,137.7051,4611
2016-08-18 01:00:00,70.5,transfer,1.0,56.3818,0.0,57.0843,57.0843,56.3818,1.109,87.4007,137.7017,4612
2016-08-18 02:00:00,70.21,transfer,1.0,56.8721,0.0,49.2274,49.2274,56.8721,0.9473,87.4061,137.6892,4613
2016-08-18 03:00:00,69.15,transfer,1.0,57.595,0.0,58.5992,58.5992,57.595,0.6993,87.4028,137.6743,4614
2016-08-18 04:00:00,124.94,transfer,1.0,58.2471,0.0,55.9605,55.9605,58.2471,0.5179,87.3656,137.6283,4615
2016-08-18 05:00:00,136.95,transfer,1.0,58.9797,0.0,63.2083,63.2083,58.9797,0.2785,87.3599,137.6161,4616
2016-08-18 06:00:00,159.54,transfer,1.0,59.8693,0.0,57.9035,57.9035,59.8693,0.0823,87.4041,137.6556,4617
2016-08-18 07:00:00,178.38,transfer,1.0,60.5099,0.0,47.24,47.24,60.5099,0.0127,87.4717,137.72,4618
2016-08-18 08:00:00,186.95,transfer,1.0,60.9485,0.0,61.8246,61.8246,60.9485,0.0047,87.3838,137.6297,4619
2016-08-18 09:00:00,195.06,transfer,1.0,61.225,0.0,69.394,69.394,61.225,0.005,87.32,137.5641,4620
2016-08-18 10:00:00,199.01,transfer,1.0,61.3681,0.0,57.4897,57.4897,61.3681,0.0054,87.2661,137.5085,4621
2016-08-18 11:00:00,208.02,transfer,1.0,61.4338,0.0,59.9344,59.9344,61.4338,0.006,87.2954,137.5362,4622
2016-08-18 12:00:00,202.76,transfer,1.0,61.3847,0.0,51.1503,51.1503,61.3847,0.0067,87.2038,137.4426,4623
2016-08-18 13:00:00,198.56,transfer,1.0,60.6194,0.0,68.0019,68.0019,60.6194,0.0077,87.1124,137.3444,4624
2016-08-18 14:00:00,191.14,transfer,1.0,60.2037,0.0,54.6921,54.6921,60.2037,0.0082,87.0365,137.2593,4625
2016-08-18 15:00:00,179.57,transfer,1.0,60.1285,0.0,50.3746,50.3746,60.1285,0.0113,86.9425,137.1558,4626
2016-08-18 16:00:00,165.16,transfer,1.0,60.1069,0.0,59.5512,59.5512,60.1069,0.0131,86.7862,136.9901,4627
2016-08-18 17:00:00,152.51,transfer,1.0,45.9265,0.0,38.5976,38.5976,45.9265,0.0169,86.6371,136.7473,4628
2016-08-18 18:00:00,88.35,transfer,1.0,36.0736,0.0,37.7937,37.7937,36.0736,0.0172,86.7358,136.6937,4629
2016-08-18 19:00:00,81.49,transfer,1.0,35.8266,0.0,44.3315,44.3315,35.8266,0.0088,86.8715,136.6763,4630
2016-08-18 20:00:00,75.63,transfer,1.0,36.0721,0.0,34.7664,34.7664,36.0721,0.0026,86.971,136.6256,4631
2016-08-18 21:00:00,71.46,transfer,1.0,56.2996,0.0,49.8923,49.8923,56.2996,0.0009,86.9737,136.6009,4632
2016-08-18 22:00:00,72.35,transfer,1.0,57.3518,0.0,58.1994,58.1994,57.3518,-0.0007,86.9802,136.5897,4633
2016-08-18 23:00:00,70.12,transfer,1.0,56.6193,0.0,54.7558,54.7558,56.6193,-0.0011,86.9808,136.572,4634
2016-08-19 00:00:00,69.29,transfer,1.0,56.3751,0.0,51.6368,51.6368,56.3751,-0.0009,86.9776,136.5528,4635
2016-08-19 01:00:00,70.08,transfer,1.0,56.3355,0.0,49.3847,49.3847,56.3355,-0.0012,86.9856,136.5468,4636
2016-08-19 02:00:00,68.12,transfer,1.0,56.5051,0.0,56.1769,56.1769,56.5051,-0.0018,86.9821,136.5297,4637
2016-08-19 03:00:00,67.15,transfer,1.0,56.792,0.0,46.6869,46.6869,56.792,-0.0031,86.98,136.5133,4638
2016-08-19 04:00:00,121.13,transfer,1.0,57.0681,0.0,61.7072,61.7072,57.0681,-0.0051,86.8793,136.3975,4639
2016-08-19 05:00:00,126.38,transfer,1.0,57.6789,0.0,66.0394,66.0394,57.6789,-0.0053,86.7569,136.2615,4640
2016-08-19 06:00:00,129.44,transfer,1.0,58.7557,0.0,51.0734,51.0734,58.7557,-0.0064,86.5022,135.9956,4641
2016-08-19 07:00:00,147.51,transfer,1.0,59.6314,0.0,62.607,62.607,59.6314,-0.007,86.35,135.8349,4642
2016-08-19 08:00:00,179.53,transfer,1.0,60.1798,0.0,54.1258,54.1258,60.1798,-0.0072,86.2644,135.7424,4643
2016-08-19 09:00:00,192.63,transfer,1.0,60.4754,0.0,59.7861,59.7861,60.4754,-0.0067,86.1944,135.6664,4644
2016-08-19 10:00:00,198.94,transfer,1.0,60.7029,0.0,67.7762,67.7762,60.7029,-0.0058,86.1377,135.6044,4645
2016-08-19 11:00:00,195.38,transfer,1.0,60.7739,0.0,67.1809,67.1809,60.7739,-0.0045,86.0424,135.5039,4646
2016-08-19 12:00:00,165.91,transfer,1.0,60.3634,0.0,50.5314,50.5314,60.3634,-0.0019,85.7463,135.2,4647
2016-08-19 13:00:00,189.27,transfer,1.0,59.5146,0.0,50.9023,50.9023,59.5146,0.0,85.623,135.0639,4648
2016-08-19 14:00:00,186.11,transfer,1.0,59.089,0.0,59.9482,59.9482,59.089,0.002,85.4612,134.887,4649
2016-08-19 15:00:00,177.7,transfer,1.0,58.984,0.0,57.3728,57.3728,58.984,0.0021,85.3259,134.7394,4650
2016-08-19 16:00:00,163.36,transfer,1.0,58.9318,0.0,63.8117,63.8117,58.9318,0.0011,85.1509,134.5529,4651
2016-08-19 17:00:00,158.02,transfer,1.0,35.6914,0.0,37.5259,37.5259,35.6914,0.0004,85.1106,134.3632,4652
2016-08-19 18:00:00,93.37,transfer,1.0,34.5486,0.0,31.7872,31.7872,34.5486,0.0002,85.1965,134.2928,4653
2016-08-19 19:00:00,76.18,transfer,1.0,34.163,0.0,36.7459,36.7459,34.163,-0.0043,85.2829,134.2236,4654
2016-08-19 20:00:00,73.7,transfer,1.0,33.3453,0.0,36.8965,36.8965,33.3453,-0.0075,85.3466,134.1258,4655
2016-08-19 21:00:00,76.7,transfer,1.0,33.1823,0.0,24.4469,24.4469,33.1823,-0.0095,85.5049,134.1227,4656
2016-08-19 22:00:00,79.1,transfer,1.0,45.7055,0.0,42.9732,42.9732,45.7055,-0.0114,85.6084,134.141,4657
2016-08-19 23:00:00,76.11,transfer,1.0,52.8799,0.0,40.1258,40.1258,52.8799,-0.0127,85.6517,134.1446,4658
2016-08-20 00:00:00,73.7,transfer,1.0,52.3355,0.0,53.3066,53.3066,52.3355,-0.0131,85.6868,134.1388,4659
2016-08-20 01:00:00,73.72,transfer,1.0,51.3992,0.0,48.7903,48.7903,51.3992,-0.0126,85.7272,134.1362,4660
2016-08-20 02:00:00,73.28,transfer,1.0,50.9597,0.0,52.1685,52.1685,50.9597,-0.0133,85.774,134.1407,4661
2016-08-20 03:00:00,73.88,transfer,1.0,51.1631,0.0,46.4109,46.4109,51.1631,-0.0149,85.8181,134.1461,4662
2016-08-20 04:00:00,129.62,transfer,1.0,51.7731,0.0,49.0287,49.0287,51.7731,-0.016,85.7589,134.0529,4663
2016-08-20 05:00:00,135.38,transfer,1.0,53.0166,0.0,43.2305,43.2305,53.0166,-0.0148,85.6763,133.9433,4664
2016-08-20 06:00:00,123.96,transfer,1.0,54.5332,0.0,64.8997,64.8997,54.5332,-0.0144,85.5077,133.7511,4665
2016-08-20 07:00:00,126.67,transfer,1.0,55.893,0.0,58.2866,58.2866,55.893,-0.014,85.3598,133.5828,4666
2016-08-20 08:00:00,135.83,transfer,1.0,56.7583,0.0,54.2652,54.2652,56.7583,-0.0131,85.2288,133.433,4667
2016-08-20 09:00:00,142.88,transfer,1.0,56.9702,0.0,59.1857,59.1857,56.9702,-0.0112,85.22,133.405,4668
2016-08-20 10:00:00,151.82,transfer,1.0,56.6353,0.0,56.0335,56.0335,56.6353,-0.0096,85.1552,133.3181,4669
2016-08-20 11:00:00,153.97,transfer,1.0,55.4759,0.0,54.4944,54.4944,55.4759,-0.0084,85.1071,133.2417,4670
2016-08-20 12:00:00,148.86,transfer,1.0,53.6152,0.0,56.1811,56.1811,53.6152,-0.0079,85.0942,133.1924,4671
2016-08-20 13:00:00,144.27,transfer,1.0,51.8702,0.0,53.0719,53.0719,51.8702,-0.0081,85.0501,133.1134,4672
2016-08-20 14:00:00,144.7,transfer,1.0,50.7061,0.0,40.3385,40.3385,50.7061,-0.0076,84.9178,132.9508,4673
2016-08-20 15:00:00,145.76,transfer,1.0,49.2621,0.0,52.1114,52.1114,49.2621,-0.0073,84.7311,132.7331,4674
2016-08-20 16:00:00,146.99,transfer,1.0,43.6035,0.0,50.6518,50.6518,43.6035,-0.0067,84.5757,132.5192,4675
2016-08-20 17:00:00,129.53,transfer,1.0,26.5298,0.0,24.778,24.778,26.5298,-0.0066,84.399,132.2616,4676
2016-08-20 18:00:00,82.15,transfer,1.0,25.9076,0.0,28.7793,28.7793,25.9076,-0.0067,84.3413,132.1821,4677
2016-08-20 19:00:00,67.39,transfer,1.0,25.1551,0.0,28.6566,28.6566,25.1551,-0.0093,84.2523,132.0696,4678
2016-08-20 20:00:00,76.12,transfer,1.0,23.8501,0.0,20.6443,20.6443,23.8501,-0.0126,84.1902,131.9831,4679
2016-08-20 21:00:00,72.92,transfer,1.0,22.4177,0.0,24.1112,24.1112,22.4177,-0.0156,84.1666,131.9351,4680
2016-08-20 22:00:00,74.85,transfer,1.0,21.3792,0.0,22.0514,22.0514,21.3792,-0.0183,84.1547,131.8996,4681
2016-08-20 23:00:00,75.93,transfer,1.0,20.6248,0.0,26.2552,26.2552,20.6248,-0.02,84.1609,131.8841,4682
2016-08-21 00:00:00,75.28,transfer,1.0,20.0636,0.0,19.0794,19.0794,20.0636,-0.0212,84.1578,131.8609,4683
2016-08-21 01:00:00,73.6,transfer,1.0,19.7374,0.0,19.2513,19.2513,19.7374,-0.022,84.1582,131.8424,4684
2016-08-21 02:00:00,71.33,transfer,1.0,19.5846,0.0,18.9505,18.9505,19.5846,-0.0227,84.1436,131.8096,4685
2016-08-21 03:00:00,72.46,transfer,1.0,19.616,0.0,19.8534,19.8534,19.616,-0.0236,84.1336,131.7809,4686
2016-08-21 04:00:00,135.97,transfer,1.0,19.8975,0.0,19.0799,19.0799,19.8975,-0.0242,84.1316,131.7269,4687
2016-08-21 05:00:00,139.76,transfer,1.0,23.0145,0.0,25.9633,25.9633,23.0145,-0.023,84.1248,131.6057,4688
2016-08-21 06:00:00,128.65,transfer,1.0,33.135,0.0,28.2676,28.2676,33.135,-0.0221,84.0038,131.4178,4689
2016-08-21 07:00:00,128.98,transfer,1.0,36.3632,0.0,26.0773,26.0773,36.3632,-0.0211,83.944,131.2966,4690
2016-08-21 08:00:00,126.79,transfer,1.0,39.3365,0.0,42.0842,42.0842,39.3365,-0.0206,83.8147,131.1104,4691
2016-08-21 09:00:00,130.92,transfer,1.0,40.475,0.0,45.2317,45.2317,40.475,-0.0198,83.6961,130.9336,4692
2016-08-21 10:00:00,135.59,transfer,1.0,40.9573,0.0,41.0212,41.0212,40.9573,-0.0197,83.6234,130.8004,4693
2016-08-21 11:00:00,138.77,transfer,1.0,38.8577,0.0,35.6339,35.6339,38.8577,-0.0195,83.54,130.64,4694
2016-08-21 12:00:00,143.36,transfer,1.0,31.5993,0.0,35.2598,35.2598,31.5993,-0.0188,83.5449,130.5253,4695
2016-08-21 13:00:00,141.55,transfer,1.0,26.8558,0.0,30.9958,30.9958,26.8558,-0.0182,83.5786,130.4173,4696
2016-08-21 14:00:00,148.4,transfer,1.0,25.6819,0.0,24.3081,24.3081,25.6819,-0.0181,83.5891,130.3476,4697
2016-08-21 15:00:00,138.55,transfer,1.0,25.2783,0.0,27.6595,27.6595,25.2783,-0.0171,83.4957,130.2212,4698
2016-08-21 16:00:00,128.81,transfer,1.0,24.4067,0.0,23.184,23.184,24.4067,0.0045,83.3207,130.0142,4699
2016-08-21 17:00:00,113.24,transfer,1.0,24.2066,0.0,24.5036,24.5036,24.2066,0.0059,83.0051,129.6684,4700
2016-08-21 18:00:00,75.12,transfer,1.0,23.9447,0.0,17.5899,17.5899,23.9447,0.0013,82.9535,129.587,4701
2016-08-21 19:00:00,75.71,transfer,1.0,23.3884,0.0,18.0627,18.0627,23.3884,-0.0056,82.9295,129.5314,4702
2016-08-21 20:00:00,80.74,transfer,1.0,22.5698,0.0,26.3837,26.3837,22.5698,-0.0101,82.9044,129.4768,4703
2016-08-21 21:00:00,61.73,transfer,1.0,21.8228,0.0,20.3298,20.3298,21.8228,-0.0134,82.8465,129.3936,4704
2016-08-21 22:00:00,61.18,transfer,1.0,21.1633,0.0,25.5708,25.5708,21.1633,-0.0177,82.7882,129.3123,4705
2016-08-21 23:00:00,59.06,transfer,1.0,20.4829,0.0,20.1198,20.1198,20.4829,-0.0213,82.7287,129.2319,4706
2016-08-22 00:00:00,70.51,transfer,1.0,19.9483,0.0,20.1315,20.1315,19.9483,-0.0249,82.7355,129.2201,4707
2016-08-22 01:00:00,66.97,transfer,1.0,20.0165,0.0,24.4395,24.4395,20.0165,-0.0285,82.7205,129.1882,4708
2016-08-22 02:00:00,66.5,transfer,1.0,20.4967,0.0,18.9716,18.9716,20.4967,-0.031,82.6945,129.1478,4709
2016-08-22 03:00:00,65.43,transfer,1.0,21.7551,0.0,23.4844,23.4844,21.7551,-0.0327,82.6632,129.106,4710
2016-08-22 04:00:00,107.12,transfer,1.0,25.6217,0.0,29.4542,29.4542,25.6217,-0.0341,82.5106,128.9384,4711
2016-08-22 05:00:00,102.89,transfer,1.0,33.9857,0.0,33.2462,33.2462,33.9857,-0.0324,82.3006,128.6701,4712
2016-08-22 06:00:00,120.81,transfer,1.0,35.6266,0.0,36.6,36.6,35.6266,-0.0312,82.1408,128.4459,4713
2016-08-22 07:00:00,139.25,transfer,1.0,36.7014,0.0,36.9665,36.9665,36.7014,-0.0296,81.9827,128.2131,4714
2016-08-22 08:00:00,155.27,transfer,1.0,37.9488,0.0,41.8833,41.8833,37.9488,-0.0281,81.8099,127.9574,4715
2016-08-22 09:00:00,167.21,transfer,1.0,38.5262,0.0,35.0863,35.0863,38.5262,-0.0262,81.6605,127.7154,4716
2016-08-22 10:00:00,175.37,transfer,1.0,37.3274,0.0,35.3117,35.3117,37.3274,-0.0246,81.6188,127.5643,4717
2016-08-22 11:00:00,182.44,transfer,1.0,34.342,0.0,34.2491,34.2491,34.342,-0.0226,81.6262,127.4384,4718
2016-08-22 12:00:00,177.07,transfer,1.0,32.5579,0.0,27.6693,27.6693,32.5579,-0.0208,81.5959,127.2644,4719
2016-08-22 13:00:00,181.89,transfer,1.0,32.5326,0.0,34.8677,34.8677,32.5326,-0.0195,81.534,127.1019,4720
2016-08-22 14:00:00,170.54,transfer,1.0,33.0949,0.0,36.3755,36.3755,33.0949,-0.0186,81.2863,126.8369,4721
2016-08-22 15:00:00,169.3,transfer,1.0,33.6645,0.0,36.1068,36.1068,33.6645,-0.0175,81.0632,126.6038,4722
2016-08-22 16:00:00,160.25,transfer,1.0,34.0574,0.0,34.2831,34.2831,34.0574,-0.0175,80.8172,126.3503,4723
2016-08-22 17:00:00,154.46,transfer,1.0,34.3234,0.0,29.9951,29.9951,34.3234,-0.0186,80.5901,126.117,4724
2016-08-22 18:00:00,82.45,transfer,1.0,34.4107,0.0,27.6986,27.6986,34.4107,-0.0197,80.441,125.9617,4725
2016-08-22 19:00:00,75.76,transfer,1.0,34.1853,0.0,33.8254,33.8254,34.1853,-0.0235,80.366,125.8797,4726
2016-08-22 20:00:00,73.92,transfer,1.0,33.0632,0.0,36.0977,36.0977,33.0632,-0.0261,80.2964,125.7993,4727
2016-08-22 21:00:00,61.63,transfer,1.0,31.6599,0.0,28.8482,28.8482,31.6599,-0.0277,80.2458,125.7345,4728
2016-08-22 22:00:00,62.35,transfer,1.0,30.5395,0.0,26.9521,26.9521,30.5395,-0.0297,80.2085,125.683,4729
2016-08-22 23:00:00,60.6,transfer,1.0,31.9068,0.0,33.2637,33.2637,31.9068,-0.0308,80.1641,125.6361,4730
2016-08-23 00:00:00,72.22,transfer,1.0,46.2439,0.0,42.3936,42.3936,46.2439,-0.0319,80.218,125.6593,4731
2016-08-23 01:00:00,69.68,transfer,1.0,48.1324,0.0,45.9198,45.9198,48.1324,-0.032,80.2663,125.6662,4732
2016-08-23 02:00:00,68.39,transfer,1.0,48.2214,0.0,38.6877,38.6877,48.2214,-0.0319,80.3109,125.6653,4733
2016-08-23 03:00:00,66.32,transfer,1.0,48.6248,0.0,52.6181,52.6181,48.6248,-0.0313,80.3468,125.6503,4734
2016-08-23 04:00:00,106.37,transfer,1.0,49.6694,0.0,50.1881,50.1881,49.6694,-0.0308,80.2455,125.4985,4735
2016-08-23 05:00:00,109.88,transfer,1.0,51.8462,0.0,47.2245,47.2245,51.8462,-0.0292,80.0787,125.2889,4736
2016-08-23 06:00:00,119.7,transfer,1.0,54.1482,0.0,51.1006,51.1006,54.1482,-0.0289,79.8665,125.042,4737
2016-08-23 07:00:00,138.73,transfer,1.0,56.0096,0.0,70.1983,70.1983,56.0096,-0.0283,79.7088,124.8569,4738
2016-08-23 08:00:00,165.06,transfer,1.0,57.4467,0.0,58.6874,58.6874,57.4467,-0.0269,79.5488,124.6756,4739
2016-08-23 09:00:00,167.61,transfer,1.0,58.2346,0.0,65.8395,65.8395,58.2346,-0.0249,79.4158,124.5244,4740
2016-08-23 10:00:00,169.78,transfer,1.0,58.6521,0.0,53.1615,53.1615,58.6521,-0.0232,79.2815,124.3737,4741
2016-08-23 11:00:00,183.05,transfer,1.0,58.8214,0.0,59.636,59.636,58.8214,-0.0205,79.1813,124.2578,4742
2016-08-23 12:00:00,176.47,transfer,1.0,58.8508,0.0,73.7678,73.7678,58.8508,-0.0169,79.0687,124.1311,4743
2016-08-23 13:00:00,169.24,transfer,1.0,58.9748,0.0,51.3626,51.3626,58.9748,-0.0153,78.9228,123.9755,4744
2016-08-23 14:00:00,178.2,transfer,1.0,59.1908,0.0,65.3726,65.3726,59.1908,-0.0137,78.8431,123.889,4745
2016-08-23 15:00:00,173.95,transfer,1.0,59.3366,0.0,47.4204,47.4204,59.3366,-0.0131,78.7809,123.8217,4746
2016-08-23 16:00:00,143.44,transfer,1.0,47.1182,0.0,61.8061,61.8061,47.1182,-0.0131,78.6183,123.5819,4747
2016-08-23 17:00:00,145.63,transfer,1.0,35.9016,0.0,40.5235,40.5235,35.9016,-0.0122,78.5672,123.3877,4748
2016-08-23 18:00:00,74.0,transfer,1.0,35.7559,0.0,40.7127,40.7127,35.7559,-0.0119,78.4288,123.2207,4749
2016-08-23 19:00:00,70.83,transfer,1.0,35.5712,0.0,39.1029,39.1029,35.5712,-0.0145,78.3009,123.0942,4750
2016-08-23 20:00:00,62.87,transfer,1.0,34.9293,0.0,30.7141,30.7141,34.9293,-0.0163,78.1161,122.9087,4751
2016-08-23 21:00:00,57.37,transfer,1.0,35.4157,0.0,36.3028,36.3028,35.4157,-0.0184,78.0007,122.7901,4752
2016-08-23 22:00:00,58.14,transfer,1.0,45.8841,0.0,54.4516,54.4516,45.8841,-0.021,77.888,122.6775,4753
2016-08-23 23:00:00,56.87,transfer,1.0,54.1337,0.0,52.6798,52.6798,54.1337,-0.0234,77.7858,122.5625,4754
2016-08-24 00:00:00,67.56,transfer,1.0,53.226,0.0,59.9904,59.9904,53.226,-0.0258,77.7592,122.5212,4755
2016-08-24 01:00:00,64.43,transfer,1.0,52.8143,0.0,52.8998,52.8998,52.8143,-0.0268,77.7263,122.4717,4756
2016-08-24 02:00:00,64.09,transfer,1.0,53.0072,0.0,54.6172,54.6172,53.0072,-0.0269,77.6924,122.4205,4757
2016-08-24 03:00:00,66.2,transfer,1.0,53.2035,0.0,48.6722,48.6722,53.2035,-0.0268,77.6738,122.3808,4758
2016-08-24 04:00:00,108.85,transfer,1.0,53.7195,0.0,54.6489,54.6489,53.7195,-0.026,77.5097,122.1919,4759
2016-08-24 05:00:00,115.3,transfer,1.0,54.9575,0.0,66.6995,66.6995,54.9575,-0.0248,77.3241,121.982,4760
2016-08-24 06:00:00,110.29,transfer,1.0,56.7262,0.0,49.6962,49.6962,56.7262,-0.0249,76.9951,121.6331,4761
2016-08-24 07:00:00,123.28,transfer,1.0,58.1959,0.0,60.7781,60.7781,58.1959,-0.0246,76.7113,121.3346,4762
2016-08-24 08:00:00,145.81,transfer,1.0,59.1461,0.0,53.6385,53.6385,59.1461,-0.0239,76.3435,120.9556,4763
2016-08-24 09:00:00,167.32,transfer,1.0,59.6182,0.0,65.1042,65.1042,59.6182,-0.0225,76.1256,120.7278,4764
2016-08-24 10:00:00,181.06,transfer,1.0,59.8772,0.0,63.4621,63.4621,59.8772,-0.0218,76.0028,120.596,4765
2016-08-24 11:00:00,173.0,transfer,1.0,59.9051,0.0,65.7678,65.7678,59.9051,-0.0214,75.8787,120.4633,4766
2016-08-24 12:00:00,170.2,transfer,1.0,59.7735,0.0,62.0408,62.0408,59.7735,-0.0203,75.7152,120.2946,4767
2016-08-24 13:00:00,176.06,transfer,1.0,59.5284,0.0,69.359,69.359,59.5284,-0.0186,75.6535,120.2295,4768
2016-08-24 14:00:00,178.95,transfer,1.0,59.5397,0.0,59.9461,59.9461,59.5397,-0.0177,75.5561,120.13,4769
2016-08-24 15:00:00,182.62,transfer,1.0,59.7382,0.0,49.3846,49.3846,59.7382,-0.0168,75.5202,120.0932,4770
2016-08-24 16:00:00,164.04,transfer,1.0,59.887,0.0,55.7247,55.7247,59.887,-0.0164,75.4501,120.0232,4771
2016-08-24 17:00:00,144.61,transfer,1.0,40.2278,0.0,40.5289,40.5289,40.2278,-0.0169,75.3309,119.9311,4772
2016-08-24 18:00:00,94.41,transfer,1.0,40.4368,0.0,45.7501,45.7501,40.4368,-0.0167,75.2197,119.8499,4773
2016-08-24 19:00:00,70.16,transfer,1.0,45.0942,0.0,47.328,47.328,45.0942,-0.0173,75.012,119.7016,4774
2016-08-24 20:00:00,75.53,transfer,1.0,57.5994,0.0,48.6809,48.6809,57.5994,-0.0175,74.7871,119.6134,4775
2016-08-24 21:00:00,59.07,transfer,1.0,58.7754,0.0,61.2971,61.2971,58.7754,-0.0181,74.5612,119.5339,4776
2016-08-24 22:00:00,59.75,transfer,1.0,57.9049,0.0,57.2841,57.2841,57.9049,-0.0195,74.3488,119.4654,4777
2016-08-24 23:00:00,58.35,transfer,1.0,56.8492,0.0,59.0942,59.0942,56.8492,-0.0207,74.2221,119.4075,4778
2016-08-25 00:00:00,69.33,transfer,1.0,55.9715,0.0,52.4891,52.4891,55.9715,-0.0217,74.2238,119.4131,4779
2016-08-25 01:00:00,69.84,transfer,1.0,55.2295,0.0,47.8022,47.8022,55.2295,-0.0215,74.2267,119.4159,4780
2016-08-25 02:00:00,69.05,transfer,1.0,54.9426,0.0,64.3897,64.3897,54.9426,-0.0216,74.2313,119.4147,4781
2016-08-25 03:00:00,67.97,transfer,1.0,54.9951,0.0,63.2995,63.2995,54.9951,-0.022,74.2397,119.412,4782
2016-08-25 04:00:00,112.95,transfer,1.0,55.3702,0.0,59.1503,59.1503,55.3702,-0.0223,74.1855,119.3439,4783
2016-08-25 05:00:00,117.59,transfer,1.0,56.258,0.0,57.7617,57.7617,56.258,-0.022,74.0864,119.2304,4784
2016-08-25 06:00:00,124.04,transfer,1.0,57.645,0.0,60.3315,60.3315,57.645,-0.0229,73.8884,119.0197,4785
2016-08-25 07:00:00,142.58,transfer,1.0,58.8058,0.0,57.3811,57.3811,58.8058,-0.0227,73.6854,118.8068,4786
2016-08-25 08:00:00,172.88,transfer,1.0,59.6727,0.0,53.1126,53.1126,59.6727,-0.0219,73.6093,118.7232,4787
2016-08-25 09:00:00,178.07,transfer,1.0,60.2571,0.0,60.3659,60.3659,60.2571,-0.0206,73.5139,118.6223,4788
2016-08-25 10:00:00,185.32,transfer,1.0,60.7074,0.0,44.2424,44.2424,60.7074,-0.0187,73.4363,118.5409,4789
2016-08-25 11:00:00,187.53,transfer,1.0,60.9618,0.0,55.0397,55.0397,60.9618,-0.0161,73.3172,118.4191,4790
2016-08-25 12:00:00,191.13,transfer,1.0,61.0339,0.0,53.7909,53.7909,61.0339,-0.0136,73.25,118.35,4791
2016-08-25 13:00:00,189.06,transfer,1.0,60.964,0.0,55.0433,55.0433,60.964,-0.0117,73.1915,118.2936,4792
2016-08-25 14:00:00,195.85,transfer,1.0,60.9723,0.0,58.7173,58.7173,60.9723,-0.0101,73.2149,118.3217,4793
2016-08-25 15:00:00,188.88,transfer,1.0,61.0677,0.0,52.1488,52.1488,61.0677,-0.009,73.2647,118.3772,4794
2016-08-25 16:00:00,175.46,transfer,1.0,61.2064,0.0,45.6582,45.6582,61.2064,-0.0088,73.3195,118.4387,4795
2016-08-25 17:00:00,171.87,transfer,1.0,61.2685,0.0,63.4284,63.4284,61.2685,-0.0085,73.3434,118.5541,4796
2016-08-25 18:00:00,100.04,transfer,1.0,61.2603,0.0,61.97,61.97,61.2603,-0.0087,73.2631,118.6238,4797
2016-08-25 19:00:00,86.13,transfer,1.0,61.1885,0.0,48.7474,48.7474,61.1885,-0.0096,73.1397,118.6515,4798
2016-08-25 20:00:00,88.02,transfer,1.0,60.8309,0.0,66.9577,66.9577,60.8309,-0.0102,73.0661,118.7254,4799
2016-08-25 21:00:00,73.45,transfer,1.0,60.3231,0.0,58.7598,58.7598,60.3231,-0.01,73.054,118.7373,4800
2016-08-25 22:00:00,66.95,transfer,1.0,59.7781,0.0,54.6459,54.6459,59.7781,-0.0107,73.0074,118.7052,4801
2016-08-25 23:00:00,65.02,transfer,1.0,59.1769,0.0,56.7641,56.7641,59.1769,-0.011,72.9618,118.6749,4802
2016-08-26 00:00:00,83.12,transfer,1.0,58.674,0.0,63.9557,63.9557,58.674,-0.011,73.0305,118.7573,4803
2016-08-26 01:00:00,80.68,transfer,1.0,58.1787,0.0,55.4384,55.4384,58.1787,-0.0114,73.0826,118.8204,4804
2016-08-26 02:00:00,81.25,transfer,1.0,58.0888,0.0,57.7275,57.7275,58.0888,-0.012,73.1513,118.8986,4805
2016-08-26 03:00:00,79.1,transfer,1.0,58.1947,0.0,69.9077,69.9077,58.1947,-0.0131,73.2141,118.9698,4806
2016-08-26 04:00:00,150.44,transfer,1.0,58.4455,0.0,63.9605,63.9605,58.4455,-0.0138,73.3804,119.1443,4807
2016-08-26 05:00:00,139.67,transfer,1.0,58.9901,0.0,66.4108,66.4108,58.9901,-0.0136,73.4517,119.2235,4808
2016-08-26 06:00:00,156.79,transfer,1.0,59.972,0.0,67.7997,67.7997,59.972,-0.0149,73.6072,119.3863,4809
2016-08-26 07:00:00,160.1,transfer,1.0,60.5743,0.0,60.6695,60.6695,60.5743,-0.0153,73.6766,119.4613,4810
2016-08-26 08:00:00,184.23,transfer,1.0,61.0035,0.0,50.8445,50.8445,61.0035,-0.015,73.6996,119.4894,4811
2016-08-26 09:00:00,193.63,transfer,1.0,61.2478,0.0,65.8695,65.8695,61.2478,-0.0134,73.701,119.4954,4812
2016-08-26 10:00:00,194.12,transfer,1.0,61.3904,0.0,67.8653,67.8653,61.3904,-0.0123,73.6682,119.4667,4813
2016-08-26 11:00:00,197.22,transfer,1.0,61.4717,0.0,59.1688,59.1688,61.4717,-0.0111,73.675,119.4777,4814
2016-08-26 12:00:00,198.51,transfer,1.0,61.5162,0.0,64.3855,64.3855,61.5162,-0.0091,73.8622,119.6718,4815
2016-08-26 13:00:00,204.77,transfer,1.0,61.5056,0.0,73.7891,73.7891,61.5056,-0.0088,73.9426,119.7641,4816
2016-08-26 14:00:00,204.49,transfer,1.0,61.3994,0.0,53.9445,53.9445,61.3994,-0.0081,74.0383,119.8736,4817
2016-08-26 15:00:00,199.06,transfer,1.0,61.0502,0.0,59.2451,59.2451,61.0502,-0.0073,74.1531,120.0008,4818
2016-08-26 16:00:00,181.53,transfer,1.0,60.9005,0.0,47.3508,47.3508,60.9005,-0.0075,74.2495,120.109,4819
2016-08-26 17:00:00,186.44,transfer,1.0,60.9291,0.0,57.2439,57.2439,60.9291,-0.0079,74.2685,120.2782,4820
2016-08-26 18:00:00,97.04,transfer,1.0,60.934,0.0,65.3351,65.3351,60.934,-0.0078,74.1333,120.3001,4821
2016-08-26 19:00:00,88.05,transfer,1.0,60.8429,0.0,67.6774,67.6774,60.8429,-0.01,74.0451,120.3708,4822
2016-08-26 20:00:00,89.63,transfer,1.0,60.7291,0.0,61.3697,61.3697,60.7291,-0.0119,73.9769,120.4656,4823
2016-08-26 21:00:00,71.83,transfer,1.0,60.4061,0.0,69.6744,69.6744,60.4061,-0.0124,73.7859,120.4366,4824
2016-08-26 22:00:00,67.39,transfer,1.0,59.9687,0.0,48.8453,48.8453,59.9687,-0.013,73.6313,120.367,4825
2016-08-26 23:00:00,65.05,transfer,1.0,59.3887,0.0,62.7045,62.7045,59.3887,-0.0135,73.5267,120.3011,4826
2016-08-27 00:00:00,80.68,transfer,1.0,58.8311,0.0,47.2131,47.2131,58.8311,-0.013,73.5296,120.3427,4827
2016-08-27 01:00:00,80.48,transfer,1.0,57.9348,0.0,61.9044,61.9044,57.9348,-0.012,73.5309,120.3829,4828
2016-08-27 02:00:00,75.4,transfer,1.0,57.3,0.0,57.2733,57.2733,57.3,-0.0123,73.5058,120.3955,4829
2016-08-27 03:00:00,75.77,transfer,1.0,56.9464,0.0,59.8871,59.8871,56.9464,-0.0135,73.4826,120.4068,4830
2016-08-27 04:00:00,140.68,transfer,1.0,56.7062,0.0,54.411,54.411,56.7062,-0.0146,73.5191,120.4726,4831
2016-08-27 05:00:00,145.62,transfer,1.0,56.7559,0.0,57.4911,57.4911,56.7559,-0.0152,73.5578,120.5335,4832
2016-08-27 06:00:00,127.49,transfer,1.0,57.7914,0.0,54.4257,54.4257,57.7914,-0.0166,73.5594,120.5546,4833
2016-08-27 07:00:00,136.75,transfer,1.0,58.7759,0.0,54.092,54.092,58.7759,-0.0177,73.6023,120.6146,4834
2016-08-27 08:00:00,136.49,transfer,1.0,59.3333,0.0,55.7217,55.7217,59.3333,-0.0182,73.5909,120.6185,4835
2016-08-27 09:00:00,140.18,transfer,1.0,59.5899,0.0,62.367,62.367,59.5899,-0.0183,73.5592,120.6025,4836
2016-08-27 10:00:00,141.68,transfer,1.0,59.6139,0.0,64.612,64.612,59.6139,-0.0181,73.4811,120.5422,4837
2016-08-27 11:00:00,145.38,transfer,1.0,59.4709,0.0,60.4509,60.4509,59.4709,-0.0179,73.4062,120.4911,4838
2016-08-27 12:00:00,150.39,transfer,1.0,59.1523,0.0,72.2327,72.2327,59.1523,-0.0172,73.3824,120.5003,4839
2016-08-27 13:00:00,144.9,transfer,1.0,58.1427,0.0,59.4208,59.4208,58.1427,-0.0167,73.3488,120.5041,4840
2016-08-27 14:00:00,149.88,transfer,1.0,55.7329,0.0,54.8646,54.8646,55.7329,-0.0158,73.3497,120.535,4841
2016-08-27 15:00:00,151.53,transfer,1.0,53.3977,0.0,58.8149,58.8149,53.3977,-0.0159,73.3594,120.5694,4842
2016-08-27 16:00:00,131.33,transfer,1.0,51.713,0.0,62.6298,62.6298,51.713,-0.0159,73.2179,120.4762,4843
2016-08-27 17:00:00,135.66,transfer,1.0,49.8024,0.0,55.2832,55.2832,49.8024,-0.0164,73.1159,120.5128,4844
2016-08-27 18:00:00,79.43,transfer,1.0,27.1863,0.0,30.3011,30.3011,27.1863,-0.0169,73.0921,120.4966,4845
2016-08-27 19:00:00,65.0,transfer,1.0,25.7806,0.0,30.1923,30.1923,25.7806,-0.02,73.0741,120.4825,4846
2016-08-27 20:00:00,79.85,transfer,1.0,24.4648,0.0,23.3339,23.3339,24.4648,-0.0221,73.0927,120.5047,4847
2016-08-27 21:00:00,60.16,transfer,1.0,23.1141,0.0,25.7437,25.7437,23.1141,-0.0233,73.0126,120.4288,4848
2016-08-27 22:00:00,59.6,transfer,1.0,22.4431,0.0,19.6352,19.6352,22.4431,-0.0254,72.9155,120.3381,4849
2016-08-27 23:00:00,58.96,transfer,1.0,22.6873,0.0,24.2431,24.2431,22.6873,-0.0271,72.8022,120.2371,4850
2016-08-28 00:00:00,74.44,transfer,1.0,23.0985,0.0,21.8422,21.8422,23.0985,-0.0288,72.7791,120.2322,4851
2016-08-28 01:00:00,70.3,transfer,1.0,28.7204,0.0,24.0222,24.0222,28.7204,-0.0301,72.706,120.2126,4852
2016-08-28 02:00:00,68.02,transfer,1.0,33.1758,0.0,39.7651,39.7651,33.1758,-0.0314,72.6054,120.1929,4853
2016-08-28 03:00:00,62.67,transfer,1.0,33.6781,0.0,36.5689,36.5689,33.6781,-0.0325,72.4634,120.1347,4854
2016-08-28 04:00:00,120.58,transfer,1.0,33.8409,0.0,37.6413,37.6413,33.8409,-0.0324,72.2888,120.0431,4855
2016-08-28 05:00:00,131.18,transfer,1.0,33.9348,0.0,37.2,37.2,33.9348,-0.0309,72.1728,119.9921,4856
2016-08-28 06:00:00,125.28,transfer,1.0,34.4841,0.0,34.722,34.722,34.4841,-0.0304,72.1447,119.9721,4857
2016-08-28 07:00:00,116.62,transfer,1.0,35.3436,0.0,37.2208,37.2208,35.3436,-0.0304,72.0772,119.8986,4858
2016-08-28 08:00:00,124.22,transfer,1.0,36.4472,0.0,37.4525,37.4525,36.4472,-0.0301,72.0791,119.8834,4859
2016-08-28 09:00:00,122.29,transfer,1.0,36.7144,0.0,37.2047,37.2047,36.7144,-0.0297,72.0501,119.832,4860
2016-08-28 10:00:00,129.1,transfer,1.0,36.2608,0.0,40.2373,40.2373,36.2608,-0.0296,72.0394,119.7935,4861
2016-08-28 11:00:00,138.86,transfer,1.0,33.2527,0.0,26.6365,26.6365,33.2527,-0.0293,72.0733,119.7941,4862
2016-08-28 12:00:00,125.7,transfer,1.0,26.5271,0.0,22.7164,22.7164,26.5271,-0.0288,71.9984,119.689,4863
2016-08-28 13:00:00,134.51,transfer,1.0,23.6361,0.0,22.7911,22.7911,23.6361,-0.0284,71.9756,119.6472,4864
2016-08-28 14:00:00,126.06,transfer,1.0,22.8037,0.0,19.5665,19.5665,22.8037,-0.0278,71.8598,119.5142,4865
2016-08-28 15:00:00,132.64,transfer,1.0,22.2499,0.0,17.2259,17.2259,22.2499,-0.0278,71.8426,119.4791,4866
2016-08-28 16:00:00,129.76,transfer,1.0,21.7367,0.0,20.6212,20.6212,21.7367,-0.0286,71.8642,119.485,4867
2016-08-28 17:00:00,128.96,transfer,1.0,21.335,0.0,22.466,22.466,21.335,-0.0296,71.9748,119.5788,4868
2016-08-28 18:00:00,69.77,transfer,1.0,20.9893,0.0,22.4082,22.4082,20.9893,-0.0301,71.9606,119.5471,4869
2016-08-28 19:00:00,69.97,transfer,1.0,20.7025,0.0,24.0613,24.0613,20.7025,-0.032,71.9424,119.5131,4870
2016-08-28 20:00:00,66.36,transfer,1.0,19.9722,0.0,21.3689,21.3689,19.9722,-0.0329,71.8723,119.4276,4871
2016-08-28 21:00:00,58.46,transfer,1.0,19.1865,0.0,21.1325,21.1325,19.1865,-0.0332,71.8685,119.4083,4872
2016-08-28 22:00:00,58.07,transfer,1.0,18.5682,0.0,22.0239,22.0239,18.5682,-0.0344,71.8654,119.3899,4873
2016-08-28 23:00:00,57.0,transfer,1.0,18.0712,0.0,21.4801,21.4801,18.0712,-0.035,71.8675,119.3777,4874
2016-08-29 00:00:00,61.41,transfer,1.0,17.706,0.0,18.4702,18.4702,17.706,-0.0352,71.8267,119.3236,4875
2016-08-29 01:00:00,61.26,transfer,1.0,17.6562,0.0,16.7662,16.7662,17.6562,-0.0355,71.8068,119.2896,4876
2016-08-29 02:00:00,61.03,transfer,1.0,17.8564,0.0,18.1097,18.1097,17.8564,-0.0358,71.7899,119.2571,4877
2016-08-29 03:00:00,60.46,transfer,1.0,18.1926,0.0,17.0507,17.0507,18.1926,-0.0358,71.7816,119.2275,4878
2016-08-29 04:00:00,112.07,transfer,1.0,18.7407,0.0,20.5129,20.5129,18.7407,-0.0358,71.852,119.257,4879
2016-08-29 05:00:00,126.4,transfer,1.0,19.7296,0.0,19.1566,19.1566,19.7296,-0.034,72.0768,119.397,4880
2016-08-29 06:00:00,137.51,transfer,1.0,21.3651,0.0,22.4248,22.4248,21.3651,-0.0337,72.2611,119.4964,4881
2016-08-29 07:00:00,151.28,transfer,1.0,22.8897,0.0,24.4379,24.4379,22.8897,-0.033,72.4149,119.568,4882
2016-08-29 08:00:00,180.66,transfer,1.0,24.8495,0.0,26.6933,26.6933,24.8495,-0.0317,72.644,119.7192,4883
2016-08-29 09:00:00,188.99,transfer,1.0,27.3405,0.0,27.0911,27.0911,27.3405,-0.0294,72.8402,119.8488,4884
2016-08-29 10:00:00,204.2,transfer,1.0,29.9374,0.0,32.4079,32.4079,29.9374,-0.0278,73.0558,120.0205,4885
2016-08-29 11:00:00,196.31,transfer,1.0,32.2667,0.0,29.5103,29.5103,32.2667,-0.0259,73.1507,120.103,4886
2016-08-29 12:00:00,197.23,transfer,1.0,34.1662,0.0,32.5368,32.5368,34.1662,-0.0233,73.2612,120.2231,4887
2016-08-29 13:00:00,192.94,transfer,1.0,35.4607,0.0,36.6416,36.6416,35.4607,-0.0211,73.3095,120.2888,4888
2016-08-29 14:00:00,193.83,transfer,1.0,36.5163,0.0,39.7395,39.7395,36.5163,-0.0191,73.4278,120.4275,4889
2016-08-29 15:00:00,184.51,transfer,1.0,37.5728,0.0,38.3482,38.3482,37.5728,-0.0181,73.495,120.518,4890
2016-08-29 16:00:00,179.82,transfer,1.0,39.1302,0.0,49.9041,49.9041,39.1302,-0.0169,73.5813,120.6345,4891
2016-08-29 17:00:00,173.71,transfer,1.0,42.3915,0.0,42.1451,42.1451,42.3915,-0.0172,73.6479,120.7491,4892
2016-08-29 18:00:00,100.36,transfer,1.0,49.8003,0.0,52.422,52.422,49.8003,-0.0175,73.6629,120.8557,4893
2016-08-29 19:00:00,91.85,transfer,1.0,58.3671,0.0,64.2703,64.2703,58.3671,-0.0226,73.6147,120.9514,4894
2016-08-29 20:00:00,94.84,transfer,1.0,59.8646,0.0,54.5374,54.5374,59.8646,-0.0255,73.5797,121.076,4895
2016-08-29 21:00:00,68.15,transfer,1.0,59.5219,0.0,58.7538,58.7538,59.5219,-0.0273,73.4527,121.1148,4896
2016-08-29 22:00:00,66.84,transfer,1.0,58.9453,0.0,43.5011,43.5011,58.9453,-0.0293,73.3103,121.1415,4897
2016-08-29 23:00:00,66.33,transfer,1.0,58.0544,0.0,54.3265,54.3265,58.0544,-0.03,73.1888,121.1756,4898
2016-08-30 00:00:00,65.62,transfer,1.0,57.2721,0.0,55.6722,55.6722,57.2721,-0.0302,73.0839,121.1363,4899
2016-08-30 01:00:00,65.78,transfer,1.0,56.7866,0.0,60.1911,60.1911,56.7866,-0.03,73.0091,121.1131,4900
2016-08-30 02:00:00,69.25,transfer,1.0,56.5282,0.0,53.7519,53.7519,56.5282,-0.029,72.9648,121.1182,4901
2016-08-30 03:00:00,68.55,transfer,1.0,56.6634,0.0,51.4929,51.4929,56.6634,-0.028,72.9302,121.1314,4902
2016-08-30 04:00:00,120.3,transfer,1.0,57.2781,0.0,48.3457,48.3457,57.2781,-0.0266,72.9679,121.2143,4903
2016-08-30 05:00:00,131.85,transfer,1.0,58.2458,0.0,52.5394,52.5394,58.2458,-0.0246,73.0605,121.3451,4904
2016-08-30 06:00:00,141.95,transfer,1.0,59.4826,0.0,57.7066,57.7066,59.4826,-0.0242,73.1612,121.4775,4905
2016-08-30 07:00:00,155.54,transfer,1.0,60.3345,0.0,66.424,66.424,60.3345,-0.0242,73.2355,121.5775,4906
2016-08-30 08:00:00,171.73,transfer,1.0,60.8913,0.0,59.1935,59.1935,60.8913,-0.0232,73.2547,121.6172,4907
2016-08-30 09:00:00,180.79,transfer,1.0,61.2261,0.0,60.8555,60.8555,61.2261,-0.0212,73.3154,121.6956,4908
2016-08-30 10:00:00,181.86,transfer,1.0,61.3977,0.0,64.0641,64.0641,61.3977,-0.0193,73.371,121.7675,4909
2016-08-30 11:00:00,184.84,transfer,1.0,61.453,0.0,54.3875,54.3875,61.453,-0.0166,73.3659,121.7781,4910
2016-08-30 12:00:00,184.42,transfer,1.0,61.1346,0.0,54.9545,54.9545,61.1346,-0.0141,73.3997,121.8254,4911
2016-08-30 13:00:00,177.58,transfer,1.0,60.6481,0.0,58.4513,58.4513,60.6481,-0.012,73.4394,121.8751,4912
2016-08-30 14:00:00,182.55,transfer,1.0,60.5237,0.0,52.4991,52.4991,60.5237,-0.0104,73.4573,121.9009,4913
2016-08-30 15:00:00,173.38,transfer,1.0,60.5294,0.0,67.1729,67.1729,60.5294,-0.0082,73.4468,121.8975,4914
2016-08-30 16:00:00,166.48,transfer,1.0,60.57,0.0,54.3839,54.3839,60.57,-0.0069,73.5039,122.0346,4915
2016-08-30 17:00:00,163.1,transfer,1.0,38.7829,0.0,40.7331,40.7331,38.7829,-0.0072,73.5907,122.1386,4916
2016-08-30 18:00:00,105.19,transfer,1.0,37.1846,0.0,37.433,37.433,37.1846,-0.0082,73.7679,122.3242,4917
2016-08-30 19:00:00,96.26,transfer,1.0,37.6125,0.0,46.0782,46.0782,37.6125,-0.0096,73.9071,122.4755,4918
2016-08-30 20:00:00,88.26,transfer,1.0,42.5441,0.0,43.5631,43.5631,42.5441,-0.0092,74.0129,122.6266,4919
2016-08-30 21:00:00,64.81,transfer,1.0,59.6313,0.0,56.8911,56.8911,59.6313,-0.0093,73.913,122.6709,4920
2016-08-30 22:00:00,64.16,transfer,1.0,59.6198,0.0,50.839,50.839,59.6198,-0.0107,73.8671,122.7066,4921
2016-08-30 23:00:00,62.83,transfer,1.0,59.0313,0.0,58.0261,58.0261,59.0313,-0.0117,73.8734,122.742,4922
2016-08-31 00:00:00,62.77,transfer,1.0,58.4464,0.0,44.147,44.147,58.4464,-0.0128,73.8139,122.7135,4923
2016-08-31 01:00:00,61.57,transfer,1.0,58.0437,0.0,42.1946,42.1946,58.0437,-0.0129,73.7657,122.6963,4924
2016-08-31 02:00:00,61.15,transfer,1.0,57.7824,0.0,57.77,57.77,57.7824,-0.0127,73.7198,122.6788,4925
2016-08-31 03:00:00,62.64,transfer,1.0,57.8314,0.0,60.2398,60.2398,57.8314,-0.0122,73.671,122.6575,4926
2016-08-31 04:00:00,111.3,transfer,1.0,58.0916,0.0,56.9173,56.9173,58.0916,-0.0125,73.6596,122.672,4927
2016-08-31 05:00:00,118.99,transfer,1.0,58.5797,0.0,59.2906,59.2906,58.5797,-0.0129,73.66,122.6939,4928
2016-08-31 06:00:00,124.49,transfer,1.0,59.5014,0.0,64.1438,64.1438,59.5014,-0.015,73.728,122.7783,4929
2016-08-31 07:00:00,145.33,transfer,1.0,60.2294,0.0,76.2531,76.2531,60.2294,-0.0169,73.8472,122.9096,4930
2016-08-31 08:00:00,170.05,transfer,1.0,60.6998,0.0,55.629,55.629,60.6998,-0.018,73.9822,123.0538,4931
2016-08-31 09:00:00,180.1,transfer,1.0,60.9959,0.0,66.6569,66.6569,60.9959,-0.018,74.0501,123.1298,4932
2016-08-31 10:00:00,186.89,transfer,1.0,61.1835,0.0,60.913,60.913,61.1835,-0.018,74.077,123.1645,4933
2016-08-31 11:00:00,185.04,transfer,1.0,61.3047,0.0,70.4646,70.4646,61.3047,-0.0173,74.1403,123.2362,4934
2016-08-31 12:00:00,193.64,transfer,1.0,61.334,0.0,64.7669,64.7669,61.334,-0.0164,74.2706,123.3757,4935
2016-08-31 13:00:00,182.11,transfer,1.0,61.0762,0.0,41.062,41.062,61.0762,-0.0153,74.2974,123.4117,4936
2016-08-31 14:00:00,197.29,transfer,1.0,60.4537,0.0,52.4322,52.4322,60.4537,-0.0143,74.4011,123.5208,4937
2016-08-31 15:00:00,185.64,transfer,1.0,60.287,0.0,52.4746,52.4746,60.287,-0.013,74.4158,123.5388,4938
2016-08-31 16:00:00,185.74,transfer,1.0,60.3027,0.0,43.6321,43.6321,60.3027,-0.0124,74.5425,123.6679,4939
2016-08-31 17:00:00,186.7,transfer,1.0,60.2811,0.0,59.2577,59.2577,60.2811,-0.0121,74.6737,123.9184,4940
2016-08-31 18:00:00,135.4,transfer,1.0,38.8736,0.0,34.9729,34.9729,38.8736,-0.0123,74.927,124.1624,4941
2016-08-31 19:00:00,118.72,transfer,1.0,38.0718,0.0,40.6991,40.6991,38.0718,-0.0134,75.2578,124.4514,4942
2016-08-31 20:00:00,115.9,transfer,1.0,43.9481,0.0,53.0394,53.0394,43.9481,-0.0131,75.5794,124.6917,4943
2016-08-31 21:00:00,98.8,transfer,1.0,59.6137,0.0,61.4186,61.4186,59.6137,-0.0121,75.8109,124.9281,4944
2016-08-31 22:00:00,94.58,transfer,1.0,59.8307,0.0,65.4638,65.4638,59.8307,-0.0107,76.0067,125.1354,4945
2016-08-31 23:00:00,88.47,transfer,1.0,59.6507,0.0,60.528,60.528,59.6507,-0.0087,76.1693,125.3146,4946
2016-09-01 00:00:00,86.62,transfer,1.0,59.4551,0.0,51.7229,51.7229,59.4551,-0.0059,76.2515,125.4174,4947
2016-09-01 01:00:00,84.86,transfer,1.0,59.2939,0.0,65.0462,65.0462,59.2939,-0.0015,76.3167,125.5067,4948
2016-09-01 02:00:00,83.97,transfer,1.0,59.2379,0.0,61.5125,61.5125,59.2379,0.0449,76.38,125.5951,4949
2016-09-01 03:00:00,82.94,transfer,1.0,59.3365,0.0,55.8732,55.8732,59.3365,0.3473,76.4432,125.682,4950
2016-09-01 04:00:00,138.17,transfer,1.0,59.7516,0.0,56.2384,56.2384,59.7516,1.5653,76.5673,125.8227,4951
2016-09-01 05:00:00,149.06,transfer,1.0,60.2818,0.0,50.0234,50.0234,60.2818,2.411,76.7306,125.9955,4952
2016-09-01 06:00:00,160.3,transfer,1.0,60.8486,0.0,60.1125,60.1125,60.8486,2.8584,76.9274,126.1942,4953
2016-09-01 07:00:00,161.23,transfer,1.0,61.199,0.0,57.2224,57.2224,61.199,3.0203,77.0242,126.2871,4954
2016-09-01 08:00:00,171.88,transfer,1.0,61.4289,0.0,66.8797,66.8797,61.4289,2.9864,77.0078,126.2633,4955
2016-09-01 09:00:00,179.3,transfer,1.0,61.5605,0.0,60.9702,60.9702,61.5605,2.8756,77.0073,126.2533,4956
2016-09-01 10:00:00,182.04,transfer,1.0,61.6323,0.0,63.5344,63.5344,61.6323,2.6966,76.9823,126.2177,4957
2016-09-01 11:00:00,184.66,transfer,1.0,61.6714,0.0,68.2923,68.2923,61.6714,2.5154,76.961,126.1855,4958
2016-09-01 12:00:00,183.54,transfer,1.0,61.6877,0.0,65.302,65.302,61.6877,2.3122,76.9119,126.1265,4959
2016-09-01 13:00:00,169.18,transfer,1.0,61.6874,0.0,63.3125,63.3125,61.6874,2.1506,76.7893,125.9953,4960
2016-09-01 14:00:00,176.49,transfer,1.0,61.6595,0.0,76.8701,76.8701,61.6595,2.0055,76.6699,125.868,4961
2016-09-01 15:00:00,170.63,transfer,1.0,61.6037,0.0,57.705,57.705,61.6037,1.8756,76.5581,125.7482,4962
2016-09-01 16:00:00,159.07,transfer,1.0,61.5472,0.0,67.1655,67.1655,61.5472,1.7613,76.4585,125.6401,4963
2016-09-01 17:00:00,162.22,transfer,1.0,61.5018,0.0,69.439,69.439,61.5018,1.7,76.3997,125.5725,4964
2016-09-01 18:00:00,106.54,transfer,1.0,61.4434,0.0,62.6943,62.6943,61.4434,1.7645,76.4373,125.6006,4965
2016-09-01 19:00:00,77.29,transfer,1.0,61.3349,0.0,58.8689,58.8689,61.3349,2.1142,76.3838,125.5354,4966
2016-09-01 20:00:00,84.11,transfer,1.0,61.1042,0.0,70.4629,70.4629,61.1042,2.7497,76.3589,125.4957,4967
2016-09-01 21:00:00,65.64,transfer,1.0,60.7008,0.0,64.3748,64.3748,60.7008,3.6996,76.3102,125.4271,4968
2016-09-01 22:00:00,66.09,transfer,1.0,60.1374,0.0,53.1698,53.1698,60.1374,4.474,76.3029,125.3953,4969
2016-09-01 23:00:00,64.65,transfer,1.0,59.408,0.0,69.1305,69.1305,59.408,5.5891,76.2993,125.3597,4970
2016-09-02 00:00:00,72.54,transfer,1.0,58.7786,0.0,46.9433,46.9433,58.7786,6.9578,76.2357,125.2553,4971
2016-09-02 01:00:00,68.14,transfer,1.0,58.2633,0.0,63.0742,63.0742,58.2633,7.9266,76.1606,125.1334,4972
2016-09-02 02:00:00,67.19,transfer,1.0,58.0337,0.0,59.5041,59.5041,58.0337,8.7742,76.0772,124.9974,4973
2016-09-02 03:00:00,67.55,transfer,1.0,58.0084,0.0,56.1977,56.1977,58.0084,9.0184,76.0096,124.8749,4974
2016-09-02 04:00:00,100.01,transfer,1.0,58.1599,0.0,56.7564,56.7564,58.1599,8.5328,75.7111,124.5238,4975
2016-09-02 05:00:00,113.69,transfer,1.0,58.5791,0.0,63.9914,63.9914,58.5791,7.6693,75.5589,124.3235,4976
2016-09-02 06:00:00,118.2,transfer,1.0,59.2235,0.0,64.1212,64.1212,59.2235,6.4327,75.3337,124.0554,4977
2016-09-02 07:00:00,125.0,transfer,1.0,59.931,0.0,60.8672,60.8672,59.931,4.966,75.1286,123.8168,4978
2016-09-02 08:00:00,148.16,transfer,1.0,60.4149,0.0,62.9285,62.9285,60.4149,3.5907,74.9174,123.5806,4979
2016-09-02 09:00:00,156.71,transfer,1.0,60.6692,0.0,68.6268,68.6268,60.6692,2.4277,74.7011,123.3464,4980
2016-09-02 10:00:00,158.15,transfer,1.0,60.8909,0.0,51.4153,51.4153,60.8909,1.4813,74.4899,123.1234,4981
2016-09-02 11:00:00,173.18,transfer,1.0,61.0468,0.0,63.0504,63.0504,61.0468,0.7628,74.3494,122.9757,4982
2016-09-02 12:00:00,161.08,transfer,1.0,61.1439,0.0,74.3018,74.3018,61.1439,0.3068,74.1288,122.751,4983
2016-09-02 13:00:00,156.16,transfer,1.0,61.1726,0.0,61.2042,61.2042,61.1726,0.074,73.8414,122.4611,4984
2016-09-02 14:00:00,163.13,transfer,1.0,61.0739,0.0,66.39,66.39,61.0739,0.0217,73.5972,122.2148,4985
2016-09-02 15:00:00,154.14,transfer,1.0,60.9027,0.0,62.11,62.11,60.9027,0.003,73.3307,121.9473,4986
2016-09-02 16:00:00,140.77,transfer,1.0,60.7965,0.0,57.673,57.673,60.7965,0.0021,73.0887,121.7047,4987
2016-09-02 17:00:00,132.47,transfer,1.0,60.6832,0.0,59.0029,59.0029,60.6832,0.0085,72.7689,121.3833,4988
2016-09-02 18:00:00,88.67,transfer,1.0,60.4805,0.0,63.4452,63.4452,60.4805,23.2495,72.7218,121.195,4989
2016-09-02 19:00:00,89.26,transfer,1.0,60.0751,0.0,61.8328,61.8328,60.0751,-0.007,72.7335,121.2022,4990
2016-09-02 20:00:00,79.94,transfer,1.0,59.3834,0.0,65.3147,65.3147,59.3834,-0.0097,72.6839,121.1445,4991
2016-09-02 21:00:00,68.52,transfer,1.0,58.7042,0.0,47.8051,47.8051,58.7042,-0.0081,72.6743,121.1248,4992
2016-09-02 22:00:00,65.23,transfer,1.0,57.9315,0.0,63.6079,63.6079,57.9315,-0.0051,72.6736,121.1119,4993
2016-09-02 23:00:00,63.47,transfer,1.0,57.0102,0.0,62.9706,62.9706,57.0102,-0.0011,72.6783,121.1024,4994
2016-09-03 00:00:00,65.89,transfer,1.0,56.1073,0.0,54.8088,54.8088,56.1073,0.0244,72.6065,121.0142,4995
2016-09-03 01:00:00,64.78,transfer,1.0,54.73,0.0,61.0593,61.0593,54.73,0.0327,72.5321,120.9205,4996
2016-09-03 02:00:00,63.99,transfer,1.0,53.4347,0.0,64.6125,64.6125,53.4347,0.0037,72.4872,120.8524,4997
2016-09-03 03:00:00,63.75,transfer,1.0,52.4335,0.0,42.8449,42.8449,52.4335,0.0011,72.4425,120.7808,4998
2016-09-03 04:00:00,95.77,transfer,1.0,51.6991,0.0,45.9735,45.9735,51.6991,-0.0013,72.205,120.5134,4999
2016-09-03 05:00:00,106.34,transfer,1.0,51.1751,0.0,50.0647,50.0647,51.1751,-0.0066,72.0044,120.2795,5000
2016-09-03 06:00:00,91.59,transfer,1.0,51.438,0.0,55.527,55.527,51.438,-0.0118,71.8285,120.0658,5001
2016-09-03 07:00:00,84.91,transfer,1.0,52.1466,0.0,55.9987,55.9987,52.1466,-0.0162,71.5594,119.7572,5002
2016-09-03 08:00:00,89.48,transfer,1.0,52.4078,0.0,55.0103,55.0103,52.4078,-0.0192,71.3208,119.4774,5003
2016-09-03 09:00:00,87.45,transfer,1.0,51.5806,0.0,48.3343,48.3343,51.5806,-0.0211,71.0546,119.1636,5004
2016-09-03 10:00:00,101.36,transfer,1.0,50.1084,0.0,55.5578,55.5578,50.1084,-0.0225,70.8712,118.9236,5005
2016-09-03 11:00:00,89.48,transfer,1.0,47.9897,0.0,53.0031,53.0031,47.9897,-0.0233,70.6068,118.5909,5006
2016-09-03 12:00:00,94.6,transfer,1.0,45.7866,0.0,50.6538,50.6538,45.7866,-0.024,70.3543,118.2589,5007
2016-09-03 13:00:00,91.96,transfer,1.0,43.2318,0.0,41.5775,41.5775,43.2318,-0.0246,70.1279,117.9438,5008
2016-09-03 14:00:00,95.73,transfer,1.0,41.1282,0.0,43.5222,43.5222,41.1282,-0.0251,69.8925,117.6215,5009
2016-09-03 15:00:00,98.67,transfer,1.0,39.3651,0.0,28.9922,28.9922,39.3651,-0.0246,69.6614,117.3069,5010
2016-09-03 16:00:00,98.63,transfer,1.0,37.7644,0.0,40.001,40.001,37.7644,-0.0247,69.5498,117.1123,5011
2016-09-03 17:00:00,96.51,transfer,1.0,36.2534,0.0,41.4347,41.4347,36.2534,-0.0253,69.3974,116.8794,5012
2016-09-03 18:00:00,70.88,transfer,1.0,34.7921,0.0,39.4416,39.4416,34.7921,-0.0254,69.3013,116.8285,5013
2016-09-03 19:00:00,74.21,transfer,1.0,33.5653,0.0,37.4678,37.4678,33.5653,-0.0264,69.3097,116.8834,5014
2016-09-03 20:00:00,70.98,transfer,1.0,32.8329,0.0,33.4519,33.4519,32.8329,-0.0248,69.2071,116.8306,5015
2016-09-03 21:00:00,64.77,transfer,1.0,32.3038,0.0,33.3691,33.3691,32.3038,-0.0233,69.1799,116.858,5016
2016-09-03 22:00:00,67.99,transfer,1.0,31.6318,0.0,29.0583,29.0583,31.6318,-0.0209,69.1751,116.9079,5017
2016-09-03 23:00:00,65.59,transfer,1.0,30.7286,0.0,29.2844,29.2844,30.7286,-0.0174,69.1667,116.9474,5018
2016-09-04 00:00:00,67.19,transfer,1.0,29.4651,0.0,28.714,28.714,29.4651,-0.0135,69.0857,116.9041,5019
2016-09-04 01:00:00,65.07,transfer,1.0,29.4615,0.0,24.5657,24.5657,29.4615,-0.0119,69.0501,116.8729,5020
2016-09-04 02:00:00,63.37,transfer,1.0,29.2271,0.0,32.1496,32.1496,29.2271,-0.011,69.0459,116.8451,5021
2016-09-04 03:00:00,61.91,transfer,1.0,28.4973,0.0,28.1884,28.1884,28.4973,-0.01,69.0723,116.8404,5022
2016-09-04 04:00:00,85.53,transfer,1.0,26.9574,0.0,28.1822,28.1822,26.9574,-0.0095,68.9046,116.6316,5023
2016-09-04 05:00:00,97.17,transfer,1.0,28.2222,0.0,31.9005,31.9005,28.2222,-0.0133,68.7362,116.4291,5024
2016-09-04 06:00:00,85.32,transfer,1.0,28.6955,0.0,30.5035,30.5035,28.6955,-0.018,68.5328,116.1912,5025
2016-09-04 07:00:00,80.56,transfer,1.0,28.0435,0.0,29.7689,29.7689,28.0435,-0.0226,68.3616,115.9765,5026
2016-09-04 08:00:00,75.14,transfer,1.0,27.7949,0.0,31.673,31.673,27.7949,-0.0262,68.1209,115.6843,5027
2016-09-04 09:00:00,86.21,transfer,1.0,26.8683,0.0,26.8432,26.8432,26.8683,-0.0288,67.9648,115.4695,5028
2016-09-04 10:00:00,85.52,transfer,1.0,25.7662,0.0,26.4747,26.4747,25.7662,-0.0313,67.7678,115.2101,5029
2016-09-04 11:00:00,92.85,transfer,1.0,25.0343,0.0,19.9971,19.9971,25.0343,-0.0325,67.5429,114.9363,5030
2016-09-04 12:00:00,88.84,transfer,1.0,24.2631,0.0,23.492,23.492,24.2631,-0.034,67.337,114.7169,5031
2016-09-04 13:00:00,91.79,transfer,1.0,23.8891,0.0,21.8132,21.8132,23.8891,-0.0349,67.0812,114.4627,5032
2016-09-04 14:00:00,93.84,transfer,1.0,23.7218,0.0,28.1027,28.1027,23.7218,-0.0356,66.8839,114.2709,5033
2016-09-04 15:00:00,99.52,transfer,1.0,24.0792,0.0,21.7029,21.7029,24.0792,-0.0359,66.6759,114.0738,5034
2016-09-04 16:00:00,97.38,transfer,1.0,24.5065,0.0,31.8676,31.8676,24.5065,-0.0361,66.4667,113.8811,5035
2016-09-04 17:00:00,98.45,transfer,1.0,24.9968,0.0,21.9266,21.9266,24.9968,-0.0355,66.2633,113.6996,5036
2016-09-04 18:00:00,68.84,transfer,1.0,25.8226,0.0,26.1129,26.1129,25.8226,-0.0351,66.229,113.6941,5037
2016-09-04 19:00:00,72.94,transfer,1.0,25.9841,0.0,30.8235,30.8235,25.9841,-0.036,66.2152,113.7118,5038
2016-09-04 20:00:00,71.94,transfer,1.0,25.395,0.0,26.0729,26.0729,25.395,-0.0349,66.2161,113.745,5039
2016-09-04 21:00:00,66.27,transfer,1.0,24.9034,0.0,22.4231,22.4231,24.9034,-0.0345,66.2286,113.7915,5040
2016-09-04 22:00:00,64.32,transfer,1.0,23.8665,0.0,23.1572,23.1572,23.8665,-0.0343,66.2343,113.8287,5041
2016-09-04 23:00:00,65.05,transfer,1.0,22.7554,0.0,24.8593,24.8593,22.7554,-0.0329,66.2543,113.8766,5042
2016-09-05 00:00:00,61.92,transfer,1.0,21.6458,0.0,18.5019,18.5019,21.6458,-0.0316,66.2339,113.8796,5043
2016-09-05 01:00:00,62.91,transfer,1.0,21.2345,0.0,18.5265,18.5265,21.2345,-0.0315,66.2224,113.8894,5044
2016-09-05 02:00:00,60.57,transfer,1.0,20.8777,0.0,24.4987,24.4987,20.8777,-0.03,66.2017,113.8866,5045
2016-09-05 03:00:00,60.45,transfer,1.0,20.6521,0.0,19.929,19.929,20.6521,-0.0281,66.187,113.8865,5046
2016-09-05 04:00:00,86.24,transfer,1.0,20.7198,0.0,23.8979,23.8979,20.7198,-0.0258,66.0214,113.7327,5047
2016-09-05 05:00:00,91.84,transfer,1.0,21.3339,0.0,23.6143,23.6143,21.3339,-0.0255,65.8062,113.527,5048
2016-09-05 06:00:00,82.66,transfer,1.0,22.3466,0.0,25.473,25.473,22.3466,-0.0266,65.4739,113.2004,5049
2016-09-05 07:00:00,74.9,transfer,1.0,23.4088,0.0,30.2551,30.2551,23.4088,-0.0274,65.0161,112.7458,5050
2016-09-05 08:00:00,83.96,transfer,1.0,24.2749,0.0,17.4643,17.4643,24.2749,-0.0276,64.4439,112.1701,5051
2016-09-05 09:00:00,81.97,transfer,1.0,24.3103,0.0,18.7256,18.7256,24.3103,-0.0265,63.825,111.5331,5052
2016-09-05 10:00:00,98.76,transfer,1.0,24.1252,0.0,24.4612,24.4612,24.1252,-0.0258,63.2319,110.9055,5053
2016-09-05 11:00:00,92.57,transfer,1.0,23.7001,0.0,20.9405,20.9405,23.7001,-0.0258,62.6654,110.288,5054
2016-09-05 12:00:00,104.52,transfer,1.0,23.5623,0.0,23.4829,23.4829,23.5623,-0.0256,62.1767,109.7361,5055
2016-09-05 13:00:00,92.94,transfer,1.0,23.4108,0.0,12.2818,12.2818,23.4108,-0.0255,61.6532,109.1409,5056
2016-09-05 14:00:00,106.22,transfer,1.0,23.3458,0.0,25.3038,25.3038,23.3458,-0.0259,61.2101,108.6195,5057
2016-09-05 15:00:00,99.42,transfer,1.0,23.2339,0.0,21.2651,21.2651,23.2339,-0.025,60.789,108.113,5058
2016-09-05 16:00:00,113.84,transfer,1.0,23.3516,0.0,24.3683,24.3683,23.3516,-0.0252,60.4901,107.7203,5059
2016-09-05 17:00:00,102.58,transfer,1.0,23.8162,0.0,24.37,24.37,23.8162,-0.0255,60.1773,107.297,5060
2016-09-05 18:00:00,83.73,transfer,1.0,24.8648,0.0,21.5884,21.5884,24.8648,-0.0261,60.2268,107.1981,5061
2016-09-05 19:00:00,68.58,transfer,1.0,25.2207,0.0,25.8398,25.8398,25.2207,-0.0283,60.2855,107.0596,5062
2016-09-05 20:00:00,86.18,transfer,1.0,25.5593,0.0,27.5593,27.5593,25.5593,-0.0289,60.4382,107.008,5063
2016-09-05 21:00:00,62.51,transfer,1.0,25.8999,0.0,21.3379,21.3379,25.8999,-0.0287,60.6048,106.9745,5064
2016-09-05 22:00:00,65.5,transfer,1.0,26.3414,0.0,26.453,26.453,26.3414,-0.0288,60.7908,106.9665,5065
2016-09-05 23:00:00,64.81,transfer,1.0,27.2354,0.0,28.0961,28.0961,27.2354,-0.0272,60.9652,106.9574,5066
2016-09-06 00:00:00,61.4,transfer,1.0,28.6246,0.0,27.8791,27.8791,28.6246,-0.0254,61.1106,106.9323,5067
2016-09-06 01:00:00,61.21,transfer,1.0,29.4763,0.0,20.5656,20.5656,29.4763,-0.0213,61.246,106.905,5068
2016-09-06 02:00:00,65.08,transfer,1.0,29.9495,0.0,28.5447,28.5447,29.9495,-0.0159,61.3794,106.8801,5069
2016-09-06 03:00:00,62.94,transfer,1.0,30.1284,0.0,26.2967,26.2967,30.1284,-0.0104,61.5039,106.8466,5070
2016-09-06 04:00:00,94.35,transfer,1.0,28.7481,0.0,26.5238,26.5238,28.7481,-0.0056,61.5193,106.6921,5071
2016-09-06 05:00:00,108.75,transfer,1.0,29.7115,0.0,26.7098,26.7098,29.7115,-0.0061,61.5516,106.5544,5072
2016-09-06 06:00:00,118.13,transfer,1.0,29.1697,0.0,32.0797,32.0797,29.1697,-0.0102,61.5903,106.4126,5073
2016-09-06 07:00:00,125.7,transfer,1.0,29.1207,0.0,29.7511,29.7511,29.1207,-0.0136,61.5985,106.2349,5074
2016-09-06 08:00:00,167.7,transfer,1.0,30.139,0.0,29.6215,29.6215,30.139,-0.0157,61.7575,106.2109,5075
2016-09-06 09:00:00,179.3,transfer,1.0,32.8191,0.0,30.3862,30.3862,32.8191,-0.0169,61.9178,106.202,5076
2016-09-06 10:00:00,185.48,transfer,1.0,36.0666,0.0,40.5468,40.5468,36.0666,-0.0191,62.0901,106.2235,5077
2016-09-06 11:00:00,186.16,transfer,1.0,38.1149,0.0,34.4096,34.4096,38.1149,-0.0192,62.2369,106.2314,5078
2016-09-06 12:00:00,186.12,transfer,1.0,39.9271,0.0,30.6782,30.6782,39.9271,-0.0184,62.3732,106.2415,5079
2016-09-06 13:00:00,188.79,transfer,1.0,42.5217,0.0,44.2939,44.2939,42.5217,-0.0169,62.5478,106.3083,5080
2016-09-06 14:00:00,194.49,transfer,1.0,47.0696,0.0,42.6672,42.6672,47.0696,-0.0157,62.699,106.3794,5081
2016-09-06 15:00:00,191.01,transfer,1.0,56.8838,0.0,55.1469,55.1469,56.8838,-0.0144,62.8256,106.4844,5082
2016-09-06 16:00:00,185.87,transfer,1.0,60.8655,0.0,55.3496,55.3496,60.8655,-0.0138,62.9393,106.5998,5083
2016-09-06 17:00:00,172.96,transfer,1.0,61.4127,0.0,57.6717,57.6717,61.4127,-0.0134,62.8633,106.6586,5084
2016-09-06 18:00:00,117.87,transfer,1.0,61.5505,0.0,61.0624,61.0624,61.5505,-0.0134,62.7937,106.7341,5085
2016-09-06 19:00:00,110.81,transfer,1.0,61.4971,0.0,53.6197,53.6197,61.4971,-0.015,62.7382,106.8207,5086
2016-09-06 20:00:00,97.21,transfer,1.0,61.3166,0.0,63.9373,63.9373,61.3166,-0.0155,62.6797,106.874,5087
2016-09-06 21:00:00,72.1,transfer,1.0,61.1097,0.0,61.4857,61.4857,61.1097,-0.0159,62.7143,106.9174,5088
2016-09-06 22:00:00,71.82,transfer,1.0,60.7677,0.0,58.5102,58.5102,60.7677,-0.0165,62.753,106.9631,5089
2016-09-06 23:00:00,74.26,transfer,1.0,60.2866,0.0,69.4715,69.4715,60.2866,-0.0156,62.8136,107.0311,5090
2016-09-07 00:00:00,72.33,transfer,1.0,59.8133,0.0,56.261,56.261,59.8133,-0.0143,62.8624,107.088,5091
2016-09-07 01:00:00,73.0,transfer,1.0,59.5448,0.0,62.2118,62.2118,59.5448,-0.0106,62.9215,107.1561,5092
2016-09-07 02:00:00,73.8,transfer,1.0,59.4787,0.0,58.8486,58.8486,59.4787,-0.0051,62.9867,107.2313,5093
2016-09-07 03:00:00,77.41,transfer,1.0,59.6033,0.0,64.6028,64.6028,59.6033,0.0191,63.064,107.319,5094
2016-09-07 04:00:00,118.61,transfer,1.0,59.9339,0.0,65.1527,65.1527,59.9339,0.3925,63.0966,107.3601,5095
2016-09-07 05:00:00,129.49,transfer,1.0,60.3855,0.0,56.8034,56.8034,60.3855,0.8729,63.1483,107.4174,5096
2016-09-07 06:00:00,140.36,transfer,1.0,60.8989,0.0,64.3551,64.3551,60.8989,1.1129,63.2345,107.5051,5097
2016-09-07 07:00:00,153.39,transfer,1.0,61.2198,0.0,59.8511,59.8511,61.2198,1.1905,63.2766,107.5459,5098
2016-09-07 08:00:00,168.25,transfer,1.0,61.4307,0.0,69.2641,69.2641,61.4307,1.151,63.2615,107.5282,5099
2016-09-07 09:00:00,180.93,transfer,1.0,61.5866,0.0,66.7169,66.7169,61.5866,0.9878,63.2629,107.5272,5100
2016-09-07 10:00:00,182.96,transfer,1.0,61.6764,0.0,62.6763,62.6763,61.6764,0.7692,63.2366,107.4991,5101
2016-09-07 11:00:00,198.82,transfer,1.0,61.7318,0.0,56.4715,56.4715,61.7318,0.5471,63.3161,107.5778,5102
2016-09-07 12:00:00,194.05,transfer,1.0,61.7592,0.0,70.6132,70.6132,61.7592,0.4047,63.316,107.5777,5103
2016-09-07 13:00:00,197.64,transfer,1.0,61.7773,0.0,59.2821,59.2821,61.7773,0.3082,63.4043,107.6682,5104
2016-09-07 14:00:00,201.59,transfer,1.0,61.7731,0.0,56.0424,56.0424,61.7731,0.2683,63.422,107.6921,5105
2016-09-07 15:00:00,208.47,transfer,1.0,61.7586,0.0,65.547,65.547,61.7586,0.2696,63.5491,107.8264,5106
2016-09-07 16:00:00,191.17,transfer,1.0,61.7206,0.0,54.9694,54.9694,61.7206,0.2958,63.573,107.8568,5107
2016-09-07 17:00:00,192.07,transfer,1.0,61.7088,0.0,44.4639,44.4639,61.7088,0.3186,63.5965,107.8868,5108
2016-09-07 18:00:00,117.57,transfer,1.0,61.702,0.0,60.3923,60.3923,61.702,0.4422,63.3545,107.778,5109
2016-09-07 19:00:00,108.2,transfer,1.0,61.6593,0.0,65.497,65.497,61.6593,0.7539,63.1514,107.7108,5110
2016-09-07 20:00:00,98.67,transfer,1.0,61.5333,0.0,66.0514,66.0514,61.5333,1.3597,62.9442,107.6001,5111
2016-09-07 21:00:00,78.08,transfer,1.0,61.373,0.0,56.5042,56.5042,61.373,2.0682,62.8104,107.4644,5112
2016-09-07 22:00:00,79.35,transfer,1.0,61.1237,0.0,57.4597,57.4597,61.1237,3.1369,62.7121,107.355,5113
2016-09-07 23:00:00,77.23,transfer,1.0,60.8276,0.0,54.3945,54.3945,60.8276,4.5183,62.6381,107.2611,5114
2016-09-08 00:00:00,81.59,transfer,1.0,60.597,0.0,68.6501,68.6501,60.597,6.2987,62.6014,107.1937,5115
2016-09-08 01:00:00,77.59,transfer,1.0,60.423,0.0,41.6023,41.6023,60.423,8.4285,62.5514,107.1002,5116
2016-09-08 02:00:00,78.59,transfer,1.0,60.4013,0.0,57.4812,57.4812,60.4013,11.3084,62.5125,107.0011,5117
2016-09-08 03:00:00,77.54,transfer,1.0,60.4778,0.0,59.1724,59.1724,60.4778,15.6185,62.4735,106.8781,5118
2016-09-08 04:00:00,132.19,transfer,1.0,60.6263,0.0,68.2889,68.2889,60.6263,21.8166,62.4327,106.722,5119
2016-09-08 05:00:00,144.25,transfer,1.0,60.8806,0.0,54.0663,54.0663,60.8806,29.127,62.4005,106.5343,5120
2016-09-08 06:00:00,155.27,transfer,1.0,61.2251,0.0,46.6433,46.6433,61.2251,37.3393,62.3684,106.2991,5121
2016-09-08 07:00:00,163.74,transfer,1.0,61.4463,0.0,53.7358,53.7358,61.4463,45.6186,62.3818,106.0605,5122
2016-09-08 08:00:00,187.43,transfer,1.0,61.5873,0.0,68.2389,68.2389,61.5873,53.2348,62.4734,105.854,5123
2016-09-08 09:00:00,197.66,transfer,1.0,61.674,0.0,62.2585,62.2585,61.674,59.5746,62.582,105.6257,5124
2016-09-08 10:00:00,210.69,transfer,1.0,61.7315,0.0,63.3587,63.3587,61.7315,64.4413,62.752,105.4288,5125
2016-09-08 11:00:00,211.06,transfer,1.0,61.766,0.0,45.5501,45.5501,61.766,67.8439,62.9086,105.197,5126
2016-09-08 12:00:00,211.76,transfer,1.0,61.7888,0.0,60.4792,60.4792,61.7888,70.1042,63.0759,104.9615,5127
2016-09-08 13:00:00,214.04,transfer,1.0,61.8007,0.0,59.5336,59.5336,61.8007,71.6142,63.3423,104.815,5128
2016-09-08 14:00:00,205.42,transfer,1.0,61.8051,0.0,53.1514,53.1514,61.8051,72.4776,63.5136,104.5678,5129
2016-09-08 15:00:00,210.79,transfer,1.0,61.8023,0.0,54.0631,54.0631,61.8023,73.1208,63.7515,104.3827,5130
2016-09-08 16:00:00,196.03,transfer,1.0,61.7822,0.0,52.1443,52.1443,61.7822,73.5296,63.9701,104.1755,5131
2016-09-08 17:00:00,188.94,transfer,1.0,61.7516,0.0,67.9534,67.9534,61.7516,73.8434,64.1277,103.9052,5132
2016-09-08 18:00:00,117.3,transfer,1.0,61.7201,0.0,63.3152,63.3152,61.7201,74.0187,64.1901,103.5391,5133
2016-09-08 19:00:00,107.28,transfer,1.0,61.6569,0.0,55.6716,55.6716,61.6569,74.1297,64.3667,103.289,5134
2016-09-08 20:00:00,104.17,transfer,1.0,61.5113,0.0,66.8033,66.8033,61.5113,74.1914,64.4836,102.9831,5135
2016-09-08 21:00:00,82.64,transfer,1.0,61.3534,0.0,65.6173,65.6173,61.3534,74.3692,64.5809,102.6637,5136
2016-09-08 22:00:00,80.94,transfer,1.0,61.1224,0.0,60.9969,60.9969,61.1224,74.4728,64.6635,102.3354,5137
2016-09-08 23:00:00,87.58,transfer,1.0,60.8513,0.0,58.9282,58.9282,60.8513,74.4965,64.7914,102.0617,5138
2016-09-09 00:00:00,85.43,transfer,1.0,60.6126,0.0,63.496,63.496,60.6126,74.0298,64.8572,101.7392,5139
2016-09-09 01:00:00,85.63,transfer,1.0,60.4743,0.0,70.5137,70.5137,60.4743,10.3053,64.9481,101.8292,5140
2016-09-09 02:00:00,83.5,transfer,1.0,60.4229,0.0,59.1825,59.1825,60.4229,8.172,65.031,101.9298,5141
2016-09-09 03:00:00,91.24,transfer,1.0,60.4762,0.0,58.9305,58.9305,60.4762,10.2683,65.1573,102.0634,5142
2016-09-09 04:00:00,142.52,transfer,1.0,60.6006,0.0,60.747,60.747,60.6006,13.3469,65.3958,102.2878,5143
2016-09-09 05:00:00,153.42,transfer,1.0,60.8725,0.0,70.2014,70.2014,60.8725,15.9874,65.6187,102.4748,5144
2016-09-09 06:00:00,162.61,transfer,1.0,61.2006,0.0,45.5125,45.5125,61.2006,18.2411,65.8712,102.6688,5145
2016-09-09 07:00:00,176.32,transfer,1.0,61.4092,0.0,58.9612,58.9612,61.4092,19.9936,66.1679,102.8848,5146
2016-09-09 08:00:00,193.72,transfer,1.0,61.5428,0.0,53.2212,53.2212,61.5428,21.4796,66.4324,103.0496,5147
2016-09-09 09:00:00,203.59,transfer,1.0,61.6377,0.0,66.7333,66.7333,61.6377,23.2011,66.7057,103.205,5148
2016-09-09 10:00:00,223.97,transfer,1.0,61.6882,0.0,62.4868,62.4868,61.6882,25.3289,67.0927,103.4548,5149
2016-09-09 11:00:00,226.55,transfer,1.0,61.7232,0.0,66.5893,66.5893,61.7232,28.4957,67.4064,103.6074,5150
2016-09-09 12:00:00,218.24,transfer,1.0,61.7492,0.0,66.2026,66.2026,61.7492,33.3109,67.743,103.7512,5151
2016-09-09 13:00:00,205.98,transfer,1.0,61.7612,0.0,56.2925,56.2925,61.7612,40.2426,68.036,103.8086,5152
2016-09-09 14:00:00,213.84,transfer,1.0,61.7583,0.0,63.7038,63.7038,61.7583,50.3024,68.3338,103.8112,5153
2016-09-09 15:00:00,198.62,transfer,1.0,61.7407,0.0,57.9221,57.9221,61.7407,61.3694,68.5936,103.7107,5154
2016-09-09 16:00:00,192.68,transfer,1.0,61.7022,0.0,66.0225,66.0225,61.7022,68.537,68.8972,103.6117,5155
2016-09-09 17:00:00,185.56,transfer,1.0,61.6326,0.0,49.9669,49.9669,61.6326,72.0378,69.2075,103.499,5156
2016-09-09 18:00:00,119.23,transfer,1.0,61.5783,0.0,61.2581,61.2581,61.5783,73.3473,69.3829,103.3827,5157
2016-09-09 19:00:00,105.55,transfer,1.0,61.5046,0.0,66.9407,66.9407,61.5046,73.492,69.4714,103.0421,5158
2016-09-09 20:00:00,99.69,transfer,1.0,61.3618,0.0,69.4107,69.4107,61.3618,73.336,69.5772,102.7231,5159
2016-09-09 21:00:00,84.33,transfer,1.0,61.1693,0.0,71.0451,71.0451,61.1693,73.7396,69.6566,102.3783,5160
2016-09-09 22:00:00,86.43,transfer,1.0,60.8832,0.0,58.6515,58.6515,60.8832,72.4112,69.7652,102.0734,5161
2016-09-09 23:00:00,88.94,transfer,1.0,60.5872,0.0,66.2616,66.2616,60.5872,2.6449,69.8955,102.2093,5162
2016-09-10 00:00:00,85.29,transfer,1.0,60.3654,0.0,64.2206,64.2206,60.3654,1.6634,69.9857,102.315,5163
2016-09-10 01:00:00,100.78,transfer,1.0,60.0572,0.0,62.9617,62.9617,60.0572,1.8996,70.1682,102.5181,5164
2016-09-10 02:00:00,84.98,transfer,1.0,59.7886,0.0,51.0932,51.0932,59.7886,1.875,70.2553,102.632,5165
2016-09-10 03:00:00,93.19,transfer,1.0,59.7532,0.0,68.4186,68.4186,59.7532,1.8278,70.387,102.7963,5166
2016-09-10 04:00:00,135.85,transfer,1.0,59.7235,0.0,62.4297,62.4297,59.7235,1.7114,70.5778,103.0247,5167
2016-09-10 05:00:00,147.71,transfer,1.0,59.8872,0.0,54.3407,54.3407,59.8872,1.2371,70.7722,103.2635,5168
2016-09-10 06:00:00,140.32,transfer,1.0,60.2645,0.0,66.5921,66.5921,60.2645,0.6794,71.0097,103.5495,5169
2016-09-10 07:00:00,131.39,transfer,1.0,60.5746,0.0,59.1534,59.1534,60.5746,0.2354,71.2362,103.8247,5170
2016-09-10 08:00:00,138.11,transfer,1.0,60.7745,0.0,66.6459,66.6459,60.7745,0.0472,71.4759,104.1137,5171
2016-09-10 09:00:00,142.11,transfer,1.0,60.8441,0.0,72.7168,72.7168,60.8441,0.0084,71.7461,104.4389,5172
2016-09-10 10:00:00,151.93,transfer,1.0,60.8341,0.0,60.4147,60.4147,60.8341,0.0047,71.9833,104.7398,5173
2016-09-10 11:00:00,158.66,transfer,1.0,60.8056,0.0,60.5133,60.5133,60.8056,0.002,72.3188,105.1514,5174
2016-09-10 12:00:00,161.5,transfer,1.0,60.7533,0.0,61.3162,61.3162,60.7533,0.0,72.6279,105.5495,5175
2016-09-10 13:00:00,155.73,transfer,1.0,60.6461,0.0,58.499,58.499,60.6461,-0.002,72.9038,105.9289,5176
2016-09-10 14:00:00,156.5,transfer,1.0,60.2351,0.0,60.9601,60.9601,60.2351,-0.0037,73.1518,106.2905,5177
2016-09-10 15:00:00,158.17,transfer,1.0,57.5137,0.0,53.8832,53.8832,57.5137,-0.0045,73.398,106.6446,5178
2016-09-10 16:00:00,159.66,transfer,1.0,55.6885,0.0,55.0571,55.0571,55.6885,-0.0052,73.6546,107.0077,5179
2016-09-10 17:00:00,158.89,transfer,1.0,54.6359,0.0,68.1557,68.1557,54.6359,-0.0061,73.9164,107.3789,5180
2016-09-10 18:00:00,96.35,transfer,1.0,52.5056,0.0,59.2947,59.2947,52.5056,-0.0065,73.9626,107.5304,5181
2016-09-10 19:00:00,97.9,transfer,1.0,29.5986,0.0,33.8651,33.8651,29.5986,-0.0066,74.1272,107.6713,5182
2016-09-10 20:00:00,98.04,transfer,1.0,28.5138,0.0,24.6625,24.6625,28.5138,-0.0045,74.314,107.8322,5183
2016-09-10 21:00:00,79.63,transfer,1.0,27.7601,0.0,23.0906,23.0906,27.7601,-0.0005,74.4295,107.9206,5184
2016-09-10 22:00:00,79.1,transfer,1.0,27.4112,0.0,24.6525,24.6525,27.4112,0.0039,74.5208,107.9865,5185
2016-09-10 23:00:00,74.65,transfer,1.0,30.8803,0.0,27.5527,27.5527,30.8803,0.0084,74.5738,108.0403,5186
2016-09-11 00:00:00,81.07,transfer,1.0,29.0186,0.0,27.0195,27.0195,29.0186,0.0384,74.6591,108.1226,5187
2016-09-11 01:00:00,82.38,transfer,1.0,43.4634,0.0,52.1045,52.1045,43.4634,0.031,74.6788,108.2254,5188
2016-09-11 02:00:00,82.91,transfer,1.0,44.1368,0.0,35.2788,35.2788,44.1368,0.0086,74.7063,108.3416,5189
2016-09-11 03:00:00,80.12,transfer,1.0,44.0809,0.0,52.9597,52.9597,44.0809,0.0045,74.722,108.4499,5190
2016-09-11 04:00:00,137.04,transfer,1.0,44.3383,0.0,44.8603,44.8603,44.3383,0.0017,74.9251,108.7565,5191
2016-09-11 05:00:00,146.11,transfer,1.0,44.975,0.0,55.1588,55.1588,44.975,-0.0024,75.1167,109.0477,5192
2016-09-11 06:00:00,138.23,transfer,1.0,46.6793,0.0,46.5052,46.5052,46.6793,-0.0066,75.3246,109.3626,5193
2016-09-11 07:00:00,124.31,transfer,1.0,48.4026,0.0,50.8403,50.8403,48.4026,-0.0113,75.4638,109.6229,5194
2016-09-11 08:00:00,126.73,transfer,1.0,49.7273,0.0,47.6855,47.6855,49.7273,-0.0155,75.6404,109.9299,5195
2016-09-11 09:00:00,126.27,transfer,1.0,50.263,0.0,51.7394,51.7394,50.263,-0.0183,75.7396,110.1683,5196
2016-09-11 10:00:00,123.41,transfer,1.0,50.3594,0.0,59.6018,59.6018,50.3594,-0.0205,75.8187,110.3938,5197
2016-09-11 11:00:00,118.77,transfer,1.0,50.1774,0.0,48.6157,48.6157,50.1774,-0.0222,75.8233,110.548,5198
2016-09-11 12:00:00,108.44,transfer,1.0,49.8322,0.0,44.3777,44.3777,49.8322,-0.0231,75.7878,110.6646,5199
2016-09-11 13:00:00,119.16,transfer,1.0,49.0912,0.0,53.0097,53.0097,49.0912,-0.0238,75.8007,110.8275,5200
2016-09-11 14:00:00,118.36,transfer,1.0,47.7108,0.0,48.3987,48.3987,47.7108,-0.0239,75.8039,110.9734,5201
2016-09-11 15:00:00,113.83,transfer,1.0,43.9328,0.0,51.245,51.245,43.9328,-0.0244,75.7709,111.0585,5202
2016-09-11 16:00:00,119.17,transfer,1.0,33.3354,0.0,31.798,31.798,33.3354,-0.0241,75.848,111.1881,5203
2016-09-11 17:00:00,109.89,transfer,1.0,27.434,0.0,28.0643,28.0643,27.434,-0.0243,75.9016,111.2561,5204
2016-09-11 18:00:00,83.67,transfer,1.0,25.6216,0.0,25.9392,25.9392,25.6216,-0.0241,75.9911,111.3443,5205
2016-09-11 19:00:00,70.73,transfer,1.0,24.7872,0.0,25.2707,25.2707,24.7872,-0.0252,75.985,111.3311,5206
2016-09-11 20:00:00,85.1,transfer,1.0,24.9804,0.0,22.6562,22.6562,24.9804,-0.0242,76.0658,111.4094,5207
2016-09-11 21:00:00,64.86,transfer,1.0,26.5387,0.0,21.5622,21.5622,26.5387,-0.0227,76.0477,111.4009,5208
2016-09-11 22:00:00,65.27,transfer,1.0,28.5838,0.0,32.2823,32.2823,28.5838,-0.0225,76.0253,111.4065,5209
2016-09-11 23:00:00,63.8,transfer,1.0,30.6911,0.0,30.9542,30.9542,30.6911,-0.0222,75.9706,111.399,5210
2016-09-12 00:00:00,63.06,transfer,1.0,32.4027,0.0,32.4347,32.4347,32.4027,-0.0229,75.9134,111.4057,5211
2016-09-12 01:00:00,63.74,transfer,1.0,34.3494,0.0,36.0365,36.0365,34.3494,-0.0246,75.8402,111.4106,5212
2016-09-12 02:00:00,63.26,transfer,1.0,34.7955,0.0,33.493,33.493,34.7955,-0.0256,75.7734,111.4266,5213
2016-09-12 03:00:00,61.91,transfer,1.0,35.1606,0.0,30.713,30.713,35.1606,-0.0259,75.6957,111.4353,5214
2016-09-12 04:00:00,92.5,transfer,1.0,35.6731,0.0,41.3512,41.3512,35.6731,-0.026,75.644,111.4726,5215
2016-09-12 05:00:00,104.12,transfer,1.0,36.5683,0.0,30.9642,30.9642,36.5683,-0.026,75.6264,111.5457,5216
2016-09-12 06:00:00,114.19,transfer,1.0,37.7202,0.0,44.0367,44.0367,37.7202,-0.0271,75.7226,111.7333,5217
2016-09-12 07:00:00,115.85,transfer,1.0,39.0649,0.0,32.0015,32.0015,39.0649,-0.0288,75.8731,111.9771,5218
2016-09-12 08:00:00,143.91,transfer,1.0,40.6463,0.0,42.9393,42.9393,40.6463,-0.0299,76.1325,112.334,5219
2016-09-12 09:00:00,161.56,transfer,1.0,41.6764,0.0,40.0971,40.0971,41.6764,-0.03,76.5029,112.8077,5220
2016-09-12 10:00:00,163.5,transfer,1.0,40.8967,0.0,37.5654,37.5654,40.8967,-0.0304,76.7884,113.1931,5221
2016-09-12 11:00:00,169.81,transfer,1.0,35.077,0.0,28.6602,28.6602,35.077,-0.0298,77.1805,113.6529,5222
2016-09-12 12:00:00,166.66,transfer,1.0,33.2892,0.0,41.8007,41.8007,33.2892,-0.0293,77.4925,114.0228,5223
2016-09-12 13:00:00,165.07,transfer,1.0,33.8104,0.0,26.0217,26.0217,33.8104,-0.0289,77.8599,114.4522,5224
2016-09-12 14:00:00,171.85,transfer,1.0,34.8446,0.0,27.9265,27.9265,34.8446,-0.0285,78.1821,114.8428,5225
2016-09-12 15:00:00,166.77,transfer,1.0,35.8305,0.0,31.5576,31.5576,35.8305,-0.0277,78.508,115.2437,5226
2016-09-12 16:00:00,156.54,transfer,1.0,37.1829,0.0,35.3141,35.3141,37.1829,-0.0275,78.6799,115.4979,5227
2016-09-12 17:00:00,153.85,transfer,1.0,39.7517,0.0,45.0833,45.0833,39.7517,-0.0266,78.8902,115.8031,5228
2016-09-12 18:00:00,92.13,transfer,1.0,47.4589,0.0,45.5207,45.5207,47.4589,-0.0266,78.8057,115.8531,5229
2016-09-12 19:00:00,87.41,transfer,1.0,55.3276,0.0,57.611,57.611,55.3276,-0.0288,78.7386,115.9652,5230
2016-09-12 20:00:00,78.43,transfer,1.0,57.0282,0.0,62.6361,62.6361,57.0282,-0.0299,78.5051,115.9191,5231
2016-09-12 21:00:00,66.86,transfer,1.0,56.0489,0.0,65.8941,65.8941,56.0489,-0.0299,78.3516,115.945,5232
2016-09-12 22:00:00,66.61,transfer,1.0,54.3725,0.0,58.3642,58.3642,54.3725,-0.0306,78.1913,115.9516,5233
2016-09-12 23:00:00,65.8,transfer,1.0,52.5705,0.0,43.3295,43.3295,52.5705,-0.0304,78.0464,115.9575,5234
2016-09-13 00:00:00,65.45,transfer,1.0,51.0652,0.0,50.3589,50.3589,51.0652,-0.0307,77.937,115.9816,5235
2016-09-13 01:00:00,65.11,transfer,1.0,50.1102,0.0,43.8727,43.8727,50.1102,-0.0299,77.8373,116.0049,5236
2016-09-13 02:00:00,63.81,transfer,1.0,49.6668,0.0,57.0143,57.0143,49.6668,-0.0279,77.7124,115.9974,5237
2016-09-13 03:00:00,65.42,transfer,1.0,49.5859,0.0,47.8137,47.8137,49.5859,-0.0262,77.6114,116.0123,5238
2016-09-13 04:00:00,102.99,transfer,1.0,49.9219,0.0,50.6089,50.6089,49.9219,-0.0243,77.5368,116.0638,5239
2016-09-13 05:00:00,113.1,transfer,1.0,51.1801,0.0,50.3868,50.3868,51.1801,-0.0233,77.4349,116.0898,5240
2016-09-13 06:00:00,125.49,transfer,1.0,53.3356,0.0,59.4361,59.4361,53.3356,-0.0237,77.3348,116.1337,5241
2016-09-13 07:00:00,128.15,transfer,1.0,55.082,0.0,52.7527,52.7527,55.082,-0.0247,77.1949,116.1484,5242
2016-09-13 08:00:00,158.41,transfer,1.0,56.462,0.0,56.6994,56.6994,56.462,-0.0254,76.9829,116.0931,5243
2016-09-13 09:00:00,169.53,transfer,1.0,57.2751,0.0,64.4541,64.4541,57.2751,-0.0247,76.7792,116.035,5244
2016-09-13 10:00:00,180.95,transfer,1.0,57.755,0.0,64.5292,64.5292,57.755,-0.0237,76.6231,116.0081,5245
2016-09-13 11:00:00,169.7,transfer,1.0,58.2756,0.0,59.0496,59.0496,58.2756,-0.0216,76.4051,115.9101,5246
2016-09-13 12:00:00,174.3,transfer,1.0,58.863,0.0,59.53,59.53,58.863,-0.0196,76.2221,115.8398,5247
2016-09-13 13:00:00,182.17,transfer,1.0,59.3654,0.0,57.9274,57.9274,59.3654,-0.0165,76.0824,115.8004,5248
2016-09-13 14:00:00,184.19,transfer,1.0,59.7471,0.0,53.853,53.853,59.7471,-0.015,75.9456,115.739,5249
2016-09-13 15:00:00,178.75,transfer,1.0,60.014,0.0,55.6844,55.6844,60.014,-0.0134,75.854,115.6661,5250
2016-09-13 16:00:00,178.05,transfer,1.0,44.6342,0.0,47.4795,47.4795,44.6342,-0.0115,75.9041,115.6195,5251
2016-09-13 17:00:00,156.94,transfer,1.0,38.7444,0.0,36.0513,36.0513,38.7444,-0.0104,75.9437,115.5241,5252
2016-09-13 18:00:00,106.76,transfer,1.0,40.2817,0.0,37.0691,37.0691,40.2817,-0.0101,76.0041,115.458,5253
2016-09-13 19:00:00,98.17,transfer,1.0,44.3364,0.0,47.345,47.345,44.3364,-0.0133,76.031,115.3827,5254
2016-09-13 20:00:00,90.8,transfer,1.0,58.1897,0.0,51.9143,51.9143,58.1897,-0.0153,76.0115,115.3446,5255
2016-09-13 21:00:00,73.12,transfer,1.0,59.7716,0.0,59.7805,59.7805,59.7716,-0.0174,76.0255,115.3506,5256
2016-09-13 22:00:00,72.6,transfer,1.0,59.2246,0.0,66.0,66.0,59.2246,-0.0195,76.0394,115.3553,5257
2016-09-13 23:00:00,72.05,transfer,1.0,58.4631,0.0,54.7845,54.7845,58.4631,-0.0191,76.0371,115.3422,5258
2016-09-14 00:00:00,69.81,transfer,1.0,57.7996,0.0,63.1992,63.1992,57.7996,-0.0181,76.034,115.3272,5259
2016-09-14 01:00:00,69.45,transfer,1.0,57.3767,0.0,68.3311,68.3311,57.3767,-0.0153,76.0258,115.3061,5260
2016-09-14 02:00:00,67.61,transfer,1.0,57.2009,0.0,65.0711,65.0711,57.2009,-0.0125,76.0025,115.2693,5261
2016-09-14 03:00:00,67.34,transfer,1.0,57.333,0.0,53.9139,53.9139,57.333,-0.0096,75.9561,115.2095,5262
2016-09-14 04:00:00,110.54,transfer,1.0,57.6972,0.0,55.9006,55.9006,57.6972,-0.0064,75.9214,115.1639,5263
2016-09-14 05:00:00,121.56,transfer,1.0,58.3627,0.0,65.6443,65.6443,58.3627,-0.005,75.8862,115.1219,5264
2016-09-14 06:00:00,126.67,transfer,1.0,59.3702,0.0,77.9862,77.9862,59.3702,-0.0062,75.8138,115.0471,5265
2016-09-14 07:00:00,138.14,transfer,1.0,60.1536,0.0,67.5361,67.5361,60.1536,-0.0081,75.7294,114.9634,5266
2016-09-14 08:00:00,150.41,transfer,1.0,60.661,0.0,58.2985,58.2985,60.661,-0.0095,75.6278,114.8641,5267
2016-09-14 09:00:00,173.62,transfer,1.0,60.959,0.0,74.4225,74.4225,60.959,-0.0105,75.588,114.8266,5268
2016-09-14 10:00:00,183.7,transfer,1.0,61.1139,0.0,66.8068,66.8068,61.1139,-0.0107,75.5958,114.8356,5269
2016-09-14 11:00:00,193.99,transfer,1.0,61.2121,0.0,54.824,54.824,61.2121,-0.0107,75.5701,114.8102,5270
2016-09-14 12:00:00,176.42,transfer,1.0,61.0538,0.0,62.2473,62.2473,61.0538,-0.0105,75.4694,114.7077,5271
2016-09-14 13:00:00,178.5,transfer,1.0,60.5246,0.0,55.9019,55.9019,60.5246,-0.0101,75.3629,114.5957,5272
2016-09-14 14:00:00,184.8,transfer,1.0,60.3352,0.0,66.3304,66.3304,60.3352,-0.0081,75.2715,114.4974,5273
2016-09-14 15:00:00,171.34,transfer,1.0,60.3248,0.0,67.7615,67.7615,60.3248,-0.0065,75.059,114.278,5274
2016-09-14 16:00:00,171.82,transfer,1.0,60.3889,0.0,45.3958,45.3958,60.3889,-0.0056,74.9518,114.1646,5275
2016-09-14 17:00:00,163.79,transfer,1.0,47.887,0.0,47.3022,47.3022,47.887,-0.0048,74.8657,113.9982,5276
2016-09-14 18:00:00,97.27,transfer,1.0,37.6365,0.0,35.6034,35.6034,37.6365,-0.005,74.8881,113.88,5277
2016-09-14 19:00:00,99.67,transfer,1.0,39.8886,0.0,45.3265,45.3265,39.8886,-0.0063,74.967,113.8338,5278
2016-09-14 20:00:00,90.07,transfer,1.0,57.0422,0.0,61.7428,61.7428,57.0422,-0.0063,74.9425,113.7907,5279
2016-09-14 21:00:00,66.95,transfer,1.0,60.1076,0.0,68.1368,68.1368,60.1076,-0.0066,74.8838,113.7368,5280
2016-09-14 22:00:00,67.14,transfer,1.0,59.7762,0.0,60.1062,60.1062,59.7762,-0.007,74.8191,113.6829,5281
2016-09-14 23:00:00,67.88,transfer,1.0,59.082,0.0,60.3398,60.3398,59.082,-0.0064,74.7739,113.6542,5282
2016-09-15 00:00:00,67.62,transfer,1.0,58.4405,0.0,56.3543,56.3543,58.4405,-0.0059,74.7035,113.6085,5283
2016-09-15 01:00:00,66.94,transfer,1.0,57.9287,0.0,60.3262,60.3262,57.9287,-0.0053,74.655,113.5953,5284
2016-09-15 02:00:00,66.28,transfer,1.0,57.6561,0.0,44.1007,44.1007,57.6561,-0.0042,74.5981,113.5894,5285
2016-09-15 03:00:00,67.29,transfer,1.0,57.6463,0.0,60.416,60.416,57.6463,-0.0019,74.5539,113.6214,5286
2016-09-15 04:00:00,104.95,transfer,1.0,57.8511,0.0,62.1773,62.1773,57.8511,0.0008,74.4083,113.5891,5287
2016-09-15 05:00:00,116.43,transfer,1.0,58.4434,0.0,71.5304,71.5304,58.4434,0.0008,74.2572,113.5969,5288
2016-09-15 06:00:00,121.86,transfer,1.0,59.3803,0.0,68.0493,68.0493,59.3803,-0.0017,74.0693,113.6203,5289
2016-09-15 07:00:00,128.73,transfer,1.0,60.1396,0.0,66.5395,66.5395,60.1396,-0.0043,73.8687,113.6834,5290
2016-09-15 08:00:00,146.81,transfer,1.0,60.6723,0.0,54.9637,54.9637,60.6723,-0.0068,73.6323,113.7586,5291
2016-09-15 09:00:00,168.69,transfer,1.0,60.9661,0.0,48.1623,48.1623,60.9661,-0.0082,73.4641,113.9408,5292
2016-09-15 10:00:00,160.54,transfer,1.0,61.1597,0.0,60.267,60.267,61.1597,-0.0087,73.169,114.0259,5293
2016-09-15 11:00:00,160.74,transfer,1.0,61.3086,0.0,64.9082,64.9082,61.3086,-0.0081,72.8722,114.1302,5294
2016-09-15 12:00:00,156.24,transfer,1.0,61.3507,0.0,56.6174,56.6174,61.3507,-0.0057,72.5443,114.2171,5295
2016-09-15 13:00:00,146.05,transfer,1.0,61.2545,0.0,69.4918,69.4918,61.2545,-0.0041,72.1429,114.2387,5296
2016-09-15 14:00:00,157.03,transfer,1.0,61.0764,0.0,63.4194,63.4194,61.0764,-0.0026,71.8592,114.3821,5297
2016-09-15 15:00:00,147.54,transfer,1.0,60.9247,0.0,71.3675,71.3675,60.9247,-0.0013,71.4879,114.4408,5298
2016-09-15 16:00:00,131.44,transfer,1.0,60.8699,0.0,67.3881,67.3881,60.8699,-0.001,71.1089,114.4941,5299
2016-09-15 17:00:00,127.28,transfer,1.0,60.7808,0.0,66.9909,66.9909,60.7808,-0.0009,70.7476,114.5666,5300
2016-09-15 18:00:00,86.49,transfer,1.0,60.338,0.0,65.1462,65.1462,60.338,-0.0006,70.5725,114.8238,5301
2016-09-15 19:00:00,84.66,transfer,1.0,59.9721,0.0,66.7081,66.7081,59.9721,-0.0012,70.4479,115.1304,5302
2016-09-15 20:00:00,79.81,transfer,1.0,59.5856,0.0,54.5012,54.5012,59.5856,0.0012,70.3143,115.427,5303
2016-09-15 21:00:00,65.11,transfer,1.0,58.9577,0.0,54.7111,54.7111,58.9577,0.0039,70.2242,115.7653,5304
2016-09-15 22:00:00,65.75,transfer,1.0,58.229,0.0,65.9137,65.9137,58.229,0.0382,70.1511,116.118,5305
2016-09-15 23:00:00,65.65,transfer,1.0,57.387,0.0,70.1431,70.1431,57.387,0.302,70.0411,116.4291,5306
2016-09-16 00:00:00,66.65,transfer,1.0,56.6873,0.0,58.3615,58.3615,56.6873,0.9524,69.9527,116.7523,5307
2016-09-16 01:00:00,66.49,transfer,1.0,56.1023,0.0,66.2471,66.2471,56.1023,1.4701,69.8648,116.6909,5308
2016-09-16 02:00:00,65.48,transfer,1.0,55.822,0.0,49.1162,49.1162,55.822,2.0477,69.7849,116.6201,5309
2016-09-16 03:00:00,66.53,transfer,1.0,55.8812,0.0,57.9114,57.9114,55.8812,2.7023,69.6652,116.5181,5310
2016-09-16 04:00:00,88.2,transfer,1.0,56.2852,0.0,53.4372,53.4372,56.2852,3.3791,69.3676,116.2541,5311
2016-09-16 05:00:00,99.51,transfer,1.0,56.9128,0.0,58.9874,58.9874,56.9128,3.234,69.0702,116.0091,5312
2016-09-16 06:00:00,105.9,transfer,1.0,57.7701,0.0,68.6581,68.6581,57.7701,2.5144,68.7531,115.7651,5313
2016-09-16 07:00:00,117.9,transfer,1.0,58.6241,0.0,60.043,60.043,58.6241,1.5904,68.4219,115.5269,5314
2016-09-16 08:00:00,133.53,transfer,1.0,59.3227,0.0,62.9287,62.9287,59.3227,0.7323,68.0769,115.2922,5315
2016-09-16 09:00:00,131.99,transfer,1.0,59.7442,0.0,56.9106,56.9106,59.7442,0.2246,67.662,115.0027,5316
2016-09-16 10:00:00,134.05,transfer,1.0,59.9843,0.0,47.2379,47.2379,59.9843,0.0458,67.1369,114.618,5317
2016-09-16 11:00:00,146.27,transfer,1.0,60.0003,0.0,55.6146,55.6146,60.0003,0.0069,66.6693,114.3097,5318
2016-09-16 12:00:00,141.1,transfer,1.0,59.7911,0.0,61.528,61.528,59.7911,0.0029,66.2217,114.0488,5319
2016-09-16 13:00:00,134.35,transfer,1.0,59.5034,0.0,57.2641,57.2641,59.5034,0.0005,65.8088,113.862,5320
2016-09-16 14:00:00,139.81,transfer,1.0,59.3033,0.0,62.8582,62.8582,59.3033,-0.0009,65.3828,113.7207,5321
2016-09-16 15:00:00,135.21,transfer,1.0,59.1213,0.0,61.6173,61.6173,59.1213,-0.0009,65.0209,113.7086,5322
2016-09-16 16:00:00,121.86,transfer,1.0,58.9167,0.0,63.672,63.672,58.9167,-0.0018,64.616,113.695,5323
2016-09-16 17:00:00,111.08,transfer,1.0,58.6249,0.0,64.429,64.429,58.6249,-0.0027,64.1905,113.6805,5324
2016-09-16 18:00:00,79.87,transfer,1.0,58.1271,0.0,43.9363,43.9363,58.1271,-0.0004,63.9768,113.8828,5325
2016-09-16 19:00:00,79.05,transfer,1.0,57.2607,0.0,60.1706,60.1706,57.2607,-0.0025,63.8443,114.1625,5326
2016-09-16 20:00:00,76.54,transfer,1.0,56.1756,0.0,50.3516,50.3516,56.1756,-0.0026,63.7374,114.4613,5327
2016-09-16 21:00:00,62.01,transfer,1.0,55.0323,0.0,47.5681,47.5681,55.0323,0.0013,63.6411,114.7673,5328
2016-09-16 22:00:00,61.95,transfer,1.0,53.8817,0.0,54.1896,54.1896,53.8817,0.0141,63.537,115.0526,5329
2016-09-16 23:00:00,63.19,transfer,1.0,52.5169,0.0,55.4741,55.4741,52.5169,0.2651,63.4318,114.9135,5330
2016-09-17 00:00:00,61.1,transfer,1.0,51.3546,0.0,44.1519,44.1519,51.3546,1.1227,63.3414,114.7727,5331
2016-09-17 01:00:00,62.55,transfer,1.0,49.7737,0.0,52.8972,52.8972,49.7737,1.5876,63.1751,114.547,5332
2016-09-17 02:00:00,61.3,transfer,1.0,48.1767,0.0,62.3325,62.3325,48.1767,1.5874,63.1032,114.4077,5333
2016-09-17 03:00:00,63.31,transfer,1.0,46.8449,0.0,46.9535,46.9535,46.8449,1.3959,63.0022,114.2325,5334
2016-09-17 04:00:00,89.13,transfer,1.0,45.8465,0.0,46.634,46.634,45.8465,1.0648,62.8067,113.9582,5335
2016-09-17 05:00:00,94.13,transfer,1.0,45.2597,0.0,46.1285,46.1285,45.2597,0.3696,62.5749,113.6444,5336
2016-09-17 06:00:00,82.85,transfer,1.0,45.3046,0.0,50.5353,50.5353,45.3046,0.0069,62.3218,113.3064,5337
2016-09-17 07:00:00,85.23,transfer,1.0,45.5728,0.0,36.0089,36.0089,45.5728,-0.0045,62.1364,113.033,5338
2016-09-17 08:00:00,74.85,transfer,1.0,45.3632,0.0,49.029,49.029,45.3632,-0.0119,61.8516,112.6568,5339
2016-09-17 09:00:00,77.86,transfer,1.0,44.5,0.0,44.5975,44.5975,44.5,-0.0166,61.5664,112.2745,5340
2016-09-17 10:00:00,87.99,transfer,1.0,42.9005,0.0,40.0038,40.0038,42.9005,-0.0201,61.2926,111.8941,5341
2016-09-17 11:00:00,82.82,transfer,1.0,41.3154,0.0,38.6319,38.6319,41.3154,-0.0221,60.9571,111.4428,5342
2016-09-17 12:00:00,102.63,transfer,1.0,40.0686,0.0,23.4388,23.4388,40.0686,-0.0229,60.7298,111.0925,5343
2016-09-17 13:00:00,98.35,transfer,1.0,38.7192,0.0,36.5555,36.5555,38.7192,-0.0235,60.5188,110.7511,5344
2016-09-17 14:00:00,99.76,transfer,1.0,37.7934,0.0,38.7657,38.7657,37.7934,-0.0245,60.3147,110.4135,5345
2016-09-17 15:00:00,104.78,transfer,1.0,37.0015,0.0,38.7494,38.7494,37.0015,-0.0244,60.119,110.0958,5346
2016-09-17 16:00:00,91.62,transfer,1.0,36.1395,0.0,36.7428,36.7428,36.1395,-0.0243,59.8303,109.6909,5347
2016-09-17 17:00:00,105.51,transfer,1.0,35.3341,0.0,31.7451,31.7451,35.3341,-0.0238,59.6275,109.3733,5348
2016-09-17 18:00:00,75.81,transfer,1.0,34.5889,0.0,41.1548,41.1548,34.5889,-0.023,59.6119,109.2511,5349
2016-09-17 19:00:00,74.81,transfer,1.0,33.9921,0.0,29.3487,29.3487,33.9921,-0.0243,59.4483,109.1138,5350
2016-09-17 20:00:00,78.55,transfer,1.0,33.4145,0.0,44.6374,44.6374,33.4145,-0.0236,59.3031,108.9979,5351
2016-09-17 21:00:00,65.81,transfer,1.0,32.7083,0.0,30.1334,30.1334,32.7083,-0.0231,59.1914,108.9158,5352
2016-09-17 22:00:00,64.31,transfer,1.0,31.9102,0.0,29.958,29.958,31.9102,-0.0218,59.0766,108.8279,5353
2016-09-17 23:00:00,63.95,transfer,1.0,30.732,0.0,28.7474,28.7474,30.732,-0.0192,59.0137,108.7644,5354
2016-09-18 00:00:00,65.64,transfer,1.0,28.8871,0.0,31.9303,31.9303,28.8871,-0.0168,58.9227,108.6728,5355
2016-09-18 01:00:00,65.18,transfer,1.0,27.8466,0.0,27.1139,27.1139,27.8466,-0.0175,58.9133,108.5708,5356
2016-09-18 02:00:00,64.2,transfer,1.0,26.9084,0.0,27.0642,27.0642,26.9084,-0.0196,58.9044,108.4596,5357
2016-09-18 03:00:00,65.15,transfer,1.0,25.0657,0.0,27.4411,27.4411,25.0657,-0.0214,58.9285,108.3706,5358
2016-09-18 04:00:00,98.43,transfer,1.0,23.5773,0.0,22.4181,22.4181,23.5773,-0.0227,58.8223,108.1409,5359
2016-09-18 05:00:00,107.57,transfer,1.0,23.7472,0.0,21.953,21.953,23.7472,-0.0237,58.7192,107.9116,5360
2016-09-18 06:00:00,104.2,transfer,1.0,24.1111,0.0,23.0479,23.0479,24.1111,-0.0252,58.651,107.7092,5361
2016-09-18 07:00:00,86.81,transfer,1.0,24.6802,0.0,26.5181,26.5181,24.6802,-0.0268,58.569,107.4861,5362
2016-09-18 08:00:00,89.39,transfer,1.0,25.3006,0.0,25.5205,25.5205,25.3006,-0.0282,58.4921,107.2639,5363
2016-09-18 09:00:00,98.75,transfer,1.0,25.494,0.0,23.3582,23.3582,25.494,-0.03,58.4757,107.1002,5364
2016-09-18 10:00:00,87.57,transfer,1.0,25.5329,0.0,30.6331,30.6331,25.5329,-0.0317,58.4102,106.8869,5365
2016-09-18 11:00:00,104.61,transfer,1.0,25.8775,0.0,29.0724,29.0724,25.8775,-0.0331,58.4705,106.8027,5366
2016-09-18 12:00:00,112.46,transfer,1.0,25.9698,0.0,21.2428,21.2428,25.9698,-0.034,58.6365,106.8267,5367
2016-09-18 13:00:00,103.6,transfer,1.0,26.4546,0.0,25.0273,25.0273,26.4546,-0.0345,58.6786,106.7341,5368
2016-09-18 14:00:00,121.49,transfer,1.0,26.9269,0.0,29.7915,29.7915,26.9269,-0.0347,58.821,106.7528,5369
2016-09-18 15:00:00,119.66,transfer,1.0,27.5153,0.0,30.0593,30.0593,27.5153,-0.034,58.9534,106.7876,5370
2016-09-18 16:00:00,111.9,transfer,1.0,28.4974,0.0,23.2147,23.2147,28.4974,-0.0337,58.9389,106.7443,5371
2016-09-18 17:00:00,116.76,transfer,1.0,29.9327,0.0,28.496,28.496,29.9327,-0.0333,58.965,106.7853,5372
2016-09-18 18:00:00,89.23,transfer,1.0,31.7325,0.0,35.2638,35.2638,31.7325,-0.032,58.9617,106.8184,5373
2016-09-18 19:00:00,89.22,transfer,1.0,32.4546,0.0,35.174,35.174,32.4546,-0.0315,59.0261,106.9285,5374
2016-09-18 20:00:00,76.57,transfer,1.0,32.7416,0.0,26.0448,26.0448,32.7416,-0.0301,58.9291,106.8778,5375
2016-09-18 21:00:00,67.97,transfer,1.0,32.6796,0.0,24.9334,24.9334,32.6796,-0.0281,58.9111,106.8963,5376
2016-09-18 22:00:00,68.06,transfer,1.0,31.6792,0.0,30.1755,30.1755,31.6792,-0.0255,58.9093,106.913,5377
2016-09-18 23:00:00,65.73,transfer,1.0,30.3728,0.0,30.8772,30.8772,30.3728,-0.0226,58.9226,106.9244,5378
2016-09-19 00:00:00,65.24,transfer,1.0,29.1196,0.0,28.1724,28.1724,29.1196,-0.0201,58.9552,106.9374,5379
2016-09-19 01:00:00,66.25,transfer,1.0,29.2569,0.0,29.4345,29.4345,29.2569,-0.0173,59.0004,106.9523,5380
2016-09-19 02:00:00,66.23,transfer,1.0,30.1755,0.0,32.7626,32.7626,30.1755,-0.0133,59.0456,106.9699,5381
2016-09-19 03:00:00,67.24,transfer,1.0,31.2452,0.0,28.4938,28.4938,31.2452,-0.0082,59.1006,107.0015,5382
2016-09-19 04:00:00,113.73,transfer,1.0,33.4191,0.0,30.1183,30.1183,33.4191,-0.0028,59.2404,107.1278,5383
2016-09-19 05:00:00,127.37,transfer,1.0,35.9428,0.0,36.5049,36.5049,35.9428,-0.0034,59.3825,107.266,5384
2016-09-19 06:00:00,147.58,transfer,1.0,38.9766,0.0,44.4407,44.4407,38.9766,-0.0072,59.5738,107.4646,5385
2016-09-19 07:00:00,162.0,transfer,1.0,40.6516,0.0,45.5401,45.5401,40.6516,-0.0106,59.8391,107.7392,5386
2016-09-19 08:00:00,166.06,transfer,1.0,41.3976,0.0,45.4869,45.4869,41.3976,-0.0134,59.9664,107.871,5387
2016-09-19 09:00:00,177.47,transfer,1.0,44.7907,0.0,43.1763,43.1763,44.7907,-0.0138,60.0426,107.9656,5388
2016-09-19 10:00:00,178.52,transfer,1.0,49.5597,0.0,53.832,53.832,49.5597,-0.0137,60.0804,108.0549,5389
2016-09-19 11:00:00,166.56,transfer,1.0,54.6561,0.0,61.2645,61.2645,54.6561,-0.0101,59.9445,108.0354,5390
2016-09-19 12:00:00,156.8,transfer,1.0,58.8825,0.0,47.0265,47.0265,58.8825,-0.0025,59.7335,107.9766,5391
2016-09-19 13:00:00,147.06,transfer,1.0,60.3059,0.0,73.6899,73.6899,60.3059,0.0058,59.4686,107.8692,5392
2016-09-19 14:00:00,159.1,transfer,1.0,60.8468,0.0,61.6062,61.6062,60.8468,0.0046,59.2379,107.7931,5393
2016-09-19 15:00:00,149.4,transfer,1.0,61.1253,0.0,50.9794,50.9794,61.1253,0.003,58.984,107.6895,5394
2016-09-19 16:00:00,143.14,transfer,1.0,61.2385,0.0,59.2539,59.2539,61.2385,-0.0006,58.761,107.6096,5395
2016-09-19 17:00:00,131.62,transfer,1.0,61.2142,0.0,63.5011,63.5011,61.2142,-0.0043,58.501,107.4771,5396
2016-09-19 18:00:00,85.85,transfer,1.0,61.1253,0.0,71.352,71.352,61.1253,-0.0076,58.3822,107.4396,5397
2016-09-19 19:00:00,99.39,transfer,1.0,60.8766,0.0,68.5799,68.5799,60.8766,-0.0109,58.4205,107.5108,5398
2016-09-19 20:00:00,81.2,transfer,1.0,60.3976,0.0,49.1175,49.1175,60.3976,-0.0117,58.4169,107.5272,5399
2016-09-19 21:00:00,67.89,transfer,1.0,59.9809,0.0,62.035,62.035,59.9809,-0.0121,58.3997,107.5333,5400
2016-09-19 22:00:00,68.09,transfer,1.0,59.4118,0.0,54.3856,54.3856,59.4118,-0.0109,58.3785,107.5419,5401
2016-09-19 23:00:00,68.32,transfer,1.0,58.7236,0.0,60.8016,60.8016,58.7236,-0.0079,58.3569,107.5568,5402
2016-09-20 00:00:00,67.67,transfer,1.0,58.1405,0.0,54.296,54.296,58.1405,-0.0049,58.328,107.5699,5403
2016-09-20 01:00:00,68.97,transfer,1.0,57.9221,0.0,61.5571,61.5571,57.9221,0.0002,58.3044,107.5927,5404
2016-09-20 02:00:00,65.62,transfer,1.0,57.9395,0.0,68.9766,68.9766,57.9395,0.1097,58.266,107.6026,5405
2016-09-20 03:00:00,66.12,transfer,1.0,58.1792,0.0,51.9711,51.9711,58.1792,0.5351,58.219,107.6034,5406
2016-09-20 04:00:00,95.1,transfer,1.0,58.5336,0.0,60.4242,60.4242,58.5336,1.2318,58.1208,107.549,5407
2016-09-20 05:00:00,107.61,transfer,1.0,59.073,0.0,48.2462,48.2462,59.073,1.2925,58.0411,107.5085,5408
2016-09-20 06:00:00,128.28,transfer,1.0,59.7846,0.0,47.7002,47.7002,59.7846,0.8954,58.0193,107.5196,5409
2016-09-20 07:00:00,127.74,transfer,1.0,60.4232,0.0,61.0954,61.0954,60.4232,0.3675,57.9851,107.5149,5410
2016-09-20 08:00:00,144.94,transfer,1.0,60.916,0.0,62.8103,62.8103,60.916,0.0698,57.8784,107.4341,5411
2016-09-20 09:00:00,156.24,transfer,1.0,61.1957,0.0,62.0281,62.0281,61.1957,0.0024,57.7759,107.3548,5412
2016-09-20 10:00:00,146.14,transfer,1.0,61.3735,0.0,65.3751,65.3751,61.3735,-0.002,57.5472,107.1475,5413
2016-09-20 11:00:00,160.81,transfer,1.0,61.4621,0.0,58.1491,58.1491,61.4621,-0.0036,57.4753,107.0945,5414
2016-09-20 12:00:00,165.14,transfer,1.0,61.4691,0.0,57.5397,57.5397,61.4691,-0.005,57.4053,107.0399,5415
2016-09-20 13:00:00,154.29,transfer,1.0,61.4694,0.0,55.3967,55.3967,61.4694,-0.0062,57.2268,106.8739,5416
2016-09-20 14:00:00,155.03,transfer,1.0,61.4808,0.0,53.8478,53.8478,61.4808,-0.0065,57.0429,106.7002,5417
2016-09-20 15:00:00,152.01,transfer,1.0,61.4897,0.0,68.2544,68.2544,61.4897,-0.0066,56.875,106.541,5418
2016-09-20 16:00:00,147.29,transfer,1.0,61.4734,0.0,52.8693,52.8693,61.4734,-0.0073,56.5916,106.3579,5419
2016-09-20 17:00:00,123.13,transfer,1.0,61.4266,0.0,69.2223,69.2223,61.4266,-0.0078,56.2554,106.1567,5420
2016-09-20 18:00:00,93.86,transfer,1.0,61.3389,0.0,55.9592,55.9592,61.3389,-0.0084,56.0532,106.0799,5421
2016-09-20 19:00:00,95.3,transfer,1.0,61.0791,0.0,65.2502,65.2502,61.0791,-0.0078,55.9365,106.0627,5422
2016-09-20 20:00:00,77.97,transfer,1.0,60.7278,0.0,60.8552,60.8552,60.7278,-0.0052,55.845,105.9863,5423
2016-09-20 21:00:00,69.75,transfer,1.0,60.3317,0.0,44.8602,44.8602,60.3317,-0.0023,55.8216,105.9662,5424
2016-09-20 22:00:00,70.2,transfer,1.0,59.7919,0.0,49.9249,49.9249,59.7919,0.0257,55.804,105.9516,5425
2016-09-20 23:00:00,69.7,transfer,1.0,59.2421,0.0,54.0584,54.0584,59.2421,0.3203,55.7853,105.9356,5426
2016-09-21 00:00:00,68.97,transfer,1.0,58.8372,0.0,68.5373,68.5373,58.8372,1.0456,55.7742,105.9243,5427
2016-09-21 01:00:00,69.16,transfer,1.0,58.5845,0.0,53.4181,53.4181,58.5845,2.1819,55.7653,105.9095,5428
2016-09-21 02:00:00,69.49,transfer,1.0,58.5509,0.0,59.775,59.775,58.5509,3.6908,55.7684,105.8986,5429
2016-09-21 03:00:00,68.4,transfer,1.0,58.7116,0.0,59.4711,59.4711,58.7116,5.798,55.7665,105.8703,5430
2016-09-21 04:00:00,101.33,transfer,1.0,59.0583,0.0,63.8783,63.8783,59.0583,9.0198,55.7036,105.7618,5431
2016-09-21 05:00:00,111.1,transfer,1.0,59.5421,0.0,58.9931,58.9931,59.5421,11.7229,55.6343,105.6297,5432
2016-09-21 06:00:00,128.19,transfer,1.0,60.1818,0.0,71.0023,71.0023,60.1818,13.8061,55.6385,105.5566,5433
2016-09-21 07:00:00,124.86,transfer,1.0,60.6816,0.0,64.0332,64.0332,60.6816,14.9868,55.5563,105.3883,5434
2016-09-21 08:00:00,142.07,transfer,1.0,61.0438,0.0,61.396,61.396,61.0438,15.3167,55.5044,105.2474,5435
2016-09-21 09:00:00,158.93,transfer,1.0,61.244,0.0,65.453,65.453,61.244,15.1419,55.4153,105.0698,5436
2016-09-21 10:00:00,156.98,transfer,1.0,61.3808,0.0,66.1974,66.1974,61.3808,14.6079,55.2546,104.8237,5437
2016-09-21 11:00:00,157.09,transfer,1.0,61.4795,0.0,64.065,64.065,61.4795,13.762,55.0334,104.5221,5438
2016-09-21 12:00:00,162.73,transfer,1.0,61.5343,0.0,61.8791,61.8791,61.5343,13.0659,54.9491,104.3627,5439
2016-09-21 13:00:00,164.58,transfer,1.0,61.5454,0.0,55.1004,55.1004,61.5454,13.0232,54.8601,104.2023,5440
2016-09-21 14:00:00,163.31,transfer,1.0,61.5408,0.0,65.2327,65.2327,61.5408,13.8242,54.725,103.9921,5441
2016-09-21 15:00:00,149.72,transfer,1.0,61.5368,0.0,70.6676,70.6676,61.5368,19.8866,54.5891,103.745,5442
2016-09-21 16:00:00,146.2,transfer,1.0,61.5204,0.0,68.7954,68.7954,61.5204,43.9871,54.4299,103.3306,5443
2016-09-21 17:00:00,137.31,transfer,1.0,61.4599,0.0,63.3745,63.3745,61.4599,68.4478,54.1915,102.7655,5444
2016-09-21 18:00:00,89.94,transfer,1.0,61.3616,0.0,62.4144,62.4144,61.3616,73.072,54.0066,102.2869,5445
2016-09-21 19:00:00,83.66,transfer,1.0,61.1787,0.0,65.8486,65.8486,61.1787,73.5323,53.7846,101.7539,5446
2016-09-21 20:00:00,91.24,transfer,1.0,60.8637,0.0,54.872,54.872,60.8637,73.9584,53.7688,101.3206,5447
2016-09-21 21:00:00,74.24,transfer,1.0,60.4335,0.0,44.0096,44.0096,60.4335,74.3226,53.8103,100.9225,5448
2016-09-21 22:00:00,69.4,transfer,1.0,60.0864,0.0,55.8324,55.8324,60.0864,74.5435,53.8219,100.5534,5449
2016-09-21 23:00:00,66.77,transfer,1.0,59.7423,0.0,63.2419,63.2419,59.7423,74.6442,53.8113,100.1962,5450
2016-09-22 00:00:00,69.12,transfer,1.0,59.3939,0.0,61.7191,61.7191,59.3939,73.961,53.8146,99.8225,5451
2016-09-22 01:00:00,67.72,transfer,1.0,59.0375,0.0,64.4181,64.4181,59.0375,11.0412,53.8126,99.7614,5452
2016-09-22 02:00:00,66.42,transfer,1.0,58.8813,0.0,54.6588,54.6588,58.8813,15.8912,53.8062,99.6676,5453
2016-09-22 03:00:00,64.83,transfer,1.0,58.9325,0.0,62.5128,62.5128,58.9325,24.3654,53.7839,99.5079,5454
2016-09-22 04:00:00,90.77,transfer,1.0,59.1221,0.0,70.1357,70.1357,59.1221,36.8632,53.6919,99.2041,5455
2016-09-22 05:00:00,104.59,transfer,1.0,59.5097,0.0,62.9585,62.9585,59.5097,49.7147,53.6151,98.8377,5456
2016-09-22 06:00:00,106.24,transfer,1.0,60.0528,0.0,60.3197,60.3197,60.0528,59.6723,53.5181,98.3895,5457
2016-09-22 07:00:00,107.87,transfer,1.0,60.5359,0.0,63.2005,63.2005,60.5359,65.8003,53.3916,97.8737,5458
2016-09-22 08:00:00,136.41,transfer,1.0,60.8353,0.0,45.8037,45.8037,60.8353,69.1998,53.3287,97.3998,5459
2016-09-22 09:00:00,155.5,transfer,1.0,60.9814,0.0,59.3506,59.3506,60.9814,71.067,53.2501,96.8983,5460
2016-09-22 10:00:00,155.75,transfer,1.0,61.1245,0.0,66.773,66.773,61.1245,72.1847,53.2218,96.44,5461
2016-09-22 11:00:00,165.07,transfer,1.0,61.2558,0.0,63.0726,63.0726,61.2558,72.8857,53.2479,96.0319,5462
2016-09-22 12:00:00,169.02,transfer,1.0,61.3375,0.0,56.9445,56.9445,61.3375,73.314,53.324,95.6715,5463
2016-09-22 13:00:00,171.52,transfer,1.0,61.3957,0.0,69.0092,69.0092,61.3957,73.5869,53.4748,95.3851,5464
2016-09-22 14:00:00,164.58,transfer,1.0,61.4242,0.0,51.5803,51.5803,61.4242,73.7774,53.5177,94.9909,5465
2016-09-22 15:00:00,153.95,transfer,1.0,61.4282,0.0,65.1955,65.1955,61.4282,73.9539,53.5528,94.5888,5466
2016-09-22 16:00:00,157.86,transfer,1.0,61.3903,0.0,63.8266,63.8266,61.3903,74.0555,53.707,94.3053,5467
2016-09-22 17:00:00,147.61,transfer,1.0,61.328,0.0,59.1599,59.1599,61.328,74.162,53.8248,93.9848,5468
2016-09-22 18:00:00,96.42,transfer,1.0,61.2622,0.0,60.2429,60.2429,61.2622,74.2672,53.8784,93.6019,5469
2016-09-22 19:00:00,89.32,transfer,1.0,61.0967,0.0,57.721,57.721,61.0967,74.3139,53.8994,93.1873,5470
2016-09-22 20:00:00,84.51,transfer,1.0,60.7603,0.0,73.8835,73.8835,60.7603,74.4135,53.9204,92.7723,5471
2016-09-22 21:00:00,65.75,transfer,1.0,60.3539,0.0,60.0461,60.0461,60.3539,74.5358,53.9159,92.4371,5472
2016-09-22 22:00:00,65.52,transfer,1.0,59.875,0.0,59.1898,59.1898,59.875,74.6561,53.9047,92.1003,5473
2016-09-22 23:00:00,65.77,transfer,1.0,59.2461,0.0,63.0017,63.0017,59.2461,74.7401,53.8944,91.7647,5474
2016-09-23 00:00:00,64.24,transfer,1.0,58.6838,0.0,62.489,62.489,58.6838,74.7864,53.8681,91.4364,5475
2016-09-23 01:00:00,64.13,transfer,1.0,58.1847,0.0,55.0917,55.0917,58.1847,74.1153,53.8417,91.1089,5476
2016-09-23 02:00:00,65.4,transfer,1.0,57.8424,0.0,54.5749,54.5749,57.8424,4.2404,53.8292,91.0953,5477
2016-09-23 03:00:00,64.84,transfer,1.0,57.683,0.0,60.5768,60.5768,57.683,4.9167,53.8084,91.0721,5478
2016-09-23 04:00:00,96.85,transfer,1.0,57.8422,0.0,58.8361,58.8361,57.8422,5.6956,53.8506,91.1098,5479
2016-09-23 05:00:00,116.99,transfer,1.0,58.2784,0.0,62.9103,62.9103,58.2784,5.6826,53.9465,91.1993,5480
2016-09-23 06:00:00,124.08,transfer,1.0,59.1183,0.0,61.848,61.848,59.1183,5.0274,54.0467,91.2925,5481
2016-09-23 07:00:00,110.62,transfer,1.0,59.9688,0.0,60.701,60.701,59.9688,3.9613,53.9954,91.2351,5482
2016-09-23 08:00:00,138.88,transfer,1.0,60.5676,0.0,51.1176,51.1176,60.5676,2.7791,54.0198,91.2547,5483
2016-09-23 09:00:00,159.18,transfer,1.0,60.846,0.0,65.344,65.344,60.846,1.738,54.1751,91.4076,5484
2016-09-23 10:00:00,152.99,transfer,1.0,61.0313,0.0,45.0261,45.0261,61.0313,0.8341,54.2816,91.5156,5485
2016-09-23 11:00:00,168.03,transfer,1.0,61.1806,0.0,59.023,59.023,61.1806,0.1995,54.4041,91.644,5486
2016-09-23 12:00:00,167.36,transfer,1.0,61.2598,0.0,69.9648,69.9648,61.2598,0.0324,54.5517,91.8001,5487
2016-09-23 13:00:00,167.04,transfer,1.0,61.2962,0.0,56.5846,56.5846,61.2962,0.0016,54.7356,91.9947,5488
2016-09-23 14:00:00,173.11,transfer,1.0,61.2843,0.0,53.3854,53.3854,61.2843,-0.0011,54.922,92.1929,5489
2016-09-23 15:00:00,159.5,transfer,1.0,61.2567,0.0,51.8721,51.8721,61.2567,-0.0025,55.0539,92.3375,5490
2016-09-23 16:00:00,158.54,transfer,1.0,61.2363,0.0,59.5431,59.5431,61.2363,-0.0027,55.2584,92.5559,5491
2016-09-23 17:00:00,142.94,transfer,1.0,61.1609,0.0,64.1889,64.1889,61.1609,0.0013,55.433,92.7455,5492
2016-09-23 18:00:00,87.78,transfer,1.0,61.0633,0.0,64.3204,64.3204,61.0633,65.0935,55.4626,92.4051,5493
2016-09-23 19:00:00,94.52,transfer,1.0,60.8281,0.0,61.8957,61.8957,60.8281,4.0373,55.5334,92.4731,5494
2016-09-23 20:00:00,90.9,transfer,1.0,60.3199,0.0,71.0427,71.0427,60.3199,-0.0018,55.5942,92.5586,5495
2016-09-23 21:00:00,67.68,transfer,1.0,59.7721,0.0,67.9812,67.9812,59.7721,-0.0073,55.5998,92.5924,5496
2016-09-23 22:00:00,66.69,transfer,1.0,59.1935,0.0,67.8535,67.8535,59.1935,-0.01,55.5964,92.6208,5497
2016-09-23 23:00:00,65.37,transfer,1.0,58.3952,0.0,71.7382,71.7382,58.3952,-0.0075,55.5744,92.6354,5498
2016-09-24 00:00:00,65.9,transfer,1.0,57.5994,0.0,63.867,63.867,57.5994,-0.0043,55.5658,92.6706,5499
2016-09-24 01:00:00,63.97,transfer,1.0,56.4611,0.0,55.4845,55.4845,56.4611,-0.0033,55.5344,92.6886,5500
2016-09-24 02:00:00,64.12,transfer,1.0,55.3507,0.0,61.3842,61.3842,55.3507,-0.0058,55.5085,92.7148,5501
2016-09-24 03:00:00,64.47,transfer,1.0,54.3495,0.0,46.3116,46.3116,54.3495,-0.0083,55.4707,92.7301,5502
2016-09-24 04:00:00,100.76,transfer,1.0,53.6298,0.0,49.5915,49.5915,53.6298,-0.0103,55.4936,92.8057,5503
2016-09-24 05:00:00,112.82,transfer,1.0,53.2234,0.0,54.8945,54.8945,53.2234,-0.0129,55.5575,92.9192,5504
2016-09-24 06:00:00,105.65,transfer,1.0,53.7291,0.0,48.1666,48.1666,53.7291,-0.0168,55.643,93.0551,5505
2016-09-24 07:00:00,91.33,transfer,1.0,54.6393,0.0,53.4553,53.4553,54.6393,-0.0195,55.6254,93.0915,5506
2016-09-24 08:00:00,88.21,transfer,1.0,55.2663,0.0,56.2877,56.2877,55.2663,-0.0215,55.646,93.1711,5507
2016-09-24 09:00:00,106.5,transfer,1.0,55.106,0.0,61.9084,61.9084,55.106,-0.0232,55.7533,93.3416,5508
2016-09-24 10:00:00,91.68,transfer,1.0,53.9822,0.0,54.4398,54.4398,53.9822,-0.0248,55.7093,93.3636,5509
2016-09-24 11:00:00,97.37,transfer,1.0,52.098,0.0,48.3574,48.3574,52.098,-0.0261,55.7317,93.4502,5510
2016-09-24 12:00:00,93.96,transfer,1.0,49.4841,0.0,44.0968,44.0968,49.4841,-0.0265,55.6241,93.3986,5511
2016-09-24 13:00:00,81.9,transfer,1.0,46.7304,0.0,44.0155,44.0155,46.7304,-0.0267,55.4785,93.3007,5512
2016-09-24 14:00:00,94.36,transfer,1.0,44.3972,0.0,47.0916,47.0916,44.3972,-0.027,55.407,93.2686,5513
2016-09-24 15:00:00,82.4,transfer,1.0,41.9532,0.0,45.4872,45.4872,41.9532,-0.0269,55.2443,93.1354,5514
2016-09-24 16:00:00,85.35,transfer,1.0,39.8408,0.0,38.3256,38.3256,39.8408,-0.0269,55.185,93.0981,5515
2016-09-24 17:00:00,88.04,transfer,1.0,36.6042,0.0,44.0353,44.0353,36.6042,-0.0271,55.0734,92.9941,5516
2016-09-24 18:00:00,64.39,transfer,1.0,30.9581,0.0,36.321,36.321,30.9581,-0.0272,55.0271,92.9262,5517
2016-09-24 19:00:00,77.28,transfer,1.0,27.6745,0.0,26.0228,26.0228,27.6745,-0.0283,55.0794,92.9409,5518
2016-09-24 20:00:00,71.22,transfer,1.0,29.5714,0.0,29.0961,29.0961,29.5714,-0.027,55.0586,92.8973,5519
2016-09-24 21:00:00,60.72,transfer,1.0,31.5552,0.0,30.4759,30.4759,31.5552,-0.0257,55.0352,92.867,5520
2016-09-24 22:00:00,64.28,transfer,1.0,31.5481,0.0,27.522,27.522,31.5481,-0.0235,55.0372,92.8668,5521
2016-09-24 23:00:00,60.96,transfer,1.0,31.1228,0.0,34.6463,34.6463,31.1228,-0.0199,55.017,92.8491,5522
2016-09-25 00:00:00,60.45,transfer,1.0,30.5843,0.0,21.7952,21.7952,30.5843,-0.0169,54.976,92.8182,5523
2016-09-25 01:00:00,61.63,transfer,1.0,30.8025,0.0,28.1518,28.1518,30.8025,-0.0174,54.9373,92.797,5524
2016-09-25 02:00:00,61.99,transfer,1.0,30.9236,0.0,33.9719,33.9719,30.9236,-0.0186,54.9003,92.7839,5525
2016-09-25 03:00:00,62.18,transfer,1.0,30.7225,0.0,31.2558,31.2558,30.7225,-0.0203,54.8489,92.7662,5526
2016-09-25 04:00:00,67.49,transfer,1.0,30.6422,0.0,33.2632,33.2632,30.6422,-0.0223,54.6227,92.582,5527
2016-09-25 05:00:00,70.47,transfer,1.0,31.1944,0.0,34.5082,34.5082,31.1944,-0.025,54.3575,92.3612,5528
2016-09-25 06:00:00,69.16,transfer,1.0,31.0805,0.0,34.0603,34.0603,31.0805,-0.028,54.1075,92.1526,5529
2016-09-25 07:00:00,61.47,transfer,1.0,30.1268,0.0,36.9632,36.9632,30.1268,-0.0306,53.9242,92.0018,5530
2016-09-25 08:00:00,69.04,transfer,1.0,28.1034,0.0,24.6432,24.6432,28.1034,-0.0333,53.7864,91.8807,5531
2016-09-25 09:00:00,67.67,transfer,1.0,26.898,0.0,28.3296,28.3296,26.898,-0.0351,53.593,91.6958,5532
2016-09-25 10:00:00,68.62,transfer,1.0,25.4926,0.0,27.2173,27.2173,25.4926,-0.036,53.4805,91.583,5533
2016-09-25 11:00:00,68.48,transfer,1.0,23.4813,0.0,20.6949,20.6949,23.4813,-0.037,53.2797,91.3679,5534
2016-09-25 12:00:00,75.08,transfer,1.0,22.4647,0.0,19.8565,19.8565,22.4647,-0.0367,53.0781,91.1455,5535
2016-09-25 13:00:00,76.84,transfer,1.0,21.8672,0.0,20.0033,20.0033,21.8672,-0.0361,52.9461,90.9862,5536
2016-09-25 14:00:00,71.48,transfer,1.0,21.5192,0.0,15.3897,15.3897,21.5192,-0.0368,52.6806,90.6885,5537
2016-09-25 15:00:00,84.12,transfer,1.0,21.462,0.0,20.1529,20.1529,21.462,-0.036,52.5051,90.477,5538
2016-09-25 16:00:00,79.74,transfer,1.0,21.4883,0.0,16.4184,16.4184,21.4883,-0.0361,52.3554,90.2856,5539
2016-09-25 17:00:00,81.65,transfer,1.0,21.6496,0.0,22.6955,22.6955,21.6496,-0.0368,52.1957,90.0766,5540
2016-09-25 18:00:00,67.89,transfer,1.0,22.0704,0.0,16.8684,16.8684,22.0704,-0.0364,52.1262,89.9496,5541
2016-09-25 19:00:00,65.71,transfer,1.0,22.1565,0.0,24.2589,24.2589,22.1565,-0.0356,52.0475,89.8097,5542
2016-09-25 20:00:00,68.94,transfer,1.0,22.1159,0.0,19.7434,19.7434,22.1159,-0.0326,52.0654,89.7643,5543
2016-09-25 21:00:00,61.35,transfer,1.0,22.0764,0.0,23.7579,23.7579,22.0764,-0.0301,52.0891,89.7249,5544
2016-09-25 22:00:00,61.26,transfer,1.0,21.692,0.0,19.3536,19.3536,21.692,-0.0258,52.108,89.6844,5545
2016-09-25 23:00:00,60.51,transfer,1.0,21.3147,0.0,22.0262,22.0262,21.3147,-0.0192,52.1309,89.6533,5546
2016-09-26 00:00:00,61.29,transfer,1.0,21.1,0.0,23.1515,23.1515,21.1,-0.0121,52.1551,89.6298,5547
2016-09-26 01:00:00,61.4,transfer,1.0,21.3318,0.0,23.2166,23.2166,21.3318,-0.0035,52.1734,89.6008,5548
2016-09-26 02:00:00,60.58,transfer,1.0,21.8342,0.0,23.3313,23.3313,21.8342,0.0076,52.1894,89.5671,5549
2016-09-26 03:00:00,61.2,transfer,1.0,22.5685,0.0,22.9369,22.9369,22.5685,0.2732,52.2051,89.5294,5550
2016-09-26 04:00:00,73.85,transfer,1.0,23.4318,0.0,19.2541,19.2541,23.4318,1.5314,52.0272,89.2829,5551
2016-09-26 05:00:00,89.61,transfer,1.0,24.6817,0.0,17.892,17.892,24.6817,2.0028,51.8695,89.0462,5552
2016-09-26 06:00:00,95.83,transfer,1.0,26.1923,0.0,27.6722,27.6722,26.1923,1.6056,51.6375,88.7286,5553
2016-09-26 07:00:00,105.31,transfer,1.0,28.2054,0.0,30.9253,30.9253,28.2054,0.8926,51.3742,88.3858,5554
2016-09-26 08:00:00,126.15,transfer,1.0,30.6998,0.0,26.0992,26.0992,30.6998,0.2199,51.2003,88.1468,5555
2016-09-26 09:00:00,128.36,transfer,1.0,33.9552,0.0,37.9455,37.9455,33.9552,0.0117,50.9725,87.8543,5556
2016-09-26 10:00:00,124.05,transfer,1.0,38.421,0.0,33.6447,33.6447,38.421,-0.0063,50.7145,87.5301,5557
2016-09-26 11:00:00,138.04,transfer,1.0,44.4525,0.0,47.4424,47.4424,44.4525,-0.0115,50.6055,87.3603,5558
2016-09-26 12:00:00,123.66,transfer,1.0,51.5552,0.0,46.9461,46.9461,51.5552,-0.0151,50.4519,87.1631,5559
2016-09-26 13:00:00,127.79,transfer,1.0,55.9683,0.0,57.8204,57.8204,55.9683,-0.0181,50.363,87.0486,5560
2016-09-26 14:00:00,124.69,transfer,1.0,57.4995,0.0,44.9249,44.9249,57.4995,-0.0191,50.1781,86.8439,5561
2016-09-26 15:00:00,108.61,transfer,1.0,58.1323,0.0,49.3282,49.3282,58.1323,-0.02,49.9531,86.6012,5562
2016-09-26 16:00:00,106.51,transfer,1.0,58.3018,0.0,67.3164,67.3164,58.3018,-0.02,49.7525,86.3833,5563
2016-09-26 17:00:00,92.27,transfer,1.0,57.9268,0.0,51.3531,51.3531,57.9268,-0.0197,49.5379,86.1492,5564
2016-09-26 18:00:00,85.34,transfer,1.0,57.1624,0.0,59.3708,59.3708,57.1624,-0.0192,49.5584,86.1462,5565
2016-09-26 19:00:00,75.91,transfer,1.0,55.9489,0.0,61.6104,61.6104,55.9489,-0.0174,49.448,86.0065,5566
2016-09-26 20:00:00,76.95,transfer,1.0,54.9862,0.0,58.3914,58.3914,54.9862,-0.0049,49.4549,85.9812,5567
2016-09-26 21:00:00,61.73,transfer,1.0,53.8551,0.0,55.0615,55.0615,53.8551,71.8506,49.4547,85.6372,5568
2016-09-26 22:00:00,59.11,transfer,1.0,52.3887,0.0,55.6148,55.6148,52.3887,68.8994,49.4431,85.2901,5569
2016-09-26 23:00:00,58.49,transfer,1.0,51.0781,0.0,57.9465,57.9465,51.0781,1.9799,49.4301,85.2198,5570
2016-09-27 00:00:00,60.35,transfer,1.0,49.8926,0.0,39.5592,39.5592,49.8926,0.5214,49.4356,85.1731,5571
2016-09-27 01:00:00,59.26,transfer,1.0,49.1571,0.0,49.773,49.773,49.1571,1.0101,49.43,85.1093,5572
2016-09-27 02:00:00,60.25,transfer,1.0,48.9749,0.0,59.8202,59.8202,48.9749,1.9306,49.4514,85.0665,5573
2016-09-27 03:00:00,60.83,transfer,1.0,48.7958,0.0,43.4102,43.4102,48.7958,3.1925,49.4757,85.0192,5574
2016-09-27 04:00:00,74.28,transfer,1.0,48.7491,0.0,42.1111,42.1111,48.7491,4.8409,49.41,84.8737,5575
2016-09-27 05:00:00,78.95,transfer,1.0,49.4279,0.0,53.1392,53.1392,49.4279,5.6317,49.2969,84.6773,5576
2016-09-27 06:00:00,92.82,transfer,1.0,50.8583,0.0,33.1701,33.1701,50.8583,5.6952,49.1389,84.4377,5577
2016-09-27 07:00:00,103.33,transfer,1.0,52.7079,0.0,51.2513,51.2513,52.7079,5.1133,49.0395,84.2641,5578
2016-09-27 08:00:00,122.76,transfer,1.0,54.7287,0.0,56.3451,56.3451,54.7287,4.2776,48.9444,84.1071,5579
2016-09-27 09:00:00,127.99,transfer,1.0,56.5073,0.0,50.7431,50.7431,56.5073,3.3321,48.8041,83.9191,5580
2016-09-27 10:00:00,122.05,transfer,1.0,57.9649,0.0,43.7772,43.7772,57.9649,2.4933,48.681,83.7608,5581
2016-09-27 11:00:00,129.28,transfer,1.0,59.0541,0.0,61.2504,61.2504,59.0541,1.7661,48.5077,83.5626,5582
2016-09-27 12:00:00,124.97,transfer,1.0,59.7558,0.0,53.3011,53.3011,59.7558,1.2439,48.2787,83.3161,5583
2016-09-27 13:00:00,125.85,transfer,1.0,60.2145,0.0,61.4918,61.4918,60.2145,0.8295,48.1169,83.1418,5584
2016-09-27 14:00:00,129.34,transfer,1.0,60.4477,0.0,51.9809,51.9809,60.4477,0.5233,47.9702,82.9858,5585
2016-09-27 15:00:00,126.67,transfer,1.0,60.521,0.0,53.1328,53.1328,60.521,0.4016,47.8251,82.8325,5586
2016-09-27 16:00:00,126.56,transfer,1.0,60.4502,0.0,57.1442,57.1442,60.4502,0.3505,47.7078,82.707,5587
2016-09-27 17:00:00,119.15,transfer,1.0,60.273,0.0,50.4706,50.4706,60.273,0.7653,47.691,82.6787,5588
2016-09-27 18:00:00,83.97,transfer,1.0,59.9756,0.0,51.1102,51.1102,59.9756,62.0209,47.6402,82.2506,5589
2016-09-27 19:00:00,80.64,transfer,1.0,59.5513,0.0,56.5968,56.5968,59.5513,64.2721,47.562,81.7807,5590
2016-09-27 20:00:00,79.21,transfer,1.0,58.8096,0.0,69.125,69.125,58.8096,72.3565,47.5808,81.3574,5591
2016-09-27 21:00:00,61.59,transfer,1.0,57.8711,0.0,63.6428,63.6428,57.8711,73.0794,47.5469,81.0106,5592
2016-09-27 22:00:00,61.01,transfer,1.0,56.8988,0.0,55.645,55.645,56.8988,20.4987,47.5094,80.834,5593
2016-09-27 23:00:00,58.7,transfer,1.0,55.6735,0.0,54.5059,54.5059,55.6735,0.6331,47.4652,80.7667,5594
2016-09-28 00:00:00,59.18,transfer,1.0,54.4875,0.0,47.1053,47.1053,54.4875,0.268,47.4328,80.713,5595
2016-09-28 01:00:00,58.35,transfer,1.0,53.536,0.0,51.1871,51.1871,53.536,0.4819,47.3985,80.6588,5596
2016-09-28 02:00:00,59.94,transfer,1.0,52.8587,0.0,56.3556,56.3556,52.8587,1.2184,47.3756,80.6167,5597
2016-09-28 03:00:00,61.93,transfer,1.0,52.57,0.0,52.1059,52.1059,52.57,2.5005,47.3736,80.5978,5598
2016-09-28 04:00:00,84.32,transfer,1.0,52.8287,0.0,54.6326,54.6326,52.8287,4.6236,47.3094,80.5227,5599
2016-09-28 05:00:00,90.94,transfer,1.0,53.6869,0.0,53.2177,53.2177,53.6869,6.6927,47.2243,80.4326,5600
2016-09-28 06:00:00,96.74,transfer,1.0,55.1661,0.0,44.4887,44.4887,55.1661,8.2864,47.0669,80.2783,5601
2016-09-28 07:00:00,114.79,transfer,1.0,56.6862,0.0,53.1776,53.1776,56.6862,9.2033,47.0308,80.2528,5602
2016-09-28 08:00:00,130.89,transfer,1.0,57.8203,0.0,56.7051,56.7051,57.8203,9.3806,46.9834,80.2216,5603
2016-09-28 09:00:00,123.71,transfer,1.0,58.6701,0.0,53.7266,53.7266,58.6701,8.8146,46.7891,80.0496,5604
2016-09-28 10:00:00,121.31,transfer,1.0,59.2003,0.0,49.8707,49.8707,59.2003,7.8205,46.5898,79.8777,5605
2016-09-28 11:00:00,128.43,transfer,1.0,59.4996,0.0,64.9567,64.9567,59.4996,6.5801,46.431,79.7498,5606
2016-09-28 12:00:00,125.36,transfer,1.0,59.7878,0.0,48.873,48.873,59.7878,5.2189,46.2189,79.5741,5607
2016-09-28 13:00:00,120.21,transfer,1.0,60.042,0.0,52.4971,52.4971,60.042,3.9492,45.9638,79.364,5608
2016-09-28 14:00:00,132.73,transfer,1.0,60.135,0.0,60.7737,60.7737,60.135,2.9978,45.7901,79.2464,5609
2016-09-28 15:00:00,106.92,transfer,1.0,60.083,0.0,60.8607,60.8607,60.083,2.3819,45.544,79.0958,5610
2016-09-28 16:00:00,108.09,transfer,1.0,60.034,0.0,51.0862,51.0862,60.034,2.4107,45.326,79.1165,5611
2016-09-28 17:00:00,104.13,transfer,1.0,59.6655,0.0,53.7115,53.7115,59.6655,4.859,45.1392,79.2975,5612
2016-09-28 18:00:00,75.66,transfer,1.0,59.0596,0.0,61.5972,61.5972,59.0596,52.9169,45.0679,79.3324,5613
2016-09-28 19:00:00,82.49,transfer,1.0,58.2505,0.0,65.6691,65.6691,58.2505,61.4207,45.0783,79.3976,5614
2016-09-28 20:00:00,73.13,transfer,1.0,57.3275,0.0,54.5303,54.5303,57.3275,71.5545,44.9916,79.3041,5615
2016-09-28 21:00:00,63.95,transfer,1.0,56.5458,0.0,52.353,52.353,56.5458,74.0609,44.9535,79.3638,5616
2016-09-28 22:00:00,62.51,transfer,1.0,55.286,0.0,57.8304,57.8304,55.286,74.4899,44.941,79.4045,5617
2016-09-28 23:00:00,62.36,transfer,1.0,54.2204,0.0,53.7407,53.7407,54.2204,75.0187,44.9477,79.433,5618
2016-09-29 00:00:00,63.34,transfer,1.0,53.4186,0.0,50.7596,50.7596,53.4186,75.5605,44.9488,79.4769,5619
2016-09-29 01:00:00,61.55,transfer,1.0,52.9486,0.0,44.0292,44.0292,52.9486,75.2302,44.9483,79.2209,5620
2016-09-29 02:00:00,61.49,transfer,1.0,52.5744,0.0,57.215,57.215,52.5744,45.2781,44.9565,79.0167,5621
2016-09-29 03:00:00,61.81,transfer,1.0,52.6186,0.0,44.8108,44.8108,52.6186,58.669,44.9761,78.7945,5622
2016-09-29 04:00:00,80.11,transfer,1.0,52.5672,0.0,49.5085,49.5085,52.5672,68.2057,44.9517,78.5445,5623
2016-09-29 05:00:00,85.41,transfer,1.0,52.883,0.0,63.3674,63.3674,52.883,72.7361,44.877,78.2933,5624
2016-09-29 06:00:00,91.48,transfer,1.0,54.3885,0.0,54.2247,54.2247,54.3885,74.8587,44.8228,78.115,5625
2016-09-29 07:00:00,104.16,transfer,1.0,56.0338,0.0,54.8121,54.8121,56.0338,75.7056,44.8276,78.034,5626
2016-09-29 08:00:00,122.62,transfer,1.0,57.3212,0.0,69.0688,69.0688,57.3212,75.9843,44.7664,77.9115,5627
2016-09-29 09:00:00,125.71,transfer,1.0,58.4199,0.0,61.9594,61.9594,58.4199,75.9963,44.6043,77.7049,5628
2016-09-29 10:00:00,128.77,transfer,1.0,59.2167,0.0,69.9932,69.9932,59.2167,75.8602,44.4551,77.5224,5629
2016-09-29 11:00:00,139.29,transfer,1.0,59.7982,0.0,70.4853,70.4853,59.7982,75.679,44.3103,77.3523,5630
2016-09-29 12:00:00,123.11,transfer,1.0,60.2287,0.0,63.8775,63.8775,60.2287,75.497,44.0436,77.066,5631
2016-09-29 13:00:00,124.62,transfer,1.0,60.5279,0.0,62.1937,62.1937,60.5279,75.341,43.7696,76.7764,5632
2016-09-29 14:00:00,126.92,transfer,1.0,60.6259,0.0,56.3417,56.3417,60.6259,75.2192,43.5502,76.5437,5633
2016-09-29 15:00:00,116.47,transfer,1.0,60.6004,0.0,64.0723,64.0723,60.6004,75.1315,43.332,76.3136,5634
2016-09-29 16:00:00,105.9,transfer,1.0,60.4804,0.0,58.4396,58.4396,60.4804,75.0757,43.0282,75.9982,5635
2016-09-29 17:00:00,88.87,transfer,1.0,60.2435,0.0,68.4636,68.4636,60.2435,75.0951,42.685,75.643,5636
2016-09-29 18:00:00,75.2,transfer,1.0,59.7922,0.0,73.5181,73.5181,59.7922,75.2327,42.5674,75.5114,5637
2016-09-29 19:00:00,72.59,transfer,1.0,58.9633,0.0,69.3922,69.3922,58.9633,75.2484,42.4805,75.4379,5638
2016-09-29 20:00:00,65.74,transfer,1.0,58.0746,0.0,70.7241,70.7241,58.0746,75.3907,42.3848,75.4352,5639
2016-09-29 21:00:00,59.64,transfer,1.0,57.1917,0.0,64.8761,64.8761,57.1917,75.6266,42.3673,75.4781,5640
2016-09-29 22:00:00,60.22,transfer,1.0,56.2411,0.0,52.8176,52.8176,56.2411,75.9525,42.3573,75.5173,5641
2016-09-29 23:00:00,60.26,transfer,1.0,55.2421,0.0,57.3952,57.3952,55.2421,76.2341,42.3484,75.559,5642
2016-09-30 00:00:00,58.85,transfer,1.0,54.6984,0.0,59.6886,59.6886,54.6984,76.5447,42.34,75.6016,5643
2016-09-30 01:00:00,59.3,transfer,1.0,54.3493,0.0,56.4998,56.4998,54.3493,76.7855,42.3341,75.6462,5644
2016-09-30 02:00:00,59.29,transfer,1.0,54.3197,0.0,58.0228,58.0228,54.3197,76.9737,42.3187,75.3874,5645
2016-09-30 03:00:00,59.56,transfer,1.0,54.5187,0.0,53.0804,53.0804,54.5187,77.0894,42.3061,75.1351,5646
2016-09-30 04:00:00,64.1,transfer,1.0,55.2823,0.0,57.4487,57.4487,55.2823,77.0106,42.1264,74.6694,5647
2016-09-30 05:00:00,75.72,transfer,1.0,56.2927,0.0,65.0464,65.0464,56.2927,77.1727,41.8926,74.0155,5648
2016-09-30 06:00:00,68.3,transfer,1.0,57.2882,0.0,66.6478,66.6478,57.2882,77.2468,41.5714,73.3601,5649
2016-09-30 07:00:00,62.57,transfer,1.0,58.3141,0.0,61.6636,61.6636,58.3141,77.2724,41.2953,72.8127,5650
2016-09-30 08:00:00,65.08,transfer,1.0,58.966,0.0,61.5464,61.5464,58.966,77.2812,40.8655,72.0752,5651
2016-09-30 09:00:00,71.49,transfer,1.0,59.0734,0.0,55.1733,55.1733,59.0734,77.2829,40.3541,71.1725,5652
2016-09-30 10:00:00,73.97,transfer,1.0,58.8205,0.0,60.255,60.255,58.8205,77.2832,39.8969,70.2866,5653
2016-09-30 11:00:00,76.33,transfer,1.0,58.4273,0.0,64.8033,64.8033,58.4273,77.2835,39.3675,69.2932,5654
2016-09-30 12:00:00,79.42,transfer,1.0,57.8449,0.0,42.3679,42.3679,57.8449,77.2832,38.8643,68.31,5655
2016-09-30 13:00:00,83.1,transfer,1.0,57.0061,0.0,61.4173,61.4173,57.0061,77.2833,38.3902,67.3503,5656
2016-09-30 14:00:00,83.09,transfer,1.0,56.0436,0.0,49.9645,49.9645,56.0436,77.2837,37.8856,66.3545,5657
2016-09-30 15:00:00,78.2,transfer,1.0,54.8248,0.0,50.0808,50.0808,54.8248,77.2834,37.4399,65.4105,5658
2016-09-30 16:00:00,76.56,transfer,1.0,53.2726,0.0,53.3085,53.3085,53.2726,77.2843,36.9994,64.4711,5659
2016-09-30 17:00:00,64.03,transfer,1.0,51.2293,0.0,55.308,55.308,51.2293,77.285,36.5888,63.6992,5660
2016-09-30 18:00:00,61.61,transfer,1.0,48.9655,0.0,53.4973,53.4973,48.9655,77.2859,36.505,63.6574,5661
2016-09-30 19:00:00,66.14,transfer,1.0,46.5743,0.0,44.151,44.151,46.5743,77.2881,36.4209,63.1852,5662
2016-09-30 20:00:00,64.14,transfer,1.0,44.8152,0.0,53.0427,53.0427,44.8152,77.2892,36.3539,62.7224,5663
2016-09-30 21:00:00,57.98,transfer,1.0,43.6748,0.0,42.2052,42.2052,43.6748,77.2905,36.392,62.4344,5664
2016-09-30 22:00:00,58.7,transfer,1.0,42.7963,0.0,40.5995,40.5995,42.7963,77.2923,36.4421,62.1481,5665
2016-09-30 23:00:00,58.56,transfer,1.0,42.1401,0.0,48.0902,48.0902,42.1401,77.2938,36.4983,61.8704,5666
2016-10-01 00:00:00,59.37,transfer,1.0,41.7846,0.0,38.9306,38.9306,41.7846,76.7301,36.5536,61.5815,5667
2016-10-01 01:00:00,56.98,transfer,1.0,41.1192,0.0,48.1143,48.1143,41.1192,76.8712,36.6033,61.3191,5668
2016-10-01 02:00:00,57.6,transfer,1.0,40.1117,0.0,41.1988,41.1988,40.1117,76.9952,36.6552,61.0528,5669
2016-10-01 03:00:00,57.38,transfer,1.0,39.7876,0.0,33.2594,33.2594,39.7876,77.1277,36.6996,60.7866,5670
2016-10-01 04:00:00,61.87,transfer,1.0,39.7244,0.0,31.8134,31.8134,39.7244,76.9591,36.5509,60.2766,5671
2016-10-01 05:00:00,75.42,transfer,1.0,39.7109,0.0,35.1865,35.1865,39.7109,77.1805,36.4087,59.6154,5672
2016-10-01 06:00:00,65.87,transfer,1.0,39.9635,0.0,30.5782,30.5782,39.9635,77.2517,36.2539,59.0542,5673
2016-10-01 07:00:00,64.33,transfer,1.0,40.6085,0.0,39.0401,39.0401,40.6085,77.2755,36.1767,58.5875,5674
2016-10-01 08:00:00,11.1,transfer,1.0,41.1583,0.0,41.6536,41.6536,41.1583,77.284,36.1595,58.4563,5675
2016-10-01 09:00:00,28.479999999999997,transfer,1.0,39.1057,0.0,41.9097,41.9097,39.1057,77.2814,35.9168,58.1127,5676
2016-10-01 10:00:00,45.86,transfer,1.0,35.2714,0.0,41.4119,41.4119,35.2714,77.127,35.7555,57.753,5677
2016-10-01 11:00:00,73.82,transfer,1.0,32.4668,0.0,29.4631,29.4631,32.4668,77.1366,35.7322,57.193,5678
2016-10-01 12:00:00,71.02,transfer,1.0,30.4902,0.0,27.334,27.334,30.4902,77.1137,35.7087,56.6698,5679
2016-10-01 13:00:00,70.32,transfer,1.0,29.1319,0.0,25.9503,25.9503,29.1319,77.0638,35.7445,56.2223,5680
2016-10-01 14:00:00,69.99,transfer,1.0,28.1272,0.0,32.885,32.885,28.1272,77.0025,35.6963,55.7022,5681
2016-10-01 15:00:00,69.42,transfer,1.0,27.2843,0.0,29.2701,29.2701,27.2843,76.9319,35.7063,55.2563,5682
2016-10-01 16:00:00,68.13,transfer,1.0,26.5722,0.0,24.1431,24.1431,26.5722,76.8519,35.6828,54.8,5683
2016-10-01 17:00:00,66.07,transfer,1.0,25.988,0.0,23.6094,23.6094,25.988,76.7819,35.6152,54.3395,5684
2016-10-01 18:00:00,66.05,transfer,1.0,25.4649,0.0,21.6688,21.6688,25.4649,76.6872,35.6578,54.0194,5685
2016-10-01 19:00:00,71.68,transfer,1.0,24.9683,0.0,25.5072,25.5072,24.9683,76.078,35.6406,53.5854,5686
2016-10-01 20:00:00,63.53,transfer,1.0,24.6037,0.0,26.3064,26.3064,24.6037,75.5593,35.6244,53.2329,5687
2016-10-01 21:00:00,48.09,transfer,1.0,24.2061,0.0,25.5172,25.5172,24.2061,75.12,35.5929,53.0323,5688
2016-10-01 22:00:00,49.22,transfer,1.0,23.6126,0.0,20.1206,20.1206,23.6126,74.6386,35.5505,52.8008,5689
2016-10-01 23:00:00,49.12,transfer,1.0,22.6583,0.0,21.3223,21.3223,22.6583,74.3633,35.5304,52.5881,5690
2016-10-02 00:00:00,47.61,transfer,1.0,21.5108,0.0,23.7218,23.7218,21.5108,74.2566,35.508,52.3868,5691
2016-10-02 01:00:00,48.19,transfer,1.0,20.7528,0.0,19.4155,19.4155,20.7528,74.1519,35.4878,52.1744,5692
2016-10-02 02:00:00,66.82,transfer,1.0,20.332,0.0,18.5948,18.5948,20.332,73.9437,35.5796,51.8477,5693
2016-10-02 03:00:00,62.44,transfer,1.0,20.0465,0.0,15.0799,15.0799,20.0465,-0.0045,35.6447,51.8491,5694
2016-10-02 04:00:00,70.0,transfer,1.0,20.1446,0.0,17.937,17.937,20.1446,-0.0082,35.7222,51.864,5695
2016-10-02 05:00:00,66.18,transfer,1.0,20.534,0.0,24.7939,24.7939,20.534,-0.0093,35.7601,51.8383,5696
2016-10-02 06:00:00,66.76,transfer,1.0,21.0313,0.0,21.7955,21.7955,21.0313,-0.0124,35.8056,51.824,5697
2016-10-02 07:00:00,57.04,transfer,1.0,21.5148,0.0,22.5806,22.5806,21.5148,-0.0148,35.8305,51.7975,5698
2016-10-02 08:00:00,56.37,transfer,1.0,21.9695,0.0,21.9276,21.9276,21.9695,-0.0169,35.7916,51.722,5699
2016-10-02 09:00:00,58.47,transfer,1.0,22.248,0.0,23.9583,23.9583,22.248,-0.0187,35.7645,51.6671,5700
2016-10-02 10:00:00,59.44,transfer,1.0,22.5895,0.0,22.3342,22.3342,22.5895,-0.0208,35.7272,51.6124,5701
2016-10-02 11:00:00,58.82,transfer,1.0,23.2193,0.0,29.8551,29.8551,23.2193,-0.0217,35.6712,51.5548,5702
2016-10-02 12:00:00,59.23,transfer,1.0,23.7636,0.0,20.0411,20.0411,23.7636,-0.0221,35.5691,51.4604,5703
2016-10-02 13:00:00,58.32,transfer,1.0,24.1571,0.0,27.024,27.024,24.1571,-0.0228,35.4453,51.35,5704
2016-10-02 14:00:00,62.63,transfer,1.0,24.3811,0.0,23.7211,23.7211,24.3811,-0.0235,35.3756,51.2973,5705
2016-10-02 15:00:00,64.61,transfer,1.0,24.5794,0.0,25.2688,25.2688,24.5794,-0.0245,35.2409,51.1811,5706
2016-10-02 16:00:00,66.46,transfer,1.0,24.7159,0.0,18.7439,18.7439,24.7159,-0.0251,35.1426,51.102,5707
2016-10-02 17:00:00,64.07,transfer,1.0,24.8681,0.0,32.4216,32.4216,24.8681,-0.0251,35.0188,50.9973,5708
2016-10-02 18:00:00,43.81,transfer,1.0,25.0484,0.0,23.5521,23.5521,25.0484,-0.0246,34.8577,50.8539,5709
2016-10-02 19:00:00,48.0,transfer,1.0,24.9385,0.0,32.1822,32.1822,24.9385,-0.0224,34.7358,50.7484,5710
2016-10-02 20:00:00,47.86,transfer,1.0,24.7014,0.0,30.6648,30.6648,24.7014,-0.0187,34.5949,50.6228,5711
2016-10-02 21:00:00,46.44,transfer,1.0,24.409,0.0,28.0845,28.0845,24.409,-0.0163,34.4923,50.534,5712
2016-10-02 22:00:00,47.25,transfer,1.0,24.0922,0.0,14.3784,14.3784,24.0922,-0.0126,34.3946,50.4505,5713
2016-10-02 23:00:00,47.52,transfer,1.0,23.8151,0.0,19.2082,19.2082,23.8151,-0.0064,34.3024,50.3731,5714
2016-10-03 00:00:00,47.17,transfer,1.0,23.5296,0.0,24.0453,24.0453,23.5296,0.0009,34.2039,50.289,5715
2016-10-03 01:00:00,46.41,transfer,1.0,23.606,0.0,22.8607,22.8607,23.606,0.0125,34.1011,50.1997,5716
2016-10-03 02:00:00,64.63,transfer,1.0,23.9256,0.0,19.4759,19.4759,23.9256,0.1447,34.1128,50.223,5717
2016-10-03 03:00:00,67.81,transfer,1.0,24.4874,0.0,28.0121,28.0121,24.4874,1.3659,34.1407,50.2558,5718
2016-10-03 04:00:00,86.28,transfer,1.0,25.6433,0.0,21.6972,21.6972,25.6433,3.0095,34.2015,50.321,5719
2016-10-03 05:00:00,74.12,transfer,1.0,27.5918,0.0,31.4408,31.4408,27.5918,4.3229,34.092,50.215,5720
2016-10-03 06:00:00,79.4,transfer,1.0,30.3028,0.0,29.9837,29.9837,30.3028,4.7029,33.9697,50.0987,5721
2016-10-03 07:00:00,94.05,transfer,1.0,33.2706,0.0,28.2895,28.2895,33.2706,4.6345,33.8726,50.0094,5722
2016-10-03 08:00:00,112.76,transfer,1.0,36.7939,0.0,32.3779,32.3779,36.7939,4.2841,33.7566,49.9055,5723
2016-10-03 09:00:00,125.85,transfer,1.0,41.6748,0.0,47.4562,47.4562,41.6748,4.0077,33.6957,49.8668,5724
2016-10-03 10:00:00,135.37,transfer,1.0,47.5402,0.0,43.4049,43.4049,47.5402,3.5581,33.7088,49.913,5725
2016-10-03 11:00:00,134.71,transfer,1.0,52.8229,0.0,45.1581,45.1581,52.8229,2.8471,33.6391,49.8761,5726
2016-10-03 12:00:00,130.35,transfer,1.0,56.3725,0.0,56.9991,56.9991,56.3725,2.0701,33.6503,49.9036,5727
2016-10-03 13:00:00,126.1,transfer,1.0,58.3477,0.0,60.6253,60.6253,58.3477,1.3152,33.6261,49.8856,5728
2016-10-03 14:00:00,126.59,transfer,1.0,59.3163,0.0,68.8566,68.8566,59.3163,0.7925,33.6266,49.892,5729
2016-10-03 15:00:00,119.14,transfer,1.0,59.7638,0.0,58.8059,58.8059,59.7638,0.4418,33.6795,49.952,5730
2016-10-03 16:00:00,112.11,transfer,1.0,59.9087,0.0,54.1181,54.1181,59.9087,0.248,33.7033,49.9837,5731
2016-10-03 17:00:00,104.5,transfer,1.0,59.7668,0.0,65.1665,65.1665,59.7668,0.3275,33.7651,50.0544,5732
2016-10-03 18:00:00,63.98,transfer,1.0,59.3381,0.0,55.0253,55.0253,59.3381,2.0339,33.625,49.9151,5733
2016-10-03 19:00:00,61.49,transfer,1.0,58.6424,0.0,46.862,46.862,58.6424,10.0661,33.5232,49.7692,5734
2016-10-03 20:00:00,49.8,transfer,1.0,57.3617,0.0,62.4247,62.4247,57.3617,69.5176,33.4375,49.4285,5735
2016-10-03 21:00:00,49.16,transfer,1.0,55.6642,0.0,55.6944,55.6944,55.6642,73.9199,33.4293,49.5157,5736
2016-10-03 22:00:00,49.03,transfer,1.0,53.6109,0.0,57.6315,57.6315,53.6109,74.2842,33.4166,49.6077,5737
2016-10-03 23:00:00,48.45,transfer,1.0,51.6433,0.0,50.3095,50.3095,51.6433,74.3938,33.3914,49.4258,5738
2016-10-04 00:00:00,48.73,transfer,1.0,50.0081,0.0,36.1424,36.1424,50.0081,74.5126,33.3368,49.2231,5739
2016-10-04 01:00:00,47.97,transfer,1.0,48.9638,0.0,55.2904,55.2904,48.9638,55.6791,33.2826,48.9223,5740
2016-10-04 02:00:00,48.15,transfer,1.0,48.5598,0.0,43.8614,43.8614,48.5598,1.8776,33.2179,48.8506,5741
2016-10-04 03:00:00,47.15,transfer,1.0,48.6473,0.0,59.6872,59.6872,48.6473,2.7624,33.1552,48.7717,5742
2016-10-04 04:00:00,50.58,transfer,1.0,49.1602,0.0,37.6587,37.6587,49.1602,4.039,33.0117,48.6354,5743
2016-10-04 05:00:00,50.62,transfer,1.0,50.1622,0.0,54.4024,54.4024,50.1622,5.1171,32.8387,48.4698,5744
2016-10-04 06:00:00,56.61,transfer,1.0,51.4964,0.0,53.6139,53.6139,51.4964,5.791,32.6193,48.2537,5745
2016-10-04 07:00:00,66.78,transfer,1.0,53.0139,0.0,51.0657,51.0657,53.0139,6.0872,32.4,48.0304,5746
2016-10-04 08:00:00,88.95,transfer,1.0,54.6862,0.0,57.3272,57.3272,54.6862,6.1151,32.199,47.8182,5747
2016-10-04 09:00:00,99.78,transfer,1.0,56.0172,0.0,51.3492,51.3492,56.0172,6.1924,32.034,47.6332,5748
2016-10-04 10:00:00,106.64,transfer,1.0,57.3677,0.0,55.6084,55.6084,57.3677,6.1428,31.9458,47.5198,5749
2016-10-04 11:00:00,106.12,transfer,1.0,58.5102,0.0,47.8516,47.8516,58.5102,6.4481,31.8112,47.3541,5750
2016-10-04 12:00:00,106.42,transfer,1.0,59.3806,0.0,56.2474,56.2474,59.3806,6.7898,31.703,47.2106,5751
2016-10-04 13:00:00,106.41,transfer,1.0,59.8635,0.0,53.9813,53.9813,59.8635,7.3339,31.5894,47.0562,5752
2016-10-04 14:00:00,106.35,transfer,1.0,60.0468,0.0,63.8666,63.8666,60.0468,8.24,31.4549,46.8734,5753
2016-10-04 15:00:00,99.31,transfer,1.0,59.9912,0.0,44.5825,44.5825,59.9912,10.691,31.2952,46.6493,5754
2016-10-04 16:00:00,92.97,transfer,1.0,59.7105,0.0,59.3428,59.3428,59.7105,20.2679,31.0997,46.3308,5755
2016-10-04 17:00:00,85.14,transfer,1.0,59.1175,0.0,69.0058,69.0058,59.1175,58.2501,30.9041,45.7862,5756
2016-10-04 18:00:00,63.54,transfer,1.0,58.1218,0.0,66.0496,66.0496,58.1218,73.3084,30.7935,45.7137,5757
2016-10-04 19:00:00,62.27,transfer,1.0,56.6041,0.0,63.8076,63.8076,56.6041,73.8484,30.7017,45.6852,5758
2016-10-04 20:00:00,52.96,transfer,1.0,54.8535,0.0,66.1194,66.1194,54.8535,74.899,30.5916,45.775,5759
2016-10-04 21:00:00,52.84,transfer,1.0,52.9171,0.0,55.814,55.814,52.9171,75.4108,30.5699,45.841,5760
2016-10-04 22:00:00,51.17,transfer,1.0,50.8733,0.0,45.9528,45.9528,50.8733,75.671,30.5472,45.7457,5761
2016-10-04 23:00:00,50.66,transfer,1.0,49.1447,0.0,40.1877,40.1877,49.1447,75.9926,30.5382,45.5508,5762
2016-10-05 00:00:00,50.86,transfer,1.0,47.7919,0.0,59.8606,59.8606,47.7919,76.2501,30.5285,45.3513,5763
2016-10-05 01:00:00,50.59,transfer,1.0,46.8659,0.0,43.2373,43.2373,46.8659,76.0435,30.522,45.1583,5764
2016-10-05 02:00:00,50.88,transfer,1.0,46.5033,0.0,55.6279,55.6279,46.5033,75.6395,30.5059,44.9562,5765
2016-10-05 03:00:00,48.85,transfer,1.0,46.6745,0.0,44.1884,44.1884,46.6745,76.3754,30.4632,44.7663,5766
2016-10-05 04:00:00,52.34,transfer,1.0,47.4141,0.0,32.7631,32.7631,47.4141,76.9205,30.305,44.4382,5767
2016-10-05 05:00:00,52.61,transfer,1.0,48.6523,0.0,56.6793,56.6793,48.6523,77.1639,30.1068,44.0829,5768
2016-10-05 06:00:00,61.41,transfer,1.0,50.2062,0.0,56.825,56.825,50.2062,77.2506,29.9261,43.6507,5769
2016-10-05 07:00:00,67.86,transfer,1.0,51.9575,0.0,57.635,57.635,51.9575,77.2794,29.6749,43.0782,5770
2016-10-05 08:00:00,84.44,transfer,1.0,53.9381,0.0,52.3086,52.3086,53.9381,77.2892,29.4215,42.3975,5771
2016-10-05 09:00:00,95.87,transfer,1.0,55.4897,0.0,56.2133,56.2133,55.4897,77.2923,29.2747,41.8242,5772
2016-10-05 10:00:00,101.89,transfer,1.0,56.8671,0.0,51.4295,51.4295,56.8671,77.2936,29.173,41.2951,5773
2016-10-05 11:00:00,101.66,transfer,1.0,58.0341,0.0,58.8398,58.8398,58.0341,77.2942,29.0224,40.7148,5774
2016-10-05 12:00:00,97.72,transfer,1.0,58.9849,0.0,59.1985,59.1985,58.9849,77.2944,28.8626,40.1213,5775
2016-10-05 13:00:00,99.17,transfer,1.0,59.5299,0.0,64.7594,64.7594,59.5299,77.2945,28.7404,39.5595,5776
2016-10-05 14:00:00,97.27,transfer,1.0,59.7208,0.0,66.0703,66.0703,59.7208,77.2947,28.5318,38.9061,5777
2016-10-05 15:00:00,90.22,transfer,1.0,59.6645,0.0,54.2105,54.2105,59.6645,77.2946,28.4349,38.3608,5778
2016-10-05 16:00:00,82.05,transfer,1.0,59.3599,0.0,65.395,65.395,59.3599,77.2949,28.2839,37.7601,5779
2016-10-05 17:00:00,71.01,transfer,1.0,58.7311,0.0,47.3628,47.3628,58.7311,77.2949,28.0924,37.2066,5780
2016-10-05 18:00:00,59.4,transfer,1.0,57.6356,0.0,51.5701,51.5701,57.6356,77.2951,28.0041,37.1777,5781
2016-10-05 19:00:00,59.1,transfer,1.0,55.8619,0.0,48.5171,48.5171,55.8619,77.2956,27.879,37.1606,5782
2016-10-05 20:00:00,51.91,transfer,1.0,54.1034,0.0,63.4302,63.4302,54.1034,77.2958,27.798,37.3024,5783
2016-10-05 21:00:00,50.79,transfer,1.0,52.2937,0.0,50.5448,50.5448,52.2937,77.2958,27.7629,37.4,5784
2016-10-05 22:00:00,51.33,transfer,1.0,50.6149,0.0,54.1579,54.1579,50.6149,77.296,27.7242,37.4832,5785
2016-10-05 23:00:00,51.28,transfer,1.0,49.1973,0.0,58.4895,58.4895,49.1973,77.296,27.6881,37.5627,5786
2016-10-06 00:00:00,51.01,transfer,1.0,48.0897,0.0,57.7928,57.7928,48.0897,77.2959,27.6464,37.6464,5787
2016-10-06 01:00:00,51.02,transfer,1.0,47.3031,0.0,59.7163,59.7163,47.3031,77.2958,27.6174,37.7214,5788
2016-10-06 02:00:00,51.02,transfer,1.0,47.1943,0.0,57.5462,57.5462,47.1943,77.2951,27.5871,37.7813,5789
2016-10-06 03:00:00,50.84,transfer,1.0,47.7783,0.0,45.0179,45.0179,47.7783,77.2928,27.5506,37.9201,5790
2016-10-06 04:00:00,52.91,transfer,1.0,49.129,0.0,42.8936,42.8936,49.129,77.2932,27.4091,37.9944,5791
2016-10-06 05:00:00,50.76,transfer,1.0,51.024,0.0,48.8757,48.8757,51.024,77.2941,27.2171,38.0769,5792
2016-10-06 06:00:00,60.12,transfer,1.0,53.06,0.0,42.3983,42.3983,53.06,77.2947,27.0383,38.0802,5793
2016-10-06 07:00:00,70.4,transfer,1.0,54.9937,0.0,43.1503,43.1503,54.9937,77.295,26.8436,37.9518,5794
2016-10-06 08:00:00,84.65,transfer,1.0,56.7906,0.0,65.4881,65.4881,56.7906,77.295,26.6207,37.718,5795
2016-10-06 09:00:00,94.48,transfer,1.0,57.9884,0.0,61.9208,61.9208,57.9884,77.2945,26.4374,37.5244,5796
2016-10-06 10:00:00,94.02,transfer,1.0,58.8327,0.0,55.1886,55.1886,58.8327,77.2941,26.2328,37.309,5797
2016-10-06 11:00:00,94.59,transfer,1.0,59.3995,0.0,49.6952,49.6952,59.3995,77.2939,25.9691,37.0333,5798
2016-10-06 12:00:00,102.14,transfer,1.0,59.6227,0.0,71.4995,71.4995,59.6227,77.2938,25.8479,36.8978,5799
2016-10-06 13:00:00,100.15,transfer,1.0,59.5894,0.0,65.9991,65.9991,59.5894,77.2939,25.7079,36.7405,5800
2016-10-06 14:00:00,101.03,transfer,1.0,59.4585,0.0,66.1017,66.1017,59.4585,77.2938,25.5607,36.5741,5801
2016-10-06 15:00:00,95.64,transfer,1.0,59.1088,0.0,71.1083,71.1083,59.1088,77.2937,25.4456,36.4372,5802
2016-10-06 16:00:00,88.16,transfer,1.0,58.5301,0.0,62.7925,62.7925,58.5301,77.2939,25.3516,36.3184,5803
2016-10-06 17:00:00,81.69,transfer,1.0,57.6263,0.0,55.9993,55.9993,57.6263,77.2941,25.3245,36.2626,5804
2016-10-06 18:00:00,65.5,transfer,1.0,56.2801,0.0,60.3476,60.3476,56.2801,77.2943,25.2876,36.3326,5805
2016-10-06 19:00:00,63.34,transfer,1.0,54.561,0.0,50.119,50.119,54.561,77.2952,25.2588,36.3998,5806
2016-10-06 20:00:00,58.44,transfer,1.0,52.8761,0.0,51.1185,51.1185,52.8761,77.2956,25.2463,36.4546,5807
2016-10-06 21:00:00,56.51,transfer,1.0,51.2273,0.0,45.7855,45.7855,51.2273,77.2958,25.2631,36.4832,5808
2016-10-06 22:00:00,57.51,transfer,1.0,49.7562,0.0,51.1004,51.1004,49.7562,77.296,25.2856,36.5073,5809
2016-10-06 23:00:00,55.67,transfer,1.0,48.5451,0.0,54.2479,54.2479,48.5451,77.296,25.2981,36.541,5810
2016-10-07 00:00:00,56.22,transfer,1.0,47.9098,0.0,61.16,61.16,47.9098,77.296,25.3229,36.5611,5811
2016-10-07 01:00:00,55.91,transfer,1.0,47.5638,0.0,43.7589,43.7589,47.5638,77.2959,25.3431,36.5843,5812
2016-10-07 02:00:00,56.21,transfer,1.0,47.6326,0.0,48.9897,48.9897,47.6326,77.2959,25.3646,36.6046,5813
2016-10-07 03:00:00,57.2,transfer,1.0,48.0502,0.0,39.5501,39.5501,48.0502,77.2958,25.389,36.6198,5814
2016-10-07 04:00:00,60.72,transfer,1.0,48.9242,0.0,61.4948,61.4948,48.9242,77.2957,25.4068,36.6417,5815
2016-10-07 05:00:00,57.92,transfer,1.0,50.3607,0.0,45.3166,45.3166,50.3607,77.2938,25.3361,36.7483,5816
2016-10-07 06:00:00,68.28,transfer,1.0,52.4155,0.0,64.561,64.561,52.4155,77.2943,25.365,36.7487,5817
2016-10-07 07:00:00,74.36,transfer,1.0,54.4751,0.0,59.1173,59.1173,54.4751,77.2947,25.458,36.6787,5818
2016-10-07 08:00:00,90.07,transfer,1.0,56.4999,0.0,57.2825,57.2825,56.4999,77.2949,25.6215,36.6821,5819
2016-10-07 09:00:00,100.22,transfer,1.0,57.9355,0.0,54.1103,54.1103,57.9355,77.2947,25.7992,36.7841,5820
2016-10-07 10:00:00,102.66,transfer,1.0,58.9902,0.0,58.6477,58.6477,58.9902,77.2945,25.969,36.9153,5821
2016-10-07 11:00:00,109.31,transfer,1.0,59.7236,0.0,54.3872,54.3872,59.7236,77.2944,26.1576,37.1002,5822
2016-10-07 12:00:00,111.49,transfer,1.0,60.1531,0.0,51.1379,51.1379,60.1531,77.2941,26.3348,37.2911,5823
2016-10-07 13:00:00,102.21,transfer,1.0,60.3852,0.0,66.9291,66.9291,60.3852,77.2941,26.4284,37.4047,5824
2016-10-07 14:00:00,103.87,transfer,1.0,60.4335,0.0,58.5305,58.5305,60.4335,77.294,26.5259,37.5284,5825
2016-10-07 15:00:00,97.22,transfer,1.0,60.2378,0.0,59.6421,59.6421,60.2378,77.2939,26.6069,37.6415,5826
2016-10-07 16:00:00,89.97,transfer,1.0,59.8695,0.0,57.135,57.135,59.8695,77.2939,26.6475,37.7127,5827
2016-10-07 17:00:00,79.01,transfer,1.0,59.2782,0.0,52.2116,52.2116,59.2782,77.2941,26.6888,37.644,5828
2016-10-07 18:00:00,60.84,transfer,1.0,58.3663,0.0,66.8424,66.8424,58.3663,77.2943,26.6282,37.6486,5829
2016-10-07 19:00:00,56.57,transfer,1.0,57.1543,0.0,63.1904,63.1904,57.1543,77.2951,26.5152,37.7056,5830
2016-10-07 20:00:00,51.92,transfer,1.0,55.8132,0.0,45.959,45.959,55.8132,77.2954,26.4234,37.7784,5831
2016-10-07 21:00:00,54.11,transfer,1.0,54.1735,0.0,50.2266,50.2266,54.1735,77.2955,26.3386,37.8015,5832
2016-10-07 22:00:00,50.97,transfer,1.0,52.5866,0.0,44.7,44.7,52.5866,77.2956,26.2536,37.8475,5833
2016-10-07 23:00:00,52.59,transfer,1.0,51.2983,0.0,52.8678,52.8678,51.2983,77.2956,26.1635,37.883,5834
2016-10-08 00:00:00,51.72,transfer,1.0,50.3278,0.0,47.5132,47.5132,50.3278,77.2957,26.0671,37.9319,5835
2016-10-08 01:00:00,52.37,transfer,1.0,48.8979,0.0,54.4263,54.4263,48.8979,77.2952,25.9934,37.9619,5836
2016-10-08 02:00:00,51.8,transfer,1.0,47.6056,0.0,44.1344,44.1344,47.6056,77.2951,25.9143,37.9982,5837
2016-10-08 03:00:00,51.79,transfer,1.0,46.7176,0.0,47.8335,47.8335,46.7176,77.2949,25.8397,38.0325,5838
2016-10-08 04:00:00,66.86,transfer,1.0,46.1708,0.0,37.971,37.971,46.1708,77.2946,25.8311,38.0048,5839
2016-10-08 05:00:00,61.04,transfer,1.0,45.7775,0.0,42.1016,42.1016,45.7775,77.2922,25.7094,38.091,5840
2016-10-08 06:00:00,60.61,transfer,1.0,45.9326,0.0,47.5253,47.5253,45.9326,77.2894,25.6425,38.1226,5841
2016-10-08 07:00:00,54.62,transfer,1.0,46.2149,0.0,45.5201,45.5201,46.2149,77.2888,25.5513,38.1805,5842
2016-10-08 08:00:00,49.16,transfer,1.0,46.4943,0.0,37.2862,37.2862,46.4943,77.2888,25.3883,37.9539,5843
2016-10-08 09:00:00,52.15,transfer,1.0,46.0149,0.0,39.3576,39.3576,46.0149,77.2884,25.3616,37.8131,5844
2016-10-08 10:00:00,52.33,transfer,1.0,44.9963,0.0,45.638,45.638,44.9963,77.2877,25.3422,37.7755,5845
2016-10-08 11:00:00,50.9,transfer,1.0,43.7013,0.0,43.1312,43.1312,43.7013,77.287,25.1389,37.9129,5846
2016-10-08 12:00:00,52.32,transfer,1.0,42.11,0.0,29.5469,29.5469,42.11,77.2862,24.9584,38.0252,5847
2016-10-08 13:00:00,52.2,transfer,1.0,40.1711,0.0,36.7022,36.7022,40.1711,77.2854,24.7848,38.1344,5848
2016-10-08 14:00:00,52.0,transfer,1.0,38.3502,0.0,35.9786,35.9786,38.3502,77.2852,24.6169,38.2431,5849
2016-10-08 15:00:00,50.14,transfer,1.0,36.6302,0.0,38.3153,38.3153,36.6302,77.2845,24.4465,38.36,5850
2016-10-08 16:00:00,50.13,transfer,1.0,35.1892,0.0,34.834,34.834,35.1892,77.2849,24.2881,38.4697,5851
2016-10-08 17:00:00,51.5,transfer,1.0,34.0231,0.0,25.4423,25.4423,34.0231,77.286,24.1535,38.5594,5852
2016-10-08 18:00:00,51.13,transfer,1.0,32.9455,0.0,32.8056,32.8056,32.9455,77.2865,24.0202,38.6518,5853
2016-10-08 19:00:00,50.48,transfer,1.0,32.1116,0.0,33.3567,33.3567,32.1116,77.2881,23.8515,38.7852,5854
2016-10-08 20:00:00,52.04,transfer,1.0,31.6229,0.0,30.8442,30.8442,31.6229,77.2889,23.7413,38.8639,5855
2016-10-08 21:00:00,52.19,transfer,1.0,31.3163,0.0,31.8858,31.8858,31.3163,77.2895,23.7234,38.8524,5856
2016-10-08 22:00:00,51.84,transfer,1.0,31.1832,0.0,33.4372,33.4372,31.1832,77.2903,23.6939,38.8526,5857
2016-10-08 23:00:00,50.08,transfer,1.0,31.1986,0.0,30.9785,30.9785,31.1986,77.2907,23.6488,38.8643,5858
2016-10-09 00:00:00,52.74,transfer,1.0,31.3213,0.0,28.6993,28.6993,31.3213,76.3173,23.6209,38.846,5859
2016-10-09 01:00:00,52.23,transfer,1.0,31.5927,0.0,29.8756,29.8756,31.5927,76.4925,23.5805,38.8359,5860
2016-10-09 02:00:00,50.68,transfer,1.0,31.9961,0.0,29.9237,29.9237,31.9961,76.669,23.415,38.9482,5861
2016-10-09 03:00:00,47.93,transfer,1.0,32.3156,0.0,29.8959,29.8959,32.3156,76.7658,23.2556,38.7482,5862
2016-10-09 04:00:00,51.01,transfer,1.0,32.4972,0.0,31.9515,31.9515,32.4972,75.7014,23.069,38.4784,5863
2016-10-09 05:00:00,50.82,transfer,1.0,32.5591,0.0,36.3072,36.3072,32.5591,76.617,22.906,38.238,5864
2016-10-09 06:00:00,51.09,transfer,1.0,32.6917,0.0,34.9158,34.9158,32.6917,76.9937,22.7433,37.9947,5865
2016-10-09 07:00:00,49.4,transfer,1.0,33.0838,0.0,32.692,32.692,33.0838,77.1526,22.629,37.8203,5866
2016-10-09 08:00:00,43.97,transfer,1.0,33.9485,0.0,34.4706,34.4706,33.9485,77.2246,22.4839,37.6826,5867
2016-10-09 09:00:00,44.26,transfer,1.0,34.224,0.0,38.9713,38.9713,34.224,77.2551,22.328,37.5309,5868
2016-10-09 10:00:00,44.56,transfer,1.0,34.2842,0.0,34.3809,34.3809,34.2842,77.2704,22.1698,37.3716,5869
2016-10-09 11:00:00,45.3,transfer,1.0,34.1293,0.0,37.243,37.243,34.1293,77.2771,22.0244,37.2117,5870
2016-10-09 12:00:00,46.0,transfer,1.0,33.8661,0.0,37.1142,37.1142,33.8661,77.2799,21.8855,37.0452,5871
2016-10-09 13:00:00,45.34,transfer,1.0,33.3829,0.0,37.2138,37.2138,33.3829,77.2815,21.7533,36.8881,5872
2016-10-09 14:00:00,45.46,transfer,1.0,32.7687,0.0,30.9744,30.9744,32.7687,77.2825,21.6012,36.7046,5873
2016-10-09 15:00:00,46.33,transfer,1.0,32.0907,0.0,30.4306,30.4306,32.0907,77.283,21.4477,36.5041,5874
2016-10-09 16:00:00,47.01,transfer,1.0,31.4351,0.0,29.6978,29.6978,31.4351,77.2835,21.2919,36.2885,5875
2016-10-09 17:00:00,45.78,transfer,1.0,30.7401,0.0,30.0852,30.0852,30.7401,77.2841,21.1481,36.0945,5876
2016-10-09 18:00:00,43.33,transfer,1.0,30.1229,0.0,26.8408,26.8408,30.1229,77.2848,21.115,36.0357,5877
2016-10-09 19:00:00,48.85,transfer,1.0,29.5535,0.0,34.2006,34.2006,29.5535,77.2868,21.0926,35.9191,5878
2016-10-09 20:00:00,49.48,transfer,1.0,29.2167,0.0,27.3696,27.3696,29.2167,77.2886,21.0754,35.7997,5879
2016-10-09 21:00:00,50.33,transfer,1.0,28.9773,0.0,36.7898,36.7898,28.9773,77.2902,21.0714,35.6836,5880
2016-10-09 22:00:00,50.69,transfer,1.0,28.872,0.0,32.2948,32.2948,28.872,77.2919,21.0634,35.5607,5881
2016-10-09 23:00:00,51.14,transfer,1.0,28.805,0.0,25.2397,25.2397,28.805,77.2928,21.0552,35.4334,5882
2016-10-10 00:00:00,51.99,transfer,1.0,28.7652,0.0,28.6642,28.6642,28.7652,77.2925,21.0528,35.3033,5883
2016-10-10 01:00:00,49.6,transfer,1.0,29.094,0.0,28.8567,28.8567,29.094,77.2795,21.0391,35.1919,5884
2016-10-10 02:00:00,47.78,transfer,1.0,29.5554,0.0,33.062,33.062,29.5554,77.1759,20.9053,34.983,5885
2016-10-10 03:00:00,48.42,transfer,1.0,30.2998,0.0,31.582,31.582,30.2998,77.1607,20.7552,34.7586,5886
2016-10-10 04:00:00,50.36,transfer,1.0,31.0299,0.0,29.7086,29.7086,31.0299,77.2002,20.5094,34.4227,5887
2016-10-10 05:00:00,50.79,transfer,1.0,32.2444,0.0,36.9373,36.9373,32.2444,77.2399,20.3428,34.1646,5888
2016-10-10 06:00:00,51.49,transfer,1.0,33.7765,0.0,33.8197,33.8197,33.7765,77.2651,20.156,33.8734,5889
2016-10-10 07:00:00,45.71,transfer,1.0,35.9309,0.0,41.9834,41.9834,35.9309,77.2797,19.8524,33.5291,5890
2016-10-10 08:00:00,43.94,transfer,1.0,38.4967,0.0,28.2441,28.2441,38.4967,77.2858,19.4327,33.0819,5891
2016-10-10 09:00:00,43.7,transfer,1.0,40.459,0.0,47.6342,47.6342,40.459,77.2891,18.9509,32.5566,5892
2016-10-10 10:00:00,43.82,transfer,1.0,41.3462,0.0,35.1782,35.1782,41.3462,77.2908,18.4428,31.9712,5893
2016-10-10 11:00:00,44.4,transfer,1.0,41.1884,0.0,41.9369,41.9369,41.1884,77.2913,17.9745,31.3821,5894
2016-10-10 12:00:00,47.02,transfer,1.0,40.281,0.0,50.1411,50.1411,40.281,77.2914,17.5743,30.7987,5895
2016-10-10 13:00:00,46.35,transfer,1.0,38.9079,0.0,38.0055,38.0055,38.9079,77.2915,17.2153,30.2401,5896
2016-10-10 14:00:00,45.01,transfer,1.0,37.4856,0.0,35.6475,35.6475,37.4856,77.2917,16.8597,29.6835,5897
2016-10-10 15:00:00,46.48,transfer,1.0,36.029,0.0,42.8607,42.8607,36.029,77.2918,16.5684,29.1604,5898
2016-10-10 16:00:00,46.13,transfer,1.0,34.6498,0.0,36.7636,36.7636,34.6498,77.292,16.326,28.68,5899
2016-10-10 17:00:00,44.89,transfer,1.0,33.3745,0.0,33.2514,33.2514,33.3745,77.2922,16.1283,28.2528,5900
2016-10-10 18:00:00,45.03,transfer,1.0,32.2748,0.0,25.5883,25.5883,32.2748,77.2926,16.1766,28.0761,5901
2016-10-10 19:00:00,50.14,transfer,1.0,31.4247,0.0,22.7339,22.7339,31.4247,77.294,16.2711,27.9317,5902
2016-10-10 20:00:00,48.91,transfer,1.0,31.0538,0.0,34.2029,34.2029,31.0538,77.2948,16.3323,27.9833,5903
2016-10-10 21:00:00,50.0,transfer,1.0,30.981,0.0,28.7848,28.7848,30.981,77.2954,16.4068,27.9983,5904
2016-10-10 22:00:00,49.87,transfer,1.0,31.0766,0.0,28.7428,28.7428,31.0766,77.2957,16.4914,28.0113,5905
2016-10-10 23:00:00,48.12,transfer,1.0,31.3995,0.0,31.8325,31.8325,31.3995,77.2959,16.572,28.0305,5906
2016-10-11 00:00:00,49.0,transfer,1.0,31.8955,0.0,29.7479,29.7479,31.8955,77.296,16.6662,28.0455,5907
2016-10-11 01:00:00,48.37,transfer,1.0,32.5499,0.0,37.8114,37.8114,32.5499,77.2961,16.7544,28.1718,5908
2016-10-11 02:00:00,48.58,transfer,1.0,33.4846,0.0,32.4921,32.4921,33.4846,77.2959,16.8418,28.0673,5909
2016-10-11 03:00:00,47.97,transfer,1.0,34.6292,0.0,25.2856,25.2856,34.6292,77.2934,16.9123,27.9776,5910
2016-10-11 04:00:00,51.48,transfer,1.0,36.0668,0.0,32.1999,32.1999,36.0668,77.2925,16.9956,27.8542,5911
2016-10-11 05:00:00,51.98,transfer,1.0,37.8188,0.0,36.2693,36.2693,37.8188,77.2937,17.0772,27.734,5912
2016-10-11 06:00:00,52.89,transfer,1.0,40.1058,0.0,40.698,40.698,40.1058,77.2948,17.1228,27.5768,5913
2016-10-11 07:00:00,45.73,transfer,1.0,43.0733,0.0,44.3374,44.3374,43.0733,77.2953,17.0567,27.4034,5914
2016-10-11 08:00:00,49.24,transfer,1.0,46.8784,0.0,44.5284,44.5284,46.8784,77.2956,16.8668,27.0774,5915
2016-10-11 09:00:00,54.1,transfer,1.0,49.7069,0.0,57.102,57.102,49.7069,77.2954,16.6325,26.6584,5916
2016-10-11 10:00:00,61.85,transfer,1.0,51.3972,0.0,64.4827,64.4827,51.3972,77.2955,16.4014,26.1521,5917
2016-10-11 11:00:00,59.6,transfer,1.0,52.5987,0.0,56.8862,56.8862,52.5987,77.2956,16.1597,25.6641,5918
2016-10-11 12:00:00,57.04,transfer,1.0,53.547,0.0,51.8752,51.8752,53.547,77.2956,15.9005,25.1917,5919
2016-10-11 13:00:00,56.2,transfer,1.0,54.0752,0.0,60.3118,60.3118,54.0752,77.2957,15.6361,24.7275,5920
2016-10-11 14:00:00,56.48,transfer,1.0,53.9974,0.0,59.286,59.286,53.9974,77.2957,15.3752,24.2674,5921
2016-10-11 15:00:00,56.83,transfer,1.0,53.3102,0.0,59.8608,59.8608,53.3102,77.2956,15.1621,23.8617,5922
2016-10-11 16:00:00,54.66,transfer,1.0,52.0417,0.0,49.6333,49.6333,52.0417,77.2957,14.9798,23.5637,5923
2016-10-11 17:00:00,49.87,transfer,1.0,50.2681,0.0,47.1411,47.1411,50.2681,77.2957,14.8272,23.5669,5924
2016-10-11 18:00:00,49.95,transfer,1.0,48.1486,0.0,42.6126,42.6126,48.1486,77.2958,14.8057,23.6716,5925
2016-10-11 19:00:00,54.62,transfer,1.0,45.9312,0.0,45.0165,45.0165,45.9312,77.2961,14.8237,23.7376,5926
2016-10-11 20:00:00,53.99,transfer,1.0,44.5234,0.0,46.5449,46.5449,44.5234,77.2963,14.8688,23.7457,5927
2016-10-11 21:00:00,53.84,transfer,1.0,43.5397,0.0,50.0323,50.0323,43.5397,77.2963,14.9296,23.751,5928
2016-10-11 22:00:00,52.93,transfer,1.0,42.985,0.0,45.8337,45.8337,42.985,77.2964,14.9871,23.7502,5929
2016-10-11 23:00:00,53.66,transfer,1.0,42.5752,0.0,38.4529,38.4529,42.5752,77.2963,15.044,23.7401,5930
2016-10-12 00:00:00,54.58,transfer,1.0,42.4995,0.0,35.6744,35.6744,42.4995,77.2963,15.0977,23.7242,5931
2016-10-12 01:00:00,53.53,transfer,1.0,42.795,0.0,47.9719,47.9719,42.795,77.2963,15.1394,23.7142,5932
2016-10-12 02:00:00,54.28,transfer,1.0,43.5511,0.0,38.8346,38.8346,43.5511,77.2964,15.1772,23.7038,5933
2016-10-12 03:00:00,53.24,transfer,1.0,44.8401,0.0,49.3848,49.3848,44.8401,77.2964,15.2143,23.6831,5934
2016-10-12 04:00:00,56.1,transfer,1.0,46.6011,0.0,49.7541,49.7541,46.6011,77.2964,15.2415,23.663,5935
2016-10-12 05:00:00,56.5,transfer,1.0,48.6926,0.0,58.6893,58.6893,48.6926,77.2962,15.2644,23.6406,5936
2016-10-12 06:00:00,57.31,transfer,1.0,51.0516,0.0,45.484,45.484,51.0516,77.2962,15.235,23.6653,5937
2016-10-12 07:00:00,52.46,transfer,1.0,53.4653,0.0,60.5343,60.5343,53.4653,77.2962,15.1463,23.7571,5938
2016-10-12 08:00:00,49.98,transfer,1.0,55.7341,0.0,57.3633,57.3633,55.7341,77.2962,14.999,23.8771,5939
2016-10-12 09:00:00,50.71,transfer,1.0,57.0984,0.0,66.402,66.402,57.0984,77.2959,14.7966,23.9248,5940
2016-10-12 10:00:00,56.65,transfer,1.0,57.7863,0.0,50.0128,50.0128,57.7863,77.2957,14.5354,23.9013,5941
2016-10-12 11:00:00,60.59,transfer,1.0,58.0704,0.0,66.3864,66.3864,58.0704,77.2956,14.2907,23.8557,5942
2016-10-12 12:00:00,60.39,transfer,1.0,58.1318,0.0,64.0443,64.0443,58.1318,77.2956,14.0736,23.8347,5943
2016-10-12 13:00:00,55.22,transfer,1.0,57.992,0.0,57.7772,57.7772,57.992,77.2956,13.8542,23.8359,5944
2016-10-12 14:00:00,52.45,transfer,1.0,57.5688,0.0,54.1065,54.1065,57.5688,77.2956,13.6611,23.8649,5945
2016-10-12 15:00:00,52.65,transfer,1.0,56.6385,0.0,41.7808,41.7808,56.6385,77.2955,13.503,23.9346,5946
2016-10-12 16:00:00,50.02,transfer,1.0,55.1383,0.0,56.9445,56.9445,55.1383,77.2956,13.3984,24.0687,5947
2016-10-12 17:00:00,51.96,transfer,1.0,53.2226,0.0,60.7325,60.7325,53.2226,77.2957,13.3328,24.1821,5948
2016-10-12 18:00:00,50.47,transfer,1.0,50.8661,0.0,54.765,54.765,50.8661,77.2958,13.3247,24.2353,5949
2016-10-12 19:00:00,56.2,transfer,1.0,48.5756,0.0,45.8339,45.8339,48.5756,77.2962,13.3508,24.2525,5950
2016-10-12 20:00:00,55.66,transfer,1.0,46.9087,0.0,47.6624,47.6624,46.9087,77.2963,13.3898,24.2302,5951
2016-10-12 21:00:00,54.42,transfer,1.0,45.6556,0.0,47.6634,47.6634,45.6556,77.2962,13.433,24.2086,5952
2016-10-12 22:00:00,54.86,transfer,1.0,44.6952,0.0,44.9529,44.9529,44.6952,77.2963,13.4893,24.1876,5953
2016-10-12 23:00:00,55.56,transfer,1.0,43.9943,0.0,46.6087,46.6087,43.9943,77.2963,13.5457,24.1621,5954
2016-10-13 00:00:00,55.05,transfer,1.0,43.5942,0.0,41.9296,41.9296,43.5942,77.2963,13.5965,24.1381,5955
2016-10-13 01:00:00,55.37,transfer,1.0,43.477,0.0,46.2294,46.2294,43.477,77.2963,13.6452,24.1122,5956
2016-10-13 02:00:00,53.28,transfer,1.0,43.7231,0.0,34.1031,34.1031,43.7231,77.2963,13.6793,24.0987,5957
2016-10-13 03:00:00,53.79,transfer,1.0,44.5733,0.0,36.267,36.267,44.5733,77.2964,13.7159,24.0812,5958
2016-10-13 04:00:00,56.5,transfer,1.0,46.1731,0.0,47.302,47.302,46.1731,77.2965,13.7549,24.0598,5959
2016-10-13 05:00:00,56.91,transfer,1.0,48.3667,0.0,49.6678,49.6678,48.3667,77.2963,13.8042,24.0233,5960
2016-10-13 06:00:00,58.08,transfer,1.0,50.9756,0.0,54.0568,54.0568,50.9756,77.2963,13.8045,24.0354,5961
2016-10-13 07:00:00,52.13,transfer,1.0,53.5595,0.0,60.0077,60.0077,53.5595,77.2962,13.7213,24.1442,5962
2016-10-13 08:00:00,55.01,transfer,1.0,55.7755,0.0,56.4734,56.4734,55.7755,77.2961,13.56,24.233,5963
2016-10-13 09:00:00,53.73,transfer,1.0,56.9531,0.0,51.9914,51.9914,56.9531,77.2957,13.362,24.271,5964
2016-10-13 10:00:00,54.09,transfer,1.0,57.5487,0.0,67.6438,67.6438,57.5487,77.2956,13.1731,24.3096,5965
2016-10-13 11:00:00,53.24,transfer,1.0,57.6963,0.0,64.7906,64.7906,57.6963,77.2954,12.9902,24.3498,5966
2016-10-13 12:00:00,52.79,transfer,1.0,57.5068,0.0,45.1655,45.1655,57.5068,77.2955,12.7652,24.3478,5967
2016-10-13 13:00:00,54.2,transfer,1.0,56.9391,0.0,56.3948,56.3948,56.9391,77.2954,12.54,24.3492,5968
2016-10-13 14:00:00,52.9,transfer,1.0,55.9789,0.0,60.836,60.836,55.9789,77.2953,12.3109,24.3531,5969
2016-10-13 15:00:00,53.28,transfer,1.0,54.5762,0.0,67.3012,67.3012,54.5762,77.2954,12.1012,24.3869,5970
2016-10-13 16:00:00,51.05,transfer,1.0,52.6656,0.0,49.0075,49.0075,52.6656,77.2954,11.9344,24.4784,5971
2016-10-13 17:00:00,47.08,transfer,1.0,50.396,0.0,48.4164,48.4164,50.396,77.2955,11.8109,24.6321,5972
2016-10-13 18:00:00,44.33,transfer,1.0,47.7783,0.0,54.4367,54.4367,47.7783,77.2957,11.7766,24.7581,5973
2016-10-13 19:00:00,48.95,transfer,1.0,45.0921,0.0,46.7837,46.7837,45.0921,77.2959,11.7473,24.8438,5974
2016-10-13 20:00:00,47.8,transfer,1.0,43.2657,0.0,40.1055,40.1055,43.2657,77.2961,11.7411,24.9071,5975
2016-10-13 21:00:00,48.03,transfer,1.0,41.9572,0.0,28.8008,28.8008,41.9572,77.2962,11.7459,24.9576,5976
2016-10-13 22:00:00,48.23,transfer,1.0,41.0207,0.0,41.2851,41.2851,41.0207,77.2963,11.7426,25.0128,5977
2016-10-13 23:00:00,48.09,transfer,1.0,40.3461,0.0,40.3466,40.3466,40.3461,77.2963,11.7463,25.058,5978
2016-10-14 00:00:00,48.95,transfer,1.0,40.0291,0.0,33.8095,33.8095,40.0291,77.2964,11.7499,25.1012,5979
2016-10-14 01:00:00,47.83,transfer,1.0,40.0094,0.0,42.0516,42.0516,40.0094,77.2963,11.7468,25.1493,5980
2016-10-14 02:00:00,47.67,transfer,1.0,40.4266,0.0,39.7423,39.7423,40.4266,77.2963,11.7389,25.2002,5981
2016-10-14 03:00:00,47.71,transfer,1.0,41.2007,0.0,44.6428,44.6428,41.2007,77.2963,11.7231,25.2567,5982
2016-10-14 04:00:00,49.9,transfer,1.0,42.4833,0.0,40.084,40.084,42.4833,77.2964,11.6971,25.3211,5983
2016-10-14 05:00:00,49.94,transfer,1.0,44.2837,0.0,46.9728,46.9728,44.2837,77.2962,11.6858,25.3686,5984
2016-10-14 06:00:00,50.69,transfer,1.0,46.468,0.0,53.4607,53.4607,46.468,77.2961,11.6164,25.4733,5985
2016-10-14 07:00:00,46.94,transfer,1.0,48.8831,0.0,39.3507,39.3507,48.8831,77.2962,11.5097,25.6365,5986
2016-10-14 08:00:00,49.24,transfer,1.0,51.2626,0.0,52.7854,52.7854,51.2626,77.2961,11.3219,25.7275,5987
2016-10-14 09:00:00,51.81,transfer,1.0,52.7532,0.0,56.0383,56.0383,52.7532,77.2959,11.0758,25.7427,5988
2016-10-14 10:00:00,55.89,transfer,1.0,53.6556,0.0,52.3779,52.3779,53.6556,77.2957,10.8292,25.7192,5989
2016-10-14 11:00:00,59.33,transfer,1.0,54.1539,0.0,55.6106,55.6106,54.1539,77.2955,10.5648,25.6355,5990
2016-10-14 12:00:00,59.76,transfer,1.0,54.3832,0.0,47.4743,47.4743,54.3832,77.2955,10.2912,25.5364,5991
2016-10-14 13:00:00,59.53,transfer,1.0,54.3751,0.0,62.8106,62.8106,54.3751,77.2956,10.073,25.4938,5992
2016-10-14 14:00:00,55.93,transfer,1.0,54.0011,0.0,45.3596,45.3596,54.0011,77.2956,9.8259,25.4628,5993
2016-10-14 15:00:00,59.07,transfer,1.0,53.1884,0.0,43.7418,43.7418,53.1884,77.2956,9.6408,25.4527,5994
2016-10-14 16:00:00,56.87,transfer,1.0,51.9372,0.0,55.8606,55.8606,51.9372,77.2957,9.491,25.4988,5995
2016-10-14 17:00:00,53.25,transfer,1.0,50.4539,0.0,51.1658,51.1658,50.4539,77.2958,9.3902,25.6317,5996
2016-10-14 18:00:00,50.12,transfer,1.0,48.7516,0.0,57.2323,57.2323,48.7516,77.296,9.3836,25.6955,5997
2016-10-14 19:00:00,51.84,transfer,1.0,47.3262,0.0,53.464,53.464,47.3262,77.2963,9.407,25.7237,5998
2016-10-14 20:00:00,51.98,transfer,1.0,46.4745,0.0,48.199,48.199,46.4745,77.2964,9.4166,25.7233,5999
2016-10-14 21:00:00,52.21,transfer,1.0,45.9578,0.0,54.3204,54.3204,45.9578,77.2965,9.4534,25.7347,6000
2016-10-14 22:00:00,51.8,transfer,1.0,45.8236,0.0,48.2376,48.2376,45.8236,77.2965,9.4793,25.7297,6001
2016-10-14 23:00:00,50.96,transfer,1.0,46.0089,0.0,50.2186,50.2186,46.0089,77.2965,9.5011,25.7394,6002
2016-10-15 00:00:00,52.88,transfer,1.0,46.4828,0.0,45.4727,45.4727,46.4828,77.2965,9.5309,25.7325,6003
2016-10-15 01:00:00,49.23,transfer,1.0,46.368,0.0,43.8138,43.8138,46.368,77.2962,9.5273,25.7512,6004
2016-10-15 02:00:00,51.13,transfer,1.0,46.2895,0.0,44.7415,44.7415,46.2895,77.2962,9.5311,25.7552,6005
2016-10-15 03:00:00,51.08,transfer,1.0,46.3237,0.0,43.53,43.53,46.3237,77.2962,9.5293,25.7595,6006
2016-10-15 04:00:00,53.75,transfer,1.0,46.5538,0.0,48.5402,48.5402,46.5538,77.2961,9.4489,25.8375,6007
2016-10-15 05:00:00,54.68,transfer,1.0,46.832,0.0,45.7788,45.7788,46.832,77.2959,9.4048,25.8754,6008
2016-10-15 06:00:00,53.8,transfer,1.0,47.2404,0.0,51.8077,51.8077,47.2404,77.2958,9.3565,25.9159,6009
2016-10-15 07:00:00,48.46,transfer,1.0,47.8559,0.0,45.3299,45.3299,47.8559,77.2958,9.3101,25.9527,6010
2016-10-15 08:00:00,46.96,transfer,1.0,48.6506,0.0,47.0505,47.0505,48.6506,77.2959,9.3042,25.9658,6011
2016-10-15 09:00:00,48.59,transfer,1.0,48.7952,0.0,44.1701,44.1701,48.7952,77.2957,9.269,25.987,6012
2016-10-15 10:00:00,45.83,transfer,1.0,48.5045,0.0,47.31,47.31,48.5045,77.2955,9.2412,26.0258,6013
2016-10-15 11:00:00,48.05,transfer,1.0,47.9658,0.0,45.7595,45.7595,47.9658,77.2955,9.1989,26.0428,6014
2016-10-15 12:00:00,47.26,transfer,1.0,47.009,0.0,54.1311,54.1311,47.009,77.2955,9.1396,26.073,6015
2016-10-15 13:00:00,46.27,transfer,1.0,45.7765,0.0,45.8746,45.8746,45.7765,77.2955,9.0709,26.1083,6016
2016-10-15 14:00:00,46.29,transfer,1.0,44.3414,0.0,41.6701,41.6701,44.3414,77.2956,9.0013,26.1424,6017
2016-10-15 15:00:00,47.19,transfer,1.0,42.6496,0.0,51.5398,51.5398,42.6496,77.2955,8.9479,26.16,6018
2016-10-15 16:00:00,46.6,transfer,1.0,40.9087,0.0,51.088,51.088,40.9087,77.2956,8.8928,26.1811,6019
2016-10-15 17:00:00,46.45,transfer,1.0,39.2403,0.0,34.9148,34.9148,39.2403,77.2957,8.8317,26.2112,6020
2016-10-15 18:00:00,47.22,transfer,1.0,37.696,0.0,35.105,35.105,37.696,77.2959,8.7802,26.2345,6021
2016-10-15 19:00:00,52.09,transfer,1.0,36.3125,0.0,33.6352,33.6352,36.3125,77.296,8.7647,26.225,6022
2016-10-15 20:00:00,51.34,transfer,1.0,35.3914,0.0,33.7622,33.7622,35.3914,77.2961,8.7381,26.2292,6023
2016-10-15 21:00:00,52.12,transfer,1.0,34.7915,0.0,37.1775,37.1775,34.7915,77.2962,8.717,26.2296,6024
2016-10-15 22:00:00,51.83,transfer,1.0,34.4267,0.0,26.7955,26.7955,34.4267,77.2962,8.6977,26.2297,6025
2016-10-15 23:00:00,51.87,transfer,1.0,34.2054,0.0,36.1669,36.1669,34.2054,77.2962,8.6904,26.2191,6026
2016-10-16 00:00:00,52.65,transfer,1.0,34.1016,0.0,31.3055,31.3055,34.1016,77.2961,8.6733,26.2255,6027
2016-10-16 01:00:00,50.66,transfer,1.0,34.2219,0.0,44.555,44.555,34.2219,77.296,8.6484,26.2396,6028
2016-10-16 02:00:00,51.18,transfer,1.0,34.4838,0.0,33.8962,33.8962,34.4838,77.296,8.6365,26.2404,6029
2016-10-16 03:00:00,49.5,transfer,1.0,34.8202,0.0,30.641,30.641,34.8202,77.2959,8.631,26.2342,6030
2016-10-16 04:00:00,54.2,transfer,1.0,35.3589,0.0,34.3289,34.3289,35.3589,77.2959,8.6329,26.2247,6031
2016-10-16 05:00:00,54.34,transfer,1.0,36.0455,0.0,34.8672,34.8672,36.0455,77.2958,8.6331,26.2078,6032
2016-10-16 06:00:00,54.82,transfer,1.0,37.0325,0.0,35.3626,35.3626,37.0325,77.2958,8.6295,26.1874,6033
2016-10-16 07:00:00,49.13,transfer,1.0,38.2005,0.0,41.2492,41.2492,38.2005,77.2958,8.5974,26.1898,6034
2016-10-16 08:00:00,46.12,transfer,1.0,39.5334,0.0,38.2899,38.2899,39.5334,77.2958,8.577,26.1774,6035
2016-10-16 09:00:00,47.05,transfer,1.0,40.3217,0.0,43.5456,43.5456,40.3217,77.2956,8.5573,26.1611,6036
2016-10-16 10:00:00,47.84,transfer,1.0,40.6506,0.0,37.463,37.463,40.6506,77.2955,8.5389,26.1417,6037
2016-10-16 11:00:00,47.91,transfer,1.0,40.6307,0.0,42.8724,42.8724,40.6307,77.2955,8.5157,26.1263,6038
2016-10-16 12:00:00,47.65,transfer,1.0,40.3513,0.0,31.5041,31.5041,40.3513,77.2955,8.487,26.1165,6039
2016-10-16 13:00:00,47.97,transfer,1.0,39.7831,0.0,37.861,37.861,39.7831,77.2954,8.4645,26.101,6040
2016-10-16 14:00:00,47.44,transfer,1.0,38.9409,0.0,34.6862,34.6862,38.9409,77.2954,8.4396,26.0893,6041
2016-10-16 15:00:00,48.28,transfer,1.0,37.8819,0.0,45.1518,45.1518,37.8819,77.2953,8.4167,26.0777,6042
2016-10-16 16:00:00,47.94,transfer,1.0,36.7159,0.0,36.2264,36.2264,36.7159,77.2953,8.3908,26.0723,6043
2016-10-16 17:00:00,48.01,transfer,1.0,35.5424,0.0,30.56,30.56,35.5424,77.2953,8.3755,26.0591,6044
2016-10-16 18:00:00,47.39,transfer,1.0,34.4188,0.0,37.8276,37.8276,34.4188,77.2955,8.3741,26.035,6045
2016-10-16 19:00:00,51.44,transfer,1.0,33.4356,0.0,37.8145,37.8145,33.4356,77.2957,8.3664,26.0196,6046
2016-10-16 20:00:00,51.93,transfer,1.0,32.8365,0.0,37.8407,37.8407,32.8365,77.2958,8.3594,26.0051,6047
2016-10-16 21:00:00,52.09,transfer,1.0,32.4282,0.0,31.6034,31.6034,32.4282,77.2958,8.3494,25.9946,6048
2016-10-16 22:00:00,52.73,transfer,1.0,32.2088,0.0,36.5417,36.5417,32.2088,77.2959,8.3417,25.9825,6049
2016-10-16 23:00:00,52.16,transfer,1.0,32.1959,0.0,32.3895,32.3895,32.1959,77.2959,8.3275,25.9764,6050
2016-10-17 00:00:00,52.95,transfer,1.0,32.3163,0.0,35.8183,35.8183,32.3163,77.2959,8.3121,25.9707,6051
2016-10-17 01:00:00,52.44,transfer,1.0,32.9646,0.0,32.464,32.464,32.9646,77.2961,8.306,25.9539,6052
2016-10-17 02:00:00,51.68,transfer,1.0,34.0612,0.0,32.657,32.657,34.0612,77.2961,8.3024,25.9314,6053
2016-10-17 03:00:00,53.28,transfer,1.0,35.5278,0.0,41.3757,41.3757,35.5278,77.296,8.3002,25.9033,6054
2016-10-17 04:00:00,54.68,transfer,1.0,37.3828,0.0,37.1851,37.1851,37.3828,77.296,8.2881,25.8782,6055
2016-10-17 05:00:00,55.31,transfer,1.0,39.604,0.0,46.1539,46.1539,39.604,77.2959,8.2712,25.8516,6056
2016-10-17 06:00:00,70.6,transfer,1.0,42.2485,0.0,43.0954,43.0954,42.2485,77.2959,8.3345,25.738,6057
2016-10-17 07:00:00,81.35,transfer,1.0,45.618,0.0,46.916,46.916,45.618,77.2959,8.489,25.5742,6058
2016-10-17 08:00:00,91.31,transfer,1.0,49.8143,0.0,48.5075,48.5075,49.8143,77.2959,8.7036,25.4592,6059
2016-10-17 09:00:00,101.45,transfer,1.0,53.806,0.0,57.2946,57.2946,53.806,77.2957,8.9679,25.403,6060
2016-10-17 10:00:00,106.17,transfer,1.0,56.9307,0.0,59.7235,59.7235,56.9307,77.2955,9.2463,25.3757,6061
2016-10-17 11:00:00,108.16,transfer,1.0,58.9661,0.0,69.4494,69.4494,58.9661,77.2953,9.52,25.3636,6062
2016-10-17 12:00:00,98.35,transfer,1.0,60.0893,0.0,57.9387,57.9387,60.0893,77.2953,9.7076,25.3087,6063
2016-10-17 13:00:00,102.06,transfer,1.0,60.6223,0.0,51.0574,51.0574,60.6223,77.2951,9.9099,25.272,6064
2016-10-17 14:00:00,113.27,transfer,1.0,60.7879,0.0,72.1123,72.1123,60.7879,77.2951,10.1775,25.294,6065
2016-10-17 15:00:00,104.72,transfer,1.0,60.8065,0.0,57.43,57.43,60.8065,77.2951,10.3767,25.2738,6066
2016-10-17 16:00:00,94.03,transfer,1.0,60.7716,0.0,50.6578,50.6578,60.7716,77.2951,10.5064,25.1879,6067
2016-10-17 17:00:00,86.04,transfer,1.0,60.616,0.0,63.7545,63.7545,60.616,77.2951,10.5891,25.0471,6068
2016-10-17 18:00:00,63.02,transfer,1.0,60.2528,0.0,63.8436,63.8436,60.2528,77.295,10.5297,24.94,6069
2016-10-17 19:00:00,59.35,transfer,1.0,59.731,0.0,59.4942,59.4942,59.731,77.2954,10.4206,24.8852,6070
2016-10-17 20:00:00,52.41,transfer,1.0,59.0205,0.0,58.6665,58.6665,59.0205,77.2956,10.3536,24.8644,6071
2016-10-17 21:00:00,53.69,transfer,1.0,58.1501,0.0,54.9127,54.9127,58.1501,77.2956,10.267,24.8424,6072
2016-10-17 22:00:00,55.02,transfer,1.0,57.2127,0.0,62.77,62.77,57.2127,77.2957,10.1681,24.8118,6073
2016-10-17 23:00:00,52.38,transfer,1.0,56.332,0.0,52.5675,52.5675,56.332,77.2956,10.0921,24.7864,6074
2016-10-18 00:00:00,53.73,transfer,1.0,55.6885,0.0,43.0533,43.0533,55.6885,77.2957,10.002,24.7583,6075
2016-10-18 01:00:00,52.21,transfer,1.0,55.3315,0.0,58.0348,58.0348,55.3315,77.2957,9.9264,24.7354,6076
2016-10-18 02:00:00,50.76,transfer,1.0,55.3055,0.0,56.3678,56.3678,55.3055,77.2957,9.8636,24.7224,6077
2016-10-18 03:00:00,52.48,transfer,1.0,55.5484,0.0,43.5754,43.5754,55.5484,77.2957,9.8025,24.6956,6078
2016-10-18 04:00:00,69.92,transfer,1.0,56.0297,0.0,50.229,50.229,56.0297,77.2957,9.7934,24.5858,6079
2016-10-18 05:00:00,60.43,transfer,1.0,56.7247,0.0,55.281,55.281,56.7247,77.2955,9.7312,24.5356,6080
2016-10-18 06:00:00,74.53,transfer,1.0,57.7853,0.0,56.5353,56.5353,57.7853,77.2955,9.7547,24.4068,6081
2016-10-18 07:00:00,86.59,transfer,1.0,58.6763,0.0,69.2388,69.2388,58.6763,77.2955,9.9051,24.2742,6082
2016-10-18 08:00:00,101.5,transfer,1.0,59.5399,0.0,65.7201,65.7201,59.5399,77.2956,10.1408,24.2513,6083
2016-10-18 09:00:00,108.26,transfer,1.0,60.2785,0.0,68.8916,68.8916,60.2785,77.2953,10.4002,24.2975,6084
2016-10-18 10:00:00,117.91,transfer,1.0,60.8044,0.0,58.1282,58.1282,60.8044,77.2953,10.6779,24.4473,6085
2016-10-18 11:00:00,115.75,transfer,1.0,61.1474,0.0,62.4418,62.4418,61.1474,77.2953,10.9613,24.5709,6086
2016-10-18 12:00:00,115.75,transfer,1.0,61.3468,0.0,65.502,65.502,61.3468,77.2952,11.2643,24.6792,6087
2016-10-18 13:00:00,116.28,transfer,1.0,61.4331,0.0,64.2395,64.2395,61.4331,77.2952,11.5781,24.7857,6088
2016-10-18 14:00:00,122.07,transfer,1.0,61.464,0.0,67.0001,67.0001,61.464,77.2952,11.9241,24.9283,6089
2016-10-18 15:00:00,118.21,transfer,1.0,61.4599,0.0,52.9641,52.9641,61.4599,77.295,12.2409,25.05,6090
2016-10-18 16:00:00,114.77,transfer,1.0,61.4222,0.0,52.6379,52.6379,61.4222,77.2949,12.5429,25.1384,6091
2016-10-18 17:00:00,102.77,transfer,1.0,61.3308,0.0,71.8068,71.8068,61.3308,77.2949,12.7872,25.1268,6092
2016-10-18 18:00:00,73.36,transfer,1.0,61.18,0.0,63.6118,63.6118,61.18,77.295,12.849,24.9874,6093
2016-10-18 19:00:00,65.28,transfer,1.0,60.9188,0.0,58.7097,58.7097,60.9188,77.2952,12.8232,24.924,6094
2016-10-18 20:00:00,63.43,transfer,1.0,60.4754,0.0,61.9135,61.9135,60.4754,77.2952,12.7845,24.8678,6095
2016-10-18 21:00:00,61.69,transfer,1.0,59.8674,0.0,68.6321,68.6321,59.8674,77.2954,12.734,24.821,6096
2016-10-18 22:00:00,61.35,transfer,1.0,59.2279,0.0,57.971,57.971,59.2279,77.2954,12.6874,24.7709,6097
2016-10-18 23:00:00,61.13,transfer,1.0,58.615,0.0,33.8454,33.8454,58.615,77.2954,12.6364,24.7264,6098
2016-10-19 00:00:00,61.34,transfer,1.0,58.0833,0.0,59.1591,59.1591,58.0833,77.2955,12.5839,24.6862,6099
2016-10-19 01:00:00,59.67,transfer,1.0,57.7195,0.0,70.4303,70.4303,57.7195,77.2956,12.5316,24.6496,6100
2016-10-19 02:00:00,58.48,transfer,1.0,57.5994,0.0,65.7184,65.7184,57.5994,77.2957,12.473,24.6246,6101
2016-10-19 03:00:00,57.65,transfer,1.0,57.7606,0.0,50.0964,50.0964,57.7606,77.2957,12.4236,24.5984,6102
2016-10-19 04:00:00,78.9,transfer,1.0,58.2456,0.0,58.8768,58.8768,58.2456,77.2958,12.49,24.4818,6103
2016-10-19 05:00:00,70.98,transfer,1.0,58.8259,0.0,52.8831,52.8831,58.8259,77.2956,12.5159,24.3956,6104
2016-10-19 06:00:00,84.7,transfer,1.0,59.5905,0.0,48.1764,48.1764,59.5905,77.2956,12.6281,24.3207,6105
2016-10-19 07:00:00,95.21,transfer,1.0,60.1618,0.0,40.8756,40.8756,60.1618,77.2954,12.8308,24.2795,6106
2016-10-19 08:00:00,106.38,transfer,1.0,60.6287,0.0,61.7636,61.7636,60.6287,77.2954,13.0688,24.29,6107
2016-10-19 09:00:00,118.32,transfer,1.0,60.9849,0.0,66.7522,66.7522,60.9849,77.2952,13.3721,24.3759,6108
2016-10-19 10:00:00,123.95,transfer,1.0,61.2118,0.0,50.4653,50.4653,61.2118,77.2949,13.7388,24.5308,6109
2016-10-19 11:00:00,127.24,transfer,1.0,61.3642,0.0,53.0823,53.0823,61.3642,77.2948,14.1159,24.7286,6110
2016-10-19 12:00:00,127.82,transfer,1.0,61.4579,0.0,51.1237,51.1237,61.4579,77.2947,14.4975,24.9287,6111
2016-10-19 13:00:00,126.52,transfer,1.0,61.4957,0.0,52.0315,52.0315,61.4957,77.2948,14.868,25.0903,6112
2016-10-19 14:00:00,129.42,transfer,1.0,61.516,0.0,57.3972,57.3972,61.516,77.2947,15.2417,25.2527,6113
2016-10-19 15:00:00,115.93,transfer,1.0,61.4969,0.0,53.8527,53.8527,61.4969,77.2946,15.542,25.336,6114
2016-10-19 16:00:00,109.05,transfer,1.0,61.4527,0.0,46.6992,46.6992,61.4527,77.2947,15.7949,25.3627,6115
2016-10-19 17:00:00,100.94,transfer,1.0,61.3402,0.0,67.6106,67.6106,61.3402,77.2948,16.0231,25.3526,6116
2016-10-19 18:00:00,71.33,transfer,1.0,61.171,0.0,62.0358,62.0358,61.171,77.2949,16.0812,25.2284,6117
2016-10-19 19:00:00,69.86,transfer,1.0,60.9107,0.0,65.4077,65.4077,60.9107,77.2953,16.0891,25.1471,6118
2016-10-19 20:00:00,59.92,transfer,1.0,60.4906,0.0,76.0134,76.0134,60.4906,77.2954,16.0404,25.1217,6119
2016-10-19 21:00:00,59.29,transfer,1.0,60.0295,0.0,48.6567,48.6567,60.0295,77.2955,15.9926,25.0928,6120
2016-10-19 22:00:00,58.98,transfer,1.0,59.5152,0.0,66.6781,66.6781,59.5152,77.2957,15.9353,25.0682,6121
2016-10-19 23:00:00,58.81,transfer,1.0,59.0399,0.0,60.0205,60.0205,59.0399,77.2958,15.8678,25.0489,6122
2016-10-20 00:00:00,59.07,transfer,1.0,58.7273,0.0,49.7101,49.7101,58.7273,77.2958,15.8016,25.0249,6123
2016-10-20 01:00:00,59.63,transfer,1.0,58.5093,0.0,48.6985,48.6985,58.5093,77.2958,15.7375,24.9996,6124
2016-10-20 02:00:00,55.81,transfer,1.0,58.493,0.0,44.2407,44.2407,58.493,77.2958,15.6966,24.9845,6125
2016-10-20 03:00:00,55.9,transfer,1.0,58.638,0.0,52.6404,52.6404,58.638,77.2957,15.658,24.972,6126
2016-10-20 04:00:00,79.37,transfer,1.0,58.9216,0.0,66.6502,66.6502,58.9216,77.2958,15.7183,24.8605,6127
2016-10-20 05:00:00,70.38,transfer,1.0,59.3333,0.0,57.2961,57.2961,59.3333,77.2955,15.7332,24.7803,6128
2016-10-20 06:00:00,77.65,transfer,1.0,59.9669,0.0,68.8398,68.8398,59.9669,77.2956,15.7962,24.6681,6129
2016-10-20 07:00:00,85.83,transfer,1.0,60.4477,0.0,63.1296,63.1296,60.4477,77.2954,15.9387,24.5691,6130
2016-10-20 08:00:00,101.23,transfer,1.0,60.8245,0.0,68.5752,68.5752,60.8245,77.2954,16.1747,24.5789,6131
2016-10-20 09:00:00,112.67,transfer,1.0,61.0817,0.0,65.1224,65.1224,61.0817,77.2951,16.4626,24.6492,6132
2016-10-20 10:00:00,120.38,transfer,1.0,61.2651,0.0,61.3411,61.3411,61.2651,77.2949,16.7939,24.7675,6133
2016-10-20 11:00:00,125.74,transfer,1.0,61.3931,0.0,60.4733,60.4733,61.3931,77.2948,17.1504,24.9127,6134
2016-10-20 12:00:00,131.83,transfer,1.0,61.4683,0.0,66.3715,66.3715,61.4683,77.2946,17.5411,25.0914,6135
2016-10-20 13:00:00,129.74,transfer,1.0,61.5004,0.0,59.4408,59.4408,61.5004,77.2944,17.931,25.2661,6136
2016-10-20 14:00:00,132.72,transfer,1.0,61.5022,0.0,55.3332,55.3332,61.5022,77.2944,18.3366,25.4508,6137
2016-10-20 15:00:00,127.25,transfer,1.0,61.468,0.0,50.9918,50.9918,61.468,77.2942,18.7204,25.6052,6138
2016-10-20 16:00:00,126.56,transfer,1.0,61.3972,0.0,52.5406,52.5406,61.3972,77.2943,19.0987,25.7423,6139
2016-10-20 17:00:00,107.95,transfer,1.0,61.2729,0.0,54.0857,54.0857,61.2729,77.2943,19.3568,25.7449,6140
2016-10-20 18:00:00,73.53,transfer,1.0,61.122,0.0,61.8909,61.8909,61.122,77.2946,19.4101,25.5711,6141
2016-10-20 19:00:00,68.07,transfer,1.0,60.84,0.0,47.3077,47.3077,60.84,77.2951,19.4302,25.4573,6142
2016-10-20 20:00:00,59.33,transfer,1.0,60.3609,0.0,64.7224,64.7224,60.3609,77.2953,19.4093,25.3886,6143
2016-10-20 21:00:00,58.64,transfer,1.0,59.7531,0.0,56.5401,56.5401,59.7531,77.2955,19.3798,25.3255,6144
2016-10-20 22:00:00,55.64,transfer,1.0,59.048,0.0,58.1166,58.1166,59.048,77.2955,19.3572,25.2813,6145
2016-10-20 23:00:00,56.04,transfer,1.0,58.3962,0.0,63.1684,63.1684,58.3962,77.2956,19.3251,25.234,6146
2016-10-21 00:00:00,55.59,transfer,1.0,57.8173,0.0,53.9355,53.9355,57.8173,77.2956,19.2853,25.1945,6147
2016-10-21 01:00:00,52.59,transfer,1.0,57.2735,0.0,53.6746,53.6746,57.2735,77.2954,19.2666,25.1662,6148
2016-10-21 02:00:00,52.0,transfer,1.0,56.8155,0.0,58.1302,58.1302,56.8155,77.2953,19.2521,25.1404,6149
2016-10-21 03:00:00,52.06,transfer,1.0,56.5782,0.0,59.8119,59.8119,56.5782,77.2953,19.2403,25.1145,6150
2016-10-21 04:00:00,77.56,transfer,1.0,56.6823,0.0,62.0897,62.0897,56.6823,77.2953,19.3204,24.953,6151
2016-10-21 05:00:00,69.1,transfer,1.0,57.0846,0.0,66.7598,66.7598,57.0846,77.295,19.3583,24.8389,6152
2016-10-21 06:00:00,67.22,transfer,1.0,58.0351,0.0,66.1858,66.1858,58.0351,77.2949,19.3878,24.7405,6153
2016-10-21 07:00:00,64.61,transfer,1.0,58.8458,0.0,64.2332,64.2332,58.8458,77.2946,19.4105,24.6353,6154
2016-10-21 08:00:00,70.98,transfer,1.0,59.4167,0.0,80.5445,80.5445,59.4167,77.2944,19.4673,24.5059,6155
2016-10-21 09:00:00,75.73,transfer,1.0,59.6702,0.0,62.058,62.058,59.6702,77.2938,19.5573,24.3635,6156
2016-10-21 10:00:00,98.78,transfer,1.0,59.7471,0.0,56.0253,56.0253,59.7471,77.2934,19.7764,24.364,6157
2016-10-21 11:00:00,106.12,transfer,1.0,59.7297,0.0,50.8932,50.8932,59.7297,77.293,20.0217,24.4287,6158
2016-10-21 12:00:00,112.13,transfer,1.0,59.8235,0.0,78.1394,78.1394,59.8235,77.2928,20.301,24.5316,6159
2016-10-21 13:00:00,118.21,transfer,1.0,59.9021,0.0,70.2842,70.2842,59.9021,77.2926,20.6174,24.6695,6160
2016-10-21 14:00:00,106.11,transfer,1.0,59.8942,0.0,51.315,51.315,59.8942,77.2924,20.881,24.7138,6161
2016-10-21 15:00:00,98.05,transfer,1.0,59.5537,0.0,67.5112,67.5112,59.5537,77.2881,21.0752,24.7289,6162
2016-10-21 16:00:00,89.17,transfer,1.0,59.1624,0.0,66.194,66.194,59.1624,77.2908,21.2244,24.678,6163
2016-10-21 17:00:00,79.21,transfer,1.0,58.5127,0.0,57.6076,57.6076,58.5127,77.2919,21.331,24.5463,6164
2016-10-21 18:00:00,68.37,transfer,1.0,57.5156,0.0,54.0423,54.0423,57.5156,77.2926,21.3874,24.4377,6165
2016-10-21 19:00:00,62.91,transfer,1.0,56.1589,0.0,56.449,56.449,56.1589,77.2939,21.4007,24.3718,6166
2016-10-21 20:00:00,68.59,transfer,1.0,54.8931,0.0,62.5202,62.5202,54.8931,77.2946,21.4495,24.2729,6167
2016-10-21 21:00:00,54.15,transfer,1.0,53.5345,0.0,49.17,49.17,53.5345,77.2948,21.416,24.2613,6168
2016-10-21 22:00:00,53.03,transfer,1.0,52.5497,0.0,49.1199,49.1199,52.5497,77.295,21.3832,24.254,6169
2016-10-21 23:00:00,50.19,transfer,1.0,51.5231,0.0,52.8471,52.8471,51.5231,77.2951,21.3617,24.2586,6170
2016-10-22 00:00:00,51.04,transfer,1.0,50.6276,0.0,62.6986,62.6986,50.6276,77.2951,21.3261,24.2695,6171
2016-10-22 01:00:00,49.97,transfer,1.0,49.2422,0.0,49.5453,49.5453,49.2422,77.2905,21.3134,24.2651,6172
2016-10-22 02:00:00,48.48,transfer,1.0,47.9972,0.0,49.1912,49.1912,47.9972,77.2757,21.2874,24.2807,6173
2016-10-22 03:00:00,48.56,transfer,1.0,47.0526,0.0,35.7716,35.7716,47.0526,77.2816,21.2681,24.2956,6174
2016-10-22 04:00:00,51.66,transfer,1.0,46.4267,0.0,39.9748,39.9748,46.4267,77.2859,21.2564,24.308,6175
2016-10-22 05:00:00,51.33,transfer,1.0,45.9896,0.0,43.1619,43.1619,45.9896,77.288,21.2415,24.3279,6176
2016-10-22 06:00:00,51.67,transfer,1.0,46.0332,0.0,41.5582,41.5582,46.0332,77.289,21.236,24.3406,6177
2016-10-22 07:00:00,49.07,transfer,1.0,46.4466,0.0,42.0933,42.0933,46.4466,77.2898,21.248,24.3369,6178
2016-10-22 08:00:00,43.57,transfer,1.0,47.1767,0.0,53.3619,53.3619,47.1767,77.2901,21.2594,24.357,6179
2016-10-22 09:00:00,43.53,transfer,1.0,47.1,0.0,53.8259,53.8259,47.1,77.2892,21.2795,24.3871,6180
2016-10-22 10:00:00,43.39,transfer,1.0,46.4574,0.0,46.8056,46.8056,46.4574,77.2884,21.2818,24.4016,6181
2016-10-22 11:00:00,49.79,transfer,1.0,45.504,0.0,47.5351,47.5351,45.504,77.2878,21.3068,24.3912,6182
2016-10-22 12:00:00,52.62,transfer,1.0,44.3281,0.0,37.0892,37.0892,44.3281,77.2873,21.3547,24.3592,6183
2016-10-22 13:00:00,53.24,transfer,1.0,43.0743,0.0,41.2031,41.2031,43.0743,77.287,21.4122,24.3177,6184
2016-10-22 14:00:00,52.45,transfer,1.0,41.6831,0.0,48.829,48.829,41.6831,77.2868,21.4647,24.281,6185
2016-10-22 15:00:00,51.06,transfer,1.0,40.2655,0.0,43.6004,43.6004,40.2655,77.2868,21.502,24.2579,6186
2016-10-22 16:00:00,49.99,transfer,1.0,38.7946,0.0,43.8434,43.8434,38.7946,77.2871,21.5347,24.2377,6187
2016-10-22 17:00:00,50.2,transfer,1.0,37.2753,0.0,42.9881,42.9881,37.2753,77.2872,21.5687,24.2153,6188
2016-10-22 18:00:00,52.15,transfer,1.0,35.8439,0.0,33.9636,33.9636,35.8439,77.2876,21.6091,24.1859,6189
2016-10-22 19:00:00,55.11,transfer,1.0,34.583,0.0,31.7848,31.7848,34.583,77.2888,21.6374,24.1679,6190
2016-10-22 20:00:00,53.83,transfer,1.0,33.747,0.0,35.9597,35.9597,33.747,77.2895,21.662,24.153,6191
2016-10-22 21:00:00,53.71,transfer,1.0,33.1464,0.0,26.0044,26.0044,33.1464,77.2905,21.6812,24.1435,6192
2016-10-22 22:00:00,53.33,transfer,1.0,32.764,0.0,30.2941,30.2941,32.764,77.2919,21.7001,24.1346,6193
2016-10-22 23:00:00,52.83,transfer,1.0,32.5172,0.0,28.5375,28.5375,32.5172,77.2935,21.7158,24.1288,6194
2016-10-23 00:00:00,54.03,transfer,1.0,32.3836,0.0,34.8966,34.8966,32.3836,77.2946,21.7343,24.1206,6195
2016-10-23 01:00:00,52.76,transfer,1.0,32.4903,0.0,36.2748,36.2748,32.4903,77.2951,21.7571,24.1081,6196
2016-10-23 02:00:00,52.85,transfer,1.0,32.6743,0.0,42.2995,42.2995,32.6743,77.2952,21.7778,24.0982,6197
2016-10-23 03:00:00,52.76,transfer,1.0,33.0207,0.0,29.8871,29.8871,33.0207,77.2941,21.8079,24.0787,6198
2016-10-23 04:00:00,55.65,transfer,1.0,33.5165,0.0,32.3053,32.3053,33.5165,77.2913,21.8275,24.0701,6199
2016-10-23 05:00:00,56.04,transfer,1.0,34.1814,0.0,30.1582,30.1582,34.1814,77.2922,21.8487,24.0599,6200
2016-10-23 06:00:00,56.16,transfer,1.0,34.8862,0.0,38.936,38.936,34.8862,77.2929,21.8695,24.0519,6201
2016-10-23 07:00:00,51.28,transfer,1.0,35.7428,0.0,28.803,28.803,35.7428,77.2936,21.8969,24.0391,6202
2016-10-23 08:00:00,48.89,transfer,1.0,36.7525,0.0,38.7526,38.7526,36.7525,77.2942,21.9299,24.0226,6203
2016-10-23 09:00:00,49.15,transfer,1.0,37.338,0.0,41.4372,41.4372,37.338,77.2941,21.9602,24.0101,6204
2016-10-23 10:00:00,49.63,transfer,1.0,37.4698,0.0,31.7035,31.7035,37.4698,77.2939,21.9898,23.9995,6205
2016-10-23 11:00:00,49.61,transfer,1.0,37.5694,0.0,35.1198,35.1198,37.5694,77.2942,22.0181,23.9893,6206
2016-10-23 12:00:00,50.25,transfer,1.0,37.4118,0.0,33.0747,33.0747,37.4118,77.294,22.0511,23.9739,6207
2016-10-23 13:00:00,49.5,transfer,1.0,36.9714,0.0,26.3195,26.3195,36.9714,77.294,22.0769,23.9647,6208
2016-10-23 14:00:00,49.75,transfer,1.0,36.3178,0.0,37.8582,37.8582,36.3178,77.2939,22.1063,23.951,6209
2016-10-23 15:00:00,49.47,transfer,1.0,35.4994,0.0,40.6341,40.6341,35.4994,77.2938,22.1276,23.9439,6210
2016-10-23 16:00:00,49.07,transfer,1.0,34.6272,0.0,31.644,31.644,34.6272,77.2939,22.1467,23.9372,6211
2016-10-23 17:00:00,49.59,transfer,1.0,33.7428,0.0,35.7458,35.7458,33.7428,77.2939,22.1668,23.9277,6212
2016-10-23 18:00:00,51.59,transfer,1.0,32.8288,0.0,34.2604,34.2604,32.8288,77.2942,22.2013,23.9027,6213
2016-10-23 19:00:00,54.87,transfer,1.0,32.0294,0.0,21.2513,21.2513,32.0294,77.2949,22.2301,23.8823,6214
2016-10-23 20:00:00,53.37,transfer,1.0,31.4866,0.0,38.4437,38.4437,31.4866,77.2951,22.2467,23.8737,6215
2016-10-23 21:00:00,53.42,blend,0.5174,53.3831,0.0,29.3999,29.3999,31.0774,77.2952,22.2627,23.8658,6216
2016-10-23 22:00:00,53.49,blend,0.5174,53.2101,0.0,32.812,32.812,30.7427,77.2953,22.2759,23.8613,6217
2016-10-23 23:00:00,53.3,blend,0.5174,53.0747,0.0,32.5143,32.5143,30.4809,77.2955,22.2929,23.8545,6218
2016-10-24 00:00:00,53.66,blend,0.5174,52.9824,0.0,28.2451,28.2451,30.3025,77.2955,22.3091,23.8503,6219
2016-10-24 01:00:00,53.4,blend,0.5174,53.1343,0.0,34.4994,34.4994,30.5958,77.2958,22.3289,23.8446,6220
2016-10-24 02:00:00,53.49,blend,0.5174,53.5111,0.0,29.4175,29.4175,31.324,77.2959,22.356,23.8338,6221
2016-10-24 03:00:00,53.39,blend,0.5174,54.0577,0.0,34.1188,34.1188,32.3805,77.2959,22.3754,23.8331,6222
2016-10-24 04:00:00,56.75,blend,0.5174,54.8163,0.0,42.9733,42.9733,33.8468,77.2957,22.4088,23.8208,6223
2016-10-24 05:00:00,58.52,blend,0.5174,55.8075,0.0,32.375,32.375,35.7633,77.2951,22.4507,23.8017,6224
2016-10-24 06:00:00,76.4,blend,0.5174,57.0955,0.0,40.2582,40.2582,38.2532,77.2947,22.509,23.7672,6225
2016-10-24 07:00:00,90.66,blend,0.5174,58.9074,0.0,44.4496,44.4496,41.7553,77.2946,22.5874,23.8226,6226
2016-10-24 08:00:00,97.19,blend,0.5174,61.4913,0.0,47.2424,47.2424,46.7494,77.2948,22.6407,23.8576,6227
2016-10-24 09:00:00,95.07,blend,0.5174,64.2481,0.0,55.7754,55.7754,52.0778,77.2949,22.613,23.8196,6228
2016-10-24 10:00:00,100.06,blend,0.5174,66.3105,0.0,42.6996,42.6996,56.064,77.2949,22.5818,23.7833,6229
2016-10-24 11:00:00,94.26,blend,0.5174,67.519,0.0,56.5582,56.5582,58.3997,77.295,22.5024,23.7005,6230
2016-10-24 12:00:00,89.28,blend,0.5174,68.1819,0.0,43.6076,43.6076,59.681,77.2949,22.4509,23.6465,6231
2016-10-24 13:00:00,84.34,blend,0.5174,68.474,0.0,52.5087,52.5087,60.2456,77.295,22.3476,23.5411,6232
2016-10-24 14:00:00,86.12,blend,0.5174,68.5729,0.0,55.1927,55.1927,60.4366,77.2951,22.1881,23.3794,6233
2016-10-24 15:00:00,80.92,blend,0.5174,68.5488,0.0,57.4096,57.4096,60.3901,77.295,22.0489,23.2378,6234
2016-10-24 16:00:00,75.16,blend,0.5174,68.4575,0.0,54.5659,54.5659,60.2135,77.2952,21.9399,23.1509,6235
2016-10-24 17:00:00,70.71,blend,0.5174,68.285,0.0,58.1474,58.1474,59.8798,77.2953,21.8531,23.138,6236
2016-10-24 18:00:00,64.23,blend,0.5174,68.0271,0.0,62.5377,62.5377,59.3814,77.2954,21.8654,23.1308,6237
2016-10-24 19:00:00,60.33,blend,0.5174,67.6957,0.0,60.6243,60.6243,58.7406,77.2957,21.8726,23.125,6238
2016-10-24 20:00:00,48.09,blend,0.5174,67.4243,0.0,65.0135,65.0135,58.2158,77.2959,21.8936,23.1507,6239
2016-10-24 21:00:00,46.75,blend,0.5174,67.053,0.0,56.9868,56.9868,57.4982,77.2959,21.931,23.192,6240
2016-10-24 22:00:00,46.48,blend,0.5174,66.534,0.0,43.1928,43.1928,56.495,77.2959,21.9776,23.2429,6241
2016-10-24 23:00:00,46.18,blend,0.5174,66.0119,0.0,53.4557,53.4557,55.4859,77.2959,22.0094,23.2798,6242
2016-10-25 00:00:00,46.9,blend,0.5174,65.6456,0.0,57.098,57.098,54.7778,77.2959,22.0447,23.3204,6243
2016-10-25 01:00:00,45.85,blend,0.5174,65.5496,0.0,61.5332,61.5332,54.5921,77.2961,22.0781,23.3583,6244
2016-10-25 02:00:00,45.56,blend,0.5174,65.6453,0.0,42.7107,42.7107,54.7772,77.2961,22.1059,23.3892,6245
2016-10-25 03:00:00,45.52,blend,0.5174,65.9249,0.0,44.0163,44.0163,55.3175,77.2961,22.146,23.4307,6246
2016-10-25 04:00:00,47.54,blend,0.5174,66.3559,0.0,52.2197,52.2197,56.1505,77.2961,22.1145,23.5639,6247
2016-10-25 05:00:00,53.23,blend,0.5174,66.9067,0.0,62.7099,62.7099,57.2153,77.296,22.1162,23.6067,6248
2016-10-25 06:00:00,66.45,blend,0.5174,67.4746,0.0,61.4929,61.4929,58.3129,77.296,22.065,23.6548,6249
2016-10-25 07:00:00,74.73,blend,0.5174,68.0347,0.0,63.8519,63.8519,59.3956,77.296,21.9901,23.6148,6250
2016-10-25 08:00:00,91.09,blend,0.5174,68.515,0.0,63.4605,63.4605,60.3239,77.296,21.9235,23.5528,6251
2016-10-25 09:00:00,95.45,blend,0.5174,68.8303,0.0,74.1567,74.1567,60.9336,77.2957,21.8433,23.4766,6252
2016-10-25 10:00:00,100.78,blend,0.5174,69.0321,0.0,50.2071,50.2071,61.3236,77.2956,21.7383,23.3746,6253
2016-10-25 11:00:00,100.9,blend,0.5174,69.1386,0.0,60.0135,60.0135,61.5295,77.2956,21.6476,23.2862,6254
2016-10-25 12:00:00,97.29,blend,0.5174,69.1979,0.0,64.3496,64.3496,61.6441,77.2956,21.5359,23.1763,6255
2016-10-25 13:00:00,97.44,blend,0.5174,69.2255,0.0,52.2057,52.2057,61.6975,77.2956,21.4222,23.0642,6256
2016-10-25 14:00:00,95.73,blend,0.5174,69.2342,0.0,46.1897,46.1897,61.7143,77.2956,21.264,22.9074,6257
2016-10-25 15:00:00,79.83,blend,0.5174,69.2341,0.0,68.3611,68.3611,61.7141,77.2956,21.034,22.6789,6258
2016-10-25 16:00:00,72.84,blend,0.5174,69.2216,0.0,67.6096,67.6096,61.69,77.2956,20.7828,22.4824,6259
2016-10-25 17:00:00,69.72,blend,0.5174,69.183,0.0,68.4209,68.4209,61.6153,77.2956,20.5844,22.3758,6260
2016-10-25 18:00:00,71.32,blend,0.5174,69.1232,0.0,47.9565,47.9565,61.4996,77.2958,20.5703,22.388,6261
2016-10-25 19:00:00,67.73,blend,0.5174,69.0508,0.0,49.6632,49.6632,61.3594,77.296,20.5823,22.3734,6262
2016-10-25 20:00:00,63.23,blend,0.5174,69.0038,0.0,65.1898,65.1898,61.2684,77.2962,20.5764,22.3746,6263
2016-10-25 21:00:00,62.28,blend,0.5174,68.9557,0.0,57.6887,57.6887,61.1754,77.2961,20.5721,22.3711,6264
2016-10-25 22:00:00,63.34,blend,0.5174,68.906,0.0,61.5587,61.5587,61.0795,77.2962,20.5729,22.3593,6265
2016-10-25 23:00:00,60.24,blend,0.5174,68.8727,0.0,56.716,56.716,61.015,77.2962,20.5626,22.3646,6266
2016-10-26 00:00:00,62.31,blend,0.5174,68.8613,0.0,52.0718,52.0718,60.993,77.2962,20.551,22.3588,6267
2016-10-26 01:00:00,61.0,blend,0.5174,68.8567,0.0,56.3265,56.3265,60.9841,77.2963,20.5395,22.3509,6268
2016-10-26 02:00:00,61.57,blend,0.5174,68.8781,0.0,64.2746,64.2746,61.0254,77.2963,20.5375,22.3325,6269
2016-10-26 03:00:00,61.28,blend,0.5174,68.907,0.0,58.5725,58.5725,61.0811,77.2963,20.5381,22.3109,6270
2016-10-26 04:00:00,63.98,blend,0.5174,68.9566,0.0,55.7656,55.7656,61.177,77.2964,20.4318,22.3806,6271
2016-10-26 05:00:00,70.63,blend,0.5174,69.0345,0.0,60.8772,60.8772,61.3276,77.2964,20.4148,22.3827,6272
2016-10-26 06:00:00,84.13,blend,0.5174,69.1115,0.0,63.8353,63.8353,61.4765,77.2963,20.4002,22.3793,6273
2016-10-26 07:00:00,89.99,blend,0.5174,69.1815,0.0,61.9093,61.9093,61.6118,77.2963,20.3605,22.3482,6274
2016-10-26 08:00:00,106.6,blend,0.5174,69.2368,0.0,67.2665,67.2665,61.7187,77.2963,20.3553,22.3495,6275
2016-10-26 09:00:00,113.52,blend,0.5174,69.2784,0.0,54.2123,54.2123,61.7994,77.2961,20.3219,22.3209,6276
2016-10-26 10:00:00,129.2,blend,0.5174,69.3066,0.0,56.0333,56.0333,61.8539,77.296,20.3493,22.3522,6277
2016-10-26 11:00:00,126.47,blend,0.5174,69.3263,0.0,47.8171,47.8171,61.892,77.2959,20.3416,22.3476,6278
2016-10-26 12:00:00,119.52,blend,0.5174,69.34,0.0,69.3944,69.3944,61.9186,77.2958,20.2895,22.2982,6279
2016-10-26 13:00:00,113.28,blend,0.5174,69.346,0.0,59.6014,59.6014,61.9302,77.2958,20.2081,22.2194,6280
2016-10-26 14:00:00,115.58,blend,0.5174,69.3468,0.0,64.6422,64.6422,61.9317,77.2958,20.1232,22.137,6281
2016-10-26 15:00:00,106.79,blend,0.5174,69.3446,0.0,53.8712,53.8712,61.9274,77.2958,20.0662,22.0826,6282
2016-10-26 16:00:00,102.39,blend,0.5174,69.3401,0.0,55.6847,55.6847,61.9187,77.2959,20.0238,22.0429,6283
2016-10-26 17:00:00,97.6,blend,0.5174,69.3331,0.0,48.9047,48.9047,61.905,77.296,20.0006,22.023,6284
2016-10-26 18:00:00,87.62,blend,0.5174,69.3248,0.0,62.0743,62.0743,61.889,77.2961,20.0933,22.049,6285
2016-10-26 19:00:00,77.45,blend,0.5174,69.3138,0.0,59.5014,59.5014,61.8675,77.2962,20.1328,22.0056,6286
2016-10-26 20:00:00,68.55,blend,0.5174,69.3014,0.0,62.8443,62.8443,61.8435,77.2964,20.1693,21.9543,6287
2016-10-26 21:00:00,65.02,blend,0.5174,69.2902,0.0,51.2035,51.2035,61.8218,77.2964,20.1839,21.9202,6288
2016-10-26 22:00:00,67.59,blend,0.5174,69.2791,0.0,71.0188,71.0188,61.8003,77.2965,20.2152,21.8689,6289
2016-10-26 23:00:00,66.84,blend,0.5174,69.2712,0.0,65.2211,65.2211,61.785,77.2965,20.2439,21.8211,6290
2016-10-27 00:00:00,67.66,blend,0.5174,69.2714,0.0,74.9429,74.9429,61.7854,77.2965,20.2768,21.77,6291
2016-10-27 01:00:00,66.12,blend,0.5174,69.2715,0.0,64.3341,64.3341,61.7855,77.2965,20.296,21.7314,6292
2016-10-27 02:00:00,67.38,blend,0.5174,69.2775,0.0,74.0866,74.0866,61.797,77.2965,20.3132,21.6625,6293
2016-10-27 03:00:00,65.62,blend,0.5174,69.2861,0.0,56.0924,56.0924,61.8137,77.2965,20.3196,21.6047,6294
2016-10-27 04:00:00,68.11,blend,0.5174,69.2994,0.0,62.1731,62.1731,61.8394,77.2965,20.2352,21.647,6295
2016-10-27 05:00:00,68.14,blend,0.5174,69.3126,0.0,66.9176,66.9176,61.8652,77.2964,20.2068,21.6603,6296
2016-10-27 06:00:00,86.03,blend,0.5174,69.3229,0.0,53.6675,53.6675,61.8851,77.2964,20.2453,21.7102,6297
2016-10-27 07:00:00,95.44,blend,0.5174,69.3324,0.0,47.1529,47.1529,61.9035,77.2963,20.2938,21.7674,6298
2016-10-27 08:00:00,104.26,blend,0.5174,69.3425,0.0,59.3057,59.3057,61.923,77.2961,20.3053,21.7854,6299
2016-10-27 09:00:00,109.86,blend,0.5174,69.3511,0.0,65.0619,65.0619,61.9401,77.2958,20.2835,21.7687,6300
2016-10-27 10:00:00,109.08,blend,0.5174,69.3539,0.0,57.8841,57.8841,61.9455,77.2957,20.2121,21.7014,6301
2016-10-27 11:00:00,109.94,blend,0.5174,69.3539,0.0,66.1755,66.1755,61.9457,77.2956,20.1148,21.6074,6302
2016-10-27 12:00:00,110.91,blend,0.5174,69.3493,0.0,67.3897,67.3897,61.9369,77.2956,19.9875,21.4829,6303
2016-10-27 13:00:00,117.06,blend,0.5174,69.3426,0.0,65.2526,65.2526,61.9238,77.2957,19.9095,21.4074,6304
2016-10-27 14:00:00,116.66,blend,0.5174,69.3352,0.0,72.9395,72.9395,61.9096,77.2955,19.8115,21.3118,6305
2016-10-27 15:00:00,112.5,blend,0.5174,69.3273,0.0,66.4127,66.4127,61.8945,77.2954,19.7211,21.224,6306
2016-10-27 16:00:00,101.17,blend,0.5174,69.3148,0.0,62.0094,62.0094,61.8701,77.2956,19.5672,21.0728,6307
2016-10-27 17:00:00,96.7,blend,0.5174,69.2981,0.0,60.8655,60.8655,61.8377,77.2956,19.4969,21.0059,6308
2016-10-27 18:00:00,97.0,blend,0.5174,69.2712,0.0,66.6424,66.6424,61.7857,77.2957,19.6326,21.1007,6309
2016-10-27 19:00:00,95.14,blend,0.5174,69.2358,0.0,52.896,52.896,61.7169,77.2961,19.7885,21.152,6310
2016-10-27 20:00:00,79.05,blend,0.5174,69.2014,0.0,66.1246,66.1246,61.6503,77.2963,19.886,21.0555,6311
2016-10-27 21:00:00,61.28,blend,0.5174,69.1696,0.0,73.3801,73.3801,61.5888,77.2963,19.8812,21.0398,6312
2016-10-27 22:00:00,61.46,blend,0.5174,69.1215,0.0,70.7119,70.7119,61.4958,77.2963,19.8611,21.0052,6313
2016-10-27 23:00:00,61.45,blend,0.5174,69.0505,0.0,73.2659,73.2659,61.3586,77.2963,19.8476,20.973,6314
2016-10-28 00:00:00,61.83,blend,0.5174,68.9872,0.0,64.1977,64.1977,61.2363,77.2963,19.8379,20.9359,6315
2016-10-28 01:00:00,59.71,blend,0.5174,68.9246,0.0,67.647,67.647,61.1154,77.2962,19.8184,20.8935,6316
2016-10-28 02:00:00,60.72,blend,0.5174,68.875,0.0,66.1555,66.1555,61.0196,77.2962,19.7915,20.8416,6317
2016-10-28 03:00:00,57.69,blend,0.5174,68.8609,0.0,55.4348,55.4348,60.9922,77.2963,19.7843,20.8081,6318
2016-10-28 04:00:00,61.44,blend,0.5174,68.8782,0.0,48.8938,48.8938,61.0255,77.2963,19.6625,20.9009,6319
2016-10-28 05:00:00,62.62,blend,0.5174,68.9174,0.0,69.4475,69.4475,61.1016,77.2961,19.6,20.9395,6320
2016-10-28 06:00:00,79.09,blend,0.5174,68.9714,0.0,56.7295,56.7295,61.2059,77.2961,19.6518,20.8902,6321
2016-10-28 07:00:00,87.88,blend,0.5174,69.0378,0.0,57.4192,57.4192,61.3343,77.296,19.7755,20.8777,6322
2016-10-28 08:00:00,99.5,blend,0.5174,69.1165,0.0,64.8283,64.8283,61.4865,77.296,19.9329,20.9722,6323
2016-10-28 09:00:00,105.78,blend,0.5174,69.1792,0.0,45.6322,45.6322,61.6079,77.2957,20.1002,21.1325,6324
2016-10-28 10:00:00,99.39,blend,0.5174,69.2245,0.0,65.1964,65.1964,61.6956,77.2956,20.0923,21.1361,6325
2016-10-28 11:00:00,97.25,blend,0.5174,69.2505,0.0,77.0902,77.0902,61.7459,77.2955,20.0275,21.0833,6326
2016-10-28 12:00:00,95.6,blend,0.5174,69.2583,0.0,52.2113,52.2113,61.7611,77.2953,19.9175,20.9849,6327
2016-10-28 13:00:00,93.53,blend,0.5174,69.258,0.0,45.692,45.692,61.7605,77.2954,19.7596,20.838,6328
2016-10-28 14:00:00,87.57,blend,0.5174,69.254,0.0,54.8476,54.8476,61.7526,77.2955,19.6382,20.7276,6329
2016-10-28 15:00:00,80.13,blend,0.5174,69.2397,0.0,67.3178,67.3178,61.7249,77.2955,19.5186,20.6209,6330
2016-10-28 16:00:00,76.23,blend,0.5174,69.2146,0.0,71.9792,71.9792,61.6763,77.2958,19.4266,20.5565,6331
2016-10-28 17:00:00,75.03,blend,0.5174,69.1806,0.0,67.3363,67.3363,61.6104,77.2959,19.3833,20.5586,6332
2016-10-28 18:00:00,69.56,blend,0.5174,69.1389,0.0,65.5118,65.5118,61.5297,77.296,19.3665,20.5515,6333
2016-10-28 19:00:00,68.37,blend,0.5174,69.0949,0.0,56.7912,56.7912,61.4446,77.2961,19.3675,20.519,6334
2016-10-28 20:00:00,62.3,blend,0.5174,69.0497,0.0,58.9619,58.9619,61.3572,77.2961,19.2916,20.5565,6335
2016-10-28 21:00:00,60.19,blend,0.5174,69.007,0.0,64.852,64.852,61.2747,77.2962,19.2944,20.5205,6336
2016-10-28 22:00:00,58.77,blend,0.5174,68.9522,0.0,67.2669,67.2669,61.1685,77.2963,19.3058,20.4864,6337
2016-10-28 23:00:00,57.74,blend,0.5174,68.9055,0.0,65.8209,65.8209,61.0783,77.2963,19.3177,20.4414,6338
2016-10-29 00:00:00,58.92,blend,0.5174,68.879,0.0,57.5041,57.5041,61.0271,77.2963,19.3278,20.3945,6339
2016-10-29 01:00:00,57.74,blend,0.5174,68.7775,0.0,67.3656,67.3656,60.8311,77.296,19.3419,20.3483,6340
2016-10-29 02:00:00,57.39,blend,0.5174,68.6641,0.0,74.8895,74.8895,60.6122,77.2959,19.3582,20.2954,6341
2016-10-29 03:00:00,57.27,blend,0.5174,68.551,0.0,66.7798,66.7798,60.3935,77.2959,19.3678,20.2437,6342
2016-10-29 04:00:00,57.9,blend,0.5174,68.4373,0.0,67.1731,67.1731,60.1738,77.296,19.3502,20.2066,6343
2016-10-29 05:00:00,59.23,blend,0.5174,68.3385,0.0,65.2683,65.2683,59.9828,77.2958,19.3229,20.1596,6344
2016-10-29 06:00:00,58.11,blend,0.5174,68.249,0.0,55.8055,55.8055,59.8099,77.2958,19.2994,20.1213,6345
2016-10-29 07:00:00,55.11,blend,0.5174,68.1936,0.0,51.2245,51.2245,59.7029,77.2957,19.3112,20.0854,6346
2016-10-29 08:00:00,52.09,blend,0.5174,68.115,0.0,49.0681,49.0681,59.5512,77.2956,19.3341,20.0347,6347
2016-10-29 09:00:00,52.1,blend,0.5174,67.9059,0.0,47.7033,47.7033,59.1474,77.2951,19.3548,19.9837,6348
2016-10-29 10:00:00,52.46,blend,0.5174,67.5621,0.0,48.0257,48.0257,58.4831,77.295,19.3724,19.9298,6349
2016-10-29 11:00:00,53.8,blend,0.5174,67.0589,0.0,50.8443,50.8443,57.5106,77.2948,19.369,19.906,6350
2016-10-29 12:00:00,53.71,blend,0.5174,66.4152,0.0,59.587,59.587,56.2665,77.2947,19.3348,19.8995,6351
2016-10-29 13:00:00,53.13,blend,0.5174,65.6231,0.0,56.6293,56.6293,54.7355,77.2947,19.2839,19.9002,6352
2016-10-29 14:00:00,53.69,blend,0.5174,64.6114,0.0,50.9425,50.9425,52.7802,77.2947,19.2252,19.8929,6353
2016-10-29 15:00:00,55.1,blend,0.5174,63.397,0.0,46.484,46.484,50.4329,77.2947,19.1887,19.8689,6354
2016-10-29 16:00:00,54.72,blend,0.5174,62.0597,0.0,40.7256,40.7256,47.848,77.2949,19.163,19.8408,6355
2016-10-29 17:00:00,54.02,blend,0.5174,60.7636,0.0,41.5841,41.5841,45.3427,77.295,19.1377,19.8181,6356
2016-10-29 18:00:00,56.62,blend,0.5174,59.5497,0.0,45.4174,45.4174,42.9963,77.2952,19.1218,19.7915,6357
2016-10-29 19:00:00,58.49,blend,0.5174,58.427,0.0,46.6569,46.6569,40.8261,77.2953,19.1047,19.7714,6358
2016-10-29 20:00:00,58.26,blend,0.5174,57.6419,0.0,39.4674,39.4674,39.3083,77.2956,19.098,19.7451,6359
2016-10-29 21:00:00,58.03,blend,0.5174,56.9102,0.0,34.3115,34.3115,37.8941,77.2956,19.0954,19.7194,6360
2016-10-29 22:00:00,57.51,blend,0.5174,56.2855,0.0,34.8322,34.8322,36.6867,77.2957,19.097,19.6946,6361
2016-10-29 23:00:00,58.75,blend,0.5174,55.8196,0.0,37.2332,37.2332,35.786,77.2958,19.1127,19.6593,6362
2016-10-30 00:00:00,57.64,blend,0.5174,55.4766,0.0,39.4829,39.4829,35.1231,77.2958,19.1179,19.6379,6363
2016-10-30 01:00:00,57.72,blend,0.5174,55.3562,0.0,30.6067,30.6067,34.8905,77.2958,19.1332,19.6083,6364
2016-10-30 02:00:00,57.37,blend,0.5174,55.4256,0.0,40.8116,40.8116,35.0245,77.2958,19.1461,19.5814,6365
2016-10-30 03:00:00,57.35,blend,0.5174,55.5952,0.0,32.5652,32.5652,35.3524,77.2958,19.1595,19.5541,6366
2016-10-30 04:00:00,61.26,blend,0.5174,55.9108,0.0,33.5861,33.5861,35.9623,77.2958,19.1784,19.5208,6367
2016-10-30 05:00:00,59.73,blend,0.5174,56.3568,0.0,35.311,35.311,36.8244,77.2957,19.1846,19.4988,6368
2016-10-30 06:00:00,58.94,blend,0.5174,56.9336,0.0,41.9822,41.9822,37.9393,77.2956,19.183,19.4823,6369
2016-10-30 07:00:00,55.61,blend,0.5174,57.6055,0.0,39.0172,39.0172,39.2381,77.2956,19.1879,19.4565,6370
2016-10-30 08:00:00,51.76,blend,0.5174,58.3571,0.0,34.173,34.173,40.6909,77.2955,19.1816,19.4394,6371
2016-10-30 09:00:00,51.62,blend,0.5174,58.8546,0.0,37.6688,37.6688,41.6526,77.2953,19.1706,19.4247,6372
2016-10-30 10:00:00,53.43,blend,0.5174,59.0776,0.0,40.9778,40.9778,42.0837,77.2952,19.1657,19.4021,6373
2016-10-30 11:00:00,54.55,blend,0.5174,59.126,0.0,43.025,43.025,42.1773,77.2952,19.1677,19.3727,6374
2016-10-30 12:00:00,55.7,blend,0.5174,59.0425,0.0,41.627,41.627,42.0158,77.2952,19.1728,19.3403,6375
2016-10-30 13:00:00,56.38,blend,0.5174,58.8347,0.0,39.1806,39.1806,41.6144,77.2951,19.1861,19.2994,6376
2016-10-30 14:00:00,57.0,blend,0.5174,58.513,0.0,49.1408,49.1408,40.9926,77.2951,19.2014,19.2562,6377
2016-10-30 15:00:00,60.84,blend,0.5174,58.072,0.0,50.2442,50.2442,40.1403,77.295,19.2415,19.1885,6378
2016-10-30 16:00:00,62.06,blend,0.5174,57.5685,0.0,44.1618,44.1618,39.167,77.2951,19.2918,19.1112,6379
2016-10-30 17:00:00,60.27,blend,0.5174,57.0359,0.0,36.2091,36.2091,38.1376,77.2952,19.3292,19.0477,6380
2016-10-30 18:00:00,60.82,blend,0.5174,56.5493,0.0,37.1513,37.1513,37.1969,77.2953,19.3581,18.9927,6381
2016-10-30 19:00:00,61.89,blend,0.5174,56.0486,0.0,35.4265,35.4265,36.229,77.2954,19.3749,18.9509,6382
2016-10-30 20:00:00,75.96,blend,0.5174,55.7504,0.0,32.0233,32.0233,35.6526,77.2955,19.4846,18.8165,6383
2016-10-30 21:00:00,67.74,blend,0.4894,56.744,0.0,49.8668,49.8668,35.3,77.2956,19.5447,18.7312,6384
2016-10-30 22:00:00,72.43,blend,0.4894,56.7069,0.0,92.2241,92.2241,35.2241,77.2956,19.6307,18.6185,6385
2016-10-30 23:00:00,83.14,blend,0.4894,56.679,0.0,80.7579,80.7579,35.167,77.2956,19.7805,18.5105,6386
2016-10-31 00:00:00,89.92,blend,0.4894,56.7287,0.0,101.2261,101.2261,35.2686,77.2956,19.9667,18.4449,6387
2016-10-31 01:00:00,85.02,blend,0.4894,57.2403,0.0,70.7946,70.7946,36.3137,77.2959,20.1209,18.3487,6388
2016-10-31 02:00:00,84.4,blend,0.4894,58.2121,0.0,90.3632,90.3632,38.2995,77.296,20.2634,18.2492,6389
2016-10-31 03:00:00,68.36,blend,0.4894,59.516,0.0,79.4475,79.4475,40.9638,77.296,20.3014,18.1601,6390
2016-10-31 04:00:00,68.89,blend,0.4894,61.1388,0.0,52.2699,52.2699,44.2799,77.2961,20.3116,18.0879,6391
2016-10-31 05:00:00,68.77,blend,0.4894,62.8121,0.0,36.3037,36.3037,47.6991,77.296,20.3015,18.0269,6392
2016-10-31 06:00:00,84.24,blend,0.4894,64.4826,0.0,47.3093,47.3093,51.1128,77.2959,20.2716,18.0629,6393
2016-10-31 07:00:00,91.61,blend,0.4894,66.0768,0.0,79.5334,79.5334,54.3705,77.2959,20.2022,18.0685,6394
2016-10-31 08:00:00,103.1,blend,0.4894,67.5027,0.0,68.7808,68.7808,57.2843,77.2958,20.1747,18.1037,6395
2016-10-31 09:00:00,123.83,blend,0.4894,68.4983,0.0,69.6479,69.6479,59.3188,77.2958,20.3028,18.2749,6396
2016-10-31 10:00:00,130.61,blend,0.4894,69.114,0.0,71.6515,71.6515,60.5771,77.2956,20.4577,18.4567,6397
2016-10-31 11:00:00,130.22,blend,0.4894,69.4498,0.0,80.621,80.621,61.2633,77.2956,20.6547,18.6708,6398
2016-10-31 12:00:00,125.49,blend,0.4894,69.602,0.0,89.6466,89.6466,61.5744,77.2955,20.859,18.8863,6399
2016-10-31 13:00:00,119.44,blend,0.4894,69.6692,0.0,74.1634,74.1634,61.7116,77.2956,21.0592,19.0952,6400
2016-10-31 14:00:00,103.86,blend,0.4894,69.699,0.0,51.8385,51.8385,61.7724,77.2957,21.1569,19.2008,6401
2016-10-31 15:00:00,114.2,blend,0.4894,69.714,0.0,72.4489,72.4489,61.803,77.2957,21.3465,19.3989,6402
2016-10-31 16:00:00,101.83,blend,0.4894,69.714,0.0,90.4715,90.4715,61.8031,77.2958,21.4958,19.5322,6403
2016-10-31 17:00:00,96.18,blend,0.4894,69.7143,0.0,71.2928,71.2928,61.8035,77.2959,21.636,19.6054,6404
2016-10-31 18:00:00,79.34,blend,0.4894,69.7075,0.0,78.5566,78.5566,61.7895,77.2959,21.7116,19.5398,6405
2016-10-31 19:00:00,79.63,blend,0.4894,69.6978,0.0,70.0119,70.0119,61.7696,77.296,21.8084,19.4528,6406
2016-10-31 20:00:00,73.95,blend,0.4894,69.6859,0.0,69.5363,69.5363,61.745,77.2962,21.8208,19.2988,6407
2016-10-31 21:00:00,69.91,blend,0.4894,69.6823,0.0,48.0535,48.0535,61.7376,77.2963,21.8055,19.161,6408
2016-10-31 22:00:00,68.3,blend,0.4894,69.6807,0.0,89.8328,89.8328,61.7343,77.2964,21.785,19.0311,6409
2016-10-31 23:00:00,71.24,blend,0.4894,69.6839,0.0,71.5111,71.5111,61.7408,77.2964,21.7861,18.8819,6410
2016-11-01 00:00:00,68.61,blend,0.4894,69.6912,0.0,66.0761,66.0761,61.7558,77.2964,21.78,18.7527,6411
2016-11-01 01:00:00,70.01,blend,0.4894,69.71,0.0,101.2836,101.2836,61.7939,77.2966,21.7769,18.6089,6412
2016-11-01 02:00:00,69.47,blend,0.4894,69.7251,0.0,80.6702,80.6702,61.8249,77.2966,21.7675,18.4666,6413
2016-11-01 03:00:00,69.0,blend,0.4894,69.7396,0.0,77.8021,77.8021,61.8545,77.2966,21.7517,18.3268,6414
2016-11-01 04:00:00,71.02,blend,0.4894,69.7516,0.0,71.0315,71.0315,61.879,77.2966,21.7549,18.1871,6415
2016-11-01 05:00:00,72.23,blend,0.4894,69.7642,0.0,80.6178,80.6178,61.9048,77.2965,21.7926,18.074,6416
2016-11-01 06:00:00,84.99,blend,0.4894,69.7748,0.0,79.6265,79.6265,61.9264,77.2965,21.8815,18.0552,6417
2016-11-01 07:00:00,99.98,blend,0.4894,69.784,0.0,80.7774,80.7774,61.9452,77.2965,22.0166,18.175,6418
2016-11-01 08:00:00,111.56,blend,0.4894,69.7919,0.0,76.0974,76.0974,61.9614,77.2964,22.1287,18.2968,6419
2016-11-01 09:00:00,113.95,blend,0.4894,69.7989,0.0,80.3423,80.3423,61.9759,77.2962,22.2326,18.4069,6420
2016-11-01 10:00:00,114.38,blend,0.4894,69.802,0.0,46.9541,46.9541,61.9824,77.2962,22.3097,18.4879,6421
2016-11-01 11:00:00,108.94,blend,0.4894,69.8027,0.0,99.5784,99.5784,61.984,77.2961,22.3548,18.5357,6422
2016-11-01 12:00:00,108.76,blend,0.4894,69.8013,0.0,79.4553,79.4553,61.981,77.2961,22.4211,18.604,6423
2016-11-01 13:00:00,102.09,blend,0.4894,69.7978,0.0,36.9532,36.9532,61.9738,77.2962,22.4471,18.6317,6424
2016-11-01 14:00:00,106.36,blend,0.4894,69.7934,0.0,79.5523,79.5523,61.9648,77.2962,22.5089,18.6949,6425
2016-11-01 15:00:00,102.33,blend,0.4894,69.788,0.0,101.3877,101.3877,61.9538,77.2962,22.6414,18.8289,6426
2016-11-01 16:00:00,92.69,blend,0.4894,69.7826,0.0,80.3946,80.3946,61.9428,77.2963,22.758,18.894,6427
2016-11-01 17:00:00,87.94,blend,0.4894,69.7753,0.0,79.5985,79.5985,61.9277,77.2963,22.8646,18.9122,6428
2016-11-01 18:00:00,82.81,blend,0.4894,69.7658,0.0,110.3899,110.3899,61.9082,77.2964,22.9306,18.9095,6429
2016-11-01 19:00:00,77.9,blend,0.4894,69.7543,0.0,71.246,71.246,61.8846,77.2965,22.988,18.8561,6430
2016-11-01 20:00:00,73.81,blend,0.4894,69.743,0.0,60.6989,60.6989,61.8614,77.2966,23.0475,18.7932,6431
2016-11-01 21:00:00,69.59,blend,0.4894,69.7345,0.0,91.6421,91.6421,61.844,77.2966,23.087,18.7496,6432
2016-11-01 22:00:00,67.32,blend,0.4894,69.7261,0.0,68.7437,68.7437,61.8269,77.2965,23.1062,18.726,6433
2016-11-01 23:00:00,69.03,blend,0.4894,69.7198,0.0,91.5376,91.5376,61.8141,77.2965,23.1446,18.6736,6434
2016-11-02 00:00:00,69.3,blend,0.4894,69.7168,0.0,50.7114,50.7114,61.808,77.2965,23.1813,18.632,6435
2016-11-02 01:00:00,70.55,blend,0.4894,69.7168,0.0,92.3479,92.3479,61.8079,77.2966,23.2333,18.5752,6436
2016-11-02 02:00:00,71.63,blend,0.4894,69.721,0.0,101.3882,101.3882,61.8164,77.2966,23.2884,18.5153,6437
2016-11-02 03:00:00,68.97,blend,0.4894,69.7289,0.0,48.0339,48.0339,61.8326,77.2966,23.3297,18.4695,6438
2016-11-02 04:00:00,74.72,blend,0.4894,69.7372,0.0,89.5815,89.5815,61.8495,77.2966,23.3897,18.4056,6439
2016-11-02 05:00:00,70.74,blend,0.4894,69.7467,0.0,79.4557,79.4557,61.8691,77.2964,23.3871,18.405,6440
2016-11-02 06:00:00,86.71,blend,0.4894,69.7557,0.0,79.5875,79.5875,61.8874,77.2965,23.4,18.4203,6441
2016-11-02 07:00:00,98.65,blend,0.4894,69.7634,0.0,82.2702,82.2702,61.9034,77.2964,23.4498,18.4719,6442
2016-11-02 08:00:00,104.69,blend,0.4894,69.772,0.0,68.9706,68.9706,61.9211,77.2963,23.4372,18.4605,6443
2016-11-02 09:00:00,124.36,blend,0.4894,69.7791,0.0,92.2808,92.2808,61.9357,77.296,23.501,18.525,6444
2016-11-02 10:00:00,130.97,blend,0.4894,69.7807,0.0,79.3987,79.3987,61.9393,77.2958,23.511,18.5356,6445
2016-11-02 11:00:00,134.68,blend,0.4894,69.7824,0.0,92.2803,92.2803,61.9431,77.2955,23.5595,18.5844,6446
2016-11-02 12:00:00,130.52,blend,0.4894,69.7805,0.0,101.2822,101.2822,61.9392,77.2955,23.6249,18.6499,6447
2016-11-02 13:00:00,134.8,blend,0.4894,69.7768,0.0,88.5534,88.5534,61.9316,77.2954,23.753,18.778,6448
2016-11-02 14:00:00,132.88,blend,0.4894,69.7701,0.0,59.4101,59.4101,61.918,77.2955,23.856,18.881,6449
2016-11-02 15:00:00,125.65,blend,0.4894,69.7632,0.0,68.9513,68.9513,61.9039,77.2955,23.9684,18.9932,6450
2016-11-02 16:00:00,112.81,blend,0.4894,69.7522,0.0,51.5458,51.5458,61.8814,77.2955,24.0307,19.0553,6451
2016-11-02 17:00:00,102.23,blend,0.4894,69.7374,0.0,77.8123,77.8123,61.8511,77.2956,24.0586,19.0828,6452
2016-11-02 18:00:00,84.86,blend,0.4894,69.7155,0.0,92.2805,92.2805,61.806,77.2957,24.0426,19.0664,6453
2016-11-02 19:00:00,87.12,blend,0.4894,69.6845,0.0,63.4572,63.4572,61.7424,77.296,24.1009,19.124,6454
2016-11-02 20:00:00,66.48,blend,0.4894,69.6454,0.0,81.5559,81.5559,61.6623,77.2962,24.0897,19.1363,6455
2016-11-02 21:00:00,62.49,blend,0.4894,69.6145,0.0,87.9038,87.9038,61.5991,77.2963,24.076,19.1513,6456
2016-11-02 22:00:00,62.44,blend,0.4894,69.5631,0.0,80.5501,80.5501,61.4941,77.2963,24.0471,19.182,6457
2016-11-02 23:00:00,61.95,blend,0.4894,69.5141,0.0,98.7149,98.7149,61.3939,77.2962,24.0204,19.2111,6458
2016-11-03 00:00:00,62.55,blend,0.4894,69.4796,0.0,71.6632,71.6632,61.3235,77.2962,23.9927,19.2415,6459
2016-11-03 01:00:00,60.47,blend,0.4894,69.4489,0.0,83.4313,83.4313,61.2608,77.2962,23.9716,19.2751,6460
2016-11-03 02:00:00,60.65,blend,0.4894,69.4398,0.0,73.6853,73.6853,61.2422,77.2962,23.9419,19.3152,6461
2016-11-03 03:00:00,60.59,blend,0.4894,69.4508,0.0,80.3996,80.3996,61.2648,77.2962,23.9232,19.3451,6462
2016-11-03 04:00:00,63.24,blend,0.4894,69.4774,0.0,81.2669,81.2669,61.319,77.2962,23.8974,19.3741,6463
2016-11-03 05:00:00,65.89,blend,0.4894,69.5203,0.0,80.5604,80.5604,61.4068,77.2961,23.8867,19.3875,6464
2016-11-03 06:00:00,77.75,blend,0.4894,69.5625,0.0,71.6247,71.6247,61.493,77.2961,23.8397,19.3382,6465
2016-11-03 07:00:00,92.65,blend,0.4894,69.6083,0.0,50.043,50.043,61.5868,77.296,23.825,19.3216,6466
2016-11-03 08:00:00,104.3,blend,0.4894,69.6507,0.0,68.8628,68.8628,61.6736,77.2958,23.8267,19.3219,6467
2016-11-03 09:00:00,110.5,blend,0.4894,69.6842,0.0,90.5571,90.5571,61.7423,77.2955,23.8317,19.3257,6468
2016-11-03 10:00:00,108.31,blend,0.4894,69.7032,0.0,80.8109,80.8109,61.7815,77.2952,23.8281,19.3211,6469
2016-11-03 11:00:00,127.88,blend,0.4894,69.711,0.0,73.5797,73.5797,61.7976,77.295,23.9358,19.4279,6470
2016-11-03 12:00:00,119.22,blend,0.4894,69.7098,0.0,77.8813,77.8813,61.7952,77.295,23.9861,19.4774,6471
2016-11-03 13:00:00,102.89,blend,0.4894,69.7093,0.0,99.3638,99.3638,61.7943,77.2949,23.9025,19.393,6472
2016-11-03 14:00:00,113.63,blend,0.4894,69.6936,0.0,60.6976,60.6976,61.7621,77.295,23.8854,19.375,6473
2016-11-03 15:00:00,98.76,blend,0.4894,69.6653,0.0,64.4356,64.4356,61.7042,77.2951,23.8047,19.2932,6474
2016-11-03 16:00:00,98.01,blend,0.4894,69.6326,0.0,78.5557,78.5557,61.6374,77.2951,23.7873,19.2744,6475
2016-11-03 17:00:00,90.8,blend,0.4894,69.5739,0.0,90.4709,90.4709,61.5171,77.2953,23.7541,19.2393,6476
2016-11-03 18:00:00,86.5,blend,0.4894,69.497,0.0,98.714,98.714,61.3598,77.2955,23.6941,19.1768,6477
2016-11-03 19:00:00,74.79,blend,0.4894,69.3919,0.0,72.4951,72.4951,61.1449,77.2958,23.5764,19.0855,6478
2016-11-03 20:00:00,66.88,blend,0.4894,69.2978,0.0,101.3688,101.3688,60.9523,77.296,23.5081,19.137,6479
2016-11-03 21:00:00,62.86,blend,0.4894,69.1706,0.0,72.4778,72.4778,60.6923,77.2961,23.5192,19.1276,6480
2016-11-03 22:00:00,62.97,blend,0.4894,69.0261,0.0,91.5372,91.5372,60.3969,77.2962,23.5343,19.1186,6481
2016-11-03 23:00:00,61.62,blend,0.4894,68.9038,0.0,71.3741,71.3741,60.1469,77.2963,23.5425,19.1176,6482
2016-11-04 00:00:00,62.33,blend,0.4894,68.8349,0.0,91.2058,91.2058,60.006,77.2963,23.5528,19.1147,6483
2016-11-04 01:00:00,61.33,blend,0.4894,68.7833,0.0,91.4809,91.4809,59.9008,77.2962,23.5529,19.105,6484
2016-11-04 02:00:00,61.37,blend,0.4894,68.8048,0.0,110.3897,110.3897,59.9446,77.2962,23.5596,19.1011,6485
2016-11-04 03:00:00,61.69,blend,0.4894,68.8926,0.0,68.862,68.862,60.1241,77.2962,23.5493,19.0773,6486
2016-11-04 04:00:00,63.78,blend,0.4894,69.0318,0.0,81.0961,81.0961,60.4085,77.2963,23.5669,19.0634,6487
2016-11-04 05:00:00,64.41,blend,0.4894,69.1942,0.0,67.8666,67.8666,60.7404,77.2962,23.5797,19.0528,6488
2016-11-04 06:00:00,66.66,blend,0.4894,69.3381,0.0,48.0058,48.0058,61.0345,77.2962,23.5067,19.1054,6489
2016-11-04 07:00:00,70.43,blend,0.4894,69.457,0.0,72.5802,72.5802,61.2775,77.2961,23.4032,19.0833,6490
2016-11-04 08:00:00,81.76,blend,0.4894,69.5429,0.0,98.5828,98.5828,61.4531,77.296,23.2978,18.9777,6491
2016-11-04 09:00:00,85.95,blend,0.4894,69.597,0.0,79.9478,79.9478,61.564,77.2956,23.18,18.8596,6492
2016-11-04 10:00:00,86.36,blend,0.4894,69.6361,0.0,69.6526,69.6526,61.644,77.2955,23.1028,18.7821,6493
2016-11-04 11:00:00,86.87,blend,0.4894,69.663,0.0,49.7676,49.7676,61.6991,77.2955,23.0413,18.7203,6494
2016-11-04 12:00:00,87.07,blend,0.4894,69.675,0.0,92.2617,92.2617,61.7235,77.2955,22.9907,18.6695,6495
2016-11-04 13:00:00,86.56,blend,0.4894,69.6752,0.0,67.7801,67.7801,61.724,77.2956,22.9495,18.628,6496
2016-11-04 14:00:00,84.5,blend,0.4894,69.6687,0.0,79.8108,79.8108,61.7105,77.2956,22.9314,18.6097,6497
2016-11-04 15:00:00,82.74,blend,0.4894,69.6523,0.0,70.8989,70.8989,61.6771,77.2957,22.9473,18.6253,6498
2016-11-04 16:00:00,79.89,blend,0.4894,69.6272,0.0,82.3456,82.3456,61.6256,77.2958,22.9693,18.6344,6499
2016-11-04 17:00:00,67.84,blend,0.4894,69.5943,0.0,101.3689,101.3689,61.5582,77.296,22.9269,18.6772,6500
2016-11-04 18:00:00,64.64,blend,0.4894,69.5532,0.0,76.7477,76.7477,61.474,77.2962,22.8979,18.7065,6501
2016-11-04 19:00:00,60.88,blend,0.4894,69.4891,0.0,68.952,68.952,61.3428,77.2963,22.8594,18.751,6502
2016-11-04 20:00:00,62.4,blend,0.4894,69.4204,0.0,68.7762,68.7762,61.2023,77.2964,22.8609,18.7504,6503
2016-11-04 21:00:00,58.4,blend,0.4894,69.3536,0.0,50.6219,50.6219,61.0657,77.2965,22.8704,18.7611,6504
2016-11-04 22:00:00,59.54,blend,0.4894,69.2873,0.0,90.5584,90.5584,60.9302,77.2965,22.8644,18.7565,6505
2016-11-04 23:00:00,58.28,blend,0.4894,69.2245,0.0,58.8451,58.8451,60.8019,77.2965,22.8595,18.7533,6506
2016-11-05 00:00:00,57.68,blend,0.4894,69.1775,0.0,87.9041,87.9041,60.7059,77.2965,22.865,18.7607,6507
2016-11-05 01:00:00,56.96,blend,0.4894,69.0324,0.0,100.3686,100.3686,60.4096,77.2962,22.8671,18.7653,6508
2016-11-05 02:00:00,56.33,blend,0.4894,68.8594,0.0,90.2027,90.2027,60.0563,77.2962,22.8701,18.7716,6509
2016-11-05 03:00:00,56.65,blend,0.4894,68.6838,0.0,52.7432,52.7432,59.6973,77.2962,22.8696,18.7753,6510
2016-11-05 04:00:00,56.3,blend,0.4894,68.5206,0.0,78.4523,78.4523,59.3639,77.2962,22.8744,18.7849,6511
2016-11-05 05:00:00,57.37,blend,0.4894,68.4042,0.0,68.1603,68.1603,59.1261,77.2962,22.8803,18.7959,6512
2016-11-05 06:00:00,57.54,blend,0.4894,68.3468,0.0,57.2446,57.2446,59.0087,77.2962,22.8789,18.7993,6513
2016-11-05 07:00:00,54.37,blend,0.4894,68.3352,0.0,79.399,79.399,58.9852,77.2961,22.8791,18.8037,6514
2016-11-05 08:00:00,51.21,blend,0.4894,68.3443,0.0,89.42,89.42,59.004,77.296,22.8811,18.809,6515
2016-11-05 09:00:00,49.68,blend,0.4894,68.2478,0.0,60.7178,60.7178,58.8072,77.2956,22.8934,18.8234,6516
2016-11-05 10:00:00,51.2,blend,0.4894,68.0218,0.0,89.5511,89.5511,58.3454,77.2954,22.9001,18.8309,6517
2016-11-05 11:00:00,50.81,blend,0.4894,67.6963,0.0,48.6784,48.6784,57.6803,77.2954,22.9189,18.8487,6518
2016-11-05 12:00:00,51.83,blend,0.4894,67.2499,0.0,70.0112,70.0112,56.7684,77.2952,22.9331,18.8599,6519
2016-11-05 13:00:00,51.36,blend,0.4894,66.6328,0.0,78.5831,78.5831,55.5074,77.2952,22.9482,18.8704,6520
2016-11-05 14:00:00,51.22,blend,0.4894,65.8474,0.0,89.6933,89.6933,53.9022,77.2953,22.9588,18.8851,6521
2016-11-05 15:00:00,51.28,blend,0.4894,64.8223,0.0,76.7468,76.7468,51.8076,77.2953,22.9341,18.9079,6522
2016-11-05 16:00:00,51.16,blend,0.4894,63.6018,0.0,90.4148,90.4148,49.3135,77.2954,22.9042,18.9291,6523
2016-11-05 17:00:00,50.55,blend,0.4894,62.2291,0.0,78.7965,78.7965,46.5084,77.2955,22.8766,18.9497,6524
2016-11-05 18:00:00,55.79,blend,0.4894,60.859,0.0,99.3648,99.3648,43.7085,77.2957,22.8675,18.9547,6525
2016-11-05 19:00:00,56.86,blend,0.4894,59.5951,0.0,91.7075,91.7075,41.1258,77.2958,22.856,18.9644,6526
2016-11-05 20:00:00,56.84,blend,0.4894,58.6652,0.0,47.3942,47.3942,39.2254,77.296,22.848,18.9728,6527
2016-11-05 21:00:00,56.38,blend,0.4894,57.8923,0.0,59.6522,59.6522,37.6458,77.2961,22.8397,18.9827,6528
2016-11-05 22:00:00,56.56,blend,0.4894,57.2555,0.0,29.784,29.784,36.3446,77.2962,22.8361,18.9883,6529
2016-11-05 23:00:00,56.21,blend,0.4894,56.7249,0.0,98.7148,98.7148,35.2604,77.2961,22.8241,19.0034,6530
2016-11-06 00:00:00,56.6,blend,0.4894,56.3567,0.0,91.4809,91.4809,34.5079,77.2962,22.8215,19.0096,6531
2016-11-06 01:00:00,56.99,blend,0.4894,55.3185,0.0,61.749,61.749,32.4315,77.2529,22.8318,19.0137,6532
2016-11-06 02:00:00,55.79,blend,0.4894,54.7463,0.0,59.8276,59.8276,31.2286,77.2852,22.845,19.0231,6533
2016-11-06 03:00:00,55.87,blend,0.4894,54.3754,0.0,99.5745,99.5745,30.4624,77.2931,22.8653,19.0319,6534
2016-11-06 04:00:00,56.17,blend,0.4894,54.244,0.0,58.9224,58.9224,30.1917,77.2952,22.8694,19.0621,6535
2016-11-06 05:00:00,56.82,blend,0.4894,54.3803,0.0,91.5367,91.5367,30.4697,77.2958,22.8899,19.0795,6536
2016-11-06 06:00:00,57.35,blend,0.4894,54.6453,0.0,80.4557,80.4557,31.0111,77.2959,22.9216,19.0889,6537
2016-11-06 07:00:00,54.76,blend,0.4894,54.9959,0.0,71.4432,71.4432,31.7276,77.2959,22.9613,19.094,6538
2016-11-06 08:00:00,50.03,blend,0.4894,55.6035,0.0,71.7052,71.7052,32.969,77.296,22.997,19.1043,6539
2016-11-06 09:00:00,50.77,blend,0.4894,56.4252,0.0,92.3666,92.3666,34.6484,77.2958,23.0336,19.1094,6540
2016-11-06 10:00:00,50.89,blend,0.4894,57.2088,0.0,100.3679,100.3679,36.2495,77.2957,23.0532,19.1245,6541
2016-11-06 11:00:00,50.43,blend,0.4894,57.8894,0.0,69.2215,69.2215,37.6404,77.2957,23.0557,19.149,6542
2016-11-06 12:00:00,50.68,blend,0.4894,58.4987,0.0,79.8617,79.8617,38.8856,77.2956,23.0444,19.1789,6543
2016-11-06 13:00:00,50.05,blend,0.4894,58.8857,0.0,71.4919,71.4919,39.6764,77.2956,23.0183,19.2166,6544
2016-11-06 14:00:00,50.55,blend,0.4894,59.0059,0.0,90.4292,90.4292,39.9217,77.2957,22.9863,19.255,6545
2016-11-06 15:00:00,50.71,blend,0.4894,58.9386,0.0,61.6305,61.6305,39.7842,77.2957,22.9281,19.3153,6546
2016-11-06 16:00:00,50.0,blend,0.4894,58.7109,0.0,87.7715,87.7715,39.319,77.2958,22.8554,19.3871,6547
2016-11-06 17:00:00,56.61,blend,0.4894,58.353,0.0,82.3739,82.3739,38.5876,77.2958,22.8309,19.4088,6548
2016-11-06 18:00:00,68.05,blend,0.4894,57.9383,0.0,81.6405,81.6405,37.7401,77.296,22.8707,19.3658,6549
2016-11-06 19:00:00,65.28,blend,0.4894,57.5799,0.0,87.7717,87.7717,37.0076,77.296,22.8863,19.3456,6550
2016-11-06 20:00:00,66.1,blend,0.4894,57.5568,0.0,69.6448,69.6448,36.9602,77.2962,22.8198,19.4043,6551
2016-11-06 21:00:00,64.01,blend,0.4602,58.7683,0.0,61.5083,61.5083,37.0351,77.2962,22.7873,19.4265,6552
2016-11-06 22:00:00,62.07,blend,0.4602,58.7816,0.0,89.5625,89.5625,37.0641,77.2962,22.7147,19.4882,6553
2016-11-06 23:00:00,62.84,blend,0.4602,58.8253,0.0,48.1766,48.1766,37.159,77.2962,22.582,19.5395,6554
2016-11-07 00:00:00,62.6,blend,0.4602,58.8392,0.0,52.3083,52.3083,37.1894,77.2961,22.4079,19.5518,6555
2016-11-07 01:00:00,62.39,blend,0.4602,59.4667,0.0,98.715,98.715,38.5525,77.2963,22.2599,19.5946,6556
2016-11-07 02:00:00,61.59,blend,0.4602,60.1265,0.0,101.3878,101.3878,39.9863,77.2963,22.1141,19.6458,6557
2016-11-07 03:00:00,61.68,blend,0.4602,61.0848,0.0,68.7065,68.7065,42.0687,77.2963,22.0677,19.6855,6558
2016-11-07 04:00:00,63.66,blend,0.4602,62.3569,0.0,80.324,80.324,44.833,77.2964,22.0333,19.7167,6559
2016-11-07 05:00:00,65.56,blend,0.4602,63.9108,0.0,62.3721,62.3721,48.2095,77.2964,22.0112,19.7358,6560
2016-11-07 06:00:00,67.28,blend,0.4602,65.6402,0.0,79.5986,79.5986,51.9676,77.2964,21.9051,19.7541,6561
2016-11-07 07:00:00,80.74,blend,0.4602,67.2483,0.0,89.4767,89.4767,55.4619,77.2964,21.8339,19.6893,6562
2016-11-07 08:00:00,88.8,blend,0.4602,68.4932,0.0,59.1347,59.1347,58.1671,77.2963,21.7436,19.6042,6563
2016-11-07 09:00:00,106.43,blend,0.4602,69.289,0.0,49.8214,49.8214,59.8968,77.2961,21.6365,19.5007,6564
2016-11-07 10:00:00,127.49,blend,0.4602,69.7421,0.0,63.5595,63.5595,60.8816,77.2959,21.6162,19.4821,6565
2016-11-07 11:00:00,126.58,blend,0.4602,69.9892,0.0,86.9077,86.9077,61.4186,77.2957,21.5936,19.4604,6566
2016-11-07 12:00:00,126.09,blend,0.4602,70.1088,0.0,89.6188,89.6188,61.6787,77.2956,21.5965,19.464,6567
2016-11-07 13:00:00,121.63,blend,0.4602,70.1602,0.0,82.6205,82.6205,61.7904,77.2956,21.6091,19.477,6568
2016-11-07 14:00:00,117.52,blend,0.4602,70.1831,0.0,79.5408,79.5408,61.8401,77.2956,21.69,19.5583,6569
2016-11-07 15:00:00,121.71,blend,0.4602,70.1916,0.0,59.6988,59.6988,61.8585,77.2957,21.7344,19.603,6570
2016-11-07 16:00:00,112.48,blend,0.4602,70.1943,0.0,82.4783,82.4783,61.8645,77.2956,21.7974,19.6664,6571
2016-11-07 17:00:00,102.68,blend,0.4602,70.1961,0.0,71.3113,71.3113,61.8682,77.2958,21.8357,19.7051,6572
2016-11-07 18:00:00,96.43,blend,0.4602,70.1949,0.0,91.2617,91.2617,61.8655,77.2959,21.937,19.8068,6573
2016-11-07 19:00:00,80.83,blend,0.4602,70.1898,0.0,83.0996,83.0996,61.8543,77.2961,21.9436,19.814,6574
2016-11-07 20:00:00,76.39,blend,0.4602,70.1829,0.0,90.4297,90.4297,61.839,77.2962,21.9576,19.7995,6575
2016-11-07 21:00:00,71.57,blend,0.4602,70.1742,0.0,81.4598,81.4598,61.8201,77.2962,21.967,19.7896,6576
2016-11-07 22:00:00,68.07,blend,0.4602,70.1672,0.0,100.6438,100.6438,61.8048,77.2963,21.9652,19.7909,6577
2016-11-07 23:00:00,69.75,blend,0.4602,70.1629,0.0,70.6627,70.6627,61.7955,77.2963,21.956,19.7998,6578
2016-11-08 00:00:00,70.9,blend,0.4602,70.163,0.0,91.3666,91.3666,61.7958,77.2963,21.9694,19.7862,6579
2016-11-08 01:00:00,68.55,blend,0.4602,70.1708,0.0,87.5591,87.5591,61.8124,77.2964,21.9606,19.7949,6580
2016-11-08 02:00:00,70.14,blend,0.4602,70.1818,0.0,76.7479,76.7479,61.8364,77.2964,21.9645,19.7909,6581
2016-11-08 03:00:00,69.52,blend,0.4602,70.1926,0.0,59.6755,59.6755,61.8597,77.2964,21.9676,19.7878,6582
2016-11-08 04:00:00,68.15,blend,0.4602,70.2043,0.0,48.8921,48.8921,61.8852,77.2964,21.9504,19.8049,6583
2016-11-08 05:00:00,69.66,blend,0.4602,70.2151,0.0,92.2251,92.2251,61.9087,77.2964,21.9351,19.8202,6584
2016-11-08 06:00:00,70.18,blend,0.4602,70.224,0.0,77.1625,77.1625,61.928,77.2964,21.8469,19.8167,6585
2016-11-08 07:00:00,77.85,blend,0.4602,70.2317,0.0,29.0727,29.0727,61.9449,77.2964,21.7152,19.685,6586
2016-11-08 08:00:00,89.08,blend,0.4602,70.2374,0.0,59.9838,59.9838,61.9574,77.2964,21.5814,19.5512,6587
2016-11-08 09:00:00,109.08,blend,0.4602,70.2425,0.0,69.6633,69.6633,61.9686,77.2962,21.5525,19.5222,6588
2016-11-08 10:00:00,116.69,blend,0.4602,70.2453,0.0,59.6236,59.6236,61.9747,77.2961,21.5663,19.536,6589
2016-11-08 11:00:00,121.5,blend,0.4602,70.2475,0.0,49.9571,49.9571,61.9795,77.296,21.6411,19.6107,6590
2016-11-08 12:00:00,121.45,blend,0.4602,70.2472,0.0,100.3683,100.3683,61.9789,77.296,21.7166,19.6863,6591
2016-11-08 13:00:00,123.83,blend,0.4602,70.2453,0.0,82.0991,82.0991,61.9748,77.2961,21.846,19.8157,6592
2016-11-08 14:00:00,119.69,blend,0.4602,70.2421,0.0,90.6428,90.6428,61.9676,77.2962,21.9254,19.895,6593
2016-11-08 15:00:00,126.56,blend,0.4602,70.2384,0.0,80.5368,80.5368,61.9598,77.2962,22.0695,20.0392,6594
2016-11-08 16:00:00,113.22,blend,0.4602,70.234,0.0,99.3654,99.3654,61.9502,77.2962,22.1917,20.1614,6595
2016-11-08 17:00:00,104.6,blend,0.4602,70.2289,0.0,81.6222,81.6222,61.939,77.2962,22.2908,20.2606,6596
2016-11-08 18:00:00,99.6,blend,0.4602,70.2222,0.0,100.3686,100.3686,61.9243,77.2963,22.3906,20.3605,6597
2016-11-08 19:00:00,88.93,blend,0.4602,70.2139,0.0,89.6084,89.6084,61.9064,77.2963,22.4562,20.4262,6598
2016-11-08 20:00:00,87.54,blend,0.4602,70.2033,0.0,71.6679,71.6679,61.8831,77.2964,22.5378,20.4664,6599
2016-11-08 21:00:00,85.11,blend,0.4602,70.1938,0.0,77.751,77.751,61.8624,77.2964,22.63,20.4671,6600
2016-11-08 22:00:00,76.28,blend,0.4602,70.1858,0.0,70.9465,70.9465,61.8451,77.2964,22.6833,20.4137,6601
2016-11-08 23:00:00,68.86,blend,0.4602,70.1799,0.0,89.7131,89.7131,61.8323,77.2964,22.6821,20.4147,6602
2016-11-09 00:00:00,65.63,blend,0.4602,70.175,0.0,90.4722,90.4722,61.8215,77.2964,22.6602,20.4366,6603
2016-11-09 01:00:00,65.15,blend,0.4602,70.1692,0.0,70.6244,70.6244,61.8089,77.2964,22.6281,20.4687,6604
2016-11-09 02:00:00,65.14,blend,0.4602,70.1679,0.0,78.5571,78.5571,61.8062,77.2964,22.5895,20.5074,6605
2016-11-09 03:00:00,65.61,blend,0.4602,70.1718,0.0,69.4268,69.4268,61.8147,77.2964,22.5696,20.5274,6606
2016-11-09 04:00:00,64.8,blend,0.4602,70.1788,0.0,78.5843,78.5843,61.8298,77.2964,22.5107,20.5864,6607
2016-11-09 05:00:00,67.56,blend,0.4602,70.187,0.0,80.1817,80.1817,61.8477,77.2964,22.4919,20.6053,6608
2016-11-09 06:00:00,69.32,blend,0.4602,70.1962,0.0,98.5833,98.5833,61.8677,77.2964,22.3885,20.5968,6609
2016-11-09 07:00:00,81.76,blend,0.4602,70.2051,0.0,80.6453,80.6453,61.8874,77.2962,22.288,20.4962,6610
2016-11-09 08:00:00,89.27,blend,0.4602,70.212,0.0,80.4084,80.4084,61.9024,77.2961,22.1964,20.4045,6611
2016-11-09 09:00:00,107.38,blend,0.4602,70.2207,0.0,60.6002,60.6002,61.9217,77.2958,22.0954,20.3034,6612
2016-11-09 10:00:00,118.73,blend,0.4602,70.2253,0.0,73.524,73.524,61.9318,77.2956,22.0226,20.2305,6613
2016-11-09 11:00:00,128.05,blend,0.4602,70.2285,0.0,79.8161,79.8161,61.9386,77.2957,21.9831,20.1911,6614
2016-11-09 12:00:00,129.47,blend,0.4602,70.2299,0.0,80.621,80.621,61.9419,77.2956,21.9769,20.1848,6615
2016-11-09 13:00:00,125.96,blend,0.4602,70.2276,0.0,62.7693,62.7693,61.9367,77.2957,21.9242,20.1322,6616
2016-11-09 14:00:00,124.88,blend,0.4602,70.2228,0.0,78.6086,78.6086,61.9263,77.2957,21.8765,20.0846,6617
2016-11-09 15:00:00,125.96,blend,0.4602,70.2146,0.0,56.975,56.975,61.9083,77.2958,21.8784,20.0864,6618
2016-11-09 16:00:00,116.13,blend,0.4602,70.2053,0.0,83.431,83.431,61.8882,77.2959,21.8981,20.1062,6619
2016-11-09 17:00:00,108.08,blend,0.4602,70.1945,0.0,92.4517,92.4517,61.8645,77.296,21.9328,20.141,6620
2016-11-09 18:00:00,100.25,blend,0.4602,70.1814,0.0,89.5808,89.5808,61.8359,77.296,22.0243,20.2326,6621
2016-11-09 19:00:00,81.27,blend,0.4602,70.1649,0.0,80.6163,80.6163,61.7999,77.2962,21.9891,20.1978,6622
2016-11-09 20:00:00,78.14,blend,0.4602,70.1457,0.0,89.4204,89.4204,61.7579,77.2964,22.0579,20.1384,6623
2016-11-09 21:00:00,64.98,blend,0.4602,70.1216,0.0,91.2623,91.2623,61.7056,77.2964,22.0721,20.1236,6624
2016-11-09 22:00:00,62.26,blend,0.4602,70.1028,0.0,59.5816,59.5816,61.6646,77.2965,22.07,20.1247,6625
2016-11-09 23:00:00,63.0,blend,0.4602,70.0784,0.0,78.8364,78.8364,61.6117,77.2964,22.075,20.1184,6626
2016-11-10 00:00:00,62.54,blend,0.4602,70.0632,0.0,72.2888,72.2888,61.5787,77.2965,22.0734,20.1185,6627
2016-11-10 01:00:00,63.09,blend,0.4602,70.0568,0.0,92.2914,92.2914,61.5647,77.2965,22.0778,20.1029,6628
2016-11-10 02:00:00,62.07,blend,0.4602,70.0645,0.0,90.5583,90.5583,61.5813,77.2965,22.0772,20.0944,6629
2016-11-10 03:00:00,61.28,blend,0.4602,70.0836,0.0,100.3688,100.3688,61.6229,77.2964,22.0752,20.0903,6630
2016-11-10 04:00:00,60.7,blend,0.4602,70.1066,0.0,99.3657,99.3657,61.6729,77.2964,22.0695,20.1055,6631
2016-11-10 05:00:00,70.25,blend,0.4602,70.1315,0.0,70.8147,70.8147,61.7272,77.2964,22.0936,20.0795,6632
2016-11-10 06:00:00,68.15,blend,0.4602,70.1555,0.0,50.9725,50.9725,61.7792,77.2964,22.0347,20.1312,6633
2016-11-10 07:00:00,80.48,blend,0.4602,70.179,0.0,60.5616,60.5616,61.8304,77.2963,21.9608,20.0588,6634
2016-11-10 08:00:00,91.31,blend,0.4602,70.1969,0.0,71.5295,71.5295,61.8693,77.2963,21.8824,19.9815,6635
2016-11-10 09:00:00,103.27,blend,0.4602,70.2118,0.0,89.5518,89.5518,61.902,77.296,21.8384,19.9384,6636
2016-11-10 10:00:00,111.02,blend,0.4602,70.2214,0.0,92.433,92.433,61.9231,77.2959,21.8537,19.9546,6637
2016-11-10 11:00:00,112.59,blend,0.4602,70.2263,0.0,81.3946,81.3946,61.9339,77.2957,21.7618,19.8635,6638
2016-11-10 12:00:00,121.2,blend,0.4602,70.2289,0.0,101.2824,101.2824,61.9397,77.2956,21.7728,19.8753,6639
2016-11-10 13:00:00,120.64,blend,0.4602,70.2273,0.0,91.5366,91.5366,61.9361,77.2957,21.8776,19.981,6640
2016-11-10 14:00:00,116.57,blend,0.4602,70.2252,0.0,110.3891,110.3891,61.9315,77.2958,21.8941,19.9985,6641
2016-11-10 15:00:00,121.01,blend,0.4602,70.2229,0.0,90.3444,90.3444,61.9263,77.2958,22.0252,20.1309,6642
2016-11-10 16:00:00,112.84,blend,0.4602,70.2166,0.0,98.7144,98.7144,61.9127,77.2958,22.1118,20.2192,6643
2016-11-10 17:00:00,108.59,blend,0.4602,70.2097,0.0,92.2808,92.2808,61.8975,77.2959,22.2154,20.3251,6644
2016-11-10 18:00:00,98.48,blend,0.4602,70.2,0.0,99.5783,99.5783,61.8764,77.296,22.2837,20.3964,6645
2016-11-10 19:00:00,85.69,blend,0.4602,70.1889,0.0,60.1153,60.1153,61.8522,77.296,22.3444,20.4314,6646
2016-11-10 20:00:00,79.34,blend,0.4602,70.172,0.0,70.5103,70.5103,61.8153,77.2962,22.4134,20.3816,6647
2016-11-10 21:00:00,68.41,blend,0.4602,70.1537,0.0,79.9014,79.9014,61.7756,77.2962,22.44,20.3486,6648
2016-11-10 22:00:00,60.93,blend,0.4602,70.1343,0.0,62.1393,62.1393,61.7333,77.2963,22.4294,20.3607,6649
2016-11-10 23:00:00,60.03,blend,0.4602,70.1146,0.0,80.4456,80.4456,61.6904,77.2963,22.4305,20.3702,6650
2016-11-11 00:00:00,59.7,blend,0.4602,70.0958,0.0,83.4314,83.4314,61.6496,77.2963,22.4283,20.3858,6651
2016-11-11 01:00:00,57.45,blend,0.4602,70.0769,0.0,79.3991,79.3991,61.6087,77.2962,22.4446,20.4089,6652
2016-11-11 02:00:00,56.82,blend,0.4602,70.0656,0.0,72.2648,72.2648,61.5843,77.2962,22.4644,20.436,6653
2016-11-11 03:00:00,56.49,blend,0.4602,70.0656,0.0,60.7736,60.7736,61.5843,77.2961,22.4854,20.4669,6654
2016-11-11 04:00:00,56.63,blend,0.4602,70.0731,0.0,81.6221,81.6221,61.6004,77.2961,22.495,20.5095,6655
2016-11-11 05:00:00,57.91,blend,0.4602,70.0869,0.0,61.3491,61.3491,61.6306,77.2961,22.4953,20.5482,6656
2016-11-11 06:00:00,57.99,blend,0.4602,70.1046,0.0,69.7953,69.7953,61.6691,77.2961,22.4837,20.5998,6657
2016-11-11 07:00:00,57.94,blend,0.4602,70.1217,0.0,80.3995,80.3995,61.7062,77.296,22.4516,20.6741,6658
2016-11-11 08:00:00,54.92,blend,0.4602,70.1347,0.0,58.7144,58.7144,61.7345,77.2959,22.3713,20.7808,6659
2016-11-11 09:00:00,50.99,blend,0.4602,70.1398,0.0,73.3718,73.3718,61.7461,77.2956,22.2902,20.8858,6660
2016-11-11 10:00:00,50.68,blend,0.4602,70.1299,0.0,79.5976,79.5976,61.7246,77.2955,22.2088,20.9903,6661
2016-11-11 11:00:00,51.84,blend,0.4602,70.112,0.0,101.4529,101.4529,61.6859,77.2954,22.1176,21.0848,6662
2016-11-11 12:00:00,51.93,blend,0.4602,70.0916,0.0,90.5755,90.5755,61.6417,77.2953,22.0245,21.1776,6663
2016-11-11 13:00:00,52.74,blend,0.4602,70.0612,0.0,68.6493,68.6493,61.5756,77.2953,21.9293,21.2687,6664
2016-11-11 14:00:00,52.61,blend,0.4602,70.0257,0.0,89.3434,89.3434,61.4985,77.2954,21.8465,21.3727,6665
2016-11-11 15:00:00,52.93,blend,0.4602,69.981,0.0,89.7783,89.7783,61.4012,77.2955,21.7716,21.4853,6666
2016-11-11 16:00:00,54.28,blend,0.4602,69.9158,0.0,63.286,63.286,61.2595,77.2955,21.7044,21.6069,6667
2016-11-11 17:00:00,54.41,blend,0.4602,69.8282,0.0,82.4117,82.4117,61.0689,77.2957,21.7067,21.6868,6668
2016-11-11 18:00:00,55.81,blend,0.4602,69.7171,0.0,69.9454,69.9454,60.8272,77.2959,21.7177,21.7394,6669
2016-11-11 19:00:00,61.55,blend,0.4602,69.5659,0.0,71.4587,71.4587,60.4984,77.296,21.7212,21.7354,6670
2016-11-11 20:00:00,61.34,blend,0.4602,69.4335,0.0,90.472,90.472,60.2106,77.2963,21.7208,21.7417,6671
2016-11-11 21:00:00,66.3,blend,0.4602,69.3011,0.0,58.9233,58.9233,59.9227,77.2964,21.7429,21.6947,6672
2016-11-11 22:00:00,62.7,blend,0.4602,69.1806,0.0,81.0964,81.0964,59.6607,77.2965,21.7527,21.6759,6673
2016-11-11 23:00:00,63.69,blend,0.4602,69.052,0.0,80.4749,80.4749,59.3811,77.2965,21.7633,21.6437,6674
2016-11-12 00:00:00,67.4,blend,0.4602,68.9472,0.0,64.2477,64.2477,59.1535,77.2966,21.7944,21.5858,6675
2016-11-12 01:00:00,55.88,blend,0.4602,68.6883,0.0,91.6234,91.6234,58.591,77.2964,21.79,21.5922,6676
2016-11-12 02:00:00,54.88,blend,0.4602,68.4417,0.0,57.6957,57.6957,58.0551,77.2964,21.7867,21.6009,6677
2016-11-12 03:00:00,54.06,blend,0.4602,68.1307,0.0,90.3637,90.3637,57.3794,77.2964,21.7883,21.6163,6678
2016-11-12 04:00:00,54.16,blend,0.4602,67.8204,0.0,91.5374,91.5374,56.7051,77.2964,21.7852,21.629,6679
2016-11-12 05:00:00,55.29,blend,0.4602,67.597,0.0,92.1206,92.1206,56.2196,77.2964,21.7803,21.6414,6680
2016-11-12 06:00:00,55.98,blend,0.4602,67.4959,0.0,78.6656,78.6656,56.0,77.2964,21.7717,21.6507,6681
2016-11-12 07:00:00,55.77,blend,0.4602,67.5896,0.0,78.8162,78.8162,56.2037,77.2964,21.7468,21.6424,6682
2016-11-12 08:00:00,52.86,blend,0.4602,67.8911,0.0,61.7356,61.7356,56.8586,77.2964,21.7242,21.6325,6683
2016-11-12 09:00:00,48.96,blend,0.4602,68.175,0.0,78.8084,78.8084,57.4758,77.2962,21.7206,21.6368,6684
2016-11-12 10:00:00,48.43,blend,0.4602,68.3636,0.0,72.3211,72.3211,57.8858,77.2962,21.7343,21.6533,6685
2016-11-12 11:00:00,49.03,blend,0.4602,68.4546,0.0,69.3939,69.3939,58.0836,77.2961,21.7473,21.6639,6686
2016-11-12 12:00:00,51.46,blend,0.4602,68.4609,0.0,89.6941,89.6941,58.0973,77.296,21.7574,21.6661,6687
2016-11-12 13:00:00,52.73,blend,0.4602,68.3745,0.0,80.8303,80.8303,57.9097,77.296,21.7636,21.658,6688
2016-11-12 14:00:00,52.57,blend,0.4602,68.1797,0.0,91.6228,91.6228,57.4864,77.2959,21.7769,21.65,6689
2016-11-12 15:00:00,52.47,blend,0.4602,67.8454,0.0,48.5993,48.5993,56.76,77.2959,21.7993,21.6429,6690
2016-11-12 16:00:00,52.48,blend,0.4602,67.3158,0.0,72.3023,72.3023,55.6093,77.2958,21.8069,21.635,6691
2016-11-12 17:00:00,51.97,blend,0.4602,66.5856,0.0,101.3688,101.3688,54.0223,77.2959,21.7951,21.6266,6692
2016-11-12 18:00:00,51.6,blend,0.4602,65.6476,0.0,51.2668,51.2668,51.9841,77.296,21.7254,21.6515,6693
2016-11-12 19:00:00,54.86,blend,0.4602,64.5412,0.0,90.6224,90.6224,49.5798,77.296,21.6632,21.6634,6694
2016-11-12 20:00:00,56.82,blend,0.4602,63.4941,0.0,80.6063,80.6063,47.3042,77.2962,21.615,21.6635,6695
2016-11-12 21:00:00,56.31,blend,0.4602,62.485,0.0,101.2832,101.2832,45.1115,77.2962,21.5702,21.664,6696
2016-11-12 22:00:00,56.04,blend,0.4602,61.5912,0.0,90.6429,90.6429,43.1691,77.2963,21.5264,21.6671,6697
2016-11-12 23:00:00,55.81,blend,0.4602,60.8673,0.0,59.7841,59.7841,41.596,77.2964,21.4863,21.6694,6698
2016-11-13 00:00:00,55.95,blend,0.4602,60.2605,0.0,80.4184,80.4184,40.2775,77.2963,21.4481,21.6733,6699
2016-11-13 01:00:00,56.23,blend,0.4602,59.9122,0.0,80.3138,80.3138,39.5206,77.2963,21.4014,21.6781,6700
2016-11-13 02:00:00,55.42,blend,0.4602,59.7149,0.0,80.6839,80.6839,39.092,77.2963,21.3524,21.6804,6701
2016-11-13 03:00:00,55.33,blend,0.4602,59.7534,0.0,51.6033,51.6033,39.1754,77.2964,21.2973,21.6836,6702
2016-11-13 04:00:00,55.32,blend,0.4602,59.9834,0.0,82.2038,82.2038,39.6754,77.2963,21.2358,21.6887,6703
2016-11-13 05:00:00,57.7,blend,0.4602,60.4491,0.0,69.9273,69.9273,40.6875,77.2963,21.1802,21.6834,6704
2016-11-13 06:00:00,57.53,blend,0.4602,61.18,0.0,87.559,87.559,42.2756,77.2963,21.1143,21.6824,6705
2016-11-13 07:00:00,57.48,blend,0.4602,62.1304,0.0,92.1204,92.1204,44.3409,77.2963,21.0554,21.6662,6706
2016-11-13 08:00:00,53.88,blend,0.4602,63.2612,0.0,101.2833,101.2833,46.798,77.2964,20.996,21.6433,6707
2016-11-13 09:00:00,50.22,blend,0.4602,64.2147,0.0,88.5543,88.5543,48.8701,77.2962,20.908,21.6465,6708
2016-11-13 10:00:00,50.51,blend,0.4602,64.948,0.0,90.2024,90.2024,50.4639,77.296,20.8212,21.6488,6709
2016-11-13 11:00:00,51.31,blend,0.4602,65.4418,0.0,89.3442,89.3442,51.5368,77.2961,20.7464,21.6436,6710
2016-11-13 12:00:00,51.54,blend,0.4602,65.7155,0.0,92.2809,92.2809,52.1316,77.2961,20.6797,21.6384,6711
2016-11-13 13:00:00,52.22,blend,0.4602,65.7757,0.0,98.7146,98.7146,52.2624,77.296,20.6182,21.6255,6712
2016-11-13 14:00:00,51.99,blend,0.4602,65.6092,0.0,38.8185,38.8185,51.9007,77.2959,20.5555,21.617,6713
2016-11-13 15:00:00,52.44,blend,0.4602,65.1913,0.0,100.3682,100.3682,50.9926,77.2959,20.4991,21.6067,6714
2016-11-13 16:00:00,53.68,blend,0.4602,64.5924,0.0,82.4785,82.4785,49.6914,77.2959,20.4592,21.5848,6715
2016-11-13 17:00:00,53.71,blend,0.4602,63.7906,0.0,71.6702,71.6702,47.9489,77.2959,20.3862,21.602,6716
2016-11-13 18:00:00,55.5,blend,0.4602,62.8497,0.0,91.3661,91.3661,45.9044,77.2959,20.2629,21.6767,6717
2016-11-13 19:00:00,60.16,blend,0.4602,61.8529,0.0,59.2243,59.2243,43.7383,77.2959,20.1924,21.7072,6718
2016-11-13 20:00:00,60.68,blend,0.4602,61.1266,0.0,78.836,78.836,42.1599,77.296,20.1292,21.7395,6719
2016-11-13 21:00:00,65.14,blend,0.5194,58.3626,0.0,40.3006,40.3006,40.8401,77.296,20.1133,21.7327,6720
2016-11-13 22:00:00,61.73,blend,0.5194,57.7705,0.0,38.9496,38.9496,39.6999,77.2961,20.0956,21.7347,6721
2016-11-13 23:00:00,62.66,blend,0.5194,57.3093,0.0,36.2663,36.2663,38.8118,77.2961,20.0846,21.7358,6722
2016-11-14 00:00:00,66.43,blend,0.5194,56.953,0.0,44.3646,44.3646,38.1257,77.2961,20.1019,21.713,6723
2016-11-14 01:00:00,68.65,blend,0.5194,57.0184,0.0,44.2793,44.2793,38.2515,77.2963,20.1409,21.6758,6724
2016-11-14 02:00:00,66.68,blend,0.5194,57.5477,0.0,39.4602,39.4602,39.2708,77.2963,20.1755,21.6455,6725
2016-11-14 03:00:00,66.53,blend,0.5194,58.5002,0.0,43.3723,43.3723,41.1048,77.2963,20.2101,21.6166,6726
2016-11-14 04:00:00,61.8,blend,0.5194,59.8686,0.0,46.5156,46.5156,43.7395,77.2963,20.2055,21.6277,6727
2016-11-14 05:00:00,63.74,blend,0.5194,61.6226,0.0,57.9311,57.9311,47.1168,77.2964,20.2012,21.6385,6728
2016-11-14 06:00:00,64.86,blend,0.5194,63.5322,0.0,34.5996,34.5996,50.7938,77.2964,20.1938,21.6529,6729
2016-11-14 07:00:00,80.46,blend,0.5194,65.4203,0.0,49.182,49.182,54.4292,77.2964,20.1983,21.6512,6730
2016-11-14 08:00:00,90.36,blend,0.5194,66.9982,0.0,60.4726,60.4726,57.4674,77.2963,20.2117,21.6605,6731
2016-11-14 09:00:00,102.24,blend,0.5194,68.0837,0.0,61.9173,61.9173,59.5578,77.2961,20.1888,21.6356,6732
2016-11-14 10:00:00,115.46,blend,0.5194,68.7019,0.0,62.5158,62.5158,60.7482,77.2959,20.118,21.564,6733
2016-11-14 11:00:00,119.08,blend,0.5194,69.0151,0.0,74.1564,74.1564,61.3514,77.2958,20.0737,21.5193,6734
2016-11-14 12:00:00,116.86,blend,0.5194,69.1582,0.0,73.2507,73.2507,61.6271,77.2958,20.0191,21.4644,6735
2016-11-14 13:00:00,112.14,blend,0.5194,69.2224,0.0,62.9006,62.9006,61.7505,77.2958,19.9628,21.4079,6736
2016-11-14 14:00:00,107.1,blend,0.5194,69.2495,0.0,51.4788,51.4788,61.8027,77.2959,19.901,21.3459,6737
2016-11-14 15:00:00,103.9,blend,0.5194,69.2594,0.0,63.6669,63.6669,61.8218,77.2959,19.7953,21.2399,6738
2016-11-14 16:00:00,102.53,blend,0.5194,69.2618,0.0,55.3228,55.3228,61.8264,77.2959,19.7363,21.1806,6739
2016-11-14 17:00:00,93.22,blend,0.5194,69.2572,0.0,54.425,54.425,61.8174,77.2959,19.6802,21.1243,6740
2016-11-14 18:00:00,87.77,blend,0.5194,69.2514,0.0,63.2328,63.2328,61.8062,77.296,19.6291,21.0728,6741
2016-11-14 19:00:00,74.8,blend,0.5194,69.2436,0.0,69.5224,69.5224,61.7911,77.2961,19.5935,21.0666,6742
2016-11-14 20:00:00,72.12,blend,0.5194,69.2364,0.0,55.3548,55.3548,61.7771,77.2963,19.5685,21.092,6743
2016-11-14 21:00:00,64.53,blend,0.5194,69.2281,0.0,59.9718,59.9718,61.761,77.2964,19.5269,21.1339,6744
2016-11-14 22:00:00,61.57,blend,0.5194,69.2224,0.0,72.1109,72.1109,61.7501,77.2963,19.4907,21.1726,6745
2016-11-14 23:00:00,61.52,blend,0.5194,69.2171,0.0,71.217,71.217,61.74,77.2963,19.4447,21.2216,6746
2016-11-15 00:00:00,62.78,blend,0.5194,69.2151,0.0,69.4117,69.4117,61.7361,77.2963,19.3967,21.2699,6747
2016-11-15 01:00:00,61.36,blend,0.5194,69.2253,0.0,69.6315,69.6315,61.7557,77.2964,19.3589,21.3127,6748
2016-11-15 02:00:00,62.0,blend,0.5194,69.2375,0.0,65.3865,65.3865,61.7792,77.2964,19.3108,21.3612,6749
2016-11-15 03:00:00,61.51,blend,0.5194,69.2509,0.0,62.9183,62.9183,61.8049,77.2964,19.267,21.4089,6750
2016-11-15 04:00:00,60.89,blend,0.5194,69.2647,0.0,68.7376,68.7376,61.8315,77.2964,19.2353,21.4521,6751
2016-11-15 05:00:00,62.74,blend,0.5194,69.2772,0.0,67.7332,67.7332,61.8555,77.2964,19.1944,21.4933,6752
2016-11-15 06:00:00,65.22,blend,0.5194,69.2885,0.0,52.5861,52.5861,61.8774,77.2964,19.1652,21.5228,6753
2016-11-15 07:00:00,76.44,blend,0.5194,69.2978,0.0,64.3338,64.3338,61.8953,77.2964,19.1571,21.5246,6754
2016-11-15 08:00:00,87.94,blend,0.5194,69.307,0.0,60.7656,60.7656,61.913,77.2963,19.1506,21.5178,6755
2016-11-15 09:00:00,103.91,blend,0.5194,69.3162,0.0,60.6107,60.6107,61.931,77.2961,19.12,21.487,6756
2016-11-15 10:00:00,108.71,blend,0.5194,69.3228,0.0,57.6667,57.6667,61.9437,77.2961,19.0727,21.4395,6757
2016-11-15 11:00:00,112.22,blend,0.5194,69.3289,0.0,64.6903,64.6903,61.9555,77.296,19.0176,21.3843,6758
2016-11-15 12:00:00,110.43,blend,0.5194,69.3307,0.0,60.4614,60.4614,61.959,77.296,18.9522,21.3187,6759
2016-11-15 13:00:00,109.96,blend,0.5194,69.33,0.0,67.7207,67.7207,61.9576,77.2959,18.8697,21.2361,6760
2016-11-15 14:00:00,106.42,blend,0.5194,69.3268,0.0,62.4296,62.4296,61.9514,77.2959,18.7908,21.1572,6761
2016-11-15 15:00:00,109.55,blend,0.5194,69.3223,0.0,68.0151,68.0151,61.9427,77.296,18.6897,21.0559,6762
2016-11-15 16:00:00,98.47,blend,0.5194,69.316,0.0,58.3116,58.3116,61.9306,77.296,18.602,20.9681,6763
2016-11-15 17:00:00,90.04,blend,0.5194,69.3087,0.0,65.4149,65.4149,61.9166,77.2961,18.5154,20.8814,6764
2016-11-15 18:00:00,85.75,blend,0.5194,69.2977,0.0,66.3824,66.3824,61.8954,77.2961,18.4332,20.799,6765
2016-11-15 19:00:00,81.02,blend,0.5194,69.284,0.0,62.5039,62.5039,61.8689,77.2962,18.3863,20.7519,6766
2016-11-15 20:00:00,77.72,blend,0.5194,69.2689,0.0,67.6753,67.6753,61.8397,77.2964,18.3281,20.6935,6767
2016-11-15 21:00:00,74.07,blend,0.5194,69.2578,0.0,58.8347,58.8347,61.8182,77.2963,18.2627,20.6662,6768
2016-11-15 22:00:00,69.39,blend,0.5194,69.247,0.0,42.875,42.875,61.7976,77.2962,18.2219,20.7072,6769
2016-11-15 23:00:00,66.51,blend,0.5194,69.2375,0.0,64.5777,64.5777,61.7792,77.2963,18.2083,20.7212,6770
2016-11-16 00:00:00,64.98,blend,0.5194,69.2305,0.0,69.0169,69.0169,61.7656,77.2963,18.2047,20.725,6771
2016-11-16 01:00:00,64.33,blend,0.5194,69.2277,0.0,70.7336,70.7336,61.7603,77.2964,18.2001,20.7299,6772
2016-11-16 02:00:00,63.74,blend,0.5194,69.2312,0.0,60.7769,60.7769,61.7669,77.2965,18.192,20.7382,6773
2016-11-16 03:00:00,63.91,blend,0.5194,69.2401,0.0,66.0928,66.0928,61.784,77.2965,18.1821,20.7484,6774
2016-11-16 04:00:00,62.63,blend,0.5194,69.2517,0.0,62.1882,62.1882,61.8063,77.2966,18.1693,20.7613,6775
2016-11-16 05:00:00,72.54,blend,0.5194,69.2652,0.0,57.9803,57.9803,61.8323,77.2966,18.1991,20.7316,6776
2016-11-16 06:00:00,70.79,blend,0.5194,69.2773,0.0,54.4581,54.4581,61.8555,77.2966,18.2079,20.7229,6777
2016-11-16 07:00:00,85.18,blend,0.5194,69.2905,0.0,59.4563,59.4563,61.8811,77.2965,18.2283,20.7432,6778
2016-11-16 08:00:00,94.64,blend,0.5194,69.3008,0.0,55.664,55.664,61.9011,77.2964,18.2603,20.7752,6779
2016-11-16 09:00:00,105.9,blend,0.5194,69.3115,0.0,65.725,65.725,61.9219,77.2961,18.2514,20.7664,6780
2016-11-16 10:00:00,118.73,blend,0.5194,69.3176,0.0,69.9632,69.9632,61.9338,77.2959,18.2514,20.7664,6781
2016-11-16 11:00:00,128.05,blend,0.5194,69.3211,0.0,64.7799,64.7799,61.9406,77.2958,18.2514,20.7664,6782
2016-11-16 12:00:00,129.47,blend,0.5194,69.3234,0.0,62.8362,62.8362,61.9453,77.2956,18.2514,20.7664,6783
2016-11-16 13:00:00,125.96,blend,0.5194,69.3235,0.0,67.9439,67.9439,61.9454,77.2956,18.2513,20.7664,6784
2016-11-16 14:00:00,124.88,blend,0.5194,69.319,0.0,68.2366,68.2366,61.9367,77.2957,18.2513,20.7664,6785
2016-11-16 15:00:00,125.96,blend,0.5194,69.3123,0.0,47.19,47.19,61.9239,77.2956,18.2512,20.7664,6786
2016-11-16 16:00:00,116.13,blend,0.5194,69.3044,0.0,42.9761,42.9761,61.9086,77.2957,18.2511,20.7664,6787
2016-11-16 17:00:00,108.08,blend,0.5194,69.2925,0.0,65.8596,65.8596,61.8855,77.2958,18.2509,20.7664,6788
2016-11-16 18:00:00,100.25,blend,0.5194,69.2778,0.0,61.7457,61.7457,61.8572,77.296,18.2508,20.7664,6789
2016-11-16 19:00:00,81.27,blend,0.5194,69.2616,0.0,74.608,74.608,61.8258,77.2961,18.2507,20.7664,6790
2016-11-16 20:00:00,78.14,blend,0.5194,69.2427,0.0,61.1697,61.1697,61.7893,77.2963,18.2505,20.7664,6791
2016-11-16 21:00:00,64.98,blend,0.5194,69.2211,0.0,69.8181,69.8181,61.7477,77.2963,18.2502,20.7664,6792
2016-11-16 22:00:00,62.26,blend,0.5194,69.2021,0.0,68.2659,68.2659,61.711,77.2963,18.2499,20.7664,6793
2016-11-16 23:00:00,63.0,blend,0.5194,69.1798,0.0,61.5593,61.5593,61.6682,77.2963,18.2496,20.7664,6794
2016-11-17 00:00:00,62.54,blend,0.5194,69.1652,0.0,63.7299,63.7299,61.64,77.2963,18.2492,20.7664,6795
2016-11-17 01:00:00,63.09,blend,0.5194,69.1575,0.0,53.5164,53.5164,61.6253,77.2963,18.2489,20.7664,6796
2016-11-17 02:00:00,62.07,blend,0.5194,69.16,0.0,54.9422,54.9422,61.6301,77.2963,18.2486,20.7664,6797
2016-11-17 03:00:00,61.28,blend,0.5194,69.1717,0.0,63.175,63.175,61.6526,77.2963,18.2488,20.7664,6798
2016-11-17 04:00:00,60.7,blend,0.5194,69.1872,0.0,65.4704,65.4704,61.6823,77.2963,18.2488,20.7664,6799
2016-11-17 05:00:00,70.25,blend,0.5194,69.2043,0.0,71.1143,71.1143,61.7152,77.2963,18.2489,20.7664,6800
2016-11-17 06:00:00,68.15,blend,0.5194,69.2223,0.0,48.9231,48.9231,61.7499,77.2963,18.2491,20.7664,6801
2016-11-17 07:00:00,80.48,blend,0.5194,69.2432,0.0,55.1893,55.1893,61.7902,77.2963,18.2493,20.7664,6802
2016-11-17 08:00:00,91.31,blend,0.5194,69.263,0.0,76.176,76.176,61.8285,77.2962,18.2496,20.7664,6803
2016-11-17 09:00:00,103.27,blend,0.5194,69.2812,0.0,50.4181,50.4181,61.8637,77.2958,18.2498,20.7664,6804
2016-11-17 10:00:00,111.02,blend,0.5194,69.2922,0.0,61.1952,61.1952,61.8852,77.2956,18.25,20.7664,6805
2016-11-17 11:00:00,112.59,blend,0.5194,69.2988,0.0,66.3374,66.3374,61.898,77.2954,18.2502,20.7664,6806
2016-11-17 12:00:00,121.2,blend,0.5194,69.302,0.0,74.6962,74.6962,61.9043,77.2954,18.2504,20.7664,6807
2016-11-17 13:00:00,120.64,blend,0.5194,69.2997,0.0,61.9204,61.9204,61.8998,77.2954,18.2507,20.7664,6808
2016-11-17 14:00:00,116.57,blend,0.5194,69.2957,0.0,58.5761,58.5761,61.8921,77.2954,18.2509,20.7664,6809
2016-11-17 15:00:00,121.01,blend,0.5194,69.2894,0.0,59.6573,59.6573,61.88,77.2954,18.2512,20.7664,6810
2016-11-17 16:00:00,112.84,blend,0.5194,69.2778,0.0,64.2597,64.2597,61.8577,77.2954,18.2515,20.7664,6811
2016-11-17 17:00:00,108.59,blend,0.5194,69.2642,0.0,63.7284,63.7284,61.8314,77.2956,18.2519,20.7664,6812
2016-11-17 18:00:00,98.48,blend,0.5194,69.2464,0.0,63.8409,63.8409,61.797,77.2957,18.2524,20.7664,6813
2016-11-17 19:00:00,85.69,blend,0.5194,69.2263,0.0,68.3935,68.3935,61.7581,77.2959,18.2529,20.7664,6814
2016-11-17 20:00:00,79.34,blend,0.5194,69.1991,0.0,67.5593,67.5593,61.7053,77.2962,18.2536,20.7664,6815
2016-11-17 21:00:00,68.41,blend,0.5194,69.1735,0.0,58.9355,58.9355,61.656,77.2963,18.2543,20.7664,6816
2016-11-17 22:00:00,60.93,blend,0.5194,69.146,0.0,62.2748,62.2748,61.6029,77.2964,18.2535,20.7664,6817
2016-11-17 23:00:00,60.03,blend,0.5194,69.1191,0.0,66.0789,66.0789,61.5512,77.2964,18.2527,20.7664,6818
2016-11-18 00:00:00,59.7,blend,0.5194,69.0973,0.0,69.3623,69.3623,61.5092,77.2964,18.2518,20.7664,6819
2016-11-18 01:00:00,59.93,blend,0.5194,69.0798,0.0,54.6036,54.6036,61.4755,77.2963,18.2363,20.7517,6820
2016-11-18 02:00:00,57.87,blend,0.5194,69.0793,0.0,57.7709,57.7709,61.4746,77.2964,18.2294,20.7454,6821
2016-11-18 03:00:00,58.03,blend,0.5194,69.0917,0.0,72.0709,72.0709,61.4985,77.2963,18.2197,20.7362,6822
2016-11-18 04:00:00,57.16,blend,0.5194,69.1128,0.0,70.0331,70.0331,61.5391,77.2963,18.2162,20.7331,6823
2016-11-18 05:00:00,67.59,blend,0.5194,69.138,0.0,68.4945,68.4945,61.5877,77.2963,18.2298,20.6755,6824
2016-11-18 06:00:00,65.38,blend,0.5194,69.1643,0.0,73.9241,73.9241,61.6383,77.2963,18.2301,20.6315,6825
2016-11-18 07:00:00,70.99,blend,0.5194,69.1966,0.0,63.2831,63.2831,61.7006,77.2962,18.263,20.5538,6826
2016-11-18 08:00:00,74.31,blend,0.5194,69.2226,0.0,64.0337,64.0337,61.7506,77.2962,18.2972,20.4384,6827
2016-11-18 09:00:00,84.08,blend,0.5194,69.2452,0.0,61.6706,61.6706,61.7944,77.2959,18.3658,20.3222,6828
2016-11-18 10:00:00,89.15,blend,0.5194,69.2588,0.0,69.5441,69.5441,61.8208,77.2957,18.4628,20.2343,6829
2016-11-18 11:00:00,94.84,blend,0.5194,69.2688,0.0,70.3438,70.3438,61.8402,77.2956,18.6006,20.1872,6830
2016-11-18 12:00:00,96.74,blend,0.5194,69.2732,0.0,64.3308,64.3308,61.8487,77.2956,18.7505,20.152,6831
2016-11-18 13:00:00,98.27,blend,0.5194,69.2733,0.0,68.7212,68.7212,61.8489,77.2955,18.9147,20.1307,6832
2016-11-18 14:00:00,99.44,blend,0.5194,69.2689,0.0,52.914,52.914,61.8404,77.2955,19.0856,20.1156,6833
2016-11-18 15:00:00,92.74,blend,0.5194,69.2594,0.0,61.0758,61.0758,61.8221,77.2955,19.2192,20.0625,6834
2016-11-18 16:00:00,86.97,blend,0.5194,69.2436,0.0,65.3746,65.3746,61.7917,77.2956,19.3275,19.983,6835
2016-11-18 17:00:00,81.77,blend,0.5194,69.216,0.0,60.7629,60.7629,61.7383,77.2957,19.4071,19.8734,6836
2016-11-18 18:00:00,74.03,blend,0.5194,69.1746,0.0,63.6556,63.6556,61.6585,77.2959,19.4509,19.765,6837
2016-11-18 19:00:00,67.54,blend,0.5194,69.1219,0.0,76.7915,76.7915,61.5569,77.296,19.4802,19.7293,6838
2016-11-18 20:00:00,64.06,blend,0.5194,69.0567,0.0,60.5724,60.5724,61.4312,77.2962,19.4892,19.7132,6839
2016-11-18 21:00:00,64.43,blend,0.5194,68.9811,0.0,65.7043,65.7043,61.2855,77.2963,19.4699,19.7243,6840
2016-11-18 22:00:00,57.58,blend,0.5194,68.8942,0.0,62.7928,62.7928,61.1181,77.2963,19.4729,19.7548,6841
2016-11-18 23:00:00,57.11,blend,0.5194,68.8072,0.0,52.3392,52.3392,60.9506,77.2963,19.4701,19.7939,6842
2016-11-19 00:00:00,55.41,blend,0.5194,68.7098,0.0,67.11,67.11,60.7631,77.2963,19.4529,19.8653,6843
2016-11-19 01:00:00,55.88,blend,0.5194,68.4784,0.0,57.1509,57.1509,60.3179,77.296,19.4632,19.8653,6844
2016-11-19 02:00:00,54.88,blend,0.5194,68.1821,0.0,61.0332,61.0332,59.7474,77.296,19.4732,19.8653,6845
2016-11-19 03:00:00,54.06,blend,0.5194,67.8606,0.0,64.5939,64.5939,59.1283,77.296,19.4836,19.8653,6846
2016-11-19 04:00:00,54.16,blend,0.5194,67.5071,0.0,58.2348,58.2348,58.4476,77.296,19.494,19.8653,6847
2016-11-19 05:00:00,55.29,blend,0.5194,67.1321,0.0,52.7756,52.7756,57.7257,77.2959,19.503,19.8653,6848
2016-11-19 06:00:00,55.98,blend,0.5194,66.8088,0.0,58.58,58.58,57.1032,77.2959,19.5095,19.8653,6849
2016-11-19 07:00:00,55.77,blend,0.5194,66.5473,0.0,67.9018,67.9018,56.5997,77.2958,19.5119,19.8653,6850
2016-11-19 08:00:00,52.86,blend,0.5194,66.3561,0.0,65.7021,65.7021,56.2317,77.2957,19.5082,19.8653,6851
2016-11-19 09:00:00,48.96,blend,0.5194,66.1015,0.0,57.3721,57.3721,55.7418,77.2953,19.4979,19.8653,6852
2016-11-19 10:00:00,48.43,blend,0.5194,65.609,0.0,45.1138,45.1138,54.7938,77.295,19.4794,19.8653,6853
2016-11-19 11:00:00,49.03,blend,0.5194,64.8627,0.0,44.5846,44.5846,53.3569,77.2948,19.4513,19.8652,6854
2016-11-19 12:00:00,51.46,blend,0.5194,63.8883,0.0,41.6018,41.6018,51.4809,77.2946,19.4119,19.8652,6855
2016-11-19 13:00:00,52.73,blend,0.5194,62.7672,0.0,46.8868,46.8868,49.3223,77.2945,19.4014,19.8652,6856
2016-11-19 14:00:00,52.57,blend,0.5194,61.5862,0.0,46.4459,46.4459,47.0485,77.2945,19.405,19.8652,6857
2016-11-19 15:00:00,52.47,blend,0.5194,60.3994,0.0,39.0852,39.0852,44.7633,77.2945,19.4253,19.8652,6858
2016-11-19 16:00:00,52.48,blend,0.5194,59.3054,0.0,44.8852,44.8852,42.6566,77.2947,19.4652,19.8652,6859
2016-11-19 17:00:00,51.97,blend,0.5194,58.2666,0.0,34.1555,34.1555,40.656,77.2952,19.5203,19.8652,6860
2016-11-19 18:00:00,51.6,blend,0.5194,57.3126,0.0,43.6916,43.6916,38.8188,77.2954,19.5941,19.8652,6861
2016-11-19 19:00:00,54.86,blend,0.5194,56.4606,0.0,37.673,37.673,37.1781,77.2956,19.6679,19.8652,6862
2016-11-19 20:00:00,56.82,blend,0.5194,55.9993,0.0,30.6549,30.6549,36.2895,77.296,19.7335,19.8652,6863
2016-11-19 21:00:00,56.31,blend,0.5194,55.667,0.0,37.6229,37.6229,35.6496,77.2962,19.7898,19.8652,6864
2016-11-19 22:00:00,56.04,blend,0.5194,55.5023,0.0,33.0904,33.0904,35.3323,77.2962,19.8364,19.8652,6865
2016-11-19 23:00:00,55.81,blend,0.5194,55.4179,0.0,29.6563,29.6563,35.1698,77.2963,19.8747,19.8652,6866
2016-11-20 00:00:00,55.95,blend,0.5194,55.5039,0.0,39.6039,39.6039,35.3355,77.2963,19.9041,19.8652,6867
2016-11-20 01:00:00,56.23,blend,0.5194,55.795,0.0,38.7378,38.7378,35.8959,77.2963,19.9257,19.8652,6868
2016-11-20 02:00:00,55.42,blend,0.5194,56.2858,0.0,43.3301,43.3301,36.8409,77.2963,19.9391,19.8652,6869
2016-11-20 03:00:00,55.33,blend,0.5194,56.9216,0.0,36.3026,36.3026,38.0652,77.2963,19.9457,19.8652,6870
2016-11-20 04:00:00,55.32,blend,0.5194,57.773,0.0,37.168,37.168,39.7045,77.2962,19.9455,19.8652,6871
2016-11-20 05:00:00,57.7,blend,0.5194,58.661,0.0,46.2188,46.2188,41.4145,77.2962,19.9412,19.8652,6872
2016-11-20 06:00:00,57.53,blend,0.5194,59.6906,0.0,34.4512,34.4512,43.3971,77.2961,19.9345,19.8652,6873
2016-11-20 07:00:00,57.48,blend,0.5194,60.9285,0.0,47.6639,47.6639,45.7805,77.2962,19.9259,19.8652,6874
2016-11-20 08:00:00,53.88,blend,0.5194,62.3088,0.0,54.3161,54.3161,48.4382,77.2962,19.9162,19.8652,6875
2016-11-20 09:00:00,50.22,blend,0.5194,63.3856,0.0,51.129,51.129,50.5118,77.296,19.9099,19.8652,6876
2016-11-20 10:00:00,50.51,blend,0.5194,64.1886,0.0,53.2186,53.2186,52.0578,77.296,19.9188,19.8652,6877
2016-11-20 11:00:00,51.31,blend,0.5194,64.6989,0.0,54.5111,54.5111,53.0406,77.2959,19.9278,19.8652,6878
2016-11-20 12:00:00,51.54,blend,0.5194,65.0334,0.0,60.9814,60.9814,53.6847,77.2958,19.937,19.8652,6879
2016-11-20 13:00:00,52.22,blend,0.5194,65.1875,0.0,55.768,55.768,53.9816,77.2957,19.9473,19.8652,6880
2016-11-20 14:00:00,51.99,blend,0.5194,65.113,0.0,64.0602,64.0602,53.8382,77.2956,19.9577,19.8652,6881
2016-11-20 15:00:00,52.44,blend,0.5194,64.7877,0.0,52.7436,52.7436,53.2118,77.2957,19.9537,19.8652,6882
2016-11-20 16:00:00,53.68,blend,0.5194,64.2849,0.0,53.2814,53.2814,52.2436,77.2957,19.9385,19.8652,6883
2016-11-20 17:00:00,53.71,blend,0.5194,63.6759,0.0,43.6396,43.6396,51.0709,77.2958,19.9199,19.8652,6884
2016-11-20 18:00:00,55.5,blend,0.5194,62.8587,0.0,45.0786,45.0786,49.4973,77.2959,19.8985,19.8652,6885
2016-11-20 19:00:00,60.16,blend,0.5194,61.9841,0.0,44.9133,44.9133,47.8132,77.296,19.8743,19.8652,6886
2016-11-20 20:00:00,60.68,blend,0.5194,61.3687,0.0,49.8472,49.8472,46.6281,77.2961,19.8477,19.8652,6887
2016-11-20 21:00:00,65.14,blend,0.5006,61.3496,0.0,47.4036,47.4036,45.439,77.2962,19.8203,19.8652,6888
2016-11-20 22:00:00,61.73,blend,0.5006,60.8817,0.0,43.0116,43.0116,44.5042,77.2963,19.7917,19.8652,6889
2016-11-20 23:00:00,62.66,blend,0.5006,60.7256,0.0,52.8701,52.8701,44.1923,77.2963,19.7597,19.8652,6890
2016-11-21 00:00:00,66.43,blend,0.5006,60.6323,0.0,43.8847,43.8847,44.006,77.2963,19.7247,19.8652,6891
2016-11-21 01:00:00,68.65,blend,0.5006,61.0698,0.0,40.7543,40.7543,44.8796,77.2965,19.6852,19.8652,6892
2016-11-21 02:00:00,66.68,blend,0.5006,62.0683,0.0,44.1937,44.1937,46.8746,77.2965,19.64,19.8652,6893
2016-11-21 03:00:00,66.53,blend,0.5006,63.5373,0.0,61.8404,61.8404,49.8091,77.2965,19.5882,19.8652,6894
2016-11-21 04:00:00,61.8,blend,0.5006,65.1564,0.0,57.8503,57.8503,53.0437,77.2965,19.5328,19.8652,6895
2016-11-21 05:00:00,63.74,blend,0.5006,66.6675,0.0,60.6276,60.6276,56.0624,77.2965,19.4795,19.8652,6896
2016-11-21 06:00:00,64.86,blend,0.5006,67.8246,0.0,65.3872,65.3872,58.374,77.2965,19.4344,19.8652,6897
2016-11-21 07:00:00,80.46,blend,0.5006,68.5952,0.0,53.9812,53.9812,59.9135,77.2965,19.4018,19.8652,6898
2016-11-21 08:00:00,90.36,blend,0.5006,69.0607,0.0,56.4865,56.4865,60.8435,77.2964,19.3817,19.8652,6899
2016-11-21 09:00:00,102.24,blend,0.5006,69.3183,0.0,50.1634,50.1634,61.3583,77.2962,19.371,19.8652,6900
2016-11-21 10:00:00,115.46,blend,0.5006,69.4524,0.0,69.9045,69.9045,61.6266,77.296,19.3657,19.8652,6901
2016-11-21 11:00:00,119.08,blend,0.5006,69.527,0.0,56.8401,56.8401,61.7756,77.2959,19.3632,19.8652,6902
2016-11-21 12:00:00,116.86,blend,0.5006,69.5681,0.0,53.4008,53.4008,61.8579,77.2958,19.3618,19.8652,6903
2016-11-21 13:00:00,112.14,blend,0.5006,69.5867,0.0,64.5557,64.5557,61.8951,77.2957,19.361,19.8652,6904
2016-11-21 14:00:00,107.1,blend,0.5006,69.5947,0.0,68.441,68.441,61.9109,77.2958,19.3603,19.8652,6905
2016-11-21 15:00:00,103.9,blend,0.5006,69.5965,0.0,61.8158,61.8158,61.9146,77.2957,19.3598,19.8652,6906
2016-11-21 16:00:00,102.53,blend,0.5006,69.5937,0.0,57.0524,57.0524,61.9091,77.2958,19.3593,19.8652,6907
2016-11-21 17:00:00,93.22,blend,0.5006,69.589,0.0,43.2414,43.2414,61.8995,77.2959,19.3588,19.8652,6908
2016-11-21 18:00:00,87.77,blend,0.5006,69.5846,0.0,64.1667,64.1667,61.8905,77.2961,19.3583,19.8652,6909
2016-11-21 19:00:00,74.8,blend,0.5006,69.5788,0.0,58.7055,58.7055,61.8788,77.2961,19.3578,19.8652,6910
2016-11-21 20:00:00,72.12,blend,0.5006,69.5721,0.0,46.4271,46.4271,61.8653,77.2964,19.3572,19.8652,6911
2016-11-21 21:00:00,64.53,blend,0.5006,69.5662,0.0,56.1402,56.1402,61.8534,77.2964,19.3567,19.8652,6912
2016-11-21 22:00:00,61.57,blend,0.5006,69.563,0.0,58.0925,58.0925,61.8469,77.2964,19.3573,19.8652,6913
2016-11-21 23:00:00,61.52,blend,0.5006,69.5598,0.0,61.6681,61.6681,61.8405,77.2965,19.3579,19.8652,6914
2016-11-22 00:00:00,62.78,blend,0.5006,69.5586,0.0,53.6325,53.6325,61.8382,77.2965,19.3573,19.8652,6915
2016-11-22 01:00:00,61.36,blend,0.5006,69.5628,0.0,62.1304,62.1304,61.8465,77.2965,19.3578,19.8652,6916
2016-11-22 02:00:00,62.0,blend,0.5006,69.5713,0.0,47.9198,47.9198,61.8634,77.2966,19.3573,19.8652,6917
2016-11-22 03:00:00,61.51,blend,0.5006,69.5815,0.0,76.7846,76.7846,61.8838,77.2966,19.3578,19.8652,6918
2016-11-22 04:00:00,60.89,blend,0.5006,69.5925,0.0,67.4219,67.4219,61.9057,77.2966,19.3582,19.8652,6919
2016-11-22 05:00:00,62.74,blend,0.5006,69.6021,0.0,62.0858,62.0858,61.9249,77.2966,19.3578,19.8652,6920
2016-11-22 06:00:00,65.22,blend,0.5006,69.6101,0.0,72.5852,72.5852,61.941,77.2966,19.3574,19.8652,6921
2016-11-22 07:00:00,76.44,blend,0.5006,69.6167,0.0,62.2605,62.2605,61.9542,77.2966,19.3571,19.8652,6922
2016-11-22 08:00:00,87.94,blend,0.5006,69.6226,0.0,67.5269,67.5269,61.9661,77.2966,19.3567,19.8652,6923
2016-11-22 09:00:00,103.91,blend,0.5006,69.6288,0.0,66.9537,66.9537,61.9786,77.2964,19.3565,19.8652,6924
2016-11-22 10:00:00,108.71,blend,0.5006,69.6326,0.0,62.9479,62.9479,61.9862,77.2963,19.3562,19.8652,6925
2016-11-22 11:00:00,112.22,blend,0.5006,69.6356,0.0,64.9282,64.9282,61.9922,77.2962,19.356,19.8652,6926
2016-11-22 12:00:00,110.43,blend,0.5006,69.636,0.0,52.7519,52.7519,61.9931,77.2962,19.3558,19.8652,6927
2016-11-22 13:00:00,109.96,blend,0.5006,69.6349,0.0,56.162,56.162,61.9907,77.2963,19.3556,19.8652,6928
2016-11-22 14:00:00,106.42,blend,0.5006,69.6325,0.0,68.6994,68.6994,61.986,77.2963,19.3554,19.8652,6929
2016-11-22 15:00:00,109.55,blend,0.5006,69.6295,0.0,53.2045,53.2045,61.98,77.2964,19.3552,19.8652,6930
2016-11-22 16:00:00,98.47,blend,0.5006,69.6263,0.0,51.5674,51.5674,61.9736,77.2964,19.3549,19.8652,6931
2016-11-22 17:00:00,90.04,blend,0.5006,69.6223,0.0,56.6453,56.6453,61.9654,77.2965,19.3546,19.8652,6932
2016-11-22 18:00:00,85.75,blend,0.5006,69.6159,0.0,58.3963,58.3963,61.9527,77.2965,19.3543,19.8652,6933
2016-11-22 19:00:00,81.02,blend,0.5006,69.6089,0.0,62.3529,62.3529,61.9385,77.2966,19.3539,19.8652,6934
2016-11-22 20:00:00,77.72,blend,0.5006,69.6014,0.0,76.7364,76.7364,61.9234,77.2967,19.3534,19.8652,6935
2016-11-22 21:00:00,74.07,blend,0.5006,69.5966,0.0,57.417,57.417,61.9139,77.2967,19.3528,19.8652,6936
2016-11-22 22:00:00,69.39,blend,0.5006,69.593,0.0,61.3885,61.3885,61.9066,77.2967,19.3521,19.8652,6937
2016-11-22 23:00:00,66.51,blend,0.5006,69.5906,0.0,71.31,71.31,61.9018,77.2968,19.3514,19.8652,6938
2016-11-23 00:00:00,64.98,blend,0.5006,69.5892,0.0,65.1054,65.1054,61.8991,77.2967,19.3506,19.8652,6939
2016-11-23 01:00:00,64.33,blend,0.5006,69.5896,0.0,55.8803,55.8803,61.8998,77.2968,19.3498,19.8652,6940
2016-11-23 02:00:00,63.74,blend,0.5006,69.5927,0.0,59.027,59.027,61.9059,77.2968,19.349,19.8652,6941
2016-11-23 03:00:00,63.91,blend,0.5006,69.5981,0.0,56.5874,56.5874,61.9168,77.2968,19.3482,19.8652,6942
2016-11-23 04:00:00,62.63,blend,0.5006,69.6048,0.0,59.8186,59.8186,61.9301,77.2968,19.3474,19.8652,6943
2016-11-23 05:00:00,72.54,blend,0.5006,69.6115,0.0,58.9091,58.9091,61.9436,77.2968,19.3468,19.8652,6944
2016-11-23 06:00:00,70.79,blend,0.5006,69.6178,0.0,56.8826,56.8826,61.9563,77.2968,19.3462,19.8652,6945
2016-11-23 07:00:00,85.18,blend,0.5006,69.6241,0.0,52.4753,52.4753,61.9688,77.2967,19.3457,19.8652,6946
2016-11-23 08:00:00,94.64,blend,0.5006,69.629,0.0,61.412,61.412,61.9786,77.2966,19.3452,19.8652,6947
2016-11-23 09:00:00,105.9,blend,0.5006,69.634,0.0,66.8103,66.8103,61.9888,77.2964,19.3448,19.8652,6948
2016-11-23 10:00:00,118.73,blend,0.5006,69.6366,0.0,60.8429,60.8429,61.9943,77.2962,19.3444,19.8652,6949
2016-11-23 11:00:00,128.05,blend,0.5006,69.6387,0.0,58.2572,58.2572,61.9985,77.2961,19.3441,19.8652,6950
2016-11-23 12:00:00,129.47,blend,0.5006,69.6399,0.0,51.8441,51.8441,62.001,77.2961,19.3438,19.8652,6951
2016-11-23 13:00:00,125.96,blend,0.5006,69.6394,0.0,63.9723,63.9723,61.9999,77.2961,19.3434,19.8652,6952
2016-11-23 14:00:00,124.88,blend,0.5006,69.6373,0.0,57.6739,57.6739,61.9957,77.2961,19.3431,19.8652,6953
2016-11-23 15:00:00,125.96,blend,0.5006,69.634,0.0,61.8557,61.8557,61.9892,77.2962,19.3427,19.8652,6954
2016-11-23 16:00:00,116.13,blend,0.5006,69.6303,0.0,72.0956,72.0956,61.9818,77.2962,19.3423,19.8652,6955
2016-11-23 17:00:00,108.08,blend,0.5006,69.6256,0.0,64.3369,64.3369,61.9722,77.2963,19.3417,19.8652,6956
2016-11-23 18:00:00,100.25,blend,0.5006,69.6199,0.0,63.0574,63.0574,61.9608,77.2964,19.3411,19.8652,6957
2016-11-23 19:00:00,81.27,blend,0.5006,69.6139,0.0,66.8436,66.8436,61.9487,77.2965,19.3404,19.8652,6958
2016-11-23 20:00:00,78.14,blend,0.5006,69.6057,0.0,74.8127,74.8127,61.9322,77.2967,19.3395,19.8652,6959
2016-11-23 21:00:00,64.98,blend,0.5006,69.5991,0.0,55.1203,55.1203,61.9188,77.2967,19.3385,19.8652,6960
2016-11-23 22:00:00,62.26,blend,0.5006,69.5939,0.0,58.0443,58.0443,61.9085,77.2967,19.3373,19.8652,6961
2016-11-23 23:00:00,63.0,blend,0.5006,69.5888,0.0,62.1717,62.1717,61.8982,77.2968,19.336,19.8652,6962
2016-11-24 00:00:00,62.54,blend,0.5006,69.5868,0.0,62.2692,62.2692,61.8943,77.2967,19.3345,19.8652,6963
2016-11-24 01:00:00,57.45,blend,0.5006,69.5846,0.0,63.1137,63.1137,61.8899,77.2967,19.3522,19.8987,6964
2016-11-24 02:00:00,56.82,blend,0.5006,69.5846,0.0,59.5281,59.5281,61.89,77.2966,19.3797,19.93,6965
2016-11-24 03:00:00,56.49,blend,0.5006,69.5872,0.0,65.3049,65.3049,61.8952,77.2966,19.4097,19.9585,6966
2016-11-24 04:00:00,56.63,blend,0.5006,69.5923,0.0,78.1158,78.1158,61.9054,77.2966,19.4352,19.9827,6967
2016-11-24 05:00:00,57.91,blend,0.5006,69.5973,0.0,61.7623,61.7623,61.9153,77.2966,19.4083,20.0562,6968
2016-11-24 06:00:00,57.99,blend,0.5006,69.6042,0.0,64.4857,64.4857,61.9292,77.2966,19.3936,20.1167,6969
2016-11-24 07:00:00,57.94,blend,0.5006,69.6097,0.0,56.7958,56.7958,61.9401,77.2965,19.3062,20.2129,6970
2016-11-24 08:00:00,54.92,blend,0.5006,69.6154,0.0,64.3388,64.3388,61.9517,77.2964,19.1726,20.2627,6971
2016-11-24 09:00:00,50.99,blend,0.5006,69.6183,0.0,57.3541,57.3541,61.9578,77.2961,18.9914,20.2647,6972
2016-11-24 10:00:00,50.68,blend,0.5006,69.6169,0.0,63.7733,63.7733,61.9552,77.2959,18.766,20.2224,6973
2016-11-24 11:00:00,51.84,blend,0.5006,69.6138,0.0,66.4458,66.4458,61.9493,77.2957,18.5245,20.1638,6974
2016-11-24 12:00:00,51.93,blend,0.5006,69.6086,0.0,50.7903,50.7903,61.9389,77.2956,18.2311,20.0535,6975
2016-11-24 13:00:00,52.74,blend,0.5006,69.6017,0.0,66.2127,66.2127,61.9251,77.2955,17.9361,19.9416,6976
2016-11-24 14:00:00,52.61,blend,0.5006,69.5934,0.0,60.4126,60.4126,61.9086,77.2955,17.666,19.8548,6977
2016-11-24 15:00:00,52.93,blend,0.5006,69.5817,0.0,72.3528,72.3528,61.8853,77.2956,17.3673,19.7396,6978
2016-11-24 16:00:00,54.28,blend,0.5006,69.5657,0.0,60.7743,60.7743,61.8532,77.2957,17.109,19.665,6979
2016-11-24 17:00:00,54.41,blend,0.5006,69.5437,0.0,65.6626,65.6626,61.809,77.2959,16.8747,19.615,6980
2016-11-24 18:00:00,55.81,blend,0.5006,69.5186,0.0,45.3566,45.3566,61.7588,77.296,16.6917,19.6168,6981
2016-11-24 19:00:00,61.55,blend,0.5006,69.4843,0.0,53.1276,53.1276,61.69,77.2962,16.5501,19.6605,6982
2016-11-24 20:00:00,61.34,blend,0.5006,69.452,0.0,67.2271,67.2271,61.6253,77.2965,16.4468,19.7434,6983
2016-11-24 21:00:00,66.3,blend,0.5006,69.4244,0.0,51.5142,51.5142,61.57,77.2966,16.4348,19.7559,6984
2016-11-24 22:00:00,62.7,blend,0.5006,69.3975,0.0,55.7878,55.7878,61.5161,77.2967,16.4378,19.7454,6985
2016-11-24 23:00:00,63.69,blend,0.5006,69.3829,0.0,53.8322,53.8322,61.487,77.2967,16.4419,19.7236,6986
2016-11-25 00:00:00,67.4,blend,0.5006,69.3665,0.0,73.1982,73.1982,61.4543,77.2967,16.4665,19.6778,6987
2016-11-25 01:00:00,59.93,blend,0.5006,69.3438,0.0,51.2528,51.2528,61.4089,77.2966,16.4661,19.6778,6988
2016-11-25 02:00:00,57.87,blend,0.5006,69.3303,0.0,58.6839,58.6839,61.3818,77.2967,16.4656,19.6778,6989
2016-11-25 03:00:00,58.03,blend,0.5006,69.3056,0.0,67.5867,67.5867,61.3326,77.2967,16.4646,19.6778,6990
2016-11-25 04:00:00,57.16,blend,0.5006,69.2661,0.0,57.9414,57.9414,61.2536,77.2967,16.4629,19.6778,6991
2016-11-25 05:00:00,67.59,blend,0.5006,69.2044,0.0,52.7855,52.7855,61.1304,77.2967,16.4656,19.6778,6992
2016-11-25 06:00:00,65.38,blend,0.5006,69.1453,0.0,64.557,64.557,61.0124,77.2966,16.4693,19.6778,6993
2016-11-25 07:00:00,70.99,blend,0.5006,69.1397,0.0,60.1366,60.1366,61.0013,77.2966,16.4735,19.6778,6994
2016-11-25 08:00:00,74.31,blend,0.5006,69.1914,0.0,73.2462,73.2462,61.1045,77.2966,16.4773,19.6778,6995
2016-11-25 09:00:00,84.08,blend,0.5006,69.271,0.0,65.4111,65.4111,61.2639,77.2963,16.4805,19.6778,6996
2016-11-25 10:00:00,89.15,blend,0.5006,69.3507,0.0,60.0363,60.0363,61.4231,77.2962,16.4829,19.6778,6997
2016-11-25 11:00:00,94.84,blend,0.5006,69.4198,0.0,60.0448,60.0448,61.5613,77.296,16.4845,19.6778,6998
2016-11-25 12:00:00,96.74,blend,0.5006,69.4652,0.0,67.0807,67.0807,61.6521,77.296,16.4857,19.6778,6999
2016-11-25 13:00:00,98.27,blend,0.5006,69.4931,0.0,62.4906,62.4906,61.7079,77.2959,16.4865,19.6778,7000
2016-11-25 14:00:00,99.44,blend,0.5006,69.5086,0.0,67.7595,67.7595,61.7388,77.2959,16.4871,19.6778,7001
2016-11-25 15:00:00,92.74,blend,0.5006,69.5137,0.0,56.8371,56.8371,61.7492,77.2959,16.4876,19.6778,7002
2016-11-25 16:00:00,86.97,blend,0.5006,69.5115,0.0,54.6517,54.6517,61.7446,77.2959,16.4879,19.6778,7003
2016-11-25 17:00:00,81.77,blend,0.5006,69.4976,0.0,67.3901,67.3901,61.7167,77.2961,16.488,19.6778,7004
2016-11-25 18:00:00,74.03,blend,0.5006,69.4767,0.0,49.6115,49.6115,61.6748,77.2962,16.4879,19.6778,7005
2016-11-25 19:00:00,67.54,blend,0.5006,69.4521,0.0,57.4426,57.4426,61.6256,77.2963,16.4875,19.6778,7006
2016-11-25 20:00:00,64.06,blend,0.5006,69.4264,0.0,63.6562,63.6562,61.574,77.2965,16.4866,19.6778,7007
2016-11-25 21:00:00,64.43,blend,0.5006,69.3997,0.0,63.1811,63.1811,61.5206,77.2966,16.4852,19.6778,7008
2016-11-25 22:00:00,57.58,blend,0.5006,69.376,0.0,61.5033,61.5033,61.4733,77.2966,16.4873,19.6778,7009
2016-11-25 23:00:00,57.11,blend,0.5006,69.3577,0.0,47.7101,47.7101,61.4368,77.2966,16.4902,19.6778,7010
2016-11-26 00:00:00,55.41,blend,0.5006,69.3447,0.0,64.1148,64.1148,61.4108,77.2966,16.4941,19.6778,7011
2016-11-26 01:00:00,55.88,blend,0.5006,69.2778,0.0,49.9238,49.9238,61.2775,77.2963,16.4998,19.6778,7012
2016-11-26 02:00:00,54.88,blend,0.5006,69.2067,0.0,65.1683,65.1683,61.1354,77.2963,16.5081,19.6778,7013
2016-11-26 03:00:00,54.06,blend,0.5006,69.1404,0.0,64.5134,64.5134,61.0029,77.2963,16.5192,19.6778,7014
2016-11-26 04:00:00,54.16,blend,0.5006,69.0757,0.0,62.2266,62.2266,60.8736,77.2963,16.5337,19.6778,7015
2016-11-26 05:00:00,55.29,blend,0.5006,69.0227,0.0,65.5242,65.5242,60.7679,77.2963,16.5518,19.6778,7016
2016-11-26 06:00:00,55.98,blend,0.5006,68.9988,0.0,58.3647,58.3647,60.7201,77.2962,16.5733,19.6778,7017
2016-11-26 07:00:00,55.77,blend,0.5006,68.989,0.0,64.203,64.203,60.7005,77.2962,16.5977,19.6778,7018
2016-11-26 08:00:00,52.86,blend,0.5006,68.9955,0.0,63.9234,63.9234,60.7136,77.2962,16.6244,19.6778,7019
2016-11-26 09:00:00,48.96,blend,0.5006,68.9915,0.0,63.8893,63.8893,60.7058,77.296,16.6539,19.6778,7020
2016-11-26 10:00:00,48.43,blend,0.5006,68.9552,0.0,57.4365,57.4365,60.6333,77.2959,16.6887,19.6778,7021
2016-11-26 11:00:00,49.03,blend,0.5006,68.8993,0.0,55.6617,55.6617,60.5218,77.2959,16.7313,19.6778,7022
2016-11-26 12:00:00,51.46,blend,0.5006,68.8254,0.0,58.3367,58.3367,60.3741,77.2958,16.7843,19.6778,7023
2016-11-26 13:00:00,52.73,blend,0.5006,68.7277,0.0,52.7822,52.7822,60.1789,77.2958,16.8083,19.6778,7024
2016-11-26 14:00:00,52.57,blend,0.5006,68.603,0.0,64.3553,64.3553,59.9299,77.2958,16.8193,19.6778,7025
2016-11-26 15:00:00,52.47,blend,0.5006,68.4075,0.0,60.0595,60.0595,59.5392,77.2958,16.8155,19.6778,7026
2016-11-26 16:00:00,52.48,blend,0.5006,68.1064,0.0,59.2181,59.2181,58.9378,77.2959,16.7954,19.6778,7027
2016-11-26 17:00:00,51.97,blend,0.5006,67.6655,0.0,57.2756,57.2756,58.0568,77.296,16.7643,19.6778,7028
2016-11-26 18:00:00,51.6,blend,0.5006,67.0234,0.0,67.1329,67.1329,56.774,77.2961,16.7191,19.6779,7029
2016-11-26 19:00:00,54.86,blend,0.5006,66.0956,0.0,65.2117,65.2117,54.9204,77.2961,16.6142,19.6779,7030
2016-11-26 20:00:00,56.82,blend,0.5006,65.1055,0.0,57.7812,57.7812,52.9422,77.2963,16.515,19.6779,7031
2016-11-26 21:00:00,56.31,blend,0.5006,64.0305,0.0,54.8049,54.8049,50.7947,77.2963,16.4249,19.6779,7032
2016-11-26 22:00:00,56.04,blend,0.5006,62.9751,0.0,50.2877,50.2877,48.6861,77.2964,16.3454,19.6779,7033
2016-11-26 23:00:00,55.81,blend,0.5006,61.9946,0.0,53.3466,53.3466,46.7273,77.2964,16.2766,19.6779,7034
2016-11-27 00:00:00,55.95,blend,0.5006,61.1687,0.0,42.8918,42.8918,45.0774,77.2964,16.2186,19.6779,7035
2016-11-27 01:00:00,56.23,blend,0.5006,60.6898,0.0,47.3452,47.3452,44.1207,77.2963,16.1697,19.6779,7036
2016-11-27 02:00:00,55.42,blend,0.5006,60.3735,0.0,49.6238,49.6238,43.4889,77.2964,16.1301,19.6779,7037
2016-11-27 03:00:00,55.33,blend,0.5006,60.2634,0.0,37.5309,37.5309,43.2689,77.2964,16.0991,19.6779,7038
2016-11-27 04:00:00,55.32,blend,0.5006,60.3804,0.0,47.4724,47.4724,43.5026,77.2964,16.0765,19.6779,7039
2016-11-27 05:00:00,57.7,blend,0.5006,60.8615,0.0,47.7601,47.7601,44.4637,77.2964,16.0584,19.6779,7040
2016-11-27 06:00:00,57.53,blend,0.5006,61.617,0.0,40.6952,40.6952,45.973,77.2964,16.043,19.6779,7041
2016-11-27 07:00:00,57.48,blend,0.5006,62.579,0.0,56.3929,56.3929,47.8948,77.2964,16.0304,19.6779,7042
2016-11-27 08:00:00,53.88,blend,0.5006,63.6473,0.0,50.3012,50.3012,50.029,77.2963,16.021,19.6779,7043
2016-11-27 09:00:00,50.22,blend,0.5006,64.4468,0.0,57.2362,57.2362,51.6265,77.2962,16.0276,19.6779,7044
2016-11-27 10:00:00,50.51,blend,0.5006,65.0048,0.0,48.0518,48.0518,52.7412,77.2962,16.0317,19.6779,7045
2016-11-27 11:00:00,51.31,blend,0.5006,65.3639,0.0,61.4765,61.4765,53.4586,77.2962,16.0342,19.6779,7046
2016-11-27 12:00:00,51.54,blend,0.5006,65.5565,0.0,52.3109,52.3109,53.8433,77.2962,16.0351,19.6779,7047
2016-11-27 13:00:00,52.22,blend,0.5006,65.5522,0.0,64.7511,64.7511,53.8348,77.2962,16.0342,19.6779,7048
2016-11-27 14:00:00,51.99,blend,0.5006,65.3829,0.0,47.9382,47.9382,53.4965,77.2962,16.0322,19.6779,7049
2016-11-27 15:00:00,52.44,blend,0.5006,65.0096,0.0,55.1852,55.1852,52.7508,77.2962,16.0295,19.6779,7050
2016-11-27 16:00:00,53.68,blend,0.5006,64.4221,0.0,41.7084,41.7084,51.5771,77.2962,16.0334,19.6779,7051
2016-11-27 17:00:00,53.71,blend,0.5006,63.6633,0.0,43.2214,43.2214,50.0612,77.2962,16.0394,19.6779,7052
2016-11-27 18:00:00,55.5,blend,0.5006,62.7568,0.0,55.5208,55.5208,48.2502,77.2963,16.0469,19.6779,7053
2016-11-27 19:00:00,60.16,blend,0.5006,61.7743,0.0,52.3186,52.3186,46.2874,77.2963,16.0559,19.6779,7054
2016-11-27 20:00:00,60.68,blend,0.5006,60.9755,0.0,37.629,37.629,44.6915,77.2963,16.0675,19.6779,7055
2016-11-27 21:00:00,65.14,blend,0.5503,58.6251,0.0,52.4864,52.4864,43.3679,77.2963,16.0798,19.6779,7056
2016-11-27 22:00:00,61.73,blend,0.5503,58.0167,0.0,45.6483,45.6483,42.2625,77.2962,16.0931,19.6779,7057
2016-11-27 23:00:00,62.66,blend,0.5503,57.5804,0.0,36.6268,36.6268,41.4695,77.2963,16.1093,19.6779,7058
2016-11-28 00:00:00,66.43,blend,0.5503,57.2146,0.0,40.2409,40.2409,40.8048,77.2963,16.1284,19.6779,7059
2016-11-28 01:00:00,68.65,blend,0.5503,57.476,0.0,42.3227,42.3227,41.2796,77.2965,16.1498,19.6779,7060
2016-11-28 02:00:00,66.68,blend,0.5503,58.4195,0.0,37.7909,37.7909,42.994,77.2966,16.1729,19.6779,7061
2016-11-28 03:00:00,66.53,blend,0.5503,59.9951,0.0,50.7043,50.7043,45.8571,77.2966,16.1965,19.6779,7062
2016-11-28 04:00:00,61.8,blend,0.5503,62.0424,0.0,53.9864,53.9864,49.5774,77.2966,16.2171,19.6779,7063
2016-11-28 05:00:00,63.74,blend,0.5503,64.1641,0.0,40.9162,40.9162,53.4328,77.2966,16.2327,19.6779,7064
2016-11-28 06:00:00,64.86,blend,0.5503,65.9702,0.0,63.2145,63.2145,56.7148,77.2966,16.2426,19.6779,7065
2016-11-28 07:00:00,80.46,blend,0.5503,67.2437,0.0,56.7077,56.7077,59.0291,77.2966,16.2479,19.6779,7066
2016-11-28 08:00:00,90.36,blend,0.5503,68.0146,0.0,45.1458,45.1458,60.4298,77.2965,16.2503,19.6779,7067
2016-11-28 09:00:00,102.24,blend,0.5503,68.4304,0.0,54.223,54.223,61.1856,77.2963,16.2514,19.6779,7068
2016-11-28 10:00:00,115.46,blend,0.5503,68.6347,0.0,48.6079,48.6079,61.5569,77.2962,16.2518,19.6779,7069
2016-11-28 11:00:00,119.08,blend,0.5503,68.7388,0.0,68.4098,68.4098,61.7462,77.2961,16.252,19.6779,7070
2016-11-28 12:00:00,116.86,blend,0.5503,68.7921,0.0,56.3072,56.3072,61.8431,77.296,16.252,19.6779,7071
2016-11-28 13:00:00,112.14,blend,0.5503,68.8181,0.0,67.5752,67.5752,61.8904,77.296,16.2521,19.6779,7072
2016-11-28 14:00:00,107.1,blend,0.5503,68.8291,0.0,57.3503,57.3503,61.9105,77.296,16.2521,19.6779,7073
2016-11-28 15:00:00,103.9,blend,0.5503,68.8318,0.0,67.4541,67.4541,61.9153,77.296,16.2521,19.6779,7074
2016-11-28 16:00:00,102.53,blend,0.5503,68.8301,0.0,72.2065,72.2065,61.9122,77.296,16.2521,19.6779,7075
2016-11-28 17:00:00,93.22,blend,0.5503,68.8268,0.0,72.4011,72.4011,61.9061,77.296,16.252,19.6779,7076
2016-11-28 18:00:00,87.77,blend,0.5503,68.822,0.0,63.5598,63.5598,61.8974,77.2962,16.252,19.6779,7077
2016-11-28 19:00:00,74.8,blend,0.5503,68.8165,0.0,52.752,52.752,61.8873,77.2963,16.2519,19.6779,7078
2016-11-28 20:00:00,72.12,blend,0.5503,68.8097,0.0,59.0609,59.0609,61.8747,77.2965,16.2519,19.6779,7079
2016-11-28 21:00:00,64.53,blend,0.5503,68.8028,0.0,68.1657,68.1657,61.8621,77.2965,16.2518,19.6779,7080
2016-11-28 22:00:00,61.57,blend,0.5503,68.7969,0.0,62.9868,62.9868,61.8515,77.2965,16.2518,19.6779,7081
2016-11-28 23:00:00,61.52,blend,0.5503,68.7908,0.0,70.6947,70.6947,61.8405,77.2965,16.2518,19.6779,7082
2016-11-29 00:00:00,62.78,blend,0.5503,68.7894,0.0,64.1305,64.1305,61.8378,77.2965,16.2518,19.6779,7083
2016-11-29 01:00:00,61.36,blend,0.5503,68.7953,0.0,67.7318,67.7318,61.8484,77.2966,16.2519,19.6779,7084
2016-11-29 02:00:00,62.0,blend,0.5503,68.8034,0.0,59.5539,59.5539,61.8632,77.2966,16.2519,19.6779,7085
2016-11-29 03:00:00,61.51,blend,0.5503,68.8129,0.0,56.6239,56.6239,61.8805,77.2965,16.2518,19.6779,7086
2016-11-29 04:00:00,60.89,blend,0.5503,68.8223,0.0,67.8465,67.8465,61.8975,77.2966,16.2518,19.6779,7087
2016-11-29 05:00:00,62.74,blend,0.5503,68.8296,0.0,55.429,55.429,61.9109,77.2965,16.2519,19.6779,7088
2016-11-29 06:00:00,65.22,blend,0.5503,68.8376,0.0,62.1665,62.1665,61.9255,77.2964,16.252,19.6779,7089
2016-11-29 07:00:00,76.44,blend,0.5503,68.8447,0.0,65.2982,65.2982,61.9384,77.2964,16.2521,19.6779,7090
2016-11-29 08:00:00,87.94,blend,0.5503,68.851,0.0,60.1234,60.1234,61.9499,77.2964,16.2522,19.6779,7091
2016-11-29 09:00:00,103.91,blend,0.5503,68.8558,0.0,57.9755,57.9755,61.9588,77.2962,16.2523,19.6779,7092
2016-11-29 10:00:00,108.71,blend,0.5503,68.8591,0.0,69.0761,69.0761,61.9649,77.296,16.2524,19.6779,7093
2016-11-29 11:00:00,112.22,blend,0.5503,68.8611,0.0,61.221,61.221,61.9685,77.296,16.2525,19.6779,7094
2016-11-29 12:00:00,110.43,blend,0.5503,68.8606,0.0,74.4129,74.4129,61.9677,77.2959,16.2527,19.6779,7095
2016-11-29 13:00:00,109.96,blend,0.5503,68.8575,0.0,81.8779,81.8779,61.962,77.2959,16.2529,19.6779,7096
2016-11-29 14:00:00,106.42,blend,0.5503,68.8522,0.0,63.353,63.353,61.9524,77.296,16.2531,19.6779,7097
2016-11-29 15:00:00,109.55,blend,0.5503,68.8464,0.0,68.6563,68.6563,61.9419,77.2959,16.2533,19.6779,7098
2016-11-29 16:00:00,98.47,blend,0.5503,68.8388,0.0,65.5402,65.5402,61.9281,77.2959,16.2536,19.6779,7099
2016-11-29 17:00:00,90.04,blend,0.5503,68.8291,0.0,57.2425,57.2425,61.9105,77.296,16.2539,19.6779,7100
2016-11-29 18:00:00,85.75,blend,0.5503,68.8135,0.0,54.8338,54.8338,61.8819,77.2961,16.2543,19.6779,7101
2016-11-29 19:00:00,81.02,blend,0.5503,68.7962,0.0,56.8867,56.8867,61.8505,77.2961,16.2548,19.6779,7102
2016-11-29 20:00:00,77.72,blend,0.5503,68.7735,0.0,61.5409,61.5409,61.8091,77.2963,16.2555,19.6779,7103
2016-11-29 21:00:00,74.07,blend,0.5503,68.7555,0.0,63.1125,63.1125,61.7765,77.2963,16.2563,19.6779,7104
2016-11-29 22:00:00,69.39,blend,0.5503,68.7389,0.0,59.0654,59.0654,61.7463,77.2963,16.2573,19.6779,7105
2016-11-29 23:00:00,66.51,blend,0.5503,68.7229,0.0,54.392,54.392,61.7171,77.2963,16.2584,19.6779,7106
2016-11-30 00:00:00,64.98,blend,0.5503,68.7101,0.0,69.7264,69.7264,61.6939,77.2963,16.2596,19.6779,7107
2016-11-30 01:00:00,64.33,blend,0.5503,68.6988,0.0,53.6435,53.6435,61.6733,77.2964,16.261,19.6779,7108
2016-11-30 02:00:00,63.74,blend,0.5503,68.6951,0.0,61.6656,61.6656,61.6666,77.2963,16.2624,19.6779,7109
2016-11-30 03:00:00,63.91,blend,0.5503,68.6994,0.0,55.4553,55.4553,61.6744,77.2964,16.2638,19.6779,7110
2016-11-30 04:00:00,62.63,blend,0.5503,68.7063,0.0,60.2974,60.2974,61.6869,77.2965,16.2653,19.6779,7111
2016-11-30 05:00:00,72.54,blend,0.5503,68.7174,0.0,47.876,47.876,61.7071,77.2965,16.2667,19.6779,7112
2016-11-30 06:00:00,70.79,blend,0.5503,68.7323,0.0,47.2491,47.2491,61.7341,77.2964,16.268,19.6779,7113
2016-11-30 07:00:00,85.18,blend,0.5503,68.7513,0.0,69.0229,69.0229,61.7687,77.2964,16.2692,19.6779,7114
2016-11-30 08:00:00,94.64,blend,0.5503,68.7675,0.0,54.8337,54.8337,61.7982,77.2963,16.2703,19.6779,7115
2016-11-30 09:00:00,105.9,blend,0.5503,68.7851,0.0,63.9196,63.9196,61.8303,77.296,16.2712,19.6779,7116
2016-11-30 10:00:00,118.73,blend,0.5503,68.7937,0.0,65.5567,65.5567,61.8461,77.2958,16.2721,19.6779,7117
2016-11-30 11:00:00,128.05,blend,0.5503,68.7991,0.0,72.775,72.775,61.8569,77.2947,16.2729,19.6779,7118
2016-11-30 12:00:00,129.47,blend,0.5503,68.802,0.0,45.4219,45.4219,61.8617,77.2953,16.2738,19.6779,7119
2016-11-30 13:00:00,125.96,blend,0.5503,68.802,0.0,58.2833,58.2833,61.8616,77.2954,16.2746,19.6779,7120
2016-11-30 14:00:00,124.88,blend,0.5503,68.7975,0.0,64.9229,64.9229,61.8535,77.2954,16.2754,19.6779,7121
2016-11-30 15:00:00,125.96,blend,0.5503,68.7881,0.0,52.1206,52.1206,61.8363,77.2955,16.2763,19.6779,7122
2016-11-30 16:00:00,116.13,blend,0.5503,68.7757,0.0,52.0621,52.0621,61.8138,77.2954,16.2773,19.6779,7123
2016-11-30 17:00:00,108.08,blend,0.5503,68.756,0.0,63.0365,63.0365,61.7779,77.2955,16.2785,19.6779,7124
2016-11-30 18:00:00,100.25,blend,0.5503,68.7257,0.0,69.7444,69.7444,61.7228,77.2957,16.2799,19.6779,7125
2016-11-30 19:00:00,81.27,blend,0.5503,68.6861,0.0,71.1877,71.1877,61.6506,77.2958,16.2817,19.6779,7126
2016-11-30 20:00:00,78.14,blend,0.5503,68.6286,0.0,67.4911,67.4911,61.546,77.2961,16.284,19.6779,7127
2016-11-30 21:00:00,64.98,blend,0.5503,68.5656,0.0,59.7078,59.7078,61.4314,77.2961,16.2869,19.6779,7128
2016-11-30 22:00:00,62.26,blend,0.5503,68.4984,0.0,59.5383,59.5383,61.3093,77.2962,16.2905,19.6779,7129
2016-11-30 23:00:00,63.0,blend,0.5503,68.4102,0.0,64.0451,64.0451,61.1498,77.2953,16.2949,19.6779,7130
2016-12-01 00:00:00,62.54,blend,0.5503,68.3185,0.0,56.5394,56.5394,60.9827,77.2958,16.3003,19.6779,7131
2016-12-01 01:00:00,63.09,blend,0.5503,68.2687,0.0,61.9417,61.9417,60.892,77.2961,16.287,19.6444,7132
2016-12-01 02:00:00,62.07,blend,0.5503,68.2659,0.0,56.7398,56.7398,60.8868,77.2962,16.2639,19.6131,7133
2016-12-01 03:00:00,61.28,blend,0.5503,68.2845,0.0,73.6315,73.6315,60.9212,77.2956,16.2338,19.5846,7134
2016-12-01 04:00:00,60.7,blend,0.5503,68.3375,0.0,66.9735,66.9735,61.0169,77.2962,16.2043,19.5604,7135
2016-12-01 05:00:00,70.25,blend,0.5503,68.4229,0.0,74.2312,74.2312,61.1719,77.2964,16.2345,19.4869,7136
2016-12-01 06:00:00,68.15,blend,0.5503,68.5177,0.0,68.0121,68.0121,61.3443,77.2963,16.2516,19.4264,7137
2016-12-01 07:00:00,80.48,blend,0.5503,68.6154,0.0,64.8828,64.8828,61.5218,77.2962,16.3406,19.3302,7138
2016-12-01 08:00:00,91.31,blend,0.5503,68.6847,0.0,50.2904,50.2904,61.6478,77.2962,16.4753,19.2804,7139
2016-12-01 09:00:00,103.27,blend,0.5503,68.735,0.0,61.5222,61.5222,61.7393,77.2961,16.6572,19.2784,7140
2016-12-01 10:00:00,111.02,blend,0.5503,68.7697,0.0,73.2507,73.2507,61.8025,77.2959,16.8831,19.3207,7141
2016-12-01 11:00:00,112.59,blend,0.5503,68.7945,0.0,63.7157,63.7157,61.8476,77.2958,17.1249,19.3793,7142
2016-12-01 12:00:00,121.2,blend,0.5503,68.8094,0.0,61.8732,61.8732,61.8746,77.2959,17.4185,19.4896,7143
2016-12-01 13:00:00,120.64,blend,0.5503,68.8153,0.0,67.521,67.521,61.8854,77.2959,17.7135,19.6015,7144
2016-12-01 14:00:00,116.57,blend,0.5503,68.8178,0.0,58.9887,58.9887,61.8899,77.296,17.9837,19.6883,7145
2016-12-01 15:00:00,121.01,blend,0.5503,68.8165,0.0,66.2457,66.2457,61.8874,77.296,18.2823,19.8035,7146
2016-12-01 16:00:00,112.84,blend,0.5503,68.811,0.0,54.0549,54.0549,61.8774,77.2961,18.5406,19.878,7147
2016-12-01 17:00:00,108.59,blend,0.5503,68.8045,0.0,66.4267,66.4267,61.8655,77.2962,18.7746,19.9281,7148
2016-12-01 18:00:00,98.48,blend,0.5503,68.7952,0.0,45.005,45.005,61.8486,77.2962,18.9573,19.9263,7149
2016-12-01 19:00:00,85.69,blend,0.5503,68.7847,0.0,42.4818,42.4818,61.8295,77.2963,19.0985,19.8825,7150
2016-12-01 20:00:00,79.34,blend,0.5503,68.771,0.0,53.8306,53.8306,61.8043,77.2965,19.2011,19.7997,7151
2016-12-01 21:00:00,68.41,blend,0.5503,68.7587,0.0,58.8898,58.8898,61.782,77.2966,19.2124,19.7871,7152
2016-12-01 22:00:00,60.93,blend,0.5503,68.7475,0.0,58.2863,58.2863,61.7616,77.2966,19.2103,19.7977,7153
2016-12-01 23:00:00,60.03,blend,0.5503,68.7415,0.0,68.7891,68.7891,61.7506,77.2967,19.2075,19.8195,7154
2016-12-02 00:00:00,59.7,blend,0.5503,68.742,0.0,57.3055,57.3055,61.7515,77.2967,19.1843,19.8653,7155
2016-12-02 01:00:00,59.93,blend,0.5503,68.7427,0.0,68.5272,68.5272,61.7528,77.2966,19.1863,19.8653,7156
2016-12-02 02:00:00,57.87,blend,0.5503,68.7494,0.0,64.0387,64.0387,61.765,77.2967,19.1886,19.8653,7157
2016-12-02 03:00:00,58.03,blend,0.5503,68.7618,0.0,68.7409,68.7409,61.7875,77.2966,19.1913,19.8653,7158
2016-12-02 04:00:00,57.16,blend,0.5503,68.7758,0.0,67.1931,67.1931,61.8129,77.2966,19.1947,19.8653,7159
2016-12-02 05:00:00,67.59,blend,0.5503,68.7906,0.0,68.5694,68.5694,61.84,77.2966,19.1904,19.8653,7160
2016-12-02 06:00:00,65.38,blend,0.5503,68.8068,0.0,56.0311,56.0311,61.8693,77.2965,19.1853,19.8653,7161
2016-12-02 07:00:00,70.99,blend,0.5503,68.8229,0.0,53.9795,53.9795,61.8986,77.2965,19.18,19.8653,7162
2016-12-02 08:00:00,74.31,blend,0.5503,68.834,0.0,62.2659,62.2659,61.9188,77.2965,19.1751,19.8653,7163
2016-12-02 09:00:00,84.08,blend,0.5503,68.8425,0.0,62.0596,62.0596,61.9346,77.2963,19.1712,19.8653,7164
2016-12-02 10:00:00,89.15,blend,0.5503,68.8469,0.0,58.1146,58.1146,61.9427,77.2961,19.1681,19.8653,7165
2016-12-02 11:00:00,94.84,blend,0.5503,68.8489,0.0,51.1941,51.1941,61.9464,77.296,19.1658,19.8653,7166
2016-12-02 12:00:00,96.74,blend,0.5503,68.8489,0.0,54.5831,54.5831,61.9464,77.2958,19.164,19.8653,7167
2016-12-02 13:00:00,98.27,blend,0.5503,68.8475,0.0,53.677,53.677,61.9441,77.2958,19.1626,19.8653,7168
2016-12-02 14:00:00,99.44,blend,0.5503,68.8437,0.0,55.72,55.72,61.9371,77.2958,19.1614,19.8653,7169
2016-12-02 15:00:00,92.74,blend,0.5503,68.8376,0.0,66.2487,66.2487,61.9259,77.2958,19.1604,19.8653,7170
2016-12-02 16:00:00,86.97,blend,0.5503,68.8289,0.0,68.2496,68.2496,61.9102,77.2958,19.1594,19.8653,7171
2016-12-02 17:00:00,81.77,blend,0.5503,68.8173,0.0,65.9533,65.9533,61.8888,77.2961,19.1584,19.8653,7172
2016-12-02 18:00:00,74.03,blend,0.5503,68.801,0.0,65.1649,65.1649,61.8592,77.2962,19.1573,19.8653,7173
2016-12-02 19:00:00,67.54,blend,0.5503,68.7833,0.0,55.2509,55.2509,61.8268,77.2964,19.1561,19.8653,7174
2016-12-02 20:00:00,64.06,blend,0.5503,68.7658,0.0,60.0595,60.0595,61.7948,77.2967,19.1548,19.8653,7175
2016-12-02 21:00:00,64.43,blend,0.5503,68.7504,0.0,52.6222,52.6222,61.7668,77.2967,19.1533,19.8653,7176
2016-12-02 22:00:00,57.58,blend,0.5503,68.738,0.0,54.5609,54.5609,61.7442,77.2968,19.1549,19.8653,7177
2016-12-02 23:00:00,57.11,blend,0.5503,68.7307,0.0,56.3195,56.3195,61.7308,77.2968,19.1567,19.8653,7178
2016-12-03 00:00:00,55.41,blend,0.5503,68.7261,0.0,56.4376,56.4376,61.7225,77.2968,19.1585,19.8653,7179
2016-12-03 01:00:00,55.88,blend,0.5503,68.6988,0.0,73.3332,73.3332,61.6732,77.2966,19.1609,19.8653,7180
2016-12-03 02:00:00,54.88,blend,0.5503,68.6809,0.0,60.7298,60.7298,61.6406,77.2965,19.1639,19.8653,7181
2016-12-03 03:00:00,54.06,blend,0.5503,68.6716,0.0,62.3133,62.3133,61.6238,77.2965,19.1676,19.8653,7182
2016-12-03 04:00:00,54.16,blend,0.5503,68.6672,0.0,44.6132,44.6132,61.6157,77.2965,19.172,19.8653,7183
2016-12-03 05:00:00,55.29,blend,0.5503,68.6678,0.0,60.1154,60.1154,61.6167,77.2965,19.177,19.8653,7184
2016-12-03 06:00:00,55.98,blend,0.5503,68.6694,0.0,64.8489,64.8489,61.6199,77.2964,19.1824,19.8653,7185
2016-12-03 07:00:00,55.77,blend,0.5503,68.6673,0.0,52.9459,52.9459,61.6161,77.2964,19.1878,19.8653,7186
2016-12-03 08:00:00,52.86,blend,0.5503,68.6636,0.0,60.0277,60.0277,61.6093,77.2963,19.1932,19.8653,7187
2016-12-03 09:00:00,48.96,blend,0.5503,68.6526,0.0,73.0179,73.0179,61.5895,77.2961,19.1984,19.8653,7188
2016-12-03 10:00:00,48.43,blend,0.5503,68.6256,0.0,66.8589,66.8589,61.5406,77.296,19.2038,19.8653,7189
2016-12-03 11:00:00,49.03,blend,0.5503,68.5835,0.0,53.8749,53.8749,61.4641,77.2959,19.2095,19.8653,7190
2016-12-03 12:00:00,51.46,blend,0.5503,68.5294,0.0,62.7214,62.7214,61.366,77.2957,19.2154,19.8653,7191
2016-12-03 13:00:00,52.73,blend,0.5503,68.459,0.0,67.7166,67.7166,61.2381,77.2957,19.2217,19.8653,7192
2016-12-03 14:00:00,52.57,blend,0.5503,68.3714,0.0,61.9909,61.9909,61.0789,77.2958,19.2285,19.8653,7193
2016-12-03 15:00:00,52.47,blend,0.5503,68.2408,0.0,63.5037,63.5037,60.8414,77.2958,19.2363,19.8653,7194
2016-12-03 16:00:00,52.48,blend,0.5503,68.05,0.0,63.0342,63.0342,60.4947,77.2959,19.2455,19.8653,7195
2016-12-03 17:00:00,51.97,blend,0.5503,67.7764,0.0,69.5818,69.5818,59.9975,77.296,19.2571,19.8653,7196
2016-12-03 18:00:00,51.6,blend,0.5503,67.3539,0.0,54.8069,54.8069,59.2295,77.2961,19.2717,19.8653,7197
2016-12-03 19:00:00,54.86,blend,0.5503,66.7188,0.0,58.6207,58.6207,58.0754,77.2962,19.2905,19.8653,7198
2016-12-03 20:00:00,56.82,blend,0.5503,65.89,0.0,65.0992,65.0992,56.5691,77.2965,19.2689,19.8653,7199
2016-12-03 21:00:00,56.31,blend,0.5503,64.8606,0.0,66.9447,66.9447,54.6986,77.2966,19.2456,19.8653,7200
2016-12-03 22:00:00,56.04,blend,0.5503,63.7051,0.0,44.0112,44.0112,52.5988,77.2966,19.2224,19.8653,7201
2016-12-03 23:00:00,55.81,blend,0.5503,62.427,0.0,42.4905,42.4905,50.2763,77.2967,19.2012,19.8653,7202
2016-12-04 00:00:00,55.95,blend,0.5503,61.2295,0.0,54.2133,54.2133,48.1002,77.2967,19.1832,19.8653,7203
2016-12-04 01:00:00,56.23,blend,0.5503,60.5645,0.0,44.9667,44.9667,46.8919,77.2966,19.1667,19.8653,7204
2016-12-04 02:00:00,55.42,blend,0.5503,60.1239,0.0,53.7064,53.7064,46.0913,77.2966,19.1512,19.8653,7205
2016-12-04 03:00:00,55.33,blend,0.5503,59.9672,0.0,42.393,42.393,45.8065,77.2966,19.1361,19.8653,7206
2016-12-04 04:00:00,55.32,blend,0.5503,60.1647,0.0,50.3402,50.3402,46.1654,77.2966,19.1203,19.8653,7207
2016-12-04 05:00:00,57.7,blend,0.5503,60.7349,0.0,47.1413,47.1413,47.2016,77.2966,19.104,19.8653,7208
2016-12-04 06:00:00,57.53,blend,0.5503,61.6579,0.0,46.0671,46.0671,48.8787,77.2966,19.0867,19.8653,7209
2016-12-04 07:00:00,57.48,blend,0.5503,62.8668,0.0,43.815,43.815,51.0756,77.2966,19.0678,19.8653,7210
2016-12-04 08:00:00,53.88,blend,0.5503,64.1591,0.0,56.4193,56.4193,53.4239,77.2966,19.0476,19.8653,7211
2016-12-04 09:00:00,50.22,blend,0.5503,65.1268,0.0,70.4309,70.4309,55.1823,77.2964,19.0687,19.8653,7212
2016-12-04 10:00:00,50.51,blend,0.5503,65.8057,0.0,53.8275,53.8275,56.4162,77.2963,19.0906,19.8653,7213
2016-12-04 11:00:00,51.31,blend,0.5503,66.2337,0.0,61.2946,61.2946,57.1938,77.2963,19.1128,19.8653,7214
2016-12-04 12:00:00,51.54,blend,0.5503,66.4906,0.0,55.5259,55.5259,57.6607,77.2963,19.1356,19.8653,7215
2016-12-04 13:00:00,52.22,blend,0.5503,66.5836,0.0,62.3015,62.3015,57.8298,77.2962,19.1593,19.8653,7216
2016-12-04 14:00:00,51.99,blend,0.5503,66.5105,0.0,60.1945,60.1945,57.697,77.2962,19.1843,19.8653,7217
2016-12-04 15:00:00,52.44,blend,0.5503,66.2644,0.0,60.714,60.714,57.2498,77.2962,19.2111,19.8653,7218
2016-12-04 16:00:00,53.68,blend,0.5503,65.849,0.0,49.3141,49.3141,56.4948,77.2962,19.2154,19.8653,7219
2016-12-04 17:00:00,53.71,blend,0.5503,65.2352,0.0,60.7292,60.7292,55.3795,77.2963,19.2036,19.8653,7220
2016-12-04 18:00:00,55.5,blend,0.5503,64.4581,0.0,59.9838,59.9838,53.9673,77.2964,19.1695,19.8653,7221
2016-12-04 19:00:00,60.16,blend,0.5503,63.5096,0.0,49.9262,49.9262,52.2437,77.2964,19.1341,19.8653,7222
2016-12-04 20:00:00,60.68,blend,0.5503,62.77,0.0,49.9461,49.9461,50.8996,77.2965,19.0971,19.8653,7223
2016-12-04 21:00:00,65.14,blend,0.5104,63.2204,0.0,54.8541,54.8541,49.7153,77.2965,19.0594,19.8653,7224
2016-12-04 22:00:00,61.73,blend,0.5104,62.6794,0.0,52.3551,52.3551,48.6553,77.2965,19.0213,19.8653,7225
2016-12-04 23:00:00,62.66,blend,0.5104,62.2285,0.0,45.4182,45.4182,47.7717,77.2965,18.9838,19.8653,7226
2016-12-05 00:00:00,66.43,blend,0.5104,61.8974,0.0,47.2271,47.2271,47.123,77.2965,18.9462,19.8653,7227
2016-12-05 01:00:00,68.65,blend,0.5104,62.2038,0.0,40.5884,40.5884,47.7233,77.2966,18.9078,19.8653,7228
2016-12-05 02:00:00,66.68,blend,0.5104,63.0274,0.0,50.2388,50.2388,49.3371,77.2966,18.8701,19.8653,7229
2016-12-05 03:00:00,66.53,blend,0.5104,64.288,0.0,64.069,64.069,51.8072,77.2966,18.8347,19.8653,7230
2016-12-05 04:00:00,61.8,blend,0.5104,65.6094,0.0,53.8268,53.8268,54.3965,77.2965,18.806,19.8653,7231
2016-12-05 05:00:00,63.74,blend,0.5104,66.8872,0.0,67.1533,67.1533,56.9001,77.2966,18.7853,19.8653,7232
2016-12-05 06:00:00,64.86,blend,0.5104,67.8915,0.0,59.0662,59.0662,58.868,77.2966,18.7725,19.8653,7233
2016-12-05 07:00:00,80.46,blend,0.5104,68.5562,0.0,66.3831,66.3831,60.1704,77.2966,18.7657,19.8653,7234
2016-12-05 08:00:00,90.36,blend,0.5104,68.9625,0.0,54.4488,54.4488,60.9666,77.2965,18.7625,19.8653,7235
2016-12-05 09:00:00,102.24,blend,0.5104,69.1939,0.0,59.9727,59.9727,61.4203,77.2963,18.7611,19.8653,7236
2016-12-05 10:00:00,115.46,blend,0.5104,69.3196,0.0,60.4379,60.4379,61.6667,77.2962,18.7605,19.8653,7237
2016-12-05 11:00:00,119.08,blend,0.5104,69.3902,0.0,66.8881,66.8881,61.8051,77.296,18.7601,19.8653,7238
2016-12-05 12:00:00,116.86,blend,0.5104,69.4276,0.0,66.9389,66.9389,61.8785,77.2959,18.7599,19.8653,7239
2016-12-05 13:00:00,112.14,blend,0.5104,69.4436,0.0,54.7281,54.7281,61.91,77.2958,18.7598,19.8653,7240
2016-12-05 14:00:00,107.1,blend,0.5104,69.4488,0.0,62.2418,62.2418,61.92,77.2959,18.7597,19.8653,7241
2016-12-05 15:00:00,103.9,blend,0.5104,69.449,0.0,53.4135,53.4135,61.9204,77.296,18.7597,19.8653,7242
2016-12-05 16:00:00,102.53,blend,0.5104,69.4467,0.0,68.699,68.699,61.9158,77.2961,18.7597,19.8653,7243
2016-12-05 17:00:00,93.22,blend,0.5104,69.4428,0.0,57.8176,57.8176,61.9081,77.2961,18.7597,19.8653,7244
2016-12-05 18:00:00,87.77,blend,0.5104,69.4378,0.0,69.6642,69.6642,61.8981,77.2963,18.7597,19.8653,7245
2016-12-05 19:00:00,74.8,blend,0.5104,69.4328,0.0,64.7393,64.7393,61.8883,77.2964,18.7597,19.8653,7246
2016-12-05 20:00:00,72.12,blend,0.5104,69.427,0.0,61.0388,61.0388,61.8766,77.2966,18.7597,19.8653,7247
2016-12-05 21:00:00,64.53,blend,0.5104,69.4215,0.0,72.7744,72.7744,61.8658,77.2966,18.7596,19.8653,7248
2016-12-05 22:00:00,61.57,blend,0.5104,69.4173,0.0,63.71,63.71,61.8576,77.2966,18.7597,19.8653,7249
2016-12-05 23:00:00,61.52,blend,0.5104,69.414,0.0,63.431,63.431,61.8512,77.2967,18.7597,19.8653,7250
2016-12-06 00:00:00,62.78,blend,0.5104,69.4147,0.0,56.3188,56.3188,61.8525,77.2967,18.7596,19.8654,7251
2016-12-06 01:00:00,61.36,blend,0.5104,69.4212,0.0,63.3598,63.3598,61.8652,77.2968,18.7597,19.8654,7252
2016-12-06 02:00:00,62.0,blend,0.5104,69.4299,0.0,70.1899,70.1899,61.8822,77.2968,18.7596,19.8654,7253
2016-12-06 03:00:00,61.51,blend,0.5104,69.438,0.0,48.9583,48.9583,61.898,77.2968,18.7597,19.8654,7254
2016-12-06 04:00:00,60.89,blend,0.5104,69.4468,0.0,51.408,51.408,61.9153,77.2968,18.7598,19.8654,7255
2016-12-06 05:00:00,62.74,blend,0.5104,69.454,0.0,60.6649,60.6649,61.9294,77.2968,18.7597,19.8654,7256
2016-12-06 06:00:00,65.22,blend,0.5104,69.4612,0.0,59.9783,59.9783,61.9435,77.2968,18.7596,19.8654,7257
2016-12-06 07:00:00,76.44,blend,0.5104,69.4675,0.0,59.5449,59.5449,61.9559,77.2968,18.7595,19.8654,7258
2016-12-06 08:00:00,87.94,blend,0.5104,69.4733,0.0,76.8292,76.8292,61.9672,77.2967,18.7594,19.8654,7259
2016-12-06 09:00:00,103.91,blend,0.5104,69.4792,0.0,58.1694,58.1694,61.979,77.2966,18.7593,19.8654,7260
2016-12-06 10:00:00,108.71,blend,0.5104,69.483,0.0,68.7695,68.7695,61.9866,77.2965,18.7592,19.8654,7261
2016-12-06 11:00:00,112.22,blend,0.5104,69.4859,0.0,47.8088,47.8088,61.9922,77.2964,18.759,19.8654,7262
2016-12-06 12:00:00,110.43,blend,0.5104,69.4863,0.0,64.8165,64.8165,61.9931,77.2964,18.7589,19.8653,7263
2016-12-06 13:00:00,109.96,blend,0.5104,69.4854,0.0,69.3137,69.3137,61.9913,77.2963,18.7587,19.8653,7264
2016-12-06 14:00:00,106.42,blend,0.5104,69.4832,0.0,52.3986,52.3986,61.9871,77.2963,18.7585,19.8653,7265
2016-12-06 15:00:00,109.55,blend,0.5104,69.4782,0.0,60.8375,60.8375,61.9776,77.2959,18.7583,19.8653,7266
2016-12-06 16:00:00,98.47,blend,0.5104,69.471,0.0,53.4862,53.4862,61.9641,77.2953,18.7581,19.8653,7267
2016-12-06 17:00:00,90.04,blend,0.5104,69.4624,0.0,63.1746,63.1746,61.9464,77.2962,18.7579,19.8653,7268
2016-12-06 18:00:00,85.75,blend,0.5104,69.4509,0.0,66.4027,66.4027,61.9245,77.2956,18.7576,19.8654,7269
2016-12-06 19:00:00,81.02,blend,0.5104,69.4373,0.0,63.2641,63.2641,61.8975,77.296,18.7573,19.8654,7270
2016-12-06 20:00:00,77.72,blend,0.5104,69.425,0.0,66.2432,66.2432,61.8729,77.2964,18.7569,19.8654,7271
2016-12-06 21:00:00,74.07,blend,0.5104,69.4169,0.0,55.8049,55.8049,61.857,77.2965,18.7565,19.8654,7272
2016-12-06 22:00:00,69.39,blend,0.5104,69.4105,0.0,57.5953,57.5953,61.8444,77.2965,18.7559,19.8654,7273
2016-12-06 23:00:00,66.51,blend,0.5104,69.4066,0.0,76.1106,76.1106,61.8368,77.2966,18.7552,19.8654,7274
2016-12-07 00:00:00,64.98,blend,0.5104,69.4057,0.0,59.408,59.408,61.8349,77.2966,18.7543,19.8654,7275
2016-12-07 01:00:00,64.98,blend,0.5104,69.4066,0.0,65.8001,65.8001,61.8367,77.2967,18.7572,19.8615,7276
2016-12-07 02:00:00,64.98,blend,0.5104,69.3144,0.0,63.759,63.759,61.6894,77.2619,18.7645,19.8539,7277
2016-12-07 03:00:00,64.98,blend,0.5104,69.148,0.0,63.0738,63.0738,61.434,77.1883,18.7723,19.8469,7278
